email,name,borough,area,categories,website,other_emails,email_source,source,locations,phone,address,postcode,osm_url
info@deroya.co.uk,De Roya lounge grill & bar,Barking and Dagenham,Barking,Restaurant,https://www.deroya.co.uk/,,venue website,openstreetmap,1,,2 North Street,IG11 8ET,https://www.openstreetmap.org/node/12736387201
feedback@favorite.co.uk,Favorite Chicken & Ribs,Barking and Dagenham,Barking,Takeaway,https://favorite.co.uk/store-finder/favorite-chicken-ribs-barking.html,,venue website,openstreetmap,17,,Upney Lane,,https://www.openstreetmap.org/node/10695526031
info@thelightermanbarking.co.uk,The Lighterman,Barking and Dagenham,Thames View,Pub,https://www.thelightermanbarking.co.uk,,openstreetmap,openstreetmap,1,+44 20 3802 4864,109 Bastable Avenue,IG11 0NX,https://www.openstreetmap.org/way/676769826
bellamianorthfinchley@gmail.com,Bella Mia,Barnet,North Finchley,Italian,https://www.bellamianorthfinchley.co.uk,,venue website,openstreetmap,1,+44 20 8445 6008,857 High Road,N12 8PT,https://www.openstreetmap.org/node/11300073110
contact@cafegenic.co.uk,CaféGenic,Barnet,Hendon,Cafe,https://www.cafegenic.co.uk/,,openstreetmap,openstreetmap,1,+44 20 8202 2260,6 Central Circus,NW4 3JS,https://www.openstreetmap.org/node/11486615270
goldersgreen@eggfreecake.co.uk,Cake Box,Barnet,Golders Green,Bakery,https://www.cakebox.com/storelocator/golders-green/,,openstreetmap,openstreetmap,1,+44 20 3026 0050,10 North End Road,NW11 7PH,https://www.openstreetmap.org/node/6101529649
info@claddagh-ring.co.uk,Claddagh Ring,Barnet,Hendon,Pub,https://www.claddagh-ring.co.uk/,,openstreetmap,openstreetmap,1,+44 20 8203 2600,,,https://www.openstreetmap.org/node/250080603
northfinchley@creamscafe.com,Creams,Barnet,North Finchley,Ice cream,https://www.creamscafe.com/our-stores/north-finchley/,,venue website,openstreetmap,1,,778 High Road,N12 9QR,https://www.openstreetmap.org/node/10207444399
info@deman.co.uk,Deman,Barnet,New Barnet,Takeaway,https://deman.co.uk/,,venue website,openstreetmap,1,,23 Great North Road,,https://www.openstreetmap.org/way/594078753
elephantinn@fullers.co.uk,Elephant Inn,Barnet,North Finchley,Pub,https://www.elephantinnfinchley.co.uk/,,openstreetmap,openstreetmap,1,+44 20 8343 6110,283 Ballards Lane,N12 8NR,https://www.openstreetmap.org/node/448921712
'eli@elispizza.co.uk,Eli's Pizza,Barnet,Edgware,Pizza,https://www.elispizza.co.uk,eli@elispizza.co.uk,venue website,openstreetmap,1,+44 20 3761 5151,7 Edgwarebury Lane,,https://www.openstreetmap.org/node/11328259293
freshfryltd@gmail.com,Fresh Fry Fish & Chips,Barnet,"Barnet (also Chipping Barnet, High Barnet)",Seafood,https://www.freshfrybarnet.co.uk/,,venue website,openstreetmap,1,,1-2 Great North Road,,https://www.openstreetmap.org/way/1506413107
info@godalondon.co.uk,Goda London,Barnet,Church End,BBQ,https://www.godalondon.co.uk/,,openstreetmap,openstreetmap,1,+44 20 8244 2244,144 Ballards Lane,N3 2PA,https://www.openstreetmap.org/node/12638554901
finchley@gokyuzurestaurant.co.uk,Gökyüzü,Barnet,North Finchley,Restaurant,https://gokyuzurestaurant.co.uk/finchley/,,venue website,openstreetmap,1,,1 Leisure Way,N12 0QZ,https://www.openstreetmap.org/way/187826901
info@harmony-n10.com,Harmony,Barnet,Colney Hatch,Cafe,https://www.harmony-n10.com,,venue website,openstreetmap,1,,125 Colney Hatch Lane,N10 1HD,https://www.openstreetmap.org/node/8094817705
info@hotcut.co.uk,Hot Cut,Barnet,Golders Green,Deli,https://www.hotcut.co.uk/,,openstreetmap,openstreetmap,1,+44 20 8191 9218,98 Golders Green Road,NW11 8HB,https://www.openstreetmap.org/node/12638517001
mail@ilmascalzone.com,Il Mascalzone,Barnet,Edgware,Italian,https://www.mascalzonerestaurant.com/,,openstreetmap,openstreetmap,1,+44 20 8951 5533,120,HA8 7AA,https://www.openstreetmap.org/node/5224761621
ilpiccolovillaggiolondon@gmail.com,Il Piccolo Villaggio,Barnet,East Finchley,Italian,https://www.ilpiccolovillaggio.co.uk/,marina@ilpiccolovillaggio.co.uk,venue website,openstreetmap,1,,Church Lane,N2 8DR,https://www.openstreetmap.org/node/2611579641
hello@istanbulfinchley.co.uk,Istanbul,Barnet,North Finchley,Restaurant,https://online.istanbulfinchley.co.uk,,venue website,openstreetmap,1,,880 High Road,N12 9RH,https://www.openstreetmap.org/node/5425602678
izgara@hotmail.co.uk,Izgara,Barnet,Whetstone,Restaurant,https://izgararestaurant.com/,,venue website,openstreetmap,1,+44 20 8445 2196,1274 High Road,N20 9HH,https://www.openstreetmap.org/node/310897070
info@izgararestaurant.co.uk,Izgara,Barnet,Edgware,Restaurant,https://www.izgararestaurant.co.uk/,,openstreetmap,openstreetmap,1,+44 20 8951 4460,165-167 Station Road,HA8 7JU,https://www.openstreetmap.org/node/12638548101
jun88dad@gmail.com,Koi,Barnet,"Hale, The",Asian; Chinese; Japanese,https://www.koimillhill.london/,,venue website,openstreetmap,1,+44 20 8959 0022,23 The Broadway,NW7 3DA,https://www.openstreetmap.org/node/3589369293
hi@lemontreegreekfoods.co.uk,Lemon Tree,Barnet,New Barnet,Greek,https://lemontreegreekfoods.co.uk/,,venue website,openstreetmap,1,,1 Great North Road,,https://www.openstreetmap.org/way/594761504
contact@maltandhopslondon.co.uk,Malt and Hops,Barnet,Woodside Park,Pub,https://www.maltandhopslondon.co.uk,,venue website,openstreetmap,1,+44 20 3011 1317,891 High Road,N12 8QA,https://www.openstreetmap.org/way/490082508
info@mamafifi.com,Mama Fifi,Barnet,"Barnet (also Chipping Barnet, High Barnet)",Italian,https://www.mamafifi.com/,,openstreetmap,openstreetmap,1,+44 20 8191 1222,111 High Street,EN5 5XY,https://www.openstreetmap.org/node/8710512532
contact@matthewskitchen.london,Matthew's Kitchen Seafood & Grill,Barnet,Whetstone,Seafood,https://matthewskitchen.london/,,venue website,openstreetmap,1,+44 20 3609 3336,1288 High Road,N20 9HJ,https://www.openstreetmap.org/node/5419174368
mulakatn10@gmail.com,Mulakat,Barnet,Colney Hatch,Indian,https://www.mulakat.co.uk,,venue website,openstreetmap,1,+44 20 4618 3001,148 Colney Hatch Lane,N10 1ER,https://www.openstreetmap.org/node/9448291001
info@nipponizakaya.co.uk,Nippon Izakaya,Barnet,North Finchley,Asian; Japanese; Sushi,https://www.nipponizakaya.co.uk/,,venue website,openstreetmap,1,,843 High Road,N12 8PT,https://www.openstreetmap.org/node/2341125358
info@noshers.co.uk,Noshers,Barnet,Whetstone,Deli,https://www.noshers.co.uk/,,venue website,openstreetmap,1,,40 Totteridge Lane,N20 9QJ,https://www.openstreetmap.org/way/161746346
hello@pita.london,Pita,Barnet,Golders Green,Restaurant,https://pita.london/,,venue website,openstreetmap,1,,102 Golders Green Road,NW11 8HB,https://www.openstreetmap.org/node/12638498101
info@pizzaamoreonline.co.uk,Pizza Amore,Barnet,North Finchley,Pizza,https://www.pizzaamoreonline.co.uk,,venue website,openstreetmap,1,+44 20 8446 4999,2 Woodhouse Road,N12 0RG,https://www.openstreetmap.org/node/10678926612
stonegatepress@stonegategroup.co.uk,Prince of Wales,Barnet,East Barnet,Pub,https://www.greatukpubs.co.uk/prince-of-wales-east-barnet,,venue website,openstreetmap,21,,2 Church Hill Road,EN4 8TB,https://www.openstreetmap.org/way/157956284
enquiries@dafrancorestaurant.co.uk,Ristorante Franco,Barnet,Friern Barnet,Italian,https://www.dafrancorestaurant.co.uk,,venue website,openstreetmap,1,+44 20 8368 6224,Friern Barnet Road,N11 3DA,https://www.openstreetmap.org/node/4296612959
info@napbarnet.co.uk,Savoro,Barnet,"Barnet (also Chipping Barnet, High Barnet)",Restaurant,https://savoro.co.uk,,venue website,openstreetmap,1,+44 20 8449 9888,206 High Street,EN5 5SZ,https://www.openstreetmap.org/way/146902827
info@senatorlounge.co.uk,Senator Lounge,Barnet,Hendon,Restaurant,https://senatorlounge.co.uk/,,venue website,openstreetmap,1,,11 Bell Lane,NW4 2BP,https://www.openstreetmap.org/node/8980885650
info@shahabbasrestaurant.uk,Shah Abbas,Barnet,North Finchley,Restaurant,https://www.shahabbasrestaurant.uk/northfinchley,,venue website,openstreetmap,1,,,,https://www.openstreetmap.org/node/10213894378
ali@soyo.co.uk,Soyo Edgware,Barnet,Edgware,Breakfast,https://soyo.co.uk/,,openstreetmap,openstreetmap,1,+44 20 8958 8181,307 Hale Lane,HA8 7AX,https://www.openstreetmap.org/node/10935101747
goldersgreen@orders.sushimania.co.uk,Sushimania,Barnet,Golders Green,Asian; Japanese; Sushi,https://sushimania.co.uk/location/golders-green/,gg.sushimania@gmail.com,openstreetmap,openstreetmap,1,+442084551338,130 Golders Green Road,,https://www.openstreetmap.org/node/4668657495
finchley@orders.sushimania.co.uk,Sushimania,Barnet,North Finchley,Asian; Japanese; Sushi,https://sushimania.co.uk/location/finchley/,finchley.sushimania@gmail.com,openstreetmap,openstreetmap,1,+442084458282,650 High Road,N12 0NL,https://www.openstreetmap.org/node/10678907302
edg.sushimania@gmail.com,Sushimania,Barnet,Edgware,Asian; Japanese; Sushi,https://sushimania.co.uk/location/edgware/,,venue website,openstreetmap,1,+442089580222,210 Station Road,HA8 7AR,https://www.openstreetmap.org/node/12181721459
whet.sushimania@gmail.com,Sushimania,Barnet,Whetstone,Asian; Japanese; Sushi,https://sushimania.co.uk/location/whetstone/,,venue website,openstreetmap,1,,1257 High Road,N20 0EW,https://www.openstreetmap.org/way/161642833
events@urbanpubsandbars.com,The Bald Faced Stag,Barnet,East Finchley,Pub,https://www.thebaldfacedstagn2.co.uk/,,venue website,openstreetmap,4,,69 High Road,N2 8AB,https://www.openstreetmap.org/way/187242347
info@thebohemia.co.uk,The Bohemia,Barnet,North Finchley,Pub,https://www.thebohemia.co.uk/,,venue website,openstreetmap,1,,762 High Road,N12 9QH,https://www.openstreetmap.org/node/2341125350
events@theenginerooms.co.uk,The Engine Room,Barnet,East Finchley,Restaurant,https://theenginerooms.co.uk/,,venue website,openstreetmap,1,,82-92 Great North Road,N2 0NL,https://www.openstreetmap.org/node/9108391641
hello@griffinwhetstone.pub,The Griffin,Barnet,Whetstone,Pub,https://www.griffinwhetstone.pub/,,openstreetmap,openstreetmap,1,+44 20 8445 1110,1262 High Road,N20 9HH,https://www.openstreetmap.org/way/156501798
reservations.anchor.hullbridge@mcmullens.co.uk,The King's Head,Barnet,"Barnet (also Chipping Barnet, High Barnet)",Pub,https://www.mcmullens.co.uk/king-s-head,reservations.rose.wokingham@mcmullens.co.uk; reservations.polecat.prestwood@mcmullens.co.uk; reservations.townandgown@mcmullens.co.uk; theangels@mcmullens.co.uk; cambridgetap@mcmullens.co.uk; duchessanddressmaker@mcmullens.co.uk; traitorsgate@mcmullens.co.uk; spiceoflife@mcmullens.co.uk; oldbankofengland@mcmullens.co.uk; saintandsinner@mcmullens.co.uk; kingsarms@mcmullens.co.uk; warbleronthewharf@mcmullens.co.uk; oldanchor.cheshunt@mcmullens.co.uk; angel.walthamabbey@mcmullens.co.uk; blackbull.buntingford@mcmullens.co.uk; bootmaker.chelmsford@mcmullens.co.uk; britannia.marlow@mcmullens.co.uk; bull.broxbourne@mcmullens.co.uk; bullfinch.sevenoaks@mcmullens.co.uk; bullshead.turnford@mcmullens.co.uk; chieftain.welwyn@mcmullens.co.uk; coachandhorses.stortford@mcmullens.co.uk; cockinn.harlow@mcmullens.co.uk; con.bellbar@mcmullens.co.uk; coopersarms.hitchin@mcmullens.co.uk; cowperarms.welwyn@mcmullens.co.uk; cricketers.enfield@mcmullens.co.uk; cricketers.woodfordgreen@mcmullens.co.uk; crocodile.cheshunt@mcmullens.co.uk; dogshead.stortford@mcmullens.co.uk; theduchess.windsor@mcmullens.co.uk; dukeofyork.fitzrovia@mcmullens.co.uk; vine.walthamcross@mcmullens.co.uk; plough.enfield@mcmullens.co.uk; plough.sewardstone@mcmullens.co.uk; orangetree.hitchin@mcmullens.co.uk; mopsandbrooms.borehamwood@mcmullens.co.uk; jollyfisherman.ware@mcmullens.co.uk; hare.harlow@mcmullens.co.uk; whiteswan.pimlico@mcmullens.co.uk; whitehart.whitechapel@mcmullens.co.uk; princeofwales.goffsoak@mcmullens.co.uk; nagshead.coventgarden@mcmullens.co.uk; locktavern.reservations@mcmullens.co.uk; practitioner.hertford@mcmullens.co.uk; peahen.stalbans@mcmullens.co.uk; dukeofclarence.marlow@mcmullens.co.uk; woolpack.hertford@mcmullens.co.uk; whitehart.hertford@mcmullens.co.uk; saracenshead.ware@mcmullens.co.uk; hollybush.loughton@mcmullens.co.uk; salisburyarmshotel.hertford@mcmullens.co.uk; whitehorse.bourneend@mcmullens.co.uk; threehorseshoes.wattonatstone@mcmullens.co.uk; robinhood.botanybay@mcmullens.co.uk; queenvictoria.theydonbois@mcmullens.co.uk; oldbeams.miltonkeynes@mcmullens.co.uk; thekingsmead.ware@mcmullens.co.uk; kingfisher.mytchett@mcmullens.co.uk; herononthelake.fleet@mcmullens.co.uk; wonder.enfield@mcmullens.co.uk; queenshead.walthamabbey@mcmullens.co.uk; plough.flamsteadend@mcmullens.co.uk; maltsters.cheshunt@mcmullens.co.uk; lordkitchener.barnet@mcmullens.co.uk; jollybutchers.enfield@mcmullens.co.uk; hopfields.hatfield@mcmullens.co.uk; herald.harlow@mcmullens.co.uk; goldengriffin.hertford@mcmullens.co.uk; royaloak.chingford@mcmullens.co.uk; sun.hoddesdon@mcmullens.co.uk; princesscharlotte.colchester@mcmullens.co.uk; princelouis.greatnotley@mcmullens.co.uk; princegeorge.mk@mcmullens.co.uk; plough.cuffley@mcmullens.co.uk; nagshead.stortford@mcmullens.co.uk; millstream.hitchin@mcmullens.co.uk; kingsreach.biggleswade@mcmullens.co.uk; jollypostie.royston@mcmullens.co.uk; jollyfarmers.enfield@mcmullens.co.uk; fisherman.stevenage@mcmullens.co.uk; redlion.hatfield@mcmullens.co.uk,venue website,openstreetmap,1,,84 High Street,EN5 5SN,https://www.openstreetmap.org/node/380331450
info@thetallyhopub.co.uk,The Tally Ho,Barnet,North Finchley,Pub,https://thetallyhopub.co.uk/,,venue website,openstreetmap,1,,749 High Road,N12 0BP,https://www.openstreetmap.org/node/451271
anchar.ali@hotmail.co.uk,Tikka Massala,Barnet,West Hendon,Indian,https://www.tikkamassalatakeaway.co.uk/,,venue website,openstreetmap,1,,198 West Hendon Broadway,NW9 7EE,https://www.openstreetmap.org/way/436678598
tofuvegan.goldersgreen@tofuvegan.com,Tofu Vegan,Barnet,Golders Green,Asian; Chinese,https://www.tofuvegan.com/home,,openstreetmap,openstreetmap,1,+44 20 8922 0739,28 North End Road,NW11 7PT,https://www.openstreetmap.org/node/4223525793
press@wagamama.com,Wagamama,Barnet,Brent Cross,Asian,https://wagamama.com/restaurants/london/brent-cross,,venue website,openstreetmap,38,,,,https://www.openstreetmap.org/node/6553257210
info@appleyardgroup.co.uk,Appleyard,Bexley,Lamorbey,Restaurant,https://appleyardgroup.co.uk/,txoko@appleyardgroup.co.uk,venue website,openstreetmap,1,,161 Station Road,DA15 7AA,https://www.openstreetmap.org/way/767578798
orders@catch.cafe,Catch,Bexley,Sidcup,Breakfast,https://catch.cafe/,,venue website,openstreetmap,1,,,,https://www.openstreetmap.org/way/532571736
bexleyheath@creamscafe.com,Creams,Bexley,Bexleyheath (also Bexley New Town),Ice cream,https://www.creamscafe.com/our-stores/bexleyheath/,,venue website,openstreetmap,1,,,,https://www.openstreetmap.org/way/966050355
info@cuoreltd.co.uk,Cuore,Bexley,Bexleyheath (also Bexley New Town),Restaurant,https://www.cuoreltd.co.uk/,,venue website,openstreetmap,1,,,,https://www.openstreetmap.org/way/963775009
info@ferrarisbexley.co.uk,Ferrari's,Bexley,"Bexley (also Old Bexley, Bexley Village)",Italian,https://www.ferrarisbexley.co.uk/,,venue website,openstreetmap,1,+44 1322 554433,2 Bexley High Street,DA5 1AD,https://www.openstreetmap.org/way/232187244
dartford@livermores.co.uk,Greys,Bexley,"Bexley (also Old Bexley, Bexley Village)",Breakfast,https://www.livermores.co.uk/,crayford@livermores.co.uk; lettings@livermores.co.uk,venue website,openstreetmap,1,,,,https://www.openstreetmap.org/way/241987368
lovegyoza123@gmail.com,I Love GYOZA,Bexley,Sidcup,Asian; Chinese,https://www.love-gyoza.co.uk/,,venue website,openstreetmap,1,,59 High Street,DA14 6ED,https://www.openstreetmap.org/way/520713812
jalsha_tandoori@hotmail.com,Jalsha Tandoori Restaurant,Bexley,Lamorbey,Indian,https://jalsha.co.uk/,,venue website,openstreetmap,1,,169-171 Station Road,DA15 7AA,https://www.openstreetmap.org/way/767578802
info@limoncellorestaurant.co.uk,Limoncello,Bexley,Longlands,Italian,https://www.limoncellorestaurant.co.uk/,,venue website,openstreetmap,1,,8-9 Marechal Niel Parade,DA14 6QF,https://www.openstreetmap.org/way/957252447
admin@mehmaan.uk,Mehmaan,Bexley,Bexleyheath (also Bexley New Town),Indian,https://www.mehmaan.uk/,,venue website,openstreetmap,1,+44 20 8054 3947,270 Broadway,DA6 8BE,https://www.openstreetmap.org/way/963775001
info@mindinbexley.org.uk,Revival,Bexley,Bexleyheath (also Bexley New Town),Cafe,https://mindinbexley.org.uk/revival,,venue website,openstreetmap,1,,230 Broadway,,https://www.openstreetmap.org/way/964426527
sarto@thelounges.co.uk,Sarto Lounge,Bexley,Sidcup,Restaurant,https://thelounges.co.uk/sarto,,venue website,openstreetmap,1,,96-98 High Street,DA14 6DS,https://www.openstreetmap.org/way/204912259
info@soulstreetlondon.com,Soul Street,Bexley,Sidcup,Restaurant,https://soulstreetlondon.com/,,openstreetmap,openstreetmap,1,+44 20 3340 0627,87 Main Road,DA14 6ND,https://www.openstreetmap.org/way/334491193
info@thedoorhinge.co.uk,The Door Hinge,Bexley,Welling,Pub,https://www.thedoorhinge.co.uk/,,venue website,openstreetmap,1,,11 Welling High Street,DA16 1TR,https://www.openstreetmap.org/node/3731791377
7056@greeneking.co.uk,We Anchor in Hope,Bexley,Falconwood,Pub,https://www.greeneking-pubs.co.uk/pubs/kent/we-anchor-in-hope/,,venue website,openstreetmap,1,,320 Bellegrove Road,DA16 3RW,https://www.openstreetmap.org/way/990534520
7061@greeneking.co.uk,Ye Olde Black Horse,Bexley,Lamorbey,Pub,https://www.greeneking-pubs.co.uk/pubs/kent/ye-olde-black-horse/,,venue website,openstreetmap,1,,43 Halfway Street,DA15 8LH,https://www.openstreetmap.org/way/943635819
feedback@zizzi.co.uk,Zizzi,Bexley,Bexleyheath (also Bexley New Town),Italian,https://www.zizzi.co.uk/italian/restaurants/bexleyheath,,venue website,openstreetmap,24,,,,https://www.openstreetmap.org/node/10180330302
abbeypoint6040@aol.com,Ace Cafe,Brent,Park Royal,Cafe,https://www.ace-cafe-london.com/,,venue website,openstreetmap,1,+44 20 8961 1000,"North Circular Road, Stonebridge",NW10 7UD,https://www.openstreetmap.org/node/304687805
willesden@beerandburgerstore.com,Beer + Burger,Brent,Cricklewood,Burger,https://www.beerandburgerstore.com/,hello@beerandburgerstore.com; dalston@beerandburgerstore.com; kingsx@beerandburgerstore.com; walthamstow@beerandburgerstore.com,openstreetmap,openstreetmap,1,+44 20 3019 7575,88 Walm Lane,NW2 4QY,https://www.openstreetmap.org/way/743269175
info@bigmoesdiner.co.uk,Big Moe's Diner,Brent,Wembley,American,https://www.bigmoesdiner.co.uk/,,venue website,openstreetmap,1,+44 20 3026 7420,Wembley Park Boulevard,HA9 0FD,https://www.openstreetmap.org/node/12652272401
info@birriataco.com,Birria Taco,Brent,Willesden,Mexican; Tacos,https://www.birriataco.com,,venue website,openstreetmap,1,,75 Chamberlayne Road,NW10 3ND,https://www.openstreetmap.org/node/12157593930
l.blakey@blacksheepcoffee.co.uk,Black Sheep Coffee,Brent,Wembley,Breakfast,https://blacksheepcoffee.co.uk/blogs/locations/wembley,press@blacksheepcoffee.co.uk,venue website,openstreetmap,34,,,HA9 0GU,https://www.openstreetmap.org/way/1239739652
hello@bobscafe.net,Bob's Cafe,Brent,Queen's Park,Cafe,https://www.bobscafe.net/,,openstreetmap,openstreetmap,2,+44 20 7372 3442,77 Salusbury Road,NW6 6NH,https://www.openstreetmap.org/way/97966894
bakingtogether@breadahead.com,Bread Ahead,Brent,Wembley,Bakery,https://www.breadahead.com/,,venue website,openstreetmap,7,+44 20 7403 5444,26-28 Olympic Way,HA9 0NP,https://www.openstreetmap.org/node/9550764999
reservations@carmelrestaurant.co.uk,Carmel,Brent,Queen's Park,Restaurant,https://www.carmelrestaurant.co.uk/,,openstreetmap,openstreetmap,1,+44 20 3848 2090,21-25 Lonsdale Road,NW6 6RA,https://www.openstreetmap.org/way/65658400
info@chickencottage.com,Chicken cottage,Brent,Cricklewood,Takeaway,https://chickencottage.com/chicken-cottage-willesden-green/,,venue website,openstreetmap,13,,53 Walm Lane,NW2 4QR,https://www.openstreetmap.org/node/6334269600
hello@donttelldad.co.uk,Don't Tell Dad,Brent,Queen's Park,Restaurant,https://www.donttelldad.co.uk/,press@donttelldad.co.uk,openstreetmap,openstreetmap,1,,10-14 Lonsdale Road,NW6 6RD,https://www.openstreetmap.org/node/12638482101
contact@eastrestaurant.co.uk,East Pan Asian,Brent,Alperton,Asian,https://eastrestaurant.co.uk/,,openstreetmap,openstreetmap,1,+44 20 8998 7105,1 Glacier Way,HA0 1HQ,https://www.openstreetmap.org/node/4558947622
estadio@thelounges.co.uk,Estadio Lounge Café Bar,Brent,Wembley,Cafe,https://thelounges.co.uk/estadio/,,venue website,openstreetmap,1,,10 Wembley Park Boulevard,HA9 0HP,https://www.openstreetmap.org/node/13522407806
info@everesthoneypot.com,Everest Spice,Brent,Queensbury,Indian,https://www.everesthoneypot.com/,,openstreetmap,openstreetmap,1,,178 Honeypot Lane,HA7 1EF,https://www.openstreetmap.org/node/12843889101
wembley@frankieandbennys.co.uk,Frankie & Benny's,Brent,Wembley,American,https://www.frankieandbennys.com/restaurants/london-wembley,,openstreetmap,openstreetmap,1,+44 20 8903 7824,"Unit 100, Level 2 Wembley Park Boulevard",HA9 0TG,https://www.openstreetmap.org/node/12112544005
qp@gailsbread.co.uk,Gail's,Brent,Queen's Park,Bakery,https://gails.com/pages/queens-park,,openstreetmap,openstreetmap,1,+44 20 7625 0068,75 Salusbury Road,,https://www.openstreetmap.org/way/97966888
gunes2027@outlook.com,Güneş,Brent,Willesden,Halal,https://gunesrestaurant.uk/,,venue website,openstreetmap,2,,44 High Road,,https://www.openstreetmap.org/node/12194226264
community.wembley.gb@ingka.ikea.com,IKEA Restaurant,Brent,Willesden,Takeaway,https://www.ikea.com/gb/en/stores/wembley/,,venue website,openstreetmap,1,,,,https://www.openstreetmap.org/node/12361740256
appfeedback@itsu.com,itsu,Brent,Wembley,Asian; Sushi,https://www.itsu.com/location/london/wembley,julian.metcalfe@itsu.com; harry.housen@itsu.com; tom.sugarman@itsu.com; greg.thorp@itsu.com; tom.springett@itsu.com; kinga.buda@itsu.com; annabel.mackie@itsu.com; media@itsu.com,venue website,openstreetmap,54,,18 Wembley Park Boulevard,HA9 0HP,https://www.openstreetmap.org/node/13428172801
janeoharacarney@gmail.com,Jane's Garden Café,Brent,Kingsbury,Cafe,,,openstreetmap,openstreetmap,1,,Birchen Grove,NW9 8RY,https://www.openstreetmap.org/node/10732892185
wembley@iguanas.co.uk,Las Iguanas,Brent,Wembley,Mexican,https://www.iguanas.co.uk/restaurants/london-wembley/,basingstoke@iguanas.co.uk; bath@iguanas.co.uk; birmingham@iguanas.co.uk; brindleyplace@iguanas.co.uk; resortsworld@iguanas.co.uk; templestreet@iguanas.co.uk; bolton@iguanas.co.uk; bracknell@iguanas.co.uk; brighton@iguanas.co.uk; cribbscauseway@iguanas.co.uk; cambridge@iguanas.co.uk; canterbury@iguanas.co.uk; mermaidquay@iguanas.co.uk; cardiff@iguanas.co.uk; elveden@iguanas.co.uk; longleat@iguanas.co.uk; sherwood@iguanas.co.uk; woburn@iguanas.co.uk; chelmsford@iguanas.co.uk; coventry@iguanas.co.uk; lakeside@iguanas.co.uk; leicester@iguanas.co.uk; liverpool@iguanas.co.uk; livingston@iguanas.co.uk; o2@iguanas.co.uk; deansgate@iguanas.co.uk; miltonkeynes@iguanas.co.uk; newcastle@iguanas.co.uk; newport@iguanas.co.uk; nottingham@iguanas.co.uk; peterborough@iguanas.co.uk; plymouth@iguanas.co.uk; gunwharf@iguanas.co.uk; reading@iguanas.co.uk; meadowhall@iguanas.co.uk; southampton@iguanas.co.uk; swansea@iguanas.co.uk; torquay@iguanas.co.uk; watford@iguanas.co.uk; bristol.hs@iguanas.co.uk,venue website,openstreetmap,1,,"Unit 97, Level 2 Wembley Park Boulevard",HA9 0TG,https://www.openstreetmap.org/node/2656032992
lezzizwillesden@gmail.com,Lezziz Charcoal Grill,Brent,Cricklewood,Halal,http://lezziz.co.uk/,,openstreetmap,openstreetmap,1,+44 20 8459 5171,13-15 Walm Lane,NW2 5SJ,https://www.openstreetmap.org/node/12206865917
hellomarus@outlook.com,Maru's Bhajia House,Brent,Alperton,Indian,https://maru-bhajia.com/,,venue website,openstreetmap,1,+442089036771,230 Ealing Road,HA0 4QL,https://www.openstreetmap.org/node/11990875166
reservations@masalchi.co.uk,Masalchi by Atul Kochhar,Brent,Wembley,Indian,https://masalchi.co.uk,,venue website,openstreetmap,1,,2 Wembley Park Boulevard,HA9 0HP,https://www.openstreetmap.org/node/13522407804
hampstead@miletocaffe.com,Mileto Caffè,Brent,Wembley,Cafe,https://www.miletocaffe.com/wembley,wembley@miletocaffe.com,venue website,openstreetmap,1,,2 Engineers Way,HA9 0JP,https://www.openstreetmap.org/node/11517569970
info@palmbeachuk.com,Palm Beach,Brent,Wembley,Indian,https://www.palmbeachuk.com/,,venue website,openstreetmap,1,,17 Ealing Road,HA0 4AA,https://www.openstreetmap.org/way/259391532
booking@palmislandlounge.com,Palm Island Lounge,Brent,Harlesden,Restaurant,https://www.palmislandlounge.com/,reports@palmislandlounge.com,venue website,openstreetmap,1,,1 Craven Park Road,,https://www.openstreetmap.org/node/12175661199
events@pizzapilgrims.co.uk,Pizza Pilgrims,Brent,Queen's Park,Italian; Pizza,https://www.pizzapilgrims.co.uk/pizzerias/queenspark/,,venue website,openstreetmap,7,,43-47 Lonsdale Road,NW6 6RA,https://www.openstreetmap.org/way/65658373
bookings@pyralondon.com,Pyrá,Brent,Queen's Park,Greek; Spanish,https://www.pyralondon.com/,events@pyralondon.com,venue website,openstreetmap,1,+44 20 3971 4119,6a-8a Lonsdale Road,NW6 6RD,https://www.openstreetmap.org/way/72041480
info@ruhits.co.uk,Ruhit's,Brent,Cricklewood,Indian,https://www.ruhits.co.uk/,ruhitindianandgrill@hotmail.com,venue website,openstreetmap,1,+44 20 8830 4222,4 Sidmouth Parade,NW2 5HG,https://www.openstreetmap.org/node/12144256514
info@sanziorestaurant.co.uk,Sanzio,Brent,Cricklewood,Italian,https://www.sanziorestaurant.co.uk/,,openstreetmap,openstreetmap,1,+44 20 8830 5221,26 Station Parade,NW2 4NH,https://www.openstreetmap.org/node/13200775701
info@saravanabhavan.com,Saravanaa Bhavan,Brent,Wembley,Indian,https://saravanabhavan.com/,hsb@saravanabhavan.com,venue website,openstreetmap,1,+44 20 8900 8526,,,https://www.openstreetmap.org/way/259122816
info@shahshalalfood.co.uk,Shah's,Brent,Kilburn,Takeaway,https://www.shahshalalfooduk.com/,,venue website,openstreetmap,2,+44 7944 216897,,NW6 6HT,https://www.openstreetmap.org/way/1306354240
info@thearchwembley.co.uk,The Arch,Brent,Wembley,Indian; Pub,https://thearchwembley.co.uk/,,openstreetmap,openstreetmap,1,+44 20 8127 1141,324 Harrow Road,HA9 6LL,https://www.openstreetmap.org/way/247983971
londondonerltd@gmail.com,The Doner,Brent,Wembley,Takeaway,https://thedonerlondon.co.uk/,,openstreetmap,openstreetmap,1,+44 7525 009406,377 High Road Wembley,HA9 6AA,https://www.openstreetmap.org/way/248749067
info@theislandnw10.com,The Island,Brent,Willesden,Pub,https://theislandnw10.com/,,venue website,openstreetmap,1,+44 20 8960 0693,123 College Road,NW10 5HA,https://www.openstreetmap.org/way/1311966735
whitehorse.wembley@fullers.co.uk,The White Horse,Brent,Wembley,Pub,https://www.whitehorsewembley.co.uk/,,openstreetmap,openstreetmap,1,+44 20 8237 8037,4 Wembley Park Boulevard,HA9 0HP,https://www.openstreetmap.org/node/12023263602
info@wembley-tandoori.com,Wembley Tandoori,Brent,Wembley,Indian,https://wembley-tandoori.com,,openstreetmap,openstreetmap,1,+44 20 8902 2243,133 Wembley Park Drive,HA9 8HQ,https://www.openstreetmap.org/node/4713808490
info@wimpy.uk.com,Wimpy,Brent,Wembley,Burger,https://location.wimpy.uk.com/restaurants-England-WimpyWembley,,venue website,openstreetmap,4,+44 20 8902 4859,123 Wembley Park Drive,HA9 8HQ,https://www.openstreetmap.org/node/2256219327
hello@wolfpackbars.com,Wolfpack,Brent,Queen's Park,Pub,https://wolfpackbars.com/queens-park-bar/,,venue website,openstreetmap,1,,53 Lonsdale Road,NW6 6RA,https://www.openstreetmap.org/way/65658313
wembley@zizzi.co.uk,Zizzi,Brent,Wembley,Italian,https://www.zizzi.co.uk/italian/restaurants/wembley,feedback@zizzi.co.uk,openstreetmap,openstreetmap,1,+44 20 8782 1535,Wembley Park Boulevard,HA9 0FD,https://www.openstreetmap.org/node/2656156144
hello@amanokitchen.co.uk,A Mano,Bromley,Orpington,Pizza,https://www.amanokitchen.co.uk/,,venue website,openstreetmap,1,+44 1689 387993,286-290 High Street,BR6 0ND,https://www.openstreetmap.org/way/1080920315
office@bankhousechislehurst.com,Bank House,Bromley,Chislehurst,Restaurant,https://bankhousechislehurst.com,,venue website,openstreetmap,1,,11 High Street,BR7 5AB,https://www.openstreetmap.org/node/9092458560
info@billingsgatewrap.com,Billingsgate Wrap,Bromley,Bromley,Seafood,https://www.billingsgatewrap.com/,,openstreetmap,openstreetmap,1,,,,https://www.openstreetmap.org/node/13475043936
blackbirdbakerylondon@gmail.com,Blackbird Bakery,Bromley,Penge,Bakery,https://www.blackbirdbakerylondon.co.uk/locations,,openstreetmap,openstreetmap,6,+44 20 3649 8038,107 High Street,SE20 7DT,https://www.openstreetmap.org/node/4223601279
hello@br3wery.com,BR3WERY Craft Brewing Co.,Bromley,Beckenham,Pub,https://www.br3wery.com/new-index,,venue website,openstreetmap,1,+44 20 3793 2765,253 Beckenham Road,BR3 4RP,https://www.openstreetmap.org/node/12605423089
heyyou@branchingoutshop.com,Branching Out,Bromley,Elmers End,Bakery; Breakfast; Deli,https://www.branchingoutshop.com/,,openstreetmap,openstreetmap,1,+442086501282;+442082495010,149 Croydon Road,BR3 3QH,https://www.openstreetmap.org/node/8453123597
brownandgreen@outlook.com,Brown & Green,Bromley,Crystal Palace,Cafe,https://www.brownandgreencafe.com/crystal-palace/4589906148,,openstreetmap,openstreetmap,3,+44 20 8659 0202,Crystal Palace Station Road,SE19 2AZ,https://www.openstreetmap.org/node/1936872574
orders@cadenceperformance.com,Cadence Performance,Bromley,Crystal Palace,Bakery; Breakfast,https://www.cadenceperformance.com/,,venue website,openstreetmap,1,,2a Anerley Hill,SE19 2AA,https://www.openstreetmap.org/way/183746390
penge@eggfreecake.co.uk,Cake Box,Bromley,Penge,Bakery,https://www.cakebox.com/storelocator/penge/,,openstreetmap,openstreetmap,1,+442080502689,165 High Street,SE20 7DS,https://www.openstreetmap.org/way/1089879582
jayne@carnivalcoffee.co.uk,Carnival Coffee Roasters,Bromley,Penge,Breakfast,https://carnivalcoffee.co.uk/,hey@carnivalcoffee.co.uk,openstreetmap,openstreetmap,1,+44 20 3326 9488,9 High Street,SE20 7TN,https://www.openstreetmap.org/node/11523332408
info@creperiechezyves.co.uk,Chez Yves,Bromley,Penge,French,https://bistrochezyves.co.uk/,,openstreetmap,openstreetmap,1,+44 7388 426245,201 - 203 Maple Road,SE20 8HU,https://www.openstreetmap.org/way/1089870900
info@ciao-pizza.co.uk,Ciao Pizza,Bromley,Hayes,Pizza,https://ciao-pizza.co.uk/,,openstreetmap,openstreetmap,1,+44 2084626767,68 Station Approach,BR2 7EJ,https://www.openstreetmap.org/way/912410776
orpington@creamscafe.com,Creams,Bromley,Orpington,Ice cream,https://www.creamscafe.com/our-stores/orpington/,,venue website,openstreetmap,1,,,BR6 0TW,https://www.openstreetmap.org/node/8972075041
bromley@creamscafe.com,Creams,Bromley,Bromley,Ice cream,https://www.creamscafe.com/our-stores/bromley/,,openstreetmap,openstreetmap,1,+44 20 8289 6288,12 Elmfield Road,BR1 1LR,https://www.openstreetmap.org/node/9452388401
crispydosaorpington@gmail.com,Crispy Dosa Orpington,Bromley,Orpington,Asian; Breakfast; Ice cream; Indian; Steak,https://crispydosaorpington.co.uk/,,venue website,openstreetmap,1,+44 1689 492201,273 High Street,BR6 0NW,https://www.openstreetmap.org/way/1079828379
bookingscyprianis@gmail.com,Cyprianis,Bromley,Locksbottom,Restaurant,https://www.cyprianis.com/,,venue website,openstreetmap,1,+44 1689 859000,366 Crofton Road,BR6 8NN,https://www.openstreetmap.org/way/955495265
info@daisygrey.co.uk,Daisy Grey,Bromley,Beckenham,Cafe,https://www.daisygrey.co.uk/beckenham-high-streets-location-and-opening-times,,venue website,openstreetmap,1,+44 20 8650 6665,73E High Street,BR3 1AN,https://www.openstreetmap.org/way/1136507499
douglasfir@gipsyhillbrewing.com,Douglas Fir,Bromley,Crystal Palace,Pub,https://www.gipsyhillbrew.com/bar/the-douglas-fir,,openstreetmap,openstreetmap,1,+44 20 3583 3130,144 Anerley Road,SE20 8DL,https://www.openstreetmap.org/way/177636940
elmolinobeck@gmail.com,El Molino,Bromley,Beckenham,Spanish,https://www.elmolino.co.uk/,,venue website,openstreetmap,1,+44 20 8659 2622,251 Beckenham Road,BR3 4RP,https://www.openstreetmap.org/node/13444940745
erins@whelanspubs.co.uk,Erin's,Bromley,Beckenham,Pub,https://whelanspubs.co.uk/whelans-premium/erins/,whelansops@gmail.com,venue website,openstreetmap,1,+44 208 650 0718,150-154 High Street,BR3 1EA,https://www.openstreetmap.org/node/13652843572
hello@endurancexnature.com,ExN Social,Bromley,Pratt's Bottom,Bakery; Breakfast,https://www.endurancexnature.com/,,venue website,openstreetmap,1,,27 High Street,BR6 6BG,https://www.openstreetmap.org/node/10911243281
press@gdk.com,German Doner Kebab,Bromley,Bromley,Takeaway,https://www.germandonerkebab.com/,,venue website,openstreetmap,9,,16-18 High Street,BR1 1EA,https://www.openstreetmap.org/node/11066155679
centralbookings@gigglingsquid.com,Giggling Squid,Bromley,Chislehurst,Asian,https://www.gigglingsquid.com/restaurant/chislehurst,vouchersupport@gigglingsquid.com; christian@gigglingsquid.com; marketing@gigglingsquid.com,venue website,openstreetmap,4,,9 High Street,BR7 5AB,https://www.openstreetmap.org/node/9092458565
info@orpingtongpo.co.uk,GPO,Bromley,Orpington,Cafe,https://www.orpingtongpo.co.uk/,,venue website,openstreetmap,1,,214 High Street,BR6 0PT,https://www.openstreetmap.org/way/1333262316
info@groundedsocial.co.uk,Grounded,Bromley,Hayes,Cafe,https://www.groundedsocial.co.uk/,,openstreetmap,openstreetmap,1,+44 20 3096 0252,8 Station Approach,BR2 7EH,https://www.openstreetmap.org/way/912419581
info@hisarbeckenham.co.uk,Hisar,Bromley,Beckenham,Restaurant,https://www.hisarbeckenham.co.uk,,venue website,openstreetmap,1,+44 208 650 0755,251 High Street,BR3 1BN,https://www.openstreetmap.org/node/13684700228
immthaifusionbeck@gmail.com,imm Thai Fusion,Bromley,Beckenham,Asian,,,openstreetmap,openstreetmap,1,+44 20 8650 7887,16-18 High Street,BR3 1AY,https://www.openstreetmap.org/node/456389180
reservations@indianessence.co.uk,Indian Essence,Bromley,Petts Wood,Indian,https://indianessence.co.uk/,,venue website,openstreetmap,1,+44 1689838700,176-178 Petts Wood Road,BR5 1LG,https://www.openstreetmap.org/node/9735194430
info@jamsbeckenham.co.uk,Jams on the Hill,Bromley,Beckenham,Breakfast,https://jamsbeckenham.co.uk,,venue website,openstreetmap,1,+44 20 8663 6986,82 High Street,BR3 1ED,https://www.openstreetmap.org/node/6090921585
impallari@gmail.com,Kaifangs,Bromley,Sundridge,Asian; Chinese,https://kaifangs.com/,,venue website,openstreetmap,4,,71 Burnt Ash Lane,BR1 5AA,https://www.openstreetmap.org/node/11093766150
bookings@restaurantlugana.co.uk,Lugana,Bromley,Elmers End,Italian,https://restaurantlugana.co.uk,,venue website,openstreetmap,1,+44 20 8650 3959,8 Eden Park Avenue,BR3 3HN,https://www.openstreetmap.org/node/308064675
00456@uk.mcd.com,McDonald's,Bromley,Bromley,Burger,https://www.mcdonalds.com/gb/en-gb/location/bromley/bromley-glades/the-glades-shopping-centre/8260456.html,,openstreetmap,openstreetmap,1,+44 20 8313 1987,High Street,BR1 1DN,https://www.openstreetmap.org/node/11197775539
info@npcsc.co.uk,Norman Park Community Sports Centre Cafe,Bromley,Hayes,Cafe,https://npcsc.co.uk/restaurant/,,venue website,openstreetmap,2,+44 20 3931 7333,Hayes Lane,,https://www.openstreetmap.org/node/13426289072
reservations@olekyiv.uk,Ole Kyiv,Bromley,Chislehurst,Restaurant,https://olekyiv.uk/,,openstreetmap,openstreetmap,1,+44 20 3649 8621,,BR7 5AF,https://www.openstreetmap.org/node/11158703427
admin@oneinnthewood.co.uk,One Inn the Wood,Bromley,Petts Wood,Pub,https://www.oneinnthewood.co.uk/,,venue website,openstreetmap,1,,209 Petts Wood Road,BR5 1LA,https://www.openstreetmap.org/node/11400151675
info@madeofdough.co.uk,Palazzo,Bromley,Crystal Palace,Pizza,https://www.barpalazzo.com/,info@barpalazzo.com,openstreetmap,openstreetmap,1,+4420 3903 7164,3-7 Church Road,SE19 2TF,https://www.openstreetmap.org/relation/3981083
info@palomabeckenham.com,Paloma,Bromley,Beckenham,Restaurant,https://www.palomabeckenham.com,,venue website,openstreetmap,1,+44 208 402 6765,149-151 High Street,BR3 1AG,https://www.openstreetmap.org/node/456384028
orders@patisserie-valerie.co.uk,Patisserie Valerie,Bromley,Bromley,Bakery; Breakfast,https://patisserie-valerie.co.uk/pages/pat-val-bromley,,venue website,openstreetmap,1,,High Street,BR1 1DD,https://www.openstreetmap.org/node/11197699498
pato@thelounges.co.uk,Pato Lounge,Bromley,Orpington,Restaurant,https://thelounges.co.uk/pato,,venue website,openstreetmap,1,+44 1689 891427,202-206 High Street,BR6 0JN,https://www.openstreetmap.org/way/1104153613
pedro@thelounges.co.uk,Pedro Lounge,Bromley,Bromley,Restaurant,https://thelounges.co.uk/pedro,,venue website,openstreetmap,1,,22 Market Square,BR1 1NA,https://www.openstreetmap.org/node/12531965599
mail@peking-chef.com,Peking Chef,Bromley,Southborough,Asian; Chinese,https://peking-chef.com,,venue website,openstreetmap,1,+44 20 8466 9636,5 Homesdale Road,BR2 9JQ,https://www.openstreetmap.org/way/970502977
marketing@piccolocafes.co.uk,Piccolo Cafe,Bromley,Beckenham,Cafe,https://piccolocafes.co.uk,,venue website,openstreetmap,1,+44 7585 568 165,106 High Street,BR3 1EB,https://www.openstreetmap.org/node/13652636602
pink.olives5@gmail.com,Pink Olives,Bromley,St Mary Cray,Indian,https://pinkolives.co.uk,,venue website,openstreetmap,1,+441689870930,72 Sayes Court Road,BR5 2PQ,https://www.openstreetmap.org/way/863415630
info@qbarandkitchen.com,Q Bar,Bromley,Beckenham,Restaurant,https://qbarandkitchen.com,,venue website,openstreetmap,1,+44 208 658 1014,159 High Street,BR3 1AE,https://www.openstreetmap.org/node/11308536562
info@rendezvouscaffe.co.uk,Rendez - Vous,Bromley,Beckenham,Breakfast,https://rendezvouscaffe.co.uk,,venue website,openstreetmap,1,+44 20 8249 7949,94 High Street,BR3 1ED,https://www.openstreetmap.org/node/13652455081
eat@saltandslate.co.uk,Salt and Slate,Bromley,Hayes,Restaurant,https://saltandslate.co.uk/,,venue website,openstreetmap,1,,,,https://www.openstreetmap.org/node/8475949329
shararai2014@gmail.com,Shara's Casual Dining,Bromley,Beckenham,Asian,https://sharasiandining.co.uk,,venue website,openstreetmap,1,+44 204 568 8273,435 Croydon Road,BR3 3PP,https://www.openstreetmap.org/node/13684700229
shortlandstavern@live.co.uk,Shortlands Tavern,Bromley,Hayes,Pub,https://www.shortlandstavern.co.uk/,shortlandstavernbookings@gmail.com,openstreetmap,openstreetmap,1,+44 20 8466 0202,Station Road,BR2 0EY,https://www.openstreetmap.org/node/25523569
hello@shotsmiths.com,Shotsmiths,Bromley,Beckenham,Cafe,https://shotsmiths.com/,,venue website,openstreetmap,1,,73 Beckenham Road,BR3 4PR,https://www.openstreetmap.org/node/9953837717
enquiry@tapeocafe.co.uk,Tapeo,Bromley,Beckenham,Spanish,https://www.tapeocafe.co.uk,,venue website,openstreetmap,1,+44 20 3417 4310,142 High Street,BR3 1EA,https://www.openstreetmap.org/node/13652843515
info@thealmapub.com,The Alma,Bromley,Crystal Palace,Pub,https://www.thealmapub.com/,,openstreetmap,openstreetmap,1,+44 20 8768 1885,95 Church Road,SE19 2TA,https://www.openstreetmap.org/way/189512277
info@thebankrestaurant.com,The Bank Restaurant,Bromley,Locksbottom,Restaurant,https://thebankrestaurant.com/,,venue website,openstreetmap,1,,354 Crofton Road,BR6 8NN,https://www.openstreetmap.org/node/8040954133
talkto@bigcatchbeckenham.co.uk,The Big Catch,Bromley,Beckenham,Seafood,https://www.bigcatchbeckenham.co.uk,,venue website,openstreetmap,1,+44 208 663 6635,202 High Street,BR3 1EN,https://www.openstreetmap.org/node/2641884743
info@blackhorseapl.uk,The Black Horse,Bromley,Biggin Hill,Pub,,,openstreetmap,openstreetmap,1,+44 1959 928231,123 Main Road,TN16 3DX,https://www.openstreetmap.org/way/145565194
currycottagebeckenham@yahoo.co.uk,The Curry Cottage,Bromley,Beckenham,Indian,https://www.currycottage.info,,venue website,openstreetmap,1,+44 208 650 2564,7 Kelsey Park Road,BR3 6LH,https://www.openstreetmap.org/node/13629815787
theelmtree@whelanspubs.co.uk,The Elm Tree,Bromley,Elmers End,Pub,https://whelanspubs.co.uk/whelans-premium/the-elm-tree/,,venue website,openstreetmap,1,,116 Croydon Road,BR3 4DF,https://www.openstreetmap.org/way/856272357
bookings@thefoxkeston.co.uk,The Fox Inn,Bromley,Keston,Pub,https://thefoxkeston.co.uk/,,venue website,openstreetmap,1,+44 1689 497898,,BR2 6BQ,https://www.openstreetmap.org/way/227866405
daniel@anticlondon.com,The Goldsmith Arms,Bromley,Penge,Pub,https://goldsmithsarms.com/,,venue website,openstreetmap,3,+44 20 8659 1242,3 Croydon Road,SE20 7TJ,https://www.openstreetmap.org/way/422434399
thegreyhound.keston@sky.com,The Greyhound,Bromley,Keston,Pub,https://www.greyhound.pub/,,openstreetmap,openstreetmap,1,+44 1689 856338,,,https://www.openstreetmap.org/way/1202787615
marketing@delinene.com,The Lokanta,Bromley,Beckenham,Restaurant,https://thelokanta.co.uk,,venue website,openstreetmap,1,+44 208 650 5437,166 High Street,BR3 1EW,https://www.openstreetmap.org/node/13652877798
londonbriocheco@gmail.com,The London Brioche Company,Bromley,Penge,Bakery,https://www.londonbrioche.co.uk,,venue website,openstreetmap,1,+44 7936 681546,Franklin Road,SE20 8HW,https://www.openstreetmap.org/node/13876147872
regans2018@hotmail.com,The New Inn,Bromley,Hayes,Pub,https://www.reganshayes.com/,,openstreetmap,openstreetmap,1,+442084622865,59 Station Approach,BR2 7EA,https://www.openstreetmap.org/way/912410762
railway@anticlondon.com,The Railway Tavern,Bromley,Bromley,Pub,https://railwaytavernbromley.com/,daniel@anticlondon.com,openstreetmap,openstreetmap,1,+44 20 8460 7957,45 East Street,BR1 1QQ,https://www.openstreetmap.org/node/420771845
therealaleway@gmail.com,The Real Ale Way,Bromley,Hayes,Pub,https://www.facebook.com/THEREALALEWAY,,openstreetmap,openstreetmap,1,,55 Station Approach,BR2 7EB,https://www.openstreetmap.org/way/912430939
ricehutpenge@gmail.com,The Rice Hut,Bromley,Penge,Asian; Chinese,https://www.rice-hut.com/,,openstreetmap,openstreetmap,1,+44 20 8659 2288,140 Maple Road,SE20 8JB,https://www.openstreetmap.org/node/4221687839
beer@threehoundsbeerco.com,Three Hounds,Bromley,Beckenham,Pub,https://www.threehoundsbeerco.com/,,openstreetmap,openstreetmap,1,+44 20 3976 0028,57 Beckenham Road,BR3 4PR,https://www.openstreetmap.org/node/7616166984
contact@troyrestaurant.co.uk,Troy,Bromley,Petts Wood,Restaurant,https://troyrestaurant.co.uk/,,venue website,openstreetmap,1,,101 Queensway,BR5 1DQ,https://www.openstreetmap.org/node/11398958836
info@tugrahayes.co.uk,Tugra,Bromley,Hayes,Restaurant,https://tugrarestaurant.co.uk,,openstreetmap,openstreetmap,1,+44 20 8462 9898,44 Station Approach,BR2 7EJ,https://www.openstreetmap.org/way/912419543
hello@vasanthavilas.co.uk,Vasantha Vilas,Bromley,Orpington,Indian,https://vasanthavilas.co.uk/orpington,,venue website,openstreetmap,1,+44 1689 663500,228 High Street,BR6 0LS,https://www.openstreetmap.org/way/144475025
hello@vunchcafe.co.uk,Vunch Café,Bromley,Southborough,Cafe,https://www.vunchcafe.co.uk/,,openstreetmap,openstreetmap,1,+44 20 8467 1787,217 Southborough Lane,BR2 8AT,https://www.openstreetmap.org/node/9593904541
info@yourbowl.co.uk,Your Bowl,Bromley,Beckenham,Asian; Chinese,https://yourbowl.co.uk,,venue website,openstreetmap,1,,127 High Street,BR3 1AG,https://www.openstreetmap.org/node/13678988113
hello@28churchrow.com,28 Church Row,Camden,Hampstead,Restaurant,https://28churchrow.com,,venue website,openstreetmap,2,,28 Church Row,NW3 6UP,https://www.openstreetmap.org/node/9311504917
info@3gorges.co.uk,3 Gorges,Camden,Fitzrovia,Asian; Chinese,https://3gorges.co.uk,reservation@3gorges.co.uk,venue website,openstreetmap,1,,36 Goodge Street,W1T 2QN,https://www.openstreetmap.org/node/3224663477
info@3locksbeer.com,3 Locks Brewing Company,Camden,Camden Town,Pub,https://www.3locksbeer.com/,,venue website,openstreetmap,1,,,,https://www.openstreetmap.org/node/11045432726
office@abeno.co.uk,Abeno,Camden,Bloomsbury,Asian; Japanese,https://www.abeno.co.uk/,,venue website,openstreetmap,1,+44 20 7405 3211,47 Museum Street,WC1A 1LY,https://www.openstreetmap.org/way/554358272
bookings@acesandeightssaloonbar.com,Aces and Eights Saloon Bar,Camden,Kentish Town,Pizza; Pub,https://www.acesandeightssaloonbar.com/,martyn.bonanza@acesandeightssaloonbar.com,venue website,openstreetmap,1,,156-158 Fortess Road,NW5 2HP,https://www.openstreetmap.org/node/25744507
bookmt@montaguehotel.com,Afternoon Tea at The Montague on The Gardens,Camden,Bloomsbury,Cafe,https://montaguehotel.com/dining-and-drinks/afternoon-tea,,venue website,openstreetmap,1,+44 20 7637 1001,,,https://www.openstreetmap.org/node/6515246385
evgenia.osmani@yahoo.com,Albertini Restaurant,Camden,Somers Town,Italian,https://www.albertini.co.uk/,,venue website,openstreetmap,1,+44 20 7387 4723,16-20 Chalton Street,NW1 1JH,https://www.openstreetmap.org/way/292167643
info@albionsrestaurant.co.uk,Albion's Restaurant,Camden,Camden Town,Restaurant,https://albionsrestaurant.co.uk/,,venue website,openstreetmap,1,+44 20 3490 8970,117 Kentish Town Road,NW1 8PB,https://www.openstreetmap.org/way/846248029
info.am.jvhn@gmail.com,Amorino,Camden,West Hampstead,Ice cream,https://www.amorino.com/en/stores/amorino-west-end,amorinosaintraphael@gmail.com; sofifoyo@gmail.com; monicanotani@gmail.com; pkafka@amorino.com; cajuam21@gmail.com; gaetanogiverny@gmail.com; guillaumehauck@gmail.com; chartres@amorino.com; qwartz@amorino.com; marksawall@aol.com; bandol@amorino.com; laciotat@amorino.com; clermont-ferrand@amorino.com; gaetanovillefontaine@gmail.com; amorinogrenette@gmail.com; vamorino9@gmail.com; gaetanomiramas@gmail.com; gaetanolavallee@gmail.com; vishal_kakar@yahoo.com; amorinothiais@gmail.com; cfriederich67@gmail.com; mexico@amorino.com; recrutementb2s@amorino.com; lauragiroamorino@hotmail.com; sz@amorino.com; amorinohouston@gmail.com; gaelpatavia@gmail.com; r_tajouri@me.com; angers@amorino.com; amorino101gm@gmail.com; gillsmedia@gmail.com; recrutamentoamorinolisboa@gmail.com; stalbans.amorino@gmail.com; amorino.paris.kleber@gmail.com; operations.belgique@amorino.com; andrea.berger@amorino.com; amorino.niort79@gmail.com; amorino.canterbury@gmail.com; amorino.lepuyenvelay@gmail.com; amorino.gp@gmail.com; annemasse.amorino@gmail.com; morges.gare@amorino.com; amorino.palavas@gmail.com; sachin.gupta7@gmail.com; amorino.besancon@gmail.com; constantin.cronenberg@amorino.com; mustafa.celik@amorino.com; fortworth.clearfork@amorino.com; amorino.carcassonne@gmail.com; amorino.avignon84@gmail.com; laurent.renard1@hotmail.com; oleti.amorino@gmail.com; olivia.govin@amorino.com; amorino.royale@gmail.com; amorino.nimes@gmail.com; rh.amorino@gmail.com; amorino.montpellier.triangle@gmail.com; nantes.amorino@gmail.com; amorino.montpellier.loge@gmail.com; plano.legacywest@amorino.com; reims.erlon@amorino.com; raleigh.davie@amorino.com; hr.firenze@amorino.com; rouen.horloge@amorino.com; amorino.sete@gmail.com; london.camden@amorino.com; vilamoura.marina@amorino.com; toulouse.capitole@amorino.com; luca.sereni@amorino.com; hr.uk@amorino.com; t.rh@amorino.com; amorino.chamonix@amorino.com; elisabetta.sereni@amorino.com; jean.christophe@amorino.com; mohd.alteree@gmail.com; christopher.roldan@amorino.com; muriel.amorino@gmail.com; cyril.pansu@amorino.com; amorino.lyon@gmail.com; a2c.amorino@gmail.com,venue website,openstreetmap,4,,,,https://www.openstreetmap.org/node/12779845063
booking@antalyarestaurant.co.uk,Antalya Restaurant,Camden,Bloomsbury,Steak,https://antalyarestaurant.co.uk/,,openstreetmap,openstreetmap,1,+44 2075805355,103-105 Southampton Row,WC1B 4HH,https://www.openstreetmap.org/node/6113971524
pr@arabicalondon.com,Arabica,Camden,Somers Town,Restaurant,https://www.arabicalondon.com/,,venue website,openstreetmap,1,,7 Lewis Cubitt Walk,,https://www.openstreetmap.org/node/9907983157
hello@bloomsburylondon.com,Arcana Coffee,Camden,Bloomsbury,Breakfast,https://www.bloomsburylondon.com/tenants/arcana-coffee,,venue website,openstreetmap,1,,20-21 Bloomsbury Way,WC1A 2SN,https://www.openstreetmap.org/node/12852799706
hello@babuji.co.uk,Babuji,Camden,Kentish Town,Indian,https://babuji.co.uk,,venue website,openstreetmap,1,+44 20 7485 5566,343 Kentish Town Road,NW5 2TJ,https://www.openstreetmap.org/way/291698467
info@camdenartcentre.org,Bar Bicicletta,Camden,West Hampstead,Italian,https://camdenartcentre.org/come-visit-us/cafe,hires@camdenartcentre.org,venue website,openstreetmap,1,,,,https://www.openstreetmap.org/way/1379155816
hello@batchd.co.uk,Batch'd,Camden,Camden Town,Breakfast; Donuts; Ice cream,https://www.batchd.co.uk,,venue website,openstreetmap,2,,115-117 Water Lane,NW1 8JZ,https://www.openstreetmap.org/node/12704560739
kingsx@beerandburgerstore.com,Beer + Burger,Camden,King's Cross,Burger,https://beerandburgerstore.com/,hello@beerandburgerstore.com; dalston@beerandburgerstore.com; walthamstow@beerandburgerstore.com; willesden@beerandburgerstore.com,openstreetmap,openstreetmap,1,+44 20 3963 5795,1 York Way,N1C 4AS,https://www.openstreetmap.org/node/3931711557
belly@mgnhw.com,Belly,Camden,Camden Town,Asian; French,https://www.bellylondon.com/,,openstreetmap,openstreetmap,1,,157 Kentish Town Road,NW1 8PD,https://www.openstreetmap.org/way/856859700
stpancras@benugo.com,Benugo,Camden,King's Cross,Cafe,https://www.benugo.com/sites/cafes/benugo-st-pancras/,,openstreetmap,openstreetmap,2,,,N1C 4QP,https://www.openstreetmap.org/node/647052117
info@blacklist-lounge.co.uk,Blacklist Lounge,Camden,Camden Town,Restaurant,https://blacklist-lounge.com/,,openstreetmap,openstreetmap,1,+44 20 8728 7162,9 Camden High Street,NW1 7JE,https://www.openstreetmap.org/way/225442611
partnerships@blankstreet.com,Blank Street Coffee,Camden,Bloomsbury,Breakfast,https://www.blankstreet.com/,press@blankstreet.com,venue website,openstreetmap,7,,110 New Oxford Street,WC1A 1HD,https://www.openstreetmap.org/node/3085263821
info@bombayflame.com,Bombay Flame,Camden,Kilburn,Indian,http://bombayflame.com,,openstreetmap,openstreetmap,1,+44 20 7625 5522,74 Kingsgate Road,NW6 4TE,https://www.openstreetmap.org/way/237284936
bookingoffice.stpancras@autographhotels.com,Booking Office 1869,Camden,King's Cross,Restaurant,,,openstreetmap,openstreetmap,1,+44 20 7841 3566,,NW1 2AR,https://www.openstreetmap.org/node/4254799301
info@braziliangourmet.co.uk,Brazilian Gourmet,Camden,Fitzrovia,Restaurant,https://www.braziliangourmet.co.uk/,,openstreetmap,openstreetmap,1,+44 20 7018 0879,70 Cleveland Street,W1T 6LY,https://www.openstreetmap.org/way/435928163
reservations@bubala.co.uk,Bubala,Camden,King's Cross,Restaurant,https://www.bubala.co.uk/kings-cross,,venue website,openstreetmap,1,,,N1C 4ED,https://www.openstreetmap.org/node/12855042934
enquiries@thebullandlast.co.uk,Bull & Last,Camden,Gospel Oak,Pub,https://thebullandlast.co.uk,,openstreetmap,openstreetmap,1,+4420 726 73641,168 Highgate Road,,https://www.openstreetmap.org/way/117607358
borough@burgerandbeyond.co.uk,Burger & Beyond,Camden,Camden Town,Burger,https://burgerandbeyond.co.uk,shoreditch@burgerandbeyond.co.uk; soho@burgerandbeyond.co.uk; brighton@burgerandbeyond.co.uk; marketing@burgerandbeyond.co.uk,venue website,openstreetmap,3,,,,https://www.openstreetmap.org/node/12765938430
whamcamden@gmail.com,Cafe Wham,Camden,Chalk Farm,Breakfast,https://whamlondon.com,,venue website,openstreetmap,1,+44 7833 209928,29 Chalk farm road,,https://www.openstreetmap.org/node/13992348266
hello@camdenlockside.co.uk,Café Chula,Camden,Camden Town,Mexican,https://www.cafechula.co.uk/,events@camdenlockside.co.uk,venue website,openstreetmap,1,,75–89 Camden Lock Place,NW1 8AF,https://www.openstreetmap.org/node/4321451979
hello@cafe-deco.co.uk,Café Deco,Camden,Bloomsbury,Cafe,https://www.cafe-deco.co.uk,,openstreetmap,openstreetmap,1,+44 20 8091 2108,43 Store Street,WC1E 7DB,https://www.openstreetmap.org/way/392671913
london@cordonbleu.edu,Café Le Cordon Bleu,Camden,Bloomsbury,French,https://www.cordonbleu.edu/london/cafe-le-cordon-bleu/en,info@cordonbleu.edu; australia@cordonbleu.edu; ateneodemanila@cordonbleu.edu; paris@cordonbleu.edu; saopaulo@cordonbleu.edu; shanghai@cordonbleu.edu; istanbul@cordonbleu.edu; nz@cordonbleu.edu; liban@cordonbleu.edu; riodejaneiro@cordonbleu.edu; madrid@cordonbleu.edu; howtoapplyusa@cordonbleu.edu; thailand@cordonbleu.edu; peru@cordonbleu.edu; seoul_admissions@cordonbleu.edu; malaysia@cordonbleu.edu; taiwan-nkuht@cordonbleu.edu; online@cordonbleu.edu; riyadh@cordonbleu.edu; mexico@cordonbleu.edu; ottawa@cordonbleu.edu,openstreetmap,openstreetmap,1,,,,https://www.openstreetmap.org/node/2904553101
info@cafepalestina.co.uk,Café Palestina,Camden,Kentish Town,Cafe,https://cafepalestina.co.uk/,online@cafepalestina.co.uk,venue website,openstreetmap,1,,53 Fortess Road,,https://www.openstreetmap.org/way/1367401983
gelato@caliendos.co.uk,Caliendo's Gelato,Camden,Kentish Town,Ice cream,https://www.caliendos.co.uk,,venue website,openstreetmap,1,+44 20 7482 2791,182 Kentish Town Road,NW5 2AE,https://www.openstreetmap.org/way/845842090
stpancras@carluccios.co.uk,Carluccio's,Camden,King's Cross,Italian,https://www.carluccios.com/pages/restaurants/carluccios-st-pancras,,openstreetmap,openstreetmap,1,+44 20 3906 2097,First Floor Pancras Road,N1C 4QL,https://www.openstreetmap.org/node/2850205346
casatuacamden@gmail.com,Casa Tua,Camden,King's Cross,Breakfast; Italian,https://www.casatualondon.com/,casatuakx@gmail.com; casatuadelizie@gmail.com,venue website,openstreetmap,1,+44 207 833 1483,106 Cromer Street,WC1H 8BZ,https://www.openstreetmap.org/node/4227764089
info@chamisse.com,Chamisse,Camden,Holborn,Restaurant,https://chamisse.com/,,venue website,openstreetmap,1,+44 20 7430 0799,55 Gray's Inn Road,WC1X 8PP,https://www.openstreetmap.org/node/10247694982
hello@chickenshop.com,Chicken Shop,Camden,Bloomsbury,Halal,https://www.chickenshop.com/,,venue website,openstreetmap,2,+44 20 7661 3040,199-206 High Holborn,WC1V 7BD,https://www.openstreetmap.org/node/3625951708
chancery@chilango.co.uk,Chilango,Camden,Holborn,Mexican,https://www.chilango.co.uk/,islington@chilango.co.uk,venue website,openstreetmap,1,,76 Chancery Lane,WC2A 1AA,https://www.openstreetmap.org/way/421386550
info@eatcitro.com,Citro,Camden,Highgate,Italian,https://www.eatcitro.com/,,openstreetmap,openstreetmap,1,+447840917586,15a Swain's Lane,N6 6QX,https://www.openstreetmap.org/node/6985868787
info@cittieofyorkeholborn.co.uk,Cittie of Yorke,Camden,Holborn,Pub,https://cittieofyorkeholborn.co.uk/,contact-info@cittieofyorkeholborn.co.uk,venue website,openstreetmap,1,+44 20 7242 7670,22-23 High Holborn,WC1V 6BS,https://www.openstreetmap.org/way/75422589
hello@coaloffice.com,Coal Office,Camden,King's Cross,Restaurant,https://coaloffice.com/,,openstreetmap,openstreetmap,1,+44 20 3848 6085,2 Bagley Walk,N1C 4PQ,https://www.openstreetmap.org/node/6142124767
kentishtown@creamscafe.com,Creams,Camden,Kentish Town,Ice cream,https://www.creamscafe.com/our-stores/kentish-town/,,venue website,openstreetmap,1,,246-248 Kentish Town Road,NW5 2AB,https://www.openstreetmap.org/way/878202920
hola@eatcrudo.com,Crudo Covent Garden,Camden,St Giles,Restaurant,https://eatcrudo.com/,,venue website,openstreetmap,1,,36 Monmouth Street,,https://www.openstreetmap.org/node/13883045301
megan@sevendialsmarket.com,Cucumber Alley,Camden,St Giles,Food court,https://www.sevendialsmarket.com/vendor/cucumber-alley/,,venue website,openstreetmap,1,,,,https://www.openstreetmap.org/node/7291767085
info@daddydonkey.co.uk,Daddy Donkey,Camden,Clerkenwell,Mexican,https://www.daddydonkey.co.uk/,,venue website,openstreetmap,1,+44 20 7404 4173,50b Leather Lane,EC1N 7TP,https://www.openstreetmap.org/node/4262451640
info@dallowayterrace.com,Dalloway Terrace,Camden,Bloomsbury,Restaurant,https://dallowayterrace.com/,,venue website,openstreetmap,1,+44 20 7347 1221,16-22 Great Russell Street,WC1B 3NN,https://www.openstreetmap.org/node/5595288322
holborn@dapur.co.uk,Dapur,Camden,Holborn,Asian,https://dapur.co.uk/,,openstreetmap,openstreetmap,1,+44 20 7405 4659,13 Lambs Conduit Passage,WC1R 4RH,https://www.openstreetmap.org/node/12654088702
drummondvilla@gmail.com,Drummond Villa,Camden,Somers Town,Indian,https://www.drummondvilla.co.uk/,,venue website,openstreetmap,1,+44 20 7388 2699,118 Drummond Street,NW1 2HN,https://www.openstreetmap.org/way/337134172
esra@drury188198.co.uk,Drury 188-189,Camden,St Giles,Cafe,https://drury188189.co.uk/,,openstreetmap,openstreetmap,1,+44 20 7404 7664,188-189 Drury Lane,WC2B 5QD,https://www.openstreetmap.org/way/278118729
nell@dukeofstalbans.com,Duke of St. Albans,Camden,Gospel Oak,Pub,https://www.dukeofstalbans.com/,,venue website,openstreetmap,1,,15 Highgate Road,NW5 1QX,https://www.openstreetmap.org/node/98170592
bookings@eastwestlondon.com,EastWest Pizza,Camden,Kentish Town,Indian; Pizza,https://eastwestlondon.com/,hello@eastwestlondon.com,venue website,openstreetmap,2,,135 Fortess Road,NW5 2HR,https://www.openstreetmap.org/way/1372794534
ask@eggslut.uk,Eggslut,Camden,Fitzrovia,Burger,https://www.eggslut.uk/,,venue website,openstreetmap,2,+44 20 3673 6762,19 Percy Street,W1T 1DY,https://www.openstreetmap.org/way/425428374
press@electricshuffle.com,Electric Shuffle,Camden,King's Cross,Bar,https://electricshuffle.com/uk/london/kingscross,,venue website,openstreetmap,1,,1 Lewis Cubitt Park,N1C 4EJ,https://www.openstreetmap.org/node/12855041571
hello@elsabistro.co.uk,Elsa Bistro and Wine House,Camden,Fitzrovia,French,https://elsabistro.co.uk/,,venue website,openstreetmap,1,+44 7498 905392,10 Charlotte Street,W1T 2LT,https://www.openstreetmap.org/way/122020338
info@elyseerestaurant.com,Elysée,Camden,Fitzrovia,Greek,https://www.elyseerestaurant.com/,,venue website,openstreetmap,1,,13 Percy Street,W1T 1DP,https://www.openstreetmap.org/way/425428388
info@fengshang.co.uk,Feng Shang,Camden,Chalk Farm,Asian; Chinese,https://www.fengshang.co.uk/,,venue website,openstreetmap,1,+44 20 7485 8137,,NW1 7SS,https://www.openstreetmap.org/way/213504665
sustainability@flatironsteak.co.uk,Flat Iron Tottenham Court Road,Camden,St Giles,Steak,https://flatironsteak.co.uk/restaurant/tottenham-court-road/,,venue website,openstreetmap,16,,9 Denmark Street,WC2H 8LS,https://www.openstreetmap.org/node/5857437388
info@fortunecafe.co.uk,Fortune Café,Camden,West Hampstead,Cafe,https://fortunecafe.co.uk,,venue website,openstreetmap,1,+44 20 3874 8033,110 Fortune Green Road,NW6 1DH,https://www.openstreetmap.org/node/11510909813
elise@galvinrestaurants.com,Galvin Bar & Grill,Camden,Bloomsbury,Restaurant,https://galvinrestaurants.com/restaurant/galvin-bar-and-grill/,privatedining.city@galvinrestaurants.com,venue website,openstreetmap,2,,1-8 Russell Square,WC1B 5BE,https://www.openstreetmap.org/node/9513436817
reservations@germangymnasium.com,German Gymnasium,Camden,King's Cross,Restaurant,https://www.germangymnasium.com/,reservationsgg@germangymnasium.com,openstreetmap,openstreetmap,1,+44 20 7287 8000,1 King's Boulevard,N1C 4BU,https://www.openstreetmap.org/way/46821178
info@gigsrestaurant.com,Gigs,Camden,Fitzrovia,Seafood,https://www.gigsfishandchips.com/,,openstreetmap,openstreetmap,1,+44 20 7636 1424,12 Tottenham Street,W1T 4RE,https://www.openstreetmap.org/way/348812067
info@grangerandco.com,Granger & Co.,Camden,King's Cross,Restaurant,https://grangerandco.com,press@grangerandco.com,openstreetmap,openstreetmap,3,+44 20 3058 2567,7 Pancras Square,N1C 4AG,https://www.openstreetmap.org/node/4270651266
reservations@greenberrycafe.co.uk,Greenberry,Camden,Primrose Hill,Cafe,https://www.greenberrycafe.co.uk/,info@greenberrycafe.co.uk,openstreetmap,openstreetmap,1,+44 20 7483 3765,101 Regent's Park Road,NW1 8UR,https://www.openstreetmap.org/way/1028386432
hello@halfcup.co.uk,Half Cup,Camden,King's Cross,Breakfast,https://halfcup.co.uk/,kingscross@halfcup.co.uk; bartssquare@halfcup.co.uk; businessbay@halfcup.co.uk,venue website,openstreetmap,2,+44 20 8617 7835,100-102 Judd Street,WC1H 9NT,https://www.openstreetmap.org/node/3080553851
bayswaterhotpot@gmail.com,Happy Lamb Hot Pot,Camden,Bloomsbury,Restaurant,https://happylambuk.com/restaurants/holborn/,edinburgh.happylamb@gmail.com,venue website,openstreetmap,1,,2 New Oxford Street,WC1A 1AD,https://www.openstreetmap.org/node/6652243316
info@castlehaven.org.uk,Haven Youth Cafe,Camden,Camden Town,Cafe,https://www.castlehaven.org.uk/,selina@castlehaven.org.uk; healthhaven@castlehaven.org.uk; beatrix@castlehaven.org.uk; environmentalteam@castlehaven.org.uk,venue website,openstreetmap,1,+44 20 7681 8643,23 Castlehaven Road,,https://www.openstreetmap.org/node/931637161
stpancras@thehawksmoor.com,Hawksmoor,Camden,King's Cross,Steak,https://thehawksmoor.com/locations/st-pancras,,venue website,openstreetmap,1,,Euston Road,NW1 2AR,https://www.openstreetmap.org/node/4173541030
hibaexpress@gmail.com,Hiba Express,Camden,Holborn,Halal,https://www.hiba-express.co.uk/hiba-express/,,openstreetmap,openstreetmap,1,+44 20 7831 5171,113 High Holborn,WC1V 6JQ,https://www.openstreetmap.org/node/10804707265
info@hidencurry.com,Hiden,Camden,King's Cross,Indian,https://hidencurry.com/,,venue website,openstreetmap,2,,Coal Drops Yard,N1C 4DR,https://www.openstreetmap.org/node/8749776418
info@hokolondon.co,HOKO Wonton Noodles,Camden,St Giles,Asian; Chinese,https://www.hokolondon.co/hoko-wonton-noodles-seven-dials-market,hello@hokolondon.co; bricklane@hokolondon.co; bethnalgreen@hokolondon.co,venue website,openstreetmap,2,,35 Earlham Street,WC2H 9LX,https://www.openstreetmap.org/node/13917542391
london@rosewoodhotels.com,Holborn Dining Room,Camden,Holborn,Restaurant,https://www.rosewoodhotels.com/en/london/dining/holborn-dining-room,london.restaurants@rosewoodhotels.com,venue website,openstreetmap,3,+44 20 3747 8633,252 High Holborn,WC1V 7EN,https://www.openstreetmap.org/node/703362628
nealsyard@homeslicepizza.co.uk,Homeslice,Camden,St Giles,Pizza,https://www.homeslicepizza.co.uk/,info@homeslicepizza.co.uk,openstreetmap,openstreetmap,1,+44 20 3151 7488,13 Neal's Yard,WC2H 9DP,https://www.openstreetmap.org/way/175155039
bookings@honeyandco.co.uk,Honey & Co.,Camden,Holborn,Restaurant,https://honeyandco.co.uk/places/honey-co/,,venue website,openstreetmap,2,,54 Lamb's Conduit Street,,https://www.openstreetmap.org/node/7549942988
horseandwig@gmail.com,Horse and Wig,Camden,Holborn,Pub,https://www.horseandwig.com/,,venue website,openstreetmap,1,,14 Fulwood Place,WC1V 6HZ,https://www.openstreetmap.org/node/338504993
loteezofoodltd@gmail.com,HUS London,Camden,Holborn,Asian; Chinese,https://huslondon.co.uk,,venue website,openstreetmap,1,+44 20 3093 4160,10 Gate Street,WC2A 3HP,https://www.openstreetmap.org/way/153485392
info@icco.co.uk,Icco,Camden,Fitzrovia,Italian; Pizza,https://icco.co.uk/,,venue website,openstreetmap,1,+44 20 7580 9688,46 Goodge Street,W1T 4LU,https://www.openstreetmap.org/node/553311934
info@intermission.coffee,Intermission,Camden,West Hampstead,Bakery; Breakfast; Deli,https://www.intermission.coffee/,hello@intermission.coffee,openstreetmap,openstreetmap,1,,Unit 2 West Hampstead Square,NW6 2BR,https://www.openstreetmap.org/node/9043777883
reservations@inebytaku.com,InÉ,Camden,Hampstead,Asian; Japanese,https://inebytaku.com/,,venue website,openstreetmap,1,,Hampstead High Street,,https://www.openstreetmap.org/way/199402881
primrose@itsbagels.com,It's Bagels,Camden,Primrose Hill,Bagels,https://www.itsbagels.com/location/primrose-hill/,,venue website,openstreetmap,3,,65 Regent's Park Road,NW1 8XD,https://www.openstreetmap.org/node/931673383
hello@jacobtheangel.co.uk,Jacob the Angel,Camden,St Giles,Cafe,https://jacobtheangel.co.uk,,venue website,openstreetmap,1,,16A Neal's Yard,WC2H 9DP,https://www.openstreetmap.org/node/5522707324
soho@jamonjamonrestaurants.com,Jamon Jamon,Camden,Camden Town,Spanish,https://jamonjamon.uk.com/,belsizepark@jamonjamonrestaurants.com,venue website,openstreetmap,1,,38 Parkway,NW1 7AH,https://www.openstreetmap.org/way/451762732
camden@japes.uk,Japes,Camden,Camden Town,Pizza,https://japes.uk/,cheltenham@japes.uk; greenwich@japes.uk; soho@japes.uk; stalbans@japes.uk,venue website,openstreetmap,1,+447510162612,25 Parkway,NW1 7PG,https://www.openstreetmap.org/node/14206898660
jibrighton001@gmail.com,Ji Chickens,Camden,St Giles,Asian; Chinese,https://jichickens.com/,jibristol5@gmail.com; jichickens@gmail.com,venue website,openstreetmap,1,,232 Shaftesbury Avenue,WC2H 8EG,https://www.openstreetmap.org/way/157757477
info@kamilondon.com,Kami,Camden,Kentish Town,Asian; Japanese; Sushi,https://www.kamilondon.com/,,venue website,openstreetmap,2,+44 20 7485 7078,8 Fortess Road,NW5 2ES,https://www.openstreetmap.org/node/931661451
info@kikuchisushi.com,Kikuchi,Camden,Fitzrovia,Asian; Japanese,https://www.kikuchisushi.com/,,venue website,openstreetmap,1,+44 20 7637 7720,14 Hanway Street,W1T 1UD,https://www.openstreetmap.org/node/388116720
kimchee_pancras@kimchee.uk.com,Kimchee,Camden,King's Cross,Asian; Korean,https://kimchee.uk.com/,,venue website,openstreetmap,1,,2 Pancras square,N1C 4AG,https://www.openstreetmap.org/node/4751839926
hello@kinstreetfood.com,KIN,Camden,Holborn,Asian,https://www.kinstreetfood.com/,,venue website,openstreetmap,1,,88 Leather Lane,,https://www.openstreetmap.org/node/5312134122
info@kingscrosstandoori.co.uk,Kings Cross Tandoori,Camden,King's Cross,Indian,https://www.kingscrosstandoori.co.uk/,,venue website,openstreetmap,1,,341 Gray’s Inn Road,WC1X 8PX,https://www.openstreetmap.org/node/12944833574
info@kitchentablelondon.co.uk,Kitchen Table,Camden,Fitzrovia,Restaurant,https://kitchentablelondon.co.uk/,,openstreetmap,openstreetmap,1,,70 Charlotte Street,W1T 4QG,https://www.openstreetmap.org/node/11708224569
contact@kossoffs.com,Kosoffs Bakery,Camden,Kentish Town,Bakery,https://www.kossoffs.com,,venue website,openstreetmap,1,+44 20 7424 9799,259 Kentish Town Road,NW5 2JT,https://www.openstreetmap.org/way/291687173
mail@lapatagonia.co.uk,La Patagonia,Camden,Camden Town,Restaurant,https://lapatagonia.co.uk,marketing.lapatagonia@gmail.com,openstreetmap,openstreetmap,1,+44 20 7388 9861,31 Camden High Street,NW1 7JE,https://www.openstreetmap.org/way/225442608
ladureestpancras@laduree.com,Ladurée,Camden,King's Cross,Bakery,https://www.laduree.co.uk/laduree-st-pancras.html,,openstreetmap,openstreetmap,1,+44 7747 465965,,N1C 4QP,https://www.openstreetmap.org/node/5711218574
john.doe@gmail.com,Levent Börek,Camden,Fitzrovia,Restaurant,https://leventborek.co.uk/,,venue website,openstreetmap,2,,56 Goodge street,W1T 4NB,https://www.openstreetmap.org/node/9170583367
hello@leverandbloomcoffee.co.uk,Lever & Bloom Coffee,Camden,St Giles,Cafe,https://www.leverandbloomcoffee.co.uk/,,openstreetmap,openstreetmap,1,,222 Shaftesbury Avenue,,https://www.openstreetmap.org/way/157759515
events@linastores.co.uk,Lina Stores,Camden,King's Cross,Italian,https://www.linastores.co.uk/,,venue website,openstreetmap,3,,20 Stable Street,N1C 4DR,https://www.openstreetmap.org/node/7006445047
lionandunicorn@youngs.co.uk,Lion and Unicorn,Camden,Kentish Town,Pub,https://www.thelionandunicornnw5.co.uk/,,openstreetmap,openstreetmap,1,+44 20 7267 2304,42-44 Gaisford Street,NW5 2ED,https://www.openstreetmap.org/way/1238736065
info@loafff.com,Loaf,Camden,Clerkenwell,Cafe,https://www.instagram.com/loaf.uk,,openstreetmap,openstreetmap,1,+44 7860 934760,166-168 Clerkenwell Road,EC1R 5DE,https://www.openstreetmap.org/way/469420975
bookings@londonshellco.com,London Shell Co,Camden,Gospel Oak,Seafood,https://swainslane.londonshellco.com/,swains@londonshellco.com,venue website,openstreetmap,1,+44 20 45688586,Unit 4 Swain's Lane,,https://www.openstreetmap.org/node/9986053363
administrator@londonwelsh.org,London Welsh Bar,Camden,King's Cross,Pub,,,openstreetmap,openstreetmap,1,+44 20 7837 3722,157-163 Gray's Inn Road,WC1X 8UE,https://www.openstreetmap.org/node/7929807779
info@thelordstanley.com,Lord Stanley,Camden,Camden Town,Pub,https://www.thelordstanley.com,,openstreetmap,openstreetmap,1,+44 20 7284 3266,51 Camden Park Road,NW1 9BH,https://www.openstreetmap.org/way/1240322213
hello@loreoftheland.com,Lore of the Land,Camden,Fitzrovia,Pub,https://gritchiepubs.com/contact/,,venue website,openstreetmap,1,,4 Conway Street,W1T 6BB,https://www.openstreetmap.org/way/745483505
ciao@lume.london,Lume London,Camden,Primrose Hill,Italian,https://lume.london/,,openstreetmap,openstreetmap,1,+44 20 7449 9556,38 Primrose Hill Road,NW3 3AD,https://www.openstreetmap.org/way/110608819
lumicamden@gmail.com,Lumi,Camden,Camden Town,Breakfast,https://www.lumilondon.co.uk/,,openstreetmap,openstreetmap,1,+44 20 7693 5493,82 Camden High Street,NW1 0LT,https://www.openstreetmap.org/way/452856400
contact@luso.restaurant,Luso,Camden,Bloomsbury,Restaurant,https://luso.restaurant/,press@luso.restaurant,venue website,openstreetmap,1,+442038309888,30 Charlotte Street,,https://www.openstreetmap.org/way/138339531
bookings@madeinbrasil.co.uk,Made in Brasil,Camden,Camden Town,Restaurant,https://madeinbrasil.co.uk/,,venue website,openstreetmap,1,+44 20 7482 0777,12 Inverness Street,NW1 7HJ,https://www.openstreetmap.org/node/931633668
info@maisushi.co.uk,Mai Sushi,Camden,Somers Town,Asian; Japanese; Sushi,https://www.maisushi.co.uk/,,venue website,openstreetmap,1,+44 20 7838 7444,36-38 Chalton Street,NW1 1JB,https://www.openstreetmap.org/node/3625870092
disability@bbk.ac.uk,Malet Street Coffee Company,Camden,Bloomsbury,Breakfast,https://www.bbk.ac.uk/about-us/sustainability-at-birkbeck/sustainable-catering,,venue website,openstreetmap,1,,,,https://www.openstreetmap.org/node/5415089300
mamaskubo@gmail.com,Mama's Kubo,Camden,Hampstead,Asian,https://www.mamaskubo.com/,,openstreetmap,openstreetmap,1,+44 20 8062 6941,250 Finchley Road,NW3 6DN,https://www.openstreetmap.org/node/12598255301
fra.cavaliere@hotmail.com,Mamma Santissima,Camden,Primrose Hill,Pizza,https://mammasantissimauk.com/en,,venue website,openstreetmap,1,+442079168716;+447450407561,98 Boundary Road,NW8 0RH,https://www.openstreetmap.org/way/283219955
hello@manitobatigella.com,Manitoba Tigella,Camden,Bloomsbury,Italian,http://www.manitobatigella.com,,openstreetmap,openstreetmap,1,+44 20 7436 8231,82 New Oxford Street,WC1A 1HB,https://www.openstreetmap.org/node/6224687785
cooking@mannav.com,manna,Camden,Primrose Hill,Restaurant,https://mannav.com/,,venue website,openstreetmap,1,,4 Erskine Road,,https://www.openstreetmap.org/node/4482497191
info@mapmusic.net,Map Studio Café,Camden,Kentish Town,Breakfast,https://www.mapstudiocafe.com,maprecordingstudio@gmail.com; mapstudioevents@gmail.com; thearterymusic@gmail.com,openstreetmap,openstreetmap,1,+44 20 7916 0544,46 Grafton Road,NW5 3DU,https://www.openstreetmap.org/way/38503325
eat@mestizomx.com,Mestizo,Camden,Somers Town,Mexican,https://london.mestizomx.com/,,openstreetmap,openstreetmap,1,+442073874064,103 Hampstead Road,NW1 3EL,https://www.openstreetmap.org/node/2905544437
hello@mielbakery.co.uk,Miel,Camden,Fitzrovia,Bakery,https://mielbakery.co.uk,,openstreetmap,openstreetmap,1,,60 Warren Street,W1T 5NU,https://www.openstreetmap.org/way/426232597
enquiries@atariya.co.uk,Mikuniya,Camden,Swiss Cottage,Asian; Sushi,https://www.atariya.co.uk,,venue website,openstreetmap,1,+44 20 7328 5338,75 Fairfax Road,,https://www.openstreetmap.org/node/4677251801
hello@mildreds.com,Mildreds,Camden,Camden Town,Restaurant,https://www.mildreds.com/camden/,,venue website,openstreetmap,5,,9-11 Jamestown Road,NW1 7BW,https://www.openstreetmap.org/node/4609542608
info@monplaisir.co.uk,Mon Plaisir,Camden,St Giles,French,https://www.monplaisir.co.uk/,,venue website,openstreetmap,1,+44 20 7836 7243,21 Monmouth Street,WC2H 9DD,https://www.openstreetmap.org/node/13809152817
beans@monmouthcoffee.co.uk,Monmouth Coffee Company,Camden,St Giles,Breakfast; Deli,https://www.monmouthcoffee.co.uk/,,venue website,openstreetmap,4,+44 20 7232 3010,27 Monmouth Street,WC2H 9EU,https://www.openstreetmap.org/node/12920922057
abbeyroad@morsolondon.co.uk,Morso,Camden,Primrose Hill,Italian,https://www.morsolondon.co.uk/,,venue website,openstreetmap,1,+44 20 7624 7412,130 Boundary Road,NW8 0RH,https://www.openstreetmap.org/way/792327522
mrpiadinauk@gmail.com,Mr Piadina,Camden,Camden Town,Restaurant,https://www.facebook.com/MrPiadina/,,openstreetmap,openstreetmap,1,,Camden Lock Place,,https://www.openstreetmap.org/node/4540018490
info@murgerhan.com,Murger Han,Camden,Somers Town,Restaurant,https://www.murgerhan.com/,,venue website,openstreetmap,2,,62 Eversholt Street,,https://www.openstreetmap.org/node/3357569142
info@walkersquay.com,My Fair Lady floating restaurant,Camden,Camden Town,Restaurant,https://www.walkersquay.com/,,venue website,openstreetmap,1,,250 Camden High Street,NW1 8QS,https://www.openstreetmap.org/node/8062108410
info@myolddutch.com,My Old Dutch,Camden,Holborn,Restaurant,https://myolddutch.com/,,venue website,openstreetmap,2,+44 20 7242 5200,131-132 High Holborn,WC1V 6PS,https://www.openstreetmap.org/way/157748200
sales@namasteholborn.com,Namaste Holborn,Camden,Holborn,Indian,https://namasteholborn.com,,openstreetmap,openstreetmap,1,+44 20 7242 2434,33 Boswell Street,WC1N 3BP,https://www.openstreetmap.org/node/309114626
finchleyroad@natural-natural.co.uk,Natural Natural,Camden,West Hampstead,Asian; Deli; Japanese,https://natural-natural.shop/pages/ourshops,,openstreetmap,openstreetmap,1,+44 20 7624 5734,1 Goldhurst Terrace,NW6 3HX,https://www.openstreetmap.org/node/1171822018
hello@neverforeverkt.com,Never For Ever,Camden,Gospel Oak,Pub,https://neverforeverkt.com,events@neverforeverkt.com,openstreetmap,openstreetmap,1,+44 20 7267 7007,79 Highgate Road,NW5 1TL,https://www.openstreetmap.org/node/2561724243
info@ngonngon.co.uk,Ngon Ngon,Camden,Clerkenwell,Asian,https://www.ngonngon.co.uk/,,venue website,openstreetmap,1,,144 Clerkenwell Road,EC1R 5DP,https://www.openstreetmap.org/way/571479656
reservations@noblerot.co.uk,Noble Rot,Camden,Holborn,Restaurant,https://noblerot.co.uk/,hello@noblerot.co.uk; lambsconduit@noblerot.co.uk; soho@noblerot.co.uk; mayfair@noblerot.co.uk; martha@noblerot.co.uk; ollie@noblerot.co.uk; terri@noblerot.co.uk; emma@noblerot.co.uk; adampfk@outlook.com; marbelbe@yahoo.com; smpbreen@gmail.com; rafaelarus60@gmail.com; kabirujethro@gmail.com; harshilborad7751@gmail.com; kate@noblerot.co.uk; benjamingrthomas@gmail.com; megan@noblerot.co.uk; kelly@noblerot.co.uk; ana@noblerot.co.uk; jacobdp@hotmail.co.uk; marleywise13@gmail.com; mattjharris1@gmail.com; howardhannahmae@gmail.com; grace_laughlin@yahoo.com; terrykandylis@gmail.com; adamtorok096@gmail.com; declan@noblerot.co.uk; jonahcalkin@gmail.com; scdfleet@gmail.com; ydiggswilliams@gmail.com; adam@noblerot.co.uk; robertmccreery1@hotmail.com; asya0007@gmail.com; guywhitelam@gmail.com; tomgreenhalgh@outlook.com; georgescball@gmail.com; kittyfecotton8@gmail.com; gracebailey3015@gmail.com; darcyce1996@gmail.com; kwame161994@gmail.com; jackscpepper@gmail.com; awireebenezer@gmail.com; benjidavis01@gmail.com; wcra80958@gmail.com; chloejanewatt@gmail.com; naomi@noblerot.co.uk; thomas.upex@gmail.com; bronte.agostino@gmail.com; ryan.mozzie@gmail.com; s.aron96@icloud.com; finnegan.baldwin@gmail.com; williamhr.edwards@gmail.com; el.j.burt@btinternet.com; maya.ager@icloud.com; theo.millar123@gmail.com; erika.cos97@gmail.com; maximilian.jgrilli@gmail.com; evan.d.solomon@gmail.com; madeleine.capstick@gmail.com; miss.rachel.able@gmail.com; as.burlats@gmail.com; ava.bradbury98@gmail.com; ryan.goodale01@gmail.com; carlo.lavarini@outlook.com; press@noblerot.co.uk,openstreetmap,openstreetmap,1,+44 20 7242 8963,51 Lamb's Conduit Street,WC1N 3NB,https://www.openstreetmap.org/node/7549940581
love@nojolondon.co.uk,Nojo,Camden,Chalk Farm,Bakery,https://nojolondon.co.uk/,,venue website,openstreetmap,1,,Unit 730 Chalk Farm Road,,https://www.openstreetmap.org/node/4699035791
info@norfolkarms.co.uk,Norfolk Arms,Camden,St Pancras,Pub,https://norfolkarms.co.uk/,,openstreetmap,openstreetmap,1,+44 20 7388 3937,28 Leigh Street,WC1H 9EP,https://www.openstreetmap.org/way/100267362
info@northseafishrestaurant.co.uk,North Sea Fish,Camden,St Pancras,Seafood,https://www.northseafishrestaurant.co.uk/,,openstreetmap,openstreetmap,1,+44 20 7387 5892,7-8 Leigh Street,WC1H 9EW,https://www.openstreetmap.org/node/874743737
otinorestaurant@gmail.com,O Tino Restaurante,Camden,Camden Town,Restaurant,https://www.otinorestaurant.co.uk/,reservation.otino@gmail.com,venue website,openstreetmap,1,,1 Plender Street,NW1 0JS,https://www.openstreetmap.org/way/226067820
canarywharf@oleandsteen.co.uk,Ole & Steen,Camden,Hampstead,Bakery,https://oleandsteen.co.uk/stores,chiswick@oleandsteen.co.uk; ecclestonplace@oleandsteen.co.uk; greenwich@oleandsteen.co.uk; guildford@oleandsteen.co.uk; hampstead@oleandsteen.co.uk; jubileeplace@oleandsteen.co.uk; kensingtonhighstreet@oleandsteen.co.uk; kingston@oleandsteen.co.uk; leicestersquare@oleandsteen.co.uk; londonbridge@oleandsteen.co.uk; moorgate@oleandsteen.co.uk; northcoteroad@oleandsteen.co.uk; nottinghill@oleandsteen.co.uk; oxfordcircus@oleandsteen.co.uk; oxfordwestgate@oleandsteen.co.uk; richmond@oleandsteen.co.uk; sevendials@oleandsteen.co.uk; southkensington@oleandsteen.co.uk; stjames@oleandsteen.co.uk; strand@oleandsteen.co.uk; tottenhamcourtroad@oleandsteen.co.uk; victorianova@oleandsteen.co.uk; westfieldwhitecity@oleandsteen.co.uk; wigmore@oleandsteen.co.uk; windsor@oleandsteen.co.uk,venue website,openstreetmap,1,,38;40 Hampstead High Street,NW3 1QE,https://www.openstreetmap.org/way/199550680
tottenhamcourtroad@oleandsteen.co.uk,Ole & Steen,Camden,Bloomsbury,Bakery,https://oleandsteen.co.uk/store/44141-tottenham-court-road,,openstreetmap,openstreetmap,1,+44 20 3948 4888,1 Bedford Avenue,WC1B 3AU,https://www.openstreetmap.org/way/522063366
admin@oliversfishandchips.com,Oliver's Fish & Chips,Camden,Primrose Hill,Seafood,https://www.oliversfishandchips.com/,,venue website,openstreetmap,1,,95 Haverstock Hill,NW3 4RL,https://www.openstreetmap.org/way/1312813836
info@origincoffee.co.uk,Origin,Camden,King's Cross,Breakfast,https://www.origincoffee.co.uk,wholesale@origincoffee.co.uk,venue website,openstreetmap,2,+44 20 7387 8684,65 Euston Road,NW1 2DB,https://www.openstreetmap.org/node/4929337118
orders@paddycakes.uk,Paddy Cakes,Camden,Kentish Town,Bakery,https://www.paddycakes.uk/,,venue website,openstreetmap,1,,129 Fortess Road,NW5 2HR,https://www.openstreetmap.org/way/1372794531
reservations@daisygreenfood.com,Parliament Hill Café,Camden,Gospel Oak,Cafe,https://www.daisygreenfood.com/location-parliament-hill,,venue website,openstreetmap,6,,,,https://www.openstreetmap.org/way/97209494
byreservations@parrillan.co.uk,Parrillan,Camden,Somers Town,Spanish,https://www.parrillan.co.uk/,cdyreservations@parrillan.co.uk,venue website,openstreetmap,2,,,,https://www.openstreetmap.org/way/834245600
info@patronlondon.com,Patron Cave à Manger,Camden,Kentish Town,French,https://www.patronlondon.com/,,venue website,openstreetmap,1,,26 Fortess Road,NW5 2HB,https://www.openstreetmap.org/node/931648860
info@pesantissimo.com,Pesantissimo,Camden,Primrose Hill,Pizza,https://www.pesantissimo.com/,,venue website,openstreetmap,1,+442075869100,148 Regent's Park Road,NW1 8XN,https://www.openstreetmap.org/way/1028386454
888bme@gmail.com,Pizza Direct,Camden,Kentish Town,Pizza,https://pizzadirect.co/,,venue website,openstreetmap,1,,179 York Way,N7 9LN,https://www.openstreetmap.org/node/9410502461
info@pizzasophia.com,Pizza Sophia,Camden,St Pancras,Pizza,https://pizzasophia.com/,,openstreetmap,openstreetmap,1,+44 20 7833 8556,50 Tavistock Place,WC1H 9RG,https://www.openstreetmap.org/way/444832143
hello@plazakhaogaeng.com,Plaza Kgao Gaeng,Camden,Bloomsbury,Asian,https://plazakhaogaeng.com/,by@plazakhaogaeng.com; cg@plazakhaogaeng.com; tcr@plazakhaogaeng.com,openstreetmap,openstreetmap,1,,103-105 New Oxford Street,WC1A 1DB,https://www.openstreetmap.org/node/11249216838
hello@pokeshack.co.uk,Poké Shack,Camden,Fitzrovia,Restaurant,https://www.pokeshack.co.uk/,,venue website,openstreetmap,2,,26 Rathbone Place,W1T 1JD,https://www.openstreetmap.org/way/135117840
info@poppiesfishandchips.co.uk,Poppies of Camden,Camden,Camden Town,Seafood,https://poppiesfishandchips.co.uk/poppies-camden/,,venue website,openstreetmap,4,+44 20 7267 0440,,,https://www.openstreetmap.org/node/3138186730
primrosehill@primrose-bakery.co.uk,Primrose Bakery,Camden,Chalk Farm,Bakery,https://primrose-bakery.co.uk,,venue website,openstreetmap,1,,,,https://www.openstreetmap.org/node/5096003079
lambsconduitstreet@redemptionroasters.com,Redemption Roasters,Camden,Holborn,Breakfast,https://www.redemptionroasters.com/,,openstreetmap,openstreetmap,1,,86 Lamb's Conduit Street,,https://www.openstreetmap.org/node/7529834022
healthy@remedykitchen.co.uk,Remedy Kitchen,Camden,Primrose Hill,Restaurant,https://remedykitchen.co.uk,,venue website,openstreetmap,1,,83 Haverstock Hill,NW3 4RL,https://www.openstreetmap.org/way/1312813845
info@ripekitchen.co.uk,Ripe Kitchen,Camden,Primrose Hill,Breakfast; Deli,https://ripekitchen.co.uk/,,openstreetmap,openstreetmap,1,,136 Regent's Park Road,NW1 8XL,https://www.openstreetmap.org/way/1119447380
reservations@rockandsoleplaice.com,Rock & Sole Plaice,Camden,St Giles,Seafood,https://www.rockandsoleplaice.com/,,openstreetmap,openstreetmap,1,,47 Endell Street,WC2H 9AJ,https://www.openstreetmap.org/way/148511933
roguesquarterlondon@gmail.com,Rogues Quarter,Camden,Gospel Oak,Breakfast; Spanish,https://www.roguesquarter.com/,,openstreetmap,openstreetmap,1,+442079164219,155-157 Queen's Crescent,NW5 4EA,https://www.openstreetmap.org/node/11162687030
bakerstreet@rosasthai.com,Rosa's Thai Cafe,Camden,West Hampstead,Asian,https://www.rosasthaicafe.com/locations/westhampstead,brixton@rosasthai.com; edinburgh@rosasthai.com; greenwich@rosasthai.com; kingscross@rosasthai.com; leeds@rosasthai.com; soho@rosasthai.com; spitalfields@rosasthai.com; victoria@rosasthai.com; warrenstreet@rosasthai.com; wimbledon@rosasthai.com,venue website,openstreetmap,8,+44 20 3773 1568,152 West End Lane,NW6 1SD,https://www.openstreetmap.org/node/1313298816
info@rossodisera.co.uk,Rossodisera,Camden,St Giles,Italian,https://rossodisera.co.uk/,bookingrossodisera@gmail.com,openstreetmap,openstreetmap,1,+44 20 7240 3683,5 Monmouth Street,WC2H 9DA,https://www.openstreetmap.org/node/6029527787
hello@rotiking.com,Roti King,Camden,Somers Town,Asian,https://rotiking.com/location/euston/,euston@rotiking.com,venue website,openstreetmap,4,+44 20 7387 2518,40 Doric Way,NW1 1LH,https://www.openstreetmap.org/node/3378994793
7244@greeneking.co.uk,Royal George,Camden,Somers Town,Pub,https://www.greeneking-pubs.co.uk/pubs/greater-london/royal-george/,,venue website,openstreetmap,1,,8-14 Eversholt Street,NW1 1DG,https://www.openstreetmap.org/way/125751676
tottenhamcourtroad@rudyspizza.co.uk,Rudy's Pizza Napoletana,Camden,Fitzrovia,Pizza,https://www.rudyspizza.co.uk/pizzerias/tottenham-court-road,,venue website,openstreetmap,1,,53-54 Tottenham Court Road,W1T 2EJ,https://www.openstreetmap.org/way/530393384
info@salaam-namaste.co.uk,Salaam Namaste,Camden,Holborn,Indian,https://salaam-namaste.co.uk/,,venue website,openstreetmap,1,+44 20 7405 3697,68 Millman Street,WC1N 3EF,https://www.openstreetmap.org/node/5838769586
orders@sandwichsandwich.co.uk,Sandwich Sandwich,Camden,Fitzrovia,Deli,https://sandwichsandwich.co.uk/locations/tottenham-court-road/,customerservice@sandwichsandwich.co.uk,venue website,openstreetmap,1,,27 Tottenham Court Road,W1T 1BJ,https://www.openstreetmap.org/way/425222124
info@sarracinorestaurant.com,Sarracino,Camden,West Hampstead,Italian,https://www.sarracinorestaurant.com/,,venue website,openstreetmap,1,+44 20 7624 3886,186 Broadhurst Gardens,NW6 3AY,https://www.openstreetmap.org/way/473654307
kensington@scoffandbanter.com,Scoff & Banter,Camden,St Giles,Restaurant,https://www.scoffandbanter.com/,canarywharf@scoffandbanter.com,venue website,openstreetmap,2,,,,https://www.openstreetmap.org/node/970857052
stpancrasreception@searcys.co.uk,Searcy's,Camden,King's Cross,Restaurant,https://stpancrasbysearcys.co.uk/brasserie/,,openstreetmap,openstreetmap,1,+44 20 7870 9900,The Grand Terrace,N1C 4QL,https://www.openstreetmap.org/node/3711917737
events@sevendialsmarket.com,Seven Dials Market,Camden,St Giles,Food court,https://www.sevendialsmarket.com,,venue website,openstreetmap,1,,Earlham Street,WC2H 9AU,https://www.openstreetmap.org/node/438170659
info@theshiptavern.co.uk,Ship Tavern,Camden,Holborn,Pub,,,openstreetmap,openstreetmap,1,+44 20 7405 1992,12 Gate Street,WC2A 3HP,https://www.openstreetmap.org/node/21593236
shoryu.carnaby@shoryuramen.com,Shoryu,Camden,Bloomsbury,Asian; Japanese,https://www.shoryuramen.com/,shoryu.coventgarden@shoryuramen.com; shoryu.regent@shoryuramen.com; shoryu.soho@shoryuramen.com; shoryu.shoreditch@shoryuramen.com; shoryu.worldfoodcourt@shoryuramen.com; shoryu.oxford@shoryuramen.com; shoryu.manchester@shoryuramen.com; shoryu.stratford@shoryuramen.com; press@shoryuramen.com,venue website,openstreetmap,5,,84 New Oxford Street,WC1A 1HB,https://www.openstreetmap.org/node/4259375231
london@shuffleboardbars.com,Shuffleboard Bar London,Camden,King's Cross,Pub,https://shuffleboardbars.com/london/,,openstreetmap,openstreetmap,1,,37 Tavistock Place,,https://www.openstreetmap.org/node/10937912505
info@simmonsbar.co.uk,Simmons,Camden,Camden Town,Pub,https://www.simmonsbar.co.uk/,,venue website,openstreetmap,1,,7 Camden High Street,NW1 7JE,https://www.openstreetmap.org/way/225442612
manager@sircc.pub,Sir Colin Campbell,Camden,Kilburn,Pub,https://www.sircc.pub,,venue website,openstreetmap,1,+44 20 3021 1831,264-266 Kilburn High Road,NW6 2BY,https://www.openstreetmap.org/way/579402933
skinnersarms@douglasinns.co.uk,Skinners Arms,Camden,King's Cross,Pub,https://skinnersarmslondon.com/,,openstreetmap,openstreetmap,1,+442078376521,114 Judd Street,WC1H 9NT,https://www.openstreetmap.org/node/298347049
info@thesmugglerstavern.co.uk,Smuggler's Tavern,Camden,Fitzrovia,Pub,https://thesmugglerstavern.co.uk/,,venue website,openstreetmap,1,+44 20 7388 8686,28 Warren Street,,https://www.openstreetmap.org/way/420411288
kim@spicedeli.co.uk,Spice Deli,Camden,West Hampstead,Asian; Deli; Indian,https://www.spicedeli.co.uk/,,venue website,openstreetmap,1,,11 Goldhurst Terrace,NW6 3HX,https://www.openstreetmap.org/node/13879037544
spierssalads@gmail.com,Spier's Salads,Camden,Bloomsbury,Takeaway,https://www.spierssalads.com/,,openstreetmap,openstreetmap,1,+44 7817754963,Bloomsbury Square,,https://www.openstreetmap.org/node/1659659969
storestreetespresso@gmail.com,Store Street Espresso,Camden,St Pancras,Breakfast,https://www.storestespresso.co.uk/,coffee@storestespresso.co.uk,venue website,openstreetmap,4,,54 Tavistock Place,WC1H 9RG,https://www.openstreetmap.org/way/257090286
info@studiogauthier.co.uk,Studio Gauthier,Camden,Fitzrovia,Asian; Sushi,https://studiogauthier.co.uk,,openstreetmap,openstreetmap,1,+44 7759 155344,21 Stephen Street,W1T 1LN,https://www.openstreetmap.org/node/11389558842
info@superstarbbq.co.uk,SuperStar BBQ,Camden,St Giles,BBQ,https://www.superstarbbq.co.uk/,,venue website,openstreetmap,1,,,,https://www.openstreetmap.org/way/364431785
info@sushisalsacamden.co.uk,Sushi Salsa,Camden,Camden Town,Asian; Japanese; Sushi,https://www.sushisalsacamden.co.uk/,,openstreetmap,openstreetmap,1,+44 20 7482 7088,3A Camden Wharf Jamestown Road,NW1 7BY,https://www.openstreetmap.org/node/4488591250
info@takagiyalondon.com,Takagiya,Camden,West Hampstead,Asian; Japanese,https://www.takagiyalondon.com,,openstreetmap,openstreetmap,1,+44 2074 190558,102 Fortune Green Road,NW6 1DS,https://www.openstreetmap.org/node/11510836823
info@templeofseitan.co.uk,Temple of Seitan,Camden,Camden Town,Burger,https://templeofseitan.co.uk/,sean@templeofseitan.co.uk,venue website,openstreetmap,2,,43 Parkway,NW1 7PN,https://www.openstreetmap.org/way/232387694
info@terramodernalondon.com,Terra Moderna,Camden,Belsize Park,Restaurant,https://www.terramodernalondon.com/,,venue website,openstreetmap,1,+44 20 4568 8525,2B England's Lane,NW3 4TG,https://www.openstreetmap.org/way/1018791605
info@terroni.co.uk,Terroni of Clerkenwell,Camden,Clerkenwell,Deli; Italian,https://terroni.co.uk,,openstreetmap,openstreetmap,1,+44 20 7837 1712,138-140 Clerkenwell Road,EC1R 5DL,https://www.openstreetmap.org/way/570681902
coventgarden@thaisq.com,Thai Square,Camden,St Giles,Asian,https://www.thaisq.com/,admin@thaisq.com,openstreetmap,openstreetmap,1,+44 20 7836 7600,166-170 Shaftesbury Avenue,WC2H 8JB,https://www.openstreetmap.org/node/9346808426
info@thealliancenw6.com,The Alliance,Camden,West Hampstead,Pub,https://locipubs.com/alliance/,,openstreetmap,openstreetmap,1,+44 2077 942860,40-42 Mill Lane,NW6 1NR,https://www.openstreetmap.org/way/1238928087
6018@greeneking.co.uk,The Assembly House,Camden,Kentish Town,Pub,https://www.greeneking-pubs.co.uk/pubs/greater-london/assembly-house/,,venue website,openstreetmap,1,,292-294 Kentish Town Road,NW5 2TG,https://www.openstreetmap.org/way/973132221
westhampstead@bananatree.co.uk,The Banana Tree Canteen,Camden,West Hampstead,Restaurant,https://bananatree.co.uk/restaurants/west-hampstead/,bath@bananatree.co.uk; battersea@bananatree.co.uk; birminghambullring@bananatree.co.uk; cardiff@bananatree.co.uk; chelmsford@bananatree.co.uk; coventgarden@bananatree.co.uk; greenwich@bananatree.co.uk; haywardsheath@bananatree.co.uk; henley@bananatree.co.uk; islington@bananatree.co.uk; maidavale@bananatree.co.uk; miltonkeynes@bananatree.co.uk; theo2@bananatree.co.uk; oxford@bananatree.co.uk; portsmouth@bananatree.co.uk; salford@bananatree.co.uk; soho@bananatree.co.uk; stevenage@bananatree.co.uk; windsor@bananatree.co.uk,venue website,openstreetmap,1,,,,https://www.openstreetmap.org/node/630502026
hello@thebarbary.co.uk,The Barbary,Camden,St Giles,Restaurant,https://www.thebarbary.co.uk/,,openstreetmap,openstreetmap,1,,16 Neal's Yard,WC2H 9DP,https://www.openstreetmap.org/node/4348379097
betjemanarms@youngs.co.uk,The Betjeman Arms,Camden,King's Cross,Pub,https://www.thebetjemanarms.co.uk/,,openstreetmap,openstreetmap,1,+44 20 3040 7158,Unit 53,N1C 4QL,https://www.openstreetmap.org/node/1116251530
life@ourblackheart.com,The Black Heart,Camden,Camden Town,Pub,https://www.ourblackheart.com/,,openstreetmap,openstreetmap,1,+44 20 7428 9730,2-3 Greenland Place,NW1 0AP,https://www.openstreetmap.org/node/293390260
manager@blacklionkilburn.co.uk,The Black Lion,Camden,Kilburn,Indian; Pub,https://blacklionkilburn.co.uk/,,venue website,openstreetmap,1,,274 Kilburn High Road,NW6 2BY,https://www.openstreetmap.org/way/172055438
hello@theblackpenny.com,The Black Penny,Camden,Covent Garden,Breakfast,https://www.theblackpenny.com/,coventgarden@theblackpenny.com; sloanesquare@theblackpenny.com; southbank@theblackpenny.com,openstreetmap,openstreetmap,1,+44 20 7242 2580,34 Great Queen Street,WC2B 5AA,https://www.openstreetmap.org/way/148522897
bullandgate@youngs.co.uk,The Bull & Gate,Camden,Kentish Town,Pub,http://www.bullandgatenw5.co.uk/,,openstreetmap,openstreetmap,1,+44 20 3437 0905,389 Kentish Town Road,NW5 2TJ,https://www.openstreetmap.org/way/449266220
bookings@postalmuseum.org,The Café,Camden,Holborn,Cafe,https://www.postalmuseum.org/,,venue website,openstreetmap,1,,Phoenix Place,,https://www.openstreetmap.org/node/5207251548
info@camdenassembly.com,The Camden Assembly,Camden,Chalk Farm,Bar,https://camdenassembly.com/,,openstreetmap,openstreetmap,1,+44 20 7424 0800,49 Chalk Farm Road,NW1 8AN,https://www.openstreetmap.org/way/373710180
info@thecolonelfawcett.co.uk,The Colonel Fawcett,Camden,Camden Town,Pub,https://thecolonelfawcett.co.uk/,,venue website,openstreetmap,1,,1 Randolph Street,NW1 0SS,https://www.openstreetmap.org/node/49314952
reservations@thecoralroom.co.uk,The Coral Room,Camden,Bloomsbury,Cafe,https://www.thecoralroom.co.uk/,,venue website,openstreetmap,1,,16-22 Great Russell Street,WC1B 3NN,https://www.openstreetmap.org/node/6943877038
info@elephantsheadcamden.com,The Elephant's Head,Camden,Camden Town,Pub,https://www.elephantsheadcamden.com/,,venue website,openstreetmap,1,,224 Camden High Street,NW1 8QR,https://www.openstreetmap.org/node/14206898649
booktable@camdenenterprise.com,The Enterprise,Camden,Primrose Hill,Pub,https://camdenenterprise.com/,,venue website,openstreetmap,1,+44 20 7485 2659,2 Haverstock Hill,NW3 2BL,https://www.openstreetmap.org/way/373710205
elbowgigs@hotmail.co.uk,The Fiddler's Elbow,Camden,Kentish Town,Pub,https://www.thefiddlerselbow.co.uk/,,venue website,openstreetmap,1,,1 Malden Road,NW5 3HS,https://www.openstreetmap.org/way/929791965
kentishtown@thefieldsbeneath.com,The Fields Beneath,Camden,Kentish Town,Breakfast,https://www.thefieldsbeneath.com,,venue website,openstreetmap,1,+44 20 7424 8838,52A Prince of Wales Road,NW5 3LN,https://www.openstreetmap.org/way/972694800
contact@thegatehousen6.com,The Gatehouse,Camden,Highgate,Pub,https://thegatehousen6.com/,events@urbanpubsandbars.com,openstreetmap,openstreetmap,1,+44 20 8340 8054,1 North Road,N6 4BD,https://www.openstreetmap.org/way/416068944
ross@thegoodmews.co.uk,The Good Mews,Camden,Kentish Town,Breakfast,https://www.thegoodmews.co.uk/,,venue website,openstreetmap,1,+44 7928 237555,230A Kentish Town Road,NW5 2AB,https://www.openstreetmap.org/way/878202956
info@thegraftonnw5.co.uk,The Grafton,Camden,Kentish Town,Pub,https://www.thegraftonnw5.co.uk,,venue website,openstreetmap,1,,20 Prince of Wales Road,NW5 3LG,https://www.openstreetmap.org/way/339202679
harrisonbar@hotmail.com,The Harrison,Camden,King's Cross,Pub,https://harrisonbar.co.uk/,janeknightuxcontentdesign@gmail.com,venue website,openstreetmap,1,,28 Harrison Street,WC1H 8JF,https://www.openstreetmap.org/way/275292695
info@thehatandtun.com,The Hat and Tun,Camden,Clerkenwell,Pub,https://www.thehatandtun.com,,openstreetmap,openstreetmap,1,+44 20 7242 4747,3 Hatton Wall,EC1N 8HX,https://www.openstreetmap.org/way/572670795
thelibracontact@gmail.com,The Libra Theatre Cafe,Camden,Chalk Farm,Cafe,https://www.thelibratc.com/,,openstreetmap,openstreetmap,1,,,,https://www.openstreetmap.org/node/13929218770
reservations@thelighterman.co.uk,The Lighterman,Camden,King's Cross,Pub,https://thelighterman.co.uk/,events@thelighterman.co.uk,openstreetmap,openstreetmap,1,+44 20 3846 3400,3 Granary Square,N1C 4BH,https://www.openstreetmap.org/way/427900370
enquiries@lbpedlar.com,The Little Bread Pedlar,Camden,Primrose Hill,Bakery,https://www.lbpedlar.com/,,venue website,openstreetmap,3,,91 Regent's Park Road,NW1 8UT,https://www.openstreetmap.org/way/1028386437
hello@tlocoffee.co.uk,The Little One,Camden,Primrose Hill,Cafe,https://www.tlocoffee.com/,,openstreetmap,openstreetmap,1,,115a Regent's Park Road,NW1 8UR,https://www.openstreetmap.org/node/8240843870
info@imperialhotels.co.uk,The London Pub,Camden,St Pancras,Restaurant,https://www.imperialhotels.co.uk/royal-national-hotel/restaurant/the-london-pub/,,venue website,openstreetmap,1,+44 20 7692 3619,,,https://www.openstreetmap.org/node/2624195137
hello@themagdala.co.uk,The Magdala,Camden,Hampstead,Pub,https://www.themagdala.co.uk/,,openstreetmap,openstreetmap,1,+442074338322,2a South Hill Park,NW3 2SB,https://www.openstreetmap.org/node/596791860
bookings@theninthlondon.com,The Ninth,Camden,Fitzrovia,French,https://www.theninthlondon.com/,,venue website,openstreetmap,1,,22 Charlotte Street,W1T 2NB,https://www.openstreetmap.org/node/12265896702
info@northumberland-arms.com,The Northumberland Arms,Camden,Fitzrovia,Pub,https://www.northumberland-arms.com/,,venue website,openstreetmap,1,,119 Tottenham Court Road,W1T 5AW,https://www.openstreetmap.org/way/294886276
sales@samuelsmithsbrewery.co.uk,The Old Crown Pub,Camden,Bloomsbury,Pub,https://www.samuelsmithsbrewery.co.uk/,,venue website,openstreetmap,1,,33 New Oxford Street,WC1A 1BH,https://www.openstreetmap.org/way/157757561
info@theoldfarmhousepub.com,The Old Farmhouse,Camden,Kentish Town,Italian; Pub,https://www.theoldfarmhousepub.com/,,venue website,openstreetmap,1,,289-291 Kentish Town Road,NW5 2JS,https://www.openstreetmap.org/way/291687162
info@theoldwhitebearhampstead.co.uk,The Old White Bear,Camden,Hampstead,Pub,https://www.theoldwhitebearhampstead.co.uk/,,venue website,openstreetmap,1,,1 Well Road,NW3 1LJ,https://www.openstreetmap.org/way/1248129184
enquiries@youngs.co.uk,The One Tun,Camden,Fitzrovia,Pub,https://www.youngs.co.uk/pub-detail.asp?PubID=432,events@youngs.co.uk; shareholder@youngs.co.uk; feedback@youngs.co.uk; pressenquiries@youngs.co.uk,venue website,openstreetmap,9,,58-60 Goodge Street,W1T 4ND,https://www.openstreetmap.org/way/118806519
info@oxfordarmscamden.co.uk,The Oxford Arms,Camden,Camden Town,Pub,https://oxfordarmscamden.co.uk,,venue website,openstreetmap,1,+44 20 7267 4945,265 Camden High Street,NW1 7BU,https://www.openstreetmap.org/node/26610590
info@theparakeetpub.com,The Parakeet,Camden,Kentish Town,Pub,https://theparakeetpub.com,bookings@theparakeetpub.com,openstreetmap,openstreetmap,1,+44 20 4599 6302,256 Kentish Town Road,NW5 2AA,https://www.openstreetmap.org/way/941142501
manager@thepineapplepubnw5.com,The Pineapple,Camden,Kentish Town,Asian; Pub,https://www.thepineapplepubnw5.com/,,openstreetmap,openstreetmap,1,+44 20 7284 4631,51 Leverton Street,NW5 2NX,https://www.openstreetmap.org/node/192399976
hello@princealbert.pub,The Prince Albert,Camden,Camden Town,Pub,https://www.princealbert.pub/,manager@princealbert.pub,venue website,openstreetmap,1,,,,https://www.openstreetmap.org/way/1009113811
info@lovetheprincess.com,The Princess of Wales,Camden,Primrose Hill,Pub,https://www.lovetheprincess.com,,openstreetmap,openstreetmap,1,+44 20 7722 0354,22 Chalcot Road,,https://www.openstreetmap.org/way/520149634
bookings@roseandcrownkentishtown.com,The Rose & Crown,Camden,Kentish Town,Pub,https://www.roseandcrownkentishtown.com/,contact@roseandcrownkentishtown.com,venue website,openstreetmap,1,+44 20 7267 4305,71-73 Torriano Avenue,NW5 2SG,https://www.openstreetmap.org/way/107827281
bookings@thesheephavenbaycamden.com,The Sheephaven Bay,Camden,Camden Town,Pub,https://sheephavenbaycamden.co.uk/,,openstreetmap,openstreetmap,1,+44 20 7380 1323,2 Mornington Street,NW1 7QD,https://www.openstreetmap.org/way/946022259
kenwood@searcys.co.uk,The Steward's Room,Camden,North End,Cafe,http://searcyskenwoodhouse.co.uk,,openstreetmap,openstreetmap,1,+44 20 8348 4073,,,https://www.openstreetmap.org/node/331925869
info@thewellshampstead.co.uk,The Wells Tavern,Camden,Hampstead,Pub,https://thewellshampstead.co.uk/,,venue website,openstreetmap,1,+44 20 7794 3785,30 Well Walk,NW3 1BX,https://www.openstreetmap.org/way/553138189
info@tinseltown.co.uk,Tinseltown,Camden,Hampstead,American,https://www.tinseltown.co.uk/,franchising@tinseltown.co.uk,venue website,openstreetmap,1,,Heath Street,NW3 1DR,https://www.openstreetmap.org/way/200082636
charlottestreet@tofuvegan.com,Tofu Vegan,Camden,Fitzrovia,Restaurant,https://www.tofuvegan.com/home,,openstreetmap,openstreetmap,1,+442045599761,32 Charlotte Street,W1T 2NQ,https://www.openstreetmap.org/way/138339548
kingscross@tortilla.co.uk,Tortilla,Camden,King's Cross,Mexican,https://www.tortilla.co.uk/restaurants/kings-cross,,venue website,openstreetmap,1,,6 Pancras Square,N1C 4AG,https://www.openstreetmap.org/node/4620415277
russellsq@tortilla.co.uk,Tortilla,Camden,Bloomsbury,Mexican,https://www.tortilla.co.uk/restaurants/russell-square,,openstreetmap,openstreetmap,1,+44 20 7837 5485,5 Bernard Street,WC1N 1LJ,https://www.openstreetmap.org/node/4960301222
info@turpanuyghur.com,Turpan,Camden,St Giles,Asian,https://www.turpanuyghur.com/,,venue website,openstreetmap,1,+44 20 7636 9949,108 Great Russell Street,,https://www.openstreetmap.org/way/424560494
contact@tuttis.co.uk,Tutti's,Camden,Holborn,Cafe,https://tuttis.co.uk/,,venue website,openstreetmap,1,,68 Lamb's Conduit Street,,https://www.openstreetmap.org/node/7549942997
infourumchi@gmail.com,Urumchi,Camden,Bloomsbury,Restaurant,https://urumchi.co.uk/,,venue website,openstreetmap,1,,9 Cosmo Place,WC1N 3AP,https://www.openstreetmap.org/way/800170194
hello@uzumakilondon.com,Uzumaki,Camden,Bloomsbury,Asian; Japanese,https://www.uzumakilondon.com/,,venue website,openstreetmap,1,,107 Great Russell Street,WC1B 3NA,https://www.openstreetmap.org/way/424560502
info@vermuteria.cc,Vermuteria,Camden,King's Cross,Cafe,https://vermuteria.cc,,venue website,openstreetmap,1,,38-39 Coal Drops Yard,N1C 4DQ,https://www.openstreetmap.org/node/6082053666
info@vieteat.co.uk,Vieteat,Camden,Holborn,Asian,,,openstreetmap,openstreetmap,1,+44 20 7404 4138,48 Kingsway,WC2B 6EP,https://www.openstreetmap.org/node/4776826411
info@voncrumb.co.uk,Von Crumb,Camden,Belsize Park,Cafe,https://www.voncrumb.co.uk/,,openstreetmap,openstreetmap,1,+447312159450,202 Haverstock Hill,NW3 2AG,https://www.openstreetmap.org/node/800600491
enquiries@wasabi.uk.com,Wasabi,Camden,Somers Town,Asian; Japanese,https://www.wasabi.uk.com/,purchasing@wasabi.uk.com,venue website,openstreetmap,8,,350 Euston Road,NW1 3AX,https://www.openstreetmap.org/node/874743654
hello@watchhouse.com,WatchHouse,Camden,St Giles,Breakfast,https://www.watchhouse.com,,venue website,openstreetmap,6,,7 Upper St Martin's Lane,WC2H 9DL,https://www.openstreetmap.org/node/11964292769
admin@werewolfbeer.com,Werewolf Beer,Camden,Camden Town,Pub,https://www.werewolfbeer.com/,sales@werewolfbeer.com; taproom@werewolfbeer.com,venue website,openstreetmap,1,,87 Randolph Street,NW1 0SR,https://www.openstreetmap.org/node/11545207226
getintouch@abokado.com,Whipped,Camden,Covent Garden,Cafe,http://abokado.com/,,venue website,openstreetmap,2,,160 Drury Lane,,https://www.openstreetmap.org/way/277929196
events@wildlondon.org.uk,Wildlife Trust Camley Cafe,Camden,Somers Town,Cafe,https://www.wildlondon.org.uk/cafes,,venue website,openstreetmap,1,,,,https://www.openstreetmap.org/node/9711311850
customercare@wildwoodrestaurants.co.uk,Wildwood,Camden,St Giles,Italian; Pizza; Steak,https://wildwoodrestaurants.co.uk/restaurant/seven-dials/,,venue website,openstreetmap,2,,184 Shaftesbury Avenue,WC2H 8JB,https://www.openstreetmap.org/way/566375746
info@wingwing.co.uk,WingWing Krispy Chicken,Camden,St Pancras,Asian; Korean,https://www.wingwing.co.uk/,ts@wingwing.co.uk,venue website,openstreetmap,1,,30 Woburn Place,,https://www.openstreetmap.org/node/5761480754
info@yacobskitchen.co.uk,Yacob's Kitchen,Camden,Primrose Hill,Restaurant,https://yacobskitchen.co.uk,hello@yacobskitchen.co.uk,venue website,openstreetmap,1,,82 Haverstock Hill,NW3 2BE,https://www.openstreetmap.org/way/942555968
yatrilondon@gmail.com,Yatri,Camden,Somers Town,Indian,https://yatrieuston.com/,nw1@yatrieuston.com,openstreetmap,openstreetmap,2,+44 20 7693 7278,3-9 Chalton Street,NW1 1JD,https://www.openstreetmap.org/way/132319666
reservations@kaisekiyokoya.co.uk,Yokoya,Camden,Camden Town,Asian; Japanese,https://yokoya.co.uk/,,venue website,openstreetmap,1,+44 20 7388 8595,9A Delancey Street,,https://www.openstreetmap.org/node/294102721
hello@14hills.co.uk,14 Hills,City of London,Aldgate,Restaurant,https://14hills.co.uk,,openstreetmap,openstreetmap,1,+44 20 3981 5222,120 Fenchurch Street,EC3M 5BA,https://www.openstreetmap.org/node/10937152564
hello@26furnivalstreet.com,26 Furnival Street,City of London,Temple,Pub,https://www.26furnivalstreet.com/,,openstreetmap,openstreetmap,1,+44 20 3301 7555,26 Furnival Street,EC4A 1JS,https://www.openstreetmap.org/node/25496840
watling@acerrestaurants.co.uk,Acer,City of London,Blackfriars,Asian; Japanese,https://www.acerrestaurants.co.uk/#watling,,openstreetmap,openstreetmap,1,,61 Watling Street,EC4M 9BR,https://www.openstreetmap.org/node/12962155285
info@aldgatetap.com,Aldgate Tap,City of London,Aldgate,Pizza; Pub,https://aldgatetap.com/,,openstreetmap,openstreetmap,1,+44 20 3137 6437,1 Aldgate Square,EC3N 1AF,https://www.openstreetmap.org/way/625338336
roastery@the-attendant.com,Attendant,City of London,Aldgate,Breakfast,https://www.the-attendant.com/,,venue website,openstreetmap,2,,8-9 Folgate Street,E1 6DB,https://www.openstreetmap.org/node/3206389319
info@balfouratbow.com,Balfour at Bow,City of London,Blackfriars,Restaurant,https://balfouratbow.com/,,venue website,openstreetmap,1,,10 Bow Churchyard,EC4M 9DQ,https://www.openstreetmap.org/way/159925740
info@baolondon.com,BAO City,City of London,Blackfriars,Chinese,https://baolondon.com/restaurant/bao-city/,nancy@baolondon.com,venue website,openstreetmap,3,,2-8 Bloomberg Arcade,EC4N 8AR,https://www.openstreetmap.org/node/5661998122
city@theblacklock.com,Blacklock City,City of London,Aldgate,Steak,https://theblacklock.com/restaurants/city/,cityreservations@theblacklock.com,openstreetmap,openstreetmap,1,+44 20 7998 7676,13 Philpot Lane,EC3M 8AA,https://www.openstreetmap.org/node/12639376501
bloomberg@bleecker.co.uk,Bleecker,City of London,Blackfriars,Burger,https://bleeckerburger.co.uk/,,openstreetmap,openstreetmap,1,,16 Bloomberg Arcade,EC4N 8AR,https://www.openstreetmap.org/node/5198354569
info@bloomsyard.com,BloomsYard,City of London,Barbican,Breakfast,https://www.bloomsyard.com/,work@bloomsyard.com,venue website,openstreetmap,1,,100 Liverpool Street,,https://www.openstreetmap.org/node/12616057007
ec3bookings@boombapburger.com,Boom Bap Burger,City of London,Aldgate,Burger,https://boombapburger.com/,sw17bookings@boombapburger.com,openstreetmap,openstreetmap,2,+44 20 7623 4494,29-30 Leadenhall Market,EC3V 1LR,https://www.openstreetmap.org/node/12340014904
info@brewgarden.co.uk,Brew Garden,City of London,Holborn,Cafe,https://www.brewgarden.co.uk/,stapleinn@brewgarden.co.uk; hertford@brewgarden.co.uk,venue website,openstreetmap,1,,337-338 High Holborn,WC1V 7PX,https://www.openstreetmap.org/way/421365974
towerhillbookings@brewdog.com,BrewDog,City of London,Aldgate,Burger; Pub,https://drink.brewdog.com/uk/brewdog-tower-hill-outpost,bookings@brewdog.com; hello@brewdog.com,openstreetmap,openstreetmap,1,+44 20 7929 2545,Great Tower Street,EC3R 5AR,https://www.openstreetmap.org/node/5593327043
info@brigadierslondon.com,Brigadiers,City of London,Blackfriars,BBQ; Indian,https://brigadierslondon.com/,,openstreetmap,openstreetmap,1,+44 20 3319 8140,1-5 Bloomberg Arcade,EC4N 8AR,https://www.openstreetmap.org/node/5661998121
janet.leatherland@theroyalexchange.co.uk,Buns From Home,City of London,Aldgate,Bakery,https://www.theroyalexchange.co.uk/Buns-from-home/,,venue website,openstreetmap,4,,32,EC3V 3LP,https://www.openstreetmap.org/node/13036953129
burritojoe@hotmail.co.uk,Burrito Joe,City of London,Blackfriars,Mexican,https://www.burritojoe.co.uk/,,openstreetmap,openstreetmap,1,+44 7545 345622,54 Bow Lane,EC4M 9DJ,https://www.openstreetmap.org/node/5696100032
hello@bywardkitchenandbar.com,Byward Kitchen and Bar,City of London,Aldgate,Restaurant,https://www.bywardkitchenandbar.com/,,openstreetmap,openstreetmap,1,+44 20 7481 3533,Byward Street,EC3R 5BJ,https://www.openstreetmap.org/way/1389041378
info@cafebelow.co.uk,Cafe Below,City of London,Barbican,Breakfast,https://www.cafebelow.co.uk/,,openstreetmap,openstreetmap,1,+44 20 7329 0789,Cheapside,EC2V 6AU,https://www.openstreetmap.org/node/666475916
info@cafe-luca.co.uk,Café Luca,City of London,Barbican,Breakfast; Italian; Spanish,https://www.cafe-luca.co.uk/,,openstreetmap,openstreetmap,1,+44 20 8075 8721,17 Devonshire Square,EC2M 4SQ,https://www.openstreetmap.org/node/9240067517
hello@amalfi.co.uk,Café Rouge,City of London,Blackfriars,French,https://www.caferouge.com/restaurants/london/st-pauls/,stpauls@amalfi.co.uk; argyll@amalfi.co.uk,venue website,openstreetmap,1,+44 20 3031 6699,14 St Paul's Churchyard,EC4M 8AY,https://www.openstreetmap.org/way/814357486
reservations@centoallatorre.com,Cento Alla Torre,City of London,Aldgate,Restaurant,https://www.centoallatorre.com/,,venue website,openstreetmap,1,+44 20 3972 1600,100 Minories,,https://www.openstreetmap.org/node/9688121586
orders@citycaphe.com,City Càphê,City of London,Barbican,Asian,https://www.citycaphe.com/,,venue website,openstreetmap,1,,17 Ironmonger Lane,EC2V 8EY,https://www.openstreetmap.org/node/2898949673
info@cordrestaurant.co.uk,CORD,City of London,Blackfriars,Restaurant,https://www.cordrestaurant.co.uk/,,venue website,openstreetmap,1,,85 Fleet Street,,https://www.openstreetmap.org/node/3239546486
hello@bestcoffee.guide,Curators Coffee,City of London,Aldgate,Breakfast,https://www.curatorscoffee.com/,cafes@bestcoffee.guide,venue website,openstreetmap,1,,9A Cullum Street,EC3M 7JJ,https://www.openstreetmap.org/node/3147137125
hello@currentcafe.co.uk,Current Cafe,City of London,Aldgate,Asian; Breakfast; Japanese,https://www.currentcafe.co.uk/,,openstreetmap,openstreetmap,1,+44 7909661731,6 Harrow Place,E1 7DB,https://www.openstreetmap.org/way/204000365
dwlondon@duckandwaffle.com,Duck & Waffle,City of London,Barbican,Restaurant,https://www.duckandwaffle.com/,londonevents@duckandwaffle.com; press@duckandwaffle.com,venue website,openstreetmap,1,+44 20 3640 7310,110 Bishopsgate,EC2N 4AY,https://www.openstreetmap.org/node/2928885431
eatalylondon@eataly.co.uk,Eataly,City of London,Barbican,Italian; Pizza,https://www.eataly.co.uk/,,openstreetmap,openstreetmap,1,,135 Bishopsgate,EC2M 3YD,https://www.openstreetmap.org/node/8579754666
khai@eatviet.co.uk,Eatviet,City of London,Blackfriars,Asian,https://eatviet.co.uk/,,venue website,openstreetmap,2,,11 Bow Lane,EC4M 9AL,https://www.openstreetmap.org/node/12122024056
privatedining@goodmanrestaurants.com,Goodmans City,City of London,Barbican,Steak,https://www.goodmanrestaurants.com/,,venue website,openstreetmap,2,+44 20 7600 8220,11 Old Jewry,EC2R 8DU,https://www.openstreetmap.org/node/3280460982
info@grainkitchen.co.uk,Grain Kitchen,City of London,Aldgate,Cafe,https://www.grainkitchen.co.uk/,,venue website,openstreetmap,1,+44 20 7377 8586,13 Harrow Place,E1 7DB,https://www.openstreetmap.org/way/204000359
hello@grind.co.uk,Grind,City of London,Barbican,Breakfast,https://grind.co.uk/pages/liverpool-street-grind,events@grind.co.uk; liverpoolstreet@grind.co.uk; press@grind.co.uk,venue website,openstreetmap,3,+44 20 3963 5414,38 Broadgate Circle,EC2M 2QS,https://www.openstreetmap.org/node/4086136674
guildhall@thehawksmoor.com,Hawksmoor,City of London,Barbican,Steak,https://thehawksmoor.com/locations/guildhall/,,venue website,openstreetmap,1,+442073978120,10 Basinghall Street,EC2V 5BQ,https://www.openstreetmap.org/node/11249260237
premierplace@hazrestaurant.co.uk,Haz,City of London,Aldgate,Restaurant,https://www.hazrestaurant.co.uk/,plantationplace@hazrestaurant.co.uk; stpauls@hazrestaurant.co.uk; bishopsgate@hazrestaurant.co.uk; finsburysquare@hazrestaurant.co.uk,venue website,openstreetmap,5,+44 20 7929 7925,9 Cutler Street,E1 7DJ,https://www.openstreetmap.org/way/837558719
info@hightimber.com,High Timber,City of London,Blackfriars,Restaurant,https://www.hightimber.com/,,venue website,openstreetmap,1,,8 High Timber Street,EC4V 3PA,https://www.openstreetmap.org/way/809990376
city@homeslicepizza.co.uk,Homeslice,City of London,Blackfriars,Pizza,https://www.homeslicepizza.co.uk/,info@homeslicepizza.co.uk,openstreetmap,openstreetmap,1,+44 20 3034 0381,69-71 Queen Street,EC4R 1EE,https://www.openstreetmap.org/node/5198351003
catering@honipoke.com,Honi Poke,City of London,Temple,Asian,https://www.honipoke.com/,support@honipoke.com,venue website,openstreetmap,2,,1 Great New Street,EC4A 3BN,https://www.openstreetmap.org/node/565439071
hungdrawnandquartered@fullers.co.uk,"Hung, Drawn and Quartered",City of London,Aldgate,Pub,https://www.hung-drawn-and-quartered.co.uk/,,openstreetmap,openstreetmap,1,+44 20 7626 6123,26-27 Great Tower Street,EC3R 5AQ,https://www.openstreetmap.org/node/1561417481
info@jamaicapatty.co.uk,Jamaica Patty Co,City of London,Aldgate,Restaurant,https://jamaicapatty.co.uk/,,openstreetmap,openstreetmap,2,+44 20 7836 3334,27 Liverpool Street,,https://www.openstreetmap.org/node/9937549965
queen@k10.com,K10,City of London,Blackfriars,Asian; Japanese; Sushi,https://k10.com,,openstreetmap,openstreetmap,1,,15 Queen Street,EC4N 1TX,https://www.openstreetmap.org/node/2616939016
info@kirins.co.uk,Kirin,City of London,Blackfriars,Asian; Chinese,https://www.kirins.co.uk/,,venue website,openstreetmap,1,+44 20 7248 0253,10 College Hill,EC4R 2RP,https://www.openstreetmap.org/way/529813122
info@koya.co.uk,Koya,City of London,Blackfriars,Asian; Japanese,https://www.koya.co.uk/,office@koya.co.uk; koyamail@koya.co.uk,openstreetmap,openstreetmap,1,,10-12 Bloomberg Arcade,EC4N 8AR,https://www.openstreetmap.org/node/5289858642
customercare@krispykreme.co.uk,Krispy Kreme,City of London,Barbican,Donuts,https://shops.krispykreme.co.uk/liverpool-street-london,,venue website,openstreetmap,13,,Liverpool Street,EC2M 7PY,https://www.openstreetmap.org/node/10606971671
infolasagneriaitaliana@gmail.com,Lasagneria,City of London,Aldgate,Italian,https://lasagneriaitaliana.co.uk/,,venue website,openstreetmap,2,+44 20 7929 1212,1A Royal Exchange Buildings,EC3V 3LF,https://www.openstreetmap.org/node/12599251701
city@relaisdevenise.com,Le Relais de Venise,City of London,Barbican,Steak,https://relaisdevenise.com/locations/london-city.php,,venue website,openstreetmap,2,,5 Throgmorton Street,EC2N 2AD,https://www.openstreetmap.org/way/958434671
strand@leon.co,LEON,City of London,Blackfriars,Burger; Deli,https://leon.co/restaurants/cannon-street/,,venue website,openstreetmap,15,,86 Cannon Street,EC4N 6HT,https://www.openstreetmap.org/way/155428074
hello@leydilondon.com,Leydi,City of London,Farringdon,Restaurant,https://leydilondon.com/,,venue website,openstreetmap,1,+44 20 3530 8100,6 Holborn Viaduct,EC1A 2AE,https://www.openstreetmap.org/node/12198915501
askbeckett@lockeliving.com,Locke coffee club,City of London,Blackfriars,Breakfast,https://www.lockeliving.com/en/help/property-information/what-food-and-drink-options-are-there-onsite-at-locke-at-broken-wharf,askbermonds@lockeliving.com; askbucklestreet@lockeliving.com; askeden@lockeliving.com; askember@lockeliving.com; asklejardin@lockeliving.com; askleman@lockeliving.com; askamplatz@lockeliving.com; askbrokenwharf@lockeliving.com; askeastside@lockeliving.com; askcopenhagen@lockeliving.com; asklisboa@lockeliving.com; askcanarywharf@lockeliving.com; askschwan@lockeliving.com; askturing@lockeliving.com; askwhitworth@lockeliving.com; askwunder@lockeliving.com; askzanzibar@lockeliving.com,venue website,openstreetmap,1,,2 Broken Wharf,,https://www.openstreetmap.org/node/12673771698
info@losmochis.co.uk,Los Mochis London City,City of London,Barbican,Asian; Japanese; Mexican,https://www.losmochis.co.uk/lc/london-city,,openstreetmap,openstreetmap,1,+44 20 7225 2502,100 Liverpool Street,EC2M 2AT,https://www.openstreetmap.org/node/12651123701
hello@mrbl.co.uk,MRBL,City of London,Aldgate,Steak,https://www.mrbl.co.uk/,reservations@mrbl.co.uk,openstreetmap,openstreetmap,1,+44 2039 514277,23-25 Leadenhall Market,EC3V 1LR,https://www.openstreetmap.org/node/13665282779
info@mumbaisquare.co.uk,Mumbai Square,City of London,Aldgate,Indian,https://mumbaisquare.co.uk/,,venue website,openstreetmap,1,+44 20 7247 6461,7 Middlesex Street,E1 7AA,https://www.openstreetmap.org/way/846717805
infoleadenhall@omninorestaurants.com,Omnino,City of London,Aldgate,Steak,http://omninorestaurants.com/leadenhall_index.html,,openstreetmap,openstreetmap,1,+44 20 3538 3530,78-79 Leadenhall Street,EC3A 3DH,https://www.openstreetmap.org/node/4542454225
leonardstreet@ozonecoffee.co.uk,Ozone Coffee,City of London,Blackfriars,Cafe,https://ozonecoffee.co.uk/,emmastreet@ozonecoffee.co.uk,venue website,openstreetmap,2,,56 Ludgate Hill,EC4M 7AW,https://www.openstreetmap.org/way/815099776
info@palikitchen.co.uk,Pali Kitchen,City of London,Blackfriars,Indian,https://palikitchen.co.uk/about/,,venue website,openstreetmap,1,,13 Bow Lane,EC4M 9AL,https://www.openstreetmap.org/node/12122024059
info@papismunchiespizza.co.uk,Papi's Munchies,City of London,Aldgate,Pizza,https://www.papismunchiespizza.co.uk/,thenorthstare11@gmail.com; papismunchies@gmail.com,openstreetmap,openstreetmap,1,+44 20 7623 8572,20 Monument Street,EC3R 8AJ,https://www.openstreetmap.org/node/12209053233
theheron@phamsushi.com,Pham Sushi,City of London,Barbican,Sushi,https://www.phamsushi.com/,,openstreetmap,openstreetmap,1,+44 20 7638 6668,5 Moor Lane,EC2Y 9AP,https://www.openstreetmap.org/node/4312323533
hello@pure.co.uk,Pure,City of London,Blackfriars,Breakfast,https://www.pure.co.uk/shops/st-brides/,,venue website,openstreetmap,5,,3 St. Bride Street,EC4A 4AS,https://www.openstreetmap.org/node/4681218464
info@satyrio.co.uk,Satyrio,City of London,Aldgate,Italian,https://satyrio.co.uk/,,openstreetmap,openstreetmap,1,+44 20 7488 3334,49 Aldgate High Street,EC3N 1AL,https://www.openstreetmap.org/node/5994270580
bradley@simplehealthkitchen.com,Simple Health Kitchen,City of London,Blackfriars,Takeaway,https://simplehealthkitchen.com/,,openstreetmap,openstreetmap,1,,73a Watling Street,EC4M 9BJ,https://www.openstreetmap.org/way/159922610
manager@simpsonstavern.co.uk,Simpson's Tavern,City of London,Aldgate,Pub,https://www.simpsonstavern.co.uk/,,openstreetmap,openstreetmap,1,,38 1/2 Ball Court,EC3V 9DR,https://www.openstreetmap.org/node/1497452177
restaurants@skygarden.london,Skygarden - Fenchurch Restaurant,City of London,Aldgate,Restaurant,https://skygarden.london/fenchurch-restaurant,groups@skygarden.london,openstreetmap,openstreetmap,1,+44 20 3819 7726,20 Fenchurch Street,EC3M 3BY,https://www.openstreetmap.org/node/4684958737
kalimera@souvlakistreet.co.uk,Souvlaki Street,City of London,Blackfriars,Greek,https://www.souvlakistreet.co.uk/,,openstreetmap,openstreetmap,1,,Watling Street,EC4M 9BW,https://www.openstreetmap.org/node/5696124621
dee@stemandstem.com,STEM + STEM,City of London,Blackfriars,Restaurant,https://stemandstem.com/,,venue website,openstreetmap,1,,12 Bow Lane,EC4M 9AL,https://www.openstreetmap.org/node/12122024057
tankandpaddle.bishopsgate@stonegategroup.co.uk,Tank & Paddle,City of London,Barbican,Pizza,https://www.tankandpaddle.co.uk/bishopsgate,,openstreetmap,openstreetmap,1,+4420 7377 8863,201 Bishopsgate,EC2M 3AB,https://www.openstreetmap.org/node/2979737106
reservationsmanager@temperrestaurant.com,temper Restaurants City Of London,City of London,Barbican,Steak,https://temperrestaurant.com/temper-city/,events@temperrestaurant.com; city@temperrestaurant.com,venue website,openstreetmap,2,+44 20 3004 6984,2 Angel Court,EC2R 7HB,https://www.openstreetmap.org/node/12599285001
tempio@tiscali.co.uk,Tempio Bar & Restaurant,City of London,Temple,Italian,http://www.tempio.co.uk/,,openstreetmap,openstreetmap,1,+44 20 7583 2615;+44 20 7583 2616,5-9 Temple Avenue,EC4Y 0HP,https://www.openstreetmap.org/node/1115754980
stpauls@terrarossa-restaurant.co.uk,Terra Rossa,City of London,Blackfriars,Italian,https://terrarossa-restaurant.co.uk/terra-rossa-saint-paul/,,venue website,openstreetmap,1,,62 Carter Lane,EC4V 5EA,https://www.openstreetmap.org/way/468562254
admin@thaisq.com,Thai Square,City of London,Aldgate,Asian,https://thaisq.com/,,venue website,openstreetmap,1,+44 20 7680 1111,136-138 Minories,EC3N 1NT,https://www.openstreetmap.org/node/826482370
banker@fullers.co.uk,The Banker,City of London,Blackfriars,Pub,https://www.banker-london.co.uk/,,openstreetmap,openstreetmap,1,+44 20 7283 5206,Cousin Lane,EC4R 3TE,https://www.openstreetmap.org/node/266560384
info@thebolter.co.uk,The Bolter,City of London,Blackfriars,Pub,https://thebolter.co.uk/,,venue website,openstreetmap,1,,Queen Street,,https://www.openstreetmap.org/node/12534156761
britannia.london@stonegatepubs.com,The Britannia,City of London,Aldgate,Pub,https://www.crafted-social.co.uk/britannia-monument-london,stonegatepress@stonegategroup.co.uk,openstreetmap,openstreetmap,1,+44 20 7623 8572,20 Monument Street,EC3R 8AJ,https://www.openstreetmap.org/node/592029659
cannicktapps.london@stonegatepubs.com,The Cannick Tapps,City of London,Blackfriars,Pub,https://www.crafted-social.co.uk/cannick-tapps-london,,openstreetmap,openstreetmap,1,+44 20 7626 8246,109 Cannon Street,EC4N 5AD,https://www.openstreetmap.org/node/702773347
countinghouse.cornhill-events@fullers.co.uk,The Counting House,City of London,Aldgate,Pub,https://www.the-counting-house.com/,,openstreetmap,openstreetmap,1,+44 20 7283 7123,50 Cornhill,EC3V 3PD,https://www.openstreetmap.org/way/274708128
info@goldenfleececity.com,The Golden Fleece,City of London,Blackfriars,Pub,https://www.goldenfleececity.com/,,venue website,openstreetmap,1,,8-9 Queen Street,EC4N 1SP,https://www.openstreetmap.org/way/522314555
info@theindia4.restaurant,The India - Fleet Street,City of London,Temple,Indian,https://theindia4.restaurant/,,openstreetmap,openstreetmap,1,+44 2073532898,8 Crane Court,EC4A 2EJ,https://www.openstreetmap.org/node/758770187
hello@etmcollection.co.uk,The Jugged Hare,City of London,Barbican,Pub,https://etmcollection.co.uk/venue/the-jugged-hare/,weddings@etmcollection.co.uk,venue website,openstreetmap,1,,49 Chiswell Street,EC1Y 4SA,https://www.openstreetmap.org/way/160279486
london.reservations@apexhotels.co.uk,The Lampery,City of London,Aldgate,Restaurant,https://www.apexhotels.co.uk/destinations/london/restaurants/the-lampery/,,venue website,openstreetmap,1,+44 20 7977 9500,1 Seething Lane,EC3N 4AX,https://www.openstreetmap.org/node/796777946
info@thepregnantman.co.uk,The Pregnant Man,City of London,Holborn,Pizza; Pub,https://thepregnantman.co.uk/,,openstreetmap,openstreetmap,1,+44 20 7462 7174,40 Chancery Lane,WC2A 1JA,https://www.openstreetmap.org/node/6358222785
7921@greeneking.co.uk,The Railway Tavern,City of London,Barbican,Pub,https://www.greeneking-pubs.co.uk/pubs/greater-london/railway/,,venue website,openstreetmap,1,+44 20 7283 3598,15 Liverpool Street,EC2M 7NX,https://www.openstreetmap.org/way/31235539
info@rajasthan1.co.uk,The Rajasthan I,City of London,Aldgate,Halal; Indian,https://www.rajasthan1.co.uk/,,venue website,openstreetmap,1,+44 20 7626 1920,49 Monument Street,EC3R 8BU,https://www.openstreetmap.org/node/592030782
info@rajasthan2.co.uk,The Rajasthan II,City of London,Aldgate,Halal; Indian; Seafood,https://rajasthan2.co.uk/,,venue website,openstreetmap,1,+44 20 7488 9777,8 India Street,EC3N 2HS,https://www.openstreetmap.org/way/168325254
hello@thesaladkitchen.com,The Salad Kitchen,City of London,Blackfriars,Takeaway,https://www.thesaladkitchen.com/,orders@thesaladkitchen.com; hiring@thesaladkitchen.com; people@thesaladkitchen.com,venue website,openstreetmap,1,,72 Queen Victoria Street,EC4N 4SJ,https://www.openstreetmap.org/node/3239534784
hello@saladproject.co.uk,The Salad Project,City of London,Barbican,Restaurant,https://www.saladproject.co.uk/,,venue website,openstreetmap,1,,1 Old Broad Street,EC2N 1DW,https://www.openstreetmap.org/node/10982837028
info@theshakespearebarbican.co.uk,The Shakespeare,City of London,Farringdon,Pub,https://www.theshakespearebarbican.co.uk/,,venue website,openstreetmap,1,+44 20 7253 6116,2 Goswell Road,EC1M 7AA,https://www.openstreetmap.org/way/203526627
info@shipec3.co.uk,The Ship,City of London,Aldgate,Pub,https://shipec3.co.uk,,openstreetmap,openstreetmap,1,+44 207 702 4422,3 Hart Street,EC3R 7NB,https://www.openstreetmap.org/way/142680573
thesterling@ballsbrothers.co.uk,The Sterling Bar & Kitchen,City of London,Aldgate,Pub,https://www.thesterlingbar.co.uk/,hello@thesterlingbar.co.uk; events@thesterlingbar.co.uk,openstreetmap,openstreetmap,1,+44 20 7929 3641,30 St. Mary Axe,EC3A 8BF,https://www.openstreetmap.org/node/369119280
tokenhouse@fullers.co.uk,The Tokenhouse,City of London,Barbican,Pub,https://www.tokenhousemoorgate.co.uk/,,openstreetmap,openstreetmap,1,+44 20 7600 6569,4 Moorgate,EC2R 6DA,https://www.openstreetmap.org/way/160096670
chp@tosseduk.com,Tossed,City of London,Barbican,Takeaway,https://tosseduk.com/locations/cheapside/,,venue website,openstreetmap,1,,120 Cheapside,EC2V 6BT,https://www.openstreetmap.org/way/807778848
traditionalpure@hotmail.co.uk,Traditional Pure,City of London,Blackfriars,Takeaway,https://traditionalpure.com/,,openstreetmap,openstreetmap,1,+44 20 7236 3516,51 Queen Victoria Street,EC4N 4SG,https://www.openstreetmap.org/way/1472842945
info@urbanfoodcourt.co.uk,Urban Food Court,City of London,Blackfriars,Asian; Burger,,,openstreetmap,openstreetmap,1,+44 20 4539 6754,28 Watling Street,EC4M 9BR,https://www.openstreetmap.org/way/159924461
orders@vandaskitchen.co.uk,Vanda's Kitchen,City of London,Blackfriars,Takeaway,https://www.vandaskitchen.co.uk/,,venue website,openstreetmap,1,,42-44 Carter Lane,EC4V 5EA,https://www.openstreetmap.org/way/815099791
city@vinoteca.co.uk,Vinoteca,City of London,Blackfriars,Restaurant,https://www.vinoteca.co.uk/,,openstreetmap,openstreetmap,1,+44 20 3150 1292,21 Bloomberg Arcade,EC4N 8AR,https://www.openstreetmap.org/node/5198354565
info@vivatbacchus.co.uk,Vivat Bacchus,City of London,Temple,Restaurant,http://www.vivatbacchus.co.uk/,farringdon@vivatbacchus.co.uk; londonbridge@vivatbacchus.co.uk,venue website,openstreetmap,2,,47 Farringdon Street,EC4A 4LL,https://www.openstreetmap.org/way/172307737
stmaryaxe@watchhouse.com,WatchHouse,City of London,Aldgate,Breakfast,https://watchhouse.com,hello@watchhouse.com,openstreetmap,openstreetmap,1,+44 20 3096 1935,70 St Mary Axe,EC3A 8BA,https://www.openstreetmap.org/node/8832692378
bywardstreet@wrapchic.co.uk,Wrapchic,City of London,Aldgate,Indian; Mexican,https://wrapchic.co.uk/,woking.peacocks@wrapchic.co.uk; watford.intu@wrapchic.co.uk,openstreetmap,openstreetmap,1,,8 Byward Street,EC3R 5AS,https://www.openstreetmap.org/node/5164928746
croydon@basilandgrape.com,Basil & Grape,Croydon,Croydon,Italian,https://www.basilandgrape.com,,openstreetmap,openstreetmap,1,+44 20 8680 2277,46 George Street,CR0 1PB,https://www.openstreetmap.org/node/2528652082
bloom-cafe@hotmail.com,Bloom,Croydon,Upper Norwood,Breakfast,https://bloomcafecrystalpalace.co.uk/,,openstreetmap,openstreetmap,1,+44 20 8670 1786,70 Westow Hill,SE19 1SB,https://www.openstreetmap.org/way/189046133
info@coombewoodhouse.co.uk,Coombe Wood House,Croydon,Addiscombe,Restaurant,https://www.coombewoodhouse.co.uk/,,openstreetmap,openstreetmap,1,+44 20 8686 1244,Coombe Lane,CR0 5RE,https://www.openstreetmap.org/way/140997286
crispydosacroydon@gmail.com,Crispy Dosa,Croydon,Croydon,Indian,https://www.crispydosa.com/outlets/crispy-dosa-croydon/,,venue website,openstreetmap,1,+44 16 8925 8917,38-40 High Street,CR0 1YB,https://www.openstreetmap.org/node/2103297864
info@culinabistro.com,Culina Bistro,Croydon,Selsdon,French,https://www.culinabistro.com/,,venue website,openstreetmap,1,+44 20 3154 4953,8 Selsdon Parade,CR2 8LH,https://www.openstreetmap.org/node/13746541544
info@dawatgroup.co.uk,Dawat Express,Croydon,Selsdon,Indian,https://dawatgroup.co.uk/branches/#selsdon,franchise@dawatgroup.co.uk,venue website,openstreetmap,1,+44 20 8166 6159,168 Addington Road,CR2 8LB,https://www.openstreetmap.org/node/13737579533
info@demrestaurant.co.uk,Dem,Croydon,Upper Norwood,Restaurant,https://www.demrestaurant.co.uk/,,venue website,openstreetmap,1,,11 Central Hill,SE19 1BG,https://www.openstreetmap.org/way/189057256
elpatioselsdon@hotmail.com,El Patio,Croydon,Selsdon,Spanish,https://www.elpatioselsdon.co.uk/,,venue website,openstreetmap,1,+44 20 8651 4615,143 Addington Road,CR2 8LH,https://www.openstreetmap.org/node/13746541545
support@coromandelcoast.co.uk,FILTR,Croydon,Sanderstead,Cafe,https://coromandelcoast.co.uk/pages/filtr,,venue website,openstreetmap,1,,53 Limpsfield Road,CR2 9LB,https://www.openstreetmap.org/node/10937282602
info@400rabbits.co.uk,Four Hundred Rabbits,Croydon,Upper Norwood,Pizza,https://www.400rabbits.co.uk/,,openstreetmap,openstreetmap,2,+44 20 8771 6249,30-32 Westow Street,SE19 3AH,https://www.openstreetmap.org/way/194085709
hello@grumpygoosecafe.com,Grumpy Goose,Croydon,Coulsdon,Cafe,https://www.facebook.com/grumpygoosecoulsdon/,,openstreetmap,openstreetmap,1,+44 20 8660 2259,136 Brighton Road,CR5 2ND,https://www.openstreetmap.org/way/610164122
marketing.croydonikea.gb@ingka.ikea.com,IKEA Restaurant,Croydon,Waddon,Takeaway,https://www.ikea.com/gb/en/stores/croydon/,,venue website,openstreetmap,1,+44 1733 520006,Volta Way,,https://www.openstreetmap.org/node/12361787852
manager@jollyfarmers-purley.co.uk,Jolly Farmers,Croydon,Purley,Pub,https://jollyfarmers-purley.co.uk/,,venue website,openstreetmap,1,+44 20 8660 2076,7 Purley Road,CR8 2HA,https://www.openstreetmap.org/way/351140834
coulsdon@littledessertshop.co.uk,Little Dessert Shop,Croydon,Coulsdon,Ice cream,https://www.littledessertshop.co.uk/stores/75/coulsdon,,venue website,openstreetmap,1,,114/116 Brighton Road,CR5 2ND,https://www.openstreetmap.org/way/610164137
hello@maplerestaurant.co.uk,Maple Restaurant,Croydon,Sanderstead,Restaurant,https://maplerestaurant.co.uk/,,venue website,openstreetmap,1,+44 20 8916 0227,29-31 Limpsfield Road,CR2 9LA,https://www.openstreetmap.org/node/13574404969
admin@rajofpurley.co.uk,Raj Of Purley,Croydon,Purley,Indian,https://www.rajofpurley.com/,,venue website,openstreetmap,1,+44 20 8763 9557,7 Russell Parade,CR8 2LE,https://www.openstreetmap.org/node/3569354104
info@royalmahal.co.uk,Royal Mahal Norbury,Croydon,Norbury,Halal; Indian,https://royalmahal.co.uk/,events@royalmahal.co.uk; norbury@royalmahal.co.uk,venue website,openstreetmap,2,,1538-1540 London Road,SW16 4EU,https://www.openstreetmap.org/node/10595179066
info@smokingrillandbar.co.uk,Smokin' Grill Steakhouse & Bar,Croydon,Kenley,Steak,https://kenley.smokingrillandbar.co.uk/menu,,venue website,openstreetmap,1,+44 20 8616 5980,68-70 Godstone Road,CR8 5AA,https://www.openstreetmap.org/node/5938622093
contact.respick@gmail.com,Tai Tung,Croydon,Waddon,Asian,https://tai-tung.res-pick.com,,venue website,openstreetmap,1,+44 20 8688 3668,544 Purley Way,CR0 4RF,https://www.openstreetmap.org/node/9969400885
info@taocafe.co.uk,Tao Cafe,Croydon,Croydon,Breakfast,https://taocafe.co.uk/,,venue website,openstreetmap,1,,2A Ruskin Square,CR0 2WF,https://www.openstreetmap.org/node/13575526677
thebuildersarmscroydon@gmail.com,The Builders Arms,Croydon,Addiscombe,Pub,https://www.buildersarmscroydon.co.uk/,,venue website,openstreetmap,1,,65 Leslie Park Road,CR0 6TP,https://www.openstreetmap.org/node/299106201
crownandsceptre32@outlook.com,The Crown & Sceptre,Croydon,Selsdon,Pub,https://www.crownandsceptresouthcroydon.co.uk/,,venue website,openstreetmap,1,+44 20 8688 8037,32 Junction Road,CR2 6RB,https://www.openstreetmap.org/way/1250246727
thegreendragon.croydon@stonegategroup.co.uk,The Green Dragon,Croydon,Croydon,Pub,https://www.crafted-social.co.uk/green-dragon-croydon,stonegatepress@stonegategroup.co.uk,openstreetmap,openstreetmap,1,+44208 667 0684,58-60 High Street,CR0 1ND,https://www.openstreetmap.org/way/200340691
info@thejollysailorsouthnorwood.co.uk,The Jolly Sailor,Croydon,South Norwood,Pub,https://www.thejollysailorsouthnorwood.co.uk/index,,openstreetmap,openstreetmap,1,+44 20 3581 1865,64 High Street,SE25 6EB,https://www.openstreetmap.org/node/663887781
hello@themedkitchen.uk,The Med Kitchen,Croydon,Sanderstead,Restaurant,https://www.themedkitchen.uk/,,venue website,openstreetmap,1,+44 20 8651 1110,39 Limpsfield Road,CR2 9LA,https://www.openstreetmap.org/node/13574404972
hello@therealpizzacompany.co.uk,The Real Pizza Company,Croydon,Selsdon,Pizza,https://www.therealpizzacompany.co.uk/,,venue website,openstreetmap,1,+44 20 8137 8327,174 Addington Road,CR2 8LB,https://www.openstreetmap.org/node/13737579536
sparrowhawkcp@gmail.com,The Sparrowhawk,Croydon,Upper Norwood,Pub,https://www.sparrowhawkcp.com/,,venue website,openstreetmap,1,+44 20 8761 4831,2 Westow Hill,SE19 1RX,https://www.openstreetmap.org/way/189057265
spreadeagleb0okings@gmail.com,The Spreadeagle,Croydon,Croydon,Pub,https://whelanspubs.co.uk/whelans-premium/the-spread-eagle/,spreadeaglebookings@gmail.com,openstreetmap,openstreetmap,1,+44208 781 1135,39-41 Katharine Street,CR0 1NX,https://www.openstreetmap.org/way/200340694
info@tokiasquare.co.uk,Tokia Square,Croydon,Croydon,Food court,https://tokiasquarecroydon.co.uk/,,openstreetmap,openstreetmap,1,+442037718988,20 High Street,CR0 1QB,https://www.openstreetmap.org/way/1429817690
info@anokhaindian.com,Anokha,Ealing,Acton,Indian,https://www.anokhaindian.com/,,venue website,openstreetmap,1,,15 Churchfield Road,W3 6BD,https://www.openstreetmap.org/node/1941486351
info@arisecoffee.co.uk,Arise Coffee Roasters,Ealing,Ealing,Cafe,https://www.arisecoffee.co.uk/,,openstreetmap,openstreetmap,2,+44 7858 579888,7 Oak Road,W5 3SS,https://www.openstreetmap.org/node/3260042855
artisanputney@outlook.com,Artisan,Ealing,Ealing,Cafe,https://www.artisancoffee.co.uk/,artisaneastsheen@outlook.com; putney@artisancoffee.co.uk; stamfordbrook@artisancoffee.co.uk; ealing@artisancoffee.co.uk; eastsheen@artisancoffee.co.uk; fulham@artisancoffee.co.uk,venue website,openstreetmap,2,+44 771 265 7475,32 New Broadway,W5 2XA,https://www.openstreetmap.org/node/1419164432
info@atlantisgreek.co.uk,Atlantis,Ealing,Perivale,Greek,https://atlantisgreek.co.uk/,,openstreetmap,openstreetmap,1,+44 20 8810 8836,,,https://www.openstreetmap.org/way/881595715
info@beleafjuicebar.com,Beleaf,Ealing,Ealing,Takeaway,https://beleafjuicebar.com/,,venue website,openstreetmap,1,,42a Ealing Broadway Centre,W5 5JY,https://www.openstreetmap.org/node/11228815547
sales@bellamira.co.uk,Bella Mira Cafe,Ealing,West Ealing,Restaurant,https://www.bellamira.co.uk,,openstreetmap,openstreetmap,1,+44 20 8355 7788,52 Northfield Avenue,W13 9RR,https://www.openstreetmap.org/node/8702886372
info@blondinconsortium.org.uk,Blondin Cafe,Ealing,West Ealing,Cafe,https://www.blondinconsortium.org.uk/,,openstreetmap,openstreetmap,1,,,,https://www.openstreetmap.org/node/12511010743
hello@bymaxw3.com,By Max,Ealing,Acton,Deli,https://www.bymaxw3.com/,,venue website,openstreetmap,1,,Friary Road,W3 6GN,https://www.openstreetmap.org/node/12115816514
info@chickenluxelondon.com,Chicken Luxe,Ealing,Southall,Restaurant,https://www.chickenluxelondon.com/,,openstreetmap,openstreetmap,1,+44 20 8574 0861,5 South Road,UB1 1SU,https://www.openstreetmap.org/way/193105720
ealing@creamscafe.com,Creams,Ealing,Ealing,Ice cream,https://www.creamscafe.com/our-stores/ealing/,,venue website,openstreetmap,1,,37 New Broadway,W5 5AH,https://www.openstreetmap.org/node/1419213100
ealing@cote.co.uk,Côte,Ealing,Ealing,French,https://www.cote.co.uk/restaurant/ealing,,venue website,openstreetmap,1,+44 20 8579 3115,9 - 10 The Green,W5 5DA,https://www.openstreetmap.org/node/940335842
hello@dashackpoke.co.uk,Da Shack,Ealing,Ealing,Restaurant,https://www.dashackpoke.co.uk/,,venue website,openstreetmap,1,+44 20 8847 3726,156 South Ealing Road,W5 4QL,https://www.openstreetmap.org/node/9503581183
hello@thedodomicropub.com,Dodo,Ealing,Hanwell,Pub,https://www.thedodomicropub.com/,,venue website,openstreetmap,1,,52 Boston Road,W7 3TR,https://www.openstreetmap.org/node/3261904462
roastery@electriccoffee.co.uk,Electric Coffee Company,Ealing,Ealing,Breakfast,https://www.electriccoffee.co.uk/,,venue website,openstreetmap,1,+44 20 8991 1010,40 Haven Green,W5 2NX,https://www.openstreetmap.org/node/1098161915
contact@emathcafe.com,Emath Cafe,Ealing,Hanwell,Cafe,https://emathcafe.com,,openstreetmap,openstreetmap,1,+44 20 8259 3844,,,https://www.openstreetmap.org/node/13274221224
info@finnegansworld.co.uk,Finnegan's World,Ealing,West Ealing,Cafe,https://www.finnegansworld.co.uk/,,openstreetmap,openstreetmap,1,,41 Broadway,,https://www.openstreetmap.org/node/13040635454
info@georgeanddragonacton.co.uk,George & Dragon,Ealing,Acton,Pub,https://georgeanddragonacton.co.uk/,,venue website,openstreetmap,1,,183 High Street,W3 9DJ,https://www.openstreetmap.org/node/302172067
hello@gingerandmoore.com,Ginger & Moore,Ealing,Ealing,Cafe,https://www.gingerandmoore.com/,,venue website,openstreetmap,1,,6 Springbridge Road,,https://www.openstreetmap.org/node/2078729683
info@goodfortuneclub.co.uk,Good Fortune Club,Ealing,Ealing,Asian; Chinese,https://www.goodfortuneclub.co.uk/,,openstreetmap,openstreetmap,1,+44 20 8079 3296,71 New Broadway,W5 5AL,https://www.openstreetmap.org/node/1419213131
grillville@outlook.com,GrillVille,Ealing,Ealing,Steak,https://www.grillvillerestaurant.co.uk/,,openstreetmap,openstreetmap,1,+44 20 8991 2222,Pitshanger Lane,W5 1QP,https://www.openstreetmap.org/way/863760453
ealing@hareandtortoise.co.uk,Hare & Tortoise,Ealing,Ealing,Asian; Japanese,https://www.hareandtortoise.co.uk/ealing,,openstreetmap,openstreetmap,1,+44 20 8810 7066,38-39 Haven Green,W5 2NX,https://www.openstreetmap.org/node/1117274853
johnsmith@hotmail.com,Heavenly Desserts,Ealing,Ealing,Bakery,https://www.heavenlydesserts.co.uk,,venue website,openstreetmap,1,,29 New Broadway,W5 5AW,https://www.openstreetmap.org/node/1419213090
info@jamaicablue.co.uk,Jamaica Blue,Ealing,Ealing,Breakfast,https://www.jamaicablue.co.uk/,,venue website,openstreetmap,1,,,,https://www.openstreetmap.org/node/9933956942
ealing@iguanas.co.uk,Las Iguanas,Ealing,Ealing,Mexican,https://www.iguanas.co.uk/restaurants/london-ealing,basingstoke@iguanas.co.uk; bath@iguanas.co.uk; birmingham@iguanas.co.uk; brindleyplace@iguanas.co.uk; resortsworld@iguanas.co.uk; templestreet@iguanas.co.uk; bolton@iguanas.co.uk; bracknell@iguanas.co.uk; brighton@iguanas.co.uk; cribbscauseway@iguanas.co.uk; cambridge@iguanas.co.uk; canterbury@iguanas.co.uk; mermaidquay@iguanas.co.uk; cardiff@iguanas.co.uk; elveden@iguanas.co.uk; longleat@iguanas.co.uk; sherwood@iguanas.co.uk; woburn@iguanas.co.uk; chelmsford@iguanas.co.uk; coventry@iguanas.co.uk; lakeside@iguanas.co.uk; leicester@iguanas.co.uk; liverpool@iguanas.co.uk; livingston@iguanas.co.uk; o2@iguanas.co.uk; wembley@iguanas.co.uk; deansgate@iguanas.co.uk; miltonkeynes@iguanas.co.uk; newcastle@iguanas.co.uk; newport@iguanas.co.uk; nottingham@iguanas.co.uk; peterborough@iguanas.co.uk; plymouth@iguanas.co.uk; gunwharf@iguanas.co.uk; reading@iguanas.co.uk; meadowhall@iguanas.co.uk; southampton@iguanas.co.uk; swansea@iguanas.co.uk; torquay@iguanas.co.uk; watford@iguanas.co.uk; bristol.hs@iguanas.co.uk,openstreetmap,openstreetmap,1,+44 20 3697 3880,28-30 New Broadway,W5 2XA,https://www.openstreetmap.org/node/1098161891
info@levacherin.com,Le Vacherin,Ealing,Chiswick,French,https://www.levacherin.com/,,openstreetmap,openstreetmap,1,+44 20 8742 2121,76-77 South Parade,W4 5LF,https://www.openstreetmap.org/node/309740074
maderoitalian@gmail.com,Madero,Ealing,West Ealing,Italian,https://www.maderorestaurant.co.uk/,,openstreetmap,openstreetmap,1,+44 20 8840 1115,62 Northfield Avenue,W13 9RR,https://www.openstreetmap.org/node/8702886367
info@madhus.co.uk,Madhu's,Ealing,Southall,Indian,https://www.madhus.co.uk/our-restaurants/southall/,,venue website,openstreetmap,1,+44 20 8574 1897,39 South Road,UB1 1SW,https://www.openstreetmap.org/way/389392121
info@mahabacafe.org,Mahaba Cafe,Ealing,West Ealing,Bakery; Breakfast,https://www.mahabacafe.org/,,openstreetmap,openstreetmap,1,,Singapore Road,W13 0EP,https://www.openstreetmap.org/node/13287700159
santosh77@hotmail.co.uk,Mama's,Ealing,West Ealing,Indian,https://mamasnepalesekitchen.co.uk/,,venue website,openstreetmap,1,+44 20 8567 2257,36 Northfield Avenue,W13 9RL,https://www.openstreetmap.org/node/8702886378
info@molanarestaurant.co.uk,Molana,Ealing,West Ealing,Restaurant,https://www.molanarestaurant.co.uk,,venue website,openstreetmap,1,+44 20 8566 5815,78 Uxbridge Road,W13 8RA,https://www.openstreetmap.org/node/1419136870
info@montysoflondon.co.uk,Monty's,Ealing,Ealing,Indian,https://montysoflondon.co.uk/,jwt@montysoflondon.co.uk,openstreetmap,openstreetmap,1,+44 20 8567 8122,,,https://www.openstreetmap.org/node/1123286806
contact@mosaickitchen.co.uk,Mosaic Kitchen,Ealing,Ealing,Steak,https://www.mosaickitchen.co.uk/,,venue website,openstreetmap,1,+44 20 8127 6464,175 South Ealing Road,,https://www.openstreetmap.org/node/1759561744
papilloncafe@hotmail.co.uk,Papillon,Ealing,West Ealing,Cafe,https://papilloncafe.co.uk/,,openstreetmap,openstreetmap,1,+44 20 8566 4354,147 Northfield Avenue,W13 9QT,https://www.openstreetmap.org/node/8707850277
info@parks-kitchen.com,Park's Kitchen,Ealing,Ealing,Asian; Korean,https://www.parks-kitchen.com/,hammersmith@parks-kitchen.com,venue website,openstreetmap,1,+44 20 8840 0200,24 The Green,W5 5DA,https://www.openstreetmap.org/node/7066346899
hello@patri.co.uk,Patri,Ealing,West Ealing,Indian,https://patri.co.uk/,,venue website,openstreetmap,2,,139 Northfield Avenue,W13 9QT,https://www.openstreetmap.org/node/8707850280
bakerstreet@phocafe.co.uk,Pho,Ealing,Ealing,Asian,https://www.phocafe.co.uk/locations/ealing/,balham@phocafe.co.uk; battersea@phocafe.co.uk; birmingham@phocafe.co.uk; bluewater@phocafe.co.uk; borough@phocafe.co.uk; bournemouth@phocafe.co.uk; brighton@phocafe.co.uk; bristol@phocafe.co.uk; brunswick@phocafe.co.uk; cambridge@phocafe.co.uk; canarywharf@phocafe.co.uk; canterbury@phocafe.co.uk; cardiff@phocafe.co.uk; cheltenham@phocafe.co.uk; cheshireoaks@phocafe.co.uk; chiswick@phocafe.co.uk; cg@phocafe.co.uk; ealing@phocafe.co.uk; edinburgh@phocafe.co.uk; lothianroad@phocafe.co.uk; exeter@phocafe.co.uk; fulham@phocafe.co.uk; glasgow@phocafe.co.uk; greenwich@phocafe.co.uk; guildford@phocafe.co.uk; harborne@phocafe.co.uk; islington@phocafe.co.uk; kingston@phocafe.co.uk; leeds@phocafe.co.uk; leicester@phocafe.co.uk; lincoln@phocafe.co.uk; liverpool@phocafe.co.uk; liverpoolcastlest@phocafe.co.uk; manchester@phocafe.co.uk; miltonkeynes@phocafe.co.uk; newcastle@phocafe.co.uk; norwich@phocafe.co.uk; nottingham@phocafe.co.uk; oxford@phocafe.co.uk; portsmouth@phocafe.co.uk; reading@phocafe.co.uk; sheffield@phocafe.co.uk; soho@phocafe.co.uk; spitalfields@phocafe.co.uk; stalbans@phocafe.co.uk; stratford@phocafe.co.uk; tunbridgewells@phocafe.co.uk; wiltonroad@phocafe.co.uk; thecut@phocafe.co.uk; westfield@phocafe.co.uk; wimbledon@phocafe.co.uk; york@phocafe.co.uk,venue website,openstreetmap,8,+44 20 3058 2778,22 New Broadway,W5 2XA,https://www.openstreetmap.org/node/1419164450
phosaigonealing41@gmail.com,Pho Saigon,Ealing,Ealing,Asian,https://phosaigon.co.uk/,,venue website,openstreetmap,1,+44 20 3659 8143,41 Bond Street,,https://www.openstreetmap.org/node/1117274866
pizzahouse2011@hotmail.com,Pizza House,Ealing,Perivale,Pizza,https://pizzapitshangerlane.com/,pizzahouse2011@hotmail.co.uk; m2037@icloud.com,openstreetmap,openstreetmap,1,+44 20 8998 6878,,,https://www.openstreetmap.org/way/864798675
info@princeofwalessouthall.com,Prince of Wales,Ealing,Norwood Green,Indian; Pub,https://www.princeofwalessouthall.com/,,openstreetmap,openstreetmap,1,+44 20 8813 9354,202 Western Road,UB2 5ED,https://www.openstreetmap.org/node/3314587634
theorganisedpeople@eatdrinkpulp.com,pulp,Ealing,Ealing,Bakery; Breakfast,https://www.eatdrinkpulp.com/,thenicepeople@eatdrinkpulp.com,venue website,openstreetmap,1,,20 St Mary's Road,W5 5ES,https://www.openstreetmap.org/way/92482681
info@redlobster.uk,Red Lobster,Ealing,West Ealing,Seafood,https://redlobster.uk/,,openstreetmap,openstreetmap,1,+44 20 3340 6485,154 Uxbridge Road,W13 8SB,https://www.openstreetmap.org/way/907537381
info@revivalcafelondon.co.uk,Revival Cafe,Ealing,Ealing,Bakery; Breakfast; Deli,https://www.revivalcafelondon.co.uk/,,openstreetmap,openstreetmap,1,,106 South Ealing Road,,https://www.openstreetmap.org/node/1097959372
ealing@rosasthai.com,Rosa's Thai Cafe,Ealing,Ealing,Asian,https://rosasthai.com/locations/rosas-thai-restaurant-delivery-takeaway-ealing,,openstreetmap,openstreetmap,1,+44 20 3930 8276,33 Haven Green,,https://www.openstreetmap.org/node/2036576874
london@royalnawaab.com,Royal Nawaab London,Ealing,Perivale,Indian,https://royalnawaab.com/london/,manchester@royalnawaab.com; perivale@royalnawaab.com; ilford@royalnawaab.com; pyramid@royalnawaab.com,openstreetmap,openstreetmap,1,+44 20 8998 6151,Western Avenue,UB6 8DW,https://www.openstreetmap.org/way/224384558
info@take-sushi.co.uk,Ta Ke,Ealing,Ealing,Asian; Japanese; Sushi,https://www.take-sushi.co.uk/,,venue website,openstreetmap,1,+44 20 8075 8877,3-4 Uxbridge Road,W5 3NN,https://www.openstreetmap.org/node/265255741
info@tapelia.co.uk,Tapelia,Ealing,West Ealing,Spanish,https://www.tapelia.co.uk/,,openstreetmap,openstreetmap,1,+44 20 3441 1718,92 Northfield Avenue,W13 9RT,https://www.openstreetmap.org/node/8707334331
orders@thebakersofealing.com,The Bakers,Ealing,Ealing,Bakery,https://www.thebakersofealing.com/,,openstreetmap,openstreetmap,1,+44 20 8566 0505,27 New Broadway,W5 5AW,https://www.openstreetmap.org/node/2879892210
forester.ealing@fullers.co.uk,The Forester,Ealing,West Ealing,Pub,https://www.foresterealing.co.uk/,,openstreetmap,openstreetmap,1,+44 20 8567 1654,2 Leighton Road,W13 9EP,https://www.openstreetmap.org/way/524800980
thegrosvenor.hanwell@redcatpubcompany.com,The Grosvenor,Ealing,Hanwell,Pub,https://www.grosvenorpub.com/,info@grosvenorpub.com,openstreetmap,openstreetmap,1,+442088400007,127 Oaklands Road,W7 2DT,https://www.openstreetmap.org/node/242925249
stay@thekingsheadhotellondon.co.uk,The King's Head,Ealing,Acton,Pub,https://www.thekingsheadhotellondon.co.uk/,,venue website,openstreetmap,1,,214 High Street,W3 9NX,https://www.openstreetmap.org/node/288044068
thesouvlakihello@gmail.com,The Souvlaki,Ealing,West Ealing,Greek,https://www.thesouvlaki.london,,venue website,openstreetmap,2,,39 Broadway,,https://www.openstreetmap.org/node/10116918139
reservations@theswanchiswick.co.uk,The Swan,Ealing,Chiswick,Pub,https://www.theswanchiswick.co.uk,,openstreetmap,openstreetmap,1,+44 20 8994 8262,119 Acton Lane,W4 5HH,https://www.openstreetmap.org/way/1136139752
thebakery@theterracerestaurants.com,The Terrace Bakery,Ealing,Park Royal,Bakery,https://www.theterracerestaurants.com/,marwan@theterracerestaurants.com,openstreetmap,openstreetmap,1,,32 Chase Road,NW10 6QN,https://www.openstreetmap.org/node/11959580531
theviaduct@hotmail.com,The Viaduct,Ealing,Hanwell,Pub,https://www.viaduct-hanwell.co.uk/,,venue website,openstreetmap,1,,221 Uxbridge Road,W7 3TD,https://www.openstreetmap.org/way/315531458
wheatsheaf@fullers.co.uk,The Wheatsheaf,Ealing,Ealing,Pub,https://wheatsheaf-ealing.co.uk/,thewheatsheafealing@gmail.com; ealingboardgames@gmail.com,openstreetmap,openstreetmap,1,+44 20 8997 5240,41 Haven Lane,W5 2HZ,https://www.openstreetmap.org/node/27477157
torabakerypatisserie@gmail.com,Tora Bakery And Patisserie,Ealing,West Ealing,Bakery,https://torabakeryandpatisserie.co.uk/,,openstreetmap,openstreetmap,1,+44 20 3337 7662,58 Broadway,W13 0SU,https://www.openstreetmap.org/node/6484565471
info@townbikes.co.uk,Town Bikes Cafe,Ealing,Ealing,Cafe,https://townbikes.co.uk/,,openstreetmap,openstreetmap,1,+44 20 3490 2684,153 South Ealing Road,,https://www.openstreetmap.org/node/4502566325
admin@uspizza.co.uk,US Pizza,Ealing,Ealing,Pizza,https://www.uspizza.co.uk,,venue website,openstreetmap,1,+44 20 8847 1515,184 South Ealing Road,,https://www.openstreetmap.org/node/9755894456
w7emporium@gmail.com,W7 Emporium,Ealing,Hanwell,Restaurant,,,openstreetmap,openstreetmap,1,+44 20 4537 0916,60 Boston Road,W7 3TR,https://www.openstreetmap.org/node/2928267040
info@yoyokitchen.co.uk,Yo Yo Kitchen,Ealing,Acton,Asian; Sushi,https://www.yoyokitchen.co.uk/,,venue website,openstreetmap,1,,4 Station Parade,W3 0DS,https://www.openstreetmap.org/node/11083287661
info@yumasushi.co.uk,Yuma Sushi,Ealing,Chiswick,Asian; Japanese; Sushi,https://www.yumasushi.co.uk/,,openstreetmap,openstreetmap,1,+44 20 8995 7494,Acton Lane,W4 5NE,https://www.openstreetmap.org/node/13801474287
info@90onthegreen.co.uk,90 On The Green,Enfield,Palmers Green,Cafe,https://www.90onthegreen.co.uk/,,venue website,openstreetmap,1,+44 20 8292 9090,90 Alderman's Hill,N13 4PP,https://www.openstreetmap.org/node/12532648851
marketing@aksular-restaurant.co.uk,Aksular Restaurant,Enfield,Enfield Wash,Restaurant,https://aksular-restaurant.co.uk/,,venue website,openstreetmap,1,,510 Hertford Road,EN3 5SS,https://www.openstreetmap.org/way/101020607
info@alzocafe.com,Alzo Cafe,Enfield,Southgate,Cafe,https://alzocafe.com,,venue website,openstreetmap,1,+44 20 8368 3531,,,https://www.openstreetmap.org/node/9935461681
info@apollobakery.com,Apollo Bakery,Enfield,Cockfosters,Bakery,https://apollobakery.co.uk/,,openstreetmap,openstreetmap,1,+44 2081 543660,Heddon Court Parade,EN4 0DB,https://www.openstreetmap.org/way/329363470
reservations@babinondas.net,Babinondas,Enfield,Winchmore Hill,Restaurant,https://www.babinondas.net/,,venue website,openstreetmap,1,,,,https://www.openstreetmap.org/node/6295567432
info@candyflosscreperie.co.uk,Candy Floss Creperie,Enfield,Palmers Green,French,https://candyflosscreperie.co.uk/,,openstreetmap,openstreetmap,1,+44 20 3161 8154,60 Alderman's Hill,N13 4PP,https://www.openstreetmap.org/node/9349272601
fobpsecretary@gmail.com,Community Cafe,Enfield,Palmers Green,Breakfast,https://www.fobp.uk/greenery-cafe-volunteer-form,,venue website,openstreetmap,1,,,,https://www.openstreetmap.org/way/332546069
enquiries@deraliye.com,Deraliye,Enfield,Cockfosters,Restaurant,https://www.deraliye.com/,,venue website,openstreetmap,1,+44 20 3417 5270,98 Cockfosters Road,,https://www.openstreetmap.org/way/328680355
info@doylestavern.co.uk,Doyle's,Enfield,Southgate,Pub,https://www.facebook.com/Doylespuboakwood,,openstreetmap,openstreetmap,1,+44 20 3887 0360,155 Bramley Road,N14 4XA,https://www.openstreetmap.org/node/2437697969
hello@ellasbakery.co.uk,Ellas Bakery,Enfield,Palmers Green,Bakery,https://ellas-bakery.com,,openstreetmap,openstreetmap,1,+44 20 8374 7777,42-46 Alderman's Hill,N13 4PN,https://www.openstreetmap.org/node/12534721534
info@fantozzi.co.uk,Fantozzi,Enfield,Southgate,Italian,https://www.facebook.com/fantozzilondon/,,openstreetmap,openstreetmap,1,+44 20 8447 9082,100-102 Chase Side,N14 5PH,https://www.openstreetmap.org/node/679967785
info@goinggreek.co.uk,Going Greek,Enfield,Winchmore Hill,Greek,https://www.goinggreek.co.uk/,n2@goinggreek.co.uk; nw9@goinggreek.co.uk; n7@goinggreek.co.uk; wd6@goinggreek.co.uk,venue website,openstreetmap,1,,,,https://www.openstreetmap.org/node/7575353414
holtwhitesbakery@gmail.com,Holtwhites Bakery,Enfield,Enfield,Bakery,https://holtwhitesbakery.co.uk/,,venue website,openstreetmap,2,+44 20 8363 6503,119a Chase Side,,https://www.openstreetmap.org/node/1288208174
info@kervan-sofrasi.co.uk,Kervan Sofrasi,Enfield,Southgate,Halal,https://kervan-sofrasi.co.uk/southgate,,venue website,openstreetmap,1,+44 20 8882 8242,107 Chase Side,N14 5HD,https://www.openstreetmap.org/node/679967784
booking@meat-et.com,Meat et-Doner,Enfield,Southgate,Halal,https://www.meat-et.com/,info@meat-et.com,venue website,openstreetmap,1,+44 20 3892 0022,95 Chase Side,N14 5BU,https://www.openstreetmap.org/node/13639801057
info@nissirestaurant.co.uk,Nissi,Enfield,Palmers Green,Greek,https://www.nissirestaurant.co.uk/,,openstreetmap,openstreetmap,1,+44 20 8882 3170,62 Alderman's Hill,N13 4PP,https://www.openstreetmap.org/node/9349272602
info@nurjenna.co.uk,NurJenna,Enfield,Southgate,Indian,https://www.nurjenna.co.uk/,,venue website,openstreetmap,1,+44 20 8886 6244,86 Chase Side,N14 5PH,https://www.openstreetmap.org/node/12286356682
info@pandaoriental.co.uk,Panda,Enfield,Enfield Wash,Takeaway,https://www.pandaoriental.co.uk/enfield/,,venue website,openstreetmap,1,,Hertford Road,EN3 5UA,https://www.openstreetmap.org/way/859607473
info@pistachiopatisserie.com,Pistachio Patisserie,Enfield,Southgate,Bakery,https://pistachiopatisserie.com/,,venue website,openstreetmap,1,+44 7868 292 058,40 Chase Side,N14 5PA,https://www.openstreetmap.org/node/12286022932
pittapan2023@gmail.com,Pitta Pan,Enfield,Southgate,Greek,https://pittapan.uk,,openstreetmap,openstreetmap,1,+44 20 3302 0310,8 Dennis Parade,N14 6AA,https://www.openstreetmap.org/node/679967796
ciao@pizzaamore.london,Pizza Amore,Enfield,Southgate,Pizza,https://www.pizzaamoresouthgate.co.uk,info@pizzaamoresouthgate.co.uk,openstreetmap,openstreetmap,1,+44 20 8149 1115,7 The Broadway,N14 6PH,https://www.openstreetmap.org/node/4314787507
booking@skewd.com,Skewd,Enfield,Cockfosters,Restaurant,https://skewd.com/,grovebooking@skewd.com,venue website,openstreetmap,1,+44 20 8449 7771,115 Cockfosters Road,,https://www.openstreetmap.org/way/328864237
hello@souterbros.co.uk,Souter Bros.,Enfield,Edmonton,Breakfast,https://www.souterbros.co.uk,,venue website,openstreetmap,1,,,,https://www.openstreetmap.org/node/1983523847
tastygyros54@gmail.com,Tasty Gyros,Enfield,Enfield,Greek,https://www.tastygyros.co.uk/,tastygyros44@gmail.com,openstreetmap,openstreetmap,2,+44 20 8363 0625,54 Church Street,EN2 6AX,https://www.openstreetmap.org/node/12638565001
info@themeetingenfield.com,The Meeting Bar and Restaurant,Enfield,Bush Hill Park,Asian,https://www.themeetingenfield.com,,venue website,openstreetmap,1,,253 Southbury Road,EN1 1RG,https://www.openstreetmap.org/node/27349264
woodman.london@phoenixpub.co.uk,The Woodman,Enfield,Palmers Green,Pub,https://www.facebook.com/woodmansouthgate/,,openstreetmap,openstreetmap,1,+44 20 3774 1659,128 Bourne Hill,N13 4BD,https://www.openstreetmap.org/way/1339956662
tonnboorders@gmail.com,Tonnbo,Enfield,Southgate,Asian; Chinese,https://www.tonnbo.co.uk/,,venue website,openstreetmap,1,+44 20 8882 4996,7 Dennis Parade,N14 6AA,https://www.openstreetmap.org/node/4314787502
enquiries@trentparkhouse.org.uk,Trent Park House of Secrets Cafe,Enfield,Cockfosters,Cafe,"https://trentparkhouse.org.uk/pages/tickets#:~:text=Facilities,Cafe",groups@trentparkhouse.org.uk; schoolsmanager@trentparkhouse.org.uk; access@trentparkhouse.org.uk,venue website,openstreetmap,1,,,,https://www.openstreetmap.org/node/14125912358
info@unionbarandrestaurant.co.uk,Union Bar & Restaurant,Enfield,Palmers Green,Restaurant,https://unionbarandrestaurant.co.uk/,,openstreetmap,openstreetmap,1,+44 20 4619 4755,56 Alderman's Hill,N13 4PP,https://www.openstreetmap.org/node/9349272599
contact@villagetandoorin21.com,Village Tandoori,Enfield,Grange Park,Indian,https://www.villagetandoorin21.com/index.html,,venue website,openstreetmap,1,,,,https://www.openstreetmap.org/node/11296368082
enfield@zaza.co.uk,Zaza,Enfield,Enfield,Italian,https://www.zaza.co.uk/restaurants/enfield,,venue website,openstreetmap,1,,88-90 Chase Side,,https://www.openstreetmap.org/node/257811796
info@15grams.co.uk,15grams,Greenwich,Greenwich,Breakfast,https://www.15grams.co.uk/,,openstreetmap,openstreetmap,2,,28 Greenwich Church Street,SE10 9BJ,https://www.openstreetmap.org/node/10266440589
info@40cakes.co.uk,40Cakes,Greenwich,Greenwich,Bakery,https://40cakes.co.uk/,,venue website,openstreetmap,2,,9 College Approach,SE10 9HY,https://www.openstreetmap.org/node/10266440627
sales@alhajisuya.com,Alhaji Suya,Greenwich,Greenwich,Restaurant,https://www.alhajisuya.com/pages/alhaji-suya-greenwich,,venue website,openstreetmap,2,+44 20 4568 0093,24 Woolwich Road,SE10 0JU,https://www.openstreetmap.org/node/12968947808
support@angle90.co.uk,Angle 90,Greenwich,Greenwich,Bar,https://www.angle90.co.uk/,,venue website,openstreetmap,1,+44 20 8858 5558,166 Trafalgar Road,SE10 9TZ,https://www.openstreetmap.org/node/10253439661
rmg@benugo.com,Astronomy Café,Greenwich,Greenwich,Cafe,,,openstreetmap,openstreetmap,1,+44 20 8312 8516,Blackheath Avenue,SE10 8XJ,https://www.openstreetmap.org/node/2738840351
info@avocadoandcoffee.com,Avocado & Coffee,Greenwich,Greenwich,Breakfast,https://avocadoandcoffee.com/,,openstreetmap,openstreetmap,1,,228-232 Trafalgar Road,SE10 9ER,https://www.openstreetmap.org/node/10253349489
theo2@bananatree.co.uk,Banana Tree,Greenwich,Greenwich,Asian,https://bananatree.co.uk/restaurants/o2-arena/,bath@bananatree.co.uk; battersea@bananatree.co.uk; birminghambullring@bananatree.co.uk; cardiff@bananatree.co.uk; chelmsford@bananatree.co.uk; coventgarden@bananatree.co.uk; greenwich@bananatree.co.uk; haywardsheath@bananatree.co.uk; henley@bananatree.co.uk; islington@bananatree.co.uk; maidavale@bananatree.co.uk; miltonkeynes@bananatree.co.uk; oxford@bananatree.co.uk; portsmouth@bananatree.co.uk; salford@bananatree.co.uk; soho@bananatree.co.uk; stevenage@bananatree.co.uk; westhampstead@bananatree.co.uk; windsor@bananatree.co.uk,venue website,openstreetmap,1,,8-9 Peninsula Square,SE10 0EN,https://www.openstreetmap.org/node/1771216680
greenwich@bananatree.co.uk,Banana Tree,Greenwich,Greenwich,Asian,https://bananatree.co.uk/restaurants/greenwich/,bath@bananatree.co.uk; battersea@bananatree.co.uk; birminghambullring@bananatree.co.uk; cardiff@bananatree.co.uk; chelmsford@bananatree.co.uk; coventgarden@bananatree.co.uk; haywardsheath@bananatree.co.uk; henley@bananatree.co.uk; islington@bananatree.co.uk; maidavale@bananatree.co.uk; miltonkeynes@bananatree.co.uk; theo2@bananatree.co.uk; oxford@bananatree.co.uk; portsmouth@bananatree.co.uk; salford@bananatree.co.uk; soho@bananatree.co.uk; stevenage@bananatree.co.uk; westhampstead@bananatree.co.uk; windsor@bananatree.co.uk,openstreetmap,openstreetmap,1,+44 20 3917 4191,30 Stockwell Street,SE10 9JN,https://www.openstreetmap.org/node/11331842139
info@bianco43.com,Bianco43,Greenwich,Greenwich,Italian,https://www.bianco43.com/,,venue website,openstreetmap,1,,43 Greenwich Church Street,SE10 9BL,https://www.openstreetmap.org/node/10266440640
info@bobsyourunclecoffee.com,Bob's Your Uncle,Greenwich,Woolwich,Breakfast,https://www.bobsyourunclecoffee.com/,eltham@bobsyourunclecoffee.com,venue website,openstreetmap,1,,,,https://www.openstreetmap.org/node/13950923684
bobaandcouk@gmail.com,Boba & Co,Greenwich,Plumstead,Cafe,https://www.bobaandco.uk/,,openstreetmap,openstreetmap,1,+44 20 8316 7807,90 Plumstead High Street,,https://www.openstreetmap.org/node/9656727010
info@boulangeriejade.com,Boulangerie Jade,Greenwich,Blackheath Royal Standard,Bakery; Breakfast; French,https://www.boulangeriejade.com,croquembouche@boulangeriejade.com,venue website,openstreetmap,3,+44 20 8858 2244,48 Vanbrugh Park,SE3 7JQ,https://www.openstreetmap.org/node/10253435798
britoakpub@gmail.com,British Oak,Greenwich,Blackheath Royal Standard,Pub,https://britishoakblackheath.com/,britishoakpub@gmail.com; 1781britishoakpub@gmail.com,openstreetmap,openstreetmap,1,+44 20 8305 1781,109 Old Dover Road,SE3 8SU,https://www.openstreetmap.org/way/1080977183
info@buffalo-greenwich.co.uk,Buffalo,Greenwich,Greenwich,American,https://buffalo-greenwich.co.uk/,,venue website,openstreetmap,1,,33-35 Greenwich Church Street,SE10 9BJ,https://www.openstreetmap.org/node/10266440517
hola@chacarerolondon.co.uk,Chacarero,Greenwich,Greenwich,Takeaway,https://www.chacarerolondon.co.uk/,,openstreetmap,openstreetmap,2,,20 Nelson Road,SE10 9JB,https://www.openstreetmap.org/node/10266440533
woolwich@creamscafe.com,Creams,Greenwich,Woolwich,Ice cream,https://www.creamscafe.com/our-stores/woolwich/,,venue website,openstreetmap,1,,127 Powis Street,SE18 6JL,https://www.openstreetmap.org/node/10095832952
bookings@rmg.co.uk,Cutty Sark Café,Greenwich,Greenwich,Breakfast; Deli,https://www.rmg.co.uk/plan-your-visit/eat-drink#cutty,,venue website,openstreetmap,3,+44 20 8293 9484,43 King William Walk,SE10 9HT,https://www.openstreetmap.org/node/11197951160
dialarch@youngs.co.uk,Dial Arch,Greenwich,Woolwich,Pub,https://www.dialarch.com/,,openstreetmap,openstreetmap,1,+44 20 3130 0700,No 1 Street,SE18 6GH,https://www.openstreetmap.org/way/135669417
info@eaturkish.co.uk,EaTurkish,Greenwich,Charlton,Restaurant,https://www.eaturkish.co.uk/,,venue website,openstreetmap,1,+44 20 8465 5522,172 Woolwich Road,SE7 7RA,https://www.openstreetmap.org/node/10572833715
walter.pineda@elalquimista.co.uk,El Alquimista,Greenwich,Greenwich,Indian,https://elalquimista.co.uk/,info@elalquimista.co.uk,openstreetmap,openstreetmap,1,+44 20 3518 8081,1-2 Stockwell Street,SE10 9JN,https://www.openstreetmap.org/node/11881806736
enderbyhouse@youngs.co.uk,Enderby House,Greenwich,Greenwich,Pub,https://www.enderbyhousepub.co.uk/,,openstreetmap,openstreetmap,1,+44 20 8897 6755,23 Telegraph Avenue,SE10 0TH,https://www.openstreetmap.org/way/390045367
wholesale@fingalsbakery.com,Fingal's Bakery,Greenwich,Greenwich,Bakery; Breakfast,https://fingalsbakery.com/,,venue website,openstreetmap,1,+44 20 8293 7072,110 Trafalgar Road,SE10 9UW,https://www.openstreetmap.org/node/10781845405
friddles_cakes@outlook.com,Friddles Cakes,Greenwich,Greenwich,Bakery,https://friddlescakes.com/,cakes@friddlescakes.com,openstreetmap,openstreetmap,1,+44 7734 936965,16 Highbridge Wharf,SE10 9PS,https://www.openstreetmap.org/node/12111655410
info@goddardsatgreenwich.co.uk,Goddards at Greenwich,Greenwich,Greenwich,Restaurant,https://www.goddardsatgreenwich.co.uk/,,openstreetmap,openstreetmap,1,+44 20 8305 9612,22 King William Walk,SE10 9HU,https://www.openstreetmap.org/node/10266440554
greenwich@grind.co.uk,Grind,Greenwich,Greenwich,Restaurant,https://grind.co.uk/pages/greenwich-grind,hello@grind.co.uk; press@grind.co.uk,openstreetmap,openstreetmap,1,+44 20 3823 6545,17-19 Nelson Road,SE10 9JB,https://www.openstreetmap.org/node/10266440532
heapssausages@gmail.com,Heap's Sausages,Greenwich,Greenwich,Deli,https://www.heapssausages.com/,,venue website,openstreetmap,1,,8 Nevada Street,SE10 9JL,https://www.openstreetmap.org/node/10266443621
contact@japes.uk,Japes,Greenwich,Greenwich,Pizza,https://japes.uk/,camden@japes.uk; cheltenham@japes.uk; greenwich@japes.uk; soho@japes.uk; stalbans@japes.uk,openstreetmap,openstreetmap,1,+447395635765,15 Nelson Road,SE10 9JB,https://www.openstreetmap.org/node/10266440530
info@kaabolounge.co.uk,Kaabo Lounge,Greenwich,Woolwich,Steak,https://www.kaabolounge.co.uk,,openstreetmap,openstreetmap,1,+44 20 3375 3327,25 Calderwood Street,SE18 6QW,https://www.openstreetmap.org/node/5316962367
info@kazelounge.com,Kaze Lounge,Greenwich,Greenwich,Asian,https://www.kazelounge.com/,,openstreetmap,openstreetmap,1,+44 20 3137 2620,300 Creek Road,SE10 9SX,https://www.openstreetmap.org/node/12431543161
1628@greeneking.co.uk,Kings Arms,Greenwich,Greenwich,Pub,https://www.greeneking-pubs.co.uk/pubs/greater-london/kings-arms-greenwich/,,openstreetmap,openstreetmap,1,+44 20 8858 4544,16 King William Walk,SE10 9JH,https://www.openstreetmap.org/node/10266440541
lhexagonegreenwich@gmail.com,L'hexagone,Greenwich,Greenwich,Deli,https://www.lhexagone.co.uk,,venue website,openstreetmap,1,,4a,SE10 9HZ,https://www.openstreetmap.org/node/10266440617
info@ladydinahs.co.uk,Lady Dinah's Cat Emporium,Greenwich,Greenwich,Cafe,https://www.ladydinahs.com/,,openstreetmap,openstreetmap,1,+44 20 8616 9390,29-30 King William Walk,SE10 9HU,https://www.openstreetmap.org/node/9731303240
o2@iguanas.co.uk,Las Iguanas,Greenwich,Greenwich,Mexican,https://www.iguanas.co.uk/restaurants/london-o2,basingstoke@iguanas.co.uk; bath@iguanas.co.uk; birmingham@iguanas.co.uk; brindleyplace@iguanas.co.uk; resortsworld@iguanas.co.uk; templestreet@iguanas.co.uk; bolton@iguanas.co.uk; bracknell@iguanas.co.uk; brighton@iguanas.co.uk; cribbscauseway@iguanas.co.uk; cambridge@iguanas.co.uk; canterbury@iguanas.co.uk; mermaidquay@iguanas.co.uk; cardiff@iguanas.co.uk; elveden@iguanas.co.uk; longleat@iguanas.co.uk; sherwood@iguanas.co.uk; woburn@iguanas.co.uk; chelmsford@iguanas.co.uk; coventry@iguanas.co.uk; lakeside@iguanas.co.uk; leicester@iguanas.co.uk; liverpool@iguanas.co.uk; livingston@iguanas.co.uk; wembley@iguanas.co.uk; deansgate@iguanas.co.uk; miltonkeynes@iguanas.co.uk; newcastle@iguanas.co.uk; newport@iguanas.co.uk; nottingham@iguanas.co.uk; peterborough@iguanas.co.uk; plymouth@iguanas.co.uk; gunwharf@iguanas.co.uk; reading@iguanas.co.uk; meadowhall@iguanas.co.uk; southampton@iguanas.co.uk; swansea@iguanas.co.uk; torquay@iguanas.co.uk; watford@iguanas.co.uk; bristol.hs@iguanas.co.uk,venue website,openstreetmap,1,+44 20 8312 8680,27 Entertainment Avenue,SE10 0DY,https://www.openstreetmap.org/way/1240494124
info@lokantagreenwich.co.uk,Lokanta,Greenwich,Greenwich,Restaurant,https://lokantagreenwich.co.uk/,,openstreetmap,openstreetmap,1,+44 20 8858 2348,11-13 Greenwich Church Street,SE10 9BJ,https://www.openstreetmap.org/node/10266440511
hello@lolascupcakes.co.uk,Lola's Cupcakes,Greenwich,Greenwich,Bakery,https://www.lolascupcakes.co.uk/Cupcakes/Store?id=90,hello@lolas.co.uk,venue website,openstreetmap,2,+44 20 3868 8725,11 Durnford Street,SE10 9BF,https://www.openstreetmap.org/node/11726733903
info@mammamiatheparty.co.uk,Mamma Mia! The Party,Greenwich,Greenwich,Restaurant,https://mammamiatheparty.co.uk/,,venue website,openstreetmap,1,,,,https://www.openstreetmap.org/way/1240494107
meowtea.greenwich@gmail.com,Meow Tea Moment,Greenwich,Greenwich,Cafe,https://www.facebook.com/meowteamoment,,openstreetmap,openstreetmap,1,,4 Woolwich Road,SE10 0JU,https://www.openstreetmap.org/node/10864633605
info@midpointrestaurant.co.uk,Midpoint Restaurant,Greenwich,Greenwich,Restaurant,https://www.midpointrestaurant.co.uk/,,openstreetmap,openstreetmap,1,+44 20 8293 0377,3 Ballast Quay,SE10 9GL,https://www.openstreetmap.org/node/9842806405
info@mountainviewgreenwich.co.uk,Mountain View Restaurant,Greenwich,Greenwich,Indian,https://mountainviewgreenwich.co.uk/,,venue website,openstreetmap,1,+44 20 8858 0227,160 Trafalgar Road,SE10 9TZ,https://www.openstreetmap.org/node/10253439660
info@pathiri.co.uk,Pathiri,Greenwich,Greenwich,Indian,https://www.pathiri.co.uk/,,openstreetmap,openstreetmap,1,+44 20 8858 1220,119 Trafalgar Road,SE10 9TX,https://www.openstreetmap.org/node/10253439631
greenwich@paulrhodesbakery.co.uk,Paul Rhodes,Greenwich,Greenwich,Bakery,https://paulrhodesbakery.co.uk/,,openstreetmap,openstreetmap,1,+44 20 8858 8995,37 King William Walk,SE10 9HU,https://www.openstreetmap.org/node/10266440601
peninsulalondon.info@gmail.com,Peninsula,Greenwich,Greenwich,Asian; Halal; Indian,https://peninsula-london.co.uk/greenwich/,,venue website,openstreetmap,1,+44 20 3345 7116,"141,143 Greenwich South Street",SE10 8NX,https://www.openstreetmap.org/node/10998292207
richardfirst@youngs.co.uk,Richard I,Greenwich,Greenwich,Pub,https://www.richardthefirst.co.uk/,,openstreetmap,openstreetmap,1,+44 20 8692 2996,"52,54 Royal Hill",SE10 8RT,https://www.openstreetmap.org/node/12890502854
hello@rosariomunch.com,Rosario Munch,Greenwich,Woolwich,Burger; Indian,https://www.rosariomunch.com/,,openstreetmap,openstreetmap,1,+44 20 3196 2733,136 Woolwich Church Street,SE18 5NQ,https://www.openstreetmap.org/node/9110759351
enquiries@roxrestaurant.co.uk,Rox,Greenwich,Eltham,Restaurant,https://roxrestaurant.co.uk/,,openstreetmap,openstreetmap,1,+44 20 8850 0634,190-194 Eltham High Street,SE9 1BJ,https://www.openstreetmap.org/node/10974594768
info@royalnepaleserestaurant.com,Royal Nepalese,Greenwich,Blackheath Royal Standard,Indian,https://www.royalnepalese.com/,info@royalnepalese.com,openstreetmap,openstreetmap,1,+44 20 8269 0553,2-4 Station Crescent,SE3 7EQ,https://www.openstreetmap.org/node/10225490712
raymondvoce@yahoo.co.uk,Royal Teas,Greenwich,Greenwich,Breakfast,https://www.royalteascafe.co.uk/,,openstreetmap,openstreetmap,1,+44 20 8691 7240,76 Royal Hill,SE10 8RT,https://www.openstreetmap.org/node/12890502852
saltwoolwich@saltbeerfactory.co.uk,SALT Woolwich,Greenwich,Woolwich,Pizza; Pub,https://www.saltbeerfactory.co.uk/,,openstreetmap,openstreetmap,1,+44 20 8316 4413,15 Major Draper Street,SE18 6GD,https://www.openstreetmap.org/node/3932136290
info@severndroogcastle.org.uk,Severndroog Castle Tea Room,Greenwich,Shooter's Hill,Cafe,https://www.severndroogcastle.org.uk/,,venue website,openstreetmap,1,,Castle Wood,SE18 3RT,https://www.openstreetmap.org/node/12534721620
greenwich@slimchickens.co.uk,Slim Chickens,Greenwich,Greenwich,Takeaway,https://www.slimchickens.co.uk/locations/greenwich,,openstreetmap,openstreetmap,1,+44 20 8858 3920,45 Greenwich Church Street,SE10 9BL,https://www.openstreetmap.org/node/10266440639
infoslug.o2@stonegatepubs.com,Slug & Lettuce,Greenwich,Greenwich,Bar,https://www.slugandlettuce.co.uk/o2-arena-london,,openstreetmap,openstreetmap,1,+44 845 126 2990,14 Entertainment Avenue,SE10 0DY,https://www.openstreetmap.org/way/1240494136
info@snowflakegelato.co.uk,Snowflake Luxury Gelato,Greenwich,Greenwich,Ice cream,https://snowflakegelato.co.uk/,,venue website,openstreetmap,3,,,SE10 0DX,https://www.openstreetmap.org/way/1240494113
info@enverdigital.com,Star Banqueting,Greenwich,Woolwich,Restaurant,https://www.starbanqueting.co.uk,,venue website,openstreetmap,1,,39-43 Hare Street,,https://www.openstreetmap.org/node/10095833247
greenwich@sticksnsushi.com,Sticks'n'Sushi,Greenwich,Greenwich,Asian; Sushi,https://sticksnsushi.com/restaurants/london/greenwich,contact@sticksnsushi.com,openstreetmap,openstreetmap,1,+44 20 8858 8424,1 Nelson Road,SE10 9JB,https://www.openstreetmap.org/node/10266440553
events@admiralhardygreenwich.co.uk,The Admiral Hardy,Greenwich,Greenwich,Pub,https://admiralhardygreenwich.co.uk/,hello@admiralhardygreenwich.co.uk,openstreetmap,openstreetmap,1,+44 20 8293 9535,7 College Approach,SE10 9HY,https://www.openstreetmap.org/node/10266440600
info@ashburnham-arms.co.uk,The Ashburnham Arms,Greenwich,Greenwich,Burger; Pub; Seafood,https://www.ashburnham-arms.co.uk/,,openstreetmap,openstreetmap,1,+44 20 8355 5141,25 Ashburnham Grove,SE10 8UH,https://www.openstreetmap.org/way/1095220538
info@theblackheathhouse.com,The Blackheath House,Greenwich,Kidbrooke,Breakfast,https://www.theblackheathhouse.com/,,openstreetmap,openstreetmap,1,+44 20 3148 4790,5 Lee Road,SE3 9RQ,https://www.openstreetmap.org/node/10280308675
buglehornpub@gmail.com,The Bugle Horn,Greenwich,Charlton,Pub,https://buglehornpub.com/,,openstreetmap,openstreetmap,1,+44 20 8319 2623,6 The Village,SE7 8UD,https://www.openstreetmap.org/way/1033935072
coachandhorsesgreenwich@youngs.co.uk,The Coach and Horses,Greenwich,Greenwich,Pub,https://www.the-coach-and-horses.co.uk/,,openstreetmap,openstreetmap,1,+44 20 8293 0880,13,SE10 9HZ,https://www.openstreetmap.org/node/10266440578
hellogreenwich@thecoffeestudioldn.com,The Coffee Studio,Greenwich,Greenwich,Breakfast,https://www.thecoffeestudioldn.com/greenwich,hello@thecoffeestudioldn.com,openstreetmap,openstreetmap,1,+44 20 8158 9641,44 Creek Road,SE8 3FN,https://www.openstreetmap.org/node/13007153090
info@crownrooms.co.uk,The Crown,Greenwich,Greenwich,Pub,https://crownrooms.co.uk/,thecrownpubse@gmail.com,venue website,openstreetmap,1,+44 20 3918 4333,176 Trafalgar Road,SE10 9TZ,https://www.openstreetmap.org/node/12819770592
cuttysark@youngs.co.uk,The Cutty Sark,Greenwich,Greenwich,Pub,https://www.cuttysarkse10.co.uk/,,openstreetmap,openstreetmap,1,+44 20 8858 3146,4-6 Ballast Quay,SE10 9PD,https://www.openstreetmap.org/node/300452750
info@thedialldn.com,The Dial,Greenwich,Greenwich,Pub,https://thedialldn.com/,,openstreetmap,openstreetmap,1,+44 20 3879 6316,Peninsula Square,SE10 0SQ,https://www.openstreetmap.org/node/5798900528
info@georgedragon.com,The George & Dragon,Greenwich,Greenwich,Pub,https://georgedragon.com/,,openstreetmap,openstreetmap,1,+44 20 8691 3764,2 Blackheath Hill,SE10 8DE,https://www.openstreetmap.org/node/224146236
enquiry@thegipsymothgreenwich.co.uk,The Gipsy Moth,Greenwich,Greenwich,Pub,https://www.thegipsymothgreenwich.co.uk/,,openstreetmap,openstreetmap,1,+44 20 8858 0786,60 Greenwich Church Street,SE10 9BL,https://www.openstreetmap.org/node/10266440633
thegreencafeldn@gmail.com,The Green Cafe,Greenwich,Greenwich,Bakery; Breakfast; Deli,https://www.facebook.com/greencafeLDN/,,openstreetmap,openstreetmap,1,+44 20 8305 0799,285 - 289 Greenwich High Road,SE10 8NB,https://www.openstreetmap.org/node/7594581429
hello@thegreengoddess.pub,The Green Goddess,Greenwich,Blackheath Royal Standard,Pub,https://www.thegreengoddess.pub/,,openstreetmap,openstreetmap,1,,43A Vanbrugh Park,SE3 7AB,https://www.openstreetmap.org/node/9891375140
sophie@nest-cafe.co.uk,The Greenwich Nest,Greenwich,Greenwich,Cafe,https://nest-cafe.co.uk/,,venue website,openstreetmap,1,,8 Victoria Parade,SE10 9FR,https://www.openstreetmap.org/node/14022991501
guardhouse@youngs.co.uk,The Guard House,Greenwich,Woolwich,Pub,https://www.theguardhousewoolwich.co.uk/,,openstreetmap,openstreetmap,1,+44 20 3437 0900,No 1 Street,SE18 6GH,https://www.openstreetmap.org/node/4515363508
mail@theguildfordarms.co.uk,The Guildford Arms,Greenwich,Greenwich,Pub,https://www.theguildfordarms.co.uk/,,openstreetmap,openstreetmap,1,+44 20 8691 6293,55 Guildford Grove,SE10 8JY,https://www.openstreetmap.org/way/1093802500
matizlondon@gmail.com,The Hill,Greenwich,Greenwich,Restaurant,https://www.thehillgreenwich.com/,,venue website,openstreetmap,1,+44 20 8691 3626,89 Royal Hill,SE10 8SE,https://www.openstreetmap.org/node/12890502872
info@thelastdropinn.co.uk,The Last Drop Inn,Greenwich,Eltham,Pub,https://www.thelastdropinn.co.uk/,,openstreetmap,openstreetmap,1,+44 20 3623 6367,279 Eltham High Street,SE9 1TY,https://www.openstreetmap.org/node/13691299423
thelosthour@stonegategroup.co.uk,The Lost Hour,Greenwich,Greenwich,Pub,https://www.crafted-social.co.uk/lost-hour-greenwich,stonegatepress@stonegategroup.co.uk,openstreetmap,openstreetmap,1,+44 20 8269 1411,217-219 Greenwich High Road,SE10 8NB,https://www.openstreetmap.org/node/12952885350
info@northpolegreenwich.co.uk,The North Pole,Greenwich,Greenwich,Pub,https://www.northpolegreenwich.co.uk/,,openstreetmap,openstreetmap,1,+44 20 8853 3020,131 Greenwich High Road,SE10 8JA,https://www.openstreetmap.org/node/12961239334
oldbrewery@youngs.co.uk,The Old Brewery,Greenwich,Greenwich,Pub,https://www.oldbrewerygreenwich.com/,,openstreetmap,openstreetmap,1,,The Old Royal Naval College,SE10 9LW,https://www.openstreetmap.org/way/1095646248
hello@oystercatchergreenwich.co.uk,The Oystercatcher,Greenwich,Greenwich,Seafood,https://oystercatchergreenwich.co.uk/,,venue website,openstreetmap,1,+44 20 8161 8225,7 Victoria Parade,SE10 9FR,https://www.openstreetmap.org/node/9233569169
peltonarms@outlook.com,The Pelton Arms,Greenwich,Greenwich,Burger; Pizza; Pub,https://www.peltonarms.com/,,openstreetmap,openstreetmap,1,+44 20 8858 0572,23-25 Pelton Road,SE10 9PQ,https://www.openstreetmap.org/way/889916461
thepilot.greenwich@fullers.co.uk,The Pilot Inn,Greenwich,Greenwich,Pub,https://www.pilotgreenwich.co.uk/,,openstreetmap,openstreetmap,1,+44 20 8858 5910,68 River Way,SE10 0BE,https://www.openstreetmap.org/way/193321876
plumegreenwich@outlook.com,The Plume of Feathers,Greenwich,Greenwich,Pub,https://plumegreenwich.com/,,openstreetmap,openstreetmap,1,+44 20 8858 1661,19 Park Vista,SE10 9LZ,https://www.openstreetmap.org/node/10266449760
theprinceofgreenwichpub@gmail.com,The Prince Of Greenwich,Greenwich,Greenwich,Pub,https://www.theprinceofgreenwichpub.com,,openstreetmap,openstreetmap,1,+44 20 8692 6089,"70,72 Royal Hill",SE10 8RT,https://www.openstreetmap.org/node/12890502853
trevor@theriveralehouse.com,The River Ale House,Greenwich,Greenwich,Pub,https://www.theriveralehouse.com/,,openstreetmap,openstreetmap,1,,131 Woolwich Road,SE10 0RJ,https://www.openstreetmap.org/node/10253245701
info@theshipgreenwich.co.uk,The Ship,Greenwich,Greenwich,Restaurant,https://theshipgreenwich.co.uk,,openstreetmap,openstreetmap,1,+44 20 7952 6737,,SE10 9HT,https://www.openstreetmap.org/way/163265764
info@trafalgartavern.co.uk,The Trafalgar Tavern,Greenwich,Greenwich,Pub,https://www.trafalgartavern.co.uk/,horatio@gmail.com,venue website,openstreetmap,1,+44 20 3887 9886,Park Row,SE10 9NW,https://www.openstreetmap.org/way/299668095
info@thevanbrugh.com,The Vanbrugh,Greenwich,Greenwich,Pub,https://www.thevanbrugh.com/,,openstreetmap,openstreetmap,1,,91 Colomb Street,SE10 9EZ,https://www.openstreetmap.org/node/13782246514
greenwich@tortilla.co.uk,Tortilla,Greenwich,Greenwich,Mexican,https://www.tortilla.co.uk/restaurants/greenwich,,venue website,openstreetmap,1,,8 Crescent Arcade,SE10 9SW,https://www.openstreetmap.org/node/10559915173
info@vivacafe.co.uk,Viva Cafe & Bistro,Greenwich,Greenwich,French,https://www.vivacafe.co.uk/,,openstreetmap,openstreetmap,1,+44 20 8858 8803,220-222 Trafalgar Road,SE10 9ER,https://www.openstreetmap.org/node/10253349491
7276@greeneking.co.uk,Ye Olde Rose and Crown,Greenwich,Greenwich,Pub,https://www.greeneking-pubs.co.uk/pubs/greater-london/ye-olde-rose-crown/,,venue website,openstreetmap,1,+44 20 8293 1898,1 Crooms Hill,SE10 8ER,https://www.openstreetmap.org/way/1075176772
greenwich@zizzi.co.uk,Zizzi,Greenwich,Greenwich,Italian,https://www.zizzi.co.uk/italian/restaurants/greenwich,feedback@zizzi.co.uk,openstreetmap,openstreetmap,1,+44 20 8269 0808,Greenwich Promenade,SE10 9HT,https://www.openstreetmap.org/way/163265765
reservations@mu-ldn.com,"""mu""",Hackney,Dalston,Asian; Japanese,https://mu-ldn.com/,info@mu-ldn.com,venue website,openstreetmap,1,,432-434 Kingsland Road,E8 4AA,https://www.openstreetmap.org/node/13273587201
hello@21sid.co.uk,21 Sid Tarot & Coffee,Hackney,Hackney,Bakery; Breakfast; Deli; Italian,https://www.instagram.com/21_tarot_and_coffee,,openstreetmap,openstreetmap,1,,21 Sidworth Street,E8 3SD,https://www.openstreetmap.org/node/8669391506
info@3thirty.co.uk,3thirty,Hackney,Shoreditch,Restaurant,https://www.3thirty.co.uk/,,venue website,openstreetmap,1,+44 20 7033 1882,330 Old Street,EC1V 9DR,https://www.openstreetmap.org/way/164244203
hello@thisisacepizza.com,Ace Pizza,Hackney,Lower Clapton,Pizza,https://www.thisisacepizza.com/,marketing@thisisacepizza.com,venue website,openstreetmap,2,+44 20 8986 8597,,,https://www.openstreetmap.org/node/8862726710
bookings@acmefirecult.com,Acme Fire Cult,Hackney,Dalston,BBQ,https://www.acmefirecult.com/,events@acmefirecult.com,venue website,openstreetmap,1,,Abbot Street,,https://www.openstreetmap.org/node/11876977633
marketing@stokeygarden.co.uk,Acoustic Stokey Garden,Hackney,Stoke Newington,Cafe,https://stokeygarden.co.uk/,,openstreetmap,openstreetmap,1,+44 20 7923 1877,113 Stoke Newington Church Street,N16 0UD,https://www.openstreetmap.org/node/13076136305
sales@alchemycoffee.co.uk,Alchemy Coffee,Hackney,Shoreditch,Breakfast,https://alchemycoffee.co.uk/,,venue website,openstreetmap,1,,Paul Street,,https://www.openstreetmap.org/node/11065191727
web@allpress.com,Allpress London Roastery and Cafe,Hackney,Dalston,Breakfast,https://www.allpressespresso.com/find/allpress-london-roastery-and-cafe/,,venue website,openstreetmap,2,,55 Dalston Lane,E8 2NG,https://www.openstreetmap.org/node/13913062903
info@aun-restaurant.com,AUN,Hackney,Stoke Newington,Asian; Japanese,https://www.aun-restaurant.com/,,venue website,openstreetmap,1,+44 20 7254 6500,178 Stoke Newington Church Street,N16 0JL,https://www.openstreetmap.org/node/3761643219
hello@drinkbadcoffee.com,Bad Coffee,Hackney,Hackney Wick,Breakfast,https://www.drinkbadcoffee.com/,,venue website,openstreetmap,1,,Prince Edward Road,E9 5LX,https://www.openstreetmap.org/node/10592062342
info@shoreditchballs.com,Balls,Hackney,Shoreditch,Bar,https://www.shoreditchballs.com/,redlionenquieries@gmail.com,venue website,openstreetmap,1,,333 Old Street,EC1V 9LE,https://www.openstreetmap.org/way/164845189
hello@bambi-bar.com,Bambi,Hackney,Hackney,Bar,https://bambi-bar.com/,sam@bambi-bar.com,venue website,openstreetmap,1,+44 20 3822 0301,1-7 Westgate Street,E8 3RL,https://www.openstreetmap.org/node/6541871585
hello@bangerslondon.co.uk,Bangers,Hackney,Shoreditch,Breakfast,https://www.bangerslondon.co.uk/,,venue website,openstreetmap,1,,5 Leonard Circus,,https://www.openstreetmap.org/node/13734300301
hello@batchbaby.co.uk,Batch Baby,Hackney,De Beauvoir Town,Breakfast,https://www.batchbaby.co.uk/,,venue website,openstreetmap,1,,,N1 5SF,https://www.openstreetmap.org/node/10200371934
book@thebeboppub.com,BeBopaLula,Hackney,Stoke Newington,Pub,https://thebeboppub.com/,,venue website,openstreetmap,1,+44 20 7249 6764,,,https://www.openstreetmap.org/way/1007692612
info@beechwoodsportspub.com,Beechwood,Hackney,Shoreditch,American; Pub,https://beechwoodsportspub.com/,,openstreetmap,openstreetmap,1,+44 20 8161 0444,1A Principle Place Worship Street,EC2A 2BA,https://www.openstreetmap.org/way/667230136
events@berberandq.com,Berber & Q,Hackney,Dalston,Restaurant,https://www.berberandq.com/,,venue website,openstreetmap,1,,338 Acton Mews,E8 4EA,https://www.openstreetmap.org/way/469649789
info@bigoli.com,Bigoli Fresh Pasta,Hackney,Shoreditch,Italian,https://bigoli.com/,,openstreetmap,openstreetmap,1,+44 20 3838 2015,123 City Road,EC1V 1JB,https://www.openstreetmap.org/way/156211813
info@bistrofreddie.com,Bistro Freddie,Hackney,Shoreditch,French; Mexican,https://www.bistrofreddie.com/,,venue website,openstreetmap,1,,74 Luke Street,EC2A 4PY,https://www.openstreetmap.org/way/163923520
orders@blackcatcafe.co.uk,Black Cat Cafe,Hackney,Lower Clapton,Breakfast; Burger; Deli; Indian,http://www.blackcatcafe.co.uk/,,openstreetmap,openstreetmap,1,+44 20 8985 7091,76a Clarence Road,E5 8HB,https://www.openstreetmap.org/node/291969070
shoreditch@theblacklock.com,Blacklock,Hackney,Shoreditch,Steak,https://theblacklock.com/restaurants/shoreditch/,,venue website,openstreetmap,1,+44 20 7739 2148,28-30 Rivington Street,EC2A 3DZ,https://www.openstreetmap.org/way/166202529
info@blendcafe.london,Blend Cafe Ltd,Hackney,Homerton,Breakfast,https://blendcafe.london/,,openstreetmap,openstreetmap,1,,Barnabas Road,E9 5SD,https://www.openstreetmap.org/node/6632263272
info@boboandwild.co.uk,Bobo & Wild,Hackney,Hoxton,Cafe,https://www.boboandwild.co.uk/,hello@boboandwild.co.uk,venue website,openstreetmap,2,+44 20 7033 4055,,,https://www.openstreetmap.org/node/4535875056
info@bragsandbrams.com,Brags & Brams,Hackney,Haggerston,Cafe,https://www.bragsandbrams.com/,,venue website,openstreetmap,2,,263-265 Hackney Road,,https://www.openstreetmap.org/way/824820073
info@breadandoregano.co.uk,Bread & Oregano,Hackney,Homerton,Breakfast,https://breadandoregano.co.uk/,,venue website,openstreetmap,1,,143-145 Homerton High Street,,https://www.openstreetmap.org/node/11274342161
ciao@breadandtruffle.com,Bread & Truffle,Hackney,Hackney,Deli,https://breadandtruffle.com/,,venue website,openstreetmap,1,,,,https://www.openstreetmap.org/node/9898041815
info@bronsonsburgers.co.uk,Bronson's Burgers,Hackney,Hackney,Burger; Halal,https://bronsonsburgers.co.uk/,,venue website,openstreetmap,1,,169 Mare Street,E8 3RH,https://www.openstreetmap.org/way/587954392
hello@brunswickeast.london,Brunswick East,Hackney,Shacklewell,Cafe,https://www.brunswickeast.london/,natasha@brunswickeast.london,venue website,openstreetmap,1,,Gillett Street,N16 8JH,https://www.openstreetmap.org/node/5633817823
info@burgrill.co.uk,Burgrill,Hackney,Lower Clapton,Takeaway,https://www.burgrill.co.uk/,clapton@burgrill.co.uk,venue website,openstreetmap,1,,33 Lower Clapton Road,E5 0NS,https://www.openstreetmap.org/way/937316670
info@butchies.co.uk,Butchies,Hackney,Shoreditch,Takeaway,https://www.butchies.co.uk,,openstreetmap,openstreetmap,1,,22 Rivington Street,EC2A 3DY,https://www.openstreetmap.org/way/164241240
hello@bunbunbun.co,BúnBúnBún,Hackney,Dalston,Asian,http://www.bunbunbun.co/,,openstreetmap,openstreetmap,1,,511 Kingsland Road,,https://www.openstreetmap.org/node/8079246117
bradford@cafeoto.co.uk,Cafe Oto,Hackney,Dalston,Cafe,https://www.cafeoto.co.uk/,,venue website,openstreetmap,1,,18-22 Ashwin Street,E8 3DL,https://www.openstreetmap.org/way/397640224
info@cafececilia.com,Café Cecilia,Hackney,Hackney,Restaurant,https://www.cafececilia.com/,events@cafececilia.com,venue website,openstreetmap,1,+44 20 3478 6726,32 Andrews Road,E8 4FX,https://www.openstreetmap.org/node/11256174837
contact@caferoute.co.uk,Café Route,Hackney,Dalston,Restaurant,http://www.caferoute.co.uk/,,openstreetmap,openstreetmap,1,+44 20 7249 6202,Dalston Square,E8 3BQ,https://www.openstreetmap.org/way/442911486
info@calonglondon.com,Calong,Hackney,West Hackney,Asian; Korean,https://www.calonglondon.com/,hello@calonglondon.com,openstreetmap,openstreetmap,1,+44 20 3561 4798,35 Stoke Newington Church Street,N16 0NX,https://www.openstreetmap.org/node/3761737515
shoreditch@camino.uk.com,Camino,Hackney,Shoreditch,Spanish,https://camino.uk.com/restaurant/shoreditch/,,venue website,openstreetmap,1,,2 Curtain Road,EC2A 3BL,https://www.openstreetmap.org/node/6247142377
info@casafofolondon.co.uk,Casa Fofò,Hackney,Shacklewell,Restaurant,https://www.casafofolondon.co.uk/,,venue website,openstreetmap,1,,158 Sandringham Road,E8 2HS,https://www.openstreetmap.org/way/962703067
info@caseysclapton.com,Casey's,Hackney,Lower Clapton,Bakery,https://www.caseysclapton.com/,,openstreetmap,openstreetmap,1,,150 Lower Clapton Road,E5 0QJ,https://www.openstreetmap.org/way/594374261
info@catandmutton.com,Cat and Mutton,Hackney,Hackney,Pub,https://www.catandmutton.com/,,openstreetmap,openstreetmap,1,+44 20 7249 6555,76 Broadway Market,E8 4QJ,https://www.openstreetmap.org/way/366327540
hola@chakana-restaurant.co.uk,Chakana,Hackney,Hackney,Restaurant,https://chakana-restaurant.co.uk/,,venue website,openstreetmap,1,+44 20 3649 7494,41 Broadway Market,E8 4PH,https://www.openstreetmap.org/node/3703086370
info@thechambersrestaurant.co.uk,Chambers,Hackney,Hackney,Restaurant,https://thechambersrestaurant.co.uk,,venue website,openstreetmap,1,,132 Lauriston Road,E9 7LH,https://www.openstreetmap.org/way/595656364
beer@cheshamarms.com,Chesham Arms,Hackney,Hackney,Pizza; Pub,https://www.cheshamarms.com/,,openstreetmap,openstreetmap,1,+44 20 8986 6717,15 Mehetabel Road,E9 6DU,https://www.openstreetmap.org/way/606507213
info@cirrik.co.uk,Cirrik,Hackney,Shacklewell,Restaurant,https://www.cirrik.co.uk,,openstreetmap,openstreetmap,1,+44 20 7249 0400,34 Stoke Newington Road,N16 7XJ,https://www.openstreetmap.org/node/13565408802
info@claptonsquarebrasserie.com,Clapton Square Brasserie,Hackney,Lower Clapton,French,https://www.claptonsquarebrasserie.com/,,openstreetmap,openstreetmap,1,+44 20 8985 9674,19 Lower Clapton Road,E5 0NS,https://www.openstreetmap.org/node/8066034485
admin@climpsonandsons.com,Climpson & Sons,Hackney,Hackney,Breakfast,https://climpsonandsons.com/pages/broadway-market-cafe,,venue website,openstreetmap,2,+44 20 7254 7199,67 Broadway Market,E8 4PH,https://www.openstreetmap.org/way/366327526
reservations@onehundredshoreditch.com,Coffee Shop,Hackney,Shoreditch,Breakfast,https://www.onehundredshoreditch.com/eat-drink/coffee-shop/,hello@onehundredshoreditch.com; events@onehundredshoreditch.com; sales@onehundredshoreditch.com; lobbybar@onehundredshoreditch.com; press@onehundredshoreditch.com,venue website,openstreetmap,1,,100 Shoreditch High Street,E1 6JQ,https://www.openstreetmap.org/node/3639031394
oldstreet@creamscafe.com,Creams,Hackney,Shoreditch,Ice cream,https://www.creamscafe.com/our-stores/old-street/,,venue website,openstreetmap,1,,229 Old Street,EC1V 9HE,https://www.openstreetmap.org/way/157258532
london@cuppapug.com,CuppaPug,Hackney,Hackney,Cafe,https://www.cuppapug.com/locations/london,,venue website,openstreetmap,1,,Nursery Road,E9 6PB,https://www.openstreetmap.org/node/12750588101
hello@dallasburger.com,Dallas,Hackney,Shoreditch,Burger,https://www.dallasburger.com/,,venue website,openstreetmap,1,,138-139 Shoreditch High Street,E1 6JE,https://www.openstreetmap.org/node/3639233622
hola@tacosdel74.com,Del74,Hackney,Shacklewell,Mexican,https://www.tacosdel74.com/,catering@tacosdel74.com,openstreetmap,openstreetmap,1,+44 20 3609 7035,129 Kingsland High Street,E8 2PB,https://www.openstreetmap.org/way/395184547
info@dilarauyghurrestaurant.co.uk,Dilara Uyghur Restaurant,Hackney,Manor House,Asian; Chinese,https://dilarauyghurrestaurant.co.uk/,,openstreetmap,openstreetmap,1,+44 20 7226 2446,27 Blackstock Road,N4 2JF,https://www.openstreetmap.org/node/12638795302
info@dobar.co.uk,Dobar,Hackney,Manor House,Cafe,https://dobar.co.uk,,openstreetmap,openstreetmap,1,+44 20 7686 3257,324 Green Lanes,N4 1BX,https://www.openstreetmap.org/node/3217493261
info@thedukeofyorkpub.com,Duke of York,Hackney,De Beauvoir Town,Pub,https://www.thedukeofyorkpub.com/,events@urbanpubsandbars.com,venue website,openstreetmap,1,,33 Downham Road,N1 5AA,https://www.openstreetmap.org/way/474422893
info@e5bakehouse.com,E5 Bakehouse,Hackney,Hackney,Bakery,https://e5bakehouse.com/,,venue website,openstreetmap,2,+44 20 8525 2890,395 Mentmore Terrace,E8 3PH,https://www.openstreetmap.org/node/2699676449
info@east2west.london,East 2 West,Hackney,Hackney,Restaurant,https://east2west.london/,,venue website,openstreetmap,1,,56 Broadway Market,E8 4QJ,https://www.openstreetmap.org/way/366327455
hello@e-z-8.com,Easy 8,Hackney,Hackney,Mexican,https://www.e-z-8.com/,,venue website,openstreetmap,1,,159a Mare Street,E8 3RH,https://www.openstreetmap.org/way/587954409
orders@ekbakery.co.uk,EK Bakery,Hackney,Haggerston,Bakery,https://ekbakery.co.uk/,elizabeth@ekbakery.co.uk,openstreetmap,openstreetmap,1,+44 20 8076 0005,Broadway Market Mews,,https://www.openstreetmap.org/node/9460213204
hello@elgansocafe.co.uk,El Ganso Cafe,Hackney,Hackney,Cafe,https://www.elgansocafe.co.uk/,,venue website,openstreetmap,1,+44 20 7241 1793,59-61 Broadway Market,E8 4PH,https://www.openstreetmap.org/node/5460589021
bookings@elephanthackney.com,Elephant,Hackney,Lower Clapton,Italian,https://www.elephanthackney.com/,,venue website,openstreetmap,1,,43 Lower Clapton Road,,https://www.openstreetmap.org/way/937316669
events@empiretavern.co.uk,Empire Tavern,Hackney,Hackney,Bar,https://www.empiretavern.co.uk/,dining@empiretavern.co.uk,venue website,openstreetmap,1,,,,https://www.openstreetmap.org/node/11297978581
info@escocesa.co.uk,Escocesa,Hackney,West Hackney,Spanish,https://www.escocesa.co.uk/,,venue website,openstreetmap,1,,67 Stoke Newington Church Street,N16 0AR,https://www.openstreetmap.org/way/399129126
hello@estersn16.com,Esters,Hackney,Stoke Newington,Cafe,https://www.estersn16.com/,,venue website,openstreetmap,1,,55 Kynaston Road,N16 0EB,https://www.openstreetmap.org/node/11274746222
rupertmeats@thisisrude.com,Everyday Sunshine,Hackney,Stoke Newington,Breakfast,https://www.thisisrude.com/pages/coffee-hatch,,venue website,openstreetmap,1,+44 20 7502 3393,49 Barbauld Road,N16 0RT,https://www.openstreetmap.org/node/10918203625
hello@facing-heaven.com,Facing Heaven,Hackney,Hackney,Asian; Chinese,https://www.facing-heaven.com/,,venue website,openstreetmap,1,,1A Bayford Street,E8 3SE,https://www.openstreetmap.org/way/935514828
info@farrs.pub,Farr's,Hackney,Dalston,Pizza,https://www.farrs.pub/,,venue website,openstreetmap,1,+44 20 7923 4553,17-19 Dalston Lane,E8 3DF,https://www.openstreetmap.org/way/397628362
info@faulknersfishandchips.co.uk,Faulkners,Hackney,Dalston,Seafood,https://www.faulknersfishandchips.co.uk/,,venue website,openstreetmap,1,+44 20 7502 1080,"424,426 Kingsland Road",E8 4AA,https://www.openstreetmap.org/way/460833841
info@finks.co.uk,Fink's,Hackney,Stoke Newington,Bakery; Breakfast; Deli,https://www.finks.co.uk/,,venue website,openstreetmap,3,,Stoke Newington Church Street,N16 9HJ,https://www.openstreetmap.org/node/8479300924
info@frizzanterestaurant.com,Frizzante,Hackney,Haggerston,Restaurant,https://frizzanterestaurant.com/,,venue website,openstreetmap,1,,1 Goldsmiths' Row,E2 8QA,https://www.openstreetmap.org/node/686485717
info@fujirestaurant.co.uk,Fuji,Hackney,West Hackney,Asian; Japanese,https://www.fujirestaurant.co.uk/,,venue website,openstreetmap,1,+44 20 7254 6093,15 Stoke Newington Church Street,N16 0NX,https://www.openstreetmap.org/node/374318245
sales@fwdcoffee.co.uk,FWD:Coffee,Hackney,Shoreditch,Breakfast,https://www.fwdcoffee.co.uk/,,venue website,openstreetmap,3,,126 Curtain Road,EC2A 3PJ,https://www.openstreetmap.org/way/166688584
marketing@gaiabistro.co.uk,Gaia Bistro,Hackney,Haggerston,French,https://gaiabistro.co.uk/,,openstreetmap,openstreetmap,1,+44 20 4547 2760,Hackney Road,E2 8GY,https://www.openstreetmap.org/node/10775457927
info@gaiapulses.com,Gaia Pulses,Hackney,Hackney,Greek,https://www.gaiapulses.com/,,venue website,openstreetmap,2,,,,https://www.openstreetmap.org/node/9595060036
jean.naudy@gmail.com,Gloria,Hackney,Shoreditch,Restaurant,https://www.bigmammagroup.com/,,venue website,openstreetmap,1,,54-56 Great Eastern Street,EC2A 3QR,https://www.openstreetmap.org/way/157314578
hello@gramndegrees.co.uk,Gramndegrees,Hackney,Haggerston,Breakfast,https://www.gramndegrees.co.uk/,,venue website,openstreetmap,1,,93 Kingsland Road,E2 8AG,https://www.openstreetmap.org/node/13646215319
info@greatbeyond.beer,Great Beyond Brewery,Hackney,Shoreditch,Pub,https://greatbeyond.beer/,,venue website,openstreetmap,1,,417 Union Walk,,https://www.openstreetmap.org/node/11128539820
eat@gujaratirasoi.com,Gujarati Rasoi,Hackney,Shacklewell,Indian,https://www.gujaratirasoi.com/,meet@gujaratirasoi.com,venue website,openstreetmap,1,+44 20 8616 7914,10C Bradbury Street,N16 8JN,https://www.openstreetmap.org/way/289376376
info@gyroslab.com,Gyros Lab,Hackney,Haggerston,Greek,https://www.gyroslab.com/,,venue website,openstreetmap,1,+44 20 3337 5856,2 Kingsland Road,E2 8DA,https://www.openstreetmap.org/way/164475597
hello@hackneychurchbrew.co,Hackney Church Brew Co,Hackney,Hackney,Indian,https://hackneychurchbrew.co,,openstreetmap,openstreetmap,1,+44 20 3795 8295,Bohemia Place,E8 1DU,https://www.openstreetmap.org/node/6900790806
haicafelondon@gmail.com,Hai Cafe,Hackney,Lower Clapton,Asian,https://www.hai-cafe.com/,,venue website,openstreetmap,1,,120B Lower Clapton Road,E5 0QR,https://www.openstreetmap.org/way/593917813
info@hanoipho21.com,Hanoi Pho 21,Hackney,Shoreditch,Asian,https://www.hanoipho21.com,,venue website,openstreetmap,1,+44 20 4629 3242,56 Paul Street,,https://www.openstreetmap.org/way/163923530
shop@londonbikestudio.org,HARÜ Coffee,Hackney,West Hackney,Cafe,https://www.londonbikestudio.org/,,venue website,openstreetmap,1,,Evering Road,,https://www.openstreetmap.org/way/1125606008
hashe8@hotmail.com,Hash E8,Hackney,Shacklewell,American,https://www.instagram.com/hash_e8,,openstreetmap,openstreetmap,1,,170c Dalston Lane,E8 1NG,https://www.openstreetmap.org/way/893742561
hello@hearthbakery.co.uk,Hearth,Hackney,Hackney Wick,Bakery,https://www.hearthbakery.co.uk/,,venue website,openstreetmap,1,,86 Wallis Road,,https://www.openstreetmap.org/node/9847830921
hello@helmalondon.com,Helma,Hackney,De Beauvoir Town,Cafe,https://www.helmalondon.com/,,venue website,openstreetmap,1,,13 Downham Road,N1 5AA,https://www.openstreetmap.org/node/6996847269
info@hourglasscoffee.co.uk,Hourglass Coffee,Hackney,Manor House,Cafe,https://www.hourglass.coffee/,,openstreetmap,openstreetmap,1,,263 Green Lanes,N4 2UX,https://www.openstreetmap.org/node/7578441704
bookings@houseofmomo.co.uk,House of MoMo,Hackney,Shacklewell,Asian,https://houseofmomo.co.uk/,,venue website,openstreetmap,1,+44 20 3632 4208,52 Boleyn Road,N16 8JP,https://www.openstreetmap.org/way/329962516
howlhoxton@gmail.com,Howl at the Moon,Hackney,Hoxton,Pub,https://www.hoxtonpub.com/,,venue website,openstreetmap,1,+44 20 7688 1970,178 Hoxton Street,N1 5LH,https://www.openstreetmap.org/way/726988825
hoxtonhome@gmail.com,Hoxton Beach,Hackney,Hackney,Cafe,https://hoxtonbeach.com/,,venue website,openstreetmap,1,,London Fields West Side,E8 3EU,https://www.openstreetmap.org/node/8042840212
contact@katsute100.com,Katsute100 Broadway Market,Hackney,Hackney,Cafe,https://www.katsute100.com/,,venue website,openstreetmap,4,,4 Broadway Market Mews,E8 4TS,https://www.openstreetmap.org/node/3751773924
office@koya.co.uk,Koya Ko,Hackney,Haggerston,Asian; Japanese,https://www.koya.co.uk/restaurant/hackney,koyamail@koya.co.uk,venue website,openstreetmap,1,,10-12 Broadway Market Mews,,https://www.openstreetmap.org/node/11203196943
hello@kricket.co.uk,Kricket,Hackney,Shoreditch,Indian,https://kricket.co.uk/shoreditch/,,venue website,openstreetmap,2,+44 20 3835 8805,35-42 Charlotte Road,EC2A 3PB,https://www.openstreetmap.org/node/13522984801
info@kybelle.co.uk,Kybelle,Hackney,Shoreditch,Cafe,https://www.kybelle.co.uk/,,openstreetmap,openstreetmap,1,+44 20 7209 1727,62 Great Eastern Street,EC2A 3QR,https://www.openstreetmap.org/way/157314582
info@keudeli.co.uk,Kêu!,Hackney,Shoreditch,Asian,https://keudeli.co.uk/,,openstreetmap,openstreetmap,2,+44 20 7739 1164,334 Old Street,EC1V 9DR,https://www.openstreetmap.org/way/164244207
info@lacamionera.com,La Camionera,Hackney,Hackney,Breakfast,https://lacamionera.com,enquiries@lacamionera.com; pressenquiries@lacamionera.com,openstreetmap,openstreetmap,1,+44 7725 443407,243 Well Street,,https://www.openstreetmap.org/way/624517498
lamelabistro@gmail.com,La Mela,Hackney,Homerton,Cafe,https://lamelabistro.com/,,venue website,openstreetmap,1,+44 20 8510 0801,25-27 Marsh Hill,E9 5QA,https://www.openstreetmap.org/way/1067868573
info@littleduckpicklery.com,Little Duck - The Picklery,Hackney,Dalston,Restaurant,https://littleduckpicklery.com/,,venue website,openstreetmap,1,+44 20 7249 9177,68 Dalston Lane,E8 3AH,https://www.openstreetmap.org/node/8986727349
lillie@londonboroughofjam.com,London Borough of Jam,Hackney,Lower Clapton,Deli,https://www.londonboroughofjam.com/,orders@londonboroughofjam.com,openstreetmap,openstreetmap,1,,51D Chatsworth Road,E5 0FF,https://www.openstreetmap.org/way/849462117
info@luckyandjoy.co.uk,Lucky & Joy,Hackney,Lower Clapton,Asian,https://luckyandjoy.co.uk/,,openstreetmap,openstreetmap,1,+44 20 8617 8100,95 Lower Clapton Road,E5 0NP,https://www.openstreetmap.org/node/8046931748
hello@luminarybakery.com,Luminary Bakery,Hackney,Stoke Newington,Bakery,https://luminarybakery.com,corporateorders@luminarybakery.com,venue website,openstreetmap,1,,71-73 Allen Road,N16 8RY,https://www.openstreetmap.org/node/8415271885
info@mambow.co.uk,Mambow,Hackney,Lower Clapton,Asian,https://www.mambow.co.uk/,enquiries@mambow.co.uk,venue website,openstreetmap,1,,78 Lower Clapton Road,E5 0RN,https://www.openstreetmap.org/way/593535892
bookings@mangal2.com,Mangal II,Hackney,Shacklewell,Restaurant,https://www.mangal2.com/,,venue website,openstreetmap,1,,27 Stoke Newington Road,N16 8BJ,https://www.openstreetmap.org/node/11359957569
hackney@marestreetmarket.com,Mare Street Market,Hackney,Hackney,Food court,https://marestreetmarket.com/,kingscross@marestreetmarket.com; hackneyevents@marestreetmarket.com; kxevents@marestreetmarket.com,venue website,openstreetmap,1,+44 20 3745 2470,117 Mare Street,E8 4RU,https://www.openstreetmap.org/node/5624234390
hola@sonorataqueria.com,Massala Indian Takeaway,Hackney,West Hackney,Indian; Mexican,https://www.sonorataqueria.com,sam@sonorataqueria.com,openstreetmap,openstreetmap,1,,208 Stoke Newington High Street,N16 7HU,https://www.openstreetmap.org/node/369864921
00109@uk.mcd.com,McDonald's,Hackney,Hackney,Burger,https://www.mcdonalds.com/gb/en-gb/location/hackney/hackney/359363-mare-street/8260109.html,,openstreetmap,openstreetmap,1,+44 20 8985 4102,359-363 Mare Street,E8 1HY,https://www.openstreetmap.org/way/226550498
info@menhackney.com,Men,Hackney,Lower Clapton,Asian; Japanese,http://www.menhackney.com/,,openstreetmap,openstreetmap,1,+44 20 8616 1370,51 Chatsworth Road,E5 0LH,https://www.openstreetmap.org/way/849373825
danilabodei@gmail.com,Millfields Coffee,Hackney,Lower Clapton,Breakfast,https://www.millfieldscoffee.co.uk/,,venue website,openstreetmap,1,,145 Chatsworth Road,E5 0LA,https://www.openstreetmap.org/way/948101376
info@moritohackneyroad.co.uk,Morito,Hackney,Haggerston,Restaurant,https://www.moritohackneyroad.co.uk/,,openstreetmap,openstreetmap,1,+44 20 7613 0754,195 Hackney Road,E2 8JL,https://www.openstreetmap.org/node/4812013271
clapton@myneighboursthedumplings.com,My Neighbour the Dumplings,Hackney,Lower Clapton,Asian,https://myneighboursthedumplings.com/,,openstreetmap,openstreetmap,1,,165 Lower Clapton Road,E5 8EQ,https://www.openstreetmap.org/node/5026858721
info@narcafe.co.uk,Nar Cafe,Hackney,Manor House,Cafe,https://www.narcafe.co.uk,,venue website,openstreetmap,1,,Goodchild Road,N4 2LZ,https://www.openstreetmap.org/node/4437531398
hello@nestfood.co.uk,Nest,Hackney,Shoreditch,Restaurant,https://www.nestfood.co.uk/,,venue website,openstreetmap,1,,,,https://www.openstreetmap.org/node/5483292921
info@nostralondon.com,Nostra,Hackney,Homerton,Restaurant,https://www.nostralondon.com/,,venue website,openstreetmap,1,,8 Mackintosh Lane,E9 6AB,https://www.openstreetmap.org/node/4829139602
hackney@ohbaleaf.co.uk,Ohba Leaf,Hackney,Homerton,Asian; Japanese,https://ohbaleaf.co.uk/,,openstreetmap,openstreetmap,1,+44 20 3515 0456,,,https://www.openstreetmap.org/node/8702493917
restaurant@okko-uk.com,OKKO,Hackney,Hackney,Asian; Japanese,https://www.okko-uk.com/,,openstreetmap,openstreetmap,1,+44 20 7249 1372,49 Broadway Market,E8 4PH,https://www.openstreetmap.org/node/3703086367
shoreditch@oliveira.kitchen,Oliveira,Hackney,Shoreditch,Restaurant,https://www.oliveira.kitchen/,,venue website,openstreetmap,1,+44 20 7729 0481,80 Paul Street,,https://www.openstreetmap.org/node/12105654525
ciao@ornella.restaurant,Ornella,Hackney,Hackney,Italian,https://www.ornella.restaurant/,,openstreetmap,openstreetmap,1,,51 Wilton Way,,https://www.openstreetmap.org/way/1021910752
info@palaette.co.uk,Palaette,Hackney,Hackney,Halal,https://www.palaette.co.uk/,,openstreetmap,openstreetmap,1,+44 7395 327 754,415 Mare Street,E8 1HY,https://www.openstreetmap.org/way/372812236
paperandcup@sct.org.uk,Paper & Cup,Hackney,Haggerston,Cafe,https://sct.org.uk/social-enterprises/paper-cup/,,openstreetmap,openstreetmap,1,+44 7732 691013,18 Calvert Avenue,E2 7JP,https://www.openstreetmap.org/node/2457229991
sal@peckpeck.co.uk,Peck! Peck!,Hackney,Hackney,Halal,https://peckpeck.co.uk/,,venue website,openstreetmap,1,,320 Mare Street,,https://www.openstreetmap.org/way/1087276209
hello@pemburytavern.co.uk,Pembury Tavern,Hackney,Shacklewell,Pub,https://pemburytavern.co.uk/,,venue website,openstreetmap,1,+44 20 8986 8597,90 Amhurst Road,E8 1JH,https://www.openstreetmap.org/way/372701658
hello@peoplesparktavern.pub,People's Park Tavern,Hackney,Hackney,Burger; Pub,https://www.peoplesparktavern.pub/,,openstreetmap,openstreetmap,1,+44 20 8533 0040,360 Victoria Park Road,E9 7BT,https://www.openstreetmap.org/way/95243702
info@photobookuk.org,Photobook cafe,Hackney,Shoreditch,Cafe,https://www.photobookuk.org/,,venue website,openstreetmap,1,,,,https://www.openstreetmap.org/node/10036261935
management@pivaz.co.uk,Pivaz,Hackney,Lower Clapton,Halal,https://pivaz.co.uk/,,venue website,openstreetmap,1,+44 20 8985 2599,34 Chatsworth Road,E5 0LP,https://www.openstreetmap.org/way/849373847
reception@pizzaeast.com,Pizza East,Hackney,Shoreditch,Pizza,https://www.pizzaeast.com/shoreditch,shoreditch@pizzaeast.com,openstreetmap,openstreetmap,1,+44 20 7729 1888,56 Shoreditch High Street,E1 6JJ,https://www.openstreetmap.org/node/629381061
shoreditch@pizzapilgrims.co.uk,Pizza Pilgrims,Hackney,Shoreditch,Pizza,https://www.pizzapilgrims.co.uk/,events@pizzapilgrims.co.uk; brighton@pizzapilgrims.co.uk; masterclass@pizzapilgrims.co.uk,openstreetmap,openstreetmap,1,+44 20 3019 7620,136 Shoreditch High Street,E1 6JE,https://www.openstreetmap.org/node/4802031238
hello@planque.co.uk,Planque,Hackney,Haggerston,Restaurant,https://planque.co.uk/,,venue website,openstreetmap,1,,,,https://www.openstreetmap.org/way/1162758775
hello@pophamsbakery.com,Pophams Bakery,Hackney,Hackney,Bakery,https://www.pophamsbakery.com/,georgia@pophamsbakery.com,venue website,openstreetmap,2,,197 Richmond Road,E8 3NJ,https://www.openstreetmap.org/node/7908733411
info@popoloshoreditch.com,Popolo,Hackney,Shoreditch,Restaurant,https://popoloshoreditch.com/,,venue website,openstreetmap,1,+44 20 7729 4299,26 Rivington Street,EC2A 3DU,https://www.openstreetmap.org/way/164241230
info@theprincearthurpub.co.uk,Prince Arthur,Hackney,Shoreditch,Pub,https://www.theprincearthurpub.co.uk/,,venue website,openstreetmap,1,+44 20 7336 6429,49 Brunswick Place,N1 6EB,https://www.openstreetmap.org/way/751430300
princessofwales@youngs.co.uk,Princess of Wales,Hackney,Lower Clapton,Pub,https://www.princessofwalesclapton.co.uk,,openstreetmap,openstreetmap,1,+44 20 8533 5463,146 Lea Bridge Road,E5 9RB,https://www.openstreetmap.org/way/115190097
info@pubonthepark.com,Pub on the Park,Hackney,Hackney,Pub,https://pubonthepark.com/,,venue website,openstreetmap,1,+44 20 7923 3398,19 Martello Street,E8 3PE,https://www.openstreetmap.org/way/333082445
info@rawlala.co.uk,Rawlala,Hackney,Shoreditch,Takeaway,https://www.rawlala.co.uk/,,venue website,openstreetmap,1,,11 Hackney Road,,https://www.openstreetmap.org/node/10235907403
info@reddogsaloon.co.uk,Red Dog Saloon,Hackney,Shoreditch,American; Steak,https://www.reddogsaloon.co.uk/,liverpool@reddogsaloon.co.uk; hoxton@reddogsaloon.co.uk; soho@reddogsaloon.co.uk; nottingham@reddogsaloon.co.uk; southampton@reddogsaloon.co.uk,venue website,openstreetmap,2,+44 20 3551 8014,37 Hoxton Square,N1 6NN,https://www.openstreetmap.org/way/289312899
redlionenquieries@gmail.com,Red Lion,Hackney,Shoreditch,Burger; Pizza; Pub,https://www.redlionhoxton.co.uk,redlionenquiries@gmail.com,venue website,openstreetmap,1,+44 20 7729 7920,41 Hoxton Street,N1 6NH,https://www.openstreetmap.org/way/209257299
riteawaycaribbeandelights@yahoo.com,Rite Away,Hackney,Lower Clapton,Takeaway,https://www.riteawaycaribbeandelights.co.uk/,,venue website,openstreetmap,1,+44 20 3652 3366,113 Downs Road,,https://www.openstreetmap.org/way/594374271
manager@roseandcrownn16.co.uk,Rose & Crown,Hackney,Stoke Newington,Pub,https://roseandcrownn16.co.uk/,,venue website,openstreetmap,1,,199 Stoke Newington Church Street,N16 9ES,https://www.openstreetmap.org/way/238385297
orders@saintespresso.com,Saint Espresso,Hackney,Hackney Wick,Breakfast,https://www.saintespresso.com/,,venue website,openstreetmap,2,,13 East Bay Lane,E20 3BS,https://www.openstreetmap.org/way/693487135
info@salttheradish.com,Salt the Radish,Hackney,Manor House,Cafe,https://salttheradish.com/,,venue website,openstreetmap,1,,,,https://www.openstreetmap.org/node/10110257535
samarkandlondon24@gmail.com,Samarkand,Hackney,Shacklewell,Asian,https://www.samarkandlondon.co.uk,,venue website,openstreetmap,1,+44 20 7916 0460,30 Stoke Newington Road,N16 7XJ,https://www.openstreetmap.org/node/13255556401
contact@santoremedio.co.uk,Santo Remedio,Hackney,Shoreditch,Mexican,https://www.santoremedio.co.uk/,,venue website,openstreetmap,2,,55 Great Eastern Street,EC2A 3HP,https://www.openstreetmap.org/way/157236283
info@schnitzelforever.co.uk,Schnitzel Forever,Hackney,Stoke Newington,Restaurant,https://www.schnitzelforever.co.uk/,reservations@schnitzelforever.co.uk,openstreetmap,openstreetmap,1,+44 20 7419 0022,119 Stoke Newington Church Street,N16 0UH,https://www.openstreetmap.org/node/9584114683
info@schnitzelheaven.co.uk,Schnitzel Heaven,Hackney,Shoreditch,Halal,https://www.schnitzelheaven.co.uk,,openstreetmap,openstreetmap,1,,57 Pitfield Street,N1 6BU,https://www.openstreetmap.org/node/334371568
info@seaweed-food.co.uk,Seaweed,Hackney,Hackney,Asian; Chinese; Halal; Japanese; Korean,https://seaweed-food.co.uk,,venue website,openstreetmap,1,+44 20 3062 8704,358 Mare Street,E8 1HR,https://www.openstreetmap.org/way/592200043
ciao@senzafondo.com,Senza Fondo,Hackney,Shoreditch,Italian,https://www.senzafondo.com/,,openstreetmap,openstreetmap,1,,1 Rufus Street,N1 6PE,https://www.openstreetmap.org/node/12606589701
info@signaturebrew.co.uk,Signature Brew Taproom and Venue,Hackney,Dalston,Deli; Pub,https://www.signaturebrew.co.uk/pages/the-signature-brew-taproom-venue-in-haggerston-east-london,informationinfo@signaturebrew.co.uk; events@signaturebrew.co.uk; orders@signaturebrew.co.uk; haggerston@signaturebrew.co.uk; brewersbar@signaturebrew.co.uk; beersstockists@signaturebrew.co.uk; partnership@signaturebrew.co.uk,venue website,openstreetmap,2,,340 Acton Mews,E8 4EA,https://www.openstreetmap.org/way/469649790
bookings@singburi.london,Singburi,Hackney,Shoreditch,Asian,https://singburi.london/,info@singburi.london; workwithus@singburi.london; press@singburi.london,venue website,openstreetmap,1,,185-186 Shoreditch High Street,E1 6HU,https://www.openstreetmap.org/node/13124756012
press@sodopizza.co.uk,Sodo Pizza,Hackney,Shoreditch,Pizza,https://www.sodopizza.co.uk/,,venue website,openstreetmap,3,,63 Pitfield Street,N1 6BU,https://www.openstreetmap.org/node/9947254921
info@springfieldparkcafe.co.uk,Springfield Park Cafe,Hackney,Upper Clapton,Cafe,https://springfieldparkcafe.co.uk,,venue website,openstreetmap,1,,Springfield,E5 9EF,https://www.openstreetmap.org/node/26269218
info@stonecave.net,Stone Cave,Hackney,Shacklewell,Restaurant,http://www.stonecave.net/,,openstreetmap,openstreetmap,1,+44 20 7241 4911,111 Kingsland High Street,E8 2PB,https://www.openstreetmap.org/way/395184517
info@subabakery.com,Suba,Hackney,Lower Clapton,Bakery,https://www.subabakery.com/,,venue website,openstreetmap,2,,1 Station Parade,E5 8BD,https://www.openstreetmap.org/node/13109180139
ciao@sune.restaurant,Sune,Hackney,Haggerston,Restaurant,https://www.sune.restaurant/,,openstreetmap,openstreetmap,1,+44 20 4568 6675,129a Pritchard's Road,E2 9AP,https://www.openstreetmap.org/node/8063412143
admin@sunlightcaribbean.co.uk,Sunlight Caribbean,Hackney,Hackney,Takeaway,https://sunlightcaribbean.co.uk,,venue website,openstreetmap,1,+44 20 8985 5848,259 Well Street,E9 6RG,https://www.openstreetmap.org/way/848656863
hackney@suttonandsons.co.uk,Sutton and Sons Fish & Chips,Hackney,Hackney,Seafood,https://www.suttonandsons.co.uk/,chips@suttonandsons.co.uk; islington@suttonandsons.co.uk,venue website,openstreetmap,1,+44 20 3645 1801,218 Graham Road,E8 1BP,https://www.openstreetmap.org/node/9883943765
info@adamandevepub.com,The Adam & Eve,Hackney,Homerton,Asian; Pub,https://www.adamandevepub.com/,,openstreetmap,openstreetmap,1,+44 20 8985 1494,155 Homerton High Street,E9 6AS,https://www.openstreetmap.org/way/982884990
anchorclapton@gmail.com,The Anchor & Hope,Hackney,Upper Clapton,Italian; Pub,https://www.anchor-and-hope-clapton.co.uk/,,openstreetmap,openstreetmap,1,+44 20 8806 1730,15 High Hill Ferry,E5 9HG,https://www.openstreetmap.org/way/921356497
info@theauldshillelagh.co.uk,The Auld Shillelagh,Hackney,Stoke Newington,Pub,http://theauldshillelagh.co.uk/,,openstreetmap,openstreetmap,1,+44 20 7249 5951,105 Stoke Newington Church Street,N16 0UD,https://www.openstreetmap.org/node/262443436
flint@theaxepub.com,The Axe,Hackney,West Hackney,Pub,https://www.theaxepub.com/,,venue website,openstreetmap,1,+44 20 7254 9559,18 Northwold Road,N16 7HR,https://www.openstreetmap.org/way/640280851
hello@wearethebach.com,The Bach,Hackney,Hackney,Cafe,https://www.wearethebach.com/broadway,,venue website,openstreetmap,1,+44 20 7683 0551,12 Broadway Market,E8 4QJ,https://www.openstreetmap.org/way/366333189
bookings@theblackeel.uk,The Black Eel,Hackney,Dalston,Pub,https://www.theblackeel.uk/,info@theblackeel.uk,venue website,openstreetmap,1,,41 Kingsland High Street,E8 2JS,https://www.openstreetmap.org/way/378840185
info@thebrushhoxton.co.uk,The Brush,Hackney,Shoreditch,Cafe,https://www.thebrushhoxton.co.uk/,,openstreetmap,openstreetmap,1,+44 20 7123 8686,84-86 Great Eastern Street,EC2A 3JL,https://www.openstreetmap.org/node/14106027984
info@thecrownhackney.co.uk,The Crown,Hackney,Hackney,Pub,https://www.thecrownhackney.co.uk/,,venue website,openstreetmap,1,,418 Mare Street,E8 1HP,https://www.openstreetmap.org/way/372808122
info@crownandshuttle.com,The Crown and Shuttle,Hackney,Shoreditch,Pub,https://www.crownandshuttle.com/,,openstreetmap,openstreetmap,1,+442073752905,226 Shoreditch High Street,E1 6PJ,https://www.openstreetmap.org/way/157322996
info@thedebeauvoirdeli.co.uk,The De Beauvoir Deli,Hackney,De Beauvoir Town,Deli,https://thedebeauvoirdeli.co.uk/,harry@thedebeauvoirdeli.co.uk; 'info@thedebeauvoirdeli.co.uk,venue website,openstreetmap,1,,98 Southgate Road,N1 3JD,https://www.openstreetmap.org/way/536140331
orders@thedelidownstairs.co.uk,The Deli Downstairs,Hackney,Hackney,Deli,https://www.thedelidownstairs.co.uk/,,venue website,openstreetmap,1,,211 Victoria Park Road,E9 7JN,https://www.openstreetmap.org/way/602278681
dove@dovepubs.com,The Dove,Hackney,Hackney,Pizza; Pub,https://dovepubs.com/,,venue website,openstreetmap,1,+44 20 7275 7617,24-28 Broadway Market,E8 4QJ,https://www.openstreetmap.org/way/366327440
book@thedukeofrichmond.com,The Duke of Richmond,Hackney,Dalston,Pub,https://www.thedukeofrichmond.com,,venue website,openstreetmap,1,+44 20 7923 3990,316 Queensbridge Road,,https://www.openstreetmap.org/way/953306259
info@thedukeofwellington.london,The Duke Of Wellington,Hackney,De Beauvoir Town,Pub,http://thedukeofwellington.london,,openstreetmap,openstreetmap,1,+44 20 7275 7640,119 Balls Pond Road,N1 4BL,https://www.openstreetmap.org/way/107521318
charly.young@thedustyknuckle.com,The Dusty Knuckle,Hackney,Dalston,Bakery,https://www.thedustyknuckle.com/,,venue website,openstreetmap,1,,Abbot Street,E8 3DP,https://www.openstreetmap.org/node/14061641502
hello@empresse9.co.uk,The Empress,Hackney,Hackney,Pub,https://empresse9.co.uk/,,openstreetmap,openstreetmap,1,+44 20 8533 5123,130a Lauriston Road,E9 7LH,https://www.openstreetmap.org/way/600916017
info@thefinsbury.co.uk,The Finsbury,Hackney,Manor House,Pub,https://thefinsbury.co.uk,harry@thefinsbury.co.uk,venue website,openstreetmap,1,,336 Green Lanes,N4 1BY,https://www.openstreetmap.org/way/1013159521
flyinghorse@bedsandbars.com,The Flying Horse,Hackney,Shoreditch,Pub,https://www.flyinghorsepub.co.uk/,,openstreetmap,openstreetmap,1,+44 20 7247 5338,52 Wilson Street,EC2A 2ER,https://www.openstreetmap.org/way/159052524
info@thefoxpublichouse.co.uk,The Fox,Hackney,Shoreditch,Pub,https://www.thefoxpublichouse.co.uk/,,venue website,openstreetmap,1,,28-30 Paul Street,EC2A 4LB,https://www.openstreetmap.org/way/161289706
info@georgeandvulture.com,The George & Vulture,Hackney,Shoreditch,Pub,https://georgeandvulture.com/,,venue website,openstreetmap,1,,63 Pitfield Street,N1 6BU,https://www.openstreetmap.org/way/284934739
margate@thegoodegg.co,The Good Egg,Hackney,Stoke Newington,Cafe,https://www.thegoodegg.co/,stokey@thegoodegg.co; tokey@thegoodegg.co,venue website,openstreetmap,2,+44 20 7682 2120,93 Stoke Newington Church Street,N16 0AS,https://www.openstreetmap.org/node/3761652193
hello@thegoodfrontroom.co.uk,The Good Front Room,Hackney,Dalston,Restaurant,https://www.thegoodfrontroom.co.uk/,,openstreetmap,openstreetmap,1,+44 20 3978 0209,1 Dalston Square,E8 3GU,https://www.openstreetmap.org/node/5579276529
info@the-griffin.com,The Griffin,Hackney,Shoreditch,Pub,https://www.the-griffin.com/,events@urbanpubsandbars.com,venue website,openstreetmap,1,+44 20 3745 7496,93 Leonard Street,EC2A 4RD,https://www.openstreetmap.org/way/155367405
info@thegunhackney.com,The Gun,Hackney,Hackney,Pub; Steak,https://www.thegunhackney.com/,,venue website,openstreetmap,1,,235 Well Street,E9 6RG,https://www.openstreetmap.org/way/848656899
info@thehackneypearl.com,The Hackney Pearl,Hackney,Hackney Wick,Restaurant,https://thehackneypearl.com,,venue website,openstreetmap,1,,11-13 Prince Edward Road,E9 5LX,https://www.openstreetmap.org/node/2918317408
hello@thejoineronworship.com,The Joiner on Worship,Hackney,Shoreditch,American; Pub,https://thejoineronworship.com/,manager@thejoineronworship.com,openstreetmap,openstreetmap,1,+44 20 3952 9468,,,https://www.openstreetmap.org/way/1183654746
manager@jollybutchers.co.uk,The Jolly Butchers,Hackney,West Hackney,Indian; Pub,https://jollybutchers.co.uk/,,venue website,openstreetmap,1,+44 20 7249 9471,204 Stoke Newington High Street,N16 7HU,https://www.openstreetmap.org/way/640280048
info@kentonpub.co.uk,The Kenton,Hackney,Hackney,Pub,https://www.kentonpub.co.uk/,,venue website,openstreetmap,1,+44 20 8533 9492,38 Kenton Road,E9 7AB,https://www.openstreetmap.org/way/457300035
theleaf1025@gmail.com,The Leaf,Hackney,Shoreditch,Cafe,https://www.facebook.com/320729394448407,,openstreetmap,openstreetmap,1,+44 7947 731343,96 Curtain Road,EC2A 3AA,https://www.openstreetmap.org/way/157314571
eat@thelondesborough.com,The Londesborough,Hackney,Stoke Newington,Pub,https://www.thelondesborough.com/,,venue website,openstreetmap,1,,36 Barbauld Road,N16 0SS,https://www.openstreetmap.org/way/957099697
bookings@themarqueemoon.uk,The Marquee Moon,Hackney,Shacklewell,Pub,https://themarqueemoon.uk/,howl@themarqueemoon.uk,venue website,openstreetmap,1,,48 Stoke Newington Road,N16 7XJ,https://www.openstreetmap.org/way/459672112
managers@theoldbluelast.com,The Old Blue Last,Hackney,Shoreditch,Pub,https://www.theoldbluelast.com,bookings@theoldbluelast.com,openstreetmap,openstreetmap,1,+44 20 7739 7033,38 Great Eastern Street,EC2A 3ES,https://www.openstreetmap.org/way/157236295
bookings@premisesstudios.com,The Premises Cafe,Hackney,Haggerston,Restaurant,https://www.premisesstudios.com/cafe/,recordings@premisesstudios.com,venue website,openstreetmap,1,+44 20 7684 2230,209 Hackney Road,E2 8JL,https://www.openstreetmap.org/node/7112447009
info@theprincen16.com,The Prince,Hackney,Stoke Newington,Pub,https://www.theprincen16.com/,,openstreetmap,openstreetmap,1,+44 20 7043 5210,59 Kynaston Road,N16 0EB,https://www.openstreetmap.org/way/536399756
theprincearthure8@tinydancergroup.co.uk,The Prince Arthur,Hackney,Dalston,Pub,https://www.theprincearthure8.com/,,openstreetmap,openstreetmap,1,+44 20 7249 1119,95 Forest Road,E8 3BH,https://www.openstreetmap.org/way/956665216
reservations@theprincessofshoreditch.com,The Princess of Shoreditch,Hackney,Shoreditch,Pub,https://www.theprincessofshoreditch.com/,mytest9067@gmail.com,venue website,openstreetmap,1,,76-78 Paul Street,EC2A 4NE,https://www.openstreetmap.org/node/301516360
reliance@remarkablepubs.co.uk,The Reliance,Hackney,Shoreditch,Pub,https://therelianceshoreditch.co.uk/,,openstreetmap,openstreetmap,1,+44 20 7729 6888,336 Old Street,EC1V 9DR,https://www.openstreetmap.org/way/164244210
hello@theroastingshed.com,The Roasting Shed,Hackney,Hackney Wick,Breakfast,https://www.theroastingshed.com/,,venue website,openstreetmap,2,,East Bay Lane,E15 2SJ,https://www.openstreetmap.org/way/893749361
info@theseathesea.net,"The Sea, The Sea",Hackney,Haggerston,Seafood,https://www.theseathesea.net/,shop@theseathesea.net; chelsea@theseathesea.net,venue website,openstreetmap,1,,337 Acton Mews,,https://www.openstreetmap.org/way/469649788
hello@thespreadeaglelondon.co.uk,The Spread Eagle,Hackney,Homerton,Pub,https://www.thespreadeaglelondon.co.uk/,,openstreetmap,openstreetmap,1,+44 20 8985 0400,224 Homerton High Street,E9 6AS,https://www.openstreetmap.org/way/637516538
info@3compasses.com,The Three Compasses,Hackney,Shacklewell,Pub,https://www.3compasses.com/,,venue website,openstreetmap,1,+44 20 7923 4752,99 Dalston Lane,E8 1NH,https://www.openstreetmap.org/way/863500628
bookings@threecrownsn16.com,The Three Crowns,Hackney,West Hackney,Pub,https://www.threecrownsn16.com/,info@threecrownsn16.com; matty@threecrownsn16.com; harry@threecrownsn16.com,venue website,openstreetmap,1,,175 Stoke Newington High Street,N16 0LH,https://www.openstreetmap.org/way/816170887
beer@wenlockarms.com,The Wenlock Arms,Hackney,Hoxton,Pub,https://wenlockarms.com/,,venue website,openstreetmap,1,,26 Wenlock Road,N1 7TA,https://www.openstreetmap.org/way/153779530
hi@thirdculturedeli.com,Third Culture Deli,Hackney,Hackney,Breakfast; Deli,https://thirdculturedeli.com/,,venue website,openstreetmap,1,,29 Broadway Market,E8 4PH,https://www.openstreetmap.org/way/366302256
reservations@tomspasta.co.uk,Tom's Pasta,Hackney,Shacklewell,Italian,https://www.tomspasta.co.uk/,tom@tomspasta.co.uk,venue website,openstreetmap,1,,,,https://www.openstreetmap.org/node/9674114217
dalston@tortilla.co.uk,Tortilla,Hackney,Dalston,Mexican,https://www.tortilla.co.uk/restaurants/dalston,,openstreetmap,openstreetmap,1,+44 20 3141 6328,16 Kingsland High Street,E8 2JP,https://www.openstreetmap.org/node/5678299607
food@tram-store.co.uk,Tram Store,Hackney,Lower Clapton,Breakfast,https://www.tram-store.co.uk/,,venue website,openstreetmap,1,,38 Upper Clapton Road,E5 8BQ,https://www.openstreetmap.org/way/949052731
dalston@turtlebay.co.uk,Turtle Bay,Hackney,Dalston,Restaurant,https://www.turtlebay.co.uk/,,openstreetmap,openstreetmap,1,+44 20 7249 7766,Dalston Square,E8 3GP,https://www.openstreetmap.org/node/4130496748
reservations@uchihackney.com,Uchi,Hackney,Lower Clapton,Asian; Japanese,https://uchihackney.com/,info@uchihackney.com,venue website,openstreetmap,1,+44 20 3302 4670,144 Clarence Road,E5 8DY,https://www.openstreetmap.org/node/7960181407
management@venerdi.co.uk,Venerdi,Hackney,Lower Clapton,Italian,https://venerdi.co.uk/,,venue website,openstreetmap,1,+44 20 8533 1902,9 Chatsworth Road,E5 0LH,https://www.openstreetmap.org/way/127096767
shoreditch@wahaca.co.uk,Wahaca,Hackney,Shoreditch,Mexican,,,openstreetmap,openstreetmap,1,+44 20 3889 0483,140 Tabernacle Street,EC2A 4SD,https://www.openstreetmap.org/node/323796333
info@wavegelato.co.uk,Wave Gelato,Hackney,Hackney,Ice cream,https://www.wavegelato.co.uk/,,venue website,openstreetmap,1,,,,https://www.openstreetmap.org/node/13248056786
management@weareveganeverything.com,We Are Vegan Everything,Hackney,Hackney,Bakery; Breakfast,https://weareveganeverything.com/,,venue website,openstreetmap,1,+44 7734 253401,11 Dispensary Lane,E8 1FT,https://www.openstreetmap.org/node/6814299885
info@wellstreetkitchen.com,Well Street Kitchen,Hackney,Hackney,Breakfast; Burger; Halal,https://www.wellstreetkitchen.com/,,openstreetmap,openstreetmap,1,+44 20 8533 6275,203 Well Street,E9 6QU,https://www.openstreetmap.org/way/848218169
info@westlandcoffee.co.uk,Westland Coffee & Wine,Hackney,Hoxton,Bakery; Breakfast; Deli,http://www.westlandcoffee.co.uk,,openstreetmap,openstreetmap,1,,1 Westland Place,N1 7LP,https://www.openstreetmap.org/node/5002433122
hello@yardsalepizza.com,Yard Sale Pizza,Hackney,Lower Clapton,Pizza,https://yardsalepizza.com/,billing@yardsalepizza.com; codes@yardsalepizza.com; pubandvenues@yardsalepizza.com,venue website,openstreetmap,6,+44 20 3602 9090,105 Lower Clapton Road,E5 0NP,https://www.openstreetmap.org/node/4294452589
info@yeastbakery.com,Yeast Bakery,Hackney,Haggerston,Bakery,https://www.yeastbakery.com,orders@yeastbakery.com,venue website,openstreetmap,1,+44 79 7387 8801,,,https://www.openstreetmap.org/node/9024624917
restaurant@abugida.co.uk,Abugida,Hammersmith and Fulham,Parsons Green,Restaurant,https://abugida.co.uk/,,venue website,openstreetmap,1,+44 20 7381 2733,457 North End Road,SW6 1NZ,https://www.openstreetmap.org/node/14052521018
hello@alsanto.co.uk,Al Santo,Hammersmith and Fulham,Parsons Green,Greek; Italian,https://www.alsanto.co.uk/,,venue website,openstreetmap,1,+44 20 7385 8277,23 Vanston Place,SW6 1AX,https://www.openstreetmap.org/node/14051902602
info@ariannatrattoriaromana.co.uk,Arianna Trattoria Romana,Hammersmith and Fulham,Fulham,Italian,https://www.ariannatrattoriaromana.co.uk/,,venue website,openstreetmap,1,+44 20 3915 9266,787 Fulham Road,SW6 5HD,https://www.openstreetmap.org/node/14170768357
info@aromabuffet.co.uk,Aroma Buffet,Hammersmith and Fulham,Shepherd's Bush,Restaurant,https://www.aromabuffet.co.uk/,,venue website,openstreetmap,1,+44 20 8746 7625,,,https://www.openstreetmap.org/node/9046940690
info@babalyemen.co,Bab al-Yemen,Hammersmith and Fulham,West Kensington,Restaurant,https://www.babalyemen.co/,,venue website,openstreetmap,1,,236 North End Road,W14 9NU,https://www.openstreetmap.org/node/14113806299
info@babag.uk,Baba G,Hammersmith and Fulham,Hammersmith,Takeaway,https://www.babag.uk/,,venue website,openstreetmap,1,+44 20 8748 3344,,,https://www.openstreetmap.org/node/9251984234
barandblock.hammersmith@whitbread.com,Bar + Block Steakhouse,Hammersmith and Fulham,Hammersmith,Steak,https://www.barandblock.co.uk/en-gb/locations/london-hammersmith,,openstreetmap,openstreetmap,1,+44 20 8187 0698,232 Shepherds Bush Road,W6 7AN,https://www.openstreetmap.org/node/3790251763
info@barchabarcha.co.uk,Barcha Barcha,Hammersmith and Fulham,Hammersmith,Restaurant,https://barchabarcha.co.uk/,,venue website,openstreetmap,1,,291-293 King Street,W6 9NH,https://www.openstreetmap.org/node/8741682307
ops@basefacepizza.com,Base Face Pizza,Hammersmith and Fulham,Hammersmith,Pizza,https://www.basefacepizza.com/,,venue website,openstreetmap,3,,300 King Street,W6 0RR,https://www.openstreetmap.org/node/12051869344
hello@bearsicecream.co.uk,Bears Ice Cream Company,Hammersmith and Fulham,Shepherd's Bush,Ice cream,https://www.bearsicecream.co.uk/,,venue website,openstreetmap,1,+44 20 3441 4982,244 Goldhawk Road,,https://www.openstreetmap.org/node/8730362857
getintouch@bertotti.co.uk,Bertotti,Hammersmith and Fulham,Hammersmith,Cafe,https://www.bertotti.co.uk/,,venue website,openstreetmap,1,+44 20 8616 7973,87 Hammersmith Grove,,https://www.openstreetmap.org/node/4775980532
bestmangal1996@gmail.com,Best Mangal 1996,Hammersmith and Fulham,West Kensington,Restaurant,https://www.bestmangal1996.com/,,venue website,openstreetmap,1,+44 20 7602 0212,66 North End Road,W14 9EP,https://www.openstreetmap.org/node/9223153623
bishops399@yahoo.com,Bishops,Hammersmith and Fulham,Fulham,Pub,https://www.bishopsbar.co.uk/,,venue website,openstreetmap,1,,399 Fulham Palace Road,SW6 6TA,https://www.openstreetmap.org/node/9908253789
hello@bishopsparkteahouse.co.uk,Bishops Park Tea House,Hammersmith and Fulham,Fulham,Cafe,https://www.bishopsparkteahouse.co.uk/,chair.bishparkfriends@gmail.com,openstreetmap,openstreetmap,1,,Bishop's Avenue,SW6 6EA,https://www.openstreetmap.org/way/246795628
hammersmith@blancheeatery.com,Blanche Eatery,Hammersmith and Fulham,Hammersmith,Cafe,https://www.blancheeatery.com/,,venue website,openstreetmap,1,+44 20 8741 2888,13 Beadon Road,W6 0EA,https://www.openstreetmap.org/way/1002485833
fulhamreach@brasserieblanc.com,Brasserie Blanc,Hammersmith and Fulham,Hammersmith,French,https://brasserieblanc.com/restaurants/fulham-reach/,,openstreetmap,openstreetmap,1,+44 20 8237 5566,Parr's Way,W6 9AN,https://www.openstreetmap.org/node/12958953216
hello@bridgebaker.co.uk,Bridge Baker,Hammersmith and Fulham,Fulham,Bakery,https://bridgebaker.co.uk/,orders@bridgebaker.co.uk; bbhr@bridgebaker.co.uk,venue website,openstreetmap,1,+44 20 7285 5815,811 Fulham Road,SW6 5HG,https://www.openstreetmap.org/node/11226591815
info@brookandbadger.com,Brook & Badger,Hammersmith and Fulham,Fulham,Pub,https://brookandbadger.com/,,venue website,openstreetmap,1,+44 20 3793 0759,222-224 Munster Road,SW6 6AY,https://www.openstreetmap.org/node/14210573147
hello@bohalondon.com,BÓHA London,Hammersmith and Fulham,Sands End,Restaurant,https://bohalondon.com/,,openstreetmap,openstreetmap,1,+44 20 3819 6644,562 King's Road,SW6 2DZ,https://www.openstreetmap.org/node/4392468456
seby@cafepizzeria59.com,Cafe Pizzeria 59,Hammersmith and Fulham,Shepherd's Bush,Pizza,https://pizzeriacafe59.com/,,openstreetmap,openstreetmap,1,+44 20 8743 5541,59A Erconwald Street,W12 0BP,https://www.openstreetmap.org/way/913601201
info@cafedenata.com,Café de Nata,Hammersmith and Fulham,Hammersmith,Bakery,https://www.cafedenata.com/,,venue website,openstreetmap,2,+44 20 8834 7555,25b Broadway Shopping Centre,,https://www.openstreetmap.org/node/9192910286
connect@chaptercoffee.com,Chapter Coffee Co.,Hammersmith and Fulham,West Kensington,Cafe,https://www.chaptercoffee.com/,,venue website,openstreetmap,1,+44 20 3875 3655,137 North End Road,,https://www.openstreetmap.org/node/9223818338
info@chezabir-restaurant.com,Chez Abir,Hammersmith and Fulham,West Kensington,Restaurant,https://www.chezabir-restaurant.com/,,venue website,openstreetmap,1,+44 20 7603 3241,34 Blythe Road,,https://www.openstreetmap.org/node/9160031800
hello@chezmaiss.co.uk,Chez Maiss,Hammersmith and Fulham,Hammersmith,Restaurant,https://www.chezmaiss.co.uk/,,venue website,openstreetmap,1,+44 20 8741 4725,21a-22b Broadway Shopping Centre,,https://www.openstreetmap.org/node/9192910283
info@cocoandbibi.co.uk,Coco & Bibi,Hammersmith and Fulham,Fulham,Asian; Korean,https://www.cocoandbibi.co.uk/,,venue website,openstreetmap,1,,123 Lillie Road,SW6 7SX,https://www.openstreetmap.org/node/14108474107
cofx.coffee@gmail.com,COFX,Hammersmith and Fulham,Hammersmith,Breakfast,https://www.cofx.co.uk/,,venue website,openstreetmap,1,,,,https://www.openstreetmap.org/node/12685381245
shepherdsbush@creamscafe.com,Creams,Hammersmith and Fulham,Shepherd's Bush,Ice cream,https://www.creamscafe.com/our-stores/shepherds-bush/,,venue website,openstreetmap,1,+44 20 8248 1518,190-192 Uxbridge Road,,https://www.openstreetmap.org/node/8646245126
creditmunchcatering@yahoo.com,Credit Munch Cafe,Hammersmith and Fulham,Hammersmith,Cafe,https://creditmunchcatering.co.uk/,,venue website,openstreetmap,1,+44 20 3490 7971,160 King Street,,https://www.openstreetmap.org/node/9262624360
support@chefonline.co.uk,Curry Express,Hammersmith and Fulham,Shepherd's Bush,Indian,https://www.chefonline.co.uk/curry-express-shepherds-bush-london-w12/menu,,venue website,openstreetmap,1,+44 20 8740 8316,"5 Pavilion Parade, Wood Lane",W12 0HQ,https://www.openstreetmap.org/node/6110619965
thedoctor@doctorespresso.co.uk,Doctor Espresso,Hammersmith and Fulham,Fulham,Cafe,http://www.doctorespresso.co.uk/,,openstreetmap,openstreetmap,1,+44 7961 167864,3 Station Approach,SW6 3UH,https://www.openstreetmap.org/node/3390024492
info@efesfulham.co.uk,Efes,Hammersmith and Fulham,West Kensington,Restaurant,https://efesfulham.co.uk/,,venue website,openstreetmap,1,+44 20 7846 0565,309-311 Lillie Road,W14 9NS,https://www.openstreetmap.org/node/14116168332
elmetrofulham@yahoo.co.uk,El Metro,Hammersmith and Fulham,Parsons Green,Spanish,https://www.elmetro.co.uk/,,venue website,openstreetmap,1,+44 20 7384 1264,10-12 Effie Road,SW6 1TB,https://www.openstreetmap.org/way/914380434
info@elephantandbarrel.co.uk,Elephant & Barrel,Hammersmith and Fulham,Fulham,Pub,https://elephantandbarrel.co.uk/fulham-home-page/,,venue website,openstreetmap,1,+44 20 7381 0910,197 Lillie Road,SW6 7LW,https://www.openstreetmap.org/way/144713460
info@espress-mo.co.uk,Espress-Mo,Hammersmith and Fulham,West Kensington,Asian; Deli; Sushi,https://www.espress-mo.co.uk/,,venue website,openstreetmap,1,+44 20 7602 0787,81 North End Road,,https://www.openstreetmap.org/way/999815154
hammersmith@faberrestaurants.co.uk,Faber,Hammersmith and Fulham,Hammersmith,Seafood,https://faberrestaurants.co.uk/,,venue website,openstreetmap,1,,206-208 Hammersmith Road,,https://www.openstreetmap.org/node/7263279673
info@fait-maison.co.uk,Fait Maison,Hammersmith and Fulham,Shepherd's Bush,Restaurant,https://www.fait-maison.co.uk/,,venue website,openstreetmap,3,+44 20 8222 8755,245 Goldhawk Road,,https://www.openstreetmap.org/node/313617813
hello@fortyeight.coffee,Forty Eight Chiswick,Hammersmith and Fulham,Hammersmith,Breakfast,https://fortyeight.coffee,,venue website,openstreetmap,1,,308 King Street,W6 0RR,https://www.openstreetmap.org/node/12051869345
info@grill4all.co.uk,Grill 4 All,Hammersmith and Fulham,Parsons Green,Greek,https://grill4all.co.uk/,,venue website,openstreetmap,1,+44 330 016 3980,453 North End Road,SW6 1NZ,https://www.openstreetmap.org/node/5168205904
happyskylondon@gmail.com,Happy Sky,Hammersmith and Fulham,Shepherd's Bush,Bakery,https://www.happyskylondon.com/,,venue website,openstreetmap,2,+44 20 3490 1486,94 Askew Road,,https://www.openstreetmap.org/node/8863440378
info@jindathai.com,Jin-Da Thai,Hammersmith and Fulham,Hammersmith,Asian,https://www.jindathai.com/,,venue website,openstreetmap,1,+44 20 8748 2839,1 Studland Street,,https://www.openstreetmap.org/way/1003922774
info@jrkkitchen.co.uk,JRK Kitchen,Hammersmith and Fulham,Parsons Green,Takeaway,https://jrkkitchen.co.uk/,,venue website,openstreetmap,2,+44 20 7384 5600,62 Walham Grove,SW6 1QR,https://www.openstreetmap.org/node/771818100
kathmanduinn62@gmail.com,Kathmandu Inn,Hammersmith and Fulham,Shepherd's Bush,Indian,https://www.kathmandu-inn.co.uk/,,venue website,openstreetmap,1,+44 20 8743 7192,6-7 Seven Stars Corner,,https://www.openstreetmap.org/way/965122837
hi@kinpizza.co.uk,Kin Pizza,Hammersmith and Fulham,Shepherd's Bush,American; Pizza,https://kinpizza.co.uk,,openstreetmap,openstreetmap,1,+44 20 4547 1410,101 Wood Lane,W12 7FR,https://www.openstreetmap.org/node/8629753790
pat@koji.restaurant,Koji,Hammersmith and Fulham,Parsons Green,Asian; Japanese,https://www.koji.restaurant/,,venue website,openstreetmap,1,+44 20 7731 2520,56;58 New King's Road,SW6 4LS,https://www.openstreetmap.org/way/1211583698
info@kokarestaurants.co.uk,Koka,Hammersmith and Fulham,Fulham,Restaurant,https://kokarestaurants.co.uk/,,venue website,openstreetmap,1,+44 20 4539 4578,244 North End Road,SW6 1NL,https://www.openstreetmap.org/node/14108474019
info@kokodoo.co.uk,Kokodoo,Hammersmith and Fulham,Parsons Green,Asian; Korean,https://www.kokodoo.co.uk/,,venue website,openstreetmap,1,,8 Fulham Broadway,SW6 1AA,https://www.openstreetmap.org/node/14051617732
contact@lapetitebretagne.co.uk,La Petite Bretagne,Hammersmith and Fulham,Hammersmith,French,https://www.lapetitebretagne.co.uk/,hammersmith@lapetitebretagne.co.uk,venue website,openstreetmap,1,+44 20 8127 5530,5-7 Beadon Road,,https://www.openstreetmap.org/node/7263459818
info@fs-restaurants.co.uk,Little Four Seasons,Hammersmith and Fulham,Fulham,Asian; Chinese,https://www.fs-restaurants.co.uk/little-four-seasons-fulham,,venue website,openstreetmap,5,+44 20 7731 0081,805 Fulham Road,SW6 5HE,https://www.openstreetmap.org/node/14175990279
contact@littlenapoli.co.uk,Little Napoli,Hammersmith and Fulham,Shepherd's Bush,Pizza,https://littlenapoli.co.uk/,,venue website,openstreetmap,1,+44 20 8823 5491,428 Uxbridge Road,W12 0NR,https://www.openstreetmap.org/node/3782252275
hello@lolas.co.uk,Lola's Cupcakes,Hammersmith and Fulham,Parsons Green,Bakery,https://www.lolas.co.uk/pages/store-location/fulham-broadway,,venue website,openstreetmap,2,+44 20 4634 6911,Fulham Broadway Centre,SW6 1BW,https://www.openstreetmap.org/node/14115396723
bookings@manukakitchen.co.uk,Manuka Kitchen,Hammersmith and Fulham,Parsons Green,Restaurant,https://manukakitchen.co.uk/,,venue website,openstreetmap,1,+44 20 7731 0864,510 Fulham Road,SW6 5NJ,https://www.openstreetmap.org/node/14068641706
hellofulham@mariags.co.uk,Maria G's,Hammersmith and Fulham,Sands End,Italian,https://mariags.co.uk/,hellokensington@mariags.co.uk,openstreetmap,openstreetmap,1,+44 20 3479 3867,20 Central Avenue,SW6 2QE,https://www.openstreetmap.org/node/10732909248
mattscafe@outlook.com,Matt's,Hammersmith and Fulham,Fulham,Cafe,https://www.mattscafe773.co.uk/,,venue website,openstreetmap,1,+44 20 8109 8055,773 Fulham Road,SW6 5HA,https://www.openstreetmap.org/node/14169958615
hello@mrsteak.co.uk,Mr Steak,Hammersmith and Fulham,Fulham,Steak,https://mrsteak.co.uk/fulham-2/,,venue website,openstreetmap,1,+44 20 4618 5860,606 Fulham Road,SW6 5RP,https://www.openstreetmap.org/node/14165033046
ochitakeaway22@yahoo.com,Ochi,Hammersmith and Fulham,Shepherd's Bush,Takeaway,https://ochitakeawayandcatering.co.uk/,ochiw12@outlook.com,venue website,openstreetmap,1,+44 20 8742 9620,226 Uxbridge Road,,https://www.openstreetmap.org/node/8643150901
info@oliviapizza.co.uk,Olivia Pizza / Beijing Noodles,Hammersmith and Fulham,Sands End,Pizza,https://www.oliviapizza.co.uk/,,venue website,openstreetmap,1,,,,https://www.openstreetmap.org/node/3236994796
1fulhambroadway@gmail.com,One Fulham Broadway,Hammersmith and Fulham,Parsons Green,Pub,https://onefulhambroadway.co.uk/,,venue website,openstreetmap,1,,1 Fulham Broadway,SW6 1AA,https://www.openstreetmap.org/way/151171737
orientalveganglutenfree@gmail.com,Oriental Vegan,Hammersmith and Fulham,Parsons Green,Asian; Chinese,https://www.orientalvegan.co.uk/,,venue website,openstreetmap,1,,250 North End Road,SW6 1NJ,https://www.openstreetmap.org/node/14108071425
parsonsgreen@oreebakeries.co.uk,Orée,Hammersmith and Fulham,Parsons Green,Bakery,https://oree.co.uk/,,openstreetmap,openstreetmap,1,+442045801461,251 New King's Road,SW6 4RB,https://www.openstreetmap.org/way/362164531
hammersmith@padthaistory.com,Pad Thai Story (Hammersmith),Hammersmith and Fulham,Hammersmith,Restaurant,https://www.padthaistory.com/,,openstreetmap,openstreetmap,1,,82 Fulham Palace Road,W6 9PL,https://www.openstreetmap.org/node/14130987801
info@pantarei.uk,Panta Rei,Hammersmith and Fulham,Parsons Green,Restaurant,https://www.pantarei.uk/,,venue website,openstreetmap,1,+44 7414888686,647 Fulham Road,SW6 5PU,https://www.openstreetmap.org/node/11227675918
info@parmawoodovenpizza.com,Parma Wood Oven Pizza,Hammersmith and Fulham,Shepherd's Bush,Pizza,https://www.parmawoodovenpizza.com/hammersmith/,,venue website,openstreetmap,1,+44 20 3105 5942,242a Goldhawk Road,,https://www.openstreetmap.org/node/3771959763
info@patisseriesainteanne.co.uk,Patisserie Sainte Anne,Hammersmith and Fulham,Hammersmith,Bakery; French,https://patisseriesainteanne.co.uk/,,venue website,openstreetmap,1,+44 20 8563 2046,204 King Street,,https://www.openstreetmap.org/node/9265734920
info@pentolinarestaurant.co.uk,Pentolina,Hammersmith and Fulham,West Kensington,Italian,https://pentolinarestaurant.co.uk/,pictures.justin@gmail.com,venue website,openstreetmap,1,+44 20 3010 0091,71 Blythe Road,W14 0HP,https://www.openstreetmap.org/node/9141043250
info@phodistrict.co.uk,Pho District,Hammersmith and Fulham,Hammersmith,Asian,https://phodistrict.co.uk/,,venue website,openstreetmap,1,+44 20 8748 2584,216 King Street,,https://www.openstreetmap.org/node/5082701121
events@pillarhall.co.uk,Pillar Hall,Hammersmith and Fulham,West Kensington,Restaurant,https://www.pillarhall.co.uk,reservations@pillarhall.co.uk,openstreetmap,openstreetmap,1,,5 Olympia Way,W14 0EY,https://www.openstreetmap.org/node/14210411290
info@princessvictoria.co.uk,Princess Victoria,Hammersmith and Fulham,Shepherd's Bush,Pub,https://www.princessvictoria.co.uk/,,openstreetmap,openstreetmap,1,+44 20 8749 4466,217 Uxbridge Road,W12 9DH,https://www.openstreetmap.org/relation/12811040
info@pureindiancooking.com,Pure Indian Cooking,Hammersmith and Fulham,Fulham,Indian,https://www.pureindiancooking.com/,,openstreetmap,openstreetmap,1,,67 Fulham High Street,SW6 3JJ,https://www.openstreetmap.org/node/530815560
info@rollingpinbakery.co.uk,Rolling Pin Bakery,Hammersmith and Fulham,Fulham,Bakery,https://rollingpinbakery.co.uk/,,venue website,openstreetmap,1,+44 20 7731 0626,770 Fulham Road,SW6 5SJ,https://www.openstreetmap.org/way/285593195
contact@sambalsim.com,Sambal Sim,Hammersmith and Fulham,Fulham,Asian,https://sambalsim.com/,,venue website,openstreetmap,1,+44 20 3005 0401,636 Fulham Road,SW6 5RT,https://www.openstreetmap.org/node/14174431813
bookingfulham@santamariapizzeria.com,Santa Maria Pizzeria,Hammersmith and Fulham,Sands End,Pizza,https://www.santamariapizzeria.com/,info@santamariapizzeria.com,openstreetmap,openstreetmap,1,+44 20 8579 1462,94 Waterford Road,SW6 2HA,https://www.openstreetmap.org/node/4623420989
sbush@shikumen.co.uk,Shikumen,Hammersmith and Fulham,Shepherd's Bush,Asian; Chinese,https://www.shikumen.co.uk/,,venue website,openstreetmap,1,,,,https://www.openstreetmap.org/node/7191434885
turnhamgreen@spaandmassage.co.uk,Spa & Massage,Hammersmith and Fulham,Parsons Green,Cafe,https://spaandmassage.co.uk/,earlscourt@spaandmassage.co.uk; crouchend@spaandmassage.co.uk; bayswater@spaandmassage.co.uk; belsizepark@spaandmassage.co.uk; richmond@spaandmassage.co.uk; fulham@spaandmassage.co.uk; chiswickhighroad@spaandmassage.co.uk; islington@spaandmassage.co.uk; giedre@spaandmassage.co.uk; andreea@spaandmassage.co.uk; ramona.oles@spaandmassage.co.uk; medilyn.lipalam@spaandmassage.co.uk,venue website,openstreetmap,1,+44 20 4636 3749,709 Fulham Road,SW6 5UL,https://www.openstreetmap.org/node/3662201105
sufraservices01@gmail.com,Sufra,Hammersmith and Fulham,Parsons Green,Restaurant,https://sufrarestaurant.uk/,,venue website,openstreetmap,1,,335 North End Road,SW6 1NN,https://www.openstreetmap.org/node/14077510807
sukhosuksan@gmail.com,Sukho,Hammersmith and Fulham,Fulham,Asian,https://www.sukhogroups.com/,,venue website,openstreetmap,1,+44 20 7371 7600,855 Fulham Road,SW6 5HJ,https://www.openstreetmap.org/node/14176096976
info@tacco.co.uk,Tacco,Hammersmith and Fulham,Fulham,Italian,https://www.tacco.co.uk/,,venue website,openstreetmap,1,+44 20 3645 6043,786 Fulham Road,SW6 5SL,https://www.openstreetmap.org/way/285593253
info@thatchedhousepub.com,Thatched House,Hammersmith and Fulham,Hammersmith,Pub,https://www.thatchedhousepub.com/,,venue website,openstreetmap,1,+44 20 8741 6282,115 Dalling Road,W6 0ET,https://www.openstreetmap.org/way/586427054
hello@acaigirls.com,The Acai Girls,Hammersmith and Fulham,Parsons Green,Cafe,https://www.acaigirls.com/,,venue website,openstreetmap,1,,705 Fulham Road,SW6 5UL,https://www.openstreetmap.org/node/3662202729
info@theandoverarmsw6.com,The Andover Arms,Hammersmith and Fulham,Hammersmith,Pub,https://www.theandoverarmsw6.com/,,venue website,openstreetmap,1,+44 20 8748 2155,57 Aldensley Road,W6 0DL,https://www.openstreetmap.org/way/966387179
info@askewshepherdsbush.co.uk,The Askew,Hammersmith and Fulham,Shepherd's Bush,Pub,https://www.askewshepherdsbush.co.uk/,,venue website,openstreetmap,1,+44 20 8743 2791,269 Askew Road,,https://www.openstreetmap.org/way/952193494
info@butcombe.com,The Brown Cow,Hammersmith and Fulham,Fulham,Pub,https://www.thebrowncowpub.co.uk/,,venue website,openstreetmap,3,+44 20 7384 9559,676-680 Fulham Road,SW6 5SA,https://www.openstreetmap.org/node/1375172419
info@thebushtavern.com,The Bush Tavern,Hammersmith and Fulham,Shepherd's Bush,Pub,https://thebushtavern.com/,,venue website,openstreetmap,1,,,,https://www.openstreetmap.org/node/13518978862
info@huddle.co.uk,The Clarion Cafe,Hammersmith and Fulham,Parsons Green,Cafe,https://huddle.co.uk/cafe/the-clarion-cafe/,,venue website,openstreetmap,1,+44 20 3976 0700,20 Fulham Road,SW6 1AH,https://www.openstreetmap.org/node/14049431463
thecrosskeysw6@gmail.com,The Cross Keys,Hammersmith and Fulham,Hammersmith,Pub,https://www.crosskeyshammersmith.co.uk/,,venue website,openstreetmap,1,,,,https://www.openstreetmap.org/node/313617797
info@theduchesshammersmith.co.uk,The Duchess W6,Hammersmith and Fulham,Hammersmith,Pub,https://www.theduchesshammersmith.co.uk/,,venue website,openstreetmap,1,+44 20 8748 9128,320 Goldhawk Road,,https://www.openstreetmap.org/way/961791327
hello@thegaterestaurants.com,The Gate,Hammersmith and Fulham,Hammersmith,Restaurant,https://thegaterestaurants.com/,,openstreetmap,openstreetmap,1,+44 20 3719 6431,51 Queen Caroline Street,W6 9QL,https://www.openstreetmap.org/node/5328197697
info@harwoodarms.com,The Harwood Arms,Hammersmith and Fulham,Parsons Green,Pub,https://harwoodarms.com/,,venue website,openstreetmap,1,+44 20 7386 1847,Walham Grove,SW6 1QP,https://www.openstreetmap.org/way/944382658
orders@thehoarder.org,The Hoarder Coffee,Hammersmith and Fulham,Parsons Green,Cafe,https://thehoarder.org/,,venue website,openstreetmap,1,,16 Lillie Road,SW6 1TS,https://www.openstreetmap.org/node/11236020452
lillielangtry.fulham@thechaptercollection.co.uk,The Lillie Langtry,Hammersmith and Fulham,Parsons Green,Pub,https://www.thechaptercollection.co.uk/lillie-langtry-fulham,,venue website,openstreetmap,1,+44 20 3637 6690,19 Lillie Road,SW6 1UE,https://www.openstreetmap.org/way/1547532718
oldshiphammersmith@youngs.co.uk,The Old Ship,Hammersmith and Fulham,Hammersmith,Pub,https://www.oldshiphammersmith.co.uk/,,openstreetmap,openstreetmap,1,+44 20 8748 2593,25 Upper Mall,W6 9TD,https://www.openstreetmap.org/way/176677099
hello@princeofwales-townhouse.co.uk,The Prince of Wales Townhouse,Hammersmith and Fulham,Hammersmith,Pub,https://www.princeofwales-townhouse.co.uk/,,openstreetmap,openstreetmap,1,+44 20 8563 1713,73 Dalling Road,W6 0JD,https://www.openstreetmap.org/way/586427057
info@rivercafe.co.uk,The River Cafe,Hammersmith and Fulham,Hammersmith,Cafe,https://www.rivercafe.co.uk/,events@rivercafe.co.uk; georgia@rivercafe.co.uk; work@rivercafe.co.uk; kitty@rivercafe.co.uk,openstreetmap,openstreetmap,1,+44 20 7386 4200,Thames Wharf Rainville Road,W6 9HA,https://www.openstreetmap.org/node/12958953223
kuazaap@gmail.com,The Salutation,Hammersmith and Fulham,Hammersmith,Asian; Pub,https://www.salutationhammersmith.co.uk/,,venue website,openstreetmap,1,,154 King Street,W6 0QU,https://www.openstreetmap.org/way/332723845
info@stonemasonsarms.co.uk,The Stonemasons Arms,Hammersmith and Fulham,Hammersmith,Pub,https://stonemasonsarms.co.uk/,,venue website,openstreetmap,1,,54 Cambridge Grove,W6 0LA,https://www.openstreetmap.org/way/972149539
makikosano@yahoo.com,The Suzu House,Hammersmith and Fulham,Hammersmith,Asian; Japanese,https://thesuzuhouse.com/,,venue website,openstreetmap,1,+44 20 8741 1101,170-172 Hammersmith Road,,https://www.openstreetmap.org/node/9175934116
reservation@thewei.co.uk,The Wei,Hammersmith and Fulham,Parsons Green,Asian; Chinese,https://thewei.co.uk/,,venue website,openstreetmap,1,+44 20 4597 2968,461-465 North End Road,SW6 1NZ,https://www.openstreetmap.org/node/9707530746
tasteofsichuanltd@gmail.com,Tian Fu,Hammersmith and Fulham,Shepherd's Bush,Asian; Chinese,https://www.tianfulondon.com/,,venue website,openstreetmap,1,+44 20 8740 4546,39 Bulwer Street,W12 8AR,https://www.openstreetmap.org/node/6450807185
tigersdiner1@gmail.com,Tiger's Diner,Hammersmith and Fulham,Shepherd's Bush,American; BBQ; Burger,https://www.tigersdiner.co.uk/,,openstreetmap,openstreetmap,1,+44 20 3184 1098,288 Loftus Road,W12 7JA,https://www.openstreetmap.org/node/3781068779
hammersmith@tortilla.co.uk,Tortilla,Hammersmith and Fulham,Hammersmith,Mexican,https://www.tortilla.co.uk/restaurants/hammersmith,,venue website,openstreetmap,1,+44 20 3909 0415,6a King Street,,https://www.openstreetmap.org/node/4232415995
orders@thebreadbasketbakery.co.uk,Vanilla Bean Cafe,Hammersmith and Fulham,Fulham,Cafe,https://www.thebreadbasketbakery.co.uk/cafe/,,venue website,openstreetmap,1,+44 20 3158 6653,122 Dawes Road,SW6 7EG,https://www.openstreetmap.org/node/14113237140
info@villabombay.co.uk,Villa Bombay,Hammersmith and Fulham,Fulham,Indian,https://villabombay.co.uk/,,venue website,openstreetmap,1,+44 20 3196 2908,310 Munster Road,SW6 6BH,https://www.openstreetmap.org/node/14134918933
info@w6gc.co.uk,W6 Garden Centre Cafe,Hammersmith and Fulham,Hammersmith,Breakfast,https://w6gardencentre.co.uk/cafe/,,openstreetmap,openstreetmap,1,+44 20 8563 7112,Ravenscourt Avenue,W6 0SL,https://www.openstreetmap.org/node/13812152001
welcome@seacc.uk,Walnut Tree Café,Hammersmith and Fulham,Parsons Green,Cafe,https://www.seacc.uk/cafe/,,venue website,openstreetmap,1,,,,https://www.openstreetmap.org/node/13705050548
yuccafulham@gmail.com,Yucca's,Hammersmith and Fulham,Parsons Green,Mexican,https://yucca-fulham.com/,,venue website,openstreetmap,1,+44 20 3080 0881,496 Fulham Road,SW6 5NH,https://www.openstreetmap.org/node/11218899327
info@dcocina.co.uk,​D'Cocina,Hammersmith and Fulham,Parsons Green,Asian,https://www.dcocina.co.uk/,dcocinarestobar@gmail.com,venue website,openstreetmap,1,+44 20 3355 7326,374 North End Road,SW6 1LY,https://www.openstreetmap.org/node/772052353
abracocafe@outlook.com,Abraco,Haringey,Harringay,Cafe,https://www.abracocafe.co.uk/,abraco_coffee@hotmail.com,venue website,openstreetmap,1,,60-61 Grand Parade,N4 1AF,https://www.openstreetmap.org/node/6831782577
info@akatuki.co.uk,Akatuki,Haringey,Muswell Hill,Asian; Japanese,https://www.akatuki.co.uk,,venue website,openstreetmap,1,+44 20 8444 8777,240-242 Muswell Hill Broadway,N10 3SH,https://www.openstreetmap.org/node/4947820529
info@archivesldn.com,Archives Ldn,Haringey,Tottenham Hale,Cafe,https://www.archivesldn.com,,openstreetmap,openstreetmap,1,,Unit 10 Fountayne Road,N15 4BE,https://www.openstreetmap.org/node/12815139759
hello@barbersbazaar.com,Barbers Bazaar,Haringey,Hornsey,Indian,https://barbersbazaar.com/,,openstreetmap,openstreetmap,1,+44 2083 414 425,37 Tottenham Lane,N8 9BD,https://www.openstreetmap.org/node/12385102519
info@beansandbarley.co.uk,Beans & Barley,Haringey,Harringay,Cafe,https://www.beansandbarley.co.uk/,,openstreetmap,openstreetmap,1,+44 7446 030507,595-597 Green Lanes,N8 0RE,https://www.openstreetmap.org/node/6780805082
pos@beavertownbrewery.co.uk,Beavertown Brewery Taproom,Haringey,Tottenham Hale,Pub,https://beavertownbrewery.co.uk/pages/taproom,webshop@beavertownbrewery.co.uk,venue website,openstreetmap,2,,Mill Mead Road,N17 9QP,https://www.openstreetmap.org/node/9739982235
tottenham@blightygroup.com,Blighty India Cafe,Haringey,Seven Sisters,Cafe,https://blightycafe.co.uk/,,openstreetmap,openstreetmap,1,,266 High Road,N15 4AJ,https://www.openstreetmap.org/node/8626525801
visitor.services@alexandrapalace.com,Boathouse Café,Haringey,Muswell Hill,Cafe,https://www.alexandrapalace.com/food-drink/boathouse-cafe-2/,,venue website,openstreetmap,2,,,,https://www.openstreetmap.org/node/3709926914
info@bollandcrust.com,Bolland and Crust,Haringey,Wood Green,Breakfast,https://bollandandcrust.com/,,openstreetmap,openstreetmap,1,+44 7852 280481,38 Crawley Road,N22 6AG,https://www.openstreetmap.org/way/1265216724
brasserietransylvania@gmail.com,Brasserie Transylvania,Haringey,Harringay,French,,,openstreetmap,openstreetmap,1,+44 20 8802 0866,353 Green Lanes,N4 1DZ,https://www.openstreetmap.org/node/3337942353
brouhahabar@gmail.com,Brouhaha Bar,Haringey,Harringay,Pub,https://www.brouhahabar.com,,venue website,openstreetmap,1,+44 20 8348 8553,499-501 Green Lanes,N4 1AL,https://www.openstreetmap.org/way/224432174
info@butlersdeli.co.uk,Butler's Deli,Haringey,Stroud Green,Deli,https://www.butlersdeli.co.uk,,venue website,openstreetmap,1,,Stroud Green Road,,https://www.openstreetmap.org/way/281195786
info@chukuslondon.co.uk,Chuku‘s,Haringey,Seven Sisters,Restaurant,https://www.chukuslondon.co.uk/,events@chukuslondon.co.uk; press@chukuslondon.co.uk,venue website,openstreetmap,1,,274 High Road,N15 4AJ,https://www.openstreetmap.org/node/9828359094
info@ciabofood.co.uk,Ciabo Food,Haringey,Harringay,Breakfast,https://ciabofood.co.uk/,,openstreetmap,openstreetmap,1,+44 2083 401708,40 Quernmore Road,N4 4QP,https://www.openstreetmap.org/way/887291178
info@cigkoftem.com,Cigkoftem,Haringey,Harringay,Restaurant,https://cigkoftem.com,emeurope@cigkoftem.com,venue website,openstreetmap,1,+44 20 8347 9203,417 Green Lanes,N4 1EY,https://www.openstreetmap.org/node/1277073232
info@thecilicia.com,Cilicia,Haringey,Muswell Hill,Restaurant,https://thecilicia.com,,venue website,openstreetmap,1,+44 20 8444 7172,440 Muswell Hill Broadway,N10 1BS,https://www.openstreetmap.org/way/224040342
info@clissoldarms.co.uk,Clissold Arms,Haringey,Fortis Green,Pub,https://clissoldarms.co.uk,,venue website,openstreetmap,1,,105 Fortis Green,N2 9HR,https://www.openstreetmap.org/way/532061943
hello@coolcarrot.shop,Cool Carrot,Haringey,Highgate,Indian,https://www.coolcarrot.shop/,,venue website,openstreetmap,1,,259 Archway Road,N6 5BS,https://www.openstreetmap.org/node/4689709393
info@dunns-bakery.co.uk,Dunns,Haringey,Muswell Hill,Bakery,https://dunns-bakery.co.uk,,venue website,openstreetmap,1,,36 Muswell Hill Broadway,N10 3RT,https://www.openstreetmap.org/node/5163825173
info@finsburyparkcafe.co.uk,Finsbury Park Cafe,Haringey,Stroud Green,Breakfast,https://www.finsburyparkcafe.co.uk/,,openstreetmap,openstreetmap,1,+447715647295,Endymion Road,N4 2NQ,https://www.openstreetmap.org/node/13620064643
foodroom305@outlook.com,Food Room,Haringey,Highgate,Restaurant,https://www.foodroom305.co.uk/,,openstreetmap,openstreetmap,1,+44 20 8340 4092,305 Archway Road,N6 5AA,https://www.openstreetmap.org/node/4687847193
forksandgreen@gmail.com,Forks & Green,Haringey,West Green,Burger; Italian,https://www.forksandgreen.co.uk/,,venue website,openstreetmap,1,+44 20 8881 5268,338 Philip Lane,N15 4AB,https://www.openstreetmap.org/way/952157422
customercare@frothandmallow.co.uk,Froth & Mallow,Haringey,Hornsey,Breakfast,https://frothandmallow.co.uk/,anapbm@gmail.com,openstreetmap,openstreetmap,1,,2A Mary Neuner Road,N8 0FR,https://www.openstreetmap.org/node/12734152949
mllegeorgesand@gmail.com,Highgate Urban Baristas,Haringey,Highgate,Breakfast,https://urbanbaristas.co.uk,,venue website,openstreetmap,4,,66 Highgate High Street,N6 5HX,https://www.openstreetmap.org/way/497785773
ilporcino75@gmail.com,Il Porcino,Haringey,Hornsey,Restaurant,https://www.ilporcino.co.uk,info@ilporcino.co.uk,openstreetmap,openstreetmap,1,+442046192189,179 Priory Road,N8 8NB,https://www.openstreetmap.org/node/10606975881
islandsinhornsey@gmail.com,Islands,Haringey,Hornsey,Deli,,,openstreetmap,openstreetmap,1,+44 7931 038 003,104 High Street,N8 7NT,https://www.openstreetmap.org/node/12007840547
info@jaminajar.co.uk,Jam in a Jar,Haringey,Harringay,Cafe,https://jaminajar.co.uk/,,venue website,openstreetmap,1,+44 20 8347 0655,599 Green Lanes,N8 0RE,https://www.openstreetmap.org/node/4360622772
dixitsalil@hotmail.com,Jashan,Haringey,Harringay,Indian,https://www.jashan.co.uk/,,venue website,openstreetmap,1,+44 2083 409 880,19 Turnpike Lane,N8 0EP,https://www.openstreetmap.org/node/6532951241
hello@kidsnjoy.co.uk,Kids N Joy,Haringey,Crouch End,Cafe,https://kidsnjoy.co.uk/,,venue website,openstreetmap,1,,9 Park Road,N8 8TE,https://www.openstreetmap.org/node/5307682143
hello@kissthekoala.co.uk,Kiss the Koala,Haringey,Hornsey,Restaurant,https://www.kissthekoala.co.uk,events@kissthekoala.co.uk,venue website,openstreetmap,1,,163 Priory Road,N8 8NB,https://www.openstreetmap.org/node/370187957
hello@koftecimetin.co.uk,Kofteci Metin,Haringey,Harringay,Restaurant,https://koftecimetin.co.uk/,,venue website,openstreetmap,1,+44 7399 897233,553 Green Lanes,N8 0RL,https://www.openstreetmap.org/node/2333408442
konnichiwa.net@gmail.com,Konnichiwa,Haringey,Hornsey,Asian; Japanese,https://www.konnichiwa.uk/,,venue website,openstreetmap,1,,10 High Street,N8 7PB,https://www.openstreetmap.org/node/12007863433
lagiocondapizzeria@gmail.com,La Gioconda,Haringey,Hornsey,Italian,https://www.lagioconda.co.uk,,venue website,openstreetmap,1,+44 2083 475 777,59 High Street,N8 7QB,https://www.openstreetmap.org/node/12007840540
info@lalluna.co.uk,La Lluna,Haringey,Muswell Hill,Spanish,https://www.lalluna.co.uk/,whetstone@lalluna.co.uk,venue website,openstreetmap,1,,462-464 Muswell Hill Broadway,N10 1BS,https://www.openstreetmap.org/way/224040345
info@lapetitecolline.co.uk,La Petite Colline,Haringey,Muswell Hill,French,https://lapetitecolline.co.uk,,venue website,openstreetmap,1,+44 20 4531 9740,259 Muswell Hill Broadway,N10 1DE,https://www.openstreetmap.org/way/459815004
info@littledinosaurs.co.uk,Little Dinosaurs,Haringey,Muswell Hill,Cafe,https://www.littledinosaurs.co.uk,enfield@littledinosaurs.co.uk,openstreetmap,openstreetmap,1,,Alexandra Palace Way,N10 2DP,https://www.openstreetmap.org/node/5001535598
contact@caffeluka.co.uk,Luka Caffe,Haringey,Hornsey,Cafe,https://www.caffeluka.co.uk,,openstreetmap,openstreetmap,1,,1 High Street,N8 7PS,https://www.openstreetmap.org/node/8910681359
info@maynardarmsn8.co.uk,Maynard Arms,Haringey,Crouch End,Pub,https://www.maynardarmsn8.co.uk/,,openstreetmap,openstreetmap,1,+44 2083 416 283,70 Park Road,N8 8SX,https://www.openstreetmap.org/node/12633199509
mccaffertyscrouchend@pubsupport.co.uk,McCafferty's Bar,Haringey,Hornsey,Pub,https://crouchend.mccaffertysbars.com/,mccaffertysbars@gmail.com,openstreetmap,openstreetmap,1,+44 2083 413 182,128 Tottenham Lane,N8 7EL,https://www.openstreetmap.org/node/370092612
book@moonlounge.uk,Moonlounge,Haringey,Hornsey,Burger; Italian,https://moonlounge.uk,,openstreetmap,openstreetmap,1,+44 7467 542 057,34 High Street,N8 7NX,https://www.openstreetmap.org/node/8367781280
info@mumlikesthaifood.com,Mum Likes Thai Food,Haringey,Hornsey,Asian,https://www.mumlikesthaifood.com/general-7-1,,venue website,openstreetmap,2,+442035182614,82 High Street,N8 7NU,https://www.openstreetmap.org/node/12007863397
bookings@noyalondon.com,Noya,Haringey,West Green,Asian,https://noyalondon.com/,,venue website,openstreetmap,1,+44 20 3540 4999,454-460 West Green Road,N15 3PT,https://www.openstreetmap.org/node/11944819961
reservations@paesanlondon.com,Paesan,Haringey,Crouch End,Italian,https://paesanlondon.com/,,venue website,openstreetmap,1,,,,https://www.openstreetmap.org/node/12633147096
taproom@pressuredropbrewing.co.uk,Pressure Drop,Haringey,Tottenham Hale,Pub,https://pressuredropbrewing.co.uk/pages/taproom,,venue website,openstreetmap,1,,,,https://www.openstreetmap.org/node/6939589391
hello@prestigepatisserie.com,Prestige Patisserie,Haringey,Seven Sisters,Bakery,https://www.prestigepatisserie.com/,,venue website,openstreetmap,1,,,,https://www.openstreetmap.org/node/11498201750
info@puraan.co.uk,Puraan,Haringey,Harringay,Indian,https://puraan.co.uk/,,openstreetmap,openstreetmap,1,+44 2083 747 612,10 Turnpike Lane,N8 0PT,https://www.openstreetmap.org/node/9143345413
info@queenswoodcafe.org,Queen's Wood Café,Haringey,Muswell Hill,Cafe,https://www.queenswoodcafe.org/,events@queenswoodcafe.org,venue website,openstreetmap,1,,42 Muswell Hill Road,N10 3JP,https://www.openstreetmap.org/way/366293474
info@theredlionandsun.com,Red Lion & Sun,Haringey,Highgate,Pub,https://www.theredlionandsun.com/,,venue website,openstreetmap,1,,25 North Road,N6 4BE,https://www.openstreetmap.org/way/810341385
info@renaissancemusic.co.uk,Renaissance,Haringey,Bowes Park,Cafe,https://renaissancemusic.co.uk/,,venue website,openstreetmap,1,,81 Myddleton Road,N22 8NE,https://www.openstreetmap.org/node/7798793795
marketing@selale.co.uk,Selale,Haringey,Harringay,Restaurant,https://selale.co.uk,,venue website,openstreetmap,1,+44 20 8800 1636,1-3 Salisbury Promenade,N8 0RX,https://www.openstreetmap.org/node/2333408453
info@stampbrasserie.com,Stamp Brasserie,Haringey,Harringay,French,https://stampbrasserie.com,,venue website,openstreetmap,1,+44 20 8245 2520,509 Green Lanes,N4 1AN,https://www.openstreetmap.org/node/11942698957
hello@sumakrestaurants.com,Sumak,Haringey,Crouch End,Restaurant,https://sumakrestaurants.com,,venue website,openstreetmap,1,+44 20 8341 6261,141 Tottenham Lane,N8 9BJ,https://www.openstreetmap.org/node/12633147066
ask.us@bohembrewery.com,Tap Room,Haringey,Bowes Park,Pub,https://www.bohembrewery.com/bohem-tap-room/,,venue website,openstreetmap,1,,,,https://www.openstreetmap.org/node/7804014021
info@tezgara.co.uk,TE’ZGARA,Haringey,Wood Green,Restaurant,,,openstreetmap,openstreetmap,1,+44 20 3576 1903,69-70 Mayes Road,N22 6YJ,https://www.openstreetmap.org/node/12983188169
manager@antwerparms.co.uk,The Antwerp Arms,Haringey,Tottenham,Pub,https://www.antwerparms.co.uk/,,venue website,openstreetmap,1,+44 20 8216 9289,168-170 Church Road,N17 8AS,https://www.openstreetmap.org/node/520913454
info@beehiven17.com,The Beehive,Haringey,Tottenham,Burger; Pub,https://beehiven17.com/,,venue website,openstreetmap,1,+44 20 8808 3567,Stoneleigh Road,N17 9BQ,https://www.openstreetmap.org/way/1076851225
info@thebullhighgate.com,The Bull,Haringey,Highgate,Pub,https://www.thebullhighgate.com/,,venue website,openstreetmap,1,+44 20 8341 0510,13 North Hill,,https://www.openstreetmap.org/way/154117129
enquiries@thegoodreader.co.uk,The Good Reader,Haringey,Crouch End,Pub,https://thegoodreader.co.uk/,,openstreetmap,openstreetmap,1,,120 Park Road,N8 8JP,https://www.openstreetmap.org/way/264128874
sales@thegoodnessbrew.co,The Goodness Brewing Company,Haringey,Wood Green,Pub,https://www.thegoodnessbrew.co/,taproom@thegoodnessbrew.co,venue website,openstreetmap,1,,,,https://www.openstreetmap.org/node/8263743019
greatnorthernrailway.office@fullers.co.uk,The Great Northern Railway Tavern,Haringey,Hornsey,Pub,https://www.thegreatnorthernrailway.co.uk/,,openstreetmap,openstreetmap,1,+44 2081 276 632,67 High Street,N8 7QB,https://www.openstreetmap.org/way/533228529
info@thenagshead.pub,The Nag's Head,Haringey,Wood Green,Pub,https://thenagshead.pub/,,venue website,openstreetmap,1,+44 20 8889 0376,203 High Road,N22 6DR,https://www.openstreetmap.org/way/1327090619
phoenix.bar@alexandrapalace.com,The Phoenix,Haringey,Muswell Hill,Pizza; Pub,https://www.alexandrapalace.com/food-drink/phoenix-bar-pizzeria/,,openstreetmap,openstreetmap,1,,Alexandra Palace Way,N10 2QE,https://www.openstreetmap.org/node/477938811
info@thepostbar.co.uk,The Post Bar,Haringey,Tottenham Hale,Pub,https://www.thepostbar.co.uk/,,venue website,openstreetmap,1,,316 High Road,N15 4BN,https://www.openstreetmap.org/node/13315502601
theprincen22@gmail.com,The Prince,Haringey,Wood Green,Pub,https://www.theprincen22.co.uk/,,venue website,openstreetmap,1,,1 Finsbury Road,N22 8PA,https://www.openstreetmap.org/way/391389796
infothepriorypubn8@gmail.com,The Priory,Haringey,Hornsey,Pub,https://www.thepriorypubn8.com,,venue website,openstreetmap,1,,169 Priory Road,N8 8NB,https://www.openstreetmap.org/node/370187947
salisburyhotel@yahoo.co.uk,The Salisbury,Haringey,Harringay,Burger; Pub,https://thesalisburyhotelpub.co.uk,,openstreetmap,openstreetmap,1,+44 20 8800 9617,1 Green Lanes,N4 1JX,https://www.openstreetmap.org/way/223934463
info@thevictoriatottenham.com,The Victoria,Haringey,Tottenham,Pub,https://www.thevictoriatottenham.com/,,openstreetmap,openstreetmap,1,,34 Scotland Green,N17 9TT,https://www.openstreetmap.org/way/1288548017
hello@the-wooden-cross.com,The Wooden Cross,Haringey,Crouch End,Pub,https://www.the-wooden-cross.com,,venue website,openstreetmap,1,,153 Crouch Hill,N8 8DH,https://www.openstreetmap.org/node/385018022
manager@thewrestlershighgate.com,The Wrestlers,Haringey,Highgate,Pub,https://thewrestlershighgate.com/,,venue website,openstreetmap,1,+44 20 8340 4297,98 North Road,N6 4AA,https://www.openstreetmap.org/way/676767336
manager@threecompassespub.com,Three Compasses,Haringey,Hornsey,Pub,https://www.threecompasseshornsey.com/,,openstreetmap,openstreetmap,1,+44 20 3154 4646,62 High Street,N8 7NX,https://www.openstreetmap.org/node/12007863407
chris@throughthewoods.london,Through the woods,Haringey,Hornsey,Restaurant,https://www.throughthewoods.london,,openstreetmap,openstreetmap,1,,212 Middle Lane,N8 7LA,https://www.openstreetmap.org/node/12007863445
info@tomopizzeria.com,Tomo Pizzeria,Haringey,Hornsey,Italian; Pizza,http://www.tomopizzeria.com,,openstreetmap,openstreetmap,1,+44 2083 480 099,88 High Street,N8 7NU,https://www.openstreetmap.org/node/12007863394
info@hairbytoyandco.co.uk,Toy & Co,Haringey,Muswell Hill,Asian; Sushi,https://www.hairbytoyandco.co.uk/,,venue website,openstreetmap,1,+44 20 8883 1221,120 Alexandra Park Road,N10 2AH,https://www.openstreetmap.org/way/1037817175
office@theunclejohnsbakery.com,Uncle John's Bakery,Haringey,Seven Sisters,Bakery,https://theunclejohnsbakery.com,,venue website,openstreetmap,1,+44 20 8802 6883,76 West Green Road,N15 5NS,https://www.openstreetmap.org/node/11945307750
info@uptowncuisine.co.uk,Uptown Cuisine,Haringey,Tottenham,Takeaway,https://uptowncuisine.co.uk/,,venue website,openstreetmap,1,,161 Park Lane,N17 0HJ,https://www.openstreetmap.org/node/10263469469
martin@velasquezandvanwezel.co.uk,Velasquez and Van Wezel,Haringey,Crouch End,Breakfast,https://www.velasquezandvanwezel.co.uk/,,venue website,openstreetmap,1,,78 Park Road,N8 8JQ,https://www.openstreetmap.org/node/5043754021
events@victoriastakes.co.uk,Victoria Stakes,Haringey,Muswell Hill,Pub,https://www.victoriastakes.com,,venue website,openstreetmap,1,,1-3 Muswell Hill,N10 3TH,https://www.openstreetmap.org/way/530088481
sales@wmartyn.co.uk,W. Martyn,Haringey,Muswell Hill,Deli,https://www.wmartyn.co.uk,,openstreetmap,openstreetmap,1,,135 Muswell Hill Broadway,N10 3RS,https://www.openstreetmap.org/way/504637141
info@withmilklondon.co.uk,With Milk,Haringey,Seven Sisters,Breakfast,https://www.withmilklondon.co.uk,,venue website,openstreetmap,2,,124 Philip Lane,N15 4JL,https://www.openstreetmap.org/node/9278648885
info@beerasylum.com,Beer Asylum,Harrow,Pinner,Pub,https://www.beerasylum.com/,,openstreetmap,openstreetmap,1,+44 20 8429 2400,1 Bridge Street,HA5 3JD,https://www.openstreetmap.org/node/4324081805
contact@cococornercafe.co.uk,Coco Corner,Harrow,Harrow,Halal,https://www.cococornercafe.co.uk/,,venue website,openstreetmap,1,+44 20 7041 6122,389 Station Road,HA1 2AT,https://www.openstreetmap.org/node/1489585770
julie@daisysinthepark.co.uk,Daisy's in the Park,Harrow,Pinner,Cafe,https://daisysinthepark.co.uk/,events@daisysinthepark.co.uk,openstreetmap,openstreetmap,1,+44 20 8866 3035,West End Lane,HA5 1AE,https://www.openstreetmap.org/node/1573380891
donatheresahatchend@gmail.com,Dona Theresa,Harrow,Hatch End,Italian,https://donatheresa.com/,,venue website,openstreetmap,1,+44 20 8421 5550,451 Uxbridge Road,HA5 4JR,https://www.openstreetmap.org/way/609888849
info@mumbailocal.co.uk,Mumbai Local,Harrow,South Harrow,Indian,http://mumbailocal.co.uk/restaurants/rayners-lane/,,openstreetmap,openstreetmap,1,+44 20 8357 2902,453 Alexandra Avenue,HA2 9SE,https://www.openstreetmap.org/node/6292171460
info@natrajfood.co.uk,Natraj,Harrow,South Harrow,Indian,,,openstreetmap,openstreetmap,1,+44 20 8426 8903,341 Northolt Road,HA2 8JB,https://www.openstreetmap.org/way/432872404
info@oldetonian.com,Old Etonian,Harrow,Harrow on the Hill,Restaurant,https://www.oldetonian.com/,,openstreetmap,openstreetmap,1,+44 20 8422 8482,38 High Street,HA1 3LL,https://www.openstreetmap.org/node/322270225
7127@greeneking.co.uk,Royal Oak,Harrow,Harrow,Pub,https://www.greeneking-pubs.co.uk/pubs/middlesex/royal-oak/,,venue website,openstreetmap,1,,86 St Anns Road,HA1 1JP,https://www.openstreetmap.org/node/211260547
reservations@shobhasrasoi.com,Shobha's Rasoi,Harrow,Wealdstone,Indian,https://shobhasrasoi.com/,,openstreetmap,openstreetmap,1,+44 20 8861 1825,128-130 High Street,HA3 7AL,https://www.openstreetmap.org/way/243007237
cardiff@steakoutuk.com,Steakout,Harrow,Harrow,Steak,https://www.steakoutuk.com/,harrow@steakoutuk.com; slough@steakoutuk.com,venue website,openstreetmap,1,+44 20 8861 2221,358 Station Road,HA1 2DE,https://www.openstreetmap.org/node/1490039247
thewhitehorseharrow@gmail.com,The White Horse,Harrow,South Harrow,Pub,https://www.whitehorseharrow.co.uk/,,openstreetmap,openstreetmap,1,+44 20 8422 1215,50 Middle Road,HA2 0HL,https://www.openstreetmap.org/way/223186830
tonitoitalian@facebook.com,Tonito Italian,Harrow,Hatch End,Italian,,,openstreetmap,openstreetmap,1,+44 20 8421 6577,435 Uxbridge Road,HA5 4JR,https://www.openstreetmap.org/way/609888864
hello@tunnel-lounge.com,Tunnel Lounge by Flare,Harrow,Harrow,Burger; Halal; Pizza,https://www.tunnel-lounge.com/,,openstreetmap,openstreetmap,1,+44 208 427 2707,273 Pinner Road,HA1 4HF,https://www.openstreetmap.org/node/13650089538
zanzibaredgware@aol.com,Zan Zi Bar,Harrow,Queensbury,Indian,http://www.zanzibarrestaurant.co.uk/,,openstreetmap,openstreetmap,1,+44 20 8952 2986,113 High Street,HA8 7DB,https://www.openstreetmap.org/way/537479727
upminsterbar@brewdog.com,BrewDog,Havering,Upminster,Pub,https://drink.brewdog.com/uk/upminster,,venue website,openstreetmap,1,,18 Station Road,RM14 2UB,https://www.openstreetmap.org/way/318026136
cafe108hornchurch@outlook.com,Cafe 108,Havering,Ardleigh Green,Cafe,https://cafe108.co.uk,,venue website,openstreetmap,1,+447388585108,108 Ardleigh Green Road,RM11 2SH,https://www.openstreetmap.org/way/1319020186
info@desi-eats.co.uk,Desi Eats,Havering,Rainham,Burger; Indian,https://www.desi-eats.co.uk/,,openstreetmap,openstreetmap,1,+44 1708 520888,107 Upminster Road South,RM13 9AA,https://www.openstreetmap.org/way/846927315
manager@fumiko.co.uk,Fumiko,Havering,Hornchurch,Asian; Japanese; Sushi,https://www.fumiko.co.uk/,,openstreetmap,openstreetmap,1,+44 1708 898886,44 High Street,RM12 4UN,https://www.openstreetmap.org/node/12193160424
hopinnmicropub@gmail.com,Hop Inn Micropub,Havering,Hornchurch,Pub,https://hopinnhornchurch.co.uk/,team@hopinnhornchurch.com,openstreetmap,openstreetmap,1,,122 North Street,RM11 1SU,https://www.openstreetmap.org/way/1298834057
romford@seriousnugs.com,NUGS,Havering,Romford,Takeaway,https://www.seriousnugs.com/,hello@seriousnugs.com,openstreetmap,openstreetmap,1,+44 7108 734217,72-74 South Street,RM1 1RX,https://www.openstreetmap.org/node/12654013401
info@onyxhornchurch.com,Onyx,Havering,Hornchurch,Italian,https://www.onyxrestaurantandbar.com/,,openstreetmap,openstreetmap,1,+44 1708 440438;+44 1708 443560,48 - 50 Station Lane,RM12 6NB,https://www.openstreetmap.org/way/791022446
info@shellysbar.co.uk,Shelly's Restaurant Bar,Havering,Hornchurch,Restaurant,http://shellysbar.co.uk/,,openstreetmap,openstreetmap,1,+44 1708 960472,75 Station Lane,RM12 6NA,https://www.openstreetmap.org/way/790450289
info@sortiegrillandbar.com,Sortie Grill & Bar,Havering,Hornchurch,Restaurant,https://www.sortiegrillandbar.com/,,venue website,openstreetmap,1,+44 1708 479400,40 - 44 Station Lane,RM12 6NB,https://www.openstreetmap.org/way/791022445
tea_island@hotmail.com,Tea Island,Havering,Hornchurch,Cafe,https://teaisland.co.uk/,,venue website,openstreetmap,1,,168 High Street,RM12 6AF,https://www.openstreetmap.org/node/3369981170
info@thecranleighhornchurch.co.uk,The Cranleigh,Havering,Hornchurch,Restaurant,https://thecranleighhornchurch.com/,,openstreetmap,openstreetmap,1,+44 1708 443 229,84 Station Lane,RM12 6LX,https://www.openstreetmap.org/way/790163990
7090@greeneking.co.uk,The Golden Lion,Havering,Romford,Pub,https://www.greeneking-pubs.co.uk/pubs/essex/golden-lion/,,venue website,openstreetmap,1,,2 High Street,RM1 1HR,https://www.openstreetmap.org/node/5382875197
hello@tilawlondon.com,Tilaw,Havering,Romford,Asian,https://www.tilawlondon.com/,,venue website,openstreetmap,1,,Quadrant Arcade,RM1 3ED,https://www.openstreetmap.org/node/13205162930
bubbleslondon.northwood@gmail.com,Bubbles,Hillingdon,Northwood,Ice cream,,,openstreetmap,openstreetmap,1,+44 7939 389797,53 Green Lane,HA6 3AE,https://www.openstreetmap.org/way/1179985791
info@cakehousebakery.com,Cake House Bakery,Hillingdon,Yiewsley,Bakery,https://www.cakehousebakery.com/,,venue website,openstreetmap,1,+44 20 3649 5070,26 High Street,UB7 7DP,https://www.openstreetmap.org/node/8379346071
info@cintias.cafe,cinitas cafe,Hillingdon,Sipson,Breakfast,https://www.cintias.cafe/,,venue website,openstreetmap,1,+44 20 8001 1322,Holloway Lane,UB7 0AE,https://www.openstreetmap.org/way/968229584
uxbridge@creamscafe.com,Creams,Hillingdon,Uxbridge,Ice cream,https://www.creamscafe.com/our-stores/uxbridge/,,venue website,openstreetmap,1,,61 Belmont Road,UB8 1QT,https://www.openstreetmap.org/node/6110818404
granero@thelounges.co.uk,Granero Lounge,Hillingdon,Ruislip,Restaurant,https://thelounges.co.uk/granero,,venue website,openstreetmap,1,,81-83 High Street,HA4 8JB,https://www.openstreetmap.org/node/13907190773
sudrise6@gmail.com,Hot House Pizza,Hillingdon,Northwood,Pizza,https://hothousenorthwood.co.uk/,'sudrise6@gmail.com,venue website,openstreetmap,1,+44 1923 510520,91 Joel Street,HA6 1LW,https://www.openstreetmap.org/node/13409475027
info@thekarmalounge.co.uk,Karma Lounge,Hillingdon,Cowley,Restaurant,https://thekarmalounge.co.uk/,,venue website,openstreetmap,1,,,,https://www.openstreetmap.org/node/26603928
morello@thelounges.co.uk,Morello Lounge,Hillingdon,Uxbridge,Restaurant,https://thelounges.co.uk/morello,,venue website,openstreetmap,1,,1-4 High Street,UB8 1BP,https://www.openstreetmap.org/node/12593552662
hello@mythaifood.co.uk,My Thai,Hillingdon,Northwood,Asian,https://www.mythaifood.co.uk/,,openstreetmap,openstreetmap,1,+44 1923 823721,,,https://www.openstreetmap.org/node/13410539143
info@namastelounge.com,Namaste Lounge,Hillingdon,Northwood,Indian,https://www.namastelounge.com/,,openstreetmap,openstreetmap,1,+44 1923 840157,66 Joel Street,HA6 1LL,https://www.openstreetmap.org/way/824613041
info@palacetandoori.co.uk,Palace Tandoori,Hillingdon,West Drayton,Indian,https://www.palacetandoori.co.uk/,,venue website,openstreetmap,1,+44 1895 431206,113 Station Road,UB7 7LT,https://www.openstreetmap.org/node/3260845561
7121@greeneking.co.uk,Queen's Head,Hillingdon,Uxbridge,Pub,https://www.greeneking-pubs.co.uk/pubs/middlesex/queens-head/,,venue website,openstreetmap,1,+44 1895 258750,54 Windsor Street,UB8 1AB,https://www.openstreetmap.org/node/26979398
hello@raavispice.com,Ravvi Spice,Hillingdon,Yiewsley,Halal; Indian,https://raavispice.com/,,venue website,openstreetmap,1,+44 1895 528170,39 Station Road,UB7 7LN,https://www.openstreetmap.org/node/11171527367
info@sipsontandoori.com,Sipson Tandoori,Hillingdon,West Drayton,Indian,https://sipsontandoori.com/,,venue website,openstreetmap,1,+44 1895 435515,"5,9 Harmondsworth Road",UB7 9JJ,https://www.openstreetmap.org/node/3257229308
the3stepsph@gmail.com,The 3 Steps,Hillingdon,Cowley,Pub,https://www.thethreesteps.co.uk/,,venue website,openstreetmap,1,,High Street,UB8 2DX,https://www.openstreetmap.org/way/974404015
caseisaltered@mcmanuspub.co.uk,The Case Is Altered,Hillingdon,Eastcote,Pub,https://caseisalteredpinner.co.uk/,,openstreetmap,openstreetmap,1,+44 20 8866 0476,High Road Eastcote,HA5 2EW,https://www.openstreetmap.org/node/2407449923
m1533@greeneking.co.uk,The Fig Tree,Hillingdon,Uxbridge,Pub,https://www.greeneking-pubs.co.uk/pubs/middlesex/fig-tree/,,venue website,openstreetmap,1,+44 1895 257932,49 Windsor Street,UB8 1AB,https://www.openstreetmap.org/node/26979400
theloftuxbridgepub@gmail.com,The Loft,Hillingdon,Cowley,Pub,https://www.theloftuxbridge.com/,,venue website,openstreetmap,1,+44 1895 753179,33 Villier Street,UB8 2PU,https://www.openstreetmap.org/node/26603473
enquiries@stockleypark.co.uk,The Set @ The Squareabout,Hillingdon,Hayes,Breakfast,https://stockleypark.co.uk/the-set-the-squareabout/,,venue website,openstreetmap,1,,,UB11 1HU,https://www.openstreetmap.org/way/1173718614
whitebear.ruislip@whitebrasserie.com,The White Bear,Hillingdon,Ruislip,French,https://whitebearruislip.com,,openstreetmap,openstreetmap,1,+44 1895 679770,Ickenham Road,HA4 7DF,https://www.openstreetmap.org/way/1064875699
whitehart.harlington@outlook.com,"The White Hart, Harlington",Hillingdon,Harlington,Pub,https://www.whitehartharlington.co.uk/,,venue website,openstreetmap,1,,,,https://www.openstreetmap.org/way/679552974
hello@arens.uk,The Woodman,Hillingdon,Eastcote,Steak,https://arensbar.co.uk/,,venue website,openstreetmap,1,+44 20 8868 3092,Joel Street,HA5 2PR,https://www.openstreetmap.org/node/5375552656
info@virundhurestaurant.com,Virundhu,Hillingdon,Eastcote,Restaurant,https://virundhurestaurant.com/,,venue website,openstreetmap,1,+44 20 8866 7500,113 Field End Road,HA5 1QG,https://www.openstreetmap.org/node/1319497249
info@the-watersedge.co.uk,Waters Edge,Hillingdon,Cowley,Pub,https://the-watersedge.co.uk/,,venue website,openstreetmap,1,,Packet Boat Lane,UB8 2JS,https://www.openstreetmap.org/node/1431338523
bookings@yosushi.com,YO! Sushi,Hillingdon,Sipson,Asian; Sushi,https://yosushi.com/restaurants/heathrow-t3,,venue website,openstreetmap,4,,,,https://www.openstreetmap.org/way/394223392
info@ahaadosa.co.uk,Ahaa Dosa,Hounslow,Hounslow,Indian,https://www.ahaadosa.co.uk/,,venue website,openstreetmap,1,+44 20 8572 4413,68 Staines Road,TW3 3LF,https://www.openstreetmap.org/way/1039080280
arcane@arcane.london,Arcane,Hounslow,Chiswick,Cafe,https://www.arcane.london/,,openstreetmap,openstreetmap,1,,42 Devonshire Road,,https://www.openstreetmap.org/way/207885723
hello@ballucci.co.uk,Ballucci,Hounslow,Isleworth,Cafe,https://ballucci.co.uk,,venue website,openstreetmap,2,,479 London Road,TW7 4BX,https://www.openstreetmap.org/node/8293437164
orders@cakeglory.com,Cake Glory,Hounslow,Feltham,Bakery,https://cakeglory.com,,venue website,openstreetmap,1,+44 7710 547740,102a High Street,TW13 4EX,https://www.openstreetmap.org/node/7039092710
hoot@cakeowls.com,Cake Owls,Hounslow,Feltham,Bakery,https://cakeowls.com/,,venue website,openstreetmap,1,,High Street,TW13 4BS,https://www.openstreetmap.org/node/7040994628
hello@chief-coffee.com,Chief Coffee,Hounslow,Chiswick,Breakfast,https://chief-coffee.com,,venue website,openstreetmap,1,,4 Turnham Green Terrace Mews,W4 1QU,https://www.openstreetmap.org/node/9197370420
admin@connollysofchiswick.com,Connolly's Bar,Hounslow,Chiswick,Pub,https://www.connollysofchiswick.com/,,openstreetmap,openstreetmap,1,+44 20 8994 3980,450 Chiswick High Road,W4 5TT,https://www.openstreetmap.org/way/205562545
hounslow@creamscafe.com,Creams,Hounslow,Hounslow,Ice cream,https://www.creamscafe.com/our-stores/hounslow/,,openstreetmap,openstreetmap,1,+44 20 8577 9866,7 High Street,TW3 1RH,https://www.openstreetmap.org/node/9176885568
info@dgrandetexmex.com,D Grande,Hounslow,Chiswick,Mexican,https://dgrandetexmex.com/,,openstreetmap,openstreetmap,1,+44 20 3667 7257,132 Chiswick High Road,W4 1PU,https://www.openstreetmap.org/node/8514475804
info@dayfreshuk.com,DayFresh,Hounslow,Grove Park,Cafe,https://www.dayfreshuk.com/,catering@dayfreshuk.com,venue website,openstreetmap,1,,395 Chiswick High Road,W4 4AR,https://www.openstreetmap.org/node/13982941022
info@desifusionfood.co.uk,Desi Fusion Food,Hounslow,Hanworth,Restaurant,,,openstreetmap,openstreetmap,1,+44 20 8894 7966,,,https://www.openstreetmap.org/node/13336395275
dragonsperiperiuk@gmail.com,Dragons Peri Peri,Hounslow,Hounslow,Burger,https://www.dragonsperiperi.co.uk/,,venue website,openstreetmap,1,,173 Staines Road,TW3 3LL,https://www.openstreetmap.org/way/1134968122
info@everestspicelounge.co.uk,Everest Spice Lounge,Hounslow,Feltham,Indian,https://everestspicelounge.co.uk/,,venue website,openstreetmap,1,+44 20 4618 9952,Hanworth Road,TW13 5AX,https://www.openstreetmap.org/way/190469281
info@featherandheart.com,Feather & Heart,Hounslow,Brentford,Cafe,https://featherandheart.com/,,venue website,openstreetmap,1,+44 20 8568 8173,4 Brentford Lock,,https://www.openstreetmap.org/node/10687837316
georgeanddevonshire@gmail.com,George and Devonshire,Hounslow,Chiswick,Pub,https://www.georgeanddevonshire.co.uk/,,openstreetmap,openstreetmap,1,+44 20 8742 7342,8 Burlington Lane,W4 2QE,https://www.openstreetmap.org/way/1381522782
info@groveparkdeli.com,Grove Park Deli,Hounslow,Grove Park,Deli,https://groveparkdeli.com,,venue website,openstreetmap,1,+44 20 8995 8219,22 Fauconberg Road,,https://www.openstreetmap.org/node/702964697
info@lilnashville.co.uk,Lil' Nashville,Hounslow,Chiswick,Burger,https://www.lilnashville.co.uk/,london@lilnashville.co.uk; bristol@lilnashville.co.uk,openstreetmap,openstreetmap,1,+44 20 4619 8285,11 Barley Mow Passage,W4 4PH,https://www.openstreetmap.org/node/249573138
chiswick@littlebirdrestaurants.com,Little Bird,Hounslow,Grove Park,Restaurant,https://littlebirdrestaurants.com/,,venue website,openstreetmap,1,,,,https://www.openstreetmap.org/node/11355881804
hello@nillebanese.co.uk,Nil Lebanese,Hounslow,Grove Park,Cafe,https://www.nillebanese.co.uk/,,venue website,openstreetmap,1,,405 Chiswick High Road,W4 4AR,https://www.openstreetmap.org/node/13982941020
reservations@no197chiswickfirestation.co.uk,No 197 Chiswick Fire Station,Hounslow,Chiswick,Restaurant,https://www.no197chiswickfirestation.co.uk/,,venue website,openstreetmap,1,,197-199 Chiswick High Road,,https://www.openstreetmap.org/way/205748412
info@oodles-noodlesldn.co.uk,Oodles n’Oodles,Hounslow,Feltham,Restaurant,https://www.oodles-noodlesldn.co.uk/,,venue website,openstreetmap,1,,Air Park Way,TW13 7LX,https://www.openstreetmap.org/way/23404432
thequeensheadcr@gmail.com,Queen's Head,Hounslow,Cranford,Pub,https://www.queens-head-cranford.co.uk/,,venue website,openstreetmap,1,,123 High Street,TW5 9PB,https://www.openstreetmap.org/way/630896789
333raaga@gmail.com,Raaga,Hounslow,Hatton,Indian,https://raaga.uk,,venue website,openstreetmap,1,,333 Staines Road,TW14 9HF,https://www.openstreetmap.org/node/14054773137
contact@rockysfastfood.co.uk,Rockys,Hounslow,Cranford,Burger,https://rockysfastfood.co.uk/,,venue website,openstreetmap,1,,768A Bath Road,TW5 9TY,https://www.openstreetmap.org/node/1719484027
info@roseandcrownheston.co.uk,Rose and Crown,Hounslow,Heston,Pub,https://www.roseandcrownheston.co.uk/index,,venue website,openstreetmap,1,,220 Heston Road,TW5 0RH,https://www.openstreetmap.org/relation/17299869
hello@samswaterside.co.uk,Sam's Waterside,Hounslow,Brentford,Restaurant,https://www.samswaterside.co.uk,,openstreetmap,openstreetmap,1,+44 20 8150 1020,3 Kingham Avenue,,https://www.openstreetmap.org/node/12066174044
6bellsbrentford2022@gmail.com,Six Bells,Hounslow,Brentford,Pub,https://www.six-bells-brentford.co.uk/,,openstreetmap,openstreetmap,1,+44 208 560 0572,148 High Street,TW8 8EW,https://www.openstreetmap.org/way/1218469992
chanelle@thehogarth.co.uk,The Airedale Cafe and Bar,Hounslow,Chiswick,Cafe,https://www.thehogarth.co.uk/airedale,,venue website,openstreetmap,1,,,,https://www.openstreetmap.org/node/10607905498
james.carey3@gmail.com,The Beehive,Hounslow,Brentford,Pub,https://www.beehivebrentford.co.uk/,,openstreetmap,openstreetmap,1,+44 20 8560 2215,227 High Street,TW8 0JG,https://www.openstreetmap.org/way/175632029
info@thebellonthegreen.com,The Bell on the Green,Hounslow,Feltham,Pub,https://thebellonthegreen.com/,bellus@thebellonthegreen.com,venue website,openstreetmap,1,+44 20 8751 1599,661 Staines Road,TW14 8PA,https://www.openstreetmap.org/node/6374297856
info@brewery-tap.co.uk,The Brewery Tap,Hounslow,Brentford,Pub,https://www.brewery-tap.co.uk/,,openstreetmap,openstreetmap,1,+44 208 568 6006,Catherine Wheel Road,TW8 8BD,https://www.openstreetmap.org/way/899331123
info@citybargechiswick.com,The City Barge,Hounslow,Grove Park,Pub,https://www.citybargechiswick.com/,,venue website,openstreetmap,1,,Strand-on-The-Green,W4 3PH,https://www.openstreetmap.org/way/909926391
hello@crownandanchorchiswick.com,The Crown and Anchor,Hounslow,Chiswick,Burger; Pub; Seafood,https://www.crownandanchorchiswick.com/,,openstreetmap,openstreetmap,1,+44 20 8995 2607,374 Chiswick High Road,W4 5TA,https://www.openstreetmap.org/way/205143238
boothroyd03@hotmail.com,The Duck and Ball,Hounslow,Grove Park,Pub,https://www.chiswickcc.org/clients/,,venue website,openstreetmap,1,,Riverside Drive,W4 2SP,https://www.openstreetmap.org/way/948427610
clairepeleschka@yahoo.co.uk,The Griffin,Hounslow,Brentford,Pub,https://www.griffinbrentford.co.uk/,,venue website,openstreetmap,1,,,,https://www.openstreetmap.org/node/257807923
info@hotplatebuffet.com,The Grill at Park Grand London Heathrow,Hounslow,Heston,Restaurant,https://www.hotplatebuffet.com/,bookings@hotplatebuffet.com,openstreetmap,openstreetmap,1,+44 20 8570 7577,449 Great West Road,TW5 0BU,https://www.openstreetmap.org/node/8758089949
hello@thelordnelsonbrentford.co.uk,The Lord Nelson,Hounslow,Brentford,Pub,https://www.thelordnelsonbrentford.co.uk/,,venue website,openstreetmap,1,+44 20 8568 1877,9-11 Enfield Road,TW8 9NY,https://www.openstreetmap.org/way/378650642
info@brunningandprice.co.uk,The Roebuck,Hounslow,Chiswick,Pub,https://www.brunningandprice.co.uk/roebuck/,,venue website,openstreetmap,2,+44 20 3978 2162,122 Chiswick High Road,W4 1PU,https://www.openstreetmap.org/node/262702979
jay@myhounslow.co.uk,Toca do Coelho,Hounslow,Cranford,Cafe,https://myhounslow.co.uk/business/toca-do-coelho/,,venue website,openstreetmap,1,,,,https://www.openstreetmap.org/way/277827637
reservations@villadigeggiano.co.uk,Villa di Geggiano,Hounslow,Chiswick,Italian,https://villadigeggiano.co.uk/,,venue website,openstreetmap,1,+44 20 3384 9442,66-68 Chiswick High Road,W4 1SY,https://www.openstreetmap.org/node/12430722008
enquiries@watermans-arms.co.uk,Watermans Arms,Hounslow,Brentford,Pub,https://watermans-arms.co.uk,,venue website,openstreetmap,1,,,,https://www.openstreetmap.org/way/294766476
info@aviarylondon.com,"Aviary, Bar and Rooftop Restaurant",Islington,Finsbury,Restaurant,https://aviarylondon.com/,,openstreetmap,openstreetmap,1,+44 20 3873 4060,Finsbury Square,EC2A 1DX,https://www.openstreetmap.org/node/4934970023
islington@bananatree.co.uk,Banana Tree,Islington,Angel,Asian,https://bananatree.co.uk/restaurants/islington/,bath@bananatree.co.uk; battersea@bananatree.co.uk; birminghambullring@bananatree.co.uk; cardiff@bananatree.co.uk; chelmsford@bananatree.co.uk; coventgarden@bananatree.co.uk; greenwich@bananatree.co.uk; haywardsheath@bananatree.co.uk; henley@bananatree.co.uk; maidavale@bananatree.co.uk; miltonkeynes@bananatree.co.uk; theo2@bananatree.co.uk; oxford@bananatree.co.uk; portsmouth@bananatree.co.uk; salford@bananatree.co.uk; soho@bananatree.co.uk; stevenage@bananatree.co.uk; westhampstead@bananatree.co.uk; windsor@bananatree.co.uk,venue website,openstreetmap,1,,412-416 St. John Street,EC1V 4NJ,https://www.openstreetmap.org/way/163379401
reservations@berberandq.com,Berber & Q Shawarma Bar,Islington,Clerkenwell,Restaurant,https://www.berberandq.com/,events@berberandq.com,openstreetmap,openstreetmap,1,+44 20 7923 0829,46 Exmouth Market,EC1R 4QE,https://www.openstreetmap.org/way/99813674
bookings@thebetsey.com,Betsey Trotwood,Islington,Clerkenwell,Pub,https://www.thebetsey.com,sadowitzinfo@gmail.com,openstreetmap,openstreetmap,1,+44 20 7253 4285,56 Farringdon Road,EC1R 3BL,https://www.openstreetmap.org/way/42527973
biryaniguys@outlook.com,Biryani guys,Islington,St Luke's,Indian,https://biryaniguys.co.uk/,,venue website,openstreetmap,2,+44 7355 091702,42 Old Street,EC1V 9AE,https://www.openstreetmap.org/node/12784834301
foodandbar@boldcafe.co.uk,Bold Food & Bar,Islington,Archway,Pizza,https://www.thehouselondon.co.uk/,,openstreetmap,openstreetmap,1,+447585 957 145,126 Dartmouth Park Hill,N19 5HS,https://www.openstreetmap.org/node/25744422
contact@breadandbeancoffeeshop.co.uk,Bread and Bean,Islington,Archway,Cafe,https://www.breadandbeancoffeeshop.co.uk/,,venue website,openstreetmap,1,+44 20 7272 1712,37;37A Junction Road,N19 5QU,https://www.openstreetmap.org/way/70609398
clerkenwell@breddostacos.com,Breddos,Islington,Farringdon,Mexican,,,openstreetmap,openstreetmap,1,+44 20 3535 8301,82 Goswell Road,EC1V 7DB,https://www.openstreetmap.org/node/593364313
hello@cadetlondon.com,Cadet,Islington,Highbury,Bar,https://www.cadetlondon.com/,,venue website,openstreetmap,1,,,,https://www.openstreetmap.org/way/474840743
farringdon@camino.uk.com,Camino,Islington,Farringdon,Spanish,https://camino.uk.com/,,openstreetmap,openstreetmap,1,+44 20 7148 1285,89 Turnmill Street,EC1M 5QU,https://www.openstreetmap.org/way/503225504
reservations@caravanrestaurants.co.uk,Caravan,Islington,Clerkenwell,Restaurant,https://www.caravanrestaurants.co.uk/,,openstreetmap,openstreetmap,3,+44 20 7833 8115,11-13 Exmouth Market,EC1R 4QD,https://www.openstreetmap.org/node/2142620341
chick@cookiesandscream.com,Cookies and Scream,Islington,Highbury,Bakery,http://www.cookiesandscream.com/,,openstreetmap,openstreetmap,1,,130 Holloway Road,,https://www.openstreetmap.org/way/32257854
info@crudough.com,Crudough,Islington,Archway,Italian; Pizza,https://crudough.com,,venue website,openstreetmap,1,+44 20 7272 1672,10 Navigator Square,N19 3TD,https://www.openstreetmap.org/node/4959104821
booking@daffodilmulligan.com,Daffodil Mulligan,Islington,Finsbury,Restaurant,https://www.daffodilmulligan.com/,,venue website,openstreetmap,1,+44 20 7404 3000,70-74 City Road,EC1Y 2AS,https://www.openstreetmap.org/node/9678562673
info@damealiceowen.com,Dame Alice Owen,Islington,Clerkenwell,Pub,https://www.damealiceowen.com/,,venue website,openstreetmap,1,,292-294 St. John Street,EC1V 4PA,https://www.openstreetmap.org/way/146543172
duke@dukeorganic.co.uk,Duke of Cambridge,Islington,Islington,Pub,https://dukeorganic.co.uk/,events@dukeorganic.co.uk,openstreetmap,openstreetmap,1,+44 20 7359 3066,30 St. Peter's Street,N1 8JT,https://www.openstreetmap.org/node/375848733
info@duncanterrace.co.uk,Duncan Terrace Cafe,Islington,Angel,Cafe,https://www.duncanterrace.co.uk/,,venue website,openstreetmap,1,,391 City Road,EC1V 1NE,https://www.openstreetmap.org/node/621771171
earl@earlofessex.net,Earl of Essex,Islington,Angel,Pub,https://www.earlofessex.net/,,openstreetmap,openstreetmap,1,+44 20 7424 5828,25 Danbury Street,N1 8LE,https://www.openstreetmap.org/way/1275812271
info@exmoutharms.com,Exmouth Arms,Islington,Clerkenwell,Pub,https://www.exmoutharms.com/,,openstreetmap,openstreetmap,1,+44 20 3551 4772,23 Exmouth Market,EC1R 4QL,https://www.openstreetmap.org/way/99379732
reservations@faranglondon.co.uk,Farang,Islington,Finsbury Park,Asian,https://faranglondon.co.uk/,,venue website,openstreetmap,1,+44 20 7226 1609,72 Highbury Park,,https://www.openstreetmap.org/node/8443231437
hello@farelondon.com,FARE,Islington,Farringdon,Restaurant,https://www.farelondon.com/,,venue website,openstreetmap,1,+44 20 3034 0736,11 Old Street,EC1V 9HL,https://www.openstreetmap.org/node/3985644391
finchs@youngs.co.uk,Finch's,Islington,Finsbury,Pub,https://www.finchspub.co.uk/,,openstreetmap,openstreetmap,1,+44 20 7588 3311,12a Finsbury Square,EC2A 1AN,https://www.openstreetmap.org/way/629300448
info@firin.co.uk,Firin,Islington,Barnsbury,Restaurant,https://firin.co.uk/,,venue website,openstreetmap,1,+442078335076,140 York Way,N1 0AX,https://www.openstreetmap.org/way/43312351
reservations@fishcentral.co.uk,Fish Central,Islington,St Luke's,Seafood,https://www.fishcentral.co.uk/,,venue website,openstreetmap,1,,149-155 Central Street,,https://www.openstreetmap.org/node/462008326
events@flightclubdarts.com,Flight Club,Islington,Angel,Bar,https://flightclubdarts.com/location-islington,,venue website,openstreetmap,2,,56 Upper Street,N1 0NY,https://www.openstreetmap.org/node/3206271866
info@framefinsbury.co.uk,Frame Cafe & Bar,Islington,Finsbury Park,Cafe,https://framefinsbury.co.uk/,,venue website,openstreetmap,1,,7 Clifton Terrace,N4 3JP,https://www.openstreetmap.org/node/4005692200
andreea@fredericks.co.uk,Frederick's,Islington,Angel,Restaurant,https://www.fredericks.co.uk,dine@fredericks.co.uk,venue website,openstreetmap,1,+44 20 7359 2888,106 Islington High Street,N1 8EG,https://www.openstreetmap.org/node/336108148
enquiries@thegreatchase.co.uk,Great Chase,Islington,Angel,Restaurant,https://www.thegreatchase.co.uk/,,venue website,openstreetmap,1,,316 St. John Street,,https://www.openstreetmap.org/way/119442516
info@theethiopiancoffeecompany.co.uk,Ground Control,Islington,Angel,Cafe,https://www.theethiopiancoffeecompany.co.uk,,venue website,openstreetmap,1,,61 Amwell Street,EC1R 1UR,https://www.openstreetmap.org/node/1343966881
-enathamer2011@yahoo.com,Hamer Ethiopia Restaurant,Islington,Finsbury Park,Restaurant,,,openstreetmap,openstreetmap,1,+44 20 7226 8114; +44 7852 154983,1B-1C Rock Street,N4 2DN,https://www.openstreetmap.org/node/13888891801
enquiries@hemingfordarms.com,Hemingford Arms,Islington,Barnsbury,Pub,https://www.hemingfordarms.com/,,venue website,openstreetmap,1,+44 20 7607 3303,158 Hemingford Road,N1 1DF,https://www.openstreetmap.org/node/291981188
team@hollowaymodelbakery.co.uk,Holloway Model Bakery,Islington,Holloway,Bakery,https://www.instagram.com/hollowaymodelbakery,,openstreetmap,openstreetmap,1,+447751 057215,66 Georges Road,N7 8HX,https://www.openstreetmap.org/node/12214193201
info@holycowonline.com,Holy Cow,Islington,Archway,Indian,http://holycowonline.com,,openstreetmap,openstreetmap,2,+44 20 7263 7007,87 Junction Road,N19 5QU,https://www.openstreetmap.org/way/70609441
hotwokkitchen@gmail.com,Hot Wok Kitchen,Islington,Archway,Asian; Chinese,https://www.hotwokkitchen.com/,,openstreetmap,openstreetmap,1,+44 20 3441 1030,663 Holloway Road,,https://www.openstreetmap.org/node/4856368565
hoxleyporter@gmail.com,Hoxley & Porter,Islington,Islington,Bar,https://hoxleyandporter.com/,,venue website,openstreetmap,1,,153 Upper Street,N1 1RA,https://www.openstreetmap.org/node/299615545
info@humblegrape.co.uk,Humble Grape,Islington,Islington,Italian,https://www.humblegrape.co.uk/wine-bar/islington/,islington@humblegrape.co.uk,venue website,openstreetmap,1,+44 20 7226 9400,13 Therburton street,,https://www.openstreetmap.org/node/667461790
jamdelish@outlook.com,Jam Delish,Islington,Angel,Restaurant,https://jamdelish.co.uk/,,venue website,openstreetmap,1,,1 Tolpuddle Street,N1 0XT,https://www.openstreetmap.org/way/32135829
office@jolenebakery.com,Jolene,Islington,Canonbury,Restaurant,https://jolenen16.com/,goods@jolenebakery.com; frontofhouse@jolenebakery.com; chefs@jolenebakery.com; bakers@jolenebakery.com; backofhouse@jolenebakery.com; press@jolenebakery.com,venue website,openstreetmap,4,,,,https://www.openstreetmap.org/node/8265131010
contact@katsumajapanese.co.uk,Katsuma,Islington,Farringdon,Asian; Japanese,https://www.katsumajapanese.co.uk/,,venue website,openstreetmap,1,,30C Great Sutton Street,,https://www.openstreetmap.org/way/149070190
info@kilis.co.uk,Kilis,Islington,Islington,Restaurant,https://www.kilis.co.uk/,,venue website,openstreetmap,1,,4 Theberton Street,N1 0QX,https://www.openstreetmap.org/node/331534430
boxoffice@kingsheadtheatre.com,King's Head,Islington,Islington,Pub,https://kingsheadtheatre.com/,,venue website,openstreetmap,1,,115 Upper Street,N1 1QN,https://www.openstreetmap.org/node/299308588
shop@kipferl.co.uk,Kipferl Cafe & Kitchen,Islington,Angel,Cafe,https://kipferl.co.uk/,,venue website,openstreetmap,1,,20 Camden Passage,N1 8ED,https://www.openstreetmap.org/node/4122122489
info@kbbqhouse.co.uk,Korean BBQ House,Islington,Finsbury,Asian; BBQ; Halal; Korean,https://www.kbbqhouse.co.uk,,openstreetmap,openstreetmap,1,+44 20 7256 5179,107 Whitecross Street,EC1Y 8JD,https://www.openstreetmap.org/way/60266220
info@lafarolacafe.co.uk,La Farola,Islington,Islington,Spanish,https://lafarolacafe.co.uk/,,venue website,openstreetmap,1,+44 20 7359 7707,101 Upper Street,N1 1QN,https://www.openstreetmap.org/node/348357924
lasaporita.ltd@hotmail.com,La Saporita,Islington,Finsbury Park,Italian,https://www.lasaporita.uk/,,venue website,openstreetmap,1,+44 20 7272 5040,174 Tollington Park,,https://www.openstreetmap.org/way/264032015
info@landoffirerestaurant.com,Land of Fire,Islington,Pentonville,Takeaway,https://landoffirerestaurant.com/,,openstreetmap,openstreetmap,1,+44 7388 777597,95 Caledonian Road,N1 9BT,https://www.openstreetmap.org/way/351965825
info@longarmpub.co.uk,Long Arm Pub & Brewery,Islington,Finsbury,American; Pub,http://longarmpub.com/,,openstreetmap,openstreetmap,1,,20-26 Worship Street,EC2A 2DX,https://www.openstreetmap.org/node/4969009472
booking@myboleh.co.uk,Malaysia Boleh,Islington,Farringdon,Asian,https://www.myboleh.co.uk/,info@myboleh.co.uk,openstreetmap,openstreetmap,1,,12-14 St. John Street,EC1M 4AY,https://www.openstreetmap.org/way/116508956
outhereonthedancefloor@maxssandwichshop.com,Max's Sandwhich Shop,Islington,Finsbury Park,Deli,https://maxssandwichshop.com/,screweggandcress@maxssandwichshop.com,venue website,openstreetmap,1,+44 20 7263 8759,19 Crouch Hill,N4 4AP,https://www.openstreetmap.org/node/3648083067
info@mayvn.co.uk,Mayvn Cafe,Islington,Angel,Bakery; Breakfast; Deli,https://www.mayvn.co.uk/,,venue website,openstreetmap,1,,4 Pentonville Road,N1 9HF,https://www.openstreetmap.org/node/13698295100
info@mesiskitchen.com,Mesi's Kitchen,Islington,Holloway,Restaurant,https://www.mesiskitchen.com,,venue website,openstreetmap,1,+44 20 7018 2640,128 Holloway Road,N7 8JE,https://www.openstreetmap.org/way/32257855
exmouth@mikkeller.com,Mikkeller Brewpub London,Islington,Clerkenwell,Pub,https://mikkeller.com/locations/mikkeller-brewpub-london,,venue website,openstreetmap,1,,37-39 Exmouth Market,EC1R 4QL,https://www.openstreetmap.org/way/99379796
info@monohonramen.com,Monohon Ramen,Islington,St Luke's,Asian; Japanese,http://monohonramen.com,,openstreetmap,openstreetmap,1,,102 Old Street,,https://www.openstreetmap.org/node/8048876077
info@morchelladining.co.uk,Morchella,Islington,Clerkenwell,Restaurant,https://www.morchelladining.co.uk/bookings,,venue website,openstreetmap,1,+44 20 7916 0492,Rosebery Avenue,EC1R 4QY,https://www.openstreetmap.org/node/452445966
info@morito.co.uk,Morito,Islington,Clerkenwell,Restaurant,https://www.morito.co.uk,,venue website,openstreetmap,1,+44 20 7833 8336,32 Exmouth Market,,https://www.openstreetmap.org/way/99813671
info@myddletonarms.com,Myddleton Arms,Islington,Canonbury,Pub,https://myddletonarms.com/,,openstreetmap,openstreetmap,1,+44 20 7226 4595,52 Canonbury Road,N1 2HS,https://www.openstreetmap.org/way/68510578
ninthward@sybariticgroup.com,Ninth Ward,Islington,Clerkenwell,Pub,https://ninthwardlondon.com,,openstreetmap,openstreetmap,1,+44 20 7833 2949,99-101 Farringdon Road,EC1R 3BN,https://www.openstreetmap.org/node/5192841322
hello@no60brasserie.co.uk,No 60 Brasserie,Islington,Highbury,French,https://no60brasserie.co.uk/,,openstreetmap,openstreetmap,1,+44 20 7288 1235,60 Newington Green,N16 9PX,https://www.openstreetmap.org/way/372598757
battersea@nocirestaurant.co.uk,Noci,Islington,Islington,Italian,https://nocirestaurant.co.uk,islington@nocirestaurant.co.uk; shoreditch@nocirestaurant.co.uk; richmond@nocirestaurant.co.uk,venue website,openstreetmap,1,,4-6 Islington Green,N1 2XA,https://www.openstreetmap.org/node/567195997
info@necco.co.uk,Nécco,Islington,Clerkenwell,Asian; Japanese,http://necco.co.uk/,,openstreetmap,openstreetmap,1,+44 20 7713 8575,52-54 Exmouth Market,EC1R 4QE,https://www.openstreetmap.org/way/99813676
office@oakandpastor.com,Oak & Pastor,Islington,Archway,Pub,https://www.facebook.com/oakandpastor,,openstreetmap,openstreetmap,1,+44 20 8616 0943,86 Junction Road,N19 5QZ,https://www.openstreetmap.org/way/76046344
oivitapizzeria@gmail.com,Oi Vita Pizzeria,Islington,Canonbury,Italian; Pizza,https://oivita.london,,openstreetmap,openstreetmap,1,+44 20 3302 8700,67 Newington Green Road,N1 4QU,https://www.openstreetmap.org/node/3761472259
info@oldfountain.co.uk,Old Fountain,Islington,St Luke's,Pub,https://oldfountain.co.uk/,,venue website,openstreetmap,1,+44 20 7253 2970,3 Baldwin Street,EC1V 9NU,https://www.openstreetmap.org/way/154856396
info@olisfishchips.co.uk,Oli's Fish and Chips,Islington,Holloway,Seafood,https://olisfishchips.co.uk/,,openstreetmap,openstreetmap,1,+44 20 7607 3887,Caledonian Road,N7 9DQ,https://www.openstreetmap.org/node/12663528001
info@olliescafelondon.com,Ollie's Cafe,Islington,Holloway,Breakfast,https://olliescafelondon.com/,,openstreetmap,openstreetmap,1,,94 Seven Sisters Road,N7 6AE,https://www.openstreetmap.org/node/1538908193
eat@omnom.com,OMNOM,Islington,Islington,Restaurant,https://omnom.com/,studio@omnom.com; birmingham@omnom.com; bm.brum@omnom.com,venue website,openstreetmap,1,,,,https://www.openstreetmap.org/node/10142424092
reception.isl@ottolenghi.co.uk,Ottolenghi,Islington,Islington,Restaurant,,,openstreetmap,openstreetmap,1,+44 20 7288 1454,287 Upper Street,N1 2TZ,https://www.openstreetmap.org/node/348310263
palmyra.res@gmail.com,Palmyra's Kitchen,Islington,Finsbury Park,Restaurant,https://palmyraskitchen.com/,,venue website,openstreetmap,1,,,,https://www.openstreetmap.org/node/9211290806
info@perilladining.co.uk,Perilla,Islington,Highbury,Restaurant,http://www.perilladining.co.uk/,,openstreetmap,openstreetmap,1,+44 20 7359 0779,1-3 Green Lanes,N16 9BT,https://www.openstreetmap.org/way/457717795
info@mypixxa.com,Pixxa,Islington,Farringdon,Pizza,https://www.mypixxa.com/,,venue website,openstreetmap,1,+44 7554 990171,8 St. John Street,EC1M 4AY,https://www.openstreetmap.org/way/116508957
exmouthmarket@pizzapilgrims.co.uk,Pizza Pilgrims,Islington,Clerkenwell,Pizza,https://www.pizzapilgrims.co.uk/,events@pizzapilgrims.co.uk; brighton@pizzapilgrims.co.uk; masterclass@pizzapilgrims.co.uk,openstreetmap,openstreetmap,1,+44 20 8069 6969,15 Exmouth Market,EC1R 4QD,https://www.openstreetmap.org/node/3783129751
al@pizzaunion.com,Pizza Union,Islington,Pentonville,Pizza,https://www.pizzaunion.com/,,venue website,openstreetmap,2,,250 Pentonville Road,N1 9JY,https://www.openstreetmap.org/node/5131751761
hello@planb.london,PLANB,Islington,Finsbury Park,Restaurant,https://planb.london/,info@planb.london,openstreetmap,openstreetmap,1,+44 20 7916 7007,38 Crouch Hill,N4 4AU,https://www.openstreetmap.org/way/264213607
manager@plaqlock.com,Plaquemine Lock,Islington,Angel,Pub,https://plaqlock.com/,tommy@plaqlock.com,venue website,openstreetmap,1,,139 Graham Street,N1 8LB,https://www.openstreetmap.org/way/67383553
info@provisionslondon.co.uk,Provisions,Islington,Holloway,Deli,https://provisionslondon.co.uk/,,venue website,openstreetmap,2,,167 Holloway Road,N7 8LX,https://www.openstreetmap.org/node/362315125
info@thequalitychophouse.com,Quality Chop House,Islington,Clerkenwell,Restaurant,https://thequalitychophouse.com/,,venue website,openstreetmap,1,+44 20 7278 1452,88-94 Farringdon Road,EC1R 3EA,https://www.openstreetmap.org/node/581005278
info@qualitywinesfarringdon.com,Quality Wines,Islington,Clerkenwell,Restaurant,https://qualitywinesfarringdon.com/,,venue website,openstreetmap,1,,,,https://www.openstreetmap.org/node/13452861401
hello@re1996.com,Re:1996,Islington,Islington,Restaurant,https://re1996.com/,,venue website,openstreetmap,1,,102 Upper Street,N1 1QP,https://www.openstreetmap.org/node/331534434
kingscross@rosasthai.com,Rosa's Thai Cafe,Islington,Pentonville,Asian,https://rosasthai.com/locations/rosas-thai-restaurant-delivery-takeaway-kingscross,,venue website,openstreetmap,1,+44 20 8024 0120,15-17 Caledonian Road,N1 9DX,https://www.openstreetmap.org/way/352696767
enquiries@rotundabarandrestaurant.co.uk,Rotunda,Islington,Pentonville,Restaurant,https://rotundabarandrestaurant.co.uk/,,venue website,openstreetmap,1,,90 York way,N1 9AG,https://www.openstreetmap.org/node/680150064
hello@saintespresso.com,Saint Espresso,Islington,Angel,Breakfast,https://www.saintespresso.com/,orders@saintespresso.com,openstreetmap,openstreetmap,1,,26 Pentonville Road,N1 9HJ,https://www.openstreetmap.org/node/4226590396
hello@salut-london.co.uk,Salut!,Islington,Canonbury,Restaurant,https://salut-london.co.uk/,,venue website,openstreetmap,1,+44 20 3441 8808,412 Essex Road,,https://www.openstreetmap.org/node/4600196489
info@sambalshiok.co.uk,Sambal Shiok Laksa Bar,Islington,Highbury,Asian,https://www.sambalshiok.co.uk/,,openstreetmap,openstreetmap,1,+44 20 7619 9888,171 Holloway Road,,https://www.openstreetmap.org/node/362315131
info@santamariapizzeria.com,Santa Maria,Islington,Canonbury,Pizza,https://www.santamariapizzeria.com/,,venue website,openstreetmap,2,,189 Upper Street,N1 1RQ,https://www.openstreetmap.org/node/331880896
info@sawyerandgray.co.uk,Sawyer & Gray,Islington,Canonbury,Cafe,https://www.sawyerandgray.co.uk/,reservations@sawyerandgray.co.uk; bookings@sawyerandgray.co.uk; hello@sawyerandgray.co.uk,openstreetmap,openstreetmap,1,,290 St Paul's Road,N1 2LH,https://www.openstreetmap.org/node/339863099
info@singertavern.com,Singer Tavern,Islington,Finsbury,Bar,https://www.singertavern.com/,events@urbanpubsandbars.com,venue website,openstreetmap,1,+44 20 3752 2680,1 City Road,EC1Y 1AG,https://www.openstreetmap.org/node/1164110889
info@smokehouseislington.co.uk,Smokehouse,Islington,Canonbury,BBQ; Steak,https://smokehouseislington.co.uk/,,openstreetmap,openstreetmap,1,+44 20 7354 1144,63-69 Canonbury Road,N1 2DG,https://www.openstreetmap.org/way/234404703
order@snoozzze.uk,Snoozzze Coffee,Islington,Farringdon,Breakfast,https://www.snoozzze.uk/,,venue website,openstreetmap,1,,91 Cowcross Street,EC1M 6BH,https://www.openstreetmap.org/node/13240802202
info@somedaysomeday.co.uk,Someday Bar & Kitchen,Islington,Finsbury Park,Bar,https://somedaysomeday.co.uk/,,venue website,openstreetmap,1,,,,https://www.openstreetmap.org/node/12552033724
hello@sourdoughsophia.co.uk,Sourdough Sophia,Islington,Islington,Bakery,https://sourdoughsophia.co.uk/,,venue website,openstreetmap,1,,119 Essex road,N1 2SN,https://www.openstreetmap.org/node/300066382
info@ssamkoreandining.co.uk,SSÄM,Islington,Holloway,Asian; Korean,https://ssamkoreandining.co.uk/,,openstreetmap,openstreetmap,1,+44 20 7700 5098,241 Holloway Road,N7 8HG,https://www.openstreetmap.org/way/152992930
reservations@stjohnrestaurant.com,St. John,Islington,Farringdon,Restaurant,https://stjohnrestaurant.com/,info@stjohnrestaurant.com,venue website,openstreetmap,2,+44 20 3301 8069,26 St. John Street,EC1M 4AY,https://www.openstreetmap.org/way/97175538
stapleton@anticlondon.com,Stapleton Tavern,Islington,Finsbury Park,Pub,https://stapletontavern.com/,,openstreetmap,openstreetmap,1,+44 20 7272 5395,2 Crouch Hill,N4 4AU,https://www.openstreetmap.org/way/182783888
summerdumplingltd@gmail.com,Summer Dumpling,Islington,Angel,Asian; Chinese,https://www.summerdumpling.com/,,venue website,openstreetmap,1,,248 St. John Street,,https://www.openstreetmap.org/node/13328314301
happysushiwa@gmail.com,Sushi Wa,Islington,Archway,Asian; Japanese; Sushi,https://sushiwa.co.uk/,,venue website,openstreetmap,1,,28-30 Highgate Hill,N19 5NL,https://www.openstreetmap.org/way/474922309
islington@suttonandsons.co.uk,Sutton and Sons,Islington,Canonbury,Seafood,http://www.suttonandsons.co.uk/,hackney@suttonandsons.co.uk; chips@suttonandsons.co.uk,openstreetmap,openstreetmap,1,+44 20 7359 1210,356 Essex Road,N1 3PD,https://www.openstreetmap.org/way/197695794
info@sweetthursday.co.uk,Sweet Thursday,Islington,Islington,Pizza,https://www.sweetthursday.co.uk/,,venue website,openstreetmap,1,,95 Southgate Road,,https://www.openstreetmap.org/way/536140334
islington@thaisq.com,Thai Square,Islington,Angel,Asian,https://thaisq.com/restaurants/islington/,admin@thaisq.com,openstreetmap,openstreetmap,1,+44 20 7704 2000,347-349 Upper Street,N1 0PD,https://www.openstreetmap.org/node/299615666
info@the-albion.co.uk,The Albion,Islington,Barnsbury,Pub,https://www.the-albion.co.uk/,reservations@the-albion.co.uk,openstreetmap,openstreetmap,1,+44 20 7607 7450,10 Thornhill Road,N1 1HW,https://www.openstreetmap.org/way/31900825
book@thealmaislington.com,The Alma,Islington,Canonbury,American; Pizza; Pub,https://thealmaislington.com,,venue website,openstreetmap,1,+44 20 7226 3531,59 Newington Green Road,N1 4QU,https://www.openstreetmap.org/way/227827311
hello@thealpaca.co.uk,The Alpaca,Islington,Islington,Pub,https://www.thealpaca.co.uk/,,venue website,openstreetmap,1,+44 20 3417 7224,84-86 Essex Road,N1 8LU,https://www.openstreetmap.org/way/68424243
raw@angelcomedy.co.uk,The Bill Murray,Islington,Islington,Pub,https://www.angelcomedy.co.uk/,,venue website,openstreetmap,1,,39 Queen's Head Street,N1 8NQ,https://www.openstreetmap.org/node/815398933
info@blackstockpub.com,The BlackStock,Islington,Finsbury Park,Pub,,,openstreetmap,openstreetmap,1,+44 20 7561 1337,284 Seven Sisters Road,N4 2HY,https://www.openstreetmap.org/node/26065903
theblueowl155@gmail.com,The Blue Owl,Islington,Finsbury Park,Cafe,https://theblueowl.cafe/,,venue website,openstreetmap,1,,155 Stroud Green Road,N4 3PZ,https://www.openstreetmap.org/node/392672517
info@bostonarms.co.uk,The Boston Arms,Islington,Tufnell Park,Pub,https://www.bostonarms.co.uk/,,venue website,openstreetmap,1,,178-180 Junction Road,N19 5QQ,https://www.openstreetmap.org/way/1026053464
info@thebravelondon.co.uk,The Brave,Islington,Canonbury,Pub,https://www.thebravelondon.co.uk/,nfo@thebravelondon.co.uk,venue website,openstreetmap,1,,340-342 Essex Road,N1 3PB,https://www.openstreetmap.org/way/197695792
brendan@britanniatavern.com,The Britannia Public House,Islington,St Luke's,Pub,http://britanniatavern.com/,,openstreetmap,openstreetmap,1,+44 7932 752156,94 Ironmonger Row,EC1V 3QR,https://www.openstreetmap.org/way/164010931
canonbury@youngs.co.uk,The Canonbury Tavern,Islington,Canonbury,Pub,https://www.thecanonbury.co.uk/,,openstreetmap,openstreetmap,1,+44 20 7704 2887,21 Canonbury Place,,https://www.openstreetmap.org/way/230252979
luigi.stabcanelli@gmail.com,The City Pride,Islington,Clerkenwell,Pizza; Pub,https://www.cityprideclerkenwell.co.uk,luigi.stancanelli@gmail.com,openstreetmap,openstreetmap,1,+44 20 7251 8883,28 Farringdon Lane,EC1R 3AU,https://www.openstreetmap.org/way/203180588
hello@theclerkenwelltavern.co.uk,The Clerkenwell Tavern,Islington,Clerkenwell,Pub,https://theclerkenwelltavern.co.uk/,,venue website,openstreetmap,1,+44 20 8161 0439,2 Exmouth Market,EC1R 4PX,https://www.openstreetmap.org/way/147734606
info@debeauvoirarms.com,The De Beauvoir Arms,Islington,Canonbury,Pub,https://www.debeauvoirarms.com/,,venue website,openstreetmap,1,+44 20 7359 7392,113 Southgate Road,N1 3JS,https://www.openstreetmap.org/way/536043069
dovetailec1@gmail.com,The Dovetail,Islington,Clerkenwell,Pub,https://www.dovetailec1.co.uk,,openstreetmap,openstreetmap,1,+44 20 7490 7321,9-10 Jerusalem Passage,EC1V 4JP,https://www.openstreetmap.org/way/155354349
info@theeaglefarringdon.co.uk,The Eagle,Islington,Clerkenwell,Pub,https://theeaglefarringdon.co.uk/,,venue website,openstreetmap,1,+44 20 7837 1353,159 Farringdon Road,,https://www.openstreetmap.org/way/155341971
contact@thefoxglove.co.uk,The Foxglove,Islington,Islington,Pub,https://www.thefoxglove.co.uk/,,openstreetmap,openstreetmap,1,+44 20 7609 7129,209 – 211 Liverpool Road,N1 1LX,https://www.openstreetmap.org/node/302410081
hello@thegreatindian.uk,The Great Indian,Islington,Archway,Indian,https://thegreatindian.uk/,,venue website,openstreetmap,1,,139 Marlborough Road,N19 4NU,https://www.openstreetmap.org/way/536521530
bookings@thegreenclerkenwell.com,The Green,Islington,Clerkenwell,Pub,https://www.thegreenclerkenwell.com,events@thegreenclerkenwell.com,venue website,openstreetmap,1,,29 Clerkenwell Green,EC1R 0DU,https://www.openstreetmap.org/way/155343103
info@thehanbury.co.uk,The Hanbury,Islington,Islington,Pub,https://www.thehanbury.co.uk/,,venue website,openstreetmap,1,,33 Linton Street,N1 7DU,https://www.openstreetmap.org/node/10092511647
theharlequin1848@outlook.com,The Harlequin,Islington,Angel,Pub,,,openstreetmap,openstreetmap,1,+44 20 7833 1129,27 Arlington Way,EC1R 1UY,https://www.openstreetmap.org/way/163272356
info@thehoratia.co.uk,The Horatia,Islington,Holloway,Pub,https://www.thehoratia.co.uk/,,venue website,openstreetmap,1,,98-100 Holloway Road,N7 8JE,https://www.openstreetmap.org/node/362359474
info@thejunctionmarket.co.uk,The Junction Market,Islington,Holloway,Food court,https://www.thejunctionmarket.co.uk/,,openstreetmap,openstreetmap,1,,95 Seven Sisters Road,,https://www.openstreetmap.org/way/227589555
bookings@theoldqueenshead.com,The Old Queen's Head,Islington,Islington,Pub,https://www.theoldqueenshead.com/,lostproperty@theoldqueenshead.com,venue website,openstreetmap,1,+44 20 7354 9993,44 Essex Road,N1 8LN,https://www.openstreetmap.org/way/982457191
info@owlandhitchhiker.pub,The Owl & Hitchhiker,Islington,Holloway,Pub,https://www.owlandhitchhiker.pub,hello@owlandhitchhiker.pub,openstreetmap,openstreetmap,1,,471 Holloway Road,N7 6LE,https://www.openstreetmap.org/way/288035711
reservations@thepigandbutcher.co.uk,The Pig & Butcher,Islington,Angel,Pub,https://thepigandbutcher.co.uk,mytest9067@gmail.com,venue website,openstreetmap,1,+44 20 7226 8304,80 Liverpool Road,N1 0QD,https://www.openstreetmap.org/way/31025059
therasoi130@gmail.com,The Rasoi,Islington,Farringdon,Indian,https://therasoi.uk/,,venue website,openstreetmap,1,+44 7407387615,130 St. John Street,EC1V 4JS,https://www.openstreetmap.org/way/97508203
info@thesekforde.com,The Sekforde,Islington,Clerkenwell,Pub,https://thesekforde.com,,openstreetmap,openstreetmap,1,+44 20 7250 0010,34 Sekforde Street,EC1R 0HA,https://www.openstreetmap.org/way/145481097
shaftesburyt@remarkablepubs.co.uk,The Shaftesbury Tavern,Islington,Archway,Asian; Pub,https://theshaftesburytavern.co.uk/,,openstreetmap,openstreetmap,1,+44 20 7272 7950,534 Hornsey Road,N19 3QN,https://www.openstreetmap.org/way/190104590
vivian@tam.tv,The Smithfield Market Arms,Islington,Farringdon,Pub,https://www.tam.tv/locations/smithfield,,venue website,openstreetmap,1,,55 Charterhouse Street,EC1M 6HA,https://www.openstreetmap.org/way/568747636
contact@thespokelondon.com,The Spoke,Islington,Archway,Cafe,http://www.thespokelondon.com/,,openstreetmap,openstreetmap,1,,710 Holloway Road,N19 3NH,https://www.openstreetmap.org/way/180070323
swimmern7@gmail.com,The Swimmer At The Grafton Arms,Islington,Holloway,Pub,https://theswimmer.co.uk/,,openstreetmap,openstreetmap,1,+442072814632,13 Eburne Road,N7 6AR,https://www.openstreetmap.org/node/687158190
info@thetamilcrown.com,The Tamil Crown,Islington,Angel,Indian; Pub,https://www.thetamilcrown.com/,,venue website,openstreetmap,1,+44 20 7916 2920,16 Elia Street,N1 8DE,https://www.openstreetmap.org/way/67234436
info@thetamilprince.com,The Tamil Prince,Islington,Barnsbury,Indian,https://www.thetamilprince.com,alicia@thetamilprince.com,venue website,openstreetmap,1,+44 20 7062 7846,115 Hemingford Road,N1 1BZ,https://www.openstreetmap.org/node/11240921537
threekings@redcarpubs.com,The Three Kings,Islington,Clerkenwell,Pub,https://www.thethreekings.london,,openstreetmap,openstreetmap,1,+44 20 3781 1359,7 Clerkenwell Close,EC1R 0DY,https://www.openstreetmap.org/way/155363891
islington@tofuvegan.com,Tofu Vegan,Islington,Islington,Asian; Chinese,https://tofuvegan.com,,openstreetmap,openstreetmap,1,+44 20 7916 3304,105 Upper Street,N1 1QN,https://www.openstreetmap.org/node/8738878617
islington@tortilla.co.uk,Tortilla,Islington,Angel,Mexican,https://www.tortilla.co.uk/restaurants/islington,,venue website,openstreetmap,1,,13 Islington High Street,N1 9LQ,https://www.openstreetmap.org/node/348407534
essexroad@trade-made.co.uk,Trade,Islington,Canonbury,Bakery; Breakfast; Deli,https://www.trade-made.co.uk,,openstreetmap,openstreetmap,1,+44 20 3490 1880,330 Essex Road,N1 3PB,https://www.openstreetmap.org/node/6055266686
enquiries@trullorestaurant.com,Trullo,Islington,Canonbury,Italian,https://www.trullorestaurant.com/,,venue website,openstreetmap,1,+44 20 7226 2733,300-302 St. Paul's Road,N1 2LH,https://www.openstreetmap.org/way/227994692
info@tufnellparktavern.com,Tufnell Park Tavern,Islington,Tufnell Park,Pub,https://www.tufnellparktavern.com/,,openstreetmap,openstreetmap,1,+44 20 7281 6113,162 Tufnell Park Road,N7 0EE,https://www.openstreetmap.org/way/1026061437
raj@udderlicious.co.uk,Udderlicious,Islington,Canonbury,Ice cream,https://www.udderlicious.co.uk/,,openstreetmap,openstreetmap,1,+44 20 7359 7777,187 Upper Street,N1 1RQ,https://www.openstreetmap.org/node/7022220811
enquiry@vesper.restaurant,Vesper,Islington,Clerkenwell,Restaurant,https://vesper.restaurant/,,openstreetmap,openstreetmap,1,+44 20 3897 9609,8-10 Exmouth Market,EC1R 4QA,https://www.openstreetmap.org/way/147734612
managers@whiskersandcream.com,Whiskers & Cream Cat Cafe,Islington,Archway,Cafe,https://www.whiskersandcream.com/,,venue website,openstreetmap,1,+44 20 7263 2888,593 Holloway Road,N19 4DJ,https://www.openstreetmap.org/way/494787153
info@wolkiterestaurant.com,Wolkite Kitfo,Islington,Holloway,Restaurant,https://wolkiterestaurant.com/,,venue website,openstreetmap,1,+44 20 7700 3055,82 Hornsey Road,N7 6DG,https://www.openstreetmap.org/node/4153922607
academy@workshopcoffee.com,Workshop Coffee Co.,Islington,Farringdon,Cafe,http://www.workshopcoffee.com/,,venue website,openstreetmap,1,+44 20 7253 5754,27 Clerkenwell Road,EC1M 5RN,https://www.openstreetmap.org/way/113694288
xinkai.london@gmail.com,Xin Kai,Islington,Pentonville,Asian; Chinese,https://www.xinkai.co.uk/,,venue website,openstreetmap,1,+44 20 7837 0838,50 Caledonian Road,N1 9DP,https://www.openstreetmap.org/node/11215168599
hello@yieldn16.com,Yield N16,Islington,Canonbury,Deli,http://yieldn16.com/,,openstreetmap,openstreetmap,1,+44 20 7354 5912,45 Newington Green,N1 4RA,https://www.openstreetmap.org/way/377056424
commercial@zeitfuerbrot.co.uk,Zeit für Brot,Islington,Angel,Cafe,https://zeitfuerbrot.co.uk/,homedelivery@zeitfuerbrot.co.uk; customer.service@zeitfuerbrot.co.uk; media@zeitfuerbrot.co.uk,venue website,openstreetmap,1,,,,https://www.openstreetmap.org/node/13564292201
info@afandena.co.uk,Afandena,Kensington and Chelsea,Earls Court,Restaurant,https://afandena.co.uk/,,venue website,openstreetmap,1,+44 20 3092 9124,207 Earl's Court Road,,https://www.openstreetmap.org/node/7816705813
reservations@akub-restaurant.com,Akub,Kensington and Chelsea,Holland Park,Restaurant,https://akub-restaurant.com,info@akub-restaurant.com,venue website,openstreetmap,1,,27 Uxbridge Street,W8 7TQ,https://www.openstreetmap.org/way/364768729
coffee@amoret.co.uk,Amoret Coffee,Kensington and Chelsea,Notting Hill,Breakfast,https://amoret.co.uk/,,venue website,openstreetmap,1,+44 20 7229 9011,53 Pembridge Road,W11 3HG,https://www.openstreetmap.org/node/7098290585
info@andreasveg.co.uk,Andreas,Kensington and Chelsea,Chelsea,Deli,https://www.andreasveg.co.uk/,,venue website,openstreetmap,1,+44 20 7589 5775,4 Cale Street,,https://www.openstreetmap.org/node/8305730078
info@ampersandhotel.com,Apero Restaurant,Kensington and Chelsea,Brompton,Restaurant,https://ampersandhotel.com/eat-drink/apero/,apero@ampersandhotel.com,venue website,openstreetmap,1,,10 Harrington Road,,https://www.openstreetmap.org/node/7930695762
bookings@arancina.co.uk,Arancina,Kensington and Chelsea,Notting Hill,Pizza,https://arancina.co.uk/,,venue website,openstreetmap,1,+44 20 7221 7776,19 Pembridge Road,,https://www.openstreetmap.org/node/7142467336
events@aubaine.co.uk,Aubaine,Kensington and Chelsea,Chelsea,French,https://aubaine.co.uk/our-restaurants/brompton-road/,,venue website,openstreetmap,2,+44 20 7052 0100,260-262 Brompton Road,,https://www.openstreetmap.org/node/8091174139
info@bbagel.co.uk,B Bagel Bakery Bar,Kensington and Chelsea,Earls Court,Bagels; Bakery,https://www.bbagel.co.uk,,openstreetmap,openstreetmap,1,+44 20 7351 2931,236D Fulham Road,SW10 9NB,https://www.openstreetmap.org/node/4210776247
media@badiani1932.com,Badiani Gelato,Kensington and Chelsea,Notting Hill,Ice cream,https://www.badiani1932.com/,,venue website,openstreetmap,4,+44 20 7792 2375,42 Notting Hill Gate,,https://www.openstreetmap.org/node/7123959684
balansno60@balans.co.uk,Balans Soho Society,Kensington and Chelsea,Kensington,Restaurant,https://www.balans.co.uk/restaurant/kensington-london/,,venue website,openstreetmap,2,+44 20 7376 0115,187 Kensington High Street,,https://www.openstreetmap.org/node/7688768346
sthkensington@bellaitalia.co.uk,Bella Italia,Kensington and Chelsea,Brompton,Italian,https://www.bellaitalia.co.uk/restaurants/london/south-kensington,ashton@bellaitalia.co.uk; basildon@bellaitalia.co.uk; birmingham@bellaitalia.co.uk; blackpoolvictoriastreet@bellaitalia.co.uk; bluewater@bellaitalia.co.uk; bolton@bellaitalia.co.uk; brighton@bellaitalia.co.uk; bristolbaldwin@bellaitalia.co.uk; bristolcribbs@bellaitalia.co.uk; bristolabbeywood@bellaitalia.co.uk; bristolaspects@bellaitalia.co.uk; burton@bellaitalia.co.uk; cambridgeleisure@bellaitalia.co.uk; castleford@bellaitalia.co.uk; elveden@bellaitalia.co.uk; longleat@bellaitalia.co.uk; sherwood@bellaitalia.co.uk; whinfell@bellaitalia.co.uk; cheshireoaks@bellaitalia.co.uk; chester@bellaitalia.co.uk; coventry@bellaitalia.co.uk; cranbournst@bellaitalia.co.uk; croydon@bellaitalia.co.uk; dudley@bellaitalia.co.uk; edinburghhanover@bellaitalia.co.uk; edinburghnb@bellaitalia.co.uk; exeter@bellaitalia.co.uk; gatesheadmetro@bellaitalia.co.uk; glasgowsauchiehall@bellaitalia.co.uk; hempstead@bellaitalia.co.uk; huntingdon@bellaitalia.co.uk; inverness@bellaitalia.co.uk; irvingst@bellaitalia.co.uk; jersey@bellaitalia.co.uk; lakeside@bellaitalia.co.uk; lancaster@bellaitalia.co.uk; leedsbriggate@bellaitalia.co.uk; leedswhiterose@bellaitalia.co.uk; leicestermeridian@bellaitalia.co.uk; liverpool@bellaitalia.co.uk; mansfield@bellaitalia.co.uk; miltonkeynes@bellaitalia.co.uk; mkstadium@bellaitalia.co.uk; eldonsquare@bellaitalia.co.uk; northampton@bellaitalia.co.uk; redlionst@bellaitalia.co.uk; riverside@bellaitalia.co.uk; cornerhouse@bellaitalia.co.uk; oxford@bellaitalia.co.uk; paddington@bellaitalia.co.uk; peterborough@bellaitalia.co.uk; portsmouthgwquays@bellaitalia.co.uk; queensway108@bellaitalia.co.uk; queensway55@bellaitalia.co.uk; readingoracle@bellaitalia.co.uk; salfordquays@bellaitalia.co.uk; shaftesburyave@bellaitalia.co.uk; sheffield@bellaitalia.co.uk; sheffieldstpauls@bellaitalia.co.uk; hanover@bellaitalia.co.uk; stmartins@bellaitalia.co.uk; stevenage@bellaitalia.co.uk; telford@bellaitalia.co.uk; strand@bellaitalia.co.uk; walsall@bellaitalia.co.uk; wellingtonst@bellaitalia.co.uk; witney@bellaitalia.co.uk; wolverhampton@bellaitalia.co.uk; york@bellaitalia.co.uk; yorkcliftonmoor@bellaitalia.co.uk,venue website,openstreetmap,1,+44 20 7584 4028,60 Old Brompton Road,,https://www.openstreetmap.org/node/300425812
orders@benscookies.com,Ben's Cookies,Kensington and Chelsea,South Kensington,Takeaway,https://www.benscookies.com/,,venue website,openstreetmap,2,+44 20 7589 9155,9 Pelham Street,SW7 2ND,https://www.openstreetmap.org/node/1668506601
info@bertieblossoms.co.uk,Bertie Blossoms,Kensington and Chelsea,North Kensington,Restaurant,https://www.bertieblossoms.co.uk/,,venue website,openstreetmap,1,,323 Portobello Road,,https://www.openstreetmap.org/node/7236214810
info@skillmanandsons.co.uk,Big City Dog,Kensington and Chelsea,Kensington,Breakfast,https://www.skillmanandsons.co.uk/,,venue website,openstreetmap,1,+44 20 7937 8444,212 Kensington High Street,,https://www.openstreetmap.org/node/7440148118
events@bigeasy.co.uk,Big Easy,Kensington and Chelsea,Chelsea,American,https://bigeasy.co.uk/,stratford@bigeasy.co.uk; canarywharfreservations@bigeasy.co.uk; coventgarden@bigeasy.co.uk; bluewater@bigeasy.co.uk; kingsroad@bigeasy.co.uk,venue website,openstreetmap,1,+44 20 7352 4071,332-334 King's Road,SW3 5UR,https://www.openstreetmap.org/node/3152410405
london@birleybakery.com,Birley Bakery,Kensington and Chelsea,Chelsea,Bakery,https://birleybakery.com,newyork@birleybakery.com; corporategifting@birleybakery.com; b.west@birleybakery.com; r.freitas@birleybakery.com; k.keohane@birleybakery.com,venue website,openstreetmap,1,,28-30 Cale Street,SW3 3QU,https://www.openstreetmap.org/node/8305730088
mymillennium@millenniumhotels.com,Bombay Brasserie,Kensington and Chelsea,South Kensington,French; Indian,https://www.millenniumhotels.com/en/london/the-baileys-hotel-london/bombay-brasserie/,,venue website,openstreetmap,2,+44 20 7370 4040,Courtfield Road,,https://www.openstreetmap.org/node/699694244
therussiandeli@gmail.com,Borshtch n Tears,Kensington and Chelsea,Chelsea,Restaurant,https://www.borshtchntears.com/,,venue website,openstreetmap,1,+44 20 7589 5003,46 Beauchamp Place,,https://www.openstreetmap.org/node/8028586286
hello@bottarga.london,Bottarga,Kensington and Chelsea,Earls Court,Greek,https://bottarga.london/,,openstreetmap,openstreetmap,1,+44 20 3874 2000,383 King's Road,SW10 0LP,https://www.openstreetmap.org/node/12598766302
info@brinkleys.com,Brinkley's,Kensington and Chelsea,Brompton,Restaurant,https://www.brinkleys.com/,,venue website,openstreetmap,1,+44 20 7351 1683,47 Hollywood Road,,https://www.openstreetmap.org/way/876410220
events@burgerandlobster.com,Burger & Lobster,Kensington and Chelsea,Chelsea,Burger; Seafood,https://www.burgerandlobster.com/,,venue website,openstreetmap,5,+44 20 7201 8676,109-125 Knightsbridge,SW1X 7RJ,https://www.openstreetmap.org/node/5613475822
candellatearoom@hotmail.com,Candella Tea Room,Kensington and Chelsea,Kensington,Cafe,https://www.candellatearoom.com/,,venue website,openstreetmap,1,+44 20 7937 4161,34 Kensington Church Street,,https://www.openstreetmap.org/node/5906346085
hello@canteen310.com,Canteen | Notting Hill,Kensington and Chelsea,North Kensington,Restaurant,https://www.canteen310.com/,,venue website,openstreetmap,1,,310 Portobello Road,,https://www.openstreetmap.org/way/1494200111
contact@caractererestaurant.com,Caractère,Kensington and Chelsea,North Kensington,Restaurant,https://www.caractererestaurant.com/,diego@caractererestaurant.com,venue website,openstreetmap,1,+44 20 8181 3850,209 Westbourne Park Road,,https://www.openstreetmap.org/node/7199663442
caraffiniristorante@gmail.com,Carrafini,Kensington and Chelsea,Chelsea,Italian,https://www.caraffini.co.uk/,,venue website,openstreetmap,1,+44 20 7259 0235,61-63 Lower Sloane Street,,https://www.openstreetmap.org/node/618652275
hola@brindisakitchens.com,Casa Brindisa,Kensington and Chelsea,South Kensington,Spanish,https://www.brindisakitchens.com/restaurant/tapas-brindisa-south-kensington/,,venue website,openstreetmap,3,+44 20 7590 0008,7-9 Exhibition Road,SW7 2HE,https://www.openstreetmap.org/node/8086880056
southken@cerurestaurants.com,Ceru,Kensington and Chelsea,South Kensington,Halal,https://www.cerurestaurants.com/south-kensington,,openstreetmap,openstreetmap,1,+44 20 3195 3001,7-9 Bute Street,SW7 3EY,https://www.openstreetmap.org/way/846835515
kensington@chakra.restaurant,Chakra,Kensington and Chelsea,Kensington,Indian,https://www.chakra.restaurant/,,venue website,openstreetmap,2,+44 20 7229 2115,33c Holland Street,,https://www.openstreetmap.org/node/7519131900
hello@chelseacreperie.co.uk,Chelsea Creperie,Kensington and Chelsea,Brompton,French,https://chelseacreperie.co.uk/,,venue website,openstreetmap,1,+44 20 7376 3400,240 Hollywood Road,,https://www.openstreetmap.org/node/7844473668
7173@greeneking.co.uk,Chelsea Potter,Kensington and Chelsea,Chelsea,Pub,https://www.greeneking-pubs.co.uk/pubs/greater-london/chelsea-potter/,,venue website,openstreetmap,1,+44 20 7352 9479,119 King's Road,SW3 4PL,https://www.openstreetmap.org/way/147249458
info@cherryon.co.uk,Cherry On,Kensington and Chelsea,Notting Hill,Cafe,https://cherryon.co.uk/,,openstreetmap,openstreetmap,1,+44 20 7229 1511,6 Pembridge Road,W11 3HL,https://www.openstreetmap.org/node/7126677034
franchising@chickenvalley.co.uk,Chicken Valley,Kensington and Chelsea,North Kensington,Takeaway,https://chickenvalley.co.uk/,,venue website,openstreetmap,2,+44 20 8969 9998,148 Ladbroke Grove,W10 5NE,https://www.openstreetmap.org/node/7234533143
knightsbridge@chisourestaurant.com,Chisou,Kensington and Chelsea,Chelsea,Asian; Japanese,https://www.chisourestaurant.com/,mayfair@chisourestaurant.com,venue website,openstreetmap,2,+44 20 3155 0005,31 Beauchamp Place,,https://www.openstreetmap.org/node/8028059574
info@chucsrestaurants.com,Chucs Cafe,Kensington and Chelsea,Brompton,Cafe,https://www.chucsrestaurants.com/cafe/kensington/,,venue website,openstreetmap,3,+44 20 8037 4525,97 Old Brompton Road,,https://www.openstreetmap.org/node/8106721282
restaurant@sallyclarke.com,Clarke's,Kensington and Chelsea,Notting Hill,Restaurant,https://www.sallyclarke.com/restaurant/,shop@sallyclarke.com,venue website,openstreetmap,2,+44 20 7221 9225,124 Kensington Church Street,,https://www.openstreetmap.org/node/7545818776
info@claudebosi.com,Claude Bosi at Bibendum,Kensington and Chelsea,Chelsea,Restaurant,https://claudebosi.com/,enquiries@claudebosi.com; lucy@claudebosi.com,venue website,openstreetmap,1,+44 20 7581 5817,81 Fulham Road,,https://www.openstreetmap.org/node/469876261
reservations@colbertchelsea.com,Colbert,Kensington and Chelsea,Chelsea,Restaurant,https://www.colbertchelsea.com/,,venue website,openstreetmap,1,+44 20 7730 2804,50-52 Sloane Square,SW1W 8AX,https://www.openstreetmap.org/node/8354339730
chelsea@comptoirlibanais.com,Comptoir Libanais,Kensington and Chelsea,Chelsea,Restaurant,https://www.comptoirlibanais.com/restaurants/chelsea,bath@comptoirlibanais.com; birmingham@comptoirlibanais.com; cheshireoaks@comptoirlibanais.com; ealing@comptoirlibanais.com; exeter@comptoirlibanais.com; gloucesterroad@comptoirlibanais.com; kingston@comptoirlibanais.com; liverpoolst@comptoirlibanais.com; londonbridge@comptoirlibanais.com; manchester@comptoirlibanais.com; oxford@comptoirlibanais.com; reading@comptoirlibanais.com; southbank@comptoirlibanais.com; wigmore@comptoirlibanais.com,venue website,openstreetmap,1,+44 20 7657 1961,53 Duke of York Square,SW3 4LY,https://www.openstreetmap.org/node/443404591
gloucesterroad@comptoirlibanais.com,Comptoir Libanais,Kensington and Chelsea,South Kensington,Restaurant,https://www.comptoirlibanais.com/restaurants/gloucester-road,bath@comptoirlibanais.com; birmingham@comptoirlibanais.com; cheshireoaks@comptoirlibanais.com; ealing@comptoirlibanais.com; exeter@comptoirlibanais.com; kingston@comptoirlibanais.com; liverpoolst@comptoirlibanais.com; londonbridge@comptoirlibanais.com; manchester@comptoirlibanais.com; oxford@comptoirlibanais.com; reading@comptoirlibanais.com; southbank@comptoirlibanais.com; wigmore@comptoirlibanais.com,venue website,openstreetmap,1,+44 20 3355 0856,75 Gloucester Road,,https://www.openstreetmap.org/node/5071317276
southken@comptoirlibanais.com,Comptoir Libanais,Kensington and Chelsea,South Kensington,Restaurant,https://www.comptoirlibanais.com/restaurants/south-kensington,bath@comptoirlibanais.com; birmingham@comptoirlibanais.com; cheshireoaks@comptoirlibanais.com; ealing@comptoirlibanais.com; exeter@comptoirlibanais.com; gloucesterroad@comptoirlibanais.com; kingston@comptoirlibanais.com; liverpoolst@comptoirlibanais.com; londonbridge@comptoirlibanais.com; manchester@comptoirlibanais.com; oxford@comptoirlibanais.com; reading@comptoirlibanais.com; southbank@comptoirlibanais.com; wigmore@comptoirlibanais.com,venue website,openstreetmap,1,+44 20 7225 5006,1-5 Exhibition Road,SW7 2HE,https://www.openstreetmap.org/way/154293376
7177@greeneking.co.uk,Courtfield,Kensington and Chelsea,Earls Court,Pub,https://www.greeneking-pubs.co.uk/pubs/greater-london/courtfield/,,venue website,openstreetmap,1,+44 20 7370 2626,187 Earl's Court Road,,https://www.openstreetmap.org/way/837514107
kensington@cote.co.uk,Côte Brasserie,Kensington and Chelsea,Kensington,French,https://www.cote.co.uk/restaurant/kensington,,venue website,openstreetmap,1,+44 20 7938 4147,47 Kensington Court,,https://www.openstreetmap.org/node/391097370
sloanesquare@cote.co.uk,Côte Brasserie,Kensington and Chelsea,Chelsea,French,https://www.cote.co.uk/restaurant/sloane-square,,venue website,openstreetmap,1,+44 20 7881 5999,7-12 Sloane Square,SW1W 8EG,https://www.openstreetmap.org/node/8353898637
enquiries@damario.co.uk,Da Mario,Kensington and Chelsea,South Kensington,Italian,https://www.damario.co.uk/,,venue website,openstreetmap,1,+44 20 7584 9078,15 Gloucester Road,,https://www.openstreetmap.org/node/576403614
info@deamicis.co.uk,De Amicis,Kensington and Chelsea,Notting Hill,Italian,https://www.deamicis.co.uk,,openstreetmap,openstreetmap,1,+44 20 7229 8205,14 Notting Hill Gate,W11 3JE,https://www.openstreetmap.org/node/7123777861
7185@greeneking.co.uk,Earls Court Tavern,Kensington and Chelsea,Earls Court,Pub,https://www.greeneking-pubs.co.uk/pubs/greater-london/earls-court-tavern/,,venue website,openstreetmap,1,+44 20 7370 2760,123 Earl's Court Road,,https://www.openstreetmap.org/way/835630866
info@edera.co.uk,Edera,Kensington and Chelsea,Notting Hill,Italian,https://edera.co.uk/,,venue website,openstreetmap,1,+44 20 7221 6090,148 Holland Park Avenue,,https://www.openstreetmap.org/node/7390300088
hello@eggbreak.com,Eggbreak,Kensington and Chelsea,Notting Hill,Restaurant,https://eggbreak.com/,,venue website,openstreetmap,1,+44 20 3535 8300,30 Uxbridge Street,,https://www.openstreetmap.org/node/6367498685
pr@elnlondon.com,EL&N,Kensington and Chelsea,Chelsea,Cafe,https://www.elnlondon.co.uk/,,venue website,openstreetmap,1,+44 20 7052 0130,42 Hans Crescent,,https://www.openstreetmap.org/node/6369872585
membersupport@sohohouse.com,Electric diner,Kensington and Chelsea,Notting Hill,American,https://www.electricdiner.com/,membershipadmin@sohohouse.com; membership@sohohouse.com; wilfredo@sohohouse.com,venue website,openstreetmap,1,,191 Portobello Road,W11 2ED,https://www.openstreetmap.org/node/2241872718
info@elystanstreet.com,Elystan Street,Kensington and Chelsea,Chelsea,Restaurant,https://www.elystanstreet.com/,,venue website,openstreetmap,1,+44 20 7628 5005,43 Elystan Street,,https://www.openstreetmap.org/node/8305153314
reservations@enotecarosso.com,Enotecha Rosso,Kensington and Chelsea,Holland Park,Restaurant,http://enotecarosso.com,,openstreetmap,openstreetmap,1,+44 7384 595191,276-280 Kensington High Street,W8 6ND,https://www.openstreetmap.org/node/1420306043
info@essenza.co.uk,Essenza,Kensington and Chelsea,North Kensington,Italian,https://www.essenza.co.uk/,,venue website,openstreetmap,1,+44 20 7792 1066,210 Kensington Park Road,,https://www.openstreetmap.org/node/6602966186
hello@thefarmgirl.co.uk,Farm Girl,Kensington and Chelsea,Notting Hill,Cafe,https://www.thefarmgirl.co.uk/,,openstreetmap,openstreetmap,1,,59 Portobello Road,W11 3DB,https://www.openstreetmap.org/node/731087846
bookings@feya.co.uk,Feya,Kensington and Chelsea,Chelsea,Breakfast,https://www.feya.co.uk/,info@feya.co.uk; events@feya.co.uk; sporadic@feya.co.uk; pr@feya.co.uk,venue website,openstreetmap,2,+44 20 3972 7989,6 Marble Arch,W1H 7EJ,https://www.openstreetmap.org/node/3357928614
fitousthairestaurant@gmail.com,Fitou's,Kensington and Chelsea,North Kensington,Asian,https://www.fitourestaurant.co.uk/,,venue website,openstreetmap,1,+44 20 8968 0558,1-3 Dalgarno Gardens,,https://www.openstreetmap.org/node/7276428804
hsk@gailsbread.co.uk,GAIL's,Kensington and Chelsea,Holland Park,Bakery,https://gails.com/pages/high-street-kensington,,openstreetmap,openstreetmap,1,+44 20 7348 3924,240-242 Kensington High Street,W8 6ND,https://www.openstreetmap.org/node/1420456394
info@gauchorestaurants.com,Gaucho,Kensington and Chelsea,Chelsea,Restaurant,https://www.gauchorestaurants.com/restaurants/sloane-avenue,enquiries@gauchorestaurants.com,venue website,openstreetmap,4,+44 20 7584 9901,89 Sloane Avenue,SW3 3DX,https://www.openstreetmap.org/node/469876283
info@gelateria3bis.co.uk,Gelateria 3Bis,Kensington and Chelsea,Notting Hill,Ice cream,https://www.gelateria3bis.co.uk/,3bistooting@gmail.com,venue website,openstreetmap,2,+44 20 7221 4500,178 Portobello Road,W11 2EB,https://www.openstreetmap.org/node/7192415371
editorial@goatchelsea.com,Goat,Kensington and Chelsea,Brompton,Italian,https://goatchelsea.com/,,venue website,openstreetmap,1,+44 20 3034 1646,333 Fulham Road,,https://www.openstreetmap.org/way/182679873
info@golbornedeli.com,Golborne Deli,Kensington and Chelsea,North Kensington,Deli; French,https://golbornedeli.com/,,venue website,openstreetmap,1,+44 20 8969 6907,100-102 Golborne Road,W10 5PS,https://www.openstreetmap.org/node/7242961373
hello@goldnottinghill.com,Gold Notting Hill,Kensington and Chelsea,Notting Hill,Restaurant,https://goldnottinghill.com/,events@goldnottinghill.com; aoife@goldnottinghill.com,venue website,openstreetmap,1,+44 20 3146 0747,95-97 Portobello Road,W11 2QB,https://www.openstreetmap.org/way/356868073
grato@gratolondon.com,Grato,Kensington and Chelsea,Holland Park,Italian,https://www.gratolondon.com/,gratolondon@gmail.com,openstreetmap,openstreetmap,1,+44 20 3371 9338,9 Kensington Square,W8 5EP,https://www.openstreetmap.org/node/1419238401
hi@groundsofarabica.com,Grounds of Arabica,Kensington and Chelsea,Notting Hill,Cafe,https://groundsofarabica.com/,,venue website,openstreetmap,1,+44 20 7243 3737,11 Bramley Road,,https://www.openstreetmap.org/node/7327828604
customerservice@guillam.co.uk,Guillam Coffee House,Kensington and Chelsea,South Kensington,Breakfast,https://www.guillam.co.uk/,,venue website,openstreetmap,2,,24 Gloucester Road,SW7 4RB,https://www.openstreetmap.org/node/7599300018
contact@tastykorea.co.uk,HANRUE,Kensington and Chelsea,Holland Park,Asian; BBQ; Korean,https://www.tastykorea.co.uk,,openstreetmap,openstreetmap,1,+44 20 7938 2835,11 Kensington High Street,W8 5NP,https://www.openstreetmap.org/node/7619804078
reservations@11cadogangardens.com,Hans' Bar & Grill,Kensington and Chelsea,Chelsea,Restaurant,https://www.11cadogangardens.com/dining/hans-bar-grill/,,venue website,openstreetmap,1,+44 20 7730 7000,164 Pavilion Road,SW1X 0AW,https://www.openstreetmap.org/node/6244092013
knightsbridge@thehawksmoor.com,Hawksmoor,Kensington and Chelsea,Chelsea,Steak,https://thehawksmoor.com/locations/knightsbridge/,,venue website,openstreetmap,1,+44 20 7590 9290,3 Yeoman's Row,,https://www.openstreetmap.org/node/6109649787
7205@greeneking.co.uk,Hoop & Toy,Kensington and Chelsea,Brompton,Pub,https://www.greeneking-pubs.co.uk/pubs/greater-london/hoop-toy/,,venue website,openstreetmap,1,+44 20 7589 8360,34 Thurloe Place,,https://www.openstreetmap.org/way/655597244
enquiries@hummingbirdbakery.com,Hummingbird Bakery,Kensington and Chelsea,South Kensington,Bakery,https://hummingbirdbakery.com/,,venue website,openstreetmap,3,+44 20 7851 1795,47 Old Brompton Road,SW7 3JP,https://www.openstreetmap.org/way/868975257
contact@huo.london,HUŎ,Kensington and Chelsea,Earls Court,Asian,https://huo.london/,,venue website,openstreetmap,1,,9 Park Walk,SW10 0AJ,https://www.openstreetmap.org/node/12713444201
reservations@ilpampero.com,il pampero,Kensington and Chelsea,Chelsea,Italian,https://www.ilpampero.com/,info@ilpampero.com,venue website,openstreetmap,1,+44 20 3189 4850,20 Chesham Place,,https://www.openstreetmap.org/node/7992937936
james@ilportico.co.uk,Il Portico,Kensington and Chelsea,Kensington,Italian,https://ilportico.co.uk/,,venue website,openstreetmap,2,+44 20 7602 6262,277 Kensington High Street,,https://www.openstreetmap.org/node/7732890207
customercareuk@illy.com,Illy Caffè,Kensington and Chelsea,Brompton,Cafe,https://www.illy.com/en-gb/stores/london-illy-caffe#,,venue website,openstreetmap,1,+44 20 7584 4416,23 Old Brompton Road,,https://www.openstreetmap.org/node/7115017188
taniarace@hotmail.com,Jakobs,Kensington and Chelsea,South Kensington,Restaurant,https://www.jakobs.co.uk/,,venue website,openstreetmap,1,+44 20 7581 9292,20 Gloucester Road,,https://www.openstreetmap.org/node/462008963
reservations@juliesrestaurant.com,Julie's,Kensington and Chelsea,Notting Hill,Restaurant,https://www.juliesrestaurant.com/,info@juliesrestaurant.com; events@juliesrestaurant.com,venue website,openstreetmap,1,+44 20 7229 8331,135 Portland Road,W11 4LW,https://www.openstreetmap.org/node/735005164
reservations@kahanilondon.com,Kahani,Kensington and Chelsea,Chelsea,Indian,https://www.kahanilondon.com/,,venue website,openstreetmap,1,+44 20 7730 7634,1 Wilbraham Place,,https://www.openstreetmap.org/node/6411598286
info@kamayansaearlscourt.co.uk,Kamayan sa Earl's Court,Kensington and Chelsea,Earls Court,Asian,https://www.kamayansaearlscourt.co.uk/,,venue website,openstreetmap,1,+44 20 7373 3840,12 Kenway Road,,https://www.openstreetmap.org/node/7804509096
info@quartergroup.co.uk,Kensington Quarter,Kensington and Chelsea,Kensington,Asian; Breakfast; Burger; Pizza; Sushi,https://www.quartergroup.co.uk,,venue website,openstreetmap,1,+44 20 7799 4999,191-195 Kensington High Street,,https://www.openstreetmap.org/node/7688768334
info@khansofkensington.co.uk,Khan's of Kensington,Kensington and Chelsea,South Kensington,Indian,https://www.khansofkensington.co.uk/,,venue website,openstreetmap,1,+44 20 7584 4114,3 Harrington Road,SW7 3ES,https://www.openstreetmap.org/node/7904778380
info@kitchenw8.com,Kitchen W8,Kensington and Chelsea,Kensington,Restaurant,https://www.kitchenw8.com/,,venue website,openstreetmap,1,+44 20 7937 0120,11-13 Abingdon Road,,https://www.openstreetmap.org/node/7701609459
info@krokodilos.co.uk,Krokodilos,Kensington and Chelsea,Holland Park,Greek,https://www.krokodilos.co.uk/,,venue website,openstreetmap,1,,28A Kensington Church Street,W8 4EP,https://www.openstreetmap.org/node/12560881068
reservations@kutir.co.uk,Kutir,Kensington and Chelsea,Chelsea,Indian,https://kutir.co.uk/,,venue website,openstreetmap,1,+44 20 7581 1144,10 Lincoln Street,SW3 2TS,https://www.openstreetmap.org/way/700099203
ladelizia2@aol.com,La Delizia,Kensington and Chelsea,Chelsea,Italian,https://www.ladelizia.org.uk/,,venue website,openstreetmap,1,+44 20 7376 4111,63-65 Chelsea Manor Street,,https://www.openstreetmap.org/node/8398892809
reservations@lafamiglia.co.uk,La Famiglia,Kensington and Chelsea,Brompton,Italian,https://lafamiglia.co.uk/,,venue website,openstreetmap,1,+44 20 7351 0761,5-7 Langton Street,,https://www.openstreetmap.org/node/8202853011
info@lamiamamma.co.uk,La Mia Mamma,Kensington and Chelsea,Chelsea,Italian,https://www.lamiamamma.co.uk/,hollywood@lamiamamma.co.uk; kingsroad@lamiamamma.co.uk; nottinghill@lamiamamma.co.uk; battersea@lamiamamma.co.uk,venue website,openstreetmap,2,+44 20 7351 2417,257 King's Road,SW3 5EL,https://www.openstreetmap.org/node/7009896185
reservations.thefranklin@starhotels.com,La Trattoria by Alfredo Russo,Kensington and Chelsea,Brompton,Italian,https://www.starhotelscollezione.com/en/our-hotels/the-pelham-london/dining/la-trattoria.html,reservations.thegore@starhotels.com; reservations.thepelham@starhotels.com; thefranklin@starhotels.com; thegore@starhotels.com; thepelham@starhotels.com; restaurant.thepelham@starhotels.com; reception.thepelham@starhotels.com,venue website,openstreetmap,2,+44 20 7591 7613,15 Cromwell Place,,https://www.openstreetmap.org/node/7930695743
mafalda@laylabakery.com,Layla bakery,Kensington and Chelsea,North Kensington,Bakery,https://www.laylabakery.com/,,openstreetmap,openstreetmap,1,,332 Portobello Road,W10 5RU,https://www.openstreetmap.org/node/9314750401
hello@lotsroadchelsea.co.uk,Lots Road,Kensington and Chelsea,Earls Court,Pub,https://lotsroadchelsea.co.uk/,,venue website,openstreetmap,1,+44 20 7352 6645,114 Lots Road,SW10 0RJ,https://www.openstreetmap.org/node/27512718
info@maggie-jones.co.uk,Maggie Jones's,Kensington and Chelsea,Holland Park,French,https://www.maggie-jones.co.uk/,,venue website,openstreetmap,1,+44 20 7937 6462,6 Old Court Place,W8 4PL,https://www.openstreetmap.org/node/4878040962
mayfair@mamounialounge.com,Mamounia Lounge,Kensington and Chelsea,Chelsea,Restaurant,https://mamounialounge.com/,,venue website,openstreetmap,1,+44 20 7581 7777,136 Brompton Road,,https://www.openstreetmap.org/node/3357928807
contact@barmargaux.co.uk,Margaux,Kensington and Chelsea,South Kensington,French,https://barmargaux.co.uk/,,openstreetmap,openstreetmap,1,+44 20 7373 5753,152 Old Brompton Road,SW5 0BE,https://www.openstreetmap.org/node/7858027227
hellokensington@mariags.co.uk,Maria G's,Kensington and Chelsea,Holland Park,Restaurant,https://mariags.co.uk/kensington/,,venue website,openstreetmap,1,+44 203 479 3772,2-4 Warwick Lane,W14 8FN,https://www.openstreetmap.org/node/12672987958
bookings@maroush.com,Maroush,Kensington and Chelsea,Chelsea,Restaurant,https://www.maroush.com/restaurant/maroush-beauchamp-place/,hello@maroush.com,venue website,openstreetmap,8,+44 20 7581 5434,38 Beauchamp Place,,https://www.openstreetmap.org/way/861451569
hello@mawicafe.com,Mawi Cafe,Kensington and Chelsea,Notting Hill,Cafe,https://mawicafe.com/,,venue website,openstreetmap,1,,24a Notting Hill Gate,W11 3JE,https://www.openstreetmap.org/node/13614689902
info@mazi.co.uk,Mazi,Kensington and Chelsea,Notting Hill,Greek,https://www.mazi.co.uk/,,venue website,openstreetmap,1,+44 20 7229 3794,12-14 Hillgate Street,,https://www.openstreetmap.org/node/7478161705
info@medlarrestaurant.co.uk,Medlar,Kensington and Chelsea,Earls Court,French,https://www.medlarrestaurant.co.uk/,,venue website,openstreetmap,1,+44 20 7349 1900,438 King's Road,SW10 0LJ,https://www.openstreetmap.org/node/8220285429
bookings@memoriesofindia.com,Memories of India,Kensington and Chelsea,South Kensington,Indian,https://www.memoriesofindia.com/,,venue website,openstreetmap,1,+44 20 7589 6450,18 Gloucester Road,,https://www.openstreetmap.org/node/4184410802
chelsea@mestizomx.com,Mestizo,Kensington and Chelsea,Brompton,Halal; Mexican,https://www.opentable.co.uk/restref/client/?restref=277317&lang=en-GB&ot_source=Restaurant%20website&fbclid=IwAR2gyZ9Bb6f-aFhxPAvyhVtyAVrhHXUq4igCP_c3EQtHgY5OhjGFHfc7N-o&corrid=c6192b63-101e-4c9e-a76c-65146ae6d1d8,,openstreetmap,openstreetmap,1,+44 20 3327 6122,392 King's Road,SW3 5UZ,https://www.openstreetmap.org/node/8230562258
info@myrtlerestaurant.com,Myrtle,Kensington and Chelsea,Brompton,Restaurant,https://www.myrtlerestaurant.com/,,venue website,openstreetmap,1,+44 20 7352 2411,1a Langton Street,,https://www.openstreetmap.org/way/882054315
info@fiftycheyne.com,No. Fifty Cheyne,Kensington and Chelsea,Chelsea,Restaurant,https://fiftycheyne.com/,events@fiftycheyne.com,venue website,openstreetmap,1,+44 20 7376 8787,50 Cheyne Walk,,https://www.openstreetmap.org/node/280835741
enquiry@okarestaurant.co.uk,OKA Chelsea,Kensington and Chelsea,Chelsea,Asian,https://okarestaurant.co.uk/,,venue website,openstreetmap,2,+44 20 7349 8725,251 King's Road,,https://www.openstreetmap.org/node/8414973723
nottinghill@okarestaurant.co.uk,OKA Restaurant,Kensington and Chelsea,Notting Hill,Restaurant,https://okarestaurant.co.uk/notting-hill/,,venue website,openstreetmap,1,,11 Elgin Crescent,W11 2JA,https://www.openstreetmap.org/node/7176852703
idrtoto@gmail.com,Oriental Kitchen Express,Kensington and Chelsea,Kensington,Takeaway,https://oriental-kitchenexpress.co.uk/,,venue website,openstreetmap,1,+44 20 7603 8988,11a Russell Gardens,,https://www.openstreetmap.org/node/7394550612
kensington@oreebakeries.co.uk,Orée,Kensington and Chelsea,Holland Park,Bakery,https://www.oree.co.uk,,openstreetmap,openstreetmap,1,+442045801464,147 Kensington High Street,W8 6SU,https://www.openstreetmap.org/node/4744147126
info@osterianapoletana.co.uk,Osteria Napoletana,Kensington and Chelsea,Notting Hill,Italian,https://www.osterianapoletana.co.uk/,,venue website,openstreetmap,1,+44 20 7221 0154,186 Kensington Park Road,,https://www.openstreetmap.org/node/7185838109
chelsea@ottolenghi.co.uk,Ottolenghi,Kensington and Chelsea,Chelsea,Cafe,https://ottolenghi.co.uk/restaurants/chelsea,,openstreetmap,openstreetmap,1,+44 20 3824 2818,261 Pavilion Road,SW1X 0BP,https://www.openstreetmap.org/node/10073490911
info@overundercoffee.com,Over Under,Kensington and Chelsea,Earls Court,Cafe,https://overundercoffee.com/,,venue website,openstreetmap,1,+44 20 3807 8019,181A Earl's Court Road,SW5 9RD,https://www.openstreetmap.org/node/5039142921
info@icecreamunion.com,Parlour by the Ice Cream Union,Kensington and Chelsea,Chelsea,Ice cream,http://www.icecreamunion.com/,,venue website,openstreetmap,2,+44 20 7237 9042,166 Pavilion Road,,https://www.openstreetmap.org/node/8344765924
hello@pierinorestaurant.com,Pierino,Kensington and Chelsea,Brompton,Italian,https://pierinorestaurant.com/,,venue website,openstreetmap,1,+44 20 7581 3770,37 Thurloe Place,,https://www.openstreetmap.org/node/8083151071
info@pizzapilgrims.co.uk,Pizza Pilgrims Chelsea,Kensington and Chelsea,Chelsea,American; Italian; Pizza,https://www.pizzapilgrims.co.uk/pizzerias/chelsea/,events@pizzapilgrims.co.uk,openstreetmap,openstreetmap,1,+44 20 7730 1316,219 King's Road,SW3 5EJ,https://www.openstreetmap.org/node/8413789415
info@pizzettapizza.com,Pizzetta,Kensington and Chelsea,South Kensington,Italian; Pizza,https://www.pizzettapizza.com/,nfo@pizzettapizza.com,venue website,openstreetmap,1,+44 20 7584 9090,22 Bute Street,SW7 3EX,https://www.openstreetmap.org/node/7902106307
bookings@portobellolondon.co.uk,Portobello Ristorante Pizzeria,Kensington and Chelsea,Notting Hill,Italian; Pizza,https://www.portobellolondon.co.uk/,,venue website,openstreetmap,1,+44 20 7221 1373,7 Ladbroke Road,,https://www.openstreetmap.org/node/7145732568
kensington@primrose-bakery.co.uk,Primrose Bakery,Kensington and Chelsea,Holland Park,Bakery,https://www.primrose-bakery.co.uk/,primrosehill@primrose-bakery.co.uk,openstreetmap,openstreetmap,1,+44 20 7602 8090,282a Kensington High Street,W14 8NZ,https://www.openstreetmap.org/node/5471531144
info@rabbit-restaurant.com,Rabbit,Kensington and Chelsea,Chelsea,Restaurant,https://www.rabbit-restaurant.com/,feedback@rabbit-restaurant.com,venue website,openstreetmap,2,+44 20 3750 0172,172 King's Road,,https://www.openstreetmap.org/node/4757145523
chatthongearlscourt@gmail.com,Raitakrai Thai,Kensington and Chelsea,Earls Court,Asian,https://raitakraithairestaurant.com/earls-court,,openstreetmap,openstreetmap,1,+44 20 7912 0451,306 Earl's Court Road,SW5 9BA,https://www.openstreetmap.org/node/7782741612
contact@rawpress.co,Raw Press,Kensington and Chelsea,Chelsea,Cafe,https://www.rawpress.co/,,venue website,openstreetmap,1,+44 20 7730 4347,3 Ellis Street,,https://www.openstreetmap.org/node/8345960063
admin@redplanetpizza.com,Red Planet Pizza,Kensington and Chelsea,North Kensington,Pizza,https://redplanetpizza.com/,,venue website,openstreetmap,1,+44 20 8968 9998,167 Ladbroke Grove,,https://www.openstreetmap.org/node/7298864470
camden@rossopomodoro.co.uk,Rossopomodoro,Kensington and Chelsea,Brompton,Italian,https://www.rossopomodoro.co.uk/chelsea,chelsea@rossopomodoro.co.uk,venue website,openstreetmap,1,+44 20 7352 7677,214 Fulham Road,,https://www.openstreetmap.org/node/4210776246
info@saleepepe.co.uk,Sale E Pepe,Kensington and Chelsea,Chelsea,Italian,https://www.saleepepe.co.uk/,,venue website,openstreetmap,1,+44 20 7235 0098,9-15 Pavilion Road,,https://www.openstreetmap.org/node/8008319572
sanlorenzolondon@gmail.com,San Lorenzo,Kensington and Chelsea,Chelsea,Italian,https://www.sanlorenzolondon.com/,,venue website,openstreetmap,1,+44 20 7584 1074,22 Beauchamp Place,,https://www.openstreetmap.org/node/2529378335
info@sanpietrolondon.co.uk,San Pietro,Kensington and Chelsea,Holland Park,Italian,https://www.san-pietro.co.uk/,,venue website,openstreetmap,1,+44 20 7938 1805,7 Stratford Road,W8 6RF,https://www.openstreetmap.org/way/825375401
info@scalinilondon.co.uk,Scalini,Kensington and Chelsea,Chelsea,Italian,https://scalinilondon.co.uk/,,venue website,openstreetmap,1,+44 20 7225 2301,1-3 Walton Street,,https://www.openstreetmap.org/node/302397761
hello@sixportlandroad.com,Six Portland Road,Kensington and Chelsea,Notting Hill,Restaurant,https://www.sixportlandroad.com/,,venue website,openstreetmap,1,+44 20 7229 3130,6 Portland Road,,https://www.openstreetmap.org/node/7349771598
info@smokyboys.com,SMOKY BOYS Kensington High Street,Kensington and Chelsea,Holland Park,American; BBQ,https://smokyboys.com/restaurants/kensington-high-street/,,openstreetmap,openstreetmap,1,+44 20 7937 8777,62 Kensington High Street,W8 4PE,https://www.openstreetmap.org/node/12638401301
7255@greeneking.co.uk,Stanhope Arms,Kensington and Chelsea,South Kensington,Pub,https://www.greeneking-pubs.co.uk/pubs/greater-london/stanhope-arms/,,venue website,openstreetmap,1,+44 20 7373 4192,97 Gloucester Road,,https://www.openstreetmap.org/node/1360505703
bookings@stanleyschelsea.co.uk,Stanley's,Kensington and Chelsea,Chelsea,Restaurant,https://www.stanleyschelsea.co.uk/,,venue website,openstreetmap,1,+44 20 7352 7664,151 Sydney Street,,https://www.openstreetmap.org/node/8292498886
contact@starkebabs.co.uk,Star Kebab,Kensington and Chelsea,Earls Court,Takeaway,https://www.starkebabs.co.uk/,,venue website,openstreetmap,1,+44 20 7370 4051,178 Earl's Court Road,SW5 9QQ,https://www.openstreetmap.org/node/596661739
booking@stecca.co.uk,Stecca,Kensington and Chelsea,Brompton,Italian,https://stecca.co.uk/,,venue website,openstreetmap,1,+44 20 7460 2322,14 Hollywood Road,,https://www.openstreetmap.org/node/8158602048
contact@sticksnsushi.com,Sticks'n'Sushi,Kensington and Chelsea,Chelsea,Asian; Sushi,https://sticksnsushi.com/en,,venue website,openstreetmap,2,+44 20 3141 8181,113-115 King's Road,,https://www.openstreetmap.org/node/8394250605
info@stickyfingers.co.uk,Sticky Fingers,Kensington and Chelsea,Holland Park,American,https://www.stickyfingers.co.uk/,,venue website,openstreetmap,1,+44 20 7937 8690,1a Phillimore Gardens,W8 7QB,https://www.openstreetmap.org/node/4523893590
restaurant@taq.london,Taqueria,Kensington and Chelsea,Notting Hill,Mexican; Tacos,https://taqueria.co.uk/,,venue website,openstreetmap,1,+44 20 7229 4734,141-145 Westbourne Grove,,https://www.openstreetmap.org/way/363468837
southkensington@thaisq.com,Thai Square South Kensington,Kensington and Chelsea,South Kensington,Asian,https://thaisq.com/restaurants/south-kensington,,openstreetmap,openstreetmap,1,+44 20 7584 8359,19 Exhibition Road,SW7 2HE,https://www.openstreetmap.org/way/107039270
reservations@theabingdon.co.uk,The Abingdon,Kensington and Chelsea,Kensington,Restaurant,https://theabingdon.co.uk/,,venue website,openstreetmap,1,+44 20 7937 3339,54 Abingdon Road,,https://www.openstreetmap.org/node/7706500143
info@theadmiralcodrington.com,The Admiral Codrington,Kensington and Chelsea,Chelsea,Pub,https://www.theadmiralcodrington.co.uk/,,venue website,openstreetmap,1,+44 20 7581 0005,17 Mossop Street,,https://www.openstreetmap.org/way/865707213
reservations@belvedererestaurant.co.uk,The Belvedere,Kensington and Chelsea,Holland Park,Restaurant,https://www.belvedererestaurant.co.uk/,info@belvedererestaurant.co.uk; events@belvedererestaurant.co.uk,venue website,openstreetmap,1,+44 20 7602 1238,,W8 6LU,https://www.openstreetmap.org/way/187814236
coventgarden@theblackpenny.com,The Black Penny,Kensington and Chelsea,Chelsea,Breakfast,https://www.theblackpenny.com/,sloanesquare@theblackpenny.com; southbank@theblackpenny.com,venue website,openstreetmap,1,+44 20 7259 9965,55 Duke of York Square,SW3 4LY,https://www.openstreetmap.org/node/443404595
kensington@colicci.co.uk,The Broadwalk,Kensington and Chelsea,Notting Hill,Cafe,https://www.royalparks.org.uk/parks/kensington-gardens/food-and-drink/the-broadwalk-cafe,,openstreetmap,openstreetmap,2,+44 20 7034 0722,,W2 4RU,https://www.openstreetmap.org/way/163642314
reservations@thebugisrestaurant.com,The Bugis Singaporean Restaurant,Kensington and Chelsea,South Kensington,Asian,https://thebugisrestaurant.com/,,openstreetmap,openstreetmap,1,+44 20 7331 6308,Gloucester Road,SW7 4QH,https://www.openstreetmap.org/node/12630286703
reservations@thebuildersarmschelsea.co.uk,The Builder's Arms,Kensington and Chelsea,Chelsea,Pub,https://www.thebuildersarmschelsea.co.uk/,reservations@cubitthouse.co.uk; events@cubitthouse.co.uk; johnsmith@hotmail.com,venue website,openstreetmap,1,+44 20 7349 9040,13 Britten Street,SW3 3TW,https://www.openstreetmap.org/way/893965349
1626@greeneking.co.uk,The Bunch Of Grapes,Kensington and Chelsea,Chelsea,Pub,https://www.greeneking-pubs.co.uk/pubs/greater-london/bunch-of-grapes/,,venue website,openstreetmap,1,+44 20 7589 4944,207 Brompton Road,SW3 1LA,https://www.openstreetmap.org/way/861436031
contact@thechalkfreehouse.co.uk,The Chalk Freehouse,Kensington and Chelsea,Chelsea,Pub,https://thechalkfreehouse.co.uk,,venue website,openstreetmap,1,+44 20 3958 4444,25-27 Tryon Street,SW3 3LG,https://www.openstreetmap.org/way/781302184
info@chelseacakeshop.co.uk,The Chelsea Cake Shop,Kensington and Chelsea,Chelsea,Bakery,https://www.chelseacakeshop.co.uk/,,venue website,openstreetmap,1,+44 20 7730 6277,66 Lower Sloane Street,SW1W 8BP,https://www.openstreetmap.org/node/443655162
reservations@thechelseacorner.com,The Chelsea Corner,Kensington and Chelsea,Earls Court,Italian,https://www.thechelseacorner.com/,,venue website,openstreetmap,1,+44 20 3055 0088,451 Fulham Road,SW10 9UZ,https://www.openstreetmap.org/node/8191636256
onlineslotsuk100@gmail.com,The Chelsea Gate,Kensington and Chelsea,Earls Court,Pub,https://www.thechelseapensioner.co.uk/,,venue website,openstreetmap,1,+44 20 7351 0422,358 Fulham Road,SW10 9UU,https://www.openstreetmap.org/node/1375162583
info@fivefieldsrestaurant.com,The Five Fields,Kensington and Chelsea,Chelsea,Restaurant,https://www.fivefieldsrestaurant.com/,,venue website,openstreetmap,1,+44 20 7838 1082,8-9 Blacklands Terrace,,https://www.openstreetmap.org/node/5426253721
enquiries@thefoxandpheasant.com,The Fox and Pheasant,Kensington and Chelsea,Earls Court,Pub,https://www.thefoxandpheasant.com/,,venue website,openstreetmap,1,+44 20 7352 2943,1 Billing Road,SW10 9UJ,https://www.openstreetmap.org/way/879574206
admin@hillcafe.co.uk,The Hill Cafe,Kensington and Chelsea,Notting Hill,Cafe,https://www.hillcafe.co.uk/,,venue website,openstreetmap,1,+44 20 7792 6882,89 Moscow Road,,https://www.openstreetmap.org/node/7122080718
info@thehillgate.com,The Hillgate,Kensington and Chelsea,Holland Park,Pub,https://thehillgate.com/,,venue website,openstreetmap,1,+44 20 7727 8566,24 Hillgate Place,W8 7SR,https://www.openstreetmap.org/way/367518277
info@huntersmoonlondon.co.uk,The Hunter's Moon,Kensington and Chelsea,Brompton,Pub,https://huntersmoonlondon.co.uk/,,venue website,openstreetmap,1,+44 20 3904 2270,86 Fulham Road,SW3 6HR,https://www.openstreetmap.org/way/121083435
bookingsthejam@hotmail.com,The Jam,Kensington and Chelsea,Chelsea,Italian,https://www.thejamrestaurant.com/,,venue website,openstreetmap,1,+44 20 7352 8827,289a King's Road,,https://www.openstreetmap.org/node/8419801535
info@theledbury.com,The Ledbury,Kensington and Chelsea,Notting Hill,Restaurant,https://www.theledbury.com/,,venue website,openstreetmap,1,+44 20 7792 9090,127 Ledbury Road,W11 2AQ,https://www.openstreetmap.org/node/3569341193
info@marketplacerest.com,The Market Place Restaurant,Kensington and Chelsea,Chelsea,Breakfast; Burger; Italian; Steak,https://www.marketplacerest.com/,,openstreetmap,openstreetmap,1,+44 20 7352 5600,125 Sydney Street,SW3 6NR,https://www.openstreetmap.org/node/4627226989
judymarketthai@hotmail.com,The Market Thai,Kensington and Chelsea,North Kensington,Asian,,,openstreetmap,openstreetmap,1,+44 20 7460 8320,240A Portobello Road,W11 1LL,https://www.openstreetmap.org/node/7223123625
chelseashop@thepieman.co.uk,The Pie Man,Kensington and Chelsea,Chelsea,Deli,https://thepieman.co.uk/,,venue website,openstreetmap,1,+44 20 7225 0587,16 Cale Street,,https://www.openstreetmap.org/node/8305730082
info@pigsearpub.com,The Pig's Ear,Kensington and Chelsea,Chelsea,Pub,https://www.pigsearpub.com/,,venue website,openstreetmap,1,,Old Church Street,SW3 5BS,https://www.openstreetmap.org/node/280835439
7232@greeneking.co.uk,The Prince of Wales,Kensington and Chelsea,Holland Park,Pub,https://www.greeneking-pubs.co.uk/pubs/greater-london/prince-of-wales-kensington,,venue website,openstreetmap,1,,8 Kensington Church Street,W8 4EP,https://www.openstreetmap.org/node/7532833476
luke@theroastingparty.co.uk,The Roasting Party,Kensington and Chelsea,Chelsea,Breakfast,https://theroastingparty.co.uk/,,venue website,openstreetmap,1,+44 20 7730 6655,253 Pavilion Road,,https://www.openstreetmap.org/node/8345248693
info@theshed-restaurant.com,The Shed,Kensington and Chelsea,Holland Park,Restaurant,https://theshed-restaurant.com/,feedback@theshed-restaurant.com,venue website,openstreetmap,1,+44 20 7229 4024,122 Palace Gardens Terrace,W8 4RT,https://www.openstreetmap.org/way/268106362
hello@thesportingpage.co.uk,The Sporting Pages,Kensington and Chelsea,Brompton,Pub,https://thesportingpage.co.uk/,,venue website,openstreetmap,1,+44 20 7349 0455,6 Camera Place,,https://www.openstreetmap.org/node/364654278
info@sydneyarmschelsea.com,The Sydney Arms,Kensington and Chelsea,Chelsea,Pub,https://www.sydneyarmschelsea.com/,,venue website,openstreetmap,1,+44 20 7352 7924,70 Sydney Street,SW3 6NJ,https://www.openstreetmap.org/node/8308248176
info@troubadourlondon.com,The Troubadour,Kensington and Chelsea,Earls Court,Restaurant,https://www.troubadourlondon.com/,music@troubadourlondon.com,venue website,openstreetmap,1,+44 20 7341 6333,263-267 Old Brompton Road,SW5 9JA,https://www.openstreetmap.org/way/877885045
gloucesterroad@tofuvegan.com,Tofu Vegan,Kensington and Chelsea,South Kensington,Restaurant,https://www.tofuvegan.com/home,,openstreetmap,openstreetmap,1,+44 20 3084 2578,29 Gloucester Road,SW7 4PL,https://www.openstreetmap.org/node/12732692401
contact@ulilondon.com,ULI,Kensington and Chelsea,Notting Hill,Asian,https://ulilondon.com/,,venue website,openstreetmap,1,+44 20 3141 5878,5 Ladbroke Road,,https://www.openstreetmap.org/node/7145732566
enquiries@villamamas.com,Villa Mamas,Kensington and Chelsea,Chelsea,Restaurant,https://www.villamamas.co.uk/,marketingldn@villamamas.com,venue website,openstreetmap,1,+44 20 3034 0777,25 Elystan Street,,https://www.openstreetmap.org/node/7117566387
reservations@voltadomar.co.uk,Volta Do Mar,Kensington and Chelsea,Chelsea,Restaurant,https://www.voltadomar.co.uk/,events@voltadomar.co.uk; simon@voltadomar.co.uk; eservations@voltadomar.co.uk,venue website,openstreetmap,1,+44 20 3051 2352,100 Draycott Avenue,,https://www.openstreetmap.org/node/8068548995
info@mikelcoffee.com,What A Week,Kensington and Chelsea,North Kensington,Breakfast,https://www.mikelcoffee.com/el/home,,venue website,openstreetmap,1,+44 20 7221 2218,252 Portobello Road,W11 1LL,https://www.openstreetmap.org/node/7223123632
hello@wildnottinghill.com,Wild Notting Hill,Kensington and Chelsea,Notting Hill,Italian,https://www.wildnottinghill.com/,,venue website,openstreetmap,1,+44 20 8191 2407,202-204 Westbourne Grove,W11 2RH,https://www.openstreetmap.org/node/11202331607
info@wildtavern.co.uk,Wild Tavern,Kensington and Chelsea,Chelsea,Restaurant,https://www.wildtavern.co.uk/,,venue website,openstreetmap,1,+44 20 8191 9885,2 Elystan Street,SW3 3NS,https://www.openstreetmap.org/node/8321524424
enquiry@thewindsorcastlekensington.co.uk,Windsor Castle,Kensington and Chelsea,Holland Park,Pub,https://www.thewindsorcastlekensington.co.uk/,,openstreetmap,openstreetmap,1,+44 20 7243 8797,114 Campden Hill Road,W8 7AR,https://www.openstreetmap.org/way/364339508
southken@thewrightbrothers.co.uk,Wright Brothers,Kensington and Chelsea,Brompton,Seafood,https://thewrightbrothers.co.uk/restaurant/south-kensington/,athome@thewrightbrothers.co.uk,venue website,openstreetmap,1,+44 20 7581 0131,56 Old Brompton Road,,https://www.openstreetmap.org/node/300425811
hello@wulfandlamb.com,Wulf & Lamb,Kensington and Chelsea,Chelsea,Restaurant,https://www.wulfandlamb.com/,founders@wulfandlamb.com,venue website,openstreetmap,1,+44 20 3948 5999,243 Pavilion Road,SW1X 0BP,https://www.openstreetmap.org/node/5241881521
info@yashinocean.com,Yashin Ocean House,Kensington and Chelsea,South Kensington,Asian; Japanese,https://yashinocean.com/,,venue website,openstreetmap,1,+44 20 7373 3990,117-119 Old Brompton Road,SW7 3RN,https://www.openstreetmap.org/way/205564469
info@yashinsushi.com,Yashin Sushi,Kensington and Chelsea,Kensington,Asian; Sushi,https://www.yashinsushi.com/,,venue website,openstreetmap,1,+44 20 7938 1536,1a Argyll Road,,https://www.openstreetmap.org/node/7443829829
reservations@zaikaofkensington.com,Zaika,Kensington and Chelsea,Holland Park,Indian,https://zaikaofkensington.com/,,venue website,openstreetmap,1,+44 20 7795 6533,1 Kensington High Street,W8 5NP,https://www.openstreetmap.org/node/391097392
7280@greeneking.co.uk,Zetland Arms,Kensington and Chelsea,South Kensington,Pub,https://www.greeneking-pubs.co.uk/pubs/greater-london/zetland-arms,,venue website,openstreetmap,1,,2 Bute Street,SW7 3EX,https://www.openstreetmap.org/way/121558830
info@avocadium.co.uk,Avocadium,Kingston upon Thames,Surbiton,Bakery; Breakfast,https://avocadium.co.uk/,,venue website,openstreetmap,1,,77 Surbiton Road,,https://www.openstreetmap.org/way/65140252
info@bamanoosh.co.uk,Bamanoosh,Kingston upon Thames,Surbiton,Restaurant,https://www.bamanoosh.co.uk/,,venue website,openstreetmap,1,+44 20 8399 9336,163 Ewell Road,KT6 6AW,https://www.openstreetmap.org/node/9271230317
hello@barnabyandboos.co.uk,Barnaby & Boo's,Kingston upon Thames,New Malden,Cafe,https://www.barnabyandboos.co.uk/,,venue website,openstreetmap,1,,54 High Street,KT3 4EZ,https://www.openstreetmap.org/node/13198653729
theberrylands@outlook.com,Berrylands,Kingston upon Thames,Berrylands,Pub,https://www.theberrylands.co.uk/,,venue website,openstreetmap,1,,107 Chiltern Drive,KT5 8LS,https://www.openstreetmap.org/way/274158269
scj.newmalden@gmail.com,Bibimbap & Chimaik,Kingston upon Thames,New Malden,Asian; Korean,https://www.chickennewmalden.co.uk/,,openstreetmap,openstreetmap,1,+44 20 8001 1546,160 High Street,KT3 4ES,https://www.openstreetmap.org/node/1852958557
bravebar1@gmail.com,Brave New World,Kingston upon Thames,Surbiton,Pub,https://www.bravebar.co.uk/,,venue website,openstreetmap,1,+44 20 8399 0200,22-26 Berrylands Road,KT5 8RA,https://www.openstreetmap.org/node/293702008
kingston@cakeco.co.uk,CakeCo,Kingston upon Thames,Kingston upon Thames,Bakery,https://cakeco.co.uk/pages/cakeco-kingston,,venue website,openstreetmap,1,,16 Castle Street,KT1 1SS,https://www.openstreetmap.org/node/14054434302
hello@centouno.co.uk,Cento Uno,Kingston upon Thames,Surbiton,Italian,https://centouno.co.uk,,venue website,openstreetmap,1,+44 20 8390 0101,101 Maple Road,KT6 4AW,https://www.openstreetmap.org/node/3321804860
thecheekypea@gmail.com,Cheeky Pea,Kingston upon Thames,Kingston upon Thames,Cafe,https://www.thecheekypeacatering.co.uk,,venue website,openstreetmap,1,,34 Eden Walk,,https://www.openstreetmap.org/node/13537469002
info@coffeeotc.co.uk,Coffee on the Corner,Kingston upon Thames,Berrylands,Breakfast,https://www.coffeeotc.co.uk/,,openstreetmap,openstreetmap,1,,99 Beaconsfield Road,KT5 9AW,https://www.openstreetmap.org/node/10830472617
kingston@comptoirlibanais.com,Comptoir Libanais,Kingston upon Thames,Kingston upon Thames,Restaurant,https://www.comptoirlibanais.com/locations/kingston/,bath@comptoirlibanais.com; birmingham@comptoirlibanais.com; cheshireoaks@comptoirlibanais.com; ealing@comptoirlibanais.com; exeter@comptoirlibanais.com; gloucesterroad@comptoirlibanais.com; liverpoolst@comptoirlibanais.com; londonbridge@comptoirlibanais.com; manchester@comptoirlibanais.com; oxford@comptoirlibanais.com; reading@comptoirlibanais.com; southbank@comptoirlibanais.com; wigmore@comptoirlibanais.com,venue website,openstreetmap,1,+44 20 7657 1966,2A Kingston Riverside,KT1 1QN,https://www.openstreetmap.org/node/5300942195
kingston@cote.co.uk,Cote,Kingston upon Thames,Kingston upon Thames,French,https://www.cote.co.uk/restaurant/kingston,,venue website,openstreetmap,1,+44 20 8546 9422,6 Kingston Riverside,KT1 1QN,https://www.openstreetmap.org/node/13537469301
kingston@creamscafe.com,Creams,Kingston upon Thames,Kingston upon Thames,Ice cream,https://www.creamscafe.com/our-stores/kingston/,,openstreetmap,openstreetmap,1,+44 20 8546 6380,107 Clarence Street,KT1 1QY,https://www.openstreetmap.org/node/11371344901
hello@eastlane.uk,East Lane,Kingston upon Thames,Norbiton,Asian,https://www.eastlane.uk,,venue website,openstreetmap,1,,10 Kingston Hill,,https://www.openstreetmap.org/way/627272032
sales@excellar.co.uk,Ex Cellar,Kingston upon Thames,Surbiton,French,https://www.excellar.co.uk/surbiton,brightonroad@excellar.co.uk; simon@excellar.co.uk; touch...simon@excellar.co.uk,venue website,openstreetmap,1,+44 20 8390 6832,18-20 Brighton Road,KT6 5PQ,https://www.openstreetmap.org/node/12693351498
hello@fee-ka.co.uk,FIKA [fee-ka],Kingston upon Thames,Surbiton,Breakfast,https://fee-ka.co.uk/,,venue website,openstreetmap,1,,Victoria Road,KT6 4PE,https://www.openstreetmap.org/node/6240592307
customerservice@fortunella.co.uk,Fortunella Cafe,Kingston upon Thames,Kingston upon Thames,Breakfast; Deli,http://www.fortunella.co.uk/,,openstreetmap,openstreetmap,1,+44 20 8549 8867,8 Apple Market,KT1 1JE,https://www.openstreetmap.org/node/10183177419
info@galagelato.com,Gala Gelato,Kingston upon Thames,Surbiton,Ice cream,https://www.galagelato.com/,,openstreetmap,openstreetmap,1,,St Andrew's Road,,https://www.openstreetmap.org/node/13175411941
hello@glutopiabakery.com,Glutopia Cake Boutique,Kingston upon Thames,Kingston upon Thames,Bakery,https://www.glutopiabakery.com/,contactus@glutopiabakery.com,openstreetmap,openstreetmap,1,+44 20 3715 0868,Market Place,KT1 1JT,https://www.openstreetmap.org/node/4550555389
restaurant@hawkerskingston.com,Hawkers,Kingston upon Thames,Kingston upon Thames,Restaurant,https://www.hawkerskingston.com/,enquiries@hawkerskingston.com,openstreetmap,openstreetmap,1,+44 20 3146 4144,1 Skerne Road,KT2 5FJ,https://www.openstreetmap.org/node/6223376118
booking@ktown.uk,K Town,Kingston upon Thames,New Malden,Asian; Korean,https://www.ktown.uk/,,openstreetmap,openstreetmap,1,+44 7719 733635,8-10 Coombe Road,KT3 4QE,https://www.openstreetmap.org/node/1852986176
kokorouk@kokorouk.com,Kokoro,Kingston upon Thames,Surbiton,Asian; Japanese; Sushi,https://kokorouk.com/,,venue website,openstreetmap,5,+44 20 8399 7300,6 Victoria Road,KT6 4JU,https://www.openstreetmap.org/way/441808902
info@koyalrestaurant.com,Koyal,Kingston upon Thames,Surbiton,Indian,https://koyalrestaurant.com/,,openstreetmap,openstreetmap,1,+44 20 8399 5533,59-63 Brighton Road,KT6 5LR,https://www.openstreetmap.org/node/12873124779
dubucompanyltd@gmail.com,Kumkang,Kingston upon Thames,New Malden,Asian; Korean,https://kumkang.co.uk/,,openstreetmap,openstreetmap,1,+44 20 8942 2334,180 High Street,KT3 4ES,https://www.openstreetmap.org/node/2055993992
admin@madamevy.co.uk,Madame Vy,Kingston upon Thames,Surbiton,Asian,https://madamevy.co.uk,,venue website,openstreetmap,1,+44 20 8399 0094,31-33 Brighton Road,KT6 5LR,https://www.openstreetmap.org/node/14184550457
hello@olrcafe.co.uk,Old London Road cafe,Kingston upon Thames,Kingston upon Thames,Cafe,https://olrcafe.co.uk,,venue website,openstreetmap,1,,52 Old London Road,KT2 6QF,https://www.openstreetmap.org/node/638752885
kingston@oleandsteen.co.uk,Ole and Steen,Kingston upon Thames,Kingston upon Thames,Cafe,https://oleandsteen.co.uk/store/44371-kingston,,venue website,openstreetmap,1,,14 - 16 Church Street,KT1 1RJ,https://www.openstreetmap.org/node/13901219501
info@ondeonde.co.uk,Onde Onde,Kingston upon Thames,Kingston upon Thames,Asian,https://www.ondeonde.co.uk/,,venue website,openstreetmap,1,+44 20 8075 5913,6 Fife Road,,https://www.openstreetmap.org/node/13702506201
info@persianriverside.co.uk,Persian riverside,Kingston upon Thames,Kingston upon Thames,Restaurant,https://persianriverside.co.uk/,,openstreetmap,openstreetmap,1,,54 High Street,,https://www.openstreetmap.org/node/13809790301
info@pickledpantry.co.uk,Pickled Pantry,Kingston upon Thames,Surbiton,Breakfast,https://www.pickledpantry.co.uk,,openstreetmap,openstreetmap,1,+44 20 8399 4694,7 Central Parade,KT6 4PJ,https://www.openstreetmap.org/node/2328181093
ploysthaibistro@outlook.com,Ploy's Thai Bistro,Kingston upon Thames,Surbiton,Asian; French,https://ploysthaibistro.co.uk/,,openstreetmap,openstreetmap,1,,110 Ewell Road,KT6 6HA,https://www.openstreetmap.org/node/12061363718
enquiries@positanosurbiton.co.uk,Positano,Kingston upon Thames,Surbiton,Italian,https://www.positanosurbiton.co.uk/,,openstreetmap,openstreetmap,1,+44 20 8255 6768,165 Ewell Road,KT6 6AW,https://www.openstreetmap.org/node/10783666305
info@ristorantesorrento.com,Ristorante Sorrento,Kingston upon Thames,Tolworth,Italian,https://ristorantesorrento.com/,,venue website,openstreetmap,1,+44 20 8390 6921,379 Ewell Road,,https://www.openstreetmap.org/node/13397628285
kingston@rosasthai.com,Rosa's Thai,Kingston upon Thames,Kingston upon Thames,Asian,https://rosasthai.com/locations/rosas-thai-restaurant-delivery-takeaway-kingston,,openstreetmap,openstreetmap,1,+44 20 8024 9869,2-6 High Street,KT1 1EY,https://www.openstreetmap.org/node/12384806198
info@seashorefishkitchen.co.uk,Seashore Fish Kitchen,Kingston upon Thames,Surbiton,Seafood,https://seashorefishkitchen.co.uk/,,openstreetmap,openstreetmap,1,+44 2083 990956,3 Central Parade,KT6 4PJ,https://www.openstreetmap.org/node/7602530399
maibox@surbitoncharcoalgrill.co.uk,Surbiton Charcoal Grill,Kingston upon Thames,Surbiton,Takeaway,https://www.surbitoncharcoalgrill.co.uk/,,venue website,openstreetmap,1,+44 20 8339 9207;+44 20 8390 7613,51 Brighton Road,KT6 5LR,https://www.openstreetmap.org/way/444068409
info@sushihero.co.uk,Sushi Hero,Kingston upon Thames,Surbiton,Asian; Japanese; Sushi,https://www.sushihero.co.uk,,openstreetmap,openstreetmap,1,+44 20 8399 8500,253 Ewell Road,KT6 7AA,https://www.openstreetmap.org/node/8848146117
agrasurbiton@gmail.com,The Agra Tandoori,Kingston upon Thames,Surbiton,Indian,https://agratandoorisurbiton.co.uk/,,venue website,openstreetmap,1,+44 20 8399 8854;+44 20 8399 6900,142 Ewell Road,KT6 6HE,https://www.openstreetmap.org/node/11001774726
hello@thealbionkingston.com,The Albion,Kingston upon Thames,Kingston upon Thames,Pub,https://www.thealbionkingston.com/,,openstreetmap,openstreetmap,1,+44 20 8439 7787,45 Fairfield Road,KT1 2PY,https://www.openstreetmap.org/way/103362186
hello@thebarnkt9.com,The Barn KT9,Kingston upon Thames,Malden Rushett,Bakery; Breakfast,https://www.thebarnkt9.com/,,venue website,openstreetmap,1,,,KT9 2NH,https://www.openstreetmap.org/node/11225700816
kaisthaifood@gmail.com,The Cocoanut,Kingston upon Thames,Kingston upon Thames,Pub,https://www.cocoanut.co.uk/,,venue website,openstreetmap,1,,16 Mill Street,KT1 2RF,https://www.openstreetmap.org/way/343914450
hello@elmtreesurbiton.co.uk,The Elm Tree,Kingston upon Thames,Surbiton,Pizza; Pub,https://www.elmtreesurbiton.co.uk/,,openstreetmap,openstreetmap,1,,,,https://www.openstreetmap.org/node/12732751720
bookings@theitaliantaste.co.uk,The Italian Taste,Kingston upon Thames,Surbiton,Italian,https://theitaliantaste.co.uk/,,openstreetmap,openstreetmap,1,+44 20 8241 2105,44 Victoria Road,KT6 4JL,https://www.openstreetmap.org/node/12693351479
norbiton@frontierpubs.co.uk,The Norbiton,Kingston upon Thames,Kingston upon Thames,Pub,https://frontierpubs.co.uk/pub/the-norbiton/,info@highpress25.co.uk,openstreetmap,openstreetmap,1,+44 2085 498170,16 Clifton Road,KT2 6PW,https://www.openstreetmap.org/way/1221239101
hello@pressroomcoffee.co.uk,The Press Room,Kingston upon Thames,Surbiton,Breakfast,https://pressroomcoffee.co.uk/surbiton,,openstreetmap,openstreetmap,1,,5 Claremont Road,KT6 4QR,https://www.openstreetmap.org/node/1801086681
princeofwaleskt6@gmail.com,The Prince of Wales,Kingston upon Thames,Surbiton,Pub,https://www.princeofwalessurbiton.co.uk/,,venue website,openstreetmap,1,,117 Ewell Road,KT6 6AL,https://www.openstreetmap.org/node/11019827413
victoria@youngs.co.uk,The Victoria,Kingston upon Thames,Surbiton,Pub,https://www.thevictoriasurbiton.co.uk/,,openstreetmap,openstreetmap,1,+44 20 8399 3007,28 Victoria Road,KT6 4JT,https://www.openstreetmap.org/way/441838245
info@tokefi.co.uk,To Kefi,Kingston upon Thames,Kingston upon Thames,Greek,https://www.facebook.com/people/To-kefi/100076087824646/,,openstreetmap,openstreetmap,1,+44 2070 185 583,38 Coombe Road,KT2 7AF,https://www.openstreetmap.org/way/620319755
info@thewaggonsurbiton.co.uk,Waggon & Horses,Kingston upon Thames,Surbiton,Pub,https://thewaggonsurbiton.co.uk/,,openstreetmap,openstreetmap,1,+44 20 8390 0211,1 Surbiton Hill Road,KT6 4TW,https://www.openstreetmap.org/way/1230545570
kingston@whelanspubs.co.uk,Whelans,Kingston upon Thames,Kingston upon Thames,Pub,https://whelanspubs.co.uk/whelans-irish-traditional/whelans-kingston/,,venue website,openstreetmap,1,+44 20 8549 9845,20 Richmond Road,KT2 5EB,https://www.openstreetmap.org/way/1545736312
woodies@slhuk.com,Woodies Freehouse,Kingston upon Thames,Motspur Park,Pub,https://woodiesfreehouse.co.uk/,,openstreetmap,openstreetmap,1,+44 20 8949 5824,Thetford Road,KT3 5DX,https://www.openstreetmap.org/way/791855489
hello@43kitchen.com,43 Szechuan Kitchen,Lambeth,Vauxhall,Asian; Chinese,https://www.43kitchen.com/,,venue website,openstreetmap,1,,43 South Lambeth Road,SW8 1RH,https://www.openstreetmap.org/node/12076676869
waterloo@auberge-restaurant.co.uk,Auberge,Lambeth,Lambeth,Restaurant,https://www.auberge-restaurant.co.uk/,,openstreetmap,openstreetmap,1,+44 20 7633 0610,1 Sandell Street,,https://www.openstreetmap.org/node/12977972702
deptford@badgerbadger.org,Badger Badger,Lambeth,West Norwood,Asian; Japanese; Pub,https://www.badgerbadger.org/,westnorwood@badgerbadger.org,venue website,openstreetmap,1,+44 20 8176 6257,543 Norwood Road,SE27 9DL,https://www.openstreetmap.org/node/3637918315
james.hatts@banksidepress.com,Bankside Cafe,Lambeth,Lambeth,Cafe,https://www.london-se1.co.uk/restaurants/info/588/bankside-cafe,,openstreetmap,openstreetmap,1,+44 20 7928 1118,4 Hatfields,SE1 8DQ,https://www.openstreetmap.org/node/4362474890
info@beeyondcafe.com,Beeyond,Lambeth,Lambeth,Cafe,https://beeyondcafe.com/,,openstreetmap,openstreetmap,1,+447594705020,2 Hercules Road,SE1 7DP,https://www.openstreetmap.org/node/4270689596
bfi@benugo.com,BFI Café,Lambeth,Lambeth,Bakery; Deli,https://www.benugo.com/sites/cafes/bfi-cafe/,,openstreetmap,openstreetmap,1,,,,https://www.openstreetmap.org/node/9981829360
riverfront@benugo.com,BFI Riverfront,Lambeth,Lambeth,Burger; Pizza; Seafood,https://www.benugo.com/sites/restaurants/bfi-riverfront/,,venue website,openstreetmap,1,,,SE1 8XT,https://www.openstreetmap.org/node/11216593881
theblackprincepub@hotmail.com,Black Prince,Lambeth,Kennington,Pub,https://www.theblackprincepub.co.uk/,,venue website,openstreetmap,1,,6 Black Prince Road,SE11 6HS,https://www.openstreetmap.org/way/97202478
bookings@boulebar.co.uk,Boulebar South Bank,Lambeth,Lambeth,American; Burger; Halal; Ice cream; Mexican,https://www.boulebar.co.uk/,,openstreetmap,openstreetmap,2,+4420 3763 3610,101 Upper Ground,SE1 9PP,https://www.openstreetmap.org/way/1386150703
dine@toulouselautrec.co.uk,Brasserie Toulouse Lautrec,Lambeth,Kennington,French,https://toulouselautrec.co.uk/,,venue website,openstreetmap,1,+44 20 7582 6800,140 Newington Butts,SE11 4RN,https://www.openstreetmap.org/node/3306047204
waterloobookings@brewdog.com,BrewDog,Lambeth,Lambeth,Pub,https://drink.brewdog.com/uk/brewdog-waterloo,,venue website,openstreetmap,2,,1 The Sidings,,https://www.openstreetmap.org/node/9962758030
info@brixtonbrewery.com,Brixton Brewery Tap Room,Lambeth,Brixton,Pub,https://brixtonbrewery.com/pages/taproom,taproom@brixtonbrewery.com; protectingyourdata@brixtonbrewery.com; customer.services@brixtonbrewery.com,venue website,openstreetmap,1,,548 Brixton Station Road,SW9 8PF,https://www.openstreetmap.org/node/10087011293
bookings@brixtonjamm.org,Brixton Jamm,Lambeth,Stockwell,Pub,https://brixtonjamm.org/,info@brixtonjamm.org; lost@brixtonjamm.org,venue website,openstreetmap,1,,261 Brixton Road,SW9 6LH,https://www.openstreetmap.org/node/279391479
restaurant@brunswickhouse.london,Brunswick House Cafe,Lambeth,Vauxhall,Restaurant,https://brunswickhouse.london,events@brunswickhouse.london,openstreetmap,openstreetmap,1,+44 20 77202926,30 Wandsworth Road,SW8 2LG,https://www.openstreetmap.org/way/190845696
hello@bunheadbakery.com,Bunhead Bakery,Lambeth,Herne Hill,Bakery,https://www.bunheadbakery.com/,,openstreetmap,openstreetmap,1,+44 7447 677548,145 Dulwich Road,SE24 0NG,https://www.openstreetmap.org/node/12600335801
info@banhbanh.com,Bánh Bánh,Lambeth,Brixton,Asian,https://www.banhbanh.com,,venue website,openstreetmap,1,,326 Coldharbour Lane,SW9 8QH,https://www.openstreetmap.org/node/2252257467
hello@cafepod.com,CafePod Coffee,Lambeth,Clapham,Cafe,https://www.cafepod.com,,venue website,openstreetmap,1,+44 7722 181603,27 Abbeville Road,SW4 9LA,https://www.openstreetmap.org/node/2848395202
enquiries@camelandartichoke.com,Camel & Artichoke,Lambeth,Lambeth,Pub,https://camelandartichoke.co.uk/,,openstreetmap,openstreetmap,1,+44 20 7620 3296,121 Lower Marsh,SE1 7AE,https://www.openstreetmap.org/node/13116885908
london@chinolatino.co.uk,Chino Latino,Lambeth,Lambeth,Asian; Chinese; Mexican,https://chinolatino.co.uk/locations/london/,,openstreetmap,openstreetmap,1,+44 20 7769 2500,Albert Embankment,SE1 7TJ,https://www.openstreetmap.org/node/12644933101
membership@kenningtonpark.org,Collective,Lambeth,Oval,Pizza,https://www.kenningtonpark.org/cafe,,venue website,openstreetmap,1,,,,https://www.openstreetmap.org/way/79401465
info@conuco.co.uk,Conuco,Lambeth,Oval,Cafe,https://www.conuco.co.uk,,venue website,openstreetmap,1,+447999675770,14 Brixton Road,SW9 6BU,https://www.openstreetmap.org/node/4237228443
brixton@creamscafe.com,Creams,Lambeth,Brixton,Ice cream,https://www.creamscafe.com/our-stores/london-brixton/,,openstreetmap,openstreetmap,1,+44 20 7738 4002,392-394 Brixton Road,SW9 7AW,https://www.openstreetmap.org/node/3041743276
manager@crownandanchorbrixton.co.uk,Crown & Anchor,Lambeth,Stockwell,Pub,https://crownandanchorbrixton.co.uk,,venue website,openstreetmap,1,,246 Brixton Road,SW9 6AQ,https://www.openstreetmap.org/node/261245915
crownandcushionpub@gmail.com,Crown & Cushion,Lambeth,Lambeth,Pub,https://www.thecrownandcushion-london.foodanddrinksites.co.uk/,byalongchalk@gmail.com,openstreetmap,openstreetmap,1,+44 20 7803 0573,133-135 Westminster Bridge Road,SE1 7HR,https://www.openstreetmap.org/node/25510381
reservations@cubana.co.uk,Cubana,Lambeth,Lambeth,Restaurant,https://www.cubana.co.uk/find-us/,,venue website,openstreetmap,1,+44 7474 968275,47-48 Lower Marsh,SE1 7RG,https://www.openstreetmap.org/node/587754447
royalfestivalhall@cote.co.uk,Côte Brasserie,Lambeth,Lambeth,French,https://www.cote.co.uk/restaurant/royal-festival-hall,,venue website,openstreetmap,1,+44 20 3846 5606,Belvedere Road,SE1 8XX,https://www.openstreetmap.org/node/282686486
info@davids-deli.co.uk,David's Deli,Lambeth,Streatham,Deli,https://www.davids-deli.co.uk/,,openstreetmap,openstreetmap,1,,1 Ellison Road,,https://www.openstreetmap.org/node/11688752925
bookingswaterloo@draughtslondon.com,Draughts,Lambeth,Lambeth,Cafe,https://www.draughtslondon.com,,venue website,openstreetmap,2,,Arch 16 Leake Street,SE1 7NN,https://www.openstreetmap.org/node/7717861385
info@eatofeden.co.uk,Eat of Eden,Lambeth,Brixton,Restaurant,https://eatofeden.co.uk/,,venue website,openstreetmap,2,+44 20 7737 7566,Coldharbour Lane,SW9 8PR,https://www.openstreetmap.org/node/7637750393
effrasocial@portobellobrewery.com,Effra Social,Lambeth,Brixton,Pub,https://effrasocial.com/,,openstreetmap,openstreetmap,1,+44 20 7737 6800,89 Effra Road,SW2 1DF,https://www.openstreetmap.org/way/298087465
reservations@fancyfunkinchicken.com,Fancy Funkin Chicken,Lambeth,Brixton,Restaurant,http://fancyfunkinchicken.com,,openstreetmap,openstreetmap,1,+44 20 7733 0108,441 Coldharbour Lane,SW9 8LN,https://www.openstreetmap.org/node/4794842221
enquires@firecracker.uk.com,Firecracker,Lambeth,Kennington,Restaurant,https://www.firecracker.uk.com/,,venue website,openstreetmap,2,+44 20 7820 8280,1-5 Windmill Row,SE11 5DW,https://www.openstreetmap.org/node/10804881028
fishbowlbrixton@gmail.com,Fishbowl,Lambeth,Brixton,Seafood,https://fishbowlbrixton.com/,,venue website,openstreetmap,1,,5 Atlantic Road,SW9 8HX,https://www.openstreetmap.org/way/326311945
admin@thefishcotheque.com,Fishcotheque,Lambeth,Lambeth,Seafood,https://thefishcotheque.com/,,openstreetmap,openstreetmap,1,+44 20 7803 9892,79A Waterloo Road,SE1 8UD,https://www.openstreetmap.org/node/5339935734
info@ghostwhalelondon.com,Ghost Whale,Lambeth,Brixton,Pub,https://www.ghostwhalelondon.com,jobongardphoto@gmail.com,venue website,openstreetmap,1,+44 20 7207 1641,70 Atlantic Road,SW9 8PX,https://www.openstreetmap.org/node/11006274641
enquiries@rootsandberries.co.uk,Glassmakers Cafe,Lambeth,Herne Hill,Breakfast,https://www.theglassmakerscafe.co.uk,,venue website,openstreetmap,2,,Brockwell Park Gardens,,https://www.openstreetmap.org/way/5012632
gabrielswharf@gourmetpizzacompany.co.uk,Gourmet Pizza,Lambeth,Lambeth,Pizza,https://www.gourmetpizzacompany.co.uk/southbank/,,venue website,openstreetmap,1,,56 Upper Ground,SE1 9PP,https://www.openstreetmap.org/node/13409071870
hello@greencactuscoffee.com,Green Cactus Coffee,Lambeth,Tulse Hill,Cafe,https://www.greencactuscoffee.com/,,venue website,openstreetmap,1,,178a Norwood Road,SE27 9AU,https://www.openstreetmap.org/node/13236861473
thegrosvenorarmsbrixton@gmail.com,Grosvenor Arms,Lambeth,Stockwell,Pizza; Pub,https://www.thegrosvenorarmsbrixton.com/,,venue website,openstreetmap,1,,17 Sidney Road,SW9 0TP,https://www.openstreetmap.org/node/9316184134
bookings@hararrestaurant.co.uk,Harar,Lambeth,Vauxhall,Restaurant,https://hararrestaurant.co.uk/,,venue website,openstreetmap,1,+44 20 7735 8915,49 South Lambeth Road,SW8 1RH,https://www.openstreetmap.org/node/11113835447
tablebookings@hootanannybrixton.co.uk,Hootananny Brixton,Lambeth,Brixton,Pub,https://www.hootanannybrixton.co.uk/,,venue website,openstreetmap,1,+44 20 7737 7273,95 Effra Road,SW2 1DF,https://www.openstreetmap.org/way/273602168
info@ivyandthewolf.com,"Ivy and the Wolf – Plant Shop, Homeware & Café",Lambeth,West Dulwich,Cafe,https://ivyandthewolf.com,,venue website,openstreetmap,1,,59-61 Westow Hill,,https://www.openstreetmap.org/way/194212847
knowles@portobellobrewery.com,Knowles of Norwood,Lambeth,West Norwood,Pub,https://knowlesofnorwood.co.uk/,,openstreetmap,openstreetmap,1,+44 20 8670 4284,294-296 Norwood Road,SE27 9AF,https://www.openstreetmap.org/node/4232481693
kumakennington@gmail.com,Kuma,Lambeth,Kennington,Asian; Japanese; Korean,https://kumarestaurant.co.uk,kumadelicious@gmail.com,openstreetmap,openstreetmap,1,+44 20 7587 5222,305 Kennington Road,SE11 4QE,https://www.openstreetmap.org/node/2707259895
info@cucina-restaurant.com,La Cucina Di Mamma,Lambeth,Lambeth,Italian,https://cucina-restaurant.com/,,openstreetmap,openstreetmap,1,+44 20 7921 9352,"3j, 3k Belvedere Road",SE1 7GQ,https://www.openstreetmap.org/node/587775005
basingstoke@iguanas.co.uk,Las Iguanas,Lambeth,Lambeth,Restaurant,https://www.iguanas.co.uk/restaurants/london-royal-festival-hall/,bath@iguanas.co.uk; birmingham@iguanas.co.uk; brindleyplace@iguanas.co.uk; resortsworld@iguanas.co.uk; templestreet@iguanas.co.uk; bolton@iguanas.co.uk; bracknell@iguanas.co.uk; brighton@iguanas.co.uk; cribbscauseway@iguanas.co.uk; cambridge@iguanas.co.uk; canterbury@iguanas.co.uk; mermaidquay@iguanas.co.uk; cardiff@iguanas.co.uk; elveden@iguanas.co.uk; longleat@iguanas.co.uk; sherwood@iguanas.co.uk; woburn@iguanas.co.uk; chelmsford@iguanas.co.uk; coventry@iguanas.co.uk; lakeside@iguanas.co.uk; leicester@iguanas.co.uk; liverpool@iguanas.co.uk; livingston@iguanas.co.uk; o2@iguanas.co.uk; wembley@iguanas.co.uk; deansgate@iguanas.co.uk; miltonkeynes@iguanas.co.uk; newcastle@iguanas.co.uk; newport@iguanas.co.uk; nottingham@iguanas.co.uk; peterborough@iguanas.co.uk; plymouth@iguanas.co.uk; gunwharf@iguanas.co.uk; reading@iguanas.co.uk; meadowhall@iguanas.co.uk; southampton@iguanas.co.uk; swansea@iguanas.co.uk; torquay@iguanas.co.uk; watford@iguanas.co.uk; bristol.hs@iguanas.co.uk,venue website,openstreetmap,1,+44 20 7620 1328,Festival Terrace,SE1 8XX,https://www.openstreetmap.org/node/247957988
info@eatlebab.com,Le Bab,Lambeth,Brixton,Restaurant,https://www.eatlebab.com,,venue website,openstreetmap,4,,408 Coldharbour Lane,SW9 8LF,https://www.openstreetmap.org/way/321929828
office@lievitomadre.co.uk,Lievito madre,Lambeth,Clapham,Pizza,https://lievitomadre.co.uk,,venue website,openstreetmap,1,+44 7794 355667,181 Clapham Manor Street,,https://www.openstreetmap.org/node/12093780832
bookings@llewelyns-restaurant.co.uk,Llewelyn's,Lambeth,Herne Hill,Restaurant,https://llewelyns-restaurant.co.uk/,,venue website,openstreetmap,1,,293-295 Railton Road,SE24 0JP,https://www.openstreetmap.org/node/705083497
bookings@lorenzo.uk.com,Lorenzo,Lambeth,Gipsy Hill,Italian,https://www.lorenzo.uk.com,,venue website,openstreetmap,2,+44 20 8761 7485,73 Westow Hill,SE19 1TX,https://www.openstreetmap.org/way/194212858
reservation@restaurantelusitania.co.uk,Lusitania,Lambeth,Stockwell,Restaurant,https://www.restaurantelusitania.co.uk/,,venue website,openstreetmap,1,+44 20 7787 0600,353 Wandsworth Road,SW8 2JH,https://www.openstreetmap.org/way/1049309155
info@mammadough.co.uk,Mamma Dough,Lambeth,Brixton,Pizza,https://www.mammadough.co.uk/,broadway@mammadough.co.uk,venue website,openstreetmap,2,,354 Coldharbour Lane,SW9 8QH,https://www.openstreetmap.org/node/4152747732
info@mammaspizzabrixton.co.uk,Mamma's Pizza,Lambeth,Brixton,Pizza,https://www.mammaspizzabrixton.co.uk,,venue website,openstreetmap,1,+44 20 8678 7878,88 Brixton Hill,SW2 1QN,https://www.openstreetmap.org/node/292011853
info@mamuska.net,Mamuska!,Lambeth,Lambeth,Restaurant,https://mamuska.net,,openstreetmap,openstreetmap,1,+44 20 3602 1898,9 Addington Street,SE1 7RY,https://www.openstreetmap.org/node/6429327325
info@maremmarestaurant.com,Maremma,Lambeth,Brixton,Italian,https://maremmarestaurant.com,,openstreetmap,openstreetmap,1,+44 20 3186 4011,36 Brixton Water Lane,SW2 1PE,https://www.openstreetmap.org/node/11256161480
booking@maximoitalianbistrot.co.uk,Maximo;Maximo Italian Bistro,Lambeth,Kennington,French; Italian,https://www.maximoitalianbistrot.co.uk/,,openstreetmap,openstreetmap,1,,58 Kennington Park Road,SE11 4RS,https://www.openstreetmap.org/node/3796261417
info@metropolisfoodhall.com,Metropolis Food Hall,Lambeth,Lambeth,Food court,https://www.metropolisfoodhall.com/locations/vauxhall,ruth@metropolisfoodhall.com,venue website,openstreetmap,1,,Albert Embankment,SE1 7TP,https://www.openstreetmap.org/node/12846555485
hello@mikosgyros.co.uk,Mikos Gyros,Lambeth,Brixton,Greek,https://www.mikosgyros.com,,openstreetmap,openstreetmap,1,,218 Coldharbour Lane,,https://www.openstreetmap.org/node/12972066409
hello@moonstruck.cafe,Moonstruck Cafe,Lambeth,Oval,Breakfast,https://www.moonstruck.cafe,,openstreetmap,openstreetmap,1,+44 20 3900 2413,153 South Lambeth Road,SW8 1XN,https://www.openstreetmap.org/node/11697659984
info@muan.uk,muan,Lambeth,Brixton,Asian,https://www.muan.uk/,,openstreetmap,openstreetmap,1,,52-53 Coldharbour Lane,SW9 8PS,https://www.openstreetmap.org/node/12640657201
naughtypiglets@gmail.com,Naughty Piglets,Lambeth,Brixton,French,https://naughtypiglets.co.uk,,venue website,openstreetmap,1,+44 20 7274 7796,28 Brixton Water Lane,SW2 1PE,https://www.openstreetmap.org/node/3822483362
roberto@nedsnoodlebar.com,Neds Noodle Bar,Lambeth,Lambeth,Takeaway,https://www.nedsnoodlebar.com/,feedme@nedsnoodlebar.com,venue website,openstreetmap,1,,3E Belvedere Road,SE1 7GQ,https://www.openstreetmap.org/node/544464087
info@okanlondon.com,Okan,Lambeth,Brixton,Asian; Japanese,https://www.okanlondon.com/,,venue website,openstreetmap,2,+44 20 3441 1084,338 Coldharbour Lane,,https://www.openstreetmap.org/node/9854047719
hello@paper-stories.co.uk,Paper Stories,Lambeth,West Norwood,Breakfast,https://www.paper-stories.co.uk/,nhello@paper-stories.co.uk,venue website,openstreetmap,1,,234a Gipsy Road,SE27 9RB,https://www.openstreetmap.org/way/1013253003
hello@peartreecafe.co.uk,Pear Tree Cafe,Lambeth,Clapham,Bakery; Ice cream; Italian; Pizza,https://www.peartreecafe.co.uk/,,venue website,openstreetmap,1,+44 20 7924 2429,,,https://www.openstreetmap.org/node/300435152
info@pintaderacafe.co.uk,Pintadera,Lambeth,West Norwood,Italian,https://www.pintaderacafe.co.uk/,,venue website,openstreetmap,1,+44 20 3638 2172,50 Knight's Hill,SE27 0JD,https://www.openstreetmap.org/node/3170310062
info@friendsofruskinpark.org.uk,Ruskin Park Cafe,Lambeth,Brixton,Cafe,https://www.friendsofruskinpark.org.uk/ruskinparkcafe/,volunteering@friendsofruskinpark.org.uk,venue website,openstreetmap,1,,Denmark Hill,SE5 8EL,https://www.openstreetmap.org/way/590291394
mark@sallywhite.co.uk,Sally White,Lambeth,Kennington,Cafe,https://www.sallywhite.co.uk,,openstreetmap,openstreetmap,1,+44 20 7582 0066,353 Kennington Road,SE11 4QE,https://www.openstreetmap.org/node/4237856433
hello@siamniyom.co.uk,SIAM Niyom,Lambeth,Tulse Hill,Asian,https://www.siamniyom.co.uk/,,openstreetmap,openstreetmap,1,+44 20 8678 8999; +44 7365 954295,347 Norwood Road,SE27 9BQ,https://www.openstreetmap.org/node/5141559355
reservations@sorellarestaurant.co.uk,Sorella,Lambeth,Clapham,Italian,https://www.sorellarestaurant.co.uk/,,venue website,openstreetmap,1,,148 Clapham Manor Street,,https://www.openstreetmap.org/node/5449546322
info@sorrento-norwood.com,Sorrento,Lambeth,West Norwood,Italian,https://sorrento-norwood.com/,,venue website,openstreetmap,1,,376 Norwood Road,SE27 9AA,https://www.openstreetmap.org/node/522089531
info@sportsbarandgrill.co.uk,Sports Bar & Grill,Lambeth,Lambeth,Restaurant,https://sportsbarandgrill.co.uk/,,openstreetmap,openstreetmap,1,+44 20 7928 1898,"The Balcony, Waterloo Railway Station",SE1 7LY,https://www.openstreetmap.org/way/428337508
hello@sushirevolution.co.uk,Sushi Revolution,Lambeth,Brixton,Asian; Sushi,https://www.sushirevolution.co.uk,,openstreetmap,openstreetmap,1,+44 20 4537 4331,240 Ferndale Road,SW9 8FR,https://www.openstreetmap.org/node/4649408363
hello@sweetcarolinakb.co.uk,Sweet Carolina,Lambeth,West Norwood,Cafe,https://www.sweetcarolinakb.co.uk/,,openstreetmap,openstreetmap,1,,2 Knight's Hill,SE27 0HY,https://www.openstreetmap.org/node/2997557695
ahoy@tdock.co.uk,Tamesis Dock,Lambeth,Lambeth,Pub,https://www.tdock.co.uk,,venue website,openstreetmap,1,+44 20 7582 1066,Albert Embankment,SE1 7TY,https://www.openstreetmap.org/way/100674156
info@tarorestaurants.uk,Taro,Lambeth,Oval,Asian; Japanese,https://tarorestaurants.uk/,,openstreetmap,openstreetmap,1,+44 20 7735 7772,412 Kennington Road,SE11 4PT,https://www.openstreetmap.org/node/3323785973
info@tawaroti.com,Tawa Roti,Lambeth,Clapham,Restaurant,https://tawaroti.com/,,openstreetmap,openstreetmap,1,+44 20 7622 7779,12 Clapham High Street,SW4 7UT,https://www.openstreetmap.org/node/3050203355
bookings@theblackdogvauxhall.co.uk,The Black Dog,Lambeth,Kennington,Pub; Spanish,https://theblackdogvauxhall.co.uk/,merch@theblackdogvauxhall.co.uk,venue website,openstreetmap,1,,112 Vauxhall Walk,SE11 5ER,https://www.openstreetmap.org/node/313234121
info@breadandrosespub.com,The Bread and Roses,Lambeth,Clapham,Pub,https://breadandrosespub.co.uk/,,openstreetmap,openstreetmap,1,,68 Clapham Manor Street,SW4 6DZ,https://www.openstreetmap.org/way/1106823471
info@thecambrialondon.co.uk,The Cambria,Lambeth,Brixton,Pub,https://thecambrialondon.co.uk/,,openstreetmap,openstreetmap,1,+44 20 7326 0426,40 Kemerton Road,SE5 9AR,https://www.openstreetmap.org/way/157452542
thecantonarms@gmail.com,The Canton Arms,Lambeth,Oval,Pub,https://www.cantonarms.com,,venue website,openstreetmap,1,+44 20 7582 8710,177 South Lambeth Road,SW8 1XP,https://www.openstreetmap.org/way/1007077773
info@highpress25.co.uk,The Coach & Horses,Lambeth,Clapham,Pizza; Pub,https://frontierpubs.co.uk/pub/coach-horses/,,venue website,openstreetmap,2,+44 20 7498 6308,173 Clapham Park Road,SW4 7EX,https://www.openstreetmap.org/way/1206353507
amkryukov@gmail.com,The Derby,Lambeth,Oval,Pub,https://thederbyse11.co.uk,thederbyoval@gmail.com; jonpinhorn.typedesign@gmail.com,venue website,openstreetmap,1,,336 Kennington Park Road,SE11 4PP,https://www.openstreetmap.org/node/1103275887
info@dukeofsussex.co.uk,The Duke of Sussex,Lambeth,Lambeth,Pub,https://www.dukeofsussex.co.uk/,,openstreetmap,openstreetmap,1,+44 20 3637 6121,23 Baylis Road,SE1 7AY,https://www.openstreetmap.org/way/95806698
info@thefirestationwaterloo.com,The Fire Station,Lambeth,Lambeth,Pub,https://www.firestationwaterloo.co.uk/,events@urbanpubsandbars.com,openstreetmap,openstreetmap,1,+44 20 3727 5938,150 Waterloo Road,SE1 8SB,https://www.openstreetmap.org/node/295971752
enquiries@florencehernehill.com,The Florence,Lambeth,Herne Hill,Pub,https://www.florencehernehill.com/,,venue website,openstreetmap,1,,131-133 Dulwich Road,SE24 0NG,https://www.openstreetmap.org/way/337242148
info@hgrcatsouhernpub.co.uk,The Great Southern,Lambeth,Gipsy Hill,Pub,https://www.thegreatsouthernpub.co.uk/,,openstreetmap,openstreetmap,1,+44 20 8766 8390,79 Gipsy Hill,SE19 1QH,https://www.openstreetmap.org/way/297712178
hercules.office@fullers.co.uk,The Hercules,Lambeth,Lambeth,Pub,https://www.thehercules.co.uk/,,openstreetmap,openstreetmap,1,+44 1909 303688,2 Kennington Road,SE1 7BL,https://www.openstreetmap.org/node/587760188
hello@thekingandco.uk,The King & Co.,Lambeth,Clapham,Pub,https://thekingandco.uk/,,openstreetmap,openstreetmap,1,+44 20 7498 1971,100 Clapham Park Road,SW4 7BZ,https://www.openstreetmap.org/node/4717389968
mulberrybush@youngs.co,The Mulberry Bush,Lambeth,Lambeth,Pub,http://www.mulberrybushpub.com,,openstreetmap,openstreetmap,1,+44 20 7928 7940,89 Upper Ground,SE1 9PP,https://www.openstreetmap.org/node/13409071887
manager@theoxclapham.com,The Ox,Lambeth,Clapham,Pub,https://www.theoxclapham.com/,,openstreetmap,openstreetmap,1,+44 20 3011 2223,50 Clapham High Street,SW4 7UL,https://www.openstreetmap.org/node/12679983901
shane.thepineapple@outlook.com,The Pineapple,Lambeth,Lambeth,Pub,https://www.thepineapple.pub/,,openstreetmap,openstreetmap,1,+44 20 7401 2860,53 Hercules Road,SE1 7DZ,https://www.openstreetmap.org/node/12997749797
hello@princeofwaleskennington.co.uk,The Prince of Wales,Lambeth,Kennington,Pub,https://www.princeofwaleskennington.co.uk,,venue website,openstreetmap,1,+44 207 735 9916,48 Cleaver Square,SE11 4EA,https://www.openstreetmap.org/way/1175033346
bookings@therailwaysw16.co.uk,The Railway,Lambeth,Streatham,Pub,https://www.therailwaysw16.co.uk/,info@therailwaysw16.co.uk,venue website,openstreetmap,1,,2 Greyhound Lane,SW16 5SD,https://www.openstreetmap.org/way/913129291
riversideevents@youngs.co.uk,The Riverside Vauxhall,Lambeth,Vauxhall,Pub,https://www.riversidelondon.co.uk/,,openstreetmap,openstreetmap,1,+44 20 7735 8129,5 St. George's Wharf,SW8 2LE,https://www.openstreetmap.org/node/904362356
info@therosendale.co.uk,The Rosendale,Lambeth,West Dulwich,Pub,https://www.therosendale.co.uk/,,openstreetmap,openstreetmap,1,+44 20 8761 9008,65 Rosendale Road,SE21 8EZ,https://www.openstreetmap.org/way/922524127
steamengine@publove.co.uk,The Steam Engine,Lambeth,Lambeth,Pub,https://www.publove.co.uk/pubs/steam-engine,,openstreetmap,openstreetmap,1,+44 20 7928 0720,41-42 Cosser Street,SE1 7BU,https://www.openstreetmap.org/node/12997775906
info@thestonhouse.co.uk,The Stonhouse,Lambeth,Clapham,Pub,https://www.thestonhouse.co.uk/,,openstreetmap,openstreetmap,1,+44 20 7819 9312,165 Stonhouse Street,SW4 6BJ,https://www.openstreetmap.org/way/961153760
info@teahousetheatre.co.uk,The Tea House Theatre,Lambeth,Kennington,Cafe,https://www.teahousetheatre.co.uk/,,openstreetmap,openstreetmap,1,+44 20 7207 4585,139 Vauxhall Walk,SE11 5HL,https://www.openstreetmap.org/way/276191140
bookings@thethamesrestaurant.com,The Thames,Lambeth,Lambeth,Indian,http://www.thethamesrestaurant.com/,,openstreetmap,openstreetmap,1,+44 20 7928 3856,79 Waterloo Road,SE1 8UD,https://www.openstreetmap.org/node/597316522
manager@threestagspub.com,The Three Stags,Lambeth,Lambeth,Pub,https://www.threestagspub.com/,,venue website,openstreetmap,1,,67-69 Kennington Road,SE1 7PZ,https://www.openstreetmap.org/node/12997756180
thewalrushostel@gmail.com,The Walrus,Lambeth,Lambeth,Pub,https://www.thewalrusbarandhostel.co.uk/barpage1,,openstreetmap,openstreetmap,1,+44 7545589214,172 Westminster Bridge Road,SE1 7RW,https://www.openstreetmap.org/node/348782665
windmillhotel@youngs.co.uk,The Windmill,Lambeth,Clapham,Pub,https://www.windmillclapham.co.uk/,,openstreetmap,openstreetmap,1,+44 20 8673 4578,Windmill Drive,SW4 9DE,https://www.openstreetmap.org/node/279526311
windmillbrixton@yahoo.co.uk,The Windmill,Lambeth,Brixton,Pub,https://www.windmillbrixton.co.uk/,,venue website,openstreetmap,1,,,,https://www.openstreetmap.org/way/96598337
info@troia-restaurant.co.uk,Troia,Lambeth,Lambeth,Restaurant,https://troia-restaurant.co.uk/,,openstreetmap,openstreetmap,1,+44 20 7633 9309,3F Belvedere Road,SE1 7GQ,https://www.openstreetmap.org/node/544460892
twobrewers.london@stonegatepubs.com,Two Brewers,Lambeth,Clapham,Pub,https://www.the2brewers.com/london,,openstreetmap,openstreetmap,1,+44 20 7819 9539,114 Clapham High Street,SW4 7UJ,https://www.openstreetmap.org/node/289829475
waterloo@unwinedbars.co.uk,Unwined in Waterloo,Lambeth,Lambeth,Bar,https://unwinedbars.co.uk,hello@unwinedbars.co.uk,openstreetmap,openstreetmap,1,+44 20 7803 9035,137 Lower Marsh,SE1 7AE,https://www.openstreetmap.org/node/11225891677
upstairs@trinityrestaurant.co.uk,Upstairs,Lambeth,Clapham,Restaurant,https://trinity-upstairs.co.uk/,,openstreetmap,openstreetmap,1,+44 20 7622 1199,4 The Polygon,SW4 0JG,https://www.openstreetmap.org/node/13564039701
utea_ltd@yahoo.com,UTEA,Lambeth,West Norwood,Cafe,https://utea.uk/,,venue website,openstreetmap,1,,515 Norwood Road,SE27 9DL,https://www.openstreetmap.org/node/5142968774
hello@vaultytowers.london,Vaulty Towers,Lambeth,Lambeth,Asian,https://www.vaultytowers.london,,venue website,openstreetmap,1,,34 Lower Marsh,SE1 7RG,https://www.openstreetmap.org/node/13103481999
info@vennstreetrecords.com,VennStreet Records,Lambeth,Clapham,Pub,https://www.vennstreetrecords.com/,,venue website,openstreetmap,1,+44 20 3006 5911,78 Venn Street,,https://www.openstreetmap.org/node/12093799635
orders@volcanocoffeeworks.com,Volcano Coffee Works Café,Lambeth,West Dulwich,Cafe,https://volcanocoffeeworks.com/,,venue website,openstreetmap,1,,40 Martell Road,SE21 8EN,https://www.openstreetmap.org/node/9963740919
waterloo@wahaca.co.uk,Wahaca,Lambeth,Lambeth,Mexican,https://www.wahaca.co.uk/location/waterloo/,,openstreetmap,openstreetmap,1,+44 20 3951 9748,119 Waterloo Road,SE1 8UL,https://www.openstreetmap.org/node/3333951907
amasushiuk@gmail.com,Ama Sushi,Lewisham,Forest Hill,Asian; Sushi,https://www.amasushi.co.uk/,,venue website,openstreetmap,1,+442082596068,49A Dartmouth Road,SE23 3HN,https://www.openstreetmap.org/way/289446732
theamershamarmsofficial@gmail.com,Amersham Arms,Lewisham,New Cross,Pub,https://amershamarms.co.uk/,events@amershamarms.co.uk,openstreetmap,openstreetmap,1,+44 20 8691 9506,388 New Cross Road,SE14 6TY,https://www.openstreetmap.org/node/444540131
honoroak@amrutha.co.uk,Amrutha,Lewisham,Honor Oak,Restaurant,https://www.amrutha.co.uk/,earlsfield@amrutha.co.uk,openstreetmap,openstreetmap,1,+44 203 685 4262,37-39 Honor Oak Park,SE23 1DZ,https://www.openstreetmap.org/node/10694481817
antoniodelicatessen@yahoo.com,Antonio Delicatessen,Lewisham,Lewisham,Deli,https://www.antoniodelicatessen.co.uk,,openstreetmap,openstreetmap,1,+44 20 8852 1370,23 Lewis Grove,SE13 6BG,https://www.openstreetmap.org/node/10308608587
avaloncafe.bookings@gmail.com,Avalon Cafe,Lewisham,New Cross,Cafe,https://www.instagram.com/avaloncafebermondsey,,openstreetmap,openstreetmap,1,+44 20 8692 9860,Juno Way,SE14 5RW,https://www.openstreetmap.org/way/711284978
info@badgerbadger.org,Badger Badger,Lewisham,Deptford,Pub,https://www.badgerbadger.org/,deptford@badgerbadger.org; westnorwood@badgerbadger.org,openstreetmap,openstreetmap,1,+44 20 8691 5642,139-145 Deptford High Street,SE8 3NU,https://www.openstreetmap.org/node/9657161178
birdinhand@anticlondon.com,Bird in Hand,Lewisham,Forest Hill,Pub,https://birdinhandforesthill.com/,daniel@anticlondon.com,openstreetmap,openstreetmap,1,,35 Dartmouth Road,SE23 3HN,https://www.openstreetmap.org/way/289374226
hello@bustermantis.com,Buster Mantis,Lewisham,Deptford,Restaurant,https://www.bustermantis.com/,book@bustermantis.com,openstreetmap,openstreetmap,1,+44 20 8691 5191,3-4 Resolution Way,SE8 4NT,https://www.openstreetmap.org/node/9026571819
contact@cafegreen.co.uk,Cafe Green,Lewisham,Hither Green,Asian,https://www.cafegreen.co.uk/,,openstreetmap,openstreetmap,1,+44 20 8297 6932,65 Ennersdale Road,SE13 6JE,https://www.openstreetmap.org/node/10081684569
info@canvasandcream.com,Canvas & Cream,Lewisham,Forest Hill,Breakfast,https://www.canvasandcream.com/,,openstreetmap,openstreetmap,1,+44 20 8699 9589,18 London Road,SE23 3HF,https://www.openstreetmap.org/way/289555896
info@catfordtavern.com,Catford Bridge Tavern,Lewisham,Catford,Burger; Pub,https://www.catfordtavern.com/,,openstreetmap,openstreetmap,1,+44 20 8690 6759,Station Approach,SE6 4RE,https://www.openstreetmap.org/way/434179033
hello@chalouis.co.uk,Cha-Louis,Lewisham,Blackheath,Asian,https://www.chalouis.co.uk/,,openstreetmap,openstreetmap,1,+44 20 8318 9388,1 Blackheath Grove,SE3 0DD,https://www.openstreetmap.org/node/671796203
meetme@cornernewcross.com,Corner,Lewisham,New Cross,Cafe,https://www.cornernewcross.com/,,openstreetmap,openstreetmap,1,+44 20 8075 0633,117 New Cross Road,SE14 5DJ,https://www.openstreetmap.org/node/2172272190
info@crumblemania.com,Crumble Mania,Lewisham,New Cross,Restaurant,https://crumblemania.com/,,openstreetmap,openstreetmap,1,+44 20 8694 1160,395A New Cross Road,SE14 6LA,https://www.openstreetmap.org/node/6832746537
blackheath@everestinn.co.uk,Everest Inn,Lewisham,Blackheath,Indian,https://everestinn.co.uk/blackheath/,contact@everestinn.co.uk,openstreetmap,openstreetmap,1,+44 20 8852 7872,41 Montpelier Vale,SE3 0TJ,https://www.openstreetmap.org/node/10280308624
hello@foundhope.store,Found Hope,Lewisham,Hither Green,Cafe,https://foundhope.store/,,venue website,openstreetmap,1,,216 Hither Green Lane,,https://www.openstreetmap.org/node/5545624324
blackheath@francomanca.co.uk,Franco Manca,Lewisham,Blackheath,Pizza,https://www.francomanca.co.uk/restaurants/blackheath-village/,,openstreetmap,openstreetmap,1,+44 20 3026 8116,58-62 Tranquil Vale,SE3 0BN,https://www.openstreetmap.org/node/10280308609
contact@goldsmithscafe.co.uk,Goldsmiths Café,Lewisham,New Cross,Breakfast,https://www.goldsmithscafe.co.uk/,,openstreetmap,openstreetmap,1,+44 20 8694 6940,25-27 Lewisham Way,SE14 6PP,https://www.openstreetmap.org/node/12532959120
sydenham@goodfood.org.uk,Good Food,Lewisham,"Sydenham (also Lower Sydenham, Upper Sydenham)",Deli,https://www.goodfood.org.uk,catford@goodfood.org.uk,openstreetmap,openstreetmap,1,+44 20 8778 1020,26B Sydenham Road,SE26 5QW,https://www.openstreetmap.org/node/8756492403
info@gurkhacuisine.com,Gurkhas,Lewisham,"Sydenham (also Lower Sydenham, Upper Sydenham)",Indian,https://gurkhacuisine.com/,,openstreetmap,openstreetmap,1,+44 20 8778 3322; +44 20 8778 3222,67 Sydenham Road,SE26 5UA,https://www.openstreetmap.org/node/540134537
greenwich@irosushi.com,Iro Sushi,Lewisham,Lewisham,Asian; Sushi,https://www.irosushi.com,,openstreetmap,openstreetmap,1,+44 20 8103 5904,2 Rennell Street,SE13 7HD,https://www.openstreetmap.org/way/314998652
webhello@joycebrockley.com,Joyce,Lewisham,Brockley,Pub,https://joycebrockley.com/,bookings@joycebrockley.com,openstreetmap,openstreetmap,1,,294 Brockley Road,SE4 2RA,https://www.openstreetmap.org/node/11786475613
bookings.deptford@kiliglondon.co.uk,KiliG,Lewisham,Deptford,Restaurant,https://www.kiliglondon.co.uk/,info@kiliglondon.co.uk,venue website,openstreetmap,1,,2 Resolution Way,,https://www.openstreetmap.org/node/12077012447
info@lapizzaitalia.com,La Pizzeria Italiana,Lewisham,Catford,Italian; Pizza,https://www.lapizzaitalia.com/,,venue website,openstreetmap,1,+44 20 8461 4606,3 Brownhill Road,SE6 2EF,https://www.openstreetmap.org/node/8695203810
info@laplacita.com,La Placita Mall,Lewisham,New Cross,Food court,https://facebook.com/p/La-Placita-Mall-100054360258375,,openstreetmap,openstreetmap,1,+44 7799 650801,149 New Cross Road,SE14 5DJ,https://www.openstreetmap.org/node/12645455701
hello@ladywell.pub,Ladywell Tavern,Lewisham,Ladywell,Pub,https://www.ladywell.pub/,,venue website,openstreetmap,1,,80 Ladywell Road,SE13 7HS,https://www.openstreetmap.org/way/214247037
bonjour@ledelice.co.uk,Le Délice,Lewisham,Ladywell,Cafe,https://www.ledelice.co.uk/,,openstreetmap,openstreetmap,1,+44 20 8690 3238,38 Ladywell Road,SE13 7UZ,https://www.openstreetmap.org/node/3891083155
restaurant@levantelewisham.uk,Levant,Lewisham,Lewisham,Restaurant,https://www.levantelewisham.uk/restaurant/,,openstreetmap,openstreetmap,1,+44 20 8355 3522,11 Lewis Grove,SE13 6BG,https://www.openstreetmap.org/node/10537322489
lewishamtavern@outlook.com,Lewisham Tavern,Lewisham,Lewisham,Pub,https://www.craftunionpubs.com/lewisham-tavern-lewisham,,openstreetmap,openstreetmap,1,,1 Lee High Road,SE13 5LD,https://www.openstreetmap.org/node/2519314340
contact@madeleinescreperie.com,Madeleine's Creperie,Lewisham,Blackheath,Breakfast; Deli; French; Ice cream,https://www.madeleinescreperie.com/,,openstreetmap,openstreetmap,1,,1-3 Tranquil Vale,SE3 0BU,https://www.openstreetmap.org/node/10280308666
info@maggiesrestaurant.co.uk,Maggie's,Lewisham,Lewisham,Cafe,https://maggiesrestaurant.co.uk/,,openstreetmap,openstreetmap,1,+44 20 8244 0339,320-322 Lewisham Road,SE13 7PA,https://www.openstreetmap.org/way/1024236404
info@magicfoodsltd.com,Magic Foods Plc,Lewisham,New Cross,Ice cream,https://magicfoodsltd.com/,,openstreetmap,openstreetmap,1,+44 20 8692 6300,,,https://www.openstreetmap.org/node/11961180693
hello@marcella.london,Marcella,Lewisham,Deptford,Restaurant,https://marcella.london/,,openstreetmap,openstreetmap,1,+4420 3903 6561,165A Deptford High Street,SE8 3NU,https://www.openstreetmap.org/node/11244670475
00838@uk.mcd.com,McDonald's,Lewisham,Catford,Burger,https://www.mcdonalds.com/gb/en-gb/location/catford/catford-2/catford-island/8260838.html,,openstreetmap,openstreetmap,1,+44 20 8695 9503,Plassy Road,SE6 2AW,https://www.openstreetmap.org/way/403628004
01440@uk.mcd.com,McDonald's,Lewisham,Bell Green,Burger,https://www.mcdonalds.com/gb/en-gb/location/sydenham/sydenham/bell-green-retail-park/8261440.html,,openstreetmap,openstreetmap,1,,Bell Green Retail Park,SE26 4PU,https://www.openstreetmap.org/way/555320956
mezemangalrestaurant@gmail.com,Meze Mangal Turkish restaurant,Lewisham,Brockley,Restaurant,https://www.mezemangalrestaurant.co.uk/,,openstreetmap,openstreetmap,1,+44 20 8694 8099,245 Lewisham Way,SE4 1XF,https://www.openstreetmap.org/node/1285073336
info@monikarestaurants.com,Monika,Lewisham,Deptford,Restaurant,https://monikarestaurants.com/,,venue website,openstreetmap,1,,14 Deptford Broadway,SE8 4PA,https://www.openstreetmap.org/node/11331506281
contact@mousetailcoffee.com,Mouse Tail Coffee Stories,Lewisham,Deptford,Breakfast,https://www.mousetailcoffee.com/,,venue website,openstreetmap,2,,Deptford High Street,SE8 4NS,https://www.openstreetmap.org/node/5843824188
mysticburek@gmail.com,Mystic Burek,Lewisham,"Sydenham (also Lower Sydenham, Upper Sydenham)",Restaurant,https://mysticburek.com,,venue website,openstreetmap,1,,227 Dartmouth Road,SE26 4QY,https://www.openstreetmap.org/way/1209728426
info@newcrossinn.com,New Cross Inn,Lewisham,New Cross,Pub,https://www.newcrossinn.com/,paul@newcrossinn.com; stocks@newcrossinn.com; kieron@newcrossinn.com,openstreetmap,openstreetmap,1,+44 20 8469 4382,323 New Cross Road,SE14 6AS,https://www.openstreetmap.org/node/280592972
newhkcity@gmail.com,New HongKong City,Lewisham,New Cross,Asian; Chinese,https://newhongkongcity.co.uk/,,openstreetmap,openstreetmap,1,+44 20 7252 9888,43 New Cross Road,SE14 5FP,https://www.openstreetmap.org/way/616191096
newxcoffee@hotmail.com,New X Coffee,Lewisham,New Cross,Breakfast,https://www.facebook.com/NewXCoffee/,,openstreetmap,openstreetmap,1,,259 New Cross Road,SE14 5UL,https://www.openstreetmap.org/node/12569602677
oscarsladywell@gmail.com,Oscar's SE13,Lewisham,Ladywell,Cafe,https://www.cafeoscars.co.uk/,,openstreetmap,openstreetmap,1,,48 Ladywell Road,SE13 7UZ,https://www.openstreetmap.org/node/6448681426
bookings@paddywok.com,Paddy Wok,Lewisham,Deptford,Asian; Chinese,https://www.paddywok.com/,info@paddywok.com; press@paddywok.com,venue website,openstreetmap,1,,3 Creekside,SE8 4SA,https://www.openstreetmap.org/node/13276789001
adrian@parkfever.co.uk,Park Fever,Lewisham,Hither Green,Cafe,https://www.parkfever.co.uk/,,venue website,openstreetmap,1,+44 7775 841270,21a Staplehurst Road,SE13 5ND,https://www.openstreetmap.org/node/7500741505
info@payizrestaurant.co.uk,Payîz,Lewisham,Lewisham,Restaurant,https://payizrestaurant.co.uk,,venue website,openstreetmap,1,+44 20 3935 7425,102 Granville Park,SE13 7DU,https://www.openstreetmap.org/node/8928324035
piazzadellacucina@gmail.com,Piazza Della Cucina,Lewisham,Forest Hill,Italian,https://www.piazzadellacucina.co.uk/,,openstreetmap,openstreetmap,1,+442086992303,15 Perry Vale,SE23 2NE,https://www.openstreetmap.org/way/289799677
mailbox@pide.co.uk,Pide Turkish Kitchen,Lewisham,Catford,Pizza,https://www.pide.co.uk/,,openstreetmap,openstreetmap,1,+44 20 8690 0543,15 Catford Hill,SE6 4NU,https://www.openstreetmap.org/node/6501953343
pistachioshillyfields@hotmail.co.uk,Pistachios Cafe,Lewisham,Ladywell,Cafe,https://pistachiosinthepark.org.uk/hilly-fields-lewisham/,,openstreetmap,openstreetmap,1,+44 20 8694 3674,Eastern Road,SE4 1LB,https://www.openstreetmap.org/way/1099864736
info@railwaytelegraph.co.uk,Railway Telegraph,Lewisham,Forest Hill,Pub,https://www.railwaytelegraph.co.uk/,,venue website,openstreetmap,1,+44 20 8699 5504,112 Stanstead Road,SE23 1BS,https://www.openstreetmap.org/node/479652522
royalalbert@portobellobrewery.com,Royal Albert,Lewisham,New Cross,Pub,https://royalalbertpub.co.uk/,,openstreetmap,openstreetmap,1,+44 20 8692 3737,460 New Cross Road,SE14 6TJ,https://www.openstreetmap.org/node/280606917
saltdeptford@saltbeerfactory.co.uk,Salt Deptford,Lewisham,Deptford,Pizza; Pub,https://www.saltbeerfactory.co.uk/,,openstreetmap,openstreetmap,1,+44 20 8469 1622,Market Yard,SE8 4BX,https://www.openstreetmap.org/node/5843761645
hello@servesmiths.com,Servesmiths,Lewisham,Catford,Breakfast,https://www.servesmiths.com/,,venue website,openstreetmap,1,,3A Doggett Road,SE6 4PZ,https://www.openstreetmap.org/way/435139129
hello@sylvalondon.co.uk,Sylva Restaurant,Lewisham,Deptford,American; Breakfast,https://sylvalondon.co.uk/,,venue website,openstreetmap,1,+447423097680,222 Trundley's Road,SE8 5JE,https://www.openstreetmap.org/way/166894176
hello@thebakersart.co.uk,The Baker's Art,Lewisham,Deptford,Bakery,https://thebakersart.co.uk,,venue website,openstreetmap,1,,Unit 1B Creekside,SE8 4SA,https://www.openstreetmap.org/node/13665427205
deptfordbirdsnest@gmail.com,The Birds Nest,Lewisham,Deptford,Pub,http://www.thebirdsnestpub.co.uk/,,openstreetmap,openstreetmap,1,+44 20 8305 6503,32 Deptford Church Street,SE8 4RZ,https://www.openstreetmap.org/way/1187589494
hello@thebroadwaycafe.uk,The Broadway Cafe,Lewisham,Deptford,Italian,https://www.thebroadwaycafe.uk/,,venue website,openstreetmap,1,,47 Deptford Broadway,SE8 4PH,https://www.openstreetmap.org/node/8626069286
thebrocacafe@gmail.com,The Broca,Lewisham,Brockley,Bakery; Breakfast; Deli,https://thebroca.com/,,openstreetmap,openstreetmap,1,,3-4 Coulgate Street,SE4 2RW,https://www.openstreetmap.org/node/462593318
thecatfordhouse@gcda.org.uk,The Catford House,Lewisham,Catford,Pub,https://www.thecatfordhouse.pub/,,openstreetmap,openstreetmap,1,+44 20 4542 2138,Catford Broadway,SE6 4SP,https://www.openstreetmap.org/way/492411237
info@thecommunist.co.uk,The Communist,Lewisham,New Cross,Takeaway,https://www.thecommunist.co.uk,infothecommunist@gmail.com,openstreetmap,openstreetmap,1,+44 74 2413 2362,492 New Cross Road,SE14 6TJ,https://www.openstreetmap.org/node/10701429047
thedogandbell@gmail.com,The Dog & Bell,Lewisham,Deptford,Breakfast; Burger; Pub; Seafood; Steak,https://www.facebook.com/TheDogandBell,,openstreetmap,openstreetmap,1,+44 20 8692 5664,116 Prince Street,SE8 3JD,https://www.openstreetmap.org/way/372116667
dolphin@innpublic.com,The Dolphin,Lewisham,"Sydenham (also Lower Sydenham, Upper Sydenham)",Pub,https://thedolphinsydenham.com/,,openstreetmap,openstreetmap,1,+44 20 8778 8101,121 Sydenham Road,SE26 5HB,https://www.openstreetmap.org/way/334030129
hello@faunabrewing.com,The Foresters Arms,Lewisham,Forest Hill,Pub,https://www.faunabrewing.com/the-foresters-arms,tj@faunabrewing.com,openstreetmap,openstreetmap,1,+442082593470,53 Perry Vale,SE23 2NE,https://www.openstreetmap.org/way/289754952
info@foxfirkin.com,The Fox & Firkin,Lewisham,Ladywell,Pub,https://foxfirkin.com/,,openstreetmap,openstreetmap,1,,316 Lewisham High Street,SE13 6JZ,https://www.openstreetmap.org/node/2652399072
info@thefoxandhoundspub.com,The Fox & Hounds Pub,Lewisham,"Sydenham (also Lower Sydenham, Upper Sydenham)",Pub,https://thefoxandhoundspub.com/,,openstreetmap,openstreetmap,1,+44 20 8291 0482,150 Kirkdale,SE26 4BB,https://www.openstreetmap.org/node/479652529
hello@thegreyhoundsydenham.co.uk,The Greyhound,Lewisham,"Sydenham (also Lower Sydenham, Upper Sydenham)",Pub,https://thegreyhoundsydenham.co.uk/,,openstreetmap,openstreetmap,1,+44 20 8659 0231,313-315 Kirkdale,SE26 4QB,https://www.openstreetmap.org/node/2395017747
enquiries@hareandbillet.com,The Hare and Billet,Lewisham,Blackheath,Pub,https://www.hareandbillet.com/,,openstreetmap,openstreetmap,1,+44 20 8852 2352,1a Eliot Cottages,SE3 0QJ,https://www.openstreetmap.org/way/479277796
cafeinthepark@live.co.uk,The Hill Station,Lewisham,New Cross,Breakfast,https://hillstationcafe.co.uk/,impallari@gmail.com,openstreetmap,openstreetmap,1,+44 20 7635 2955,Kitto Road,SE14 5TW,https://www.openstreetmap.org/node/965859430
hello@honoroak.pub,The Honor Oak,Lewisham,Honor Oak,Pub,https://www.honoroak.pub/,,openstreetmap,openstreetmap,1,,1 St Germans Road,SE23 1RH,https://www.openstreetmap.org/node/26992933
enquiry@horniman.ac.uk,The Horniman Cafe,Lewisham,Forest Hill,Cafe,https://www.horniman.ac.uk/plan-your-visit/food-drink/,venuehire@horniman.ac.uk,venue website,openstreetmap,1,+44 20 8699 4666,100 London Road,SE23 3PQ,https://www.openstreetmap.org/node/2410986575
info@khansrestaurant.uk,The Khans,Lewisham,Blackheath,Indian,https://khansate.co.uk/,,openstreetmap,openstreetmap,1,+44 20 3976 8624,28 Montpelier Vale,SE3 0TA,https://www.openstreetmap.org/node/10280308642
info@pavilionpub.com,The Pavillion,Lewisham,"Sydenham (also Lower Sydenham, Upper Sydenham)",Pub,https://info6435372.wixsite.com/pavilionpub-1,,openstreetmap,openstreetmap,1,,325 Kirkdale,SE26 4QB,https://www.openstreetmap.org/node/659512226
hello@therealturkish.co.uk,The Real Turkish,Lewisham,Catford,Restaurant,https://www.facebook.com/100090736895184,,openstreetmap,openstreetmap,1,,195 Rushey Green,SE6 4BD,https://www.openstreetmap.org/node/10092095486
contact@rosepubandkitchen.com,The Rose,Lewisham,New Cross,Pub,https://www.rosepubandkitchen.com,,openstreetmap,openstreetmap,1,+44 20 8692 3193,272 New Cross Road,SE14 6AA,https://www.openstreetmap.org/way/775813753
info@signalforesthil.com,The Signal,Lewisham,Forest Hill,Pub,https://signalforesthill.com/,info@signalforesthill.com,openstreetmap,openstreetmap,1,,7 Devonshire Road,SE23 3HE,https://www.openstreetmap.org/way/289754934
hello@thetalbotbrockley.co.uk,The Talbot,Lewisham,Ladywell,Pub,https://www.thetalbotbrockley.co.uk/,,openstreetmap,openstreetmap,1,+44 20 8692 2665,2 Tyrwhitt Road,SE4 1QG,https://www.openstreetmap.org/way/211942078
enquiries@waitingroomse8.co.uk,The Waiting Room,Lewisham,Deptford,Bagels; Breakfast,https://waitingroomse8.co.uk/,,openstreetmap,openstreetmap,1,+44 20 3601 0100,134 Deptford High Street,SE8 3PQ,https://www.openstreetmap.org/node/3371176984
info@tropicallondon.com,Tropical London,Lewisham,New Cross,Bar,https://www.tropicallondon.com/,,openstreetmap,openstreetmap,1,,44 Lewisham Way,SE14 6NP,https://www.openstreetmap.org/node/550437192
hello@urbanbaristas.co.uk,Urban Baristas,Lewisham,New Cross,Breakfast,https://www.urbanbaristas.co.uk/tools/locations/locations/new-cross-gate-urban-baristas,mllegeorgesand@gmail.com,venue website,openstreetmap,3,,Batavia Road,SE14 6AX,https://www.openstreetmap.org/way/729707873
hello@villagesbrewery.com,Villages,Lewisham,Deptford,Pub,https://villagesbrewery.com/,sales@villagesbrewery.com; webstore@villagesbrewery.com; taproom@villagesbrewery.com,venue website,openstreetmap,1,,21-26 Resolution Way,SE8 4NT,https://www.openstreetmap.org/node/9026571820
blackheath@zerodegrees.co.uk,Zero Degrees,Lewisham,Blackheath,Pizza,https://www.zerodegrees.co.uk/restaurants/blackheath/,,openstreetmap,openstreetmap,1,+44 20 8852 5619,29-33 Montpelier Vale,SE3 0TJ,https://www.openstreetmap.org/node/10280308628
marketing@zestbrunchandbar.co.uk,Zest Brunch & Bar,Lewisham,Lewisham,Breakfast,https://zestbrunchandbar.co.uk/,zestbrunchandbar@gmail.com,openstreetmap,openstreetmap,1,,1 Loampit Vale,SE13 7NX,https://www.openstreetmap.org/node/13115132165
enquiry@eko77.co.uk,Éko '77,Lewisham,New Cross,Restaurant,https://eko77.co.uk/,,venue website,openstreetmap,1,+44 20 3648 9963,403-405 New Cross Road,SE14 6LA,https://www.openstreetmap.org/way/729330024
reservations@601queensrd.co.uk,601 Queens Road,Merton,Wimbledon,Pub,https://601queensrd.co.uk/,,venue website,openstreetmap,1,,The Broadway,SW19 8ND,https://www.openstreetmap.org/node/4117016441
info@ambiencerestaurant.co.uk,Ambience,Merton,Wimbledon,Restaurant,https://ambiencerestaurant.co.uk/,,venue website,openstreetmap,1,,12 Leopold Road,SW19 7BD,https://www.openstreetmap.org/way/363996374
bookings@babylon76-78.co.uk,Babylon,Merton,Raynes Park,Restaurant,https://babylon76-78.co.uk/,info@babylon76-78.co.uk; babylon76-78@outlook.com,venue website,openstreetmap,1,,76-78 Coombe Lane,SW20 0AX,https://www.openstreetmap.org/node/6859085200
info@bawi.co.uk,Bawi's,Merton,Wimbledon,Burger,https://www.bawi.co.uk/,,venue website,openstreetmap,1,+442080598445,283 Kingston Road,SW20 8LB,https://www.openstreetmap.org/node/13416429541
bellacapriwimbledon@gmail.com,Bella Capri,Merton,Wimbledon,Italian,https://bellacapriwimbledon.co.uk,,venue website,openstreetmap,1,,25 High Street,SW19 5DX,https://www.openstreetmap.org/node/423749753
wimbledon@bills-email.co.uk,Bill's,Merton,Wimbledon,Restaurant,https://bills-website.co.uk/restaurants/london-wimbledon/,,openstreetmap,openstreetmap,1,+44 20 8947 8285,20 Hartfield Road,SW19 3TA,https://www.openstreetmap.org/node/395412152
contact@blackradishsw19.com,Black Radish,Merton,Wimbledon,Restaurant,https://www.blackradishsw19.com/,,venue website,openstreetmap,1,,28 Ridgway,SW19 4QW,https://www.openstreetmap.org/way/469771540
info@bluejunction.co.uk,Blue Junction,Merton,Morden,Indian,https://www.bluejunction.co.uk/,,venue website,openstreetmap,1,+44 20 8540 2583,1 Crown Lane,SM4 5DA,https://www.openstreetmap.org/node/12852889893
info@bobochacha.com,Bobochacha,Merton,Wimbledon,Asian,https://bobochacha.com/,,venue website,openstreetmap,2,+44 20 8143 1375,77 The Broadway,SW19 1QE,https://www.openstreetmap.org/way/480477268
info@bombaydelight.co.uk,Bombay Delight,Merton,South Wimbledon,Indian,https://bombaydelight.co.uk/en,,venue website,openstreetmap,1,+442045686294,271-273 The Broadway,SW19 1SD,https://www.openstreetmap.org/way/480477236
wimbledon@barestaurant.com,Buenos Aires,Merton,Wimbledon,Restaurant,https://www.barestaurant.com/restaurants/wimbledon/,customerservice@barestaurant.com,venue website,openstreetmap,1,,62 Wimbledon Hill Road,SW19 7PA,https://www.openstreetmap.org/way/468103565
promotions@cocobeanz.co.uk,Cocobeanz Colliers Wood,Merton,Colliers Wood,Cafe,https://www.cocobeanz.co.uk/,,venue website,openstreetmap,1,+44 7828 746236,2 Christchurch Road,,https://www.openstreetmap.org/node/13311633901
morden@creamscafe.com,Creams,Merton,Morden,Ice cream,https://www.creamscafe.com/our-stores/morden/,,venue website,openstreetmap,1,,23 London Road,SM4 5HT,https://www.openstreetmap.org/node/14201159480
mailbox@crystaltakeaway.co.uk,Crystal Chinese,Merton,Raynes Park,Asian; Chinese,https://www.crystaltakeaway.co.uk/,,venue website,openstreetmap,1,+44 20 8543 5365,413 Kingston Road,SW20 8JS,https://www.openstreetmap.org/node/6933231067
wimbledon@cote.co.uk,Côte Brasserie,Merton,Wimbledon,French,https://www.cote.co.uk/restaurant/wimbledon,,venue website,openstreetmap,1,+44 20 8947 7100,8 High Street,SW19 5DX,https://www.openstreetmap.org/way/373892433
info@dalchini.co.uk,Dalchini,Merton,Wimbledon,Asian; Chinese,https://www.dalchini.co.uk/,,venue website,openstreetmap,1,+44 20 8947 5966,147 Arthur Road,SW19 8AB,https://www.openstreetmap.org/way/363976699
info@dallaschicken.co.uk,Dallas Chicken and Ribs,Merton,South Wimbledon,Takeaway,https://www.dallaschicken.co.uk/,,venue website,openstreetmap,1,,240 Merton High Street,SW19 1AU,https://www.openstreetmap.org/node/1481364487
wimbledon@dandan-restaurant.co.uk,DanDan,Merton,Wimbledon,Asian,https://dandan-restaurant.co.uk/wimbledon,,venue website,openstreetmap,1,,80 The Broadway,SW19 1RH,https://www.openstreetmap.org/way/461483930
ganleymorden@outlook.com,Ganley's Irish Bar,Merton,Morden,Pub,https://ganleysirishbar.com/,,venue website,openstreetmap,1,+442086850481,43-47 London Road,SM4 5HP,https://www.openstreetmap.org/node/4617068622
wowokchina@gmail.com,GC Kitchen,Merton,Merton Park,Asian; Chinese,https://www.gckitchen.com/,,openstreetmap,openstreetmap,1,+44 20 8540 8313,148 Merton Hall Road,SW19 3PZ,https://www.openstreetmap.org/node/12304235681
orders@lockdownbakehouse.com,Lockdown Bakehouse,Merton,Raynes Park,Bakery,https://www.lockdownbakehouse.com/,,venue website,openstreetmap,2,,82 Durham Road,SW20 0TL,https://www.openstreetmap.org/node/6582894685
coffee@lupobros.co.uk,Lupo Bros,Merton,Wimbledon,Cafe,https://www.lupobros.co.uk/,,venue website,openstreetmap,1,,377 Durnsford Road,SW19 8EF,https://www.openstreetmap.org/way/1106704830
info@maisonstcassien.co.uk,Maison St. Cassien,Merton,Wimbledon,Cafe,https://maisonstcassien.co.uk/,,venue website,openstreetmap,1,,71 High Street,SW19 5EE,https://www.openstreetmap.org/way/380634595
info@milknomilk.co.uk,Milk No Milk,Merton,Wimbledon,Breakfast,https://milknomilk.co.uk/,,venue website,openstreetmap,1,+44 20 3490 1819,281 Kingston Road,SW20 8LB,https://www.openstreetmap.org/node/9792434248
info@morameza.co.uk,Mora Meza Bar & Restaurant,Merton,Raynes Park,Restaurant,https://www.morameza.com/,,openstreetmap,openstreetmap,1,+44 20 3583 7148,17 Approach Road,SW20 8BA,https://www.openstreetmap.org/node/4263046632
rakawimbledon@gmail.com,Raka Indian Cuisine,Merton,Raynes Park,Indian,https://www.raka.co.uk/,,venue website,openstreetmap,1,+44 20 8542 7717,306 Kingston Road,SW20 8LX,https://www.openstreetmap.org/node/420161521
rawdelilondon@gmail.com,Raw Deli,Merton,Raynes Park,Breakfast; Deli,https://rawdeli.co.uk/,,venue website,openstreetmap,1,,19 Approach Road,SW20 8BA,https://www.openstreetmap.org/node/4263046634
7124@greeneking.co.uk,Raynes Park Tavern,Merton,Raynes Park,Pub,https://www.greeneking-pubs.co.uk/pubs/greater-london/raynes-park-tavern/,,venue website,openstreetmap,1,,32 Coombe Lane,SW20 0LA,https://www.openstreetmap.org/node/292615228
info@redroseindian.co.uk,Red Rose Classic Indian Takeaway,Merton,Raynes Park,Indian,https://www.redroseindian.co.uk/,,venue website,openstreetmap,1,+44 20 8542 1608,554 Kingston Road,SW20 8DR,https://www.openstreetmap.org/node/4317971948
info@sairestaurant.co.uk,Sai,Merton,Raynes Park,Indian,https://www.sairestaurant.co.uk/,,venue website,openstreetmap,1,+44 20 8947 2212,193 Worple Road,SW20 8RE,https://www.openstreetmap.org/node/6797555096
stagedoorsteakhouse@outlook.com,Stage Door,Merton,Wimbledon,Greek; Steak,https://www.stagedoorsteakhouse.com/,,venue website,openstreetmap,1,,92 The Broadway,SW19 1RH,https://www.openstreetmap.org/way/461483925
info@superfishuk.co.uk,Superfish,Merton,Morden,Seafood,https://superfishuk.co.uk/branches/morden/,,venue website,openstreetmap,1,+44 20 8648 6908,20 London Road,SM4 5BQ,https://www.openstreetmap.org/node/14196988851
info@theblacklamb-restaurant.com,The Black Lamb,Merton,Wimbledon,Restaurant,https://www.theblacklamb-restaurant.com,,venue website,openstreetmap,1,+44 20 8947 8278,67 High Street,SW19 5EE,https://www.openstreetmap.org/node/4640559190
reservations@foxandgrapeswimbledon.co.uk,The Fox and Grapes,Merton,Wimbledon,Pub,https://foxandgrapeswimbledon.co.uk/,,venue website,openstreetmap,1,,10 Camp Road,SW19 4UN,https://www.openstreetmap.org/way/531068519
info@nelsonarms.co.uk,The Nelson Arms,Merton,South Wimbledon,Pub,https://www.nelsonarms.co.uk/,,venue website,openstreetmap,1,+44 20 3132 4590,15 Merton High Street,SW19 1DF,https://www.openstreetmap.org/way/1212143912
info@windmilltearooms.com,The Windmill Tearoom,Merton,Wimbledon,Cafe,https://www.windmilltearooms.com/,,venue website,openstreetmap,1,+44 20 8788 2910,Windmill Road,SW19 5NQ,https://www.openstreetmap.org/way/411460230
manager@thewoodman.co,The Woodman,Merton,Wimbledon,Pub,https://www.thewoodman.co/,,venue website,openstreetmap,1,,222 Durnsford Road,SW19 8DR,https://www.openstreetmap.org/node/1316301006
wimbledon@tortilla.co.uk,Tortilla,Merton,Wimbledon,Mexican,https://www.tortilla.co.uk/restaurants/wimbledon,,venue website,openstreetmap,1,+44 20 8947 3589,22 The Broadway,SW19 1RE,https://www.openstreetmap.org/way/460796331
shop@veggieberg.com,Veggieberg,Merton,Raynes Park,Breakfast,https://www.veggieberg.com,,venue website,openstreetmap,1,,,SW20 0JY,https://www.openstreetmap.org/node/6382133174
info@vibesofhyderabad.co.uk,Vibes Of Hyderabad,Merton,South Wimbledon,Takeaway,https://vibesofhyderabad.co.uk,,openstreetmap,openstreetmap,1,+44 20 8389 3462,115a Merton Road,SW19 1ED,https://www.openstreetmap.org/node/12688774012
info.wafflejacks@aol.com,Waffle Jack's,Merton,Merton Park,American,https://www.wafflejacks.co.uk/,wafflejacks@aol.com,venue website,openstreetmap,1,,,,https://www.openstreetmap.org/node/8331355461
restaurant@yakisarsa.com,Yaki Sarsa,Merton,Morden,Asian; Japanese,https://yakisarsa.com/,,venue website,openstreetmap,1,+44 203 336 1621,30 Abbotsbury Road,SM4 5LQ,https://www.openstreetmap.org/node/14180704779
info@7mamas.com,7 Mamas,Newham,East Ham,Takeaway,https://www.7mamas.com,,venue website,openstreetmap,1,,2 Rancliffe Road,E6 3HN,https://www.openstreetmap.org/node/10259510292
8slicesltd@gmail.com,8slices Pizzeria,Newham,Custom House,Pizza,https://www.8slicespizzeria.co.uk/,,venue website,openstreetmap,1,+44 20 3971 2225,ExCeL Marina,E16 1AT,https://www.openstreetmap.org/node/8259810507
hello@alzayt.co.uk,al Zayt,Newham,Stratford,Restaurant,https://www.alzayt.co.uk/,,venue website,openstreetmap,1,,38 West Ham Lane,E15 4PT,https://www.openstreetmap.org/way/624220330
info@fivestarcaterers.co.uk,Brew Street Cafe & Bar at Timber Lodge,Newham,Stratford City,Breakfast; Pizza,https://www.fivestarcaterers.co.uk/,,venue website,openstreetmap,1,,Honour Lea Avenue,E20 1DY,https://www.openstreetmap.org/way/1014017827
westfieldstrat@cabana-brasil.com,Cabana,Newham,Stratford City,Restaurant,http://www.cabana-brasil.com/restaurants/westfield-stratford/,,openstreetmap,openstreetmap,1,+44 20 8536 2650,5 Montfichet Road,E20 1GL,https://www.openstreetmap.org/node/3280571387
info@cafespice.co.uk,Café Spice Namasté,Newham,North Woolwich,Indian,https://www.cafespice.co.uk/,,openstreetmap,openstreetmap,1,+44 20 7488 9242,1-2 Lower Dock Walk,E16 2GT,https://www.openstreetmap.org/node/9727068543
hello@cakesandbakes.co.uk,Cakes & Bakes,Newham,Forest Gate,Bakery,https://www.cakesandbakes.co.uk/,,venue website,openstreetmap,1,,302C Romford Road,E7 9HD,https://www.openstreetmap.org/way/907513245
info@chickoschicken.co.uk,Chick’os,Newham,Canning Town,Halal,https://chickoschicken.co.uk,,venue website,openstreetmap,1,+44 20 8062 4286,125 Barking Road,E16 4HQ,https://www.openstreetmap.org/node/10166595181
info@cococure.com,Cococure Haus,Newham,Stratford,Restaurant,https://cococure.com/cococure-haus/,,venue website,openstreetmap,1,,27 Broadway,E15 4BQ,https://www.openstreetmap.org/node/11266512407
beckton@creamscafe.com,Creams,Newham,Beckton,Ice cream,https://www.creamscafe.com/our-stores/london-beckton/,,openstreetmap,openstreetmap,1,+44 20 3952 5950,Claps Gate Lane,E6 6LG,https://www.openstreetmap.org/node/8840240434
royalwharf@creamscafe.com,Creams,Newham,Silvertown,Ice cream,https://www.creamscafe.com/our-stores/royal-wharf/,,venue website,openstreetmap,1,,23 Admiralty Avenue,E16 2PN,https://www.openstreetmap.org/node/9229991028
info@dhe20.com,Darkhorse,Newham,Stratford City,Restaurant,http://www.thedarkhorserestaurant.com/,,openstreetmap,openstreetmap,1,+44 20 8534 4579,16-19 Victory Parade,E20 1FS,https://www.openstreetmap.org/node/3837237762
dnisterfood@gmail.com,Dnister Restaurant,Newham,Forest Gate,Restaurant,https://www.dnister.co.uk/,,venue website,openstreetmap,1,,300 Romford Road,E7 9HD,https://www.openstreetmap.org/node/9819880025
info@fanorestaurant.com,Fano,Newham,Stratford City,Italian,https://www.fanorestaurant.com/,,venue website,openstreetmap,1,,Montfichet Road,E20 1GL,https://www.openstreetmap.org/node/5828117943
stratford@figorestaurant.com,Figo,Newham,Stratford City,Italian,https://figorestaurant.co.uk/figo-stratford/,,openstreetmap,openstreetmap,1,+44 20 8075 9899,17 Endeavour Square,E20 1JN,https://www.openstreetmap.org/way/749253273
foresttavern@anticlondon.com,Forest Tavern,Newham,Forest Gate,BBQ; Breakfast; Burger; Greek; Ice cream; Indian; Pub; Seafood,https://foresttavern.com,,openstreetmap,openstreetmap,1,+44 20 8503 0868,173-175 Forest Lane,E7 9BB,https://www.openstreetmap.org/way/879875254
hello@fremantlebarandkitchen.com,Fremantle Bar & Kitchen,Newham,Custom House,Restaurant,https://fremantlebarandkitchen.com,,venue website,openstreetmap,1,+442070552119,16 Western Gateway,E16 1AL,https://www.openstreetmap.org/node/10271661385
shop@grappellideli.com,Grappelli Food Hall,Newham,Stratford,Deli; Italian,https://lapizzicheria.co.uk/,,venue website,openstreetmap,1,,,,https://www.openstreetmap.org/node/10548906850
gallionsreach@heavenlydesserts.co.uk,Heavenly Desserts,Newham,Beckton,Restaurant,https://www.heavenlydesserts.co.uk/stores/london%2C-gallions-reach,johnsmith@hotmail.com,venue website,openstreetmap,1,+44 20 3859 0371,3 Armada Way,E6 7ER,https://www.openstreetmap.org/node/11402919139
stratford@herarestaurant.co.uk,Hera,Newham,Stratford City,Greek,https://herarestaurant.co.uk/,,venue website,openstreetmap,1,,4 Arber Way,E20 1JS,https://www.openstreetmap.org/node/12108392922
info@heroicalounge.com,Heroica Lounge,Newham,Custom House,Pizza,https://www.heroicalounge.com/,,venue website,openstreetmap,1,+44 7846 654069,Western Gateway,E16 1FA,https://www.openstreetmap.org/node/7444239217
info@huskbrewing.com,Husk Brewery & Taproom,Newham,Canning Town,Burger; Pub,https://www.huskbrewing.com/,,openstreetmap,openstreetmap,1,+44 20 7474 3827,5 Silvertown Way,E16 1EA,https://www.openstreetmap.org/node/11020498904
hello@jimandtoniceast.com,Jim & Tonic,Newham,West Ham,Burger; Pizza,https://www.jimandtonic.com/pages/print-house-bar-and-restaurant,,venue website,openstreetmap,1,,133 High Street,E15 2RB,https://www.openstreetmap.org/node/9679814282
info@kaboomlounge.com,Kaboom,Newham,Silvertown,Restaurant,https://www.kaboomlounge.com/,,venue website,openstreetmap,1,,8 Rendal Way,E16 2TB,https://www.openstreetmap.org/node/10178008622
info@keonbae.com,Keonbae Barbeque & Beer,Newham,Silvertown,Asian; Korean,https://www.keonbae.com/,kidbrooke@keonbae.com,venue website,openstreetmap,1,,20 Royal Crest Avenue,E16 2PR,https://www.openstreetmap.org/node/11170065117
hearknot@knot-pretzels.com,Knot Artisan Coffee & Pretzels,Newham,Stratford,Cafe,https://www.knot-pretzels.com/,,venue website,openstreetmap,2,,Great Eastern Road,E15 1DE,https://www.openstreetmap.org/node/9661248645
hello@kotchpizza.co.uk,Kotch!,Newham,Maryland,Halal; Pizza,https://www.kotchpizza.co.uk/,,venue website,openstreetmap,1,+44 20 3409 7722,55 Leytonstone Road,E15 1JA,https://www.openstreetmap.org/way/1207430688
info@kokin.co.uk,Kotkin,Newham,Stratford City,Restaurant,https://kokin.co.uk/,,venue website,openstreetmap,1,,20 International Way,E20 1FD,https://www.openstreetmap.org/node/13095096248
info@kuramohlounge.com,Kuramoh Lounge,Newham,East Ham,Restaurant,https://www.kuramohlounge.com,,venue website,openstreetmap,1,,308 Barking Road,E6 3BA,https://www.openstreetmap.org/way/1426725464
info@lagelatiera.co.uk,La Gelateria,Newham,Stratford City,Ice cream,http://www.lagelatiera.co.uk,,openstreetmap,openstreetmap,2,,1-2 West Park Walk,E20 1DH,https://www.openstreetmap.org/node/6076031545
info@littlehudsoncafe.com,Little Hudson Cafe,Newham,Silvertown,Breakfast; Pizza,https://www.littlehudsoncafe.com/,,openstreetmap,openstreetmap,1,,4 Starboard Way,E16 2PF,https://www.openstreetmap.org/node/7500461846
mangobichetwist@gmail.com,Mango Twist,Newham,Stratford,Ice cream,https://mangotwists.com/,,venue website,openstreetmap,1,,61-62 The Mall,E15 1XF,https://www.openstreetmap.org/way/1302739376
info@mrtodiwalas.com,Mr Todiwala’s,Newham,North Woolwich,Indian,https://www.mrtodiwalas.com/,,venue website,openstreetmap,1,,,,https://www.openstreetmap.org/node/12040006923
mymasushi@gmail.com,MYMA,Newham,Canning Town,Asian; Japanese; Sushi,https://mymasushi.co.uk,,venue website,openstreetmap,1,,Caxton Street North,E16 1XJ,https://www.openstreetmap.org/node/10574496605
royaldocks@nakhonthai.co.uk,Nakhon Thai Waterfront,Newham,Custom House,Asian,https://nakhonthai.co.uk,,openstreetmap,openstreetmap,1,+44 20 7474 5510,1 Dock Road,E16 1AH,https://www.openstreetmap.org/way/638255935
yourtable@nawabidine.com,Nawabi Dine,Newham,Upton Park,American; Asian; Breakfast; Halal,https://nawabidine.com/,,venue website,openstreetmap,1,,26 Plashet Grove,E6 1AE,https://www.openstreetmap.org/way/1011903116
info@penangcityuk.com,Penang City,Newham,Forest Gate,Asian,https://penangcityuk.com/,finsbury@penangcityuk.com,venue website,openstreetmap,1,,61 Upton Lane,E7 9FL,https://www.openstreetmap.org/way/1302898247
stratford@pizzaeast.com,Pizza East,Newham,Stratford City,Pizza,https://www.pizzaeast.com/stratford,,venue website,openstreetmap,1,,Endeavour Square,E20 1JN,https://www.openstreetmap.org/node/9105755213
us.customerservice@pret.com,Pret A Manger,Newham,Silvertown,Deli,https://www.pret.com,,venue website,openstreetmap,3,,,E16 2PX,https://www.openstreetmap.org/node/5853164087
info@riceclub.co.uk,Rice Club,Newham,East Ham,Asian,https://riceclub.co.uk/,,venue website,openstreetmap,1,,5 Pilgrims Way,E6 1HW,https://www.openstreetmap.org/way/1446396618
sawmillfood@gmail.com,Sawmill Cafe,Newham,Stratford,Breakfast,https://www.sawmillcafe.co.uk/,,venue website,openstreetmap,1,,51-53 West Ham Lane,E15 4PH,https://www.openstreetmap.org/way/612780434
ciao@signorelli.co.uk,Signorelli,Newham,Stratford City,Bakery,http://www.signorelli.co.uk/,,openstreetmap,openstreetmap,1,+44 20 8534 4972,7 Victory Parade,E20 1FS,https://www.openstreetmap.org/node/4408274888
info@brimburgers.com,Stax,Newham,Stratford City,Burger,https://brimburgers.com/,,venue website,openstreetmap,1,,Montfichet Road,E20 1EN,https://www.openstreetmap.org/node/10298387508
info@suelacafebistro.com,Suela Cafe Bistro,Newham,Stratford City,French,https://www.suelacafebistro.com/,,venue website,openstreetmap,1,,10 Olympic Park Avenue,E20 1FT,https://www.openstreetmap.org/way/1115756257
info@tapeast.co.uk,Tap East,Newham,Stratford City,Pub,http://www.tapeast.co.uk/,,openstreetmap,openstreetmap,1,+44 20 8555 4467,7 International Square,E20 1EE,https://www.openstreetmap.org/way/1360397272
hola@tapatapa.com,Tapa Tapa,Newham,Custom House,Spanish,https://www.tapatapa.com/,,venue website,openstreetmap,1,+44 20 7474 8042,2 Western Gateway,E16 1DR,https://www.openstreetmap.org/node/8514637357
info@templarlondon.com,Templar,Newham,Stratford City,Restaurant,https://templarlondon.com/,,venue website,openstreetmap,1,,5 Redman Place,E20 1JQ,https://www.openstreetmap.org/node/12246696877
theabbeytap.stratford@stonegatepubs.com,The Abbey Tap,Newham,Stratford,Burger; Deli; Pizza; Pub; Spanish,https://www.crafted-social.co.uk/abbey-tap-stratford,stonegatepress@stonegategroup.co.uk,openstreetmap,openstreetmap,1,+44 20 3435 9910,10-14 Broadway,E15 4QS,https://www.openstreetmap.org/node/1322154184
thecow@geronimo-inns.co.uk,The Cow,Newham,Stratford City,Pub,http://www.geronimo-inns.co.uk/london-the-cow,,openstreetmap,openstreetmap,1,+44 20 8291 8644,4 Montfichet Road,E20 1GL,https://www.openstreetmap.org/node/3280571386
stratford@thegrillrestaurant.com,The Grill,Newham,Stratford,Halal,https://thegrillrestaurant.com/,,venue website,openstreetmap,1,,38 Romford Road,E15 4BZ,https://www.openstreetmap.org/way/558885144
hello@wellbeanco.com,The Well Bean Co.,Newham,North Woolwich,Breakfast,https://www.wellbeanco.com/,,openstreetmap,openstreetmap,1,,1-2 Upper Dock Walk,E16 2GU,https://www.openstreetmap.org/node/8090762947
windjammer@fullers.co.uk,The Windjammer,Newham,Silvertown,Pub,https://www.windjammerlondon.co.uk/,,openstreetmap,openstreetmap,1,+44 20 8222 9318,25 Admiralty Avenue,E16 2PN,https://www.openstreetmap.org/node/7523464145
theyellowtrike1@gmail.com,The Yellow Trike,Newham,Forest Gate,Restaurant,https://theyellowtrike.com/,,openstreetmap,openstreetmap,1,+44 208 555 5513,82 Woodgrange Road,E7 0EW,https://www.openstreetmap.org/node/11299587225
contact@udayarestaurant.com,Udaya,Newham,East Ham,Indian,https://www.udayarestaurant.com/,udayarestaurantlondon@gmail.com,venue website,openstreetmap,1,,105 Katherine Road,E6 1ES,https://www.openstreetmap.org/node/10135472468
stratford@wahaca.co.uk,Wahaca,Newham,Stratford City,Mexican,http://www.wahaca.co.uk/locations/stratford/,,openstreetmap,openstreetmap,1,+44 20 3288 1025,6 Montfichet Road,E20 1GL,https://www.openstreetmap.org/node/3280571377
hello@yapix.co,yapix - Coffee & Wine House,Newham,Canning Town,Cafe,https://yapix.co,,venue website,openstreetmap,1,+44 7721 867197,15 Minnie Baldock Street,E16 1YE,https://www.openstreetmap.org/node/6917894940
reservations@yi-ban.co.uk,Yi-ban,Newham,Silvertown,Asian; Chinese,https://yi-ban.co.uk/,,venue website,openstreetmap,1,,1010 Dockside Road,E16 2QT,https://www.openstreetmap.org/node/5384725866
eat@zerosette.co.uk,ZeroSette,Newham,Custom House,Italian,https://www.zerosette.co.uk/,,venue website,openstreetmap,1,,2 Western Gateway,E16 1DR,https://www.openstreetmap.org/node/8259824059
info@zuzubistrobar.co.uk,Zuzu Bistro,Newham,Stratford,French,https://zuzubistrobar.co.uk/,,venue website,openstreetmap,1,,49 Great Eastern Road,E15 1DL,https://www.openstreetmap.org/node/10819223723
ciao@zzetta.co.uk,Zzetta Pizza,Newham,Canning Town,Breakfast; Halal; Italian; Pizza,https://www.zzetta.co.uk/,arraad.ai13@gmail.com,venue website,openstreetmap,1,+44 20 3904 7074,110 Barking Road,E16 1EN,https://www.openstreetmap.org/node/5590535373
info@abshar.co.uk,Abshar,Redbridge,Barkingside,Indian,http://www.abshar.co.uk/,,openstreetmap,openstreetmap,1,+44 20 8550 6213,43 High Street,IG6 2AD,https://www.openstreetmap.org/node/10869714863
info@aladdinsshisha.co.uk,Aladdin's Shisha Lounge,Redbridge,Ilford,Asian; Burger; Chinese; Pizza,https://www.aladdinsshisha.co.uk/,,venue website,openstreetmap,1,+44 20 8911 8101,374 High Road,IG1 1QP,https://www.openstreetmap.org/way/1156329839
crew@barebrew.co.uk,Bare Brew,Redbridge,Snaresbrook,Cafe,https://www.barebrew.co.uk/,,venue website,openstreetmap,1,,7 High Street,E11 2AA,https://www.openstreetmap.org/node/6855180293
tameraygul@hotmail.com,Café 104,Redbridge,Barkingside,Breakfast; Burger; Ice cream; Seafood,https://www.cafe104.co.uk/,,openstreetmap,openstreetmap,1,+44 20 8550 9563,104 Tanners Lane,IG6 1QE,https://www.openstreetmap.org/node/10728654732
info@citikitchenuk.com,Citi Kitchen,Redbridge,Gants Hill,Restaurant,https://www.citikitchenuk.com,,venue website,openstreetmap,1,+44 20 8518 2022,,,https://www.openstreetmap.org/node/13142415897
info@city-place.co.uk,City Place,Redbridge,Wanstead,Restaurant,https://www.city-place.co.uk/,,venue website,openstreetmap,1,,5 Clock House Parade,E11 2AG,https://www.openstreetmap.org/node/2290248269
hello@cuppbubbletea.co.uk,Cupp Bubble Tea,Redbridge,Gants Hill,Cafe,https://www.cuppbubbletea.co.uk,customerservice@cuppbubbletea.co.uk,openstreetmap,openstreetmap,1,,416 Cranbrook Road,IG2 6HW,https://www.openstreetmap.org/node/10767182597
delibitesanddesserts@outlook.com,Deli Bites and Desserts,Redbridge,Clayhall,Deli; Indian,https://www.facebook.com/DeliBitesandDesserts,,openstreetmap,openstreetmap,1,+44 7951 111128,5b Claybury Broadway,IG5 0LQ,https://www.openstreetmap.org/node/10834147965
divineicecreamuk@gmail.com,Divine Ice Cream,Redbridge,Gants Hill,Ice cream,https://www.divineicecream.co.uk,,openstreetmap,openstreetmap,1,+44 7510 284663,,,https://www.openstreetmap.org/node/13208691478
info@filikarestaurant.co.uk,Filika Restaurant,Redbridge,Wanstead,Restaurant,https://www.filikarestaurant.co.uk/filika-wanstead,theydonbois@filikarestaurant.co.uk,venue website,openstreetmap,1,,62 High Street,E11 2RJ,https://www.openstreetmap.org/way/594941369
info@freshasadaisyltd.co.uk,Fresh as a Daisy,Redbridge,South Woodford,Cafe,https://www.freshasadaisyltd.co.uk/,,venue website,openstreetmap,1,+44 20 8532 9654,11 Mulberry Way,E18 1EB,https://www.openstreetmap.org/node/2091280682
marketing@joicecafe.co.uk,Joice Cafe,Redbridge,Wanstead,Bakery; Breakfast; Ice cream,https://www.joicecafe.co.uk/,,venue website,openstreetmap,1,,141 High Street,E11 2RL,https://www.openstreetmap.org/way/1351807630
admin@jungleeburgers.co.uk,Junglees,Redbridge,Barkingside,Halal,https://jungleesburgers.co.uk/,,openstreetmap,openstreetmap,1,+44 20 8550 4293,27a High Street,IG6 2AA,https://www.openstreetmap.org/node/10728654751
bookings@lokkum.co.uk,Lokkum Bar & Grill,Redbridge,South Woodford,Restaurant,https://www.lokkum.co.uk/,info@lokkum.co.uk,venue website,openstreetmap,1,,Woodford New Road,E18 2QD,https://www.openstreetmap.org/way/228113385
hello@naanstaap.co.uk,Naan Staap,Redbridge,Ilford,Indian,https://www.naanstaap.co.uk/,,venue website,openstreetmap,3,+44 20 8637 4050,209 Ilford Lane,IG1 2RU,https://www.openstreetmap.org/node/12652468801
royalespicydosa@gmail.com,Royale Spicy Dosa,Redbridge,Gants Hill,Indian,https://www.royalespicydosa.co.uk,,openstreetmap,openstreetmap,1,+44 20 8518 3644,426 Cranbrook Road,IG2 6HW,https://www.openstreetmap.org/node/10766904411
info@tbreak.uk,Tea Break,Redbridge,Gants Hill,Cafe,https://www.tbreak.uk,,venue website,openstreetmap,1,+44 20 3737 6425,49 Perth Road,,https://www.openstreetmap.org/node/13326158087
publican@thechequersbarkingside.co.uk,The Chequers,Redbridge,Barkingside,Pub,https://www.thechequersbarkingside.co.uk/,,openstreetmap,openstreetmap,1,+44 20 3659 3948,2 High Street,IG6 2DD,https://www.openstreetmap.org/node/10728654718
events@thedukewanstead.com,The Duke,Redbridge,Snaresbrook,Pub,https://www.thedukewanstead.com/,dining@thedukewanstead.com,venue website,openstreetmap,1,,Nightingale Lane,E11 2EY,https://www.openstreetmap.org/way/163505839
go99vip2vip@gmail.com,The Mohabir,Redbridge,Woodford,Indian,https://themohabir.co/,,venue website,openstreetmap,1,,148 High Road,IG8 9EF,https://www.openstreetmap.org/node/12376913053
contact@unicornilford.co.uk,The Unicorn,Redbridge,Clayhall,Pub,https://www.unicornilford.co.uk/index,,venue website,openstreetmap,1,,,IG5 0NY,https://www.openstreetmap.org/way/1137432542
adessorestaurant@hotmail.com,Adesso Deli,Richmond upon Thames,Richmond,Deli,https://www.adessorestaurant.co.uk/,,venue website,openstreetmap,1,+44 20 8940 5544,24 Hill Rise,TW10 6UA,https://www.openstreetmap.org/way/432808184
theailsatavern@gmail.com,Ailsa Tavern,Richmond upon Thames,St Margarets,Pub,https://www.ailsataverntwickenham.co.uk,,venue website,openstreetmap,1,+442088 911200,263 St Margarets Road,TW1 1NJ,https://www.openstreetmap.org/way/1333562205
info@annapurnarestaurant.com,Annapurna,Richmond upon Thames,East Sheen,Indian,https://www.annapurnarestaurant.com/,,venue website,openstreetmap,1,,199 Upper Richmond Road West,SW14 8QT,https://www.openstreetmap.org/way/462837335
hello@arthurspizza.co.uk,Arthur's Pizza,Richmond upon Thames,Strawberry Hill,Pizza,https://arthurspizza.co.uk/,,venue website,openstreetmap,1,+44 20 8893 3995,20 The Green,TW2 5AB,https://www.openstreetmap.org/way/288661730
richmond@bills-email.co.uk,Bill's,Richmond upon Thames,Richmond,Restaurant,https://bills-website.co.uk/restaurants/richmond/,,openstreetmap,openstreetmap,1,+44 20 8948 0768,1-3 Hill Rise,TW10 6UQ,https://www.openstreetmap.org/way/432788102
richmond@oreebakeries.co.uk,Blank Street Coffee,Richmond upon Thames,Richmond,Breakfast,https://www.oree.co.uk,,openstreetmap,openstreetmap,1,+442045801462,28 George Street,TW9 1HY,https://www.openstreetmap.org/way/432864202
twickenham@brouge.co.uk,Brouge,Richmond upon Thames,Strawberry Hill,Pub,https://brouge.co.uk/,,venue website,openstreetmap,1,,241 Hampton Road,TW2 5NJ,https://www.openstreetmap.org/way/649578364
richmond@barestaurant.com,Buenos Aires,Richmond upon Thames,Richmond,Restaurant,https://www.barestaurant.com/restaurants/richmond,customerservice@barestaurant.com,openstreetmap,openstreetmap,1,+44 20 8940 3705,13-19 Old Palace Terrace,TW9 1EA,https://www.openstreetmap.org/way/431995384
info@cakesbytrudi.co.uk,Cakes By Trudi,Richmond upon Thames,Teddington,Bakery,https://www.cakesbytrudi.co.uk/,,venue website,openstreetmap,1,,13A Princes Road,TW11 0RL,https://www.openstreetmap.org/node/9786564082
info@thecavanbakery.co.uk,Cavan Bakery,Richmond upon Thames,Whitton,Bakery,https://thecavanbakery.co.uk/,,venue website,openstreetmap,3,,91 High Street Whitton,TW2 7LD,https://www.openstreetmap.org/way/762732564
marketing@chango.co.uk,Chango,Richmond upon Thames,Richmond,Restaurant,https://www.chango.co.uk/,,venue website,openstreetmap,1,,3 Paved Court,TW9 1LZ,https://www.openstreetmap.org/way/432785618
info@cheekychopsplaycafe.co.uk,Cheeky Chops Play Café,Richmond upon Thames,Twickenham,Breakfast,https://www.cheekychopsplaycafe.co.uk/,,venue website,openstreetmap,1,,37-39 York Street,TW1 3LP,https://www.openstreetmap.org/node/9417555339
info@cinnamon-bazaar.com,Cinnamon Bazaar,Richmond upon Thames,Richmond,Indian,https://cinnamon-bazaar.com,,venue website,openstreetmap,1,,31-35 Kew Road,TW9 2NQ,https://www.openstreetmap.org/way/432769886
events@colicci.co.uk,Colicci Coffee,Richmond upon Thames,Hampton Wick,Breakfast,https://www.colicci.co.uk/richmond-park,eventscourtcafe@colicci.co.uk,venue website,openstreetmap,1,,,KT2 5JN,https://www.openstreetmap.org/node/8972497900
customerservice@cuppbubbletea.co.uk,Cupp,Richmond upon Thames,Twickenham,Cafe,https://www.cuppbubbletea.co.uk/,,venue website,openstreetmap,1,,11 King Street,TW1 3SD,https://www.openstreetmap.org/way/391835782
barnes@cote-restaurants.co.uk,Côte Brasserie,Richmond upon Thames,Barnes,French,,,openstreetmap,openstreetmap,1,+44 20 3866 7764,21 Station Road,SW13 0LF,https://www.openstreetmap.org/node/6641825892
hello@denadas.co.uk,De Nadas,Richmond upon Thames,Kew,Takeaway,https://denadas.co.uk,,openstreetmap,openstreetmap,1,+44 20 4553 8070,16 Station Parade,TW9 3PZ,https://www.openstreetmap.org/node/6771757450
info@delposto.co.uk,Del Posto,Richmond upon Thames,St Margarets,Italian,https://delposto.co.uk/,,venue website,openstreetmap,1,,139 St Margarets Road,TW1 1RG,https://www.openstreetmap.org/way/1058412598
info@eastsheenmicrobakery.co.uk,East Sheen Microbakery,Richmond upon Thames,East Sheen,Bakery,https://www.eastsheenmicrobakery.co.uk/,,venue website,openstreetmap,1,,30 Paynesfield Avenue,SW14 8DW,https://www.openstreetmap.org/way/400809309
info@fortyfourrestaurant.co.uk,Forty Four,Richmond upon Thames,Mortlake,Restaurant,https://www.fortyfourrestaurant.co.uk/,,venue website,openstreetmap,1,,44 Sheen Lane,SW14 8LP,https://www.openstreetmap.org/way/1059403733
infogreedyhare@gmail.com,Greedy Hare,Richmond upon Thames,Ham,Italian,,,openstreetmap,openstreetmap,1,+44 7751 480196,63 Ham Street,TW10 7HW,https://www.openstreetmap.org/way/1065346254
info@greek-unique.co.uk,Greek Unique,Richmond upon Thames,Twickenham,Greek,https://greek-unique.co.uk,,venue website,openstreetmap,1,+44 2039035955,118 Heath Road,TW1 4BW,https://www.openstreetmap.org/way/357152980
grill@awtrestaurants.com,Grill off the Green,Richmond upon Thames,Kew,Steak,https://grilloffthegreen.com/,,openstreetmap,openstreetmap,1,+44 20 8948 4433,10B Kew Green,TW9 3BH,https://www.openstreetmap.org/way/801736111
xiangli198011@hotmail.com,Hanana,Richmond upon Thames,Richmond,Asian; Japanese,https://www.hanana.co.uk/,,venue website,openstreetmap,1,+44 20 8948 8988,49 Kew Road,TW9 2NQ,https://www.openstreetmap.org/way/432769889
wweeiihhuuaanngg@gmail.com,Hansel & Pretzel,Richmond upon Thames,Ham,Deli,https://www.hanselandpretzel.co.uk/,,venue website,openstreetmap,1,+44 208 332 1916,71 Ham Street,TW10 7HW,https://www.openstreetmap.org/way/1065346250
jaflongtandoori@outlook.com,Jaflong Tandoori,Richmond upon Thames,Ham,Indian,https://www.jaflongtandoori.com/,,venue website,openstreetmap,1,+44 20 8332 1339,16 Ashburnham Road,TW10 7NF,https://www.openstreetmap.org/way/1065346242
hello@kapucin.co.uk,Kapucin,Richmond upon Thames,Richmond,Breakfast,https://www.kapucin.co.uk/,,openstreetmap,openstreetmap,1,+44 7947 430053,18b Hill Rise,TW10 6UA,https://www.openstreetmap.org/node/11099362144
kathmandutandoori@gmail.com,Kathmandu Tandoori,Richmond upon Thames,Twickenham,Indian,https://www.kathmandutandoori.co.uk,,openstreetmap,openstreetmap,1,+44 20 8892 4535,25 York Street,TW1 3JZ,https://www.openstreetmap.org/way/637318474
khaothaiuk@gmail.com,Khao Thai,Richmond upon Thames,Twickenham,Asian,https://khaothai.co.uk,,openstreetmap,openstreetmap,1,+44 20 3261 0060,68 Heath Road,TW1 4BW,https://www.openstreetmap.org/way/357213131
hello@leswine.co.uk,Le Swine,Richmond upon Thames,East Sheen,Breakfast; Burger; Deli,https://leswine.co.uk/,,openstreetmap,openstreetmap,1,,170 Upper Richmond Road West,SW14 8AW,https://www.openstreetmap.org/way/459520781
info@longblack.co.uk,Long Black Richmond,Richmond upon Thames,Richmond,Bakery; Breakfast; Deli,https://www.longblack.co.uk/,,venue website,openstreetmap,1,,20-22 Richmond Hill,TW10 6QX,https://www.openstreetmap.org/node/12385999614
info@matsuba.co.uk,Matsuba,Richmond upon Thames,Richmond,Asian; Japanese,https://matsuba.co.uk/,,venue website,openstreetmap,1,+44 20 8605 3513,10 Red Lion Street,TW9 1RW,https://www.openstreetmap.org/way/432809892
u002fmrcodss@hotmail.com,Mr Cod's Fish and Chips,Richmond upon Thames,Teddington,Seafood,https://www.mrcodsteddington.co.uk/,,venue website,openstreetmap,1,+44 20 3302 3780,199 Waldegrave Road,TW11 8LX,https://www.openstreetmap.org/way/781337438
contact@mrpandalondon.com,Mr. Panda,Richmond upon Thames,Ham,Asian; Chinese,https://www.mrpandalondon.com/,yimeng773@hotmail.com,venue website,openstreetmap,1,+44 20 3149 1992,181 Ashburnham Road,TW10 7NR,https://www.openstreetmap.org/node/10249707265
richmond@napoliontheroad.co.uk,Napoli On The Road,Richmond upon Thames,Richmond,Italian; Pizza,https://napoliontheroad.com/,soho@napoliontheroad.com; chiswick@napoliontheroad.com; richmond@napoliontheroad.com; ciao@napoliontheroad.com,openstreetmap,openstreetmap,1,+44 208287 3865,12 Red Lion Street,TW9 1RW,https://www.openstreetmap.org/way/432809898
takayama_110@icloud.com,Neighbourhood Cafe Yukari,Richmond upon Thames,Kew,Asian; Japanese,https://www.kewcafeyukari.com/,,openstreetmap,openstreetmap,1,+44 20 8487 1338,110 North Road,TW9 4HJ,https://www.openstreetmap.org/node/6612874593
richmond@nocirestaurant.co.uk,Noci Modern Pasta,Richmond upon Thames,Richmond,Italian,https://nocirestaurant.co.uk/richmond,,venue website,openstreetmap,1,,15-17 Hill Rise,TW10 6UQ,https://www.openstreetmap.org/way/432788106
richmond@oleandsteen.co.uk,Ole & Steen,Richmond upon Thames,Richmond,Bakery,https://oleandsteen.co.uk/store/44121-richmond,,venue website,openstreetmap,1,+44 20 3908 8222,59 George Street,TW9 1HE,https://www.openstreetmap.org/way/432267484
info@osteriaotello.com,Osteria,Richmond upon Thames,Barnes,Italian,https://osteriaotello.com/,,venue website,openstreetmap,1,,1 The Broadway,SW13 0NY,https://www.openstreetmap.org/way/592373221
richmond@ottolenghi.co.uk,Ottolenghi,Richmond upon Thames,Richmond,Restaurant,https://ottolenghi.co.uk/pages/locations/richmond,,openstreetmap,openstreetmap,1,,36-38 Hill Street,TW9 1TW,https://www.openstreetmap.org/node/4317591469
teddington@parsnips.shop,Parsnips,Richmond upon Thames,Teddington,Cafe,https://www.parsnips.shop/,,venue website,openstreetmap,2,,16 High Street,TW11 8EW,https://www.openstreetmap.org/way/707994827
res.richmond@petershamnurseries.com,Petersham Nurseries (Restaurant),Richmond upon Thames,Petersham,Restaurant,https://petershamnurseries.com/,,openstreetmap,openstreetmap,1,+44 20 8940 5230,Church Lane,TW10 7AB,https://www.openstreetmap.org/way/477587695
piazzafirenze@hotmail.co.uk,Piazza Firenze,Richmond upon Thames,Teddington,Italian,https://www.piazzafirenze.com/teddington,,venue website,openstreetmap,1,,136 High Street,TW11 8JB,https://www.openstreetmap.org/way/707077032
info@qverde.co.uk,Q-Verde,Richmond upon Thames,Kew,Italian,https://qverde.co.uk/,,venue website,openstreetmap,1,+44 20 8332 2882,291 Sandycombe Road,TW9 3LU,https://www.openstreetmap.org/way/586711065
info@rubarestaurant.co.uk,Ruba,Richmond upon Thames,Teddington,Restaurant,https://rubarestaurant.co.uk/,,venue website,openstreetmap,1,+44 20 8287 0191,132 High Street,TW11 8JB,https://www.openstreetmap.org/way/707077031
samaiarestaurant@outlook.com,Samaia Georgian Restaurant,Richmond upon Thames,Barnes,Restaurant,https://www.samaiarestaurant.co.uk/,,openstreetmap,openstreetmap,1,+44 20 8703 0858,195 Castelnau,SW13 9ER,https://www.openstreetmap.org/way/453271758
contact@saqui.co.uk,Saqui,Richmond upon Thames,Ham,Indian,https://www.saqui.co.uk/,,openstreetmap,openstreetmap,1,+442085469424,317 Richmond Road,KT2 5QU,https://www.openstreetmap.org/way/1065238761
sardunyacafebistro@gmail.com,Sardunya,Richmond upon Thames,Strawberry Hill,Restaurant,https://www.sardunyacafebistro.co.uk,rugbyloveltd@gmail.com,venue website,openstreetmap,1,,28 Staines Road,TW2 5AH,https://www.openstreetmap.org/way/350651937
info@siftcakes.co.uk,Sift,Richmond upon Thames,Kew,Cafe,https://www.siftcakes.co.uk,,venue website,openstreetmap,1,,5 Mortlake Road,TW9 3DT,https://www.openstreetmap.org/way/587328294
soultwickenham@gmail.com,Soul,Richmond upon Thames,Twickenham,Breakfast; Burger; Deli,https://www.soulbylifetone.co.uk,,venue website,openstreetmap,1,+44 20 7998 8645,149 Heath Road,TW1 4BH,https://www.openstreetmap.org/node/9137194413
info@stein-s.com,Stein's,Richmond upon Thames,Richmond,Restaurant,https://www.richmond.stein-s.com/,,openstreetmap,openstreetmap,1,+44 20 3746 6240,55 Petersham Road,TW10 6UX,https://www.openstreetmap.org/way/91044459
info@sumacrestaurant.co.uk,Sumac,Richmond upon Thames,Twickenham,Halal,https://sumacrestaurant.co.uk/,,openstreetmap,openstreetmap,1,+44 20 8892 6366,34 Church Street,TW1 3NR,https://www.openstreetmap.org/way/640422846
info@thesussexarmstwickenham.co.uk,Sussex Arms,Richmond upon Thames,Strawberry Hill,Pub,https://www.thesussexarmstwickenham.co.uk/,,venue website,openstreetmap,1,,15 Staines Road,TW2 5BG,https://www.openstreetmap.org/way/311904776
info@swiss-bread.com,Swiss Bread Bakery & Café,Richmond upon Thames,Ham,Bakery; Breakfast,https://www.swiss-bread.com/,,openstreetmap,openstreetmap,1,,175 Ashburnham Road,TW10 7NR,https://www.openstreetmap.org/node/989975954
angelandcrown1@gmail.com,The Angel & Crown,Richmond upon Thames,Richmond,Pub,https://angel-and-crown-richmond.co.uk/,,venue website,openstreetmap,1,+44 20 8940 1508,5 Church Court,TW9 1JL,https://www.openstreetmap.org/way/432864210
hello@morganpubco.co.uk,The Crane Tap,Richmond upon Thames,Twickenham,Restaurant,https://www.morganpubco.co.uk/cranetap,,venue website,openstreetmap,1,,2 Brewery Lane,TW1 1AX,https://www.openstreetmap.org/node/5538022524
hello@thegeorgetwickenham.co.uk,The George,Richmond upon Thames,Twickenham,Pub,https://www.thegeorgetwickenham.co.uk/,,venue website,openstreetmap,1,,32 King Street,TW1 3SN,https://www.openstreetmap.org/way/636621705
jameshogarth346@gmail.com,The Hogarth,Richmond upon Thames,Teddington,Pub,https://www.hogarthteddington.co.uk/,,venue website,openstreetmap,1,,58 Broad Street,TW11 8QY,https://www.openstreetmap.org/way/708049987
lassorichmond@youngs.co.uk,The Lass O' Richmond Hill,Richmond upon Thames,Petersham,Pub,https://www.lassorichmondhill.co.uk,,openstreetmap,openstreetmap,1,+44 20 8940 1306,8 Queens Road,TW10 6JJ,https://www.openstreetmap.org/way/477729134
info@thelionteddington.com,The Lion,Richmond upon Thames,Teddington,Pub,https://www.thelionteddington.com/,,venue website,openstreetmap,1,,27 Wick Road,TW11 9DN,https://www.openstreetmap.org/way/723739293
enquiries@nestcafebar.co.uk,The Nest,Richmond upon Thames,Barnes,Cafe,https://www.nestcafebar.co.uk/,,venue website,openstreetmap,1,+44 20 3643 2598,56 Barnes High Street,SW13 9LF,https://www.openstreetmap.org/way/591553604
admin@theoriginalmaidsofhonour.co.uk,The Original Maids of Honour,Richmond upon Thames,Kew,Restaurant,https://theoriginalmaidsofhonour.co.uk,,venue website,openstreetmap,1,,288 Kew Road,TW9 3DU,https://www.openstreetmap.org/way/358480382
bushycafe@ecsi.co.uk,The Pheasantry,Richmond upon Thames,Teddington,Burger; Pizza,https://www.colicci.co.uk,events@colicci.co.uk; eventscourtcafe@colicci.co.uk,openstreetmap,openstreetmap,1,+44 20 8943 1347,Bushy Park,TW11 0EQ,https://www.openstreetmap.org/node/1597709477
info@roebuck-hamptonhill.co.uk,The Roebuck,Richmond upon Thames,Hampton Hill,Pub,https://www.roebuck-hamptonhill.co.uk/,,venue website,openstreetmap,1,,72 Hampton Road,TW12 1JN,https://www.openstreetmap.org/way/311971054
info@roseofyorkrichmond.co.uk,The Rose of York,Richmond upon Thames,Petersham,Pub,https://roseofyorkrichmond.co.uk/,contact-info@roseofyorkrichmond.co.uk,venue website,openstreetmap,1,+44 20 8948 5867,Petersham Road,TW10 6UY,https://www.openstreetmap.org/node/30669338
info@theshack.london,The Shack 68,Richmond upon Thames,Twickenham,BBQ,https://www.theshack.london/,,venue website,openstreetmap,1,+44 20 8892 3328,68 London Road,TW1 3QS,https://www.openstreetmap.org/way/391297006
suninnrichmondbookings@gmail.com,The Sun Inn,Richmond upon Thames,Richmond,Pub,https://www.suninnrichmond.co.uk/,,venue website,openstreetmap,1,,17 Parkshot,TW9 2RG,https://www.openstreetmap.org/way/944266576
info@wharfteddington.com,The Wharf,Richmond upon Thames,Teddington,Restaurant,https://www.wharfteddington.com/,,venue website,openstreetmap,1,+44 20 8977 6333,22 Manor Road,TW11 8BG,https://www.openstreetmap.org/way/813719183
info@whiteswanrichmond.co.uk,The White Swan,Richmond upon Thames,Richmond,Pub,https://www.whiteswanrichmond.co.uk/,,venue website,openstreetmap,1,+44 20 8940 0959,26 Old Palace Lane,TW9 1PG,https://www.openstreetmap.org/node/11402769342
enquiries@whiteswantwickenham.co.uk,The White Swan,Richmond upon Thames,Twickenham,Pub,http://www.whiteswantwickenham.co.uk/,,openstreetmap,openstreetmap,1,+44 20 8744 2951,Riverside,TW1 3DN,https://www.openstreetmap.org/way/586607946
richmond@tortilla.co.uk,Tortilla,Richmond upon Thames,Richmond,Mexican,https://www.tortilla.co.uk/locations/richmond/,,venue website,openstreetmap,1,,1-2 Kew Road,TW9 2NQ,https://www.openstreetmap.org/node/4317261791
hello@thisistowerhouse.com,Tower House,Richmond upon Thames,Richmond,Italian,https://thisistowerhouse.com/,,openstreetmap,openstreetmap,1,+44 2046369696,11 Bridge Street,TW9 1TQ,https://www.openstreetmap.org/node/264010823
twickenham@tsarettaspice.com,Tsaretta Spice,Richmond upon Thames,Twickenham,Indian; Spanish,https://www.tsarettaspice.com,,venue website,openstreetmap,1,+44 20 8892 1096,55 Church Street,TW1 3NR,https://www.openstreetmap.org/node/948208799
info@unico28.co.uk,Unico28,Richmond upon Thames,Hampton Hill,Italian,https://unico28.co.uk/,,venue website,openstreetmap,1,+44 20 8977 5858,28 High Street,TW12 1PD,https://www.openstreetmap.org/way/729178624
info@village-pizza.uk,Village Pizza,Richmond upon Thames,Twickenham,Burger; Italian; Pizza,https://www.village-pizza.uk/twickenham/,,venue website,openstreetmap,1,+44 20 8891 2345,49 London Road,TW1 3SZ,https://www.openstreetmap.org/way/958718832
info@139fika.com,139 Fika,Southwark,Peckham,Cafe,https://139fika.com,,venue website,openstreetmap,1,+442081432226,139 Bellenden Road,SE15 4DH,https://www.openstreetmap.org/way/73045837
2210@nattycancook.com,2210 By NattyCanCook,Southwark,Herne Hill,Restaurant,https://www.2210bynattycancook.com/,,openstreetmap,openstreetmap,1,+44 20 3713 5108,75-79 Norwood Road,SE24 9AA,https://www.openstreetmap.org/way/177113748
hello@theafterschoolcookieclub.com,After School Cookie Club,Southwark,Bankside,Bakery,https://www.theafterschoolcookieclub.com/,,venue website,openstreetmap,1,,22 Dirty Lane,SE1 9PA,https://www.openstreetmap.org/node/11557826351
hello@agora.london,Agora,Southwark,Southwark,Greek,https://www.agora.london/,,openstreetmap,openstreetmap,1,,2-4 Bedale Street,SE1 9AL,https://www.openstreetmap.org/node/13563937201
info@akaralondon.co.uk,Akara,Southwark,Bankside,Restaurant,https://www.akaralondon.co.uk/,,venue website,openstreetmap,1,,18 Stoney Street,SE1 9AD,https://www.openstreetmap.org/node/11676429530
thealbertarms.se1@gmail.com,Albert Arms,Southwark,Elephant and Castle,Pub,https://www.thealbertarms.co.uk/,,openstreetmap,openstreetmap,1,+44 20 3337 0313,1 Gladstone Street,SE1 6EY,https://www.openstreetmap.org/node/12997774504
hello@almamillbakery.com,Alma,Southwark,Bermondsey,Bakery,https://almamillbakery.com/,,venue website,openstreetmap,1,,57 Stanworth Street,SE1 3NY,https://www.openstreetmap.org/node/11146692005
info@amoragusto.com,Amora Gusto,Southwark,Southwark,Italian; Spanish,https://www.amoragusto.com/,,openstreetmap,openstreetmap,1,+44 20 7620 2220,94-95 Isabella street,SE1 8DD,https://www.openstreetmap.org/node/686568571
info@appletreelondon.com,Apple Tree Children’s Cafe,Southwark,East Dulwich,Cafe,https://appletreelondon.com,,openstreetmap,openstreetmap,1,,134-136 Peckham Rye,SE22 9QH,https://www.openstreetmap.org/node/14068135201
restaurant@applebeesfish.com,Applebee’s Fish,Southwark,Southwark,Seafood,https://www.applebeesfish.com/,,venue website,openstreetmap,1,,5 Stoney Street,SE1 9AA,https://www.openstreetmap.org/node/10899909722
mail@armentspieandmash.com,Arments Pie & Mash,Southwark,Walworth,Restaurant,https://armentspieandmash.com/,,venue website,openstreetmap,1,+44 20 7703 4974,7-9 Westmoreland Road,,https://www.openstreetmap.org/node/322970463
info@bstreetdeli.co.uk,b-street deli,Southwark,Southwark,Deli,https://www.bstreetdeli.co.uk/,,venue website,openstreetmap,1,+44 20 7403 3943,88 Bermondsey Street,SE1 3UB,https://www.openstreetmap.org/way/101328397
info@baccalalondon.co.uk,baccalà,Southwark,Walworth,Restaurant,https://www.baccalalondon.co.uk/,,venue website,openstreetmap,1,,,,https://www.openstreetmap.org/node/9977284957
bakewithmoniauk@gmail.com,Bake with Monia,Southwark,Peckham,Cafe,https://www.bakewithmonia.com/,,venue website,openstreetmap,1,,,,https://www.openstreetmap.org/node/13175150801
bookings@balabaya.co.uk,Bala Baya,Southwark,Southwark,Restaurant,https://balabaya.co.uk,,venue website,openstreetmap,1,+44 20 8001 7015,Old Union Yard Arches,SE1 0LR,https://www.openstreetmap.org/node/9537464640
london@thelalit.com,Baluchi,Southwark,Bermondsey,Indian,https://www.thelalit.com/the-lalit-london/eat-and-drink/baluchi/,,venue website,openstreetmap,1,,,,https://www.openstreetmap.org/node/4890073729
host@bancone.co.uk,Bancone Borough Yards,Southwark,Bankside,Restaurant,https://www.bancone.co.uk/,,venue website,openstreetmap,3,,Stoney Street,SE1 9AD,https://www.openstreetmap.org/node/11676429529
info@bartonsuk.com,Bartons,Southwark,Bermondsey,Cafe,https://bartonsuk.com/,,venue website,openstreetmap,1,,25 Dockhead,SE1 2BS,https://www.openstreetmap.org/node/9338919147
hello@batterseabrew.co.uk,Battersea Brewery,Southwark,Surrey Quays,Pub,https://batterseabrew.co.uk/,,venue website,openstreetmap,2,,8 Almond Road,SE16 3LR,https://www.openstreetmap.org/node/6795775062
info@belairhouse.co.uk,Belair House,Southwark,Dulwich,Restaurant,https://belairhouse.co.uk/,,venue website,openstreetmap,1,,Gallery Road,SE21 7AB,https://www.openstreetmap.org/way/4946671
enquiries@bermondseybarandkitchen.co.uk,Bermondsey Bar and Kitchen,Southwark,Southwark,Food court,https://www.bermondseybarandkitchen.co.uk/,,venue website,openstreetmap,1,,40 Bermondsey Street,SE1 3UD,https://www.openstreetmap.org/way/101328326
james@blackfingercoffee.co.uk,Blackfinger Coffee Roasters,Southwark,Camberwell,Breakfast,https://blackfingercoffee.co.uk/,joe@blackfingercoffee.co.uk; aida@blackfingercoffee.co.uk; dovydas@blackfingercoffee.co.uk,venue website,openstreetmap,1,,345 Camberwell Station Road,SE5 0FT,https://www.openstreetmap.org/node/14007021884
hello@bleecker.co.uk,Bleecker,Southwark,Southwark,Burger,https://www.bleecker.co.uk/london-bridge,,venue website,openstreetmap,2,,104 Tooley Street,SE1 2TH,https://www.openstreetmap.org/way/90376705
enquiries@thenunheadgardener.com,Bloom Works Cafe,Southwark,Camberwell,Breakfast,https://thenunheadgardener.com/bloom-works/,customer.support@thenunheadgardener.com,venue website,openstreetmap,1,+4420 4539 5661,Unit 13 Butterfly Walk,SE5 8RW,https://www.openstreetmap.org/node/14041019802
blueprintcafe@danddlondon.com,Blue Print Café,Southwark,Bermondsey,Cafe,https://www.blueprintcafe.co.uk/,,openstreetmap,openstreetmap,1,+44 20 7378 7031,28 Shad Thames,SE1 2YD,https://www.openstreetmap.org/node/4360084693
bob@bobslobster.com,Bob's Lobster,Southwark,Southwark,Seafood,https://www.bobslobster.com/,,venue website,openstreetmap,1,,,,https://www.openstreetmap.org/node/10225863101
hello@bondulwich.com,Bon,Southwark,East Dulwich,Cafe,https://www.bondulwich.com/,,venue website,openstreetmap,1,,43 Lordship Lane,SE22 8EW,https://www.openstreetmap.org/way/59969846
helloborobistro@gmail.com,Boro Bistro,Southwark,Southwark,French,https://www.borobistro.co.uk/,,venue website,openstreetmap,1,+44 20 7378 0788,6-10 Borough High Street,SE1 9QQ,https://www.openstreetmap.org/way/82770830
reservations@brixldn.com,Brix,Southwark,Southwark,Restaurant,https://www.brixldn.com,info@brixldn.com,openstreetmap,openstreetmap,1,+44 20 3376 6408,16 Great Guildford Street,SE1 0HS,https://www.openstreetmap.org/node/6811559885
info@brixtoncakeshop.com,Brixton Cake Shop,Southwark,Herne Hill,Bakery,https://www.brixtoncakeshop.com/,,venue website,openstreetmap,1,+44 345 456 7686,53-59 Norwood Road,SE24 9AA,https://www.openstreetmap.org/way/177113741
bwchophouse@danddlondon.com,Butlers Wharf Chop House,Southwark,Bermondsey,Restaurant,https://www.chophouse-restaurant.co.uk/,,openstreetmap,openstreetmap,1,+44 20 7403 3403,36E Shad Thames,SE1 2YE,https://www.openstreetmap.org/node/4784656734
info@cafeamisha.com,Cafe Amisha,Southwark,Bermondsey,Italian,https://cafeamisha.com/,,openstreetmap,openstreetmap,1,+44 20 7231 7151,161 Grange Road,SE1 3GH,https://www.openstreetmap.org/node/751822960
info@cafepiazza.london,Cafe Piazza,Southwark,Southwark,Restaurant,https://cafepiazza.london/,,venue website,openstreetmap,1,,Tooley Street,SE1 2HD,https://www.openstreetmap.org/node/5211002736
team@voltbikes.co.uk,Cafe Volt,Southwark,Southwark,Cafe,https://voltbikes.co.uk,,venue website,openstreetmap,1,,,,https://www.openstreetmap.org/node/13976224172
shop@changeplease.org,Change Please,Southwark,Elephant and Castle,Breakfast,https://changeplease.org/,,venue website,openstreetmap,1,,,,https://www.openstreetmap.org/node/11186129186
info@chapter-72.com,Chapter 72,Southwark,Southwark,Cafe,https://www.chapter-72.com/,,openstreetmap,openstreetmap,1,+44 20 7403 1100,72 Bermondsey Street,SE1 3UD,https://www.openstreetmap.org/node/4776491865
reservations@cheemcuk.com,Cheemc,Southwark,Elephant and Castle,Asian; Korean,https://www.cheemcuk.com/cheemc-elephant,reservations.soho@cheemcuk.com; reservations.enc@cheemcuk.com; enquiries@cheemcuk.com,venue website,openstreetmap,1,,2 Castle Square,SE17 1EN,https://www.openstreetmap.org/node/13764193602
info@cloudwaterbrew.co,Cloudwater,Southwark,Rotherhithe,Pub,https://cloudwaterbrew.co/,sales@cloudwaterbrew.co; shop@cloudwaterbrew.co,venue website,openstreetmap,1,,73 Enid Street,SE16 3RA,https://www.openstreetmap.org/node/9008497216
hello@coalrooms.com,Coal Rooms,Southwark,Peckham,BBQ,https://www.coalroomspeckham.com,,openstreetmap,openstreetmap,1,+44 207 635 6699,11a Station Way,SE15 4RX,https://www.openstreetmap.org/node/5780513166
workshop@comptoirbakery.co.uk,Comptoir Bakery,Southwark,Bermondsey,Bakery,https://www.comptoirbakery.co.uk/,,venue website,openstreetmap,2,,Maltby Street,,https://www.openstreetmap.org/node/12691350159
bath@comptoirlibanais.com,Comptoir Libanais,Southwark,Southwark,Restaurant,https://www.comptoirlibanais.com/,birmingham@comptoirlibanais.com; cheshireoaks@comptoirlibanais.com; ealing@comptoirlibanais.com; exeter@comptoirlibanais.com; gloucesterroad@comptoirlibanais.com; kingston@comptoirlibanais.com; liverpoolst@comptoirlibanais.com; londonbridge@comptoirlibanais.com; manchester@comptoirlibanais.com; oxford@comptoirlibanais.com; reading@comptoirlibanais.com; southbank@comptoirlibanais.com; wigmore@comptoirlibanais.com,venue website,openstreetmap,1,,82 Tooley Street,,https://www.openstreetmap.org/node/9961024711
hello.corner@tate.org.uk,Corner Cafe,Southwark,Bankside,Bagels; Breakfast; Deli,https://www.tate.org.uk/visit/tate-modern/corner,,openstreetmap,openstreetmap,1,+44 20 7887 8888,53 Bankside,SE1 9TG,https://www.openstreetmap.org/node/4452607091
peckham@creamscafe.com,Creams,Southwark,Peckham,Ice cream,https://www.creamscafe.com/our-stores/peckham/,,openstreetmap,openstreetmap,1,+44 20 7635 7638,110 Peckham High Street,SE15 5ED,https://www.openstreetmap.org/way/78230857
hello@crosbyandhope.co.uk,Crosby & Hope,Southwark,Bankside,Restaurant,https://crosbyandhope.co.uk/,,venue website,openstreetmap,1,,1 Bear Gardens,SE1 9ED,https://www.openstreetmap.org/node/11189252856
haysgalleria@cote.co.uk,Côte Brasserie,Southwark,Bankside,French,https://www.cote.co.uk/restaurant/hays-galleria/,,venue website,openstreetmap,1,+44 20 7234 0800,Tooley Street,SE1 2HD,https://www.openstreetmap.org/node/3176893047
manager@thedeanswift.com,Dean Swift,Southwark,Bermondsey,Pub,https://www.thedeanswift.com/,,venue website,openstreetmap,1,+44 20 3196 6949,10 Gainsford Street,SE1 2NE,https://www.openstreetmap.org/way/93710844
info@thedukeofyork.pub,Duke of York,Southwark,Elephant and Castle,Pub,https://4and20restaurants.com/the-duke-of-york,,openstreetmap,openstreetmap,1,+44207 403 3590,47 Borough Road,SE1 1DR,https://www.openstreetmap.org/node/12889012255
info@easterncuisine.co.uk,Eastern Cuisine,Southwark,West Dulwich,Restaurant,https://www.easterncuisine.co.uk/,,venue website,openstreetmap,1,+44 20 8761 6688,138 Gipsy Hill,SE19 1PW,https://www.openstreetmap.org/node/4379042413
info@eataliacafe.co.uk,Eatalia,Southwark,Southwark,Cafe,https://www.eataliacafe.co.uk/,,venue website,openstreetmap,1,,94 Bermondsey Street,SE1 3UB,https://www.openstreetmap.org/node/6090852288
empirelounge@yahoo.com,Empire Lounge,Southwark,Peckham,Restaurant,https://www.facebook.com/pg/empireloungebarandrestaurant/,,openstreetmap,openstreetmap,1,+44 20 7358 1745,777-787 Old Kent Road,SE15 1NZ,https://www.openstreetmap.org/node/5842196048
hello@ericslondon.com,Erics's,Southwark,East Dulwich,Bakery,https://www.ericslondon.com/,,venue website,openstreetmap,1,,20 Upland Road,SE22 9EF,https://www.openstreetmap.org/way/62451466
info@fcbcoffee.com,FCB Coffee,Southwark,Southwark,Breakfast,https://www.fcbcoffee.com/,,venue website,openstreetmap,1,+44 20 7357 9191,52 Tooley Street,,https://www.openstreetmap.org/node/9961024707
bookings@fishkitchen.com,fish!,Southwark,Southwark,Seafood,https://www.fishkitchen.co.uk,,openstreetmap,openstreetmap,1,+44 20 7407 3803,Cathedral Street,SE1 9AL,https://www.openstreetmap.org/way/82770832
contact@flourandgrape.com,Flour & Grape,Southwark,Bermondsey,Italian,https://www.flourandgrape.com/,,venue website,openstreetmap,1,,214 Bermondsey Street,SE1 3TQ,https://www.openstreetmap.org/node/1938110507
fmmangal@hotmail.com,FM Mangal,Southwark,Camberwell,Restaurant,https://www.fmmangal.co.uk/,,venue website,openstreetmap,1,,54 Camberwell Church Street,SE5 8QZ,https://www.openstreetmap.org/node/12572448568
bankside@gailsbread.co.uk,GAIL's,Southwark,Southwark,Bakery,https://gails.com/pages/neo-bankside,,openstreetmap,openstreetmap,1,+44 20 7620 3064,70 Holland Street,SE1 9NX,https://www.openstreetmap.org/node/4452606869
towerbridge@gauchorestaurants.com,Gaucho,Southwark,Southwark,Restaurant,https://gauchorestaurants.com/restaurants/tower-bridge/,info@gauchorestaurants.com; enquiries@gauchorestaurants.com,openstreetmap,openstreetmap,1,+44 20 7407 5222,2 More London Riverside,SE1 2AP,https://www.openstreetmap.org/node/296615763
7781@greeneking.co.uk,George Inn,Southwark,Southwark,Pub,https://www.greeneking-pubs.co.uk/pubs/greater-london/george-southwark/,,venue website,openstreetmap,1,+44 20 7407 2056,75-77 Borough High Street,SE1 1NH,https://www.openstreetmap.org/node/14181043737
info@glassgarden.london,Glass garden,Southwark,Southwark,Asian; Chinese,https://glassgarden.london/,,venue website,openstreetmap,1,+44 20 4538 2773,130 Southwark Street,SE1 0SW,https://www.openstreetmap.org/node/4939271627
sean.baradaran@greenzen.co.uk,GreenZen Poké,Southwark,Rotherhithe,Asian; Halal; Japanese,https://www.greenzen.co.uk/,,venue website,openstreetmap,1,,unit 2 Canada Water Station,SE16 7ED,https://www.openstreetmap.org/node/12633520273
info@grovehousetavern.co.uk,Grove House Tavern,Southwark,Camberwell,Burger; Pub,https://grovehousetavern.co.uk/,,venue website,openstreetmap,1,,26 Camberwell Grove,SE5 8RE,https://www.openstreetmap.org/way/86678068
info@habesha-restaurant.co.uk,Habesha,Southwark,Camberwell,Restaurant,,,openstreetmap,openstreetmap,1,,41 Camberwell Church Street,SE5 8TR,https://www.openstreetmap.org/node/12572448576
contact@hakata.co.uk,Hakata Ramen,Southwark,Bermondsey,Asian; Japanese,https://www.hakata.co.uk/,,openstreetmap,openstreetmap,1,+44 20 7234 0244,177 Bermondsey Street,SE1 3UW,https://www.openstreetmap.org/node/7066802685
borough@thehawksmoor.com,Hawksmoor,Southwark,Southwark,Steak,https://thehawksmoor.com/,airstreet@thehawksmoor.com,openstreetmap,openstreetmap,1,+44 20 7234 9940,16 Winchester Walk,SE1 9AQ,https://www.openstreetmap.org/node/4779514963
soho@heardburger.co.uk,"Heard, Burger Borough",Southwark,Southwark,Burger,https://heardburger.co.uk/,borough@heardburger.co.uk,venue website,openstreetmap,1,,1 Flat Iron Square,SE1 0AB,https://www.openstreetmap.org/way/94069673
info@hiverbeers.com,Hiver Taproom,Southwark,Bermondsey,Pub,https://hiverbeers.com/pages/taproom,taproom@hiverbeers.com,openstreetmap,openstreetmap,1,+44 7740251649,56 Stanworth Street,SE1 3NY,https://www.openstreetmap.org/node/4813283891
info@hopking.org,Hop Kingdom,Southwark,Bermondsey,Pub,https://hopking.org,,openstreetmap,openstreetmap,1,+44 20 3730 4129,16 Druid Street,SE1 2EY,https://www.openstreetmap.org/node/11304573103
info@huskandhoney.co.uk,Husk & Honey,Southwark,Surrey Quays,Bakery,https://huskandhoney.co.uk/,,venue website,openstreetmap,1,,"9 Discovery Estate, St Jame’s Road",SE16 4RA,https://www.openstreetmap.org/node/11684956369
hello@irenebakery.co.uk,Irene,Southwark,Camberwell,Bakery,https://www.irenebakery.co.uk,,venue website,openstreetmap,2,+442036590585,31-33a Denmark Hill,SE5 8RS,https://www.openstreetmap.org/node/12572476235
michael@jonesofbrockley.com,Jones of Brockley,Southwark,East Dulwich,Deli,https://www.jonesofbrockley.com/,jemma@jonesofbrockley.com,venue website,openstreetmap,1,,53 Grove Vale,SE22 8EQ,https://www.openstreetmap.org/way/72247127
info@josepizarro.com,Jose,Southwark,Southwark,Spanish,https://josepizarro.com/venues/jose-tapas-bar-bermondsey/,,venue website,openstreetmap,1,,104 Bermondsey Street,SE1 3UB,https://www.openstreetmap.org/node/12518898580
bookings@jumbipeckham.com,Jumbi,Southwark,Peckham,Restaurant,https://www.jumbipeckham.com/,,venue website,openstreetmap,1,,133 Copeland Road,SE15 3SN,https://www.openstreetmap.org/way/593469471
info@kartuli.co.uk,Kartuli,Southwark,East Dulwich,Restaurant,https://www.kartuli.co.uk/,kartuliuk@gmail.com,venue website,openstreetmap,1,,65 Lordship Lane,SE22 8EP,https://www.openstreetmap.org/way/59981980
info@kachorirestaurant.com,Katchori,Southwark,Elephant and Castle,Indian,https://kachorirestaurant.com/,,venue website,openstreetmap,1,+44 20 7358 6955,12 Ash Avenue,SE1 6TJ,https://www.openstreetmap.org/node/13909074901
hello@kindeum.com,Kin + Deum,Southwark,Southwark,Asian,https://www.kindeum.com,,venue website,openstreetmap,1,+44 20 7357 7995,2 Crucifix Lane,SE1 3JW,https://www.openstreetmap.org/way/101328323
info@koiramenbar.co.uk,KOI Ramen Bar,Southwark,Elephant and Castle,Asian; Japanese,https://www.koiramenbar.co.uk/,,venue website,openstreetmap,4,+44 7367 094962,19 Sayer Street,SE17 1FY,https://www.openstreetmap.org/node/7856351687
reservations@kokumlondon.com,KOKUM,Southwark,East Dulwich,Indian,https://kokumlondon.com/,,venue website,openstreetmap,1,+44 20 3551 1883,58 East Dulwich Road,SE22 9AX,https://www.openstreetmap.org/way/71378226
hello@kolae.com,Kolae,Southwark,Southwark,Asian,https://www.kolae.com/,bookings@kolae.com; events@kolae.com,openstreetmap,openstreetmap,1,+44 20 3325 3933,6 Park Street,SE1 9AB,https://www.openstreetmap.org/node/12620888701
info@krukthai.com,Kruk,Southwark,Peckham,Asian,https://krukthai.com/,,openstreetmap,openstreetmap,1,+44 7802 704814,213 Blenheim Grove,SE15 4QL,https://www.openstreetmap.org/node/13564095101
kudu@kuducollective.com,Kudu,Southwark,Peckham,Restaurant,https://www.kudu-restaurant.com/,,openstreetmap,openstreetmap,1,+44 20 3950 0226,119 Queen's Road,SE15 2EZ,https://www.openstreetmap.org/node/12569614017
info@lachatica.com,La Chatica,Southwark,Elephant and Castle,Cafe,http://www.lachatica.com,,openstreetmap,openstreetmap,1,+44 20 7277 4485,2 Elephant Road,SE17 1LB,https://www.openstreetmap.org/node/4564372690
info@lachingada.co.uk,La Chingada,Southwark,Rotherhithe,Mexican,https://www.lachingada.co.uk/,,openstreetmap,openstreetmap,1,+447776774779,182 Jamaica Road,SE16 4RT,https://www.openstreetmap.org/node/12662501801
hello@lairai.london,Lai Rai,Southwark,Peckham,Asian,https://www.lairai.london/,,openstreetmap,openstreetmap,1,+44 20 3337 9371,181 Rye Lane,SE15 4TP,https://www.openstreetmap.org/node/13564114102
londonbridge@lantanacafe.co.uk,Lantana,Southwark,Southwark,Breakfast,https://lantanacafe.co.uk,,openstreetmap,openstreetmap,1,+44 20 7403 2633,44-46 Southwark Street,SE1 1UN,https://www.openstreetmap.org/node/5726497961
info@larryspeckham.co.uk,Larry's,Southwark,Peckham,Cafe,https://larryspeckham.co.uk,,venue website,openstreetmap,1,,12-16 Blenheim Grove,SE15 4QL,https://www.openstreetmap.org/node/4974000356
info@legarelondon.com,Legare,Southwark,Bermondsey,Italian,https://legarelondon.com/,,venue website,openstreetmap,1,,31 Shad Thames,SE1 2YR,https://www.openstreetmap.org/node/11962318238
info@levanlondon.co.uk,Levan,Southwark,Peckham,Restaurant,https://www.levanlondon.co.uk,,venue website,openstreetmap,1,,12-16 Blenheim Grove,SE15 4QL,https://www.openstreetmap.org/node/2396118589
info@lenosycarbonuk.com,Leños & Carbon,Southwark,Elephant and Castle,Restaurant,https://www.lenosycarbonuk.com/,,venue website,openstreetmap,1,+44 20 7407 8865,113 Elephant Road,SE17 1LB,https://www.openstreetmap.org/node/7982720361
info@lokmarestaurant.com,Lokma,Southwark,Bermondsey,Restaurant,https://www.lokmarestaurant.com/,bermondsey@lokmarestaurant.com,openstreetmap,openstreetmap,1,+44 20 7407 2991,11 Bermondsey Square,SE1 3UN,https://www.openstreetmap.org/node/472145731
hello@mallowlondon.com,Mallow,Southwark,Southwark,Restaurant,https://mallowlondon.com,,openstreetmap,openstreetmap,1,+44 20 7846 8785,1 Cathedral Street,SE1 9DE,https://www.openstreetmap.org/node/9842144897
info@lovemango.co.uk,Mango,Southwark,Southwark,Indian,https://lovemango.co.uk/,,venue website,openstreetmap,1,+44 20 7407 0333,6 Redcross Way,SE1 9HR,https://www.openstreetmap.org/way/812989302
restmgr@marcoslondonbridge.com,Marco’s New York Italian London Bridge,Southwark,Southwark,Italian,https://www.mpwrestaurants.co.uk/our-brands/new-york-italian/london-bridge,,openstreetmap,openstreetmap,1,,17 Lavington Street,SE1 0NZ,https://www.openstreetmap.org/node/6339919610
hello@mashpaddlebrewery.com,Mash Paddle Brewery,Southwark,Bermondsey,Pub,https://www.mashpaddlebrewery.com/,,venue website,openstreetmap,1,,92 Enid Street,,https://www.openstreetmap.org/node/9980410170
howdy@meatliquor.com,Meat Liquor,Southwark,East Dulwich,Burger,https://meatliquor.com/,,venue website,openstreetmap,1,+44 20 3066 0008,37 Lordship Lane,SE22 8EW,https://www.openstreetmap.org/way/59969914
hello@tate.org.uk,Members Bar,Southwark,Bankside,Cafe,https://www.tate.org.uk/visit/tate-modern/level-1-members-bar,modern.bar@tate.org.uk,venue website,openstreetmap,1,,,,https://www.openstreetmap.org/node/9190363817
info@mrbao.co.uk,Mr Bao,Southwark,Peckham,Chinese,https://www.mrbao.co.uk/,,venue website,openstreetmap,1,,293 Rye Lane,SE15 4UA,https://www.openstreetmap.org/node/12569551439
nandineuk@gmail.com,Nandine,Southwark,Denmark Hill,Restaurant,https://www.facebook.com/NandineUK,,openstreetmap,openstreetmap,1,+44 20 8001 8322,82 Vestry Road,SE5 8PQ,https://www.openstreetmap.org/node/5831004055
info@naifs.co.uk,Naïfs,Southwark,Peckham,Restaurant,https://www.naifs.co.uk/,,openstreetmap,openstreetmap,1,+44 20 3490 2422,56 Goldsmith Road,SE15 5TN,https://www.openstreetmap.org/node/8108797317
camberwell@nokofood.uk,NOKO,Southwark,Camberwell,Asian; Chinese,,,openstreetmap,openstreetmap,1,+44 20 7642 1257,15 Camberwell Church Street,SE5 8TR,https://www.openstreetmap.org/node/12572448584
hello@nolacoffee.co.uk,Nola,Southwark,Peckham,Breakfast,https://www.nolacoffee.co.uk/,,venue website,openstreetmap,1,,224 Rye Lane,SE15 4NL,https://www.openstreetmap.org/node/12569504100
info@nonocoffee.com,NoNo,Southwark,Rotherhithe,Breakfast,https://nonocoffee.com/,,openstreetmap,openstreetmap,1,,12 West Lane,SE16 4NY,https://www.openstreetmap.org/node/8882649147
booking@overuk.com,O Ver,Southwark,Southwark,Italian,https://www.overuk.com/,,openstreetmap,openstreetmap,1,+44 20 7378 9933,44-46 Southwark Street,SE1 1UN,https://www.openstreetmap.org/node/4705700760
dulwich@ristoranteolivelli.co.uk,Olivelli,Southwark,East Dulwich,Italian,https://ristoranteolivelli.co.uk/locations/dulwich,mayfair@ristoranteolivelli.co.uk; waterloo@ristoranteolivelli.co.uk,venue website,openstreetmap,1,,127 Lordship Lane,SE22 8HU,https://www.openstreetmap.org/way/61886876
olleys@olleys.info,Olley's Fish Experience,Southwark,Herne Hill,Seafood,https://www.olleys.info/,rastislav.palus@gmail.com,openstreetmap,openstreetmap,1,+44 20 8671 8259,65 Norwood Road,SE24 9AA,https://www.openstreetmap.org/way/177113754
hello@oma.london,Oma,Southwark,Southwark,Greek,https://www.oma.london/,,venue website,openstreetmap,1,+44 20 8129 6760,2-4 Bedale Street,SE1 9AL,https://www.openstreetmap.org/node/12477919501
taproom@booking.com,Orbit Beers Brewery Tap Room,Southwark,Walworth,BBQ; Burger; Mexican; Pub,https://orbitbeers.com/pages/taproom,bookings@orbitbeers.com; hello@orbitbeers.com; taproom@orbitbeers.com,openstreetmap,openstreetmap,1,,Fielding Street,SE17 3HD,https://www.openstreetmap.org/node/3493582134
hello@oruspace.co,Oru Space,Southwark,East Dulwich,Cafe,https://www.oruspace.co/,wellness@oruspace.co,venue website,openstreetmap,1,,20-22 Lordship Lane,SE22 8HN,https://www.openstreetmap.org/way/62222848
info@oxbobankside.co.uk,Oxbo,Southwark,Southwark,Restaurant,https://www.oxbobankside.co.uk/,,venue website,openstreetmap,1,+44 20 7593 3900,6-8 Great Suffolk Street,SE1 0UG,https://www.openstreetmap.org/node/5344783291
bookings@pacifictavern.co.uk,Pacific Tavern,Southwark,Rotherhithe,Seafood; Steak,https://www.pacifictavern.co.uk/,events@pacifictavern.co.uk,openstreetmap,openstreetmap,1,,100 Redriff Road,SE16 7LH,https://www.openstreetmap.org/way/259277099
info@parksedgebnk.com,Park's Edge,Southwark,Herne Hill,Restaurant,https://parksedgebarandkitchen.com/,,openstreetmap,openstreetmap,1,+44 20 8671 0306,49-51 Norwood Road,SE24 9AA,https://www.openstreetmap.org/way/177113738
reservations@peckhambazaar.com,Peckham Bazaar,Southwark,Peckham,Greek,https://www.peckhambazaar.com/,info@peckhambazaar.com,venue website,openstreetmap,1,,119 Consort Road,SE15 3RU,https://www.openstreetmap.org/node/2541768433
surreyquays@pizza1889.com,Pizza 1889,Southwark,Surrey Quays,Italian; Pizza,https://www.pizza1889.com/locations/surrey-quays/,,venue website,openstreetmap,1,,,SE16 7LL,https://www.openstreetmap.org/node/12321431474
hello@plantsofroselyn.com,Plants of Roselyn,Southwark,Southwark,Asian,https://www.plantsofroselyn.com/,bookings@plantsofroselyn.com,openstreetmap,openstreetmap,1,+44 20 7357 6381,102 Tooley Street,SE1 2TH,https://www.openstreetmap.org/way/90376674
info@portersbarbers.co.uk,Porters Barber & Barista,Southwark,Dulwich Village,Cafe,https://portersbarbers.co.uk/,,venue website,openstreetmap,1,+44 20 8693 1818,,,https://www.openstreetmap.org/node/4818237776
info@poulet.biz,Poulet,Southwark,Bermondsey,Restaurant,https://www.poulet.biz/,,venue website,openstreetmap,1,,37 Maltby Street,SE1 3PA,https://www.openstreetmap.org/node/10087563071
chattypatty@princeofpeckham.co.uk,Prince of Peckham,Southwark,Peckham,Pub,https://princeofpeckham.co.uk/,,venue website,openstreetmap,1,+44 20 7635 8844,1 Clayton Road,SE15 5JA,https://www.openstreetmap.org/way/35428104
raodelishop@gmail.com,Rao Deli,Southwark,Elephant and Castle,Asian; Deli,http://raodeli.com,,openstreetmap,openstreetmap,1,+44 20 7407 4002,304 Borough High Street,,https://www.openstreetmap.org/node/13699362603
info@redwoodsportspub.com,Redwood Sports Pub & Kitchen,Southwark,Southwark,Restaurant,https://redwoodsportspub.com/,,openstreetmap,openstreetmap,1,+44 20 3740 4885,London Bridge Station,,https://www.openstreetmap.org/node/7699150385
info@roast-restaurant.com,Roast Restaurant,Southwark,Southwark,Restaurant,https://www.roast-restaurant.com/,,openstreetmap,openstreetmap,1,+44 20 3371 3120,Stoney Street,SE1 1TL,https://www.openstreetmap.org/node/597342965
info@sambabankside.co.uk,Sama,Southwark,Southwark,Bar,https://www.samabankside.co.uk/,info@samabankside.co.uk,openstreetmap,openstreetmap,1,+44 20 3904 6760;+44 7968 828 504,3 Robinson Road,SE1 8BU,https://www.openstreetmap.org/node/5121352970
book@sammysbistro.co.uk,Sammy's,Southwark,Surrey Quays,Italian; Pizza,https://sammysbistro.co.uk/,,openstreetmap,openstreetmap,1,+442072318777,126 Lower Road,SE16 2UE,https://www.openstreetmap.org/node/12676651706
hello@coffeeandcroissant.com,SAPHI,Southwark,Denmark Hill,Breakfast,https://www.coffeeandcroissant.com/,sam@coffeeandcroissant.com,openstreetmap,openstreetmap,1,,Windsor Walk,SE5 8BB,https://www.openstreetmap.org/node/12650039075
simon@simonthetanner.co.uk,Simon the Tanner,Southwark,Elephant and Castle,Pub,https://www.simonthetanner.co.uk/,,venue website,openstreetmap,1,+44 20 7357 8740,231 Long Lane,SE1 4PR,https://www.openstreetmap.org/way/102403099
simorgh_se22@hotmail.com,Simorgh,Southwark,Dulwich Village,Restaurant,https://www.instagram.com/simorgh_se22,,openstreetmap,openstreetmap,1,+44 20 4642 7177,481 Lordship Lane,SE22 8JY,https://www.openstreetmap.org/node/4354425004
opa@smashingplates.uk,Smashing Plates,Southwark,Southwark,Greek,https://smashingplates.uk/,,venue website,openstreetmap,1,,,,https://www.openstreetmap.org/node/10225863102
hello@sourleafcafe.co.uk,Sour Leaf Cafe,Southwark,Walworth,Breakfast,https://sourleafcafe.co.uk,flourandoakbyangelinas@gmail.com,openstreetmap,openstreetmap,1,,21a Westmoreland Road,SE17 2AX,https://www.openstreetmap.org/node/12612471544
info@southwarkbrewing.co.uk,Southwark Brewing,Southwark,Bermondsey,Pub,https://www.southwarkbrewing.co.uk/,,venue website,openstreetmap,1,,46 Druid Street,SE1 2EZ,https://www.openstreetmap.org/node/4470034364
info@spinach.london,Spinach,Southwark,East Dulwich,Restaurant,,,openstreetmap,openstreetmap,1,+44 20 8299 3344,161 Lordship Lane,SE22 8HX,https://www.openstreetmap.org/way/61886891
info@stompinggrounds.dance,Stomping Grounds,Southwark,Camberwell,Cafe,https://stompinggrounds.dance/,,venue website,openstreetmap,1,+44 20 7252 6556,,SE5 0RJ,https://www.openstreetmap.org/way/172542836
starandgarterbromley@gmail.com,Stormbird,Southwark,Camberwell,Pub,https://stormbirdcamberwell.com,thestormbirdpub@gmail.com,venue website,openstreetmap,1,,25 Camberwell Church Street,SE5 8TR,https://www.openstreetmap.org/node/12572448581
sushimomodasurreyquays@gmail.com,Sushi Momoda,Southwark,Surrey Quays,Asian; Sushi,https://sushimomoda.com/,,venue website,openstreetmap,1,,Redriff Road,SE16 7LL,https://www.openstreetmap.org/node/13147580026
tastyjerk152024@outlook.com,Tasty Jerk,Southwark,Elephant and Castle,Restaurant,https://www.tastyjerk.co.uk/,,openstreetmap,openstreetmap,1,+44 20 7358 5329,15b Sayer Street,SE17 1FY,https://www.openstreetmap.org/node/7856335286
howdy@texas-joes.com,Texas Joe's Slow Smoked Meats,Southwark,Southwark,Steak,https://texas-joes.com/,,venue website,openstreetmap,1,+44 20 3759 7355,8-9 Snowsfields,SE1 3SU,https://www.openstreetmap.org/node/5253890621
info@thebarrelproject.co.uk,The Barrel Project,Southwark,Bermondsey,Pub,https://www.thebarrelproject.co.uk,,venue website,openstreetmap,1,+44 20 7394 6763,80 Druid Street,SE1 2HQ,https://www.openstreetmap.org/node/7398105829
reservations@thebeggingbowl.co.uk,The Beggin' Bowl,Southwark,Peckham,Asian,https://www.thebeggingbowl.co.uk/,events@thebeggingbowl.co.uk; eat@thebeggingbowl.co.uk,venue website,openstreetmap,1,,168 Bellenden Road,SE15 4BW,https://www.openstreetmap.org/way/74134111
hello@thebluemaid.com,The Blue Maid,Southwark,Southwark,Pub,https://www.thebluemaid.com/,,openstreetmap,openstreetmap,1,+442030074376,173 Borough High Street,SE1 1HR,https://www.openstreetmap.org/node/12814480101
enquiries@thecamberwellarms.co.uk,The Camberwell Arms,Southwark,Camberwell,Pub,https://thecamberwellarms.co.uk/,events@thecamberwellarms.co.uk,venue website,openstreetmap,1,,65 Camberwell Church Street,SE5 8TR,https://www.openstreetmap.org/node/12572476260
andy@thecinnamontreebakery.co.uk,The Cinnamon Tree Bakery,Southwark,Peckham,Bakery,https://www.thecinnamontreebakery.co.uk/,,venue website,openstreetmap,1,,14 Peckham High Street,SE15 5DT,https://www.openstreetmap.org/way/73423369
towerbridge@coalshed-restaurant.co.uk,The Coal Shed,Southwark,Bermondsey,Steak,https://coalshed-restaurant.co.uk/london/,,venue website,openstreetmap,1,,4 Crown Square,SE1 2SE,https://www.openstreetmap.org/node/5924359472
thecrown@queenswayrm.co.uk,The Crown,Southwark,Southwark,Pub,https://www.facebook.com/thecrownblackfriars,,openstreetmap,openstreetmap,1,+44 20 7928 3418,108 Blackfriars Road,SE1 8HW,https://www.openstreetmap.org/way/33893568
dulwich@colicci.co.uk,The Dulwich Clock Cafe,Southwark,Dulwich,Breakfast,https://www.colicci.co.uk/dulwich-clock-cafe,,venue website,openstreetmap,1,+44 208 299 0643,College Road,SE21 7BQ,https://www.openstreetmap.org/way/32853649
elephant@anticlondon.com,The Elephant and Castle,Southwark,Elephant and Castle,Pub,https://elephantandcastlepub.com/,,openstreetmap,openstreetmap,1,+44 20 7403 8124,119 Newington Causeway,SE1 6BN,https://www.openstreetmap.org/node/4564380187
garrison@youngs.co.uk,The Garrison,Southwark,Bermondsey,Pub,http://www.thegarrison.co.uk,,openstreetmap,openstreetmap,1,+44 20 7089 9355,99-101 Bermondsey Street,SE1 3XB,https://www.openstreetmap.org/way/101328343
hello@greatexhibition.pub,The Great Exhibition,Southwark,East Dulwich,Pub,https://www.facebook.com/Thegreatexhibition,,openstreetmap,openstreetmap,1,+44 20 8693 4968,193 Crystal Palace Road,SE22 9EP,https://www.openstreetmap.org/way/62325658
hello@thegreyhound.uk,The Greyhound,Southwark,Peckham,Pub,https://www.thegreyhound.uk,woof@thegreyhound.uk,venue website,openstreetmap,1,+44 20 7639 2402,109 Peckham High Street,SE15 5SE,https://www.openstreetmap.org/way/291700402
info@thehamandcheeseco.com,The Ham & Cheese Co.,Southwark,Bermondsey,Deli,https://thehamandcheeseco.com/,orders@thehamandcheeseco.com,venue website,openstreetmap,1,,,,https://www.openstreetmap.org/node/13149820912
info@thehorseshoeinnpub.co.uk,The Horseshoe Inn,Southwark,Southwark,Pub,https://www.thehorseshoeinnpub.co.uk,,openstreetmap,openstreetmap,1,+44 20 7403 6364,26 Melior Street,SE1 3QP,https://www.openstreetmap.org/way/102777880
info@thelasttalisman.com,The Last Talisman,Southwark,Bermondsey,Asian,https://thelasttalisman.com/,hello@thelasttalisman.com,venue website,openstreetmap,1,+44 20 8189 9546,"171,173 Bermondsey Street",SE1 3UW,https://www.openstreetmap.org/way/101358448
madhatterhotel@fullers.co.uk,The Mad Hatter Hotel,Southwark,Southwark,Pub,https://www.madhatterhotel.co.uk/,,openstreetmap,openstreetmap,1,+44 20 7401 9222,3-7 Stamford Street,SE1 9NY,https://www.openstreetmap.org/node/14181043735
hello@themarketporter.co.uk,The Market Porter,Southwark,Southwark,Pub,https://www.themarketporter.co.uk/,,openstreetmap,openstreetmap,1,+44 20 7407 2495,9 Stoney Street,SE1 9AA,https://www.openstreetmap.org/node/14181043717
mayflowerrotherhithe@gmail.com,The Mayflower,Southwark,Rotherhithe,Pub,https://www.mayflowerpub.co.uk/,mayflowermanageruk@gmail.com,openstreetmap,openstreetmap,1,+44 20 7237 4088,117 Rotherhithe Street,SE16 4NF,https://www.openstreetmap.org/way/444744679
info@themerges.com,The Merge,Southwark,Walworth,Restaurant,https://www.themerges.com/,,openstreetmap,openstreetmap,1,+44 7584 026759,"Unit 247, 248 Pelier Street",SE17 3JG,https://www.openstreetmap.org/node/12640672901
hello@themiller.co.uk,The Miller,Southwark,Southwark,Pub,https://www.themiller.co.uk/,,venue website,openstreetmap,1,,96 Snowsfields,SE1 3SS,https://www.openstreetmap.org/way/101530109
info@themontpelier.net,The Montpelier,Southwark,Peckham,Pub,https://www.themontpelier.net/,,venue website,openstreetmap,1,,43 Choumert Road,SE15 4AR,https://www.openstreetmap.org/way/73045981
justicese16@gmail.com,The Old Justice,Southwark,Bermondsey,Pub,https://www.facebook.com/people/The-Old-Justice/100090875757177/,,openstreetmap,openstreetmap,1,,Farncombe Street,,https://www.openstreetmap.org/node/559985361
lesbianstalkissues@gmail.com,The Old Nun's Head,Southwark,Nunhead,Pub,https://www.theoldnunshead.co.uk/,,venue website,openstreetmap,1,,15 Nunhead Green,SE15 3QQ,https://www.openstreetmap.org/way/81679283
andrew@threehillsbrewing.com,The Outpost,Southwark,Bermondsey,Pub,https://www.threehillsbrewing.com/,outpost@threehillsbrewing.com; waystation@threehillsbrewing.com,venue website,openstreetmap,1,,7 Almond Road,,https://www.openstreetmap.org/node/9006872322
manager@theraventowerbridge.co.uk,The Raven,Southwark,Bermondsey,Pub,https://www.theraventowerbridge.co.uk/,,venue website,openstreetmap,1,,218 Tower Bridge Road,SE1 2UP,https://www.openstreetmap.org/way/93710849
bankside@therealgreek.com,The Real Greek,Southwark,Bankside,Greek,https://www.therealgreek.com/restaurants/bankside/,dimitris.louvros@therealgreek.com,venue website,openstreetmap,1,+44 20 7620 0162,2a Southwark Bridge Road,SE1 9HA,https://www.openstreetmap.org/node/296491138
info@theroebuck.net,The Roebuck,Southwark,Elephant and Castle,Pub,https://www.theroebuck.net/,,venue website,openstreetmap,1,,50 Great Dover Street,SE1 4YG,https://www.openstreetmap.org/way/100275592
roseandcrown@publove.co.uk,The Rose & Crown,Southwark,Southwark,Burger; Pub,https://www.publove.co.uk/pub-the-rose-crown-london-bridge/,,venue website,openstreetmap,1,+44 20 7407 7090,65 Union Street,,https://www.openstreetmap.org/way/99869572
peckham@colicci.co.uk,The Round,Southwark,Nunhead,Breakfast,https://www.colicci.co.uk/peckham-rye-park,,venue website,openstreetmap,1,+44 20 8693 7596,Strakers Road,SE15 3UA,https://www.openstreetmap.org/way/81679131
enquiries@royaloaklondon.co.uk,The Royal Oak,Southwark,Southwark,Pub,https://www.royaloaklondon.co.uk/,,openstreetmap,openstreetmap,1,+44 20 7357 7173,44 Tabard Street,SE1 4JU,https://www.openstreetmap.org/way/100614943
reservations@swanlondon.co.uk,The Swan at The Globe,Southwark,Bankside,Pub,https://swanlondon.co.uk/,enquiries@swanlondon.co.uk,venue website,openstreetmap,1,+44 20 7928 9444,21 New Globe Walk,SE1 9DT,https://www.openstreetmap.org/way/82459256
manager@thethirstybear.com,The Thirsty Bear,Southwark,Southwark,Pub,https://www.thethirstybear.com/,,venue website,openstreetmap,1,,62 Stamford street,SE1 9LX,https://www.openstreetmap.org/node/1707216586
whitehart.southwark@fullers.co.uk,The White Hart,Southwark,Southwark,Pub,https://www.whitehartsouthwark.co.uk/,,openstreetmap,openstreetmap,1,+44 20 7928 8265,22 Great Suffolk Street,SE1 0UG,https://www.openstreetmap.org/way/207282617
info@whitehorsepeckham.co.uk,The White Horse,Southwark,Peckham,Pub,https://www.whitehorsepeckham.co.uk/,,openstreetmap,openstreetmap,1,+44 2076 391 459,20 Peckham Rye,SE15 4JR,https://www.openstreetmap.org/way/71299826
thewoodhouse@youngs.co.uk,The Wood House,Southwark,Sydenham Hill,Pub,https://www.thewoodhousedulwich.co.uk/,,openstreetmap,openstreetmap,1,+44 20 8693 5666,39 Sydenham Hill,SE26 6RS,https://www.openstreetmap.org/way/111349153
bankside@tonkotsu.co.uk,Tonkotsu,Southwark,Southwark,Asian; Japanese,https://tonkotsu.co.uk/,,openstreetmap,openstreetmap,1,+44 20 7928 2228,4 Canvey Street,SE1 9AN,https://www.openstreetmap.org/way/810617516
southwark@tortilla.co.uk,Tortilla,Southwark,Southwark,Mexican,https://www.tortilla.co.uk/restaurants/southwark,,openstreetmap,openstreetmap,1,+44 20 7620 4084,1 The Cut,SE1 8JZ,https://www.openstreetmap.org/node/5396322683
londonbridge@tortilla.co.uk,Tortilla,Southwark,Southwark,Mexican,https://www.tortilla.co.uk/restaurants/london-bridge,,openstreetmap,openstreetmap,1,+44 207 870 9224,90 Tooley Street,SE1 2TH,https://www.openstreetmap.org/way/90376727
theujse1@gmail.com,UJ,Southwark,Southwark,Pub,https://www.ujpub.com/,,venue website,openstreetmap,1,,225 Union Street,SE1 0LR,https://www.openstreetmap.org/way/77765242
info@unionviet.com,Union Viet Cafe and Restaurant,Southwark,Southwark,Restaurant,http://www.unionviet.com/,,openstreetmap,openstreetmap,1,+44 20 3302 8828,120 Union Street,SE1 0FR,https://www.openstreetmap.org/node/5493149390
towerbridge@watchhouse.com,WatchHouse,Southwark,Bermondsey,Breakfast,https://www.thewatchhouse.com/,hello@watchhouse.com,openstreetmap,openstreetmap,1,+44 20 7407 6431,37 Shad Thames,SE1 2NJ,https://www.openstreetmap.org/node/4784656735
bermondsey@watchhouse.com,WatchHouse,Southwark,Bermondsey,Breakfast,https://www.watchhouse.com,hello@watchhouse.com,openstreetmap,openstreetmap,1,+44 20 7407 6431,199 Bermondsey Street,SE1 3UW,https://www.openstreetmap.org/way/305276866
hello@watsonstelegraph.pub,Watson's General Telegraph,Southwark,East Dulwich,Pub,https://www.watsonstelegraph.pub/,,venue website,openstreetmap,1,,108 Forest Hill Road,SE22 0RS,https://www.openstreetmap.org/way/27515855
info@whitemulberries.com,White Mulberries,Southwark,Southwark,Cafe,https://whitemulberries.com/pages/hays-galleria,,venue website,openstreetmap,3,,,,https://www.openstreetmap.org/node/5211002733
borough@thewrightbrothers.co.uk,Wright Brothers,Southwark,Southwark,Seafood,https://thewrightbrothers.co.uk/restaurant/borough-market/,athome@thewrightbrothers.co.uk,venue website,openstreetmap,1,+44 20 7403 9554,11 Stoney Street,SE1 9AD,https://www.openstreetmap.org/node/14181043728
info@citybrew.co.uk,Yellow Ladder,Southwark,Rotherhithe,Breakfast,https://yellowladdercoffee.com/,,openstreetmap,openstreetmap,1,,Unit 3 Surrey Quays Road,SE16 2BY,https://www.openstreetmap.org/node/12633520272
caffemelo@btconnect.com,Caffe Melo,Sutton,Sutton,Cafe,,,openstreetmap,openstreetmap,1,+44 20 8770 7110,"2 Station Parade, Brighton Road",SM1 1JA,https://www.openstreetmap.org/node/1861753244
iimasushi1@gmail.com,ii-ma Sushi,Sutton,Sutton,Asian; Japanese; Sushi,https://www.iimasushi.com/,,venue website,openstreetmap,1,+44 20 8661 7475,6 Mulgrave Road,SM2 6LE,https://www.openstreetmap.org/node/1675499053
mimiecoco@hotmail.co.uk,Mimi e Coco,Sutton,Cheam,Italian,https://mimiecoco.co.uk/,,venue website,openstreetmap,1,,22 Ewell Road,SM3 8BU,https://www.openstreetmap.org/node/835904174
admin@hopecarshalton.co.uk,The Hope,Sutton,Carshalton,Pub,http://www.hopecarshalton.co.uk/,,openstreetmap,openstreetmap,1,+44 20 8240 1255,48 West Street,SM5 2PR,https://www.openstreetmap.org/way/97425688
theplatformpairltd@gmail.com,The Railway Tavern,Sutton,Carshalton,Pub,https://www.railwaytaverncarshalton.co.uk/,,venue website,openstreetmap,1,,47 North Street,SM5 2HG,https://www.openstreetmap.org/node/37124435
bookings@thesuncarshalton.com,The Sun,Sutton,Carshalton,Pub,https://www.thesuncarshalton.com/,,venue website,openstreetmap,1,+44 20 8773 4549,4 North Street,SM5 2HU,https://www.openstreetmap.org/node/33583650
tiempo@thelounges.co.uk,Tiempo Lounge,Sutton,Sutton,Restaurant,https://thelounges.co.uk/tiempo,,venue website,openstreetmap,1,,73 High Street,SM1 1DU,https://www.openstreetmap.org/node/2627107102
info@1947restaurant.co.uk,1947 Restaurant & Bar,Tower Hamlets,Spitalfields,Indian,https://1947restaurant.co.uk/,info.1947restaurant@gmail.com,openstreetmap,openstreetmap,1,+44 20 3583 1908,38 Middlesex Street,E1 7EX,https://www.openstreetmap.org/way/846738368
bookings@640east.co.uk,640East,Tower Hamlets,Canary Wharf,Cafe,https://640east.co.uk/,manager@640east.co.uk; waterstreet@640east.co.uk,venue website,openstreetmap,1,,10 Water Street,E14 5GX,https://www.openstreetmap.org/node/11603153102
info@aportugueseloveaffair.co.uk,A Portuguese Love Affair,Tower Hamlets,Bethnal Green,Cafe,https://www.aportugueseloveaffair.co.uk/,delicafe@aportugueseloveaffair.co.uk,venue website,openstreetmap,1,+44 20 3490 2662,326 Hackney Road,E2 7AX,https://www.openstreetmap.org/node/7512396419
hello@afallenpoete.com,A.F/P Coffee Shop,Tower Hamlets,Bow,Breakfast,https://afallenpoete.com/,,venue website,openstreetmap,1,,482 Roman Road,,https://www.openstreetmap.org/node/11329057532
hello@almaricoffee.com,Almari,Tower Hamlets,Blackwall,Cafe,https://almaricoffee.com,hey@almaricoffee.com,openstreetmap,openstreetmap,1,,71 New Village Avenue,E14 0TE,https://www.openstreetmap.org/node/12223016773
info@amargaon.co.uk,Amar Gaon,Tower Hamlets,Spitalfields,Asian,https://amargaon.co.uk/,,openstreetmap,openstreetmap,1,+44 20 7377 6688,48-50 Brick Lane,E1 6RL,https://www.openstreetmap.org/way/268467478
info@thisisamber.co.uk,Amber London,Tower Hamlets,Whitechapel,Restaurant,https://www.thisisamber.co.uk/,,venue website,openstreetmap,1,+44 20 7702 0700,21 Piazza Walk,E1 8QH,https://www.openstreetmap.org/node/6942710107
info@amerigovespucci.co.uk,Amerigo Vespucci,Tower Hamlets,Canary Wharf,Italian,https://amerigovespucci.co.uk/,,venue website,openstreetmap,1,,25 Cabot Square,E14 4QA,https://www.openstreetmap.org/node/471035356
info@ararestaurant.co.uk,Ara Restaurant,Tower Hamlets,Whitechapel,Breakfast,https://ararestaurant.co.uk/,,openstreetmap,openstreetmap,1,+44 20 4597 0116,1 New Drum Street,E1 7AY,https://www.openstreetmap.org/node/12962173957
hires@artsadmin.co.uk,Artsadmin Canteen,Tower Hamlets,Spitalfields,Breakfast; Deli,https://www.artsadmin.co.uk/toynbee-studios/cafe/,,venue website,openstreetmap,1,+44 20 7247 5102,28 Commercial Street,E1 6AB,https://www.openstreetmap.org/way/672022619
info@babelgrillhouse.co.uk,Babel Grill House,Tower Hamlets,Spitalfields,Restaurant,https://www.babelgrillhouse.co.uk/,,venue website,openstreetmap,1,+44 20 3827 9445,192a Brick Lane,E1 6SA,https://www.openstreetmap.org/way/271625707
barandblockgm.aldgate@whitbread.com,Bar + Block,Tower Hamlets,Whitechapel,Breakfast; Steak,https://www.barandblock.co.uk/,,openstreetmap,openstreetmap,1,+44 20 8049 0888,66 Alie Street,E1 8PX,https://www.openstreetmap.org/node/3811089558
contact@bigmammagroup.com,Barbarella,Tower Hamlets,Canary Wharf,Italian,https://www.bigmammagroup.com/italian-restaurants/barbarella,jean.naudy@gmail.com,venue website,openstreetmap,2,+44 7360 275160,Mackenzie Walk,E14 5HX,https://www.openstreetmap.org/node/14159942730
bookings@bargeeast.com,Barge East,Tower Hamlets,Old Ford,Restaurant,https://www.bargeeast.com/,info@bargeeast.com,venue website,openstreetmap,1,+44 20 3026 2807,White Post Lane,E9 5EN,https://www.openstreetmap.org/node/6564646815
hello@nora.london,Beam,Tower Hamlets,Blackwall,Restaurant,https://nora.london,,venue website,openstreetmap,1,,7 West Lane,E22 3AA,https://www.openstreetmap.org/node/13038700758
info@bbcafe.co.uk,Beans & Beyond,Tower Hamlets,Limehouse,American; Breakfast; Burger; Italian,https://www.bbcafe.co.uk/,,openstreetmap,openstreetmap,1,+44 20 3089 6961,819-821 Commercial Road,E14 7HG,https://www.openstreetmap.org/node/10674942927
bengalquay@hotmail.com,Bengal Quay,Tower Hamlets,Isle of Dogs,Indian,https://bengalquay.com/,,openstreetmap,openstreetmap,1,+44 20 7515 3378,1-2 Admirals Way,E14 9XL,https://www.openstreetmap.org/node/5266394243
canarywharfreservations@bigeasy.co.uk,Big Easy,Tower Hamlets,Canary Wharf,American,https://www.bigeasy.co.uk/canary-wharf,,venue website,openstreetmap,1,,1 Crossrail Place,E14 5AR,https://www.openstreetmap.org/node/6019685654
canarywharf@theblacklock.com,Blacklock,Tower Hamlets,Canary Wharf,Restaurant,https://theblacklock.com/restaurants/canary-wharf/,,venue website,openstreetmap,1,+44 20 3034 0230,3 Frobisher Passage,E14 4EE,https://www.openstreetmap.org/node/11086766940
info@bornandraisedpizza.com,Born & Raised,Tower Hamlets,Old Ford,Pizza,https://www.bornandraisedpizza.com/,,venue website,openstreetmap,1,,451 Wick Lane,E3 2TB,https://www.openstreetmap.org/node/8816648102
enquiries@brawn.co,Brawn,Tower Hamlets,Bethnal Green,Restaurant,https://www.brawn.co/,,venue website,openstreetmap,1,,49 Columbia Road,E2 7RG,https://www.openstreetmap.org/node/371514911
ontheriver@breadstreetkitchen.com,Bread Street Kitchen & Bar - Limehouse,Tower Hamlets,Limehouse,Restaurant,https://www.gordonramsayrestaurants.com/bread-street-kitchen/on-the-river,,openstreetmap,openstreetmap,1,+44 20 7592 7950,44 Narrow Street,E14 8DJ,https://www.openstreetmap.org/way/192543585
canarywharfbookings@brewdog.com,BrewDog,Tower Hamlets,Canary Wharf,BBQ; Pub,https://drink.brewdog.com/uk/brewdog-canary-wharf,bookings@brewdog.com; hello@brewdog.com,openstreetmap,openstreetmap,1,+44 20 7513 2417,2 Churchill Place,E14 5RB,https://www.openstreetmap.org/node/2018688106
info@bricklanebrasserie.com,Brick Lane Brasserie,Tower Hamlets,Spitalfields,French; Indian,,,openstreetmap,openstreetmap,1,+44 20 7377 8072,67 Brick Lane,E1 6QL,https://www.openstreetmap.org/way/270413887
info@bubala.co.uk,Bubala,Tower Hamlets,Spitalfields,Restaurant,https://www.bubala.co.uk/,reservations@bubala.co.uk,openstreetmap,openstreetmap,1,,65 Commercial Street,E1 6BD,https://www.openstreetmap.org/way/331523439
chinatown@bun.house,Bun House Disco,Tower Hamlets,Bethnal Green,Restaurant,https://www.bun.house/,disco@bun.house,venue website,openstreetmap,2,+44 20 7739 0552,118 Bethnal Green Road,E2 6DG,https://www.openstreetmap.org/way/271641399
westindiaquay@burgerandlobster.com,Burger & Lobster,Tower Hamlets,Canary Wharf,Burger; Seafood,https://www.burgerandlobster.com/,events@burgerandlobster.com,openstreetmap,openstreetmap,1,+44 20 3637 6709,18 Hertsmere Road,E14 4AY,https://www.openstreetmap.org/way/140144154
info@burntrestaurant.co.uk,Burnt,Tower Hamlets,Bethnal Green,Cafe,https://www.burntrestaurant.co.uk/burnt-arches,,venue website,openstreetmap,1,,278 Poyser Street,E2 9RF,https://www.openstreetmap.org/node/13536656198
hello@burnt-umber.co.uk,Burnt Umber,Tower Hamlets,Old Ford,Cafe,https://www.burnt-umber.co.uk/,,venue website,openstreetmap,1,,2 Hepscott Road,,https://www.openstreetmap.org/node/9293599117
info@carbobar.co.uk,Carbobar,Tower Hamlets,Old Ford,Italian,https://www.carbobar.co.uk/,,venue website,openstreetmap,1,,130 Cadogan Terrace,E9 5HP,https://www.openstreetmap.org/node/7435217216
reservations@chicome.co.uk,Chicome,Tower Hamlets,Wapping,Mexican; Steak,https://chicome.co.uk/,,openstreetmap,openstreetmap,1,+44 20 3031 7601,2 St. Katharine's Way,E1W 1AA,https://www.openstreetmap.org/node/662185232
pixxawr@mypixxa.com,Circle & Slice,Tower Hamlets,Whitechapel,Pizza,https://www.mypixxa.com/,info@mypixxa.com,openstreetmap,openstreetmap,1,+44 7468 424328,11 Whitechapel Road,E1 1DU,https://www.openstreetmap.org/way/264127756
info@cleanheartscafe.co.uk,Clean Hearts,Tower Hamlets,Whitechapel,Breakfast; Deli,https://www.cleanheartscafe.co.uk,,venue website,openstreetmap,1,,52 Commercial Road,E1 1LP,https://www.openstreetmap.org/node/6341182394
info@coffeematterslondon.com,Coffee Matters,Tower Hamlets,Bethnal Green,Cafe,https://coffeematterslondon.com/,,venue website,openstreetmap,1,,157 Bethnal Green Road,E2 7DG,https://www.openstreetmap.org/node/7239517013
bar@cratebrewery.com,Crate Brewery & Pizza,Tower Hamlets,Old Ford,Pizza; Pub,https://www.cratebrewery.com/,sales@cratebrewery.com,openstreetmap,openstreetmap,1,+44 7834 275687,43 White Post Lane,E9 5EN,https://www.openstreetmap.org/node/2296112253
stkatharinedocks@cote.co.uk,Côte Brasserie,Tower Hamlets,Wapping,French,https://www.cote.co.uk/restaurant/st-katharine-docks,,venue website,openstreetmap,1,+44 20 7488 3668,1 St. Katharine's Way,E1W 1UN,https://www.openstreetmap.org/node/3159296417
info@dauns.co.uk,Dauns Cafe,Tower Hamlets,Spitalfields,Cafe,https://dauns.co.uk/,,venue website,openstreetmap,1,,77 Wentworth Street,E1 7TD,https://www.openstreetmap.org/node/11160718504
shop@departmentofcoffee.com,Department of Coffee and Social Affairs,Tower Hamlets,Spitalfields,Cafe,https://departmentofcoffee.com,,venue website,openstreetmap,2,,133 Whitechapel High Street,E1 7QA,https://www.openstreetmap.org/node/4795980911
info@dockersinn.co.uk,Dockers Inn,Tower Hamlets,Wapping,Pub,https://dockersinn.co.uk/,management@dockersinn.co.uk,venue website,openstreetmap,1,,97 Wapping Lane,E1W 2RW,https://www.openstreetmap.org/node/249310455
info@docklandsdiner.co.uk,Docklands Diner,Tower Hamlets,Canary Wharf,American; Breakfast,https://docklandsdiner.co.uk/,impallari@gmail.com,openstreetmap,openstreetmap,1,+44 20 7515 7160,3 Cannon Drive,E14 4AS,https://www.openstreetmap.org/node/2018583888
info@doppiocoffee.co.uk,Doppio,Tower Hamlets,Whitechapel,Cafe,https://doppiocoffee.co.uk/,hello@doppiocoffee.co.uk; customer.service@doppiocoffee.co.uk,venue website,openstreetmap,2,+44 20 7247 7838,90 Hanbury Street,E1 5JL,https://www.openstreetmap.org/node/6195245785
hello@duke.london,Duke of Wellington,Tower Hamlets,Spitalfields,Pub,https://www.duke.london/,,venue website,openstreetmap,1,,12-14 Toynbee Street,E1 7NE,https://www.openstreetmap.org/node/858431027
info@dulcecoffeeandkitchen.com,Dulce,Tower Hamlets,Whitechapel,Cafe,https://www.dulcecoffeeandkitchen.com/,,openstreetmap,openstreetmap,1,+44 20 7375 1636,86 Whitechapel High Street,E1 7QX,https://www.openstreetmap.org/way/264131973
contact@dumboparis.com,Dumbo Shoreditch,Tower Hamlets,Bethnal Green,Burger,https://www.dumboparis.com/shoreditch,,venue website,openstreetmap,1,,119 Bethnal Green Road,E2 7DG,https://www.openstreetmap.org/node/13226005401
info@dzrt.co.uk,Dzrt,Tower Hamlets,Old Ford,Ice cream,https://dzrt.co.uk,,venue website,openstreetmap,1,+44 7383 777 888,622 Roman Road,E3 2RW,https://www.openstreetmap.org/node/13787668357
epelliccicafe@gmail.com,E. Pellicci,Tower Hamlets,Bethnal Green,Italian,https://epellicci.co.uk/,,openstreetmap,openstreetmap,1,+44 20 7739 4873,332 Bethnal Green Road,E2 0AG,https://www.openstreetmap.org/node/1024570955
e3vegan@gmail.com,E3 Vegan,Tower Hamlets,Bow,Restaurant,https://www.e3vegan.com/,,venue website,openstreetmap,1,+44 20 3859 9798,357 Roman Road,E3 5QR,https://www.openstreetmap.org/way/744654196
aldgate@emiliaspasta.com,Emilia's,Tower Hamlets,Whitechapel,Italian,https://www.emiliaspasta.com/,hello@emiliaspasta.com; skdocks@emiliaspasta.com; woodwharf@emiliaspasta.com; bakerstreet@emiliaspasta.com; victoria@emiliaspasta.com; retail@emiliaspasta.com,openstreetmap,openstreetmap,1,+44 20 7702 9944,77 Alie Street,E1 8NH,https://www.openstreetmap.org/node/6544359652
hello@emiliaspasta.com,Emilia's Pasta,Tower Hamlets,Wapping,Italian,https://www.emiliaspasta.com/,skdocks@emiliaspasta.com; aldgate@emiliaspasta.com; woodwharf@emiliaspasta.com; bakerstreet@emiliaspasta.com; victoria@emiliaspasta.com; retail@emiliaspasta.com,openstreetmap,openstreetmap,1,+44 20 7481 2004,East Smithfield,E1W 1AT,https://www.openstreetmap.org/node/5196663659
info@ensolondon.uk,Enso Lounge,Tower Hamlets,Spitalfields,Asian; Sushi,https://www.ensolounge.com/,,openstreetmap,openstreetmap,1,,124-126 Brick Lane,E1 6RL,https://www.openstreetmap.org/way/270438730
hello@ethicalbeancompany.com,Ethical Bean Company,Tower Hamlets,Old Ford,Cafe,https://www.ethicalbeancompany.com/,,venue website,openstreetmap,1,+44 7379 699318,41 Dace Road,E3 2NG,https://www.openstreetmap.org/way/474491361
favecoffee@yahoo.com,Fave Coffee Truck,Tower Hamlets,Canary Wharf,Breakfast,https://www.facebook.com/people/FAVE-Coffee/100083833455656/,,openstreetmap,openstreetmap,1,+44 7446 879067,Crossrail Place,,https://www.openstreetmap.org/node/11128154046
info@fennoodles.co.uk,Fen Noodles,Tower Hamlets,Spitalfields,Asian,https://fennoodles.co.uk/,,venue website,openstreetmap,1,,Brushfield Street,E1 6BG,https://www.openstreetmap.org/node/13809082001
info@franzeevans.com,Franzè & Evans,Tower Hamlets,Bethnal Green,Cafe,https://www.franzeevans.com/,marest@franzeevans.com,openstreetmap,openstreetmap,1,+44 20 7033 1910,101 Redchurch Street,E2 7DL,https://www.openstreetmap.org/way/373262256
info@frequencycoffee.com,Frequency Coffee Aldgate,Tower Hamlets,Whitechapel,Breakfast; Deli,https://frequencycoffee.com/,,venue website,openstreetmap,1,,15 Leman Street,E1 8EN,https://www.openstreetmap.org/node/8091537625
eat@gkelly.london,G. Kelly,Tower Hamlets,Bow,Restaurant,https://www.gkelly.london/,,openstreetmap,openstreetmap,1,+44 20 8980 3165,526 Roman Road,E3 5ES,https://www.openstreetmap.org/node/2949580043
administrator@stmargaretshouse.org.uk,Gallery Café,Tower Hamlets,Bethnal Green,Cafe,https://www.stmargaretshouse.org.uk/the-gallery-cafe,roombookings@stmargaretshouse.org.uk,venue website,openstreetmap,1,,15-23 Old Ford Road,E2 9PJ,https://www.openstreetmap.org/node/1212531400
team@geckocoffee.house,Gecko Coffeehouse,Tower Hamlets,Spitalfields,Breakfast,https://geckocoffee.house/,,venue website,openstreetmap,1,,49 Bethnal Green Road,E1 6LA,https://www.openstreetmap.org/way/373262267
press@markethalls.co.uk,Gopal's Corner,Tower Hamlets,Canary Wharf,Asian,https://markethalls.co.uk/trader/gopals/,,venue website,openstreetmap,1,,,,https://www.openstreetmap.org/node/9845461170
info@greenglowtakeaway.co.uk,Green Glow,Tower Hamlets,Bethnal Green,Takeaway,https://greenglowtakeaway.co.uk,,openstreetmap,openstreetmap,1,,,,https://www.openstreetmap.org/way/934314867
bow@groundedcoffee.co.uk,Grounded,Tower Hamlets,Bow,Cafe,https://grounded-coffee.co.uk/,,openstreetmap,openstreetmap,1,+44 20 3876 8716,90-92 Bow Road,E3 3AA,https://www.openstreetmap.org/node/11465992757
hello@gunpowderlondon.com,Gunpowder,Tower Hamlets,Spitalfields,Indian,http://gunpowderlondon.com/,,openstreetmap,openstreetmap,1,+44 20 7426 0542,11 White's Row,E1 7NF,https://www.openstreetmap.org/node/12543995831
contact@thehagenproject.com,Hagen,Tower Hamlets,Canary Wharf,Breakfast,https://www.thehagenproject.com/,,venue website,openstreetmap,1,,Mackenzie Walk,E14 5EZ,https://www.openstreetmap.org/node/14159942729
happydaysfishandchips@gmail.com,Happy Days,Tower Hamlets,Spitalfields,Seafood,https://happydays-restaurant.co.uk/,,venue website,openstreetmap,1,+44 20 7377 9815,44/46 Goulston Street,E1 7TP,https://www.openstreetmap.org/node/3728278239
spitalfields@thehawksmoor.com,Hawksmoor,Tower Hamlets,Spitalfields,Steak,https://thehawksmoor.com/locations/spitalfields,,openstreetmap,openstreetmap,1,+44 20 7426 4850,157a Commercial Street,E1 6BJ,https://www.openstreetmap.org/node/2809384384
airstreet@thehawksmoor.com,Hawksmoor,Tower Hamlets,Canary Wharf,Steak,https://thehawksmoor.com/,,venue website,openstreetmap,2,+44 20 3988 0510,1 Water Street,E14 5GX,https://www.openstreetmap.org/way/967277709
canarywharf@holycowonline.com,Holy Cow,Tower Hamlets,Limehouse,Indian,https://www.holycowonline.com/locations/limehouse-canary-wharf-indian-restaurant/,info@holycowonline.com,openstreetmap,openstreetmap,1,+44 20 7790 7688,51 Narrow Street,E14 8DN,https://www.openstreetmap.org/node/259086195
info@hottopotto.co.uk,Hotto Potto,Tower Hamlets,Whitechapel,Asian; Chinese,https://hottopotto.co.uk/,,venue website,openstreetmap,1,+44 20 7553 0188,17 Leman Street,E1 8EJ,https://www.openstreetmap.org/node/11162426138
info@howlinghops.co.uk,Howling Hops Tank Bar,Tower Hamlets,Old Ford,Bar,https://howlinghops.co.uk/,beer@howlinghops.co.uk; shop@howlinghops.co.uk; tankbar@howlinghops.co.uk,venue website,openstreetmap,1,,43 White Post Lane,E9 5EN,https://www.openstreetmap.org/node/3592458098
info@hwklondon.com,HWK Coffee,Tower Hamlets,Old Ford,Breakfast,https://www.hwklondon.com/,,openstreetmap,openstreetmap,1,+44 20 8533 4685,29 White Post Lane,E9 5EN,https://www.openstreetmap.org/node/7137718121
info@ilbianco.co.uk,Il Bianco,Tower Hamlets,Blackwall,Italian,https://ilbianco.co.uk/,,venue website,openstreetmap,1,,2 Biscayne Avenue,E14 9QT,https://www.openstreetmap.org/node/1936869841
reservations@inamo-restaurant.com,Inamo Sushi,Tower Hamlets,Canary Wharf,Asian; Sushi,https://www.inamo-restaurant.com/,press@inamo-restaurant.com,venue website,openstreetmap,2,,25 North Colonnade,E14 5HS,https://www.openstreetmap.org/node/9845461167
info@indiangreedycow.co.uk,Indian Greedy Cow,Tower Hamlets,Bethnal Green,Indian,https://www.indiangreedycow.co.uk/,,venue website,openstreetmap,1,+44 20 7739 4884,310 Hackney Road,E2 7SJ,https://www.openstreetmap.org/way/1018578020
hello@inisfishisland.com,Inis,Tower Hamlets,Old Ford,Cafe,https://www.inisfishisland.com/,,venue website,openstreetmap,1,,13 Rookwood Way,,https://www.openstreetmap.org/node/11931159734
hello@kolambaeast.co.uk,Kolamba East,Tower Hamlets,Spitalfields,Indian,https://www.kolamba.co.uk/kolamba-east,hello@kolamba.co.uk,openstreetmap,openstreetmap,1,+44 20 3435 7174,12 Blossom Street,E1 6PL,https://www.openstreetmap.org/node/12725076101
online@kovapatisserie.com,Kova,Tower Hamlets,Whitechapel,Bakery,https://www.kovapatisserie.com/,,openstreetmap,openstreetmap,1,,,,https://www.openstreetmap.org/node/12251307772
info@lafigarestaurant.co.uk,La Figa,Tower Hamlets,Limehouse,Italian,https://www.lafigarestaurant.co.uk/,,venue website,openstreetmap,1,+44 20 7790 0077,45 Narrow Street,E14 8DX,https://www.openstreetmap.org/node/259086194
contact@lanternafishisland.com,Lanterna,Tower Hamlets,Old Ford,Pizza,https://lanternafishisland.com/,,openstreetmap,openstreetmap,1,+44 20 8075 9888,2 Wyke Road,E3 2XD,https://www.openstreetmap.org/node/9848721054
hello@layersbakery.uk,Layers,Tower Hamlets,Blackwall,Bakery,https://www.layersbakery.uk/,wholesale@layersbakery.uk,venue website,openstreetmap,1,,68 Orchard Place,E14 0JW,https://www.openstreetmap.org/node/11737587767
info@cakesbylachi.com,LA’Chi,Tower Hamlets,Canary Wharf,Cafe,https://www.cakesbylachi.com/,,venue website,openstreetmap,1,+447969394324,1 Pennyfields,E14 8HP,https://www.openstreetmap.org/way/351862778
lemanstreettavern@geronimo-inns.co.uk,Leman Street Tavern,Tower Hamlets,Whitechapel,Restaurant,https://www.lemanstreettavern.co.uk/,,openstreetmap,openstreetmap,1,+44 20 3437 0001,31 Leman Street,E1 8PT,https://www.openstreetmap.org/node/4001619076
info@lordnapierstar.co.uk,Lord Napier and Star,Tower Hamlets,Old Ford,Pub,https://lordnapierstar.co.uk/,,venue website,openstreetmap,1,+44 20 8161 4338,25 White Post Lane,E9 5EN,https://www.openstreetmap.org/way/525700383
events@loveshackldn.com,Love Shack,Tower Hamlets,Bethnal Green,Burger,https://www.loveshackldn.com/,,venue website,openstreetmap,1,,298-299 Cambridge Heath Road,E2 9HA,https://www.openstreetmap.org/node/5671603521
east@lupita.co.uk,Lupita,Tower Hamlets,Spitalfields,Mexican,https://www.lupita.co.uk/,,openstreetmap,openstreetmap,1,+44 20 3141 6000,60-62 Commercial Street,E1 6LT,https://www.openstreetmap.org/way/422638153
info@lvls.london,Lvls,Tower Hamlets,Old Ford,Pub,https://www.lvls.london/,events@lvls.london,venue website,openstreetmap,1,,Succession Walk,E3 2RX,https://www.openstreetmap.org/node/12531850553
natasha@maeandharvey.com,Mae + Harvey,Tower Hamlets,Bow,Cafe,https://www.maeandharvey.com/,orders@maeandharvey.com,openstreetmap,openstreetmap,1,,414-416 Roman Road,,https://www.openstreetmap.org/way/1396546674
contact@slotnaga777.me,Mame,Tower Hamlets,Old Ford,Asian; Japanese,https://www.mame.london/,,venue website,openstreetmap,1,,451 Wick Lane,E3 2TB,https://www.openstreetmap.org/node/8816648103
hello@marceline.london,Marceline,Tower Hamlets,Canary Wharf,French,https://marceline.london,,openstreetmap,openstreetmap,1,+44 20 7554 3344,5 Water Street,E14 5GX,https://www.openstreetmap.org/node/12241072301
events@markethalls.co.uk,Market Halls Cargo Canary Wharf,Tower Hamlets,Canary Wharf,Food court,https://markethalls.co.uk/venue/canary-wharf/,canarywharf@markethalls.co.uk; canarywharfteam@markethalls.co.uk; press@markethalls.co.uk,venue website,openstreetmap,2,,26 North Colonnade,E14 5HD,https://www.openstreetmap.org/node/9845461162
info@mercatometropolitano.com,Mercato Metropolitano,Tower Hamlets,Canary Wharf,Food court,https://mercatometropolitano.com/locations/wood-wharf/,,venue website,openstreetmap,2,,6 George Street,E14 9QG,https://www.openstreetmap.org/way/1448693532
shoreditch@mikkeller.com,Mikkeller Bar London,Tower Hamlets,Bethnal Green,Pub,https://mikkeller.com/locations/mikkeller-bar-london,,venue website,openstreetmap,1,,2-4 Hackney Road,E2 7NS,https://www.openstreetmap.org/way/533902320
hello@momlette.com,Momlette,Tower Hamlets,Spitalfields,Restaurant,https://momlette.com/,,venue website,openstreetmap,1,,,,https://www.openstreetmap.org/node/10781433705
hello@motherdoughpizza.co.uk,Mother Dough,Tower Hamlets,Wapping,Pizza,https://www.motherdoughpizza.co.uk/,,venue website,openstreetmap,2,,,E1W 2AE,https://www.openstreetmap.org/node/14178743985
colinjrosie@icloud.com,Nilly’s Turkish Kitchen,Tower Hamlets,Spitalfields,Takeaway,https://oldspitalfieldsmarket.com/food-and-drink/turkish-wrap-house,merkamoethiopian@gmail.com,venue website,openstreetmap,1,+447590516975,16 Horner Square,,https://www.openstreetmap.org/node/14129608502
info@niuhotpot.co.uk,Niu Hotpot,Tower Hamlets,Spitalfields,Restaurant,https://www.niuhotpot.co.uk/,,openstreetmap,openstreetmap,1,+44 20 3332 2968,43 Commercial Street,E1 6BD,https://www.openstreetmap.org/node/858387329
reservations@no35mackenziewalk.co.uk,No 35 Mackenzie Walk,Tower Hamlets,Canary Wharf,Restaurant,https://no35mackenziewalk.co.uk,,venue website,openstreetmap,1,,29-35 Mackenzie Walk,E14 4PH,https://www.openstreetmap.org/node/470300992
enquiries@noodlestreet.co.uk,Noodle St,Tower Hamlets,Canary Wharf,Asian; Chinese,https://noodlestreet.co.uk/,,venue website,openstreetmap,1,+44 20 7987 8688,15-17 Pennyfields,E14 8HP,https://www.openstreetmap.org/way/196757422
bookings@notescoffee.com,Notes,Tower Hamlets,Canary Wharf,Breakfast,https://notescoffee.com/,,venue website,openstreetmap,3,+44 20 7519 6503,1 Crossrail Place,E14 5AR,https://www.openstreetmap.org/node/6019685656
info@noxybrothers.com,Noxy Brothers,Tower Hamlets,Spitalfields,Cafe,https://noxybrothers.com/,,venue website,openstreetmap,1,+44 7951 335101,105 Commercial Street,E1 6BG,https://www.openstreetmap.org/node/13809070001
roastery@nudeespresso.com,Nude Coffee Roasters,Tower Hamlets,Spitalfields,Breakfast,https://www.nudeespresso.com/,,venue website,openstreetmap,1,,25 Hanbury Street,,https://www.openstreetmap.org/node/13101085518
fufu7755@gmail.com,One Rice,Tower Hamlets,Spitalfields,Asian; Chinese,https://www.onericelondon.com/,onericemarketing@gmail.com,venue website,openstreetmap,1,+44 20 3859 5892,46 Brick Lane,E1 6RF,https://www.openstreetmap.org/way/267559627
contact@onglaikopitiam.co.uk,Ong Lai Kopitiam,Tower Hamlets,Blackwall,Asian,https://www.onglaikopitiam.co.uk/home,,venue website,openstreetmap,1,,10 Harbord Square,E14 9TH,https://www.openstreetmap.org/node/13266563039
spitalfields@ottolenghi.co.uk,Ottolenghi,Tower Hamlets,Spitalfields,Restaurant,https://www.ottolenghi.co.uk/,,openstreetmap,openstreetmap,1,+44 20 7247 1999,50 Artillery Lane,E1 7LS,https://www.openstreetmap.org/way/338799778
info@oxfordhouse.org.uk,Oxford House café,Tower Hamlets,Bethnal Green,Breakfast,https://www.oxfordhouse.org.uk/!#cafe-anchor,,venue website,openstreetmap,1,,Derbyshire Street,E2 6HG,https://www.openstreetmap.org/node/11734204635
emmastreet@ozonecoffee.co.uk,Ozone Coffee Roasters,Tower Hamlets,Bethnal Green,Breakfast,https://ozonecoffee.co.uk/,leonardstreet@ozonecoffee.co.uk,openstreetmap,openstreetmap,1,+44 20 7490 1039,8 Pritchard's Road,E2 9AP,https://www.openstreetmap.org/way/216592541
info@pandyasrestaurants.com,Pandyas Simply Indian Cuisine,Tower Hamlets,Canary Wharf,Indian,https://pandyasrestaurants.com/,support24-7@gmail.com,venue website,openstreetmap,1,+44 20 7870 3304,11 Pennyfields,E14 8HP,https://www.openstreetmap.org/way/351862784
info@pattyandbun.co.uk,Patty & Bun,Tower Hamlets,Canary Wharf,Burger,https://www.pattyandbun.co.uk/,,venue website,openstreetmap,1,,15 Park Drive,E14 9GG,https://www.openstreetmap.org/node/10034149594
contact@paulieslondon.com,Paulie's,Tower Hamlets,Spitalfields,Italian,https://paulieslondon.com/,,venue website,openstreetmap,1,,144-146 Commercial Street,E1 6NU,https://www.openstreetmap.org/node/14024981601
wiq@pizzapilgrims.co.uk,Pizza Pilgrims,Tower Hamlets,Canary Wharf,Pizza,https://www.pizzapilgrims.co.uk/pizzerias/canary-wharf/,events@pizzapilgrims.co.uk,openstreetmap,openstreetmap,1,+44 20 3019 8020,12 Hertsmere Road,E14 4AF,https://www.openstreetmap.org/way/183091364
info@polentina.com,Polentina,Tower Hamlets,Bromley (also Bromley-by-Bow),Italian,https://www.polentina.com,,venue website,openstreetmap,1,,,,https://www.openstreetmap.org/node/11047346891
hello@potterandreid.com,Potter & Reid,Tower Hamlets,Spitalfields,Cafe,https://www.potterandreid.com/,potterandreid@outlook.com,venue website,openstreetmap,1,,20-22 Toynbee Street,E1 7NE,https://www.openstreetmap.org/node/9691994217
info@quakerstreet.co.uk,Quaker Street Coffee & Bubble Tea,Tower Hamlets,Spitalfields,Cafe,https://quakerstreet.co.uk/,,openstreetmap,openstreetmap,1,+44 20 7377 2986,10 Quaker Street,E1 6SZ,https://www.openstreetmap.org/node/5312104442
info@rajboy.com,Rajboy,Tower Hamlets,Limehouse,Indian,https://www.rajboy.com/,,venue website,openstreetmap,1,+44 20 7791 3535,564 Commercial Road,E14 7JD,https://www.openstreetmap.org/way/190626269
info@rinkoffs.co.uk,Rinkoff Bakery,Tower Hamlets,Stepney,Bakery,https://www.rinkoffbakery.co.uk,,venue website,openstreetmap,2,+44 20 7791 4909,224 Jubilee Street,E1 3BS,https://www.openstreetmap.org/node/4306580170
contact@roasteryclub.co.uk,Roastery Club,Tower Hamlets,Whitechapel,Cafe,https://roasteryclub.co.uk/,,openstreetmap,openstreetmap,1,+442033023710,2 New Drum Street,E1 7RA,https://www.openstreetmap.org/node/13917963819
info@roerestaurant.co.uk,Roe,Tower Hamlets,Canary Wharf,Restaurant,https://roerestaurant.co.uk/,events@roerestaurant.co.uk; talent@roerestaurant.co.uk,venue website,openstreetmap,1,,5 Park Drive,E14 9GG,https://www.openstreetmap.org/node/12643894754
hello@rotundacafe.co.uk,Rotunda Cafe,Tower Hamlets,Cubitt Town,Cafe,https://rotundacafe.co.uk/,,venue website,openstreetmap,1,,Saunders Ness Road,E14 3PS,https://www.openstreetmap.org/way/1093184860
bookings@sebrightarms.com,Sebright Arms,Tower Hamlets,Bethnal Green,Pub,https://www.sebrightarms.com/,admin@sebrightarms.com,venue website,openstreetmap,1,,31-35 Coate Street,E2 9AG,https://www.openstreetmap.org/way/305492454
info@shakeiishakeii.com,Shakeii Shakeii,Tower Hamlets,Blackwall,Cafe,https://www.shakeiishakeii.com/,,venue website,openstreetmap,1,,20 Hopewell Square,E14 0SY,https://www.openstreetmap.org/node/10233498427
contact@silolondon.com,Silo,Tower Hamlets,Old Ford,Restaurant,https://silolondon.com,douglas@silolondon.com,openstreetmap,openstreetmap,1,+44 20 7993 8155,Queens Yard,,https://www.openstreetmap.org/node/9180796397
hello@simmoscoffee.com,Simmos,Tower Hamlets,Old Ford,Breakfast,https://www.simmoscoffee.com/,,venue website,openstreetmap,1,,5 Skippers Yard,E3 2RF,https://www.openstreetmap.org/node/12713732348
vouchers@sixbynico.co.uk,Six by Nico,Tower Hamlets,Canary Wharf,Restaurant,https://www.sixbynico.co.uk/canary-wharf/booking/,canarywharf@sixbynico.co.uk,venue website,openstreetmap,1,+44 20 3912 3334,6 Chancellor Passage,E14 5EA,https://www.openstreetmap.org/node/9359206908
bookings@somsaa.com,Som Saa,Tower Hamlets,Spitalfields,Asian,https://www.somsaa.com/,kitchenjobs@somsaa.com; fohjobs@somsaa.com,venue website,openstreetmap,1,+44 20 7324 7790,43A Commercial Street,E1 6BD,https://www.openstreetmap.org/node/4329983560
info@suditaliapizza.co.uk,Sud Italia,Tower Hamlets,Spitalfields,Pizza,https://suditaliapizza.co.uk/,,openstreetmap,openstreetmap,1,,16 Horner Square,E1 6EW,https://www.openstreetmap.org/node/7743221285
info@sushinoen.com,SUSHINOEN,Tower Hamlets,Whitechapel,Asian; Sushi,https://www.sushinoen.com/,hello@sushinoen.com,openstreetmap,openstreetmap,1,+44 20 3645 6734,2 White Church Lane,E1 7QR,https://www.openstreetmap.org/way/157605249
info@tayyabs.co.uk,Tayyabs,Tower Hamlets,Whitechapel,Indian,https://tayyabs.co.uk/,,openstreetmap,openstreetmap,1,+44 20 7247 9543;+44 20 7247 6400;+44 20 7247 8521,83-89 Fieldgate Street,E1 1JU,https://www.openstreetmap.org/node/1784593689
info@thaiocha.co.uk,Thai O'CHA,Tower Hamlets,Spitalfields,Asian,https://thaiocha.co.uk/,,venue website,openstreetmap,1,,176 Brick Lane,E1 6RU,https://www.openstreetmap.org/way/271621022
reservations@thealchemistbars.com,The Alchemist,Tower Hamlets,Canary Wharf,Bar,https://thealchemistbars.com/venues/canary-wharf/,,venue website,openstreetmap,1,+44 20 3794 0595,Reuters Plaza,E14 5AJ,https://www.openstreetmap.org/node/470349600
approachtavern@remarkablepubs.co.uk,The Approach Tavern,Tower Hamlets,Bethnal Green,Pub,https://theapproachtavern.co.uk/,,openstreetmap,openstreetmap,1,+44 20 8980 2321,47 Approach Road,E2 9LY,https://www.openstreetmap.org/way/220801895
info@thebellpub.co.uk,The Bell,Tower Hamlets,Spitalfields,Asian; Pub,https://www.thebellpub.co.uk/,nager@thebellpub.co.uk; template.placeholder@gmail.com,openstreetmap,openstreetmap,1,+44 20 7247 3459,50 Middlesex Street,E1 7EX,https://www.openstreetmap.org/way/204000375
thecastle44@gmail.com,The Castle,Tower Hamlets,Whitechapel,Pub,http://www.thecastlelondon.com/,,openstreetmap,openstreetmap,1,,44 Commercial Road,E1 1LN,https://www.openstreetmap.org/node/277909036
theclementattlee@thecraftbeerco.com,The Clement Attlee,Tower Hamlets,Limehouse,Pub,https://www.theclementattlee.co.uk/,,openstreetmap,openstreetmap,1,+44 20 7790 2726,576-578 Commercial Road,E14 7JD,https://www.openstreetmap.org/way/190626268
coborn@youngs.co.uk,The Coborn,Tower Hamlets,Bow,Pub,https://www.thecoborn.co.uk/,,openstreetmap,openstreetmap,1,+44 20 8980 3793,6-8 Coborn Road,E3 2DA,https://www.openstreetmap.org/way/430938730
bookings@theculpeper.com,The Culpeper,Tower Hamlets,Spitalfields,Pub,https://www.theculpeper.com/,events@theculpeper.com,venue website,openstreetmap,1,+44 20 7247 5371,40 Commercial Street,E1 6LP,https://www.openstreetmap.org/way/161720577
chris@closeupchris.co.uk,The Dispensary,Tower Hamlets,Whitechapel,Pub,https://www.thedispensarylondon.co.uk/,,venue website,openstreetmap,1,,19a Leman Street,E1 8EN,https://www.openstreetmap.org/way/257338682
info@thedundeearms.com,The Dundee Arms,Tower Hamlets,Bethnal Green,Pub,http://www.thedundeearms.com/,,openstreetmap,openstreetmap,1,+44 20 7729 6903,339 Cambridge Heath Road,E2 9LH,https://www.openstreetmap.org/way/379838816
georgetavernbookings@gmail.com,The George Tavern,Tower Hamlets,Shadwell,Pizza; Pub,https://thegeorgetavern.london/,pauline.georgetavern@gmail.com,venue website,openstreetmap,1,+44 20 7790 7335,373 Commercial Road,E1 0LA,https://www.openstreetmap.org/way/195649317
info@greenwichpensioner.co.uk,The Greenwich Pensioner,Tower Hamlets,Poplar,Pizza; Pub,,,openstreetmap,openstreetmap,1,,28 Bazely Street,E14 0ES,https://www.openstreetmap.org/way/372953882
thehubvictoriapark@gmail.com,The Hub Cafe,Tower Hamlets,Old Ford,Cafe,https://www.thehubvictoriapark.net/,,openstreetmap,openstreetmap,1,,St Marks Gate,E9 5HT,https://www.openstreetmap.org/way/1282119570
hello@theknaveofclubs.co.uk,The Knave of Clubs,Tower Hamlets,Spitalfields,Burger,https://www.theknaveofclubs.co.uk/,,openstreetmap,openstreetmap,1,,25 Bethnal Green Road,E1 6HT,https://www.openstreetmap.org/node/375928100
lordtredegar@remarkablepubs.co.uk,The Lord Tredegar,Tower Hamlets,Bow,Pub,https://thelordtredegar.co.uk/,,openstreetmap,openstreetmap,1,+44 20 8983 0130,50 Lichfield Road,E3 5AL,https://www.openstreetmap.org/way/429066804
ahoy@themilkfloat.com,The Milk Float,Tower Hamlets,Old Ford,Cafe,https://www.themilkfloat.com/,,venue website,openstreetmap,1,,White Post Lane,E9 5EN,https://www.openstreetmap.org/node/4407933774
ben@thenelsonspub.com,The Nelson's,Tower Hamlets,Bethnal Green,Pub,https://www.thenelsonspub.com/,,venue website,openstreetmap,1,,32 Horatio Street,E2 7SB,https://www.openstreetmap.org/way/458942013
oldgeorge@anticlondon.com,The Old George,Tower Hamlets,Bethnal Green,Pub,https://www.crafted-social.co.uk/old-george-bethnal-green,,openstreetmap,openstreetmap,1,+44 20 7033 9726,379 Bethnal Green Road,E2 0AN,https://www.openstreetmap.org/way/409334180
alphonsus-jdf@hotmail.co.uk,The Old Ship,Tower Hamlets,Limehouse,Pub,https://www.oldship.net/,,venue website,openstreetmap,1,,17 Barnes Street,E14 7NW,https://www.openstreetmap.org/way/195649318
owlandpussycat@youngs.co.uk,The Owl & the Pussycat,Tower Hamlets,Bethnal Green,Pub,https://www.owlandpussycatshoreditch.com,,openstreetmap,openstreetmap,1,+44 20 3487 0088,34 Redchurch Street,E2 7DP,https://www.openstreetmap.org/way/373272377
richardcbattye@gmail.com,The Queen Adelaide,Tower Hamlets,Bethnal Green,Pub,https://www.thequeenadelaide.com/,,venue website,openstreetmap,1,,483 Hackney Road,E2 9ED,https://www.openstreetmap.org/way/461624372
hello@therunninghorsealdgate.co.uk,The Running Horse,Tower Hamlets,Whitechapel,Pub,https://therunninghorsealdgate.co.uk/,,openstreetmap,openstreetmap,1,+44 20 3883 8286,7 Piazza Walk,E1 8FU,https://www.openstreetmap.org/node/5238249940
info@rustybike.pub,The Rusty Bike,Tower Hamlets,Bow,Asian; Pub,https://rustybike.pub/rusty-bike-pub-mile-end/,booking@rustybike.pub,openstreetmap,openstreetmap,1,+44 20 8981 4100,588 Mile End Road,E3 4PH,https://www.openstreetmap.org/way/413304152
bookings@thesolo.co.uk,The Solo Kitchen & Bar,Tower Hamlets,Bethnal Green,Restaurant,https://www.thesolo.co.uk/,info@thesolo.co.uk,venue website,openstreetmap,1,,Cambridge Heath Road,E2 9PA,https://www.openstreetmap.org/way/776347397
info@space.org.uk,The Space Bar,Tower Hamlets,Millwall,Burger; Deli; Pub,https://spacebar.org.uk,info@spacebar.org.uk,openstreetmap,openstreetmap,1,,269 Westferry Road,E14 3RS,https://www.openstreetmap.org/node/5418886554
hello@townoframsgate.pub,The Town of Ramsgate,Tower Hamlets,Wapping,Pub,https://townoframsgate.pub/,,venue website,openstreetmap,1,,62 Wapping High Street,E1W 2PN,https://www.openstreetmap.org/way/425809832
crew@thevictory.uk,The Victory,Tower Hamlets,Bethnal Green,Pub,https://www.thevictory.uk/,,openstreetmap,openstreetmap,1,+44 20 8980 5305,27 Vyner Street,E2 9DQ,https://www.openstreetmap.org/way/389564046
bookings@thewatermansarms.co.uk,The Waterman's Arms,Tower Hamlets,Cubitt Town,Pub,https://thewatermansarms.co.uk/,,venue website,openstreetmap,1,,1 Glenaffric Avenue,E14 3BW,https://www.openstreetmap.org/way/354074632
threecoltgallery@gmail.com,Three Colt Street Gallery & Cafe,Tower Hamlets,Limehouse,Cafe,https://www.threecoltgallery.com/,,openstreetmap,openstreetmap,1,+44 20 7093 0001,82 Three Colt Street,E14 8AP,https://www.openstreetmap.org/way/267319394
bookings@threecoltstavern.co.uk,Three Colts Tavern,Tower Hamlets,Bethnal Green,Pub,https://www.threecoltstavern.co.uk/,info@threecoltstavern.co.uk,venue website,openstreetmap,1,,199 Cambridge Heath Road,E2 0EL,https://www.openstreetmap.org/node/13327212416
cheers@threerounds.co.uk,Three Rounds Tavern,Tower Hamlets,Spitalfields,Asian; Chinese,https://threerounds.co.uk/,,venue website,openstreetmap,1,,32 Hanbury Street,E1 6QR,https://www.openstreetmap.org/way/628216113
canarywharf@tortilla.co.uk,Tortilla,Tower Hamlets,Canary Wharf,Mexican,https://www.tortilla.co.uk/restaurants/canary-wharf,,venue website,openstreetmap,1,,18 North Colonnade,E14 4EU,https://www.openstreetmap.org/node/6553275300
info@trade-made.co.uk,Trade,Tower Hamlets,Spitalfields,Cafe,https://www.trade-made.co.uk/,,openstreetmap,openstreetmap,1,+44 20 3490 1880,47 Commercial Street,E1 6BD,https://www.openstreetmap.org/node/3811092605
hello@tuck-shop.co.uk,Tuck Shop,Tower Hamlets,Old Ford,Deli,https://www.tuck-shop.co.uk/,,openstreetmap,openstreetmap,1,,,,https://www.openstreetmap.org/node/9081696417
info@bistrobardot.co.uk,Turk's Head Cafe,Tower Hamlets,Wapping,Cafe,https://www.bistrobardot.co.uk/,,openstreetmap,openstreetmap,1,+44 20 7709 0779,1 Green Bank,E1W 2PA,https://www.openstreetmap.org/node/249314702
bookings@twomoreyears.co.uk,Two More Years,Tower Hamlets,Old Ford,Burger,https://twomoreyears.co.uk/,,venue website,openstreetmap,1,+44 20 7183 0089,7 Roach Road,E3 2PA,https://www.openstreetmap.org/way/170228123
reservations@unlock2021.me,Unlock,Tower Hamlets,Old Ford,Pizza,https://unlock2021.me/,,venue website,openstreetmap,1,,1 Monkwood Way,E3 2EG,https://www.openstreetmap.org/node/11781283820
shop@veganyes.co.uk,Vegan Yes,Tower Hamlets,Spitalfields,Asian; Italian; Korean,https://veganyes.co.uk,,venue website,openstreetmap,1,,64 Brick Lane,E1 6RF,https://www.openstreetmap.org/node/5483404021
orders@vidabakery.co.uk,Vida Bakery,Tower Hamlets,Spitalfields,Bakery,https://vidabakery.co.uk/,,venue website,openstreetmap,1,,139 Brick Lane,E1 6SB,https://www.openstreetmap.org/way/271645795
vintagecoffee17@yahoo.com,Vintage Cafe,Tower Hamlets,Bethnal Green,Breakfast; Deli; Italian,https://www.vintagecafeshoreditch.co.uk/,,openstreetmap,openstreetmap,1,+44 7816 370045,17 Cheshire Street,E2 6EL,https://www.openstreetmap.org/node/12110401801
canarywharf@wahaca.co.uk,Wahaca,Tower Hamlets,Canary Wharf,Mexican,https://www.wahaca.co.uk/,,openstreetmap,openstreetmap,1,+44 20 7516 9145,40 Canada Square,E14 5FW,https://www.openstreetmap.org/node/4307632689
refectory@whitechapelgallery.org,Whitechapel Gallery Cafe,Tower Hamlets,Whitechapel,Bakery; Deli,https://www.whitechapelgallery.org/eat-and-drink-the-whitechapel-refectory/,info@whitechapelgallery.org,openstreetmap,openstreetmap,1,+44 20 7522 7896,77-82 Whitechapel High Street,E1 7QX,https://www.openstreetmap.org/way/264131966
info@xianbiangbiangnoodles.com,Xian Biang Biang Noodles,Tower Hamlets,Spitalfields,Asian,https://xianbiangbiangnoodles.com,,openstreetmap,openstreetmap,1,+44 20 8617 1470,62 Wentworth Street,E1 7AL,https://www.openstreetmap.org/node/3898669404
customer@yeyelondon.co.uk,Yeye's Noodle & Dumpling,Tower Hamlets,Spitalfields,Asian,https://www.yeyelondon.co.uk/,,venue website,openstreetmap,1,,14 Artillery Passage,E1 7LJ,https://www.openstreetmap.org/node/3305890127
catering@yolklondon.com,Yolk,Tower Hamlets,Canary Wharf,Breakfast; Deli,https://www.yolklondon.com/,feedback@yolklondon.com,venue website,openstreetmap,1,,15 Cabot Square,E14 4QT,https://www.openstreetmap.org/node/14159942728
reservations@rfsk.org.uk,Yurt Café,Tower Hamlets,Limehouse,Cafe,https://yurtcafe.london/,info@rfsk.org.uk; conferences@rfsk.org.uk,venue website,openstreetmap,1,,2 Butcher Row,E14 8DS,https://www.openstreetmap.org/way/396742834
info@yuukitchen.com,Yuu Kitchen,Tower Hamlets,Spitalfields,Asian,https://www.yuukitchen.com/,,venue website,openstreetmap,1,,29 Commercial Street,E1 6NE,https://www.openstreetmap.org/node/4567068996
info@beatenbyawhisker.com,Beaten by a Whisker,Waltham Forest,Walthamstow,Bakery,https://www.beatenbyawhisker.com/,,venue website,openstreetmap,1,,,,https://www.openstreetmap.org/node/13068886401
hello@beerandburgerstore.com,Beer + Burger Store,Waltham Forest,Walthamstow,Burger,https://www.beerandburgerstore.com/,dalston@beerandburgerstore.com; kingsx@beerandburgerstore.com; walthamstow@beerandburgerstore.com; willesden@beerandburgerstore.com,venue website,openstreetmap,1,,,,https://www.openstreetmap.org/node/9440560207
hello@bigpennysocial.co.uk,Big Penny Social,Waltham Forest,Walthamstow,Pub,https://bigpennysocial.co.uk/,privatehire@bigpennysocial.co.uk,venue website,openstreetmap,1,+44 20 3700 1040,1 Priestley Way,E17 6AL,https://www.openstreetmap.org/way/23376430
e17@chaifactory.co.uk,Chaiiwala,Waltham Forest,Walthamstow,Breakfast,https://www.chaiiwala.co.uk,,openstreetmap,openstreetmap,1,+44 20 8521 0203,223 Hoe Street,E17 9PP,https://www.openstreetmap.org/node/2088746938
info@chicoslondon.co.uk,Chicos,Waltham Forest,Leyton,Burger,https://chicoslondon.co.uk,,openstreetmap,openstreetmap,1,+44 20 3874 0406,706 Lea Bridge Road,E10 6AW,https://www.openstreetmap.org/way/459061753
hello@crate17.co.uk,Crate Walthamstow,Waltham Forest,Walthamstow,Food court,https://www.crate17.co.uk/,bookings@17foodhall.co.uk,openstreetmap,openstreetmap,1,,,,https://www.openstreetmap.org/way/1271899135
carol@deeneys.com,Deeney's,Waltham Forest,Leyton,Breakfast; Deli,https://www.deeneys.com/,,venue website,openstreetmap,1,+44 20 3759 0582,360 High Road Leyton,,https://www.openstreetmap.org/way/696144274
info@delight-wedlinka.co.uk,Delight Wedlinka,Waltham Forest,Walthamstow,Bakery,https://www.delight-wedlinka.co.uk/wedlilnka-walthamstow/,,venue website,openstreetmap,1,,290;292 Hoe Street,E17 9QD,https://www.openstreetmap.org/node/13727123754
info@doublebubbleuk.co.uk,Double Bubble,Waltham Forest,Chingford,Cafe,https://www.doublebubbleuk.co.uk/,doublebubblechingford@gmail.com; ninfo@doublebubbleuk.co.uk,venue website,openstreetmap,1,+44 20 8529 4444,38 King's Road,E4 7JE,https://www.openstreetmap.org/way/680916339
hello@dudleyscoffee.com,Dudley's,Waltham Forest,Upper Walthamstow,Breakfast; Deli,https://www.dudleyscoffee.com/,,venue website,openstreetmap,1,,145 Wood Street,E17 3LX,https://www.openstreetmap.org/way/205878731
earl@thisisearls.com,Earl's,Waltham Forest,Cann Hall,Deli,https://www.thisisearls.com,,openstreetmap,openstreetmap,1,,250 Cann Hall Road,E11 3NL,https://www.openstreetmap.org/node/8142720703
info@etleswalthamstow.com,Etles Uyghur Restaurant,Waltham Forest,Walthamstow,Halal,https://etleswalthamstow.com,,venue website,openstreetmap,1,+44 20 3620 6978,235 Hoe Street,E17 9PP,https://www.openstreetmap.org/node/10793105692
info@fillybrook.co.uk,Filly Brook,Waltham Forest,Leytonstone,Restaurant,https://www.fillybrook.co.uk/,,venue website,openstreetmap,1,+44 20 3940 8955,392 Grove Green Road,E11 4AP,https://www.openstreetmap.org/way/685603138
ciao@forno.london,FORNO,Waltham Forest,Leytonstone,Bakery; Breakfast,https://forno.london/home,,venue website,openstreetmap,1,,47 Church Lane,E11 1HE,https://www.openstreetmap.org/way/194280538
info@franzos.co.uk,Fraznos,Waltham Forest,Walthamstow,Restaurant,https://franzos.co.uk/,,venue website,openstreetmap,1,,38-40 St James's Street,,https://www.openstreetmap.org/node/2225533352
hello@ginarestaurant.co.uk,Gina,Waltham Forest,Chingford,Restaurant,https://www.ginarestaurant.co.uk/,,openstreetmap,openstreetmap,1,,92 Station Road,E4 7BA,https://www.openstreetmap.org/node/13564232301
taproom@gravitywellbrewing.co.uk,Gravity Well Taproom,Waltham Forest,Leyton,Pub,https://www.gravitywellbrewing.co.uk/,,venue website,openstreetmap,1,,Arch 155 Midland Road,E10 6JT,https://www.openstreetmap.org/node/8355222754
info@havencoffee.co.uk,Haven Coffee,Waltham Forest,Walthamstow,Cafe,https://www.havencoffee.co.uk/,,venue website,openstreetmap,1,,78 St Mary Road,,https://www.openstreetmap.org/node/9440605865
info@heathcoteandstar.co.uk,Heathcote & Star,Waltham Forest,Leytonstone,Pub,https://heathcoteandstar.co.uk/,,venue website,openstreetmap,1,,344 Grove Green Road,E11 4EA,https://www.openstreetmap.org/way/1047662587
hollytree@remarkablepubs.co.uk,Holly Tree,Waltham Forest,Cann Hall,Pub,https://thehollytreepub.co.uk/,,openstreetmap,openstreetmap,1,+44 208 221 9830,141 Dames Road,E7 0DZ,https://www.openstreetmap.org/way/224178092
admin@hornbeam.org.uk,Hornbeam Cafe,Waltham Forest,Walthamstow Village,Cafe,https://www.hornbeam.org.uk/,,venue website,openstreetmap,1,,458 Hoe Street,E17 9AH,https://www.openstreetmap.org/way/452831530
info@hotnjuicyshrimpldn.co.uk,Hot n Juicy Shrimp LDN,Waltham Forest,Walthamstow,Seafood,https://www.hotnjuicyshrimpldn.co.uk/,,venue website,openstreetmap,1,+442033691365,35 St James Street,E17 7FY,https://www.openstreetmap.org/node/12118395962
hello@jaunty.coffee,Jaunty Coffee,Waltham Forest,Walthamstow,Cafe,https://jaunty.coffee/,,venue website,openstreetmap,1,,147 Forest Road,E17 6HF,https://www.openstreetmap.org/way/404333781
jerkfusion1@gmail.com,JerkFusion,Waltham Forest,Walthamstow,Restaurant,https://jerkfusion.co.uk/,,openstreetmap,openstreetmap,1,+447960672006,4 High Street,E17 7LD,https://www.openstreetmap.org/way/200495308
info@williamthefourth.co.uk,King William IV,Waltham Forest,Leyton,Pub,https://williamthefourth.co.uk/,bookings@william-the-fourth.com; info@william-the-fourth.com,openstreetmap,openstreetmap,1,+44 20 8556 2460,816 High Road Leyton,E10 6AE,https://www.openstreetmap.org/way/142241624
bookings@labellavitaleytonstone.com,La Bella Vita,Waltham Forest,Leytonstone,Burger; Italian,https://labellavitaleytonstone.com/,,venue website,openstreetmap,1,+44 20 3441 3465,853 High Road Leytonstone,E11 1HH,https://www.openstreetmap.org/way/512168202
la.vita.rose117@gmail.com,La Vita,Waltham Forest,Chingford,Cafe,https://lavitabistro.co.uk/,,venue website,openstreetmap,1,,117 Station Road,E4 6AG,https://www.openstreetmap.org/way/849701068
info@mezlounge.co.uk,Mez Lounge,Waltham Forest,Leyton,Restaurant,https://www.mezlounge.co.uk/,,openstreetmap,openstreetmap,1,+442085215252,627-629 Lea Bridge Road,E10 6AJ,https://www.openstreetmap.org/way/453684519
info@mukushotpot.co.uk,Muku's Hotpot,Waltham Forest,Walthamstow,Restaurant,https://mukushotpot.co.uk/,,venue website,openstreetmap,1,,Hoe Street,,https://www.openstreetmap.org/node/13727123751
contact@notedeelandpiehouse.co.uk,Noted Eel & Pie House,Waltham Forest,Cann Hall,Takeaway,https://www.notedeelandpiehouse.co.uk/,,venue website,openstreetmap,1,+44 20 8539 2499,481a High Road Leytonstone,E11 4JU,https://www.openstreetmap.org/way/507664546
info@ogbabs.com,OG Babs,Waltham Forest,Chingford,Takeaway,https://ogbabs.com/,,venue website,openstreetmap,1,+44 20 3457 6579,102 Station Road,E4 7BA,https://www.openstreetmap.org/node/13334259201
hello@oneforthetable.co.uk,One for the Table,Waltham Forest,Walthamstow,Breakfast,https://www.oneforthetable.co.uk/,,openstreetmap,openstreetmap,1,,257 Hoe Street,E17 9PT,https://www.openstreetmap.org/way/205064199
valerio@papabagel.com,Papa' Bagel,Waltham Forest,Leyton,Bagels,https://papabagel.com/,,venue website,openstreetmap,1,,102 Ruckholt Road,E10 5FA,https://www.openstreetmap.org/node/9073645078
thenorthstare11@gmail.com,Papi's Munchies,Waltham Forest,Cann Hall,Pizza,https://papismunchiespizza.co.uk/,papismunchies@gmail.com,venue website,openstreetmap,1,,Sheridan Road,E7 9EF,https://www.openstreetmap.org/way/1464456362
patpongpatpong@outlook.com,Pat Pong,Waltham Forest,Chingford,Asian,https://patpongthai.co.uk/,,venue website,openstreetmap,1,,"146,148 Station Road",E4 6AN,https://www.openstreetmap.org/way/680295879
simon@pow-leyton.com,Prince of Wales,Waltham Forest,Leyton,Pub,https://pow-leyton.com/,,openstreetmap,openstreetmap,1,,777 High Road Leyton,E10 5AB,https://www.openstreetmap.org/way/444200909
contact@pulseandpickle.org,Pulse & Pickle,Waltham Forest,Walthamstow,Cafe,https://pulseandpickle.org/,,venue website,openstreetmap,1,,34 High Street,E17 7LD,https://www.openstreetmap.org/way/199637283
info@queensarms-e17.co.uk,Queens Arms,Waltham Forest,Walthamstow Village,Pub,https://www.queensarms-e17.co.uk/,queensarmse17@gmail.com,venue website,openstreetmap,1,,42 Orford Road,E17 9NJ,https://www.openstreetmap.org/way/198577468
hello@thequeerbrewingproject.com,Queer Brewing Project,Waltham Forest,Leyton,Pub,https://www.thequeerbrewingproject.com/taproom,,openstreetmap,openstreetmap,1,,Argall Avenue,,https://www.openstreetmap.org/way/1385726376
dining@supperclub.tube,Supperclub,Waltham Forest,Walthamstow,Mexican,https://supperclub.tube/,,openstreetmap,openstreetmap,1,,South Access Road,E17 8AX,https://www.openstreetmap.org/node/11249260238
info@sushimonster.co.uk,Sushi Monster,Waltham Forest,Chingford,Asian; Japanese; Sushi,https://sushimonster.co.uk/,,openstreetmap,openstreetmap,1,+44 20 3515 0678,134-138 Station Road,E4 6AN,https://www.openstreetmap.org/node/12599292501
info@sweet1ne.com,Sweet1ne,Waltham Forest,Chingford,Restaurant,https://www.sweet1ne.com/,,venue website,openstreetmap,1,,166 Station Road,E4 6AN,https://www.openstreetmap.org/way/680295883
walthamstow@tarorestaurants.uk,Taro,Waltham Forest,Walthamstow,Asian; Japanese,https://tarorestaurants.uk/location/walthamstow/,,openstreetmap,openstreetmap,1,+442085202855,76 High Street,E17 7LD,https://www.openstreetmap.org/way/199634685
info@thecollablondon.com,The Collab,Waltham Forest,Walthamstow,Restaurant,https://www.thecollablondon.com/,,openstreetmap,openstreetmap,1,+44 20 8521 2948,198 Hoe Street,E17 4BF,https://www.openstreetmap.org/node/3786151741
european@remarkablepubs.co.uk,The European,Waltham Forest,Leyton,Pub,https://theeuropeanpub.co.uk/,,openstreetmap,openstreetmap,1,,557-559 Lea Bridge Road,E10 7EQ,https://www.openstreetmap.org/way/444642776
goose.walthamstow@stonegategroup.co.uk,The Goose,Waltham Forest,Walthamstow,Pub,https://www.greatukpubs.co.uk/goose-walthamstow/contact,,openstreetmap,openstreetmap,1,+44 20 8520 4751,264 Hoe Street,E17 3AX,https://www.openstreetmap.org/node/249672846
info@thehoglessroast.com,The Hogless Roast,Waltham Forest,Walthamstow,Burger,https://www.thehoglessroast.com/,,venue website,openstreetmap,1,,35 St James Street,E17 7FY,https://www.openstreetmap.org/node/11197590104
leytonengineer@remarkablepubs.co.uk,The Leyton Engineer,Waltham Forest,Leyton,Pub,https://theleytonengineer.co.uk/,,openstreetmap,openstreetmap,1,,256 High Road Leyton,E10 5QN,https://www.openstreetmap.org/node/12198799907
info@oldhalltavernchingford.co.uk,The Old Hall Tavern,Waltham Forest,Highams Park,Pub,https://www.oldhalltavernchingford.co.uk/,,venue website,openstreetmap,1,,200 Hall Lane,E4 8EY,https://www.openstreetmap.org/way/1232304253
oldstationyardcafe@gmail.com,The Old Station Yard Cafe,Waltham Forest,Upper Walthamstow,Breakfast,https://www.oldstationyardcafe.co.uk/,,openstreetmap,openstreetmap,1,,186 Wood Street,E17 3NZ,https://www.openstreetmap.org/node/5803989853
events@tavernonthehill.co.uk,The Tavern On The Hill,Waltham Forest,Walthamstow,Pub,https://www.tavernonthehill.co.uk/,dining@tavernonthehill.co.uk,venue website,openstreetmap,1,,318 Higham Hill Road,E17 5RG,https://www.openstreetmap.org/way/139911657
bread@todaybread.com,Today Bread,Waltham Forest,Walthamstow,Cafe,https://www.todaybread.com/,,venue website,openstreetmap,1,,137 Hoe Street,E17 4RT,https://www.openstreetmap.org/node/4549529629
walthamstow@tonkotsu.co.uk,Tonkotsu,Waltham Forest,Walthamstow,Asian; Japanese,https://tonkotsu.co.uk/locations/walthamstow/,,openstreetmap,openstreetmap,1,+44 20 8520 5881,202 Hoe Street,E17 4BS,https://www.openstreetmap.org/node/4235876303
info.truecraftlondon@gmail.com,True Craft,Waltham Forest,Walthamstow,Deli; Pizza; Pub,https://www.truecraftlondon.co.uk/,,venue website,openstreetmap,1,,18-20 St James's Street,E17 7PF,https://www.openstreetmap.org/way/940451832
uffizzi@outlook.com,Uffizi Pizzeria and Pasta Bar,Waltham Forest,Walthamstow Village,Italian; Pizza,https://www.uffizzi.co.uk/,,openstreetmap,openstreetmap,1,+44 20 8509 2259,753-755 Lea Bridge Road,E17 9DZ,https://www.openstreetmap.org/way/332768885
info@pillarsbrewery.com,Untraditional Pub,Waltham Forest,Walthamstow,Pub,https://www.pillarsbrewery.com/pages/untraditional-pub,sales@pillarsbrewery.com; shop@pillarsbrewery.com,venue website,openstreetmap,1,+44 20 8521 5552,35 St James Street,E17 7FY,https://www.openstreetmap.org/node/11061470043
hello@wildgrains.co.uk,Wild Grains Bakery,Waltham Forest,Walthamstow,Bakery,https://www.wildgrains.co.uk/,,venue website,openstreetmap,1,,3 Lockwood Way,,https://www.openstreetmap.org/way/412076099
contact@yazrestaurant.co.uk,Yaz Restaurant,Waltham Forest,Highams Park,BBQ,https://www.yazrestaurant.co.uk/home,,venue website,openstreetmap,1,,7 Signal Walk,E4 9BW,https://www.openstreetmap.org/way/469906503
info@yeolderoseandcrowntheatrepub.co.uk,Ye Olde Rose and Crown,Waltham Forest,Walthamstow,Pub,https://www.yeolderoseandcrowntheatrepub.co.uk/,theatre@yeolderoseandcrowntheatrepub.co.uk,venue website,openstreetmap,1,+44 20 8509 3880,53-55 Hoe Street,,https://www.openstreetmap.org/way/159296346
info@yukirestaurants.co.uk,Yuki Sushi,Waltham Forest,Walthamstow,Asian; Burger; Japanese; Pizza; Sushi,https://www.yukirestaurants.co.uk/,,openstreetmap,openstreetmap,1,+442033406841,123 Markhouse Road,E17 8DQ,https://www.openstreetmap.org/node/12147439532
info@2lovecoffeehouse.co.uk,2Love Tea & Coffee House,Wandsworth,Clapham Junction,Cafe,https://2lovecoffeehouse.co.uk/location/,,venue website,openstreetmap,1,,87-89 St John’s Road,SW11 1QY,https://www.openstreetmap.org/node/3667302483
info@adingysaskitchen.com,Ading Ysa's Kitchen,Wandsworth,Tooting,Asian,https://www.adingysaskitchen.com/,,venue website,openstreetmap,1,+44 7447 492629,,SW17 0RJ,https://www.openstreetmap.org/node/12625591501
akash.sw11@gmail.com,Akash Tandoori,Wandsworth,Clapham Junction,Indian,https://www.akashtandoori.com/,,venue website,openstreetmap,1,,70 Northcote Road,SW11 6QL,https://www.openstreetmap.org/node/1112279145
earlsfield@amrutha.co.uk,Amrutha Lounge,Wandsworth,Earlsfield,Asian,https://www.amrutha.co.uk/,honoroak@amrutha.co.uk,venue website,openstreetmap,1,,326 Garratt Lane,SW18 4EJ,https://www.openstreetmap.org/node/1402845963
hello@anotherbrother.co,another brother,Wandsworth,Putney,Cafe,https://anotherbrother.co/,,venue website,openstreetmap,1,,187 Putney Bridge Road,SW15 2NZ,https://www.openstreetmap.org/way/32381855
info@asiatiquerestaurant.co.uk,Asiatique Thai - Battersea,Wandsworth,Battersea,Asian,https://www.asiatiquerestaurant.co.uk/,,venue website,openstreetmap,1,,208-210 Battersea Park Road,SW11 4ND,https://www.openstreetmap.org/node/3232171577
harry@august-bakery.com,August Bakery,Wandsworth,Clapham Junction,Bakery,https://www.august-bakery.com/,,venue website,openstreetmap,1,,4-6A Battersea Rise,SW11 1ED,https://www.openstreetmap.org/node/1932839532
battersea@bababoom.london,BabaBoom,Wandsworth,Clapham Junction,Restaurant,https://www.bababoom.london/battersea-rise/,,openstreetmap,openstreetmap,1,+44 20 3161 7505,30 Battersea Rise,SW11 1EE,https://www.openstreetmap.org/node/4666157966
battersea@bananatree.co.uk,Banana Tree,Wandsworth,Clapham Junction,Asian,https://bananatree.co.uk/restaurants/battersea/,bath@bananatree.co.uk; birminghambullring@bananatree.co.uk; cardiff@bananatree.co.uk; chelmsford@bananatree.co.uk; coventgarden@bananatree.co.uk; greenwich@bananatree.co.uk; haywardsheath@bananatree.co.uk; henley@bananatree.co.uk; islington@bananatree.co.uk; maidavale@bananatree.co.uk; miltonkeynes@bananatree.co.uk; theo2@bananatree.co.uk; oxford@bananatree.co.uk; portsmouth@bananatree.co.uk; salford@bananatree.co.uk; soho@bananatree.co.uk; stevenage@bananatree.co.uk; westhampstead@bananatree.co.uk; windsor@bananatree.co.uk,venue website,openstreetmap,1,,75-79 Battersea Rise,SW11 1HN,https://www.openstreetmap.org/node/441193903
info@bettolondon.com,Betto,Wandsworth,Balham,Spanish,https://bettolondon.com/,,venue website,openstreetmap,1,,5 Fernlea Road,SW12 9RT,https://www.openstreetmap.org/node/1110892586
info@theblackcabcoffeeco.com,Black Cab Coffee Co,Wandsworth,Battersea,Breakfast,https://www.theblackcabcoffeeco.com/,,openstreetmap,openstreetmap,1,+44 20 7498 8760,1 Riverlight Quay,SW11 8AU,https://www.openstreetmap.org/node/4975270294
info@blessbakes.co.uk,Bless Bakes,Wandsworth,Tooting,Bakery,https://blessbakes.co.uk/,,venue website,openstreetmap,1,,21-23 Tooting High Street,SW17 8TA,https://www.openstreetmap.org/node/8615790322
info@blossombykhans.co.uk,Blossom by Khans,Wandsworth,Clapham Junction,Indian,https://www.blossombykhans.co.uk/,,venue website,openstreetmap,1,+44 20 7978 4455,159A Lavender Hill,SW11 5QH,https://www.openstreetmap.org/node/1112173709
hello@blabar.london,Blåbär,Wandsworth,Putney,Breakfast,https://blabar.london/,,venue website,openstreetmap,1,,3A Lacy Road,SW15 1NH,https://www.openstreetmap.org/way/1011224072
info@caminata.co.uk,Caminata,Wandsworth,Balham,Italian,https://caminata.pcs-bg.com/,,openstreetmap,openstreetmap,1,+44 20 8772 0701,96 Bedford Hill,SW12 9HR,https://www.openstreetmap.org/node/530774682
info@cappuccinoartscafe.com,Cappuccino Arts Cafe,Wandsworth,Putney,Cafe,http://cappuccinoartscafe.com,,openstreetmap,openstreetmap,1,+44 20 8780 2964,204 Upper Richmond Road,SW15 6TD,https://www.openstreetmap.org/way/1011068979
info@chokhidhani.co.uk,Chokhi Dhani,Wandsworth,Battersea,Indian,https://www.chokhidhani.co.uk/,,openstreetmap,openstreetmap,1,+44 20 3795 9000,2 Riverlight Quay,SW11 8AW,https://www.openstreetmap.org/node/5535576855
events@cinnamon-kitchen.com,Cinnamon Kitchen Battersea,Wandsworth,Battersea,Indian,https://cinnamon-kitchen.com,,venue website,openstreetmap,1,+44 20 3955 5480,4 Arches Lane,SW11 8AB,https://www.openstreetmap.org/node/6345003066
putney@coppaclub.co.uk,Coppa,Wandsworth,Putney,Restaurant,https://coppaclub.co.uk/coppa-putney/,,venue website,openstreetmap,1,,29-30 Brewhouse Lane,SW15 2JQ,https://www.openstreetmap.org/node/2962592878
putney@creamscafe.com,Creams,Wandsworth,Putney,Ice cream,https://www.creamscafe.com/our-stores/putney/,,openstreetmap,openstreetmap,1,+44 20 3978 8460,104 Putney High Street,SW15 1RG,https://www.openstreetmap.org/way/1011224062
sales@derosierchocolates.com,DeRosier Chocolate and Coffee,Wandsworth,Earlsfield,Cafe,,,openstreetmap,openstreetmap,1,+44 20 8947 4456,380 Garratt Lane,SW18 4HP,https://www.openstreetmap.org/node/4905664875
dhabasw11@gmail.com,Dhaba Indian Street Food,Wandsworth,Battersea,Food truck; Indian,https://www.dhabasw11.com/dhaba,,venue website,openstreetmap,1,+44 20 7627 2582,120 Battersea Park Road,SW11 4LY,https://www.openstreetmap.org/node/3306736791
managereg@districtlondon.co.uk,District,Wandsworth,Battersea,Breakfast,https://www.district.coffee,,openstreetmap,openstreetmap,1,,7 New Union Square,SW11 7DN,https://www.openstreetmap.org/node/7008791590
ed@dropshotcoffee.co.uk,DropShot Coffee,Wandsworth,Putney,Cafe,https://www.dropshotcoffee.co.uk/,,venue website,openstreetmap,1,,79 Lower Richmond Road,SW15 1ET,https://www.openstreetmap.org/way/394960505
dukeofcambridge@youngs.co.uk,Duke of Cambridge,Wandsworth,Battersea,Pub,https://www.thedukeofcambridge.com/,,openstreetmap,openstreetmap,1,+44 20 7223 5662,228 Battersea Bridge Road,SW11 3AA,https://www.openstreetmap.org/node/441202439
hello@eastputneytavern.co.uk,East Putney Tavern,Wandsworth,Putney,Pub,https://www.eastputneytavern.co.uk/,,venue website,openstreetmap,1,+44 20 8780 0088,94-98 Upper Richmond Road,SW15 2SP,https://www.openstreetmap.org/way/29391600
info@egabar.co.uk,Ega Alter,Wandsworth,Balham,Bar,,,openstreetmap,openstreetmap,1,+44 20 8675 3495,191 Balham High Road,,https://www.openstreetmap.org/way/410303593
reservations@fiume-restaurant.co.uk,Fiume Restaurant,Wandsworth,Nine Elms,Italian,https://fiume-restaurant.co.uk,,venue website,openstreetmap,1,+44 20 3904 9010,29 Circus West Village,SW8 5BN,https://www.openstreetmap.org/node/6345003061
admin@greenchoy.com,Green Choy,Wandsworth,Tooting,Asian; Korean,https://greenchoy.com,,venue website,openstreetmap,1,,,,https://www.openstreetmap.org/node/8747645825
hagen@anticlondon.com,Hagen & Hyde,Wandsworth,Balham,Pub,https://hagenandhyde.com,,openstreetmap,openstreetmap,1,+44 20 8772 0016,157 Balham High Road,SW12 9AU,https://www.openstreetmap.org/way/310822362
bloomsbury@hareandtortoise.co.uk,Hare & Tortoise Putney,Wandsworth,Putney,Asian; Japanese,https://www.hareandtortoise.co.uk/,ealing@hareandtortoise.co.uk; putney@hareandtortoise.co.uk; kensington@hareandtortoise.co.uk; chiswick@hareandtortoise.co.uk; aldgateeast@hareandtortoise.co.uk,venue website,openstreetmap,1,+44 20 8394 7666,"296,298 Upper Richmond Road",SW15 6TH,https://www.openstreetmap.org/way/937806864
restaurant@holycowonline.com,Holy Cow,Wandsworth,Putney,Indian,https://www.holycowonline.com/,,openstreetmap,openstreetmap,1,+44 20 3995 6000,240 Upper Richmond Road,SW15 6TG,https://www.openstreetmap.org/way/1011068960
info@homesw15.com,Home SW15,Wandsworth,Putney,Cafe,https://www.homesw15.com,,venue website,openstreetmap,1,+44 20 8780 0592,146 Upper Richmond Road,SW15 2SW,https://www.openstreetmap.org/way/1010368005
info@hotaru.uk,Hotaru,Wandsworth,Wandsworth,Restaurant,https://hotaru.uk,,venue website,openstreetmap,1,+44 20 3784 0540,145-147 Wandsworth High Street,SW18 4JB,https://www.openstreetmap.org/way/204488343
info@jacksclapham.co.uk,Jack's at the Junction,Wandsworth,Clapham Junction,Cafe,https://www.jacksclapham.co.uk/,,venue website,openstreetmap,1,+44 20 7228 9111,252 Lavender Hill,SW11 1LJ,https://www.openstreetmap.org/node/4568715443
wholesale@jeffersonsicecream.com,Jefferson's Balham,Wandsworth,Balham,Breakfast; Ice cream,https://www.jeffersonsicecream.com/,,venue website,openstreetmap,1,,191b Balham High Road,SW12 9BE,https://www.openstreetmap.org/node/4121357229
contact@joycafe.co,Joy Cafe,Wandsworth,Tooting,Cafe,https://joycafe.co/,,venue website,openstreetmap,1,+44 20 8672 0070,9 Upper Tooting Road,SW17 7TS,https://www.openstreetmap.org/node/8760275268
info@kaalikapalace.co.uk,Kaalika Palace,Wandsworth,Putney,Indian,https://www.kaalikapalace.co.uk,,venue website,openstreetmap,1,+44 20 8789 9004,281 Putney Bridge Road,SW15 2PT,https://www.openstreetmap.org/way/1007493879
infokashmirrestaurants@gmail.com,Kashmir,Wandsworth,Putney,Restaurant,https://kashmirrestaurants.co.uk,,openstreetmap,openstreetmap,1,+44 7477533888,18-20 Lacy Road,SW15 1NL,https://www.openstreetmap.org/node/10809398940
guestrelations@gordonramsay.com,London House,Wandsworth,Battersea,Restaurant,https://www.gordonramsay.com/london-house/,,venue website,openstreetmap,1,,7-9 Battersea Square,SW11 3RA,https://www.openstreetmap.org/way/340292197
mahaliandco@gmail.com,Mahali,Wandsworth,Battersea,Bakery,https://mahaliandco.com/,,openstreetmap,openstreetmap,1,,24 Battersea Park Road,SW11 4HY,https://www.openstreetmap.org/node/12670804201
maithaideli@gmail.com,Mai Thai Deli,Wandsworth,Wandsworth,Asian; Deli,https://www.maithaideli.com,,venue website,openstreetmap,1,,12 Barley Walk,SW18 1UL,https://www.openstreetmap.org/way/1032398458
hello@meetquarter.com,MEET Quarter,Wandsworth,Wandsworth,Restaurant,https://meetquarter.com/menu/,,openstreetmap,openstreetmap,1,+44 20 3084 6333,2 Bubbling Well Square,SW18 1UQ,https://www.openstreetmap.org/way/1032398453
manager@melanzana.co.uk,Melanzana,Wandsworth,Battersea,Deli; Italian,https://www.melanzana.co.uk/,,venue website,openstreetmap,1,+44 20 7228 5420,140 Westbridge Road,SW11 3PF,https://www.openstreetmap.org/way/968232534
info@no3clapham.co.uk,No 3 at Nightingale Place,Wandsworth,Balham,Restaurant,https://www.no3clapham.co.uk,,venue website,openstreetmap,1,,,,https://www.openstreetmap.org/node/7787037160
account@olivesandmeze.co.uk,Olives & Meze,Wandsworth,Tooting,Restaurant,https://www.olivesandmeze.co.uk/,,venue website,openstreetmap,1,,20 Totterdown Street,SW17 8TA,https://www.openstreetmap.org/node/11998542622
info@osteria.co.uk,Osteria Antica Bologna,Wandsworth,Clapham Junction,Italian,https://www.osteria.co.uk/,,openstreetmap,openstreetmap,1,+44 20 7978 4771,23 Northcote Road,SW11 1NG,https://www.openstreetmap.org/node/1112279244
hello@phakoonthai.com,Phakoon Thai Kitchen,Wandsworth,Earlsfield,Asian,https://www.phakoonthai.com/,,openstreetmap,openstreetmap,1,+44 20 8874 9036,346-348 Garratt Lane,SW18 4ES,https://www.openstreetmap.org/node/3237045515
info@phreshltd.co.uk,Phresh,Wandsworth,Clapham Junction,Breakfast,https://phreshjuice.co.uk/,,openstreetmap,openstreetmap,1,+44 7851 067350,103e Lavender Hill,SW11 5QL,https://www.openstreetmap.org/node/12037875593
info@piptreecatering.com,Piptree,Wandsworth,Putney,Breakfast,https://www.piptree.co.uk/,,openstreetmap,openstreetmap,1,+44 20 3189 1634,40 Upper Richmond Road,SW15 2RX,https://www.openstreetmap.org/way/793608680
info@preto.co.uk,Preto Putney,Wandsworth,Putney,Restaurant,https://www.preto.co.uk/,,venue website,openstreetmap,3,+44 20 8788 4388,31-33 Putney High Street,SW15 1SP,https://www.openstreetmap.org/node/4279086995
battersea@puttinthepark.com,Putt-in-the-Park,Wandsworth,Battersea,Pizza,https://www.puttinthepark.com/courses/battersea-park/,golf@puttinthepark.com,venue website,openstreetmap,1,,,,https://www.openstreetmap.org/way/545266977
queenadelaide@youngs.co.uk,Queen Adelaide,Wandsworth,Wandsworth,Pub,https://www.thequeenadelaide.co.uk/,,openstreetmap,openstreetmap,1,+44 20 8874 1695,35 Putney Bridge Road,SW18 1NP,https://www.openstreetmap.org/way/30838121
info@rajahrowingteam.com,Rajah Rowing Team,Wandsworth,Tooting,Takeaway,https://www.rajahrowingteam.com/,,venue website,openstreetmap,1,,238 Balham High Road,SW17 7AW,https://www.openstreetmap.org/node/13198315601
info@rosmarinorestaurant.co.uk,Rosmarino Restaurant,Wandsworth,Tooting,Italian,https://www.rosmarinorestaurant.co.uk/,,openstreetmap,openstreetmap,1,+44 2082 440336,23 Trinity Road,SW17 7SD,https://www.openstreetmap.org/node/11699219098
info@sangennaro.co.uk,San Gennaro,Wandsworth,Battersea,Italian,https://www.sangennaro.co.uk/,nfo@sangennaro.co.uk,venue website,openstreetmap,1,,22 Battersea Park Road,SW11 4HY,https://www.openstreetmap.org/node/4274632223
info@smugglerscafeputney.co.uk,Smugglers SW,Wandsworth,Putney,Breakfast; Deli,https://www.smugglerscafeputney.co.uk/,,venue website,openstreetmap,1,,58 Lower Richmond Road,SW15 1JT,https://www.openstreetmap.org/way/1109765987
soul.flame.studio.pro@gmail.com,Soul Flame,Wandsworth,Putney,Takeaway,https://soulflame.co.uk/,support@soulflame.co.uk,venue website,openstreetmap,1,+44 20 8789 7897,24 Putney High Street,SW15 1SL,https://www.openstreetmap.org/way/1011408838
spreadeaglewandsworth@youngs.co.uk,Spread Eagle,Wandsworth,Wandsworth,Pub,https://www.spreadeaglewandsworth.co.uk/,,openstreetmap,openstreetmap,1,+44 208 161 0038,69-71 Wandsworth High Street,SW18 2PT,https://www.openstreetmap.org/way/204180591
info@storycoffee.co.uk,Story Coffee,Wandsworth,Clapham Junction,Cafe,https://www.storycoffee.co.uk/,,venue website,openstreetmap,2,,115 Saint John's Hill,SW11 1SZ,https://www.openstreetmap.org/way/204735778
info@sushimoka.co.uk,Sushi Moka,Wandsworth,Wandsworth,Asian; Sushi,https://sushimoka.co.uk,,openstreetmap,openstreetmap,1,+44 20 3638 0559,24 Ryeland Boulevard,SW18 1UN,https://www.openstreetmap.org/way/1032398464
zizoutagine@gmail.com,Tajine,Wandsworth,Balham,Restaurant,https://www.zizoutagine.com/,,venue website,openstreetmap,1,+44 20 8772 8692,1-3 Fernlea Road,SW12 9RT,https://www.openstreetmap.org/node/1110892574
hello@thetapasroom.co.uk,Tapas Room,Wandsworth,Tooting,Spanish,https://thetapasroom.co.uk,,venue website,openstreetmap,1,,,,https://www.openstreetmap.org/node/8608616062
info@thesouthafricashop.com,Tara's Biltong,Wandsworth,Earlsfield,Deli,https://www.thesouthafricashop.com/,,venue website,openstreetmap,1,+44 20 8946 6951,547 Garratt Lane,SW18 4SR,https://www.openstreetmap.org/node/5629018893
info@tashgrill.co.uk,Tash Grill,Wandsworth,Putney,Takeaway,https://www.tashgrill.co.uk/,,openstreetmap,openstreetmap,1,+44 20 8785 1178,165 Upper Richmond Road,SW15 6SE,https://www.openstreetmap.org/way/1011068935
info@battersea.org.uk,Tealby’s,Wandsworth,Nine Elms,Cafe,https://www.battersea.org.uk/about-us/tealbys-cafe,feedback@battersea.org.uk,venue website,openstreetmap,1,,4 Battersea Park Road,SW8 4AA,https://www.openstreetmap.org/node/13753181142
alma@youngs.co.uk,The Alma,Wandsworth,Wandsworth,Pub,https://www.almawandsworth.com,,openstreetmap,openstreetmap,1,+44 20 8870 2537,499 Old York Road,SW18 1TF,https://www.openstreetmap.org/way/204031258
boathouse@youngs.co.uk,The Boathouse,Wandsworth,Putney,Pub,https://www.boathouseputney.co.uk/,,openstreetmap,openstreetmap,1,,32 Brewhouse Lane,SW15 2JX,https://www.openstreetmap.org/way/157991596
sales@raptorbikes.cc,The Clubhouse,Wandsworth,Putney,Cafe,https://raptorbikes.cc/pages/the-clubhouse,,venue website,openstreetmap,1,,1A Embankment,SW15 1LB,https://www.openstreetmap.org/way/1307053254
hello@thecoffeestudioldn.com,The Coffee Studio - Battersea,Wandsworth,Nine Elms,Breakfast,https://www.thecoffeestudioldn.com/,,venue website,openstreetmap,1,+44 20 8158 9641,"V1 Railway Arches, Patcham Terrace",SW8 4FN,https://www.openstreetmap.org/node/13007090398
bps.reservations@theduckandrice.com,The Duck and Rice,Wandsworth,Battersea,Asian; Chinese,https://theduckandrice.com/battersea/,,venue website,openstreetmap,1,+44 20 3327 7888,Battersea Power Station,SW11 8DD,https://www.openstreetmap.org/node/13034211987
thekingsarmswandsworth@youngs.co.uk,The King’s Arms,Wandsworth,Wandsworth,Pub,https://www.kingsarmswandsworth.co.uk,,openstreetmap,openstreetmap,1,+44 20 8875 7000,96 Wandsworth High Street,SW18 4LB,https://www.openstreetmap.org/way/204488347
enquiries@thelittletaperia.co.uk,The Little Taperia,Wandsworth,Tooting,Spanish,https://www.thelittletaperia.co.uk/,,venue website,openstreetmap,1,+44 20 8682 3303,143 Tooting High Street,SW17 0SY,https://www.openstreetmap.org/node/8604225875
princealbert@youngs.co.uk,The Prince Albert,Wandsworth,Battersea,Pub,https://www.theprincealbertbattersea.co.uk/,,openstreetmap,openstreetmap,1,+44 20 7228 0923,,,https://www.openstreetmap.org/way/111787083
hello@theselkirksw17.com,The Selkirk,Wandsworth,Tooting,Pub,https://www.theselkirksw17.com/,,openstreetmap,openstreetmap,1,+44 20 8672 6235,60 Selkirk Road,SW17 0ES,https://www.openstreetmap.org/way/237918839
spottedhorse@youngs.co.uk,The Spotted Horse,Wandsworth,Putney,Pub,https://www.spottedhorse.co.uk/,,openstreetmap,openstreetmap,1,+44 208 788 0246,120-122 Putney High Street,SW15 1RG,https://www.openstreetmap.org/way/1011102852
enquiries@wandleearlsfield.com,The Wandle,Wandsworth,Earlsfield,Pub,https://www.wandleearlsfield.com/,,openstreetmap,openstreetmap,1,+44 20 8874 4209,332 Garratt Lane,SW18 4EJ,https://www.openstreetmap.org/node/1737829080
woodman.res@gmail.com,The Woodman,Wandsworth,Battersea,Pub,https://www.woodman-battersea.co.uk/,,venue website,openstreetmap,1,+44 20 7228 2968,60 Battersea High Street,SW11 3HX,https://www.openstreetmap.org/way/340395024
hello@tribetime.co.uk,Tribe Time,Wandsworth,Earlsfield,Cafe,https://www.tribetime.co.uk/,,venue website,openstreetmap,1,,357-359 Garratt Lane,SW18 4DY,https://www.openstreetmap.org/node/8907460445
info@triedandtruecafe.co.uk,Tried & True,Wandsworth,Putney,Cafe,https://www.triedandtruecafe.co.uk/,,openstreetmap,openstreetmap,1,+44 20 8789 0410,279 Upper Richmond Road,SW15 6SP,https://www.openstreetmap.org/node/7779102926
reservations@turoturo.co.uk,Turo Turo Tooting,Wandsworth,Tooting,Asian,https://www.turoturo.co.uk/,,openstreetmap,openstreetmap,1,+442033272887,102 Tooting High Street,SW17 0RR,https://www.openstreetmap.org/way/854781822
hello@wellkneadedfood.com,Well Kneaded Pizzeria,Wandsworth,Earlsfield,Pizza,https://www.wellkneadedfood.com/pizzeria,events@wellkneadedfood.com; 414@wellkneadedfood.com,venue website,openstreetmap,1,,414 Garratt Lane,SW18 4HW,https://www.openstreetmap.org/node/6203862101
battersea@thewrightbrothers.co.uk,Wright Brothers Battersea,Wandsworth,Nine Elms,Seafood,https://thewrightbrothers.co.uk,info@thewrightbrothers.co.uk; athome@thewrightbrothers.co.uk,openstreetmap,openstreetmap,1,+44 20 7324 7734,26 Circus West Village,SW8 4NN,https://www.openstreetmap.org/node/6345021508
info@10greekstreet.com,10 Greek Street,Westminster,Soho,Greek,https://www.10greekstreet.com/,,venue website,openstreetmap,1,,10 Greek Street,,https://www.openstreetmap.org/way/279322538
info@kitchenatholmes.co.uk,106 Baker Street,Westminster,Marylebone (also St Marylebone),Bakery; Deli,https://www.106bakerst.co.uk/,,venue website,openstreetmap,1,,106 Baker Street,W1U 6TW,https://www.openstreetmap.org/node/6338252684
info@2veneti.com,2 Veneti,Westminster,Marylebone (also St Marylebone),Italian,https://www.2veneti.com/,,venue website,openstreetmap,1,,10 Wigmore Street,,https://www.openstreetmap.org/way/364348784
gmmarylebone@coppaclub.co.uk,31 Below,Westminster,Marylebone (also St Marylebone),Cafe,https://31below.co.uk/,,venue website,openstreetmap,1,+44 20 3912 2007,31 Marylebone High Street,,https://www.openstreetmap.org/node/4839157847
reservations@74duke.com,74 Duke,Westminster,Mayfair,Restaurant,https://www.74duke.com/,,venue website,openstreetmap,1,,74 Duke Street,W1K 6JZ,https://www.openstreetmap.org/node/462025223
info@awong.co.uk,A. Wong,Westminster,Pimlico,Asian; Chinese,https://awong.co.uk/,,openstreetmap,openstreetmap,1,+44 20 7828 8931,70-71 Wilton Road,SW1V 1DE,https://www.openstreetmap.org/way/449059442
info@angussteakhouse.co.uk,Aberdeen Steak House,Westminster,Paddington,Steak,https://www.angussteakhouse.co.uk,book.leicestersquare@angussteakhouse.co.uk; book.oxfordcircus@angussteakhouse.co.uk,openstreetmap,openstreetmap,1,+44 20 7706 4879,163-165 Praed Street,W2 1RH,https://www.openstreetmap.org/way/155488586
coventgarden@abuelocafe.co.uk,Abuelo,Westminster,Covent Garden,Cafe,https://www.abuelocafe.co.uk/,marylebone@abuelocafe.co.uk,venue website,openstreetmap,1,,26 Southampton Street,WC2E 7RS,https://www.openstreetmap.org/node/11222511937
info@akoko.co.uk,Akoko,Westminster,Soho,Restaurant,https://akoko.co.uk/,,venue website,openstreetmap,1,+44 20 7323 0593,21 Berners Street,W1T 3LP,https://www.openstreetmap.org/node/691728906
info@alarez.co.uk,Al Arez,Westminster,Paddington,Restaurant,https://www.alarez.co.uk/,,venue website,openstreetmap,3,+44 20 7262 4833,101-103 Edgware Road,,https://www.openstreetmap.org/way/351025496
booking.albasha@gmail.com,Al Basha,Westminster,Belgravia,Restaurant,https://www.albasha.uk/,albashasw1@gmail.com,venue website,openstreetmap,1,,48 Knightsbridge,,https://www.openstreetmap.org/node/5980616505
mail@alhamrarestaurant.co.uk,Al Hamra,Westminster,Mayfair,Restaurant,https://alhamrarestaurant.co.uk/,,venue website,openstreetmap,1,,31-33,,https://www.openstreetmap.org/node/622552061
info@alibabarestaurant.co.uk,Ali Baba,Westminster,Marylebone (also St Marylebone),Restaurant,https://www.alibabarestaurant.co.uk/,,venue website,openstreetmap,1,,32 Ivor Place,,https://www.openstreetmap.org/node/6433467353
hello@alounakrestaurant.co.uk,Alounak Express,Westminster,Bayswater,Cafe,https://alounakrestaurant.co.uk/home-westbournegrove?view=featured,,venue website,openstreetmap,1,+44 20 7229 0416,44 Westbourne Grove,W2 5SH,https://www.openstreetmap.org/way/368374524
info@ambassadorsclubhouse.com,Ambassador's Clubhouse,Westminster,Soho,Indian,https://ambassadorsclubhouse.com/,,openstreetmap,openstreetmap,1,+44 20 3319 8100,25 Heddon Street,W1B 4BH,https://www.openstreetmap.org/node/12677622201
info@amjadia.co.uk,Amjadia,Westminster,Marylebone (also St Marylebone),Indian,https://www.amjadia.co.uk/,,venue website,openstreetmap,1,,15 Picton Place,W1U 1BW,https://www.openstreetmap.org/way/217965546
enquiries@andrewedmunds.com,Andrew Edmunds,Westminster,Soho,Restaurant,https://www.andrewedmunds.com/,,venue website,openstreetmap,1,,46 Lexington Street,W1F 0LP,https://www.openstreetmap.org/way/273697611
contact@anglothai.co.uk,Anglo Thai,Westminster,Marylebone (also St Marylebone),Asian,https://anglothai.co.uk/,press@anglothai.co.uk,openstreetmap,openstreetmap,1,+44203 307 8800,22-24 Seymour Place,W1H 7NL,https://www.openstreetmap.org/node/5328197698
book.leicestersquare@angussteakhouse.co.uk,Angus Steak House,Westminster,Covent Garden,Steak,https://www.angussteakhouse.co.uk/,book.oxfordcircus@angussteakhouse.co.uk; info@angussteakhouse.co.uk,venue website,openstreetmap,1,,20 Cranbourn Street,WC2H 7LU,https://www.openstreetmap.org/node/1567761397
contact@antidotewinebar.com,Antidote,Westminster,Soho,French,https://www.antidotewinebar.com/,,venue website,openstreetmap,1,+44 20 7287 8488,12A Newburgh Street,W1F 7RR,https://www.openstreetmap.org/way/272019364
hello@apricityrestaurant.com,Apricity,Westminster,Mayfair,Restaurant,https://www.apricityrestaurant.com/menus,,venue website,openstreetmap,1,+44 20 8017 2780,68 Duke Street,W1K 6JU,https://www.openstreetmap.org/node/462025222
hello@arambyimad.co.uk,Aram by Imad,Westminster,Covent Garden,Restaurant,https://www.arambyimad.co.uk/,,venue website,openstreetmap,1,,,,https://www.openstreetmap.org/node/751735206
reservations@arlington.london,Arlington,Westminster,St James's,Restaurant,https://www.arlington.london/,,openstreetmap,openstreetmap,1,+44 20 3856 1000,20 Arlington Street,SW1A 1RJ,https://www.openstreetmap.org/node/6821298285
marylebone@arrocoffee.com,Arro Coffee - The Temple of Coffee,Westminster,Marylebone (also St Marylebone),Bakery; Breakfast; Italian,https://www.arrocoffee.com,info@arrocoffee.com; orders@arrocoffee.com,openstreetmap,openstreetmap,1,,67 Chiltern Street,W1U 6NJ,https://www.openstreetmap.org/way/235395296
info@arrocoffee.com,ARRO London,Westminster,Soho,Cafe,https://www.arrocoffee.com/,orders@arrocoffee.com,venue website,openstreetmap,1,,145 Oxford Street,,https://www.openstreetmap.org/node/10135523820
admin@assaggi.co.uk,Assaggi,Westminster,Bayswater,Italian,https://assaggi.co.uk/,,venue website,openstreetmap,1,+44 20 7792 5501,39 Chepstow Place,,https://www.openstreetmap.org/node/7104637364
hydepark@aubaine.co.uk,Aubaine,Westminster,Bayswater,French,https://www.aubaine.co.uk/,events@aubaine.co.uk,openstreetmap,openstreetmap,1,+44 20 3773 3930,129 Bayswater Road,,https://www.openstreetmap.org/node/4855558090
contact@augustusharris.com,Augustus Harris,Westminster,Covent Garden,Restaurant,https://www.augustusharris.com/,,venue website,openstreetmap,1,,,WC2B 5JT,https://www.openstreetmap.org/way/986920653
hello@avobar.co.uk,Avobar,Westminster,Covent Garden,Restaurant,https://www.avobar.co.uk/,,venue website,openstreetmap,2,,23-24 Henrietta Street,,https://www.openstreetmap.org/node/5943495285
reservations@babborestaurant.co.uk,Babbo,Westminster,St John's Wood,Italian,https://babborestaurant.co.uk,,venue website,openstreetmap,1,,29-31 St John's Wood High Street,NW8 7NH,https://www.openstreetmap.org/node/6535716234
eat@bagelfactory.co.uk,Bagel Factory,Westminster,Paddington,Bagels; Bakery,https://www.bagelfactory.co.uk/locations,,venue website,openstreetmap,2,+44 20 7706 1711,175 Praed Street,W2 1RH,https://www.openstreetmap.org/node/2273789386
info@bageriet.co.uk,Bageriet,Westminster,Covent Garden,Bakery,https://www.bageriet.co.uk/,,openstreetmap,openstreetmap,1,+44 20 7240 0000,24 Rose Street,WC2E 9EA,https://www.openstreetmap.org/way/565171601
balansno34@balans.co.uk,Balans Soho Society Cafe,Westminster,Soho,Cafe,https://www.balans.co.uk/,balansno60@balans.co.uk,openstreetmap,openstreetmap,1,+44 20 7439 3309,34 Old Compton Street,W1D 4UG,https://www.openstreetmap.org/node/13571511903
bath@bananatree.co.uk,Banana Tree,Westminster,Bayswater,Asian,https://bananatree.co.uk/restaurants/westbourne-grove/,battersea@bananatree.co.uk; birminghambullring@bananatree.co.uk; cardiff@bananatree.co.uk; chelmsford@bananatree.co.uk; coventgarden@bananatree.co.uk; greenwich@bananatree.co.uk; haywardsheath@bananatree.co.uk; henley@bananatree.co.uk; islington@bananatree.co.uk; maidavale@bananatree.co.uk; miltonkeynes@bananatree.co.uk; theo2@bananatree.co.uk; oxford@bananatree.co.uk; portsmouth@bananatree.co.uk; salford@bananatree.co.uk; soho@bananatree.co.uk; stevenage@bananatree.co.uk; westhampstead@bananatree.co.uk; windsor@bananatree.co.uk,venue website,openstreetmap,1,,21-23 Westbourne Grove,W2 4UA,https://www.openstreetmap.org/node/3547298142
soho@bananatree.co.uk,Banana Tree,Westminster,Soho,Asian,https://bananatree.co.uk/restaurants/soho/,bath@bananatree.co.uk; battersea@bananatree.co.uk; birminghambullring@bananatree.co.uk; cardiff@bananatree.co.uk; chelmsford@bananatree.co.uk; coventgarden@bananatree.co.uk; greenwich@bananatree.co.uk; haywardsheath@bananatree.co.uk; henley@bananatree.co.uk; islington@bananatree.co.uk; maidavale@bananatree.co.uk; miltonkeynes@bananatree.co.uk; theo2@bananatree.co.uk; oxford@bananatree.co.uk; portsmouth@bananatree.co.uk; salford@bananatree.co.uk; stevenage@bananatree.co.uk; westhampstead@bananatree.co.uk; windsor@bananatree.co.uk,openstreetmap,openstreetmap,1,+44 20 7437 1351,103-109 Wardour Street,W1F 0UG,https://www.openstreetmap.org/node/3753629930
coventgarden@bananatree.co.uk,Banana Tree,Westminster,Covent Garden,Asian,https://bananatree.co.uk/restaurants/covent-garden/,bath@bananatree.co.uk; battersea@bananatree.co.uk; birminghambullring@bananatree.co.uk; cardiff@bananatree.co.uk; chelmsford@bananatree.co.uk; greenwich@bananatree.co.uk; haywardsheath@bananatree.co.uk; henley@bananatree.co.uk; islington@bananatree.co.uk; maidavale@bananatree.co.uk; miltonkeynes@bananatree.co.uk; theo2@bananatree.co.uk; oxford@bananatree.co.uk; portsmouth@bananatree.co.uk; salford@bananatree.co.uk; soho@bananatree.co.uk; stevenage@bananatree.co.uk; westhampstead@bananatree.co.uk; windsor@bananatree.co.uk,venue website,openstreetmap,1,,34 Wellington Street,WC2E 7BD,https://www.openstreetmap.org/way/196657743
maidavale@bananatree.co.uk,Banana Tree,Westminster,Maida Vale,Restaurant,https://bananatree.co.uk/restaurants/maida-vale/,bath@bananatree.co.uk; battersea@bananatree.co.uk; birminghambullring@bananatree.co.uk; cardiff@bananatree.co.uk; chelmsford@bananatree.co.uk; coventgarden@bananatree.co.uk; greenwich@bananatree.co.uk; haywardsheath@bananatree.co.uk; henley@bananatree.co.uk; islington@bananatree.co.uk; miltonkeynes@bananatree.co.uk; theo2@bananatree.co.uk; oxford@bananatree.co.uk; portsmouth@bananatree.co.uk; salford@bananatree.co.uk; soho@bananatree.co.uk; stevenage@bananatree.co.uk; westhampstead@bananatree.co.uk; windsor@bananatree.co.uk,venue website,openstreetmap,1,,166 Randolph Avenue,,https://www.openstreetmap.org/way/708829139
hello@banhmibay.co.uk,Banh Mi Bay,Westminster,Soho,Asian,https://www.banhmibay.co.uk/,,openstreetmap,openstreetmap,1,+44 20 3609 4830,21 Rathbone Street,W1T 1NF,https://www.openstreetmap.org/node/6089646650
westminster.reservations@bankrestaurants.com,Bank Restaurant & Bar,Westminster,Westminster,Restaurant,https://www.individualrestaurants.com/,enquiries@individualrestaurants.com,openstreetmap,openstreetmap,1,+44 20 7630 6644,45 Buckingham Gate,SW1E 6BS,https://www.openstreetmap.org/node/169368767
reservations@bardostjames.com,Bardo St James's,Westminster,St James's,Italian; Pizza,https://www.bardostjames.com,,venue website,openstreetmap,1,+44 20 3828 2487,4 Suffolk Place,SW1Y 4HX,https://www.openstreetmap.org/node/10869494217
info@barrafina.co.uk,Barrafina Drury Lane,Westminster,Covent Garden,Restaurant,https://www.barrafina.co.uk/,,openstreetmap,openstreetmap,1,,,,https://www.openstreetmap.org/node/3815512761
marylebone@bayley-sage.co.uk,Bayley & Sage,Westminster,Marylebone (also St Marylebone),Deli,https://bayley-sage.co.uk/stores/marylebone/,,venue website,openstreetmap,1,+44 207 9522 269,33-34 Marylebone High Street,W1U 4QD,https://www.openstreetmap.org/node/4839157842
admin@bbarlondon.com,Bbar,Westminster,Belgravia,Pub,https://www.bbarlondon.com/,,venue website,openstreetmap,1,,43 Buckingham Palace Road,SW1W 0PP,https://www.openstreetmap.org/node/295905009
reservations@bebebob.com,Bebe Bob,Westminster,Soho,Restaurant,https://bebebob.com/,bebebob.privatediningandevents@bebebob.com,venue website,openstreetmap,2,,37 Golden Square,,https://www.openstreetmap.org/node/12162371855
info@belgraverestaurant.com,Belgrave,Westminster,St John's Wood,Restaurant,https://belgraverestaurant.com/,honey@belgraverestaurant.com,venue website,openstreetmap,1,+44 20 7624 4242,1 Belgrave Gardens,,https://www.openstreetmap.org/node/6629510928
queensway55@bellaitalia.co.uk,Bella Italia,Westminster,Bayswater,Italian,https://www.bellaitalia.co.uk/restaurants/london/queensway-55,ashton@bellaitalia.co.uk; basildon@bellaitalia.co.uk; birmingham@bellaitalia.co.uk; blackpoolvictoriastreet@bellaitalia.co.uk; bluewater@bellaitalia.co.uk; bolton@bellaitalia.co.uk; brighton@bellaitalia.co.uk; bristolbaldwin@bellaitalia.co.uk; bristolcribbs@bellaitalia.co.uk; bristolabbeywood@bellaitalia.co.uk; bristolaspects@bellaitalia.co.uk; burton@bellaitalia.co.uk; cambridgeleisure@bellaitalia.co.uk; castleford@bellaitalia.co.uk; elveden@bellaitalia.co.uk; longleat@bellaitalia.co.uk; sherwood@bellaitalia.co.uk; whinfell@bellaitalia.co.uk; cheshireoaks@bellaitalia.co.uk; chester@bellaitalia.co.uk; coventry@bellaitalia.co.uk; cranbournst@bellaitalia.co.uk; croydon@bellaitalia.co.uk; dudley@bellaitalia.co.uk; edinburghhanover@bellaitalia.co.uk; edinburghnb@bellaitalia.co.uk; exeter@bellaitalia.co.uk; gatesheadmetro@bellaitalia.co.uk; glasgowsauchiehall@bellaitalia.co.uk; hempstead@bellaitalia.co.uk; huntingdon@bellaitalia.co.uk; inverness@bellaitalia.co.uk; irvingst@bellaitalia.co.uk; jersey@bellaitalia.co.uk; lakeside@bellaitalia.co.uk; lancaster@bellaitalia.co.uk; leedsbriggate@bellaitalia.co.uk; leedswhiterose@bellaitalia.co.uk; leicestermeridian@bellaitalia.co.uk; liverpool@bellaitalia.co.uk; mansfield@bellaitalia.co.uk; miltonkeynes@bellaitalia.co.uk; mkstadium@bellaitalia.co.uk; eldonsquare@bellaitalia.co.uk; northampton@bellaitalia.co.uk; redlionst@bellaitalia.co.uk; riverside@bellaitalia.co.uk; cornerhouse@bellaitalia.co.uk; oxford@bellaitalia.co.uk; paddington@bellaitalia.co.uk; peterborough@bellaitalia.co.uk; portsmouthgwquays@bellaitalia.co.uk; queensway108@bellaitalia.co.uk; readingoracle@bellaitalia.co.uk; salfordquays@bellaitalia.co.uk; shaftesburyave@bellaitalia.co.uk; sheffield@bellaitalia.co.uk; sheffieldstpauls@bellaitalia.co.uk; sthkensington@bellaitalia.co.uk; hanover@bellaitalia.co.uk; stmartins@bellaitalia.co.uk; stevenage@bellaitalia.co.uk; telford@bellaitalia.co.uk; strand@bellaitalia.co.uk; walsall@bellaitalia.co.uk; wellingtonst@bellaitalia.co.uk; witney@bellaitalia.co.uk; wolverhampton@bellaitalia.co.uk; york@bellaitalia.co.uk; yorkcliftonmoor@bellaitalia.co.uk,venue website,openstreetmap,1,+44 20 7792 2880,55 Queensway,W2 4QH,https://www.openstreetmap.org/node/281426069
queensway108@bellaitalia.co.uk,Bella Italia,Westminster,Bayswater,Italian,https://www.bellaitalia.co.uk/restaurants/london/queensway-110,ashton@bellaitalia.co.uk; basildon@bellaitalia.co.uk; birmingham@bellaitalia.co.uk; blackpoolvictoriastreet@bellaitalia.co.uk; bluewater@bellaitalia.co.uk; bolton@bellaitalia.co.uk; brighton@bellaitalia.co.uk; bristolbaldwin@bellaitalia.co.uk; bristolcribbs@bellaitalia.co.uk; bristolabbeywood@bellaitalia.co.uk; bristolaspects@bellaitalia.co.uk; burton@bellaitalia.co.uk; cambridgeleisure@bellaitalia.co.uk; castleford@bellaitalia.co.uk; elveden@bellaitalia.co.uk; longleat@bellaitalia.co.uk; sherwood@bellaitalia.co.uk; whinfell@bellaitalia.co.uk; cheshireoaks@bellaitalia.co.uk; chester@bellaitalia.co.uk; coventry@bellaitalia.co.uk; cranbournst@bellaitalia.co.uk; croydon@bellaitalia.co.uk; dudley@bellaitalia.co.uk; edinburghhanover@bellaitalia.co.uk; edinburghnb@bellaitalia.co.uk; exeter@bellaitalia.co.uk; gatesheadmetro@bellaitalia.co.uk; glasgowsauchiehall@bellaitalia.co.uk; hempstead@bellaitalia.co.uk; huntingdon@bellaitalia.co.uk; inverness@bellaitalia.co.uk; irvingst@bellaitalia.co.uk; jersey@bellaitalia.co.uk; lakeside@bellaitalia.co.uk; lancaster@bellaitalia.co.uk; leedsbriggate@bellaitalia.co.uk; leedswhiterose@bellaitalia.co.uk; leicestermeridian@bellaitalia.co.uk; liverpool@bellaitalia.co.uk; mansfield@bellaitalia.co.uk; miltonkeynes@bellaitalia.co.uk; mkstadium@bellaitalia.co.uk; eldonsquare@bellaitalia.co.uk; northampton@bellaitalia.co.uk; redlionst@bellaitalia.co.uk; riverside@bellaitalia.co.uk; cornerhouse@bellaitalia.co.uk; oxford@bellaitalia.co.uk; paddington@bellaitalia.co.uk; peterborough@bellaitalia.co.uk; portsmouthgwquays@bellaitalia.co.uk; queensway55@bellaitalia.co.uk; readingoracle@bellaitalia.co.uk; salfordquays@bellaitalia.co.uk; shaftesburyave@bellaitalia.co.uk; sheffield@bellaitalia.co.uk; sheffieldstpauls@bellaitalia.co.uk; sthkensington@bellaitalia.co.uk; hanover@bellaitalia.co.uk; stmartins@bellaitalia.co.uk; stevenage@bellaitalia.co.uk; telford@bellaitalia.co.uk; strand@bellaitalia.co.uk; walsall@bellaitalia.co.uk; wellingtonst@bellaitalia.co.uk; witney@bellaitalia.co.uk; wolverhampton@bellaitalia.co.uk; york@bellaitalia.co.uk; yorkcliftonmoor@bellaitalia.co.uk,venue website,openstreetmap,1,+44 20 7229 2439,108-110 Queensway,,https://www.openstreetmap.org/node/534651597
cranbournst@bellaitalia.co.uk,Bella Italia,Westminster,Covent Garden,Italian,https://www.bellaitalia.co.uk/restaurants/london/cranbourn-street,ashton@bellaitalia.co.uk; basildon@bellaitalia.co.uk; birmingham@bellaitalia.co.uk; blackpoolvictoriastreet@bellaitalia.co.uk; bluewater@bellaitalia.co.uk; bolton@bellaitalia.co.uk; brighton@bellaitalia.co.uk; bristolbaldwin@bellaitalia.co.uk; bristolcribbs@bellaitalia.co.uk; bristolabbeywood@bellaitalia.co.uk; bristolaspects@bellaitalia.co.uk; burton@bellaitalia.co.uk; cambridgeleisure@bellaitalia.co.uk; castleford@bellaitalia.co.uk; elveden@bellaitalia.co.uk; longleat@bellaitalia.co.uk; sherwood@bellaitalia.co.uk; whinfell@bellaitalia.co.uk; cheshireoaks@bellaitalia.co.uk; chester@bellaitalia.co.uk; coventry@bellaitalia.co.uk; croydon@bellaitalia.co.uk; dudley@bellaitalia.co.uk; edinburghhanover@bellaitalia.co.uk; edinburghnb@bellaitalia.co.uk; exeter@bellaitalia.co.uk; gatesheadmetro@bellaitalia.co.uk; glasgowsauchiehall@bellaitalia.co.uk; hempstead@bellaitalia.co.uk; huntingdon@bellaitalia.co.uk; inverness@bellaitalia.co.uk; irvingst@bellaitalia.co.uk; jersey@bellaitalia.co.uk; lakeside@bellaitalia.co.uk; lancaster@bellaitalia.co.uk; leedsbriggate@bellaitalia.co.uk; leedswhiterose@bellaitalia.co.uk; leicestermeridian@bellaitalia.co.uk; liverpool@bellaitalia.co.uk; mansfield@bellaitalia.co.uk; miltonkeynes@bellaitalia.co.uk; mkstadium@bellaitalia.co.uk; eldonsquare@bellaitalia.co.uk; northampton@bellaitalia.co.uk; redlionst@bellaitalia.co.uk; riverside@bellaitalia.co.uk; cornerhouse@bellaitalia.co.uk; oxford@bellaitalia.co.uk; paddington@bellaitalia.co.uk; peterborough@bellaitalia.co.uk; portsmouthgwquays@bellaitalia.co.uk; queensway108@bellaitalia.co.uk; queensway55@bellaitalia.co.uk; readingoracle@bellaitalia.co.uk; salfordquays@bellaitalia.co.uk; shaftesburyave@bellaitalia.co.uk; sheffield@bellaitalia.co.uk; sheffieldstpauls@bellaitalia.co.uk; sthkensington@bellaitalia.co.uk; hanover@bellaitalia.co.uk; stmartins@bellaitalia.co.uk; stevenage@bellaitalia.co.uk; telford@bellaitalia.co.uk; strand@bellaitalia.co.uk; walsall@bellaitalia.co.uk; wellingtonst@bellaitalia.co.uk; witney@bellaitalia.co.uk; wolverhampton@bellaitalia.co.uk; york@bellaitalia.co.uk; yorkcliftonmoor@bellaitalia.co.uk,venue website,openstreetmap,1,,,,https://www.openstreetmap.org/node/4736199921
strand@bellaitalia.co.uk,Bella Italia,Westminster,Covent Garden,Italian,https://www.bellaitalia.co.uk/restaurants/london/the-strand,ashton@bellaitalia.co.uk; basildon@bellaitalia.co.uk; birmingham@bellaitalia.co.uk; blackpoolvictoriastreet@bellaitalia.co.uk; bluewater@bellaitalia.co.uk; bolton@bellaitalia.co.uk; brighton@bellaitalia.co.uk; bristolbaldwin@bellaitalia.co.uk; bristolcribbs@bellaitalia.co.uk; bristolabbeywood@bellaitalia.co.uk; bristolaspects@bellaitalia.co.uk; burton@bellaitalia.co.uk; cambridgeleisure@bellaitalia.co.uk; castleford@bellaitalia.co.uk; elveden@bellaitalia.co.uk; longleat@bellaitalia.co.uk; sherwood@bellaitalia.co.uk; whinfell@bellaitalia.co.uk; cheshireoaks@bellaitalia.co.uk; chester@bellaitalia.co.uk; coventry@bellaitalia.co.uk; cranbournst@bellaitalia.co.uk; croydon@bellaitalia.co.uk; dudley@bellaitalia.co.uk; edinburghhanover@bellaitalia.co.uk; edinburghnb@bellaitalia.co.uk; exeter@bellaitalia.co.uk; gatesheadmetro@bellaitalia.co.uk; glasgowsauchiehall@bellaitalia.co.uk; hempstead@bellaitalia.co.uk; huntingdon@bellaitalia.co.uk; inverness@bellaitalia.co.uk; irvingst@bellaitalia.co.uk; jersey@bellaitalia.co.uk; lakeside@bellaitalia.co.uk; lancaster@bellaitalia.co.uk; leedsbriggate@bellaitalia.co.uk; leedswhiterose@bellaitalia.co.uk; leicestermeridian@bellaitalia.co.uk; liverpool@bellaitalia.co.uk; mansfield@bellaitalia.co.uk; miltonkeynes@bellaitalia.co.uk; mkstadium@bellaitalia.co.uk; eldonsquare@bellaitalia.co.uk; northampton@bellaitalia.co.uk; redlionst@bellaitalia.co.uk; riverside@bellaitalia.co.uk; cornerhouse@bellaitalia.co.uk; oxford@bellaitalia.co.uk; paddington@bellaitalia.co.uk; peterborough@bellaitalia.co.uk; portsmouthgwquays@bellaitalia.co.uk; queensway108@bellaitalia.co.uk; queensway55@bellaitalia.co.uk; readingoracle@bellaitalia.co.uk; salfordquays@bellaitalia.co.uk; shaftesburyave@bellaitalia.co.uk; sheffield@bellaitalia.co.uk; sheffieldstpauls@bellaitalia.co.uk; sthkensington@bellaitalia.co.uk; hanover@bellaitalia.co.uk; stmartins@bellaitalia.co.uk; stevenage@bellaitalia.co.uk; telford@bellaitalia.co.uk; walsall@bellaitalia.co.uk; wellingtonst@bellaitalia.co.uk; witney@bellaitalia.co.uk; wolverhampton@bellaitalia.co.uk; york@bellaitalia.co.uk; yorkcliftonmoor@bellaitalia.co.uk,venue website,openstreetmap,1,+44 20 7839 6005,65-72 Strand,WC2N 5LR,https://www.openstreetmap.org/way/72140289
wellingtonst@bellaitalia.co.uk,Bella Italia,Westminster,Covent Garden,Italian,https://www.bellaitalia.co.uk/restaurants/london/wellington-street,ashton@bellaitalia.co.uk; basildon@bellaitalia.co.uk; birmingham@bellaitalia.co.uk; blackpoolvictoriastreet@bellaitalia.co.uk; bluewater@bellaitalia.co.uk; bolton@bellaitalia.co.uk; brighton@bellaitalia.co.uk; bristolbaldwin@bellaitalia.co.uk; bristolcribbs@bellaitalia.co.uk; bristolabbeywood@bellaitalia.co.uk; bristolaspects@bellaitalia.co.uk; burton@bellaitalia.co.uk; cambridgeleisure@bellaitalia.co.uk; castleford@bellaitalia.co.uk; elveden@bellaitalia.co.uk; longleat@bellaitalia.co.uk; sherwood@bellaitalia.co.uk; whinfell@bellaitalia.co.uk; cheshireoaks@bellaitalia.co.uk; chester@bellaitalia.co.uk; coventry@bellaitalia.co.uk; cranbournst@bellaitalia.co.uk; croydon@bellaitalia.co.uk; dudley@bellaitalia.co.uk; edinburghhanover@bellaitalia.co.uk; edinburghnb@bellaitalia.co.uk; exeter@bellaitalia.co.uk; gatesheadmetro@bellaitalia.co.uk; glasgowsauchiehall@bellaitalia.co.uk; hempstead@bellaitalia.co.uk; huntingdon@bellaitalia.co.uk; inverness@bellaitalia.co.uk; irvingst@bellaitalia.co.uk; jersey@bellaitalia.co.uk; lakeside@bellaitalia.co.uk; lancaster@bellaitalia.co.uk; leedsbriggate@bellaitalia.co.uk; leedswhiterose@bellaitalia.co.uk; leicestermeridian@bellaitalia.co.uk; liverpool@bellaitalia.co.uk; mansfield@bellaitalia.co.uk; miltonkeynes@bellaitalia.co.uk; mkstadium@bellaitalia.co.uk; eldonsquare@bellaitalia.co.uk; northampton@bellaitalia.co.uk; redlionst@bellaitalia.co.uk; riverside@bellaitalia.co.uk; cornerhouse@bellaitalia.co.uk; oxford@bellaitalia.co.uk; paddington@bellaitalia.co.uk; peterborough@bellaitalia.co.uk; portsmouthgwquays@bellaitalia.co.uk; queensway108@bellaitalia.co.uk; queensway55@bellaitalia.co.uk; readingoracle@bellaitalia.co.uk; salfordquays@bellaitalia.co.uk; shaftesburyave@bellaitalia.co.uk; sheffield@bellaitalia.co.uk; sheffieldstpauls@bellaitalia.co.uk; sthkensington@bellaitalia.co.uk; hanover@bellaitalia.co.uk; stmartins@bellaitalia.co.uk; stevenage@bellaitalia.co.uk; telford@bellaitalia.co.uk; strand@bellaitalia.co.uk; walsall@bellaitalia.co.uk; witney@bellaitalia.co.uk; wolverhampton@bellaitalia.co.uk; york@bellaitalia.co.uk; yorkcliftonmoor@bellaitalia.co.uk,venue website,openstreetmap,1,,28 Wellington Street,WC2E 7PS,https://www.openstreetmap.org/way/99952300
paddington@bellaitalia.co.uk,Bella Italia,Westminster,Paddington,Italian,https://www.bellaitalia.co.uk/restaurants/london/paddington,ashton@bellaitalia.co.uk; basildon@bellaitalia.co.uk; birmingham@bellaitalia.co.uk; blackpoolvictoriastreet@bellaitalia.co.uk; bluewater@bellaitalia.co.uk; bolton@bellaitalia.co.uk; brighton@bellaitalia.co.uk; bristolbaldwin@bellaitalia.co.uk; bristolcribbs@bellaitalia.co.uk; bristolabbeywood@bellaitalia.co.uk; bristolaspects@bellaitalia.co.uk; burton@bellaitalia.co.uk; cambridgeleisure@bellaitalia.co.uk; castleford@bellaitalia.co.uk; elveden@bellaitalia.co.uk; longleat@bellaitalia.co.uk; sherwood@bellaitalia.co.uk; whinfell@bellaitalia.co.uk; cheshireoaks@bellaitalia.co.uk; chester@bellaitalia.co.uk; coventry@bellaitalia.co.uk; cranbournst@bellaitalia.co.uk; croydon@bellaitalia.co.uk; dudley@bellaitalia.co.uk; edinburghhanover@bellaitalia.co.uk; edinburghnb@bellaitalia.co.uk; exeter@bellaitalia.co.uk; gatesheadmetro@bellaitalia.co.uk; glasgowsauchiehall@bellaitalia.co.uk; hempstead@bellaitalia.co.uk; huntingdon@bellaitalia.co.uk; inverness@bellaitalia.co.uk; irvingst@bellaitalia.co.uk; jersey@bellaitalia.co.uk; lakeside@bellaitalia.co.uk; lancaster@bellaitalia.co.uk; leedsbriggate@bellaitalia.co.uk; leedswhiterose@bellaitalia.co.uk; leicestermeridian@bellaitalia.co.uk; liverpool@bellaitalia.co.uk; mansfield@bellaitalia.co.uk; miltonkeynes@bellaitalia.co.uk; mkstadium@bellaitalia.co.uk; eldonsquare@bellaitalia.co.uk; northampton@bellaitalia.co.uk; redlionst@bellaitalia.co.uk; riverside@bellaitalia.co.uk; cornerhouse@bellaitalia.co.uk; oxford@bellaitalia.co.uk; peterborough@bellaitalia.co.uk; portsmouthgwquays@bellaitalia.co.uk; queensway108@bellaitalia.co.uk; queensway55@bellaitalia.co.uk; readingoracle@bellaitalia.co.uk; salfordquays@bellaitalia.co.uk; shaftesburyave@bellaitalia.co.uk; sheffield@bellaitalia.co.uk; sheffieldstpauls@bellaitalia.co.uk; sthkensington@bellaitalia.co.uk; hanover@bellaitalia.co.uk; stmartins@bellaitalia.co.uk; stevenage@bellaitalia.co.uk; telford@bellaitalia.co.uk; strand@bellaitalia.co.uk; walsall@bellaitalia.co.uk; wellingtonst@bellaitalia.co.uk; witney@bellaitalia.co.uk; wolverhampton@bellaitalia.co.uk; york@bellaitalia.co.uk; yorkcliftonmoor@bellaitalia.co.uk,venue website,openstreetmap,1,,16 London Street,W2 1HL,https://www.openstreetmap.org/way/155488595
stmartins@bellaitalia.co.uk,Bella Italia,Westminster,Covent Garden,Italian,https://www.bellaitalia.co.uk/restaurants/london/st-martins-lane,ashton@bellaitalia.co.uk; basildon@bellaitalia.co.uk; birmingham@bellaitalia.co.uk; blackpoolvictoriastreet@bellaitalia.co.uk; bluewater@bellaitalia.co.uk; bolton@bellaitalia.co.uk; brighton@bellaitalia.co.uk; bristolbaldwin@bellaitalia.co.uk; bristolcribbs@bellaitalia.co.uk; bristolabbeywood@bellaitalia.co.uk; bristolaspects@bellaitalia.co.uk; burton@bellaitalia.co.uk; cambridgeleisure@bellaitalia.co.uk; castleford@bellaitalia.co.uk; elveden@bellaitalia.co.uk; longleat@bellaitalia.co.uk; sherwood@bellaitalia.co.uk; whinfell@bellaitalia.co.uk; cheshireoaks@bellaitalia.co.uk; chester@bellaitalia.co.uk; coventry@bellaitalia.co.uk; cranbournst@bellaitalia.co.uk; croydon@bellaitalia.co.uk; dudley@bellaitalia.co.uk; edinburghhanover@bellaitalia.co.uk; edinburghnb@bellaitalia.co.uk; exeter@bellaitalia.co.uk; gatesheadmetro@bellaitalia.co.uk; glasgowsauchiehall@bellaitalia.co.uk; hempstead@bellaitalia.co.uk; huntingdon@bellaitalia.co.uk; inverness@bellaitalia.co.uk; irvingst@bellaitalia.co.uk; jersey@bellaitalia.co.uk; lakeside@bellaitalia.co.uk; lancaster@bellaitalia.co.uk; leedsbriggate@bellaitalia.co.uk; leedswhiterose@bellaitalia.co.uk; leicestermeridian@bellaitalia.co.uk; liverpool@bellaitalia.co.uk; mansfield@bellaitalia.co.uk; miltonkeynes@bellaitalia.co.uk; mkstadium@bellaitalia.co.uk; eldonsquare@bellaitalia.co.uk; northampton@bellaitalia.co.uk; redlionst@bellaitalia.co.uk; riverside@bellaitalia.co.uk; cornerhouse@bellaitalia.co.uk; oxford@bellaitalia.co.uk; paddington@bellaitalia.co.uk; peterborough@bellaitalia.co.uk; portsmouthgwquays@bellaitalia.co.uk; queensway108@bellaitalia.co.uk; queensway55@bellaitalia.co.uk; readingoracle@bellaitalia.co.uk; salfordquays@bellaitalia.co.uk; shaftesburyave@bellaitalia.co.uk; sheffield@bellaitalia.co.uk; sheffieldstpauls@bellaitalia.co.uk; sthkensington@bellaitalia.co.uk; hanover@bellaitalia.co.uk; stevenage@bellaitalia.co.uk; telford@bellaitalia.co.uk; strand@bellaitalia.co.uk; walsall@bellaitalia.co.uk; wellingtonst@bellaitalia.co.uk; witney@bellaitalia.co.uk; wolverhampton@bellaitalia.co.uk; york@bellaitalia.co.uk; yorkcliftonmoor@bellaitalia.co.uk,venue website,openstreetmap,1,,70 St Martin's Lane,WC2N 4JS,https://www.openstreetmap.org/way/566157055
shaftesburyave@bellaitalia.co.uk,Bella Italia,Westminster,Soho,Italian,https://www.bellaitalia.co.uk/restaurants/london/shaftesbury-avenue,ashton@bellaitalia.co.uk; basildon@bellaitalia.co.uk; birmingham@bellaitalia.co.uk; blackpoolvictoriastreet@bellaitalia.co.uk; bluewater@bellaitalia.co.uk; bolton@bellaitalia.co.uk; brighton@bellaitalia.co.uk; bristolbaldwin@bellaitalia.co.uk; bristolcribbs@bellaitalia.co.uk; bristolabbeywood@bellaitalia.co.uk; bristolaspects@bellaitalia.co.uk; burton@bellaitalia.co.uk; cambridgeleisure@bellaitalia.co.uk; castleford@bellaitalia.co.uk; elveden@bellaitalia.co.uk; longleat@bellaitalia.co.uk; sherwood@bellaitalia.co.uk; whinfell@bellaitalia.co.uk; cheshireoaks@bellaitalia.co.uk; chester@bellaitalia.co.uk; coventry@bellaitalia.co.uk; cranbournst@bellaitalia.co.uk; croydon@bellaitalia.co.uk; dudley@bellaitalia.co.uk; edinburghhanover@bellaitalia.co.uk; edinburghnb@bellaitalia.co.uk; exeter@bellaitalia.co.uk; gatesheadmetro@bellaitalia.co.uk; glasgowsauchiehall@bellaitalia.co.uk; hempstead@bellaitalia.co.uk; huntingdon@bellaitalia.co.uk; inverness@bellaitalia.co.uk; irvingst@bellaitalia.co.uk; jersey@bellaitalia.co.uk; lakeside@bellaitalia.co.uk; lancaster@bellaitalia.co.uk; leedsbriggate@bellaitalia.co.uk; leedswhiterose@bellaitalia.co.uk; leicestermeridian@bellaitalia.co.uk; liverpool@bellaitalia.co.uk; mansfield@bellaitalia.co.uk; miltonkeynes@bellaitalia.co.uk; mkstadium@bellaitalia.co.uk; eldonsquare@bellaitalia.co.uk; northampton@bellaitalia.co.uk; redlionst@bellaitalia.co.uk; riverside@bellaitalia.co.uk; cornerhouse@bellaitalia.co.uk; oxford@bellaitalia.co.uk; paddington@bellaitalia.co.uk; peterborough@bellaitalia.co.uk; portsmouthgwquays@bellaitalia.co.uk; queensway108@bellaitalia.co.uk; queensway55@bellaitalia.co.uk; readingoracle@bellaitalia.co.uk; salfordquays@bellaitalia.co.uk; sheffield@bellaitalia.co.uk; sheffieldstpauls@bellaitalia.co.uk; sthkensington@bellaitalia.co.uk; hanover@bellaitalia.co.uk; stmartins@bellaitalia.co.uk; stevenage@bellaitalia.co.uk; telford@bellaitalia.co.uk; strand@bellaitalia.co.uk; walsall@bellaitalia.co.uk; wellingtonst@bellaitalia.co.uk; witney@bellaitalia.co.uk; wolverhampton@bellaitalia.co.uk; york@bellaitalia.co.uk; yorkcliftonmoor@bellaitalia.co.uk,venue website,openstreetmap,1,,61-63 Shaftesbury Avenue,W1D 6LQ,https://www.openstreetmap.org/way/993516047
irvingst@bellaitalia.co.uk,Bella Italia,Westminster,Covent Garden,Italian,https://www.bellaitalia.co.uk/restaurants/london/irving-street,ashton@bellaitalia.co.uk; basildon@bellaitalia.co.uk; birmingham@bellaitalia.co.uk; blackpoolvictoriastreet@bellaitalia.co.uk; bluewater@bellaitalia.co.uk; bolton@bellaitalia.co.uk; brighton@bellaitalia.co.uk; bristolbaldwin@bellaitalia.co.uk; bristolcribbs@bellaitalia.co.uk; bristolabbeywood@bellaitalia.co.uk; bristolaspects@bellaitalia.co.uk; burton@bellaitalia.co.uk; cambridgeleisure@bellaitalia.co.uk; castleford@bellaitalia.co.uk; elveden@bellaitalia.co.uk; longleat@bellaitalia.co.uk; sherwood@bellaitalia.co.uk; whinfell@bellaitalia.co.uk; cheshireoaks@bellaitalia.co.uk; chester@bellaitalia.co.uk; coventry@bellaitalia.co.uk; cranbournst@bellaitalia.co.uk; croydon@bellaitalia.co.uk; dudley@bellaitalia.co.uk; edinburghhanover@bellaitalia.co.uk; edinburghnb@bellaitalia.co.uk; exeter@bellaitalia.co.uk; gatesheadmetro@bellaitalia.co.uk; glasgowsauchiehall@bellaitalia.co.uk; hempstead@bellaitalia.co.uk; huntingdon@bellaitalia.co.uk; inverness@bellaitalia.co.uk; jersey@bellaitalia.co.uk; lakeside@bellaitalia.co.uk; lancaster@bellaitalia.co.uk; leedsbriggate@bellaitalia.co.uk; leedswhiterose@bellaitalia.co.uk; leicestermeridian@bellaitalia.co.uk; liverpool@bellaitalia.co.uk; mansfield@bellaitalia.co.uk; miltonkeynes@bellaitalia.co.uk; mkstadium@bellaitalia.co.uk; eldonsquare@bellaitalia.co.uk; northampton@bellaitalia.co.uk; redlionst@bellaitalia.co.uk; riverside@bellaitalia.co.uk; cornerhouse@bellaitalia.co.uk; oxford@bellaitalia.co.uk; paddington@bellaitalia.co.uk; peterborough@bellaitalia.co.uk; portsmouthgwquays@bellaitalia.co.uk; queensway108@bellaitalia.co.uk; queensway55@bellaitalia.co.uk; readingoracle@bellaitalia.co.uk; salfordquays@bellaitalia.co.uk; shaftesburyave@bellaitalia.co.uk; sheffield@bellaitalia.co.uk; sheffieldstpauls@bellaitalia.co.uk; sthkensington@bellaitalia.co.uk; hanover@bellaitalia.co.uk; stmartins@bellaitalia.co.uk; stevenage@bellaitalia.co.uk; telford@bellaitalia.co.uk; strand@bellaitalia.co.uk; walsall@bellaitalia.co.uk; wellingtonst@bellaitalia.co.uk; witney@bellaitalia.co.uk; wolverhampton@bellaitalia.co.uk; york@bellaitalia.co.uk; yorkcliftonmoor@bellaitalia.co.uk,venue website,openstreetmap,1,,10 Irving Street,WC2H 7AT,https://www.openstreetmap.org/way/995954604
info@bellamysrestaurant.co.uk,Bellamy's,Westminster,Mayfair,French,https://www.bellamysrestaurant.co.uk/,,venue website,openstreetmap,1,+44 20 7491 2727,18 Bruton Place,W1J 6LY,https://www.openstreetmap.org/way/605454270
reservations@bentleys.org,Bentley's,Westminster,Soho,Seafood,https://www.bentleys.org/,,venue website,openstreetmap,1,,,W1B 4DG,https://www.openstreetmap.org/way/290306916
orders@benugo.com,Benugo,Westminster,Mayfair,Cafe,https://www.benugo.com/,,venue website,openstreetmap,1,,,,https://www.openstreetmap.org/way/340427500
info@letsgotobibis.co.uk,Bibi's,Westminster,Soho,Cafe,https://letsgotobibis.co.uk/,,venue website,openstreetmap,2,,14/14A Golden Square,W1F 9JG,https://www.openstreetmap.org/node/594876703
b1@bistro1.co.uk,Bistro1,Westminster,Soho,French,https://www.bistro1.co.uk/,,venue website,openstreetmap,1,,27 Frith Street,W1D 5LE,https://www.openstreetmap.org/node/13968960250
reservations@theblacklock.com,Blacklock,Westminster,Soho,Steak,https://theblacklock.com/,hello@theblacklock.com,openstreetmap,openstreetmap,1,,24 Great Windmill Street,W1D 7LG,https://www.openstreetmap.org/node/4302224814
hello@theblacklock.com,Blacklock Chop House,Westminster,Covent Garden,Burger; Steak,https://theblacklock.com/,,venue website,openstreetmap,1,+44 20 3034 1394,16a Bedford Street,WC2E 9HE,https://www.openstreetmap.org/node/10589926005
liam@bleecker.co.uk,Bleecker,Westminster,Belgravia,Burger,https://bleeckerburger.co.uk/,,openstreetmap,openstreetmap,1,,205 Victoria Street,SW1E 5NE,https://www.openstreetmap.org/way/140334140
reservations@blueboarlondon.com,Blue Boar,Westminster,Westminster,Steak,https://blueboarlondon.com/,,venue website,openstreetmap,1,,41-47 Tothill Street,,https://www.openstreetmap.org/way/674563178
info@boccadilupo.com,Bocca Di Lupo,Westminster,Soho,Italian,https://www.boccadilupo.com/,,venue website,openstreetmap,1,,12 Archer Street,,https://www.openstreetmap.org/way/570606952
reservations@bocconcinorestaurant.co.uk,Bocconcino Mayfair,Westminster,Mayfair,Italian,https://bocconcinorestaurant.co.uk/mayfair,,openstreetmap,openstreetmap,1,+44 20 7499 4510,Berkeley Street,W1J 8ED,https://www.openstreetmap.org/node/12644933201
info@bombaybustle.com,Bombay Bustle,Westminster,Mayfair,Indian,https://www.bombaybustle.com/,,venue website,openstreetmap,1,+44 20 7290 4470,29 Maddox Street,,https://www.openstreetmap.org/node/5636440979
info@bombay-palace.co.uk,Bombay Palace,Westminster,Paddington,Indian,https://www.bombay-palace.co.uk/,,venue website,openstreetmap,1,+44 20 7723 8855,50 Connaught Street,W2 2AA,https://www.openstreetmap.org/node/5046858993
hello@bonedaddies.com,Bone Daddies,Westminster,Covent Garden,Asian; Japanese,https://bonedaddies.com/location/leicester-square/,enquiries@bonedaddies.com; communications@bonedaddies.com; people@bonedaddies.com; leicestersq@bonedaddies.com,venue website,openstreetmap,1,,35 Cranbourn Street,WC2H 7AD,https://www.openstreetmap.org/node/12712976283
shackfuyu@bonedaddies.com,Bone Daddies,Westminster,Soho,Asian; Japanese,https://www.bonedaddies.com/restaurant/shackfuyu/,,venue website,openstreetmap,1,+44 20 7734 7492,14a Old Compton Street,W1D 4TH,https://www.openstreetmap.org/way/157771346
hello@bonnebouche.co.uk,Bonne Bouche,Westminster,Paddington,Bakery,https://www.bonnebouche.co.uk/,ian@bonnebouche.co.uk; bonnebouchemarketing@gmail.com,venue website,openstreetmap,2,,131 Praed Street,W2 1RL,https://www.openstreetmap.org/way/155494889
info@botwa.co.uk,Botwa restaurant Notting Hill,Westminster,Bayswater,Asian,https://botwa.co.uk/,,openstreetmap,openstreetmap,1,+447709190000,115 Westbourne Grove,W2 4UP,https://www.openstreetmap.org/node/13005551001
reservations@brasseriezedel.com,Brasserie Zedel,Westminster,Soho,French,https://www.brasseriezedel.com/brasserie-zedel,,venue website,openstreetmap,1,+44 20 7734 4888,20 Sherwood Street,W1F 7ED,https://www.openstreetmap.org/node/2905800601
bookings@brewdog.com,Brewdog Paddington,Westminster,Paddington,Pub,https://drink.brewdog.com/uk/paddington,hello@brewdog.com,venue website,openstreetmap,1,,Unit 1 West End Quay,W2 1JX,https://www.openstreetmap.org/node/2492718707
info@briciole.co.uk,Briciole,Westminster,Paddington,Italian,https://briciole.co.uk/,,venue website,openstreetmap,1,,20 Homer Street,,https://www.openstreetmap.org/node/2506478282
info@bubblewrapwaffle.com,Bubblewrap Waffle,Westminster,Soho,Ice cream,https://www.bubblewrapwaffle.com/,,venue website,openstreetmap,1,,24 Wardour Street,W1D 6QJ,https://www.openstreetmap.org/node/4846261123
soho@burgerandbeyond.co.uk,Burger & Beyond,Westminster,Soho,Burger,https://www.burgerandbeyond.co.uk/,borough@burgerandbeyond.co.uk; shoreditch@burgerandbeyond.co.uk; brighton@burgerandbeyond.co.uk; marketing@burgerandbeyond.co.uk,openstreetmap,openstreetmap,1,,10 Old Compton Street,W1D 4TH,https://www.openstreetmap.org/way/157771413
bond.street@burgerandlobster.com,Burger & Lobster,Westminster,Mayfair,Burger; Seafood,https://www.burgerandlobster.com,events@burgerandlobster.com,openstreetmap,openstreetmap,1,+44 20 7495 8514,26 Binney Street,W1K 5BN,https://www.openstreetmap.org/node/4828959852
info@byronhamburgers.com,Byron,Westminster,Covent Garden,Burger,https://www.byronhamburgers.com,,venue website,openstreetmap,1,,33-35 Wellington Street,WC2E 7BN,https://www.openstreetmap.org/node/351771443
info@berut.co.uk,Bĕrūt Bistro,Westminster,Marylebone (also St Marylebone),French,https://www.berut.co.uk/,,openstreetmap,openstreetmap,1,+44 20 3457 6243,32 Paddington Street,W1U 4HE,https://www.openstreetmap.org/node/6339009273
cafelaville.fr@gmail.com,Cafe Laville,Westminster,Little Venice,Restaurant,https://www.cafelaville.co.uk,,venue website,openstreetmap,1,+44 20 7706 2620,453 Edgware Road,W2 1TH,https://www.openstreetmap.org/way/1089919603
marylebone@cafemurano.co.uk,Cafe Murano,Westminster,Marylebone (also St Marylebone),Italian,https://www.cafemurano.co.uk/restaurants/marylebone/,,openstreetmap,openstreetmap,1,+44 20 3848 9428,52-55 Dorset Street,W1U 7NQ,https://www.openstreetmap.org/node/6326648144
info@cafe-pacifico.com,Cafe Pacifico,Westminster,Covent Garden,Mexican,https://www.cafe-pacifico.com,,openstreetmap,openstreetmap,1,,5 Langley Street,WC2H 9JA,https://www.openstreetmap.org/node/659039058
info@spreadscafedeli.co.uk,Cafe Spreads,Westminster,St James's,Cafe,,,openstreetmap,openstreetmap,1,+44 20 7976 1630,15A Pall Mall,SW1Y 5LU,https://www.openstreetmap.org/node/4099966085
cafevictorialtd@gmail.com,Cafe Victoria,Westminster,Millbank,Cafe,,,openstreetmap,openstreetmap,1,+44 20 7828 2168,8A Artillery Row,SW1P 1RZ,https://www.openstreetmap.org/node/8940798146
soho@cafevins.com,Cafe Vins,Westminster,Soho,Cafe,https://www.cafevins.com/,,venue website,openstreetmap,1,,1 Marlborough Court,W1F 7RU,https://www.openstreetmap.org/way/272299395
office@caldesi.com,Caffe Caldesi,Westminster,Marylebone (also St Marylebone),Italian,https://www.caldesi.com/,lacucina@caldesi.com,venue website,openstreetmap,1,+44 20 7487 0753,118 Marylebone Lane,W1U 2QF,https://www.openstreetmap.org/way/249219836
trafalgersquare@caffeconcerto.co.uk,Caffe Concerto,Westminster,Covent Garden,Cafe,https://www.caffeconcerto.co.uk/,,openstreetmap,openstreetmap,1,+44 20 7494 6851,4-5 Northumberland Avenue,WC2N 5BW,https://www.openstreetmap.org/way/550944275
caffeinmayfair@gmail.com,Caffe In,Westminster,Mayfair,Cafe,,,openstreetmap,openstreetmap,1,+44 20 7493 6400,3 Shepherd Street,,https://www.openstreetmap.org/node/5938937293
hello@cafeciel.co.uk,Café Ciel,Westminster,Westminster,Cafe,https://cafeciel.co.uk/,,venue website,openstreetmap,1,,7 Horse Guards Avenue,SW1A 2EU,https://www.openstreetmap.org/way/1457455332
hello@carltontavern.co.uk,Carlton Tavern,Westminster,Queen's Park,Pub,https://carltontavern.co.uk/,,openstreetmap,openstreetmap,1,+44 20 7625 4760,33 Carlton Vale,NW6 5EU,https://www.openstreetmap.org/way/112528246
info@carousel-london.com,Carousel,Westminster,Soho,Restaurant,https://carousel-london.com/,,openstreetmap,openstreetmap,1,+44 20 7487 5564,19-23 Charlotte Street,W1T 1RL,https://www.openstreetmap.org/way/226909126
bookings@casamalevo.com,Casa Malevo,Westminster,Paddington,Restaurant,https://casamalevo.com/,,venue website,openstreetmap,1,+44 20 7402 1988,23 Connaught Street,,https://www.openstreetmap.org/node/6953176713
reservations@caskpubandkitchen.com,Cask,Westminster,Pimlico,Burger; Pub,https://www.caskpubandkitchen.com/,martin@caskpubandkitchen.com; peter@caskpubandkitchen.com; james@caskpubandkitchen.com; ben@caskpubandkitchen.com; freya@caskpubandkitchen.com,venue website,openstreetmap,1,,6 Charlwood Street,SW1V 2EE,https://www.openstreetmap.org/node/271387709
info@caxtongrill.co.uk,Caxton Grill,Westminster,Westminster,Restaurant,https://www.caxtongrill.co.uk/,,venue website,openstreetmap,1,+44 800 6521498,2 Caxton Street,SW1H 0QW,https://www.openstreetmap.org/node/2507612246
reservations@centanninw8.co.uk,Cent Anni,Westminster,St John's Wood,Restaurant,https://www.centanni.co.uk/st-johns-wood,,openstreetmap,openstreetmap,1,+44 20 7625 1222,21 Loudoun Road,NW8 0NB,https://www.openstreetmap.org/way/365916815
chequers@xln.co.uk,Chequers Sandwich Bar,Westminster,Covent Garden,Deli,,,openstreetmap,openstreetmap,1,+44 20 7836 6000,47 Bedford Street,WC2E 9HA,https://www.openstreetmap.org/way/558576332
hello@chestnutbakery.com,Chestnut Bakery,Westminster,Mayfair,Bakery,https://www.chestnutbakery.com/,joinus@chestnutbakery.com,venue website,openstreetmap,2,,162 Piccadilly,W1J 9ED,https://www.openstreetmap.org/way/290150381
coventgarden@chezantoinette.co.uk,Chez Antoinette,Westminster,Covent Garden,French,https://www.chezantoinette.co.uk/,bonjour@chezantoinette.co.uk,venue website,openstreetmap,1,+44 20 7240 9072,Covent Garden Piazza,,https://www.openstreetmap.org/node/4191784997
hello@thedelis.co.uk,Chiltern Street Deli,Westminster,Marylebone (also St Marylebone),Deli,https://www.thedelis.co.uk,,openstreetmap,openstreetmap,1,,27 Chiltern Street,W1U 7PJ,https://www.openstreetmap.org/node/2434611708
info@speak.co.uk,Chin Chin Dessert Club,Westminster,Soho,Ice cream,https://www.speak.co.uk/,jasmine.chambers@speak.co.uk,venue website,openstreetmap,1,,54 Greek Street,W1D 3DS,https://www.openstreetmap.org/node/13571511982
reservations@christophersgrill.com,Christopher's,Westminster,Covent Garden,American,https://www.christophersgrill.com/,,venue website,openstreetmap,1,,18 Wellington Street,WC2E 7DD,https://www.openstreetmap.org/way/196657752
hello@cinderrestaurant.co.uk,Cinder,Westminster,St John's Wood,Restaurant,https://www.cinderrestaurant.co.uk/,,venue website,openstreetmap,1,+44 20 36678500,5 St John's Wood High Street,NW8 7NG,https://www.openstreetmap.org/node/6535716224
info@clipstonerestaurant.co.uk,Clipstone,Westminster,Fitzrovia,Restaurant,https://clipstonerestaurant.co.uk/,,openstreetmap,openstreetmap,1,+44 20 7637 0871,5 Clipstone Street,W1W 6BB,https://www.openstreetmap.org/node/4696258590
enquiries@closmaggiore.com,Clos Maggiore,Westminster,Covent Garden,Italian,https://www.closmaggiore.com/,events@closmaggiore.com; bespokeevents@closmaggiore.com,venue website,openstreetmap,1,+44 20 7379 9696,33 King Street,WC2E 8JD,https://www.openstreetmap.org/node/972954121
7174@greeneking.co.uk,Coach and Horses,Westminster,Mayfair,Pub,https://www.greeneking-pubs.co.uk/pubs/greater-london/coach-horses-mayfair,,venue website,openstreetmap,1,,5 Bruton Street,W1J 6PT,https://www.openstreetmap.org/way/338696812
info@ichibanya.uk,CoCo Ichibanya,Westminster,Marylebone (also St Marylebone),Asian; Indian; Japanese,https://ichibanya.uk/,,venue website,openstreetmap,1,,39 James Street,W1U 1EB,https://www.openstreetmap.org/node/3730599391
hello@mycocotte.uk,Cocotte,Westminster,Bayswater,Restaurant,https://www.mycocotte.uk/,,venue website,openstreetmap,1,+44 20 3220 0076,95 Westbourne Grove,W2 4UW,https://www.openstreetmap.org/node/610923040
info@coffeeisland.co.uk,Coffee Island,Westminster,Covent Garden,Breakfast,https://www.coffeeisland.co.uk/,customers@coffeeisland.co.uk,venue website,openstreetmap,2,+44 20 7836 3007,5 Upper St Martin's Lane,,https://www.openstreetmap.org/node/4837173722
colbehlondon@gmail.com,Colbeh,Westminster,Paddington,Restaurant,https://www.colbeh.co.uk/,,venue website,openstreetmap,1,+44 20 7706 4888,6 Porchester Place,W2 2BS,https://www.openstreetmap.org/node/647512849
info@commonbreads.com,Common Breads,Westminster,Belgravia,Cafe,https://www.commonbreads.com/,catering@commonbreads.com,venue website,openstreetmap,1,,,,https://www.openstreetmap.org/node/13084910787
reservations@crockersfolly.com,Crocker's Folly,Westminster,St John's Wood,Restaurant,https://www.crockersfolly.com/,,openstreetmap,openstreetmap,1,+44 20 7289 9898,24 Aberdeen Place,NW8 8JR,https://www.openstreetmap.org/way/364962956
hello@cromelondon.com,Crome London,Westminster,Marylebone (also St Marylebone),Breakfast,https://www.cromelondon.com/,alexandria@cromelondon.com,venue website,openstreetmap,1,,36 James Street,W1U 1ES,https://www.openstreetmap.org/way/217979777
contact@cuppluslid.com,Cup+Lid,Westminster,Mayfair,Cafe,https://www.cuppluslid.com/,,venue website,openstreetmap,1,,10 Gee's Court,,https://www.openstreetmap.org/way/217841714
info@caytrerestaurant.co.uk,Cây Tre,Westminster,Soho,Asian,https://www.caytrerestaurant.co.uk/locations/soho,,venue website,openstreetmap,1,+44 20 7317 9118,42-43 Dean Street,W1D 4QA,https://www.openstreetmap.org/node/13571511912
info@the-berkeley.co.uk,Cédric Grolet at The Berkeley,Westminster,Belgravia,Bakery,https://www.the-berkeley.co.uk/restaurants-bars/cedric-grolet-at-the-berkeley/?utm_source=google&utm_medium=organic&utm_campaign=local_gmb,cgenquiries@the-berkeley.co.uk; cedricgrolet@the-berkeley.co.uk,venue website,openstreetmap,1,,,,https://www.openstreetmap.org/node/10091714836
stmartinslane@cote.co.uk,Côte Brasserie,Westminster,Covent Garden,French,https://www.cote.co.uk/restaurant/st-martins-lane/,,venue website,openstreetmap,1,+44 20 7379 9747,50-51 St Martin's Lane,WC2N 4EA,https://www.openstreetmap.org/way/160683909
info@d1coffee.co.uk,D1 Coffee,Westminster,Little Venice,Cafe,https://d1coffee.co.uk,,openstreetmap,openstreetmap,1,,1d Aberdeen Place,,https://www.openstreetmap.org/node/4488489852
info@dapaolo.co.uk,Da Paolo,Westminster,Fitzrovia,Italian,https://www.dapaolo.co.uk/,,venue website,openstreetmap,1,+44 20 7580 0021,3 Charlotte Place,W1T 1SD,https://www.openstreetmap.org/node/366999013
reservations@darjeeling-express.com,Darjeeling Express,Westminster,Soho,Indian,https://www.darjeeling-express.com/,info@darjeeling-express.com,openstreetmap,openstreetmap,1,+44 20 33753772,Kingly Court,W1B 5PW,https://www.openstreetmap.org/node/10735133507
info@davy.co.uk,Davy's,Westminster,St James's,Pub,https://www.davy.co.uk/,,venue website,openstreetmap,1,+44 20 7839 8831,Crown Passage,SW1Y 6QY,https://www.openstreetmap.org/node/675808547
delfino@delfinomayfair.com,Delfino,Westminster,Mayfair,Pizza,https://www.finos.co.uk/,,venue website,openstreetmap,1,,121a Mount Street,,https://www.openstreetmap.org/way/342406616
info@thedevonshirepub.co.uk,Devonshire Arms,Westminster,Marylebone (also St Marylebone),Pub,https://thedevonshirepub.co.uk/,,venue website,openstreetmap,1,,7 Duke Street,W1U 3EE,https://www.openstreetmap.org/way/110479652
info@dhaba49.com,Dhaba@49,Westminster,Maida Vale,Indian,https://dhaba49.com/,,venue website,openstreetmap,1,+44 20 3489 2424,49 Chippenham Road,W9 2AH,https://www.openstreetmap.org/node/2639537232
reservations@dinings.co.uk,Dinings,Westminster,Paddington,Asian; Japanese,https://dinings.co.uk/,info@dinings.co.uk,venue website,openstreetmap,1,,22 Harcourt Street,,https://www.openstreetmap.org/node/371188295
info@dirty-bones.com,Dirty Bones,Westminster,Soho,BBQ,https://dirty-bones.com/,,venue website,openstreetmap,2,+44 20 7920 6434,Kingly Court,W1B 5PW,https://www.openstreetmap.org/node/4668146655
info@diwanrestaurant.co.uk,Diwan,Westminster,Marylebone (also St Marylebone),Restaurant,https://diwanrestaurant.co.uk/,,venue website,openstreetmap,1,,31 Thayer Street,,https://www.openstreetmap.org/way/350328152
reservations@donpepe.co.uk,Don Pepe,Westminster,Little Venice,Spanish,https://www.donpepe.co.uk/,,venue website,openstreetmap,1,+44 20 7262 3834,99 Frampton Street,,https://www.openstreetmap.org/node/6497046109
info@doniarestaurant.com,Donia,Westminster,Soho,Asian,https://www.doniarestaurant.com/,,venue website,openstreetmap,1,,2.14 Kingly Court,W1B 5PW,https://www.openstreetmap.org/node/12593321501
squad@donutelier.co.uk,Donutelier,Westminster,Covent Garden,Donuts,https://donutelier.co.uk/,,venue website,openstreetmap,1,,48-50 Charing Cross Road,WC2H 0BB,https://www.openstreetmap.org/node/4821896129
info@drunch.co.uk,Drunch,Westminster,Fitzrovia,Restaurant,https://www.drunch.co.uk/oxford-circus,,venue website,openstreetmap,2,+447519282898,71 Great Titchfield Street,W1W 6RB,https://www.openstreetmap.org/way/40835928
restaurant@ducksoupsoho.co.uk,Ducksoup,Westminster,Soho,Asian,https://www.ducksoupsoho.co.uk/,,venue website,openstreetmap,1,+44 20 7287 4599,41 Dean Street,W1D 4PY,https://www.openstreetmap.org/node/13571511911
info@thedukeofargyll.co.uk,Duke of Argyll,Westminster,Soho,Pub,https://thedukeofargyll.co.uk/,contact-info@thedukeofargyll.co.uk,venue website,openstreetmap,1,+44 20 7437 6819,37 Brewer Street,W1F 0RY,https://www.openstreetmap.org/node/12988179262
thedukew1@hotmail.co.uk,Duke of Wellington,Westminster,Soho,Pub,https://www.dukeofwellingtonsoho.co.uk/london,,openstreetmap,openstreetmap,1,+44 20 7439 1274,77 Wardour Street,W1D 6QA,https://www.openstreetmap.org/way/157779556
7184@greeneking.co.uk,Duke of York,Westminster,Mayfair,Pub,https://www.greeneking-pubs.co.uk/pubs/greater-london/duke-of-york,,venue website,openstreetmap,1,+44 20 7629 0319,8 Dering Street,,https://www.openstreetmap.org/way/249211263
enquiries.ekstedt@greatscotlandyard.com,Ekstedt at The Yard,Westminster,Westminster,Restaurant,https://www.ekstedtattheyard.com/,,openstreetmap,openstreetmap,1,+44 20 7925 4749,3-5 Great Scotland Yard,SW1A 2HN,https://www.openstreetmap.org/node/12241232962
dine@elpirata.co.uk,El Pirata,Westminster,Mayfair,Spanish,https://www.elpirata.co.uk/,,venue website,openstreetmap,1,,5 Down Street,W1J 7AQ,https://www.openstreetmap.org/node/2581331174
info@theelgin.com,Elgin,Westminster,Maida Vale,Pub,https://www.theelgin.com/,events@theelgin.com,openstreetmap,openstreetmap,1,+44 20 7625 5511,255 Elgin Avenue,W9 1NJ,https://www.openstreetmap.org/way/360905405
info@engawa.london,Engawa,Westminster,Soho,Asian; Japanese,https://www.engawa.london/,,venue website,openstreetmap,1,+44 20 7287 5724,,,https://www.openstreetmap.org/node/3552157993
belsizepark@euphorium.uk.com,Euphorium,Westminster,Mayfair,Cafe,https://euphorium.uk.com/,hampsteadheath@euphorium.uk.com; highbury@euphorium.uk.com,venue website,openstreetmap,1,+44 20 3637 8386,23 Barrett Street,W1U 1BF,https://www.openstreetmap.org/way/107039267
info@fallowrestaurant.com,Fallow,Westminster,St James's,Restaurant,https://fallowrestaurant.com/,,venue website,openstreetmap,1,+44 20 8017 1788,52 Haymarket,SW1Y 4RP,https://www.openstreetmap.org/node/11049433805
hello@farmacylondon.com,Farmacy,Westminster,Bayswater,Restaurant,https://www.farmacylondon.com/,,venue website,openstreetmap,1,,74 Westbourne Grove,W2 5SH,https://www.openstreetmap.org/node/535956143
soho@fathippo.co.uk,Fat Hippo Soho,Westminster,Soho,Burger,https://fathippo.co.uk/locations/soho/,birmingham@fathippo.co.uk; cardiff@fathippo.co.uk; durham@fathippo.co.uk; edinburgh@fathippo.co.uk; glasgow@fathippo.co.uk; headingley@fathippo.co.uk; leeds@fathippo.co.uk; liverpool@fathippo.co.uk; newcastle@fathippo.co.uk; jesmond@fathippo.co.uk; nottingham@fathippo.co.uk; york@fathippo.co.uk,openstreetmap,openstreetmap,1,+442080502896,68-70 Wardour Street,W1F 0TB,https://www.openstreetmap.org/node/11786344696
reservations@fattpundit.co.uk,Fatt Pundit,Westminster,Soho,Restaurant,https://www.fattpundit.co.uk/soho/,,venue website,openstreetmap,1,+44 20 7287 7900,77 Berwick street,W1F 8TH,https://www.openstreetmap.org/node/9170562456
info@festok.london,Festok,Westminster,Marylebone (also St Marylebone),Ice cream,https://www.festok.london/,,venue website,openstreetmap,1,,14A St. Christopher's Place,W1U 1NH,https://www.openstreetmap.org/way/664789308
hello.firebirdlondon@gmail.com,Firebird,Westminster,Soho,Restaurant,https://firebirdlondon.co.uk,hello@firebirdlondon.co.uk,openstreetmap,openstreetmap,1,+44 7713 737813,29 Poland Street,W1F 8QR,https://www.openstreetmap.org/way/475721710
reservations@fischers.co.uk,Fischer's,Westminster,Marylebone (also St Marylebone),Restaurant,https://www.fischers.co.uk/,,venue website,openstreetmap,1,+44 20 7466 5501,50 Marylebone High Street,W1U 5HN,https://www.openstreetmap.org/node/4690917091
coventgarden@fishworks.co.uk,Fish Works,Westminster,Covent Garden,Seafood,https://www.fishworks.co.uk/,,venue website,openstreetmap,2,+44 20 7240 4999,2-4 Catherine Street,WC2B 5JS,https://www.openstreetmap.org/way/81071477
flatwhiteberwick@gmail.com,Flat White,Westminster,Soho,Breakfast,https://www.flatwhitesoho.co.uk/,,venue website,openstreetmap,1,+44 20 7734 0370,17 Berwick Street,W1F 0PT,https://www.openstreetmap.org/way/156620024
paddington@flavorsofindia.co.uk,Flavors Of India,Westminster,Paddington,Indian,https://www.flavorsofindia.co.uk/,hounslow@flavorsofindia.co.uk,venue website,openstreetmap,1,,46 Gloucester Terrace,,https://www.openstreetmap.org/way/344137356
info@flocafe.gr,Flocafe,Westminster,Mayfair,Cafe,https://www.flocafe.gr/en/,,venue website,openstreetmap,1,,40 South Molton Street,,https://www.openstreetmap.org/node/5776254460
reservations@foleysrestaurant.co.uk,Foley's,Westminster,Fitzrovia,Restaurant,https://foleysrestaurant.co.uk/,,venue website,openstreetmap,1,,23 Foley Street,,https://www.openstreetmap.org/node/6172166086
roastery@formative.coffee,Formative Coffee,Westminster,Westminster,Cafe,https://formative.coffee/,,venue website,openstreetmap,1,,4 Butler Place,SW1H 0RH,https://www.openstreetmap.org/way/677885020
info@fortydeanstreet.com,Forty Dean Street,Westminster,Soho,Italian,https://www.fortydeanstreet.com/,,venue website,openstreetmap,1,+44 20 7734 1853,40 Dean Street,W1D 4PX,https://www.openstreetmap.org/node/13571511909
info@fowlrestaurant.com,FOWL,Westminster,St James's,Restaurant,https://fowlrestaurant.com/,,venue website,openstreetmap,1,,3 Norris Street,SW1Y 4RJ,https://www.openstreetmap.org/node/4888948829
info@freejswalieh.com,Freej Swalieh,Westminster,Knightsbridge,Restaurant,https://www.freejswalieh.com/,,venue website,openstreetmap,1,,86 Brompton Road,SW3 1ER,https://www.openstreetmap.org/node/3357928868
frenchhousereservations@gmail.com,French House,Westminster,Soho,French; Pub,https://www.frenchhousesoho.com/,enquiries@frenchhousesoho.com,openstreetmap,openstreetmap,1,,49 Dean Street,W1D 5BG,https://www.openstreetmap.org/way/280985110
reservations@frenchiecoventgarden.com,Frenchie Covent Garden,Westminster,Covent Garden,French,https://frenchiecoventgarden.com/,,openstreetmap,openstreetmap,1,+44 20 7836 4422,16 Henrietta Street,WC2E 8QH,https://www.openstreetmap.org/node/969138215
info@frogbyadamhandling.com,Frog by Adam Handling,Westminster,Covent Garden,Restaurant,https://www.frogbyadamhandling.com/,,openstreetmap,openstreetmap,1,+44 20 7199 8370,34-38 Southampton Street,WC2E 7HG,https://www.openstreetmap.org/node/5943507485
enquiries@fuwafuwa.co.uk,Fuwa Fuwa Cafe,Westminster,Soho,Asian; Breakfast; Japanese,https://www.fuwafuwa.co.uk/,work@fuwafuwa.co.uk; franchise@fuwafuwa.co.uk,venue website,openstreetmap,1,,57a Dean Street,W1D 6AJ,https://www.openstreetmap.org/node/13927689501
reservations@galvinatwindows.com,Galvin at Windows,Westminster,Mayfair,French,https://www.galvinatwindows.com/,,openstreetmap,openstreetmap,1,+44 20 7208 4021,22 Park Lane,W1K 1BE,https://www.openstreetmap.org/node/5970915399
whitehall@caffeconcerto.co.uk,Grand Caffe Concerto,Westminster,Westminster,Restaurant,https://www.caffeconcerto.co.uk/,,openstreetmap,openstreetmap,1,+44 20 7494 6846,43 Whitehall,SW1A 2BX,https://www.openstreetmap.org/way/547522397
reservations@grassosoho.com,Grasso,Westminster,Soho,Italian,https://grassosoho.com/,,venue website,openstreetmap,1,,81 Dean Street,,https://www.openstreetmap.org/node/11971987232
contact@grumblesrestaurant.co.uk,Grumbles,Westminster,Pimlico,Restaurant,https://www.grumblesrestaurant.co.uk,,openstreetmap,openstreetmap,1,+44 20 7834 0149,35 Churton Street,SW1V 2LT,https://www.openstreetmap.org/way/332950906
info@guinness.com,Guinness Open Gate Brewery London,Westminster,Covent Garden,Pub,https://opengatelondon.guinness.com/en,,venue website,openstreetmap,1,,1 Mercer Walk,,https://www.openstreetmap.org/way/485638354
info@hrhiggins.co.uk,H.R. Higgins,Westminster,Mayfair,Breakfast,https://www.hrhiggins.co.uk/,,venue website,openstreetmap,1,+44 20 7629 3913,79 Duke Street,W1K 5AS,https://www.openstreetmap.org/node/462025234
halfwaytoheaven.london@stonegatepubs.com,Halfway II Heaven,Westminster,Covent Garden,Pub,https://www.halfway2heaven.net/london,,openstreetmap,openstreetmap,1,+44 20 7484 0736,7 Duncannon Street,WC2N 4JF,https://www.openstreetmap.org/node/246519847
bookings@happyrestaurants.com,HAPPY,Westminster,Soho,Burger; Seafood,https://happyrestaurants.com/,info@happyrestaurants.com,venue website,openstreetmap,1,+44 20 3883 7874,25-29 Coventry Street,W1D 7AG,https://www.openstreetmap.org/node/348905523
london_reception@hardrock.com,Hard Rock Cafe,Westminster,Mayfair,American,https://cafe.hardrock.com/london/,london_social@hardrock.com; london_events@hardrock.com; london.events@hardrock.com; giada.sisti@hardrock.com,openstreetmap,openstreetmap,1,+44 20 7514 1700,150 Old Park Lane,W1K 1QZ,https://www.openstreetmap.org/node/540705964
appsupport@harrisandhoole.co.uk,Harris + Hoole,Westminster,Fitzrovia,Breakfast,https://www.harrisandhoole.co.uk/,,venue website,openstreetmap,1,,136-138 New Cavendish Street,,https://www.openstreetmap.org/node/6174356688
reception@harrysbar.co.uk,Harry's Bar,Westminster,Mayfair,Italian,https://www.harrysbar.co.uk/,membership@harrysbar.co.uk,venue website,openstreetmap,1,+44 20 7408 0844,26 South Audley Street,W1K 2PD,https://www.openstreetmap.org/way/342206344
info@hatchbistro.com,Hatch 77,Westminster,Pimlico,Restaurant,https://hatchbistro.com/pimlico/,,venue website,openstreetmap,1,,77 Wilton Road,SW1V 1DE,https://www.openstreetmap.org/way/447844767
heddonstreetkitchen@gordonramsay.com,Heddon Street Kitchen,Westminster,Soho,Restaurant,https://www.gordonramsayrestaurants.com/heddon-street-kitchen/,,openstreetmap,openstreetmap,1,+44 20 7592 1212,3-9 Heddon Street,W1B 4BD,https://www.openstreetmap.org/way/96237041
staff.yokocho@japancentre.com,Heddon Yokocho,Westminster,St James's,Asian; Japanese,https://www.sakaguralondon.com,,openstreetmap,openstreetmap,1,+44 20 3405 7230,8 Heddon Street,,https://www.openstreetmap.org/node/5658171070
hello@heistbank.com,Heist Bank,Westminster,Paddington,Pizza; Pub,https://www.heistbank.com/,events@heistbank.com,venue website,openstreetmap,1,+44 20 7723 8080,5 North Wharf Road,W2 1LA,https://www.openstreetmap.org/node/4810177421
eat@henriettahotel.com,Henrietta Bistro,Westminster,Covent Garden,French,https://www.henriettahotel.com/,sleep@henriettahotel.com,openstreetmap,openstreetmap,1,+44 20 3794 5314,14-15 Henrietta Street,WC2E 8QH,https://www.openstreetmap.org/node/7176248885
reservations@hide.co.uk,HIDE,Westminster,Mayfair,Restaurant,https://www.hide.co.uk/,info@hide.co.uk,venue website,openstreetmap,1,,85 - 87 Piccadilly,W1J 7NB,https://www.openstreetmap.org/node/540705941
info@hobsonsfishandchips.com,Hobson's Fish & Chips,Westminster,Soho,Seafood,https://hobsonsfishandchips.com,,venue website,openstreetmap,2,+44 20 7287 3704,27-28 St. Anne's Court,W1F 0BN,https://www.openstreetmap.org/way/275102864
info@homeslicepizza.co.uk,Homeslice,Westminster,Fitzrovia,Pizza,https://www.homeslicepizza.co.uk/,,venue website,openstreetmap,1,+44 20 3151 9273,52 Wells Street,W1T 3PR,https://www.openstreetmap.org/node/692129403
bookings@hongkongbuffet.org.uk,Hong Kong Buffet,Westminster,Covent Garden,Asian; Chinese,https://hongkongbuffet.org.uk,,venue website,openstreetmap,1,+44 20 7434 4127,16 Lisle Street,WC2H 7BE,https://www.openstreetmap.org/way/995869096
reservations@hopperslondon.com,Hoppers,Westminster,Marylebone (also St Marylebone),Indian,https://www.hopperslondon.com,,openstreetmap,openstreetmap,1,+44 20 3319 8110,77 Wigmore Street,W1U 1QE,https://www.openstreetmap.org/node/5285614573
hello@humblechickenuk.com,Humble Chicken,Westminster,Soho,Asian; Japanese,https://humblechickenuk.com/,,openstreetmap,openstreetmap,1,,54 Frith Street,W1D 4SL,https://www.openstreetmap.org/way/280997365
pimlico@iberiarestaurant.co.uk,Iberia Georgian Restaurant,Westminster,Pimlico,Restaurant,https://www.iberiarestaurant.co.uk/,islington@iberiarestaurant.co.uk,openstreetmap,openstreetmap,1,+44 20 78211771,3 Lupus Street,SW1V 3AS,https://www.openstreetmap.org/way/542749860
info@ica.art,ICA Café Bar,Westminster,St James's,Cafe,https://www.ica.art/,'comms@ica.art,openstreetmap,openstreetmap,1,,,,https://www.openstreetmap.org/node/5039987594
kenichi_ikeda@hotmail.co.uk,Ikeda,Westminster,Mayfair,Asian; Japanese,https://www.ikedarestaurant.com/,,venue website,openstreetmap,1,,30 Brook Street,,https://www.openstreetmap.org/node/5780658521
ilblandfords@gmail.com,Il Blandford`s,Westminster,Marylebone (also St Marylebone),Italian,https://www.ilblandfords.co.uk/,,venue website,openstreetmap,1,,65 Chiltern Street,,https://www.openstreetmap.org/node/852122514
hello@imadssyriankitchen.co.uk,Imad's Syrian Kitchen,Westminster,Soho,Restaurant,https://www.imadssyriankitchen.co.uk/,,venue website,openstreetmap,1,+44 20 7434 2448,Kingly Court,W1B 5PW,https://www.openstreetmap.org/node/5009334241
landlord@inn1888marylebone.co.uk,Inn 1888,Westminster,Marylebone (also St Marylebone),Pub,https://inn1888marylebone.co.uk/,,venue website,openstreetmap,1,,21a Devonshire Street,W1G 6PD,https://www.openstreetmap.org/way/671497302
reservations@isabelw1.london,Isabel,Westminster,Mayfair,Restaurant,https://www.isabelw1.london/,,venue website,openstreetmap,1,+44 20 3096 9292,26 Albemarle Street,,https://www.openstreetmap.org/way/339608801
aloha@islandpoke.co.uk,Island Poké,Westminster,Soho,Takeaway,https://islandpoke.co.uk/,,venue website,openstreetmap,1,,8 Kingly Street,W1B 5PQ,https://www.openstreetmap.org/node/5111046410
marketing@bistroistanbul.com,Istanbul Cafe & Bistro,Westminster,Fitzrovia,American; Breakfast; French; Halal; Seafood,https://bistroistanbul.com/,,venue website,openstreetmap,1,+44 20 7580 9142,Great Portland Street,W1W 5PW,https://www.openstreetmap.org/node/4327900878
hello@itsallgreektome.london,It's All Greek to Me,Westminster,Paddington,Greek,https://itsallgreektome.london/,,venue website,openstreetmap,1,+44 20 7402 5505,101 Praed Street,,https://www.openstreetmap.org/node/6884120302
info@jaffacorner.co.uk,Jaffa Corner,Westminster,Paddington,Cafe,https://jaffacorner.co.uk/,,venue website,openstreetmap,1,+44 20 7706 8118,195-197 Edgware Road,W2 1EY,https://www.openstreetmap.org/node/6873711108
reservations@jamieolivercatherinest.com,Jamie Oliver Catherine St,Westminster,Covent Garden,Restaurant,https://www.jamieolivercatherinest.com/,events@jamieolivercatherinest.com,venue website,openstreetmap,1,+44 20 3084 7565,6 Catherine Street,WC2B 5JY,https://www.openstreetmap.org/node/11991996950
contact@jikonilondon.com,Jikoni,Westminster,Marylebone (also St Marylebone),Restaurant,https://jikonilondon.com/,,venue website,openstreetmap,1,,19-21 Blandford Street,,https://www.openstreetmap.org/node/6313634653
thejuggedhare@fullers.co.uk,Jugged Hare,Westminster,Pimlico,Pub,https://www.juggedharevictoria.co.uk/,,openstreetmap,openstreetmap,1,+44 20 7828 1543,172 Vauxhall Bridge Road,SW1V 1DX,https://www.openstreetmap.org/way/116957518
musterihizmetleri@kahvedunyasi.com,Kahve Dünyası,Westminster,Soho,Breakfast,https://www.kahvedunyasi.co.uk/,,venue website,openstreetmap,1,,200 Piccadilly,W1J 9HU,https://www.openstreetmap.org/way/290321024
reservations@kaimayfair.co.uk,Kai Mayfair,Westminster,Mayfair,Asian; Chinese,https://www.kaimayfair.co.uk/,newsletters@kaimayfair.co.uk,venue website,openstreetmap,1,+44 20 7493 8988,65 South Audley Street,,https://www.openstreetmap.org/node/5855830148
kazan.sw1@gmail.com,Kazan,Westminster,Pimlico,Restaurant,https://www.kazan-restaurant.com,,openstreetmap,openstreetmap,1,+44 20 7233 7100,93-94 Wilton Road,SW1V 1DW,https://www.openstreetmap.org/way/272593912
reservation@kibelerestaurant.com,Kibele Restaurant & Bar,Westminster,Fitzrovia,Breakfast; Halal; Seafood; Steak,https://www.kibele.co.uk/,,openstreetmap,openstreetmap,1,+44 20 7436 0600,175-177 Great Portland Street,W1W 5PJ,https://www.openstreetmap.org/node/2778336243
kikumayfair@kikurestaurant.co.uk,Kiku,Westminster,Mayfair,Asian; Japanese,https://www.kikurestaurant.co.uk/,,venue website,openstreetmap,1,+44 20 7499 4208,17 Half Moon Street,W1J 7BE,https://www.openstreetmap.org/node/690719946
bookings@kilnsoho.com,Kiln,Westminster,Soho,Asian,https://www.kilnsoho.com/,events@kilnsoho.com,venue website,openstreetmap,1,,58 Brewer Street,W1F 9TL,https://www.openstreetmap.org/node/466926237
info@kissthehippo.com,Kiss the Hippo,Westminster,Soho,Breakfast,https://kissthehippo.com/,,venue website,openstreetmap,2,+44 20 7580 2547,51 Margaret Street,W1W 8SG,https://www.openstreetmap.org/node/3637713284
bookings@kittyfishers.com,Kitty Fisher's,Westminster,Mayfair,Seafood,https://www.kittyfishers.com/,info@kittyfishers.com; work@kittyfishers.com,venue website,openstreetmap,1,+44 20 3302 1661,10 Shepherd Market,W1J 7QF,https://www.openstreetmap.org/node/622535978
contact@kolrestaurant.com,KOL,Westminster,Marylebone (also St Marylebone),Mexican,https://kolrestaurant.com/,,venue website,openstreetmap,1,+44 20 3829 6888,9 Seymour Street,W1H 7BA,https://www.openstreetmap.org/node/8027864390
hello@kolamba.co.uk,Kolamba,Westminster,Soho,Indian,https://kolamba.co.uk/,joinus@kolamba.co.uk,venue website,openstreetmap,1,+44 20 3815 4201,21 Kingly Street,,https://www.openstreetmap.org/way/583080639
info@kottasushi.co.uk,Kotta Sushi,Westminster,St John's Wood,Asian; Japanese; Sushi,http://www.kottasushi.co.uk,,openstreetmap,openstreetmap,1,+44 20 7624 1031,1 Violet Hill,NW8 9EB,https://www.openstreetmap.org/node/9010216119
bar@koya.co.uk,Koya,Westminster,Soho,Asian; Japanese,https://www.koya.co.uk/,office@koya.co.uk; koyamail@koya.co.uk,openstreetmap,openstreetmap,1,,50 Frith Street,W1D 4SQ,https://www.openstreetmap.org/way/280997373
soho@keudeli.co.uk,Kêu,Westminster,Soho,Asian,https://keudeli.co.uk,,openstreetmap,openstreetmap,1,+44 20 7439 8188,9 Poland Street,W1F 8PY,https://www.openstreetmap.org/way/477598222
info@anticapizzeriadamichele.co.uk,L'Antica Pizzeria da Michele,Westminster,Marylebone (also St Marylebone),Pizza,https://www.anticapizzeriadamichele.co.uk/,,openstreetmap,openstreetmap,2,+44 20 7935 6458,199 Baker Street,NW1 6UY,https://www.openstreetmap.org/node/6424675172
info@lescargotrestaurant.co.uk,L'Escargot,Westminster,Soho,French,https://www.lescargot.co.uk/,info@lescargot.co.uk; events@lescargot.co.uk,openstreetmap,openstreetmap,1,+44 20 7439 7474,48 Greek Street,W1D 4EF,https://www.openstreetmap.org/node/13571496072
reservations@labrasseria.com,La Brasseria Milanese,Westminster,Marylebone (also St Marylebone),Italian,https://www.labrasseria.com/,,venue website,openstreetmap,1,,42 Marylebone High Street,,https://www.openstreetmap.org/way/148871605
online@lafromagerie.co.uk,La Fromagerie,Westminster,Marylebone (also St Marylebone),Deli,https://www.lafromagerie.co.uk/,marylebone@lafromagerie.co.uk,venue website,openstreetmap,1,+44 20 7935 0341,2-6 Moxon Street,W1U 4EW,https://www.openstreetmap.org/way/276055548
lamasseriauk@gmail.com,La Masseria,Westminster,Marylebone (also St Marylebone),Italian,,,openstreetmap,openstreetmap,1,+44 20 7535 8575,69 Upper Berkeley Street,W1H 7QZ,https://www.openstreetmap.org/node/452168104
laksamania2018@outlook.com,Laksamania,Westminster,Soho,Asian,https://laksamania.co.uk/,,venue website,openstreetmap,1,+44 20 7637 9888,92 Newman Street,W1T 3EZ,https://www.openstreetmap.org/node/5899373585
shop@lavellecoffee.com,Lavelle,Westminster,Soho,Cafe,https://lavellecoffee.com/menu,,venue website,openstreetmap,1,,38 Rathbone Place,,https://www.openstreetmap.org/node/12798084428
info@levieuxcomptoir.co.uk,Le Vieux Comptoir,Westminster,Marylebone (also St Marylebone),French,https://www.levieuxcomptoir.co.uk/,,venue website,openstreetmap,1,+44 20 7224 0303,26-28 Moxon Street,W1U 4EU,https://www.openstreetmap.org/node/2434621099
feedme@lebaneats.co.uk,LebanEats,Westminster,Mayfair,Restaurant,https://www.lebaneats.co.uk/,,venue website,openstreetmap,1,,18 Lansdowne Row,,https://www.openstreetmap.org/way/339627270
hello@liveli.co.uk,Li Veli,Westminster,Covent Garden,Restaurant,https://www.liveli.co.uk/,,venue website,openstreetmap,1,+44 20 7240 8163,69 Long Acre,WC2E 9JS,https://www.openstreetmap.org/way/988767806
reservations@litamarylebone.com,Lita Marylebone,Westminster,Marylebone (also St Marylebone),Restaurant,https://litamarylebone.com,enquiries@litamarylebone.com,venue website,openstreetmap,1,,7-9 Paddington Street,W1U 5QH,https://www.openstreetmap.org/node/10069143844
info@littleitalysoho.co.uk,Little Italy,Westminster,Soho,Restaurant,https://littleitalysoho.co.uk/,,venue website,openstreetmap,1,+44 20 7734 4737,21 Frith Street,W1D 4RN,https://www.openstreetmap.org/node/639122288
info@locandalocatelli.com,Locanda Locatelli,Westminster,Marylebone (also St Marylebone),Restaurant,http://www.locandalocatelli.com/,,openstreetmap,openstreetmap,1,+44 20 7935 9088,8 Seymour Street,W1H 7JZ,https://www.openstreetmap.org/node/2305803802
locomexicanovictoria@gmail.com,Loco Mexicano,Westminster,Pimlico,Mexican,https://www.locomexicano.co.uk/,,venue website,openstreetmap,1,+44 20 7931 7325,"64-65 Wilton Rd, Victoria, London",,https://www.openstreetmap.org/node/10858720672
info@lowlander.com,Lowlander Grand Cafe,Westminster,Covent Garden,Restaurant,https://www.lowlander.com/,,openstreetmap,openstreetmap,1,+44 20 7379 7446,36 Drury Lane,WC2B 5RR,https://www.openstreetmap.org/way/98535866
info@mahal.co.uk,Mahal,Westminster,Paddington,Indian,https://mahal.co.uk/,,venue website,openstreetmap,1,,138 Edgware Road,W2 2DZ,https://www.openstreetmap.org/node/519175230
info@mandiralondon.com,Mandira,Westminster,Covent Garden,Cafe,http://www.mandiralondon.com/,,openstreetmap,openstreetmap,1,,78B Long Acre,WC2E 9NG,https://www.openstreetmap.org/node/5180399561
editor@thenudge.com,mareida,Westminster,Fitzrovia,Restaurant,https://thenudge.com/london-restaurants/mareida/,advertising@thenudge.com; members@thenudge.com; neil@thenudge.com; partnerships@thenudge.com,venue website,openstreetmap,1,,160 Great Portland Street,W1W 5QA,https://www.openstreetmap.org/node/13381986348
info@maresco.co.uk,Maresco,Westminster,Soho,Spanish,https://www.maresco.co.uk/,,venue website,openstreetmap,1,,45 Berwick Street,W1F 8SF,https://www.openstreetmap.org/way/159482792
coventgarden@masalazone.com,Masala Zone,Westminster,Covent Garden,Indian,https://www.masalazone.com/locations/covent-garden/,,venue website,openstreetmap,1,,48 Floral Street,WC2E 9DS,https://www.openstreetmap.org/way/559946419
bookings@maset.london,Maset,Westminster,Marylebone (also St Marylebone),French,https://www.maset.london/,,openstreetmap,openstreetmap,1,+44 20 3822 0808,40-42 Chiltern Street,W1U 7QN,https://www.openstreetmap.org/node/12971974585
aloha@mauipoke.co.uk,Maui Poke,Westminster,Fitzrovia,Restaurant,https://www.mauipoke.co.uk/,,venue website,openstreetmap,1,,20A Gosfield Street,W1W 6HF,https://www.openstreetmap.org/way/432267240
bookings@maxwells.co.uk,Maxwell‘s Bar & Grill,Westminster,Covent Garden,American; Burger,https://www.maxwells.co.uk/,,venue website,openstreetmap,1,+44 20 7836 0303,34 King Street,,https://www.openstreetmap.org/node/6573224785
reservations@mayfairkitchen.co.uk,May Fair Kitchen,Westminster,Mayfair,Restaurant,https://www.mayfairkitchen.co.uk/,groupsdining@mayfairkitchen.co.uk,venue website,openstreetmap,1,,,,https://www.openstreetmap.org/node/5921940110
contact@mayfairgarden.co.uk,Mayfair Garden,Westminster,Mayfair,Asian; Chinese,https://mayfairgarden.co.uk/,,venue website,openstreetmap,1,,8-10 North Audley Street,W1K 6ZD,https://www.openstreetmap.org/node/1342102318
01495@uk.mcd.com,McDonald's,Westminster,Covent Garden,Burger,https://www.mcdonalds.com/gb/en-gb/location/city-of-westminster/leicester-square/48-leicester-square/8261495.html,,openstreetmap,openstreetmap,1,+44 20 7930 9442,48 Leicester Square,WC2H 7LU,https://www.openstreetmap.org/node/5060805697
info@meatliquor.com,Meat Liquor,Westminster,Soho,Burger,https://meatliquor.com/restaurant/meatliquor-w1/,w1@meatliquor.com; howdy@meatliquor.com,openstreetmap,openstreetmap,1,+44 20 7224 4239,37-38 Margaret Street,W1G 0JF,https://www.openstreetmap.org/way/110457625
kopitiam@medsalleh.co.uk,Med Salleh Kopitiam,Westminster,Bayswater,Asian,https://medsalleh.co.uk,,openstreetmap,openstreetmap,1,+44 20 7792 2140,35-39 Inverness Terrace,W2 3JS,https://www.openstreetmap.org/node/7038433901
reservations@meraki-restaurant.com,Meraki,Westminster,Fitzrovia,Greek,https://meraki-restaurant.com/,,venue website,openstreetmap,1,,80-82 Great Titchfield Street,W1W 7QT,https://www.openstreetmap.org/way/659512499
info@mielorestaurant.com,Mielo,Westminster,Marylebone (also St Marylebone),Restaurant,https://mielorestaurant.com,,openstreetmap,openstreetmap,1,+44 20 7935 2252,35-38 Paddington Street,W1U 4HQ,https://www.openstreetmap.org/way/148032594
hello@mildreds.co.uk,Mildreds,Westminster,Covent Garden,Restaurant,https://www.mildreds.co.uk/locations/covent-garden/,hello@mildreds.com,venue website,openstreetmap,1,+44 20 8066 8393,79 St Martin's Lane,WC2N 4AA,https://www.openstreetmap.org/way/146481555
london@estiatoriomilos.com,Milos,Westminster,St James's,Greek,https://www.estiatoriomilos.com/location/london/,,venue website,openstreetmap,1,+44 20 7839 2080,1 Regent Street,SW1Y 4NR,https://www.openstreetmap.org/node/4545435689
info@monkeyandmethai.co.uk,Monkey & Me,Westminster,Marylebone (also St Marylebone),Asian,https://www.monkeyandmethai.co.uk/,,venue website,openstreetmap,1,,114-115 Crawford Street,,https://www.openstreetmap.org/node/6362179973
reservations@morenalondon.com,Morena,Westminster,Belgravia,Restaurant,https://morenalondon.com/,hello@morenalondon.com,venue website,openstreetmap,1,+44 20 3488 6490,10-11 Eccleston Yards,,https://www.openstreetmap.org/way/544996362
bookings@mountainbeakstreet.com,Mountain,Westminster,Soho,Restaurant,https://mountainbeakstreet.com,press@mountainbeakstreet.com,venue website,openstreetmap,1,,16-18 Beak Street,W1F 9RD,https://www.openstreetmap.org/way/217876210
hattavern@mr-foggs.com,Mr Fogg's Hat Tavern,Westminster,Soho,Deli; Pub,https://www.mr-foggs.com/mr-foggs-hat-tavern/,,openstreetmap,openstreetmap,1,+44 20 7590 3608,22 Great Chapel Street,W1F 8FR,https://www.openstreetmap.org/way/477968049
botanicals@mr-foggs.com,Mr Fogg's House of Botanicals,Westminster,Fitzrovia,Bar,https://www.mr-foggs.com/house-of-botanicals/,,venue website,openstreetmap,1,+44 20 3667 1445,48 Newman Street,W1T 1QQ,https://www.openstreetmap.org/way/98535843
info@mrfrancatelli.co.uk,Mr Francatelli,Westminster,Millbank,Italian,https://www.mrfrancatelli.co.uk/,,openstreetmap,openstreetmap,1,+44 20 34355489,48a Rochester Row,SW1P 1JU,https://www.openstreetmap.org/way/112682095
enquiries@muranolondon.com,Murano,Westminster,Mayfair,Restaurant,https://www.muranolondon.com/,,venue website,openstreetmap,1,,20 Queen Street,,https://www.openstreetmap.org/way/340427515
contact@myplacesoho.com,My Place,Westminster,Soho,Restaurant,https://www.myplacesoho.com/,,venue website,openstreetmap,1,,21 Berwick Street,W1F 0PZ,https://www.openstreetmap.org/way/156620036
reservations@naclondon.co.uk,Nac,Westminster,Mayfair,Restaurant,https://www.naclondon.co.uk/,,venue website,openstreetmap,1,,41 North Audley Street,,https://www.openstreetmap.org/way/342715784
info@namaiki.co.uk,Namaiki,Westminster,Soho,Asian; Sushi,https://namaiki.co.uk/,,venue website,openstreetmap,1,+44 7502 868876,14 Broadwick Street,W1F 8HP,https://www.openstreetmap.org/way/156620023
hello@nessasoho.com,Nessa Soho,Westminster,St James's,Cafe,https://www.nessasoho.com/,,venue website,openstreetmap,1,,86 Brewer Street,,https://www.openstreetmap.org/node/11112726105
info@thenewmanarms.co.uk,Newman Arms,Westminster,Soho,Pub,https://www.thenewmanarms.co.uk/,,venue website,openstreetmap,1,+44 20 7636 1127,23 Rathbone Street,W1T 1NG,https://www.openstreetmap.org/way/648689210
hello@nofortynine.co.uk,No. Forty-Nine,Westminster,St John's Wood,Restaurant,https://www.nofortynine.co.uk,,venue website,openstreetmap,1,,49 St John's Wood High Street,,https://www.openstreetmap.org/node/13918481501
hello@noblerot.co.uk,Noble Rot,Westminster,Soho,Restaurant,https://noblerot.co.uk/restaurant/soho,soho@noblerot.co.uk; lambsconduit@noblerot.co.uk; mayfair@noblerot.co.uk; sohoprivatedining@noblerot.co.uk; naomi@noblerot.co.uk; press@noblerot.co.uk,venue website,openstreetmap,1,,2 Greek Street,W1D 4NB,https://www.openstreetmap.org/way/279171107
mayfair@noblerot.co.uk,Noble Rot Mayfair,Westminster,Mayfair,Restaurant,https://noblerot.co.uk/,hello@noblerot.co.uk; lambsconduit@noblerot.co.uk; soho@noblerot.co.uk; martha@noblerot.co.uk; ollie@noblerot.co.uk; terri@noblerot.co.uk; emma@noblerot.co.uk; adampfk@outlook.com; marbelbe@yahoo.com; smpbreen@gmail.com; rafaelarus60@gmail.com; kabirujethro@gmail.com; harshilborad7751@gmail.com; kate@noblerot.co.uk; benjamingrthomas@gmail.com; megan@noblerot.co.uk; kelly@noblerot.co.uk; ana@noblerot.co.uk; jacobdp@hotmail.co.uk; marleywise13@gmail.com; mattjharris1@gmail.com; howardhannahmae@gmail.com; grace_laughlin@yahoo.com; terrykandylis@gmail.com; adamtorok096@gmail.com; declan@noblerot.co.uk; jonahcalkin@gmail.com; scdfleet@gmail.com; ydiggswilliams@gmail.com; adam@noblerot.co.uk; robertmccreery1@hotmail.com; asya0007@gmail.com; guywhitelam@gmail.com; tomgreenhalgh@outlook.com; georgescball@gmail.com; kittyfecotton8@gmail.com; gracebailey3015@gmail.com; darcyce1996@gmail.com; kwame161994@gmail.com; jackscpepper@gmail.com; awireebenezer@gmail.com; benjidavis01@gmail.com; wcra80958@gmail.com; chloejanewatt@gmail.com; naomi@noblerot.co.uk; thomas.upex@gmail.com; bronte.agostino@gmail.com; ryan.mozzie@gmail.com; s.aron96@icloud.com; finnegan.baldwin@gmail.com; williamhr.edwards@gmail.com; el.j.burt@btinternet.com; maya.ager@icloud.com; theo.millar123@gmail.com; erika.cos97@gmail.com; maximilian.jgrilli@gmail.com; evan.d.solomon@gmail.com; madeleine.capstick@gmail.com; miss.rachel.able@gmail.com; as.burlats@gmail.com; ava.bradbury98@gmail.com; ryan.goodale01@gmail.com; carlo.lavarini@outlook.com; press@noblerot.co.uk,openstreetmap,openstreetmap,1,+44 20 7101 6770,5 Trebeck Street,W1J 7LT,https://www.openstreetmap.org/node/5943700601
downtown@noburestaurants.com,Nobu,Westminster,Mayfair,Asian; Sushi,https://www.noburestaurants.com/,,venue website,openstreetmap,1,,15a Berkeley Street,,https://www.openstreetmap.org/node/5724481760
normahinfo@gmail.com,Normah's,Westminster,Bayswater,Asian; Halal,https://www.normahs.co.uk/,spicy@gmail.com,venue website,openstreetmap,1,+44 7771630828,23-25 Queensway,W2 4QJ,https://www.openstreetmap.org/node/6762320788
contact@nottopiccadilly.com,Notto,Westminster,Soho,Restaurant,https://www.nottopastabars.com/notto-piccadilly/,,openstreetmap,openstreetmap,1,+44 20 3034 2190,198 Piccadilly,W1J 9EZ,https://www.openstreetmap.org/way/290321022
nouramayfair@noura.co.uk,Noura,Westminster,Belgravia,Restaurant,https://noura.co.uk/,nourakingston@noura.co.uk; deli@noura.co.uk,venue website,openstreetmap,2,+44 20 7235 9444,16 Hobart Place,SW1W 0HH,https://www.openstreetmap.org/node/2833584401
reservations@novikovrestaurant.co.uk,Novikov,Westminster,St James's,Asian; Italian,https://www.novikovrestaurant.co.uk/,,venue website,openstreetmap,1,,50а Berkeley Street,,https://www.openstreetmap.org/node/4470013189
contact@eatnua.com,Nua,Westminster,Fitzrovia,Asian,https://www.eatnua.com/home/,contact-wycombe@eatnua.com; contact-reading@eatnua.com; reservation-kingston@eatnua.com; reservation-watford@eatnua.com; -wycombe@eatnua.com; reservation@eatnua.com; reservation-wycombe@eatnua.com; reservation-reading@eatnua.com,openstreetmap,openstreetmap,1,+44 20 3089 3346,55 Cleveland Street,W1T 4JL,https://www.openstreetmap.org/node/1154262366
events@ogniskorestaurant.co.uk,Ognisko Restaurant,Westminster,Knightsbridge,Restaurant,https://www.ogniskorestaurant.co.uk/,,venue website,openstreetmap,1,+44 20 7589 4635,55 Exhibition Road,SW7 2PN,https://www.openstreetmap.org/node/6036818763
kingly@okarestaurant.co.uk,Oka,Westminster,Soho,Asian; Japanese,https://www.okarestaurant.co.uk/,enquiry@okarestaurant.co.uk,openstreetmap,openstreetmap,1,+44 20 7734 3556,Kingly Court,W1B 5PW,https://www.openstreetmap.org/node/5009334242
events@oldqueenstreet.com,Old Queen Street Cafe,Westminster,Westminster,Restaurant,https://oldqueenstreet.com/,,venue website,openstreetmap,1,,6 Old Queen Street,SW1H 9HP,https://www.openstreetmap.org/way/531242104
reservations@opso.co.uk,OPSO,Westminster,Marylebone (also St Marylebone),Greek,https://www.opso.co.uk/,,venue website,openstreetmap,1,+44 20 7935 0551,10 Paddington Street,W1U 5QL,https://www.openstreetmap.org/way/148871637
wellington@oreebakeries.co.uk,Orée,Westminster,Covent Garden,French,https://www.oree.co.uk,,openstreetmap,openstreetmap,1,+44 20 4580 1467,44 Wellington Street,WC2B 5JD,https://www.openstreetmap.org/way/257269034
reservations@oshpaz.co.uk,Oshpaz,Westminster,St James's,Asian,https://www.oshpaz.co.uk/,info@oshpaz.co.uk; press@oshpaz.co.uk,venue website,openstreetmap,1,,7 Regent Street,SW1Y 4LR,https://www.openstreetmap.org/node/12326678001
oslorestaurant@gmail.com,Oslo Court,Westminster,St John's Wood,French,https://oslocourtrestaurant.co.uk/,,venue website,openstreetmap,1,,Charlbert Street,NW8 7EN,https://www.openstreetmap.org/node/9459156175
marylebone@ottolenghi.co.uk,Ottolenghi,Westminster,Marylebone (also St Marylebone),Restaurant,https://ottolenghi.co.uk/restaurants/marylebone,,venue website,openstreetmap,1,+44 20 3148 1040,63-65 Marylebone Lane,,https://www.openstreetmap.org/node/6298762613
reservations@oystermen.co.uk,Oystermen,Westminster,Covent Garden,Seafood,https://www.oystermen.co.uk/,,venue website,openstreetmap,1,,32 Henrietta Street,WC2E 8NA,https://www.openstreetmap.org/way/670350867
hello@pachamamalondon.com,Pachamama,Westminster,Marylebone (also St Marylebone),Restaurant,https://www.pachamamalondon.com/,,venue website,openstreetmap,1,,18 Thayer Street,,https://www.openstreetmap.org/node/3730599389
info@panaderabakery.com,Panadera,Westminster,Marylebone (also St Marylebone),Asian; Breakfast,https://www.panaderabakery.com/,,openstreetmap,openstreetmap,1,+44 20 3904 4093,7 Picton Place,W1U 1BN,https://www.openstreetmap.org/way/217955524
pardisw2@gmail.com,Pardis Restaurant,Westminster,Paddington,Restaurant,https://www.pardisrestaurant.co.uk/,,venue website,openstreetmap,1,+44 20 7402 8933,29 Connaught Street,,https://www.openstreetmap.org/node/6953176716
reservations@parkchinois.com,Park Chinois,Westminster,Mayfair,Asian; Chinese,https://parkchinois.com/,,venue website,openstreetmap,1,+44 20 3327 8888,17 Berkeley Street,,https://www.openstreetmap.org/node/5724541750
bookings@paulettelondon.com,Paulette,Westminster,Little Venice,French,https://www.paulettelondon.com/,,openstreetmap,openstreetmap,1,+44 20 7286 2715,18 Formosa Street,W9 1EE,https://www.openstreetmap.org/node/6699678257
7225@greeneking.co.uk,Paxton’s Head,Westminster,Knightsbridge,Pub,https://www.greeneking-pubs.co.uk/pubs/greater-london/paxtons-head/,,venue website,openstreetmap,1,,153 Knightsbridge,,https://www.openstreetmap.org/way/633865298
info@pearlliang.co.uk,Pearl Liang,Westminster,Little Venice,Asian; Chinese,https://pearlliang.co.uk/,,venue website,openstreetmap,1,,8 Sheldon Square,W2 6EZ,https://www.openstreetmap.org/node/521689913
hello@peggyporschen.com,Peggy Porschen Belgravia,Westminster,Belgravia,Cafe,https://www.peggyporschen.com/,,venue website,openstreetmap,1,+44 20 7730 1316,116 Ebury Street,SW1W 9QQ,https://www.openstreetmap.org/way/159402316
info@phoenixpalace.co.uk,Phoenix palace,Westminster,Marylebone (also St Marylebone),Asian; Chinese,https://www.phoenixpalace.co.uk/,,venue website,openstreetmap,1,+44 20 7486 3515,5 Glentworth Street,NW1 5PG,https://www.openstreetmap.org/node/4693256690
info@pickleandtoast.com,Pickle & Toast,Westminster,Soho,Takeaway,https://pickleandtoast.com/,,venue website,openstreetmap,1,,,W1F 0TD,https://www.openstreetmap.org/way/157779696
orders@piggyspiccadilly.co.uk,Piggy's,Westminster,St James's,Cafe,https://www.piggyspiccadilly.co.uk/,,venue website,openstreetmap,1,,1 Air Street,,https://www.openstreetmap.org/node/5683731024
pizza2nightkent@gmail.com,Pizza 2 Night,Westminster,Queen's Park,Pizza,https://www.pizza2night.co.uk/,,venue website,openstreetmap,1,,433 Harrow Road,,https://www.openstreetmap.org/node/6813682510
deanst@pizzapilgrims.co.uk,Pizza Pilgrims,Westminster,Soho,Pizza,https://www.pizzapilgrims.co.uk/,events@pizzapilgrims.co.uk; brighton@pizzapilgrims.co.uk; masterclass@pizzapilgrims.co.uk,openstreetmap,openstreetmap,1,+44 20 7437 3559,11 Dean Street,W1D 3RP,https://www.openstreetmap.org/way/288392850
info@portlandrestaurant.co.uk,Portland,Westminster,Fitzrovia,Restaurant,https://portlandrestaurant.co.uk/,,venue website,openstreetmap,1,,113 Great Portland Street,,https://www.openstreetmap.org/way/183024350
manager@prince-alfred.co.uk,Prince Alfred,Westminster,Bayswater,Pub,https://www.prince-alfred.co.uk/,,venue website,openstreetmap,1,+44 20 7229 1474,112 Queensway,W2 3RR,https://www.openstreetmap.org/way/753467777
info@princeofwalespaddington.co.uk,Prince of Wales,Westminster,Paddington,Asian; Pub,https://www.princeofwalespaddington.co.uk/index,,venue website,openstreetmap,1,,2 Cleveland Terrace,W2 6LH,https://www.openstreetmap.org/way/42030132
info@qimacafe.com,Qima Cafe Covent Garden,Westminster,Covent Garden,Cafe,https://qimacafe.com/,,venue website,openstreetmap,1,+44 20 7209 8200,21-22 New Row,WC2N 4LE,https://www.openstreetmap.org/node/12633421801
queenarms@gmail.com,Queens Arms,Westminster,Kilburn,Pub,https://queensarmskilburn.co.uk/,,venue website,openstreetmap,1,,1 Kilburn High Road,NW6 5SE,https://www.openstreetmap.org/way/109187435
reception@quovadissoho.co.uk,Quo Vadis,Westminster,Soho,Restaurant,https://www.quovadissoho.co.uk/,info@quovadissoho.co.uk,openstreetmap,openstreetmap,1,+44 20 7437 9585,26-29 Dean Street,W1D 3LL,https://www.openstreetmap.org/way/288394416
tickets@royalacademy.org.uk,RA Cafe,Westminster,St James's,Cafe,https://www.royalacademy.org.uk/eating-and-drinking,,venue website,openstreetmap,1,,,,https://www.openstreetmap.org/node/6868185118
info@ramoramen.com,Ramo Ramen,Westminster,Soho,Asian; Japanese,https://www.ramoramen.com/,,openstreetmap,openstreetmap,1,+44 20 7434 3777,28 Brewer Street,,https://www.openstreetmap.org/node/2938969701
theregentspark@benugo.com,Regent's Bar & Kitchen,Westminster,Marylebone (also St Marylebone),Restaurant,https://www.benugo.com/partnerships/public-spaces/parks/regents-park/regents-bar-and-kitchen,,venue website,openstreetmap,1,,Inner Circle,NW1 4NU,https://www.openstreetmap.org/way/115640262
enquiries@richoux.co.uk,Richoux,Westminster,Mayfair,Restaurant,https://www.richoux.co.uk/,,venue website,openstreetmap,1,,41 South Audley Street,,https://www.openstreetmap.org/node/452417445
5motcombstreet@rococochocolates.com,Rococo Chocolates,Westminster,Belgravia,Cafe,https://www.rococochocolates.com/pages/belgravia,wholesale@rococochocolates.com; customerservice@rococochocolates.com; press@rococochocolates.com,openstreetmap,openstreetmap,1,+44 20 7245 0993,5 Motcomb Street,SW1X 8JU,https://www.openstreetmap.org/way/530700233
info@roketsu.co.uk,Roketsu,Westminster,Marylebone (also St Marylebone),Asian; Japanese,https://www.roketsu.co.uk/,,openstreetmap,openstreetmap,1,+44 20 3149 1227,12 New Quebec Street,,https://www.openstreetmap.org/node/11783224687
7242@greeneking.co.uk,Rose & Crown,Westminster,Mayfair,Pub,https://www.greeneking-pubs.co.uk/pubs/greater-london/rose-crown/,,venue website,openstreetmap,1,,2 Old Park Lane,W1K 1QN,https://www.openstreetmap.org/way/631474504
infowala@rotichai.com,Roti Chai (Dining Room),Westminster,Marylebone (also St Marylebone),Indian,https://www.rotichai.com/,,venue website,openstreetmap,1,,3 Portman Mews South,,https://www.openstreetmap.org/node/5509518521
enquiry@theroyalgeorgewc2.co.uk,Royal George,Westminster,Covent Garden,Pub,https://www.theroyalgeorgewc2.co.uk/,,openstreetmap,openstreetmap,1,+44 20 7734 8837,133 Charing Cross Road,WC2H 0EA,https://www.openstreetmap.org/node/565470149
pr@rules.co.uk,Rules,Westminster,Covent Garden,Restaurant,https://rules.co.uk/,,venue website,openstreetmap,1,+44 20 7836 5314,34-35 Maiden Lane,WC2E 7LB,https://www.openstreetmap.org/way/558928361
carnaby@therumkitchen.com,Rum Kitchen,Westminster,Soho,Restaurant,https://www.therumkitchen.com/,,openstreetmap,openstreetmap,1,+44 20 3668 2537,Kingly Court,W1B 5PW,https://www.openstreetmap.org/node/4668146656
info@saborrestaurants.co.uk,Sabor,Westminster,Soho,Spanish,https://www.saborrestaurants.co.uk/,events@saborrestaurants.co.uk,venue website,openstreetmap,1,,35-37 Heddon Street,W1B 4BR,https://www.openstreetmap.org/node/5658200133
contact@sacredgrounds.co.uk,Sacred Grounds,Westminster,Soho,Breakfast,https://www.sacredgrounds.co.uk/,,venue website,openstreetmap,1,,54 Dean Street,W1D 6AE,https://www.openstreetmap.org/node/12123977431
info@sagarrestaurant.co.uk,Sagar,Westminster,Covent Garden,Indian,https://www.sagarrestaurant.co.uk/,,venue website,openstreetmap,1,,Catherine Street,WC2B 5JS,https://www.openstreetmap.org/way/986920652
info@sahara-restaurant.co.uk,Sahara,Westminster,St John's Wood,Restaurant,https://www.sahara-restaurant.co.uk/,,venue website,openstreetmap,1,+44 20 7722 8555,7 St John's Wood High Street,,https://www.openstreetmap.org/node/6535716225
reservations@sarastro-restaurant.com,Sarastro Restaurant,Westminster,Covent Garden,Restaurant,https://www.sarastro-restaurant.com/,info@sarastro-restaurant.com,venue website,openstreetmap,1,,126 Drury Lane,WC2B 5SU,https://www.openstreetmap.org/way/986952076
sartoriareservations@danddlondon.com,Sartoria,Westminster,Mayfair,Italian,https://www.sartoria-restaurant.co.uk/,,openstreetmap,openstreetmap,1,+44 20 7534 7000,20 Savile Row,,https://www.openstreetmap.org/node/4191567196
info@savoytap.co.uk,Savoy Tap,Westminster,Covent Garden,Pub,https://www.savoytap.co.uk/,,venue website,openstreetmap,1,+44 20 7836 9738,2 Savoy Street,WC2R 0BA,https://www.openstreetmap.org/way/244895533
sales@scandikitchen.co.uk,ScandiKitchen Cafe & Shop - Victoria,Westminster,Belgravia,Breakfast; Deli,https://scandikitchen.co.uk/,iwantfood@scandikitchen.co.uk; shop@scandikitchen.co.uk,venue website,openstreetmap,2,,42,,https://www.openstreetmap.org/node/13062175201
crm@caprice-holdings.co.uk,Scott's,Westminster,Mayfair,Seafood,https://www.caprice-holdings.co.uk/,pr@caprice-holdings.co.uk,venue website,openstreetmap,1,,20-22 Mount Street,,https://www.openstreetmap.org/node/452416571
bookings@seashellrestaurant.co.uk,Seashell of Lisson Grove,Westminster,Paddington,Seafood,https://www.seashellrestaurant.co.uk/,,venue website,openstreetmap,1,,49-51 Lisson Grove,,https://www.openstreetmap.org/node/4522284989
hola@senor-ceviche.com,Senor Cevice,Westminster,Soho,Restaurant,https://www.senor-ceviche.com/,,openstreetmap,openstreetmap,1,+44 20 7842 8540,Kingly Court,W1B 5PW,https://www.openstreetmap.org/node/4668146653
info@shakaraldn.com,SHAKARA,Westminster,Marylebone (also St Marylebone),Restaurant,https://shakaraldn.com/,reservations@shakaraldn.com,openstreetmap,openstreetmap,1,+44 7437 569667,66 Baker Street,W1U 7DJ,https://www.openstreetmap.org/node/12411817999
shakeshuka@shakeshukarestaurant.co.uk,ShakeShuka,Westminster,Marylebone (also St Marylebone),Restaurant,https://www.shakeshukarestaurant.co.uk/,,venue website,openstreetmap,1,,134 Marylebone Road,,https://www.openstreetmap.org/node/1614146307
restaurant@shezan.co.uk,Shezan,Westminster,Knightsbridge,Indian,https://www.shezan.co.uk/,,venue website,openstreetmap,1,,16 Cheval Place,,https://www.openstreetmap.org/node/6002002173
shoryu.soho@shoryuramen.com,Shoryu,Westminster,Soho,Asian; Japanese,https://shoryuramen.com/,shoryu.carnaby@shoryuramen.com; shoryu.coventgarden@shoryuramen.com; shoryu.regent@shoryuramen.com; shoryu.shoreditch@shoryuramen.com; shoryu.worldfoodcourt@shoryuramen.com; shoryu.oxford@shoryuramen.com; shoryu.manchester@shoryuramen.com; shoryu.stratford@shoryuramen.com; press@shoryuramen.com,openstreetmap,openstreetmap,1,,2-3 Denman Street,W1D 7HA,https://www.openstreetmap.org/node/4302224816
granddivanreservations@simpsonsinthestrand.co.uk,Simpson's-in-the-Strand,Westminster,Covent Garden,Restaurant,https://www.simpsonsinthestrand.co.uk/,romanosreservations@simpsonsinthestrand.co.uk,venue website,openstreetmap,1,+44 20 7836 9112,100 Strand,WC2R 0EW,https://www.openstreetmap.org/node/554138077
reservations@singapulah.co.uk,Singapulah,Westminster,Soho,Asian,https://www.singapulah.co.uk/,,venue website,openstreetmap,1,+44 20 3583 5815,53 Shaftesbury Avenue,W1D 6LB,https://www.openstreetmap.org/node/624061059
info@sketch.london,Sketch,Westminster,Mayfair,Restaurant,https://sketch.london/,,venue website,openstreetmap,1,+44 20 7659 4500,9 Conduit Street,W1S 2XD,https://www.openstreetmap.org/node/259774384
reservations@smithsbarandgrill.co.uk,Smiths Bar and Grill,Westminster,Little Venice,Restaurant,https://www.smithsbarandgrill.co.uk/,,venue website,openstreetmap,1,+44 20 7286 9458,25 Sheldon Square,W2 6EY,https://www.openstreetmap.org/node/2343155745
info@socialimpactcoffee.org,Social Impact Coffee,Westminster,Paddington,Breakfast,https://www.socialimpactcoffee.org/,,venue website,openstreetmap,1,,5,,https://www.openstreetmap.org/node/6853212489
soho@sophiessteakhouse.com,Sophie's,Westminster,Soho,Restaurant,https://www.sophiessteakhouse.com/soho,,venue website,openstreetmap,1,+44 20 7836 8836,42-44 Great Windmill Street,W1D 7NB,https://www.openstreetmap.org/node/5959693686
info@soukrestaurant.co.uk,Souk Bazaar,Westminster,Covent Garden,Restaurant,https://www.soukrestaurant.co.uk/,,venue website,openstreetmap,1,,27 Litchfield Street,WC2H 9NJ,https://www.openstreetmap.org/way/349340731
reservations@soutine.co.uk,Soutine,Westminster,St John's Wood,French,https://www.soutine.co.uk/,,venue website,openstreetmap,1,+44 20 3926 8448,60 St John's Wood High Street,NW8 7SH,https://www.openstreetmap.org/node/6542260740
info@spaghettihouse.co.uk,Spaghetti House,Westminster,Mayfair,Italian,https://www.spaghettihouse.co.uk/,,venue website,openstreetmap,2,,12 Woodstock Street,W1C 2AF,https://www.openstreetmap.org/way/249211266
info@speedboatbar.co.uk,Speedboat Bar,Westminster,Soho,Asian,https://speedboatbar.co.uk/,,venue website,openstreetmap,1,,30 Rupert Street,W1D 6DL,https://www.openstreetmap.org/node/4865627308
7254@greeneking.co.uk,Spread Eagle,Westminster,Mayfair,Pub,https://www.greeneking-pubs.co.uk/pubs/greater-london/spread-eagle/,,venue website,openstreetmap,1,+44 20 7629 4695,8 Woodstock Street,,https://www.openstreetmap.org/node/452240939
support@spudbrosexpress.com,SpudBros,Westminster,Mayfair,Restaurant,https://www.spudbrosexpress.com,,venue website,openstreetmap,1,,4 Princes Street,W1B 2LB,https://www.openstreetmap.org/way/291293252
contact@thestablehand.co.uk,Stablehand,Westminster,Paddington,French; Pub,https://thestablehand.co.uk/,,venue website,openstreetmap,1,+4420 7402 0083,4 Bathurst Street,W2 2SD,https://www.openstreetmap.org/way/517877764
info@staxburgers.co.uk,Stax Diner,Westminster,Soho,American,http://staxdiner.com/,,openstreetmap,openstreetmap,1,+44 20 7734 3190,Kingly Court,W1B 5PW,https://www.openstreetmap.org/node/4668146652
info@steakandcompany.co.uk,Steak and Company,Westminster,Covent Garden,Steak,https://www.steakandcompany.co.uk/,,venue website,openstreetmap,1,,3-5 Irving Street,WC2H 0HA,https://www.openstreetmap.org/way/995954601
berlininkensington@stein-s.com,Stein's Berlin,Westminster,Knightsbridge,Restaurant,https://www.berlininkensington.stein-s.com/,,venue website,openstreetmap,1,,51 Princes Gate,,https://www.openstreetmap.org/node/6036818762
stonegrillvictoria@gmail.com,Stone & Grill,Westminster,Pimlico,Restaurant,http://Stoneandgrill.co.uk,,openstreetmap,openstreetmap,1,+44 20 7460 6055,52 Wilton Road,SW1V 1DE,https://www.openstreetmap.org/node/11642801669
enquiries@sundayinbk.co.uk,Sunday in Brooklyn,Westminster,Mayfair,American,https://www.sundayinbk.co.uk/restaurant-marylebone/,,venue website,openstreetmap,1,+44 20 76301030,10-12 James Street,W1U 1EE,https://www.openstreetmap.org/way/217841725
info@sushikyu.com,Sushi Kyu,Westminster,Soho,Asian; Sushi,http://sushikyu.com,,openstreetmap,openstreetmap,1,+44 20 4549 5888,30 Brewer Street,W1F 0SS,https://www.openstreetmap.org/node/13849335901
cgevents@sushisamba.com,SushiSamba Covent Garden,Westminster,Covent Garden,Asian; Japanese; Sushi,https://www.sushisamba.com/locations/uk/london-covent-garden,,venue website,openstreetmap,1,+44 20 3053 0000,,,https://www.openstreetmap.org/node/6825222287
info@sussex-restaurant.com,Sussex,Westminster,Soho,Restaurant,https://www.sussex-restaurant.com/,,venue website,openstreetmap,1,+44 20 3923 7770,63-64 Frith Street,W1D 3JW,https://www.openstreetmap.org/node/7795005285
bonjour@chezantoinette.co.uk,Suzette Garden,Westminster,Millbank,Cafe,https://www.chezantoinette.co.uk/suzette/?gad_campaignid=21512260997&wbraid=ClMKCAjwmdLSBhB_EkMAHb5gRJhf7Uo6hnfQmntCIga5lDFuEmNkBCCzkerYfFwKlCLCav9peSzvFMeYvpQRLPnFiP-NKTSoz8jimAlMV665GgIL4Q,coventgarden@chezantoinette.co.uk,venue website,openstreetmap,1,,5 Seaforth Place,SW1E 6AB,https://www.openstreetmap.org/node/14014754401
reservations@tabxtab.com,TABxTAB,Westminster,Bayswater,Cafe,https://tabxtab.com/,hello@tabxtab.com,venue website,openstreetmap,1,,14-16 Westbourne Grove,,https://www.openstreetmap.org/node/7062214208
marylebone@takalondon.com,Taka,Westminster,Mayfair,Asian; Japanese,https://www.takalondon.com/,,venue website,openstreetmap,2,,18 Shepherd Market,,https://www.openstreetmap.org/node/5941022582
info.taotaoju@gmail.com,Tao Tao Ju,Westminster,Covent Garden,Asian; Chinese,https://www.taotaoju.co.uk/,,venue website,openstreetmap,1,+44 20 7367 0083,15 Lisle Street,WC2H 7BE,https://www.openstreetmap.org/way/995869097
info@tasteofindiauk.com,Taste of India,Westminster,Bayswater,Indian,https://tasteofindiauk.com/,,venue website,openstreetmap,1,,51 Queensway,W2 4QH,https://www.openstreetmap.org/node/4790853007
7263@greeneking.co.uk,Tattersalls Tavern,Westminster,Knightsbridge,Pub,https://www.greeneking-pubs.co.uk/pubs/greater-london/tattersalls-tavern/,,venue website,openstreetmap,1,,,,https://www.openstreetmap.org/node/295466191
reservations@sterminshotel.co.uk,Tea Lounge at St. Ermin's,Westminster,Westminster,Restaurant,https://www.sterminshotel.co.uk/eating-drinking/afternoon-tea/,tealounge@sterminshotel.co.uk,venue website,openstreetmap,1,+44 20 7222 7888,2 Caxton Street,SW1H 0QW,https://www.openstreetmap.org/node/12996594395
info@templebrewhouse.com,Temple Brew House,Westminster,Temple,Pub,http://www.templebrewhouse.com/,,openstreetmap,openstreetmap,1,+44 20 7936 2536,46 Essex Street,WC2R 3JF,https://www.openstreetmap.org/way/428744489
enquiries@terroirswinebar.com,Terroirs,Westminster,Covent Garden,French,http://www.terroirswinebar.com,,openstreetmap,openstreetmap,1,+44 20 7036 0660,5 William IV Street,WC2N 4DW,https://www.openstreetmap.org/node/2542069882
7161@greeneking.co.uk,The Albert,Westminster,Westminster,Pub,https://www.greeneking-pubs.co.uk/pubs/greater-london/albert/,,venue website,openstreetmap,1,+44 20 7222 5577,52 Victoria Street,SW1H 0NP,https://www.openstreetmap.org/way/161490892
thebeehive.info@btconnect.com,The Beehive,Westminster,Marylebone (also St Marylebone),Pub,,,openstreetmap,openstreetmap,1,+44 20 7486 8037,126 Crawford Street,W1U 6BF,https://www.openstreetmap.org/way/300860985
thebengal62@yahoo.co.uk,The Bengal,Westminster,Little Venice,Indian,https://www.thebengal.co.uk/,,venue website,openstreetmap,1,+44 20 7229 1640,62A Porchester Road,W2 6ET,https://www.openstreetmap.org/node/521716075
general@theblueposts.net,The Blue Posts,Westminster,Soho,Pub,https://www.theblueposts.net/,,venue website,openstreetmap,1,+44 20 7437 5008,22 Berwick Street,W1F 0QA,https://www.openstreetmap.org/way/156620042
hello@burlingtonarms.com,The Burlington Arms,Westminster,Mayfair,Pub,https://burlingtonarms.com/,,venue website,openstreetmap,1,,21 Old Burlington Street,W1S 2JL,https://www.openstreetmap.org/way/592220489
cafe@clifton.co.uk,The Café at Clifton Nurseries,Westminster,Little Venice,Cafe,https://www.clifton.co.uk/london-nursery-garden-centre/cafe,,venue website,openstreetmap,1,+44 20 7432 1867,,,https://www.openstreetmap.org/way/242819424
hello@thecarpentersarmspub.co.uk,The Carpenters Arms,Westminster,Marylebone (also St Marylebone),Pub,https://www.thecarpentersarmspub.co.uk/,,venue website,openstreetmap,1,,12 Great Cumberland Mews,,https://www.openstreetmap.org/way/678633914
info@35newcavendish.co.uk,The Cavendish,Westminster,Marylebone (also St Marylebone),Restaurant,https://www.35newcavendish.co.uk/,,venue website,openstreetmap,1,,35 New Cavendish Street,,https://www.openstreetmap.org/way/148890698
info@thecedarrestaurant.co.uk,The Cedar,Westminster,Maida Vale,Restaurant,https://www.thecedarrestaurant.co.uk/,,venue website,openstreetmap,1,+44 20 8964 2011,65 Fernhead Road,,https://www.openstreetmap.org/node/6763093725
info@thechandos.co.uk,The Chandos,Westminster,Covent Garden,Pub,https://thechandos.co.uk/,contact-info@thechandos.co.uk,openstreetmap,openstreetmap,1,+44 20 7836 1401,29 St Martin's Lane,WC2N 4ER,https://www.openstreetmap.org/way/142300246
reservations@thecoachmakersarms.co.uk,The Coach Makers Arms,Westminster,Marylebone (also St Marylebone),Pub,https://www.thecoachmakersarms.co.uk/,reservations@cubitthouse.co.uk; events@cubitthouse.co.uk; johnsmith@hotmail.com,venue website,openstreetmap,1,,88 Marylebone Lane,W1U 2PY,https://www.openstreetmap.org/way/134708046
london.mayfair@leica-camera.com,The Cocochine,Westminster,Mayfair,Restaurant,https://us.leica-camera.com/Stores-Dealers/Leica-Stores-Worldwide/Leica-Store-London-Mayfair,,venue website,openstreetmap,1,,27 Bruton Place,,https://www.openstreetmap.org/node/5740191354
info@the-connaught.co.uk,The Connaught Grill,Westminster,Mayfair,Steak,https://www.the-connaught.co.uk/restaurants-bars/the-connaught-grill/,,venue website,openstreetmap,1,+442071078852,16 Carlos Place,W1K 2AL,https://www.openstreetmap.org/node/12617974399
info@constitutionpimlico.co.uk,The Constitution,Westminster,Pimlico,Pub,https://www.constitutionpimlico.co.uk/,,venue website,openstreetmap,1,,42 Churton Street,SW1V 2LP,https://www.openstreetmap.org/way/447309968
hyde@parksports.co.uk,The Courts Café at Hyde Park,Westminster,Knightsbridge,Cafe,https://www.royalparks.org.uk/parks/hyde-park/food-and-drink/park-sports-cafe,,openstreetmap,openstreetmap,1,+44 20 7224 1625,,,https://www.openstreetmap.org/node/1696895509
reservations@thedelaunay.com,The Delaunay,Westminster,Covent Garden,Restaurant,https://www.thedelaunay.com/,,venue website,openstreetmap,1,,55 Aldwych,WC2B 4BB,https://www.openstreetmap.org/node/1962961372
info@delhibrasserie.com,The Delhi Brasserie,Westminster,Soho,French; Indian,https://delhibrasserie.com/,,venue website,openstreetmap,1,,44 Frith Street,W1D 4SB,https://www.openstreetmap.org/way/157771369
enquiries@devonshiresoho.co.uk,The Devonshire,Westminster,Soho,Restaurant,https://devonshiresoho.co.uk,privateevents@devonshiresoho.co.uk; press@devonshiresoho.co.uk,venue website,openstreetmap,1,,17 Denman Street,W1D 7HW,https://www.openstreetmap.org/way/153661827
theduchess.marylebone@thechaptercollection.co.uk,The Duchess,Westminster,Mayfair,Pub,https://www.thechaptercollection.co.uk/duchess-marylebone,,venue website,openstreetmap,1,,39 Duke Street,W1U 1LP,https://www.openstreetmap.org/way/159039182
reservations@theduckandrice.com,The Duck and Rice,Westminster,Soho,Asian; Chinese,https://theduckandrice.com/,,openstreetmap,openstreetmap,1,+44 20 3327 7888,90 Berwick Street,W1F 0QB,https://www.openstreetmap.org/way/478967748
info@thedukew1h.co.uk,The Duke of Wellington,Westminster,Marylebone (also St Marylebone),Pub,https://thedukew1h.co.uk/,,venue website,openstreetmap,1,,94A Crawford Street,W1H 2HQ,https://www.openstreetmap.org/node/10582361575
reception@frontlineclub.com,The Frontline Club,Westminster,Paddington,Restaurant,https://www.frontlineclub.com/restaurant/,privatedining@frontlineclub.com,venue website,openstreetmap,1,+44 20 7479 8960,13 Norfolk Place,W2 1QJ,https://www.openstreetmap.org/way/155494956
enquiries@georgeinthestrand.com,The George,Westminster,Temple,Pub,http://www.georgeinthestrand.com/,,openstreetmap,openstreetmap,1,+44 20 7353 9638,213 Strand,WC2R 1AP,https://www.openstreetmap.org/way/161420189
7194@greeneking.co.uk,The Goat Tavern,Westminster,St James's,Pub,https://www.greeneking-pubs.co.uk/pubs/greater-london/goat-tavern-mayfair/,,venue website,openstreetmap,1,,3 Stafford Street,,https://www.openstreetmap.org/way/290081133
7198@greeneking.co.uk,The Greene Man,Westminster,Fitzrovia,Pub,https://www.greeneking-pubs.co.uk/pubs/greater-london/green-man/,,venue website,openstreetmap,1,+44 20 7387 6977,383 Euston Road,NW1 3AU,https://www.openstreetmap.org/way/108251970
info@grenadierpub.co.uk,The Grenadier,Westminster,Belgravia,Pub,https://www.grenadierbelgravia.com,info@grenadierbelgravia.com,openstreetmap,openstreetmap,1,+44 20 3205 2915,18 Wilton Row,SW1X 7NR,https://www.openstreetmap.org/node/13235500301
piccadilly_circus_social@hardrock.com,The Hard Rock Cafe,Westminster,Soho,Burger; Ice cream,https://www.hardrockcafe.com/location/piccadilly-circus/,london_events@hardrock.com; piccadillycircus.jobs@hardrock.com; piccadillycircus.merch@hardrock.com,venue website,openstreetmap,1,,225/229 Piccadilly,W1J 9HR,https://www.openstreetmap.org/node/8476348621
info@haydennottinghill.com,The Hayden,Westminster,Bayswater,Burger; Pub,https://www.haydennottinghill.com/,,venue website,openstreetmap,1,,,,https://www.openstreetmap.org/node/7099537759
theheronbar@gmail.com,The Heron,Westminster,Paddington,Pub,https://www.theheronpaddington.com/,,venue website,openstreetmap,1,+44 20 7724 8463,Norfolk Crescent,W2 2DN,https://www.openstreetmap.org/way/739710241
afrimneliderjan@gmail.com,The Horse and Groom,Westminster,Belgravia,Pub,https://www.horseandgroombelgravia.co.uk,,venue website,openstreetmap,1,,7 Groom Place,,https://www.openstreetmap.org/way/551566816
info@jackalopelondon.com,The Jackalope,Westminster,Marylebone (also St Marylebone),Pub,https://jackalopelondon.com/#firstPage,,venue website,openstreetmap,1,,43 Weymouth Mews,W1G 7EQ,https://www.openstreetmap.org/way/147997976
7209@greeneking.co.uk,The Kings Arms,Westminster,Mayfair,Pub,https://www.greeneking-pubs.co.uk/pubs/greater-london/kings-arms-mayfair,,venue website,openstreetmap,1,+44 20 7629 0416,2 Shepherd Market,,https://www.openstreetmap.org/node/289996602
info@thelarrik.com,The Larrik,Westminster,Marylebone (also St Marylebone),Pub,https://www.thelarrik.com/,,venue website,openstreetmap,1,,32 Crawford Place,W1H 5NN,https://www.openstreetmap.org/way/680918475
thelaughinghalibut@gmail.com,The Laughing Halibut,Westminster,Millbank,Seafood,https://laughinghalibut.co.uk,,venue website,openstreetmap,1,+44 20 7799 2844,38 Strutton Ground,SW1P 2HR,https://www.openstreetmap.org/way/113115208
reservations@littleredpepper.co.uk,The Little Red Pepper,Westminster,Little Venice,Italian,https://littleredpepper.co.uk,,venue website,openstreetmap,1,+44 20 4618 4690,8 Formosa Street,W9 1EE,https://www.openstreetmap.org/node/6698552094
info@luckysaint.co,The Lucky Saint,Westminster,Fitzrovia,Pub,https://luckysaint.co/pages/the-lucky-saint-pub-london-w1,,venue website,openstreetmap,1,,58 Devonshire Street,W1W 5EA,https://www.openstreetmap.org/way/110753811
themarquis@mspubs.co.uk,The Marquis,Westminster,Covent Garden,Pub,https://www.themarquiscoventgarden.co.uk/,,openstreetmap,openstreetmap,1,+44 20 7379 0367,51-52 Chandos Place,WC2N 4HS,https://www.openstreetmap.org/way/558503751
1651@greeneking.co.uk,The Mason Arms,Westminster,Mayfair,Pub,https://www.greeneking-pubs.co.uk/pubs/greater-london/masons-arms-mayfair/,,venue website,openstreetmap,1,+44 20 7491 7809,38 Maddox Street,W1S 1PY,https://www.openstreetmap.org/way/589641506
gary@themonkeypuzzlepub.co.uk,The Monkey Puzzle,Westminster,Paddington,Pub,https://themonkeypuzzlepub.co.uk/,,openstreetmap,openstreetmap,1,+44 20 7723 0143,30 Southwick Street,W2 1JQ,https://www.openstreetmap.org/node/15262028
londonshop@monocle.com,The Monocle Café,Westminster,Marylebone (also St Marylebone),Cafe,https://monocle.com/monocle-shops-and-cafes/,paris@monocle.com; zurichshop@monocle.com; meranoshop@monocle.com; torontoshop@monocle.com; tokyoshop@monocle.com; hkshop@monocle.com; ma@monocle.com; rk@monocle.com,venue website,openstreetmap,1,+44 20 7135 2040,18 Chiltern Street,W1U 7QA,https://www.openstreetmap.org/node/6328300466
thenelliedean@gmail.com,The Nellie Dean of Soho,Westminster,Soho,Pub,https://www.nelliedeansoho.co.uk/,,venue website,openstreetmap,1,+44 20 7734 2572,89 Dean Street,W1D 3SU,https://www.openstreetmap.org/way/288392846
hello@thegoodoak.com,The Oak,Westminster,Bayswater,Italian,https://theoaklondon.com/,,venue website,openstreetmap,1,+44 20 7221 3355,137 Westbourne Park Road,W2 5QL,https://www.openstreetmap.org/way/122814326
events@thefootmanmayfair.com,The Only Running Footman,Westminster,Mayfair,Pub,https://www.thefootmanmayfair.com/,,venue website,openstreetmap,1,,5 Charles Street,W1J 5DF,https://www.openstreetmap.org/way/299039550
reservations@theorange.co.uk,The Orange,Westminster,Belgravia,Pub,https://www.theorange.co.uk/,reservations@cubitthouse.co.uk; events@cubitthouse.co.uk; johnsmith@hotmail.com,venue website,openstreetmap,1,,37-39 Pimlico Road,SW1W 8NE,https://www.openstreetmap.org/way/147249462
reservations@theparkrestaurant.com,The Park,Westminster,Bayswater,American; Breakfast,https://www.theparkrestaurant.com/,,openstreetmap,openstreetmap,1,+44 20 3959 9000,2 Queensway,W2 3RX,https://www.openstreetmap.org/node/12786260255
enquiries@porterhouse.london,The Porterhouse,Westminster,Covent Garden,Pub,https://porterhouse.london/,,venue website,openstreetmap,1,,21-22 Maiden Lane,WC2E 7NA,https://www.openstreetmap.org/way/99952313
reservations@theportraitrestaurant.co.uk,The Portrait Restaurant,Westminster,Covent Garden,Restaurant,https://theportraitrestaurant.com/,,openstreetmap,openstreetmap,1,+44 20 3872 7610,2 St. Martin's Place,WC2H 0HE,https://www.openstreetmap.org/node/12087774907
info@theprincebonapartew2.co.uk,The Prince Bonaparte,Westminster,Bayswater,Pub,https://www.theprincebonapartew2.co.uk/,,venue website,openstreetmap,1,+44 20 7313 9491,80 Chepstow Road,W2 5BE,https://www.openstreetmap.org/way/756311627
bookings@queensheadpiccadilly.com,The Queen's Head,Westminster,St James's,Pub,https://www.queensheadpiccadilly.com/,,venue website,openstreetmap,1,+44 20 7437 1540,,,https://www.openstreetmap.org/way/572506209
soho@therealgreek.com,The Real Greek,Westminster,Soho,Greek,https://www.therealgreek.com/restaurants/soho/,anastasia.abazi@therealgreek.com,venue website,openstreetmap,1,+44 20 7287 6805,50 Berwick Street,W1F 8SJ,https://www.openstreetmap.org/node/4601342802
media@thesavanna.co.uk,the Savanna,Westminster,Belgravia,Deli,https://www.thesavanna.co.uk,customerservice@thesavanna.co.uk,venue website,openstreetmap,1,,,,https://www.openstreetmap.org/node/10622738686
7967@greeneking.co.uk,The Sherlock Holmes,Westminster,Covent Garden,Pub,https://www.greeneking-pubs.co.uk/pubs/greater-london/sherlock-holmes/,,venue website,openstreetmap,1,,10-11 Northumberland Street,WC2N 5DB,https://www.openstreetmap.org/way/140517896
hello@thesoak.co.uk,The Soak,Westminster,Belgravia,Restaurant,https://www.thesoak.co.uk/,,venue website,openstreetmap,1,,,,https://www.openstreetmap.org/node/13936897328
theoffice@thesocial.com,The Social,Westminster,Soho,American,https://www.thesocial.com/,,venue website,openstreetmap,1,+44 20 7636 4992,5 Little Portland Street,W1W 7JD,https://www.openstreetmap.org/node/3358823520
info@thesummerhouse.co,The Summerhouse,Westminster,Little Venice,Seafood,https://www.thesummerhouse.co/,,venue website,openstreetmap,1,,Blomfield Road,,https://www.openstreetmap.org/way/123186058
reservations@cubitthouse.co.uk,The Thomas Cubitt,Westminster,Belgravia,Pub,https://www.cubitthouse.co.uk/the-thomas-cubitt-belgravia/,events@cubitthouse.co.uk; johnsmith@hotmail.com,venue website,openstreetmap,1,,44 Elizabeth Street,SW1W 9PA,https://www.openstreetmap.org/way/547171167
info@thetoucansoho.co.uk,The Toucan,Westminster,Soho,Pub,https://www.thetoucansoho.co.uk/,,venue website,openstreetmap,1,+44 20 7437 4123,19 Carlisle Street,W1D 3BY,https://www.openstreetmap.org/way/288392857
enquiries@thevegboxcafe.co.uk,The Veg Box,Westminster,Marylebone (also St Marylebone),Cafe,https://thevegboxcafe.co.uk,,venue website,openstreetmap,1,,136 Marylebone Road,,https://www.openstreetmap.org/node/4803496604
info@thewaterway.co.uk,The Waterway,Westminster,Little Venice,Pub,https://www.thewaterway.co.uk/,,venue website,openstreetmap,1,+44 20 7266 3557,54 Formosa Street,W9 2JU,https://www.openstreetmap.org/node/3154333461
reservations@theorandall.com,Theo Randall,Westminster,Mayfair,Italian,https://www.theorandall.com/,,venue website,openstreetmap,1,+44 20 7318 8747,1 Hamilton Place,W1J 7QY,https://www.openstreetmap.org/node/13254887541
reservations@threefalcons.com,Three Falcons Indian Gastropub,Westminster,St John's Wood,Indian; Pub,https://threefalcons.com/,gauravparwani@threefalcons.com,venue website,openstreetmap,1,,Orchardson Street,NW8 8NG,https://www.openstreetmap.org/node/12599552601
hello@tintico.co.uk,Tintico,Westminster,Soho,Cafe,https://www.tintico.co.uk,veronica@tintico.co.uk,venue website,openstreetmap,1,,57 Greek Street,W1D 3DY,https://www.openstreetmap.org/node/13571511986
reservations@titurestaurant.com,Titu,Westminster,Mayfair,Asian,https://www.titurestaurant.com/,,venue website,openstreetmap,1,,1 Shepherd Street,W1J 7HJ,https://www.openstreetmap.org/node/603756842
coffee@tomtomcoffee.co.uk,TomTom Coffee House,Westminster,Belgravia,Cafe,https://www.tomtomcoffee.co.uk/coffee-house/,,openstreetmap,openstreetmap,1,+44 20 7730 1771,114 Ebury Street,SW1W 9QD,https://www.openstreetmap.org/node/443029946
oxfordcircus@tortilla.co.uk,Tortilla,Westminster,Soho,Mexican,https://www.tortilla.co.uk/restaurants/oxford-circus,,venue website,openstreetmap,1,+44 20 7637 2800,6 Market Place,W1W 8AH,https://www.openstreetmap.org/node/787474861
reservations@tozirestaurant.co.uk,Tozi,Westminster,Pimlico,Italian,https://tozirestaurant.co.uk/,,venue website,openstreetmap,1,+44 20 7769 9771,8 Gillingham Street,,https://www.openstreetmap.org/node/5200361721
info@trishnalondon.com,Trishna,Westminster,Marylebone (also St Marylebone),Indian,https://www.trishnalondon.com/,,venue website,openstreetmap,1,,15-17 Blandford Street,W1U 3DG,https://www.openstreetmap.org/node/2434621102
tsiakkoscharcoal@gmail.com,Tsiakkos & Charcoal,Westminster,Maida Vale,Greek,http://tsiakkos.co.uk/,,openstreetmap,openstreetmap,1,+44 20 7286 7896,5 Marylands Road,W9 2DU,https://www.openstreetmap.org/node/6739984320
turiecafe@gmail.com,Turie,Westminster,Paddington,Cafe,https://turiecafe.co.uk/,,venue website,openstreetmap,1,,39 Lisson Grove,,https://www.openstreetmap.org/node/6463192830
paddington@turmerickitchen.co.uk,Turmeric Kitchen,Westminster,Paddington,Indian,https://turmerickitchen.co.uk/,pinner@turmerickitchen.co.uk,venue website,openstreetmap,1,,,W2 3YU,https://www.openstreetmap.org/node/12056271969
reservations@uglydumpling.co.uk,Ugly Dumpling,Westminster,Soho,Asian,https://uglydumpling.co.uk/,info@uglydumpling.co.uk; fitzrovia@uglydumpling.co.uk; brixton@uglydumpling.co.uk,venue website,openstreetmap,2,,1 Newburgh Street,W1F 7RB,https://www.openstreetmap.org/way/223406956
reception@umurestaurant.com,Umu,Westminster,Mayfair,Asian; Japanese,https://www.umurestaurant.com/,,venue website,openstreetmap,1,,14-16 Bruton Place,,https://www.openstreetmap.org/node/5742592713
info@vantra.co.uk,Vantra Loungevity,Westminster,Soho,Restaurant,https://www.vantra.co.uk/,,venue website,openstreetmap,1,+44 20 7287 5222,5 Wardour Street,W1D 6PB,https://www.openstreetmap.org/node/5483789422
atvenchi-us@venchi.com,Venchi,Westminster,Covent Garden,Ice cream,https://uk.venchi.com/venchi-chocolate-and-gelato-london-covent-garden,,venue website,openstreetmap,1,,,,https://www.openstreetmap.org/node/3706217491
info@vietnamfood.co.uk,Viet Food,Westminster,Soho,Asian,https://vietnamfood.co.uk/vietfood/,,venue website,openstreetmap,1,+44 20 7494 4555,34-36 Wardour Street,W1D 6EY,https://www.openstreetmap.org/way/993516028
management@cafevolonte.co.uk,Volonté,Westminster,Fitzrovia,Cafe,https://www.cafevolonte.co.uk/,,venue website,openstreetmap,1,,10 Mortimer Street,W1T 3JJ,https://www.openstreetmap.org/node/4715903696
info@wacafe.co.uk,WA café,Westminster,Covent Garden,Asian; Bakery; Breakfast; Deli; Japanese,https://wacafe.co.uk/,,venue website,openstreetmap,1,,5 New Row,WC2N 4LH,https://www.openstreetmap.org/node/6029728385
info@wafflemeister.com,Wafflemeister,Westminster,Mayfair,Bakery,https://wafflemeister.com/,,venue website,openstreetmap,1,+44 20 7629 8178,369 Oxford Street,W1C 2JW,https://www.openstreetmap.org/way/802152476
hanover@watchhouse.com,WatchHouse Hanover,Westminster,Mayfair,Breakfast,https://watchhouse.com/,hello@watchhouse.com,openstreetmap,openstreetmap,1,+44 20 3146 4564,2-3 Medici Courtyard,W1S 1BR,https://www.openstreetmap.org/node/9966313529
reservations@thelondoner.com,Whitcombs,Westminster,Covent Garden,Restaurant,https://www.thelondoner.com/restaurants-bars/whitcombs,press@thelondoner.com,venue website,openstreetmap,1,,38 Leicester Square,WC2H 7DX,https://www.openstreetmap.org/node/10065176317
hello@white-pine.co.uk,White Pine,Westminster,Soho,Cafe,https://white-pine.co.uk/,,venue website,openstreetmap,1,,35-36 Rathbone Place,W1T 1JN,https://www.openstreetmap.org/node/6089238894
marylebone@workshopcoffee.com,Workshop Coffee Co,Westminster,Mayfair,Breakfast,https://workshopcoffee.com/,academy@workshopcoffee.com,openstreetmap,openstreetmap,1,,1 Barrett Street,,https://www.openstreetmap.org/node/4103049892
reservations@yalla-yalla.co.uk,Yalla Yalla,Westminster,Soho,Restaurant,https://www.yalla-yalla.co.uk/,,venue website,openstreetmap,2,,,W1F 0HA,https://www.openstreetmap.org/way/480012224
yegrapesmayfair@yahoo.com,Ye Grapes,Westminster,Mayfair,Pub,https://www.yegrapesmayfair.co.uk/,,venue website,openstreetmap,1,+44 20 7629 4989,16 Shepherd Market,W1J 7QQ,https://www.openstreetmap.org/way/629171088
queensgardens@yeotown.com,Yeotown Paddington,Westminster,Paddington,Restaurant,https://london.yeotown.com/,welcome@yeotown.com; sussexgardens@yeotown.com; madeira@yeotown.com,venue website,openstreetmap,1,+44 20 7298 8799,,,https://www.openstreetmap.org/node/13279487994
info@yiqipanasia.co.uk,YiQi,Westminster,Covent Garden,Asian,https://yiqipanasia.co.uk,,venue website,openstreetmap,1,,14 Lisle Street,WC2H 7BE,https://www.openstreetmap.org/node/13550924144
info@zata.uk,Za'ta,Westminster,Marylebone (also St Marylebone),Restaurant,https://zata.uk/,,venue website,openstreetmap,1,,,,https://www.openstreetmap.org/node/10594929753
info@zanchi.co.uk,Zanchi,Westminster,Paddington,Asian; Korean,https://www.zanchi.co.uk/,,venue website,openstreetmap,1,+44 207 723 5555,113-115 Praed Street,W2 1RL,https://www.openstreetmap.org/way/155494930
info@zaynarestaurant.co.uk,Zayna,Westminster,Marylebone (also St Marylebone),Indian,http://www.zaynarestaurant.co.uk/,,openstreetmap,openstreetmap,1,+44 20 7723 2229,25 New Quebec Street,W1H 7SF,https://www.openstreetmap.org/node/452169201
info@zoilo.co.uk,Zoilo,Westminster,Marylebone (also St Marylebone),Restaurant,https://www.zoilo.co.uk/,orders@zoilo.co.uk,venue website,openstreetmap,1,,9 Duke Street,,https://www.openstreetmap.org/node/6299031592
info@zonzorestaurant.com,Zonzo,Westminster,Paddington,Pizza,https://zonzorestaurant.com,,openstreetmap,openstreetmap,1,+44 20 7723 9777,342 Edgware Road,W2 1EA,https://www.openstreetmap.org/way/367087931
info@sanhaolondon.com,叁號麵館 Sanhao,Westminster,Soho,Asian; Chinese,https://sanhaolondon.com/,,venue website,openstreetmap,1,,3 Gerrard Street,,https://www.openstreetmap.org/node/13462905160
office@tokyodiner.com,東京ダイナー Tokyo Diner,Westminster,Covent Garden,American; Asian; Japanese; Sushi,https://www.tokyodiner.com/,,venue website,openstreetmap,1,+44 20 7287 8777,2 Newport Place,WC2H 7JJ,https://www.openstreetmap.org/node/13550939106
