email,name,name_local,district,categories,english,english_priority,english_score,site_language,why,website,other_emails,email_source,locations,phone,address,postcode,source,osm_url
barlenta.coffee@gmail.com,BARLENTA Slow Bar Coffee,,Bang Bua Thong District,Cafe,yes,High,4,English,website in English; English/Latin-script name,http://openlink.co/barlenta.coffee,,openstreetmap,1,+66926689641,56 Barlenta Slow Bar Coffee 1,11110,overture (meta),overture:18aa6446-3ff2-4e95-bbb7-8e542b6864d9
info@chokdeedimsum.com,Chokdee Dimsum,,Bang Bua Thong District,Chinese,yes,High,4,English,website in English; English/Latin-script name,https://www.chokdeedimsum.com/,,venue website,21,,,11110,overture (meta),overture:5fe7df24-4619-4420-841d-d90643bea2c5
cococraft@elec2rak.com,Cococraft SBBR,,Bang Bua Thong District,Restaurant,yes,High,4,English,website in English; English/Latin-script name,https://cococraft.bigbangboom.biz/,cococraft@bigbangboom.biz,openstreetmap,1,+66959521163,"93/2 M13 Sombat Buri, Bang Bua Thong, Bang Bua Thong",11110,overture (meta),overture:d4f79663-3b91-4760-9701-b0798077081b
rj.saratchanun@gmail.com,Farm to Table Cafe and Restaurant,,Bang Bua Thong District,Restaurant,yes,High,4,English,website in English; English/Latin-script name,https://lin.ee/HWJP5H4,,openstreetmap,1,+66959455661,34,11000,overture (meta),overture:51723464-dbc8-4ea4-9565-04b801da9f34
tajai-134@hotmail.com,Pang Cha Kafae,,Bang Bua Thong District,Cafe,yes,High,4,English,website in English; English/Latin-script name,https://line.me/ti/p/UTK1KHdBg4,,openstreetmap,1,+66830792196,84/61 Soi Wat Phai Lueang,11110,overture (meta),overture:7ec15104-1ab5-4954-b724-9b7ce0255865
sutthinee.amorn@gmail.com,Penny Bakery,,Bang Bua Thong District,Bakery,yes,High,4,English,website in English; English/Latin-script name,https://lin.ee/zvGIYH4,,openstreetmap,1,+66981566939,99 45-47 หมู่ 1 Bang Kruai - Sai Noi Rd,11110,overture (meta),overture:d0884c0d-699f-4e42-8888-bdee86030fe9
southerncoffeeclub@gmail.com,Southern Coffee,,Bang Bua Thong District,Cafe,yes,High,4,English,website in English; English/Latin-script name,http://www.southerncoffee.com/,,openstreetmap,1,+66830668223,Tesco Lotus Bang Buatong,11110,overture (meta),overture:b6adcacf-d6d2-4f99-a7c0-82112f26b301
tanwaofficial@gmail.com,Tanwa,,Bang Bua Thong District,Restaurant,yes,High,4,English,website in English; English/Latin-script name,http://www.tanwa-official.com/the-food-project,,openstreetmap,1,+66931212594,"100, 2 BangGruay-Srainoi Rd",11110,overture (meta),overture:790837e7-c3b8-4a21-a963-2217f8bad34f
mytummypleasure@gmail.com,Tummy Pleasure Gelato,,Bang Bua Thong District,Ice cream,yes,High,4,English,website in English; English/Latin-script name,https://tummypleasuregelato.co/,,openstreetmap,1,+66617955562,8/69 หมู่ 3 บ้านกลางเมืองราชพฤกษ์ - รัตนาธิเบศร์ บางรักใหญ่,11110,overture (meta),overture:80a9984d-2c25-45d8-b90d-1843792e237e
akirastudiobangkok@gmail.com,Akira,,Bang Bua Thong District,Cafe,yes,Medium,3,Bilingual,website has English; English/Latin-script name,https://www.akirabangkok.com/,,venue website,1,,11 ถนน พหลโยธิน,10400,overture (meta),overture:fd4b8e0d-4a92-4205-84ce-105c4d01e321
blackfateats@gmail.com,Blackfat Eats,,Bang Bua Thong District,Restaurant,yes,Medium,3,Bilingual,website has English; English/Latin-script name,https://www.salahtoon.com/Blackfat-project.html,salahtoon@gmail.com,openstreetmap,1,+66 98 261 3309,91/159 ม. 6 ซ.เต็มรักพัฒนา 9,,openstreetmap,https://www.openstreetmap.org/node/13232170988
kissingyou1150@gmail.com,Burger BY Myhouse,,Bang Bua Thong District,Burger,yes,Medium,3,,Western food (Burger); English/Latin-script name,,,openstreetmap,1,+66982598856,ถนน กรุงเทพฯ-นนทบุรี,11000,overture (meta),overture:f6a6ee09-c5fb-4c97-8a36-d42035103b33
the79castle@gmail.com,Castle79,,Bang Bua Thong District,Restaurant,yes,Medium,3,Bilingual,website has English; English/Latin-script name,https://wongn.ai/otr85,support@wongnai.com,openstreetmap,1,+66803963230,,,overture (meta),overture:ecfefbf2-c372-4ee1-be03-fdbbaa59440c
market.fair8@gmail.com,Coffee Post at ปณ.บางบัวทอง,Coffee Post at ปณ.บางบัวทอง,Bang Bua Thong District,Cafe,yes,Medium,3,English,website in English,https://shop.line.me/@cakekhunta,,openstreetmap,1,+66896980186,ไปรษณีย์ บางบัวทอง,11110,overture (meta),overture:e5ff690f-67f2-408e-8f13-7e9a1356e155
pornkitti@gmail.com,coffeebear homebrew,,Bang Bua Thong District,Breakfast,yes,Medium,3,,Western food (Breakfast); English/Latin-script name,,,openstreetmap,1,+66982462935,,,openstreetmap,https://www.openstreetmap.org/node/7494192531
1920.burger@gmail.com,Est.1920 Burger&Beer,,Bang Bua Thong District,Burger,yes,Medium,3,,Western food (Burger); English/Latin-script name,,,openstreetmap,1,+66626426356,"158, 9 Bang Kruai - Sai Noi Rd",11110,overture (meta),overture:1501448b-9afd-4cb6-a051-45a5bce91d56
glenonchy@gmail.com,Glenonchy,,Bang Bua Thong District,Breakfast,yes,Medium,3,,Western food (Breakfast); English/Latin-script name,,,openstreetmap,1,+66 81 6659423,1/19 345,,openstreetmap,https://www.openstreetmap.org/node/9141630555
gmcafebbq@gmail.com,GM Cafe’ Burger & BBQ,,Bang Bua Thong District,BBQ; Burger,yes,Medium,3,,"Western food (BBQ, Burger); English/Latin-script name",,,openstreetmap,1,+66984066083,"100, A, 158 ซอย 18",11110,overture (meta),overture:b3386938-ae21-4e5f-8552-f13c7fd04da2
suvan.group19@gmail.com,Koon Pizza Taw Fuen,,Bang Bua Thong District,Pizza,yes,Medium,3,,Western food (Pizza); English/Latin-script name,,,openstreetmap,1,+66616651838,"55, Horse 'N Coffee คอกม้า, et Asa Phatthana Rd",11110,overture (meta),overture:3206833c-86fc-402b-964a-09ec382fb023
nanoni.italianfusion@outlook.com,NANONI Italian Fusion,,Bang Bua Thong District,Italian,yes,Medium,3,,Western food (Italian); English/Latin-script name,,,openstreetmap,1,+66816681154,14 บางบัวทอง 3333 หมู่14 ซ. หมู่บ้านบัวทองธานี,11110,overture (meta),overture:ac9a4e1e-f0f5-4af8-894a-3a18bbce96ad
6314155070@rumail.ru.ac.th,Pizza Pisa,,Bang Bua Thong District,Pizza,yes,Medium,3,,Western food (Pizza); English/Latin-script name,,,openstreetmap,2,+66616808246,78/3 บางกรวย-ไทรน้อย,11110,overture (meta),overture:4cda98df-c4c5-4733-81c2-4376263be4b9
saratacafeandbistro@gmail.com,Sarata Café & Bistro,,Bang Bua Thong District,French,yes,Medium,3,,Western food (French); English/Latin-script name,,,openstreetmap,1,+66957458936,"9, บางบัวทอง 11 หมู่ 1 ซอย หมู่บ้านกานต์มณี ซอย เรือนไทย",11110,overture (meta),overture:b6d3d820-9e4e-4785-b12d-1f52d0565d73
siambistro.info@gmail.com,Siam Bistro,,Bang Bua Thong District,French,yes,Medium,3,,Western food (French); English/Latin-script name,,,openstreetmap,1,+66821960882,บ้านเลขที่ 106,11110,overture (meta),overture:7c4af756-2c76-4943-bb48-2c9f69e0ef01
snack2rock@gmail.com,"Snack2Rock Co., Ltd. บริษัท สแน็ค ทู ร็อค จำกัด","Snack2Rock Co., Ltd. บริษัท สแน็ค ทู ร็อค จำกัด",Bang Bua Thong District,Cafe,yes,Medium,3,English,website in English,http://www.snack2rock.com/,,openstreetmap,1,+6620899340,บัวทองแฟคตอรี่ 2,11110,overture (meta),overture:42d004ab-dc9b-49ef-96aa-2d1065f20317
hello@easysunday.com,SUN DAY,,Bang Bua Thong District,Restaurant,yes,Medium,3,Bilingual,website has English; English/Latin-script name,https://easysunday.com/,finance.th@easysunday.com,venue website,2,+66936803736,เมเจอนนทบุรี,11000,overture (meta),overture:31facd12-5b41-431a-b443-f8ab550d2495
sales5@infinity.co.th,The Infinity ดิ อินฟินิตี้,The Infinity ดิ อินฟินิตี้,Bang Bua Thong District,Restaurant,yes,Medium,3,English,website in English,http://infinity.co.th/,ist_center1@infinity.co.th,venue website,2,+66924422295,189/434,11110,overture (meta),overture:ff8e9bc4-acad-4862-a966-9ef88a22f4f7
timecafebistro@gmail.com,Time Cafe and Bistro,,Bang Bua Thong District,French,yes,Medium,3,,Western food (French); English/Latin-script name,,,openstreetmap,1,+66812505252,122 63 หมู่ที่ 1 Bang Kruai - Sai Noi Rd,11110,overture (meta),overture:4eaf1d64-c5e4-4c61-833e-eeca07ff0d93
wavety555@gmail.com,Wave Pizza 2020,,Bang Bua Thong District,Pizza,yes,Medium,3,,Western food (Pizza); English/Latin-script name,,,openstreetmap,1,+66949895577,46/285 ซอย 5,11110,overture (meta),overture:6f134633-57f9-4f50-9e21-0dcd608e1e48
i.love.you.28.mp@gmail.com,What-Eat-This?,,Bang Bua Thong District,Restaurant,yes,Medium,3,Bilingual,website has English; English/Latin-script name,https://wongn.ai/ucws7,support@wongnai.com,openstreetmap,1,+66929665384,กาญจนาภิเษก,11110,overture (meta),overture:0e505218-3bba-4f97-ac1e-406e618171f3
manit.j@hotmail.co.th,กิน-ดื่ม,กิน-ดื่ม,Bang Bua Thong District,Restaurant,yes,Medium,3,English,website in English,https://line.me/ti/p/FPcsxLOX5H,,openstreetmap,1,+66831775761,91 1,11110,overture (meta),overture:c31aea5c-e666-4b09-95cb-da3097dc414d
ratchanon.baanoum@gmail.com,ขนมบ้านอุ๋ม สาขาปตท.ถนนบ้านกล้วย-ไทรน้อย,ขนมบ้านอุ๋ม สาขาปตท.ถนนบ้านกล้วย-ไทรน้อย,Bang Bua Thong District,Bakery,yes,Medium,3,English,website in English,https://lin.ee/P830Ko7,,openstreetmap,2,+66807947888,23 ถนน บ้านกล้วย-ไทรน้อย,11110,overture (meta),overture:abf05dc5-29aa-4d27-b1dc-8d5e16980bb1
sukanya281955@gmail.com,ชีสซึกะ ปิ้งย่าง&ชาบู เดลิเวอรี่ สาขาบางบัวทอง,ชีสซึกะ ปิ้งย่าง&ชาบู เดลิเวอรี่ สาขาบางบัวทอง,Bang Bua Thong District,Asian; Japanese,yes,Medium,3,English,website in English,https://page.line.me/845luokk,,openstreetmap,1,+66946699746,เลขที่ 99/999 หมู่บ้านชัยพฤกษ์ ลาดปลาดุก ต.บางรักพัฒนา อ.บางบัวทอง จ.นนทบุรี,11110,overture (meta),overture:23badd40-155b-45b5-9aa9-bd10496898cf
thaimpack@gmail.com,บริษัท ไทยเอ็ม แพค จำกัด,บริษัท ไทยเอ็ม แพค จำกัด,Bang Bua Thong District,Asian; Thai,yes,Medium,3,English,website in English,https://www.thai-m-pack.co.th,,openstreetmap,1,,75 ม.6 ต.ละหาร อ.บางบัวทอง จ.นนทบุรี,11110,overture (meta),overture:cd99c3d2-9e08-44bc-8f36-0c7bdaec383d
husnatasha1991@gmail.com,ร้านสระ อา ชา -ชาไข่มุกดอทคอม,ร้านสระ อา ชา -ชาไข่มุกดอทคอม,Bang Bua Thong District,Restaurant,yes,Medium,3,English,website in English,https://line.me/ti/p/bqgV8juFSk,,openstreetmap,1,+66613061798,บางไผ่หนองเพรางาย,11110,overture (meta),overture:1e5c06de-40f6-4198-ba5c-848ab311bc1b
tuckmor@gmail.com,เครปปี้ พิต้า,เครปปี้ พิต้า,Bang Bua Thong District,Restaurant,yes,Medium,3,English,website in English,https://lin.ee/PkxNqeO,,openstreetmap,1,+66926583223,Bang Kruai - Sai Noi Rd,11110,overture (meta),overture:814ffe13-7bbb-4e49-aca9-1d3dc488f301
hiachang.restaurant@gmail.com,เฮียช้าง,เฮียช้าง,Bang Bua Thong District,Restaurant,yes,Medium,3,English,website in English,https://lin.ee/ostulxd,,openstreetmap,1,+66932229005,16/20 ม.เศรษฐพงศ์ ซ.วัดลาดปลาดุก,11110,overture (meta),overture:844832e7-73f0-47ce-80db-12d36319bc11
suprungruang666888@gmail.com,แอลดีบุฟเฟ่ต์หมูกระทะซีฟู้ดทะเลเผา,แอลดีบุฟเฟ่ต์หมูกระทะซีฟู้ดทะเลเผา,Bang Bua Thong District,Restaurant,yes,Medium,3,English,website in English,https://www.worldwideweb.com,,openstreetmap,1,+66629726888,แอลดีบุฟเฟ่ต์หมูกระทะซีฟู้ดทะเลเผา 25/14 หมู่ 5 ตำบลบางบัวทอง อำเภอบางบัวทอง,11110,overture (meta),overture:ffe51f51-dacb-497f-859b-a2e431badbc1
afish.lpd@gmail.com,โอบนา คาเฟ่ ชาบู ซีฟู้ด,โอบนา คาเฟ่ ชาบู ซีฟู้ด,Bang Bua Thong District,Restaurant,yes,Medium,3,English,website in English,https://lin.ee/rIV2zlE,,openstreetmap,1,+66970685358,เลขที่ 89/23มอ8,11110,overture (meta),overture:0fbdfd85-edf6-4e9c-bc9a-e4499fb205e5
admin@haromgroup.com,ไก่ย่างเมืองนนท์,ไก่ย่างเมืองนนท์,Bang Bua Thong District,Restaurant,yes,Medium,3,English,website in English,https://haromgroup.my.canva.site/,,openstreetmap,1,+66955466460,54 3,11110,overture (meta),overture:d9f63950-7fc7-491a-a6d9-2cf52a3a9020
steak29printing@yahoo.com,29สเต็ก บางบัวทอง,29สเต็ก บางบัวทอง,Bang Bua Thong District,Steak,no,Medium,2,,Western food (Steak),,,openstreetmap,1,+66869992342,2 ถนน บางกรวย-ไทรน้อย,11110,overture (meta),overture:c985b623-ffb0-4b02-82f4-91c1a111e7f5
dbestoffice@gmail.com,D-Best Bakery Supply ดีเบสท์ อุปกรณ์เบเกอรี่ และบรรจุภัณฑ์,D-Best Bakery Supply ดีเบสท์ อุปกรณ์เบเกอรี่ และบรรจุภัณฑ์,Bang Bua Thong District,Bakery,no,Medium,2,Bilingual,website has English,https://www.dbestbakery.com/,,venue website,1,+66623936241,39/83 หมู่ 6  ซ.วัดลาดปลาดุก   ถ.บางไผ่-หนองเพรางาย ต.บางรักพัฒนา,11110,overture (meta),overture:9aa96c54-3b03-40f4-bd69-3eaa61c6deef
bewty991@gmail.com,Dave cook steak Byบ้านลูกสาว,Dave cook steak Byบ้านลูกสาว,Bang Bua Thong District,Steak,no,Medium,2,,Western food (Steak),,,openstreetmap,1,+66810670710,บางกรวยไทรน้อย,11110,overture (meta),overture:0d388e70-3f68-4761-8369-1b5988a07f12
mnchayachinakul@gmail.com,Hipster Steak สาขาวัดลาดปลาดุก,Hipster Steak สาขาวัดลาดปลาดุก,Bang Bua Thong District,Steak,no,Medium,2,,Western food (Steak),,,openstreetmap,1,+66996096936,64 640,11110,overture (meta),overture:7e859f39-4e38-405e-8d56-a9bd4ea4681b
contact@iampizza.com,IamPizza ไอแอมพิซซ่า สาขาลาดปลาดุก อบร้อนๆมาแล้วจ้า,IamPizza ไอแอมพิซซ่า สาขาลาดปลาดุก อบร้อนๆมาแล้วจ้า,Bang Bua Thong District,Pizza,no,Medium,2,Local,Western food (Pizza),https://iampizza.com/,,venue website,1,+66984651429,แยกไฟแดง วัดลาดปลาดุก - รร.สากลศึกษาบางบัวทอง,11110,overture (meta),overture:5ac0cb09-49dd-41f3-8e60-1a8ca4da92ab
khembearland@gmail.com,Sala Steak ศาลาสเต็ก,Sala Steak ศาลาสเต็ก,Bang Bua Thong District,Steak,no,Medium,2,,Western food (Steak),,,openstreetmap,1,+66943461827,162/155 หมู่บ้าน ป. ผาสุขนิเวศ อ.บางบัวทอง ต.บางรักพัฒนา,11110,overture (meta),overture:ed84c28d-b6d3-4e98-88d4-fb1b1d3f2d71
bigtar1970@hotmail.com,ถั่วปั่นปั่น บัวทองธานี,ถั่วปั่นปั่น บัวทองธานี,Bang Bua Thong District,Burger,no,Medium,2,,Western food (Burger),,,openstreetmap,1,,,,overture (meta),overture:bfe430da-afb2-44de-983a-a379a1fd8f34
taweechokbangyai@gmail.com,ทวีโชคหมูกะทะ สาขาบางใหญ่ วัดลาดปลาดุก,ทวีโชคหมูกะทะ สาขาบางใหญ่ วัดลาดปลาดุก,Bang Bua Thong District,BBQ,no,Medium,2,Local,Western food (BBQ),https://taweechokdelivery.netlify.app/,,openstreetmap,1,+66643293517,28/1 ตำบลบางรักพัฒนา,11110,overture (meta),overture:df9f8279-f416-4bed-a98d-aaa135f8bc1a
tookgeobisikdang@gmail.com,ทุกกอบีชิกตัง K-Bbq,ทุกกอบีชิกตัง K-Bbq,Bang Bua Thong District,Asian; BBQ; Korean,no,Medium,2,,Western food (BBQ),,,openstreetmap,1,+66962462291,โครงการมิซาเอะ ถนน เลียบคลองบางไผ่ ตำบล บางรักพัฒนา อำเภอบางใหญ่ นนทบุรี 11140,11110,overture (meta),overture:c96edf88-cdba-4f1e-a603-beaab521c435
srithai@srithaiclassichome.net,บริษัท ศรีไทยคลาสสิคโฮม จำกัด,บริษัท ศรีไทยคลาสสิคโฮม จำกัด,Bang Bua Thong District,Asian; Thai,no,Medium,2,Bilingual,website has English,https://srithaiclassichome.net,,openstreetmap,1,+6629258862,14/18 หมู่ 18 ซอยชื่นประชา ถนนประชาชื่น,11110,overture (meta),overture:21badbf7-94b4-48aa-9c54-f11ccafafcbf
info@thaiopticalgroup.com,บริษัท ไทยออพติคอลกรุ๊ป จำกัด,บริษัท ไทยออพติคอลกรุ๊ป จำกัด,Bang Bua Thong District,Asian; Thai,no,Medium,2,Bilingual,website has English,https://www.thaiopticalgroup.com,sales_tog@thaiopticalgroup.com; product@thaiopticalgroup.com; career@thaiopticalgroup.com,venue website,1,,340,11110,overture (meta),overture:c37adcc3-a953-4527-a8c6-86a87ab6fd2e
r.chaiwat@hotmail.com,บอกต่อ-Shopping,บอกต่อ-Shopping,Bang Bua Thong District,Steak,no,Medium,2,,Western food (Steak),,,openstreetmap,1,+66840447194,หมู่3 ต.บางม่วง อ.บางใหญ่ ถ.กาญจนาภิเษก จ.นนทบุรี 11140,11110,overture (meta),overture:c0d31a93-e850-4534-971b-cd6b15a18132
maitxai999@hotmail.com,บ้านกลางสวนคาเฟ่ & สเต็กลุงใหญ่ คลองตาชม,บ้านกลางสวนคาเฟ่ & สเต็กลุงใหญ่ คลองตาชม,Bang Bua Thong District,Steak,no,Medium,2,,Western food (Steak),,,openstreetmap,1,+66973944246,สเต็กลุงใหญ่ คลองตาชม ถนนเลียบคลองตาชม ต.พิมลราช อ.บางบัวทอง จ.นนทบุรี ,11110,overture (meta),overture:6d311657-b147-4592-830f-08064dc32e17
pangjung1127@gmail.com,ปังจัง สังขยาโฮมเมด บางบัวทอง,ปังจัง สังขยาโฮมเมด บางบัวทอง,Bang Bua Thong District,Breakfast,no,Medium,2,,Western food (Breakfast),,,openstreetmap,1,+66898219898,67/35,11110,overture (meta),overture:63cb4581-c4f5-44e5-be94-5c00aa91d12b
meetangsteak6987@gmail.com,มีตังค์สเต็ก บ้านบัวทอง,มีตังค์สเต็ก บ้านบัวทอง,Bang Bua Thong District,Steak,no,Medium,2,Local,Western food (Steak),https://www.wongnai.com/r/359159HK,panpans0710@gmail.com; ayt.atitaya@gmail.com; chayada.ws01@gmail.com,openstreetmap,2,+66958620481,91/6 (ข้างร้านซ่อมมอเตอร์ไซค์ ม.บ้านบัวทอง ก่อนถึงแยกซอย19 ต.บางรักพัฒนา,11110,overture (meta),overture:c0876dfc-1485-4ee8-a057-b33e292e6a45
mamabooo1976@gmail.com,มีนม คาเฟ่,มีนม คาเฟ่,Bang Bua Thong District,Burger,no,Medium,2,,Western food (Burger),,,openstreetmap,1,+66846958936,ซอยวัดลาดปลาดุก หมู่บ้านอิมพีเรียลเพลส 80/161,11110,overture (meta),overture:a36215d9-305d-436c-b9de-f0f5c1a704b4
vasinchai.pp@gmail.com,รู้ง cafe&bistro,รู้ง cafe&bistro,Bang Bua Thong District,French,no,Medium,2,,Western food (French),,,openstreetmap,1,+66970453493,95/288 ซอย 15/3,11110,overture (meta),overture:e65a636c-de90-443b-99ab-6ce7f8c60e29
nuypaveena@hotmail.com,ร้านน้องได๋หมูกระทะ,ร้านน้องได๋หมูกระทะ,Bang Bua Thong District,BBQ,no,Medium,2,,Western food (BBQ),,,openstreetmap,1,+6625946127,"96, 224 หมู Soi Mu Ban Bua Thong 18",11110,overture (meta),overture:8227c1bf-7ae0-4a50-b0fa-8a1a47d3e9ec
saiheal.bistro@gmail.com,ร้านสายฮีล Bar & Bistro คลองถนน บางรักพัฒนา,ร้านสายฮีล Bar & Bistro คลองถนน บางรักพัฒนา,Bang Bua Thong District,French,no,Medium,2,,Western food (French),,,openstreetmap,1,+66896693739,14/4 ถนน กาญจนาภิเษก,11110,overture (meta),overture:5f299cf7-317a-4132-9be4-6979b2ecebce
suphachainz@gmail.com,หมูหันวังใหญ่,หมูหันวังใหญ่,Bang Bua Thong District,BBQ,no,Medium,2,Local,Western food (BBQ),https://www.vangyaipaisarn.com/,,openstreetmap,1,,เลขที่50/368 ซอย59 หมู่ที่5 ถนนบางไผ่หนองเพรางายต.บางคูรัด อ.บางบัวทอง จ.นนทบุรี 11110.,11110,overture (meta),overture:03c7cc28-d8cd-48a1-8d36-b2642867b40c
domonmildmay@gmail.com,213 coffee bar,,Bang Bua Thong District,Restaurant,no,Low,1,,English/Latin-script name,https://lin.ee/7zzaJTx,,openstreetmap,1,+66836247236,เลย ซอยโค้งสามวัง ,11110,overture (meta),overture:78bb2351-3582-4a5d-9511-269d55b9aa25
bike_story@yahoo.com,2B Bicycle and Coffee,,Bang Bua Thong District,Cafe,no,Low,1,,English/Latin-script name,,,openstreetmap,1,+66889842284,25/2 หมู่ที่ 1 Bang Kruai - Sai Noi Rd,11110,overture (meta),overture:429a297e-284e-452a-9271-93caca5cec15
thirtyfivecafe@gmail.com,35 Cafe,,Bang Bua Thong District,Asian; Thai,no,Low,1,,English/Latin-script name,,,openstreetmap,1,+66869827822,35 Yothathikan Nonthaburi Khao Wat Moli Rd,11110,overture (meta),overture:ec0ca88e-a2d6-4d7a-85e5-ea0d765a0df8
sukanyamoh1@hotmail.com,59/1 fifty nine one home cafe,,Bang Bua Thong District,Bakery,no,Low,1,,English/Latin-script name,,,openstreetmap,1,+66638562598,59/3 หมู่ 11 ต.บางบัวทอง อ.บางบัวทอง นนทบุรี ,11110,overture (meta),overture:eaf30b94-cfe8-410d-82cc-ccc2cd4a6c05
88focuscafe@gmail.com,88 Focus Coffee,,Bang Bua Thong District,Cafe,no,Low,1,,English/Latin-script name,,,openstreetmap,1,+66960560965,88 8,11110,overture (meta),overture:f270cf8a-6be5-4abe-84ca-2995c0fca4fd
asurabangbuathong@gmail.com,a sura,,Bang Bua Thong District,Restaurant,no,Low,1,,English/Latin-script name,,,openstreetmap,1,+66957714093,36 51,11110,overture (meta),overture:671744c8-bbf8-45c9-9c55-28989efbac37
amcoffee.4411@gmail.com,Amulet Coffee,,Bang Bua Thong District,Cafe,no,Low,1,,English/Latin-script name,,,openstreetmap,1,+66800564411,"23, 9",11110,overture (meta),overture:0378be1d-22cb-4824-9648-7e4ce49e0ce7
antoinettebakehouse.2025@gmail.com,Antoinette Bakehouse And Cafe,,Bang Bua Thong District,Bakery,no,Low,1,,English/Latin-script name,,,openstreetmap,1,+66854466642,78/3 บางกรวย-ไทรน้อย,11110,overture (meta),overture:3d70d49c-7d7d-421a-bb6e-1365079b74fa
assava.learningspace@gmail.com,Assava Cafe and Learning Space,,Bang Bua Thong District,Cafe,no,Low,1,,English/Latin-script name,https://lin.ee/yZXCB95,,openstreetmap,1,+66926801685,,11110,overture (meta),overture:72398b3a-3276-4a13-8111-3e66af5a050f
sumtuk@gmail.com,Baan Bon Bua,,Bang Bua Thong District,Restaurant,no,Low,1,,English/Latin-script name,,,openstreetmap,1,+66658653915,10 ถ. เลียบคลองบางไทร,11110,overture (meta),overture:b4aeac82-8cc4-41b6-9380-c9992c0bf974
laddathada@hotmail.com,Baan Cake Aroi,,Bang Bua Thong District,Bakery,no,Low,1,,English/Latin-script name,,,openstreetmap,1,+66621954654,Baan cakea-roi หมู่บ้านเฟื่องสุข2 ต.ลำโพ อ.บางบัวทอง จ.นนทบุรี,11110,overture (meta),overture:76f70164-3531-4a57-8bec-770a65045734
phenporn1887@gmail.com,Baan Craft Beer,,Bang Bua Thong District,Cafe,no,Low,1,,English/Latin-script name,,,openstreetmap,1,+66800622835,"14/2 หมู่7 ซ.วัดลาดปลาดุก ตลาด, ป.สามเกลอ",11110,overture (meta),overture:b77e440a-732c-4050-ade1-234b1d0e14f4
millionfooddd@gmail.com,Bangkok Congee (Bang Bua Thong),,Bang Bua Thong District,Restaurant,no,Low,1,Local,English/Latin-script name,https://shopee.co.th/millionfooddd,,openstreetmap,1,+66627965693,101 107 ซอย หมู่บ้านกฤษดานคร 11,11110,overture (meta),overture:776c8e3a-756a-4024-982b-91813c630048
beblisscoffee@gmail.com,Be Bliss Coffee,,Bang Bua Thong District,Cafe,no,Low,1,,English/Latin-script name,,,openstreetmap,1,+66629948843,ตลาดสมบัติบุรี,11110,overture (meta),overture:e4e6cd95-363e-4452-98a8-3560dcc94462
suwapitch.ph@gmail.com,Bemind Food&Dessert,,Bang Bua Thong District,Cafe,no,Low,1,,English/Latin-script name,,,openstreetmap,1,+66986965416,"Sanoloy, Bangbuathong",11110,overture (meta),overture:c6cd958d-384d-4d5b-ac46-e85dd4efb785
bigbearfamilyth@gmail.com,BIGBEAR Eatery,,Bang Bua Thong District,Restaurant,no,Low,1,,English/Latin-script name,,,openstreetmap,1,+66900899992,,,openstreetmap,https://www.openstreetmap.org/node/9810531717
thaiproductstrading@gmail.com,Black Almond Café Coffee and Tea,,Bang Bua Thong District,Cafe,no,Low,1,Local,English/Latin-script name,https://www.wongnai.com/restaurants/1557581MU-black-almond-coffee-tea,bigbearfamilyth@gmail.com; jimbayon@hotmail.com; ped2007v1@gmail.com; dabadwin@hotmail.com; tlovemanu123@gmail.com; campingmookata@gmail.com; khaokaengsiam@gmail.com; khawn_rukna_109@hotmail.com; chayada.ws01@gmail.com; ayt.atitaya@gmail.com,openstreetmap,1,+66814014949,"67, 5",11110,overture (meta),overture:4bb41c83-58e7-4ea5-a6e8-70d1ec8899c9
mildmint2534@gmail.com,BoonChob Coffee & Crepe,,Bang Bua Thong District,Cafe,no,Low,1,,English/Latin-script name,,,openstreetmap,1,+66917382534,,11110,overture (meta),overture:dae691f0-9860-401b-8710-878a13736b91
brosbake@gmail.com,Bro's Bakery,,Bang Bua Thong District,Bakery,no,Low,1,,English/Latin-script name,,,openstreetmap,1,+66925925552,หมู่บ้านพฤกษา วิลเลจ เดอะ ซีซั่น กาญจนาภิเษก บางใหม่,11140,overture (meta),overture:562dc35f-112f-42fa-bd77-268d3e6fed33
supawat27@hotmail.com,BV Coffee Slowbar,,Bang Bua Thong District,Cafe,no,Low,1,,English/Latin-script name,,,openstreetmap,1,+66888341349,46 ปากทางเข้าวัดพุทโธภาวนา 915 ซอย หมู่บ้านพฤกษา 3,11110,overture (meta),overture:dd6ceefe-6dfb-405e-84e6-6190c7d96eea
c.kids.village@gmail.com,C-Kids Village,,Bang Bua Thong District,Cafe,no,Low,1,,English/Latin-script name,,,openstreetmap,1,+66953344081,,,overture (meta),overture:a19c1acb-61e1-46ba-8e08-dbce06cf3306
264coffee@gmail.com,Cafe 264,,Bang Bua Thong District,Cafe,no,Low,1,,English/Latin-script name,,,openstreetmap,1,+66824433264,Soi Wanlada,11110,overture (meta),overture:b594072b-1a80-4805-868a-5f464b3ed7f7
joy.jirawan58@gmail.com,Cafe by Joy,,Bang Bua Thong District,Cafe,no,Low,1,,English/Latin-script name,,,openstreetmap,1,+66864401858,99 10 หมู่u200b2 ซอยวัดลำโพ,11110,overture (meta),overture:e1643f16-7650-45ef-9424-cf4ac680efab
cafedefin@gmail.com,Cafe de Fin,,Bang Bua Thong District,Cafe,no,Low,1,,English/Latin-script name,,,openstreetmap,1,+66629416915,"93/74-75 หมู่10, ถนนกาญจนาภิเษก",11110,overture (meta),overture:d4b1d68e-e218-4498-99a6-439a56d8996c
cafedelampho@gmail.com,Cafe De Lampho,,Bang Bua Thong District,Cafe,no,Low,1,,English/Latin-script name,,,openstreetmap,1,+66614295969,"13.958454, 100.426870",,overture (meta),overture:ee62b84b-1bba-49d6-8aab-ae0bd3c5b920
mai8799@gmail.com,Caffeine Moka Pot,,Bang Bua Thong District,Cafe,no,Low,1,,English/Latin-script name,,,openstreetmap,1,+66813618799,ปาก ซอย 71,11110,overture (meta),overture:558d3d96-009f-41d0-8a26-72f223b94aff
green.bai.tong@gmail.com,Café Des Souvenirs,,Bang Bua Thong District,Cafe,no,Low,1,,English/Latin-script name,,,openstreetmap,1,+66909852172,,11110,overture (meta),overture:69b21839-5911-4a6a-8a86-9625762affa8
cafehome122@gmail.com,Café@Home,,Bang Bua Thong District,Cafe,no,Low,1,,English/Latin-script name,,,openstreetmap,1,+66967238300,บางบัวทอง 89/112,11110,overture (meta),overture:45b1de5a-c7c2-4340-b174-147a8914d79d
centrocafe144@gmail.com,Centrocafe&food,,Bang Bua Thong District,Cafe,no,Low,1,,English/Latin-script name,,,openstreetmap,2,+956326445,88/144   มบ.centro westgate,11110,overture (meta),overture:2cf1789e-7a4c-411c-94d3-814a472c90d2
chaabakery@gmail.com,chaa Bakery,,Bang Bua Thong District,Bakery,no,Low,1,,English/Latin-script name,,,openstreetmap,1,+6629212607,48/1 หมู่7 Rattanathibet Rd,11110,overture (meta),overture:c96cc103-95af-4834-8aed-27b976092405
chacha.cafe24@gmail.com,chacha cafe,,Bang Bua Thong District,Cafe,no,Low,1,,English/Latin-script name,,,openstreetmap,1,+66619544552,"28, 42",11110,overture (meta),overture:2cef9ff5-1a00-466b-a0b2-c1f4f796ea72
charmspecialtycoffee@gmail.com,CHARM Specialty Coffee,,Bang Bua Thong District,Cafe,no,Low,1,,English/Latin-script name,,,openstreetmap,1,+66935767799,106 ถ. ชัยพฤกษ์,11110,overture (meta),overture:e3714b3a-fbf1-435d-bb39-6a97557cfa53
napatman_2532@hotmail.com,Charoen Coffee Roasters,,Bang Bua Thong District,Cafe,no,Low,1,,English/Latin-script name,,,openstreetmap,1,+66894576537,ปทุมธานี - บางเลน,11150,overture (meta),overture:e5be19eb-47f5-4395-8814-c61026fc7e8e
chibiburn@gmail.com,Chibi Burn,,Bang Bua Thong District,Restaurant,no,Low,1,,English/Latin-script name,,,openstreetmap,1,+66840454855,9/319 ซอย23 8 หมู่8 Mu Ban Ban Bua Thong Rd,11140,overture (meta),overture:39eb69ef-f075-4426-b51f-2a454a362467
kookkai.kk.1254@gmail.com,Coffee Addict,,Bang Bua Thong District,Cafe,no,Low,1,,English/Latin-script name,,,openstreetmap,1,+66832261493,32/14 ซอย54,11140,overture (meta),overture:ffa419f7-0a40-42b3-8c39-78b0cc3bd5bd
collatea02bbm@gmail.com,Collatea Bangbuathong Market,,Bang Bua Thong District,Restaurant,no,Low,1,,English/Latin-script name,,,openstreetmap,1,+66993517947,20/7 หมู่5 ตำบลโสนลอย อำเภอบางบัวทอง,11110,overture (meta),overture:72e8d68e-b919-4a7e-9ba7-819455d7fd52
costlycoff@gmail.com,CostlyCoff,,Bang Bua Thong District,Cafe,no,Low,1,,English/Latin-script name,,,openstreetmap,1,+66970898704,99/18 ลำโพ ซอย 9,11110,overture (meta),overture:e5ac28a8-aabe-4bd6-a66f-ad94c3b33188
ratchatawanla@gmail.com,CRAFT Bake Coffee House,,Bang Bua Thong District,Cafe,no,Low,1,,English/Latin-script name,,,openstreetmap,1,+66925326369,99/647 ชลลดา 4/8,11110,overture (meta),overture:5866b61e-8410-4b57-a5b5-ef4ab73db884
in_dybox@yahoo.com,Dcup Cafe' and Gallery,,Bang Bua Thong District,Restaurant,no,Low,1,,English/Latin-script name,,,openstreetmap,1,+66868465455,Lak khon Road,11110,overture (meta),overture:a1a01127-e5a1-467a-94d8-01aab5ff62d7
hdgrestaurantgroup.thailand@gmail.com,Dragon Grill,,Bang Bua Thong District,Restaurant,no,Low,1,,English/Latin-script name,"https://www.google.co.th/maps/place/Dragon+grill/@13.8775853,100.4318693,17z/data=!3m1!4b1!4m5!3m4!1s0x30e2903a55555555:0x93df8a50195b5ade!8m2!3d13.8775868!4d100.4340522?hl=th",,openstreetmap,1,+66971495922,86 18 หมู่ที่ 6 Bang Kruai - Sai Noi Rd,11110,overture (meta),overture:da04b3a3-bdf9-4c65-961c-8048e9eca39d
8slowbar@gmail.com,Eight coffee slow bar,,Bang Bua Thong District,Restaurant,no,Low,1,,English/Latin-script name,,,openstreetmap,1,+66881463345,"Liab klong bangsai road, Bang khu rat",11110,overture (meta),overture:700c6286-a81e-406b-99dc-bb91462f0be3
joycafemilk@gmail.com,ENJOY Cafe,,Bang Bua Thong District,Cafe,no,Low,1,,English/Latin-script name,,,openstreetmap,1,+66989825226,102 474,11110,overture (meta),overture:0b8e81aa-3b28-4a64-80e0-53a36c226f8c
fareeda.jitruetai32@gmail.com,Fareeda Shop,,Bang Bua Thong District,Cafe,no,Low,1,,English/Latin-script name,,,openstreetmap,1,+66905732092,90 90/350 350 หมู่ 8 Soi Mu Ban Saeng Bua Thong Villa,11110,overture (meta),overture:68f32192-e056-4436-8920-82ef552191ef
khaiharnn@gmail.com,First Milk,,Bang Bua Thong District,Cafe,no,Low,1,,English/Latin-script name,,,openstreetmap,1,+66879903341,50/2220 หมู่ 5 หมู่บ้าน พฤกษา3 ถ.บางไผ่-หนองเพรางาย ต.บางคูรัด อ.บางบัวทอง,11110,overture (meta),overture:3ada80d0-abf3-4a95-993a-a751d14c64dd
ideal_nam@hotmail.com,Freeze Bit,,Bang Bua Thong District,Restaurant,no,Low,1,,English/Latin-script name,https://lin.ee/HcxniOM,,openstreetmap,1,+66866553980,Nonthaburi,,overture (meta),overture:7258e127-75a2-4566-af13-ec26ecab6630
fulong_hotpot@hotmail.com,Fulong Hot Pot,,Bang Bua Thong District,Restaurant,no,Low,1,,English/Latin-script name,,,openstreetmap,1,+66917416525,Jas,11110,overture (meta),overture:0713b19d-bfbd-4da6-9867-f91ae5fd11bb
fuyuhaircut@gmail.com,Fuyu Hair Cut,,Bang Bua Thong District,Cafe,no,Low,1,,English/Latin-script name,,,openstreetmap,1,+66616642971,15 บัวทองธานี,11110,overture (meta),overture:7facba85-b4b2-45e9-b12b-64d6371b60c6
gussbeatsbar@gmail.com,Gus's Beats Bar,,Bang Bua Thong District,Bar,no,Low,1,,English/Latin-script name,,,openstreetmap,1,+66636872583,ก่อนถึงโรงเรียนสารสาสน์วิเทศไทรน้อยพิทยาคาร,11110,overture (meta),overture:ab36d087-430d-4464-a490-fd14fba40ecc
hanuicecream@gmail.com,hanu ice cream,,Bang Bua Thong District,Ice cream,no,Low,1,,English/Latin-script name,,,openstreetmap,1,+66951645924,Max Value ลาดปลาดุก บางรักพัฒนา,11110,overture (meta),overture:2773861c-c263-4bb3-83bd-18c423e20086
haveanicetimebar@gmail.com,Haveanicetime,,Bang Bua Thong District,Bar,no,Low,1,,English/Latin-script name,,,openstreetmap,1,+66984066083,ซอยวัดลาดปลาดุก เทศบาลนครนนทบุรี,11110,overture (meta),overture:055f34ba-8e5d-47de-bcbb-563642fb5028
araya.som1996@gmail.com,High Coffee,,Bang Bua Thong District,Cafe,no,Low,1,,English/Latin-script name,,,openstreetmap,1,+66809889029,Soi Mu Ban Bua Thong Thani 5,11110,overture (meta),overture:e2376e4a-e87c-4ebd-a480-f2d244e66a6e
arty1535@gmail.com,Hobby Craft Beer,,Bang Bua Thong District,Restaurant,no,Low,1,Local,English/Latin-script name,http://hobby-craftbeer.epizy.com/,,openstreetmap,1,+66926325070,"H4, Sombut Buri Market, Kanchanaphisek Rd",11110,overture (meta),overture:6240a70e-7baf-4d34-b7d5-ab08dedcb06e
homhughouse@gmail.com,Hom Hug House Cafe,,Bang Bua Thong District,Cafe,no,Low,1,,English/Latin-script name,,,openstreetmap,1,+66948641852,174 ม.3 ต.พิมลราช อ.บางบัวทอง จ.นนทบุรี,11110,overture (meta),overture:be1df7c1-0e49-4a09-8c5e-874f5369cc6f
homefreshcooking@gmail.com,Home Fresh Real Food,,Bang Bua Thong District,Restaurant,no,Low,1,,English/Latin-script name,,,openstreetmap,1,+66837946175,Home Fresh Real Food เลขที่98/1 ห้องT125 ม.11 อำเภอบางบัวทอง นนทบุรี 11110,11110,overture (meta),overture:7a84ccd4-2a59-41ee-a2be-1fd8ab828906
tiger25252011@hotmail.com,Home salmon,,Bang Bua Thong District,Restaurant,no,Low,1,,English/Latin-script name,,,openstreetmap,1,+66995196424,พฤกษา14 B ต.บางคูลัด อ. บางบัวทอง จ.นนทบุรี,11110,overture (meta),overture:15b6432d-0931-4074-a4f4-158cc6ea7474
dee.mada.kp@gmail.com,Honey Siam,,Bang Bua Thong District,Ice cream,no,Low,1,,English/Latin-script name,,,openstreetmap,1,+66826755736,,,overture (meta),overture:10e67a5c-6575-4998-bf21-5ad37c1416ff
taintain53@hotmail.com,Horse 'N Coffee,,Bang Bua Thong District,Cafe,no,Low,1,,English/Latin-script name,,,openstreetmap,1,+66943659361,et Asa Phatthana Rd,11110,overture (meta),overture:79209f9f-f2fd-4ddc-a9f6-4fd2d5c5a5fc
humblehomecaffe@gmail.com,Humble Home Kaffe,,Bang Bua Thong District,Cafe,no,Low,1,,English/Latin-script name,,,openstreetmap,1,+66972971793,"101/530 B01, Soi Mu Ban Chonlada",11110,overture (meta),overture:e18fdfd8-fd67-4782-8e62-355d04202306
inthemoodforcoffee18@gmail.com,In the MOOD for Coffee,,Bang Bua Thong District,Cafe,no,Low,1,,English/Latin-script name,,,openstreetmap,1,,"88/1 Room F18, 1st Avenue, Bang Bua Thong-Suphanburi Road, Lahan",11110,overture (meta),overture:42a40a94-af3a-42bd-a9ad-53916fc05008
jazmingelato@gmail.com,Jazmín Gelato,,Bang Bua Thong District,Ice cream,no,Low,1,,English/Latin-script name,,,openstreetmap,1,+66962481319,บางกรวย-ไทรน้อย,11150,overture (meta),overture:6416ad01-d845-428f-b8fa-6e46a5aa58a6
jazzupcoff@gmail.com,Jazzup Coffee,,Bang Bua Thong District,Cafe,no,Low,1,,English/Latin-script name,,,openstreetmap,1,+66649361897,ซ. วัดลาดปลาดุก,11110,overture (meta),overture:40561978-bd3b-4f99-8c9b-f236e0d2eaa5
josephinemassagecafe@gmail.com,Josephine Massage and Cafe,,Bang Bua Thong District,Cafe,no,Low,1,,English/Latin-script name,,,openstreetmap,1,+66824117919,หมู่บ้าน ม.ชลลดา บางบัวทอง เลขที่ 101/550 Bang Kruai - Sai Noi Rd,11110,overture (meta),overture:e324241b-e146-4896-9b95-b06f94d999ab
kailani.cafenon@gmail.com,Kailani Cafe : Bev & Meals,,Bang Bua Thong District,Cafe,no,Low,1,,English/Latin-script name,,,openstreetmap,1,+66917793117,ละหาร,11110,overture (meta),overture:998ae084-2bab-4dbe-8736-8f451ebee35b
fern_enjoy_you@hotmail.com,KAN Coffee Tea Dessert,,Bang Bua Thong District,Cafe,no,Low,1,,English/Latin-script name,,,openstreetmap,1,+6620001617,49 82,11110,overture (meta),overture:3bd59d90-8e3e-4f18-989a-0ca13bd8e1a5
piyaporn.pk.11@gmail.com,Kaprao 66,,Bang Bua Thong District,Restaurant,no,Low,1,Local,English/Latin-script name,https://wongn.ai/zc11b,support@lmwn.com; pr@lmwn.com,openstreetmap,1,+66836857977,100/66 หมู่ที่2 S Gate Town ราชพฤกษ์ 345,11110,overture (meta),overture:9480f8fd-2742-4706-9d44-d03188e99fd0
siamnurse2547@gmail.com,Karnrawee Bakery homemade,,Bang Bua Thong District,Bakery,no,Low,1,,English/Latin-script name,,,openstreetmap,1,+66821232985,555/50 คณาสิริชัยพฤกษ์วงแหวน,11110,overture (meta),overture:7207f2f7-7c95-4388-a693-e779ddbccc61
jidapa9347@windowslive.com,KAYA CAFE,,Bang Bua Thong District,Cafe,no,Low,1,,English/Latin-script name,,,openstreetmap,1,+66817909399,https://maps.app.goo.gl/RAS6eWepgSEiCGpeA?g_st=ipc,20150,overture (meta),overture:ee78ed95-db62-42ee-a8e3-599d79a8ba05
th-pttorkanchanapisek-bangbuathong@qsa.co.th,KFC,,Bang Bua Thong District,Takeaway,no,Low,1,,English/Latin-script name,https://kfc.co.th/,,openstreetmap,1,,"177/8 Village No. 3, Phimonrat Subdistrict, Bang Bua Thong District",11110,overture (AllThePlaces),overture:1e09545c-b05d-452b-8bc6-8e6b44a8ba49
kfcpby@crg.co.th,KFC,,Bang Bua Thong District,Takeaway,no,Low,1,,English/Latin-script name,https://kfc.co.th/,,openstreetmap,1,,"95/25 Moo 4, Tambol Bangrak Pattana, Amphur Bangbuathong",11110,overture (AllThePlaces),overture:8344dbca-7e0b-46b0-90a1-9aee05cdd8b8
mj.retail.corp@gmail.com,Kita Tea Stand,,Bang Bua Thong District,Restaurant,no,Low,1,,English/Latin-script name,,,openstreetmap,1,+66981498181,50 1726 ซอย หมู่บ้านพฤกษา 3,11110,overture (meta),overture:ab66e5d9-b73b-4582-b502-a23835ee75ec
naegbox@gmail.com,Koiya,,Bang Bua Thong District,Asian; Japanese,no,Low,1,Local,English/Latin-script name,https://wongn.ai/21MUwR,support@lmwn.com; pr@lmwn.com,openstreetmap,1,+66810486094,บ้านกล้วยไทรน้อย,11110,overture (meta),overture:6ddf8395-1bf0-4a52-95ce-e29f1ade28ed
krayaharn.th@gmail.com,Kra-Ya-Harn,,Bang Bua Thong District,Restaurant,no,Low,1,,English/Latin-script name,,,openstreetmap,1,+66988870442,77 56 หมู่9 ซ. หมู่บ้านซื่อตรงบางใหญ่,11110,overture (meta),overture:d3c76c8e-d63d-4d89-a7de-4c03881a31f4
lingdamland@gmail.com,Lingdam Land,,Bang Bua Thong District,Restaurant,no,Low,1,,English/Latin-script name,,,openstreetmap,1,+66818472247,"โครงการลิงดำแลนด์, 20/8",11110,overture (meta),overture:d3b2affa-4d46-49b6-adc1-949aee7b7403
lovecupscafe@gmail.com,Love Cups Cafe & Studio,,Bang Bua Thong District,Cafe,no,Low,1,,English/Latin-script name,,,openstreetmap,1,+66953854196,Baan Kluay - Sai Noi Rd,11110,overture (meta),overture:48d3ee81-addc-4be0-9ff0-8294828cb817
mamacoffee8888@gmail.com,Mama. Coffee,,Bang Bua Thong District,Cafe,no,Low,1,,English/Latin-script name,,,openstreetmap,1,+66658156444,WC8H+JW ตำบล พิมลราช อำเภอบางบัวทอง นนทบุรี 11110,11110,overture (meta),overture:78e38398-0b08-4347-8938-c05c0f9bf508
marchkoffcafe@gmail.com,Marchkoff cafe,,Bang Bua Thong District,Cafe,no,Low,1,,English/Latin-script name,,,openstreetmap,1,+66832268629,95/289 ซ.15 5,11110,overture (meta),overture:c4b967aa-2365-4c75-b85f-bfe566c3b12f
8kiwi8@gmail.com,Meraya Bar 53,,Bang Bua Thong District,Bar,no,Low,1,,English/Latin-script name,,,openstreetmap,1,+66816464955,หมู่ที่ 6 159/53 Sammakorn Avenue,11110,overture (meta),overture:dc5675ba-5484-485c-b87a-14e4a0ac9288
beem01989@gmail.com,Midnight cafe halal,,Bang Bua Thong District,Halal,no,Low,1,,English/Latin-script name,,,openstreetmap,1,+66961700025,2,11110,overture (meta),overture:6148c7f6-3c59-4215-b1b6-db8144825879
titaree290@gmail.com,Moka Garden coffee,,Bang Bua Thong District,Cafe,no,Low,1,,English/Latin-script name,,,openstreetmap,1,+66813006920,มบ.บัวทอง 4 เลขที่ 76/421,11110,overture (meta),overture:720c52cf-8f8e-4415-b308-3ca554fcef7c
poapad2536@gmail.com,Mokapot coffee by pod,,Bang Bua Thong District,Cafe,no,Low,1,,English/Latin-script name,,,openstreetmap,1,+66827933717,ถนนเมน พฤกษา 3 สี่แยก,11110,overture (meta),overture:35bec27f-a8e7-4a20-a811-04541d7b1bf0
panawan154@gmail.com,Mood Sand kitchen,,Bang Bua Thong District,Restaurant,no,Low,1,,English/Latin-script name,,,openstreetmap,1,+66829834632,48 ก๋วยเตี๋ยวต้มยำ ฮาลาล Mood Sand 9 ตำบล ท่าอิฐ อำเภอปากเกร็ด นนทบุรี 11120,11120,overture (meta),overture:7f6b4833-d5bf-4a37-9ac7-bb84bb8c75da
mamonbut@gmail.com,Mr.Butter by Mamon,,Bang Bua Thong District,Bakery,no,Low,1,,English/Latin-script name,,,openstreetmap,1,+66802601925,เลขที่​ 252/35​ หมู่บ้าน​ vora​ town,11110,overture (meta),overture:6a672c04-7b0c-4118-8e72-a9828a59fec6
musuko.shabu@gmail.com,Musuko Shabu & Grill,,Bang Bua Thong District,Restaurant,no,Low,1,,English/Latin-script name,,,openstreetmap,1,+66967155515,108 8 Bang Kruai - Sai Noi Rd,11110,overture (meta),overture:17641a5e-7c35-4a1b-8d57-82548e85f03c
apiwatz2@hotmail.com,Nailee franchise,,Bang Bua Thong District,Takeaway,no,Low,1,,English/Latin-script name,,,openstreetmap,1,+66945705716,6 ซอย ทางเข้า,10240,overture (meta),overture:7c464ccc-174f-4c15-af37-c519674c2ddc
oatmartin2022@gmail.com,Oatmakase,,Bang Bua Thong District,Restaurant,no,Low,1,,English/Latin-script name,,,openstreetmap,1,,8/136 ซอย 4ใหม่  หมู่บ้านรัตนาธิเบศน์ ต.บางรักพัฒนา อ.บางบัวทอง จ.นนทบุรี 11110,11110,overture (meta),overture:2fd44dad-6298-4e16-98f6-80b7596fa7b6
oneby111@gmail.com,One Cafe By 111,,Bang Bua Thong District,Bakery,no,Low,1,,English/Latin-script name,,,openstreetmap,1,+66614166939,1 สุขุมวิท 16,10110,overture (meta),overture:4a08f77d-696b-4c56-8058-4641d4a4bafb
janhathaiphat@gmail.com,Overdose Coffee and More,,Bang Bua Thong District,Cafe,no,Low,1,,English/Latin-script name,,,openstreetmap,1,+66610629064,"Overdose coffee, Bang Kruai - Sai Noi Rd",11110,overture (meta),overture:22ca1ff6-11bb-4ed6-8f0a-e48e9c91f92d
pakmoodcafe@gmail.com,Pakmood Cafe,,Bang Bua Thong District,Cafe,no,Low,1,,English/Latin-script name,,,openstreetmap,1,+66899148228,"Khlong Prapa Road, ตำบล หนองเพรางาย อำเภอไทรน้อย นนทบุรี 11150",11150,overture (meta),overture:17aafc00-0aa0-4eaf-ad2c-543261b62119
kasongboy@hotmail.com,Panan Coffee home,,Bang Bua Thong District,Cafe,no,Low,1,,English/Latin-script name,,,openstreetmap,1,+66958095895,120 170 Chan Thong Iam Rd,11110,overture (meta),overture:3dc588c7-9b30-4282-bc7f-25525974fe39
ohchalermsa99@gmail.com,Panda Kitchen,,Bang Bua Thong District,Asian,no,Low,1,,English/Latin-script name,,,openstreetmap,1,+66968426955, ร้านแพนด้า คิทเช่น PandaKitchen หมู่บ้าน Villaggio Bang Yai วิลเลจจิโอ บางใหญ่,11140,overture (meta),overture:6fd8428d-341f-4715-89b3-baa8c33c0984
passionnate.roaster@gmail.com,Passionate Roastery & Training,,Bang Bua Thong District,Cafe,no,Low,1,Local,English/Latin-script name,https://shopee.co.th/passionate_roaster?smtt=0.0.9,,openstreetmap,1,+66622698889,9 ซอย ราษฎร์ทูลเกล้า,11110,overture (meta),overture:146fcf9d-8471-4ce1-9717-7b14d41169e1
karagade19@gmail.com,PK House Coffee & Café,,Bang Bua Thong District,Cafe,no,Low,1,,English/Latin-script name,,,openstreetmap,1,+66863509633,,,overture (meta),overture:b7042e80-e1e1-42af-afd4-b8ba7f3c3d00
pruksacafe74@gmail.com,Pruksa Cafe 74,,Bang Bua Thong District,Cafe,no,Low,1,,English/Latin-script name,,,openstreetmap,1,+66926635998,74/3 หมู่5 ซอยเลียบคลองนายบาง ถนน บางไผ่-หนองเพรางาย,11110,overture (meta),overture:da9e9cb9-2e4b-494d-a63b-9c1d8a80af49
ccubcake@gmail.com,Rich Bakery,,Bang Bua Thong District,Bakery,no,Low,1,,English/Latin-script name,,,openstreetmap,1,+66655595496,ซ.จันทร์ทองเอี่ยม,11110,overture (meta),overture:7ad0643d-1a75-480d-8544-3d31b7e60197
rockcafe.bbt@gmail.com,Rock Cafe,,Bang Bua Thong District,Cafe,no,Low,1,,English/Latin-script name,,,openstreetmap,1,+66841260002,15 159,11110,overture (meta),overture:a64856ff-9512-47c8-b7b9-32a937cb67c5
rondo.industries.design@gmail.com,Rondo Cafe and Shop,,Bang Bua Thong District,Cafe,no,Low,1,,English/Latin-script name,,,openstreetmap,1,+66911899998,72/3 หมู่ 6 Soi Tem Rak Phatthana 9,11110,overture (meta),overture:691e3523-697d-457d-976a-4232c431482d
preecha.benzz@gmail.com,Safe Zone Bar,,Bang Bua Thong District,Bar,no,Low,1,,English/Latin-script name,,,openstreetmap,1,+66618170666,"เมืองใหม่สมบัติบุรี, 2",11110,overture (meta),overture:27558d9e-5bc3-49c4-ab66-6eb6ded29e50
evervibe.th@gmail.com,Serene sips,,Bang Bua Thong District,Cafe,no,Low,1,,English/Latin-script name,,,openstreetmap,1,+66661565463,ตลิ่งชัน-สุพรรณบุรี,11110,overture (meta),overture:4ee22b18-e1d3-414c-848c-38ffd476d561
shinzoku.th@gmail.com,Shinzoku Japanese Restaurant,,Bang Bua Thong District,Japanese,no,Low,1,,English/Latin-script name,,,openstreetmap,1,+66800745909,A 109,11110,overture (meta),overture:75059092-0ccc-4232-bad1-147d59d5ad91
kham05102528@gmail.com,Shokun Bakery & Coffee,,Bang Bua Thong District,Bakery,no,Low,1,,English/Latin-script name,,,openstreetmap,1,+66917533259,ถนน รัตนาธิเบศร์,11110,overture (meta),overture:35c68f47-10d4-4dc5-8277-5d563d1ebafe
soisip10@gmail.com,SOI SIP Coffee,,Bang Bua Thong District,Cafe,no,Low,1,,English/Latin-script name,,,openstreetmap,1,+66987936194,"90/872 Soi 10, Bang Bua Thong, Bang Bua Thong District, Nonthaburi 11110",11110,overture (meta),overture:59bb3976-690a-4f44-91e8-6b1f4e021c3e
tanasit13@gmail.com,SOMER Barber x CAFE',,Bang Bua Thong District,Restaurant,no,Low,1,,English/Latin-script name,,,openstreetmap,1,,"somer barber x cafe, Bang Rak Phatthana, bangbuatong, Nonthaburi",11110,overture (meta),overture:87f5e649-dd12-4672-9d51-4857b6cbca46
nopphakaou1@gmail.com,Song Kao Sip Pad - 2 9 18,,Bang Bua Thong District,Cafe,no,Low,1,,English/Latin-script name,,,openstreetmap,1,+66886799297,บางกรวยไทรน้อย,11110,overture (meta),overture:c736fd5b-a686-438d-bd65-716eba2b845d
halinkae@hotmail.com,SRC  Car  Audio,,Bang Bua Thong District,Bar,no,Low,1,,English/Latin-script name,,,openstreetmap,1,+66805925081,30 กาญจนาภิเษก,11110,overture (meta),overture:4294ed2c-b776-4f6e-a14e-70cca2e7fe69
14560@coffee-concepts.co.th,Starbucks,,Bang Bua Thong District,Cafe,no,Low,1,,English/Latin-script name,https://starbucks.co.th/,,openstreetmap,1,,,,overture (AllThePlaces),overture:87ce38df-cacd-43a5-9e6b-698c11ba0dfc
14493@coffee-concepts.co.th,Starbucks,,Bang Bua Thong District,Cafe,no,Low,1,,English/Latin-script name,https://starbucks.co.th/,,openstreetmap,1,+66843561051,,,overture (AllThePlaces),overture:cae0627d-b353-4aa4-b6d5-057e18fa99d4
pongrai.pk.com@gmail.com,Stepthep Coffee Station,,Bang Bua Thong District,Cafe,no,Low,1,,English/Latin-script name,,,openstreetmap,1,+66897626404,88/208 หมู่บ้านซื่อตรงบางใหญ่,11110,overture (meta),overture:6f5365e6-9309-46b6-9c96-08400b5e5ac6
sugalecafe@hotmail.com,Sugale Cafe,,Bang Bua Thong District,Cafe,no,Low,1,,English/Latin-script name,,,openstreetmap,2,+66958072121,66/14 หมู่ 3 ซอยโรงเรียนวัดลาดปลาดุก,11110,overture (meta),overture:a55e5c3a-9ae4-4aa9-9c61-842580679405
rubinachoudhry1991@gmail.com,Suki Buddy Food,,Bang Bua Thong District,Restaurant,no,Low,1,,English/Latin-script name,,,openstreetmap,1,+66931031874,บางบัวทอง 269/343,11110,overture (meta),overture:574ae345-d581-49f2-9bfa-67b2da113fa2
ttouch@gmail.com,T Touch Cafe,,Bang Bua Thong District,Cafe,no,Low,1,,English/Latin-script name,,,openstreetmap,1,+66874942972,38 ม.11 Soi Wat Bang Phraek,11110,overture (meta),overture:550ebbd8-3044-4166-9b64-a2dbd43cc9df
freshy.dada@gmail.com,Tea&Time,,Bang Bua Thong District,Restaurant,no,Low,1,,English/Latin-script name,,,openstreetmap,1,+66869895515,9 บางแม่นาง,11140,overture (meta),overture:c2691674-038f-4884-b874-5696c6a7693d
ped2007v1@gmail.com,Thaifern,,Bang Bua Thong District,Restaurant,no,Low,1,Local,English/Latin-script name,http://www.thaifern.com/,fthai67@hotmail.com,openstreetmap,1,+66890444597,79 /122  ซอย 7 หมู่บ้าน ลภาวัน 9  ตำบล บางพลับ,11120,overture (meta),overture:3e23c0b8-2fc9-437e-b66b-58616862fbce
thecaffeinecoffeeandwine@gmail.com,The Caffeine ( Coffee and Wine ),,Bang Bua Thong District,Cafe,no,Low,1,,English/Latin-script name,,,openstreetmap,1,+6628533740,222 ม.7 ต.ละหาร,11110,overture (meta),overture:f1f4c689-8592-490f-93bd-fe246fc7bec7
thedesertfoxbar@gmail.com,The Desert Fox Bar & Café,,Bang Bua Thong District,Bar,no,Low,1,,English/Latin-script name,,,openstreetmap,1,+66983649366,8/8 ถนน บางกรวย-ไทรน้อย,11110,overture (meta),overture:9d9b13ac-48db-4fae-956f-28dcb7c4a375
firebearbangbuathong@gmail.com,The Fire Bear,,Bang Bua Thong District,Restaurant,no,Low,1,Local,English/Latin-script name,https://www.wongnai.com/delivery/businesses/635582XE/order?af_channel=b7dbd3ef106f88bcc350fc58ebe349b8&af_force_deeplink=true&c=share_link&pid=lineman_app,support@wongnai.com,openstreetmap,1,+66933595499,Bang Kruai - Sai Noi Rd,11110,overture (meta),overture:7e226cb6-8e1a-47c5-a5a9-a9fe73d1b0d0
kikkok2911@gmail.com,The Kaffee Home Cafe,,Bang Bua Thong District,Cafe,no,Low,1,,English/Latin-script name,,,openstreetmap,1,+66875986303,VCRH+28P ตำบล บางรักพัฒนา อำเภอบางบัวทอง นนทบุรี,,overture (meta),overture:dcf8b35f-9aaa-4e93-9b27-73b0366e9bfa
thenack.2022@gmail.com,The Nack Cafe and Restaurant,,Bang Bua Thong District,Restaurant,no,Low,1,,English/Latin-script name,,,openstreetmap,1,+66621536456,"Wat Lat Pla Duk School, 169 หมู่ 3 Soi Mu Ban Phichada",11110,overture (meta),overture:ea467348-88ef-4cbc-91d9-f5f1dc9a6b0a
theo2house.co.ltd@gmail.com,The O2 House,,Bang Bua Thong District,Cafe,no,Low,1,,English/Latin-script name,,,openstreetmap,1,+66865522899,บ้านเลขที่ 242 ซ. บัวทอง 4,11110,overture (meta),overture:0bea789b-9d95-46e1-b27b-465953c0d236
nooknk112@gmail.com,Twenty two slow bar coffee,,Bang Bua Thong District,Cafe,no,Low,1,,English/Latin-script name,,,openstreetmap,1,+66842342969,บางบัวทอง 90/217,11110,overture (meta),overture:ddd3218c-b845-453e-b6ab-8bee34021b96
bamrungrose@gmail.com,VP Coffee and Sweets,,Bang Bua Thong District,Restaurant,no,Low,1,,English/Latin-script name,,,openstreetmap,1,+66995031515,888 หมู่ 5 ถนน ราชพฤกษ์ ตำบล บางรักน้อย อำเภอเมืองนนทบุรี นนทบุรี 11000 ไทย,11120,overture (meta),overture:3c35bd49-c99d-4810-a1b6-17c76ff92441
windandwhitehouse@gmail.com,Wind & White House Cafe,,Bang Bua Thong District,Cafe,no,Low,1,,English/Latin-script name,,,openstreetmap,1,+66656016615,เกตุอำพัฒนา,11110,overture (meta),overture:a52650a8-5578-4499-9dce-668813ef6588
audanuz.sais@gmail.com,Zulfa Coffee,,Bang Bua Thong District,Cafe,no,Low,1,,English/Latin-script name,,,openstreetmap,1,+66914014144,90/249,11110,overture (meta),overture:efe7f993-9221-4838-92d9-33b41b2fc175
ledandsupply@gmail.com,24 hrs.coffee plus ขายตู้กาแฟหยอดเหรียญ 24 ชม.,24 hrs.coffee plus ขายตู้กาแฟหยอดเหรียญ 24 ชม.,Bang Bua Thong District,Restaurant,no,Low,0,,,http://ledandsupply.lnwshop.com/c/34,,openstreetmap,1,+66816453514, 169/11 หมู่ 6 หมู่บ้านสัมมากร ชัยพฤกษ์-วงแหวน 2 ตำบลลำโพ อำเภอบางบัวทอง จังหวัดนนทบุรี 11110 ,11110,overture (meta),overture:654bb159-4be5-49cc-b5e2-aae82acbe50d
thanatthabaifern1993@gmail.com,369Auto&เซลล์ใบเฟิร์น,369Auto&เซลล์ใบเฟิร์น,Bang Bua Thong District,Seafood,no,Low,0,,,,,openstreetmap,1,,ตลาดรถนานาคาร์เซ็นเตอร์ ,11150,overture (meta),overture:026d9fbb-201f-40ab-8207-c8715a19f058
67petshop@gmsil.com,67 PetShop อาหารและอุปกรณ์สัตว์เลี้ยง,67 PetShop อาหารและอุปกรณ์สัตว์เลี้ยง,Bang Bua Thong District,Asian; Thai,no,Low,0,,,,,openstreetmap,1,+66958318150,6 ถนน บางกรวย-ไทรน้อย,11110,overture (meta),overture:d591a669-0b6d-4f8c-a351-7cf6917059ce
lovely-ann@hotmail.com,A&E ชานมไข่มุกบุฟเฟ่ต์ หม่าล่า,A&E ชานมไข่มุกบุฟเฟ่ต์ หม่าล่า,Bang Bua Thong District,Restaurant,no,Low,0,,,,,openstreetmap,1,+66945492225,เลขที่ 179/23,11110,overture (meta),overture:b0a45ad3-f5f8-42b6-824d-ddc41b2bb25a
afterbeer_168@hotmail.com,After Beer เบียร์วุ้น168,After Beer เบียร์วุ้น168,Bang Bua Thong District,Restaurant,no,Low,0,,,,,openstreetmap,1,,49/85 ถนน กาญจนาภิเษก ตำบล บางรักพัฒนา อำเภอบางบัวทอง จังหวัดนนทบุรี\n,11110,overture (meta),overture:6d4855e2-754b-4432-a539-bc79d7088686
baobingbangyai@gmail.com,BaoBing เป้าปิง,BaoBing เป้าปิง,Bang Bua Thong District,Cafe,no,Low,0,,,,,openstreetmap,1,+66816218277,ห้อง D3 177,11110,overture (meta),overture:0dac0b0d-b22d-46dc-a94b-2b9344ed641f
beachbarchaiyaphruek@gmail.com,Beach Bar ชัยพฤกษ์,Beach Bar ชัยพฤกษ์,Bang Bua Thong District,Bar,no,Low,0,,,,,openstreetmap,1,+66971744250,,11120,overture (meta),overture:7118b60f-3f7f-42cc-a885-b253285f1791
nu_som3083@hotmail.com,BeeR BikE กาแฟโบราณ,BeeR BikE กาแฟโบราณ,Bang Bua Thong District,Restaurant,no,Low,0,,,,,openstreetmap,1,+66927698787,14/3487 ซอย ไพลิน,11110,overture (meta),overture:c9757dfa-56fc-44b0-b62f-d67ab3f1d547
chillbar2022@gmail.com,Chill Bar ลาดปลาดุก,Chill Bar ลาดปลาดุก,Bang Bua Thong District,Bar,no,Low,0,,,,,openstreetmap,1,+66970313067,นบ.1002\n,11110,overture (meta),overture:c3cde43d-cbe5-4ddd-ade2-e8d2292e366e
wan.warahalalfood@gmail.com,Churn Dimsum Halal - เชิญ ติ่มซำ ฮาลาล,Churn Dimsum Halal - เชิญ ติ่มซำ ฮาลาล,Bang Bua Thong District,Chinese; Halal,no,Low,0,,,,,openstreetmap,1,+66889954466,12 6 นบ.4012,11110,overture (meta),overture:5a2f672b-e7b5-43c3-852b-775ee953e748
pam.suttinun24@gmail.com,Forza Cafe' Wash&Nail (ฟอร์ซ่าคาเฟ่ - ซักอบผ้า & ทำเล็บต่อขนตา),Forza Cafe' Wash&Nail (ฟอร์ซ่าคาเฟ่ - ซักอบผ้า & ทำเล็บต่อขนตา),Bang Bua Thong District,Bakery,no,Low,0,,,,,openstreetmap,1,+66842569959,99/15,11000,overture (meta),overture:f136c81f-605b-47c9-b795-d0955b93826c
fumikobubbletea@gmail.com,Fumiko Bubble Tea - แฟรนไชส์ชานมไข่มุก,Fumiko Bubble Tea - แฟรนไชส์ชานมไข่มุก,Bang Bua Thong District,Restaurant,no,Low,0,Local,,https://www.fumikobubbletea.com/,backoffice@fumikobubbletea.com,openstreetmap,1,+66656906577,,,overture (meta),overture:66a926fe-6e74-4458-aae6-7de77e531795
gacha.bbt21@gmail.com,GaCha ตลาดบางบัวทอง,GaCha ตลาดบางบัวทอง,Bang Bua Thong District,Restaurant,no,Low,0,,,,,openstreetmap,1,+66864549400,22/8 Bang Kruai - Sai Noi Rd,11110,overture (meta),overture:0f130367-fda8-4a7a-9f3c-b3d73e349098
gravityacuporyou@gmail.com,Gravity  a cup for you ชานมไข่มุกนำ้ผลไม้และอาหาร,Gravity  a cup for you ชานมไข่มุกนำ้ผลไม้และอาหาร,Bang Bua Thong District,Restaurant,no,Low,0,,,,,openstreetmap,1,+66641456705,,,overture (meta),overture:71ac4485-af9a-43ab-963f-2fccfdc69247
businessservice.np@gmail.com,Greenery Cafe-บางใหญ่ นนทบุรี,Greenery Cafe-บางใหญ่ นนทบุรี,Bang Bua Thong District,Cafe,no,Low,0,,,,,openstreetmap,1,+66923416736,ถนนเลียบคลองบางไผ่ บางใหญ่ นนทบุรี,11140\n,overture (meta),overture:dc5048a2-fa0d-4547-80ad-26887d1d63c5
gustocoffeeandsteak@gmail.com,Gusto Coffee  สาขา Esso บางบัวทอง,Gusto Coffee  สาขา Esso บางบัวทอง,Bang Bua Thong District,Cafe,no,Low,0,,,,,openstreetmap,1,+66652051406,340,11110,overture (meta),overture:484d86f5-3d83-4939-8ff2-0fd8c163d96e
hausu.th@gmail.com,Hausu (เฮ้าส์สึ) Japanese Restaurant - นนทบุรี บางบัวทอง ไทรน้อย,Hausu (เฮ้าส์สึ) Japanese Restaurant - นนทบุรี บางบัวทอง ไทรน้อย,Bang Bua Thong District,Asian; Japanese,no,Low,0,,,,,openstreetmap,1,+66632044168,,11110,overture (meta),overture:e82e33ec-65fd-4608-ac90-3468e1738dc8
pfsonalize@outlook.com,Home At The Bend : บ้านโค้งคลอง,Home At The Bend : บ้านโค้งคลอง,Bang Bua Thong District,Restaurant,no,Low,0,,,,,openstreetmap,1,+66619516636,10 หมู่ 4 ตำบลบางรักใหญ่ อำเภอบางบัวทอง,11110,overture (meta),overture:dd7718f2-767b-4a15-bec6-ae373f264110
honkishabu@gmail.com,HONKI Japanese Shabu Buffet ฮงกิชาบู บางบัวทอง,HONKI Japanese Shabu Buffet ฮงกิชาบู บางบัวทอง,Bang Bua Thong District,Japanese,no,Low,0,,,,,openstreetmap,1,+66863284994,ฮงกิ ชาบู บางบัวทอง Honki Japanese shabu buffet Baan Buathong โครงการมิซาเอะ บางบัวทอง,11110,overture (meta),overture:9b00ee46-dbe8-45d8-b888-d6bc6e0c1cb9
one8451@outlook.com,I-Cha Bangbuathong  ไอฉะ ชาไข่มุกบางบัวทอง,I-Cha Bangbuathong  ไอฉะ ชาไข่มุกบางบัวทอง,Bang Bua Thong District,Cafe,no,Low,0,,,,,openstreetmap,1,+66993124249,16 ถนน เทศบาล 3,11110,overture (meta),overture:6b74aaa3-3101-4ef0-b72e-25d65898ea64
jamink1964@gmail.com,Jamink Ice Cream - แจ้มิ้ง ไอติมกะทิพรีเมี่ยม,Jamink Ice Cream - แจ้มิ้ง ไอติมกะทิพรีเมี่ยม,Bang Bua Thong District,Ice cream,no,Low,0,,,,,openstreetmap,1,+66947954032,บางบัวทอง,,overture (meta),overture:7a0b8a06-a673-4ba1-b341-8f2c854d9c3a
pramet888@gmail.com,"Jazzy Blue Pub ผับบางบัวทอง ดนตรีไทย-สากล ยุค 70,80,90 อาหารอร่อยบางบัวทอง","Jazzy Blue Pub ผับบางบัวทอง ดนตรีไทย-สากล ยุค 70,80,90 อาหารอร่อยบางบัวทอง",Bang Bua Thong District,Restaurant,no,Low,0,,,,,openstreetmap,1,+66965395955,100/4,11110,overture (meta),overture:890e74ef-b2e9-49ca-87b4-f52c690a0e57
kikocha.kk@gmail.com,Kikocha ซอยวัดลาดปลาดุก,Kikocha ซอยวัดลาดปลาดุก,Bang Bua Thong District,Restaurant,no,Low,0,,,,,openstreetmap,1,+66983139036,,,overture (meta),overture:a20847c1-e381-459f-b81b-024ea9cd77cf
klinproud@gmail.com,Klinproud กลิ่นพราว,Klinproud กลิ่นพราว,Bang Bua Thong District,Asian; Thai,no,Low,0,,,,,openstreetmap,1,,4 ถนน รัตนาธิเบศร์,11110,overture (meta),overture:4bcaa027-c389-4610-86f7-3c4d88edc724
alicesilarat@gmail.com,Mana ข้าวมันไก่,Mana ข้าวมันไก่,Bang Bua Thong District,Restaurant,no,Low,0,,,,,openstreetmap,1,+66918087806,222 ม.2 ถ.กาญจนาภิเษก ต.บางบัวทอง อ.บางบัวทอง,11110,overture (meta),overture:3fbe74db-b7c8-45e0-841a-5d9769e7f617
ppdrinkingwater@gmail.com,P&P by Tremendous - น้ำดื่มคุณภาพมาตรฐานโรงงานระดับสากล บริการจัดส่งครบวงจร,P&P by Tremendous - น้ำดื่มคุณภาพมาตรฐานโรงงานระดับสากล บริการจัดส่งครบวงจร,Bang Bua Thong District,Bar,no,Low,0,,,,,openstreetmap,1,+66842466455,บริษัท ทริเม็นดัส จำกัด,11110,overture (meta),overture:1bf981b8-5f94-440b-9969-ae6a20da944c
pongsa0822@gmail.com,P&P มะพร้าวนมสดปั่น & มะม่วงน้ำปลาหวาน,P&P มะพร้าวนมสดปั่น & มะม่วงน้ำปลาหวาน,Bang Bua Thong District,Restaurant,no,Low,0,Local,,https://www.wongnai.com/restaurants/p-and-p-coco-and-mango,pitipatpanit@gmail.com; chayada.ws01@gmail.com; ayt.atitaya@gmail.com; siriporn.joob@gmail.com,venue website,1,+66918715979,tessaban 3,11110,overture (meta),overture:fa9965f1-1285-46f5-bf76-eec5d778c91d
pengscafe@gmail.com,Peng'S Cafe เป้งคาเฟ่,Peng'S Cafe เป้งคาเฟ่,Bang Bua Thong District,Restaurant,no,Low,0,,,,,openstreetmap,1,+66870463064,95/58 โครงการเดอะทรัสต์ ราชพฤกษ์-รัตนาธิเบศร์ ,11120,overture (meta),overture:9693f005-db96-4f8e-94ff-6757cb0c4700
nescafemisae@gmail.com,Penny's coffee & wine เพนนี คอฟฟี่ & ไวน์,Penny's coffee & wine เพนนี คอฟฟี่ & ไวน์,Bang Bua Thong District,Cafe,no,Low,0,,,,,openstreetmap,1,+66952469143,5/2 หมู่6 ต.บางรักพัฒนา อ.บางบัวทอง,11110,overture (meta),overture:f5abde55-1efa-44c5-8e2a-f2415b50b423
pipekop93@gmail.com,Pipe ไก่กรอบ,Pipe ไก่กรอบ,Bang Bua Thong District,Restaurant,no,Low,0,,,,,openstreetmap,1,+66826951723,111/57 ซอย เอ 4,11110,overture (meta),overture:8afb715a-d10d-4bae-a1e9-c5a83fcbbf2f
titinatt519@gmail.com,Pop เชลล์ชวนชิม,Pop เชลล์ชวนชิม,Bang Bua Thong District,Restaurant,no,Low,0,,,,,openstreetmap,1,+66921598883,306 Bang Kruai - Sai Noi Rd,11110,overture (meta),overture:adc19439-b2f5-4986-8996-fb31018866f3
zingzingint@msn.com,Powen Machinery เครื่องบด เตาอบ เตาเครป เครื่องไสน้ำแข็ง เครื่องทำไอศกรีม,Powen Machinery เครื่องบด เตาอบ เตาเครป เครื่องไสน้ำแข็ง เครื่องทำไอศกรีม,Bang Bua Thong District,Ice cream,no,Low,0,Local,,http://pitbullzone.com/community/discussion/38580/hot-%E0%B9%80%E0%B8%84%E0%B8%A3%E0%B8%B7%E0%B9%88%E0%B8%AD%E0%B8%87%E0%B8%9A%E0%B8%94%E0%B9%82%E0%B8%84%E0%B8%A3%E0%B8%87%E0%B9%84%E0%B8%81%E0%B9%88-rewrite,pitbullzone@hotmail.com,openstreetmap,1,+66817501255,179/47 Moo5 Snoloi Bangbuathong,11110,overture (meta),overture:d70ca50d-bedd-47c4-9db0-6b63d5ee5507
ytnongnuch@gmail.com,Raemi's Home - เรมี่โฮม,Raemi's Home - เรมี่โฮม,Bang Bua Thong District,Asian; Thai,no,Low,0,,,,,openstreetmap,1,+66650874424,,,overture (meta),overture:8ca6530a-1353-4d35-84f5-cb73f136e665
csamathi@gmail.com,Reunrawin ขนมบัวหิมะ,Reunrawin ขนมบัวหิมะ,Bang Bua Thong District,Cafe,no,Low,0,,,,,openstreetmap,1,+66879959365,ตลาดสมบัติบุรี,11110,overture (meta),overture:8149b4cf-57d1-4315-b57f-11feef06fa28
14543@coffee-concepts.co.th,Starbucks (สตาร์บัคส์),Starbucks (สตาร์บัคส์),Bang Bua Thong District,Cafe,no,Low,0,,,https://www.starbucks.co.th,,openstreetmap,1,080 061 0093,JAS Green Village Bangbuathong,11110,overture (Foursquare),overture:9c770527-3fb4-4bd3-bb2b-c9e1cf5c739f
thathi.inventions@gmail.com,Tha-Thi House ธาฐิ เฮ้าส์,Tha-Thi House ธาฐิ เฮ้าส์,Bang Bua Thong District,Restaurant,no,Low,0,,,,,openstreetmap,1,+66971497404,รัตนาธิเบศร์,11000,overture (meta),overture:80a18df7-adb7-444a-a378-59c9c0e1a448
lucksamee.ads@gmail.com,Thank you kub กระเพราเป็ด แอนด์ ชาบู,Thank you kub กระเพราเป็ด แอนด์ ชาบู,Bang Bua Thong District,Restaurant,no,Low,0,Local,,https://www.thankyoukub.co.th/,founder@thankyoukub.co.th; nganchook@gmail.com; oomgteam7@gmail.com,openstreetmap,1,+66625094698,9/105 หมู่บ้านลภาวัน8 ม.2 ต.ละหาร อบางบัวทอง,11110,overture (meta),overture:ef9fecd6-0c39-4ece-a635-cf09adc20886
tsunami.bankluaisainoi@gmail.com,Tsunami Teppanyaki สึนามิ ข้าวถ้วยฟิวชั่น  CJ บ้านกล้วย-ไทรน้อย,Tsunami Teppanyaki สึนามิ ข้าวถ้วยฟิวชั่น  CJ บ้านกล้วย-ไทรน้อย,Bang Bua Thong District,Asian; Japanese,no,Low,0,,,,,openstreetmap,1,+66928246136,53 หมู่3 ต.พิมลราช อ.บางบัวทอง จ.นนทบุรี 11110,11110,overture (meta),overture:e7b50a78-62ec-424e-b7c8-0356b9b00ce9
uptomecafe@gmail.com,Up to me cafe บางบัวทอง,Up to me cafe บางบัวทอง,Bang Bua Thong District,Cafe,no,Low,0,,,,,openstreetmap,1,+66889589934,,11110,overture (meta),overture:79a6ea85-5fa5-447b-9365-b46c60467f18
poymanu2524@hotmail.com,กรุงเก่า เตี๋ยวเรือ สาขาบางบัวทอง,กรุงเก่า เตี๋ยวเรือ สาขาบางบัวทอง,Bang Bua Thong District,Restaurant,no,Low,0,,,,,openstreetmap,1,+66632240555,38/6\nถ.สุพรรณบุรี-บางบัวทอง\nต.ละหาร,11110,overture (meta),overture:1da16c9a-5cf9-4bc6-ae4c-ae1a46e46519
kayanomsod@gmail.com,กะยา นมสด Kaya Nom Sod,กะยา นมสด Kaya Nom Sod,Bang Bua Thong District,Cafe,no,Low,0,,,,,openstreetmap,1,+66808217656,Thetsaban 2,11110,overture (meta),overture:c4acf914-efea-4bbf-820e-ce4f5129daa8
korawanbooncum@gmail.com,กะเพรา ข้าวผัด ครัวบีกินส์,กะเพรา ข้าวผัด ครัวบีกินส์,Bang Bua Thong District,Takeaway,no,Low,0,,,,,openstreetmap,1,+66639812203,บ้านกล้วย ไทรน้อย,11110,overture (meta),overture:b9ee8c72-a35e-482a-b8ce-e7ec838aa532
arton.peaukjad@gmail.com,กะเพราถาด ก๋วยเตี๋ยวโอ่งหมูต้มยำ นายตั้ม,กะเพราถาด ก๋วยเตี๋ยวโอ่งหมูต้มยำ นายตั้ม,Bang Bua Thong District,Restaurant,no,Low,0,,,,,openstreetmap,1,+66825289067,10/21 Bang Kruai - Sai Noi Rd,11110,overture (meta),overture:a9a81bed-c5b5-4eeb-b384-f20e45221761
lan2rognag@gmail.com,กาแฟสด ล้าน2ลองนั่ง,กาแฟสด ล้าน2ลองนั่ง,Bang Bua Thong District,Cafe,no,Low,0,,,,,openstreetmap,1,+66889697897,เลขที่285/43ม.1,11110,overture (meta),overture:f15c544d-9fc5-4efb-810e-567984625c41
igarfieldza@gmail.com,กาแฟสด โภคทรัพย์,กาแฟสด โภคทรัพย์,Bang Bua Thong District,Cafe,no,Low,0,,,,,openstreetmap,1,+66955012623,,,overture (meta),overture:719bc75f-e396-462b-b3bd-98323e894027
nk@nlcoffee.com,กาแฟโบราณ ตรางูเห่า,กาแฟโบราณ ตรางูเห่า,Bang Bua Thong District,Cafe,no,Low,0,Local,,http://www.nlcoffee.net/,,openstreetmap,1,+66612398118,319 ถ.ติวานนท์ ต.ตลาดขวัญ,11110,overture (meta),overture:a33fde68-3c25-4a83-8d71-cc908db04cdf
pichit_ru@hotmail.com,กินข้าวกัน,กินข้าวกัน,Bang Bua Thong District,Restaurant,no,Low,0,,,,,openstreetmap,1,+66899881818,ตลาดโชคชัยพิชัย ล๊อค C32 ตำบลบางรักใหญ่ อำเภอบางบัวทอง จังหวัดนนทบุรี,11110,overture (meta),overture:846c563a-7eb6-4cda-a5ff-0b440c06fc81
nukwan2940@gmail.com,กินเพลิน SlowbarCafe,กินเพลิน SlowbarCafe,Bang Bua Thong District,Restaurant,no,Low,0,,,,,openstreetmap,2,+66939431058,4 ถนน บางกรวย-ไทรน้อย,11110,overture (meta),overture:1f0ba7f4-db1f-4de7-8cf0-8ca0c4c3a8d6
ttch.guroti@gmail.com,กูโรตีชาชัก บางบัวทอง,กูโรตีชาชัก บางบัวทอง,Bang Bua Thong District,Asian; Thai,no,Low,0,,,,,openstreetmap,1,+66836833438,บางบัวทอง-สุพรรณบุรี340,11110,overture (meta),overture:bdf335a7-7173-46ce-89f3-ff6f9068a4b8
tomronnachaikk@gmail.com,กูโรตีชาชัก แยกบางพลู,กูโรตีชาชัก แยกบางพลู,Bang Bua Thong District,Restaurant,no,Low,0,,,,,openstreetmap,1,+66961276663,78 38-39 Bang Kruai - Sai Noi Rd,11110,overture (meta),overture:2cecedd1-8d20-4b85-b8d7-6c13ebf0b6ef
tigermee@gmail.com,ก้วยเตี๋ยวเรือ​แม่สุภา,ก้วยเตี๋ยวเรือ​แม่สุภา,Bang Bua Thong District,Restaurant,no,Low,0,,,,,openstreetmap,1,+66614239798,กาญจนาภิเษก,11110,overture (meta),overture:1ce9cfdb-7de4-4264-89a8-f9cf7a0d6243
pp23733@gmail.com,ก๋วยจั๊บน้ำข้น นายโอ,ก๋วยจั๊บน้ำข้น นายโอ,Bang Bua Thong District,Restaurant,no,Low,0,,,,,openstreetmap,1,+66800888095,192 ซอย 3,11110,overture (meta),overture:6552dc6a-d19d-4fb1-ba66-b6a21c4aa70d
wandeech1968@gmail.com,ก๋วยเตี๋ยวต้มยำ ริมคลองลำโพ,ก๋วยเตี๋ยวต้มยำ ริมคลองลำโพ,Bang Bua Thong District,Asian; Japanese,no,Low,0,,,,,openstreetmap,1,+66814990849,,11120,overture (meta),overture:d711bf12-2a2c-40b5-bbba-278159f62ffd
noodlewatladpraduk@gmail.com,ก๋วยเตี๋ยวต้มยำกากหมูสูตรโบราณ วัดลาดปลาดุก,ก๋วยเตี๋ยวต้มยำกากหมูสูตรโบราณ วัดลาดปลาดุก,Bang Bua Thong District,Restaurant,no,Low,0,,,,,openstreetmap,1,+66951942236,,,overture (meta),overture:024fa899-2e21-40ee-a1cf-7d5a29315b8c
lighttt@hotmail.com,ก๋วยเตี๋ยวต้มยำมาลี,ก๋วยเตี๋ยวต้มยำมาลี,Bang Bua Thong District,Restaurant,no,Low,0,,,,,openstreetmap,1,+66914642496,ซอยนามชุ่ม,11140,overture (meta),overture:711ff028-6b7f-4a15-8f58-09772a7bbc7f
alonerzero@gmail.com,ก๋วยเตี๋ยวนายต้นโมก,ก๋วยเตี๋ยวนายต้นโมก,Bang Bua Thong District,Asian; Japanese,no,Low,0,,,,,openstreetmap,1,+66927911177,นบ.1002,11110,overture (meta),overture:f2d0aab3-d5cb-4ee4-b55c-6467d3dd0913
marueyboatnoodles@gmail.com,ก๋วยเตี๋ยวมารวย by ยูริ หมูตุ๋น/เนื้อตุ๋นแยกหม้อ,ก๋วยเตี๋ยวมารวย by ยูริ หมูตุ๋น/เนื้อตุ๋นแยกหม้อ,Bang Bua Thong District,Restaurant,no,Low,0,,,,,openstreetmap,1,+66659543562,13/13 ซอย วัดลาดปลาดุก,11110,overture (meta),overture:e5d590b3-a8e8-4408-93f6-b34d18692533
lumpai2520lod@gmail.com,ก๋วยเตี๋ยววัดดง เนื้อตุ๋นหมูตุ๋น พฤกษา3 - ตลาดสิริพักตร์,ก๋วยเตี๋ยววัดดง เนื้อตุ๋นหมูตุ๋น พฤกษา3 - ตลาดสิริพักตร์,Bang Bua Thong District,Restaurant,no,Low,0,,,,,openstreetmap,1,+66851300342,50/757 ซอย 71,11110,overture (meta),overture:c123f7d8-a96f-4373-bcd1-07ddf4a1bc63
artsobad@gmail.com,ก๋วยเตี๋ยวเนื้อทองทิพย์,ก๋วยเตี๋ยวเนื้อทองทิพย์,Bang Bua Thong District,Restaurant,no,Low,0,,,,,openstreetmap,1,+66922822058,บางบัวทอง,11110,overture (meta),overture:92d0d296-8d4b-48c2-8d8a-4dbff78fd20d
jomjamnana@gmail.com,ก๋วยเตี๋ยวเรือ บ้านริมคลอง สาขาบางบัวทอง,ก๋วยเตี๋ยวเรือ บ้านริมคลอง สาขาบางบัวทอง,Bang Bua Thong District,Asian; Thai,no,Low,0,,,,,openstreetmap,1,+66971959593,22/129  หมู่1 ต.พิมลราช อ.บางบัวทอง,11110,overture (meta),overture:bbb25c6c-1f38-4b34-bd3c-a4a9168bcc81
eatnoodle19@gmail.com,ก๋วยเตี๋ยวเรือ แม่ประไพ,ก๋วยเตี๋ยวเรือ แม่ประไพ,Bang Bua Thong District,Restaurant,no,Low,0,,,,,openstreetmap,1,+66890707740,,11110,overture (meta),overture:8a1e59fb-1300-4d0b-983d-be0e24574748
zen_beauty@hotmail.com,ก๋วยเตี๋ยวเรือกรุงเก่า วัดลาดปลาดุก,ก๋วยเตี๋ยวเรือกรุงเก่า วัดลาดปลาดุก,Bang Bua Thong District,Restaurant,no,Low,0,,,,,openstreetmap,1,+66831876040,98 พฤกษาวิลเลจ เดอะซีซั่น 112,11110,overture (meta),overture:d2f7797a-e6ca-4bb4-9ebd-5c5b5353f7ad
suwat.maleemor@hotmail.com,ก๋วยเตี๋ยวเรือนายเด๊ะ (อิสลาม-ฮาลาล),ก๋วยเตี๋ยวเรือนายเด๊ะ (อิสลาม-ฮาลาล),Bang Bua Thong District,Halal,no,Low,0,,,,,openstreetmap,1,+66972492399,3088,11110,overture (meta),overture:3378c1f1-d73f-4091-8a3c-0be16cd05b29
kuayteowreaumofai@gmail.com,ก๋วยเตี๋ยวเรือหม้อไฟ,ก๋วยเตี๋ยวเรือหม้อไฟ,Bang Bua Thong District,Restaurant,no,Low,0,,,,,openstreetmap,1,+66987438518,97 (ข้างหมู่บ้านมัณฑนา บางใหญ่),11110,overture (meta),overture:d7cfa784-8875-418b-a55c-e790fdd89416
cakekab@hotmail.co.th,ก๋วยเตี๋ยวเรือแซ่บยกซด,ก๋วยเตี๋ยวเรือแซ่บยกซด,Bang Bua Thong District,Asian; Japanese,no,Low,0,,,,,openstreetmap,1,+66853689907,9 Yothathikan Nonthaburi Ban Lampho-wat Si Khet Nantharam Rd,11110,overture (meta),overture:1549c556-76f7-48df-a4ee-1e67aaac7ade
f.wita1989@gmail.com,ก๋วยเตี๋ยวไก่มะระลานจอด,ก๋วยเตี๋ยวไก่มะระลานจอด,Bang Bua Thong District,Restaurant,no,Low,0,,,,,openstreetmap,1,+66611919615,ลานจอดรถตลาดธีรรัตน์,11110,overture (meta),overture:a94cdb5d-f661-43e5-afe8-0a18b76dc639
sunnu2499@gmail.com,ก๋วยเตี๋ยวไก่ในสวน,ก๋วยเตี๋ยวไก่ในสวน,Bang Bua Thong District,Restaurant,no,Low,0,,,,,openstreetmap,1,+66882960946,,,overture (meta),overture:9282debb-246e-4d53-9f49-6db6fc8f1534
chuencheewa1990@gmail.com,ขนมจีน ชื่นชีวา,ขนมจีน ชื่นชีวา,Bang Bua Thong District,Restaurant,no,Low,0,,,,,openstreetmap,1,,333/148 ซอย 8,11110,overture (meta),overture:e414073c-57d8-4b79-a6c6-27767ac7249f
cmu759@hotmail.com,ขนมจีนแกงใต้,ขนมจีนแกงใต้,Bang Bua Thong District,Restaurant,no,Low,0,,,,,openstreetmap,1,+66863453063,ถนนบางกรวยไทรน้อย,11110,overture (meta),overture:88ade2d2-742b-4f7b-a951-76a67a9258a6
snuggle.store11@gmail.com,ขนมจีนแม่มาลา น้ำยาเท่งเถิดเทิง,ขนมจีนแม่มาลา น้ำยาเท่งเถิดเทิง,Bang Bua Thong District,Restaurant,no,Low,0,,,,,openstreetmap,1,+66816352569,52 ที่ตั้งอาคาร,11110,overture (meta),overture:744b38fa-e34a-408f-b196-d39c68d73867
pm_nok@hotmail.com,ขนมบ้านเนย,ขนมบ้านเนย,Bang Bua Thong District,Bakery,no,Low,0,,,,,openstreetmap,1,+66819368200,"ขนมบ้านเนย, 99/133",11110,overture (meta),overture:786b3769-eb7b-46f4-9095-c041dfe7b6a3
phathongyindee@gmail.com,ขนมเบื้องแยกส่วนแม่หงษ์,ขนมเบื้องแยกส่วนแม่หงษ์,Bang Bua Thong District,Cafe,no,Low,0,,,,,openstreetmap,1,+66636622653,128/18,11110,overture (meta),overture:eb2b9e1f-8149-4d19-960b-c32b64ea5ca1
rames-stk@hotmail.com,ของอร่อยบ้านสวน  Khong Aroi Baan  Suan,ของอร่อยบ้านสวน  Khong Aroi Baan  Suan,Bang Bua Thong District,Restaurant,no,Low,0,,,,,openstreetmap,1,+66988232415,8 ถนน บ้านกล้วย-ไทรน้อย,11110,overture (meta),overture:50e8c728-40d8-40dd-9b5e-eadb52d06aff
r.jongsiri@gmail.com,ขายไอศครีมกะทิ รักไอติม รวมมิตร,ขายไอศครีมกะทิ รักไอติม รวมมิตร,Bang Bua Thong District,Ice cream,no,Low,0,,,,,openstreetmap,1,+66834433391,9 266 ซ.23/9,11140,overture (meta),overture:0c067911-43ea-403d-801c-6b4883e61100
boonlerd16479@gmail.com,ขาหมู นายเลิศ,ขาหมู นายเลิศ,Bang Bua Thong District,Restaurant,no,Low,0,,,,,openstreetmap,1,+66847020601,คันแอน,11110,overture (meta),overture:cb9de54b-bd96-4f4b-908d-9e8683849124
pong1234567@yahoo.com,ขาหมูลุงก๊อต ฟาเธอร์,ขาหมูลุงก๊อต ฟาเธอร์,Bang Bua Thong District,Restaurant,no,Low,0,,,,,openstreetmap,1,+66812539356,14/2226 หมู่บ้านบัวทองธานีพาร์ค ซอย6-10 \n,11110,overture (meta),overture:0a5e491d-f50c-42aa-90ef-f5fa219f45b8
taeyeon1450@gmail.com,ขาหมูอยุธยา บัวทองธานี,ขาหมูอยุธยา บัวทองธานี,Bang Bua Thong District,Asian; Thai,no,Low,0,,,,,openstreetmap,1,+66954465994,หมู่บ้านบัวทองธานี ซอย 17/1 ,11110,overture (meta),overture:88774671-fa42-4e8b-93be-3eeb7b49f4c3
herejeng0660@gmail.com,ขาหมูเฮียเจ๋ง สาขาราษฎร์บูรณะ,ขาหมูเฮียเจ๋ง สาขาราษฎร์บูรณะ,Bang Bua Thong District,Restaurant,no,Low,0,Local,,https://wongn.ai/uqr5h,support@lmwn.com; pr@lmwn.com,openstreetmap,1,+66988466650,,,overture (meta),overture:d059f328-e339-4e7f-b165-9e1089542c6e
danpaisitha@gmail.com,ข้ามมันไก่ ไทยแลนด์ แดน&เปีย,ข้ามมันไก่ ไทยแลนด์ แดน&เปีย,Bang Bua Thong District,Restaurant,no,Low,0,,,,,openstreetmap,1,,ข้างเซเว่นหงส์ประยูร,11110,overture (meta),overture:0e886318-df3a-44bf-b375-2aa5f1c4a08b
superbuc57@gmail.com,ข้าว เส้น ยำ เต๊ก,ข้าว เส้น ยำ เต๊ก,Bang Bua Thong District,Asian; Thai,no,Low,0,,,,,openstreetmap,1,+66656065946,ติดถนนใหญ่ชัยพฤกษ์ ปากทางเข้าสถาบันอัรรอบิตี้ หมู่ที่ 2 ต.ละหาร ,11110,overture (meta),overture:f5208b49-a6eb-4c47-8297-18ceea9f320e
goofy25tukta@icloud.com,ข้าวกะเพราที่ถูกต้อง,ข้าวกะเพราที่ถูกต้อง,Bang Bua Thong District,Restaurant,no,Low,0,,,,,openstreetmap,1,+66838488435,78/69 Bang Kruai - Sai Noi Rd,11110,overture (meta),overture:3b6f16aa-a5b3-4434-a277-3611068ccdfa
kaowtommud89@gmail.com,ข้าวต้มมัดยายฟู,ข้าวต้มมัดยายฟู,Bang Bua Thong District,Restaurant,no,Low,0,,,,,openstreetmap,1,+66849962991,50 89,11110,overture (meta),overture:e5a256cb-5796-4a7e-ae75-199e206db2ed
yamanun@gmail.com,ข้าวต้ม​ สจ.,ข้าวต้ม​ สจ.,Bang Bua Thong District,Asian; Chinese,no,Low,0,,,,,openstreetmap,2,+66880267337,ถนนบางกรวย-ไทรน้อย,11110,overture (meta),overture:eef0aa4e-b9ea-4592-849b-8b3d1243a1b1
kunjinaia@gmail.com,ข้าวผัดโคตรปูbyคุณจิน,ข้าวผัดโคตรปูbyคุณจิน,Bang Bua Thong District,Restaurant,no,Low,0,,,,,openstreetmap,1,+66988292242,46/288หมู่บ้านพฤกษา3ซ6,11110,overture (meta),overture:047162cd-77d9-4a22-927e-8fbaf49831f9
goldenspoon.res@gmail.com,ข้าวมัน ก. กะเตี๋ยว ร.,ข้าวมัน ก. กะเตี๋ยว ร.,Bang Bua Thong District,Asian; Thai,no,Low,0,,,,,openstreetmap,1,+66832465323,5/11 ถนน เทศบาล ซอย 11,11110,overture (meta),overture:803bcb30-6315-49a8-a5e2-427059030678
boypunker@hotmail.com,ข้าวมันไก่เจริญ สูตรไหหลำ,ข้าวมันไก่เจริญ สูตรไหหลำ,Bang Bua Thong District,Restaurant,no,Low,0,,,,,openstreetmap,1,+66637962665,4 ถนน บางกรวย-ไทรน้อย,11110,overture (meta),overture:59928803-cd47-4de6-8580-093f2171aae8
somsak_326@hotmail.com,ข้าวมันไก่เฮียซ่งหังเจี๋ย,ข้าวมันไก่เฮียซ่งหังเจี๋ย,Bang Bua Thong District,Restaurant,no,Low,0,,,,,openstreetmap,1,+66842788778,ถนนรัตนาธิเบศร์ ขาเข้าเมือง,11000,overture (meta),overture:de135672-4e83-4e83-8da5-8a08bf0604cb
anat.wm@gmail.com,ข้าวหมกไก่คุณสม,ข้าวหมกไก่คุณสม,Bang Bua Thong District,Halal,no,Low,0,,,,,openstreetmap,1,+66922596647,ซอย หมู่บ้านรัตนาธิเบศร์ 4/2,11110,overture (meta),overture:d6b7dc96-b919-43d3-ad67-026dc7caeb58
khunpandin@hotmail.com,ข้าวเหนียวมูน พี่แผ่นดิน กะ น้องเจ้าคุณ,ข้าวเหนียวมูน พี่แผ่นดิน กะ น้องเจ้าคุณ,Bang Bua Thong District,Restaurant,no,Low,0,,,,,openstreetmap,1,+66843889597,ตลาด,11110,overture (meta),overture:8e98af8e-f8ca-4ea4-bb2f-0a1e6effdd8d
sasikarn_nak@hotmail.com,ข้าวเหนียวสองนาง,ข้าวเหนียวสองนาง,Bang Bua Thong District,Cafe,no,Low,0,Local,,http://www.bloggang.com/mainblog.php?id=amd64best&month=10-04-2009&group=8&gblog=26,,openstreetmap,1,+6629242014,เลขที่ 164/994,11110,overture (meta),overture:1e415144-fef9-4546-b80c-498865686214
mukdaratsbt25@gmail.com,ข้าวแกงบุฟเฟ่ต์ 35 บาท,ข้าวแกงบุฟเฟ่ต์ 35 บาท,Bang Bua Thong District,Restaurant,no,Low,0,,,,,openstreetmap,1,+66630232372,151 ถนน บางกรวย-ไทรน้อย,11110,overture (meta),overture:cb8eec3f-9385-4358-8bfa-0fe85996db28
suwatdon123@gmail.com,ข้าวแกงบ้านสุพรรณ,ข้าวแกงบ้านสุพรรณ,Bang Bua Thong District,Asian; Thai,no,Low,0,,,,,openstreetmap,1,,89 ตำบล บางรักพัฒนา อำเภอบางบัวทอง นนทบุรี 11110\n062 653 1441\nhttps://maps.app.goo.gl/sxcmYsQSNwDaQTsz6,11110,overture (meta),overture:04523743-db6e-4b86-904b-2d52626cdb17
tewit2560@gmail.com,ข้าวแกงปักษ์ใต้ครัวเอส.เอ็ม.อี,ข้าวแกงปักษ์ใต้ครัวเอส.เอ็ม.อี,Bang Bua Thong District,Restaurant,no,Low,0,,,,,openstreetmap,1,+66808323545,ซอยลำโพ39 เลขที่55/35 หมู่5 ต.ลำโพ อ.บางบัวทอง จ.นนทบุรี 11110 โทร081-832-3247,11110,overture (meta),overture:c9277f63-79fe-4c79-8931-2cdc6a873a28
sawarin9@hotmail.com,ครัวคุณไก่,ครัวคุณไก่,Bang Bua Thong District,Restaurant,no,Low,0,,,,,openstreetmap,1,+66816956750,63/585 หมู่บ้านมนวดีพาร์ค ถนนบางไผ่หนองเพรางาย ซอยวัดลาดปลาดุก,11110,overture (meta),overture:9213cfdb-f5a4-4bbc-9136-f20b4003fd80
somphong5150@gmail.com,ครัวตุ่น,ครัวตุ่น,Bang Bua Thong District,Restaurant,no,Low,0,,,,,openstreetmap,1,+66643106534,"VCM7+RR Bang Rak Phatthana, Bang Bua Thong District, Nonthaburi",11110,overture (meta),overture:e12783d4-80c7-49fe-9270-0356aaca8024
ches025@hotmail.co.th,ครัวนาคราช ข้าวเเกงปักษ์ใต้,ครัวนาคราช ข้าวเเกงปักษ์ใต้,Bang Bua Thong District,Asian; Thai,no,Low,0,,,,,openstreetmap,1,+66614196287,8 ถนน บ้านกล้วย-ไทรน้อย,11110,overture (meta),overture:b89274fe-087e-4705-9351-db519f3fd431
slowrock_heavy@hotmail.com,ครัวน้ารวม,ครัวน้ารวม,Bang Bua Thong District,Restaurant,no,Low,0,,,,,openstreetmap,1,+66844611772,162 ป.ผาสุขนิเวศน์ 165 ซ.5(ปาก ซอย ชุมชน คลองผู้ใหญ่จร,11110,overture (meta),overture:a3abec85-3115-4f96-ada6-eb31c709a509
p0818594292@gmail.com,ครัวบ้านทิพ,ครัวบ้านทิพ,Bang Bua Thong District,Restaurant,no,Low,0,,,,,openstreetmap,1,+66818594292,33 9 Soi Bangrakyai,11110,overture (meta),overture:3e24ac4a-2451-4ea6-b235-0b6c32d61389
narinthon1002@gmail.com,ครัวบ้านยำ ตำแซ่บ ทะเลเดือด,ครัวบ้านยำ ตำแซ่บ ทะเลเดือด,Bang Bua Thong District,Restaurant,no,Low,0,,,,,openstreetmap,1,+66820592970,ถนน ตลิ่งชัน-,11110,overture (meta),overture:116db3de-d481-473e-b13a-ca989b4c56a2
kon_naruk004@hotmail.com,ครัวบ้านรากไทย,ครัวบ้านรากไทย,Bang Bua Thong District,Asian; Thai,no,Low,0,,,https://www.wongnai.com/restaurants/432977GT-ครัวบ้านรากไทย?_st,,openstreetmap,1,+66891278897,เลขที่ 105 7 ซอย 20,11110,overture (meta),overture:a15d6dac-3774-455a-ae1a-540990d55b2c
theindy1996@gmail.com,ครัวบ้านสวน-ข้าวหมกไก่,ครัวบ้านสวน-ข้าวหมกไก่,Bang Bua Thong District,Restaurant,no,Low,0,,,,,openstreetmap,1,+66814482323,26/4 ม.6 ต.บางคูรัด อ.บางบัวทอง จ.นนทบุรี,11110,overture (meta),overture:97cae7c4-1d34-4555-9c2b-8c6eb26fbfd6
g.gade2553@gmail.com,ครัวบ้านอัยลดา,ครัวบ้านอัยลดา,Bang Bua Thong District,Restaurant,no,Low,0,,,,,openstreetmap,1,+66623127447,90/419 หมู่ที่ 8 ต.ละหาร อ.บางบัวทอง,11110,overture (meta),overture:dca29a65-9875-463f-8ca8-840a6541b9d0
greetavis1987@gmail.com,ครัวพูนทรัพย์ -Poonsub Cafe,ครัวพูนทรัพย์ -Poonsub Cafe,Bang Bua Thong District,Cafe,no,Low,0,,,,,openstreetmap,1,+66941499245, ตำบล.บางคูรัด อำเภอ.บางบัวทอง ,11110,overture (meta),overture:2074280f-1e88-488f-8bd3-ea89950ec9c8
khrawsiri@gmail.com,ครัวศิริ by ตูดหมึก,ครัวศิริ by ตูดหมึก,Bang Bua Thong District,Restaurant,no,Low,0,,,,,openstreetmap,1,+66909610590,Thetsaban 2,11110,overture (meta),overture:0ec6a56c-bff3-4721-ae93-0cf85ec339a8
siriporn.t.jj@gmail.com,ครัวสราญ,ครัวสราญ,Bang Bua Thong District,Restaurant,no,Low,0,,,,,openstreetmap,1,,250 เมตร จากปาก ซ.วัดบางแพรก ถ.รัตนาธิเบศร์ ,11110,overture (meta),overture:f8f2832f-1399-4873-b391-8e859f3ef2ca
seequaenoodle@gmail.com,ครัวสี่แคว ก๋วยเตี๋ยวเนื้อ - หมู,ครัวสี่แคว ก๋วยเตี๋ยวเนื้อ - หมู,Bang Bua Thong District,Restaurant,no,Low,0,,,,,openstreetmap,1,,ตลาดบัวทอง Night Market ถนนกาญจนาภิเษก อ.บางบัวทอง,11110,overture (meta),overture:2a04a690-f449-4b81-a6dd-5c48dac528ef
aruneeonsuk@gmail.com,ครัวหลุม,ครัวหลุม,Bang Bua Thong District,Restaurant,no,Low,0,,,,,openstreetmap,1,+66834501990,รังสิต-นครนายก,12110,overture (meta),overture:0dbb8999-801b-4bb4-ad88-ff00e33e8921
wanjaikitchen@gmail.com,ครัวหวานใจ,ครัวหวานใจ,Bang Bua Thong District,Asian; Thai,no,Low,0,,,,,openstreetmap,1,+66863303636,90/15 หมู่6 หมู่บ้านธารทอง1,11110,overture (meta),overture:0e7505f8-903a-4c51-9d4d-b79544f80301
theerasak115221@gmail.com,ครัวเจ้กุ้ง,ครัวเจ้กุ้ง,Bang Bua Thong District,Restaurant,no,Low,0,,,,,openstreetmap,1,+66927573599,94/1ม.5 ซอยจันทร์ทองเอี่ยม ถนนจันทน์ ทองเอี่ยม ตำบลบางรักพัฒนา อำเภอบางบัวทองนนทบุรี ,11110,overture (meta),overture:5e357484-a704-4acd-a6d2-3e8eb7ad153e
nid-cha-nid@hotmail.com,คาเฟ่ นูรีน่า tea&coffee fastfood,คาเฟ่ นูรีน่า tea&coffee fastfood,Bang Bua Thong District,Cafe,no,Low,0,,,,,openstreetmap,1,+66965513123,2 ถนน สุขุมวิท,10110,overture (meta),overture:597bee49-394d-488e-b747-bc654654a536
khunwangao11@gmail.com,คืนวันเก่า,คืนวันเก่า,Bang Bua Thong District,Cafe,no,Low,0,,,,,openstreetmap,1,+66629790549,151/15,11110,overture (meta),overture:63403cf4-9f2a-4230-92c5-a986ebcde3ec
bbbn808@gmail.com,คุณเล็กผัดไทยและอาหารตามสั่ง,คุณเล็กผัดไทยและอาหารตามสั่ง,Bang Bua Thong District,Restaurant,no,Low,0,,,,,openstreetmap,1,+66800789447,บ้านเลขที่6 149 Soi Mu Ban Wirot Ville,11110,overture (meta),overture:6abeabe5-43be-4673-aebb-271e4ce8aa81
yutanakorn.knoware@gmail.com,จอมยุทธพรีเมียมติ่มชำปั้นสด,จอมยุทธพรีเมียมติ่มชำปั้นสด,Bang Bua Thong District,Restaurant,no,Low,0,,,,,openstreetmap,2,+66838618745,97/3 โครงการเดอะวัน วัดลาดปลาดุก,11110,overture (meta),overture:3600a3ee-68e1-4ba3-a5f6-4b6bb782b4ca
counter8@gmail.com,ชนิตาปลาเผา,ชนิตาปลาเผา,Bang Bua Thong District,Restaurant,no,Low,0,Local,,https://www.wongnai.com/r/481409iV,79moecha@gmail.com; chayada.ws01@gmail.com; ayt.atitaya@gmail.com; mapinya.earn@gmail.com,openstreetmap,1,+66871099347,"34,/13",11110,overture (meta),overture:01ff3f94-831f-4fbf-b15a-e10f4f09ae5c
mooyutthana@gmail.com,ชมนา ก๋วยเตี๋ยวน้ำตก เนื้อตุ๋น หมูตุ๋น,ชมนา ก๋วยเตี๋ยวน้ำตก เนื้อตุ๋น หมูตุ๋น,Bang Bua Thong District,Asian; Thai,no,Low,0,,,,,openstreetmap,1,+66910350359,50/9 หมู่ 7 ถนนสาย 346 ต.คลองพระอุดม ,11120,overture (meta),overture:7725e630-a11f-40d7-8404-0e889b2db65d
chaljakorea.food@gmail.com,ชัลจา 잘 자 Chalja - ร้านอาหารเกาหลีชัลจา,ชัลจา 잘 자 Chalja - ร้านอาหารเกาหลีชัลจา,Bang Bua Thong District,Asian; Korean,no,Low,0,,,,,openstreetmap,1,+66849250769,90/19 ซอย 1,11110,overture (meta),overture:5a6325dc-6dfa-438a-beed-50c7c634c5f7
shabubangbuathong@gmail.com,ชาบูเชน บางบัวทอง – Shabu Chain,ชาบูเชน บางบัวทอง – Shabu Chain,Bang Bua Thong District,Restaurant,no,Low,0,Local,,https://shabuchain.com/,cs@shabuchain.com,openstreetmap,1,+66938107804,370 บางบัวทอง,11110,overture (meta),overture:33638280-3e6a-4472-985a-eb44973f6fb7
kruteoiwannipa2537@gmail.com,ชู รสเด็ด ก๋วยเตี๋ยวเนื้อตุ๋น,ชู รสเด็ด ก๋วยเตี๋ยวเนื้อตุ๋น,Bang Bua Thong District,Asian; Japanese,no,Low,0,,,,,openstreetmap,1,+66994144405,196 ติดคลองโต๊ะใหม่ 21 หมู่.7 Baan Kluay - Sai Noi Rd,11110,overture (meta),overture:636cf0ee-19cd-4128-9774-677237072d9c
jutamas9@windowslive.com,ชู-คิด Coffee & ซูโม่ชา,ชู-คิด Coffee & ซูโม่ชา,Bang Bua Thong District,Cafe,no,Low,0,,,,,openstreetmap,1,+66829162096,เลขที่ 13 หมู่ 8 หน้าตลาดแม่สมคิด,11110,overture (meta),overture:315f0162-c0b8-4914-a165-855d5705d3a6
b.dvipada@gmail.com,ซาลาเปาโฮมเมด by เอด้า,ซาลาเปาโฮมเมด by เอด้า,Bang Bua Thong District,Chinese,no,Low,0,,,,,openstreetmap,1,+66849894229,หมู่บ้านเอสเกต 2 เลขที่ 98/260 ต.ละหาร อ.บางบัวทอง จ.นนทบุรี,11110,overture (meta),overture:3f5e9adb-1f1a-4c1f-ba9c-0eb218659cc0
c.k.bakery@hotmail.com,ซี.เค.เบเกอรี่-CK.Bakery,ซี.เค.เบเกอรี่-CK.Bakery,Bang Bua Thong District,Bakery,no,Low,0,,,,,openstreetmap,1,+6625945957,106 29-30 หมู่10 ซอย หมู่บ้านบ้านบัวทอง 10,11110,overture (meta),overture:23165ce7-05bb-45f8-9609-fae3a01866d1
tippang1123@gmail.com,ซุปเปอร์บิ๊ก หมูกระทะ สาขา2 บางบัวทอง,ซุปเปอร์บิ๊ก หมูกระทะ สาขา2 บางบัวทอง,Bang Bua Thong District,Restaurant,no,Low,0,,,,,openstreetmap,1,+66880046787,บางบัวทอง-สุพรรณบุรี\n,11110,overture (meta),overture:38e0debc-b795-422e-a2f0-7801a2370f89
sushininja.bangphlu@gmail.com,ซูชิ นินจา พรีเมียม,ซูชิ นินจา พรีเมียม,Bang Bua Thong District,Asian; Japanese,no,Low,0,,,,,openstreetmap,1,+66631174888,200 ปั้ม ปตท.กรีนออโต้ แยกบางพูล 9 Bang Kruai - Sai Noi Rd,11110,overture (meta),overture:63d2d302-6e3c-4ce9-8f7f-71ea7f4f83a2
syncengine@hotmail.com,ญีญวน อาหารเวียดนาม,ญีญวน อาหารเวียดนาม,Bang Bua Thong District,Restaurant,no,Low,0,,,,,openstreetmap,1,+6629204090,,11110,overture (meta),overture:aad122b3-ae22-415c-a0ad-100cda3db393
sridarbundit@gmail.com,ณ.กุ้งเผา ซีฟู้ด,ณ.กุ้งเผา ซีฟู้ด,Bang Bua Thong District,Restaurant,no,Low,0,Local,,https://wongn.ai/21uKte,support@lmwn.com; pr@lmwn.com,openstreetmap,1,+66953100862,ซอย.บ้านกล้วย,11110,overture (meta),overture:81694e02-11f6-4d28-9cfe-b1ef824fd8da
theoasisbangbuathong@gmail.com,ดิโอเอซิส อาหารอิสลาม บางบัวทอง - The Oasis Islam Restaurant,ดิโอเอซิส อาหารอิสลาม บางบัวทอง - The Oasis Islam Restaurant,Bang Bua Thong District,Asian; Thai,no,Low,0,,,,,openstreetmap,1,+66935524633,187/24 ถนน บางกรวย-ไทรน้อย,11110,overture (meta),overture:aaa9ca55-e44b-4e40-aef6-b4e8df1c1005
theelfessence@gmail.com,ตรอกหมีมีนม,ตรอกหมีมีนม,Bang Bua Thong District,Restaurant,no,Low,0,,,http://line.me/ti/p/~aey6168,,openstreetmap,1,+66971696238,115/7 เมทโทร บิซทาวน์ บางบัวทอง2,11110,overture (meta),overture:19e7aec4-b436-48a5-9378-1b0e7fa83d20
suttidajirattikalnon2537@gmail.com,ตั้งโต๊ะหม่าล่า,ตั้งโต๊ะหม่าล่า,Bang Bua Thong District,Restaurant,no,Low,0,,,,,openstreetmap,1,+66949396999,ถ. ชัยพฤกษ์,11110,overture (meta),overture:b0ffbd61-4c92-4dc4-8602-4ac213724bd4
tumjagkuu@gmail.com,ตำจังกรู 3,ตำจังกรู 3,Bang Bua Thong District,Restaurant,no,Low,0,,,,,openstreetmap,1,+66625323553,Bang Kruai - Sai Noi Rd,11110,overture (meta),overture:737b52d1-1c04-41e3-81bf-7796a421857e
poppy0948@gmail.com,ตำนานอาหารเจแม่แจ๋ว แยกบางพลู,ตำนานอาหารเจแม่แจ๋ว แยกบางพลู,Bang Bua Thong District,Restaurant,no,Low,0,,,https://wongn.ai/jwaq0,,openstreetmap,1,+66909098793,,,overture (meta),overture:db3d3953-96ed-4614-9a37-bc13e5679d78
firn074@gmail.com,ตำยันหว่าง ตลาดสมบัติบุรี,ตำยันหว่าง ตลาดสมบัติบุรี,Bang Bua Thong District,Restaurant,no,Low,0,,,,,openstreetmap,1,+66935759919,ตลาดสมบัติบุรี,11110,overture (meta),overture:332f7b7a-85b7-4b5d-a826-bfabc385bafc
kamokarn@hotmail.com,ตำสนั่น  Tum Sanan,ตำสนั่น  Tum Sanan,Bang Bua Thong District,Restaurant,no,Low,0,,,,,openstreetmap,1,+66873164545,ถนนจันทร์ทองเอี่ยม,11110,overture (meta),overture:febddb52-0279-4a4c-bc86-29850266a90f
maliwan2569@gmail.com,ตำแซ่บ สมบัติบุรี,ตำแซ่บ สมบัติบุรี,Bang Bua Thong District,Restaurant,no,Low,0,,,,,openstreetmap,1,+66985243299,ร้านตำแซ่บสมบัติบุรี,11110,overture (meta),overture:ce9ca438-769b-4034-992c-900d31180d62
chanita0144@gmail.com,ตำแซ่บ ไก่ย่างเขาสวนกวาง,ตำแซ่บ ไก่ย่างเขาสวนกวาง,Bang Bua Thong District,Restaurant,no,Low,0,,,,,openstreetmap,1,+66638751710,46/85 หมู่บ้านพฤกษา 3,11110,overture (meta),overture:8eed5a86-2f3b-4512-a09b-c556f29a88d6
tanadonarsenal2@gmail.com,ตำแซ่บนัวหมู่บ้านรัตนา,ตำแซ่บนัวหมู่บ้านรัตนา,Bang Bua Thong District,Restaurant,no,Low,0,,,,,openstreetmap,1,+66629191097,,,overture (meta),overture:0eb8a287-0d55-4930-8887-9d8f741e7802
ken3112520ken@hotmail.com,ตำแรดแซ่บนัว at บางใหญ่ ซ.วัดลาดปลาดุก by เจ๊ต๊อกแต๊ก,ตำแรดแซ่บนัว at บางใหญ่ ซ.วัดลาดปลาดุก by เจ๊ต๊อกแต๊ก,Bang Bua Thong District,Asian; Thai,no,Low,0,,,,,openstreetmap,1,+66619986965,"128 นบ.1002 Tambon Bang Rak Phatthana, Amphoe Bang Bua Thong, Chang Wat",11110,overture (meta),overture:d983c54a-9b3a-47bc-844d-8da117caa889
zomsabaitip1989@gmail.com,ติดชิล,ติดชิล,Bang Bua Thong District,Cafe,no,Low,0,,,,,openstreetmap,1,+66899810153,11 6,11110,overture (meta),overture:3a92d5be-0a08-4c7a-9bcf-9108702f786d
tidmunz.bbt@gmail.com,ติดมันส์ บุฟเฟ่ต์ปิ้งย่างกระทะร้อน,ติดมันส์ บุฟเฟ่ต์ปิ้งย่างกระทะร้อน,Bang Bua Thong District,Restaurant,no,Low,0,,,,,openstreetmap,1,+66999616692,บางบัวทอง 127 หมู่ 3 Bang Kruai - Sai Noi Rd,11110,overture (meta),overture:d9f11b9c-cabd-4a70-91c2-9c4ff5d270f4
anndaungruthai_rt@hotmail.com,ตี๋น้อยข้าวต้มแห้ง,ตี๋น้อยข้าวต้มแห้ง,Bang Bua Thong District,Restaurant,no,Low,0,,,https://line.me/ti/p/ep_7GFGP3-,,openstreetmap,1,+66635092565,40 75 Bang Kruai - Sai Noi Rd,11110,overture (meta),overture:630584e1-7f5d-4479-9333-e713a9ee4425
tuetowama@gmail.com,ตือโต๋วอาม่า,ตือโต๋วอาม่า,Bang Bua Thong District,Asian; Thai,no,Low,0,,,http://line.me/ti/p/%40lja6170f,,openstreetmap,1,+66934249878,18 หมู่11 ถนนกาญจนาภิเษก ต.บางรักพัฒนา อ.บางบัวทอง นนทบุรี,11110,overture (meta),overture:7fafd86e-77e3-4379-b5f9-d23c66ec1d08
poonnaphopfest@gmail.com,ตุ๊ด ตำ ยำ,ตุ๊ด ตำ ยำ,Bang Bua Thong District,Asian; Thai,no,Low,0,,,,,openstreetmap,1,+66922556594,ว่าง,ว่าง,overture (meta),overture:7b1de4a7-ff85-4ded-a8dc-bd1e8579ab81
tatarferiasz@gmail.com,ต้นตำหรับชาพะยอม สาขาคลองตาคล้าย,ต้นตำหรับชาพะยอม สาขาคลองตาคล้าย,Bang Bua Thong District,Cafe,no,Low,0,,,,,openstreetmap,1,+66914359290,23/3 ม.6 ต.บางบัวทอง,11110,overture (meta),overture:7e20d174-83ac-44ea-9022-e6488c513f6a
preyawan86@gmail.com,ต้มยำก๋วยเตี๋ยวต้มยำสุโขทัย by preya&ข้าวมันไก่คุณนาย,ต้มยำก๋วยเตี๋ยวต้มยำสุโขทัย by preya&ข้าวมันไก่คุณนาย,Bang Bua Thong District,Restaurant,no,Low,0,,,,,openstreetmap,1,+66818672081,8/4 ม.4 ในปั๊มน้ำมันบางจาก ต,11110,overture (meta),overture:332037b1-f2db-4e01-b7bc-6ed4bb392f7f
taweechok.cyp01@gmail.com,ทวีโชคหมูกะทะ สาขาชัยพฤกษ์,ทวีโชคหมูกะทะ สาขาชัยพฤกษ์,Bang Bua Thong District,Restaurant,no,Low,0,Local,,https://taweechokdelivery.netlify.app/,,openstreetmap,1,+66635925592,39/35 ชัยพฤกษ์,11120,overture (meta),overture:1babb437-4031-4154-83eb-c27e7cc57dd6
devth@hotmail.com,ธัญฉะเกี๊ยวซ่า,ธัญฉะเกี๊ยวซ่า,Bang Bua Thong District,Cafe,no,Low,0,,,,,openstreetmap,1,+66895062341,Chan Thong Iam Rd,11110,overture (meta),overture:3dad7f36-02b2-4125-81e5-d0090a30769a
enjoyshamimie@gmail.com,นมกะเตี๋ยว,นมกะเตี๋ยว,Bang Bua Thong District,Halal,no,Low,0,,,,,openstreetmap,1,+66925636788,้เทศบาล2,11110,overture (meta),overture:eaba40d8-360f-4680-a544-85cf4643adf8
nanuatong@gmail.com,นะเนื้อทอง,นะเนื้อทอง,Bang Bua Thong District,Asian; Japanese,no,Low,0,,,,,openstreetmap,1,+66968981155,192 ซอย 2,11110,overture (meta),overture:aa2a7ba9-bc3b-4e14-88aa-20b4e8c02228
thebottle.p@gmail.com,นั่งโง่โง่ รูฟท็อป บาร์ อาหารและเครื่องดื่ม,นั่งโง่โง่ รูฟท็อป บาร์ อาหารและเครื่องดื่ม,Bang Bua Thong District,Asian; Thai,no,Low,0,,,,,openstreetmap,1,+66813509466,ตรงข้ามเซเว่น 200/4 Soi Mu Ban Bua Thong 3,11110,overture (meta),overture:b8e154c8-fdb2-4ae2-ab09-f9c33cf0f782
naikor.official@gmail.com,นาย ก เป็ดย่าง,นาย ก เป็ดย่าง,Bang Bua Thong District,Restaurant,no,Low,0,,,,,openstreetmap,1,+66915346520,ถนนบางกรวย-ไทรน้อย,11110,overture (meta),overture:942a3cfb-0464-4139-ba4b-412928172187
sakda2643@gmail.com,นายหงอกกลาบเป็ด,นายหงอกกลาบเป็ด,Bang Bua Thong District,Takeaway,no,Low,0,,,,,openstreetmap,1,+66918014961,ทางกลับรถใต้สะพานสารสาสน์,11110,overture (meta),overture:74b5428f-9346-47f5-9088-fc9ed57dcd2f
tiswisarut@gmail.com,นิมี่นมสด,นิมี่นมสด,Bang Bua Thong District,Cafe,no,Low,0,,,,,openstreetmap,1,+66925636788,ถ. ชัยพฤกษ์,,overture (meta),overture:1f65ed14-27a0-4c96-b416-9171353bc255
mew071036@gmail.com,นิยมนนท์ นมสด,นิยมนนท์ นมสด,Bang Bua Thong District,Bakery,no,Low,0,,,,,openstreetmap,1,+66629426923,วัดลาดปลาดุก,11110,overture (meta),overture:174f88aa-ec9a-4ca0-bd4f-526430aed9c9
sunisasaengngam96@gmail.com,นิริน บ้านพร้อมอยู่,นิริน บ้านพร้อมอยู่,Bang Bua Thong District,Cafe,no,Low,0,,,,,openstreetmap,1,+66640682492,ถนนวัดลาดปลา,11110,overture (meta),overture:f073780d-17bf-414b-a3b3-87999b2ec843
nuy.invest@gmail.com,นุ้ย ชาปักษ์ใต้คาเฟ่,นุ้ย ชาปักษ์ใต้คาเฟ่,Bang Bua Thong District,Cafe,no,Low,0,,,,,openstreetmap,1,+66914639551,อู่ asia auto shop ซอย วัดลาดปลาดุก,11110,overture (meta),overture:9de02ff9-8a45-4438-aca1-f06fe40fbc74
pyjira@gmail.com,น้ำดอกไม้,น้ำดอกไม้,Bang Bua Thong District,Cafe,no,Low,0,,,,,openstreetmap,1,+66864464297,55 Soi Mu Ban Cho Rungrueang 5 Soi 2,11110,overture (meta),overture:0f4d4590-0b3f-4ad4-a41d-015630c74e1b
suriyonchanhan@gmail.com,น้ำดื่ม3แพ็ค99บาท,น้ำดื่ม3แพ็ค99บาท,Bang Bua Thong District,Asian; Thai,no,Low,0,,,,,openstreetmap,1,+956544177,ร้านจ๊ะจ๋าน้ำดื่ม  หมู่บ้านสิรารมย์ ซอย15 ,11110,overture (meta),overture:c244a321-f7ba-4455-a1af-0d2a5819a034
krunewkoi789@gmail.com,บัวทองชาบู,บัวทองชาบู,Bang Bua Thong District,Restaurant,no,Low,0,,,,,openstreetmap,1,+66922474495,96/63 ซอย 15/4,11110,overture (meta),overture:f76776c6-4b44-44da-a224-276e80815400
buathongintergroup@gmail.com,บัวทองเบเกอรี่ BuathongBakery,บัวทองเบเกอรี่ BuathongBakery,Bang Bua Thong District,Bakery,no,Low,0,Local,,https://shopee.co.th/buathongbakery,,openstreetmap,1,,1 ถนน กาญจนาภิเษก,11110,overture (meta),overture:4ad23644-432f-4ff4-8b40-68275725b51d
aoffy.super@gmail.com,บิงซู หวานเจี๊ยวเกล็ดหิมะ,บิงซู หวานเจี๊ยวเกล็ดหิมะ,Bang Bua Thong District,Cafe,no,Low,0,,,,,openstreetmap,1,+66889853655,3 ถนน เลียบคลองตาชม,11110,overture (meta),overture:ea2f8a9e-22e9-4b56-9920-5f73ae474df6
onbig1616@gmail.com,บิ๊กท่าอิฐ บะหมี่เกี๊ยว&ข้าวหมูแดง หมูกรอบ สาขา ม.ชลดาบางบัวทอง,บิ๊กท่าอิฐ บะหมี่เกี๊ยว&ข้าวหมูแดง หมูกรอบ สาขา ม.ชลดาบางบัวทอง,Bang Bua Thong District,Restaurant,no,Low,0,,,,,openstreetmap,3,+66919924699,ถนนบางกรวย-ไทรน้อย,11110,overture (meta),overture:a1a34ff2-db2f-4551-9769-feb9c9b9e554
audpretty79@gmail.com,บ่อตกปลา เอกกุหลาบฟิชชิ่งปาร์ค,บ่อตกปลา เอกกุหลาบฟิชชิ่งปาร์ค,Bang Bua Thong District,Asian; Thai,no,Low,0,,,,,openstreetmap,1,+66832340259,คลองถนน\n,11140\n\n,overture (meta),overture:fb21c242-2f3b-4476-9b32-2936086ee604
valinda7899@gmail.com,บ้านกระเพรา-บางบัวทอง,บ้านกระเพรา-บางบัวทอง,Bang Bua Thong District,Restaurant,no,Low,0,Local,,https://wongn.ai/nrxfu,support@wongnai.com,openstreetmap,1,+66903857899,ที่ตั้ง109/28 ม.ร่มเกล้า 2 Soi Wat Phai Lueang,11110,overture (meta),overture:3a1102cd-ddd7-497b-998f-ff427dbb60f0
wasan.kmn@gmail.com,บ้านข้าวผัด,บ้านข้าวผัด,Bang Bua Thong District,Restaurant,no,Low,0,,,,,openstreetmap,1,+66952642428,79/5 หมู่2 ต.ละหาร อ.บางบัวทอง,11110,overture (meta),overture:4ae47287-9908-47b4-b5cb-1c044f617e04
skylovetht89@gmail.com,บ้านข้าวหมกไก่&ข้าวมันไก่ บังป้อม,บ้านข้าวหมกไก่&ข้าวมันไก่ บังป้อม,Bang Bua Thong District,Restaurant,no,Low,0,,,,,openstreetmap,1,+66923683295,11 ถนน เลียบคลองตาชม,11110,overture (meta),overture:f09bfb7d-2265-4cb0-8dd5-43d06ecfa72c
raksuda201@gmail.com,บ้านชิกะชาคาเฟ่,บ้านชิกะชาคาเฟ่,Bang Bua Thong District,Cafe,no,Low,0,,,,,openstreetmap,1,+66952654693,5/2 ถนน บ้านกล้วย-ไทรน้อย,11110,overture (meta),overture:685142a9-c1d9-4c74-b7a1-9b40490767a4
baanna2469@gmail.com,บ้านนามหานคร on the field,บ้านนามหานคร on the field,Bang Bua Thong District,Restaurant,no,Low,0,,,,,openstreetmap,1,+66961496194,78/3 บางกรวย-ไทรน้อย,11110,overture (meta),overture:ed33f213-97ac-432b-98ed-d8309c73be2f
bansuanblessing@gmail.com,บ้านบ้าน บ้านสวน,บ้านบ้าน บ้านสวน,Bang Bua Thong District,Restaurant,no,Low,0,,,,,openstreetmap,1,+66984410645,"39, 1 Soi Tem Rak Phatthana 9",11110,overture (meta),overture:b67ef631-9c7a-4964-bb68-8e0dbf497722
chanyanusch.mh@gmail.com,บ้านสวน2009 Bansuan บางบัวทอง,บ้านสวน2009 Bansuan บางบัวทอง,Bang Bua Thong District,Restaurant,no,Low,0,,,,,openstreetmap,1,,5 ถนน บางกรวย-ไทรน้อย,11110,overture (meta),overture:c77c4b0f-2a6a-4e8c-bfbc-c79a1c273da5
komkrit.paitoon@gmail.com,บ้านสวนนับทอง-ตักเพชร Nubthong-Takpetch Garden,บ้านสวนนับทอง-ตักเพชร Nubthong-Takpetch Garden,Bang Bua Thong District,Cafe,no,Low,0,,,,,openstreetmap,1,+66835532893,ไทรน้อย บางบัวทอง,11110,overture (meta),overture:2289f131-07fd-49ce-b6f3-e923ee1c9d59
on_love_non@hotmail.com,บ้านสวนผักสด,บ้านสวนผักสด,Bang Bua Thong District,Takeaway,no,Low,0,,,,,openstreetmap,1,+66850227147,,,overture (meta),overture:0e26e73c-b86d-48b6-a672-10bbacdea188
wacharin.m2523@gmail.com,บ้านสามวา เบเกอรี่,บ้านสามวา เบเกอรี่,Bang Bua Thong District,Bakery,no,Low,0,,,,,openstreetmap,1,+66835826998,1/16 หมู่ 4 ต.บางบัวทอง อ.บางบัวทอง จ.นนทบุรี 11110,11110,overture (meta),overture:c5adf16a-1208-415b-b1b2-11abff93a9ee
baanimsabuy1@gmail.com,บ้านอิ่มสบาย,บ้านอิ่มสบาย,Bang Bua Thong District,Asian; Thai,no,Low,0,,,,,openstreetmap,1,+66801942665,1 11 หมู่2 ถนน ทางหลวงหมายเลข 345,11110,overture (meta),overture:0e35432e-72be-4f62-b5b8-2dc817fc1849
pleum-jirayu@outlook.co.th,ป.เฮ็ง,ป.เฮ็ง,Bang Bua Thong District,Asian,no,Low,0,,,,,openstreetmap,1,+66964952539,บางไผ่-หนองเพรางาย,11110,overture (meta),overture:d9a8bd7a-353c-4ae2-ba96-e96a5c111937
panadda2215@gmail.com,ปนัดดาเตี๋ยวเรือ,ปนัดดาเตี๋ยวเรือ,Bang Bua Thong District,Restaurant,no,Low,0,,,,,openstreetmap,1,,ปนัดดาเตี๋ยวเรือ บ้านกล้วย-ไทรน้อย,11110,overture (meta),overture:b4a1528f-45f4-4688-8083-7203eecb73bc
prangprung@outlook.com,ปรางปรุง Prang Prung,ปรางปรุง Prang Prung,Bang Bua Thong District,Restaurant,no,Low,0,,,https://lin.ee/68DodU3,,openstreetmap,1,+66885669245,"13.944020394981688, 100.36038373429676",11110,overture (meta),overture:fa7c9b29-59e4-43e0-80b4-55d2a9c80642
prartthana04@gmail.com,ปรารถนา ก๋วยเตี๋ยวเรือ,ปรารถนา ก๋วยเตี๋ยวเรือ,Bang Bua Thong District,Asian; Japanese,no,Low,0,,,,,openstreetmap,1,+66959524858,16/3 ม 4 Chan Thong Iam Rd,11110,overture (meta),overture:b1488b00-251a-4b7c-9d11-f84b26f7bc32
siriporn.joob@gmail.com,ปลาบลาบาร์ Plablahbar,ปลาบลาบาร์ Plablahbar,Bang Bua Thong District,Restaurant,no,Low,0,,,,,openstreetmap,1,,บางกรวย-ไทรน้อย,,overture (meta),overture:d1d0668e-0c0d-4722-aa2c-1fd61abeafa4
onosaka_akito@hotmail.com,ปังปังสังขยาโบราณ,ปังปังสังขยาโบราณ,Bang Bua Thong District,Cafe,no,Low,0,,,,,openstreetmap,1,+66890377179,99/27 Soi Mu Ban Sinlapakan Park Khrongkan 3,11110,overture (meta),overture:6cd08377-f156-42a1-a808-5de73560043b
phanakronpang@gmail.com,ปังพระนคร - Pang Phranakhon,ปังพระนคร - Pang Phranakhon,Bang Bua Thong District,Cafe,no,Low,0,,,,,openstreetmap,1,+66884448582,ปังพระนคร 98/1 ถนนคลองถนน ตำบลบางรักพัฒนา อำเภอบางบัวทอง ,11110,overture (meta),overture:237c5eec-8a18-45e3-8c2e-0c32e23391a0
wwwnawatakarn@gmail.com,ปูม้า ซีฟู้ด มหาวิทยาลัยชัยพฤกษ์,ปูม้า ซีฟู้ด มหาวิทยาลัยชัยพฤกษ์,Bang Bua Thong District,Asian; Thai,no,Low,0,,,,,openstreetmap,1,+66917971420,206 117 Soi Mu Ban Chaiyaphruek,11110,overture (meta),overture:68ead3ca-46cf-43c3-9b27-958ff01eb129
aonny.maxgym@gmail.com,ป้าออนไอติมไข่แข็ง,ป้าออนไอติมไข่แข็ง,Bang Bua Thong District,Ice cream,no,Low,0,,,,,openstreetmap,2,+66649361616,67 35 ห้องที่8 ถ. ชัยพฤกษ์,11110,overture (meta),overture:c0f701f3-e1bc-4190-8e8f-418c720f8cf3
pokpokbamee1985@gmail.com,ป๊อกป๊อก บะหมี่ทรงเครื่อง,ป๊อกป๊อก บะหมี่ทรงเครื่อง,Bang Bua Thong District,Restaurant,no,Low,0,,,,,openstreetmap,1,+66993529450,ปั๊ม ปตท. พิมลราช,11110,overture (meta),overture:bf575a70-1da9-404b-aecc-902a4db4260c
nasnaunphaka@gmail.com,ผลไม้ปั่นสดเจ๊ระ,ผลไม้ปั่นสดเจ๊ระ,Bang Bua Thong District,Restaurant,no,Low,0,,,,,openstreetmap,1,+66966433033,29/18 หมู่7 หมู่บ้านเปี่ยมสุข Soi Mu Ban Phimonrat 5,11110,overture (meta),overture:ff50f68a-9720-46b4-8127-92b53bd8c9a4
monpueng_lemon@gmail.com,ผัวสั่งเมียตำ,ผัวสั่งเมียตำ,Bang Bua Thong District,Asian; Thai,no,Low,0,,,,,openstreetmap,1,+66989070835,89/1 ม.5,11110,overture (meta),overture:e613c200-4e5f-474b-9257-de343c9f2516
panfuncafe2022@gmail.com,พรรณฝัน Farm and Cafe,พรรณฝัน Farm and Cafe,Bang Bua Thong District,Cafe,no,Low,0,,,,,openstreetmap,1,+66886452899,พรรณฝัน farm&cafe,11110,overture (meta),overture:ed43e47a-de6e-4f4d-a499-80b842da8b1a
mumlamaii1@gmail.com,พริกแดง แกงใต้,พริกแดง แกงใต้,Bang Bua Thong District,Restaurant,no,Low,0,,,,,openstreetmap,1,+66830246889,141 หมู่1 ตำบลบางรักพัฒนา อำเภอบางบัวทอง,1110,overture (meta),overture:6bfe47bd-d5f9-4a99-bef6-b54f795aeabc
katag2013@gmail.com,พาเลท30,พาเลท30,Bang Bua Thong District,Restaurant,no,Low,0,,,,,openstreetmap,1,+66984363424,บางกรวย ไทรน้อย,11110,overture (meta),overture:07e78980-9a7a-4a4b-bf5b-0d62fb64f0ba
friesfries243@gmail.com,ฟรายส์,ฟรายส์,Bang Bua Thong District,Restaurant,no,Low,0,,,,,openstreetmap,1,+66631601093,4 ซอย หมู่บ้านบ้านบัวทอง 24 เลขที่111/150 หมู่6 ปาก ซอย24/3,11110,overture (meta),overture:81350e70-2526-413f-917b-b22280f4215c
aun_daw@hotmail.com,ฟาเซีย ปิ้งย่าง หม่าล่า บาร์บีคิว สมบัติบุรี,ฟาเซีย ปิ้งย่าง หม่าล่า บาร์บีคิว สมบัติบุรี,Bang Bua Thong District,Restaurant,no,Low,0,,,,,openstreetmap,1,+66819236709,,11110,overture (meta),overture:3eccb18e-2ae5-4958-86f8-3034874c4436
somprasonk7634@hotmail.co.th,มรกตสยาม หวานเย็น,มรกตสยาม หวานเย็น,Bang Bua Thong District,Cafe,no,Low,0,,,,,openstreetmap,1,+66631416214,Bang Kruai - Sai Noi Rd,11110,overture (meta),overture:c527f7cb-98b0-400a-b01e-02f85e35c709
babycat.mali@gmail.com,มังกรหมูกะทะ,มังกรหมูกะทะ,Bang Bua Thong District,Restaurant,no,Low,0,Local,,https://lin.ee/8VdMJCC,support@wongnai.com,openstreetmap,1,+66860297070,99 หมู่บ้านบัวทองธานี พาร์ควิลล์ 14 2,11110,overture (meta),overture:fee4f3d1-09a4-475a-bb80-29b4fd622906
makicoffee.sgate@gmail.com,มากิกาแฟสด ราชพฤกษ์,มากิกาแฟสด ราชพฤกษ์,Bang Bua Thong District,Cafe,no,Low,0,,,,,openstreetmap,1,+66651194795,"S-Gate, Laharn",11110,overture (meta),overture:3e5ea5cc-32fb-46f3-aa64-9f3cc59d2ef8
www.akarawut9@gmail.com,มิลค์นมสด Milk Fresh Milk - บัวทองเคหะ,มิลค์นมสด Milk Fresh Milk - บัวทองเคหะ,Bang Bua Thong District,Cafe,no,Low,0,,,,,openstreetmap,1,+66866618518,78/3 บางกรวย-ไทรน้อย,11110,overture (meta),overture:df831c87-8e32-4e1d-8f3d-c886b18b03bf
pongpitak1621@gmail.com,มีสเตอร์ชิกเก้นไรซ์,มีสเตอร์ชิกเก้นไรซ์,Bang Bua Thong District,Restaurant,no,Low,0,,,,,openstreetmap,1,+66840170911,27 24 ปั๊มบางจาก ถนนตลิ่งชัน-สุพรรณบุรี ,11140,overture (meta),overture:db1f4253-c05b-4fb3-a8e6-66da7f534554
wipa.edt@gmail.com,ยำดองแสบปาก - Yum Dong Saeb Pak,ยำดองแสบปาก - Yum Dong Saeb Pak,Bang Bua Thong District,Restaurant,no,Low,0,,,,,openstreetmap,1,+66969304252,บางบัวทอง,11110,overture (meta),overture:bb1be000-638e-48c6-8788-7efd3295d8d8
vayu2012.ss@gmail.com,ยำปากเบิร์นซีฟู๊ด,ยำปากเบิร์นซีฟู๊ด,Bang Bua Thong District,Seafood,no,Low,0,,,,,openstreetmap,1,+66623863666,88/9  ปากซอยหอพักรัตนา หมู่5 ตำบล บางบัวทอง อำเภอบางบัวทอง นนทบุรี 11110,11110,overture (meta),overture:1c89cff1-d0a8-4c99-bc90-50046d2d4be4
cs@thairath.co.th,รจนา คาเฟ่ เป็น เสวยคาเฟ่&เรสเตอรอง ),รจนา คาเฟ่ เป็น เสวยคาเฟ่&เรสเตอรอง ),Bang Bua Thong District,Cafe,no,Low,0,Local,,https://www.thairath.co.th/,,venue website,2,+66649899536,28 12 et Asa Phatthana Rd,11110,overture (meta),overture:5963aa93-4b79-4fb4-b332-f4afa999047e
nirantarine@gmail.com,รสมืออีสาน บางบัวทอง,รสมืออีสาน บางบัวทอง,Bang Bua Thong District,Restaurant,no,Low,0,,,,,openstreetmap,1,+66801644353,72 ซอย 7,11110,overture (meta),overture:470068c8-530b-4afc-8317-eab2166cb669
pakarash.p@gmail.com,รับดราฟเวกเตอร์ เปลี่ยนรูปเป็น Vector Ai,รับดราฟเวกเตอร์ เปลี่ยนรูปเป็น Vector Ai,Bang Bua Thong District,Cafe,no,Low,0,,,,,openstreetmap,1,+66815494595,ตลิ่งชัน-สุพรรณบุรี,11110,overture (meta),overture:5e3b1c74-f487-4165-997c-b2dba50b7fe4
noonsuwipa01@gmail.com,ราชาหมูกรอบ ซอยวัดลาดปลาดุก,ราชาหมูกรอบ ซอยวัดลาดปลาดุก,Bang Bua Thong District,Asian; Thai,no,Low,0,,,,,openstreetmap,1,+66615562697,552 นบ.1002,11110,overture (meta),overture:2e35874c-ff62-4552-b65d-b102581aa8b5
suwanan.muangprasit@gmail.com,ราดหน้า โกเด,ราดหน้า โกเด,Bang Bua Thong District,Restaurant,no,Low,0,,,,,openstreetmap,1,+66938942663,114 18 หมู่2 Soi Mu Ban Bua Thong Thani Park Ville,11110,overture (meta),overture:7b6e5d8e-710b-4931-94c0-c3343c1c621b
agamol9999@gmail.com,ราดหน้าน้ำแดงอร่อยที่1บางบัวทอง,ราดหน้าน้ำแดงอร่อยที่1บางบัวทอง,Bang Bua Thong District,Restaurant,no,Low,0,,,https://wongn.ai/5l7m,,openstreetmap,1,,เทศบาล2,11110,overture (meta),overture:af91bffb-2437-4c95-a604-35c4ee5e1d9d
borirak.bella@gmail.com,รุ้งกินข้าว,รุ้งกินข้าว,Bang Bua Thong District,Restaurant,no,Low,0,,,,,openstreetmap,1,+66940090517,111 86 Soi Mu Ban Bua Thong 10,11110,overture (meta),overture:3ecadd7f-5569-42f9-8d12-a7e9ba1cbb96
ruedee.d@retired.bu.ac.th,ร้าน 52 Food and Coffee,ร้าน 52 Food and Coffee,Bang Bua Thong District,Restaurant,no,Low,0,,,,,openstreetmap,1,,Unnamed Road,11110,overture (meta),overture:05b48af7-3a4c-478e-a3af-130983c0e0d0
finnfooddrink@hotmail.com,ร้าน finn,ร้าน finn,Bang Bua Thong District,Cafe,no,Low,0,,,,,openstreetmap,1,+66619744226,289/9 หมู่ที่ 2 Kanchanaphisek Rd,11110,overture (meta),overture:39fb5469-da19-4808-b35b-c51ea8eb4a35
saovaros.lah@gmail.com,ร้าน Saovaros ขนมจีนแซ่บเวอร์,ร้าน Saovaros ขนมจีนแซ่บเวอร์,Bang Bua Thong District,Restaurant,no,Low,0,,,,,openstreetmap,1,+66917345735,5 12,11110,overture (meta),overture:5683cf59-145a-4ddc-b75a-7bef8c3e1839
9container@gmail.com,ร้าน นมสดพระนคร สาขาบางบัวทอง,ร้าน นมสดพระนคร สาขาบางบัวทอง,Bang Bua Thong District,Cafe,no,Low,0,,,,,openstreetmap,3,+66953989992,59 Bang Kruai - Sai Noi Rd,11110,overture (meta),overture:2224b435-44a7-4beb-b951-cabd9661c5bb
dangjoe1973@gmail.com,ร้าน รสดีเด็ด บางใหญ่ by โจ,ร้าน รสดีเด็ด บางใหญ่ by โจ,Bang Bua Thong District,Asian; Japanese,no,Low,0,,,,,openstreetmap,1,+66638368133,82 6 ถนนเลียบคลองไผ่,11110,overture (meta),overture:d9533010-634b-48f5-829d-448ce2ecee18
makkawin34@gmail.com,ร้าน อภิญญา ลาบยโส,ร้าน อภิญญา ลาบยโส,Bang Bua Thong District,Restaurant,no,Low,0,,,,,openstreetmap,1,+66813488300,189 หมู่1 ต.พิมลราช อ.บางบัวทอง ,11110,overture (meta),overture:891dbb81-e3bb-49a2-aa63-0ea2fe56c6b7
siriluk_gloria1985@hotmail.com,ร้านกินข้าวมะห์ (ฮาลาล) ข้าวหมกไก่ สูตรอาหรับแท้,ร้านกินข้าวมะห์ (ฮาลาล) ข้าวหมกไก่ สูตรอาหรับแท้,Bang Bua Thong District,Halal,no,Low,0,,,,,openstreetmap,1,+66636464532,100 646 ม.14 ซอย23,11110,overture (meta),overture:a621a668-91c9-4017-8c74-af948f159e8d
musiclifestyle1976@gmail.com,ร้านก๋วยเตี๋ยวหมู3เด้งบางบัวทอง,ร้านก๋วยเตี๋ยวหมู3เด้งบางบัวทอง,Bang Bua Thong District,Restaurant,no,Low,0,,,,,openstreetmap,1,+66896999255,87/5 ถนน บางกรวย-ไทรน้อย,11000,overture (meta),overture:e3932804-dca3-414f-ba85-9c2ac4dceccb
nummataroongrat@gmail.com,"ร้านก๋วยเตี๋ยวหมูต้มยำตำลึงนายเอก บางใหญ่""","ร้านก๋วยเตี๋ยวหมูต้มยำตำลึงนายเอก บางใหญ่""",Bang Bua Thong District,Restaurant,no,Low,0,Local,,https://www.wongnai.com/r/562750Is,kimhanabc1234@gmail.com; morakotsiam03@gmail.com; ayt.atitaya@gmail.com; chayada.ws01@gmail.com,venue website,1,+66846616661,หน้าม.บัวทอง,11110,overture (meta),overture:e7d0102d-835d-4cba-900d-efdae451b9db
plawvanit@hotmail.com,ร้านก๋วยเตี๋ยวหมูน้ำตกบ้านมะม่วงหาว,ร้านก๋วยเตี๋ยวหมูน้ำตกบ้านมะม่วงหาว,Bang Bua Thong District,Cafe,no,Low,0,,,,,openstreetmap,1,+66628956281,99/1 บัวทองธานี,11110,overture (meta),overture:79151f19-b2eb-4a48-9bb0-2befa7da66a8
phatasaya1981@gmail.com,ร้านก๋วยเตี๋ยวเจ๊หมวย345วัดเล่งเน่ยยี่ 2,ร้านก๋วยเตี๋ยวเจ๊หมวย345วัดเล่งเน่ยยี่ 2,Bang Bua Thong District,Restaurant,no,Low,0,,,,,openstreetmap,1,,คลองพระอุดม,11120,overture (meta),overture:b8f4343e-c7e6-4e53-850b-ef5120fbb912
suksan.n2014@gmail.com,ร้านก๋วยเตี๋ยวเรือกรุงเก่า สาขาบางบัวทอง,ร้านก๋วยเตี๋ยวเรือกรุงเก่า สาขาบางบัวทอง,Bang Bua Thong District,Asian; Japanese,no,Low,0,,,,,openstreetmap,1,+66813418210,57/1 Bang Kruai - Sai Noi Rd,11110,overture (meta),overture:d1b79e5d-2f9e-4c12-ad2f-db5eb3d31c84
anutida.wd009@gmail.com,ร้านก๋วยเตี๋ยวโกรวยลำโพ,ร้านก๋วยเตี๋ยวโกรวยลำโพ,Bang Bua Thong District,Cafe,no,Low,0,,,,,openstreetmap,1,,ตรงข้ามหมู่บ้านอริสรา5,11110,overture (meta),overture:8eb0020d-8761-4913-87ff-d66eebd6b5f3
worachote671@hotmail.com,ร้านก๋วยเตี๋ยวไก่พ่อโย่ - บางบัวทอง,ร้านก๋วยเตี๋ยวไก่พ่อโย่ - บางบัวทอง,Bang Bua Thong District,Restaurant,no,Low,0,,,,,openstreetmap,1,+66847030099,,,overture (meta),overture:67aa1f9f-1e63-4f3a-afec-198259f35fc5
kittithana106@gmail.com,ร้านขนมจีน ข้าวแกงปักษ์ใต้ คุณต๋อย,ร้านขนมจีน ข้าวแกงปักษ์ใต้ คุณต๋อย,Bang Bua Thong District,Asian; Thai,no,Low,0,,,,,openstreetmap,1,+66985428257,41/16 ม.5 ต.กะแดะ อ.กาญจนดิษฐ์ จ. สุราษฎร์ธานี,84160,overture (meta),overture:f2affa43-8e37-49d5-8390-ba442f936b72
ja.jaruwan2211@gmail.com,ร้านข้าวมันไก่นายช่างยน,ร้านข้าวมันไก่นายช่างยน,Bang Bua Thong District,Asian; Thai,no,Low,0,,,https://wongn.ai/21U17W,,openstreetmap,1,+66873385182,ตลาดบางพลู,11110,overture (meta),overture:d47ee93e-5fc5-41ad-a0ab-b718ee211220
annzamopara@gmail.com,ร้านข้าวหน้าสั่นลือชาแอคเดอะซัน,ร้านข้าวหน้าสั่นลือชาแอคเดอะซัน,Bang Bua Thong District,Restaurant,no,Low,0,,,,,openstreetmap,1,+66925532592,18/12 หมู่ที่9 ถนนบางบัวทอง-สุพรรณบุรี ต.ละหาร อ.บางบัวทอง ,,overture (meta),overture:b04c2e9d-56db-4b52-a734-eb73901a36b8
silverbigbag15@gmail.com,ร้านข้าวแกง Ok,ร้านข้าวแกง Ok,Bang Bua Thong District,Restaurant,no,Low,0,,,,,openstreetmap,1,+66982701599,72 3 Kanchanaphisek Rd,11110,overture (meta),overture:b1eb5a9a-6715-4f6f-acd7-7efdedca8bfb
themilkiizromeo@hotmail.com,ร้านข้าวแกงป้าแอ๊ด,ร้านข้าวแกงป้าแอ๊ด,Bang Bua Thong District,Restaurant,no,Low,0,,,,,openstreetmap,1,,333 ม.3 ซ.เทศบาล 2 Soi Mu Ban Duang Thong,11110,overture (meta),overture:4db96a14-dfd3-4e80-ac63-6ecefd76cbd6
kenny_jackyhey@hotmail.com,ร้านข้าวแกงอาเหลียง,ร้านข้าวแกงอาเหลียง,Bang Bua Thong District,Restaurant,no,Low,0,,,,,openstreetmap,1,+66883424922,Bang Bua Thong - Suphan Buri Rd,11110,overture (meta),overture:5d6d731c-cf39-46b1-9eda-00f9b9f2b698
heavenblazt@hotmail.co.th,ร้านจัมโบ้ หมูจุ่ม,ร้านจัมโบ้ หมูจุ่ม,Bang Bua Thong District,Restaurant,no,Low,0,,,,,openstreetmap,1,+66803065881,91 2,11110,overture (meta),overture:85e3679c-68f7-4ee5-b036-ec0a310a730c
chompoo170200cc@gmail.com,ร้านชมพูนุช หมูกะทะ,ร้านชมพูนุช หมูกะทะ,Bang Bua Thong District,Restaurant,no,Low,0,,,,,openstreetmap,1,+66902960894,ร้านชมพูนุช หมูกระทะ ตลาดต้นคูณ ซอยวัดลาดปลาดุก อำเภอบางบัวทอง,11110,overture (meta),overture:cf0ffe40-c5fc-4873-ac76-e466544733ed
amornmonthong@gmail.com,ร้านซักที่นี่ 24ชม.,ร้านซักที่นี่ 24ชม.,Bang Bua Thong District,Restaurant,no,Low,0,,,,,openstreetmap,1,+66644950848,,,overture (meta),overture:d343100a-97cc-41c1-b2df-0e80a3d66130
suracha.kob@gmail.com,ร้านตะวันรุ่งก๋วยเตี๋ยวเรืออยุธยารสเด็ด สาขาลำโพ,ร้านตะวันรุ่งก๋วยเตี๋ยวเรืออยุธยารสเด็ด สาขาลำโพ,Bang Bua Thong District,Restaurant,no,Low,0,,,,,openstreetmap,1,+66948145050,,11110,overture (meta),overture:3da40ec0-6ebc-4459-9c7f-8093ad26499b
parkrawa@yahoo.com,ร้านตัวจริง,ร้านตัวจริง,Bang Bua Thong District,Restaurant,no,Low,0,,,,,openstreetmap,1,+66628588887,59/15,11110,overture (meta),overture:a3c5f806-c2f3-4e89-a221-cacec9ece9bc
bowxphiyya@gmail.com,ร้านทะเลคลองวาฬ,ร้านทะเลคลองวาฬ,Bang Bua Thong District,Seafood,no,Low,0,,,,,openstreetmap,1,+66942894429,ทะเลคลองวาฬ เลขที่ 305 ตำบล บางบัวทอง จังหวัด นนทบุรี ,11110,overture (meta),overture:324a5e31-befd-47b5-a3d4-976906eee955
preechasasijan@gmail.com,ร้านธงไชย ผัดไทย โลตัสไทรน้อย,ร้านธงไชย ผัดไทย โลตัสไทรน้อย,Bang Bua Thong District,Restaurant,no,Low,0,,,,,openstreetmap,1,+66994535465,,,overture (meta),overture:ea1db39b-8934-4d0b-9a91-fe0343da8853
amnad_002@hotmail.com,ร้านนมไข่มุกดอทคอมสาขาตลาดบางบัวทอง,ร้านนมไข่มุกดอทคอมสาขาตลาดบางบัวทอง,Bang Bua Thong District,Cafe,no,Low,0,Local,,https://wongn.ai/264ls,support@lmwn.com; pr@lmwn.com,openstreetmap,1,+66837025908,,,overture (meta),overture:fd5c155e-f33c-44d9-9c4d-ed96416bd973
islah@hotmail.co.th,"ร้านบีฟบัง Beefbung เนื้อปิ้ง เนื้อ,ลิ้นทอด","ร้านบีฟบัง Beefbung เนื้อปิ้ง เนื้อ,ลิ้นทอด",Bang Bua Thong District,Restaurant,no,Low,0,,,,,openstreetmap,1,+66619983939,หมู่ที่ 2 204/11,11110,overture (meta),overture:9ee2dd19-04bf-4f67-b061-bc8aecef5dfa
nipapon_por@hotmail.com,ร้านบ้านครัวส้มตำ,ร้านบ้านครัวส้มตำ,Bang Bua Thong District,Restaurant,no,Low,0,,,,,openstreetmap,1,+66636425317,Soi Mu Ban Phrueksa 3,11110,overture (meta),overture:f49e4dba-ba55-477b-93bf-196c143fc1d1
pair_f@hotmail.com,ร้านบ้านไม้เก่า,ร้านบ้านไม้เก่า,Bang Bua Thong District,Restaurant,no,Low,0,,,,,openstreetmap,1,+66931318843,95/5 หมู่ 2 Bang Kruai - Sai Noi Rd,11110,overture (meta),overture:d074ec0e-dc22-4b4c-8e1a-e550dded12f5
info.pankhammas@yahoo.com,ร้านปั้นคำมาศ,ร้านปั้นคำมาศ,Bang Bua Thong District,Bakery,no,Low,0,,,,,openstreetmap,1,+66649678833,บางบัวทอง 88/13-14,11110,overture (meta),overture:d49d706e-1ce3-4fc4-b4b5-813e02ffbd64
kitjawat.yean@gmail.com,ร้านฟ้าลิขิตผัดไทกาแฟสด,ร้านฟ้าลิขิตผัดไทกาแฟสด,Bang Bua Thong District,Cafe,no,Low,0,,,,,openstreetmap,1,+66925366614,42 8,11110,overture (meta),overture:2463203d-a85a-437a-8b65-219d046215af
agamol777@gmail.com,ร้านราดหน้าน้ำแดงอร่อยที่1บางบัวทอง,ร้านราดหน้าน้ำแดงอร่อยที่1บางบัวทอง,Bang Bua Thong District,Takeaway,no,Low,0,,,https://wongn.ai/5l7m,,openstreetmap,1,+66888271858,164 270 6 Ratchaphruek Rd,11110,overture (meta),overture:6c121aca-b988-43f7-9ccd-2894a453d91a
ninchata@gmail.com,ร้านลาบเป็ดอุดร บางบัวทอง,ร้านลาบเป็ดอุดร บางบัวทอง,Bang Bua Thong District,Asian; Thai,no,Low,0,,,,,openstreetmap,1,+66645528481,333/19-20 หมู่ 3 Bang Kruai - Sai Noi Rd,11110,overture (meta),overture:75a30e97-4f04-4fb7-9502-ce767d049b3d
s0875025685@gmail.com,ร้านลาบเสี่ยแจ้,ร้านลาบเสี่ยแจ้,Bang Bua Thong District,Restaurant,no,Low,0,,,,,openstreetmap,1,+66875025685,ถนนหมายเลข 9 ตำบลลำโพ,11110,overture (meta),overture:2a2103d3-994c-4001-acc9-261e3b9d2d46
wwchanket@gmail.com,ร้านลุงข้าวแกงใต้,ร้านลุงข้าวแกงใต้,Bang Bua Thong District,Restaurant,no,Low,0,,,,,openstreetmap,1,+66639563365,16,11110,overture (meta),overture:df66ddf8-2bdd-44f8-baaf-6d76e9c18d9e
yokkhar@gmail.com,ร้านสถานีโจ๊กกะเส้น,ร้านสถานีโจ๊กกะเส้น,Bang Bua Thong District,Restaurant,no,Low,0,,,,,openstreetmap,1,+66645649625,อาคารพาณิชย์ เลขที่ 16 17 หมู่4 ถนน บางไผ่ - หนองเพรางาย,11110,overture (meta),overture:de58825c-d36e-4602-875f-7bf60c329516
weekendcafesainoi@gmail.com,ร้านสุดสัปดาห์ คาเฟ่,ร้านสุดสัปดาห์ คาเฟ่,Bang Bua Thong District,Restaurant,no,Low,0,,,,,openstreetmap,1,+66979497492,"13.9306205,100.4008276",,overture (meta),overture:1b0c2a1c-c022-446f-a074-7bdc0709450a
suttiongwaengwan@gmail.com,ร้านส้มตำยายยล คนชัยภูมิ,ร้านส้มตำยายยล คนชัยภูมิ,Bang Bua Thong District,Restaurant,no,Low,0,,,,,openstreetmap,1,+66635496649,96/56 ปาก ซอย หมู่บ้านบ้านบัวทอง,11110,overture (meta),overture:1246003e-116c-4f8d-b629-1fd738da241c
pramie_s@hotmail.com,ร้านหมูคุณเปรม,ร้านหมูคุณเปรม,Bang Bua Thong District,Restaurant,no,Low,0,,,,,openstreetmap,1,+66632932524,ตลาดสดเทศบาลบางบัวทอง (ริมคลอง)บางกรวย-ไทรน้อย,11110,overture (meta),overture:baa6a3e2-7d03-45ea-beb8-3a89e875ed26
porthaninpong@gmail.com,ร้านอาหารญี่ปุ่น นานามิ,ร้านอาหารญี่ปุ่น นานามิ,Bang Bua Thong District,Asian; Japanese,no,Low,0,,,,,openstreetmap,1,+66619822897,เลขที่ 57,11110,overture (meta),overture:9e7dd1bc-7d22-4188-ab64-ad7a78c091ab
www.bermsurvey@hotmail.com,ร้านอาหารบ้านฅนเรือ,ร้านอาหารบ้านฅนเรือ,Bang Bua Thong District,Restaurant,no,Low,0,,,,,openstreetmap,1,+66898913276,14/28 หมู่ที่ 6 ต.บางรักพัฒนา  อ.บางบัวทอง จ.นนทบุรี,11110,overture (meta),overture:584d7baa-6d18-47c0-a85a-fcf5f5a6b9d4
nij.nijvadee@gmail.com,ร้านเค้กคิดถึง บางบัวทอง,ร้านเค้กคิดถึง บางบัวทอง,Bang Bua Thong District,Bakery,no,Low,0,,,,,openstreetmap,1,+66954942966,5 ถนน บางกรวย-ไทรน้อย,11110,overture (meta),overture:109acbec-4932-4a4d-a939-ae9bf11b38bc
chantawut.punbun@gmail.com,ร้านเจ้ปิ๊ก บางบัวทอง,ร้านเจ้ปิ๊ก บางบัวทอง,Bang Bua Thong District,Restaurant,no,Low,0,,,,,openstreetmap,1,+66863134730,299/13 ม. บุญบัวทองซิตี้ ต.โสนลอย ตำบล บางบัวทอง,11110,overture (meta),overture:40c17e9a-46b4-475a-99fd-20c91526d78a
wetchayakits54@gmail.com,ร้านเป็นหนึ่ง ข้าวผัดกระเพราอร่อยดีและอาหารตามสั่ง,ร้านเป็นหนึ่ง ข้าวผัดกระเพราอร่อยดีและอาหารตามสั่ง,Bang Bua Thong District,Takeaway,no,Low,0,Local,,https://wongn.ai/bsjv4,support@wongnai.com,openstreetmap,1,+66806257169,66/241 บ้านพฤกษา,11110,overture (meta),overture:ee8084ff-8b7a-41be-8aa5-7357e7108665
airpunt81@gmail.com,ร้านเย็นตาโฟ ฟ้าผ่า,ร้านเย็นตาโฟ ฟ้าผ่า,Bang Bua Thong District,Asian; Japanese,no,Low,0,,,,,openstreetmap,1,+66864099878,เลขที่ 1 Kanchanaphisek Rd,11110,overture (meta),overture:478421c4-75e3-4bd1-9cab-2a9dec0c7517
mhuenkiey90@gmail.com,ร้านเหมือนเคย 90's,ร้านเหมือนเคย 90's,Bang Bua Thong District,Restaurant,no,Low,0,,,,,openstreetmap,1,+66811546951,ร้านเหมือนเคย 90's ตำบล พิมลราช อำเภอบางบัวทอง นนทบุรี,11110,overture (meta),overture:588aade1-a835-4f04-afe2-54565ec85806
urai-ae@hotmail.com,ร้านเฮฮา นายหัว,ร้านเฮฮา นายหัว,Bang Bua Thong District,Asian; Thai,no,Low,0,,,,,openstreetmap,1,+66989718149,ร้านเฮฮา ต.บางรักใหญ่อ.บางบัวทอง จ.นนทบุรี,11110,overture (meta),overture:ab689324-67db-4019-b318-328aa0bf9aea
kaishop8@gmail.com,ร้านไก่ตำนัว,ร้านไก่ตำนัว,Bang Bua Thong District,Restaurant,no,Low,0,,,,,openstreetmap,1,+66937946069,Soi Mu Ban Rattanathibet,11110,overture (meta),overture:9ae46d74-66dc-49f7-a844-2ef94b623e14
nick.north1990@gmail.com,ละ ยำ ตำ มั่ว by บาสษึ,ละ ยำ ตำ มั่ว by บาสษึ,Bang Bua Thong District,Restaurant,no,Low,0,,,,,openstreetmap,1,+66902235479,ถนนบางกรวย-ไทรน้อย,11110,overture (meta),overture:bb319c5e-1d75-4251-b276-ec8d3cecd09a
labbandit.459@gmail.com,ลาบบัณฑิต,ลาบบัณฑิต,Bang Bua Thong District,Restaurant,no,Low,0,,,,,openstreetmap,1,+66833752045,เลขที่ 8/10 หมู่ 4 ถนน กาญจนา-บางปะอิน,11110,overture (meta),overture:4d728169-b6cc-4899-87be-b0ed68878536
larbphayak.soisoi@gmail.com,ลาบเสียบ ลาดปลาดุก,ลาบเสียบ ลาดปลาดุก,Bang Bua Thong District,Restaurant,no,Low,0,,,,,openstreetmap,1,+66983619389, ลาบเสียบ อีสานการแกล้ม หมู่ 7 ตำบลบางรักพัฒนา อำเภอบางบัวทอง จังหวัดนนทบุรี,11110,overture (meta),overture:017d0c24-a6b0-482c-b6dc-b77c7d227ae5
thidarat.sathit@gmail.com,ลาภปากโฮมเมด,ลาภปากโฮมเมด,Bang Bua Thong District,Restaurant,no,Low,0,,,,,openstreetmap,1,+66836146883,78/17 ซอย 5/1 Soi Mu Ban Bua Thong 4,11110,overture (meta),overture:2a53467f-c340-4f20-9c7f-59c6078bd4d7
mournon89@gmail.com,ลาวปุง,ลาวปุง,Bang Bua Thong District,Restaurant,no,Low,0,,,,,openstreetmap,1,+66948461193,6 9 Bang Kruai - Sai Noi Rd,11110,overture (meta),overture:ed43f71c-d056-440b-b6cc-9785c4ea7f4e
gapguppy@gmail.com,ล้นทะลักกระทะร้อน,ล้นทะลักกระทะร้อน,Bang Bua Thong District,Asian; Thai,no,Low,0,,,,,openstreetmap,1,+66641195462,หมู่บ้านบัวทอง ต.บางรักพัฒนา อ.บางบัวทอง ,1110,overture (meta),overture:4400dcbe-18fe-4981-8792-54d83671bed9
praneeden19788@gmail.com,ล้านข้าวต้มแค่เดียว,ล้านข้าวต้มแค่เดียว,Bang Bua Thong District,Restaurant,no,Low,0,,,,,openstreetmap,1,+66839053951,17/2 Soi Imam Safi'i Rd,11110,overture (meta),overture:0ba2d2bc-60ec-4aef-b366-a5b4c30a7848
wuathongbar@gmail.com,วัวทองบาร์,วัวทองบาร์,Bang Bua Thong District,Restaurant,no,Low,0,,,,,openstreetmap,1,+66867897664,กาญจนาภิเษก,11110,overture (meta),overture:e7d5dc4d-f461-4ed2-b684-ab70741f276b
watashisusshi@gmail.com,วาตาชิ ซูชิ,วาตาชิ ซูชิ,Bang Bua Thong District,Asian; Japanese,no,Low,0,,,,,openstreetmap,1,,97/3,11110,overture (meta),overture:a67d5607-aaed-4d81-b4d2-80f10b07ee7b
srifabangbuathong@gmail.com,ศรีฟ้าเบเกอรี่ สาขาบางบัวทอง,ศรีฟ้าเบเกอรี่ สาขาบางบัวทอง,Bang Bua Thong District,Bakery,no,Low,0,,,,,openstreetmap,1,+66889095616,ถนนบางบัวทอง,,overture (meta),overture:75883151-6927-4f2b-93d9-d1ba1cbe14c4
tam543216@gmail.com,ศูนย์อาหาร v-food market บางกรวย-ไทรน้อย,ศูนย์อาหาร v-food market บางกรวย-ไทรน้อย,Bang Bua Thong District,Takeaway,no,Low,0,,,,,openstreetmap,1,+66917077203,5 ถนน บางกรวย-ไทรน้อย,11110,overture (meta),overture:82b11f49-a0f8-4d29-bd42-4c2bab26b323
bestseller3624@gmail.com,ส.รุ่งเรืองอินเตอร์เทค จำกัด,ส.รุ่งเรืองอินเตอร์เทค จำกัด,Bang Bua Thong District,Cafe,no,Low,0,,,,,openstreetmap,1,+66853098794,85ม.3 ต.พิมลราช อ.บางบัวทอง จ.นนทบุรี \n11110,11110,overture (meta),overture:162b5944-86b5-4fdd-b50a-e4940e33bde2
thanitcha759@gmail.com,สถานีนมสด,สถานีนมสด,Bang Bua Thong District,Restaurant,no,Low,0,,,,,openstreetmap,1,+66845559759,ถนนไทรน้อย,11110,overture (meta),overture:6b30357c-e521-4371-9014-f005b6198e43
monjira2537@gmail.com,สถานีผักสลัด บางบัวทอง,สถานีผักสลัด บางบัวทอง,Bang Bua Thong District,Restaurant,no,Low,0,,,,,openstreetmap,1,+66945343624,5/5 ถนน อบจ. นบ. เลียบคลองโต๊ะใหม่\nต.บางคูรัด อ.บางบัวทอง\nจ.นนทบุรี 11110\nประเทศไทย,11110,overture (meta),overture:a91eac2e-68b0-4499-8c47-f183f5ed4c96
theplant_dor51@hotmail.com,สถานียำ حلال สาขานนทบุรี,สถานียำ حلال สาขานนทบุรี,Bang Bua Thong District,Restaurant,no,Low,0,,,,,openstreetmap,1,+66800635081,บางบัวทอง ถนนชัยพฤกษ์,11110,overture (meta),overture:7e8b3b06-eaf2-4887-adbe-2c2de22d29c2
saltlakedegarden@gmail.com,สวนแอปเปิ้ลเมืองนนท์,สวนแอปเปิ้ลเมืองนนท์,Bang Bua Thong District,Cafe,no,Low,0,,,,,openstreetmap,1,+66898946535,,,overture (meta),overture:62a5e8e5-6f93-4b2b-99d0-86cb68099b84
steaksupersave@gmail.com,สเต็ก Super Save,สเต็ก Super Save,Bang Bua Thong District,Takeaway,no,Low,0,,,,,openstreetmap,1,+66808071030,18 6 ม.8 ต.บางรักพัฒนา อ.,11110,overture (meta),overture:6c629fdf-6ec8-494d-891a-c64b25dec2ed
dada_31122521@hotmail.com,สเต็กบางพลู,สเต็กบางพลู,Bang Bua Thong District,Cafe,no,Low,0,,,,,openstreetmap,1,+66818239162,38 9,11110,overture (meta),overture:322d56d0-d6fb-4cd0-867d-1941c331e1b2
sageena8@gmail.com,สโลว์บังคาเฟ่,สโลว์บังคาเฟ่,Bang Bua Thong District,Cafe,no,Low,0,,,,,openstreetmap,1,+66910077684,เทศบาล10,11110,overture (meta),overture:823946a6-791c-4c2f-803c-152a86a51afe
chetniphat4633@gmail.com,หญิงปรางค์เตี๋ยวเรือรสเด็ด ไทรน้อย,หญิงปรางค์เตี๋ยวเรือรสเด็ด ไทรน้อย,Bang Bua Thong District,Restaurant,no,Low,0,,,,,openstreetmap,1,+66627294466,หญิงปรางค์เตี๋ยวเรือรสเด็ดไทรน้อย ถนนบางกรวยไทรน้อย ตำบลบางบัวทอง อำเภอบางบัวทอง,11110,overture (meta),overture:ed625234-0c1a-4db7-9576-df5194145a14
dreammieshop@gmail.com,หนูดรีม ฮาล้าล,หนูดรีม ฮาล้าล,Bang Bua Thong District,Restaurant,no,Low,0,,,,,openstreetmap,1,+66802123068,41/3 ม.5 ต.พิมลราช อ.บางบัวทอง จ.นนทบุรี  11110,11110,overture (meta),overture:8e1d71b3-750a-4865-86dd-1b8a1f1e93ea
ccthefirebear@gmail.com,หมีพ่นไฟ สาขา ปตท. บางกรวย - ไทรน้อย The Fire Bear PTT BKSN,หมีพ่นไฟ สาขา ปตท. บางกรวย - ไทรน้อย The Fire Bear PTT BKSN,Bang Bua Thong District,Cafe,no,Low,0,,,,,openstreetmap,1,+66869912350,ตั้งอยู่ในปั้มปตท. บางกรวย-ไทรน้อย (ข้าง Cafe' Amazon) ใกล้หมู่บ้านบัวทองเคหะ บางบัวทอง,,overture (meta),overture:cf1f1c5d-4273-45a9-8248-c6ea201a8c83
thefirebear.thenine.tiwanon@gmail.com,หมีพ่นไฟ สาขาบางบัวทอง,หมีพ่นไฟ สาขาบางบัวทอง,Bang Bua Thong District,Restaurant,no,Low,0,Local,,https://wongn.ai/21wb5e,support@lmwn.com; pr@lmwn.com,openstreetmap,1,+66812551382,บางกรวย-ไทรน้อย,11110,overture (meta),overture:cbccdff7-9f98-4fd0-b3f4-4ef8ffe93e7b
meenrayazx070328@gmail.com,หมูกระทะตุ๊ต๊ะนะ,หมูกระทะตุ๊ต๊ะนะ,Bang Bua Thong District,Restaurant,no,Low,0,,,,,openstreetmap,1,+66921075458,วินรถตู้ 50/2972 หมู่ที่ 5 ฝั่งตรงข้าม ซอย หมู่บ้านพฤกษา 3,11110,overture (meta),overture:cb3e4559-d819-49d0-9013-50b9fefecdf1
mookrata.rimnam1039@gmail.com,หมูกระทะริมน้ำ - Mookrata,หมูกระทะริมน้ำ - Mookrata,Bang Bua Thong District,Restaurant,no,Low,0,,,,,openstreetmap,1,+66849878294,"100, 1135 Soi Mu Ban Sweet Home Park",11110,overture (meta),overture:07c6c4ec-20c3-43e7-85be-cda0e7f2440a
muthong.nont@gmail.com,หมูทอง - Mu Thong,หมูทอง - Mu Thong,Bang Bua Thong District,Cafe,no,Low,0,,,,,openstreetmap,1,+66819425442,12 ถนน บ้านกล้วย-ไทรน้อย,11110,overture (meta),overture:a7dc8ab6-88bb-45eb-94f6-f11d05ec33c7
titimasangarun@gmail.com,หมูปลาร้าบอง ลำโพ,หมูปลาร้าบอง ลำโพ,Bang Bua Thong District,Restaurant,no,Low,0,,,,,openstreetmap,1,+66991926033,ซอย​ โรงเรียน​สารสาสน์​วิเทศ​บางบัวทอง​,11110​,overture (meta),overture:d8ad9b4c-d9b7-48dd-b39d-994ea98b9a84
salisa.nu9994@gmail.com,หมูปลาร้าวิบวับ,หมูปลาร้าวิบวับ,Bang Bua Thong District,Restaurant,no,Low,0,,,,,openstreetmap,1,+66881545502,Mu Ban Ban Bua Thong Rd,11110,overture (meta),overture:437b46e4-7752-4f77-8b77-ab07616889f6
janon_1000@hotmail.com,หมูปิ้งยายหน่อย,หมูปิ้งยายหน่อย,Bang Bua Thong District,Restaurant,no,Low,0,,,,,openstreetmap,1,,หน้าหมู่บ้านดิเอมเมอรัล2,11110,overture (meta),overture:f5253ee1-6657-457e-bdaa-9af6758ade7b
walailuck.koey10@gmail.com,หมูสะเต๊ะเกียร์ซิ่ง,หมูสะเต๊ะเกียร์ซิ่ง,Bang Bua Thong District,Restaurant,no,Low,0,,,,,openstreetmap,1,+66817555078,,,overture (meta),overture:bcc4fa8e-e220-4d0c-9158-30ed2fed54e0
mala.muangpracha@gmail.com,หม่าล่าตระกูลเฉิน สาขาเมืองประชา,หม่าล่าตระกูลเฉิน สาขาเมืองประชา,Bang Bua Thong District,Restaurant,no,Low,0,,,,,openstreetmap,1,+66931799641,345,12000,overture (meta),overture:13cfe469-686f-4495-a318-76a2130e31c8
cypb03@gmail.com,หม่าล่าแด๊ดดี้ เผ็ดโคตรพ่อง,หม่าล่าแด๊ดดี้ เผ็ดโคตรพ่อง,Bang Bua Thong District,Restaurant,no,Low,0,,,,,openstreetmap,1,+66957475434,88 ม.1 บางรักใหญ่,11110,overture (meta),overture:93c61c3e-b74b-48ab-9c12-7a6b077fe360
rnk.interfood@gmail.com,หยางม่า ข้าวมันไก่สิงคโปร์ حلال,หยางม่า ข้าวมันไก่สิงคโปร์ حلال,Bang Bua Thong District,Restaurant,no,Low,0,,,,,openstreetmap,1,+66954765656,119 ตำบล บางบัวทอง อำเภอบางบัวทอง นนทบุรี 11110,11110,overture (meta),overture:f9c0a5a2-4af6-406f-82b9-4ba11979b657
fasai.aor@gmail.com,หอยทอด นายหนวดเขี้ยว,หอยทอด นายหนวดเขี้ยว,Bang Bua Thong District,Restaurant,no,Low,0,,,,,openstreetmap,1,+66925059111,Soi Mu Ban Bua Thong 7/7,11100,overture (meta),overture:5a1e953b-df2b-4edd-b0a2-f7da53c1cc52
onumathaifood@gmail.com,อรอุมา สาคูปากหม้อ,อรอุมา สาคูปากหม้อ,Bang Bua Thong District,Asian; Thai,no,Low,0,,,,,openstreetmap,1,+66944368249,"บางบัวทอง, ประเทศไทย",11110,overture (meta),overture:762bf587-0873-4c28-bca1-5d33c65497b4
chumagarden@gmail.com,อากู๋ ชาบู ปิ้งย่าง,อากู๋ ชาบู ปิ้งย่าง,Bang Bua Thong District,Restaurant,no,Low,0,,,,,openstreetmap,1,+66628593173,บางกรวย ไทรน้อย,11110,overture (meta),overture:9be66c3c-029b-465a-806a-4954ad20d8c9
adammuslimfood@gmail.com,อาดัมมุสลิมฟู้ด Adam Muslim food,อาดัมมุสลิมฟู้ด Adam Muslim food,Bang Bua Thong District,Restaurant,no,Low,0,Local,,https://adammuslimfood.blogspot.com/,,openstreetmap,1,+66969190737,12 5,11110,overture (meta),overture:6d524779-c506-46f8-801a-f955ac8a140b
armeena2564@gmail.com,อามีนะห์ คาเฟ่,อามีนะห์ คาเฟ่,Bang Bua Thong District,Restaurant,no,Low,0,,,,,openstreetmap,1,+66957705969,70/47 ซอย 1,11110,overture (meta),overture:477598d2-463c-44b8-b1e6-33f93b436c74
ttch.inthanin@gmail.com,อินทนิลสาขาปั้มบางจากหน้าอำเภอบางบัวทอง,อินทนิลสาขาปั้มบางจากหน้าอำเภอบางบัวทอง,Bang Bua Thong District,Cafe,no,Low,0,,,,,openstreetmap,1,+66979909792,ปั้มบางจาก 49/3 หมู่ 6 ละหาร บางบัวทอง ,11110,overture (meta),overture:51d4b63b-4ad1-4e02-b988-23318342f4bc
inarmshabu@gmail.com,อินอาม​ ชาบู,อินอาม​ ชาบู,Bang Bua Thong District,Restaurant,no,Low,0,,,,,openstreetmap,1,+66859773401,95/24,11110,overture (meta),overture:32d0d91d-ee6e-496f-9ad2-535fcd9d3d4b
notesong38@gmail.com,อีสานแดกดื่ม,อีสานแดกดื่ม,Bang Bua Thong District,Restaurant,no,Low,0,,,,,openstreetmap,1,+66616878949,อีสานแดกดื่ม 113 หมู่2 ตำบล ละหาร อำเภอ บางบัวทอง,11110,overture (meta),overture:d473affc-74da-43dc-8c3d-7d07600e8104
mapinya.earn@gmail.com,อีหล้า ณะ เจียงใหม่,อีหล้า ณะ เจียงใหม่,Bang Bua Thong District,Asian; Thai,no,Low,0,Local,,https://wongn.ai/21JnSF,support@lmwn.com; pr@lmwn.com,openstreetmap,1,+66863225222,โยธาธิการนนทบุรี 2023,11110,overture (meta),overture:9d4e2ad2-e47e-4948-a8e0-6401d6aaecac
watcharaporn.650@gmail.com,อูม เบิร์ด กาแฟ ปังปิ้ง,อูม เบิร์ด กาแฟ ปังปิ้ง,Bang Bua Thong District,Cafe,no,Low,0,,,,,openstreetmap,1,+66886154650,หมู่บ้านจิตรัตนา  ข้างตึกKK ซิตี้  เข้ามาประมาณ 15เมตร,11110,overture (meta),overture:d498b102-493d-4bd6-9aeb-56915c5069b2
uenosushi63@gmail.com,อูเอโนะซูชิ,อูเอโนะซูชิ,Bang Bua Thong District,Asian; Sushi,no,Low,0,,,,,openstreetmap,1,+66612425365,158 Bang Kruai - Sai Noi Rd,11110,overture (meta),overture:eebf81ba-ac54-4d4c-87d0-d27580759741
auan.bakkutteh@gmail.com,อ้วนบะกุ๊ดเต๋ ตลาดบางบัวทอง,อ้วนบะกุ๊ดเต๋ ตลาดบางบัวทอง,Bang Bua Thong District,Asian,no,Low,0,,,,,openstreetmap,1,+66971148573,เจ อเวนิว บางบัวทอง 324/28 หมู่ 6,11110,overture (meta),overture:5739f4e2-1b2d-4717-9372-ea4934e3dc41
sorayayambua@gmail.com,ฮาวาไก่ย่างแดง,ฮาวาไก่ย่างแดง,Bang Bua Thong District,Restaurant,no,Low,0,,,,,openstreetmap,1,+66646162489,ริมคลองลากฆ้อน ข้างหมู่บ้านโนโววิลว์,11110,overture (meta),overture:9584f9f8-527a-4f92-974f-4c4c7b282a53
pimons6266@gmail.com,ฮึบบาร์,ฮึบบาร์,Bang Bua Thong District,Restaurant,no,Low,0,,,,,openstreetmap,1,,80/181  ปากซอยวัดลาดปลาดุก ต.พิมลราช,,overture (meta),overture:152627ce-f862-4086-850b-cbaa87a56dd2
kababkongkung@gmail.com,เคบับญาภา สาขาบางบัวทอง,เคบับญาภา สาขาบางบัวทอง,Bang Bua Thong District,Restaurant,no,Low,0,,,,,openstreetmap,1,+66863245088,179 ซอย บัวทอง 4,11110,overture (meta),overture:e59f60a9-658b-4276-ad2d-c44d0fe34522
anitta_7074@gmail.com,เครป ญี่ปุ่น ร้านเตาเครป,เครป ญี่ปุ่น ร้านเตาเครป,Bang Bua Thong District,Restaurant,no,Low,0,Local,,https://www.wongnai.com/restaurants/827019ur-%E0%B9%80%E0%B8%84%E0%B8%A3%E0%B8%9B-%E0%B8%8D%E0%B8%B5%E0%B9%88%E0%B8%9B%E0%B8%B8%E0%B9%88%E0%B8%99-%E0%B8%A3%E0%B9%89%E0%B8%B2%E0%B8%99%E0%B9%80%E0%B8%95%E0%B8%B2%E0%B9%80%E0%B8%84%E0%B8%A3%E0%B8%9B-%E0%B8%AE%E0%B8%B2%E0%B8%A5%E0%B8%B2%E0%B8%A5-%E0%B8%9A%E0%B9%89%E0%B8%B2%E0%B8%99%E0%B8%81%E0%B8%A5%E0%B9%89%E0%B8%A7%E0%B8%A2-%E0%B9%84%E0%B8%97%E0%B8%A3%E0%B8%99%E0%B9%89%E0%B8%AD%E0%B8%A2,ayt.atitaya@gmail.com; chayada.ws01@gmail.com,openstreetmap,1,+66802734677,บ้านกล้วย-ไทรน้อย หน้าเต้นรถฟาอีสท์ยนต์,11110,overture (meta),overture:fb9249e9-d989-4262-8c0a-d3e8e5edaec9
crepesmaicrepes@gmail.com,เครป มั้ย (จำหน่ายแบบเดลิเวอรี่),เครป มั้ย (จำหน่ายแบบเดลิเวอรี่),Bang Bua Thong District,Cafe,no,Low,0,,,,,openstreetmap,1,+66863974140,9 ประตูทางเข้าฝั่ง 260 ซอย2,11110,overture (meta),overture:99ccf385-5b25-4488-a973-a36c3e3d790a
masvalee2012@gmail.com,เคี้ยงเยาวราช บางบัวทอง,เคี้ยงเยาวราช บางบัวทอง,Bang Bua Thong District,Restaurant,no,Low,0,,,,,openstreetmap,1,+66863828454,196 1 ม 7 Baan Kluay - Sai Noi Rd,11110,overture (meta),overture:bb4b9d15-c384-46b8-b0b4-ca5e234fb7a9
sarunrat1102@gmail.com,เค้ก789เบเกอรี่บางบัวทอง,เค้ก789เบเกอรี่บางบัวทอง,Bang Bua Thong District,Restaurant,no,Low,0,,,,,openstreetmap,1,+66993056122,95 ซอย หมู่บ้านบัวทอง,11110,overture (meta),overture:c83b349a-97d1-41d2-aa6d-5086f8255925
jadtawa7322@gmail.com,เค้กเก๋เก๋,เค้กเก๋เก๋,Bang Bua Thong District,Bakery,no,Low,0,,,,,openstreetmap,1,+66824557505,50/636 ซอย 67,11110,overture (meta),overture:8b42615b-820f-43d4-8ef9-a9a2a3905cd9
sareena.mussa@gmail.com,เค้กไม่อ้วน เค้กไดเอท คลีน คีโต โลว์แคล บางบัวทอง,เค้กไม่อ้วน เค้กไดเอท คลีน คีโต โลว์แคล บางบัวทอง,Bang Bua Thong District,Cafe,no,Low,0,,,,,openstreetmap,1,+66817269045,ปั๊มบางจาก บจก.เอสเคที 222 หมู่2 ถ. ชัยพฤกษ์,11110,overture (meta),overture:dd0a063b-078f-47c2-a957-4ae6ecd5ba63
journeycafe345@gmail.com,เจอเน่ คาเฟ่ 345 - Journey Cafe 345,เจอเน่ คาเฟ่ 345 - Journey Cafe 345,Bang Bua Thong District,Cafe,no,Low,0,,,,,openstreetmap,1,+66819061206,,,overture (meta),overture:9526c5ed-c0d4-4769-af66-df548db26a22
oranuxh1985@gmail.com,เฉาก๊วยเต็งหนึ่งลำโพ,เฉาก๊วยเต็งหนึ่งลำโพ,Bang Bua Thong District,Cafe,no,Low,0,,,https://wongn.ai/dpxvr,,openstreetmap,1,+66911219074,119 379 ซอย3,11110,overture (meta),overture:8735817c-f77f-4d92-8bf8-549ef05ba159
podjumpasiri@gmail.com,เดอะป๊อด หมู ไก่ปิ้ง,เดอะป๊อด หมู ไก่ปิ้ง,Bang Bua Thong District,Restaurant,no,Low,0,,,,,openstreetmap,1,+66851421383,66 63 ม Soi 30,11110,overture (meta),overture:1c043f62-c684-4f91-a3de-1ed8f90c973a
khunped_pd@hotmail.com,เดอะลิฟวิ่งรูม สเต๊กบายคุณเป็ด,เดอะลิฟวิ่งรูม สเต๊กบายคุณเป็ด,Bang Bua Thong District,Restaurant,no,Low,0,,,,,openstreetmap,1,+66863380545,14 ถนน เทศบาล 3,11110,overture (meta),overture:a948ff8c-2693-4474-86b0-6836d2e71cc5
densalapao.ant@gmail.com,เด่นซาลาเปา,เด่นซาลาเปา,Bang Bua Thong District,Restaurant,no,Low,0,,,http://www.densalapao.co.th/,,openstreetmap,1,+66811745463,81/22 หมู่6 ถนนบางกรวย-ไทรน้อย,11110,overture (meta),overture:1be74426-bf91-4b62-8f82-d6ea85df6fba
tiewtoonkhunpon3@gmail.com,เตี๋ยวตุ๋นขุนพล,เตี๋ยวตุ๋นขุนพล,Bang Bua Thong District,Asian; Japanese,no,Low,0,,,,,openstreetmap,1,+66649909645,177,11110,overture (meta),overture:667011d4-dab5-497d-9e59-c76ca2d24a57
to_be_liverpool@hotmail.com,เตี๋ยวยกตูด,เตี๋ยวยกตูด,Bang Bua Thong District,Restaurant,no,Low,0,,,,,openstreetmap,1,+66925955098,ถนน บางกรวย - ไทรน้อย,11110,overture (meta),overture:b097c258-b8b4-4ef6-b1b9-2d053fdc8981
casnova1472@gmail.com,เต็งหนึ่งหมูกะทะ,เต็งหนึ่งหมูกะทะ,Bang Bua Thong District,Restaurant,no,Low,0,,,,,openstreetmap,1,+66968510069,บางบัวทอง 14/349 ซ. หมู่บ้านบัวทองธานี,11110,overture (meta),overture:9dea20ac-bc18-47fe-acd9-b5464105ceeb
nueatunnaitew@gmail.com,เนื้อตุ๋น นายทิว - บางบัวทอง,เนื้อตุ๋น นายทิว - บางบัวทอง,Bang Bua Thong District,Restaurant,no,Low,0,,,,,openstreetmap,9,+66889791546,1 ถนน บางกรวย-ไทรน้อย,11110,overture (meta),overture:99a2da42-752a-4353-b051-16869d23d97d
wanwipa.sop@gmail.com,เนโกะราเมงไทรน้อย,เนโกะราเมงไทรน้อย,Bang Bua Thong District,Asian; Japanese,no,Low,0,,,,,openstreetmap,1,+66996538890,ถนนบางกรวย-ไทรน้อย อำเภอบางบัวทอง จังหวัดนนทบุรี\n,11110,overture (meta),overture:9bbf5f60-f8d7-4963-ade9-b0b73279a2c3
bakeryforyoushop@gmail.com,เบเกอรี่ ฟอร์ยู (Bakery 4 U),เบเกอรี่ ฟอร์ยู (Bakery 4 U),Bang Bua Thong District,Bakery,no,Low,0,,,,,openstreetmap,1,+66848749591,"9, อาคารพาณิชย์ห้องหัวมุมทางเข้าโรงเรียนนันทนวรวิทย์ 8 Bang Kruai - Sai Noi Rd",11110,overture (meta),overture:e7f9e806-6f94-4288-95e5-bcff994f78f1
bakerypark.thailand@gmail.com,เบเกอรี่ปาร์ค,เบเกอรี่ปาร์ค,Bang Bua Thong District,Bakery,no,Low,0,,,,,openstreetmap,1,+66638791524,117/4 M.9 BangRakPatthana Buathong Village Bang Buathong,11110,overture (meta),overture:09c18777-262b-4be0-8d6a-f97b93b74e32
kamolpat.tck@gmail.com,เปาเหล่ากง ปตท. บางกรวย-ไทรน้อย,เปาเหล่ากง ปตท. บางกรวย-ไทรน้อย,Bang Bua Thong District,Asian; Chinese,no,Low,0,,,,,openstreetmap,1,+66852181155,98/26 Bang Kruai - Sai Noi Rd,11110,overture (meta),overture:242d8646-c785-4068-96e6-2ef196cb0454
pukpik0611@gmail.com,เป็ดย่าง ป.พัชราภรณ์ บางบัวทอง,เป็ดย่าง ป.พัชราภรณ์ บางบัวทอง,Bang Bua Thong District,Restaurant,no,Low,0,,,,,openstreetmap,1,+66629936945,ทางหลวงชนบทนนทบุรี 1009,11110,overture (meta),overture:82d80849-8947-4c2e-8496-d352ed6ab08d
rawintam@gmail.com,เพนกวิน วาฟเฟิล IndyNista,เพนกวิน วาฟเฟิล IndyNista,Bang Bua Thong District,Bakery,no,Low,0,,,,,openstreetmap,1,+66969029449,"10110, กรุงเทพมหานคร, Thailand",10110,overture (meta),overture:9ebd3561-7f47-48ec-8367-4531c98eb356
ptphoto79@gmail.com,เพ้นท์แพรว เดอะพลัส Group,เพ้นท์แพรว เดอะพลัส Group,Bang Bua Thong District,Restaurant,no,Low,0,,,,,openstreetmap,1,+66962054445,ศาลพระแม่ธรณี หมู่บ้านรัตนาธิเบศร์,11110,overture (meta),overture:a634a23a-6089-41a4-955a-4bc480dfeff8
ball.clubthailand@gmail.com,เฟรนซ์ฟราย say Cheese สาขา นนทบุรี,เฟรนซ์ฟราย say Cheese สาขา นนทบุรี,Bang Bua Thong District,Restaurant,no,Low,0,,,,,openstreetmap,1,,9/79 หมู่บ้านลภาวัน8 ต.ละหาร อ.บางบัวทอง ,11110,overture (meta),overture:e2a1b9b8-75e1-493b-b0c1-e31302a6f049
admin@lertniyom.com,เลิศนิยม Restaurant & Bar - Lertniyom,เลิศนิยม Restaurant & Bar - Lertniyom,Bang Bua Thong District,Restaurant,no,Low,0,,,,,openstreetmap,1,+66821569165,Mu Ban Ban Bua Thong Rd,11110,overture (meta),overture:825fe60d-2555-4819-b19a-284befebcb91
laomadi8765@gmail.com,เล่ามาดิ,เล่ามาดิ,Bang Bua Thong District,Restaurant,no,Low,0,,,,,openstreetmap,1,+66991647807,ถนนวัดลาดปลาดุก,11110,overture (meta),overture:5e877580-02d9-468e-81b5-5c4dcd4a780f
o_o_o666@hotmail.com,เว้าเล่น,เว้าเล่น,Bang Bua Thong District,Bar,no,Low,0,,,,,openstreetmap,1,+66970409501,หมู่ 1 Rattanathibet Rd,11110,overture (meta),overture:0f2071c5-b10a-4c9b-b2e5-b322a505a6c7
sueanoibbt@gmail.com,เสือน้อยหม่าล่าทั่ง บางบัวทอง Malatang 小虎麻辣燙,เสือน้อยหม่าล่าทั่ง บางบัวทอง Malatang 小虎麻辣燙,Bang Bua Thong District,Asian; Japanese,no,Low,0,,,,,openstreetmap,1,+66814989665,5 ถนน บางกรวย-ไทรน้อย,11110,overture (meta),overture:66567848-1585-4055-9222-c5d90b3fc713
suttisaknateprapa@gmail.com,เหน่งมหาชัย ทะเลสามโคก,เหน่งมหาชัย ทะเลสามโคก,Bang Bua Thong District,Seafood,no,Low,0,,,,,openstreetmap,1,+66824924928,,,overture (meta),overture:8f3eff47-8b84-40dd-b67c-c04b1506aec3
maidesign4519@gmail.com,เหลาเนื้อน่องลาย กะเพราเผ็ด (วัดลาดปลาดุก),เหลาเนื้อน่องลาย กะเพราเผ็ด (วัดลาดปลาดุก),Bang Bua Thong District,Restaurant,no,Low,0,,,,,openstreetmap,1,+66949979519,60 1,11110,overture (meta),overture:e5c4e301-e37d-4fd0-9c53-ff08293f0431
hvan6320@gmail.com,เอียงชาม ก๋วยเตี๋ยวต้มยำหมูบะช่อ,เอียงชาม ก๋วยเตี๋ยวต้มยำหมูบะช่อ,Bang Bua Thong District,Asian; Japanese,no,Low,0,,,,,openstreetmap,1,+66994964401,49/70 Soi Wanlada,11110,overture (meta),overture:08a66371-4966-44d6-8c1f-bf54662f9ba1
nightday0008@gmail.com,เอ้&อู๋ บุฟเฟ่ต์หมูกระทะ,เอ้&อู๋ บุฟเฟ่ต์หมูกระทะ,Bang Bua Thong District,Restaurant,no,Low,0,,,,,openstreetmap,1,+66903178685,"90, 80 Soi Mu Ban Nanthicha Sport Park",11110,overture (meta),overture:d34c8a89-45b0-4b9d-adc5-73e53fa3c999
amararak55@hotmail.com,เฮ้ย ยำแซ่บ 20,เฮ้ย ยำแซ่บ 20,Bang Bua Thong District,Restaurant,no,Low,0,,,,,openstreetmap,1,+66944638087,23/3 ม.6  ต.บางบัวทอง,11110,overture (meta),overture:2b75d7a2-d093-4ebc-ae16-6f0583e0e0da
toy2529@gmail.com,แกงป่าจันทบูร สูตรแม่ยาย/ถนน 345,แกงป่าจันทบูร สูตรแม่ยาย/ถนน 345,Bang Bua Thong District,Restaurant,no,Low,0,,,,,openstreetmap,1,+66633653131,99/3,11110,overture (meta),overture:b546cfd7-9880-46f4-a599-059c365efc03
hut-888@hotmail.com,แกงราดข้าว บางบัวทอง,แกงราดข้าว บางบัวทอง,Bang Bua Thong District,Asian; Thai,no,Low,0,Local,,http://tumphrorak.page365.net/,,openstreetmap,1,,บางกรวย-ไทรน้อย,11110,overture (meta),overture:d3e6058c-d027-4070-8452-6f40b5bf4813
jh.ninetynine@gmail.com,แจ่วฮ้อน นายเป็นแจ่วฮ้อน,แจ่วฮ้อน นายเป็นแจ่วฮ้อน,Bang Bua Thong District,Restaurant,no,Low,0,,,,,openstreetmap,1,+66987894936,เลขที่ 37/8,11110,overture (meta),overture:9fae0470-a0ff-40dc-8cfc-18affa48bb76
ninetynine.buffet@gmail.com,แจ่วฮ้อนNinetynine สาขาบางบัวทอง,แจ่วฮ้อนNinetynine สาขาบางบัวทอง,Bang Bua Thong District,Restaurant,no,Low,0,,,,,openstreetmap,1,+66613822162,ร้านแจ่วฮ้อนninetynineสาขาบางบัวทอง 73,11110,overture (meta),overture:86725185-d82c-4183-8fdc-62e112115c13
olechan3@hotmail.com,แซ่บอีสาน แยกบางพลู,แซ่บอีสาน แยกบางพลู,Bang Bua Thong District,Takeaway,no,Low,0,Local,,https://wongn.ai/21kd4L,support@lmwn.com; pr@lmwn.com,openstreetmap,1,+66952299475,ท่าอิฐ,11110,overture (meta),overture:49e12b12-c514-458f-8a4f-d0db4975b836
praw.paukwong@gmail.com,แซ่บในสวน,แซ่บในสวน,Bang Bua Thong District,Restaurant,no,Low,0,,,,,openstreetmap,1,+66896721225,50หมู่5 ต.บางรักใหญ่ อ.บางบัวทอง จ.นนทบุรี,11110,overture (meta),overture:1abea826-440d-4f9d-92a7-c670c1e253d8
momjumkhawkaeng@gmail.com,แม่จุ๋ม ข้างแกง 4 ภาค ตลาดสมบัติบุรี,แม่จุ๋ม ข้างแกง 4 ภาค ตลาดสมบัติบุรี,Bang Bua Thong District,Restaurant,no,Low,0,,,,,openstreetmap,1,+6624526224,ตลาดสมบัติบุรี,11110,overture (meta),overture:8652b708-c420-4752-8198-a668cfa68a31
suchart.prasertsak3@gmail.com,แล้วแต่.  เมิ่ง,แล้วแต่.  เมิ่ง,Bang Bua Thong District,Restaurant,no,Low,0,,,,,openstreetmap,1,+66906102154,เลขที่ 64 ห้อง6 ลำโพอเวนิว ซอย ลำโพ25 ต.ลำโพ อ.เมือง,11110,overture (meta),overture:ed3c1b28-e5b4-4216-b591-c99d375e932e
tae9521@gmail.com,แอน กาแฟสด บัวทอง 4,แอน กาแฟสด บัวทอง 4,Bang Bua Thong District,Cafe,no,Low,0,,,,,openstreetmap,1,+66858695813,179 348 Soi Mu Ban Bua Thong 4 Soi 1/30,11110,overture (meta),overture:c32ef9fd-a2c7-4c37-99fa-9883e86f0157
inly2548@gmail.com,โกกี้ นมสด บางบัวทอง,โกกี้ นมสด บางบัวทอง,Bang Bua Thong District,Cafe,no,Low,0,,,,,openstreetmap,1,+66641213332,โกกี้ นมสด บางบัวทอง,11110,overture (meta),overture:d51ca2cd-1070-46ab-bffb-5341145d01fa
gora.thailand@gmail.com,โกระ,โกระ,Bang Bua Thong District,Asian; Japanese,no,Low,0,,,,,openstreetmap,1,+66635436242,โกระ - แพะตุ๋น เนื้อตุ๋น หมูตุ๋น พรมารี 5 Soi Mu Ban Phichada,11110,overture (meta),overture:4ecfee2b-c58a-4dfa-99aa-863ccca1fca6
kohan3366@gmail.com,โกฮั่น หมูตุ๋น-เนื้อตุ๋น-เนื้อวากิว,โกฮั่น หมูตุ๋น-เนื้อตุ๋น-เนื้อวากิว,Bang Bua Thong District,Restaurant,no,Low,0,,,,,openstreetmap,1,+66971924649,ถ. บางกรวย - กรุงเทพ,11000,overture (meta),overture:4a19d89d-aec5-4e91-8549-5cd98be6e607
iyungni.sa@gmail.com,โก๋แซ่บสาขาบ้านกล้วยไทรน้อย,โก๋แซ่บสาขาบ้านกล้วยไทรน้อย,Bang Bua Thong District,Restaurant,no,Low,0,,,,,openstreetmap,1,+66656350178,บ้านกล้วยไทยน้อย,11000,overture (meta),overture:8de7101e-b9ed-4de6-8ddd-044f71e3d851
klcamp.2569@gmail.com,โคตรไหล แคมป์คลับ,โคตรไหล แคมป์คลับ,Bang Bua Thong District,Restaurant,no,Low,0,,,,,openstreetmap,1,,"13.905562179278064, 100.40517771744379",11110,overture (meta),overture:1b1b30fc-2ce0-4548-a716-926bff1175a1
jjj.gunner@gmail.com,โจ๊กยัยเปิ้ล,โจ๊กยัยเปิ้ล,Bang Bua Thong District,Restaurant,no,Low,0,,,,,openstreetmap,1,+66942254532,3 ถนน บางกรวย-ไทรน้อย,11110,overture (meta),overture:510641fa-5d7d-4ebe-8522-f32ac5274609
kritssana2511@gmail.com,โซลบาร์ บางบัวทอง,โซลบาร์ บางบัวทอง,Bang Bua Thong District,Cafe,no,Low,0,,,,,openstreetmap,1,+66610178893,103 ซอย หมู่บ้านบัวทอง,11110,overture (meta),overture:124672fc-7e66-43b3-8f49-b8c392d0a974
hmauilovemanow@gmail.com,โต๊ะจีนมะนาวโภชนา,โต๊ะจีนมะนาวโภชนา,Bang Bua Thong District,Restaurant,no,Low,0,Local,,http://kanidtar.myreadyweb.com/home,,openstreetmap,1,+66879737791,98/87 ซอย7 หมู่บ้าน พฤกษาวิลเลจเดอะซีซั่น ซอยวัดลาดปลาดุก ตำบลบางคูรัด อำเภอบางบัวทอง,11110,overture (meta),overture:b3cd4254-e50f-4bc1-aede-c95fff4927d9
tidada_25@hotmail.com,โต๊ะนูตามสั่ง ร้านอาหารอิสลามริมคลอง,โต๊ะนูตามสั่ง ร้านอาหารอิสลามริมคลอง,Bang Bua Thong District,Restaurant,no,Low,0,,,https://wongn.ai/l6rrt,,openstreetmap,1,+66844371878,33/1 หมู่ 5 ซอยอับดุลเลาะห์ (สุดซอย) ต.พิมลราช ,,overture (meta),overture:5f7af756-0ec3-42c0-8fa2-524704c198fc
solarkeythai1216@gmail.com,โฟสามจุก,โฟสามจุก,Bang Bua Thong District,Restaurant,no,Low,0,,,,,openstreetmap,1,+66824675106,36/3 หมู่ 6 ต.ลำโพ  อ.บางบัวทอง    จ.นนทบุรี,11110,overture (meta),overture:11eda904-43e7-472c-aef2-53d1998f6c7b
nsrivatanachai@gmail.com,โรงน้ำแข็งอานนท์ 345,โรงน้ำแข็งอานนท์ 345,Bang Bua Thong District,Restaurant,no,Low,0,,,,,openstreetmap,1,+66899203296,,,overture (meta),overture:c3250685-c04d-4f19-b7aa-d98b64c3ff99
ochatasty@gmail.com,โอชาโรตีชาชัก บ้านบัวทอง,โอชาโรตีชาชัก บ้านบัวทอง,Bang Bua Thong District,Restaurant,no,Low,0,,,,,openstreetmap,1,+66657104841,107 ซอย หมู่บ้านบัวทอง,11110,overture (meta),overture:57979fe1-3d7a-46a7-8e04-ede3a4351488
naiwansook@gmail.com,ในวันสุข หมูกระทะ สาขาบางใหญ่,ในวันสุข หมูกระทะ สาขาบางใหญ่,Bang Bua Thong District,Restaurant,no,Low,0,,,https://share.google/neWkNxAB3CVnHnNek,,openstreetmap,1,+66980683700,36 9 ซอยวัดลาดปลาดุก,11110,overture (meta),overture:025aef75-f9d2-4f30-bc22-d8c4fe089f4d
suwannapong1964@gmail.com,ไก่จ๋า ก๋วยเตี๋ยวหมูต้มยำ ไข่ต้ม-ลวก - สูตรมะนาว,ไก่จ๋า ก๋วยเตี๋ยวหมูต้มยำ ไข่ต้ม-ลวก - สูตรมะนาว,Bang Bua Thong District,Asian; Thai,no,Low,0,,,,,openstreetmap,1,+66927658575,  หมู่บ้านพฤษา 3 ปากซอย 143 ต.พิมลราช อ.บางบัวทอง,11110,overture (meta),overture:c7700a75-523a-4348-8464-572397e2a8df
thiticarez@gmail.com,ไก่ดีย์ ก๋วยเตี๋ยวไก่ เผ็ด แซ่บ นัว,ไก่ดีย์ ก๋วยเตี๋ยวไก่ เผ็ด แซ่บ นัว,Bang Bua Thong District,Restaurant,no,Low,0,,,,,openstreetmap,1,+66825326999,30 หมู่9 ตำบลคลองข่อย อำเภอปากเกร็ด นนทบุรี11120,11120,overture (meta),overture:c909c077-1c76-4d7f-9a13-dda15ba1b93f
pongsakorn5299@gmail.com,ไข่ ชา,ไข่ ชา,Bang Bua Thong District,Cafe,no,Low,0,,,,,openstreetmap,1,+66988781781,59 4 ซ. วัดลาดปลาดุก,11110,overture (meta),overture:498c3958-5602-4e90-9af0-b85cc2241842
kaiwan.ptt.theone@gmail.com,ไข่หวานบ้านซูชิ สาขาปตท.เดอะวัน บางใหญ่,ไข่หวานบ้านซูชิ สาขาปตท.เดอะวัน บางใหญ่,Bang Bua Thong District,Asian; Sushi,no,Low,0,,,,,openstreetmap,1,+66926685982,,11110,overture (meta),overture:84a32d33-25bd-4822-8966-36f5f530b598
maimookornuer@gmail.com,ไม่หมูก็เนื้อ Maimookornuer,ไม่หมูก็เนื้อ Maimookornuer,Bang Bua Thong District,Restaurant,no,Low,0,,,,,openstreetmap,1,,ไม่หมูก็เนื้อ,11140,overture (meta),overture:70c66893-e567-4654-8c07-720f22ecbff9
nnyy1388@gmail.com,金牌燒味 จินผาย เป็ดย่างกวางโจว,金牌燒味 จินผาย เป็ดย่างกวางโจว,Bang Bua Thong District,Asian; Chinese,no,Low,0,,,,,openstreetmap,1,+66972697258,6 ถนน บางกรวย-ไทรน้อย,11110,overture (meta),overture:0aca0eb8-ffa5-4963-8cc8-1471f75bfc58
