email,name,name_local,district,categories,english,english_priority,english_score,site_language,why,website,other_emails,email_source,locations,phone,address,postcode,source,osm_url
meeseoul426@gmail.com,Mee-Seoul 미소 Korean BBQ Buffet,,Bang Khae District,Asian; BBQ; Korean,yes,High,6,English,website in English; Western food (BBQ); English/Latin-script name,https://lin.ee/H7cBOW5,,openstreetmap,1,+66826862000,"สวนสยามอินเดียวิคตอเรีย, 69 ถนน เพชรเกษม",10160,overture (meta),overture:a10eb608-a532-4381-8293-5fcf75a4c19a
sales@kirenbbq.com,Kiren BBQ,,Bang Khae District,BBQ,yes,High,5,Bilingual,website has English; Western food (BBQ); English/Latin-script name,https://www.kirenbbq.com/,,openstreetmap,1,+66636253593,35 ถนน บางแวก,10160,overture (meta),overture:4270d284-d5f3-4b2f-ad13-09b3e7de5b3d
bffcoffeebkk@gmail.com,BFF coffee bkk,,Bang Khae District,Cafe,yes,High,4,English,website in English; English/Latin-script name,http://www.bffcoffeebkk.com/,,openstreetmap,1,+66946962947,"29, 3 Phutta Monthon Sai 3 Rd",10160,overture (meta),overture:291b6556-e346-47bc-8809-d345f793d23a
dechote.online@gmail.com,Cafe De Chote,,Bang Khae District,Restaurant,yes,High,4,English,website in English; English/Latin-script name,https://lin.ee/Bb8UI4p,,openstreetmap,1,+66868818811,1 1 Soi Phet Kasem 88,10160,overture (meta),overture:322b50cb-1168-40cb-b0d5-ee212409c029
fc.coffeeboy@gmail.com,Coffee Boy,,Bang Khae District,Cafe,yes,High,4,English,website in English; English/Latin-script name,https://www.coffeeboy.co.th/,,venue website,5,,,,overture (meta),overture:92fd729e-36d0-4901-8f8b-118f6f402093
creama.cafe2015@gmail.com,Creama Cafe,,Bang Khae District,Cafe,yes,High,4,English,website in English; English/Latin-script name,https://creamacafe.com/,mycreamacafe@gmail.com,openstreetmap,1,+66954681896,82 1 หมู่1 Bang Khae Rd,10160,overture (meta),overture:d1a2b3ee-0662-4a91-b9b7-14a7c49ef4ad
hsh.mg.catering@gmail.com,Hua Seng Hong,,Bang Khae District,Asian; Chinese,yes,High,4,English,website in English; English/Latin-script name,http://huasenghong.co.th/,marketing@huasenghong.co.th,venue website,30,+6624829547,,10160,overture (meta),overture:54c3adbe-ba39-4427-aa95-a87b79481dca
int08063@gmail.com,Inthanin Coffee,,Bang Khae District,Cafe,yes,High,4,English,website in English; English/Latin-script name,https://www.inthanincoffee.com/en,,openstreetmap,1,+66659658063,66 6 Thanon PhutthaMonthon Sai 2,10160,overture (meta),overture:d17bf5c0-e429-4b9a-a0df-41f48082067f
getthemove@hotmail.com,Mori Tea house,,Bang Khae District,Restaurant,yes,High,4,English,website in English; English/Latin-script name,http://www.moriteahouse.com/,,openstreetmap,1,+66884997789,37 39 Soi Phet Kasem 82,10160,overture (meta),overture:dec4988e-ab94-49be-b3bc-bae2f94305a5
mr.cof.168@gmail.com,Mr.Cof,,Bang Khae District,Cafe,yes,High,4,English,website in English; English/Latin-script name,https://lin.ee/bEHhH5V,,openstreetmap,1,+66979915464,RS Superbike Thailand ,10160,overture (meta),overture:b9d6346b-9491-48b0-9268-8b0b89e16ad6
contact@solcoffee.co.th,SOL Coffee - The Mall Bangkae,,Bang Khae District,Cafe,yes,High,4,English,website in English; English/Latin-script name,https://solcoffee.co.th/,,venue website,2,+66831742983,"Floor G, The Mall Lifestore, 275 Phet Kasem Rd",10160,overture (meta),overture:6277bb72-8c1d-45e6-848a-0525ecd3e6bf
spaceo.homemadecoffee@gmail.com,SPACEO.coffee,,Bang Khae District,Cafe,yes,High,4,English,website in English; English/Latin-script name,https://openlink.co/spaceo.coffee,,openstreetmap,1,+66920516945,151/293 ซอย 3/11,10160,overture (meta),overture:4ebd60b5-d208-437a-8d08-32fa101b6e5f
pz2190@minorfood.com,The pizza company majorpetchkasem-เมเจอร์เพชรเกษม,The pizza company majorpetchkasem-เมเจอร์เพชรเกษม,Bang Khae District,Pizza,yes,High,4,Bilingual,website has English; Western food (Pizza),http://www.1112.com/,minortestweb2@gmail.com; minortestweb3@gmail.com; minortestweb4@gmail.com; nachapos@gmail.com; tanatchatest@gmail.com; aware.testminor@gmail.com,openstreetmap,1,+66626355960,1759/2 ถนน เพชรเกษม,10160,overture (meta),overture:83194ce2-384e-4517-85bc-6f15fa9535bd
nandemoya.nine@yahoo.com,Yonakiramen,,Bang Khae District,Asian; Japanese,yes,High,4,English,website in English; English/Latin-script name,http://www.megumigroup.com/,megumigroup.thailand@gmail.com,openstreetmap,1,+6628036322,,,overture (meta),overture:9e532f9b-4b1c-4cd4-9d3b-267e8dc3c0ea
ilotcadillaz._______at@hotmail.com,BAAM burgers,,Bang Khae District,Burger,yes,Medium,3,,Western food (Burger); English/Latin-script name,,,openstreetmap,1,+66987469695,"ตลาดฮอลแลนด์(Holland Night BaZaar), Kanlapraphruek Rd.",10160,overture (meta),overture:c82d24ce-b0b9-473b-b18b-3d7263259362
chakanbangkhae@gmail.com,Chakan by Bamboo,,Bang Khae District,Cafe,yes,Medium,3,Bilingual,website has English; English/Latin-script name,https://www.wongnai.com/restaurants/944309Ft-%E0%B8%84%E0%B8%B2%E0%B9%80%E0%B8%9F%E0%B9%88-%E0%B8%8A%E0%B8%B2%E0%B8%81%E0%B8%B1%E0%B8%8D-cafe-chakan-chakan-by-bamboo,tanasukant@hotmail.com; nongarh@yahoo.com; karn_516@hotmail.com; hengpengsong2543@gmail.com; posuksatiya2@gmail.com; tonrider1000rr@gmail.com; nalyn.ki23@gmail.com,openstreetmap,1,+66902936193,206 Bang Khae Rd,10160,overture (meta),overture:7bb53ec9-44c1-4c6e-b044-bda8f6dddf5f
kittiyapornraisoongnern@gmail.com,Connecto Pizza,,Bang Khae District,Pizza,yes,Medium,3,,Western food (Pizza); English/Latin-script name,,,openstreetmap,1,+66953618257,ถ. เพชรเกษม แขวงหลักสอง เขตบางแค กรุงเทพมหานคร 10160,10160,overture (meta),overture:3bd8da57-1039-4fd0-bda6-a1ee085f34eb
grillysteakandwhatever@gmail.com,Grilly Steak,,Bang Khae District,Steak,yes,Medium,3,,Western food (Steak); English/Latin-script name,,,openstreetmap,1,+66971736453,827 1 Bang Khae Rd,10160,overture (meta),overture:b0e9bd60-ba32-487a-9664-e36cb34c82ca
arnonpiriyapong@gmail.com,I.Salad Burger,,Bang Khae District,Burger,yes,Medium,3,Local,Western food (Burger); English/Latin-script name,https://www.wongnai.com/restaurants/1048894lw-i-saladburger,kaiwanbangkruai@gmail.com; somchaipurepure@hotmail.com; poonpunpangpad@gmail.com; saichon455351@gmail.com; thanakrit.marc@gmail.com; tay.tae@hotmail.com,openstreetmap,1,+66842716326,33/57 อัสสัมชัญ 5,10160,overture (meta),overture:e9b53d91-3ace-480e-9ac8-03928ae6bf33
kiadchay@gmail.com,Indy Fried Chicken ไก่ทอดเกาหลีซอส 7 รส - สาขาหมู่บ้านพฤกษา เพชรเกษม63,Indy Fried Chicken ไก่ทอดเกาหลีซอส 7 รส - สาขาหมู่บ้านพฤกษา เพชรเกษม63,Bang Khae District,Restaurant,yes,Medium,3,English,website in English,https://lin.ee/Yr32QoK,,openstreetmap,1,+66915109696,85 ถนน เพชรเกษม,10160,overture (meta),overture:ea6bb02a-5f17-4a06-b93b-1c349f5b044d
parichat.3773@gmail.com,Kingkong Pizza&Pasta,,Bang Khae District,Italian; Pizza,yes,Medium,3,,"Western food (Italian, Pizza); English/Latin-script name",,,openstreetmap,1,+66958600257,45/45 ม.4 ซ.บ้านตั้งสิน ตลาดเมืองนอก ศาลายา,73220,overture (meta),overture:12260129-cf50-496d-b4f3-75d4339b6015
eternityalez@gmail.com,LegionZ Shop,,Bang Khae District,Cafe,yes,Medium,3,Bilingual,website has English; English/Latin-script name,https://thaimart.com/sellers/legionz-shop,,openstreetmap,1,+66964160414,"156, 1 Phet Kasem Rd",10160,overture (meta),overture:b73ef7a7-0b8c-46ee-b1ac-ae23dbc6eb44
pop.at.home.official@gmail.com,POP at HOME - ป๊อปแอทโฮม,POP at HOME - ป๊อปแอทโฮม,Bang Khae District,Bakery,yes,Medium,3,English,website in English,http://www.popathome.com/,bjudin@popathome.se,openstreetmap,1,+66992398919,9 เพชรเกษม 69,10160,overture (meta),overture:0c6bb3e7-3ab1-4d1b-a540-a2f5c412833c
snowflake.smoothyice@gmail.com,Snowflake เกล็ดหิมะนมสด,Snowflake เกล็ดหิมะนมสด,Bang Khae District,Cafe,yes,Medium,3,English,website in English,https://www.snowflake.com/en/,press@snowflake.com,openstreetmap,1,+66637879263,73 นาคนิวาส 37,10230,overture (meta),overture:f8f62c50-063e-480d-aec5-88437ea43b75
steakesan69@gmail.com,Steak Esan,,Bang Khae District,Steak,yes,Medium,3,,Western food (Steak); English/Latin-script name,,,openstreetmap,1,+66949428074,เพรชเกษม,10160,overture (meta),overture:d305ce6a-4dba-4e9c-9081-5f5db8b82f4e
steak_rider@outlook.com,STEAK RIDER steak house,,Bang Khae District,Steak,yes,Medium,3,,Western food (Steak); English/Latin-script name,,,openstreetmap,1,,บ้านมณฑล 2,10160,overture (meta),overture:5e4cab8f-2566-4dfa-a913-794b53c1a4a1
thecharmtreesteakandmore@gmail.com,The Charm Tree Steak and more,,Bang Khae District,Steak,yes,Medium,3,,Western food (Steak); English/Latin-script name,,,openstreetmap,1,+66816399178,"48, Bang Bon 3 Soi 12",10160,overture (meta),overture:f3d48044-c023-4ad2-ad42-c5c532358b79
venitawedding1@gmail.com,Venitawedding cafe,,Bang Khae District,Cafe,yes,Medium,3,Bilingual,website has English; English/Latin-script name,https://venitawedding1.wixsite.com/cafe,,openstreetmap,1,+66936969936,3 ถนน พุทธมณฑลสาย 3,10160,overture (meta),overture:d91a12c5-a094-4400-8d43-543fd1461179
kimhuadfood@gmail.com,กิมฮวด อาหารจีนแต้จิ๋ว และอาหารไทย สำเพ็ง 2,กิมฮวด อาหารจีนแต้จิ๋ว และอาหารไทย สำเพ็ง 2,Bang Khae District,Asian; Chinese,yes,Medium,3,English,website in English,https://www.kimhuad.com/,,openstreetmap,1,+66839733665,88/102 สําเพ็ง 2,10160,overture (meta),overture:fc8c6ac4-da2d-43a0-8b25-4809b1f8e1ee
business.gcmbs@gmail.com,ขนมกุยช่าย หมู่บ้านเศรษฐกิจ,ขนมกุยช่าย หมู่บ้านเศรษฐกิจ,Bang Khae District,Restaurant,yes,Medium,3,English,website in English,https://lin.ee/Sdbqv5r,,openstreetmap,1,+66920493194,Moo Ban Setthakit,10160,overture (meta),overture:f83aef0b-312b-42e1-a067-a80ccad1fdba
kruabaanmee@gmail.com,ครัวบ้านหมี,ครัวบ้านหมี,Bang Khae District,Restaurant,yes,Medium,3,English,website in English,https://lin.ee/3DYsqe3eF,,openstreetmap,1,,48/15 ถนน บางแค,10160,overture (meta),overture:7ba91961-8f86-4327-a2e5-88e12e394353
complaint@pantip.com,คุณย่ามีเส้น,คุณย่ามีเส้น,Bang Khae District,Restaurant,yes,Medium,3,English,website in English,https://m.pantip.com/topic/37979603,,venue website,3,+66618291964,38 ซอย อินทาปัจ 9/1,10160,overture (meta),overture:0b4f4051-4d1d-4b66-b468-3f13db984dc0
scsivsl@hotmail.com,บริษัท แสงเจริญมารีนเซอร์วิส จำกัด,บริษัท แสงเจริญมารีนเซอร์วิส จำกัด,Bang Khae District,Restaurant,yes,Medium,3,English,website in English,http://www.scsiservice.com/,,openstreetmap,1,,468 เศรษฐกิจ 9,10160,overture (meta),overture:32afba19-3889-4551-a6e2-8ec8351dffd7
admissions@gardenbangkok.com,ปังใส The Garden,ปังใส The Garden,Bang Khae District,Cafe,yes,Medium,3,English,website in English,https://gardenbangkok.com/,,venue website,1,,Phet Kasem Rd,10160,overture (meta),overture:5f968ae0-e182-4fa3-bc50-474eab8f552a
poomjaithai@gmail.com,ร้านภูมิใจไทย สาขาซีคอน บางแค,ร้านภูมิใจไทย สาขาซีคอน บางแค,Bang Khae District,Asian; Thai,yes,Medium,3,English,website in English,https://www.poomjaithai.com/,,openstreetmap,2,+66632153577,"ไอที ซิตี้ ซีคอน บางแค, 356 ถนน เพชรเกษม",10160,overture (meta),overture:6b982e56-ea6c-4f33-aa84-407747f2abee
uk_ruthai@yahoo.com,ลูกชุบ ขนมทัย & Care Bakery  0894421618,ลูกชุบ ขนมทัย & Care Bakery  0894421618,Bang Khae District,Bakery,yes,Medium,3,English,website in English,https://kanomthaibangkok.wordpress.com/,,openstreetmap,1,+66894421618,53 ถนน เพชรเกษม,10160,overture (meta),overture:59028dc8-b4f6-47a5-9120-bcd253c6ac0f
implaphao@gmail.com,อิ่มปลาเผา,อิ่มปลาเผา,Bang Khae District,Restaurant,yes,Medium,3,English,website in English,http://www.implaphao.com/home/,,openstreetmap,3,+6624212644,,,openstreetmap,https://www.openstreetmap.org/node/4191498014
ratchanon11008@gmail.com,เป็ดตี๋น้อย,เป็ดตี๋น้อย,Bang Khae District,Asian; Thai,yes,Medium,3,English,website in English,https://lin.ee/HNq69AS,,openstreetmap,1,+66949809963,108 ถนน พุทธมณฑลสาย 2,10160,overture (meta),overture:ff90a773-8087-4ff0-90c6-0f312c00d04c
gonef@hotmail.com,เป็ดพะโล้แต้จิ๋ว สาขาบางแค,เป็ดพะโล้แต้จิ๋ว สาขาบางแค,Bang Khae District,Asian; Thai,yes,Medium,3,English,website in English,http://www.duckisnow.com/,,openstreetmap,1,+66804037920,38/236 Sukhaphiban 1 Alley,10160,overture (meta),overture:df3d6891-af40-4221-9019-e01f06fcd844
dinoshabu@gmail.com,ไดโนชาบู ท่าเกษตร,ไดโนชาบู ท่าเกษตร,Bang Khae District,Takeaway,yes,Medium,3,English,website in English,http://www.dinoshabu.com/,,openstreetmap,5,+66849959964,472 ถนน บางแค,10160,overture (meta),overture:ebfad45c-e180-485a-96d9-8e3edbd66310
suphattra1535@gmail.com,ARC Racing GEAR - ร้านซ่อมเกียร์ออโต้โดยช่างตั้วTTRacing,ARC Racing GEAR - ร้านซ่อมเกียร์ออโต้โดยช่างตั้วTTRacing,Bang Khae District,Breakfast,no,Medium,2,,Western food (Breakfast),,,openstreetmap,1,+66896688222,99 เพชรเกษม 88,10160,overture (meta),overture:c6226405-1d82-4386-a647-74b4e3ba9731
matthewjansupee@gmail.com,Chef phu kitchen Steak and salad สาขาบางแค,Chef phu kitchen Steak and salad สาขาบางแค,Bang Khae District,Steak,no,Medium,2,,Western food (Steak),,,openstreetmap,1,+66659899877,94 3 Phet Kasem Rd,10160,overture (meta),overture:b1561635-bc3c-497f-86f5-706d408fe252
info@elysiumgadget.com,Elysium Oasis Café - Caffè Vergnano 1882 บางแวก 154,Elysium Oasis Café - Caffè Vergnano 1882 บางแวก 154,Bang Khae District,Cafe,no,Medium,2,Bilingual,website has English,https://www.elysiumgadget.com/,cs@elysiumgadget.com,venue website,1,+66808183477,328/3 ริมถนน ซอยบางแวก154,10160,overture (meta),overture:e0a91499-bef9-4e21-97f3-b077bcb72a7e
gyusan.yakiniku@gmail.com,Gyusan กิวซังเนื้อย่าง,Gyusan กิวซังเนื้อย่าง,Bang Khae District,BBQ,no,Medium,2,,Western food (BBQ),,,openstreetmap,1,+66899565641,3 หมู่บ้านสุขสันต์ 6,10160,overture (meta),overture:12798bce-b072-41c7-8429-e811c945d01d
khunkru.bake.steak@gmail.com,คุณครูเบเกอรี่,คุณครูเบเกอรี่,Bang Khae District,Steak,no,Medium,2,,Western food (Steak),,,openstreetmap,1,+66815658220,,,overture (meta),overture:9be0afec-6800-41d2-b0c1-ee1fdcca241e
batz59batz@gmail.com,ซีแมนสเต็ก,ซีแมนสเต็ก,Bang Khae District,Steak,no,Medium,2,,Western food (Steak),,,openstreetmap,1,+66866167440,262/2 Phet Kasem Rd,10160,overture (meta),overture:0ffdc55e-a40b-468b-a854-635dc00d9295
pafan0605@gmail.com,ปิ้งย่าง หม่าล่า แซ่บซี๊ด,ปิ้งย่าง หม่าล่า แซ่บซี๊ด,Bang Khae District,BBQ,no,Medium,2,,Western food (BBQ),,,openstreetmap,1,+66982582206,422 Phet Kasem Rd,10160,overture (meta),overture:ff955c7b-d5d2-44d2-8150-b8e924d45c9c
xikh.q.com@gmail.com,ปูจ๋า ปูม้าแกะ บางแค,ปูจ๋า ปูม้าแกะ บางแค,Bang Khae District,Restaurant,no,Medium,2,Bilingual,website has English,https://lin.ee/6Cpp70Gm,support@wongnai.com,openstreetmap,2,+66814409453,43 20 Phet Kasem Rd,10160,overture (meta),overture:630e9b9f-d1b7-46eb-a76a-695ddb7a007b
terasaksak.1980@gmail.com,พิซซ่า ห๊ะ แป้งสด Pizza Ha,พิซซ่า ห๊ะ แป้งสด Pizza Ha,Bang Khae District,Pizza,no,Medium,2,,Western food (Pizza),,,openstreetmap,1,+66656951793,เพชรเกษม,10160,overture (meta),overture:2ee7f788-8dad-4a48-b2ab-8e830ec1b086
chayada11787@gmail.com,ยามเย็นSteak& Restaurant,ยามเย็นSteak& Restaurant,Bang Khae District,Steak,no,Medium,2,,Western food (Steak),,,openstreetmap,1,+66926172929,"89, Kanchanaphisek 3 Alley",10160,overture (meta),overture:cc378ecf-e625-40a1-a96e-2412e162059e
taksayasaechoen@gmail.com,ร้านหม่าล่าน้องโอ๋,ร้านหม่าล่าน้องโอ๋,Bang Khae District,BBQ,no,Medium,2,Local,Western food (BBQ),https://www.wongnai.com/r/731756bL?ref=android,nongarh@yahoo.com; tanasukant@hotmail.com; tokyoinday123@gmail.com; drink.dofficial@gmail.com; m.abdulth@gmail.com,openstreetmap,1,+66945831499,139 55 ม4,10160,overture (meta),overture:0508bea2-b47d-450e-80f3-abdbb30cffe3
sweetheart273.soi9@gmail.com,ร้านหวานใจ ไอติมไข่แข็ง,ร้านหวานใจ ไอติมไข่แข็ง,Bang Khae District,Cafe,no,Medium,2,Bilingual,website has English,https://sites.google.com/view/wanjai-menu/%E0%B8%AB%E0%B8%99%E0%B8%B2%E0%B9%81%E0%B8%A3%E0%B8%81,,openstreetmap,1,+66655585922,269 ถนน หมู่บ้านเศรษฐกิจ,10160,overture (meta),overture:d0afd743-5b42-416d-8bd1-3b33f7533ca2
yourneighborkanchana@gmail.com,ร้านอาหารคุณเพื่อนบ้าน รับจัดเลี้ยง อาหารกล่อง เค้ก ขนม ฟู้ดค็อกเทล,ร้านอาหารคุณเพื่อนบ้าน รับจัดเลี้ยง อาหารกล่อง เค้ก ขนม ฟู้ดค็อกเทล,Bang Khae District,Cafe,no,Medium,2,Bilingual,website has English,https://ynac.link/,bakeryterrace@gmail.com,openstreetmap,1,+66638034459,152 ถนน บางแค,10160,overture (meta),overture:bb1ded5a-63d2-4806-8e1b-e5c93b7aedf2
unclejackocha@gmail.com,ลุง แจ๊คโอชา,ลุง แจ๊คโอชา,Bang Khae District,Restaurant,no,Medium,2,Bilingual,website has English,https://www.blogger.com/blog/pages/5608818846167970950?hl=th,,openstreetmap,1,+66819044634,134 Soi Bang Khae 10,10160,overture (meta),overture:c9728ad0-f8ff-4171-bbd8-83508246eac8
lokam_21@hotmail.com,สเต็กกะข้าว,สเต็กกะข้าว,Bang Khae District,Steak,no,Medium,2,,Western food (Steak),,,openstreetmap,1,+66882757470,4/93 Soi Song Kun Cha,10160,overture (meta),overture:f7089143-f4c1-4194-8b2c-44f890ea4a6d
spandp456@gmail.com,สเต็กลุงหนวด เพชรเกษม,สเต็กลุงหนวด เพชรเกษม,Bang Khae District,Steak,no,Medium,2,,Western food (Steak),,,openstreetmap,1,+66973562651,"บางเเค, ปั๊มแก๊สปากซอย เพชรเกษม63/1 ปาก ซอย เพชรเกษม 63 หลักสอง แขวง",10160,overture (meta),overture:4cd4c9e1-ca63-411b-a6d3-774840d92288
nathamon4645@gmail.com,สเต็กลุงใหญ่ สาขาเพชรเกษม 63,สเต็กลุงใหญ่ สาขาเพชรเกษม 63,Bang Khae District,Steak,no,Medium,2,,Western food (Steak),,,openstreetmap,1,+66655711695,อินทาปัจ13,10160,overture (meta),overture:4ef35f8d-979f-493e-9c40-e875b82c7cca
chanmartkit.piyatip.tip@gmail.com,อั๊ง คอฟฟี่ แอนด์ สเต็กเฮ้าส์ 09,อั๊ง คอฟฟี่ แอนด์ สเต็กเฮ้าส์ 09,Bang Khae District,Steak,no,Medium,2,,Western food (Steak),,,openstreetmap,1,+66889585958,37/30 ถนน บางแค,10160,overture (meta),overture:1a4fea19-7252-4436-b7ba-b6684dbdac17
sutawankongka@gmail.com,แซนวิชใส่ใจ ไส้ทะลัก,แซนวิชใส่ใจ ไส้ทะลัก,Bang Khae District,Steak,no,Medium,2,,Western food (Steak),,,openstreetmap,1,+66661128835,609 บางแค 16 แยก 1,10160,overture (meta),overture:6ab38b5f-37a4-473e-a609-ea2c4e1aaff9
dropby79199@gmail.com,แวะ Drop By,แวะ Drop By,Bang Khae District,Restaurant,no,Medium,2,Bilingual,website has English,https://www.openlink.co/vaedropby,,openstreetmap,1,+66983824455,264 1 Thanon PhutthaMonthon Sai 2,10160,overture (meta),overture:95a5b590-e2f7-4c2d-8598-95ba0ce7953f
leknoi.sukanyaa@gmail.com,107 Home Croffle & Coffee,,Bang Khae District,Restaurant,no,Low,1,,English/Latin-script name,,,openstreetmap,1,+66897737179,107 เพชรเกษม 102/3,10160,overture (meta),overture:7c4c31dc-ecb0-498c-8a63-66a712e98c4f
jittalucksawan@gmail.com,15N Coffee,,Bang Khae District,Cafe,no,Low,1,,English/Latin-script name,,,openstreetmap,1,+66644532695,297 Setthakit 15 Alley,10160,overture (meta),overture:10b078e2-3727-4569-8f28-8f74b81c3f00
da_bo02@hotmail.com,2B Coffee,,Bang Khae District,Cafe,no,Low,1,,English/Latin-script name,,,openstreetmap,1,+66879886042,37/128 Bang Khae Rd,10160,overture (meta),overture:540869ea-47cb-42e1-a035-b933d39d23af
2bcoffee.snack@gmail.com,2B Coffee & Snack,,Bang Khae District,Cafe,no,Low,1,,English/Latin-script name,,,openstreetmap,1,,79 บางแวก,10160,overture (meta),overture:a08d5e5a-81a9-48a9-bc22-af2a0a95ac10
ian_054@icloud.com,49 Gallery Cafe,,Bang Khae District,Cafe,no,Low,1,,English/Latin-script name,,,openstreetmap,1,+66970521646,49 Thanon PhutthaMonthon Sai 2,10160,overture (meta),overture:c9110e76-ce79-40db-b7ec-1425f6f40485
6nature.cafebk1@gmail.com,6Nature Specialty Cafe,,Bang Khae District,Cafe,no,Low,1,,English/Latin-script name,,,openstreetmap,1,+66928693999,98 1 ซอย นาวีเจริญทรัพย์,10160,overture (meta),overture:5e1e84c5-fd48-40c4-9592-407727f8c4f6
chorfa_kmitl@hotmail.com,Amarit Tasty,,Bang Khae District,Cafe,no,Low,1,,English/Latin-script name,,,openstreetmap,1,+66952465985,เลียบมอเตอร์เวย์,10520,overture (meta),overture:398076bd-98d2-4476-ad42-7d2dec873ac3
annyeongbkk@gmail.com,Annyeong Bangkok,,Bang Khae District,Asian; Korean,no,Low,1,,English/Latin-script name,,,openstreetmap,1,+66817142264,199,10160,overture (meta),overture:fa51bce1-c50c-44fd-bff5-0cc3f34394d5
palungnganjai@gmail.com,Aroma Shop kanlapaphruek,,Bang Khae District,Cafe,no,Low,1,Local,English/Latin-script name,http://palungnganjai.co.th/,,openstreetmap,1,+66623578811,"88, 146 โครงการ ซอย สำเพ็ง 2 ซอย 3",10230,overture (meta),overture:0358b56d-06a7-4c9f-9dbe-f6ef738d1cf5
backyardboy.cafe@gmail.com,Backyard boy coffee,,Bang Khae District,Cafe,no,Low,1,,English/Latin-script name,,,openstreetmap,1,+66917392319,"302/1 Soi 001, 10 Kanchanaphisek Rd",10160,overture (meta),overture:6bda0dda-6136-4490-be6a-7809dcacc957
bangkokcafegallery@gmail.com,Bangkok Café Gallery,,Bang Khae District,Bakery,no,Low,1,,English/Latin-script name,,,openstreetmap,1,+66830643039,7 Assumption 2 Alley,10160,overture (meta),overture:02e54a94-3c3b-440e-a32d-b55354527cd8
pong.samakron@gmail.com,Bigny House,,Bang Khae District,Asian; Thai,no,Low,1,,English/Latin-script name,,,openstreetmap,1,+66819170994,548 บางแค 1,10160,overture (meta),overture:eecd88c6-1ae6-4c4c-8ad3-abe679de4e77
birdday.restaurant@gmail.com,BirdDay House,,Bang Khae District,Restaurant,no,Low,1,,English/Latin-script name,,,openstreetmap,1,+66818423333,521 ถ.กาญจนาภิเษก หลักสอง,10160,overture (meta),overture:22fd6e99-dac6-4676-825b-a44b7f371e01
blackdragon08tj@gmail.com,Black Dragon Coffee and Tea,,Bang Khae District,Cafe,no,Low,1,,English/Latin-script name,,,openstreetmap,1,+66982524016,437 ซ. เพชรเกษม 63,10160,overture (meta),overture:3b01bf4b-6ee3-4e9e-8c0d-e895db1d421f
boonecoffee@gmail.com,Boone Coffee,,Bang Khae District,Cafe,no,Low,1,,English/Latin-script name,,,openstreetmap,1,+66989559259,1711 ม.8 Muban Mangmi City Bang Khae Alley,10160,overture (meta),overture:ec7c7b32-facd-4b56-a656-f998fa193b4e
brewbake.bkk@gmail.com,Brewbake,,Bang Khae District,Cafe,no,Low,1,,English/Latin-script name,,,openstreetmap,1,+66955822147,"29, 31-34 Thanon Kanchanaphisek",10160,overture (meta),overture:cc960b03-e909-42c6-923c-0496d09958b5
cafeamazon.petchkasem63@gmail.com,Café Amazon,,Bang Khae District,Cafe,no,Low,1,Local,English/Latin-script name,https://cafe-amazon.com/,,openstreetmap,1,+66816966446,657/1 ถ.เพชรเกษม63 แขวงหลักสอง,10160,overture (meta),overture:c7bad534-2d27-4f98-bb1d-d3a671273ef2
sd4489.amazon@gmail.com,Café Amazon,,Bang Khae District,Cafe,no,Low,1,Local,English/Latin-script name,https://share.google/7xjChYeiD9GCkxJ9J,,openstreetmap,1,+66923754433,75/5 แขวงบางไผ่,10160,overture (meta),overture:feeea098-951e-4c76-a18c-dcad0eada0a7
por_warintorn@hotmail.co.th,Casper bar,,Bang Khae District,Bar,no,Low,1,,English/Latin-script name,,,openstreetmap,1,+66970649257,8 ถนน กาญจนาภิเษก,10230,overture (meta),overture:5df7b421-bc67-430f-a4c9-03185f0c2957
chalockhome2222@gmail.com,Chalockhome,,Bang Khae District,Cafe,no,Low,1,,English/Latin-script name,,,openstreetmap,1,+66969464697,"38, 253 Soi Bang Khae 14",10160,overture (meta),overture:72512dc3-b977-4ef7-ab25-38a5456f63d2
checkinalacarte888@gmail.com,Check-In Tum Lhaek,,Bang Khae District,Asian; Thai,no,Low,1,Local,English/Latin-script name,https://www.wongnai.com/restaurants/2080445pu,nongarh@yahoo.com; nunthajate@hotmail.com; kinki2770@gmail.com; grillysteakandwhatever@gmail.com; kunchit2512@gmail.com; wut.0992928988@gmail.com,venue website,1,+66632690480,819 8 ห้อง 5,10160,overture (meta),overture:5cb123c9-f0fb-48a1-bc1f-5334f2588ec2
chillindahouse.bkk@gmail.com,Chill inda House,,Bang Khae District,Bar,no,Low,1,,English/Latin-script name,,,openstreetmap,2,+6627802013,4 ทองหล่อ 4,10110,overture (meta),overture:9a4fac92-9bac-4a23-ba73-c81c7c0cfdbe
chomchatea@gmail.com,Chomcha Tea Studio,,Bang Khae District,Restaurant,no,Low,1,,English/Latin-script name,,,openstreetmap,1,+66649645824,"39/5 Sixnature, Kanlapaphruek Rd",10160,overture (meta),overture:9d09fb5a-8c98-4948-9662-201372c629f3
chuen-jai_cafe@hotmail.com,Chuen-jai Cafe,,Bang Khae District,Cafe,no,Low,1,,English/Latin-script name,,,openstreetmap,1,+66844649692,121/8 หมู่3 Assumption Rd,10160,overture (meta),overture:354453d9-5700-4947-b4c7-ee8bf20f1a7c
chunjie.bkk@gmail.com,Chunjie,,Bang Khae District,Asian; Chinese,no,Low,1,,English/Latin-script name,,,openstreetmap,1,+66649605351,"สินรวยดี อพาร์ตเมนต์, 59/27 หมู่ที่ 4 Soi Phet Kasem 41",10160,overture (meta),overture:60fa17c5-fe6c-4b1b-8434-102a9d5a4969
cocobearr01@gmail.com,Coco'Bear&coffee,,Bang Khae District,Cafe,no,Low,1,,English/Latin-script name,,,openstreetmap,1,,209/2 เศรษฐกิจ 25,10160,overture (meta),overture:a58c968f-5d82-45db-8961-21d1d9dbf6f9
coffeeinner@gmail.com,Coffee inner .Academy & Roaster,,Bang Khae District,Cafe,no,Low,1,Local,English/Latin-script name,http://www.coffeeinner.com/,,openstreetmap,1,+66878249955,ซอย.เพชรเกษม69,10160,overture (meta),overture:bfa8a65c-2574-4a1d-867e-43eaf6f28bb9
piyanuchsrisanga64@gmail.com,Coffee Mountain,,Bang Khae District,Cafe,no,Low,1,,English/Latin-script name,,,openstreetmap,1,+66970610564,เพชรเกษม ,10160,overture (meta),overture:aa7fdc91-be2a-403b-a0e7-112f5620b7fa
coftcafe@gmail.com,COFT Cafe,,Bang Khae District,Cafe,no,Low,1,,English/Latin-script name,,,openstreetmap,1,+66968746562,,10160,overture (meta),overture:49d6e0cb-ce81-4f03-92eb-915a1e6dc100
dayochick@gmail.com,Day-O Chick,,Bang Khae District,Restaurant,no,Low,1,,English/Latin-script name,,,openstreetmap,1,+66909193728,Bang Khae Rd,10160,overture (meta),overture:44bb62d4-e00a-4621-b870-230badb7642b
dekchasai3@gmail.com,Dekcha Sai 3,,Bang Khae District,Cafe,no,Low,1,,English/Latin-script name,,,openstreetmap,1,+66837582345,Phutthamonthon Sai 3 Alley,10160,overture (meta),overture:e126fb99-f461-4bb4-8388-9d19c6c2e691
dolce.gelatino@gmail.com,Dolce Gelatino,,Bang Khae District,Ice cream,no,Low,1,,English/Latin-script name,,,openstreetmap,6,+66935699395,"ชั้น g ร้านโดเช่ เจลาติโน่ เลขที่ 518,518/1 เดอะมอลล์บางแค Phet Kasem Rd",10160,overture (meta),overture:4dbabd86-3842-43bc-86c9-94ddbd55b1cd
doubledose.th@gmail.com,Doubledose Coffee,,Bang Khae District,Cafe,no,Low,1,,English/Latin-script name,,,openstreetmap,1,+66612689666,5 ถนน บางเชือกหนัง,10170,overture (meta),overture:606a5a76-f343-460c-8d10-97b4a8429894
jakatar@live.com,Duca'tim Rama2,,Bang Khae District,Cafe,no,Low,1,,English/Latin-script name,http://line.me/ti/p/~jakatar65,,openstreetmap,1,+66924421662,ตลาดอินดี้กัลปพฤกษ์,,overture (meta),overture:5b60ea5b-5086-400d-9b23-fec504b89e50
faan.foodd@gmail.com,FAAN.restaurant,,Bang Khae District,Restaurant,no,Low,1,,English/Latin-script name,,,openstreetmap,1,,Kanlapaphruek Road,10160,overture (meta),overture:51ebffaf-f412-4493-af6f-3952f242709a
fameatery2022@gmail.com,Fam Eatery,,Bang Khae District,Restaurant,no,Low,1,,English/Latin-script name,,,openstreetmap,1,+66819222295,ซอย 001 Kanchanaphisek 7,10160,overture (meta),overture:d08b29a2-9317-427a-94ef-3a01f84e4e6f
napachara19@gmail.com,Family Coffee,,Bang Khae District,Cafe,no,Low,1,Local,English/Latin-script name,https://www.wongnai.com/r/667899dn,nongarh@yahoo.com; tanasukant@hotmail.com; cafeaulaitbkk@gmail.com; indycafeart@hotmail.com; chomchatea@gmail.com; houseofcoffeebrew@hotmail.com; manzoku231166@hotmail.com,openstreetmap,1,+66968875517,41/111 โครงการมั่งมีแสนสุข ถนน กัลปพฤกษ์,10160,overture (meta),overture:4da49fd6-d526-41a9-a279-c1cd0a70396b
fastbreakbkk@gmail.com,Fastbreak Cafeteria,,Bang Khae District,Restaurant,no,Low,1,,English/Latin-script name,,,openstreetmap,1,+66632194799,"91/20 หมู่บ้านปริญญาดา, พุทธมณฑลสาย2",10160,overture (meta),overture:26387e89-439f-4d2d-a640-6e9fcebd0520
acharagreenhouse@gmail.com,Fiora Café,,Bang Khae District,Cafe,no,Low,1,,English/Latin-script name,,,openstreetmap,1,+66986870220,Fiora Café 42/1 ม.9 Thanon Kanchanaphisek,10160,overture (meta),overture:7d80d27a-40a4-43e1-9708-c4af0b3ced0a
eibba@live.co.uk,First Garden Thai Cuisine,,Bang Khae District,Asian; Thai,no,Low,1,,English/Latin-script name,,,openstreetmap,1,+66819310031,"ดิ เอ็กซ์เพลส มอลล์, 60/1 ถนน กาญจนาภิเษก",10160,overture (meta),overture:95722954-29e3-497d-8e50-8a4f7933b2ce
ginprik@gmail.com,GinPrik,,Bang Khae District,Asian; Thai,no,Low,1,,English/Latin-script name,,,openstreetmap,1,+66989786555,"117, 1 Phutta Monthon Sai 3 Rd",10160,overture (meta),overture:cb84dd83-5942-404d-b53a-4535dab53352
arunsirifoods@gmail.com,Grain House - Sampeng2,,Bang Khae District,Ice cream,no,Low,1,,English/Latin-script name,,,openstreetmap,1,+66631429998,88/278 สําเพ็ง 2,10160,overture (meta),overture:30c51c0e-c425-40b2-af43-2da749754324
greenandsunnyvegan@gmail.com,Green & Sunny Vegan Kitchen,,Bang Khae District,Restaurant,no,Low,1,,English/Latin-script name,https://www.greenandsunny.com/,,openstreetmap,1,+66923999363,Green & Sunny 1421 ถ.เพชรเกษม แขวงหลักสอง บางแค กรุงเทพมหานคร,10160,overture (meta),overture:64b62547-c366-46e5-abba-ecca9b3b0a96
erorman@hotmail.com,Green House,,Bang Khae District,Cafe,no,Low,1,,English/Latin-script name,,,openstreetmap,1,+66982785688,Setthakit 22-4 Alley,10160,overture (meta),overture:2c48307d-6290-4ff4-8eff-f5bec4476d73
haicoffeeroaster@gmail.com,Haicoffeeroaster,,Bang Khae District,Cafe,no,Low,1,,English/Latin-script name,,,openstreetmap,1,+66855541561,6/7 ซอย 7,10160,overture (meta),overture:70d8cb80-77bf-4bd6-8a4a-1f2e94107818
hangbangbon@gmail.com,HANG Bangbon cafe&bar,,Bang Khae District,Bar,no,Low,1,,English/Latin-script name,,,openstreetmap,1,+66616896193,3 ซอย ร่มไทร,10160,overture (meta),overture:cc42f767-aeb7-4d73-ab29-1d6615526d8c
maneewika@gmail.com,Happy Tree Food Store,,Bang Khae District,Restaurant,no,Low,1,,English/Latin-script name,,,openstreetmap,1,+66988964616,56 20 ซอยบาง 158,10160,overture (meta),overture:ac125ebe-c4c8-4166-bb02-bbad0d0b2c0f
hatchcafebangkok@gmail.com,Hatch Cafe,,Bang Khae District,Cafe,no,Low,1,,English/Latin-script name,,,openstreetmap,1,+6628092913,"290/4 M.10, 67 Phet Kasem Rd",10160,overture (meta),overture:f186d353-ce19-460c-8e10-219d902bf199
homkrajaicafe@gmail.com,Homkrajai,,Bang Khae District,Cafe,no,Low,1,,English/Latin-script name,,,openstreetmap,1,+66868888078,SENA Shop House Bangkhae-Terdthai 882 ถ. เทอดไท,10160,overture (meta),overture:7019d10a-d5ba-4a1e-a809-f0a0d9df77d4
hontoshiki.contact@gmail.com,Hon to Shiki - 本と四季,,Bang Khae District,Restaurant,no,Low,1,,English/Latin-script name,,,openstreetmap,1,+66832417457,38 เพชรเกษม 84,10160,overture (meta),overture:5c6ec420-9480-41e6-bccd-152d0bcfbfe1
honeybrownth@gmail.com,HONEY BROWN  Roaster Cafe& Bar Vinyl,,Bang Khae District,Cafe,no,Low,1,,English/Latin-script name,,,openstreetmap,1,+66814548780,104 ถนน บางแวก,10160,overture (meta),overture:fa45ec9b-1d76-4fcb-8fd7-71ca411e9992
tuu7390@gmail.com,Icecycle,,Bang Khae District,Cafe,no,Low,1,,English/Latin-script name,,,openstreetmap,1,+66907397390,สามแยกบางแค ถนนเพชรเกษม ,10160,overture (meta),overture:0cf3aaec-aa6c-4936-bcef-d86f9dd1397c
ikigai.sushi.act@gmail.com,Ikigai Sushi,,Bang Khae District,Asian; Sushi,no,Low,1,,English/Latin-script name,,,openstreetmap,1,+66625909632,อิคิไก ซูชิ(Ikigai Sushi) แขวง บางไผ่ เขตบางแค กรุงเทพมหานคร 10160,10160,overture (meta),overture:486a1185-9b7a-427c-82a9-4c1ea58abac8
ima.info64@gmail.com,IMA Bloom & Brew,,Bang Khae District,Cafe,no,Low,1,,English/Latin-script name,,,openstreetmap,1,+66625843673,632 Phet Kasem Rd,10160,overture (meta),overture:6844eeb1-dc5e-4241-ae90-d6bcc5b21d30
jinseimatcha@gmail.com,Jinsei matcha,,Bang Khae District,Restaurant,no,Low,1,,English/Latin-script name,,,openstreetmap,1,+66823220358,Thanon PhutthaMonthon Sai 2,10160,overture (meta),overture:66737628-b32c-46c9-99b4-ef6931894b1e
auttavit.jj24coffee@gmail.com,JJ Twenty Four Coffee. Home Coffee Roaster,,Bang Khae District,Cafe,no,Low,1,,English/Latin-script name,,,openstreetmap,1,+66863622394,1014 ถนนเพชรเกษม แขวงบางแคเหนือ เขตบางแค,10160,overture (meta),overture:dc14ddb9-5a24-4390-a686-83884cbb5fe7
ni_ni_kook@hotmail.com,KEAN Matcha,,Bang Khae District,Restaurant,no,Low,1,,English/Latin-script name,,,openstreetmap,1,+66889499394,2 Setthakit 27 Alley,10160,overture (meta),overture:3c438e1d-b061-461e-b51f-932a9db9bff8
th-bangkae@qsa.co.th,KFC,,Bang Khae District,Takeaway,no,Low,1,,English/Latin-script name,https://kfc.co.th/,,openstreetmap,1,,"No. 777/8 Bang Khae Road, Bang Khae Subdistrict, Bang Khae District",10160,overture (AllThePlaces),overture:f37f6937-ceee-476c-8c5f-2abd5cb4c478
g.sommanassa@gmail.com,Kingyo sushi,,Bang Khae District,Asian; Japanese; Sushi,no,Low,1,,English/Latin-script name,,,openstreetmap,1,+66985291541,665 5 ซ. เพชรเกษม 63,10160,overture (meta),overture:7d105167-786f-4258-b3f9-f972c74861ef
paruhut@hotmail.com,Kofe and More,,Bang Khae District,Cafe,no,Low,1,,English/Latin-script name,,,openstreetmap,1,+66863638388,"151, 343 Moo.9 Bangwak Road",10160,overture (meta),overture:ea965060-29f3-41eb-9b45-723961f663e8
koffandbun@hotmail.com,Koff and Bun,,Bang Khae District,Cafe,no,Low,1,,English/Latin-script name,,,openstreetmap,1,+66626068962,"294 88, ซอย5/1 บางแค 1",10160,overture (meta),overture:6e18ee3a-5621-4d32-a20a-af720d7f8eaa
itsmargarine@live.com,KoKo Egg Tart,,Bang Khae District,Bakery,no,Low,1,,English/Latin-script name,,,openstreetmap,1,+66808689593,"10,3 ตลาดกัลปพฤกษ์ ถนนกัลปพฤกษ์ แขวงบางแค เขตบางแค ",10160,overture (meta),overture:37fe017b-e969-47c2-aaaf-9baf0970f2d4
boombuilders.th@gmail.com,Kosei Tamasaba Bangyai,,Bang Khae District,Asian; Thai,no,Low,1,,English/Latin-script name,,,openstreetmap,1,+66623959945,,,overture (meta),overture:649f4e7e-2934-488e-90c7-bd8dfdb4c70e
lamoonmadefresh@gmail.com,Lamoon,,Bang Khae District,Bakery,no,Low,1,Local,English/Latin-script name,https://shopee.co.th/lamoonmadefresh,,openstreetmap,1,+66627096967,"95, 27 Phet Kasem 67/1 Alley",10160,overture (meta),overture:13fb80f3-d02b-4be3-b4f7-ed617fa662f1
lovemilk.suksan5@gmail.com,Lovemilk café Suksan5,,Bang Khae District,Cafe,no,Low,1,,English/Latin-script name,,,openstreetmap,1,+66813413003,4 ถนน กาญจนาภิเษก,10160,overture (meta),overture:89ac68c9-f0a3-432f-9f7e-a7c7be4c49d4
mamastation.th@gmail.com,MAMA Station,,Bang Khae District,Asian; Sushi,no,Low,1,,English/Latin-script name,,,openstreetmap,1,+66813475566,139 ถนน พระราม 9,10310,overture (meta),overture:98afe73b-6d77-4a7d-b90f-f4428dc187c3
poonpunpangpad@gmail.com,Mamupan,,Bang Khae District,Bakery,no,Low,1,,English/Latin-script name,,,openstreetmap,1,,3 ถนน พุทธมณฑลสาย 3,10160,overture (meta),overture:d411e022-6173-447b-9ff3-df547c839581
gai-11@hotmail.com,Milk-Cha Cafe',,Bang Khae District,Cafe,no,Low,1,,English/Latin-script name,,,openstreetmap,1,+66970784848,เพชรเกษม,10160,overture (meta),overture:e2eb3eac-ce79-4e2e-b907-17abba30318f
missavocado.since2024@gmail.com,Miss Avocado Snow&Ice,,Bang Khae District,Restaurant,no,Low,1,,English/Latin-script name,,,openstreetmap,1,+66655985969,1 ถนน บางแวก,10160,overture (meta),overture:90736df0-f120-4055-a124-5f16aef684b6
nutfilm.57@gmail.com,MokaCafe'88,,Bang Khae District,Cafe,no,Low,1,,English/Latin-script name,,,openstreetmap,1,+66918731856,4 พุทธมณฑลสาย 2 ซอย 7,10160,overture (meta),overture:b5f868d6-db77-47cc-901d-9e8fb0dddd84
b.songsangthong@gmail.com,MOO MOO,,Bang Khae District,Restaurant,no,Low,1,,English/Latin-script name,,,openstreetmap,1,,297 ซอย 14,10160,overture (meta),overture:a5ff551a-04c3-4766-9ea1-8e6cf529c530
l.cafe20180314@gmail.com,Mooyokka 55/3,,Bang Khae District,Restaurant,no,Low,1,,English/Latin-script name,,,openstreetmap,1,+66881155897,499/4 เพชรเกษม 55/3,10160,overture (meta),overture:ec4d3c26-bd54-47c5-9f4f-a8933464b679
once.takeabreak@gmail.com,Once Take a Break,,Bang Khae District,Bakery,no,Low,1,,English/Latin-script name,,,openstreetmap,1,+66918825140,ตลาดสาย2 Thanon PhutthaMonthon Sai 2,10160,overture (meta),overture:6d2b8b0b-72f9-497b-95e2-ca86ada2f970
penroaj8320@gmail.com,P&P Coffee,,Bang Khae District,Cafe,no,Low,1,,English/Latin-script name,,,openstreetmap,1,,543/1 Phet Kasem Rd,10160,overture (meta),overture:55d5cbea-f8ce-4aba-8141-c455345cf4fb
pakaloong@gmail.com,Pakaloong,,Bang Khae District,Asian; Thai,no,Low,1,,English/Latin-script name,,,openstreetmap,1,+66855047241,77/4 ถนน เพชรเกษม,10160,overture (meta),overture:47360577-01b0-4170-b36d-6da49661e490
peterspan@peterspankitchen.com,Peter's Pan Kitchen,,Bang Khae District,Restaurant,no,Low,1,,English/Latin-script name,,,openstreetmap,1,+66657275056,169 5 ถ. ราชมนตรี,10160,overture (meta),overture:e138b6d2-1c6e-402d-b54e-f5ccb10893b3
phawangcafe@gmail.com,Phawang.cafe.bkk,,Bang Khae District,Cafe,no,Low,1,,English/Latin-script name,,,openstreetmap,1,+66988893641,4 พุทธมณฑลสาย 2 ซอย 7,10160,overture (meta),overture:1ad5d47e-e79d-42bf-ab76-f9bef8dd02bd
pick.khua@gmail.com,Pick Khua Ratchpipat,,Bang Khae District,Restaurant,no,Low,1,,English/Latin-script name,,,openstreetmap,1,+66922555245,51 อัสสัมชัญ 25,10160,overture (meta),overture:d83c67bd-0a6d-4da0-b754-74a4c61d45cf
pop88foodstuff@gmail.com,POP88 Health Food,,Bang Khae District,Cafe,no,Low,1,,English/Latin-script name,,,openstreetmap,1,+66951856121,812 เพชรเกษม88 บางแคเหนือ บางแค ,10160,overture (meta),overture:41c7413e-326f-4829-9cb2-efc043c4b214
mammamjui@gmail.com,Porsche Cafe,,Bang Khae District,Cafe,no,Low,1,,English/Latin-script name,,,openstreetmap,1,+66899268148,60/11 ล็อค G13 ตึกยางแคพลาซ่า,10160,overture (meta),overture:a1181ab7-0d33-499c-bbf1-1e0f6d055e0b
proetwineder@gmail.com,Proet Wine Der,,Bang Khae District,Cafe,no,Low,1,,English/Latin-script name,,,openstreetmap,1,+66917874953,1661 ถ. กาญจนาภิเษก แขวง บางไผ่ เขตบางแค กรุงเทพมหานคร 10160 ,10160,overture (meta),overture:a1cf69d6-180c-4183-8b19-c38dc7ccd752
racercafe38@gmail.com,Racer Cafe,,Bang Khae District,Cafe,no,Low,1,Local,English/Latin-script name,http://racercafe38.com/,,openstreetmap,1,+66654555622,352 Thanon PhutthaMonthon Sai 2,10160,overture (meta),overture:429a30eb-1ebc-41d3-ae11-13e38f869f5f
ramenafutomall@gmail.com,Ramenafuto Mall,,Bang Khae District,Asian; Japanese,no,Low,1,,English/Latin-script name,,,openstreetmap,1,+66983471826,722 Thanon Mu Ban Setthakit,10160,overture (meta),overture:9b0ef450-2664-4f38-bdfd-911d3d8f82d0
rotihawa2020@gmail.com,Roti Hawa,,Bang Khae District,Restaurant,no,Low,1,,English/Latin-script name,,,openstreetmap,1,+66633434998,388 Thanon Mu Ban Setthakit,10160,overture (meta),overture:ffd616f5-04d9-4250-8801-6c4e2785929e
safefuhouse@gmail.com,Safe-fu House,,Bang Khae District,Cafe,no,Low,1,,English/Latin-script name,,,openstreetmap,1,+66951155255,6 ซอย วิเศษนิยม3,10160,overture (meta),overture:5bae0cdb-75ec-401e-aae3-f4ac3fe30a80
patchreer@gmail.com,Sahamitr Chicken Rice,,Bang Khae District,Restaurant,no,Low,1,,English/Latin-script name,,,openstreetmap,1,+6624544770,35 Phutthamonthon Sai 2 Soi 1,10160,overture (meta),overture:1b1d4408-d554-4f7d-a3b9-262828f9e969
sambai.ramen@gmail.com,Sambai Ramen,,Bang Khae District,Asian; Japanese,no,Low,1,,English/Latin-script name,,,openstreetmap,1,+66926295044,"618, 3 Thanon PhutthaMonthon Sai 2",10160,overture (meta),overture:1916740a-97d7-441a-a5ba-35f9cd2e5eca
thanosproject01@gmail.com,San Rafael Cafe,,Bang Khae District,Cafe,no,Low,1,,English/Latin-script name,,,openstreetmap,1,+66972303599,552/9 ถนนบางแวก  แขวงบางไผ่ เขตบางแค,10160,overture (meta),overture:43e93d61-3fba-4faa-8108-50b7def788ee
sarobkk93@gmail.com,SARO cafe,,Bang Khae District,Cafe,no,Low,1,,English/Latin-script name,,,openstreetmap,1,+66856562244,55/93 โครงการ สำเพ็ง 2 สาทร,10160,overture (meta),overture:dc76a4b6-c64b-4166-96e9-1529fbf1bf6c
redapple2549@gmail.com,Selfie Coffee,,Bang Khae District,Cafe,no,Low,1,,English/Latin-script name,,,openstreetmap,1,+66629942297,พุทธมณฑลสาย 3,10160,overture (meta),overture:fc26f3ca-0fdc-4563-8fae-d0ea98f060c9
shakariki432evespace@gmail.com,Shakariki 432 Eve Space,,Bang Khae District,Asian; Japanese,no,Low,1,,English/Latin-script name,,,openstreetmap,1,+66994323000,"1/32-33, 005 Kanchanaphisek Rd",10160,overture (meta),overture:2fdd5acd-3a5a-42dc-86b5-1a973f97dfa6
jnt.stories@gmail.com,So Am I Coffee and Bakery,,Bang Khae District,Bakery,no,Low,1,,English/Latin-script name,,,openstreetmap,1,+66898956132,1605 Kanchanaphisek Rd,10160,overture (meta),overture:08377c24-ad63-4f36-968c-377adea1107c
sowarm.bangkhae10@gmail.com,So warm,,Bang Khae District,Cafe,no,Low,1,,English/Latin-script name,,,openstreetmap,1,+66938978228,45 ถนน บางแค,10160,overture (meta),overture:fd0a3cdf-34d0-4c82-b2d8-a1adf40dcc19
mue.pisan@gmail.com,Soi6 Chill Bar&Café,,Bang Khae District,Restaurant,no,Low,1,,English/Latin-script name,,,openstreetmap,1,+66623087405,,,overture (meta),overture:deca0c32-706d-4aa7-9bc8-3dbdc30817bf
solis32466@gmail.com,Solis Coffee,,Bang Khae District,Cafe,no,Low,1,,English/Latin-script name,,,openstreetmap,1,+66809366168,41/328 สินทรัพย์นครการ์เด้น,10160,overture (meta),overture:bbb973b1-80c3-4de8-bd20-efe4babdf4b5
14222@coffee-concepts.co.th,Starbucks,,Bang Khae District,Cafe,no,Low,1,,English/Latin-script name,https://starbucks.co.th/,,openstreetmap,1,+66982514518,,,overture (AllThePlaces),overture:84da2e45-7b93-4c25-9caa-47e08a09c876
14643@coffee-concepts.co.th,Starbucks,,Bang Khae District,Cafe,no,Low,1,,English/Latin-script name,https://starbucks.co.th/,,openstreetmap,1,,,,overture (AllThePlaces),overture:3f911719-2be0-4145-9bd1-2a7f02546889
14297@coffee-concepts.co.th,Starbucks,,Bang Khae District,Cafe,no,Low,1,,English/Latin-script name,https://starbucks.co.th/,,openstreetmap,1,,,,overture (AllThePlaces),overture:02d25064-1af9-4bfe-a3ca-7fe84dcaf84c
sukimamasai2@gmail.com,Suki Mama,,Bang Khae District,Restaurant,no,Low,1,,English/Latin-script name,,,openstreetmap,1,+66811509871,"285, 6 ถนนพุทธมณฑลสายสอง ซอย 11",10160,overture (meta),overture:fbbc799d-dd05-4907-b9dd-c1a3a09afbb5
sum.kannika@hotmail.com,Sushi Homu,,Bang Khae District,Asian; Sushi,no,Low,1,,English/Latin-script name,,,openstreetmap,2,+66615566919,โครงการเจียงลูกชิ้นปลา 33/888,10160,overture (meta),overture:9cc5c594-fbff-460c-8472-bc75d521377d
ten.dining.group@gmail.com,Sushi Tama,,Bang Khae District,Asian; Sushi,no,Low,1,,English/Latin-script name,,,openstreetmap,2,+6624829608,ชั้น G บริเวณหน้า Gourmet Market,10160,overture (meta),overture:8c45e60e-3f57-4dd7-b4b3-7862f852426c
teahouse_sirikasem@outlook.com,Taiwanese Milk Tea Lucky Cha,,Bang Khae District,Cafe,no,Low,1,,English/Latin-script name,,,openstreetmap,1,+66938979119,23 ปาก ซ.ศิริเกษม 3,10160,overture (meta),overture:19ffa850-8e84-4b8f-a911-06eb54aba8e4
pop_furon@hotmail.com,Tang Sui Heng,,Bang Khae District,Restaurant,no,Low,1,,English/Latin-script name,,,openstreetmap,1,+66814415392,"524, Than non Phet Kasem Road,, Bangkae Nua,",10160,overture (meta),overture:d1db2907-519a-4715-808e-fa116e03337a
tsfooddesign@gmail.com,The Baking Club Thailand,,Bang Khae District,Cafe,no,Low,1,,English/Latin-script name,,,openstreetmap,1,+66822835585,The Baking Club 1629/29 ถนน กาญจนาภิเษก แขวง บางไผ่ เขต บางแค,10160,overture (meta),overture:5fc590b9-00f2-40e1-a4a9-2223cc46f237
caffsociety@gmail.com,The Caff Society,,Bang Khae District,Cafe,no,Low,1,,English/Latin-script name,,,openstreetmap,1,+66900920883,Bangkae 14,10160,overture (meta),overture:17de9fdf-6a3e-4d04-a980-1fb99c90a09e
thefirebear.ss6@gmail.com,The Fire Bear & Maru Waffle Suksan 6,,Bang Khae District,Cafe,no,Low,1,,English/Latin-script name,,,openstreetmap,1,+66659319765,,,overture (meta),overture:6310ce6e-fca7-4480-9e51-208ffcfb13d3
tinyislandlake@gmail.com,Tiny Island Lake Cafe,,Bang Khae District,Cafe,no,Low,1,,English/Latin-script name,,,openstreetmap,1,+66994566692,"310, 2 Soi Mu Ban Setthakit",10160,overture (meta),overture:316d8692-fd5f-4ada-b0a1-c1e2c91e95bc
tonioscafe@gmail.com,Tonio's Cafe,,Bang Khae District,Cafe,no,Low,1,,English/Latin-script name,,,openstreetmap,1,+66959197907,"24/5, 63 Phet Kasem Rd",10160,overture (meta),overture:659df725-d2d6-4c1c-ba81-d88f9070acb7
twelvecafebangkok@gmail.com,Twelve Cafe',,Bang Khae District,Cafe,no,Low,1,,English/Latin-script name,,,openstreetmap,1,+66818586007,65 ถนน เพชรเกษม,10160,overture (meta),overture:ab7bb46b-840a-4dec-a223-1bdc2332d96c
yammypeak@gmail.com,VIVA.healthycafe,,Bang Khae District,Cafe,no,Low,1,,English/Latin-script name,,,openstreetmap,1,+66804636495,223 ตลาดบางแค ซอยท่ารถบางบอน ,10160,overture (meta),overture:9949d8a0-f82a-4ca6-a9c2-5b017e34e426
wanjaishop8@gmail.com,Wanjai Cafe House,,Bang Khae District,Cafe,no,Low,1,,English/Latin-script name,,,openstreetmap,1,+66849318999,140/515 Bang Waek Rd,10160,overture (meta),overture:191cb04f-2c37-4a06-8f0e-ed79e9aa7e6e
whitebloc.coffee@gmail.com,Whitebloc coffee and bakehouse,,Bang Khae District,Bakery,no,Low,1,,English/Latin-script name,,,openstreetmap,1,+66927608925,4 ถนน กาญจนาภิเษก,10160,overture (meta),overture:7511b8db-2639-40c7-b8d4-6b2e3e71ecd9
wine-mate@hotmail.com,Wine Mate,,Bang Khae District,Restaurant,no,Low,1,,English/Latin-script name,,,openstreetmap,1,+66949155369,"Phet kasem, Bangkae",10160,overture (meta),overture:774bd850-f3b0-45d8-883b-0675fe01ec2b
wongwaencenter@hotmail.com,WongwaenCenter,,Bang Khae District,Restaurant,no,Low,1,,English/Latin-script name,,,openstreetmap,1,+6624541488,4 ถนน กาญจนาภิเษก,10160,overture (meta),overture:4d1ce79e-b43f-4cf3-836a-7fc4250542b4
yenfun.icecream@gmail.com,YenFun ice cream,,Bang Khae District,Ice cream,no,Low,1,,English/Latin-script name,,,openstreetmap,1,+66883777212,5 เพชรเกษม 69,10160,overture (meta),overture:70a8bb82-bb00-43c8-8468-3d01df92d48d
yonnybangkaethemall@gmail.com,YONNY TheMall Bangkae,,Bang Khae District,Asian; Chinese,no,Low,1,,English/Latin-script name,,,openstreetmap,1,,518 ถนน เพชรเกษม,10160,overture (meta),overture:7b324c6f-cad6-4339-8d6c-54488d4b73fd
youandisuki@gmail.com,You&I Premium Suki Buffet,,Bang Khae District,Asian; Japanese,no,Low,1,Local,English/Latin-script name,https://youandisuki.co.th/,makewebzone@gmail.com,openstreetmap,8,+66625964442,ชั้น 2 โซน น้ำตก เลขที่ 518 01 Phet Kasem Rd,10160,overture (meta),overture:1d832713-085b-47d7-983b-4075d10b0482
yourplate.bkk@gmail.com,YourPlate.bkk - Premium Gelato & Patisserie,,Bang Khae District,Bakery; Ice cream,no,Low,1,,English/Latin-script name,,,openstreetmap,1,+66863088229,27 ซ. บางแวก128,10160,overture (meta),overture:21c4e8ab-7627-4c48-9040-e5a8a8295be9
kukkik080960@gmail.com,Zaidan Salmon,,Bang Khae District,Restaurant,no,Low,1,,English/Latin-script name,,,openstreetmap,1,+66970565651,94 ถนน เพชรเกษม,10160,overture (meta),overture:4c465323-8b4b-4ab7-95df-df7f7480aeeb
zakabearofficial@gmail.com,Zakabear Gyoza,,Bang Khae District,Restaurant,no,Low,1,,English/Latin-script name,,,openstreetmap,1,,6 ถนน กัลปพฤกษ์,10160,overture (meta),overture:5072fbe3-2a42-4554-ac2f-5d949c120c35
marscoffeecafe@gmail.com,(เก๊าไม่มีหน้าร้านนะ) Mars Coffee Bangkae,(เก๊าไม่มีหน้าร้านนะ) Mars Coffee Bangkae,Bang Khae District,Cafe,no,Low,0,,,,,openstreetmap,1,+66863459390,"1109, 97 Centro Sathorn-Kanlapaphruek Village",10160,overture (meta),overture:bc634772-05f8-46c5-97c0-3e38aed8833d
3meena.cafe@gmail.com,3มีนา coffee & restaurants,3มีนา coffee & restaurants,Bang Khae District,Restaurant,no,Low,0,,,,,openstreetmap,1,+66614947951,1ถนนกาญจนภิเภษ,10160,overture (meta),overture:8f1aca05-f4bc-4952-8960-135843690dfe
pongsak2518aa@gmail.com,Aa  หมูกะทะ,Aa  หมูกะทะ,Bang Khae District,Restaurant,no,Low,0,,,,,openstreetmap,1,+66897431132,หมู่บ้านรุ่มเย็นซอย5,10160,overture (meta),overture:c962ad61-2891-4f08-ba63-5069f3939616
aryacoffee59@gmail.com,Arya Coffee กาแฟอารยะ,Arya Coffee กาแฟอารยะ,Bang Khae District,Cafe,no,Low,0,,,,,openstreetmap,1,+66623958989,577 4 Soi Phet Kasem 55/2,10160,overture (meta),overture:781e4266-7c5c-4183-95af-ba5681ddd0d2
nukwangjujub@gmail.com,Bubu Bar เพชรเกษม41,Bubu Bar เพชรเกษม41,Bang Khae District,Restaurant,no,Low,0,,,,,openstreetmap,1,+66949583181,,,overture (meta),overture:b97717d2-689f-41df-90d5-1a5832efea62
p3j.development@hotmail.com,Café Amazon Big C เพชรเกษม 65,Café Amazon Big C เพชรเกษม 65,Bang Khae District,Cafe,no,Low,0,,,,,openstreetmap,1,+66855595557,อาคารบิ๊กซีประตูทางเข้า ร้าน Café Amazon สาขา Big C 1759 Soi Phet Kasem 65,10160,overture (meta),overture:2c2f958f-2ebc-4159-8de0-b536ddfa1ab9
catkeeperhotel@gmail.com,Cat's Ozone Cafe รับเด็ก 12 ขวบ ขึ้นไป,Cat's Ozone Cafe รับเด็ก 12 ขวบ ขึ้นไป,Bang Khae District,Cafe,no,Low,0,,,,,openstreetmap,1,+66625905615,14 ศิริสุข ซอย 1,10160,overture (meta),overture:2703ee9c-f7ec-42d3-90a8-ea099c0eb0b3
ploy._.kapook@hotmail.com,Cha Co-ny ชานมไข่มุก,Cha Co-ny ชานมไข่มุก,Bang Khae District,Restaurant,no,Low,0,,,,,openstreetmap,1,,,,overture (meta),overture:05bee1dc-8e72-4d75-adfc-2e92382523e1
cheesyfriedsnacks.bangkae@gmail.com,Cheesy Fried Snacks ชีสซี่ฟรายสแน็ค MRT หลักสอง สาขาตลาดพลาซ่าบางแค,Cheesy Fried Snacks ชีสซี่ฟรายสแน็ค MRT หลักสอง สาขาตลาดพลาซ่าบางแค,Bang Khae District,Restaurant,no,Low,0,,,,,openstreetmap,1,+66929324916,ร้านเฟรนช์ฟรายส์ราดชีส MRT หลักสอง สาขาตลาดพลาซ่า บางแค (Cheesy Fried Snacks),10160,overture (meta),overture:67e06f56-6585-45d5-bbd0-15bd75331c95
chillbangkae18@gmail.com,Chill Chill Restaurantิ,Chill Chill Restaurantิ,Bang Khae District,Restaurant,no,Low,0,,,,,openstreetmap,1,+6624557833,18 Thanon Kanchanaphisek,10160,overture (meta),overture:998a34ca-1604-44dd-89a8-18e67833556a
gamecartoon@gmail.com,Chyy เจลลี่เย็นไต้หวัน สาขา เพชรเกษม 62/3,Chyy เจลลี่เย็นไต้หวัน สาขา เพชรเกษม 62/3,Bang Khae District,Restaurant,no,Low,0,,,,,openstreetmap,1,+66649656547,215 ซอย 3,10160,overture (meta),overture:1bb1077f-fd58-4518-bc25-289f717fc10e
cohappyspace.th@gmail.com,Co Happy Cafe : กาแฟ x ข้าวหน้าเนื้อ บางแค,Co Happy Cafe : กาแฟ x ข้าวหน้าเนื้อ บางแค,Bang Khae District,Cafe,no,Low,0,,,,,openstreetmap,1,+66992528626,"341, 4 Thanon Mu Ban Setthakit",10160,overture (meta),overture:0cbe349c-76e1-4b33-a019-77be8313ddcf
darkcastlebkk@gmail.com,Dark Castle พุทธมณฑลสาย 2,Dark Castle พุทธมณฑลสาย 2,Bang Khae District,Restaurant,no,Low,0,,,,,openstreetmap,1,+66860592660,พุทธมณฑลสาย2,10160,overture (meta),overture:5f4f5e26-a67c-4251-b9b0-83e9a606aa31
oillykid@gmail.com,De l'rich gelare ไอศกรีมเจลาโต้ โฮมเมด,De l'rich gelare ไอศกรีมเจลาโต้ โฮมเมด,Bang Khae District,Cafe,no,Low,0,,,,,openstreetmap,1,+66859249392,"สวนสยามอินเดียวิคตอเรีย, 69 ถนน เพชรเกษม",10160,overture (meta),overture:3e157442-6128-421a-a1a1-ec89ba4b3c10
dekmanssai3@gmail.com,DekMans Sai 3 เด็กมันส์ สาขาพุทธมณฑลสาย 3,DekMans Sai 3 เด็กมันส์ สาขาพุทธมณฑลสาย 3,Bang Khae District,Restaurant,no,Low,0,,,,,openstreetmap,1,+66842325678,189 โครงการเดอะเธิร์ดเพลส พุทธมณฑลสาย 3 ,10160,overture (meta),overture:2aa0b92c-4fc9-437c-af4d-ad267b803275
house.ofcoffeebrew@gmail.com,House Of Coffee Brew บางแค,House Of Coffee Brew บางแค,Bang Khae District,Cafe,no,Low,0,,,,,openstreetmap,1,+66800732885,33/3 ถนน กัลปพฤกษ์,10160,overture (meta),overture:1ec03e82-6883-4f28-9a9b-68f4adb46777
snowfallthailand@gmail.com,Incellderm จัดส่งทั่วเกาหลี,Incellderm จัดส่งทั่วเกาหลี,Bang Khae District,Asian; Korean,no,Low,0,,,,,openstreetmap,2,+6622450797,300 ถนน เพชรเกษม,10160,overture (meta),overture:4dddff26-c043-4cfe-982c-e840a3576f44
coffeejourney7025@gmail.com,Inthanin เพชรเกษม 102,Inthanin เพชรเกษม 102,Bang Khae District,Cafe,no,Low,0,,,,,openstreetmap,1,+66971498796,956 ถ. เพชรเกษม แขวง บางแคเหนือ เขตบางแค กรุงเทพมหานคร 10160,10160,overture (meta),overture:128a823b-c349-4f19-92d8-ddbea55c12e0
warankan9944@gmail.com,Kingkong  หมูกระทะ  บางบอน3แยก12,Kingkong  หมูกระทะ  บางบอน3แยก12,Bang Khae District,Restaurant,no,Low,0,,,,,openstreetmap,1,+66853279944,บ้านเลขที่4 \nบางบอน3แยก12​ ร่มไทร ตรงข้ามหมู่บ้านไผ่ทอง\n,10160,overture (meta),overture:b24da4ee-4a42-4bf8-96f7-7d00d490419a
kopibuns@gmail.com,Kopi & Buns ร้านอาหารเอเชี่ยน,Kopi & Buns ร้านอาหารเอเชี่ยน,Bang Khae District,Asian,no,Low,0,,,,,openstreetmap,1,+66970082870,870 Thanon Thoet Thai,10160,overture (meta),overture:ab378b4b-3177-4e66-a637-d689889ac44f
kungtakrasedteebangkae@gmail.com,Kungtakrasedthee Bang Khae,ร้านกุ้งตะกร้าเศรษฐี บางแค,Bang Khae District,Seafood,no,Low,0,Local,,https://static.robinhood.in.th/app_link.html?URI=robinhoodth%3A%2F%2Fmerchantlanding%2Fid%2F97381,,openstreetmap,1,+66 86 548 8008,20/2 ถนนกาญจนาภิเษก,10160,openstreetmap,https://www.openstreetmap.org/node/14051561355
hueanlanna15@gmail.com,Lake View by เฮือนล้านนา,Lake View by เฮือนล้านนา,Bang Khae District,Asian; Thai,no,Low,0,,,,,openstreetmap,1,+66838181515,83 ถนน บางบอน 3,10160,overture (meta),overture:5c514843-b0af-4606-91f2-9b44f4f023e0
zabuyjai@gmail.com,Mama Taiga Cafe เครื่องดื่ม เบเกอรี่โฮมเมด,Mama Taiga Cafe เครื่องดื่ม เบเกอรี่โฮมเมด,Bang Khae District,Bakery,no,Low,0,,,,,openstreetmap,1,+66851855880,18 เดอะ รอยัล กรีนพาร์ค กาญจนาภิเษก,10160,overture (meta),overture:8bb2cad6-3f1f-4ce0-bca3-145a5309b259
nennon888@gmail.com,Nennom Cafe  พุทธมณฑลสาย1,Nennom Cafe  พุทธมณฑลสาย1,Bang Khae District,Cafe,no,Low,0,,,,,openstreetmap,1,+66863179431,Phutthamonthon Sai 1 Rd,10160,overture (meta),overture:ecb88860-9f10-489f-9d76-5e4befaf857a
overtimesai2@gmail.com,O.T OverTime Bar&Restaurant พุทธมณฑลสาย 2,O.T OverTime Bar&Restaurant พุทธมณฑลสาย 2,Bang Khae District,Bar,no,Low,0,,,,,openstreetmap,1,+66829689518,388 ถนน พุทธมณฑลสาย 2,10160,overture (meta),overture:520f1556-661d-4fe5-9032-44082f2e1e0d
slurpshack.roastery@gmail.com,Slurp Shack (หลังครัวกาญจน์),Slurp Shack (หลังครัวกาญจน์),Bang Khae District,Cafe,no,Low,0,,,,,openstreetmap,1,+66818449438,220 Sam Phao Alley,10160,overture (meta),overture:056425f0-9a6f-4012-a0a1-4cb705602019
sushicornerbangkae@gmail.com,Sushi Corner บางแค,Sushi Corner บางแค,Bang Khae District,Asian; Sushi,no,Low,0,,,,,openstreetmap,1,+66855694056,60/11 บางแคพลาซ่า ห้อง A1 Phet Kasem Rd,10160,overture (meta),overture:8916a95b-e455-4fae-ae05-759d2ca0aef4
sushihime.11@gmail.com,Sushi Hime ซูชิฮิเมะ,Sushi Hime ซูชิฮิเมะ,Bang Khae District,Asian; Sushi,no,Low,0,,,,,openstreetmap,1,+66983242962,ตลาดสาย2,10160,overture (meta),overture:1793559b-4c32-41b2-8810-90c7bc5b6d8a
thelionmilkteasai3@gmail.com,The Lion Milk Tea พุทธมณฑล สาย3,The Lion Milk Tea พุทธมณฑล สาย3,Bang Khae District,Restaurant,no,Low,0,,,,,openstreetmap,1,+66613945350,3 ถนน พุทธมณฑลสาย 3,10160,overture (meta),overture:1786f635-791d-447c-b0f5-17bbed998edb
toradorayaki.lll@gmail.com,TORA Dorayaki ขนมครกญี่ปุ่น ฝั่งกรุงเทพตะวันตก,TORA Dorayaki ขนมครกญี่ปุ่น ฝั่งกรุงเทพตะวันตก,Bang Khae District,Asian; Japanese,no,Low,0,,,,,openstreetmap,1,+66929636424,40 เพชรเกษม 92,10160,overture (meta),overture:52574ccb-767d-416e-a119-1b0bb860d551
psd_juu@hotmail.com,กระเพาะปลาตลาดพลู สาขา2 ถนนเพชรเกษม,กระเพาะปลาตลาดพลู สาขา2 ถนนเพชรเกษม,Bang Khae District,Restaurant,no,Low,0,,,,,openstreetmap,1,+66846561150,ไฟแดงบางแค ทางขึ้นรถไฟฟ้า ริมถนนเพชรเกษม,10160,overture (meta),overture:7dbd2c9e-4565-4dcb-a8b2-5f9b7d1391b7
coffee1227@gmail.com,กล้วยปิ้งลุงน้อย,กล้วยปิ้งลุงน้อย,Bang Khae District,Restaurant,no,Low,0,,,,,openstreetmap,1,+66823503399,ถ. บางบอน 3,10160,overture (meta),overture:f3063ccb-ad19-45e9-9953-e493eb59fd18
hippieze114@gmail.com,กะเพราตึกแถว,กะเพราตึกแถว,Bang Khae District,Restaurant,no,Low,0,Local,,https://lin.ee/x50MHMN,support@wongnai.com,openstreetmap,1,+66863997530,1287 หลักสอง,10160,overture (meta),overture:7724c7b3-4f26-4795-8bca-c887aebc25b9
saranghey_12@hotmail.com,กาแฟสด Get Drink,กาแฟสด Get Drink,Bang Khae District,Cafe,no,Low,0,,,,,openstreetmap,1,+66917954224,บ้านเลขที่ 4 Bang Bon 3 Soi 12,10150,overture (meta),overture:3451da21-4af0-42a9-a1bf-546559f09699
sununta777@gmail.com,กาแฟไฉไล  เอสคอฟฟี่ Chailai S Coffee,กาแฟไฉไล  เอสคอฟฟี่ Chailai S Coffee,Bang Khae District,Cafe,no,Low,0,,,,,openstreetmap,1,+66863172774,2 ถนน บางแวก,10160,overture (meta),overture:70e5d6be-7f1c-447a-bfd8-910d232b9b23
kinkungkunsai2@gmail.com,กินกุ้งกัน-kinkungkun สาย2 กุ้งแช่น้ำปลา แซลมอนดอง,กินกุ้งกัน-kinkungkun สาย2 กุ้งแช่น้ำปลา แซลมอนดอง,Bang Khae District,Restaurant,no,Low,0,,,,,openstreetmap,1,+66959688282,2 ศิริเกษม 17,10160,overture (meta),overture:24e51844-28c8-4e03-ba31-8481a935aa02
oak8oak4@gmail.com,กินอย่าง ชาวเล,กินอย่าง ชาวเล,Bang Khae District,Seafood,no,Low,0,,,,,openstreetmap,1,+66643601307,1023 Bang Waek Rd,10160,overture (meta),overture:5e53733b-21ff-4bed-9064-7b506d30f1a1
warapornyok12345@gmail.com,กินเดะ ทาโกะยากิ - สาขาหลักสอง พลาซ่า,กินเดะ ทาโกะยากิ - สาขาหลักสอง พลาซ่า,Bang Khae District,Restaurant,no,Low,0,,,,,openstreetmap,1,+66951533204,,,overture (meta),overture:387aa53e-3816-4832-9339-15b4662d042c
guurotibk@gmail.com,กูโรตีชาชัก บางแค,กูโรตีชาชัก บางแค,Bang Khae District,Restaurant,no,Low,0,,,,,openstreetmap,1,+66859016464,385/22 โครงการเสนาช็อปเฮ้าส์ Bang Khae Rd,10160,overture (meta),overture:e027c86b-ea8a-4058-8ea0-31f80d0e60c7
nainoi.wongwienyai@gmail.com,ก๋วยเตี๋ยวนายน้อย-เจ้าเก่าวงเวียนใหญ่,ก๋วยเตี๋ยวนายน้อย-เจ้าเก่าวงเวียนใหญ่,Bang Khae District,Restaurant,no,Low,0,,,,,openstreetmap,1,+66649962965,ตรงข้ามหมู่บ้านภัสรี ถนน พุทธมณฑลสาย2 เยื้องตลาดสาย2 ,,overture (meta),overture:ae2f624d-1f09-45a1-8c8e-2a12be94099c
worapol2663@gmail.com,ก๋วยเตี๋ยวยายตุ๋ยเจ้าเก่าในคลอง,ก๋วยเตี๋ยวยายตุ๋ยเจ้าเก่าในคลอง,Bang Khae District,Asian; Japanese,no,Low,0,,,,,openstreetmap,1,+66903160630,45 34 ถนน พุทธมณฑลสาย 2 ซอย 12,10160,overture (meta),overture:69c0c2b6-7e40-401d-b465-9d9ef9023fc5
sissternoodle@gmail.com,ก๋วยเตี๋ยวหมูตุ๋นพี่สาว,ก๋วยเตี๋ยวหมูตุ๋นพี่สาว,Bang Khae District,Restaurant,no,Low,0,,,,,openstreetmap,1,+66836419635,4 1 Kanlapaphruek Rd,10160,overture (meta),overture:c690f956-da8b-4ba5-9608-b405f718517b
amp.gun084@gmail.com,ก๋วยเตี๋ยวหมูต้มยำโบราณ คุณยาย อาหารตามสั่ง ข้าวต้มกุ๊ย,ก๋วยเตี๋ยวหมูต้มยำโบราณ คุณยาย อาหารตามสั่ง ข้าวต้มกุ๊ย,Bang Khae District,Restaurant,no,Low,0,,,,,openstreetmap,1,+66849444319,เพชรเกษม,10160,overture (meta),overture:4226e631-9e1f-4665-bc0a-1b5e298c34ed
panyasukariyapokin4@gmail.com,ก๋วยเตี๋ยวหมูต้มยำโบราณลุงปัญญา,ก๋วยเตี๋ยวหมูต้มยำโบราณลุงปัญญา,Bang Khae District,Restaurant,no,Low,0,,,,,openstreetmap,1,+66856882797,บางแค,10160,overture (meta),overture:232c214e-e264-4ae5-93d9-a0c152f903a2
kutcono@gmail.com,ก๋วยเตี๋ยวหมูและฮ่อยจ๊อปูแปะชัย,ก๋วยเตี๋ยวหมูและฮ่อยจ๊อปูแปะชัย,Bang Khae District,Asian; Japanese,no,Low,0,,,,,openstreetmap,1,+66988269191,ก๋วยเตี๋ยวหมูและฮ่อยจ๊อปูแปะชัย,10160,overture (meta),overture:79f1052f-2d5e-4690-ae7c-53f2f418fec1
ricenoodle.arma@gmail.com,ก๋วยเตี๋ยวหลอดอาม่า บางแค,ก๋วยเตี๋ยวหลอดอาม่า บางแค,Bang Khae District,Restaurant,no,Low,0,,,,,openstreetmap,1,+66819850081,362 บางแค 7 แยก 10,10160,overture (meta),overture:d11e4ebe-369a-45d2-a06d-ce616b2d5603
pprateepbangkae@gmail.com,ก๋วยเตี๋ยวเรือ ป.ประทีป สาขาบางแค,ก๋วยเตี๋ยวเรือ ป.ประทีป สาขาบางแค,Bang Khae District,Restaurant,no,Low,0,,,,,openstreetmap,1,+66968791956,48/142,10160,overture (meta),overture:4906bf75-b6d9-4c71-ae08-69eb7c263be5
amnartngo@gmail.com,ก๋วยเตี๋ยวเรือ ป.ประทีป โคตรกะเพรา,ก๋วยเตี๋ยวเรือ ป.ประทีป โคตรกะเพรา,Bang Khae District,Restaurant,no,Low,0,,,,,openstreetmap,1,+66961258415,113 Phutta Monthon Sai 3 Rd,10160,overture (meta),overture:bacbd680-fcf5-4516-80f9-b98f28862f11
rapeephanbom@gmail.com,ก๋วยเตี๋ยวเรือชามใหญ่ เจ้าเก่าบางแค,ก๋วยเตี๋ยวเรือชามใหญ่ เจ้าเก่าบางแค,Bang Khae District,Restaurant,no,Low,0,,,,,openstreetmap,1,,MEEDee Market ถนนกัลปพฤกษ์,10160,overture (meta),overture:11de6372-0b42-49fe-9121-c2816d7775a8
kapaou@hotmail.com,ก๋วยเตี๋ยวเรือนายเก่ง,ก๋วยเตี๋ยวเรือนายเก่ง,Bang Khae District,Takeaway,no,Low,0,Local,,http://www.kapaou.com/,,openstreetmap,1,+66812533318,1239/44,10160,overture (meta),overture:a4120d0d-f210-4cc5-8fcd-da5b54e9f12b
reeya2638@gmail.com,ก๋วยเตี๋ยวเรือบึงพลาชัย,ก๋วยเตี๋ยวเรือบึงพลาชัย,Bang Khae District,Asian; Japanese,no,Low,0,,,,,openstreetmap,1,+66834982964,38/265 ถนน บางแค,10160,overture (meta),overture:5dd00c11-54c8-4e8f-aa58-ac608d5e6d8f
chalongchai-p@hotmail.com,ก๋วยเตี๋ยวเรืออยุธยา เพชรเกษม69,ก๋วยเตี๋ยวเรืออยุธยา เพชรเกษม69,Bang Khae District,Restaurant,no,Low,0,,,,,openstreetmap,1,+66969196264,ซอย Phet Kasem 69 Rd,10160,overture (meta),overture:edb5e947-6942-4452-b3fd-43988e5e0591
matoymaklong@gmail.com,ขนมจีนแม่ต้อย,ขนมจีนแม่ต้อย,Bang Khae District,Restaurant,no,Low,0,,,,,openstreetmap,1,+66909825978,37 111 Sukhaphiban 1 Alley,10160,overture (meta),overture:be103503-cb3f-44c5-a387-7dbd5da74160
lukluk2836@gmail.com,ขนมเชื่อม&สูตรคุณย่า มันเชื่อม กล้วยเชื่อม,ขนมเชื่อม&สูตรคุณย่า มันเชื่อม กล้วยเชื่อม,Bang Khae District,Cafe,no,Low,0,Local,,https://shopee.co.th/universal-link/now-food/shop/10021645?deep_and_deferred=1&share,,openstreetmap,1,+66994129796,401/20 เพชรเกษม 63,10160,overture (meta),overture:c89b9361-069a-4d49-9682-b46c21942e05
s.bakeryhouse@gmail.com,ขนมเปี๊ยะนมสด เอสเบเกอรี่ หมู่บ้านเศรษฐกิจ,ขนมเปี๊ยะนมสด เอสเบเกอรี่ หมู่บ้านเศรษฐกิจ,Bang Khae District,Bakery,no,Low,0,,,,,openstreetmap,1,+6624217993,405 ถนนหมู่บ้านเศรษฐกิจ แขวงบางแคเหนือ เขตบางแค กรุงเทพมหาคร 10160,10160,overture (meta),overture:03e95f25-92c7-4e37-825c-353003bd672c
kanommae369@gmail.com,ขนมแม่ สาขาตลาดกัลปพฤกษ์,ขนมแม่ สาขาตลาดกัลปพฤกษ์,Bang Khae District,Restaurant,no,Low,0,,,,,openstreetmap,1,+66655403177,ตลาดกัลปพฤกษ์,10160,overture (meta),overture:35990e38-d7bf-4bbc-a541-6881469b2ee7
khamoumiumiu2560@gmail.com,ขาหมู มิวมิว,ขาหมู มิวมิว,Bang Khae District,Restaurant,no,Low,0,,,,,openstreetmap,1,+66817507749,495 21 Bang Waek Rd,10160,overture (meta),overture:67933a26-5ad9-4ddd-96f6-a384c4450466
kamoolangwang@gmail.com,ขาหมูหลังวัง,ขาหมูหลังวัง,Bang Khae District,Restaurant,no,Low,0,,,,,openstreetmap,1,+66896668855,,,overture (meta),overture:6bab8273-489f-4296-8a92-be803608478e
oatinternetcafe6161@gmail.com,ข้าวปั้นบ้านซูชิ กัลปพฤกษ์,ข้าวปั้นบ้านซูชิ กัลปพฤกษ์,Bang Khae District,Asian; Sushi,no,Low,0,,,,,openstreetmap,1,+66655516529,ปั๊มบางจาก สาทร-กัลปพฤกษ์,10150,overture (meta),overture:de772186-34f9-4325-a11b-3377cd04f658
navapornbaby@gmail.com,ข้าวมันไก่สาย 2,ข้าวมันไก่สาย 2,Bang Khae District,Asian,no,Low,0,,,,,openstreetmap,1,+6624552728,40/15 หมู่ 10 ถนนพุทธมณฑลสาย 2,10160,overture (meta),overture:5475fcf4-2eac-45d5-b693-29e85d0bfea9
annannka6@gmail.com,ข้าวมันไก่สิงคโปร์ เจิน ห่าวชือ-เพชรเกษม,ข้าวมันไก่สิงคโปร์ เจิน ห่าวชือ-เพชรเกษม,Bang Khae District,Restaurant,no,Low,0,,,,,openstreetmap,1,+66651966323,316 ถนน บางบอน 3,10160,overture (meta),overture:ba9fee98-a438-41b0-8a8d-6295a5790200
somjit_ta@hotmail.com,ข้าวหอม Coffee,ข้าวหอม Coffee,Bang Khae District,Restaurant,no,Low,0,,,,,openstreetmap,1,+66891159521,สุขาภิบาล 1 แขวงบางแค เขตบางแค,10160,overture (meta),overture:6d7d2007-941b-42e4-8cd5-f7759bfb471d
armkasak@hotmail.com,ข้าวเหนียวมะม่วง R-arm,ข้าวเหนียวมะม่วง R-arm,Bang Khae District,Asian; Thai,no,Low,0,,,,,openstreetmap,1,+66909846298,,,overture (meta),overture:d024577d-eb3d-446e-8c22-19acdfd836ed
basicdash@gmail.com,ครัวครูตุ๊ก,ครัวครูตุ๊ก,Bang Khae District,Bakery,no,Low,0,,,,,openstreetmap,1,+66855014795,"13,15 หมู่ 4 ปากทางหมู่บ้านเศรษฐกิจ ถนนเพชรเกษม",10160,overture (meta),overture:b48ad548-a4be-440a-9701-58049fcbb392
leena.kae199@gmail.com,ครัวคุณป้า,ครัวคุณป้า,Bang Khae District,Asian,no,Low,0,,,,,openstreetmap,1,+66917789151,110 ซอยบางแวก 158,10160,overture (meta),overture:3d592d47-311d-4e25-bec3-d1b209db7035
city_seed@hotmail.com,ครัวจันทร์,ครัวจันทร์,Bang Khae District,Restaurant,no,Low,0,,,,,openstreetmap,1,+66967191719,ร้านครัวจันทร์ 401/12 ซ. เพชรเกษม 63,10160,overture (meta),overture:cbadc3b0-19ed-47ec-8575-c49a7176b8bf
natasata2525kung@gmail.com,ครัวจุดเกิดเหตุ ร้านลับบางขุนเทียน แคมป์ปิ้งนั่งชิล,ครัวจุดเกิดเหตุ ร้านลับบางขุนเทียน แคมป์ปิ้งนั่งชิล,Bang Khae District,Restaurant,no,Low,0,,,,,openstreetmap,2,+66850985430,48  ถนนศาลธนบุรี แขวงบางหว้า เขตภาษีเจริญ,10160,overture (meta),overture:fddb1c0a-cca2-4da5-8879-36d4e2d397c5
pornnithit@gmail.com,ครัวตายาย,ครัวตายาย,Bang Khae District,Restaurant,no,Low,0,,,,,openstreetmap,1,+66638755878,16 เพชรเกษม 92,10160,overture (meta),overture:aaed800e-d217-44c2-96c1-7e0de677634f
kaloneman285@gmail.com,ครัวหญิงลี,ครัวหญิงลี,Bang Khae District,Restaurant,no,Low,0,,,,,openstreetmap,1,+66954292262,98 ถนน เพชรเกษม,10160,overture (meta),overture:30cb627e-227c-4b2f-9715-ebd3b426c98b
jakkitr134@gmail.com,ครัวหมีแดง,ครัวหมีแดง,Bang Khae District,Asian; Thai,no,Low,0,,,,,openstreetmap,1,+66896764677,Kanlapaphruek Rd,10160,overture (meta),overture:a0c081b7-80c5-4e7e-a5e5-d366f461d948
kruapeangfun@gmail.com,ครัวเพียงฝัน,ครัวเพียงฝัน,Bang Khae District,Restaurant,no,Low,0,Local,,https://lin.ee/eKahtf9,support@wongnai.com,openstreetmap,1,+66657062933,ปั๊มบางจาก Phutthamonthon Sai 3 Alley,10160,overture (meta),overture:2c816cf3-4a26-470b-b504-1c924bc8163e
b_namthip555@hotmail.com,ครัวแม่หญิงbyเชฟบอย,ครัวแม่หญิงbyเชฟบอย,Bang Khae District,Restaurant,no,Low,0,,,,,openstreetmap,1,+66952896399,274 Phet Kasem 84 Alley,10160,overture (meta),overture:d480e8d5-b6c2-4a30-a242-708f5e253ce2
horchialinthong@gmail.com,คั่วไก่หอเจี๊ยะลิ้นทอง,คั่วไก่หอเจี๊ยะลิ้นทอง,Bang Khae District,Asian; Thai,no,Low,0,Local,,https://www.wongnai.com/users/390a00cb38304fc79be9da1a6377341c/photos,support@wongnai.com,openstreetmap,1,+66806848468,584 Bang Khae Rd,10160,overture (meta),overture:b702ea8d-eaaf-4d39-a582-f68d530d31b9
khunyol@kruakhuntoy.com,คุณต้อย บางแค,คุณต้อย บางแค,Bang Khae District,Cafe,no,Low,0,Local,,http://www.kruakhuntoy.com/,,venue website,2,+6624442141,,,overture (meta),overture:97815b55-b457-4676-845a-b3583ecf3fca
eiceairada@gmail.com,คุณอ้อ ก๋วยจั๊บน้ำข้น,คุณอ้อ ก๋วยจั๊บน้ำข้น,Bang Khae District,Asian; Thai,no,Low,0,Local,,https://www.wongnai.com/r/528990pV,rangnarak@icloud.com; mokkaisiam1@gmail.com; anchanterrace@gmail.com; banchiangsai2@gmail.com; thanakrit.marc@gmail.com; sketlovely.25@gmail.com,openstreetmap,1,+66919926925,389 ถนน พุทธมณฑลสาย 2,10160,overture (meta),overture:5b07e3bc-4a79-4f49-a921-0409f5e45d5f
chittchanokjai@gmail.com,จานโตป้าหนูตามสั่ง,จานโตป้าหนูตามสั่ง,Bang Khae District,Asian; Thai,no,Low,0,,,https://www.wongnai.com/restaurants/341840nP-จานโต-ป้าหนูอาหารตามสั่ง,,openstreetmap,1,+66963103919,3 Bang Khae Rd,10160,overture (meta),overture:9fa871b8-bbd0-491d-bb3f-32a5f715781b
jirawat2543@gmail.com,จิรวัฒน์ อุปกรณ์เบเกอรี่,จิรวัฒน์ อุปกรณ์เบเกอรี่,Bang Khae District,Bakery,no,Low,0,Local,,https://sites.google.com/view/jirawatbangkhae?usp=sharing,,openstreetmap,1,+6624559453,176 ถนน เพชรเกษม,10160,overture (meta),overture:e4efc00e-4bc8-46b2-b4f9-c64fc87fd6b9
sofeeyaju@gmail.com,จุฑาเทพ กาแฟโบราณ & นมสด,จุฑาเทพ กาแฟโบราณ & นมสด,Bang Khae District,Restaurant,no,Low,0,,,,,openstreetmap,1,+66947916628,129/3 ถนน หมู่บ้านเศรษฐกิจ,10160,overture (meta),overture:824805e5-5187-4624-925d-2f03368c9472
gubigmoe2544@hotmail.com,จ๋อยก๋วยเตี๋ยวแชมป์,จ๋อยก๋วยเตี๋ยวแชมป์,Bang Khae District,Asian; Japanese,no,Low,0,,,,,openstreetmap,1,+66925920674,742 Thanon Kanchanaphisek,10160,overture (meta),overture:913b8d77-1655-41a8-b480-d165de404c82
choy_duck@hotmail.com,ฉ่อยเป็ดย่าง,ฉ่อยเป็ดย่าง,Bang Khae District,Asian; Thai,no,Low,0,Local,,https://www.choypedyang.com/,,openstreetmap,1,+66863118131,"9/19, ถนนพุทธมณฑลสาย 2",10160,overture (meta),overture:cd67c360-468a-47e0-9e6f-fee769bdcee1
chorpowkung@gmail.com,ช.เผากุ้ง,ช.เผากุ้ง,Bang Khae District,Restaurant,no,Low,0,,,,,openstreetmap,1,+66922924419,1199 ซอยชุมชน,10160,overture (meta),overture:17255fe0-a8f7-43ca-a925-139bfed949c2
chaicharoen90s@gmail.com,ชัยเจริญ 90’s - Chai Charoen 90’s Music and Restaurant,ชัยเจริญ 90’s - Chai Charoen 90’s Music and Restaurant,Bang Khae District,Restaurant,no,Low,0,,,,,openstreetmap,1,+66922794706,66 ซอยกาญจนาภิเษก 5/1 หลักสอง บางแค กรุงเทพ,10160,overture (meta),overture:47edca97-4f0b-45ff-b303-380dc3b46935
chachujang.online@gmail.com,ชาชูจัง by De Chote,ชาชูจัง by De Chote,Bang Khae District,Restaurant,no,Low,0,,,,,openstreetmap,1,+66984963888,16/1 เพชรเกษม 88,10160,overture (meta),overture:946e01ae-4a22-484f-a3c7-6826a9906999
chateeraks@gmail.com,ชาที่รักษ์ ชาสมุนไพร My Little Heart Made,ชาที่รักษ์ ชาสมุนไพร My Little Heart Made,Bang Khae District,Restaurant,no,Low,0,Local,,https://shopee.co.th/thanikaphongsabute,,openstreetmap,1,+66955493511,9 ถนน เพชรเกษม,10160,overture (meta),overture:b92b4c3b-65de-469d-9556-8792ec3c91e0
0922396449.vivo@gmail.com,ชานมอมยิ้ม,ชานมอมยิ้ม,Bang Khae District,Cafe,no,Low,0,,,,,openstreetmap,1,+66922396449,"80, 2 ถนน กัลปพฤกษ์",10160,overture (meta),overture:405e65a6-4a8c-43b9-acee-4dd83fdc2e80
jijare@hotmail.com,ชาบูฮองเฮา shabuhonghow ร้านอาหาร ชาบู  พุทธมณฑลสาย2 ตลาดสาย2 โต้รุ้ง,ชาบูฮองเฮา shabuhonghow ร้านอาหาร ชาบู  พุทธมณฑลสาย2 ตลาดสาย2 โต้รุ้ง,Bang Khae District,Asian; Chinese,no,Low,0,,,,,openstreetmap,1,+66992855300,108 ถนน พุทธมณฑลสาย 2,10160,overture (meta),overture:11b5dbb0-043f-4aa3-b71d-8a34e9712bdb
chuenchong2023@gmail.com,ชื่นชง หม่าล่า,ชื่นชง หม่าล่า,Bang Khae District,Restaurant,no,Low,0,,,,,openstreetmap,1,+66960561119,789 ซอยหมู่บ้านเก้าวัฒนาวิลล่า แขวงบางแคเหนือ เขตบางแค,10160,overture (meta),overture:24f149d4-35b5-4cb5-89cf-795bc8544c10
chonthaleybangkhae@gmail.com,ช้อนทะเล สาขาบางแค,ช้อนทะเล สาขาบางแค,Bang Khae District,Restaurant,no,Low,0,,,https://wongn.ai/4mctu,,openstreetmap,1,+66640651676,,,overture (meta),overture:fd89ede0-964d-4a44-a79b-00674632841e
sumsilp@hotmail.com,ซุ้มเฉลิมพระเกียรติ &กรอบรูป by ซุ้มศิลป์,ซุ้มเฉลิมพระเกียรติ &กรอบรูป by ซุ้มศิลป์,Bang Khae District,Asian; Thai,no,Low,0,Local,,http://sumsilp.tarad.com/index.php?lang=th&headername,sumsilp1@hotmail.com,openstreetmap,1,+66891857667,206 หมู่บ้านชัยมงคล ถ.กาญจนาภิเษก 008 แขวงบางแค เขตบางแค,10160,overture (meta),overture:83e7102b-251e-4093-9fe9-aa732d946c6a
crubbbar.sai2@gmail.com,ตลาดล่าง,ตลาดล่าง,Bang Khae District,Bar,no,Low,0,,,,,openstreetmap,1,,วินเทจโซน สนามหลวง2,10160,overture (meta),overture:68ec2305-aea0-41f7-b244-59816576593a
gibgab_9@hotmail.com,ตลาดหน้าหมู่บ้านเพชรเกษม 2 ใต้,ตลาดหน้าหมู่บ้านเพชรเกษม 2 ใต้,Bang Khae District,Restaurant,no,Low,0,,,,,openstreetmap,1,+6624545344,เพชรเกษม,,overture (meta),overture:870a739c-dd3c-4b5a-a529-cbccbf359ce3
aauumm191231@hotmail.com,ตำปากเบิร์น,ตำปากเบิร์น,Bang Khae District,Restaurant,no,Low,0,,,,,openstreetmap,1,+66959744771,42/14 158 Bang Waek Rd,10160,overture (meta),overture:29e8833e-d33e-4366-b0b6-c477ec23bbed
tuikhaotompla@gmail.com,ตุ้ยข้าวต้มปลา,ตุ้ยข้าวต้มปลา,Bang Khae District,Restaurant,no,Low,0,,,,,openstreetmap,1,+66957871684,"Thotsakan Junction Market, Krung Thep Maha Nakhon, จังหวัด กรุงเทพมหานคร 10160",10160,overture (meta),overture:dc253869-0517-4461-a1cb-fcb94640954b
channalmarket@outlook.co.th,ถังไอศครีม ถังไอติมและเครื่องปั่น ถังไอติมหลอด ราคาโรงงาน,ถังไอศครีม ถังไอติมและเครื่องปั่น ถังไอติมหลอด ราคาโรงงาน,Bang Khae District,Restaurant,no,Low,0,,,http://www.tcmarketstore.com/,,openstreetmap,1,+66818266264,1150 แขวงหลักสอง เขตบางแค,10160,overture (meta),overture:ba4ae25b-d6e6-47bd-ad60-08c9c77f81dd
thongmeekanomthai@gmail.com,ทองมีขนมไทย,ทองมีขนมไทย,Bang Khae District,Cafe,no,Low,0,,,,,openstreetmap,1,+66929310306,100 ถนน เทพารักษ์,10270,overture (meta),overture:b6c480ac-ec23-4852-8616-d09ebf22f4da
aumpa.chen@gmail.com,ทาโรต์คาเฟ่ พระราม3,ทาโรต์คาเฟ่ พระราม3,Bang Khae District,Cafe,no,Low,0,,,,,openstreetmap,1,+66611649255,308 ถนน พระราม 3,10120,overture (meta),overture:0fa5f538-37ea-4b59-8226-51894c2c3698
tanapron0897995414@gmail.com,ธนภรณ์หมูกะทะ,ธนภรณ์หมูกะทะ,Bang Khae District,Restaurant,no,Low,0,Local,,https://www.wongnai.com/r/386571bL,nongarh@yahoo.com; supawadee406666@gmail.com; thanakrit.marc@gmail.com; khungift.marracha@gmail.com; silapun.sunsanee@gmail.com,venue website,1,+66968294949,1730 174 หมู่บ้านพฤกษา61,10160,overture (meta),overture:66c44267-3214-45b7-968f-e48fa13411e4
oncloudmassage@gmail.com,นวดเพื่อสุขภาพ - by on cloud massage,นวดเพื่อสุขภาพ - by on cloud massage,Bang Khae District,Cafe,no,Low,0,,,,,openstreetmap,1,+66639294944,,,overture (meta),overture:3307e695-61d0-4732-83c0-2008a942ff05
wrawuth365642@gmail.com,นายอ้วนราดหน้าสุขสันต์6,นายอ้วนราดหน้าสุขสันต์6,Bang Khae District,Restaurant,no,Low,0,,,,,openstreetmap,1,+66984424796,นายอ้วนราดหน้าสุขสันต์6 005 ซอยกาญจนาภิเษก,10160,overture (meta),overture:369c17b2-0273-4569-a468-470c40bbdbe3
bankmyname1414@gmail.com,นายแบงค์หมูกรอบ,นายแบงค์หมูกรอบ,Bang Khae District,Restaurant,no,Low,0,,,,,openstreetmap,1,+66613829453,1759 Phet Kasem Rd,10160,overture (meta),overture:a36fee35-973a-4ff6-9c82-bd1a7a0cbd8e
wannapha.chantaboot@gmail.com,น้านากล้วย ข้าวเหนียวปิ้ง,น้านากล้วย ข้าวเหนียวปิ้ง,Bang Khae District,Restaurant,no,Low,0,,,,,openstreetmap,1,+66900917164,304ก5 Setthakit 22-7 Alley,10160,overture (meta),overture:8276b4f8-f189-41fb-8149-1515781755ad
umaporn.ko164@gmail.com,น้ำเต้าหู้ By ส้มจัง,น้ำเต้าหู้ By ส้มจัง,Bang Khae District,Restaurant,no,Low,0,,,,,openstreetmap,1,+66913331829,6 เศรษฐกิจ 33,10160,overture (meta),overture:61c9e845-88a0-4ef5-b840-4707367082fb
paul_duvall@hotmail.com,บ านไม งาม,บ านไม งาม,Bang Khae District,Asian; Thai,no,Low,0,,,,,openstreetmap,1,+66819135610,93 เพชรเกษม 78,10160,overture (meta),overture:f92f0fbd-8013-4053-8e3a-b8ccca4261fd
wanpen1987w@gmail.com,บทกวีของการเติบโต,บทกวีของการเติบโต,Bang Khae District,Restaurant,no,Low,0,,,,,openstreetmap,1,,124 ถนน เทอดไท,10160,overture (meta),overture:241e87f8-1ea3-443e-b8ac-62745e5ed0ac
vorasiri.inter65@gmail.com,บริษัท วรสิริ อินเตอร์ ฟู้ดส์ จำกัด-สำนักงานใหญ่,บริษัท วรสิริ อินเตอร์ ฟู้ดส์ จำกัด-สำนักงานใหญ่,Bang Khae District,Restaurant,no,Low,0,,,,,openstreetmap,1,+66894400404,3 หมู่บ้านสุขสันต์ 6,10160,overture (meta),overture:74c498f5-36c8-4125-9ca8-4809b0ea1992
vee8000@gmail.com,บะหมี่พันล้าน,บะหมี่พันล้าน,Bang Khae District,Restaurant,no,Low,0,,,,,openstreetmap,1,+66923924546,4 พุทธมณฑลสาย 2 ซอย 7,10160,overture (meta),overture:613d41d1-c0b4-4af1-ba80-2e13554bdc54
armlovejet2559@gmail.com,บังฟา อาหาร ฮาลาล,บังฟา อาหาร ฮาลาล,Bang Khae District,Restaurant,no,Low,0,,,,,openstreetmap,1,+66899948860,3 ถนน กาญจนาภิเษก,10160,overture (meta),overture:c5dec8aa-fabd-4051-8087-6bfe7456857c
ponetong.nuy@gmail.com,บังเอิญโรตี อัสสัมชัญธนบุรี,บังเอิญโรตี อัสสัมชัญธนบุรี,Bang Khae District,Cafe,no,Low,0,,,,,openstreetmap,1,+66959946610,ปากซอย อัสสัมชัญ3,10160,overture (meta),overture:41628378-36eb-4727-991e-5d4e0df0fad0
lumkakitphanid@gmail.com,บางบัวลอยโฮมเมด,บางบัวลอยโฮมเมด,Bang Khae District,Ice cream,no,Low,0,,,,,openstreetmap,2,+66889728191,56 ซอย เพชรเกษม 63,10160,overture (meta),overture:15d2e31e-6894-4b5c-8efb-b18d6390b8f6
beandbiwbakery@gmail.com,บีแอนด์บิว เบเกอรี่,บีแอนด์บิว เบเกอรี่,Bang Khae District,Bakery,no,Low,0,,,,,openstreetmap,1,+6628081283,"262, วงเวียน 1 ถนนหมู่บ้านเศรษฐกิจ",10160,overture (meta),overture:59dcd164-53d5-4043-9c5f-6193495b62d4
kodung.nomsod@gmail.com,บุษบา แกงเช้า บาร์เย็น,บุษบา แกงเช้า บาร์เย็น,Bang Khae District,Cafe,no,Low,0,,,,,openstreetmap,2,+66917273603,951 ถนน เอกชัย,10150,overture (meta),overture:402a0287-a6f3-4541-9631-cc546df3b177
nukamolthip@gmail.com,บ้านชานม,บ้านชานม,Bang Khae District,Restaurant,no,Low,0,,,,,openstreetmap,1,+66654692446,115 ถนน ศิริเกษม,10160,overture (meta),overture:870b065b-4a3d-4cfb-aa65-89627feae93f
bangkokvictoria31@gmail.com,บ้านบางกอก สาขา วิคตอเรีย การ์เด้นส์,บ้านบางกอก สาขา วิคตอเรีย การ์เด้นส์,Bang Khae District,Restaurant,no,Low,0,,,,,openstreetmap,1,+66946458630,ห้อง G113-G114/1 1871 1869/2-8,10160,overture (meta),overture:0221955c-7a7d-4d99-ae0e-a86040b0470c
may24patcha@gmail.com,บ้านสวนก๋วยเตี๋ยวห้อยขา Garden House,บ้านสวนก๋วยเตี๋ยวห้อยขา Garden House,Bang Khae District,Restaurant,no,Low,0,,,,,openstreetmap,1,+66656922068,46 ถนน หมู่บ้านเศรษฐกิจ,10160,overture (meta),overture:8f39e78e-2003-4b3e-aee9-6c4d7b6ea97f
bansomtum_soi29@hotmail.com,บ้านส้มตำ ซอย29,บ้านส้มตำ ซอย29,Bang Khae District,Asian; Thai,no,Low,0,,,,,openstreetmap,1,+66918196505,,,overture (meta),overture:38c19b30-08c0-43d0-9226-c71b97bf4cce
arm19702@gmail.com,บ้านเมี่ยงปลาเผา สาขาถนนบางแค,บ้านเมี่ยงปลาเผา สาขาถนนบางแค,Bang Khae District,Asian; Thai,no,Low,0,,,,,openstreetmap,1,+66636505196,385 19 Bang Khae Rd,10160,overture (meta),overture:5ce2a95f-957b-4dc2-922f-1f25e6fe491e
meeginpla@gmail.com,บ้านแม่พลอย บะหมี่หมูย่าง สูตรโฮมเมด,บ้านแม่พลอย บะหมี่หมูย่าง สูตรโฮมเมด,Bang Khae District,Asian; Thai,no,Low,0,,,,,openstreetmap,1,+66855429666,,,overture (meta),overture:133d801a-f60f-41ea-96c4-e95c32ac46a1
pcsport88@gmail.com,บ้านโรตี จรัญ 13,บ้านโรตี จรัญ 13,Bang Khae District,Restaurant,no,Low,0,,,,,openstreetmap,1,+66929210033,314 ถนน บางแวก,10160,overture (meta),overture:89660a74-e4ba-455e-939e-9cbfacc7c650
moddangnaka1981@gmail.com,ป.อุบล หมูยอชนะเลิศ ปั๊มบางจาก พุทธมณฑลสาย3,ป.อุบล หมูยอชนะเลิศ ปั๊มบางจาก พุทธมณฑลสาย3,Bang Khae District,Restaurant,no,Low,0,,,,,openstreetmap,1,+66654587887,83 พุทธมณฑลสาย 3,10160,overture (meta),overture:e6c85f7e-4f55-4bf9-9a54-a666da01c187
teynoi999@gmail.com,ปังเศรษฐกิจ41 ชาร้านปัง,ปังเศรษฐกิจ41 ชาร้านปัง,Bang Khae District,Takeaway,no,Low,0,,,,,openstreetmap,1,+66615785118,เศรษฐกิจ,10160,overture (meta),overture:1cf58407-9942-4ec1-9a62-a6ceaad00e10
pumpuy-9@hotmail.com,ปุ้มปุ้ย ลาบร้อยเอ็ด,ปุ้มปุ้ย ลาบร้อยเอ็ด,Bang Khae District,Restaurant,no,Low,0,,,,,openstreetmap,1,+66654514599,1937/2 ถ.เพชรเกษม63 แขวงหลักสอง เขตบางแค,10160,overture (meta),overture:45d3c8f5-0786-41eb-9a35-f546b3eac96a
attapon31052564@outlook.co.th,ปูอัดยำสาหร่ายไข่กุ้ง,ปูอัดยำสาหร่ายไข่กุ้ง,Bang Khae District,Asian; Japanese,no,Low,0,Local,,http://www.bangwainterfoods.com/,bangwa.interfood@gmail.com,openstreetmap,1,+66917569576,88/214 สําเพ็ง 2,10160,overture (meta),overture:fa58d0d2-c605-45b6-8ddb-6f4e72f5fc18
tong.dvine@gmail.com,ป้าเต็มไก่ทอด,ป้าเต็มไก่ทอด,Bang Khae District,Restaurant,no,Low,0,,,,,openstreetmap,1,+66658157618,ทองหล่อ ซอย 7,10110,overture (meta),overture:344cf3ec-b747-44b3-a891-abdec9b9dafe
nattapong.sta@gmail.com,ผัดไทย ยืนหนึ่ง,ผัดไทย ยืนหนึ่ง,Bang Khae District,Asian; Thai,no,Low,0,,,,,openstreetmap,1,+66830795474,3 หมู่บ้านสุขสันต์ 6,10160,overture (meta),overture:83b6de3c-402f-4732-bef3-4ecb0ee035b9
pueng.c29@gmail.com,ผึ้งสร่าง,ผึ้งสร่าง,Bang Khae District,Restaurant,no,Low,0,,,,,openstreetmap,1,+66955532781,13.7128359 100.4069951 ผึ้งสร่าง,10160,overture (meta),overture:1ad9232c-941f-46ef-a30c-a7591dd54698
0994470045one@gmail.com,พรชัยข้าวมันไก้,พรชัยข้าวมันไก้,Bang Khae District,Cafe,no,Low,0,,,,,openstreetmap,1,+66837591207,ถนนเพรชเกษมเขตบางแคแขวงบางแคเหนือ,10160,overture (meta),overture:16f2e7dd-7ead-4830-91b9-233277353b8b
world123469@gmail.com,พอดี ก๋วยเตี๋ยวหมูต้มยำ,พอดี ก๋วยเตี๋ยวหมูต้มยำ,Bang Khae District,Asian; Japanese,no,Low,0,,,,,openstreetmap,1,+66865613856,เลขที่ 396 Thanon PhutthaMonthon Sai 2,10160,overture (meta),overture:aea5c016-69d2-4298-acf6-d54d95a11613
b.nopshut@gmail.com,พุงกาง ข้าวมันไก่,พุงกาง ข้าวมันไก่,Bang Khae District,Restaurant,no,Low,0,,,,,openstreetmap,1,+66969792455,1511 113 ซอย เพชรเกษม 63,10160,overture (meta),overture:8db6abe3-045a-41b2-be62-cb89890042c3
mashitagrill.th@gmail.com,มาชิตะGrill กาญจนาภิเษก,มาชิตะGrill กาญจนาภิเษก,Bang Khae District,Restaurant,no,Low,0,,,,,openstreetmap,2,+66622493410,3 ถนน กาญจนาภิเษก,10160,overture (meta),overture:d6b6d988-1c20-4f22-a2cc-9d47a7db9d00
stadcham16@gmail.com,มุมหอมแก้ม Bar&restaurant สาย3,มุมหอมแก้ม Bar&restaurant สาย3,Bang Khae District,Asian; Thai,no,Low,0,,,,,openstreetmap,1,,83 พุทธมณฑลสาย 3,10160,overture (meta),overture:9f2b52ea-437b-44b1-83cf-9e69ecba2ad6
ouridea.2012@gmail.com,ยายปิ้ง ตาชง,ยายปิ้ง ตาชง,Bang Khae District,Cafe,no,Low,0,,,,,openstreetmap,1,+66869840952,35 ถนน หมู่บ้านเศรษฐกิจ,10160,overture (meta),overture:b279c881-9379-4773-a26f-e8dfba2b6389
bannok_10@hotmail.com,ยำ Yum ยำ เศรษฐีวิลล์ ซอยหนองใหญ่,ยำ Yum ยำ เศรษฐีวิลล์ ซอยหนองใหญ่,Bang Khae District,Asian; Thai,no,Low,0,Local,,https://www.wongnai.com/restaurants/494047Hy-%E0%B8%A2%E0%B8%B3-yum-%E0%B8%A2%E0%B8%B3,tanasukant@hotmail.com; nongarh@yahoo.com; bee_mai555@hotmail.com; galleyrestaurant.bkk@gmail.com; lngfood.explace@gmail.com,venue website,1,+66800584401,19/160 หมู่9 หมู่บ้านเศรษฐีวิลล์ ซอย บางแค14(คลองหนองใหญ่),10160,overture (meta),overture:d9db1a51-55b8-4b98-9db3-7a9b77fa71a9
teerapat.tum99@gmail.com,ยำติดปาก,ยำติดปาก,Bang Khae District,Restaurant,no,Low,0,,,,,openstreetmap,1,+66818222345,รัชดาภิเษก,10160,overture (meta),overture:5a5faaac-62cb-4493-82ee-f068867dac92
yangmua.bangkae@gmail.com,ย่างมั่ว ปิ้งย่างจิ้มจุ่มน้ำดำ,ย่างมั่ว ปิ้งย่างจิ้มจุ่มน้ำดำ,Bang Khae District,Restaurant,no,Low,0,,,,,openstreetmap,1,+66894154451,ถนนบางแค แขวงบางแค เขตบางแค,10160,overture (meta),overture:6e9d7430-5c91-4cf7-a8db-dcd0dd7f2e97
rungnokcafe@gmail.com,รังนก คาเฟ่ พุทธมณฑลสาย3,รังนก คาเฟ่ พุทธมณฑลสาย3,Bang Khae District,Restaurant,no,Low,0,,,,,openstreetmap,1,+66837735810,,10160,overture (meta),overture:4649d8ac-d3f9-457d-9072-b6e01d1727fd
nidkittyy.pp@gmail.com,รับซื้อ ขายฝาก จำนอง คอนโด ที่ดิน กรุงเทพและ ปริมณฑล,รับซื้อ ขายฝาก จำนอง คอนโด ที่ดิน กรุงเทพและ ปริมณฑล,Bang Khae District,Seafood,no,Low,0,,,,,openstreetmap,1,+66865265423,7 ถนน หมู่บ้านเศรษฐกิจ,10160,overture (meta),overture:8daa78a0-3776-42df-9ab1-0e1182d01cc3
racha-hmu-thod@hotmail.com,ราชา หมูทอด -ไตเติ้ล-,ราชา หมูทอด -ไตเติ้ล-,Bang Khae District,Restaurant,no,Low,0,,,,,openstreetmap,1,+66643536646,762 ถนน บางแค,10160,overture (meta),overture:878a5c90-2021-45aa-81e2-c07284fc3c4e
innimet@gmail.com,ราชากะเพรา Racha-Kaprao,ราชากะเพรา Racha-Kaprao,Bang Khae District,Restaurant,no,Low,0,,,,,openstreetmap,1,+66850466663,เลียบคลองทวีวัฒนา,10160,overture (meta),overture:52e26fb9-e877-4bd9-bfc1-5a5968a44727
pipatsorn.b@gmail.com,ร้านกะเพราแซ่บ,ร้านกะเพราแซ่บ,Bang Khae District,Asian; Thai,no,Low,0,,,https://line.me/ti/p/GoA1QFBWsR,,openstreetmap,2,+66971944417,87/76 หมู่บ้านรูบิคคิวส์ ซ.เพชรเกษม81/6 แขวงหนองค้างพลู เขตหนองแขม กทม.,10160,overture (meta),overture:5f957858-5f5d-4bf3-8924-4f049e587f98
pungthongaumyai@gmail.com,ร้านกาแฟคุณผึ้ง,ร้านกาแฟคุณผึ้ง,Bang Khae District,Cafe,no,Low,0,,,,,openstreetmap,1,+66831371540,94 Thanon Siri Kasem,10160,overture (meta),overture:307def1d-c70b-49a9-ab83-c9ace42ddd3f
heyboatnoodles@gmail.com,ร้านก๋วยเตี๋ยวเรือปัทมา,ร้านก๋วยเตี๋ยวเรือปัทมา,Bang Khae District,Restaurant,no,Low,0,,,,,openstreetmap,1,+66954925980,,,overture (meta),overture:a5231214-fbdb-4a1b-83c6-a8b9f1b6c63e
aik_11_11_26@hotmail.com,ร้านก๋วยเตี๋ยวไก่เจ้แดง,ร้านก๋วยเตี๋ยวไก่เจ้แดง,Bang Khae District,Restaurant,no,Low,0,,,,,openstreetmap,1,+66851809504,86/10,74000,overture (meta),overture:5af02cda-9062-4ed7-a7f9-56e95dc99f6d
dada.0860017878@gmail.com,ร้านข้าวก๊ะเตี๋ยว,ร้านข้าวก๊ะเตี๋ยว,Bang Khae District,Restaurant,no,Low,0,,,,,openstreetmap,1,+66653035454,\n\n\n\nซ.สาธุประดิษฐ์19,10120,overture (meta),overture:8b649fa2-e493-41f0-bdc5-778f99e10501
sumalee11258@gmail.com,ร้านข้าวขาหมูเจ๊ต้อย,ร้านข้าวขาหมูเจ๊ต้อย,Bang Khae District,Asian; Thai,no,Low,0,,,,,openstreetmap,1,+66639396469,199 ถนน พุทธมณฑลสาย 2,10160,overture (meta),overture:2f9b3af3-adb9-4a93-8989-86f516a398ca
pee081923@gmail.com,ร้านข้าวหมูทอดpjp,ร้านข้าวหมูทอดpjp,Bang Khae District,Restaurant,no,Low,0,,,,,openstreetmap,1,+66917635484,,,overture (meta),overture:9a6b3bba-3a86-4f66-9060-7e350a055c13
kurakarn.bkk@gmail.com,ร้านครัวกาญจน์ - แกงป่า,ร้านครัวกาญจน์ - แกงป่า,Bang Khae District,Asian; Thai,no,Low,0,,,,,openstreetmap,1,+66886694242,228 ถนนบางแค แขวงบางแค เขตบางแค,10160,overture (meta),overture:d3a0f6a7-ea33-445d-a6df-7eacfdc0617f
boomchickenrice@gmail.com,ร้านบูมข้าวมันไก่ สาขาสวนผัก,ร้านบูมข้าวมันไก่ สาขาสวนผัก,Bang Khae District,Takeaway,no,Low,0,,,,,openstreetmap,1,+66858252447,7/9 หมู่ 2 ถนนกรุงนนท์-จงถนอม ต.มหาสวัสดิ์ อ.บางกรวย จ.นนทบุรี 11130,11130,overture (meta),overture:5e578240-1e3d-4648-a60a-3e42acfaaeda
djkosystem046@gmail.com,ร้านผลไม้ดีเจโก้แยกหนองใหญ่,ร้านผลไม้ดีเจโก้แยกหนองใหญ่,Bang Khae District,Restaurant,no,Low,0,,,,,openstreetmap,1,+66977823236,แยกหนองใหญ่,10160,overture (meta),overture:1c92a9e6-dedd-43af-94be-cbac1e6a8807
aitt@live.com,ร้านผัดไทยนายพัต,ร้านผัดไทยนายพัต,Bang Khae District,Restaurant,no,Low,0,,,,,openstreetmap,1,+66990160777,888 8 ถ. บางบอน 3,10160,overture (meta),overture:6ba51d23-bbe2-477e-9ef5-6c3d3dab53e1
familysoi8@gmail.com,ร้านพี่กะน้อง..อาหารตามสั่ง,ร้านพี่กะน้อง..อาหารตามสั่ง,Bang Khae District,Asian; Thai,no,Low,0,,,,,openstreetmap,1,+66942059941,ประชาชื่นซอย 8 (ตรงข้าม ม.ธุรกิจฯ),10160,overture (meta),overture:5160a492-4246-485c-873b-a64facbf79d0
bellwawa.bell@gmail.com,ร้านย่าตุ้ยต้มเลือดหมู,ร้านย่าตุ้ยต้มเลือดหมู,Bang Khae District,Restaurant,no,Low,0,,,,,openstreetmap,1,+66890540576,44 48 ถนนอัสสัมชัญ,10160,overture (meta),overture:fb333c91-025c-4305-ae59-945305cc5ce5
nutpisis@gmail.com,ร้านรสติดลิ้น,ร้านรสติดลิ้น,Bang Khae District,Takeaway,no,Low,0,,,,,openstreetmap,1,+66873333515,พุทธมณฑล​สาย3,10160,overture (meta),overture:ef569d43-5dcf-4d35-9836-3dabaeba57b1
peng_peng9999@hotmail.com,ร้านสินสมบูรณ์ (ตรงข้ามโลตัสบางแค),ร้านสินสมบูรณ์ (ตรงข้ามโลตัสบางแค),Bang Khae District,Cafe,no,Low,0,,,https://www.sinsombooncoffee.com,,openstreetmap,1,+6624132702,ตรงข้ามโลตัสบางแค ถ.เพชรเกษม,10160,overture (meta),overture:199c596b-b367-4031-8481-5e7600cab818
narongrit.phi@gmail.com,ร้านหมึกย่างจิ้มเด็ด,ร้านหมึกย่างจิ้มเด็ด,Bang Khae District,Restaurant,no,Low,0,,,,,openstreetmap,1,+66639869429,67 Thanon Nakhon Lung,10160,overture (meta),overture:bc1743ed-0de4-45b2-9646-e9b0219f639f
chd.mooyong@gmail.com,ร้านหมูหยองโชคดี เบ้ไฮ้ลิ้ม สาขาศาลเจ้าพ่อเสือ,ร้านหมูหยองโชคดี เบ้ไฮ้ลิ้ม สาขาศาลเจ้าพ่อเสือ,Bang Khae District,Cafe,no,Low,0,,,,,openstreetmap,1,+66639196991,484 ศาลเจ้าพ่อเสือ,10200,overture (meta),overture:0ebc1821-99a0-4b2a-920a-4fc2037a1be9
romeo_th9@hotmail.com,ร้านหิวนม,ร้านหิวนม,Bang Khae District,Cafe,no,Low,0,,,,,openstreetmap,1,+66894871496,9/31 สุขาภิบาล 1,10160,overture (meta),overture:45511785-e270-49bf-b7ff-f937d589e3b1
popza108@gmail.com,ร้านอาหารครัวแม่คุณ,ร้านอาหารครัวแม่คุณ,Bang Khae District,Restaurant,no,Low,0,,,,,openstreetmap,1,+66641796445,108 ถนน เพชรเกษม,10160,overture (meta),overture:5524e594-3cf6-485f-9273-04d99386ef23
letemps.bkk@gmail.com,ร้านอาหารเลอทอง เลอท่ง Le Temps Bar & Restaurant,ร้านอาหารเลอทอง เลอท่ง Le Temps Bar & Restaurant,Bang Khae District,Asian; Thai,no,Low,0,,,,,openstreetmap,1,+66970392910,4 ถนน กาญจนาภิเษก,10160,overture (meta),overture:491902f8-bae6-427c-9e6b-48fea60c19fc
camokio16@gmail.com,ร้านแกงป้าดา,ร้านแกงป้าดา,Bang Khae District,Restaurant,no,Low,0,,,,,openstreetmap,1,+66618263642,ซอย3 ล็อก3 ตลาดนัดหน้า หมู่บ้านเศรษฐกิจซอย2 เลขที่ 341 Phet Kasem Rd,10160,overture (meta),overture:922f5afb-dc18-4dbe-8a11-57a5b69bc345
khunnut.t@hotmail.com,ร้านแซ่บลืมผัว,ร้านแซ่บลืมผัว,Bang Khae District,Restaurant,no,Low,0,,,,,openstreetmap,1,+66870061246,,10160,overture (meta),overture:1f46ae63-52dd-4b78-b655-63f4c5a78309
sripearalone@gmail.com,ลวกจิ้มเดินสั่ง ชาบูเดินแดก,ลวกจิ้มเดินสั่ง ชาบูเดินแดก,Bang Khae District,Restaurant,no,Low,0,,,,,openstreetmap,1,+66618583232,ซอย 4,10160,overture (meta),overture:03f0fcb2-c0a5-4e40-9df1-b1c1d82db8bc
petsuntaree2008@gmail.com,ลาบเป็ดอุบลฯbyป้านงค์,ลาบเป็ดอุบลฯbyป้านงค์,Bang Khae District,Restaurant,no,Low,0,,,,,openstreetmap,1,+66879231436,59 26 Phet Kasem Rd,10160,overture (meta),overture:6bff115c-3020-4f73-b0f1-a48f10e7d2a6
kameta.center@gmail.com,ลาภเลิศ byเคมีตะ (ร้านอาหารอีสานรสเด็ด),ลาภเลิศ byเคมีตะ (ร้านอาหารอีสานรสเด็ด),Bang Khae District,Restaurant,no,Low,0,,,,,openstreetmap,1,+66919614249,1745 Phet Kasem 65/2 Alley,10160,overture (meta),overture:6a7850db-7737-4f45-a2f7-54205ebd26db
ap-amezon@outlook.com,ลึกลับ หมูกระทะ,ลึกลับ หมูกระทะ,Bang Khae District,Asian; Thai,no,Low,0,,,,,openstreetmap,1,+66949469946,123 ถ. ราชมนตรี,10160,overture (meta),overture:ba3654a3-37d3-4701-90fa-d8f1365aa513
nichnanthphea@gmail.com,สตาร์ ชา ชานมแท้ เด่นนคร,สตาร์ ชา ชานมแท้ เด่นนคร,Bang Khae District,Cafe,no,Low,0,,,,,openstreetmap,1,+66808019920,609 3 ซ. เพชรเกษม 63,10160,overture (meta),overture:d45448dd-da21-4304-a8be-62d4520b22ff
5828boylovemomo@gmail.com,สถานียำ-สุขสันต์6,สถานียำ-สุขสันต์6,Bang Khae District,Restaurant,no,Low,0,Local,,https://static.robinhood.in.th/app_link.html?URI=robinhoodth%3A%2F%2Fmerchantlanding%2Fid%2F261076,,openstreetmap,1,+66617162644,3 หมู่บ้านสุขสันต์ 6,10160,overture (meta),overture:c6cea73e-31e6-4a38-898c-eb09b081d185
kutnam.nod@hotmail.com,สมแบ๊วเบเกอรี่,สมแบ๊วเบเกอรี่,Bang Khae District,Cafe,no,Low,0,,,,,openstreetmap,1,+66812055585,612 ซอย มั่นมะโน,10160,overture (meta),overture:87bcb51e-0e55-4cb2-8725-777460dd6e1f
suanzapp@gmail.com,สวนแซบ,สวนแซบ,Bang Khae District,Restaurant,no,Low,0,,,,,openstreetmap,1,+66972459018,2 Thanon Kanchanaphisek,10160,overture (meta),overture:a42e3e88-ec50-4bc5-861e-543447166c19
sudnua_eli@outlook.com,สุดนัว,สุดนัว,Bang Khae District,Restaurant,no,Low,0,,,,,openstreetmap,1,+66840638803,กาญจนาภิเษก 003,10160,overture (meta),overture:b741ea28-b7a3-4ef5-a26b-90423d4a3e6b
naamo_28@hotmail.com,สเต็กฟิวส์แอนด์เฟรนด์,สเต็กฟิวส์แอนด์เฟรนด์,Bang Khae District,Restaurant,no,Low,0,,,,,openstreetmap,1,+66639693526,สเต็กฟิวส์&เฟรนด์ 5 Phuttha Monthon Sai 2 Soi 11,10160,overture (meta),overture:47658594-47aa-4af3-b4a5-ef8e408c93b5
somtum.inter2021@gmail.com,ส้มตำอินเตอร์ สุขสันต์6,ส้มตำอินเตอร์ สุขสันต์6,Bang Khae District,Restaurant,no,Low,0,,,,,openstreetmap,1,+66959529189,"13.69610° N, 100.40548° E",10160,overture (meta),overture:d4e6dcb9-313b-4b76-8b68-eb94e1f0f646
yingyai.bbq@gmail.com,หญิงใหญ่ หมูกระทะ,หญิงใหญ่ หมูกระทะ,Bang Khae District,Restaurant,no,Low,0,,,,,openstreetmap,1,+66639979553,ซ. เพชรเกษม 63,10160,overture (meta),overture:4908eb59-3b96-42e9-963c-f5e07fd725f6
kasama_lookkad@icloud.com,หมีมีหมึก,หมีมีหมึก,Bang Khae District,Restaurant,no,Low,0,,,,,openstreetmap,1,+66841245965,600 ซอย วงศาโรจน์,10160,overture (meta),overture:afd7403e-6784-4ec3-b53d-73913f06b728
gif.nack@gmail.com,หมูกะทะจิรภัทร เดลิเวอรี่ สาขาพุทธมณฑลสาย 2 ซอย 7,หมูกะทะจิรภัทร เดลิเวอรี่ สาขาพุทธมณฑลสาย 2 ซอย 7,Bang Khae District,Asian; Thai,no,Low,0,,,,,openstreetmap,1,+66999183025,4 พุทธมณฑลสาย 2 ซอย 7,10160,overture (meta),overture:959a1676-4f4a-4d46-967b-a201b3d617d1
saetaegusuma@gmail.com,หมูสะเต๊ะนายตง,หมูสะเต๊ะนายตง,Bang Khae District,Restaurant,no,Low,0,,,,,openstreetmap,1,+66992486995,หน้าหมู่บ้านแสงทอง ใกล้บิ๊กซีเพชรเกษม,10160,overture (meta),overture:25c96e3b-0095-45f8-8e13-b209c86263f2
natamon07112542@gmail.com,หมูอ้วนนมสด อินทราปัจ9,หมูอ้วนนมสด อินทราปัจ9,Bang Khae District,Restaurant,no,Low,0,,,,,openstreetmap,1,+66971541871,เพชรเกษม69,10160,overture (meta),overture:59f970b0-693a-4c47-88a5-5896d492723d
somchair2015@hotmail.com,หมูแดงคลองมอญ,หมูแดงคลองมอญ,Bang Khae District,Asian; Thai,no,Low,0,,,,,openstreetmap,1,+66825923647,161 ซอย นารถมนตเสวี 4,20000,overture (meta),overture:b8347191-8aa0-45ed-8bbc-20e7c3646822
numfon190935@gmail.com,หม่าล่าอีเหี่ยว,หม่าล่าอีเหี่ยว,Bang Khae District,Restaurant,no,Low,0,,,,,openstreetmap,1,+66933216639,บางแวก,10160,overture (meta),overture:d44c99af-8911-4fe2-9142-3e1ffc96008f
kim.napawan@gmail.com,หอมขนม Hom-Kha-Nom,หอมขนม Hom-Kha-Nom,Bang Khae District,Cafe,no,Low,0,,,,,openstreetmap,1,+66636519461,125 ถนน เพชรเกษม,10160,overture (meta),overture:90544706-2cbb-4c64-9d4d-99cd1a062d86
homchamm@gmail.com,หอมฉ่ำ,หอมฉ่ำ,Bang Khae District,Restaurant,no,Low,0,,,,,openstreetmap,1,+66924647476, เสนาคิทท์ เอ็มอาร์ที บางแค เฟส2 เลขที่ 942/65 ถนนเทอดไท แขวงบางแค เขตบางแค ,10160,overture (meta),overture:6f7d9bc2-899f-474f-895a-5b7091f65138
thidaratratchawong890@gmail.com,อั๊ยยะหมูกระทะ,อั๊ยยะหมูกระทะ,Bang Khae District,Restaurant,no,Low,0,,,,,openstreetmap,1,+66989566434,72 สุขาภิบาล 1,10160,overture (meta),overture:a9d7262a-887b-4171-824f-f6419ac143e4
inthanin.cl9819@gmail.com,อินทนิล บางบอน 3,อินทนิล บางบอน 3,Bang Khae District,Restaurant,no,Low,0,,,,,openstreetmap,1,+66922902555,100 ถนน บางบอน 3,10160,overture (meta),overture:9401475d-875c-4870-9921-b6695c5fb1b8
mjohnsoulmate@gmail.com,อิ่มเดียวเตี๋ยวแห้ง,อิ่มเดียวเตี๋ยวแห้ง,Bang Khae District,Restaurant,no,Low,0,,,,,openstreetmap,1,+66963764144,"มินิบิ๊กซี, 389 ถนน พุทธมณฑลสาย 2",10160,overture (meta),overture:d766e741-ab70-48a4-aba4-5b4e2005b53f
vivo0634192301@gmail.com,อีสานพาแซ่บ ตำแหลก,อีสานพาแซ่บ ตำแหลก,Bang Khae District,Restaurant,no,Low,0,,,,,openstreetmap,1,+66999162661,พฤกษาวิลล์85,10160,overture (meta),overture:d57de3d5-86a7-4853-81ec-63531bf27806
mammonnice0642@gmail.com,อ้อข้าวราดแกง,อ้อข้าวราดแกง,Bang Khae District,Restaurant,no,Low,0,,,,,openstreetmap,1,+66966539159,97 ซอย เพชรเกษม 102/2,10160,overture (meta),overture:67bdea52-a54e-4118-b2cf-6b648f9af22d
jaruwan150835@gmail.com,ฮะหลีผัดไทย&หอยทอดสาขาบางแค,ฮะหลีผัดไทย&หอยทอดสาขาบางแค,Bang Khae District,Asian; Thai,no,Low,0,,,,,openstreetmap,1,+66845098867,"10160, กรุงเทพมหานคร, Thailand",10160,overture (meta),overture:85682aeb-b527-4bd2-8ecc-51b175853de1
hugdee96@gmail.com,ฮักดี นมสด แอนด์ เรสเตอร์รองท์,ฮักดี นมสด แอนด์ เรสเตอร์รองท์,Bang Khae District,Restaurant,no,Low,0,,,,,openstreetmap,1,+66645269297,55 ซอยเพชรเกษม 96 แยก 3,10160,overture (meta),overture:213bfd74-52ad-4bd4-a97e-22521b27d371
sumareekun@hotmail.com,เขียวสด รสอินเตอร์,เขียวสด รสอินเตอร์,Bang Khae District,Asian; Thai,no,Low,0,,,,,openstreetmap,1,+66960153956,"ร้านจะอยู่เลยป้อมตำรวจประมาณ100เมตร, ไม่มีบ้านเลขที่, Thanon PhutthaMonthon Sai 2",10160,overture (meta),overture:a038a61c-b8c0-420f-85fb-f48f5914148b
squidgreencurry@gmail.com,เขียวหวานหมึกระเบิด,เขียวหวานหมึกระเบิด,Bang Khae District,Restaurant,no,Low,0,,,,,openstreetmap,1,+66819262247,สำเพ็ง2 ( ฝั่งตรงข้ามพระเจ้าตาก 4 88/435 ซอยหมู่บ้านดิเอ็กซ์คูลซีฟ ซอย 5,10160,overture (meta),overture:e6d0d1f9-8417-441c-a403-6a278bb9fe86
harnnit@gmail.com,เค้กวันเกิดมินิมอล,เค้กวันเกิดมินิมอล,Bang Khae District,Cafe,no,Low,0,,,,,openstreetmap,1,+66843853521,299/302 005 Soi Khlong Nong Yai,10160,overture (meta),overture:91a97192-682d-4e45-9131-cd9c334b112d
chaosua69.168@gmail.com,เจ้าสัว 69,เจ้าสัว 69,Bang Khae District,Cafe,no,Low,0,,,,,openstreetmap,1,+66991983645,888 8 ถ. บางบอน 3,10160,overture (meta),overture:0d4ecfef-d18b-4afb-ae7f-a72b7ffc3508
rattanap389@gmail.com,เจ๊พรเย็นตาโฟต้มยำ,เจ๊พรเย็นตาโฟต้มยำ,Bang Khae District,Restaurant,no,Low,0,,,,,openstreetmap,1,+66949429552,389 เศรษฐกิจ 9,10160,overture (meta),overture:727d307f-5498-40e3-a311-f3f845881c5d
zine_piyapun@hotmail.com,เจ๊หมวยราดหน้ายอดผัก,เจ๊หมวยราดหน้ายอดผัก,Bang Khae District,Restaurant,no,Low,0,,,,,openstreetmap,1,+66652879798,3 ถนน เพชรเกษม,10160,overture (meta),overture:230f44a3-8b82-4cf2-89e9-f419ea435d94
meelovemoo@hotmail.com,เจ๊หมูขนมปังนึ่ง,เจ๊หมูขนมปังนึ่ง,Bang Khae District,Restaurant,no,Low,0,,,,,openstreetmap,1,+66859371148,ข้างตึกF นิรันดร์คอนโด,10160,overture (meta),overture:f5b96489-271e-4011-a627-6a98adfc92dc
jarunya2239@gmail.com,เจ๊อ้วนทาโกะยากิอินดี้,เจ๊อ้วนทาโกะยากิอินดี้,Bang Khae District,Takeaway,no,Low,0,,,https://line.me/ti/p/KYx0cWTIpr,,openstreetmap,1,+66922712239,ตลาดนัดดวงดารา แขวงหลักสอง เขตบางแค กรุงเทพฯ 10160,10160,overture (meta),overture:99d8af00-6bc5-4683-befe-c1c85b608200
aeytiya@gmail.com,เจ๊เจียม ก๋วยเตี๋ยวเรือ,เจ๊เจียม ก๋วยเตี๋ยวเรือ,Bang Khae District,Asian; Japanese,no,Low,0,,,,,openstreetmap,2,+66865171140,เลขที่ 4 2,10160,overture (meta),overture:3e03fd33-38b2-4aae-a5f1-a65a35a5ae60
kimsiaxiancao@gmail.com,เฉาก๊วยเมืองพล,เฉาก๊วยเมืองพล,Bang Khae District,Cafe,no,Low,0,,,,,openstreetmap,1,+66928599900,9 Thanon PhutthaMonthon Sai 2,10160,overture (meta),overture:5a27bf40-a8dc-4bc5-8f9e-a9b3882d10e6
looktaomint1@gmail.com,เตี๋ยวชากังราว,เตี๋ยวชากังราว,Bang Khae District,Cafe,no,Low,0,,,,,openstreetmap,1,+66843386515,42/258 หมู่11 หมู่บ้านพฤษา 45 ซอย 8/3D,11140,overture (meta),overture:9509623a-7b6b-4d1b-8a2f-45ad8677984d
yrddear29@gmail.com,เตี๋ยวติดคลอ,เตี๋ยวติดคลอ,Bang Khae District,Restaurant,no,Low,0,,,,,openstreetmap,1,+66989922649,18 ซอย อิสรภาพ,10160,overture (meta),overture:ca2cb1b4-8d5b-49cb-a0ee-4845ec46e9c6
lhee_jaruwan@hotmail.com,เทปันกัน,เทปันกัน,Bang Khae District,Asian; Thai,no,Low,0,,,,,openstreetmap,1,+66933546561,59 ถ. เทอดไท,10160,overture (meta),overture:d20908fd-bb6b-4845-b387-296c48c5ff1d
ningning.ningning6232@gmail.com,เนื้อตุ๋น หมูตุ๋น เด่นรสเด็ด,เนื้อตุ๋น หมูตุ๋น เด่นรสเด็ด,Bang Khae District,Restaurant,no,Low,0,,,,,openstreetmap,1,+66815050950,ถนน พุทธมณฑลสาย2,10160,overture (meta),overture:041ce397-9372-4391-83ef-69542a0500c7
permpoonpochanalaksong@gmail.com,เพิ่มพูนโภชนา,เพิ่มพูนโภชนา,Bang Khae District,Restaurant,no,Low,0,,,,,openstreetmap,1,+6628094613,,,openstreetmap,https://www.openstreetmap.org/node/3623121350
puripattimpu@icloud.com,เฟรช หมูกระทะ&หมูจุ่ม เดลิเวอรี่,เฟรช หมูกระทะ&หมูจุ่ม เดลิเวอรี่,Bang Khae District,Asian; Thai,no,Low,0,,,,,openstreetmap,2,+66962959203,972 หนองแขม หนองแขม ถนน มาเจริญ,10160,overture (meta),overture:69be0bad-24fc-4864-8e89-bb68d68c08d7
wsudsawat55@gmail.com,เมี่ยงคำสุขใจ/Miang Kham Sookjai,เมี่ยงคำสุขใจ/Miang Kham Sookjai,Bang Khae District,Cafe,no,Low,0,,,,,openstreetmap,1,+66812529408,"67 ถ.พุทธมณฑลสาย3 (ซ.13), แขวงบางไผ่, เขตบางแค",10160,overture (meta),overture:e9db6caa-6d8c-40d3-bc33-5209a0cca055
xcrazyx5555@hotmail.com,เราเป็นของเหลวไหลทำตัวชิวชิว,เราเป็นของเหลวไหลทำตัวชิวชิว,Bang Khae District,Asian; Thai,no,Low,0,Local,,http://www.kawkong.net/,job4pretty@gmail.com,openstreetmap,1,+66924057007,27 ซอย.อัสสัมชัญ3 ถนนอัสสัมชัญ,10160,overture (meta),overture:d2bcc149-16b4-4277-b5b1-d4d0130dab8e
noxzatann09@gmail.com,เรือนชิตชบา สาย2,เรือนชิตชบา สาย2,Bang Khae District,Restaurant,no,Low,0,,,,,openstreetmap,1,+66859945734,,,overture (meta),overture:ec1a5f91-ac8d-41bd-92ef-0bea90660159
wiparatnea@gmail.com,เลอมง ราเมง ราชพิพัฒน์,เลอมง ราเมง ราชพิพัฒน์,Bang Khae District,Restaurant,no,Low,0,Local,,https://static.robinhood.in.th/app_link.html?URI=robinhoodth%3A%2F%2Fmerchantlanding%2Fid%2F45050,,openstreetmap,1,+66953543719,3 ถนน พุทธมณฑลสาย 3,10160,overture (meta),overture:828a76b6-4883-40e5-a4dd-46797dab8472
lekhongtp001@gmail.com,เล็กหงษ์โภชนา,เล็กหงษ์โภชนา,Bang Khae District,Seafood,no,Low,0,,,,,openstreetmap,1,+66614078688,อินดี้ เลขที่ 140 Kanlapaphruek Rd,10160,overture (meta),overture:fdf91191-41af-4654-ba00-6d217f21293e
chickenttj@gmail.com,เล้งแซ่บไก่กรอบฉัตรนครซอย3,เล้งแซ่บไก่กรอบฉัตรนครซอย3,Bang Khae District,Restaurant,no,Low,0,,,,,openstreetmap,1,+66614187668,99 ถนน บางแวก,10160,overture (meta),overture:a7fb35c9-59f2-4c28-9cc5-a63c8c69d498
wengbff@gmail.com,เวิ้ง,เวิ้ง,Bang Khae District,Restaurant,no,Low,0,,,,,openstreetmap,1,+66811597522,1209 ถนนเพชรเกษม แขวงหลักสอง เขตบางแค,10160,overture (meta),overture:874279e6-99c9-408c-a523-4b6949f2e307
siewerrgrills@gmail.com,เสี่ยวเอ้อ หมูกระทะ,เสี่ยวเอ้อ หมูกระทะ,Bang Khae District,Restaurant,no,Low,0,,,,,openstreetmap,1,+66635241544,95 ถนน พุทธมณฑลสาย 3,10160,overture (meta),overture:d1ee87a6-46b7-452d-b977-f67d6c9f38e6
fisher.tigerr88@gmail.com,เสือตังเก อาหารทะเลจานเดียว กาญจนาภิเษก-บางแค,เสือตังเก อาหารทะเลจานเดียว กาญจนาภิเษก-บางแค,Bang Khae District,Restaurant,no,Low,0,,,,,openstreetmap,1,+66629963996,,,overture (meta),overture:92119fbb-9a9b-4d42-a800-db70f82e2f88
tjpricenoodle@gmail.com,เส้นก๋วยเตี๋ยว ตราเสือบางแค,เส้นก๋วยเตี๋ยว ตราเสือบางแค,Bang Khae District,Restaurant,no,Low,0,Local,,https://shp.ee/t2nr4yh,,openstreetmap,1,+66819495441,ถนน สุขาภิบาล 1,10160,overture (meta),overture:88daf58e-7a90-4436-98bf-bd649a7a7470
mark.ratapol@gmail.com,เหลาก๋วยเตี๋ยวเป็ด สนามหลวง2,เหลาก๋วยเตี๋ยวเป็ด สนามหลวง2,Bang Khae District,Asian; Thai,no,Low,0,,,,,openstreetmap,2,+66632239906,,,overture (meta),overture:a3d1dea6-ef72-4d8e-a7ec-e56ec0b1fe8e
hengyodpak16@gmail.com,เฮงยอดผัก,เฮงยอดผัก,Bang Khae District,Restaurant,no,Low,0,,,,,openstreetmap,1,+66955255949,พุทธมณฑล สาย3,,overture (meta),overture:56a5fd44-e4ef-41e0-b8a8-cbfdb6383ea2
amp.hengheng@gmail.com,เฮงราดหน้ายอดผัก เพชรเกษม28,เฮงราดหน้ายอดผัก เพชรเกษม28,Bang Khae District,Restaurant,no,Low,0,,,,,openstreetmap,1,+66834234204,ตลาดเสนีย์บาซ่าร์,10160,overture (meta),overture:cb045a8d-7c81-4570-b4a2-ba073083bc94
surachai.pongkrietpasit@gmail.com,เฮียตือก๋วยเตี๋ยวต้มยำมะนาวสด กัลปพฤกษ์,เฮียตือก๋วยเตี๋ยวต้มยำมะนาวสด กัลปพฤกษ์,Bang Khae District,Asian; Japanese,no,Low,0,,,,,openstreetmap,2,+66929494025,เฮียตือก๋วยเตี๋ยวต้มยำมะนาวสด,10170,overture (meta),overture:14065447-c64a-4a5a-9e03-f85c81f38298
hengpengsong2543@gmail.com,เฮ้งเป้งซุ่ง คอหมูย่าง ส้มตำ - บางแค,เฮ้งเป้งซุ่ง คอหมูย่าง ส้มตำ - บางแค,Bang Khae District,Restaurant,no,Low,0,,,,,openstreetmap,1,+66618287886,5 หลัง 7-11) แยกหนองใหญ่,10160,overture (meta),overture:681f0eff-2717-46ee-9498-503d63e991b0
jeeranuntajan112233@icloud.com,แก้มใสซาลาเปา,แก้มใสซาลาเปา,Bang Khae District,Restaurant,no,Low,0,,,,,openstreetmap,1,+66830685897,"6, 1 Siri Kasem 21",10160,overture (meta),overture:16961721-8801-4116-ad68-58a25cc01455
sunzary@gmail.com,แจ่มเจริญโภชนา,แจ่มเจริญโภชนา,Bang Khae District,Restaurant,no,Low,0,,,,,openstreetmap,1,+66832716995,,,overture (meta),overture:cab3b81d-9f32-489b-a596-10d4bca83d0c
pokza1143@gmail.com,แพนด้าหมูทอด บางบอน3-ร่มไทร,แพนด้าหมูทอด บางบอน3-ร่มไทร,Bang Khae District,Asian; Thai,no,Low,0,,,,,openstreetmap,1,+66616194524,12 ถนน บางบอน 3,10160,overture (meta),overture:79e33b7c-ad4b-4412-9d70-bf787c8534ad
kjariyathamrat@gmail.com,แม่กมล และ พี่น้อง สูตรอาหารจากโรงเจ,แม่กมล และ พี่น้อง สูตรอาหารจากโรงเจ,Bang Khae District,Restaurant,no,Low,0,,,,,openstreetmap,1,+66971419610,,,overture (meta),overture:f2a7c514-c2cc-46c8-87fd-2c777a9b7e9a
sakker001@gmail.com,แม่สมพิศข้าวแกงอุทัยธานี by นายปู่,แม่สมพิศข้าวแกงอุทัยธานี by นายปู่,Bang Khae District,Asian; Thai,no,Low,0,,,,,openstreetmap,1,+66860787675,สี่แยกตอแหล หมู่บ้านสุขสันต์ ๗ ซอยกาญจนาภิเษก๐๐๕ ถนนกาญจนาภิเษก หลักสอง บางแค,10160,overture (meta),overture:e9f5a421-198b-461a-b8a4-bbfa5e6af31d
thatagonoodles@gmail.com,แยกสาย2,แยกสาย2,Bang Khae District,Asian,no,Low,0,,,,,openstreetmap,1,+66649505298,,10160,overture (meta),overture:693663b8-3197-4af2-b9c8-b7acd9a005ca
model.moramel@gmail.com,แวะกินตีน,แวะกินตีน,Bang Khae District,Restaurant,no,Low,0,,,,,openstreetmap,1,+66922628849,"129, 26 Bang Bon Road 3 Soi 14 Yaek 13",10160,overture (meta),overture:ece477a0-96f5-4064-9989-5335464d6117
zabsading868@gmail.com,แสบสดิ้ง,แสบสดิ้ง,Bang Khae District,Restaurant,no,Low,0,,,,,openstreetmap,1,,เพชรเกษม,10160,overture (meta),overture:4a83fd53-aa58-40ba-8433-2c0c81417df2
tes234c@gmail.com,โกนัน,โกนัน,Bang Khae District,Asian; Thai,no,Low,0,,,,,openstreetmap,1,+66818593957,Soi Phet Kasem 65,10160,overture (meta),overture:ccd7c296-765b-40bc-9499-2b3fca9cca81
kopisiam.thailand@gmail.com,โกปี๊ สยาม,โกปี๊ สยาม,Bang Khae District,Cafe,no,Low,0,,,,,openstreetmap,1,+66972525126,6 ถนน พุทธมณฑลสาย 3,10170,overture (meta),overture:7fa8fd6c-8de1-4343-b918-f0e35f0e8189
colon.cokhun@gmail.com,โคร่อน เนื้อย่างโคขุน,โคร่อน เนื้อย่างโคขุน,Bang Khae District,Asian; Thai,no,Low,0,,,,,openstreetmap,1,,6/21 ถนน พุทธมณฑลสาย 2,10160,overture (meta),overture:78df0fe9-c689-4b78-8b65-317e3c0fee7a
mootaewjew@gmail.com,โจ็กบางแวก126,โจ็กบางแวก126,Bang Khae District,Cafe,no,Low,0,,,,,openstreetmap,1,+66939060109,11 ถนน บางแวก,10160,overture (meta),overture:5eb9ea8a-49cd-4b50-9a29-80365049e041
tipawann1978@gmail.com,โจ๊ก/ต้มเลือดหมูสูตรยายตุ๋ย,โจ๊ก/ต้มเลือดหมูสูตรยายตุ๋ย,Bang Khae District,Restaurant,no,Low,0,,,,,openstreetmap,1,,53 ถนน พุทธมณฑลสาย 2,10160,overture (meta),overture:2da3e1fc-264b-485d-9d05-6f5e83493d73
arsoytee@gmail.com,โจ๊กอาอี่ ข้าวต้มอาอี่ บางแค,โจ๊กอาอี่ ข้าวต้มอาอี่ บางแค,Bang Khae District,Restaurant,no,Low,0,,,,,openstreetmap,1,+66810462913,37/58 Sukhaphiban 1 Alley,10160,overture (meta),overture:10b9f8bb-c57b-4ae5-bdd0-ac0db8152543
chokdeebangkae@gmail.com,โชคดีติ่มซำ บางแค,โชคดีติ่มซำ บางแค,Bang Khae District,Chinese,no,Low,0,,,,,openstreetmap,1,+6620299623,30 บางแค 9,10160,overture (meta),overture:51c30e31-4589-4412-80a0-82f0aa0c31fb
neemoo2560@gmail.com,โต ข้ามต้มปลาสาย2 อาหารตามสั่ง,โต ข้ามต้มปลาสาย2 อาหารตามสั่ง,Bang Khae District,Asian; Thai,no,Low,0,,,,,openstreetmap,1,+66818062704,604/782 ถนน พุทธมณฑลสาย 2,10160,overture (meta),overture:e1dfabe1-88d4-4835-bffb-73662b22b45c
og.moothod@gmail.com,โอจี หมูทอด,โอจี หมูทอด,Bang Khae District,Restaurant,no,Low,0,,,https://ogdotmoothod.wordpress.com/,,openstreetmap,1,+66618127771,37 Phet Kasem 69 Rd,10160,overture (meta),overture:33886c38-d244-44c3-81e6-fc857eebb6e9
piccoro911@hotmail.com,โอชานะ,โอชานะ,Bang Khae District,Restaurant,no,Low,0,,,,,openstreetmap,1,,63 ถนน เพชรเกษม,10160,overture (meta),overture:53cebd19-4107-4e8c-8ff5-47d363e0c098
saichon455351@gmail.com,โอ๋กุ้งอบ อาหารตามสั่ง ซีฟู้ด,โอ๋กุ้งอบ อาหารตามสั่ง ซีฟู้ด,Bang Khae District,Seafood,no,Low,0,,,,,openstreetmap,1,+66971537794,อัสสัมชัญ 13,,overture (meta),overture:ef587686-f2d5-4269-8ff4-f4aff2355e0a
milodib2008@gmail.com,ไมโลดิบ A&T,ไมโลดิบ A&T,Bang Khae District,Cafe,no,Low,0,,,,,openstreetmap,1,+66816119339,หมู่บ้านเศรษฐกิจ วงเวียน 1,10160,overture (meta),overture:89ea604d-1fe7-4bbd-8661-d17b3f1e09a6
lai.noodles@gmail.com,ไล้ ก๋วยเตี๋ยวลูกชิ้นปลา,ไล้ ก๋วยเตี๋ยวลูกชิ้นปลา,Bang Khae District,Asian; Japanese,no,Low,0,,,,,openstreetmap,1,+66928580405,57/3 ถนน พุทธมณฑลสาย 3,10160,overture (meta),overture:94011ff7-4942-4d3d-be4d-1407d132380b
est.jesadaporn@gmail.com,ไอติมน้องรวย กัลปพฤกษ์,ไอติมน้องรวย กัลปพฤกษ์,Bang Khae District,Restaurant,no,Low,0,,,,,openstreetmap,1,+66837541792,ถนนกัลปพฤกษ์ ,10160,overture (meta),overture:87dc5bf2-191a-4a1d-b8cb-e8d2eaeaf90c
supattarprathan@gmail.com,ไอติมไข่แข็งโป๊ก,ไอติมไข่แข็งโป๊ก,Bang Khae District,Ice cream,no,Low,0,Local,,https://wongn.ai/u5jfd,support@wongnai.com,openstreetmap,1,+66832332457,ตลาดอินดี้กัลปพฤกษ์,,overture (meta),overture:1249d311-d35e-493f-825e-fd8fb2695171
