email,name,name_local,district,categories,english,english_priority,english_score,site_language,why,website,other_emails,email_source,locations,phone,address,postcode,source,osm_url
americandinerbkk@onesystem.com,Big Burger,,Bang Na District,Burger,yes,High,6,English,website in English; Western food (Burger); English/Latin-script name,http://americandinerbkk.com/,,openstreetmap,1,+66870292000,,,openstreetmap,https://www.openstreetmap.org/node/3248647870
bangna.donpino@gmail.com,Don Pino Italian Restaurant - Bangna Branch,,Bang Na District,Italian,yes,High,6,English,website in English; Western food (Italian); English/Latin-script name,https://www.donpinoitalian.com/,donpinobkk@gmail.com,openstreetmap,1,+66982326264," For You Park, 341/1 Debaratna Rd, Bang Na Nuea, Bang Na",10260,overture (meta),overture:c468c08c-57b0-4086-b14c-aae57b8b1dc5
pizzaverabkk@gmail.com,Pizza Vera Bangna,,Bang Na District,Italian; Pizza,yes,High,6,English,"website in English; Western food (Italian, Pizza); English/Latin-script name",https://grab.onelink.me/2695613898?pid=inappsharing&c=3-C6WAGY6DEPXAVJ&is_retargeting=true&af_dp=grab%3A%2F%2Fopen%3FscreenType%3DGRABFOOD%26sourceID%3DA4pcqCZkS4%26merchantIDs%3D3-C6WAGY6DEPXAVJ&af_force_deeplink=true&af_web_dp=https%3A%2F%2Fwww.grab.com%2Fdownload,,openstreetmap,1,+66960234248,843 Lasalle Rd,10260,overture (meta),overture:d469eb9d-2bb0-4c8f-b0aa-cb59206946e0
villatoscana.italianrestaurant@gmail.com,Villa Toscana Italian Restaurant,,Bang Na District,Italian; Pizza,yes,High,6,English,"website in English; Western food (Italian, Pizza); English/Latin-script name",https://cho.pe/VillaToscana,,openstreetmap,1,+66654587982,128 Soi Lasalle 11 Alley,10260,overture (meta),overture:3fbf1306-5461-44b6-8fd2-888d49c1be91
14267@coffee-concepts.co.th,Starbucks Coffee,สตาร์บัคส์,Bang Na District,Breakfast,yes,High,5,English,website in English; Western food (Breakfast),https://www.starbucks.com/,press@starbucks.com; pressemea@starbucks.com; partnerships@starbucks.com,openstreetmap,1,+6623610966,,,openstreetmap,https://www.openstreetmap.org/node/3431296252
stekkinkab.93market@gmail.com,สเต็กกินกับอาหารคลีน ต้นตำหรับเฟรนไชส์ สาขา17 93Market,สเต็กกินกับอาหารคลีน ต้นตำหรับเฟรนไชส์ สาขา17 93Market,Bang Na District,Steak,yes,High,5,English,website in English; Western food (Steak),https://lin.ee/JUNX1Q8,,openstreetmap,1,+66645236621,,,overture (meta),overture:6c80afa6-e482-4d8f-a392-146f2b94a302
matchahouse455@gmail.com,A Matcha House,,Bang Na District,Cafe,yes,High,4,English,website in English; English/Latin-script name,https://lin.ee/6ON6sb2,,openstreetmap,1,+66645499563,42 ซอย 4,10260,overture (meta),overture:cb539258-fb1e-4aa9-a533-14cdb2d4be39
contact@rosettacoffeeroaster.com,AMMA 'S specialty coffee,,Bang Na District,Cafe,yes,High,4,English,website in English; English/Latin-script name,https://www.rosettacoffeeroaster.com/,,venue website,2,+66811489429,487 Sukhumvit 103 Rd,10240,overture (meta),overture:44cc6e12-2b9e-43c6-8474-ed38f32a34e7
contact@56hotel.com,Arun Cafe,,Bang Na District,Cafe,yes,High,4,English,website in English; English/Latin-script name,https://56hotel.com/menu/,,openstreetmap,1,+66649641942,โรงแรม 56 เลขที่ 5 ซอยบางนาตราด 21 แยก 23,10260,overture (meta),overture:f4c04b06-14e3-460b-a96a-28c4a5bdeb42
catering@aubonpain.com,au bon pain - Sikarin Hospital,,Bang Na District,Bakery,yes,High,4,English,website in English; English/Latin-script name,https://aubonpain.com,abp_giftcards@aubonpain.com; feedback@aubonpain.com; media_inquiry@aubonpain.com,venue website,17,+66614154528,"ชั้น 1, โรงพยาบาลศิครินทร์ อาคาร3, 976 Lasalle Rd",10260,overture (meta),overture:c9a2e870-3130-4204-802c-9d80ed79982b
support_th@benscookies.com,Ben's Cookies,,Bang Na District,Cafe,yes,High,4,English,website in English; English/Latin-script name,https://www.benscookies.com/stores/bangkok-bangna/,,venue website,3,,,,overture (AllThePlaces),overture:81b2ca4e-365b-4024-9a26-31c2170ab25c
ccv-contact@cheevitcheevacafe.com,Cheevit Cheeva,,Bang Na District,Cafe,yes,High,4,English,website in English; English/Latin-script name,https://cheevitcheevacafe.com/,cheevitcheeva@gmail.com,openstreetmap,1,,,10260,overture (meta),overture:84dee525-f968-4413-a87c-f539addf364a
cherthaicuisine@gmail.com,Cher,,Bang Na District,Asian; Thai,yes,High,4,English,website in English; English/Latin-script name,https://lin.ee/C2Mvtxt,,openstreetmap,1,+66843439696,หน้าปาก เลขที่ 8 Udom Suk Rd,10260,overture (meta),overture:75f1743d-06b7-42fd-b967-afee6ee2eda6
info@cocoatree.co.th,Cocoa Tree,,Bang Na District,Cafe,yes,High,4,English,website in English; English/Latin-script name,http://www.cocoatree.co.th/,,openstreetmap,1,+6627458000,68 ลาซาล 61,10260,overture (meta),overture:ba816c7e-a607-4293-a619-f679c256cfcd
info@icyfreezeicecream.com,Icy Freeze,,Bang Na District,Ice cream,yes,High,4,English,website in English; English/Latin-script name,http://www.icyfreezeicecream.com/,,openstreetmap,1,+66819064544,37 Bang Na-Trat 38 Alley,10260,overture (meta),overture:0e3b794d-f867-42c2-b941-8ac1b58c72c1
pr@scgroupthai.com,Inthanin Coffee,,Bang Na District,Cafe,yes,High,4,English,website in English; English/Latin-script name,https://www.inthanincoffee.com/en,,openstreetmap,1,+66659795242,"""ถนน บางนา-ตราด บางนา กรุงเทพฯ 35, Bangjak Gas Station ปากซอยบางนา-ตราด""",10260,overture (meta),overture:704df18d-81fa-4523-b7c3-159dd07841bb
kenkosnack@gmail.com,Kenkoku,,Bang Na District,Asian; Japanese,yes,High,4,English,website in English; English/Latin-script name,http://www.kenkokusnack.com/,,venue website,1,+66996367545,3534 ถนน สุขุมวิท,10260,overture (meta),overture:a70fa2ce-acb4-41c4-9bf5-13b31209ce63
kuakulcafe@gmail.com,Kuakul Cafe,,Bang Na District,Cafe,yes,High,4,English,website in English; English/Latin-script name,https://openlink.co/kuakulcafe,,openstreetmap,1,+66938850303,ชั้น 1 Sukhumvit Rd,10260,overture (meta),overture:46aa7c25-4b29-4853-a00b-069cbf6d1bfc
lamesacoffee@gmail.com,La Mesa Coffee Co.,,Bang Na District,Cafe,yes,High,4,English,website in English; English/Latin-script name,http://www.lamesacoffee.com/,,venue website,1,+66981018865,7 2 Soi Sophon,10260,overture (meta),overture:c45b2f6d-2489-40b2-8add-443594723b14
nanacoffeeroaster@gmail.com,Nana Coffee Roasters,,Bang Na District,Cafe,yes,High,4,English,website in English; English/Latin-script name,http://www.nanacoffeeroasters.com/,,openstreetmap,1,+66654964942,,,openstreetmap,https://www.openstreetmap.org/node/9751175392
notie_vespa@hotmail.co.th,Notie vespa shop and cafe',,Bang Na District,Cafe,yes,High,4,English,website in English; English/Latin-script name,https://lin.ee/bhhpAJL,,openstreetmap,1,+66936145940,,,overture (meta),overture:f8972563-8e69-4950-9b1f-25def2aee50f
admin@phoaroi.com,Pho Aroi,,Bang Na District,Asian,yes,High,4,English,website in English; English/Latin-script name,http://www.phoaroi.com/,,openstreetmap,1,+66613851900,224 Debaratna Rd,10260,overture (meta),overture:7a8269b5-0c80-4e01-b691-f073c5818e72
thanida@kic.co.th,Pub Bar Asia,,Bang Na District,Restaurant,yes,High,4,English,website in English; English/Latin-script name,http://www.pubbarasia.com/,,openstreetmap,1,+66841076811,ลาดหญ้า,,overture (meta),overture:a121bae4-e44e-4deb-91f2-36834ee410d9
shizenshabu.ceo@gmail.com,Shizen Shabu,,Bang Na District,Asian; Japanese,yes,High,4,English,website in English; English/Latin-script name,https://www.shizenshabu.com/,,openstreetmap,2,+66651466565,ห้องเลขที่ SA 101-3 224 Debaratna Rd,10260,overture (meta),overture:e5a23c28-bd6b-4e95-b7a4-8495550b66fe
shoyuubangna@gmail.com,Shoyu,,Bang Na District,Asian; Japanese,yes,High,4,English,website in English; English/Latin-script name,https://lin.ee/eXoYjzR,,openstreetmap,1,+66896208888,Littlewalk Bangna 769/2 ห้องเลขที่ ซี3 Debaratna Rd,10260,overture (meta),overture:0015b814-228e-49d7-8427-9ed04ed95251
sales@simplecoffeeco.com,Simple Coffee,,Bang Na District,Cafe,yes,High,4,English,website in English; English/Latin-script name,https://simplecoffeeco.com/,orders@simplecoffeeco.com,openstreetmap,1,+66918893864,The Parkland ICS Commercial Building 1225 Bang Na To Bang Bo Rd,10260,overture (meta),overture:81041ddf-2e96-4783-a7b6-e6e504be8276
welcometotaiyai@gmail.com,Tai Yai Noodle,,Bang Na District,Restaurant,yes,High,4,English,website in English; English/Latin-script name,https://taiyai.co.th/,,openstreetmap,1,+66960043334,"เดอะ โคสท์ แบงค็อค, 3888 ถนน สุขุมวิท",10260,overture (meta),overture:cb5487f7-8bbe-49c5-8c12-76412853a7c5
wasspdltd@gmail.com,Wassar Wine Cellar,,Bang Na District,Bar,yes,High,4,English,website in English; English/Latin-script name,https://shop.line.me/@wassarpd,,openstreetmap,1,+66656697979,449 ซอย ลาซาล,10260,overture (meta),overture:4c4fc754-477f-417d-9083-73b76e85dbfe
weareyellowroof@gmail.com,Yellow Roof,,Bang Na District,Bar,yes,High,4,English,website in English; English/Latin-script name,https://lin.ee/YuZPzZk,,openstreetmap,1,+66989554505,3083 Sukhumvit Rd,10260,overture (meta),overture:8e1b92d2-e10e-4e09-9e9b-c259593e1ed6
12platobrewing@gmail.com,12 Plato Brewing,,Bang Na District,Pub,yes,Medium,3,,Western food (Pub); English/Latin-script name,,,openstreetmap,1,+66886395928,"โรงแรมโอไรออน, 52 Soi Bang Na-Trat 30",10260,overture (meta),overture:6391897f-b1b8-4bcb-b708-f5fc98f984a5
info@a-ramen.com,A Ramen,,Bang Na District,Asian; Japanese,yes,Medium,3,Bilingual,website has English; English/Latin-script name,https://www.a-ramen.com/,,openstreetmap,16,+66951199265,218/1 Bang Na-Trat 46,10260,overture (meta),overture:c7ee1906-f63b-439f-8fe2-2247e8e3ff9e
atmcloth@gmail.com,ATM CLOTH,,Bang Na District,Asian; Thai,yes,Medium,3,Bilingual,website has English; English/Latin-script name,https://shop.line.me/@358elplj/product/1007929710?utm_source=Seller_feature&utm_medium=storefront_productend&utm_keyword=baefb31ac8cc024dd22e0aa5545c3fec1771934990146,,openstreetmap,1,+66826914417,25 อ่อนนุช 59 แยก 1,10250,overture (meta),overture:e5efa5eb-3d1c-4a71-b028-bfc5c1cae79d
seanryu213@naver.com,AUM Korean bbq,,Bang Na District,Asian; BBQ; Korean,yes,Medium,3,,Western food (BBQ); English/Latin-script name,,,openstreetmap,1,+66886393329,9 ถนน บางนา-ตราด,10260,overture (meta),overture:15589943-f56e-469a-8795-40d425d4085b
info@prothai.co.th,Binggrae Thailand,,Bang Na District,Ice cream,yes,Medium,3,Bilingual,website has English; English/Latin-script name,http://www.prothai.co.th/,mk2@prothai.co.th; mk3@prothai.co.th,openstreetmap,1,,105 ถนน ลาซาล,10260,overture (meta),overture:e59a2d99-6f2d-4647-aa68-53d504bd7215
mail.bowcake@gmail.com,Bow Cake,,Bang Na District,Bakery,yes,Medium,3,Bilingual,website has English; English/Latin-script name,https://bowcake.com,,venue website,4,,Central Bangna,10260,overture (Foursquare),overture:1440ebf5-477e-4877-a8a5-4647436f9078
bulldogburgersbkk@gmail.com,Bulldog Burgers and Beers,,Bang Na District,Burger,yes,Medium,3,,Western food (Burger); English/Latin-script name,,,openstreetmap,1,+66970184928,THE TEPP 88 Soi Lasalle 36,10260,overture (meta),overture:a8da846a-7573-4603-9599-6190f853b99c
info@chaletfood.co.th,Chalet Food,,Bang Na District,Cafe,yes,Medium,3,Bilingual,website has English; English/Latin-script name,http://www.chaletfood.co.th/,,openstreetmap,1,,Lasalle,10260,overture (meta),overture:03325c06-950b-4eac-bfad-c3381c005ce6
chililaroni@gmail.com,Chili La Roni,,Bang Na District,Italian,yes,Medium,3,,Western food (Italian); English/Latin-script name,,,openstreetmap,1,+6627430901,Srinakarin Rd,10260,overture (meta),overture:9b3d6bcc-9412-402c-8e63-1a5cca395bcb
marcellofellini11@gmail.com,Fellini Italian restaurant bangkok,,Bang Na District,Italian,yes,Medium,3,,Western food (Italian); English/Latin-script name,,,openstreetmap,1,+66950733716,254 สุขุมวิท 101/1,10260,overture (meta),overture:a63a31d5-990a-4dbb-a587-45c267fc8aaa
guemgogi222@gmail.com,GeumGoGi BBQ Korean Restaurant,,Bang Na District,Asian; BBQ; Korean,yes,Medium,3,,Western food (BBQ); English/Latin-script name,,,openstreetmap,1,+66807428346,2-4-6 Udom Suk 1 Alley,10260,overture (meta),overture:f599f1dc-e424-46fd-b31f-44d2bd996976
jae-pinto696@hotmail.com,Grand Coffee Boy,,Bang Na District,Cafe,yes,Medium,3,Bilingual,website has English; English/Latin-script name,https://grandcoffeeboysoilasalle.wordpress.com/,,openstreetmap,1,+66619936632,9 11 ซอย ลาซาล,10260,overture (meta),overture:0e547d04-9eba-4481-bb91-8e5fa8e55ad9
homeals.cafe@gmail.com,Homeals Cafe and Bistro,,Bang Na District,French,yes,Medium,3,,Western food (French); English/Latin-script name,,,openstreetmap,1,+66994946294,555/5 ถนน แบริ่ง - ลาซาล,10260,overture (meta),overture:4ce8ba4e-59aa-44dc-adb8-6154cd481c25
homteathailand@gmail.com,Homtea-cafe&bistro,,Bang Na District,French,yes,Medium,3,,Western food (French); English/Latin-script name,https://lin.ee/hn2jc7e,,openstreetmap,1,+66656298228,871/1 ถนน บางนา-ตราด,10260,overture (meta),overture:c3ce5ed8-0ac6-436b-82c3-deddbf8d7909
hopfaddict.official@gmail.com,HopfAddict Si Lasalle,,Bang Na District,Italian,yes,Medium,3,,Western food (Italian); English/Latin-script name,,,openstreetmap,1,+66815691628,223 Srinagarindra Rd,10260,overture (meta),overture:5b2e7af8-eed5-4e77-92d4-635f3d8df328
jareebyjaree2021@gmail.com,Jaree Cafe,,Bang Na District,Asian; Breakfast; Japanese,yes,Medium,3,,Western food (Breakfast); English/Latin-script name,,,openstreetmap,1,+66648088777,80 ซอยลาซาล 7,10260,openstreetmap,https://www.openstreetmap.org/way/1490963869
kuaile2566@gmail.com,Kuai Le Bangkok,,Bang Na District,Restaurant,yes,Medium,3,Bilingual,website has English; English/Latin-script name,http://www.central.co.th/store/locations/central-bangna/index.aspx,contact@central.co.th,openstreetmap,1,+66822579555,5 ถนน บางนา-ตราด,10260,overture (meta),overture:43eb7a04-caa0-49a5-9d0f-83fd69d76bf9
labambi2023@gmail.com,La Bambi Wine & Bistro,,Bang Na District,French; Italian,yes,Medium,3,,"Western food (French, Italian); English/Latin-script name",,,openstreetmap,1,+66945614591,"1045 Lasalle 77 Rd, Bang Na Tai, Bang Na",10260,overture (meta),overture:f0ef807b-5b18-4877-a8dd-2ffa15fa1ecb
la.maison.srinakarin@gmail.com,La Maison by Chef Billy,,Bang Na District,Burger; Italian; Steak,yes,Medium,3,,"Western food (Burger, Italian, Steak); English/Latin-script name",,,openstreetmap,1,+66855570172,,,openstreetmap,https://www.openstreetmap.org/way/1416960196
adminfb1@lactasoy.com,Lactasoy,,Bang Na District,Restaurant,yes,Medium,3,Bilingual,website has English; English/Latin-script name,https://www.lactasoy.com/,,openstreetmap,1,,บริษัท แลคตาซอย จำกัด เลขที่ 3532 ถนนสุขุมวิท แขวงบางนา เขตบางนา,10260,overture (meta),overture:26d6a148-4695-48ae-a4c8-ced5e4fcc56a
littlebearfoodandbeverage@gmail.com,Little Bear Burger & Fried Chicken,,Bang Na District,Burger,yes,Medium,3,,Western food (Burger); English/Latin-script name,,,openstreetmap,1,+66651963599,,,overture (meta),overture:79448a3c-f341-419e-83d8-1b364fc12281
b2sbn@b2s.co.th,Motion Space Thailand,,Bang Na District,Cafe,yes,Medium,3,Bilingual,website has English; English/Latin-script name,http://www.b2s.co.th/,b2sonlineshopping@b2s.co.th,openstreetmap,1,+66933272833,"เซ็นทรัล บางนา, 21/587 ถนน บางนา-ตราด",10260,overture (meta),overture:77ee0150-ea16-47b9-ac8f-6cab6fa6e338
bangnanikusho@gmail.com,NIKUSHO Bangna (Inside Chic Republic Bangna),,Bang Na District,Asian; Japanese,yes,Medium,3,Bilingual,website has English; English/Latin-script name,http://www.chicrepublicthai.com/,hr02@chicrepublicthai.com,openstreetmap,1,+66639503569,กม.4 983 10260,10260,overture (meta),overture:956b7a9a-7eac-4419-8c84-1f37f68a319f
info@olino888.com,Olino Crepe & Tea,,Bang Na District,Restaurant,yes,Medium,3,Bilingual,website has English; English/Latin-script name,https://www.olinoland.com/,,openstreetmap,1,+66891122657,45/4 ถนน แบริ่ง,10260,overture (meta),overture:e76ba7ba-ea6f-4cf2-b6b7-87a24cf3712a
pawichcoffee3@gmail.com,Pawich Coffee House,,Bang Na District,Breakfast,yes,Medium,3,,Western food (Breakfast); English/Latin-script name,,,openstreetmap,1,0926748325,86 ถนนลาซาล,10260,openstreetmap,https://www.openstreetmap.org/node/11001000726
talk@lavabun.com,Pheonix Lava,,Bang Na District,Bakery,yes,Medium,3,Bilingual,website has English; English/Latin-script name,http://www.lavabun.com,,venue website,5,088 060 0570,Central Bangna,10260,overture (Foursquare),overture:c2484ebe-be71-4d5f-aea4-9923c8e72d14
pinktender@live.com,Pink Tender,,Bang Na District,Burger; Pizza; Steak,yes,Medium,3,,"Western food (Burger, Pizza, Steak); English/Latin-script name",,,openstreetmap,1,+66983628456,,,openstreetmap,https://www.openstreetmap.org/way/1271826750
polapolabua@gmail.com,Pola Pola Pizza,,Bang Na District,Italian; Pizza,yes,Medium,3,,"Western food (Italian, Pizza); English/Latin-script name",,,openstreetmap,1,,Lasalle Avenue,10260,overture (meta),overture:e848de4b-c6cb-412c-83ba-90ebeb226a1f
redpigbbq29@gmail.com,Red Pig Korean BBQ,,Bang Na District,BBQ; Korean,yes,Medium,3,,Western food (BBQ); English/Latin-script name,,,openstreetmap,1,+6621369633,308 Udom Suk 26 Alley,10260,overture (meta),overture:9803183d-0e6b-4820-ab33-48486f411974
sauce.cafeudomsuk@gmail.com,Sauce Cafe,,Bang Na District,Restaurant,yes,Medium,3,Bilingual,website has English; English/Latin-script name,https://www.wongnai.com/restaurants/sauce-cafe,comely446@gmail.com; fatintailee@gmail.com; caribiancafe@gmail.com; rachaneutun25@gmail.com; pedphalogolieng@gmail.com; tormalarr@gmail.com; pani.sandwichh@gmail.com; kanya.naree24@gmail.com; yossiri.gg@gmail.com; nuttida.ki@icloud.com,openstreetmap,1,+66623520969,237 Udom Suk 26 Alley,10260,overture (meta),overture:0710807d-c1e2-4134-a447-a9fddd3be641
lameow.seaconsri@gmail.com,Spicy Cat La Meow ล่าเมียว หม่าล่า DIY Seacon ศรีนครินทร์ ชั้น 4 辣喵湘菜,Spicy Cat La Meow ล่าเมียว หม่าล่า DIY Seacon ศรีนครินทร์ ชั้น 4 辣喵湘菜,Bang Na District,Asian; Chinese,yes,Medium,3,English,website in English,https://www.lameow.com/,,openstreetmap,1,+66949282366,4 ศรีนครินทร์ 52,10250,overture (meta),overture:ce0ff67b-dfc4-4dd4-b84e-3ec3e3a21ef5
trexsteakandbar3655@gmail.com,T-rex Steak and Bar,,Bang Na District,Steak,yes,Medium,3,,Western food (Steak); English/Latin-script name,,,openstreetmap,1,+66955590136,ตลาดคุณยิ้ม(ตลาดอุดมสุขเดิม 3655 Sukhumvit Rd,10260,overture (meta),overture:4e1e27d1-0eb4-4bef-a97b-44df36e8abe0
baannaprim@gmail.com,The Red Elephant Cafe&Bistro,,Bang Na District,French,yes,Medium,3,,Western food (French); English/Latin-script name,,,openstreetmap,1,,"Soi Wat Bangnanai, Sukhumvit Road Bangna,  Bangkok, Thailand : Near BTS Bangna Station",10260,overture (meta),overture:97deab7a-557d-4e87-9bb7-092496af0288
tummi.brunchclub@gmail.com,TUMMi Brunch Club,,Bang Na District,Breakfast,yes,Medium,3,,Western food (Breakfast); English/Latin-script name,,,openstreetmap,1,+66841565161,"Chao Chon, 4 Soi Lasalle 46",10260,overture (meta),overture:4089dec0-26b8-4428-989c-aa792f7a3b0c
aem_kub@hotmail.com,TUMU Smoke Haus,,Bang Na District,BBQ,yes,Medium,3,,Western food (BBQ); English/Latin-script name,,,openstreetmap,1,+66838239964,33/21 Lasalle 6 Alley,10270,overture (meta),overture:af2bf2f7-7e0f-4b0d-88cb-4a80b6200104
welovebagelsbkk@gmail.com,We Love Bagels,,Bang Na District,Bagels; Bakery,yes,Medium,3,,Western food (Bagels); English/Latin-script name,,,openstreetmap,1,+66824310977,"1858, 144(1 Debaratana Road",10260,overture (meta),overture:1a87a4cd-7280-4ee6-aae5-8de1c350495e
kaotompladrpoom@gmail.com,ข้าวต้มปลาหมอภูมิ,ข้าวต้มปลาหมอภูมิ,Bang Na District,Asian; Thai,yes,Medium,3,English,website in English,https://lin.ee/2BIPSGc,,openstreetmap,1,+66645573510,,10260,overture (meta),overture:0ec171ec-323b-4544-8444-d54b1227ef15
homkrunkunrphao@gmail.com,จะกินเบอร์เกอร์,จะกินเบอร์เกอร์,Bang Na District,Seafood,yes,Medium,3,English,website in English,https://lin.ee/9hKCJa1,,openstreetmap,1,,3788 ถนน สุขุมวิท,10260,overture (meta),overture:cc5ad32c-848c-47e0-9899-0f79c2e460a1
arnonpakhwan6@gmail.com,ร้านนัทตี้อีสาน-เหนือ,ร้านนัทตี้อีสาน-เหนือ,Bang Na District,Restaurant,yes,Medium,3,English,website in English,https://share.google/e97yywJlLB2ebg1VI,,openstreetmap,1,+66946810928,70 ซอย วชิรธรรมสาธิต,10260,overture (meta),overture:8108608d-e3f2-452a-bff6-249fd72d4bce
sasiwimon.ple@gmail.com,ร้านไก่ย่างวิเชียรบุรี ซ.บางนา-ตราด4,ร้านไก่ย่างวิเชียรบุรี ซ.บางนา-ตราด4,Bang Na District,Asian; Thai,yes,Medium,3,English,website in English,https://share.google/2wJ90474BIgsYQL2A,,openstreetmap,1,+66898011665,22 บางนา-ตราด 4,10260,overture (meta),overture:752859d9-5817-4a85-935f-96836a151bb4
labkorat54@hotmail.com,ลาบโคราช54,ลาบโคราช54,Bang Na District,Asian; Thai,yes,Medium,3,English,website in English,https://lin.ee/45P9pEGQ,,openstreetmap,1,+66860087952,105 ถนน ลาซาล,10260,overture (meta),overture:f7115e39-a7cb-4f3c-a02a-e6c89dc669db
i-zadd@live.com,หลบมุม cafe เบาๆ,หลบมุม cafe เบาๆ,Bang Na District,Bar,yes,Medium,3,English,website in English,https://linkbio.co/7080415vp9de6,,openstreetmap,1,+66844690593,ซอย อุดมสุข 58,10260,overture (meta),overture:57de2d27-5cd3-4d1a-99f4-16334ebd7f50
sanaroitasty@gmail.com,แสนอร่อยโภชนา บางนา ตราด ซอย 48,แสนอร่อยโภชนา บางนา ตราด ซอย 48,Bang Na District,Asian; Thai,yes,Medium,3,English,website in English,https://lin.ee/tF1LV8O,,openstreetmap,1,+66614523923,48 บางนา-ตราด 4,10260,overture (meta),overture:03a3ec7e-e82a-495b-b851-afccb79d17bc
otasushibar@gmail.com,โอตะซูชิ สาขา บางนา-อุดมสุข OTA SUSHI Japanese-Thai Restaurant,โอตะซูชิ สาขา บางนา-อุดมสุข OTA SUSHI Japanese-Thai Restaurant,Bang Na District,Japanese; Sushi,yes,Medium,3,English,website in English,http://tinyurl.com/otasushi,,openstreetmap,1,+66838949689,600 ถนน อุดมสุข,10260,overture (meta),overture:69a1162f-41b2-42d8-9d30-aa27013db6bf
k.phukanud.seri@gmail.com,I am pie .ry & cookies สิ,I am pie .ry & cookies สิ,Bang Na District,Bakery,no,Medium,2,Bilingual,website has English,https://www.benscookies.co.th/,,openstreetmap,1,+66816324868,"เซ็นทรัล บางนา, 21/587 ถนน บางนา-ตราด",10260,overture (meta),overture:1bf13f23-9f98-4bfb-be7f-74d13ccf5d65
panbistro.bangna@gmail.com,Pan Bagels (แพน เบเกิลส์) อุดมสุข,Pan Bagels (แพน เบเกิลส์) อุดมสุข,Bang Na District,Bagels,no,Medium,2,,Western food (Bagels),,,openstreetmap,1,+66922600828,94 Wachiratham Sathit 24,10260,overture (meta),overture:29916901-bdac-49f5-8388-f567ca55e2ca
phoenixhomeprobangna@gmail.com,Phoenix Lava สาขา HomePro บางนา,Phoenix Lava สาขา HomePro บางนา,Bang Na District,Cafe,no,Medium,2,Bilingual,website has English,http://www.lavabun.com/,talk@lavabun.com,openstreetmap,1,+66992826893,240/22 ถนน เทพรัตน,10260,overture (meta),overture:402a2150-495d-46a7-a0f8-a67de1d8a443
pizzanaka.udomsuk@gmail.com,Pizzanaka45 สาขา ตลาดคุณยิ้ม อุดมสุข,Pizzanaka45 สาขา ตลาดคุณยิ้ม อุดมสุข,Bang Na District,Pizza,no,Medium,2,,Western food (Pizza),,,openstreetmap,1,+66947796441,pizzanaka45 ตลาดคุณยิ้ม อุดมสุข,10260,overture (meta),overture:8f86a206-6389-485b-9c04-1ec66f33ae0d
premiumb.lasalle@gmail.com,Premium Bakery Lasalle • พรีเมี่ยม เบเกอรี่ ลาซาล,Premium Bakery Lasalle • พรีเมี่ยม เบเกอรี่ ลาซาล,Bang Na District,Bakery; Breakfast; Burger,no,Medium,2,,"Western food (Breakfast, Burger)",,,openstreetmap,1,+66928545894,ซอยลาซาล 36,10260,openstreetmap,https://www.openstreetmap.org/node/11613644835
info@lilytobeka.com,ถั่วเขาช่อง,ถั่วเขาช่อง,Bang Na District,Cafe,no,Medium,2,Bilingual,website has English,https://shop.lilytobeka.com/th,lilytobeka.mkt@gmail.com,openstreetmap,1,,18 ถนน อุดมสุข,10260,overture (meta),overture:d67e8e9d-88db-4511-9336-5b3e886d3c72
suthawan_a@hotmail.com,บาร บ ค ว ร สอร ท,บาร บ ค ว ร สอร ท,Bang Na District,BBQ,no,Medium,2,,Western food (BBQ),http://www.barbqresort.com,,openstreetmap,1,+66882495299,สาขาบางนา ถนนบางนา-ตราด,10260,overture (meta),overture:6bf93dc5-b84e-4e3a-ac03-7e66456401b5
hr02@chicrepublicthai.com,ร้านลูกไก่ทอง ชิครีพับบริคบางนา,ร้านลูกไก่ทอง ชิครีพับบริคบางนา,Bang Na District,Asian; Thai,no,Medium,2,Bilingual,website has English,http://www.chicrepublicthai.com/,,venue website,1,,,,overture (meta),overture:048c5f06-7566-4452-8e3d-7dbe6521f2c1
suraphun.35@gmail.com,หรรษา Bar&Bistro by พี่หมี,หรรษา Bar&Bistro by พี่หมี,Bang Na District,French,no,Medium,2,,Western food (French),,,openstreetmap,1,+66841168742,สรรพาวุธ,,overture (meta),overture:5cc4b710-fc81-4d41-8da5-d1b284a46c0a
pritsanani@gmail.com,โจ๊กกะเส้น ต้นตำรับ ลาซาล,โจ๊กกะเส้น ต้นตำรับ ลาซาล,Bang Na District,Breakfast,no,Medium,2,,Western food (Breakfast),,,openstreetmap,1,+66934593652,263 Srinagarindra Rd,10260,overture (meta),overture:7f8bfed9-5bc0-44eb-9b49-a3e3dc6c0fe1
80handbrewbar@gmail.com,80 Hand Brew Bar,,Bang Na District,Cafe,no,Low,1,,English/Latin-script name,,,openstreetmap,1,+66635162996,969/19 Udom Suk 24 Alley,10260,overture (meta),overture:4c3b6a25-2f01-4b1a-ab26-e83d4f719868
atouchofasiabangkok@gmail.com,A Touch of Asia,,Bang Na District,Restaurant,no,Low,1,,English/Latin-script name,,,openstreetmap,1,+66648743329,Bangna Trad 21/13,10260,overture (meta),overture:b78f9233-5542-45ca-9086-b5193e2e9afb
adaptbangna@gmail.com,Adapt Coffee Bar | Bangna,,Bang Na District,Cafe,no,Low,1,,English/Latin-script name,,,openstreetmap,1,+66634403945,3606 พรไพลิน ซ. 2,10260,overture (meta),overture:ca797423-aafb-457a-9f8a-b7cea60c90f3
alcove239@gmail.com,Alcove Cafe,,Bang Na District,Cafe,no,Low,1,,English/Latin-script name,https://lin.ee/Gm5k1XY,,openstreetmap,1,+66962396429,51/8 บางนาเหนือ,10260,overture (meta),overture:251da543-4368-43ef-90f0-a1d202229713
official.archive.coffee@gmail.com,Archive Coffee,,Bang Na District,Cafe,no,Low,1,,English/Latin-script name,,,openstreetmap,1,+66952979992,"5, 7 Bang Na-Trat 2 Alley",10260,overture (meta),overture:b89ed887-2850-4103-846c-a01119b27831
nong_au123@hotmail.com,Bakery By Au,,Bang Na District,Bakery,no,Low,1,,English/Latin-script name,https://line.me/R/ti/p/%40sxc1028b,,openstreetmap,1,+66829878792,160 Udom Suk 25 Alley,10260,overture (meta),overture:3fb3e5e7-e15c-4083-af51-afce10dd7989
bakeyardbkk@gmail.com,Bakeyard.,,Bang Na District,Bakery,no,Low,1,,English/Latin-script name,,,openstreetmap,1,+66886506339,Soi Lasalle 46,10260,overture (meta),overture:24d032a5-2df3-48f1-86ae-79736397456f
kdecor1004@gmail.com,Bangkok Makchang,,Bang Na District,Restaurant,no,Low,1,,English/Latin-script name,,,openstreetmap,1,+66959100470,53 Lasalle 85 Alley,10260,overture (meta),overture:b9d3f4c2-0f30-45bd-aa62-5a98cbfc1174
info@basecamp66.com,Basecamp 66 Specialty Coffee,,Bang Na District,Cafe,no,Low,1,,English/Latin-script name,,,openstreetmap,1,+66823614496,1780 Bangna-trad road,10260,overture (meta),overture:78258846-686a-46f9-9322-0286da1dc90e
betterhalf.bkk@gmail.com,Better Half Bkk,,Bang Na District,Cafe,no,Low,1,,English/Latin-script name,,,openstreetmap,1,+66966925249,Lasalle 10 Alley,10260,overture (meta),overture:7910a970-e3b0-441d-addd-22ccdfc894f7
natthamon_93@hotmail.com,Bliss Made Cafe,,Bang Na District,Cafe,no,Low,1,,English/Latin-script name,,,openstreetmap,1,+66972628586,Bang Na-Trat Frontage Rd,10260,overture (meta),overture:81430a69-cab2-4b1d-b7dd-c792f8f58ef7
bluedyecafe@gmail.com,Blue Dye Cafe,,Bang Na District,Cafe,no,Low,1,,English/Latin-script name,,,openstreetmap,1,+66941566166,20 ซอย วชิรธรรมสาธิต 6,10260,overture (meta),overture:f39c1533-2bdb-4051-9215-480517d0cd23
bobocoffee.23@gmail.com,Bobo's Coffee,,Bang Na District,Cafe,no,Low,1,,English/Latin-script name,,,openstreetmap,1,+66991595241,105 ถนน ลาซาล,10260,overture (meta),overture:03c0ae42-3057-435c-b283-cba7df3c4182
boxsmock@gmail.com,Box's Mock,,Bang Na District,Restaurant,no,Low,1,,English/Latin-script name,,,openstreetmap,1,+66949989442,Lassalle's Avenue (Weekend Market),10270,overture (meta),overture:d0702171-1276-4b80-9b67-00873de71edc
browndary@gmail.com,Browndary Factory,,Bang Na District,Bakery,no,Low,1,,English/Latin-script name,,,openstreetmap,1,+66832395577,407 Bang Na-Trat Frontage Rd,10260,overture (meta),overture:9c1144d8-3eaf-459a-9bdb-c11d5a5a8193
ladylukgad96@gmail.com,Buffet Rimnam by Hat Yai Sukhumvit 70/3,,Bang Na District,Restaurant,no,Low,1,,English/Latin-script name,,,openstreetmap,1,+66959098644,"3606, 1 Soi Sukhumvit 70/3",10260,overture (meta),overture:324edd60-485a-4ffb-9b70-a63fd63f8810
cafetoraclub@gmail.com,Cafe Talk Club,,Bang Na District,Cafe,no,Low,1,,English/Latin-script name,,,openstreetmap,1,+66839091791,17 Bearing 5 Aly,10260,overture (meta),overture:19544abe-c811-4bad-a1d3-0e87cba3ceaa
cafein.clubhouse@thaileong.com,Cafein Clubhouse,,Bang Na District,Cafe,no,Low,1,,English/Latin-script name,,,openstreetmap,1,+6621253018,"No, 173 Lasalle Rd",10260,overture (meta),overture:30463b1b-fe63-4cee-ac04-3f973773f5c4
cafeamazonsukhumvit105@gmail.com,Café Amazon,,Bang Na District,Cafe,no,Low,1,Local,English/Latin-script name,http://www.cafe-amazon.com/,,openstreetmap,1,+66896127576,136 ถนน ลาซาล ตำบล บางนาใต้,10260,overture (meta),overture:6a5a6653-385a-4ae4-8ea9-a3cbd38c6081
cattitude.th@gmail.com,Cattitude Cat Cafe,,Bang Na District,Bakery,no,Low,1,,English/Latin-script name,,,openstreetmap,1,+66652249662,818/40 โครงการ The Master อุดมสุข บางนาเหนือ,10260,overture (meta),overture:839866be-4e54-4459-a508-7d979657eefe
ccbakeryandcoffeeshop@gmail.com,Cc Coffee Shop,,Bang Na District,Cafe,no,Low,1,,English/Latin-script name,,,openstreetmap,1,+66898163047,56 Lasalle Rd,10260,overture (meta),overture:26521e32-c043-406b-ad51-5ca7b0fb98ff
supachai_sriwichai@isuzu.com,Chan Chill Coffee,,Bang Na District,Cafe,no,Low,1,,English/Latin-script name,,,openstreetmap,1,+66988285028,24 ถนน แบริ่ง,10270,overture (meta),overture:f09b956c-ebe3-4b8e-8967-483d2567f2fa
bicxiong13@gmail.com,Character Coffee Roaster,,Bang Na District,Cafe,no,Low,1,,English/Latin-script name,,,openstreetmap,1,+66969849849,255 Sukhumvit 105 Alley,10260,overture (meta),overture:980a732b-f41d-4d3d-9b7f-473068f8a911
chayteecoffee@gmail.com,Chaytee,,Bang Na District,Cafe,no,Low,1,,English/Latin-script name,,,openstreetmap,1,+66896399645,126 25 Udom Suk 52 Alley,10260,overture (meta),overture:92aa6e54-6d33-41a1-874c-a33859a64112
cheztoicafe.lasalle@gmail.com,Chez Toi at Lasalle,,Bang Na District,Cafe,no,Low,1,,English/Latin-script name,,,openstreetmap,1,+66646929235,413 Lasalle Rd,10260,overture (meta),overture:f3d1b970-9907-49e3-81aa-c6430741dcc2
choongman.officialth@gmail.com,Choongman Chicken Bangna Bizzo,,Bang Na District,Restaurant,no,Low,1,,English/Latin-script name,,,openstreetmap,1,+66970258060,58 บางนา-ตราด 22,10260,overture (meta),overture:5f209c7d-e158-4d6b-abdd-b04aac7ffd8f
info.clubtalk@gmail.com,Clubtalk,,Bang Na District,Restaurant,no,Low,1,,English/Latin-script name,,,openstreetmap,1,+66971252312,"La Salle's Avenue, H111, ถนน แบริ่ง - ลาซาล",10260,overture (meta),overture:705adf2e-f104-4a31-9ba5-39649c36aa46
cafeatchiangmai@gmail.com,CM coffee&culture,,Bang Na District,Cafe,no,Low,1,,English/Latin-script name,,,openstreetmap,1,+66928533508,,,overture (meta),overture:98a48358-a3ac-4760-b4b0-e5fecbb80263
cocowalk2020@gmail.com,COCO Walk,,Bang Na District,Asian; Thai,no,Low,1,,English/Latin-script name,,,openstreetmap,1,+66991788793,341/1 หมู่6 ตำบลสำโรงเหนือ อำเภอเมืองสมุทรปราการ จังหวัดสมุทรปราการ,10270,overture (meta),overture:c236b588-a0e7-4966-801b-fc1cf954dd4c
summerberry1996@gmail.com,Coffee Station,,Bang Na District,Cafe,no,Low,1,,English/Latin-script name,,,openstreetmap,1,+66926824688,Udom Suk 25 Alley,10260,overture (meta),overture:2ba9c97c-4ba9-4c32-b2a1-981b1ba277e8
corecafebkk@gmail.com,Core Mu Cafe,,Bang Na District,Cafe,no,Low,1,,English/Latin-script name,,,openstreetmap,1,+66969900403,3131/108 Sunkankha Ubon Si Alley,10260,overture (meta),overture:727c8f35-62be-4647-8f70-f6e6564c4102
pornpatlue@gmail.com,CRAFT HERE,,Bang Na District,Bar,no,Low,1,,English/Latin-script name,,,openstreetmap,1,+6620204211,เลขที่ 1 ซอย อุดมสุข 11,10260,overture (meta),overture:aa04c07f-dbc8-4fbc-b9d8-81ceced6e45b
cupturecoffee.bkk@gmail.com,Cupture Coffee,,Bang Na District,Cafe,no,Low,1,,English/Latin-script name,,,openstreetmap,1,+66866696243,462 Lasalle Alley,10270,overture (meta),overture:5a68e7c4-e9d0-4dad-9a55-f811c7e5aa8a
cupbycup.decafe@gmail.com,D Cup Cafe,,Bang Na District,Cafe,no,Low,1,,English/Latin-script name,,,openstreetmap,1,+66877045591,Sukhumvit Rd.,10260,overture (meta),overture:a30f72fe-6ec5-4a98-856b-ad1379559f1b
iyum.sushi@gmail.com,Daruma Sushi,,Bang Na District,Asian; Sushi,no,Low,1,,English/Latin-script name,,,openstreetmap,1,+66959089777,,,openstreetmap,https://www.openstreetmap.org/node/4778503430
delizhcooking@gmail.com,Delizh Bangna,,Bang Na District,Cafe,no,Low,1,,English/Latin-script name,,,openstreetmap,1,+66661159886,delizh cooking,10260,overture (meta),overture:91ca7da1-6161-40c3-a158-e88101cd2a65
doramihotpot@gmail.com,Dorami Hotpot,,Bang Na District,Restaurant,no,Low,1,,English/Latin-script name,https://qr1.be/4ULQ,,openstreetmap,1,+66808578888,23 ถ. ศรีนครินทร์ บางนาเหนือ เขตบางนา กรุงเทพมหานคร 10260 125 33 Bang Na-Trat 46,10260,overture (meta),overture:546d7eb0-8771-4f86-8104-31a76b301e6a
alomdegarden@gmail.com,Dripern,,Bang Na District,Cafe,no,Low,1,,English/Latin-script name,,,openstreetmap,1,+66935495564,21/555 ซอย บางนา-ตราด 5,10260,overture (meta),overture:821856d8-9e73-4a45-a550-3a5ea7e86432
dude.wimb@gmail.com,DUDE Bar,,Bang Na District,Bar,no,Low,1,,English/Latin-script name,,,openstreetmap,1,+66625930263,870 ซอย ลาซาล,10260,overture (meta),overture:cd86f63f-77ee-46b3-a62d-c8d3513e308a
earlybirdofficial@gmail.com,Early Bird Coffee & Dessert bar,,Bang Na District,Restaurant,no,Low,1,,English/Latin-script name,,,openstreetmap,1,+66830247881,58 บางนา-ตราด 23,10260,overture (meta),overture:f0c2679b-2c7a-4fe2-8b35-a1b59bce522a
easynetohyour@gmail.com,easyNet Business Center,,Bang Na District,Cafe,no,Low,1,,English/Latin-script name,,,openstreetmap,1,+6627479998,45 49 Sukhumvit 101/2 Alley,10260,overture (meta),overture:7f7e2fd0-d080-499a-948e-5cedec6126ec
eobcafe.bkk2024@gmail.com,EOB Café - Lasalle's Avenue,,Bang Na District,Cafe,no,Low,1,,English/Latin-script name,,,openstreetmap,1,+66993929546,ถนน แบริ่ง - ลาซาล,10260,overture (meta),overture:1330ffae-2053-4783-aaaf-12118bc4199c
rbwls64@gmail.com,Factory Buffet,,Bang Na District,Asian; Korean,no,Low,1,,English/Latin-script name,,,openstreetmap,1,+6621307263,Bang Na-Trat 36 Alley,10260,overture (meta),overture:a5ded250-7ea6-4de9-b6bd-6b7a6cc66422
sujittra809@gmail.com,Faith Coffee &Drinks,,Bang Na District,Cafe,no,Low,1,,English/Latin-script name,,,openstreetmap,1,+66945894614,สุขุมวิท 93,10260,overture (meta),overture:b3969309-5afa-4267-80fd-8e73a566ce72
farmmucafe00001@gmail.com,Farm Mu Cafe,,Bang Na District,Restaurant,no,Low,1,,English/Latin-script name,http://line.me/ti/p/@farm_mu,,openstreetmap,1,+66659283688,"ดาดฟ้า มาเก็ตปาร์ค, 539 Lasalle Rd",10250,overture (meta),overture:41b30560-35c8-4641-901e-cc9d8b582ff7
fatboycoffeebkk@gmail.com,Fatboy Coffee,,Bang Na District,Cafe,no,Low,1,,English/Latin-script name,,,openstreetmap,1,+66946694624,72 ซอย ถนน สุขุมวิท 101/1,10260,overture (meta),overture:93242a44-317a-45f7-a589-026f8631d05d
fattom2506@gmail.com,Fattom Japanese Rice,,Bang Na District,Asian; Japanese,no,Low,1,,English/Latin-script name,,,openstreetmap,1,+66642927732,Sukhumvit 105 Alley,10260,overture (meta),overture:f1acd3c4-ec07-4142-ad82-51393fff9ae5
jan.floracafe@gmail.com,Flora Cafe,,Bang Na District,Cafe,no,Low,1,,English/Latin-script name,,,openstreetmap,1,+66825838074,333/107 Bangna place 2nd floor Sanpawut road,10260,overture (meta),overture:efbd3e58-3b66-49c9-ade4-c2cf1c7eed28
thecarnivalbangkok@gmail.com,Fo Sho Bro,,Bang Na District,Cafe,no,Low,1,,English/Latin-script name,,,openstreetmap,1,+66970189798,Soi Sophon,10260,overture (meta),overture:e765cd16-c25e-4f1f-8907-bc0935e9368f
gayabkk@bhirajburi.co.th,GAYA BKK,,Bang Na District,Restaurant,no,Low,1,,English/Latin-script name,,,openstreetmap,1,+66802622733,"GAYA Restaurant & Bar at SAMA Garden at BITEC BURI, 88 Debaratana Road, Bang Na Tai, Bang Na",10260,overture (meta),overture:842e97a8-842c-4330-8297-b6d83569a161
genbusushibar@gmail.com,GENBU Sushi Bar,,Bang Na District,Asian; Sushi,no,Low,1,,English/Latin-script name,,,openstreetmap,2,+66625919836,6 ถนน สุขุมวิท,10260,overture (meta),overture:23e126da-1ea4-4163-bc5b-81f6a53ff1d5
glammeclinic@gmail.com,GLAM ME Medical Center,,Bang Na District,Asian; Thai,no,Low,1,,English/Latin-script name,,,openstreetmap,1,+66838920423,"Paradise shopping center, Bangkok, Thailand, Bangkok",10250,overture (meta),overture:002e2b7c-95fa-4adc-aa64-f5a94feccab8
gokuraku.bkk@gmail.com,Gokuraku Sukhumvit 46,,Bang Na District,Asian; Japanese,no,Low,1,,English/Latin-script name,,,openstreetmap,2,+6621207936,4111 Sukhumvit Rd.,10110,overture (meta),overture:4d489cc0-8b18-4508-8c83-331183038b82
mukajok555@gmail.com,Good Groove Music Shop and Room,,Bang Na District,Bar,no,Low,1,,English/Latin-script name,,,openstreetmap,1,+66996696599,โครงการอุดมสุขมาร์เก็ต ซอย อุดมสุข 58,10240,overture (meta),overture:632de793-40e5-4e43-8af9-0abcad72a469
gravitybkk.hq@gmail.com,Gravity Artisan Cafe and Eatery,,Bang Na District,Cafe,no,Low,1,,English/Latin-script name,,,openstreetmap,1,+66619193241,24/3 Lasalle 27 Alley,10260,overture (meta),overture:1042c2c4-9d91-4e04-8522-d46bb7134dbf
hanumarncafe@gmail.com,Hanumarn Cafe',,Bang Na District,Cafe,no,Low,1,,English/Latin-script name,,,openstreetmap,1,+66623745556,101/1 ถนน สุขุมวิท,10260,overture (meta),overture:801ca2b7-637e-4b6c-b788-272fa17774d4
hausofrosie@gmail.com,Haus of Rosie cafe & florist,,Bang Na District,Cafe,no,Low,1,,English/Latin-script name,,,openstreetmap,1,+66955678025,10 Bangna - Trad 4,10540,overture (meta),overture:3db8cf8e-632a-4dba-812a-39d40d51ec1c
interior.creative.th@gmail.com,Hello Bangna,,Bang Na District,Cafe,no,Low,1,,English/Latin-script name,,,openstreetmap,1,+66918627979,525 ถนน สรรพาวุธ บางนาใต้ เขตบางนา,10260,overture (meta),overture:89d57005-cb16-477d-bc09-f0a1120bfb69
hexsspace@gmail.com,Hexs Space,,Bang Na District,Bar,no,Low,1,,English/Latin-script name,,,openstreetmap,1,+66618428666,3788 ถนน สุขุมวิท,10260,overture (meta),overture:83b272fa-46a0-4986-9aeb-b95fd92a04da
asawanee@gmail.com,Hima Bar,,Bang Na District,Bar,no,Low,1,,English/Latin-script name,,,openstreetmap,1,+66876766586,ถนน แบริ่ง - ลาซาล,10260,overture (meta),overture:96b451a5-d0b7-4b43-bbe4-64bb10f538c6
honmononippon@daishothai.com,Honmono Nippon,,Bang Na District,Restaurant,no,Low,1,Local,English/Latin-script name,http://www.honmononippon.com/,contact@honmononippon.com,openstreetmap,1,+66955249146,"Honmono Nippon, RPE @Udomsuk, No.87, Soi Udomsuk37, Bangjak, Prakanong",10260,overture (meta),overture:c57379a7-f0d7-49b5-b21c-a39b259e09d4
kuanattakornsiriporntoom@gmail.com,Hope B Cha Cafe,,Bang Na District,Cafe,no,Low,1,,English/Latin-script name,,,openstreetmap,1,,แบริ่ง-ลาซาลตัดใหม่,10260,overture (meta),overture:cfe0f326-cbba-4025-ac78-60bb9f29f2d4
0casinova0@gmail.com,Hopper Koffee,,Bang Na District,Bakery,no,Low,1,,English/Latin-script name,,,openstreetmap,1,+66800681599,163 ซอย ลาซาล 22,10260,overture (meta),overture:66acd132-04ff-4403-9e49-0d51731cca3b
nama_naw@hotmail.com,Hwang Cafe chapter 2,,Bang Na District,Cafe,no,Low,1,,English/Latin-script name,,,openstreetmap,1,,4053 Sukhumvit 103/1 Alley,10110,overture (meta),overture:51865495-b645-4a2a-be62-6c2bf2014476
ikki.izakaya.bar@gmail.com,Ikki Izakaya,,Bang Na District,Asian; Japanese,no,Low,1,,English/Latin-script name,,,openstreetmap,1,+66982694573,3135 Sukhumvit 101/2 Alley,10260,overture (meta),overture:5f3d5c48-b34f-40ad-a903-1eab68f6749b
intocoffee2024@gmail.com,into.coffee.bkk,,Bang Na District,Cafe,no,Low,1,,English/Latin-script name,,,openstreetmap,1,+66639673793,991/1 ถนน บางนา-ตราด,10260,overture (meta),overture:20958fce-0e2d-46f8-b723-06865709e9cd
jaideecoffeestandgroup@gmail.com,Jaidee Coffee Stand,,Bang Na District,Cafe,no,Low,1,,English/Latin-script name,,,openstreetmap,1,+66956544288,4/2,10250,overture (meta),overture:71532497-367b-491d-99ba-5af957e52490
joyz0729@gmail.com,JBfoodsHouse,,Bang Na District,Takeaway,no,Low,1,,English/Latin-script name,,,openstreetmap,1,+66812650945,92 ถนน บางนา-ตราด,10260,overture (meta),overture:f182bb7d-e658-423d-a3f4-05b10203f9bd
jellificafe@gmail.com,Jellifi Cafe,,Bang Na District,Cafe,no,Low,1,,English/Latin-script name,,,openstreetmap,1,+66968966245,105 ถนน ลาซาล,10260,overture (meta),overture:a94fb4c9-8abc-49d1-b680-1f42884b6f8b
jenns.bangkok@gmail.com,Jenn's - PARC Bangna,,Bang Na District,Restaurant,no,Low,1,,English/Latin-script name,,,openstreetmap,1,+66614874558,955 Debaratna Rd,10260,overture (meta),overture:67cdb272-edc6-498e-82f0-cb0595b5c99b
jubbygrasso@gmail.com,Jubby’s Kitchen,,Bang Na District,Bakery,no,Low,1,,English/Latin-script name,,,openstreetmap,1,+66949482727,Lad Prao 106,<<not-applicable>>,overture (meta),overture:ec4095cc-6986-4b73-8964-2fbdd00dc5e9
udomsuk@karocoffee.com,Karo Udomsuk,,Bang Na District,Restaurant,no,Low,1,,English/Latin-script name,,,openstreetmap,1,+66800758787,18 ถนน อุดมสุข,10260,overture (meta),overture:bc76dac9-bda1-4ff8-bc79-0b516a3e60e4
keikicake@hotmail.com,Keiki Cake,,Bang Na District,Cafe,no,Low,1,,English/Latin-script name,,,openstreetmap,1,+66876037676,462 Sukhumvit 105 Alley,10260,overture (meta),overture:c62e1bfb-300e-424a-835b-e107d4c93be0
kevcroissant@gmail.com,KEV Croissant and Coffee,,Bang Na District,Bakery,no,Low,1,,English/Latin-script name,,,openstreetmap,1,+66815691556,32 ถนน ลาซาล-แบริ่ง แขวงบางนาใต้ เขตบางนา กรุงเทพมหานคร,10260,overture (meta),overture:5dd73687-a213-42ce-a55d-21ce41c6612e
kfcccb@crg.co.th,KFC,,Bang Na District,Takeaway,no,Low,1,,English/Latin-script name,https://kfc.co.th/,,openstreetmap,1,,"587, 589 Central Bangna, Room No. B102, B1 Floor, Debaratana Road, Kwaeng Bangna Nua, Khet Bangna",10260,overture (AllThePlaces),overture:7a9db64f-e167-4e65-a9ad-797dde0529de
th-sikarinhospitalbangna@qsa.co.th,KFC,,Bang Na District,Takeaway,no,Low,1,,English/Latin-script name,https://kfc.co.th/,,openstreetmap,1,,"No. 976 Lasalle Road, Bang Na Tai Subdistrict, Bang Na District",10260,overture (AllThePlaces),overture:71ca93d0-40ef-45fe-9e67-26c5f7767b49
khanomcafe60@gmail.com,Khanom's Croffle,,Bang Na District,Cafe,no,Low,1,,English/Latin-script name,,,openstreetmap,1,+66636744740,223 Srinagarindra Rd,10260,overture (meta),overture:74aa4533-4973-4cff-a134-18aa120fb799
kinizakaya88@gmail.com,KINIZAKAYA,,Bang Na District,Asian; Japanese,no,Low,1,,English/Latin-script name,https://lin.ee/Oj57mHj,,openstreetmap,1,+66887935222,สุขุมวิท105 924 ล็อก 4-5,10260,overture (meta),overture:bc93f6e0-5c4a-4485-a70a-33fb6022db09
kinroll.bangna26@gmail.com,Kinroll - Hand Roll Sushi - Bangna,,Bang Na District,Asian; Japanese; Sushi,no,Low,1,,English/Latin-script name,,,openstreetmap,1,+66954913709,"PARC Bangna ,Si lam station,Bang na-trat front",10260,overture (meta),overture:0d2d8166-0c6d-4aac-b20f-2d5483f490aa
kinshiro777@gmail.com,Kinshiro Izakaya Ramen,,Bang Na District,Asian; Japanese,no,Low,1,,English/Latin-script name,,,openstreetmap,1,+66628809878,97 Soi Bang Na-Trat 23,10260,overture (meta),overture:645c0bcb-dee9-4417-a3b2-80ff43d239fd
ruammitrgroup@gmail.com,KLER,,Bang Na District,Restaurant,no,Low,1,,English/Latin-script name,,,openstreetmap,1,+66659915925,74 ถนน สุขุมวิท 101/1,10260,overture (meta),overture:2378e728-7cec-4569-a455-ba1441f829ee
kofnco@gmail.com,KOF&Co,,Bang Na District,Cafe,no,Low,1,,English/Latin-script name,,,openstreetmap,1,+66859205053,9 สุขุมวิท 103,10260,overture (meta),overture:8b353a90-cd95-4fc9-bf73-367a12f9d792
kokinaemsae@gmail.com,Kokinaemsae Bangna,,Bang Na District,Asian; Korean,no,Low,1,,English/Latin-script name,,,openstreetmap,3,+66616324292,"เลขที่ 58 อาคาร BIZZO, ชั้น 1 ห้อง B 101 - B 102, ซอยบางนา-ตราด 23 ถนนบางนา-ตราด",10260,overture (meta),overture:8415f150-d268-4680-a575-f3913bd3bafd
krungthepkhaomankai@gmail.com,Kone Htet BKK,,Bang Na District,Restaurant,no,Low,1,,English/Latin-script name,,,openstreetmap,1,+66952647995,4485 ถนน สุขุมวิท,10260,overture (meta),overture:bbacc705-e2a0-4c6c-b7ea-8e72992ecb0d
kittisak.ww12@gmail.com,KRUNG RO,,Bang Na District,Cafe,no,Low,1,,English/Latin-script name,,,openstreetmap,1,+66928894721,ตลาดแอทแบริ่ง,,overture (meta),overture:28fad4f9-e852-4728-89db-18439ea55c41
stay@lumenbkkudomsuk.com,la Luna,,Bang Na District,Bar,no,Low,1,,English/Latin-script name,,,openstreetmap,1,+6623319095,15 Sukhumvit 103 Rd,10260,overture (meta),overture:131bd875-2a56-4e4f-b309-20f3b439a71c
admin@lapintacoffee.com,Lapinta Coffee,,Bang Na District,Cafe,no,Low,1,,English/Latin-script name,,,openstreetmap,1,+66993254400,447 ซอย ลาซาล,10260,overture (meta),overture:c0558fae-ffa4-4d7f-a80a-9eca1e490ec4
liberohousethailand@gmail.com,Liberohouse,,Bang Na District,Cafe,no,Low,1,,English/Latin-script name,,,openstreetmap,2,+66946716294,17 ถนน แบริ่ง,10270,overture (meta),overture:7f09fa8f-2c74-451b-bc95-d33a94b1e57b
lmdcoffeeco@gmail.com,LMD Coffee Roasters (Sukhumvit 101/2),,Bang Na District,Cafe,no,Low,1,Local,English/Latin-script name,http://shopee.co.th/lmdcoffeeroasters,,openstreetmap,2,+66856662456,3133 Sukhumvit 101/2 Alley,10260,overture (meta),overture:09c076ea-abe9-4397-88d1-2ce76ddc0cb1
loafycobakeryhouse@gmail.com,LoafyCo Bakery House,,Bang Na District,Bakery,no,Low,1,,English/Latin-script name,,,openstreetmap,1,+66967315436,"Dadfa Lasalle, Lasalle Rd",10260,overture (meta),overture:86d9bc1e-7a9f-427b-b8fa-1f408de12c4f
longhaulcafe@gmail.com,Longhaul Cafe,,Bang Na District,Cafe,no,Low,1,,English/Latin-script name,,,openstreetmap,1,+66904998222,บ้านเลขที่ 1 Soi Baering 11,10260,overture (meta),overture:2b0207b5-8f82-4bc5-b56c-156864142772
longloubar@gmail.com,Longlou Bar,,Bang Na District,Restaurant,no,Low,1,,English/Latin-script name,,,openstreetmap,2,+66629164266,เลขที่ 360 Bang Na-Trat Frontage Rd,10260,overture (meta),overture:11750e76-27e5-4b6e-8e7b-e219ea23de8f
mabuhicafe@gmail.com,MabuHi Cafe,,Bang Na District,Cafe,no,Low,1,,English/Latin-script name,,,openstreetmap,1,+66638798554,2940 Sukhumvit Rd,10260,overture (meta),overture:8d5ee61a-a3c7-42f6-95d5-cf888cb4a9ab
maedining@gmail.com,Mae,,Bang Na District,Asian; Thai,no,Low,1,,English/Latin-script name,,,openstreetmap,1,+6620046722,"ศูนย์การค้าลิตเติ้ลวอล์คบางนา (Little Walk Bangna), เลขที่ 769/1",10260,overture (meta),overture:43b55fef-5203-4eed-a01c-bcfd16230bdc
meisaku.holding@gmail.com,Meisaku Premium Yakiniku - PARC Bangna,,Bang Na District,Asian; Japanese,no,Low,1,,English/Latin-script name,,,openstreetmap,1,+66819254954,9 ถนน บางนา-ตราด,10260,overture (meta),overture:a64da5ac-340f-4b3b-8332-4908294e0afe
midnightexpress.bkk@gmail.com,Midnight express,,Bang Na District,Restaurant,no,Low,1,,English/Latin-script name,,,openstreetmap,1,+66811469002,1359 lasalle road south bangna Bangna,10260,overture (meta),overture:6f46eda8-92ad-42f3-9bc8-50abfb74a02d
mikka.littlewalk@gmail.com,Mikka Little Walk Bangna,,Bang Na District,Cafe,no,Low,1,,English/Latin-script name,,,openstreetmap,1,+66985097305,769 Debaratna Rd,10260,overture (meta),overture:78fe4181-84ca-4def-a97c-2234e0a7e094
mollycafe99@gmail.com,Molly Cafe,,Bang Na District,Cafe,no,Low,1,,English/Latin-script name,,,openstreetmap,1,+66865646544,32 Bang Na-Trat 31 Alley,10260,overture (meta),overture:cd6aa212-a123-4e44-9b6c-286e91d28368
jade.jetsada369@gmail.com,Mongkol Gardens Bangkok Cafe and Restaurant,,Bang Na District,Restaurant,no,Low,1,,English/Latin-script name,,,openstreetmap,1,+66651546935,107 ซอยอุดมสุข42 103 ถนนสุขุมวิท,10260,overture (meta),overture:08142e56-8e69-4fbf-bab5-718020b1dad6
moonsufer89@gmail.com,Moonsurface cafe&cocktail,,Bang Na District,Cafe,no,Low,1,,English/Latin-script name,,,openstreetmap,1,+66962355538,58 Soi Bang Na-Trat 23,10260,overture (meta),overture:3f2bcdc0-91fa-4f76-b757-02108a1f6bc1
mothercows.parcbangna@gmail.com,Mothercows.parcbangna,,Bang Na District,Bakery,no,Low,1,,English/Latin-script name,,,openstreetmap,1,+66835146463,Mother Cows - Parc Bangna,10260,overture (meta),overture:58b3a97c-d846-4475-9ace-d98b49c537ed
htoon.ngwe@gmail.com,My FooD,,Bang Na District,Restaurant,no,Low,1,,English/Latin-script name,,,openstreetmap,1,+66983422286,31 Soi Wachiratham Sathit 4,10260,overture (meta),overture:1a475b7c-f9fe-4424-ba80-82c1ee4d7ea4
myheaven.official@gmail.com,My Heaven coffee,,Bang Na District,Cafe,no,Low,1,,English/Latin-script name,,,openstreetmap,1,+6621820112,"No, 1588/11 Bangna-Trad Rd",10260,overture (meta),overture:725a4125-4071-4d3b-a5b1-0b5b74693477
ps.mywaycafe@gmail.com,My Way Cafe,,Bang Na District,Cafe,no,Low,1,,English/Latin-script name,,,openstreetmap,1,+66654012182,63 Soi Sanphawut 2,10260,overture (meta),overture:8c260715-1f59-4a1e-aa0c-216c46b363ac
engineer_gian@hotmail.com,Na Siam,,Bang Na District,Restaurant,no,Low,1,Local,English/Latin-script name,https://nasiam.net/,,venue website,1,+6623611118,"1093, Central City Bang Na, G Floor ซอย บางนา-ตราด 42",10260,overture (meta),overture:81cc777f-ccd5-404f-b694-7aa67f46cc20
goodbevvery@gmail.com,Naughty Girl Cafe,,Bang Na District,Cafe,no,Low,1,,English/Latin-script name,,,openstreetmap,1,+66952973374,8/8 เลขที่ห้อง 104 อาคารดิโอคส์ หน้า Udom Suk 46 Alley,10260,overture (meta),overture:6195aee0-aaa3-4a34-9466-16c0d790c7ca
nhcoffee66@gmail.com,NH Cafe,,Bang Na District,Cafe,no,Low,1,,English/Latin-script name,,,openstreetmap,1,+66971373061,3943 Sukhumvit Rd,10260,overture (meta),overture:c6f2e6ba-19ee-4a22-8be5-1c7f68ab6138
nikkocurry.info@gmail.com,Nikko Curry and Matcha,,Bang Na District,Asian; Indian; Japanese,no,Low,1,,English/Latin-script name,,,openstreetmap,1,+66958942656,"ตรงข้ามรร.นานาชาติบางกอกพัฒนา, 640 Sukhumvit 105 Alley",10260,overture (meta),overture:4b46838d-defb-4d4b-a6cd-1954933bf26e
garfiel_m@hotmail.com,OK Health Club,,Bang Na District,Restaurant,no,Low,1,,English/Latin-script name,,,openstreetmap,1,+66816675678,เต็นท์ OK รถดี 2 Soi Chula 4,10260,overture (meta),overture:d9393c3c-ac1e-471f-b8f1-4005e0990af4
olivinecafe168@gmail.com,Olivine Cafe,,Bang Na District,Cafe,no,Low,1,,English/Latin-script name,,,openstreetmap,1,+66644495175,52 Soi Bang Na-Trat 30,10260,overture (meta),overture:2b78011d-803a-4b7a-99ff-063066b4e393
ottoke.bkk@gmail.com,OT-TO-Ké,,Bang Na District,Restaurant,no,Low,1,,English/Latin-script name,,,openstreetmap,1,+66934928966,OTTOKE BKK,10260,overture (meta),overture:0f6f3090-c4eb-4e1a-9776-50eedd589660
otsuizakaya@gmail.com,otsu izakaya,,Bang Na District,Asian; Japanese,no,Low,1,,English/Latin-script name,,,openstreetmap,1,+66940354716,240/22 ถนน เทพรัตน,10260,overture (meta),overture:f94b8768-d34d-4f9c-bbe1-01350c7f4bd3
wasankamon33@gmail.com,OU ROASTER,,Bang Na District,Cafe,no,Low,1,,English/Latin-script name,,,openstreetmap,1,+66906694465,78 สุขุมวิท 101/1,10260,overture (meta),overture:d3b44871-a86e-4c7e-94a3-82f4c024a6ed
aeechachack@gmail.com,Owl Cha,,Bang Na District,Restaurant,no,Low,1,,English/Latin-script name,,,openstreetmap,1,+66826691888,"2CR 206/1 เลขที่ 111 อาคาร Big C Bangna ชั้น2, ซอย บางนา-ตราด 42",10260,overture (meta),overture:f0326da3-ca01-4536-84d7-01634be71b96
contact@pastichebkk.com,Pastiche.bkk,,Bang Na District,Cafe,no,Low,1,,English/Latin-script name,,,openstreetmap,1,+66829506154,24 บางนา-ตราด 27,10260,overture (meta),overture:db7fc16b-ac2d-4b72-bcf1-94938c094f23
pengkeethailand@gmail.com,Pengkee,,Bang Na District,Cafe,no,Low,1,Local,English/Latin-script name,http://www.pengkeethailand.com/,,openstreetmap,1,+6623615845,หมู่บ้าน 24 Naphalai 13 Alley,10260,overture (meta),overture:39540f64-db93-4d84-b2e4-91c50fd1faf1
peterandsons1999@gmail.com,Peter & Sons Cafe,,Bang Na District,Cafe,no,Low,1,,English/Latin-script name,,,openstreetmap,1,+6620051642,"1968 Moo 7, Soi Bearing 1",10270,overture (meta),overture:e19ffc98-526a-4836-9a57-9affb626d492
piccolovicolo@gmail.com,Piccolo Vicolo Café at Dadfa Lasalle,,Bang Na District,Cafe,no,Low,1,,English/Latin-script name,,,openstreetmap,1,+66639276658,562 ซอย สุขุมวิท 105,10260,overture (meta),overture:962c2c09-8042-4fef-8236-c12c914c04e3
plerncafe.th@gmail.com,Plern Cafe & Eatery,,Bang Na District,Cafe,no,Low,1,,English/Latin-script name,,,openstreetmap,1,+66616529513,,10260,overture (meta),overture:95fc34ee-c06c-4d97-96ef-cd7b521a6243
plibaicafe@gmail.com,PliBai Cafe & Health,,Bang Na District,Cafe,no,Low,1,,English/Latin-script name,,,openstreetmap,1,+66614348888,"3770, ถนนสุขุมวิท, บางนา, บางนา, กรุงเทพมหานคร 10260, ประเทศไทย",10260,overture (meta),overture:5a48e063-fc0b-469d-a23f-fd6d76b4ba1d
puipeng2020@gmail.com,PuiPeng Bak Kut Teh,,Bang Na District,Asian; Chinese,no,Low,1,,English/Latin-script name,https://lin.ee/rbiMgHK,,openstreetmap,1,+66917051499,343/2 The City สุขุมวิท-แยกบางนา Soi Com 7,10260,overture (meta),overture:9f3a2d24-ab09-4a49-b52e-f1da1d1535c7
redlinecoffee.bkk@gmail.com,Redline coffee,,Bang Na District,Cafe,no,Low,1,,English/Latin-script name,https://r.grab.com/g/6-20241023_091919_29C9648DAEFD4B689297B33322361A76_MEXMPS-3-C6W2MBUHCLNALJ,,openstreetmap,1,+66634545222,"Room 354, 3rd floor, Plaza zone nearby Chic republic, 989 Debaratna Rd",10260,overture (meta),overture:12cab13a-1768-483b-a9d8-528ee768a64d
rigelskybar@gmail.com,Rigel Skybar,,Bang Na District,Bar,no,Low,1,,English/Latin-script name,,,openstreetmap,1,+66808178433,52 Soi Bang Na-Trat 30,10260,overture (meta),overture:ac6f71d9-92c4-4369-8c5e-bde4c5934bcb
rinaheycafe@gmail.com,Rina Cafe Bangna,,Bang Na District,Cafe,no,Low,1,,English/Latin-script name,,,openstreetmap,1,+66953455591,"10260, กม.4, 983 Bang Na-Trat Frontage Rd",10260,overture (meta),overture:e42a58f3-7d70-48a2-a963-535f9327e9b7
rollinsaigon.bkk@gmail.com,Rollin’ Saigon,,Bang Na District,Asian,no,Low,1,,English/Latin-script name,,,openstreetmap,1,+66654429826,"Rollin’ Saigon, Dadfa ,Sukhumwit 105, Bangna",10260,overture (meta),overture:ce2da230-9be3-458b-b9e6-b85ad74bebca
weeleepang@yahoo.com,Sambalacha Bangkok by Uncle Pang Singapore,,Bang Na District,Asian,no,Low,1,,English/Latin-script name,,,openstreetmap,1,+66996233329,"69/53 Mu Ban Lalana Soi 2, Dokmai Prawet",10250,overture (meta),overture:d66893e3-ac58-479a-a12b-15a32bf35093
contact@sanjiofficial.com,Sanji Matcha Bar - Sukhumvit 70/3,,Bang Na District,Restaurant,no,Low,1,,English/Latin-script name,,,openstreetmap,1,+66645324364,Soi Sukhumvit 70/3,10260,overture (meta),overture:994def0e-a596-475f-84b0-85277f6ecb79
contact@secretrecipe.co.th,Secret Recipe,,Bang Na District,Restaurant,no,Low,1,,English/Latin-script name,http://www.secretrecipe.co.th,,openstreetmap,2,+6627457320,"1091 หมู่ 12, เซ็นทรัลบางนา ห้อง 317A, ถนนบางนา-ตราด",10260,overture (meta),overture:dabb3e0d-992c-49ab-bc6a-a3ea5dddfab3
marketing@shabuchain.com,Shabu Shabu by Chain,,Bang Na District,Restaurant,no,Low,1,Local,English/Latin-script name,http://www.shabuchain.com/,cs@shabuchain.com,openstreetmap,1,+66970136070,5 ถนน บางนา-ตราด,10260,overture (meta),overture:c233a0de-2d34-484c-bc4b-0f6c3d19d76f
shabustreet.th@gmail.com,Shabu Street,,Bang Na District,Restaurant,no,Low,1,,English/Latin-script name,,,openstreetmap,1,+66957299903,,10260,overture (meta),overture:cd1dd065-db00-4993-a111-e470ec955828
shelterhood.brewandchill@gmail.com,Shelterhood Brew and Chill,,Bang Na District,Cafe,no,Low,1,,English/Latin-script name,,,openstreetmap,1,+66886052506,3324/1 Wat Bang Na Nai Alley,10260,overture (meta),overture:fde92a09-ca8e-4530-8631-242ab1142667
wasin.eatery@gmail.com,Sho Ramen @Central Bangna 5th floor,,Bang Na District,Japanese,no,Low,1,,English/Latin-script name,,,openstreetmap,1,+66611955266,"เหนือ, 585 Central Bangna, 5th floor Eatery House Zone",10260,overture (meta),overture:62235c00-6ec4-4631-a880-fe2143ea2ead
shoryubangna@gmail.com,Shoryu Premium Hotpot,,Bang Na District,Restaurant,no,Low,1,,English/Latin-script name,,,openstreetmap,1,+66635026666,769 ถนน บางนา-ตราด,10260,overture (meta),overture:b84b488c-0df0-4f69-9271-a8836179554b
silawatrestaurant@gmail.com,Silawat Seafood,,Bang Na District,Seafood,no,Low,1,,English/Latin-script name,,,openstreetmap,1,+6621734952,,,openstreetmap,https://www.openstreetmap.org/node/5603591132
snow.coffee.cafe@gmail.com,Snow Coffee,,Bang Na District,Cafe,no,Low,1,,English/Latin-script name,,,openstreetmap,1,+6620561625,12 ถนน สุขุมวิท,10280,overture (meta),overture:152bb459-308a-4c97-b7ab-044272a1813e
sogrillandshabu@gmail.com,So grill and Shabu,,Bang Na District,Restaurant,no,Low,1,,English/Latin-script name,,,openstreetmap,1,+66614098886,4361 Sukhumvit Rd,10260,overture (meta),overture:d25317a6-cd28-4386-a03f-ebd91b45a13a
tperapath@gmail.com,Sora Japanese Cafe,,Bang Na District,Asian; Japanese,no,Low,1,,English/Latin-script name,,,openstreetmap,1,+66659283662,Dadfa ถนน ลาซาล Sukhumvit 105 Alley,10260,overture (meta),overture:80dafaf9-0be0-496a-a0ce-8cfe9d6ae2cc
square.cafe01@gmail.com,Square Cafe’,,Bang Na District,Restaurant,no,Low,1,,English/Latin-script name,,,openstreetmap,1,,สรรพาวุธ,10260,overture (meta),overture:700d0263-2378-4b91-9237-0e03866c2acf
14504@coffee-concepts.co.th,Starbucks,,Bang Na District,Cafe,no,Low,1,,English/Latin-script name,https://starbucks.co.th/,,openstreetmap,1,,,,overture (AllThePlaces),overture:ecea145a-73df-4ef6-ae84-21f1e9c43250
14406@coffee-concepts.co.th,Starbucks,,Bang Na District,Cafe,no,Low,1,,English/Latin-script name,https://starbucks.co.th/,,openstreetmap,1,+66649359257,,,overture (AllThePlaces),overture:823338c5-85e8-40d8-97f8-bfc9dcabea67
14010@coffee-concepts.co.th,Starbucks,,Bang Na District,Cafe,no,Low,1,,English/Latin-script name,https://starbucks.co.th/,,openstreetmap,1,,,,overture (AllThePlaces),overture:f0976890-4c51-499a-9490-3e74df6fa48f
14260@coffee-concepts.co.th,Starbucks,,Bang Na District,Cafe,no,Low,1,,English/Latin-script name,https://starbucks.co.th/,,openstreetmap,1,,,,overture (AllThePlaces),overture:b0752c9b-893d-4d75-92cd-b12fcede66af
14583@coffee-concepts.co.th,Starbucks,,Bang Na District,Cafe,no,Low,1,,English/Latin-script name,https://starbucks.co.th/,,openstreetmap,1,,,,overture (AllThePlaces),overture:bfd97e2b-e4b0-4263-a2f9-1ee257804087
braveberrybeer@gmail.com,Suki Numthong,,Bang Na District,Restaurant,no,Low,1,,English/Latin-script name,,,openstreetmap,1,+66916368963,29 สุขุมวิท 103,10260,overture (meta),overture:3711e1a1-6471-4658-a62e-dbf9433950c0
info@superbowdelivery.com,SuperBow Delivery,,Bang Na District,Restaurant,no,Low,1,,English/Latin-script name,http://www.superbowdelivery.com/,,openstreetmap,1,+6621055452,163 84 Muban Naphalai Alley,10260,overture (meta),overture:46ff3dc7-59d4-4d2a-916d-24078b83bdbb
sushi24.us@gmail.com,SUSHI 24 Udomsuk,,Bang Na District,Sushi,no,Low,1,,English/Latin-script name,,,openstreetmap,1,+66992228256,625 ถ.อุดมสุข แขวงบางนาเหนือ เขตบางนา,10260,overture (meta),overture:b326feb1-700d-4d39-a70b-4d9e696c92fc
thanaphong.sorasing@mail.com,SUSHI DAI,,Bang Na District,Asian; Sushi,no,Low,1,,English/Latin-script name,,,openstreetmap,1,+66634026655,916 ซอย ลาซาล,10260,overture (meta),overture:6ecc31f7-6215-4818-8751-f294780c7046
sushilike2020.udomsuk@gmail.com,Sushi Like,,Bang Na District,Asian; Sushi,no,Low,1,,English/Latin-script name,,,openstreetmap,1,+66889304904,3653 Sukhumvit Rd,10260,overture (meta),overture:8316d1d7-572e-40f1-b9fb-a7cea07cd134
takaomakase.sushibar@gmail.com,Taka sushi bar & Ala carte bkk,,Bang Na District,Asian; Japanese; Sushi,no,Low,1,,English/Latin-script name,,,openstreetmap,1,+66935642669,7/36 ถนน สาธุประดิษฐ์,10120,overture (meta),overture:1a87f680-31a7-49ef-9483-f4f05c6f5356
temimbyap@gmail.com,TemIm by AP Food and Bakery,,Bang Na District,Bakery,no,Low,1,,English/Latin-script name,,,openstreetmap,1,+66817326665,18 36 Soi Sophon,10260,overture (meta),overture:53e690bf-538e-4ae3-926a-152a45f575af
the66cottage@gmail.com,The 66 Cottage,,Bang Na District,Cafe,no,Low,1,,English/Latin-script name,,,openstreetmap,1,+66868950202,66 Sukhumvit 66 Alley,10260,overture (meta),overture:646c102d-fc3b-42dc-ac7d-56699ea6f0cb
rueankaew.rk@gmail.com,The Bangna Golf Academy by Pro Oah,,Bang Na District,Asian; Thai,no,Low,1,,English/Latin-script name,,,openstreetmap,1,+66939492665,3 ถนน สุขุมวิท,10260,overture (meta),overture:b3aac33c-e922-4f8b-9ea5-1a386b4097b0
info@baannoppadol.com,The Craffle,,Bang Na District,Cafe,no,Low,1,,English/Latin-script name,,,openstreetmap,1,+66972724581,71-75 Ram2 Soi8 Bangna-Trad Rd. Dokmai Prawet,10250,overture (meta),overture:6f6e9da2-b863-4c40-8b07-5bd476cf3593
theloft.burmese.eatery@gmail.com,The Loft Burmese Eatery,,Bang Na District,Asian,no,Low,1,,English/Latin-script name,,,openstreetmap,1,+66629909490,50 Sukhumvit 101/2 Alley,10260,overture (meta),overture:5bbf24d8-dd8b-44f0-afc2-2ede16aae8a8
somtumtod@gmail.com,The south,,Bang Na District,Asian; Thai,no,Low,1,,English/Latin-script name,,,openstreetmap,1,+6627457013,,10260,overture (meta),overture:2e28db3e-07ac-4fbd-aff4-1189df1eafdb
tokyohaus.bkk@gmail.com,TOKYO HAUS,,Bang Na District,Bakery,no,Low,1,,English/Latin-script name,,,openstreetmap,1,+66992642966,4 2 Lasalle Rd,10260,overture (meta),overture:19371da3-00da-4069-b04b-fbac4087f0de
tongpaishan@gmail.com,Tong Pai Shan Restaurant,,Bang Na District,Asian,no,Low,1,,English/Latin-script name,,,openstreetmap,1,+66984858283,No 4497 Sukhumvit Rd,10260,overture (meta),overture:53316623-5c54-4d45-87c2-df33181dcbbf
hongkongbangna@gmail.com,TREEHovse,,Bang Na District,Restaurant,no,Low,1,,English/Latin-script name,,,openstreetmap,1,+66906783388,52 ซอย อิสระนิเวศน์,10260,overture (meta),overture:aaef7884-2f45-40b7-a64e-a78d8ece59cc
trystrooftop@gmail.com,Tryst Rooftop Bangkok,,Bang Na District,Bar,no,Low,1,,English/Latin-script name,,,openstreetmap,1,+66956353013,52 Sukhumvit 103 Rd,10260,overture (meta),overture:d5476a1b-88c8-4637-8be2-3342550a065d
uandirestaurant2021@gmail.com,U and I,,Bang Na District,Restaurant,no,Low,1,,English/Latin-script name,,,openstreetmap,1,+66892013147,"Phuti Anant Sports Club Bang Na, 4355 ถ. สุขุมวิท",10260,overture (meta),overture:c6531634-967f-4fec-8e5a-77c1b2d1443c
unknowncoffeecompany@gmail.com,Unknown Coffee Roaster,,Bang Na District,Cafe,no,Low,1,,English/Latin-script name,,,openstreetmap,1,+66888251515,,,overture (meta),overture:d24fdca6-f23d-49e8-83d6-3b0c9183b01d
wakeycafe.bkk@gmail.com,WAKEY Coffee,,Bang Na District,Cafe,no,Low,1,,English/Latin-script name,,,openstreetmap,1,+66843465891,20 ถนน อุดมสุข,10260,overture (meta),overture:1d662589-8d20-4b70-af47-012821e7f34d
fenz_th@gmail.com,WIP66,,Bang Na District,Restaurant,no,Low,1,,English/Latin-script name,,,openstreetmap,1,+66955046666,59 ถนน ศรีนครินทร์,10260,overture (meta),overture:e227ffff-fabc-450c-b4c4-90c2f54eae13
wonderfruits.sm8thie@gmail.com,Wonderfruits Smoothie,,Bang Na District,Cafe,no,Low,1,Local,English/Latin-script name,https://www.wongnai.com/restaurants/3416613QP-wonderfruits-smoothie-bangna-32-bangna-32,comely446@gmail.com; baanpookaidong@gmail.com; puynunn2537@gmail.com; mint6810@gmail.com; nattaphong.ph@gmail.com,openstreetmap,1,+66886404664,Wonderfruits smoothie - บางนา 32,10260,overture (meta),overture:7df8f658-872d-4d27-bcb4-c803400ea477
woonderfulbkk@gmail.com,Woonderful Wooncake,,Bang Na District,Cafe,no,Low,1,,English/Latin-script name,,,openstreetmap,1,+66842257516,294 ซอยลาซาล 1 แยก4,10260,overture (meta),overture:f9a063fc-cc6a-4218-bc6d-6d5a6c0a3a8d
buasharkfin2016@gmail.com,Xingfu Bangna Chinese Restaurant,,Bang Na District,Asian; Chinese,no,Low,1,,English/Latin-script name,,,openstreetmap,1,+66631943561,4 ซ.บางนา-ตราด54 ถนนเทพรัตน,10260,openstreetmap,https://www.openstreetmap.org/node/7786117890
yoeyoelaebangna@gmail.com,Yoe Yoe Lae Restaurant Bang Na,,Bang Na District,Restaurant,no,Low,1,,English/Latin-script name,,,openstreetmap,1,+66917077750,Bangkok,,overture (meta),overture:b83e512c-f2e5-4981-9489-7cd9d5982605
yum2go6666@gmail.com,yum2go,,Bang Na District,Restaurant,no,Low,1,,English/Latin-script name,,,openstreetmap,1,+66651706666,บ้าน เลขที่17 ซอย บางนา-ตราด 21 แยก 19,10260,overture (meta),overture:b334e3f2-3254-4ef8-8706-b7cf3812bbf8
littlesalmon.zengroup@gmail.com,Zen Box Thailand,,Bang Na District,Asian; Japanese,no,Low,1,,English/Latin-script name,,,openstreetmap,1,+6620195000,"Bitec Exhibition Hall, Bangna",10260,overture (meta),overture:8846f6e7-4fba-4881-b14d-fbefbd6f64bd
aichabangna5@gmail.com,Ai-CHA บางนา-ศรีลาซาล,Ai-CHA บางนา-ศรีลาซาล,Bang Na District,Ice cream,no,Low,0,,,,,openstreetmap,1,+66827518447,928 ซอย สุขุมวิท 105,10260,overture (meta),overture:e2348c42-f840-4dfe-98c4-ba955cfd11c5
ara.coffee01@gmail.com,ARA Coffee Lasalle 52 (อารา คอฟฟี่ ลาซาล 52),ARA Coffee Lasalle 52 (อารา คอฟฟี่ ลาซาล 52),Bang Na District,Cafe,no,Low,0,,,,,openstreetmap,1,+66829911301,"798, 788 Lasalle Rd",10260,overture (meta),overture:e4f8b377-c87a-442e-935d-5d1ef7ba8e59
twpservice.chaiyot@gmail.com,BG หมูกะทะ,BG หมูกะทะ,Bang Na District,Asian; Thai,no,Low,0,,,,,openstreetmap,1,,ร้านBG หมูกระทะ ซอยบางนา-ตราด 37 แขวงบางนา เขตบางนา กรุงเทพมหานคร 10260,10260,overture (meta),overture:d773133a-ab65-4fec-87d5-32335348315c
suphol_tk@hotmail.com,Chincha ชานมไข่มุกตักเอง บางนา,Chincha ชานมไข่มุกตักเอง บางนา,Bang Na District,Restaurant,no,Low,0,,,,,openstreetmap,1,+66625575399,847 ถนน ลาซาล,10260,overture (meta),overture:3a811e71-69e0-4e00-b395-5c4f127c33c3
dividedbythreecoffeeshop@gmail.com,"Divided by Three : D3 Cafe, รัานดิไวด์บายทรี : ดีทรีคาเฟ่","Divided by Three : D3 Cafe, รัานดิไวด์บายทรี : ดีทรีคาเฟ่",Bang Na District,Cafe,no,Low,0,,,,,openstreetmap,1,+66959101911,163/1 ถนน สรรพาวุธ,10260,overture (meta),overture:464d75a6-5199-4c26-b514-b0c4676cb3fb
oombkk@yahoo.com,Friendy Cafe เฟรนดี้ คาเฟ่,Friendy Cafe เฟรนดี้ คาเฟ่,Bang Na District,Cafe,no,Low,0,Local,,https://www.wongnai.com/r/354667AT?ref=android,comely446@gmail.com; ladd748@gmail.com; may0924400527@gmail.com; nattaphong.ph@gmail.com,venue website,1,+66849788832,105 ถนน ลาซาล,10260,overture (meta),overture:bd37d44e-2419-492c-8bf3-be924c9fa481
front_park_est1997@outlook.com,Front Park & Terrace - อุดมสุข 58,Front Park & Terrace - อุดมสุข 58,Bang Na District,Asian; Thai,no,Low,0,Local,,https://www.wongnai.com/restaurants/6368DH-front-park-restaurant,suntoryboy88@gmail.com; comely446@gmail.com; fatintailee@gmail.com; tumpaploen@gmail.com; summermoo58@gmail.com,openstreetmap,1,+66989053889,Chaloemphrakiat Ratchakan Thi 9 Rd.,10260,overture (meta),overture:c6ff7c97-4838-4adf-acb9-3b7c28523ccc
gangcoffee2@gmail.com,Gang Coffee สาขา2,Gang Coffee สาขา2,Bang Na District,Cafe,no,Low,0,,,,,openstreetmap,1,+66988273523,,,overture (meta),overture:163fbeca-614e-4902-99d5-cf4cc4a38ef2
kasikhun_is@hotmail.com,Glxy ปิ้งย่าง หม่าล่า,Glxy ปิ้งย่าง หม่าล่า,Bang Na District,Restaurant,no,Low,0,,,,,openstreetmap,1,+66614589375,"95/-ๅ, Lasalle 3 Alley",10260,overture (meta),overture:ec9a7491-01ea-4cd5-9bbd-cbfc26de62f4
kainailao@gmail.com,hatch hatch cafe - แฮช แฮช คาเฟ่,hatch hatch cafe - แฮช แฮช คาเฟ่,Bang Na District,Cafe,no,Low,0,,,,,openstreetmap,1,+66961509358,3571 ตลาดคุณยิ้ม แขวงบางนาเหนือ เขตบางนา,10260,overture (meta),overture:df94d613-50d3-44d8-88d3-ea1ab15e4218
hiprotein.official@gmail.com,Hi Protein Cafe สาขา BTS แบริ่ง - บางนา,Hi Protein Cafe สาขา BTS แบริ่ง - บางนา,Bang Na District,Cafe,no,Low,0,,,,,openstreetmap,1,+66869995159,3788 ถนน สุขุมวิท,10260,overture (meta),overture:3e881fc8-a6ac-41df-863c-11aaefb5eb36
achotkij@gmail.com,JOW Kitchen  โจว คิทเช่น,JOW Kitchen  โจว คิทเช่น,Bang Na District,Restaurant,no,Low,0,,,,,openstreetmap,1,+66811238555,777/3 ถนน ลาซาล,10260,overture (meta),overture:aef07aed-921b-42b2-90af-3d257ce596ca
kamuindexbangna@gmail.com,Kamu Index Bangna คามุอินเด็กซ์บางนา,Kamu Index Bangna คามุอินเด็กซ์บางนา,Bang Na District,Restaurant,no,Low,0,,,,,openstreetmap,1,,1009/9 ถนน เทพรัตน,10260,overture (meta),overture:601aa0bf-8751-4451-b3b6-a89b3dfb28c9
kcinternet24hr@gmail.com,KC Internet อุดมสุข บางนา,KC Internet อุดมสุข บางนา,Bang Na District,Cafe,no,Low,0,,,,,openstreetmap,1,+66894491192,ร้านเกมส์ KCinternet,10260,overture (meta),overture:581b784e-a571-4648-b5db-df41299aed66
headoffice.oth@gmail.com,Kilane Foods - ตรากิเลน,Kilane Foods - ตรากิเลน,Bang Na District,Cafe,no,Low,0,Local,,https://kilanefoods.wordpress.com/,,openstreetmap,1,+6623169459,91 M00 12 Soi Watbangpleeyainai Bangna-Trad rd. Bangplee,10540,overture (meta),overture:303eb26c-1a64-44e9-84b3-973ab59289ab
kruabangna@gmail.com,Kruabangna,ครัวบางนา,Bang Na District,Asian; Bakery; Thai,no,Low,0,,,http://www.kruabangna.com/,,openstreetmap,2,0858244889,ซอยบางนา - ตราด 42,10260,openstreetmap,https://www.openstreetmap.org/node/14051893698
lashnbrowcafe@gmail.com,Lash n Brow Café คาเฟ่ขนตาขนคิ้วซอยลาซาล,Lash n Brow Café คาเฟ่ขนตาขนคิ้วซอยลาซาล,Bang Na District,Cafe,no,Low,0,,,,,openstreetmap,1,+66914466265,ซอยลาซาล บางนา (แถวถนนศรีนครินทร์),10260,overture (meta),overture:bc784da0-f8a3-41c8-b0a7-874bd39e16f6
mainacurry@hotmail.com,Maina Curry มาอินะ,Maina Curry มาอินะ,Bang Na District,Asian; Indian; Japanese,no,Low,0,,,,,openstreetmap,1,+66926828862,369/111 ซ.มังกร ต.เทพารัก จ.สมุทรปราการ,10270,overture (meta),overture:9bffec44-d564-4338-9c87-dc83038efe20
coon_jaa@hotmail.com,Manoi อุดมสุข,Manoi อุดมสุข,Bang Na District,Restaurant,no,Low,0,,,,,openstreetmap,1,+66908891919,"21 ห้อง 102 อาคาร อุดมรัตน์เพลส, Soi Yuttha Sin 2",10260,overture (meta),overture:39479639-c4ad-4975-b815-9311bc3eaadc
meesenbymaesai@outlook.co.th,Mee-Sen By Mae Sai มีเส้นบายแม่สาย,Mee-Sen By Mae Sai มีเส้นบายแม่สาย,Bang Na District,Asian; Thai,no,Low,0,,,,,openstreetmap,1,+66639454777,2 บางนา-ตราด 27,10260,overture (meta),overture:4a45a3dd-7057-4881-8c24-5194d606d395
momoshake.bangnatrad19@gmail.com,momo shake @ซอยบางนา-ตราด 19,momo shake @ซอยบางนา-ตราด 19,Bang Na District,Restaurant,no,Low,0,,,,,openstreetmap,1,+66851533440,52 ซอย บางนา-ตราด 19,10260,overture (meta),overture:fabd6fda-9c68-4087-a5d6-adeb037eea5b
narishopp@gmail.com,Narin นรินทร์,Narin นรินทร์,Bang Na District,Cafe,no,Low,0,,,,,openstreetmap,1,+66967433196,บ้านเลขที่ 1 Lasalle 15 Alley,10260,overture (meta),overture:bd61d5f9-eb58-4358-bd58-456eeec73e3f
yanika.iemcharee@hotmail.com,Ochaya โอชายะ สาขาอินเตอร์ลิ้งค์ ทาวเวอร์ บางนา,Ochaya โอชายะ สาขาอินเตอร์ลิ้งค์ ทาวเวอร์ บางนา,Bang Na District,Restaurant,no,Low,0,Local,,https://ochaya.co.th/,info@ochaya.co.th; nfo@ochaya.co.th,openstreetmap,1,+66960793443,Interlink Tower Bangna,10260,overture (meta),overture:07a45547-3497-4913-a34c-a6c38ef89433
papasshrimp@gmail.com,PAPA's Shrimp • ครัวปาป้าชริม,PAPA's Shrimp • ครัวปาป้าชริม,Bang Na District,Asian; Thai,no,Low,0,,,,,openstreetmap,1,+66618732523,Lassale,10260,overture (meta),overture:657782d4-033b-4b67-a089-e1c19c94b7ed
info.planthye@gmail.com,Plant Hye Cafe บิงซูคาเฟ่,Plant Hye Cafe บิงซูคาเฟ่,Bang Na District,Cafe,no,Low,0,,,,,openstreetmap,1,+66917701880,916 Lasalle Rd,10260,overture (meta),overture:ba5007cd-e328-42ba-bbb4-67bc0145833f
premiumbysc@gmail.com,Premium Bakery • พรีเมี่ยม เบเกอรี่,Premium Bakery • พรีเมี่ยม เบเกอรี่,Bang Na District,Bakery,no,Low,0,,,,,openstreetmap,1,+66654553259,82 บางนา-ตราด 19,10260,overture (meta),overture:6b2b4cb3-519e-46fe-a3a8-c76347ac98b5
pimjaikeeza@gmail.com,Shabusuki Izakayaชาบูสุกี๋,Shabusuki Izakayaชาบูสุกี๋,Bang Na District,Asian; Japanese,no,Low,0,,,,,openstreetmap,1,+66870438288,942 12 Sukhumvit 105 Alley,10260,overture (meta),overture:d287cfc9-b9c2-4982-b36f-28f4938374cd
teapack2020@gmail.com,Teapack ชานมไข่มุก,Teapack ชานมไข่มุก,Bang Na District,Restaurant,no,Low,0,,,https://lin.ee/D1QQnluk,,openstreetmap,1,+66993641563,1 ถนน สุขุมวิท,10260,overture (meta),overture:d64d0ccf-6d7a-4e07-9db9-7f40313a6226
paklovetay@hotmail.com,X-MEN สาขาตลาดต้นไทร Btsแบริ่ง,X-MEN สาขาตลาดต้นไทร Btsแบริ่ง,Bang Na District,Restaurant,no,Low,0,,,,,openstreetmap,1,+66930055666,3788 ถนน สุขุมวิท,10260,overture (meta),overture:a03ff11a-53e9-4ddb-84ee-c29ede8115e1
zodkaotom@gmail.com,Zodd ซด ข้าวต้ม ลาซาล,Zodd ซด ข้าวต้ม ลาซาล,Bang Na District,Restaurant,no,Low,0,,,,,openstreetmap,1,+66954025287,105 ถนน ลาซาล,10260,overture (meta),overture:5b70a566-e42e-404a-83e6-fc3ab349c882
pletee3551@gmail.com,กะบับไก่ชีสพัทยา สาขาอุดมสุข,กะบับไก่ชีสพัทยา สาขาอุดมสุข,Bang Na District,Restaurant,no,Low,0,,,,,openstreetmap,1,+66951211318,3 ซอย อุดมสุข 58,10250,overture (meta),overture:8fea3577-1184-4e0b-bb44-394874c09997
dejavu.barresto@gmail.com,กะเพราเมกา (บางนา),กะเพราเมกา (บางนา),Bang Na District,Restaurant,no,Low,0,,,,,openstreetmap,1,+66612706590,1768 Bang Na-Trat Frontage Rd,10260,overture (meta),overture:fc5e16c2-1b3e-43b2-93d6-17ee791b1046
ns.noyy@gmail.com,กับข้าวกับปลา,กับข้าวกับปลา,Bang Na District,Restaurant,no,Low,0,,,,,openstreetmap,1,+66636636356,"231   ที่อยู่ร้าน 231ถ.รามคำแหง2 แขวงดอกไม้ เขตประเวศ กทม. 10250, ประเทศไทย",10260,overture (meta),overture:5188129c-916f-49a3-b39f-aa431a4b06b2
kadmuanuazaab@gmail.com,กาดมั่ว นัวแซ่บ,กาดมั่ว นัวแซ่บ,Bang Na District,Asian; Thai,no,Low,0,,,,,openstreetmap,1,+66647462228,932 Lasalle Rd,10260,overture (meta),overture:bcd6170e-a87c-40b4-b9d1-abb7851ef741
noodlecrackling@gmail.com,ก๋วยเตี๋ยวต้มยำกากหมูสูตรโบราณ,ก๋วยเตี๋ยวต้มยำกากหมูสูตรโบราณ,Bang Na District,Restaurant,no,Low,0,Local,,https://wongn.ai/21MyKF,support@lmwn.com; pr@lmwn.com,openstreetmap,1,+66969942806,18/4 Soi Wachiratham Sathit 8,10260,overture (meta),overture:74e06545-6257-4040-9433-a946fe2f1c48
maejamlong.beef@gmail.com,ก๋วยเตี๋ยวหมูตุ๋นยาจีน,ก๋วยเตี๋ยวหมูตุ๋นยาจีน,Bang Na District,Asian; Japanese,no,Low,0,Local,,https://dif.link/maejamlong,,openstreetmap,1,+66859106524,53/14 Sukhumvit 105 Alley,10260,overture (meta),overture:defe0483-f253-42f2-9e02-5159fcd9952a
tewadaporknoodle@gmail.com,ก๋วยเตี๋ยวหมูเทวดา,ก๋วยเตี๋ยวหมูเทวดา,Bang Na District,Asian; Japanese,no,Low,0,,,,,openstreetmap,1,+66810772790,138/27 หมู่บ้านนิรันดร์วิวล์,10250,overture (meta),overture:b6478953-afa2-4c00-99e4-9dc680e8e829
nengtc999@gmail.com,ก๋วยเตี๋ยวเป็ดเฮียเหน่ง,ก๋วยเตี๋ยวเป็ดเฮียเหน่ง,Bang Na District,Restaurant,no,Low,0,,,,,openstreetmap,1,+66834257206,2724 ถนนสุขุมวิท,10260,overture (meta),overture:9ecd9868-177a-4a4b-bac4-83970660e06c
thipaporn.kong@gmail.com,ก๋วยเตี๋ยวเรือป.ประทีป อุดมสุข51,ก๋วยเตี๋ยวเรือป.ประทีป อุดมสุข51,Bang Na District,Restaurant,no,Low,0,,,,,openstreetmap,1,+66922721152,209 ถนน อุดมสุข,10260,overture (meta),overture:72e8a6cb-1824-4009-b052-92ef38c0e9fd
jindasirsoontorn1979@gmail.com,ก๋วยเตี๋ยวเรือผักไห่ ลำที่12,ก๋วยเตี๋ยวเรือผักไห่ ลำที่12,Bang Na District,Restaurant,no,Low,0,,,,,openstreetmap,1,+66890055951,ตลาดมหาสิน สุขุมวิท101/1,10260,overture (meta),overture:d33b5e62-1156-4a1e-9f75-54094801dba7
botannoodle2@gmail.com,ก๋วยเตี๋ยวโบตั๋น,ก๋วยเตี๋ยวโบตั๋น,Bang Na District,Asian; Japanese,no,Low,0,,,,,openstreetmap,1,+66628988858,Soi Bang Na-Trat 4,10260,overture (meta),overture:1f643e7f-0b2b-453f-ba6f-85fc482d29c7
tae8888t@gmail.com,ขนมหวานป้าเค่ง แฟลตคลองจั่น,ขนมหวานป้าเค่ง แฟลตคลองจั่น,Bang Na District,Cafe,no,Low,0,,,,,openstreetmap,1,+66922516047,แฟลตที่21,10240,overture (meta),overture:af365757-7b44-4ea6-b3ce-16ceee27c45e
cntclub6@gmail.com,ขาหมู อุดมสุข 10,ขาหมู อุดมสุข 10,Bang Na District,Restaurant,no,Low,0,,,,,openstreetmap,1,+66841477232,116 Udom Suk 10 Alley,10260,overture (meta),overture:6f99061b-6ffb-4617-9400-7b0bb25bbdba
po.hunter18@gmail.com,ข้าวซอย สวนศิลป์ สาขา2บางนา,ข้าวซอย สวนศิลป์ สาขา2บางนา,Bang Na District,Restaurant,no,Low,0,,,,,openstreetmap,1,+66896950007,ถนนริมทางรถไฟเก่า,10260,overture (meta),overture:c8974780-c93a-43da-99b5-254d8e030791
oishii.fusionstyle@gmail.com,ข้าวต้มซดเพลิน Sod Plern,ข้าวต้มซดเพลิน Sod Plern,Bang Na District,Restaurant,no,Low,0,,,,,openstreetmap,1,+66814246255,Sukhumvit ,10260,overture (meta),overture:9b3a9994-8cc3-4dce-b059-015e2aa67048
moteelovejesus@gmail.com,ข้าวต้มยันหว่าง,ข้าวต้มยันหว่าง,Bang Na District,Asian; Thai,no,Low,0,,,,,openstreetmap,2,+66823919045,45 7 Bearing 7 Aly,10270,overture (meta),overture:1e6b6d98-afc0-4433-a7a2-e7c7deceeccc
pipepropope@gmail.com,ข้าวต้มอะเมซิ่ง,ข้าวต้มอะเมซิ่ง,Bang Na District,Asian; Thai,no,Low,0,,,,,openstreetmap,1,+66955968781,ซอยบางแก้ว,10540,overture (meta),overture:962aef67-9cc6-4fc4-acc0-fe92b74bd457
udomsukboiledrice@gmail.com,ข้าวต้มอุดมสุข,ข้าวต้มอุดมสุข,Bang Na District,Asian; Thai,no,Low,0,,,,,openstreetmap,1,+6627478376,3967 ถนน สุขุมวิท,10260,overture (meta),overture:c94dfa32-67a2-414f-904e-14e0116eebc3
katsirin1996@gmail.com,ข้าวมันไก่,ข้าวมันไก่,Bang Na District,Restaurant,no,Low,0,,,,,openstreetmap,1,+66944921441,105 ถนน สุขุมวิท,10110,overture (meta),overture:d40ca7bd-4a30-4a70-8cd9-34d6565caf50
chamlang55@gmail.com,ข้าวมันไก่ไหหลำ ตรงข้ามรร.ลาซาล,ข้าวมันไก่ไหหลำ ตรงข้ามรร.ลาซาล,Bang Na District,Restaurant,no,Low,0,,,,,openstreetmap,1,+66858200501,,,overture (meta),overture:94965038-91d0-4222-903a-0e9743bd9d54
mudang103@gmail.com,ข้าวหมูแดงสวนหลวง,ข้าวหมูแดงสวนหลวง,Bang Na District,Restaurant,no,Low,0,,,,,openstreetmap,1,+66814438937,เลขทึ่ 59 13 ซอย อุดมสุข 11,10260,overture (meta),overture:09dbb85a-6bd5-4c26-8e33-bf8900a11e71
tpgmobile1878@gmail.com,ข้าวแกงกรุงศรี,ข้าวแกงกรุงศรี,Bang Na District,Asian; Thai,no,Low,0,Local,,https://www.wongnai.com/r/436750Re,comely446@gmail.com; nunthajate@hotmail.com; janrizzzc@gmail.com; otsuizakaya@gmail.com; nana.bangna@gmail.com,venue website,1,+66967404746,12 บางนา-ตราด 4,10260,overture (meta),overture:7608129f-35d2-4fae-becd-22814bcf92d4
kaowtanatlampang99@gmail.com,ข้าวแต๋นAtลำปาง,ข้าวแต๋นAtลำปาง,Bang Na District,Restaurant,no,Low,0,,,,,openstreetmap,1,+66925429166,39/56 Lasalle 61 Alley,10260,overture (meta),overture:b35ba5a2-0c0b-4638-8cf7-391314322656
hunsa88.63@gmail.com,ครัว หนูหรรษา,ครัว หนูหรรษา,Bang Na District,Asian; Thai,no,Low,0,,,,,openstreetmap,1,+66970376969,,,overture (meta),overture:7ff936a7-6d69-4241-859f-8a14bdc5ee68
kruakrangsoi@gmail.com,ครัวกลางซอย,ครัวกลางซอย,Bang Na District,Restaurant,no,Low,0,,,,,openstreetmap,1,+66928266640,34 ถนน อุดมสุข,10260,overture (meta),overture:806fd662-014c-4f26-a270-cba190a00124
grandpapakitchen@gmail.com,ครัวคุณตา - ถนนอุดมสุข,ครัวคุณตา - ถนนอุดมสุข,Bang Na District,Cafe,no,Low,0,,,,,openstreetmap,1,+66633651539,30 ถนน อุดมสุข,10260,overture (meta),overture:42fddeac-016b-4f44-8734-3f63df69575e
kruakhunaon.restaurant@gmail.com,ครัวคุณอ้น,ครัวคุณอ้น,Bang Na District,Asian; Thai,no,Low,0,,,,,openstreetmap,1,+6623613377,34 ซอย ม.ลาซาลนิเวศน์,10260,overture (meta),overture:12a69d3f-9846-4d22-9e08-80e72ce1bbeb
pat_07012530@hotmail.com,ครัวรสเด็ด,ครัวรสเด็ด,Bang Na District,Restaurant,no,Low,0,,,,,openstreetmap,1,+66635922562,เซ็นทรัลบางนา ชั้น B1 ด้านหน้า Central Food Hall บางนา,10260,overture (meta),overture:dea040e6-b166-4778-b145-cd44348fe5dd
jaij78249@gmail.com,ครัวสุขใจ,ครัวสุขใจ,Bang Na District,Restaurant,no,Low,0,,,,,openstreetmap,1,+66918738158,12 Soi UdomSuk 30 Yaek 7-2-12,10260,overture (meta),overture:15242597-1df0-4cee-83ce-7aff342df0eb
nongluk804@gmail.com,ครัวเขียดกระทะเล็ก,ครัวเขียดกระทะเล็ก,Bang Na District,Restaurant,no,Low,0,,,,,openstreetmap,1,+66894962505,"219, 18 บางนาเหนือ",10260,overture (meta),overture:758698c9-d564-4101-9825-3a194585c32c
kruathaibykhunchat91@outlook.com,ครัวไทย คุณชัช,ครัวไทย คุณชัช,Bang Na District,Asian; Thai,no,Low,0,,,,,openstreetmap,1,+66654194655,52 สุขุมวิท 101/1,10260,overture (meta),overture:008499c5-9aac-4ce8-9185-ef554ec3a68e
torasushi.marketing2@gmail.com,คลังเนื้อ Yakiniku & To Bar Shabu,คลังเนื้อ Yakiniku & To Bar Shabu,Bang Na District,Asian; Japanese,no,Low,0,,,,,openstreetmap,1,+66855151541,คลังเนื้อ Yakiniku Grill & Chill เลขที่ 159 ถ. เทพรัตน แขวงบางนาเหนือ เขตบางนา,10260,overture (meta),overture:4bb079ff-ad7f-491a-895a-45903942a4c5
ongkharak@hotmail.com,คั่วไก่สยาม,คั่วไก่สยาม,Bang Na District,Asian; Thai,no,Low,0,,,,,openstreetmap,1,+66841105600,101/1 ถนน สุขุมวิท,10260,overture (meta),overture:b071b938-2f0b-4b03-b900-5a23b360be21
levandoanh19@gmail.com,คานาอัน ร้านอาหาร จานด่วน,คานาอัน ร้านอาหาร จานด่วน,Bang Na District,Restaurant,no,Low,0,,,,,openstreetmap,2,+66889634725,51/9 ซ. สุขุมวิท 103,10260,overture (meta),overture:edca88e5-867e-43bf-b25c-e4f414455e37
jaruwanbaimoonn@gmail.com,คุณย่ากาแฟโบราณ,คุณย่ากาแฟโบราณ,Bang Na District,Cafe,no,Low,0,,,,,openstreetmap,1,+66659498366,8 ตลาดเชลียง ซอย บางนา-ตราด 19,10260,overture (meta),overture:5514c987-9e73-49f0-9636-b6bbaf7dbae4
onproclick@gmail.com,จ้างให้..ก็ไม่บอก,จ้างให้..ก็ไม่บอก,Bang Na District,Restaurant,no,Low,0,,,,,openstreetmap,1,,ลาซาล16,,overture (meta),overture:f90696f9-b873-4871-9061-64c840e4d77f
oohhoo.oohhoo@gmail.com,จ๊ะโอ๋,จ๊ะโอ๋,Bang Na District,Restaurant,no,Low,0,,,,,openstreetmap,1,+66993629795,6 ซอย ลาดพร้าว 63,10310,overture (meta),overture:ebfd9a07-6a34-4cc9-983f-0737daa6265b
chollada.nok@gmail.com,ชลดา เตี๋ยวเป็ด,ชลดา เตี๋ยวเป็ด,Bang Na District,Asian; Thai,no,Low,0,,,,,openstreetmap,1,+66624654986,ถนนสรรพวุธ,10260,overture (meta),overture:5e549ea8-4e33-436e-ac47-9a67e24f49ff
titinan.shabu@gmail.com,ชาบูอู๊ดเป็นต่อ สาขาบางนา,ชาบูอู๊ดเป็นต่อ สาขาบางนา,Bang Na District,Restaurant,no,Low,0,,,,,openstreetmap,1,,72 บางนา-ตราด 23,10260,overture (meta),overture:3141d3ef-4ba4-45e0-b315-fa29a5430eda
threemenplus@gmail.com,ชายสาม ข้าวต้มเฮงเฮง,ชายสาม ข้าวต้มเฮงเฮง,Bang Na District,Restaurant,no,Low,0,,,,,openstreetmap,1,+66922720485,38 บางนา-ตราด 23,10260,overture (meta),overture:ba5b84bc-280a-4201-9e1b-d1741a599e29
zoozienoodles@gmail.com,ซูซี่ ก๋วยเตี๋ยวเนื้อเตาถ่าน,ซูซี่ ก๋วยเตี๋ยวเนื้อเตาถ่าน,Bang Na District,Restaurant,no,Low,0,,,,,openstreetmap,1,+66619419691,92 ถนน บางนา-ตราด,10260,overture (meta),overture:504f32da-b74f-49f6-86e9-54cd8f2d4a15
doungploymarket@gmail.com,ตลาดดวงพลอย ซ.ลาซาล33 บางนา,ตลาดดวงพลอย ซ.ลาซาล33 บางนา,Bang Na District,Restaurant,no,Low,0,,,,,openstreetmap,1,+66848798317,105 ลาซาล 33,10260,overture (meta),overture:aa1be54f-f4c1-4bfc-80cc-c43f209f08bf
marketking.2564@gmail.com,ตลาดต้นไทร แบริ่ง Tonsai Market,ตลาดต้นไทร แบริ่ง Tonsai Market,Bang Na District,Restaurant,no,Low,0,,,,,openstreetmap,1,+66858414246,3788 ถนน สุขุมวิท,10260,overture (meta),overture:802add1b-fde5-4377-a20f-5fdbca5435a8
psophia82@gmail.com,ตำนัวอุดร,ตำนัวอุดร,Bang Na District,Restaurant,no,Low,0,,,,,openstreetmap,1,,98 Bearing 7 Aly,10260,overture (meta),overture:256c50f5-a604-4705-a5e2-2e3fd2faa056
nanthiya.chao@gmail.com,ต้มเส้นตีนไก่ ตลาดอุดมสุข,ต้มเส้นตีนไก่ ตลาดอุดมสุข,Bang Na District,Asian; Thai,no,Low,0,,,,,openstreetmap,1,+66807748108,3567 ตลาดอุดมสุข,10260,overture (meta),overture:c8117589-50dc-4421-92d5-83cdb8dfec27
thongsmith.pbn@gmail.com,ทองสมิทธ์ ThongSmith PARC Bangna,ทองสมิทธ์ ThongSmith PARC Bangna,Bang Na District,Asian; Thai,no,Low,0,,,,,openstreetmap,1,+66800603006,951/1 บางนา-ตราด 13,10260,overture (meta),overture:21b4fe4f-e717-4bed-b491-1d5724763bb9
kanja1304@gmail.com,ทะเลยำ ตำเหลา,ทะเลยำ ตำเหลา,Bang Na District,Restaurant,no,Low,0,,,,,openstreetmap,1,+66813430916,"124, ตลาด Lasalle 10 Alley",10260,overture (meta),overture:ff95fdc2-50b6-4e7f-bc88-ccfb675b22b5
yadatangkittichokh@gmail.com,นมหมี Tea Bear,นมหมี Tea Bear,Bang Na District,Restaurant,no,Low,0,Local,,https://wongn.ai/xq8h7,support@wongnai.com,openstreetmap,1,+66961513797,24 สุขุมวิท 93,10260,overture (meta),overture:8c6266c0-6d52-4b57-8bea-abf1df5aa05f
natkanaroi@gmail.com,นัดกันอร่อย บาร์บีคิว,นัดกันอร่อย บาร์บีคิว,Bang Na District,Restaurant,no,Low,0,,,,,openstreetmap,1,+66989519747,99 ถนน อุดมสุข,10260,overture (meta),overture:125f1b10-c569-4e80-a3c3-bf2085cda9e0
nunkaiyang@hotmail.com,นันท์ไม่ดีไม่ขาย,นันท์ไม่ดีไม่ขาย,Bang Na District,Asian; Thai,no,Low,0,,,,,openstreetmap,1,+66929491956,9 สุขุมวิท 103,10260,overture (meta),overture:b2787ecc-ae24-4a3a-9892-cabd7e9f1188
juscolotus8888@gmail.com,"นายจัส ขาหมู,คากิ,หมูตุ๋น ก๋วยเตี๋ยวเรือ รสเด็ด","นายจัส ขาหมู,คากิ,หมูตุ๋น ก๋วยเตี๋ยวเรือ รสเด็ด",Bang Na District,Restaurant,no,Low,0,Local,,https://wongn.ai/21ewfi,support@lmwn.com; pr@lmwn.com,openstreetmap,2,+66969565289,105 ถนน ลาซาล,10260,overture (meta),overture:11315cd5-1658-4a16-9041-b60605cfb395
thanon259@gmail.com,นายชัดเจน ก๋วยเตี๋ยวเนื้อกะหมู,นายชัดเจน ก๋วยเตี๋ยวเนื้อกะหมู,Bang Na District,Restaurant,no,Low,0,,,,,openstreetmap,1,+66804232356,,,overture (meta),overture:03e59648-f66d-4a6a-9c23-454ca8c16935
hongjang@hotmail.com,น้ำแข็งไสหัวใส,น้ำแข็งไสหัวใส,Bang Na District,Cafe,no,Low,0,,,,,openstreetmap,1,,bhiraj tower @bitec,10260,overture (meta),overture:4db1aab8-0d71-4347-bfd2-e83878de7674
wimol_2017@outlook.co.th,บ้านขนมจีนแกงใต้,บ้านขนมจีนแกงใต้,Bang Na District,Asian; Thai,no,Low,0,,,,,openstreetmap,1,+66883379494,ตลาดคุณยิ้ม 103 Sukhumvit Rd,10260,overture (meta),overture:f46ccd76-9d9d-4525-a5e5-40b696856f2d
kanuwat40@gmail.com,บ้านรักผัก,บ้านรักผัก,Bang Na District,Asian; Thai,no,Low,0,,,,,openstreetmap,1,+66918842982,1193/149 แขวง/เขต บางนา ,10260,overture (meta),overture:1a6eeba2-0c7e-46b0-97e1-b3d789260a8f
uri_metro@hotmail.com,บ้านหม่าม้า อุดมสุข52,บ้านหม่าม้า อุดมสุข52,Bang Na District,Asian; Chinese,no,Low,0,,,,,openstreetmap,1,+66819055551,52 ซอย อุดมสุข 2,10260,overture (meta),overture:f8d02176-487b-4182-a9c6-615ca11c4644
notewhisky@gmail.com,บ้านหวานเย็น,บ้านหวานเย็น,Bang Na District,Cafe,no,Low,0,,,,,openstreetmap,1,+66841245545,"46, 24 Sukhumvit 105 Alley",10260,overture (meta),overture:4be3d05a-e90d-4edf-9292-72c60ea31129
ppt.south@gmail.com,ปรุงประเทือง,ปรุงประเทือง,Bang Na District,Restaurant,no,Low,0,,,,,openstreetmap,1,+66615054696,555/3 ถนน ลาซาล-แบริ่ง(ตัดใหม่),10260,overture (meta),overture:e11eb5fc-d49f-4cbd-8b9a-6ed704cd1e94
opart.o@gmail.com,ปังปัง ข้าวมันไก่,ปังปัง ข้าวมันไก่,Bang Na District,Restaurant,no,Low,0,,,,,openstreetmap,1,+66932188845,"178, ปาก Sukhumvit 105 Alley",10260,overture (meta),overture:ea8a79ac-0d99-48d6-9548-65adfc3f9fd8
ball.bangna@gmail.com,ปากปลาร้า,ปากปลาร้า,Bang Na District,Restaurant,no,Low,0,,,,,openstreetmap,1,+66860279595,5 ถนน อุดมสุข,10260,overture (meta),overture:1e358eaf-627c-41e7-ba6c-f39976bf02e8
jacklee123898@gmail.com,ปุดปุด GuRu MaLa Hotpot,ปุดปุด GuRu MaLa Hotpot,Bang Na District,Asian; Chinese,no,Low,0,,,,,openstreetmap,1,+66826678119,"Lasalle 12 Alley, TH Bangkok Bang Na Tai Bang Na Unit No. 174",10260,overture (meta),overture:484a7a3d-7326-4807-bddc-ec90eb9b7904
sachi.sri.oum@gmail.com,ป้าอ้วน อาหารตามสั่ง,ป้าอ้วน อาหารตามสั่ง,Bang Na District,Restaurant,no,Low,0,,,,,openstreetmap,1,+66636232626,Lasalle 20 Alley,10260,overture (meta),overture:35db7ec3-6a55-4886-a3aa-384aa43e6345
nun.patsara@gmail.com,ผัดไทยแม่หนูดีแบริ่ง25,ผัดไทยแม่หนูดีแบริ่ง25,Bang Na District,Asian; Thai,no,Low,0,,,,,openstreetmap,1,+66660071120,แบริ่ง 3,10260,overture (meta),overture:a2001f24-dc44-48c6-bfe8-f3f7ab5516fc
bnapabkk@gmail.com,พาอร่อย Sushi By Par,พาอร่อย Sushi By Par,Bang Na District,Asian; Sushi,no,Low,0,,,,,openstreetmap,1,+66870998234,881 Lasalle Rd,10260,overture (meta),overture:6dd00939-6d4a-419f-b019-2e191f987ba4
pungmemepung@gmail.com,พุงมีมีพุง - อาหารเกาหลี,พุงมีมีพุง - อาหารเกาหลี,Bang Na District,Asian; Korean,no,Low,0,,,,,openstreetmap,1,+66813721691,ตลาดต้นไทร (BTSแบริ่ง),10260,overture (meta),overture:6c719078-3a61-40df-ab38-db2063572022
faplatahn.ltw@iberryflavors.com,ฟ้าปลาทาน - Fá Plā Tahń Little Walk บางนา,ฟ้าปลาทาน - Fá Plā Tahń Little Walk บางนา,Bang Na District,Restaurant,no,Low,0,,,,,openstreetmap,1,+66946665134,อาคารศูนย์การค้า Little Walk สาขา บางนาเลขที่ 769/2 ถนนเทพรัตน แขวงบางนาเหนือ เขตบางนา กรุงเทพฯ,10260,overture (meta),overture:246cf661-4240-4333-913d-5ea2181e35c2
meekhwamsook.bangnatrad@gmail.com,มีความสุข สาขาบางนา - ตราด Meekhwamsook Bangna-Trad,มีความสุข สาขาบางนา - ตราด Meekhwamsook Bangna-Trad,Bang Na District,Restaurant,no,Low,0,,,,,openstreetmap,1,+66826091617,29 ลาซาล 55,10260,overture (meta),overture:da5de8ee-21df-4fc0-b0a9-955181b67830
yodkwankong@gmail.com,ยอดข้าว,ยอดข้าว,Bang Na District,Restaurant,no,Low,0,,,,,openstreetmap,1,+66894169005,597 ถนน อุดมสุข,10260,overture (meta),overture:ad6dda23-1ac7-41fe-861b-544f836153fe
nooopung99@gmail.com,ยำลืมผัวตลาดบางนา,ยำลืมผัวตลาดบางนา,Bang Na District,Restaurant,no,Low,0,,,,,openstreetmap,1,+66899863102,159 10260 Sanphawut Rd,10260,overture (meta),overture:a5ac3608-4bd7-4869-b9d7-982411f39e3f
jwzeedsudsoi@gmail.com,ยำเจ๊หวีซี๊ดสุดซอย,ยำเจ๊หวีซี๊ดสุดซอย,Bang Na District,Restaurant,no,Low,0,,,,,openstreetmap,1,+66890165237,,,overture (meta),overture:948db895-360a-460b-a477-c7a21a8ac545
yumzabsadung@gmail.com,ยำแสบสะดุ้ง,ยำแสบสะดุ้ง,Bang Na District,Restaurant,no,Low,0,Local,,https://wongn.ai/l6ysx,support@lmwn.com; pr@lmwn.com,openstreetmap,1,+66640364562,สรรพาวุธ,10260,overture (meta),overture:a5de9912-ba4b-4c6b-b02f-173f15b9e90a
rodlert101@outlook.com,รสเลิศ,รสเลิศ,Bang Na District,Asian; Thai,no,Low,0,,,,,openstreetmap,1,+6623939646,ถนน สุขุมวิท 101/1,10260,overture (meta),overture:a97664f6-f5ba-4015-b2b2-75e12d7b9bae
nuttew145@gmail.com,ราดหน้ายอดผัก เคี้ยง เอ็มไพร์,ราดหน้ายอดผัก เคี้ยง เอ็มไพร์,Bang Na District,Restaurant,no,Low,0,,,,,openstreetmap,1,+66831309737,156 18 Udom Suk Rd,10260,overture (meta),overture:7f122301-228c-4f9b-8f79-ab08135f2b14
jirayutsayjuntra@gmail.com,รุ่งเรือง ไทย อีสาน,รุ่งเรือง ไทย อีสาน,Bang Na District,Asian; Thai,no,Low,0,,,,,openstreetmap,1,+66818559200,สรรพาวุธ,10260,overture (meta),overture:2513a2b0-4a41-488a-bfc0-27a4c5fefbdd
rumruaybangchak.km5@gmail.com,รุ่มรวยก๋วยเตี๋ยวไก่ สาขาปั๊มน้ำมันบางจาก บางนา,รุ่มรวยก๋วยเตี๋ยวไก่ สาขาปั๊มน้ำมันบางจาก บางนา,Bang Na District,Asian; Japanese,no,Low,0,,,,,openstreetmap,1,+66652515946,,10260,overture (meta),overture:d2f1261b-4a85-444c-b804-f8be5617cb07
san45105@gmail.com,ร้าน สามเหลี่ยม-လၢၼ်ႉသၢမ်ၸဵင်ႇၶမ်း,ร้าน สามเหลี่ยม-လၢၼ်ႉသၢမ်ၸဵင်ႇၶမ်း,Bang Na District,Bar,no,Low,0,,,,,openstreetmap,1,+66851769738,3770 3774 Sukhumvit แยกลาซาล,10260,overture (meta),overture:4bf76390-3084-467e-805a-4812f9040e13
l9wannachai@gmail.com,ร้าน ใบกะเพรา,ร้าน ใบกะเพรา,Bang Na District,Restaurant,no,Low,0,,,,,openstreetmap,1,,149หมู่6บ้านชีลองใต้ คุ้มท่าหลวง,36000,overture (meta),overture:5436e927-79c7-4d7a-9c70-12b258efd8f0
evolutionman@windowslive.com,ร้านก๋วยจั๊บญวนนายกี้,ร้านก๋วยจั๊บญวนนายกี้,Bang Na District,Restaurant,no,Low,0,,,,,openstreetmap,1,+66949105558, ถนนเทศบาล​7​ อ.วารินชำราบ​,34190,overture (meta),overture:514a9d04-f41b-4127-bd10-37dc710dcc67
theeravat.k@hotmail.co.th,ร้านก๋วยเตี๋ยวไก่ตุ๋น จ่าหมู,ร้านก๋วยเตี๋ยวไก่ตุ๋น จ่าหมู,Bang Na District,Restaurant,no,Low,0,,,,,openstreetmap,1,+66879665294,,,overture (meta),overture:d6a3a543-8361-487a-ae76-c20329ce6a49
cmalee1974@gmail.com,ร้านข้าวต้มปลาเลียบด่วนบางนา,ร้านข้าวต้มปลาเลียบด่วนบางนา,Bang Na District,Restaurant,no,Low,0,,,,,openstreetmap,1,+66923929422,เลขที่ 1 ฝั่งขาเข้า ก่อนสะพานลอยแรก Sanphawut Rd,10260,overture (meta),overture:2dea1696-4475-4af8-b223-ea1b41bae834
kingfactory@hotmail.com,ร้านคิง กล้วยน้ำไทการช่าง,ร้านคิง กล้วยน้ำไทการช่าง,Bang Na District,Asian; Thai,no,Low,0,Local,,https://www.kingkluaynamthai.com,kingkluaynamthai@hotmail.com,openstreetmap,1,,1 ซ.บางนา-ตราด15 แขวงบางนา เขตบางนา,10260,overture (meta),overture:7e3de6d1-5ce0-45c1-9f8e-481cb221a370
2514energizer@gmail.com,ร้านทุเรียนโปรลุงพี,ร้านทุเรียนโปรลุงพี,Bang Na District,Restaurant,no,Low,0,,,,,openstreetmap,2,+66915649079,448 Udom Suk 26 Alley,10260,overture (meta),overture:1389e073-6eab-402d-b9e1-5fbb3070a76c
maccavalry@gmail.com,"ร้านนิแม๊ะเนื้อสดุ้งแดด,เนื้อสวรรค์เค็มหวานฝอย","ร้านนิแม๊ะเนื้อสดุ้งแดด,เนื้อสวรรค์เค็มหวานฝอย",Bang Na District,Asian; Thai,no,Low,0,Local,,https://shopee.co.th/mackhanthasak,,openstreetmap,1,+66960215929,MH5V+F2 ตำบล สำโรง อำเภอ พระประแดง สมุทรปราการ,,overture (meta),overture:1cf769ed-0901-40e7-9740-8382b6c9d519
puchid957@gmail.com,ร้านบึงกาฬอิสานแซ่บ,ร้านบึงกาฬอิสานแซ่บ,Bang Na District,Restaurant,no,Low,0,,,,,openstreetmap,1,+66980291990,12/41 อุดมสุข 42,10260,overture (meta),overture:babd55ae-c82e-4e47-8781-e168264fe523
e20wtd@gmail.com,ร้านป๋าวัตม์,ร้านป๋าวัตม์,Bang Na District,Restaurant,no,Low,0,,,,,openstreetmap,1,+66831024555,22 ลาซาล 22,10260,overture (meta),overture:12598130-430c-43e0-b261-8a496dcf73fc
maitreearttist@gmail.com,ร้านลับ สเตชั่น อุดมสุข,ร้านลับ สเตชั่น อุดมสุข,Bang Na District,Restaurant,no,Low,0,,,,,openstreetmap,1,+66972240999,บางนา-ตราด,10260,overture (meta),overture:8188df61-35c3-439d-a52c-61d871f51092
k.chanon22944@gmail.com,ร้านสมานอิสลาม อุดมสุข30,ร้านสมานอิสลาม อุดมสุข30,Bang Na District,Halal,no,Low,0,,,,,openstreetmap,2,+951614646,30 ถนน อุดมสุข,10260,overture (meta),overture:3bbfcc1d-3b32-43e3-94de-ccaf5d8cf1d9
suthasineeshopping@gmail.com,ร้านสุธาสินี Suthasinee,ร้านสุธาสินี Suthasinee,Bang Na District,Asian; Thai,no,Low,0,,,http://suthasinee.lnwshop.com/,,openstreetmap,1,+66982639249,121 ลาซาล 22,10260,overture (meta),overture:b3903f9b-0e7c-4729-8f6a-d8cb2a4f1c3b
wittaya.on@gmail.com,ร้านหัวหมูต้มเจ๊พาน ตลาดศิลวัฒน์ บางนานอก,ร้านหัวหมูต้มเจ๊พาน ตลาดศิลวัฒน์ บางนานอก,Bang Na District,Restaurant,no,Low,0,,,,,openstreetmap,1,+66837701098,40/6 ถนน สรรพาวุธ,10260,overture (meta),overture:a05a5e80-2644-421a-8b8f-384ba7618761
kanthana20@gmail.com,ร้านอาหาร at.LASALLE eat & drink,ร้านอาหาร at.LASALLE eat & drink,Bang Na District,Asian; Thai,no,Low,0,,,,,openstreetmap,1,+66933266463,แขวงบางนาใต้ เขตบางนา ,10260,overture (meta),overture:1f536afb-09bf-48da-a083-ac7ccc6f319f
pranee_2513@hotmail.co.th,ร้านอาหารตามสั่ง,ร้านอาหารตามสั่ง,Bang Na District,Asian; Thai,no,Low,0,,,,,openstreetmap,1,+66835394422,91 บางนา-ตราด 19 แยก 24-1,10260,overture (meta),overture:96156511-37f7-4d12-a4b8-73546dbb9b05
banchangfood@gmail.com,ร้านอาหารตามสั่ง กาแฟ รับทำข้าวกล่อง บางนา By บ้านช่างลาซาล20,ร้านอาหารตามสั่ง กาแฟ รับทำข้าวกล่อง บางนา By บ้านช่างลาซาล20,Bang Na District,Cafe,no,Low,0,,,,,openstreetmap,1,+66988283178,105 ถนน ลาซาล,10260,overture (meta),overture:3e7b70f7-c93b-4c1c-a89e-3f3c0d4fe1b4
foncs16@hotmail.com,ร้านเฉาก๊วยอาฉี ขายปลีก ขายส่ง,ร้านเฉาก๊วยอาฉี ขายปลีก ขายส่ง,Bang Na District,Cafe,no,Low,0,,,,,openstreetmap,1,+66982579955,42 Soi Wachiratham Sathit 18,10260,overture (meta),overture:fe61407c-eb86-4897-8c93-b609334d3886
yayeii@gmail.com,ร้านแกงหม้อ อาหารเหนือ,ร้านแกงหม้อ อาหารเหนือ,Bang Na District,Asian; Thai,no,Low,0,,,,,openstreetmap,1,+66835230219,24 สุขุมวิท 103,10260,overture (meta),overture:bc12167a-38aa-4e6c-9f56-0a391971c562
parat361@gmail.com,ร้านแบตเตอรี่ Ap ออโต้เซอร์วิส,ร้านแบตเตอรี่ Ap ออโต้เซอร์วิส,Bang Na District,Restaurant,no,Low,0,,,,,openstreetmap,1,+66834406623,ริมทางรถไฟสายเก่า,10130,overture (meta),overture:eee4cb40-6473-46ac-997d-2ebc9e59ad3e
sainoms.bangna@gmail.com,ร้านใส่นม - Sainom's สาขาบางนา,ร้านใส่นม - Sainom's สาขาบางนา,Bang Na District,Cafe,no,Low,0,,,,,openstreetmap,1,+66624946625,"ตลาดต้นไทร, แขวงบางนาใต้ เขตบางนา",10260,overture (meta),overture:7388bf13-54b7-41f3-a477-03724830648c
sam0621340571@gmail.com,ลาบหนองบัว,ลาบหนองบัว,Bang Na District,Restaurant,no,Low,0,,,,,openstreetmap,1,+66644823929,329 Sukhumvit 103 Rd,10260,overture (meta),overture:98b91cad-bf8d-4e13-b8c3-1007d17b702e
unclesalmon.co@gmail.com,ลุงแซลมอน,ลุงแซลมอน,Bang Na District,Restaurant,no,Low,0,,,,,openstreetmap,1,+66953640135,104 อ่อนนุช 44,10250,overture (meta),overture:581c85d1-e253-4e92-b5ec-1ee98f9b4e55
golf092334@gmail.com,ลูกกอล์ฟยำแซ่บ,ลูกกอล์ฟยำแซ่บ,Bang Na District,Restaurant,no,Low,0,Local,,https://www.wongnai.com/restaurants/499751gL-%E0%B8%A2%E0%B8%B3%E0%B9%81%E0%B8%95%E0%B8%81%E0%B9%83%E0%B8%99-%E0%B8%99%E0%B9%89%E0%B8%B3%E0%B8%A5%E0%B8%B2%E0%B8%A2%E0%B8%AB%E0%B8%81,csrabawthxng@gmail.com; comely446@gmail.com; poonyduckfixed@gmail.com; newjob1990@gmail.com; panpatipan20@gmail.com; kingdao8888@gmail.com; apichatsantisamranvilai2519@gmail.com; sinthornrestaurant.rbh@gmail.com,openstreetmap,1,+66642733773,36 ซอย ม.ลาซาลนิเวศน์,10260,overture (meta),overture:ef51044a-cc1e-492a-add5-541705cb6cf1
luktongchonwua@gmail.com,ลูกโต้งชลวัว,ลูกโต้งชลวัว,Bang Na District,Restaurant,no,Low,0,,,,,openstreetmap,1,+66846396639,72 บางนา-ตราด 23,10260,overture (meta),overture:8ed3579f-822a-49d1-9414-634e5b40f705
lonmoh.official@gmail.com,ล้นหม้อ ข้าวต้มกุ๊ยอุดมสุข,ล้นหม้อ ข้าวต้มกุ๊ยอุดมสุข,Bang Na District,Restaurant,no,Low,0,,,,,openstreetmap,1,+66922935184,"224/1 Bang Na Nuea, Bang Na, Bangkok 10260",10260,overture (meta),overture:ddf39a4e-eb2c-4248-9012-3385e558ceb8
mam-hcu@hotmail.com,ล้านปู้ยี่ปู้ยำ By ปูปู้ อุดมสุข,ล้านปู้ยี่ปู้ยำ By ปูปู้ อุดมสุข,Bang Na District,Restaurant,no,Low,0,,,https://wongn.ai/r38mw,,openstreetmap,2,+66952947962,Sukhumvit 103 Rd,10260,overture (meta),overture:47f0c40b-bf9b-4dbb-9924-d6080de8265d
wuttisak01.ws@gmail.com,วาสนาหมูกระทะ แบริ่ง ลาซาล สาขา 31,วาสนาหมูกระทะ แบริ่ง ลาซาล สาขา 31,Bang Na District,Restaurant,no,Low,0,,,,,openstreetmap,1,+66991955924,591 ถนน แบริ่ง - ลาซาล,10260,overture (meta),overture:30ca7424-4d14-4274-aa43-838dfd4adf40
whalemilktea01@gmail.com,วาฬชานม สาขาบางนา-ลาซาล,วาฬชานม สาขาบางนา-ลาซาล,Bang Na District,Restaurant,no,Low,0,,,,,openstreetmap,1,+66628141826,565 ซอย ลาซาล  ถนน ลาซาล แขวงบางนา เขตบางนา ,10260,overture (meta),overture:3ebab31d-7ca5-41c8-a118-4d0aff81ae79
kosri3589@gmail.com,ศ.ซีฟู๊ดทะเลเผา,ศ.ซีฟู๊ดทะเลเผา,Bang Na District,Restaurant,no,Low,0,,,,,openstreetmap,1,+66805134744,1989 ถนน สุขุมวิท,10270,overture (meta),overture:ea26464b-a899-43c7-8f2c-83e6b4501ad7
chansawang_udomsuk@hotmail.com,ศูนย์ความงามจันทร์สว่าง,ศูนย์ความงามจันทร์สว่าง,Bang Na District,Restaurant,no,Low,0,Local,,http://www.chansawang.co.th/,chansawangherbs@gmail.com,openstreetmap,1,+66910786636,336/16 ศรีจันทร์,10260,overture (meta),overture:7b90da67-1a65-4b5f-bdf1-244d2c5274f4
chom_patsorn@hotmail.com,ศูนย์ฟื้นฟูเส้นผมชมภัสสร,ศูนย์ฟื้นฟูเส้นผมชมภัสสร,Bang Na District,Asian; Thai,no,Low,0,,,,,openstreetmap,1,+6623612961,211/26 ซอย หมู่บ้านไพโรจน์,10260,overture (meta),overture:1566a687-93a2-47a9-8e5c-d50fc1b3f292
chefomey@gmail.com,สถาบันสอนทำอาหารญี่ปุ่นร้อยเยน,สถาบันสอนทำอาหารญี่ปุ่นร้อยเยน,Bang Na District,Asian,no,Low,0,Local,,http://www.chefstation.net/,,openstreetmap,1,,ถนนลาซาล ซอยพลอยงาม บางนาใต้ บางนา,10260,overture (meta),overture:b41508f9-4817-434b-aa74-5b8dc317012f
ramifood2025@gmail.com,สวนเรา-ซีฟู้ด ฮอทพอท,สวนเรา-ซีฟู้ด ฮอทพอท,Bang Na District,Asian; Chinese,no,Low,0,,,,,openstreetmap,1,+66803675888,23 ถ. ศรีนครินทร์ แขวงบางนาเหนือ เขตบางนา กรุงเทพมหานคร 10260,10260,overture (meta),overture:eb62b489-cc8b-4849-b757-33a8fbae0af9
sateaksatum@gmail.com,สะเต็กสะตำ,สะเต็กสะตำ,Bang Na District,Asian; Thai,no,Low,0,,,,,openstreetmap,1,+66819205359,Lasalle 23 Yaek 8,10260,overture (meta),overture:239480dd-cf19-41fb-9d8b-a197e78dc34c
chestkonsor@icloud.com,ส้มตำคนซอ,ส้มตำคนซอ,Bang Na District,Asian; Thai,no,Low,0,,,,,openstreetmap,1,+66821297289,60-8 ซอย บางนา-ตราด 19 แยก 9,10260,overture (meta),overture:60670696-235f-488c-bc78-92f40935af26
goodfood1992.gf@gmail.com,หจก.หมูกระทะ สาขา แบริ่ง,หจก.หมูกระทะ สาขา แบริ่ง,Bang Na District,Restaurant,no,Low,0,,,,,openstreetmap,3,+66800082661,527 ถนน ลาซาล,10260,overture (meta),overture:7ca9173f-8165-4f0e-a713-8533ad945e1e
b2tbiz@hotmail.com,หมูทอดกอดคอ ลาซาล,หมูทอดกอดคอ ลาซาล,Bang Na District,Asian; Thai,no,Low,0,,,,,openstreetmap,1,+66636359886,11 Lasalle Rd,10260,overture (meta),overture:8e4fb225-9b9a-42e4-bf70-7fff1adab4a7
kinizakaya@gmail.com,หมูปลาร้า หม่าล่าทอง,หมูปลาร้า หม่าล่าทอง,Bang Na District,Takeaway,no,Low,0,,,,,openstreetmap,1,+66838966454,หมูปลาร้า หม่าล่าทอง,10260,overture (meta),overture:60855e11-89cb-41bc-9b01-ca78ed211c99
natheerin.j@gmail.com,หมูปิ้งที่จริงใจ,หมูปิ้งที่จริงใจ,Bang Na District,Restaurant,no,Low,0,,,,,openstreetmap,1,+66851460979,"ตลาดนัด@แบริ่ง(สาขา1), 7-11 สันติคาม ซ.4 (สาขา2)",10270,overture (meta),overture:9e9b2aca-c765-45a7-a225-2692d91efcdc
nitidsriyam@gmail.com,หลงติ่มซำ,หลงติ่มซำ,Bang Na District,Takeaway,no,Low,0,,,,,openstreetmap,1,+66919896562,5 ถนน บางนา-ตราด,10260,overture (meta),overture:84618d0d-c09b-4967-82c2-c7e1e1192386
vi.akechaktra@gmail.com,ห้องกาแฟ ค๊อฟฟี่ สาขาลาซาล 11,ห้องกาแฟ ค๊อฟฟี่ สาขาลาซาล 11,Bang Na District,Cafe,no,Low,0,,,http://www.thinkroomscompany.com/ห้องกาแฟ,,openstreetmap,1,+66985459482,16 ซอย สุขุมวิท 105,10260,overture (meta),overture:fbb3cfe5-d328-40f1-894c-93bc83ff8eaa
aobauan.mahachai@gmail.com,อบอวน มหาชัย อาหารทะเลสดใหม่ที่สุดในบางนา,อบอวน มหาชัย อาหารทะเลสดใหม่ที่สุดในบางนา,Bang Na District,Seafood,no,Low,0,,,,,openstreetmap,1,+6620249788,92 ถนน บางนา-ตราด,10260,overture (meta),overture:446d8601-26b5-4aa7-a41d-7acae1479752
aun.anathaya@gmail.com,อุดมสุขทะเลดอง,อุดมสุขทะเลดอง,Bang Na District,Restaurant,no,Low,0,,,,,openstreetmap,1,+66946368539,11 ถนน สุขุมวิท,10260,overture (meta),overture:726293ed-63e7-4df4-b47b-d492e975a0c8
jobpalojo@live.com,เคบับร้านลับ,เคบับร้านลับ,Bang Na District,Restaurant,no,Low,0,Local,,https://wongn.ai/211PLk,support@lmwn.com; pr@lmwn.com,openstreetmap,1,+66648847768,607 ซอยศรีด่าน6 ถ.ศรีนครินทร์ ต.บางแก้ว อ.บางพลี,10540,overture (meta),overture:9b480555-13b8-4abb-9440-d26f40046adb
crepesomwang642@gmail.com,เครปสมหวัง ศิครินทร์ บางนา,เครปสมหวัง ศิครินทร์ บางนา,Bang Na District,Restaurant,no,Low,0,,,,,openstreetmap,1,+66842845978,บางนา 7-11 ตรงข้ามโรงพยาบาลศิครินทร์,10260,overture (meta),overture:f801d136-a1bc-4f5a-991e-0e0437eae256
khimookzii.ps@gmail.com,เครปอีนางยักษ์,เครปอีนางยักษ์,Bang Na District,Restaurant,no,Low,0,,,,,openstreetmap,1,+66633691629,"701 Udom Suk 26 Alley, Lane 45",10260,overture (meta),overture:cb147e3b-7a65-4257-9a07-2d1cf96abed8
2511miang@gmail.com,เจ้เมี่ยง ผัดไทปากซอยอุดมสุข,เจ้เมี่ยง ผัดไทปากซอยอุดมสุข,Bang Na District,Asian; Thai,no,Low,0,,,,,openstreetmap,1,+66627565311,11 ถนน สุขุมวิท,10260,overture (meta),overture:796414d7-cbb9-4e69-9701-878e13add353
natchakotboonma31@gamail.com,เจ๊ยา แซ่บเวอร์ เบอร์โทร 062-2249797,เจ๊ยา แซ่บเวอร์ เบอร์โทร 062-2249797,Bang Na District,Restaurant,no,Low,0,,,,,openstreetmap,1,+66622249797,3 สุขุมวิท 101/1,10260,overture (meta),overture:111c593f-8d83-4045-b28d-6a5f0222c5d1
chermbar58@gmail.com,เฉิ่มบาร์,เฉิ่มบาร์,Bang Na District,Bar,no,Low,0,,,,,openstreetmap,1,+66858509629,"Suburb, ซอย อุดมสุข 58",10260,overture (meta),overture:4c1882c8-3cba-4f62-80f2-6d41e928ec27
wannat2000@gmail.com,เชฟต่อ ชานมเย็น,เชฟต่อ ชานมเย็น,Bang Na District,Cafe,no,Low,0,,,,,openstreetmap,1,+66858436437,517 ถนนอุดมสุข,10260,overture (meta),overture:7695ed22-2069-4c0a-a21c-afb45c24311c
tiewtomyumthoongngern@gmail.com,เตี๋ยวต้มยำ ถุงเงิน,เตี๋ยวต้มยำ ถุงเงิน,Bang Na District,Restaurant,no,Low,0,,,,,openstreetmap,1,+66805646632,38 บางนา-ตราด 23,10260,overture (meta),overture:f332a62e-55ce-4ea3-93f5-4291ffff2ba7
urai73724@gmail.com,เตี๋ยวเรือต่อชาม สาขาลาซาล,เตี๋ยวเรือต่อชาม สาขาลาซาล,Bang Na District,Asian; Japanese,no,Low,0,,,,,openstreetmap,1,+66850273724,ซ.ลาซาล,10260,overture (meta),overture:3061f9e6-f8e8-41b5-a609-ce57b5bd3524
kettfern41@gmail.com,เบตงหมี่เกี๊ยว Betong Mee kiew,เบตงหมี่เกี๊ยว Betong Mee kiew,Bang Na District,Asian; Thai,no,Low,0,,,,,openstreetmap,1,+66809953498,ม.4 ต.สวนผึ้ง อ.สวนผึ้ง จ.ราชบุรี 70180,70180,overture (meta),overture:a7d3c1f4-0c05-4142-9b41-65d72494eb63
wanaratmoonsub@gmail.com,เป็ดย่าง อุดมสุข,เป็ดย่าง อุดมสุข,Bang Na District,Restaurant,no,Low,0,,,,,openstreetmap,1,+66840790054,ซอย สุขุมวิท 103,10260,overture (meta),overture:46203a28-7242-44b7-98ed-2f4ddefb9288
nuttt27@gmail.com,เป็ดย่างเอกมัย Rca,เป็ดย่างเอกมัย Rca,Bang Na District,Asian; Thai,no,Low,0,,,,,openstreetmap,1,+66814934931,เป็ดย่างเอกมัยRCA ไบเทค บางนา(ร้านเดิมคลอง4ลำลูกกา),10260,overture (meta),overture:eb039f62-695a-43e3-adf6-bc079501ed2c
phaokanmanss@gmail.com,เผากันมันส์,เผากันมันส์,Bang Na District,Restaurant,no,Low,0,,,,,openstreetmap,1,+66979895588,527 ถนน ลาซาล,10260,overture (meta),overture:5c88d309-8c10-4937-8539-517395e52757
creamjintana10@gmail.com,เฝอ กะเตี๋ยว สาขาลาซาล,เฝอ กะเตี๋ยว สาขาลาซาล,Bang Na District,Asian; Japanese,no,Low,0,,,,,openstreetmap,1,+66612791873,1359/2,10260,overture (meta),overture:7e91487c-cbbf-4448-920f-775ad8743293
wuttipongngachalao@gmail.com,เอ๊ะอะยำ,เอ๊ะอะยำ,Bang Na District,Restaurant,no,Low,0,,,,,openstreetmap,1,+66968904356,3571 Udom Suk 1 Alley,10260,overture (meta),overture:e7a02828-9811-409e-954c-3bed8fc09a7a
hengmoosatay6889@gmail.com,เฮ้งหมูสะเต๊ะ,เฮ้งหมูสะเต๊ะ,Bang Na District,Asian; Thai,no,Low,0,,,,,openstreetmap,1,+66985398991,2708 ซอย เปี่ยมทิพย์,10260,overture (meta),overture:9cb22c86-6195-4e99-a565-cb10ac801b5f
jam.jjdj@gmail.com,แจ่ม แจ้ง แดง แจ๋,แจ่ม แจ้ง แดง แจ๋,Bang Na District,Asian; Japanese,no,Low,0,,,,,openstreetmap,1,+66631794289,Home Kitchen,10250,overture (meta),overture:915b2c51-d047-458f-a466-35d90fe08949
jaaejaae1@hotmail.com,แซ่บคูณ 2,แซ่บคูณ 2,Bang Na District,Restaurant,no,Low,0,,,,,openstreetmap,1,+66809895928,105 ถนน ลาซาล,10260,overture (meta),overture:8903bf4f-56c5-464e-8631-a9c9d13cf6e6
zabseedeatery@gmail.com,แซ่บซี๊ด eatery,แซ่บซี๊ด eatery,Bang Na District,Asian; Thai,no,Low,0,,,,,openstreetmap,1,+66645495054,955 A116-A117 PARC Bangna,10260,overture (meta),overture:656280e4-30d5-46aa-b98f-220f439e78fb
dairyqueenudomsuk@gmail.com,แดรี่ควีน @ อุดมสุข Authentic Thai food & curry,แดรี่ควีน @ อุดมสุข Authentic Thai food & curry,Bang Na District,Indian,no,Low,0,,,,,openstreetmap,1,+6620708885,"818, 34-36 Udom Suk Rd",10260,overture (meta),overture:8ca838f6-43ed-4bc5-9383-ef7fcdab27c4
thadchaiwongs@gmail.com,แม่ประคอง ปลาเผา,แม่ประคอง ปลาเผา,Bang Na District,Seafood,no,Low,0,,,,,openstreetmap,1,+66957939902,18/1 ถนน ลาซาล,10260,overture (meta),overture:933c35cc-b803-4eb0-8698-e3595766a945
e.noomontian@gmail.com,แม่อิหนู,แม่อิหนู,Bang Na District,Cafe,no,Low,0,,,,,openstreetmap,1,+66897935324,27 Lasalle 17 Alley,10260,overture (meta),overture:3d680688-585a-4b75-a1f6-241e6de59136
maeann.crepenomsot2@gmail.com,แม่แอนเครปนมโสด สาขา2 ซอยโชคชัย4,แม่แอนเครปนมโสด สาขา2 ซอยโชคชัย4,Bang Na District,Restaurant,no,Low,0,,,,,openstreetmap,1,+66956598944,65 ถนน โชคชัย 4,10230,overture (meta),overture:fa72bf88-9226-4e66-816c-88be98ff62a8
jokesiam.lasal1@gmail.com,โจ๊กสยาม ลาซาล,โจ๊กสยาม ลาซาล,Bang Na District,Asian,no,Low,0,,,,,openstreetmap,1,+66842386136,70 Lasalle Rd,10260,overture (meta),overture:52b09a39-9b2d-478f-a874-08848a0320d2
rachata.en@gmail.com,โดแตงส์ สเต็กเฮ้าส์,โดแตงส์ สเต็กเฮ้าส์,Bang Na District,Restaurant,no,Low,0,,,http://line.me/R/ti/p/%40dohtangs,,openstreetmap,1,+66907626867,ลาซาน 1,10260,overture (meta),overture:8d6c3657-231d-4833-9c20-ca124cffa880
tongnamyapoo.bn@gmail.com,โต้ง ขนมจีนน้ำยาปู สาขาบางนา,โต้ง ขนมจีนน้ำยาปู สาขาบางนา,Bang Na District,Restaurant,no,Low,0,,,,,openstreetmap,1,+66809169744,8 Soi Sukhumvit 103/2,10260,overture (meta),overture:9fe5b25f-ac56-4726-b112-fadab37c22c2
nami_kao@icloud.com,โมจิ ติม ไข่ แข็ง ไส,โมจิ ติม ไข่ แข็ง ไส,Bang Na District,Ice cream,no,Low,0,,,,,openstreetmap,1,+66927371100,951 Lasalle Rd,10260,overture (meta),overture:842e76b1-0c31-455b-82c9-9fc5a2708f0f
ocharmdadfalasalle@gmail.com,โอชาม,โอชาม,Bang Na District,Asian,no,Low,0,,,,,openstreetmap,1,+66970563975,"โครงการดาดฟ้ามาร์เก็ตปาร์ค, 539 Sukhumvit 105 Alley",10260,overture (meta),overture:870b459a-72e8-4850-a58b-be7b469f235c
ming0879009463@gmail.com,ไก่ทอด 5 ดาว สาขา 7-11 บ้านสวนลาซาล,ไก่ทอด 5 ดาว สาขา 7-11 บ้านสวนลาซาล,Bang Na District,Restaurant,no,Low,0,,,,,openstreetmap,1,+66910149939,4/38 ซอย สุขุมวิท 105,10260,overture (meta),overture:b58654a5-4e2f-4f52-bba8-7def592bc5ab
nokka131@gmail.com,ไก่ทอดน้องยู,ไก่ทอดน้องยู,Bang Na District,Restaurant,no,Low,0,,,,,openstreetmap,1,+66612430666,Sukhumvit 103 Rd,10260,overture (meta),overture:392c4e31-2d17-48f9-8a6e-3de0ca817136
kuaaroi99999@gmail.com,ไก่บ้านย่างเขาสวนกวางป๋านึก,ไก่บ้านย่างเขาสวนกวางป๋านึก,Bang Na District,Asian; Thai,no,Low,0,,,,,openstreetmap,1,+66896687401,85 หมู่12 ซอยสวนสวรรค์ 23 ถนนบางนา-ตราด บางนา,10260,overture (meta),overture:dee825f9-c423-4bef-ba90-3b1473b3c8ef
chillbar2565@gmail.com,ไก่อบโอ่งต้นตำหรับ ลุงกด สาขาศรีนครินทร์,ไก่อบโอ่งต้นตำหรับ ลุงกด สาขาศรีนครินทร์,Bang Na District,Restaurant,no,Low,0,,,,,openstreetmap,1,,932 ซอย สุขุมวิท 105,10260,overture (meta),overture:83a85488-9f21-4577-915f-ae20b50d6e5d
taifong.official@gmail.com,ไท่ฟง ข้าวต้มเหลา,ไท่ฟง ข้าวต้มเหลา,Bang Na District,Restaurant,no,Low,0,,,,,openstreetmap,1,+66626313568,74 บางนา-ตราด 23,10260,overture (meta),overture:25672145-c37b-4ca7-800e-348e3ff41b0a
lomiopowder30@gmail.com,ไอหน้าหมี,ไอหน้าหมี,Bang Na District,Bar,no,Low,0,,,,,openstreetmap,1,+66822408532,3768 Sukhumvit Rd,10260,overture (meta),overture:50cb1d89-f206-4e40-a246-03be72767dbe
arissuekka1012@gmail.com,麻辣江湖 หม่าล่าเจียงฮู อุดมสุข,麻辣江湖 หม่าล่าเจียงฮู อุดมสุข,Bang Na District,Asian; Chinese,no,Low,0,,,,,openstreetmap,1,+66932421782,25 27 Sukhumvit 103 Rd,10260,overture (meta),overture:f8cfdf93-2955-40dc-8487-e947b7f07f8d
