email,name,name_local,district,categories,english,english_priority,english_score,site_language,why,website,other_emails,email_source,locations,phone,address,postcode,source,osm_url
info@bistrobordello.com,Bistro Bordello,,Din Daeng District,French,yes,High,6,English,website in English; Western food (French); English/Latin-script name,https://lin.ee/gRZFolc,,openstreetmap,1,+6620574823,"670/414, Soi Khwan Phatthana",10400,overture (meta),overture:3087a857-3ca6-41fc-ae95-3f5b2c93dd28
chaifood3@gmail.com,ซ.อิทมาระ 33,ซ.อิทมาระ 33,Din Daeng District,Bagels,yes,High,5,English,website in English; Western food (Bagels),https://lin.ee/udHayJ9,,openstreetmap,1,+66824941998,,,overture (meta),overture:ae782ae4-dac7-43d9-8f4d-c094edfc3d51
info@tapb.co.th,20th floor. Heineken Tiger Cheers - Office,,Din Daeng District,Restaurant,yes,High,4,English,website in English; English/Latin-script name,https://www.tapb.co.th,,openstreetmap,1,,"อาคารไทยประกันชีวิต, 123 ถนน รัชดาภิเษก",10400,overture (meta),overture:e7188d5c-0e1c-442c-bfaf-85dccfdc2df2
support@th.cpm-int.com,360 Marketing Services/CPM Thailand,,Din Daeng District,Asian; Thai,yes,High,4,English,website in English; English/Latin-script name,http://www.th.cpm-int.com/,infobcn@cpm-int.com; international@cpm-int.com; andy.buck@uk.cpm-int.com; mandeep.singh@in.cpm-int.com,openstreetmap,1,+6621054739,10 สุขุมวิท 63,10110,overture (meta),overture:c08c1e6f-8019-4227-86f2-699e5c17ad0d
acaistory.bkk@gmail.com,Acai Story - Huaykwang,,Din Daeng District,Cafe,yes,High,4,English,website in English; English/Latin-script name,http://www.acaistorybkk.com/,,openstreetmap,1,+66659874235,60 ถนน ประชาสงเคราะห์,10400,overture (meta),overture:b25a8778-cbfe-4930-acd0-83a895293e20
banhmisapaivietnam@gmail.com,Banhmisapaivietnam,,Din Daeng District,Asian,yes,High,4,English,website in English; English/Latin-script name,https://lin.ee/qXUp8fZ,,openstreetmap,1,+66918537920,"106/3 ถนน วิภาวดีรังสิต, ซ. วิภาวดีรังสิต2 แยก1",10400,overture (meta),overture:ac0be5ce-1037-4320-950b-e5834c8d3972
extractandstream@gmail.com,BASED Coffee Roaster,,Din Daeng District,Cafe,yes,High,4,English,website in English; English/Latin-script name,http://basedcoffeeroaster.com/,,openstreetmap,1,+66932261666,246 3 Pracha Songkhro 27,10400,overture (meta),overture:8913f3e0-310b-403f-9c6f-c07294b85650
marketing@beardpapas.com,Beard Papa's,,Din Daeng District,Cafe,yes,High,4,English,website in English; English/Latin-script name,https://www.beardpapas.com,,venue website,1,02 541 1475,Central Rama 9,10310,overture (Foursquare),overture:cb100b6f-7a7b-49ec-bdbc-5e7ea1aa1f63
bleublackbar@gmail.com,Bleu Black School Bar,,Din Daeng District,Restaurant,yes,High,4,English,website in English; English/Latin-script name,https://lin.ee/C1GsH9c,,openstreetmap,1,,1315 ถนน สุทธิสารวินิจฉัย,10400,overture (meta),overture:946f4d91-d8f8-4e50-a14a-8fa987399d12
nwm@unalog.co,Born To Dine,,Din Daeng District,Restaurant,yes,High,4,English,website in English; English/Latin-script name,https://www.borntodinebkk.com,,openstreetmap,2,02 497 1665,,,openstreetmap,https://www.openstreetmap.org/node/12617730208
hotel@pullmanbangkokkingpower.com,Cuisine Unplugged,,Din Daeng District,Restaurant,yes,High,4,English,website in English; English/Latin-script name,https://www.pullmanbangkokkingpower.com/restaurant-bar/cuisine-unplugged/,,venue website,1,026809999,8-2 Rangnam Road,10400,overture (Microsoft),overture:bf61034a-0471-483a-8d10-2b7ed40f260d
onanong@stayhotelbkk.com,Delicieux Restaurant,,Din Daeng District,Cafe,yes,High,4,English,website in English; English/Latin-script name,http://www.stayhotelbkk.com/,,openstreetmap,1,+66623515694,,10400,overture (meta),overture:31ce9ea4-017d-41bd-afdd-51ca65c840b8
coffee@emeraldhotel.com,Em Quick,,Din Daeng District,Restaurant,yes,High,4,English,website in English; English/Latin-script name,http://www.emeraldhotel.com/,info@emeraldhotel.com,openstreetmap,1,+66614106763,1 ถนน รัชดาภิเษก,10400,overture (meta),overture:0fac1c84-7f53-4651-aa63-c58424d6bcf0
figureground.cafe@gmail.com,FigureGround Cafe,,Din Daeng District,Cafe,yes,High,4,English,website in English; English/Latin-script name,https://lin.ee/gE70mBn,,openstreetmap,1,+66945169456,"3, 2 Sutthisan Winitchai Rd",10400,overture (meta),overture:78ab1cc6-1a0c-4de9-8e11-bd906f794a57
impalacafe.th@gmail.com,Impala Cafe,,Din Daeng District,Bar,yes,High,4,English,website in English; English/Latin-script name,https://lin.ee/6SGssnG,,openstreetmap,1,+66821400549,181 ถนนสุทธิสาร Inthamara 49 Alley,10400,overture (meta),overture:a6eccc4e-e2e2-4409-9775-6b6a39cb94d4
inlovenextgen@gmail.com,InLove,,Din Daeng District,Bar,yes,High,4,English,website in English; English/Latin-script name,https://lin.ee/q2iLoAF,,openstreetmap,1,+66936519194,26 วิภาวดีรังสิต 2,10400,overture (meta),overture:d155b1ee-2d56-4592-ae00-e3282fe2e8be
info@justicehotel.com,"Justice Hotel Ratchadaphisek,Bangkok",,Din Daeng District,Restaurant,yes,High,4,English,website in English; English/Latin-script name,http://www.justicehotel.com/,,openstreetmap,1,+6620447777,"RATCHADAPHISEK RD,",,overture (meta),overture:a90d7b14-10b9-4e6b-a21b-9521ddd6d130
laliette2u@hotmail.com,Laliette Cake Cafe,,Din Daeng District,Cafe,yes,High,4,English,website in English; English/Latin-script name,https://liff.line.me/1645278921-kWRPP32q/?accountId=laliettecake,,openstreetmap,1,+66832967887,95/3-4 ซอยวิภาวดีรังสิต16 Vibhavadi Rangsit,10400,overture (meta),overture:20b66025-0ddd-4c36-858e-f728ef8d45e5
leshibar98@gmail.com,Leshi Bar,,Din Daeng District,Bar,yes,High,4,English,website in English; English/Latin-script name,https://nightify.co/book/les-hi/fb,hello@nightify.co,openstreetmap,1,+66633388820,30 Vibhavadi Rangsit 8 Alley,10400,overture (meta),overture:ef87d936-da18-43f4-92f0-4e153f23eff4
likeapork55@gmail.com,Like A Pork,,Din Daeng District,Cafe,yes,High,4,English,website in English; English/Latin-script name,https://openlink.co/likeapork,,openstreetmap,1,+66987916945,"สวนจตุจักร, 2 ถนน กําแพงเพชร",10900,overture (meta),overture:4e4218c5-6bb7-49d3-8f56-f7232273534b
hello@iplayhk.com,Mangkorn Seafood,,Din Daeng District,Seafood,yes,High,4,English,website in English; English/Latin-script name,http://www.iplayhk.com/?p=2998,,venue website,1,,1394 ถนน ประชาสงเคราะห์,10400,overture (meta),overture:834382ac-e053-4326-a1ea-35aec2137460
mikichaandsnowicesoi3@gmail.com,Mikicha&snow Ice Ratchada Soi 3,,Din Daeng District,Ice cream,yes,High,4,English,website in English; English/Latin-script name,https://grab.onelink.me/2695613898?pid=inappsharing&c=3-C4L3SATHGCAXTA&is_retargeting=true&af_dp=grab%3A%2F%2Fopen%3FscreenType%3DGRABFOOD%26sourceID%3DA4pcqCZkS4%26merchantIDs%3D3-C4L3SATHGCAXTA&af_force_deeplink=true&af_web_dp=https%3A%2F%2Fwww.grab.com%2Fdownload,,openstreetmap,1,,รัชดาภิเษก,10400,overture (meta),overture:f9f3a6d6-781d-447a-b45c-f054bf247f1b
amonratspy242@gmail.com,Papen Coffee Project,,Din Daeng District,Bar,yes,High,4,English,website in English; English/Latin-script name,https://linkbio.co/PAPENCOFFEE,,openstreetmap,1,+66988614668,1390/20 16 Chan Mueang Alley,10400,overture (meta),overture:9c0db1a6-a31d-4459-b078-f5bef48c6bd8
shigumathailand@gmail.com,Shiguma Japanese Restaurant - Design Village Ratchada,,Din Daeng District,Asian; Japanese,yes,High,4,English,website in English; English/Latin-script name,https://online.pubhtml5.com/mghy/ddmc/,,openstreetmap,2,+66967799159,"Design Village Ratchada ชั้น2 ห้องSH A203, Soi Sutthiphong 1",10400,overture (meta),overture:ce707728-2dfd-49ed-bb35-439cb5c5f022
sippinbar@gmail.com,Sippin' Backyard,,Din Daeng District,Bar,yes,High,4,English,website in English; English/Latin-script name,https://sippinbackyard.com/,,venue website,1,,209 Soi Ratchadaphisek 17,10400,overture (meta),overture:8b5b336c-a6bd-445f-b44e-613b79ced34d
taungauto@gmail.com,The First Espresso,,Din Daeng District,Cafe,yes,High,4,English,website in English; English/Latin-script name,https://www.thefirstespressoroaster.com/,jifjyxxx@gmail.com,openstreetmap,2,+6620537775,ซอยวิภาวดีรังสิต 2,10400,openstreetmap,https://www.openstreetmap.org/way/1363991792
info@emeraldhotel.com,Wine Ninety-Nine,,Din Daeng District,Restaurant,yes,High,4,English,website in English; English/Latin-script name,http://www.emeraldhotel.com/,,venue website,1,+66843262483,The Emerald Hotel,10400,overture (meta),overture:7da0445b-06ae-4576-bb2d-0fe32b14fb1e
bpanthailand@gmail.com,Bpan Thai tea,,Din Daeng District,Breakfast,yes,Medium,3,,Western food (Breakfast); English/Latin-script name,,,openstreetmap,1,+66801523286,106 10 ซ. วิภาวดิรังสิต2 แยก 6,10400,overture (meta),overture:ea5b54fb-be0a-400f-8d02-3aab74cfb341
brown.house679@gmail.com,Brown House Cut&Bistro,,Din Daeng District,French,yes,Medium,3,,Western food (French); English/Latin-script name,,,openstreetmap,1,+66839198844,679 ซอย ชานเมือง,10400,overture (meta),overture:e2d03cd4-8e5c-47a3-bcd2-8685f1d9319f
contact@chamichi.com,Chamichi,,Din Daeng District,Restaurant,yes,Medium,3,Bilingual,website has English; English/Latin-script name,http://www.chamichi.com,,venue website,2,,,10400,overture (Foursquare),overture:1a87df68-a8a8-4188-bf4e-079d37992a6d
shop@cookiesjeab.com,Cookies by Jeab,,Din Daeng District,Bakery,yes,Medium,3,Bilingual,website has English; English/Latin-script name,https://www.cookiesjeab.com,,openstreetmap,2,+6626419117,582/330 ซอยรัชดาภิเษก 3 แยก 4,10400,openstreetmap,https://www.openstreetmap.org/way/1369972246
shabudoo@gmail.com,Cris'p Pizza,,Din Daeng District,Pizza,yes,Medium,3,,Western food (Pizza); English/Latin-script name,,,openstreetmap,1,+6620865663,,10400,overture (meta),overture:e2279106-1dcd-4687-bdfa-7b5d59558a05
drunkenwaq@gmail.com,Drunken.WaQ.BBQ,,Din Daeng District,BBQ,yes,Medium,3,,Western food (BBQ); English/Latin-script name,,,openstreetmap,1,+66659546069,"ล็อค A19, 55/10 Ratchadaphisek Rd",10400,overture (meta),overture:c468bdd3-79ce-43ef-947d-1f5636de9910
finalwalkclub@gmail.com,FINAL WALK,,Din Daeng District,Pub,yes,Medium,3,,Western food (Pub); English/Latin-script name,,,openstreetmap,1,+66955262655,"Mansion 7, Ratchadaphisek Road , Khwaeng Huai Khwang , Khet Huai Kwang",10310,overture (meta),overture:c212b13b-6042-41d2-90e9-32d073c8b062
happybox8889@gmail.com,Happyhappybox,,Din Daeng District,Restaurant,yes,Medium,3,Bilingual,website has English; English/Latin-script name,https://5df9d7a81db85.site123.me/,bavornnat_n@hotmail.com,openstreetmap,1,+66895589497,155 ถนน รัชดาภิเษก,10400,overture (meta),overture:37caa3ef-24f2-4516-8e3e-fbbb043a8b4d
bangkok130707@hotmail.com,Huong Vi Viet J Moon Restaurant,เฮืองวีเวียดเจมูน,Din Daeng District,Asian,yes,Medium,3,English,website in English,https://hvvjm.com/home/,,openstreetmap,1,+66879629561,,,openstreetmap,https://www.openstreetmap.org/way/1467805328
info@istudyth.com,iStudy Working Space,,Din Daeng District,Cafe,yes,Medium,3,Bilingual,website has English; English/Latin-script name,https://istudyth.com/workspace/,,venue website,1,+6626420442,"ฟอร์จูน ทาวน์, 7 ถนน รัชดาภิเษก",10400,overture (meta),overture:6c1f315f-e93a-451b-9a76-91a06a79163e
twopeoplecoffee@hotmail.com,Journey Coffee Roasters - จำหน่ายเมล็ดกาแฟ,Journey Coffee Roasters - จำหน่ายเมล็ดกาแฟ,Din Daeng District,Cafe,yes,Medium,3,English,website in English,https://lin.ee/MHj0Del,,openstreetmap,1,+66645471199,11 อินทามระ 34,10400,overture (meta),overture:69f4f0c8-dcd3-4f26-a294-47cf155a6283
latteman.m@gmail.com,Latte Man,,Din Daeng District,Breakfast,yes,Medium,3,,Western food (Breakfast); English/Latin-script name,,,openstreetmap,1,+66 85 442 2478,550/188 ซอยโพธิ์ปั้น แยก 12,10400,openstreetmap,https://www.openstreetmap.org/node/13077980491
libragardencafe@gmail.com,Libra  Garden Cafe' & Bistro,,Din Daeng District,French,yes,Medium,3,,Western food (French); English/Latin-script name,,,openstreetmap,1,+66929537192,514 ถนน อโศก-ดินแดง,10400,overture (meta),overture:2bf863ed-518d-4a3c-8e24-197468156160
maxirpizzeia@gmail.com,Maxi s Pizzeria Cafe & Restaurant,,Din Daeng District,Italian; Pizza,yes,Medium,3,,"Western food (Italian, Pizza); English/Latin-script name",https://lin.ee/q9WMk91,,openstreetmap,1,+6626895176,155 ถนน รัชดาภิเษก,10400,overture (meta),overture:e637077c-ba39-4c80-b5f3-d4cb8634f588
marketing.nenebbq@gmail.com,Nene Korean BBQ Buffet,,Din Daeng District,Asian; BBQ; Korean,yes,Medium,3,,Western food (BBQ); English/Latin-script name,,,openstreetmap,1,+66955608735,"332, 85 Soi Ratchadaphisek 3, Intersection 4",10400,overture (meta),overture:0069500a-20c6-4324-ba09-9e8e487e0b61
neverdie.eatery@gmail.com,NeverDie Eatery,,Din Daeng District,American,yes,Medium,3,,Western food (American); English/Latin-script name,,,openstreetmap,1,+66863706984,99 ถนน รัชดาภิเษก,10400,overture (meta),overture:492fb6f0-a0f0-4e7a-be9f-49feee3335ed
risacafeandbistro@gmail.com,Risa Café and Bistro,,Din Daeng District,French,yes,Medium,3,,Western food (French); English/Latin-script name,https://lin.ee/8fx5PYW,,openstreetmap,1,+66929919949,205 32 Ratchadaphisek Rd,10400,overture (meta),overture:a894bc52-c555-49f1-96b0-3f25e08721ad
kanchareeya1@gmail.com,Steak Garage Delivery,,Din Daeng District,Pizza; Steak,yes,Medium,3,,"Western food (Pizza, Steak); English/Latin-script name",,,openstreetmap,1,+66987311186,"เดอะ สตรีท, 139 ถนน รัชดาภิเษก",10400,overture (meta),overture:29446f60-c23a-4298-a6cc-31338c4b4fee
sbistrobar7@gmail.com,Support Bistro & Bar,,Din Daeng District,French,yes,Medium,3,,Western food (French); English/Latin-script name,,,openstreetmap,1,+66953572447,"143, 3 Na Thong Alley, Lane 2",10400,overture (meta),overture:f0dd2e39-90a4-4aa3-8612-b282284fb70e
theclassicgroupthailand@gmail.com,The Classic Ratchada,,Din Daeng District,Pub,yes,Medium,3,,Western food (Pub); English/Latin-script name,,,openstreetmap,1,+66972153913,1380 Inthamara 26/2 Alley,10400,overture (meta),overture:f8684d89-9c50-4cfd-8921-afff74e7ec63
thetradecafe@hotmail.com,The Trade Cafe,,Din Daeng District,Breakfast,yes,Medium,3,,Western food (Breakfast); English/Latin-script name,,,openstreetmap,1,+66 93 052 2999,212 ถนนประชาสุข,10400,openstreetmap,https://www.openstreetmap.org/node/13184508798
phansukwongvai@gmail.com,Tuf bar&bistro,,Din Daeng District,French,yes,Medium,3,,Western food (French); English/Latin-script name,,,openstreetmap,1,+66619806886,ซอย หอการค้า,10400,overture (meta),overture:484b32b6-a1dd-44f7-8de8-8d8c60c76019
usteak777@gmail.com,U-Steak,,Din Daeng District,Steak,yes,Medium,3,,Western food (Steak); English/Latin-script name,,,openstreetmap,1,+66802092888,60 Ratchadaphisek 7,10400,overture (meta),overture:d42ecaa0-1468-434d-9eaf-f6b795999f91
puisiyamon@gmail.com,"ข้าวมันไก่โอเคเบตง""OKbetong""","ข้าวมันไก่โอเคเบตง""OKbetong""",Din Daeng District,Restaurant,yes,Medium,3,English,website in English,http://www.okbetong.com/,,openstreetmap,1,+66891714457,"ฟอร์จูน ทาวน์, 7 ถนน รัชดาภิเษก",10400,overture (meta),overture:958313e2-3829-46f6-b695-2bfe08232ee5
chababarn2014@gmail.com,ชบาบาน,ชบาบาน,Din Daeng District,Asian; Thai,yes,Medium,3,English,website in English,https://www.chababarn-restaurant.com,,openstreetmap,1,+66802157720,1240 ถนน สุทธิสารวินิจฉัย,10400,overture (meta),overture:31f8b80b-5ac8-444c-8b54-4c670a433956
taamchob@gmail.com,ตามชอบ,ตามชอบ,Din Daeng District,Cafe,yes,Medium,3,English,website in English,https://lin.ee/4Hliyu9hl,,openstreetmap,1,+66959656591,"ตามชอบ, ซ. รัชดาภิเษก 7 แยก 15-4-1",10400,overture (meta),overture:73d520e4-444f-48cb-9923-b43718203365
tanakorn@zenithchemical.com,ตำยำย่าง 35 บาท ทุกเมนู สาขาหอการค้า ดินแดง,ตำยำย่าง 35 บาท ทุกเมนู สาขาหอการค้า ดินแดง,Din Daeng District,Restaurant,yes,Medium,3,English,website in English,http://www.marketanywhere.com/,,openstreetmap,2,+66816271044,3 ซ. วิภาวดีรังสิต2 แยก1,10400,overture (meta),overture:bdf21e72-b3d3-4b8b-b839-8e0888ddd53a
phrot.srisumran@gmail.com,บัวตอง ไก่ย่างเขาสวนกวาง,บัวตอง ไก่ย่างเขาสวนกวาง,Din Daeng District,Restaurant,yes,Medium,3,English,website in English,https://buatongkaiyang.wordpress.com/,,openstreetmap,1,+66818319025,508 ซอย สุทธิพร 2,10400,overture (meta),overture:1470e897-c6ff-40c0-b7e3-1726b6eaa0ac
zaiikhang.dindang@gmail.com,สายแข็ง on the rock,สายแข็ง on the rock,Din Daeng District,Restaurant,yes,Medium,3,English,website in English,https://openlink.co/zaiikhang,,openstreetmap,1,+66617899141,8 ถนน ประชาสงเคราะห์,10400,overture (meta),overture:38008d73-a238-4e62-81e3-e4a65b0d996b
teshuangratchada1@gmail.com,เท่อส่วงหม่าล่าหม้อไฟ Te Shuang 特爽串串香小火锅,เท่อส่วงหม่าล่าหม้อไฟ Te Shuang 特爽串串香小火锅,Din Daeng District,Asian; Chinese,yes,Medium,3,English,website in English,https://lin.ee/y1m70AU6,,openstreetmap,1,,322 ซอย อยู่เจริญ,10400,overture (meta),overture:3147a0fb-4bde-4e22-a02d-0d74d21fae09
maetoi_cuisines@gmail.com,แม่ต้อย เมี่ยงคำ น้ำปลาหวาน,แม่ต้อย เมี่ยงคำ น้ำปลาหวาน,Din Daeng District,Cafe,yes,Medium,3,English,website in English,http://www.maetoi.com/,,openstreetmap,1,+66875121440,45 Inthamara 37 Alley,10400,overture (meta),overture:9acdf55c-218e-46d5-9375-d2e3ed615a0d
luckychickenclub@gmail.com,โชคดีไก่ย่าง,โชคดีไก่ย่าง,Din Daeng District,Restaurant,yes,Medium,3,English,website in English,https://grab.onelink.me/2695613898?pid=inappsharing&c=3-C7B1NRA1A731BA&is_retargeting=true&af_dp=grab%3A%2F%2Fopen%3FscreenType%3DGRABFOOD%26sourceID%3DA4pcqCZkS4%26merchantIDs%3D3-C7B1NRA1A731BA&af_force_deeplink=true&af_web_dp=https%3A%2F%2Fwww.grab.com%2Fdownload,,openstreetmap,1,+66829539379,4675 ถนน ประชาสงเคราะห์,10400,overture (meta),overture:a90d9d22-f7e6-4a27-b22a-47a2cf38a01f
info@somboonseafood.com,建兴酒家咖喱蟹,,Din Daeng District,Seafood,yes,Medium,3,Bilingual,website has English; English/Latin-script name,http://www.somboonseafood.com,reservation@somboonseafood.com,openstreetmap,3,+6626926850,167/9-12 Ratchadaphisek Rd,10400,overture (meta),overture:476fffdb-91ed-416a-83ec-332758b9d528
tumsuaw5yak@gmail.com,5แยกตำซั่ว,5แยกตำซั่ว,Din Daeng District,Asian; Thai,no,Medium,2,Bilingual,website has English,http://www.aiyellow.com/5yaktamsuaw/,,openstreetmap,1,+66812994195,76 Soi Inthamara 44,10400,overture (meta),overture:7b2e9699-b516-424d-9d18-de5e09aeae49
ahhoi1001@gmail.com,Ahhoi อ้าหอย,Ahhoi อ้าหอย,Din Daeng District,BBQ,no,Medium,2,,Western food (BBQ),,,openstreetmap,1,,Ratchada train night market,10110,overture (meta),overture:ebe5781b-638d-440c-87b4-c605acde047c
eastlane.bkk@gmail.com,Bunga De Rosa Pizza บังก้า พิซซ่า,Bunga De Rosa Pizza บังก้า พิซซ่า,Din Daeng District,Pizza,no,Medium,2,,Western food (Pizza),,,openstreetmap,1,+66802104242,60/1 ซอย สุทธิพงศ์ 1,10400,overture (meta),overture:a7cc9c33-f8ad-4bfc-8d1c-c0406f943453
suksomarommai@gmail.com,Happy Mango House บ้านมะม่วงสุข,Happy Mango House บ้านมะม่วงสุข,Din Daeng District,Asian; Thai,no,Medium,2,Bilingual,website has English,http://www.suksomarommai.com/,,openstreetmap,1,+6621166619,16 วิภาวดีรังสิต 16/25,10400,overture (meta),overture:3f6ac9bf-39aa-4366-8a48-50ce114fcbfe
hunanfooddelivery@gmail.com,Hunan Diner อี้หว่านเซียง,Hunan Diner อี้หว่านเซียง,Din Daeng District,American; Asian; Chinese,no,Medium,2,,Western food (American),,,openstreetmap,1,+66909170817,,,overture (meta),overture:70e91e90-88b0-44cc-a039-d06ffb3bc73f
umisiriporn@gmail.com,Super Steak ถนนประชาสงเคราะห์ ดินแดง,Super Steak ถนนประชาสงเคราะห์ ดินแดง,Din Daeng District,Steak,no,Medium,2,,Western food (Steak),,,openstreetmap,1,+66814841584,24 ประชาสงเคราะห์ 2,10400,overture (meta),overture:cad90fb8-1cf8-49b4-8f12-8a2e7fbd3dc8
ouibubpa@gmail.com,Your'z Pizza สาขาดินแดง,Your'z Pizza สาขาดินแดง,Din Daeng District,Pizza,no,Medium,2,,Western food (Pizza),,,openstreetmap,1,+66871029554,"45/2 ซ.แม่เนี้ยว2 Maenieo Alley, Lane 4",10400,overture (meta),overture:9065239a-3530-4e2f-b819-2493676c008f
supatplace@gmail.com,ครัวปันสุข,ครัวปันสุข,Din Daeng District,Restaurant,no,Medium,2,Bilingual,website has English,http://www.suphatplace.com/,apinyaloychusak@gmail.com,openstreetmap,1,+6622778224,"สุพัฒน์เพลส, เลขที่331 Soi Sutthiphong 1",10400,overture (meta),overture:0c94173e-6ede-41fa-98ac-874209dbf8a3
suratwadee01@gmail.com,คุณนายเบอร์เกอร์,คุณนายเบอร์เกอร์,Din Daeng District,Burger,no,Medium,2,,Western food (Burger),,,openstreetmap,1,+66991469458,"เบอร์เกอร์, 126/21 วิภาวดีรังสิต 2",10400,overture (meta),overture:cad73883-4719-427a-9bb0-2b7f6c429300
thong252523@gmail.com,ซ่อมเพลารถยนต์ทุกชนิด By ต.เต็ก รุ่งเรืองเซอร์วิส,ซ่อมเพลารถยนต์ทุกชนิด By ต.เต็ก รุ่งเรืองเซอร์วิส,Din Daeng District,Steak,no,Medium,2,,Western food (Steak),,,openstreetmap,1,+66929522228,94 ถนน ประชาสุข,10400,overture (meta),overture:f48454cd-3a92-4915-b56c-1a7f8109213c
chubbypui1357@gmail.com,ร้านกาแฟ ป้ากุล,ร้านกาแฟ ป้ากุล,Din Daeng District,Cafe,no,Medium,2,Bilingual,website has English,https://wongn.ai/o1njr,support@wongnai.com,openstreetmap,1,+66814899658,,,overture (meta),overture:9f758c8c-70de-4cad-bf8b-5a214aa1f8fc
shutiwat836@gmail.com,หมีอินดี้,หมีอินดี้,Din Daeng District,Restaurant,no,Medium,2,Bilingual,website has English,https://lin.ee/IEl7otL,,openstreetmap,1,+66889654312,22 48 Soi Suk Ruam Kan,10400,overture (meta),overture:5dc8ddfc-d0e5-4270-bb4a-13bf1896dfad
parwmaya@gmail.com,หมูปลาร้าตี๋น้อย Mooplalateenoi,หมูปลาร้าตี๋น้อย Mooplalateenoi,Din Daeng District,BBQ,no,Medium,2,,Western food (BBQ),,,openstreetmap,1,+66992236261,รัชดาภิเษกซอย 7 นาทอง6,10400,overture (meta),overture:fa83656c-15b4-452e-b365-9bb08a294547
25highandchic@gmail.com,25High&Chic X 66Craft Zone,,Din Daeng District,Cafe,no,Low,1,,English/Latin-script name,,,openstreetmap,1,+66830662389,25 ซอย มหาวงษ์ใต้,10400,overture (meta),overture:e8e25373-ac17-4195-87d5-5f8257c254fa
hokdeeholdings@gmail.com,3 Pinong Chicken Rice,,Din Daeng District,Restaurant,no,Low,1,,English/Latin-script name,,,openstreetmap,1,+66820422047,"G Floor, 139 Ratchadaphisek Rd",10400,overture (meta),overture:6df9eafa-0a77-472b-8865-7c105c9b1b94
63.restaurantgroup@gmail.com,63 Kitchen,,Din Daeng District,Asian,no,Low,1,,English/Latin-script name,,,openstreetmap,1,+66811950859,,,overture (meta),overture:8cfad40e-f829-4310-b371-2d9779517f4c
byduang@gmail.com,A-Roi,,Din Daeng District,Restaurant,no,Low,1,,English/Latin-script name,,,openstreetmap,1,+66634123684,A-ROI หอการค้า อาคาร 4 แขวง ดินแดง เขต ดินแดง  ,10400\n,overture (meta),overture:b6c70cfb-be97-4be9-9f36-22322f9bd5bc
addchaicoffee@gmail.com,Add Coffeee,,Din Daeng District,Cafe,no,Low,1,,English/Latin-script name,,,openstreetmap,1,+66851390854,99 ถนน มิตรไมตรี,10400,overture (meta),overture:d413bcfd-c9ba-4032-9327-72015d11d6c4
nunthanut.ka@gmail.com,Adore Cafe,,Din Daeng District,Cafe,no,Low,1,,English/Latin-script name,,,openstreetmap,1,+66985517418,547 Thanon Asok - Din Daeng,10400,overture (meta),overture:c8567b02-3dad-411a-9105-10778ddb4311
suwat_phansawang@gmail.com,AIA by Toomtam,,Din Daeng District,Bar,no,Low,1,,English/Latin-script name,,,openstreetmap,1,+66952697165,55 รัชดาภิเษก 3,10400,overture (meta),overture:c2671aa5-dc74-4805-bc99-d7ea8a182dc7
seafoodannyeong@gmail.com,Annyeong Seafood,,Din Daeng District,Seafood,no,Low,1,,English/Latin-script name,,,openstreetmap,1,+66863837417,เลขที่29 Pracha Songkhro 47 Alley,10400,overture (meta),overture:e7c55ebd-3246-4c76-8aee-a63498b1da0c
apirombeef@gmail.com,Apirombeef,,Din Daeng District,Restaurant,no,Low,1,,English/Latin-script name,,,openstreetmap,1,+66919199569,1478 ซอยชานเมือง 11 แขวงดินแดง เขตดินแดง,10400,overture (meta),overture:532ed7ed-6585-4909-83f6-3d71d3ac652a
apriltrees.studio@gmail.com,April Trees Studio,,Din Daeng District,Bakery,no,Low,1,,English/Latin-script name,,,openstreetmap,1,+66955303619,7 Vibhavadi Rangsit 16/28 Alley,10400,overture (meta),overture:26789559-3f54-475d-a669-7f2c29c51658
baronchickenrice@gmail.com,Baron Chicken Rice,,Din Daeng District,Restaurant,no,Low,1,,English/Latin-script name,,,openstreetmap,1,+6620383582,322/342 ซอย อยู่เจริญ,10400,overture (meta),overture:7780dbef-6f30-4976-a186-2aa67e26f663
thevachiravit@gmail.com,Billions Plus Cafe,,Din Daeng District,Cafe,no,Low,1,,English/Latin-script name,,,openstreetmap,1,+66989269212,110/8 ซ. วิภาวดิรังสิต2 แยก 6,10400,overture (meta),overture:a1aa318d-711a-4adb-bcda-82d3bb9aa10b
boomshrimp1@gmail.com,Boomshrimp,,Din Daeng District,Seafood,no,Low,1,,English/Latin-script name,,,openstreetmap,1,+6620033633,2006/80 ถนน ประชาสงเคราะห์,10400,overture (meta),overture:04f62489-639a-4ab3-b5e1-792b23a38582
brewaveratchada@gmail.com,Brewave Ratchada,,Din Daeng District,Restaurant,no,Low,1,,English/Latin-script name,,,openstreetmap,1,+66962471956,5 รัชดาภิเษก 1,10400,overture (meta),overture:72ebc34f-328e-4449-a429-4ece43b89801
natacha20018@icloud.com,Brother's Coffee,,Din Daeng District,Cafe,no,Low,1,,English/Latin-script name,,,openstreetmap,1,+66957737017,731 PM Tower Soi Trakun Suk,10400,overture (meta),overture:1fa5eb4f-0559-4574-b8e7-fda0ef5d72ba
brotherhood.bangkok@gmail.com,brotherhood.bangkok,,Din Daeng District,Cafe,no,Low,1,,English/Latin-script name,,,openstreetmap,1,+66969286326,147 soi prachasongkhoa2,10400,overture (meta),overture:f4ece6ba-5ae0-4b7e-8136-0ff4b6b57a2c
cafeforrest@hotmail.com,Cafe Forrest,,Din Daeng District,Cafe,no,Low,1,,English/Latin-script name,,,openstreetmap,1,+66908899064,"ถนนสุทธิสารวินิจฉัย, ดินแดง, ดินแดง, กรุงเทพมหานคร 10400, ประเทศไทย",10400,overture (meta),overture:60e1d988-380d-4ca4-bebc-d5f504afd1ab
cafelappartement@gmail.com,Cafe L'appartement,,Din Daeng District,Cafe,no,Low,1,,English/Latin-script name,,,openstreetmap,1,+66811556688,Ratchadaphisek Rd,10400,overture (meta),overture:5d7ec169-cada-4903-b931-04e4cc287c88
cafesesto.6@gmail.com,Cafe SESTO in Casa,,Din Daeng District,Cafe,no,Low,1,,English/Latin-script name,,,openstreetmap,1,+66909705369,"34, 1 Pracha Rat Bamphen Rd",10400,overture (meta),overture:8bc77a66-fe92-4b4e-a850-d23cb1b120ce
grazie.moka@gmail.com,Caffe.ME,,Din Daeng District,Cafe,no,Low,1,,English/Latin-script name,,,openstreetmap,1,+66638659096,60 ถนน ประชาสงเคราะห์,10400,overture (meta),overture:99826604-cae4-4a0d-808b-fd51abef41bc
linsnower@hotmail.com,Castella Taiwan,,Din Daeng District,Bakery,no,Low,1,,English/Latin-script name,,,openstreetmap,2,+66994279898,"ชั้นB, เอสพลานาด รัชดา, 99 Ratchadaphisek Rd",10400,overture (meta),overture:109d7abf-4bde-430a-88cb-2bdc87ccde42
c.bonnard.cafe@gmail.com,CBonnard Café & Bakery,,Din Daeng District,Bakery,no,Low,1,,English/Latin-script name,,,openstreetmap,1,+66963651799,Pracha Songkhro,10400,overture (meta),overture:fa806467-ffa5-484d-8ba0-ff4f2f54d055
changhaibkk@gmail.com,Changhai,,Din Daeng District,Asian; Thai,no,Low,1,,English/Latin-script name,,,openstreetmap,1,+66826626622,567 Soi Suthiporn Prachasongkroh Rd,10400,overture (meta),overture:3f748151-946a-4227-a1aa-3d62932333f7
cfcoffee.service@gmail.com,Charles Factory,,Din Daeng District,Cafe,no,Low,1,Local,English/Latin-script name,http://phutanavsri1.blogspot.com/,,openstreetmap,1,+66865456962,a space ID,10400,overture (meta),overture:0cf35be9-74b3-43d4-9be3-410378d92018
chern33baht@gmail.com,Chern,,Din Daeng District,Restaurant,no,Low,1,,English/Latin-script name,,,openstreetmap,1,+66962458297,23 ถนน ประชาสงเคราะห์,10400,overture (meta),overture:cb8b9775-e3d4-47f4-9e37-2625f1115265
clouddebear@gmail.com,Chester's,,Din Daeng District,Takeaway,no,Low,1,,English/Latin-script name,https://forms.office.com/r/kFXLcRYCe2,,openstreetmap,1,+66912557585,1 Ratchadaphisek Rd,10400,overture (meta),overture:7f86f0d6-4b5b-46af-821d-9c017509a5df
lerdyootvi@gmail.com,Choice Coffee,,Din Daeng District,Cafe,no,Low,1,Local,English/Latin-script name,https://choicecoffee.co.th/,,openstreetmap,1,+6622463650,600 11 Khang Chum Sai Thorasap Aly,10400,overture (meta),overture:58c58ed6-ab10-4dca-8fd5-03f1e4e0c3f8
pimnara_preem@hotmail.com,Chugar's P,,Din Daeng District,Cafe,no,Low,1,,English/Latin-script name,,,openstreetmap,1,+66891888824,ซอยอินทามระ 47 49 Pracha Suk Rd,10400,overture (meta),overture:f81b7f46-40cc-44e4-bb19-80783961e3d8
judyhan992@gmail.com,Chármony Fruit Tea and Café,,Din Daeng District,Cafe,no,Low,1,,English/Latin-script name,,,openstreetmap,1,+66935765652,582/29 รัชดาภิเษก 3,10400,overture (meta),overture:3644a988-6240-402d-a79d-5279f1652987
coffeeagain@outlook.com,Coffee Again at UTCC ism,,Din Daeng District,Cafe,no,Low,1,,English/Latin-script name,,,openstreetmap,1,+66970866187,0124 ถนน ประชาสงเคราะห์,10400,overture (meta),overture:441b3f0c-5e6c-4bdb-8095-e2c5c5f07f03
contact@coffeeklick.com,CoffeeKlick,,Din Daeng District,Cafe,no,Low,1,Local,English/Latin-script name,http://www.coffeeklick.com/,,openstreetmap,7,+66619385835,,10400,overture (meta),overture:93438563-b2a4-479d-82ee-9f393941d62e
info.comepah@gmail.com,Come Pah,,Din Daeng District,Asian; Thai,no,Low,1,,English/Latin-script name,,,openstreetmap,1,+66932919641,500 28 ซ อยู่เจริญ,10400,overture (meta),overture:2ae5ed8a-1b40-4f25-98ad-ccff7c265fad
crapeandcuphouse@gmail.com,Crape & Cup House,,Din Daeng District,Cafe,no,Low,1,,English/Latin-script name,,,openstreetmap,1,,161/6 ซ.อินทามระ 41 ถ.สุทธิสาร ดินแดง,10400,overture (meta),overture:916f241f-48c5-49a5-bc94-c431d0e1a668
darlene.group@gmail.com,Darlene Sweets,,Din Daeng District,Bakery,no,Low,1,,English/Latin-script name,,,openstreetmap,1,+66863989814,514/7 ประชาสงเคราะห์ 4,10400,overture (meta),overture:496453a7-158c-45df-96a9-21d69fc67d9d
educocafe40@gmail.com,Educo Cafe,,Din Daeng District,Cafe,no,Low,1,,English/Latin-script name,,,openstreetmap,1,+66863022586,Inthamara 40 Alley,10400,overture (meta),overture:310d9bc8-32af-4568-97f1-35d91171a91d
icezzycool@gmail.com,Fei Fei Ma La Tang,,Din Daeng District,Asian; Chinese,no,Low,1,,English/Latin-script name,,,openstreetmap,1,+66858169189,Rama IX Rd,10400,overture (meta),overture:8c657a67-d8a3-4520-adf7-798bf5f5b646
flow.teaspace@gmail.com,Flow Teaspace,,Din Daeng District,Restaurant,no,Low,1,,English/Latin-script name,,,openstreetmap,1,+66645529541,7 Ratchadaphisek Rd,10400,overture (meta),overture:fde5c1b0-2619-454b-a21a-c838f5320360
foongspecialtycoffeebar@gmail.com,Foong Specialty Coffee and Bar,,Din Daeng District,Cafe,no,Low,1,,English/Latin-script name,,,openstreetmap,1,+66855682591,1 Ratchadaphisek Rd,10400,overture (meta),overture:abaca9b7-e773-4303-be0e-8c400a151ba9
gaalook.th@gmail.com,Gaalook,,Din Daeng District,Restaurant,no,Low,1,,English/Latin-script name,,,openstreetmap,1,,582/67 รัชดาภิเษก 3,10400,overture (meta),overture:13359eaa-aad1-4911-9539-3685ef145409
goldcurrybkk@yahoo.co.jp,Gold Curry Rachada,,Din Daeng District,Asian; Indian; Japanese,no,Low,1,,English/Latin-script name,,,openstreetmap,3,+6620349439,5 รัชดาภิเษก 1,10400,overture (meta),overture:0912a58e-9cac-4ed8-b03d-ea9228348ae0
bankhairbands@gmail.com,Goodday Cafe,,Din Daeng District,Cafe,no,Low,1,,English/Latin-script name,,,openstreetmap,1,+66947852662,"81, 8 Sukkasem Rd",10400,overture (meta),overture:b16b7ec9-768c-4e5e-8af2-cea3080a62da
j.techinee.1@gmail.com,Goody Yummy,,Din Daeng District,Restaurant,no,Low,1,,English/Latin-script name,,,openstreetmap,1,+66993829361,826 ถนน สุทธิสารวินิจฉัย,10400,overture (meta),overture:a572936d-5267-450c-8c99-2f9d377bb3b9
athenaholding2568@gmail.com,Gyu-Ya Yakiniku,,Din Daeng District,Asian; Japanese,no,Low,1,,English/Latin-script name,,,openstreetmap,1,+66914292964,139 Ratchadaphisek Rd,10400,overture (meta),overture:264d1de7-9fcc-47a4-ad9a-8fa5cf38569b
aoy2528zaza@gmail.com,H&A Coffee house,,Din Daeng District,Cafe,no,Low,1,,English/Latin-script name,,,openstreetmap,1,+66955510268,2984 ถนน ประชาสงเคราะห์,10400,overture (meta),overture:19e8f2d5-a18f-415a-ae49-68bd747eb5db
areeya0985388400@gmail.com,Half Drunk Club 半醉音乐酒吧,,Din Daeng District,Bar,no,Low,1,,English/Latin-script name,,,openstreetmap,1,+66908933729,"Ratchadaphisek Rd, 167",10400,overture (meta),overture:58db4ab3-a63a-40e4-b3fb-75ab4e10b0f0
henghenglao.suthisan@gmail.com,HENG HENG LAO Sutthisan,,Din Daeng District,Restaurant,no,Low,1,,English/Latin-script name,,,openstreetmap,1,+66827826963,1139/1 ถนน สุทธิสารวินิจฉัย,10400,overture (meta),overture:98e37b67-e097-4e7a-b032-9c57f6459c5b
suvicha.jum@gmail.com,Hi To Salad,,Din Daeng District,Restaurant,no,Low,1,,English/Latin-script name,,,openstreetmap,1,+66834138189,151 Thanon Asok - Din Daeng,10400,overture (meta),overture:c20c5732-a1e4-4350-b8c8-4d03a8ccd4a1
natchalee.555@gmail.com,HOI SURAT,,Din Daeng District,Restaurant,no,Low,1,,English/Latin-script name,,,openstreetmap,1,+66840245326,93 ถนน ประชาสุข,10400,overture (meta),overture:d5142ae8-2778-47c5-a8f9-baa6a6bbaf17
howcafeth@gmail.com,HowCafeTH,,Din Daeng District,Cafe,no,Low,1,,English/Latin-script name,,,openstreetmap,1,+66826639611,"อาคารภูหลวง แมนชั่น 108/88 ซอยวิภาวดีรังสิต 2 ถ.วิภาวดีรังสิต 2 ห้อง 109, ห้องซ้ายมือมุมตึก",10400,overture (meta),overture:66c81a59-787a-4496-93f7-b62ff01f85b5
tbonethonburi@hotmail.com,Hunter bar,,Din Daeng District,Restaurant,no,Low,1,,English/Latin-script name,,,openstreetmap,1,+66917758802,322 18 อโศก - ดินแดง,10240,overture (meta),overture:b71f5356-4628-4a2f-b6b7-3afe5c5ca095
ifriedcheese@gmail.com,I Fried Cheese,,Din Daeng District,Restaurant,no,Low,1,,English/Latin-script name,,,openstreetmap,1,+66632399866,วิภาวดีรังสิต,10400,overture (meta),overture:efb1fc29-772d-441b-bd2a-7af1ed0f27d7
jintodpatue@gmail.com,Jintodpatue,,Din Daeng District,Restaurant,no,Low,1,,English/Latin-script name,,,openstreetmap,1,,33 ซอย โชคชัยร่วมมิตร,10400,overture (meta),overture:ebea52cf-4b95-42ab-bbc8-e80983dbedfe
justbakeandbrew@gmail.com,JUST,,Din Daeng District,Cafe,no,Low,1,,English/Latin-script name,,,openstreetmap,1,+66970404265,24 อินทามระ 24,10400,overture (meta),overture:da8cf1e8-1c14-438c-b263-2a3bef999aa7
jarupom4@gmail.com,Kafe Club,,Din Daeng District,Cafe,no,Low,1,,English/Latin-script name,,,openstreetmap,1,+66966923949,ดิแดง 193 ซ.จตุรทิศ2แยก15,10400,overture (meta),overture:90bcb221-679c-4ad6-aece-60bea70d6491
kinnikugyudon@gmail.com,Kinniku Gyudon,,Din Daeng District,Restaurant,no,Low,1,,English/Latin-script name,,,openstreetmap,3,,ถนน รัชดาภิเษก ดินแดง กรุงเทพฯ The Esplanade Ratchada,10320,overture (meta),overture:09137fdf-adcd-4149-95c4-97a2a7e88e22
knockout888sss@gmail.com,Knockout 28 Bar,,Din Daeng District,Bar,no,Low,1,,English/Latin-script name,,,openstreetmap,1,+66992915280,1 Pracha Songkhro Rd,10400,overture (meta),overture:34ec74c0-41fa-4428-93f8-4683e8000ece
kaewkikkik@gmail.com,KoCori Bingsu by Kaewkikkik,,Din Daeng District,Ice cream,no,Low,1,,English/Latin-script name,,,openstreetmap,1,+66805980714,Pracha Songkhro 1 Alley,10400,overture (meta),overture:4f3675a0-b434-4cb5-bf2f-c9f6245a67c0
dimsumyumchath@gmail.com,Kokoro Izakaya,,Din Daeng District,Asian; Japanese,no,Low,1,,English/Latin-script name,,,openstreetmap,1,+66922528952,1478 ซอย ชานเมือง,10400,overture (meta),overture:19509cb9-cc58-4a0a-a74c-622898dfa222
bigassasin@hotmail.com,KUNG THEP Sea Food Bucket,,Din Daeng District,Seafood,no,Low,1,,English/Latin-script name,,,openstreetmap,1,+66939792119,Ratchadaphisek Rd,,overture (meta),overture:edbe93ee-7cf0-40b6-ba2b-28c7eea3ff03
kunshinehotpot.s@gmail.com,Kunshine Hotpot 二少爷,,Din Daeng District,Restaurant,no,Low,1,,English/Latin-script name,,,openstreetmap,1,+66811300800,81/1 ถนน รัชดาภิเษก,10400,overture (meta),overture:7fd755b2-e100-4212-81b1-b731c1a66029
winnie.bangkokcityhotel@gmail.com,La Bonne,,Din Daeng District,Cafe,no,Low,1,,English/Latin-script name,,,openstreetmap,1,+6622750111,,,openstreetmap,https://www.openstreetmap.org/node/3753318363
krai2805@gmail.com,Larimar,,Din Daeng District,Cafe,no,Low,1,,English/Latin-script name,,,openstreetmap,1,+66812724278,95 ซอย วิภาวดีรังสิต,10400,overture (meta),overture:166d1602-dee5-42cf-adf0-692f534951db
louloucafe.bkk@gmail.com,LOULOU Cafe & Restaurant,,Din Daeng District,Restaurant,no,Low,1,,English/Latin-script name,,,openstreetmap,1,+66623296236,เลขที่ 573/1-4 Sutthisan Winitchai Rd,10400,overture (meta),overture:93d579da-7da8-4d16-9c98-c020d8a75d78
mahachonbkk@gmail.com,Mahachon,,Din Daeng District,Asian; Thai,no,Low,1,,English/Latin-script name,,,openstreetmap,1,+66614388388,544/5 รัชดาภิเษก 7,10400,overture (meta),overture:129b41be-8e51-459d-aa87-75c5df255c39
malimaleebangkok@gmail.com,Malimalee Cafe and Home,,Din Daeng District,Cafe,no,Low,1,,English/Latin-script name,,,openstreetmap,1,+66951635427,"550, 32 Pho Pan Alley",10400,overture (meta),overture:b6ff2826-d673-4663-bfa6-f900cfe2d16a
manoipsk4@gmail.com,Manoi,,Din Daeng District,Cafe,no,Low,1,,English/Latin-script name,,,openstreetmap,1,+66908988442,437 ซอยประชาสงเคราะห์ 4,10400,openstreetmap,https://www.openstreetmap.org/way/1417155304
mbersbkk@gmail.com,Mber's Bar&Restaurant,,Din Daeng District,Restaurant,no,Low,1,,English/Latin-script name,,,openstreetmap,1,+66985549995,168 วิภาวดีรังสิต 16/24,10400,overture (meta),overture:039aef9e-a509-4222-9d7f-24a7dd9694e6
modernismcafe@gmail.com,Modernism Cafe,,Din Daeng District,Cafe,no,Low,1,,English/Latin-script name,,,openstreetmap,1,+66863677131,4 Inthamara 26/1 Alley,10400,overture (meta),overture:8522ed1a-8f78-4802-990b-a5c7420ea13c
sitplay2@gmail.com,Monkey Foods & Bakery Catering BKK,,Din Daeng District,Bakery,no,Low,1,,English/Latin-script name,,,openstreetmap,1,+66929529266,815 ถ.ประชาสงเคราะห์,10400,overture (meta),overture:519fa9a3-8bf1-4fbf-98d0-de704cab3608
moonchafe@gmail.com,Moon Cháfe,,Din Daeng District,Restaurant,no,Low,1,,English/Latin-script name,,,openstreetmap,1,+66945701112,7 ถนน ประชาราษฎร์บําเพ็ญ,10400,overture (meta),overture:7d9d5498-924a-44c1-9288-e4527d86b0aa
nai.u.cafe@gmail.com,Nai U Cafe,,Din Daeng District,Cafe,no,Low,1,,English/Latin-script name,,,openstreetmap,1,+66808185914,"26/1 Soi, 2 ซ. วิภาวดิรังสิต2 แยก 6",10400,overture (meta),overture:3736c0c9-00ba-4274-b428-502dd7fabce8
namchaew2538@gmail.com,Namcheaw ice cream cafe & food,,Din Daeng District,Ice cream,no,Low,1,,English/Latin-script name,,,openstreetmap,2,,804 ถนน อโศก-ดินแดง,10400,overture (meta),overture:67750295-cdde-48bb-9893-fb1fd1541788
somchaitunkul@gmail.com,Neko K&B Bubble Tea,,Din Daeng District,Cafe,no,Low,1,,English/Latin-script name,,,openstreetmap,1,+951595044,Neko K&B Bubble Tea สาขา The One Ratchada,<<not-applicable>>,overture (meta),overture:9937a542-fd8c-41aa-a1ab-0c4f88ba0c3e
nitanthebaker@gmail.com,Nitan The Baker,,Din Daeng District,Bakery,no,Low,1,,English/Latin-script name,http://nitanthebaker.com/,,openstreetmap,1,+6621155545,56 Vibhavadi Rangsit 6 Alley,10400,overture (meta),overture:e86a4bab-2f8a-4606-9d96-2278b5bd8390
mikkautcc@gmail.com,Nitta,,Din Daeng District,Cafe,no,Low,1,,English/Latin-script name,,,openstreetmap,1,+66957255952,,,openstreetmap,https://www.openstreetmap.org/node/12623288950
uk.autoimport@gmail.com,Oba San,,Din Daeng District,Asian; Japanese,no,Low,1,,English/Latin-script name,,,openstreetmap,1,+66842120168,2 Inthamara 35 Alley,10400,overture (meta),overture:7309f728-a07b-4fce-886a-c316a80731b2
ohmycrep.90@gmail.com,Oh My Crepe,,Din Daeng District,Bakery,no,Low,1,,English/Latin-script name,,,openstreetmap,1,+66650516978,529 557 Chan Mueang Alley,10400,overture (meta),overture:dd2166c1-e50c-4fde-bf71-412a9216bee8
sidtasinee.mic@gmail.com,Omean Cafe',,Din Daeng District,Cafe,no,Low,1,,English/Latin-script name,,,openstreetmap,1,+66944396445,คอนโดยูดีไลท์จตุจักร,10900,overture (meta),overture:6dac1819-4b72-49ff-85bb-ebd108f08c7f
tonsomm15311221@gmail.com,Onewarn Cafe,,Din Daeng District,Cafe,no,Low,1,,English/Latin-script name,,,openstreetmap,1,+66957656429,"102, 16 ซ. วิภาวดิรังสิต2 แยก 6",10400,overture (meta),overture:aadd34a1-694d-4c9e-b0a7-a00fcf5ae0cf
apasri.c@gmail.com,PINK CREPE,,Din Daeng District,Cafe,no,Low,1,,English/Latin-script name,,,openstreetmap,1,+66949655622,334 ประชาสงเคราะห์ 47,10400,overture (meta),overture:6515100c-bd84-4075-9119-1b3241e06a40
proudprideprime@gmail.com,PROUD Cafe & Restaurant,,Din Daeng District,Restaurant,no,Low,1,,English/Latin-script name,http://www.proudprideprime.com/,,openstreetmap,1,+66894663924,1380 Inthamara 26/2 Alley,10400,overture (meta),overture:9d391237-8ec2-4f8c-8ebc-24bb5764a381
quackquack.contactus@gmail.com,Quack Quack,,Din Daeng District,Restaurant,no,Low,1,,English/Latin-script name,,,openstreetmap,1,+66935989195,ซอยวิภาวดีรังสิต 2 แยก 1,10400,openstreetmap,https://www.openstreetmap.org/way/1363651435
safetypro999@gmail.com,Queen Chill,,Din Daeng District,Cafe,no,Low,1,,English/Latin-script name,,,openstreetmap,1,+66830756992,16 ถนน ประชาสงเคราะห์,10400,overture (meta),overture:a4cda819-185e-46d7-8e84-da9ec80ff830
retro-bkk@hotmail.com,Retro Cafe BKK,,Din Daeng District,Cafe,no,Low,1,,English/Latin-script name,http://www.retro-bkk.com/,,openstreetmap,1,+66885731911,ราชพฤกษ์,10160,overture (meta),overture:f90b496f-bc85-46c4-a6fe-e2d01dac5afa
riseandshine619.thailand@gmail.com,Riseandshine,,Din Daeng District,Restaurant,no,Low,1,,English/Latin-script name,,,openstreetmap,1,+955525239,484 อินทามระ 41,10400,overture (meta),overture:063d09f1-0db3-498e-99b3-cdf8a640043e
rollingroastersratchada@gmail.com,Rolling Roasters - Design Village Ratchada,,Din Daeng District,Cafe,no,Low,1,,English/Latin-script name,,,openstreetmap,1,+66964786878,333 Soi Sutthiphong 1,10400,overture (meta),overture:1faa1229-1b8e-4877-a99f-aee5aae050e7
rxtearoom@gmail.com,RX Tea Room - 若欣茶堂,,Din Daeng District,Restaurant,no,Low,1,,English/Latin-script name,,,openstreetmap,1,+66615058888,1 ถนน รัชดาภิเษก,10400,overture (meta),overture:0fd48c41-4db0-4ec3-8ed7-e59a28e29e8a
nattachai.007@gmail.com,Ryujin Japanese Food,,Din Daeng District,Asian; Japanese,no,Low,1,,English/Latin-script name,https://fd.poseidon2000.com/,,openstreetmap,1,+66949525646,209 ตึกโพไซดอน (ชั้น1 209 Ratchadaphisek Rd,10400,overture (meta),overture:5e388066-8e73-495f-afc5-3d55bcdbff53
salmonroom.mtm3@gmail.com,Salmon Room,,Din Daeng District,Asian; Sushi,no,Low,1,,English/Latin-script name,,,openstreetmap,1,,101 รัชดาภิเษก 17,,openstreetmap,https://www.openstreetmap.org/node/10783470734
seeyoulattecafe@hotmail.com,See you latte,,Din Daeng District,Cafe,no,Low,1,,English/Latin-script name,,,openstreetmap,1,+6626900887,,,openstreetmap,https://www.openstreetmap.org/node/12435321801
shellwemeatbkk@gmail.com,Shell We Meat Korea Seafood,,Din Daeng District,Asian; Korean; Seafood,no,Low,1,,English/Latin-script name,,,openstreetmap,1,+6620775182,322 16 Soi Ratchadaphisek 3,10400,overture (meta),overture:c6e44156-3ffa-41f5-b8bc-ab243c30c8e8
syn19920708@gmail.com,Snowtee UTCC,,Din Daeng District,Ice cream,no,Low,1,,English/Latin-script name,,,openstreetmap,1,+66994874413,Pracha Songkhro 27,10400,overture (meta),overture:6cd84e06-52d2-4d5b-8766-aedb23ab4cc9
soyounghub@gmail.com,Soyoung hub,,Din Daeng District,Cafe,no,Low,1,,English/Latin-script name,,,openstreetmap,1,+66993636915,106 วิภาวดีรังสิต 2,10400,overture (meta),overture:ad221115-e216-4be1-a865-8387e1335b3d
gizmeau77@yahoo.com,SSA Cafe' D&B,,Din Daeng District,Cafe,no,Low,1,Local,English/Latin-script name,https://ssahouse.blogspot.com/,,openstreetmap,1,+66880942832,2 อินทามระ 49,10400,overture (meta),overture:88fccbb5-26ec-45bb-845d-ea67784de5be
toroboa@naver.com,Stage Seoul,,Din Daeng District,Bar,no,Low,1,,English/Latin-script name,,,openstreetmap,1,+66918856448,1139/1 ถนน สุทธิสารวินิจฉัย,10400,overture (meta),overture:8b47851c-22eb-487d-b27d-8d0ad9e3166b
14587@coffee-concepts.co.th,Starbucks,,Din Daeng District,Cafe,no,Low,1,,English/Latin-script name,https://starbucks.co.th/,,openstreetmap,1,,,,overture (AllThePlaces),overture:94faec69-5baf-4994-93be-123399de4544
14575@coffee-concepts.co.th,Starbucks,,Din Daeng District,Cafe,no,Low,1,,English/Latin-script name,https://starbucks.co.th/,,openstreetmap,1,,,,overture (AllThePlaces),overture:bfe324b0-40af-42ec-a405-a17efe62d1bf
14642@coffee-concepts.co.th,Starbucks,,Din Daeng District,Cafe,no,Low,1,,English/Latin-script name,https://starbucks.co.th/,,openstreetmap,1,,,,overture (AllThePlaces),overture:8d570c2b-b15c-4dd4-b755-a4c751efd018
stupidfries.utcc@gmail.com,Stupid Fries,,Din Daeng District,Takeaway,no,Low,1,,English/Latin-script name,,,openstreetmap,1,+66910676561,หน้า ม.หอการค้าไทย ซ. วิภาวดิรังสิต2 แยก 6,10400,overture (meta),overture:09bb0300-697e-4fd9-ab38-cce889024d31
sushiatsiam3@gmail.com,Sushi at siam,,Din Daeng District,Asian; Japanese; Sushi,no,Low,1,,English/Latin-script name,,,openstreetmap,1,+66615509149,sushi@siam,10400,overture (meta),overture:45bedad8-c1e9-4840-a6d5-21b65742c3d9
sushi2u.th@gmail.com,Sushi2U,,Din Daeng District,Asian; Japanese; Sushi,no,Low,1,,English/Latin-script name,,,openstreetmap,1,+66815599657,82 Inthamara 43 Alley,10400,overture (meta),overture:4efcfec4-fb2f-4a60-9191-4a63402a4b75
sushina999@gmail.com,Sushina Fortune Town,,Din Daeng District,Asian; Japanese; Sushi,no,Low,1,,English/Latin-script name,,,openstreetmap,2,+66655435449,"ชั้น1, หน้าโรงแรม​ AVANI​ ตรงข้ามธนาคารกรุงศรี, ศูนย์การค้าฟอร์จูนทาวน์, 5 Ratchadaphisek Rd",10400,overture (meta),overture:c8eca5dc-7e3a-474d-b998-8dbbdc7f2736
tanapa_clinic@hotmail.com,Tanapa Clinic Esplanade,,Din Daeng District,Takeaway,no,Low,1,,English/Latin-script name,,,openstreetmap,1,+66813544769,Esplanade Ratchadapisek,10400,overture (meta),overture:f8088eaa-35bc-41c9-a9f4-15a418dee38c
tathatacoffeebar@hotmail.com,Tathata • Coffee • Bar,,Din Daeng District,Cafe,no,Low,1,,English/Latin-script name,,,openstreetmap,1,,"My Space Apartment 544 Thep Sunthon St. Ratchadaphisek 3 Rd., Dindaeng",10400,overture (meta),overture:baa1ad75-68e3-489e-a4d2-235ffad4c33c
sunthornnowarat23@gmail.com,The Cafe By Sunny,,Din Daeng District,Cafe,no,Low,1,,English/Latin-script name,,,openstreetmap,1,+66928239217,226/48 Thanon Asok - Din Daeng,10400,overture (meta),overture:8c6687cd-f71a-4629-a454-ebc7f5d2ec87
peowjeed@gmail.com,The First Coffee,,Din Daeng District,Cafe,no,Low,1,,English/Latin-script name,,,openstreetmap,1,,"522, 163 Thanon Asok - Din Daeng",10400,overture (meta),overture:d24f54c3-a8aa-44a5-bbb2-dffc07821ae3
titerestaurant@gmail.com,Ti-Te,,Din Daeng District,Restaurant,no,Low,1,Local,English/Latin-script name,https://www.wongnai.com/restaurants/458832bp-ti-te,poonyduckfixed@gmail.com; phissamai19772520@gmail.com; gun-engyabokkai@hotmail.com; kamonthakorn@hotmail.com; chagrinnara@gmail.com; prasert5665@gmail.com; nattaphong.ph@gmail.com,openstreetmap,1,+66894441091,239 52 ซอย เพิ่มสิน,10400,overture (meta),overture:9bd84f0c-0635-4c45-af9f-6a63f490bb3d
supinat29@gmail.com,UTCC  Food Park,,Din Daeng District,Restaurant,no,Low,1,,English/Latin-script name,,,openstreetmap,1,+66639717974,มหาวิทยาลัยหอการค้าไทย,10400,overture (meta),overture:e245c230-f663-440d-af49-ce8d7e39471f
voomclub.ent@gmail.com,VOOM CLUB,,Din Daeng District,Bar,no,Low,1,,English/Latin-script name,,,openstreetmap,1,+66658924242,33 ประชาสงเคราะห์,10400,overture (meta),overture:634c9ea9-4ea5-4581-8c49-725abf6638ae
wadee.cafe@gmail.com,Wadee.cafe,,Din Daeng District,Cafe,no,Low,1,,English/Latin-script name,,,openstreetmap,1,+66616242651,"954 Ratchadaphisek 7 Alley, Intersection 1-15",10400,overture (meta),overture:8cf2c5ba-a20d-4d87-800e-cd03480ea0d8
wanwanhouse0507@gmail.com,Wan wan house,,Din Daeng District,Chinese,no,Low,1,,English/Latin-script name,,,openstreetmap,1,+66826943311,,10400,overture (meta),overture:841adc11-ecef-4bdb-8b02-d0aa4793281b
weishuwubkk@gmail.com,Weishuwu mala hotpot,,Din Daeng District,Restaurant,no,Low,1,,English/Latin-script name,,,openstreetmap,1,+66893399666,1 รัชดาภิเษก 7,10400,overture (meta),overture:1e388c58-6933-4f9c-91c6-cc4bdfea11ee
evewow55@gmail.com,Wow Bar,,Din Daeng District,Bar,no,Low,1,,English/Latin-script name,,,openstreetmap,1,+66957285924,368 Soi Ratchadaphisek 17,10400,overture (meta),overture:77ff2c31-3fce-49ef-8118-22999038a469
yhanghuaikwang@gmail.com,Yhang Khao Tom @ Huai Khwang,,Din Daeng District,Asian,no,Low,1,,English/Latin-script name,,,openstreetmap,1,+66809129287,Soi Pracharatbamphen 4/1,10400,overture (meta),overture:45e07ac2-f737-46c2-864c-bf103a526ade
patcharidatu@gmail.com,Your Time Coffee,,Din Daeng District,Cafe,no,Low,1,,English/Latin-script name,,,openstreetmap,1,+66925695967,5345 ถนน ประชาสงเคราะห์,10400,overture (meta),overture:c37863ce-8126-4d69-9498-b141d8d99654
palichat002@gmail.com,Yum SABB by Nuchie,,Din Daeng District,Restaurant,no,Low,1,,English/Latin-script name,,,openstreetmap,1,+66866292990,ป้ายรถเมล์ หอนาฬิกาห้วยขวาง ถนน ประชาสงเคราะห์,10400,overture (meta),overture:a5a82152-a8e7-4026-b3a5-ec5d6c9dfe1f
zanjofood@gmail.com,Zanjo noodle&rice,,Din Daeng District,Restaurant,no,Low,1,,English/Latin-script name,,,openstreetmap,1,+66909011193,1478 Chan Mueang Alley,10400,overture (meta),overture:34b1588b-9eac-4639-bf1b-f0ef93378c12
chinesevibesbkk@gmail.com,Zhongguo Mingtang,,Din Daeng District,Asian; Chinese,no,Low,1,,English/Latin-script name,,,openstreetmap,1,+66622033457,99 15 Soi Niam Uthit,10400,overture (meta),overture:86f51855-2937-4e58-93c8-57a869265a3d
tunlinzaw8593anna@gmail.com,ZION BKK - Burmese Food House,,Din Daeng District,Restaurant,no,Low,1,,English/Latin-script name,,,openstreetmap,1,+66945185250,305 ซอย แสนสุข,10400,overture (meta),overture:b0c0feca-69c4-49d1-b016-240c82b975b2
spideycoffeeroaster@gmail.com,ZIP&SIP Coffee,,Din Daeng District,Cafe,no,Low,1,,English/Latin-script name,,,openstreetmap,1,+66968835888,"69, 19 Som Pratthana Alley",10400,overture (meta),overture:dc6b8fba-40c9-4023-b699-d54446e6dcd1
zumocafe14@gmail.com,Zumocafe,,Din Daeng District,Cafe,no,Low,1,,English/Latin-script name,,,openstreetmap,1,+66819887973,697 14 Sutthisan Winitchai Rd,10400,overture (meta),overture:2f515d25-84dd-4d41-b8bf-f4502570f83f
lomdoan@gmail.com,林大鲜,,Din Daeng District,Asian; Chinese,no,Low,1,,English/Latin-script name,,,openstreetmap,1,+66822074919,โครงการ v.r.c ตึก เลขที่ 1468 Inthamara 26/1 Alley,10400,overture (meta),overture:a6d915e2-50bf-4947-b850-c3bd49e856f5
kamala.amily@gmail.com,真龙龙虾馆,,Din Daeng District,Seafood,no,Low,1,,English/Latin-script name,,,openstreetmap,1,+66958965050,797/138 Soi Pracha Songkhro 2,10400,overture (meta),overture:de257b19-13a9-4474-a381-f0275ecd77dc
kjamong@naver.com,짠 주점,,Din Daeng District,Asian; Korean,no,Low,1,,English/Latin-script name,,,openstreetmap,1,+66918743550,28 ถนน ดินแดง 1,10400,overture (meta),overture:d6ed33ef-b069-44f2-8bd7-29bb0e544d1d
nadhol82@gmail.com,82house อินทามระ44,82house อินทามระ44,Din Daeng District,Cafe,no,Low,0,,,,,openstreetmap,1,+66964914969,82 อินทามระ 41,10400,overture (meta),overture:d61f5f7c-354c-4bf1-940e-3de4626d61fb
p.silapaphathanaphai@gmail.com,9นิ้ว ซีฟู๊ด,9นิ้ว ซีฟู๊ด,Din Daeng District,Asian; Thai,no,Low,0,,,,,openstreetmap,1,+66655395464,อินทามระ 47,10400,overture (meta),overture:d4c0e085-18d6-4dfe-bde3-ddd6ddf6d684
admin@baanskifood.com,Baan Ski Cafe & Cuisine (บ้านสกี คาเฟ่ แอนด์ คูซีน),Baan Ski Cafe & Cuisine (บ้านสกี คาเฟ่ แอนด์ คูซีน),Din Daeng District,Asian; Thai,no,Low,0,,,,,openstreetmap,1,+66967383176,"52 Inthamara 39 Alley, Lane 2",10400,overture (meta),overture:790c3deb-9eb0-4661-bdc5-6852f4931332
tdesign17@gmail.com,Cafe' Amezon At วิทยาลัยป้องกันราชอาณาจักร,Cafe' Amezon At วิทยาลัยป้องกันราชอาณาจักร,Din Daeng District,Cafe,no,Low,0,Local,,http://www.pamankt.com/,,venue website,1,,,,overture (meta),overture:346f7c0b-05dd-4f68-94e1-3e19bd16ddba
autbtad@gmail.com,Ceo ข้าวมันไก่,Ceo ข้าวมันไก่,Din Daeng District,Restaurant,no,Low,0,,,,,openstreetmap,1,+66658828333,2/4 ประชาสงเคราะห์ 14,10400,overture (meta),overture:1f62219d-67a5-437d-8f0d-ac4850486213
buddycafe888@gmail.com,Durianism Cafe' Huai Khwang ทุเรียนคาเฟ่ ทุเรียนสด พร้อมเสิร์ฟ 365 วัน,Durianism Cafe' Huai Khwang ทุเรียนคาเฟ่ ทุเรียนสด พร้อมเสิร์ฟ 365 วัน,Din Daeng District,Cafe,no,Low,0,,,,,openstreetmap,1,+66985459888,9/195 รังสิตภิรมย์,12120,overture (meta),overture:87745bcb-deed-4966-b1c2-64bc35120366
oadcityeeggsuttisarn@gmail.com,E-egg เค้กไข่ไส้ทะลัก สาขา โลตัส สุทธิสาร,E-egg เค้กไข่ไส้ทะลัก สาขา โลตัส สุทธิสาร,Din Daeng District,Bakery,no,Low,0,,,,,openstreetmap,1,+66649783994,Sutthisan Winitchai Rd,10400,overture (meta),overture:c90bc147-0315-4f77-a8cb-492c564c8a9e
freddie.ratchada@gmail.com,Freddie RiceCurry - Ratchada เฟรดดี้ข้าวแกงกะหรี่ - รัชดา,Freddie RiceCurry - Ratchada เฟรดดี้ข้าวแกงกะหรี่ - รัชดา,Din Daeng District,Asian; Indian,no,Low,0,,,,,openstreetmap,1,+66807544951,5347 ถนน ประชาสงเคราะห์,10400,overture (meta),overture:776e408f-aaed-48b2-a4bb-6f6c5bc3ccce
fptbo102@hotmail.com,"GrillZa Shabu ""O"" โครงการ rainbow market ประชาสงเคราะห์16","GrillZa Shabu ""O"" โครงการ rainbow market ประชาสงเคราะห์16",Din Daeng District,Restaurant,no,Low,0,,,,,openstreetmap,1,+66843993425,16 ถนน ประชาสงเคราะห์,10400,overture (meta),overture:c1da175e-b128-44fe-bf49-56fbad14f814
chitladda.o@gmail.com,Huanom100% ประชาสงเคราะห์,Huanom100% ประชาสงเคราะห์,Din Daeng District,Restaurant,no,Low,0,,,,,openstreetmap,1,+66646369390,32 ประชาสงเคราะห์,10400,overture (meta),overture:9b49eb04-34b3-4a93-b1d1-02189da915d0
mayvika_99@hotmail.com,Janjicha จันจิชา สาขาประชาสงเคราะห์ 23,Janjicha จันจิชา สาขาประชาสงเคราะห์ 23,Din Daeng District,Restaurant,no,Low,0,,,,,openstreetmap,1,+66922838414,5023 10 Pracha Songkhro 23 Alley,10400,overture (meta),overture:57e277d0-5091-4f46-8235-2dfcf1ad9d32
nutak52@gmail.com,JJ สุกี้,JJ สุกี้,Din Daeng District,Restaurant,no,Low,0,,,,,openstreetmap,1,+66649326827,ปนะชาสงเคราะห์ เขตดินแดง,10400,overture (meta),overture:39e0c4ae-1153-40ce-be6a-a98b4771fa8a
bill1819@hotmail.com,Kwan Bakery เค้กห้วยขวาง,Kwan Bakery เค้กห้วยขวาง,Din Daeng District,Bakery,no,Low,0,,,,,openstreetmap,1,+66830352353,53 ประชาสงเคราะห์ 6,10400,overture (meta),overture:c34212e8-1d03-4074-bda5-75bdf3c5d97d
maytinee3699@gmail.com,M&P นมสด,M&P นมสด,Din Daeng District,Cafe,no,Low,0,,,,,openstreetmap,1,+66896659495,543 ซอย ชานเมือง,10400,overture (meta),overture:9bb4f655-9660-4a6a-a99d-b4626eada803
vrdelicious@gmail.com,Ma Joy มาจอย,Ma Joy มาจอย,Din Daeng District,Asian; Thai,no,Low,0,,,,,openstreetmap,1,+66917579894,181 อินทามระ 45,10400,overture (meta),overture:93bc2f43-49a7-462e-bc82-9d75a9cdeb9b
urathipchumjan@gmail.com,Maru Waffle สาขา หลัง ม.หอการค้า,Maru Waffle สาขา หลัง ม.หอการค้า,Din Daeng District,Cafe,no,Low,0,,,,,openstreetmap,1,+66949744478,241 ประชาสงเคราะห์ 27,10400,overture (meta),overture:7ade4767-76bb-4cc5-b1a1-45c1b4bc5494
numbereggnoodle@gmail.com,Number Egg เตี๋ยวล้วงไข่,Number Egg เตี๋ยวล้วงไข่,Din Daeng District,Restaurant,no,Low,0,,,,,openstreetmap,1,+66986644599,18 วิภาวดีรังสิต 2,10400,overture (meta),overture:93c5d932-7ece-45e5-ba85-b0468656541e
oporopor666@gmail.com,Omg เตี๋ยวบุฟเฟ่ 99,Omg เตี๋ยวบุฟเฟ่ 99,Din Daeng District,Restaurant,no,Low,0,,,,,openstreetmap,1,+66866128422,30 ถนน ประชาราษฎร์บําเพ็ญ,10400,overture (meta),overture:b17adffb-b62e-4f6f-8062-00f77af5a3c4
vijittra_ya@hotmail.com,Oni milk & tea มอหอการค้า,Oni milk & tea มอหอการค้า,Din Daeng District,Restaurant,no,Low,0,,,,,openstreetmap,1,+66924059779,27 ซอย ประชาสันติ,10400,overture (meta),overture:72e9fa49-92cb-4643-8fd9-660b09fa1cd7
da.rsbread@gmail.com,R.S.Bakery ขนมปังราชศุภมิตร,R.S.Bakery ขนมปังราชศุภมิตร,Din Daeng District,Bakery,no,Low,0,,,,,openstreetmap,1,+66865664862,471 69 Soi.Prachasongkhro 2 Yaek 1,10400,overture (meta),overture:2f1152d6-f817-4b4a-a1fb-62fac5a40639
rabcharatchada@gmail.com,Rab Cha-แรบชา รัชดา ชานมไข่มุกสุดประหยัด,Rab Cha-แรบชา รัชดา ชานมไข่มุกสุดประหยัด,Din Daeng District,Cafe,no,Low,0,,,,,openstreetmap,1,,รัชดาภิเษก,10400,overture (meta),overture:b4bf3b44-268e-4f03-9b17-8ef7f66581c2
rennyjuicebkk@gmail.com,Renny Juice บุฟเฟ่ต์ผลไม้ปั่น,Renny Juice บุฟเฟ่ต์ผลไม้ปั่น,Din Daeng District,Restaurant,no,Low,0,,,,,openstreetmap,1,,45 Soi Prem Sombat,10400,overture (meta),overture:fd2f6280-938f-4f7a-95a9-d53e3fb14704
zquid.bar@gmail.com,SquidBar : ตลาดนัดรถไฟรัชดา,SquidBar : ตลาดนัดรถไฟรัชดา,Din Daeng District,Bar,no,Low,0,,,,,openstreetmap,1,+66863242699,ตลาดนัดรถไฟ รัชดา,,overture (meta),overture:d5a171cd-de0b-4417-bb8a-b71eb03966d8
sugarfreeketo.th@gmail.com,Sugarfree KETO ร้านคีโต เพื่อสุขภาพ,Sugarfree KETO ร้านคีโต เพื่อสุขภาพ,Din Daeng District,Cafe,no,Low,0,,,https://lin.ee/wKXeucV,,openstreetmap,1,+66645955593,ประชาชื่น,10800,overture (meta),overture:5b4917c0-c1a4-4181-af74-69d50d87bb3b
superplara2018@gmail.com,Superplara หอการค้า ซูเปอร์ปลาร้า หมูปลาร้า,Superplara หอการค้า ซูเปอร์ปลาร้า หมูปลาร้า,Din Daeng District,Takeaway,no,Low,0,Local,,https://www.wongnai.com/restaurants/346177JY-superplara,poonyduckfixed@gmail.com; happyfreezeicecream@gmail.com; am_amamm02@hotmail.com; usuma2521@gmail.com; ruetaipat1989@gmail.com; tottoe007@gmail.com; 9thanaporn999@gmail.com; lookpraeoops@gmail.com; nattaphong.ph@gmail.com; hathaichanok.cmc@gmail.com,openstreetmap,1,+66951459459,102/12 ซอย เพิ่มสิน,10400,overture (meta),overture:7ee577c8-e216-49b9-879c-0b7eafc8ac3d
dprimecorp@gmail.com,T-za สาขารัชดา,T-za สาขารัชดา,Din Daeng District,Restaurant,no,Low,0,,,,,openstreetmap,1,+66659093941,1482 อินทามระ 26,10400,overture (meta),overture:c149d18c-403d-408e-8c30-f788234a2886
thammachart.cf@gmail.com,Thammachart Café ธรรมชาติคาเฟ่,Thammachart Café ธรรมชาติคาเฟ่,Din Daeng District,Cafe,no,Low,0,,,,,openstreetmap,1,+66949186339,5 อินทามระ 20,10400,overture (meta),overture:691f53d9-8d2c-48b6-8676-27394eaded03
pramoth6653@gmail.com,Vc meat สาขา ห้วยขวาง,Vc meat สาขา ห้วยขวาง,Din Daeng District,Restaurant,no,Low,0,,,,,openstreetmap,1,+66633231628,ถนน.ประชาสงเคราะห์ แขวง ดินแดง เขต ดินแดง กรุงเทพมหานคร,10400,overture (meta),overture:4343c50e-9a4e-4b93-825c-0aeb3a82ba8c
zeedherehere@gmail.com,ZEED Here Here หม่าล่า,ZEED Here Here หม่าล่า,Din Daeng District,Restaurant,no,Low,0,,,,,openstreetmap,1,+66864932358,15 Pracha Santi Alley,10400,overture (meta),overture:70771ce5-b870-4687-a47b-595772f1a329
amk288288@gmail.com,กระติกfood,กระติกfood,Din Daeng District,Restaurant,no,Low,0,,,,,openstreetmap,1,+66946542275,เลขที่ 79 Vibhavadi Rangsit 16/33 Alley,10400,overture (meta),overture:ae7d77ad-26a8-4121-b0a8-3f3dbbee02fc
piyapong.jay@hotmail.com,กระยาสารทเจ๊หมวย,กระยาสารทเจ๊หมวย,Din Daeng District,Cafe,no,Low,0,,,http://line.me/ti/p/~@krayasart,,openstreetmap,1,+66891401414,37 ซ. ตลาดศรีดินแดง,10400,overture (meta),overture:1c289873-6bae-41cc-94f5-72a617a60f6c
kleeblumduancafe@gmail.com,กลีบลำดวน,กลีบลำดวน,Din Daeng District,Cafe,no,Low,0,,,,,openstreetmap,1,,276 ถ. สุทธิสารแยก 1,10400,overture (meta),overture:fc95cda3-1808-4d00-a2be-deee09f32281
dialogue-@hotmail.com,กะบับไก่ชีส,กะบับไก่ชีส,Din Daeng District,Restaurant,no,Low,0,,,,,openstreetmap,1,+66826655646,539 Chan Mueang Alley,10400,overture (meta),overture:66c442fc-c293-487d-a4d9-f0b7e4c137aa
saguszy@gmail.com,กะเพรา เจ๊อ้วน,กะเพรา เจ๊อ้วน,Din Daeng District,Restaurant,no,Low,0,,,,,openstreetmap,1,+66932226220,,,overture (meta),overture:ce78c858-dc7f-48d5-9545-b59272dff7d2
phan.555999@gmail.com,กะเพราข้าวทะลัก,กะเพราข้าวทะลัก,Din Daeng District,Restaurant,no,Low,0,,,,,openstreetmap,1,+66979232989,121/1 แฟลตห้วยขวาง34,10400,overture (meta),overture:9b57613a-93d5-4ba6-8c5f-236718c9e455
yokiee2524@gmail.com,กะเพราไอ้หนวด,กะเพราไอ้หนวด,Din Daeng District,Restaurant,no,Low,0,,,,,openstreetmap,1,+66955396423,"ป้ายรถเมล์หอนาฬิกา, Pracha Songkhro Rd",10400,overture (meta),overture:0513ad97-c44a-4e5f-b8c9-f7c7fcaac64a
trimagiccallcenter@gmail.com,กาแฟทรี เมจิก,กาแฟทรี เมจิก,Din Daeng District,Cafe,no,Low,0,,,http://www.trimagiccoffee.com/,,openstreetmap,1,+66898899050,731 ตึก PM Soi Trakun Suk,10400,overture (meta),overture:96f2cd0a-7b42-4fab-9c1a-c552af6fac03
janbinratchada@gmail.com,กินตามสั่ง Kin-Tam-Sung,กินตามสั่ง Kin-Tam-Sung,Din Daeng District,Restaurant,no,Low,0,,,,,openstreetmap,1,+66816316688,139 ถนน รัชดาภิเษก,10400,overture (meta),overture:c0a3b7dd-3767-4321-bbd8-4a119081a9ad
guuroti.dindang@gmail.com,กูโรตีชาชัก ดินแดง,กูโรตีชาชัก ดินแดง,Din Daeng District,Cafe,no,Low,0,,,,,openstreetmap,1,+66639472656,Pracha Songkhro Rd,10400,overture (meta),overture:3a0ede28-7591-4fc7-b142-3aa7901d2bde
tanggy1789@gmail.com,กู๋เฮง ข้าวมันไก่ สิงคโปร์,กู๋เฮง ข้าวมันไก่ สิงคโปร์,Din Daeng District,Restaurant,no,Low,0,Local,,https://wongn.ai/070yj,support@wongnai.com,openstreetmap,1,+66927606916,38 ประชาสงเคราะห์,10400,overture (meta),overture:531e2c8a-3cf6-4efe-b1cf-42d654f5b827
bancbanc@hotmail.com,กู๋เฮงข้าวมันไก่สไตล์สิงค์โปร (ประชาสงเคราะห์ 38)ห้วยขวาง,กู๋เฮงข้าวมันไก่สไตล์สิงค์โปร (ประชาสงเคราะห์ 38)ห้วยขวาง,Din Daeng District,Takeaway,no,Low,0,,,,,openstreetmap,1,+66856614215,"2007, 158 Pracha Songkhro 38 Alley",10400,overture (meta),overture:39b49e8b-3080-421f-8e03-669cc9ce5c29
aupoif.jirawan@gmail.com,ก๋วยจั๊บยืนรอ,ก๋วยจั๊บยืนรอ,Din Daeng District,Restaurant,no,Low,0,,,,,openstreetmap,1,+66952693624,,,overture (meta),overture:a9a15f85-8db8-49bc-8907-af81adc6e3d5
jolieticha@gmail.com,ก๋วยจั๊บวัดตะพาน,ก๋วยจั๊บวัดตะพาน,Din Daeng District,Restaurant,no,Low,0,,,,,openstreetmap,1,+66959499851,226 23 Thanon Asok - Din Daeng,10400,overture (meta),overture:d330fdab-c014-4758-982c-e4ad68bae29a
kuayjap1@gmail.com,ก๋วยจั๊บไก่ไฮโซ,ก๋วยจั๊บไก่ไฮโซ,Din Daeng District,Restaurant,no,Low,0,,,https://www.kuayjap.com/,,openstreetmap,1,+66982584449,36 ถนน ประชาสงเคราะห์,10400,overture (meta),overture:670e09e2-9e43-48f0-9ba1-d6c51d61147e
toanglove.bra@gmail.com,ก๋วยเตี๋ยวต้มยำโบราณเล็กรุ่งเรือง,ก๋วยเตี๋ยวต้มยำโบราณเล็กรุ่งเรือง,Din Daeng District,Restaurant,no,Low,0,,,,,openstreetmap,1,+66927587209,,,overture (meta),overture:a1bf2ac8-452e-45f5-9dab-769010084f82
naverdie_00@hotmail.com,ก๋วยเตี๋ยวหมูตุ๋น มุมตึก,ก๋วยเตี๋ยวหมูตุ๋น มุมตึก,Din Daeng District,Asian; Japanese,no,Low,0,,,,,openstreetmap,1,+66970105556,22 Inthamara 41,10400,overture (meta),overture:a103d419-8473-4c24-8829-5bcd94ab91f9
jirapat.mp2529@gmail.com,ก๋วยเตี๋ยวหมูอ้วน,ก๋วยเตี๋ยวหมูอ้วน,Din Daeng District,Asian; Japanese,no,Low,0,,,,,openstreetmap,1,+66623683999,624ถ Chan Mueang 2 Alley,10400,overture (meta),overture:4983344f-576d-4492-8621-e440d1ba8d0c
gjnaigul@gmail.com,ก๋วยเตี๋ยวเกี๊ยว นายกุล,ก๋วยเตี๋ยวเกี๊ยว นายกุล,Din Daeng District,Restaurant,no,Low,0,,,,,openstreetmap,1,+66909158540,15/13 Thanon Mit Maitri,10400,overture (meta),overture:c2e749ac-d894-431c-9e67-8ce309c58958
sirilux2233@gmail.com,ก๋วยเตี๋ยวเป็ดประชาสงเคราะห์,ก๋วยเตี๋ยวเป็ดประชาสงเคราะห์,Din Daeng District,Restaurant,no,Low,0,,,,,openstreetmap,1,+66818461143,Pracha Songkhro Rd,10400,overture (meta),overture:e579f1ee-efae-4c95-9c25-49b422bab855
pprateep.utcc@gmail.com,ก๋วยเตี๋ยวเรือ ป.ประทีป หอการค้า,ก๋วยเตี๋ยวเรือ ป.ประทีป หอการค้า,Din Daeng District,Restaurant,no,Low,0,,,,,openstreetmap,1,+66989269191,252 2 Pracha Songkhro 27,10400,overture (meta),overture:f143616c-c50f-43b5-8440-359bebbfa27f
kouayteaw_kh@hotmail.com,ก๋วยเตี๋ยวเรือขึ้นห้าง,ก๋วยเตี๋ยวเรือขึ้นห้าง,Din Daeng District,Asian; Japanese,no,Low,0,,,,,openstreetmap,1,+66894883833,5 อาคาร Fortune Ratchadaphisek Rd,10400,overture (meta),overture:77fe8470-20d3-433f-bc5a-86094160f92c
bakmansky@gmail.com,ก๋วยเตี๋ยวเรือบ้านแพนอยุธยา,ก๋วยเตี๋ยวเรือบ้านแพนอยุธยา,Din Daeng District,Asian; Japanese,no,Low,0,,,,,openstreetmap,1,+66892048383,,,overture (meta),overture:1a9c522d-47c3-486e-8979-6a41a6f50067
miss2wawa@gmail.com,ก๋วยเตี๋ยวโกเด้งโฮเด้ง&ตามสั่งเตรียมพัฒน์,ก๋วยเตี๋ยวโกเด้งโฮเด้ง&ตามสั่งเตรียมพัฒน์,Din Daeng District,Restaurant,no,Low,0,,,,,openstreetmap,1,+66954677603,ตลาดนัดพัฒน์ ตรงข้ามโรงเรียนเตรียมอุดมศึกษาพัฒนาการ,10250,overture (meta),overture:2b687ffe-9346-4169-bb28-6a9dd19de866
noonun1002@gmail.com,ก๋วยเตี๋ยวไก่ม้ะByเอวา,ก๋วยเตี๋ยวไก่ม้ะByเอวา,Din Daeng District,Asian; Thai,no,Low,0,,,,,openstreetmap,1,+66656526554,ประชาสงเคราะห์,10400,overture (meta),overture:9c1f3de7-f3d2-49c0-8b33-247e4b2ec3c0
farmhousethai@gmail.com,ขนมปังฟาร์มเฮ้าส์,ขนมปังฟาร์มเฮ้าส์,Din Daeng District,Bakery,no,Low,0,,,http://www.farmhouse.co.th/,,openstreetmap,1,+6622093000,121/84-85 ชั้น 29 อาคารชุด อาร์ เอส ทาวเวอร์ ถนนรัชดาภิเษก แขวงดินแดง เขตดินแดง,10400,overture (meta),overture:550374e2-6178-49e5-b4f2-5830ac8891a7
tai.chanakhun@gmail.com,ขนมหวานโยธา,ขนมหวานโยธา,Din Daeng District,Restaurant,no,Low,0,,,,,openstreetmap,1,+66961367714,5002 Thanon Mit Maitri,10400,overture (meta),overture:d21147de-71a1-41bc-a482-65a74ef9f6d7
foodyummy.1565@gmail.com,ขนมเส้นหม้อทอง,ขนมเส้นหม้อทอง,Din Daeng District,Restaurant,no,Low,0,,,,,openstreetmap,1,+66646924963,ซอยประชาสงเคราะห์36 เลขที่ 2000-15-16,10400,overture (meta),overture:c75655b6-4a1b-44c4-9ce7-8c78d9efd02c
klomklaom.ocha@gmail.com,ข้าวขาหมู เชิด รส โอชา,ข้าวขาหมู เชิด รส โอชา,Din Daeng District,Restaurant,no,Low,0,,,,,openstreetmap,1,+66822514554,172 ถนน ประชาราษฎร์บําเพ็ญ,10310,overture (meta),overture:495651ff-7a81-4b00-b625-5562a40ec8c9
nuizab@gmil.com,ข้าวซอยเที่ยงตรง กว๊านพะเยา,ข้าวซอยเที่ยงตรง กว๊านพะเยา,Din Daeng District,Asian; Thai,no,Low,0,,,,,openstreetmap,1,+66990588472,รัชดา17,10400,overture (meta),overture:966b9995-4fd2-4a42-9c61-e5b4af8e99ab
tungliw@gmail.com,ข้าวมันไก่ตังหลิว,ข้าวมันไก่ตังหลิว,Din Daeng District,Restaurant,no,Low,0,,,,,openstreetmap,1,+66955643418,72 Soi Inthamara 59,10400,overture (meta),overture:87711ddf-9fb4-454c-90d9-fa9d49f186f3
varavut31@hotmail.com,ข้าวหมูทอดอินดี้ห้วยขวาง,ข้าวหมูทอดอินดี้ห้วยขวาง,Din Daeng District,Takeaway,no,Low,0,,,,,openstreetmap,1,+66946739626,แขวง ดินแดง เขตดินแดง กรุงเทพมหานคร 10400,10400,overture (meta),overture:6dde7d36-7ec9-4aa3-87f4-8a9f07c84bf2
pikulkaewmangostickyrice@gmail.com,ข้าวเหนียวมูนพิกุลแก้ว ห้วยขวาง,ข้าวเหนียวมูนพิกุลแก้ว ห้วยขวาง,Din Daeng District,Restaurant,no,Low,0,,,,,openstreetmap,1,+66848813532,5449 ถนน ประชาสงเคราะห์,10400,overture (meta),overture:b19c4e98-0fdd-4821-9bee-bc86f9ad021a
aoddindang@hotmail.com,ครัวคุณอ๊อด อร่อยขึ้นตา,ครัวคุณอ๊อด อร่อยขึ้นตา,Din Daeng District,Cafe,no,Low,0,,,,,openstreetmap,1,+6620002562,1270 Thanon Asok - Din Daeng,10400,overture (meta),overture:d0e0c61a-d86e-4c6f-99cb-5b3b1edd119f
tawanna10tawanna@gmail.com,ครัวตะวัน อาหารตามสั่ง,ครัวตะวัน อาหารตามสั่ง,Din Daeng District,Restaurant,no,Low,0,,,,,openstreetmap,1,+66989587425,38 ถนน ประชาสงเคราะห์,10400,overture (meta),overture:f13d8df3-ebaa-41bb-ad1e-9bb8ad71a8c6
lengsabb911@gmail.com,ครัวตำระเริง,ครัวตำระเริง,Din Daeng District,Asian; Thai,no,Low,0,,,,,openstreetmap,2,+66656628954,2000 18 ซอย,10400,overture (meta),overture:149117de-f814-4f28-aea3-31c2857596e1
inznooky_@hotmail.com,ครัวนายหนวด ประชาสงเคราะห์ 2,ครัวนายหนวด ประชาสงเคราะห์ 2,Din Daeng District,Restaurant,no,Low,0,,,,,openstreetmap,1,+66970258122,2 ประชาสงเคราะห์ 21,10400,overture (meta),overture:756f87f5-fa66-41f2-bb56-bbf200e36dbf
tchamnant@hotmail.com,ครัวปากพนัง (อาหารปักษ์ใต้),ครัวปากพนัง (อาหารปักษ์ใต้),Din Daeng District,Asian; Thai,no,Low,0,,,,,openstreetmap,1,+66955564481,322/363 รัชดาภิเษก 3,10400,overture (meta),overture:c5bf6557-e716-4ab9-ab63-f52a7288612a
sakuna1417@gmail.com,ครัวแม่เอียด ขนมจีนเส้นสดน้ำยาปักษ์ใต้,ครัวแม่เอียด ขนมจีนเส้นสดน้ำยาปักษ์ใต้,Din Daeng District,Restaurant,no,Low,0,,,,,openstreetmap,1,+66842264526,เลขที่ 1442 112 ถนน ประชาสงเคราะห์,10400,overture (meta),overture:3ebae333-1682-4449-a6a2-bb02a280f324
akepakin02@gmail.com,คินบะหมี่ไก่ไข่เยิ้ม สาขาอินทามระ,คินบะหมี่ไก่ไข่เยิ้ม สาขาอินทามระ,Din Daeng District,Restaurant,no,Low,0,Local,,https://static.robinhood.in.th/app_link.html?URI=robinhoodth%3A%2F%2Fmerchantlanding%2Fid%2F291549,,openstreetmap,1,+66940592429,385/1 อินทามระ 47,10400,overture (meta),overture:d956ff99-d16f-48ff-9933-60e3e9112b5f
chandrakasem.park.hotel@gmail.com,จันทรเกษมปาร์ค-Offical,จันทรเกษมปาร์ค-Offical,Din Daeng District,Asian; Thai,no,Low,0,,,https://line.me/ti/p/FkrSYMFyJT,,openstreetmap,1,+66954462866,รัชดาภิเษก,10900,overture (meta),overture:830a5982-4b80-4ccc-8ae1-7844c8500eba
jhunggg@hotmail.com,จั๋งกี่ หมูแดงย่างถ่าน,จั๋งกี่ หมูแดงย่างถ่าน,Din Daeng District,Restaurant,no,Low,0,,,,,openstreetmap,1,+66825629060,"ซอยประดิพัทธ์ 1, 17/14 ถนน ประดิพัทธ์",10400,overture (meta),overture:7478129d-6d0a-4758-a422-8bff7307bd0b
pariwat446682@gmail.com,จิ้มจุ่มสุทธิพร,จิ้มจุ่มสุทธิพร,Din Daeng District,Restaurant,no,Low,0,,,,,openstreetmap,2,+66818109114,,10400,openstreetmap,https://www.openstreetmap.org/way/1330629060
gaolaojiu173@gmail.com,ฉงชิ่งเกาเก้าหม้อไฟ（重庆高老九火锅）,ฉงชิ่งเกาเก้าหม้อไฟ（重庆高老九火锅）,Din Daeng District,Asian; Chinese,no,Low,0,,,,,openstreetmap,1,+66960061999,9 ถนน รัชดาภิเษก,10400,overture (meta),overture:8d6eceba-78fa-4761-bcf6-af30c59449d9
varaluck_02@hotmail.com,ซูก้าโบว์,ซูก้าโบว์,Din Daeng District,Bakery,no,Low,0,,,,,openstreetmap,1,+66942411911,16/2 อินทามระ 37,10400,overture (meta),overture:35b83a20-9072-4e95-bf26-9e565e126791
cherplapao4@gmail.com,ฌ.ปลาเผา/เมี่ยงซีฟู้ด - The One Ratchada,ฌ.ปลาเผา/เมี่ยงซีฟู้ด - The One Ratchada,Din Daeng District,Seafood,no,Low,0,,,,,openstreetmap,1,+66944981959,The One Ratchada,10400,overture (meta),overture:ae5c99fa-a75a-4672-bd8e-3cc2a4910a80
dderhealthyfood@gmail.com,ดีเด้อ คลีนฟู้ดแอนด์คูซีน,ดีเด้อ คลีนฟู้ดแอนด์คูซีน,Din Daeng District,Restaurant,no,Low,0,,,,,openstreetmap,1,+66986974929,386 Sukkasem Rd,10240,overture (meta),overture:a04e9125-293f-4f91-813e-16ffd315955a
deejaa2412@gmail.com,ต.เตี๋ยวเรือ ห้วยขวาง,ต.เตี๋ยวเรือ ห้วยขวาง,Din Daeng District,Takeaway,no,Low,0,,,,,openstreetmap,1,,4 ถนน ประชาราษฎร์บําเพ็ญ,10310,overture (meta),overture:a47678a4-5ac6-4c25-82a1-a33d347db91e
fudongqin89@gmail.com,ตงฉินบาร์ หอการค้า,ตงฉินบาร์ หอการค้า,Din Daeng District,Bar,no,Low,0,,,,,openstreetmap,1,+66922535488,13 วิภาวดีซอย 2,10400,overture (meta),overture:73b9f7e0-5f35-46fb-9481-007bf81655d9
taliwtiww@gmail.com,ตะหลิวติ๋ว,ตะหลิวติ๋ว,Din Daeng District,Takeaway,no,Low,0,,,,,openstreetmap,1,+66622362397,2006/80 ถนนประชาสงเคราะห์,10400,overture (meta),overture:f0ffc50e-eb16-4152-a92b-d00c68393b5b
tumyumyua@gmail.com,ตำยำยั่ว,ตำยำยั่ว,Din Daeng District,Restaurant,no,Low,0,,,,,openstreetmap,1,+66954954936,Pracha Songkhro 27,10400,overture (meta),overture:4426131e-e43a-4be4-b1c2-4db7ddf6e91a
teeyimkanomwan@gmail.com,ตี๋ยิ้มขนมหวาน,ตี๋ยิ้มขนมหวาน,Din Daeng District,Cafe,no,Low,0,,,,,openstreetmap,1,,,,overture (meta),overture:04452bde-95f5-4b3c-b058-f066184b47c3
garfeild_pear@hotmail.com,ตี๋หวังรังนก - 智旺燕窝,ตี๋หวังรังนก - 智旺燕窝,Din Daeng District,Restaurant,no,Low,0,,,,,openstreetmap,1,+66865556733,158 ถนน รัชดาภิเษก,10310,overture (meta),overture:b3895a4f-344a-4dc5-89a2-f85225319532
tonyor2024@gmail.com,ต้นยอ หอการค้า,ต้นยอ หอการค้า,Din Daeng District,Restaurant,no,Low,0,,,,,openstreetmap,1,+66960858098,45 ประชาสงเคราะห์,10400,overture (meta),overture:e743fb0f-6870-4a94-be86-351f9b5da22a
chefthanom.thestreetrcd@gmail.com,ต้าหลง ชาบู บักกุ๊ดเต๋ the Street รัชดา,ต้าหลง ชาบู บักกุ๊ดเต๋ the Street รัชดา,Din Daeng District,Asian; Japanese,no,Low,0,,,https://lin.ee/cEFI7H0,,openstreetmap,1,+66870605252,The Street ชั้นใต้ดิน,,overture (meta),overture:2a5ed454-9237-4afe-b91e-97a5eff5c9a3
namee168268@gmail.com,ต๊าหลงสุกี้ dalong hot pot 大龙火锅,ต๊าหลงสุกี้ dalong hot pot 大龙火锅,Din Daeng District,Restaurant,no,Low,0,,,,,openstreetmap,1,+66910319209,"ซอยประชาสงเคราะห์2 ดินแดง, Bangkok ,Thailand",10400,overture (meta),overture:7855d080-921f-4bc1-af90-9883c82f7318
tooknuer.tooktua@gmail.com,ถูกเนื้อ ถูกตัว,ถูกเนื้อ ถูกตัว,Din Daeng District,Asian,no,Low,0,,,,,openstreetmap,1,+66843444119,79 วิภาวดีรังสิต 16/33,10400,overture (meta),overture:0fc072d7-167b-4c6a-ac8b-891de48c381c
liverpool8482@gmail.com,ทวีข้าวปั้นซูชิ,ทวีข้าวปั้นซูชิ,Din Daeng District,Asian; Japanese,no,Low,0,,,,,openstreetmap,1,+66988305491,ร้านทวี ข้าวปั้นซูชิ หอการค้าไทย Hokankha Alley,10400,overture (meta),overture:abb1f124-7c1a-49a0-966c-ebd628190217
tlratchada38@gmail.com,ทองเหลือง หมูกระทะ สาขา รัชดา,ทองเหลือง หมูกระทะ สาขา รัชดา,Din Daeng District,Restaurant,no,Low,0,,,,,openstreetmap,1,+66949936228,322/38  รัชดา ซอย 3 แยก 2,10400,overture (meta),overture:d9fb84b6-dc44-4e60-93e2-80c71f4e185c
thanya.fashion655@gmail.com,ธัญญ่า เสื้อผ้า คัดเกรด,ธัญญ่า เสื้อผ้า คัดเกรด,Din Daeng District,Cafe,no,Low,0,,,,,openstreetmap,1,+66635959655,,,overture (meta),overture:42eb8e86-7bea-4ebd-b75a-0defc811bf16
nompa1551@gmail.com,นมป่ะ Nompa,นมป่ะ Nompa,Din Daeng District,Cafe,no,Low,0,,,,,openstreetmap,1,+66942292328,"43, 26 Pracha Rat Bamphen Rd",10400,overture (meta),overture:f82e9abe-5e07-4a80-9610-4471203451eb
kinghandle_sd42@hotmail.com,นางยำรัชดา,นางยำรัชดา,Din Daeng District,Restaurant,no,Low,0,,,,,openstreetmap,1,+66988243724,584/8 Soi Ratchadaphisek 3,10400,overture (meta),overture:646d9239-dd81-4adf-81bc-5843f2dd49ab
nutrub1902@gmail.com,นายหนึ่ง ก๋วยเตี๋ยวปลา เย็นตาโฟ,นายหนึ่ง ก๋วยเตี๋ยวปลา เย็นตาโฟ,Din Daeng District,Restaurant,no,Low,0,,,,,openstreetmap,1,+66959530372,5 ประชาสงเคราะห์,10400,overture (meta),overture:dda65950-1b2f-41b4-b309-0b52fb24e0e0
hongkamoo@hotmail.co.th,นายฮงข้าวขาหมู,นายฮงข้าวขาหมู,Din Daeng District,Asian; Thai,no,Low,0,,,,,openstreetmap,1,+66895066966,ถนน ดินแดง,10400,overture (meta),overture:809ff7b7-ddf0-4403-9b25-31934a0a27d9
oonoon015@gmail.com,น้ำผลไม้สดปั่น อร่อย ได้สุขภาพ สูตรอ้อยชานเมือง7,น้ำผลไม้สดปั่น อร่อย ได้สุขภาพ สูตรอ้อยชานเมือง7,Din Daeng District,Restaurant,no,Low,0,,,,,openstreetmap,1,+66895333683,7 ประชาสงเคราะห์ 2,10400,overture (meta),overture:97a8b92c-02f8-4ed5-aa82-6604e3f186a2
prayodp@outlook.co.th,บัวลอยปริญญา สาขามหาอุดร,บัวลอยปริญญา สาขามหาอุดร,Din Daeng District,Cafe,no,Low,0,,,,,openstreetmap,1,+66625529663,246/2 Pracha Songkhro 27,10400,overture (meta),overture:085f9836-cafc-46bf-b998-81ef6f52f58b
koy2412@gmail.com,บ้านกุ้ง ย่างกุ้งรัชดา,บ้านกุ้ง ย่างกุ้งรัชดา,Din Daeng District,Cafe,no,Low,0,,,,,openstreetmap,1,+66922207270,26 ถนน ประชาราษฎร์บําเพ็ญ,10400,overture (meta),overture:c61fbb5a-e4f5-46e5-977e-b99eddd87f5f
baanpla396@gmail.com,บ้านปลาเผา,บ้านปลาเผา,Din Daeng District,Restaurant,no,Low,0,,,,,openstreetmap,1,+66824541702,396 ประชาสงเคราะห์ ดินแดง,10400\n,overture (meta),overture:b38fbdfa-e904-4211-8945-eeb635d9f1f0
nawat.k@gmail.com,บ้านสวน-พริกแห้งและมะม่วงจัน- Fresh and Healthy,บ้านสวน-พริกแห้งและมะม่วงจัน- Fresh and Healthy,Din Daeng District,Chinese,no,Low,0,,,,,openstreetmap,1,+66959098574,ตลาดไท ตลาดไอยรา,10400,overture (meta),overture:cebf2cef-601a-4c83-8707-2551df8be8b9
morningkrit@hotmail.com,บ้านหม้อดิน,บ้านหม้อดิน,Din Daeng District,Asian; Thai,no,Low,0,,,,,openstreetmap,1,+66999795144,"ฟอร์จูนทาวน์, 7 รัชดาภิเษก 1",10400,overture (meta),overture:220b5ac3-7b2f-4954-b70b-ba2c5dc8fb8a
kajokman03@gmail.com,บ้านโจ๊ก 272,บ้านโจ๊ก 272,Din Daeng District,Restaurant,no,Low,0,,,,,openstreetmap,1,+66611945696,502/272 ซอย เลิศแก้ว,10400,overture (meta),overture:13429e4a-6a14-46d2-89d4-20022d5a9c1c
chariya101jax@gmail.com,ป.กุ้งเผา รัชดาฯ,ป.กุ้งเผา รัชดาฯ,Din Daeng District,Restaurant,no,Low,0,,,,,openstreetmap,1,+66985502467,,10400,overture (meta),overture:bf62ed18-674c-4947-aca1-16be19bfe051
porprateep.dindaeng@gmail.com,ป.ประทีป ก๋วยเตี๋ยวเรือ สาขาดินแดง,ป.ประทีป ก๋วยเตี๋ยวเรือ สาขาดินแดง,Din Daeng District,Restaurant,no,Low,0,,,,,openstreetmap,1,+66809996659,1022/13 ถนนประชาสงเคราะห์ แขวงดินแดง เขตดินแดง,10400,overture (meta),overture:ca98dd1d-22e3-48eb-a4a5-7d5d38b65164
pakplara2456@gmail.com,ปากปลาร้า,ปากปลาร้า,Din Daeng District,Restaurant,no,Low,0,,,,,openstreetmap,1,+66616596669,210 14 Ratchadaphisek 7,10400,overture (meta),overture:8697d097-9803-4d3b-bc30-83fd7d54a028
sutida4428@gmail.com,ปาท่องโก๋เกลียว,ปาท่องโก๋เกลียว,Din Daeng District,Restaurant,no,Low,0,,,,,openstreetmap,1,+66959654887,13 ซ. ประชาสงเคราะห์ 21,10400,overture (meta),overture:60f3fecc-c462-4d10-a305-122d940f3264
paood1983@gmail.com,ป๋าอู๊ด ราดหน้ายอดผัก,ป๋าอู๊ด ราดหน้ายอดผัก,Din Daeng District,Asian; Japanese,no,Low,0,,,,,openstreetmap,1,+66816464602,,10400,overture (meta),overture:bbe3e59b-368e-4859-9520-672c67e8444b
matteodigregorio@live.it,ผัดไทยโบราณประตูสวรรค์,ผัดไทยโบราณประตูสวรรค์,Din Daeng District,Asian; Thai,no,Low,0,,,,,openstreetmap,1,+66944242824,Pracha Songkhro Rd,10400,overture (meta),overture:9c76eaaf-e69f-47d5-af6a-bbe03173a5ed
fullfeelbar1@gmail.com,ฟูลฟิล สุทธิสาร,ฟูลฟิล สุทธิสาร,Din Daeng District,Restaurant,no,Low,0,,,,,openstreetmap,1,+66626416916,1 ถนน สุทธิสารวินิจฉัย,10400,overture (meta),overture:cc72b567-e60d-4125-9aa6-83c43c5b9669
mo.sutthawas@gmail.com,ภา&พูห์ ไอศกรีม,ภา&พูห์ ไอศกรีม,Din Daeng District,Ice cream,no,Low,0,,,,,openstreetmap,1,+66851321058,12 อาคารพาณิชย์การ 9 Pracha Songkhro Rd,10400,overture (meta),overture:6f517c32-bd7f-4682-b5bd-f30aa766039d
mos_mie@hotmail.com,มอสหมูสะเต๊ะ,มอสหมูสะเต๊ะ,Din Daeng District,Restaurant,no,Low,0,,,,,openstreetmap,1,+66889760722,หน้าสถานีดับเพลิงห้วยขวาง,10400,overture (meta),overture:1e6899d0-ace1-4522-a357-bc3c31df9502
keki2541@gmail.com,มาเมาสุดซอย,มาเมาสุดซอย,Din Daeng District,Bar,no,Low,0,,,,,openstreetmap,1,,มาเมา สุดซอย @เรนโบว์ มาร์เก็ต ,10400,overture (meta),overture:f283288e-c65c-4524-a4c7-46ae2bf72211
mickpedyang.mookrob@gmail.com,มิกเป็ดย่างหมูกรอบ สาขาลาดพร้าววังหิน,มิกเป็ดย่างหมูกรอบ สาขาลาดพร้าววังหิน,Din Daeng District,Restaurant,no,Low,0,,,,,openstreetmap,1,+66844389540,633 ถนนลาดพร้าววังหิน แขวงลาดพร้าว เขตลาดพร้าว ,10230,overture (meta),overture:4950e9ff-c79e-4828-b79b-c9dd18ced734
tit_73@hotmail.com,มุมกาเตี๋ยว,มุมกาเตี๋ยว,Din Daeng District,Asian; Japanese,no,Low,0,,,,,openstreetmap,1,+66846410037,218 Soi Pracha Songkhro 28,10400,overture (meta),overture:ef783206-09d3-4949-bb1f-c181ef7182e7
muilee.viphavadee@gmail.com,มุ่ยหลี ก๋วยเตี๋ยวลูกชิ้นปลาสวนรื่น สาขาวิภาวดี,มุ่ยหลี ก๋วยเตี๋ยวลูกชิ้นปลาสวนรื่น สาขาวิภาวดี,Din Daeng District,Restaurant,no,Low,0,,,,,openstreetmap,1,+66891145589,"110 วิภาวดี 16, ดินแดง, ดินแดง",10400,overture (meta),overture:2b70e223-80db-4ab3-8650-eddb14ccda70
khanokwan1979@gmail.com,ยำนมสด,ยำนมสด,Din Daeng District,Asian; Thai,no,Low,0,,,,,openstreetmap,1,+66884994990,ติดกับเย็นตาโฟ ดินแดง ( จักรวาล),10400,overture (meta),overture:18a27a91-1d51-4336-8c0a-05e0d5842f47
donutsale@hotmail.com,ยำเพลินต้นไทรยำ20บาท,ยำเพลินต้นไทรยำ20บาท,Din Daeng District,Restaurant,no,Low,0,,,,,openstreetmap,1,+66818241053,72 ถนน ดินแดง,10400,overture (meta),overture:8f6c7927-eb80-462d-a405-f2710450a2c9
matimonklayraman@gmail.com,ยำแซ่บเจ้นีน่า,ยำแซ่บเจ้นีน่า,Din Daeng District,Restaurant,no,Low,0,Local,,https://www.wongnai.com/restaurants/434341EE,lin0988959945@gmail.com; comely446@gmail.com; poonyduckfixed@gmail.com; diaglogue-@hotmail.com; phimcansukhmichi@gmail.com,openstreetmap,1,+66988959945,,,overture (meta),overture:e7883c6d-a41b-49cd-9fe3-e0be0944d253
hubpommm@hotmail.com,ยำแหกโค้ง20บาท,ยำแหกโค้ง20บาท,Din Daeng District,Restaurant,no,Low,0,,,,,openstreetmap,1,+66949892324,Pracha Songkhro 30 Alley,10400,overture (meta),overture:a3653297-449f-4d79-8fd3-4e0dba472435
gtcool.t@gmail.com,ย่างแดก,ย่างแดก,Din Daeng District,Restaurant,no,Low,0,,,,,openstreetmap,1,+66859017121,420 ซอยเกียรติชัย,10400,overture (meta),overture:b4738dda-8d13-4909-9eaf-0de2861a4361
litawunsen@gmail.com,ย่างให้หมูกะทะห้วยขวาง,ย่างให้หมูกะทะห้วยขวาง,Din Daeng District,Restaurant,no,Low,0,,,,,openstreetmap,1,+66611632656,367/4 ซอย ชานเมือง,10400,overture (meta),overture:4dbff396-64a3-488b-8fe1-96edf7c02464
rosniyom.drd@iberryflavors.com,รส'นิยม Ros'niyom Design Village รัชดา,รส'นิยม Ros'niyom Design Village รัชดา,Din Daeng District,Asian; Thai,no,Low,0,,,,,openstreetmap,1,+66946665133,"Design Village Ratchada อาคารโครงการ ดีไซน์วิลเลจ รัชดา ห้องเลขที่ SH-A102, เลขที่ 333 Soi Sutthiphong 1",10400,overture (meta),overture:da2c02c2-4cb8-42a6-99e3-ab37942b58bd
franky7275343@gmail.com,รสเทพ รัชดาซอย 3,รสเทพ รัชดาซอย 3,Din Daeng District,Restaurant,no,Low,0,,,,,openstreetmap,1,+66905822711,ซอยรัชดาภิเษก 3 (ซอยสถานทูตจีน) ถนนรัชดาภิเษก,10400,overture (meta),overture:cb7f5971-e361-4ec1-a083-0bf64fabd6c1
bee.lwps@gmail.com,รอ ณ. โรตี ชาชัก,รอ ณ. โรตี ชาชัก,Din Daeng District,Cafe,no,Low,0,,,,,openstreetmap,1,+66863229263,16 ถนน ประชาสงเคราะห์,10400,overture (meta),overture:5afa24f9-1b8e-43b6-a744-27280a77e605
17.l.a.101@gmail.com,ร้าน แอล เอ 101,ร้าน แอล เอ 101,Din Daeng District,Asian; Thai,no,Low,0,,,,,openstreetmap,1,+66958203784,101 ถนน สุทธิสารวินิจฉัย,10400,overture (meta),overture:5e415b34-b01d-4a16-9ebc-94af113e6874
boykritinachai@gmail.com,ร้านกรอบพระพับหลัง ราคาโรงงาน,ร้านกรอบพระพับหลัง ราคาโรงงาน,Din Daeng District,Restaurant,no,Low,0,,,,,openstreetmap,1,+66962355993,ร้าน กรอบพระแบบพับหลัง (ดินแดง) TEL 0649326946 2508/706 แฟลต8 (ชั้นล่าง) ดินแดง อาคาร4,10400,overture (meta),overture:9dc14ddb-0972-499a-ad09-5fa036e5ef66
pnarat@gmail.com,ร้านก๊วยเตี๋ยวลูกชิ้นปลาจารุณี,ร้านก๊วยเตี๋ยวลูกชิ้นปลาจารุณี,Din Daeng District,Asian; Japanese,no,Low,0,,,,,openstreetmap,1,+66882299900,ซ.สุทธิพร,10400,overture (meta),overture:551782dc-6e2a-42bc-9ba4-87f0406d55fd
rakhanggg2537@gmail.com,ร้านขาวสะอาด,ร้านขาวสะอาด,Din Daeng District,Asian; Thai,no,Low,0,,,,,openstreetmap,1,+6622452594,14 Thanon Asok - Din Daeng,10400,overture (meta),overture:f91c83d4-42d3-4d63-9019-e006f96ccc23
jakkapatphanakorn@gmail.com,ร้านขาหมูจักรพรรดิ​ พระนคร​,ร้านขาหมูจักรพรรดิ​ พระนคร​,Din Daeng District,Restaurant,no,Low,0,,,,,openstreetmap,1,+66819592977,42 6 ถนน ประชาสงเคราะห์,10400,overture (meta),overture:760fea8a-3f23-4dfd-9397-7588bb583f0f
carparkcarpark717@gmail.com,ร้านข้าวฟืน Carpark44,ร้านข้าวฟืน Carpark44,Din Daeng District,Restaurant,no,Low,0,,,,,openstreetmap,1,+66654906451,บ้านเลที่6 Soi Inthamara 44,10400,overture (meta),overture:fd23dd76-cdfb-42ed-bfd2-46858ea6dc35
hoshi_m-n@hotmail.com,ร้านข้าวเหนียวมะม่วงเจ๊เตียง,ร้านข้าวเหนียวมะม่วงเจ๊เตียง,Din Daeng District,Cafe,no,Low,0,,,,,openstreetmap,1,+66993622263,513 515 Sutthisan Winitchai Rd,10400,overture (meta),overture:0fbb5542-2ec4-4715-9566-9eb0acdcc3d9
rungdara999@yahoo.com,ร้านคุณวัน ดินแดง,ร้านคุณวัน ดินแดง,Din Daeng District,Asian; Thai,no,Low,0,Local,,http://khunwanrestaurant.blogspot.com/?spref=fb,,openstreetmap,1,+66922572292,Din Daeng Road,10400,overture (meta),overture:595e728f-4af6-41a9-925a-333a1bfe9f0b
yjoii59@gmail.com,ร้านชงตำยำปิ้ง,ร้านชงตำยำปิ้ง,Din Daeng District,Restaurant,no,Low,0,,,,,openstreetmap,1,+66817117934,ดินเเดง 28/1 Inthamara 49 Alley,10400,overture (meta),overture:dce18f5b-ec5a-4199-b27d-cbf51fafa8dd
info@igetweb.com,ร้านชบาบาน ปากซอยสีม่วง,ร้านชบาบาน ปากซอยสีม่วง,Din Daeng District,Restaurant,no,Low,0,Local,,http://chababarn.igetweb.com/,,venue website,1,,1240 ถนน สุทธิสารวินิจฉัย,10400,overture (meta),overture:a1035663-1da6-4cfb-ac5e-2d0317ac63fc
nongneung.aj@hotmail.co.th,ร้านชาครูหนึ่ง ช่วยท้องผูก,ร้านชาครูหนึ่ง ช่วยท้องผูก,Din Daeng District,Cafe,no,Low,0,,,,,openstreetmap,1,+66922954946,51 Sutthisan Winitchai Rd,10400,overture (meta),overture:03138024-6412-4d95-a690-b41c31bfa63f
hongkongcheftony@gmail.com,ร้านบะหมี่เฮียตี๋,ร้านบะหมี่เฮียตี๋,Din Daeng District,Restaurant,no,Low,0,,,,,openstreetmap,1,+66841315246,Chan Mueang 16 Alley,10400,overture (meta),overture:958f6a29-3cdd-4dab-9c33-1009b371bcb7
piyaratkhongnaung@gmail.com,ร้านบ้านกุญช์ชาญ,ร้านบ้านกุญช์ชาญ,Din Daeng District,Restaurant,no,Low,0,,,,,openstreetmap,1,+66644283932,ซ. ดินแดง 2,10400,overture (meta),overture:66a26852-59bd-4871-9ceb-f176541e6a64
rattanavadee2513@gmail.com,ร้านมาดามอ้อนสตรีทฟู๊ด,ร้านมาดามอ้อนสตรีทฟู๊ด,Din Daeng District,Restaurant,no,Low,0,,,,,openstreetmap,1,+66873357858,แฟลตพ 4 Pracha Songkhro Rd,10400,overture (meta),overture:afc10306-70cc-48a6-a73b-1c00e05e42d0
aotosow_aum@hotmail.co.th,ร้านรับตัเย็บเสื้อผ้า ติดกระดุม แซรก รีด ครบวงจร,ร้านรับตัเย็บเสื้อผ้า ติดกระดุม แซรก รีด ครบวงจร,Din Daeng District,Asian; Thai,no,Low,0,,,,,openstreetmap,1,+66924537908,298/21 ซอย เหมวงษ์,10400,overture (meta),overture:c0651e6d-ec5b-4d51-b18e-07b5c686bbf9
paithool22@gmail.com,ร้านลาบหนองตอ 101,ร้านลาบหนองตอ 101,Din Daeng District,Asian; Thai,no,Low,0,,,,,openstreetmap,1,+66870326428,ถนนสุทธิสารวินิจฉัย\n,10400\n\n,overture (meta),overture:4259da42-a9db-4405-bfcf-ea0c0ca4b01f
loongyaizab@gmail.com,ร้านลุงใหญ่ ไทย อีสาน Loong Yai,ร้านลุงใหญ่ ไทย อีสาน Loong Yai,Din Daeng District,Asian; Thai,no,Low,0,,,,,openstreetmap,1,+66626414642,538 ถนน ดินแดง,10400,overture (meta),overture:441b1e03-69e8-4313-8c0b-68a0ffea07fc
kanyaratdetson@gmail.com,ร้านส้มตำข้างเซเว่น-ชานเมือง6,ร้านส้มตำข้างเซเว่น-ชานเมือง6,Din Daeng District,Restaurant,no,Low,0,,,,,openstreetmap,1,+66856081980,,,overture (meta),overture:54a4a25d-7882-4f31-ae2f-2bd879635338
noseepclub@hotmail.com,ร้านอาลาดินข้าวมันไก่,ร้านอาลาดินข้าวมันไก่,Din Daeng District,Asian; Thai,no,Low,0,,,,,openstreetmap,1,+66855122211,34 ประชาสงเคราะห์,10400,overture (meta),overture:af79e1eb-e495-4311-8eaf-a2dd5055c479
sushimai112@gmail.com,ร้านอาหารซูชิมั้ย ดินแดง,ร้านอาหารซูชิมั้ย ดินแดง,Din Daeng District,Restaurant,no,Low,0,,,,,openstreetmap,1,+66651174946,8 Din Daeng Rd,10400,overture (meta),overture:c5f0ab6d-5199-4c1d-8cc6-f0fb109424eb
faeatann1515@gmail.com,ร้านอาหารอิสลามมาเรียม,ร้านอาหารอิสลามมาเรียม,Din Daeng District,Restaurant,no,Low,0,,,,,openstreetmap,1,+6622485416,4 Chan Mueang Alley,10400,overture (meta),overture:4710d9a9-8d91-4734-9ea9-85420dd38e17
masencheewasat@gmail.com,ร้านอาหารเจ เพื่อสุขภาพ ห้วยขวาง,ร้านอาหารเจ เพื่อสุขภาพ ห้วยขวาง,Din Daeng District,Restaurant,no,Low,0,,,,,openstreetmap,1,+66971644262,29/31 ถนน ประชาสงเคราะห์,10400,overture (meta),overture:ba941559-4953-423f-a147-f160ef801b6e
456.tang45@gmail.com,ร้านเจ๊แตงตามสั่งรสเลิศ,ร้านเจ๊แตงตามสั่งรสเลิศ,Din Daeng District,Restaurant,no,Low,0,,,,,openstreetmap,2,+66908910143,9999 0503 Soi Pracha Songkhro 11,10400,overture (meta),overture:2c4539af-0279-47d8-beff-82d9f8eb9f66
nning2511@yahoo.com,ร้านเราเองอาหารตามสั่ง,ร้านเราเองอาหารตามสั่ง,Din Daeng District,Asian; Thai,no,Low,0,,,,,openstreetmap,1,+66869958354,ถนนประชาสงเคราะห์,10400,overture (meta),overture:029c8e6f-231b-4768-b93e-792a59cdf7f2
manosawree@gmail.com,ร้านแก้วกะเมตามสั่ง,ร้านแก้วกะเมตามสั่ง,Din Daeng District,Restaurant,no,Low,0,Local,,https://www.wongnai.com/restaurants/549310KY-%E0%B9%80%E0%B8%88%E0%B9%8A%E0%B9%81%E0%B8%81%E0%B9%89%E0%B8%A7%E0%B8%95%E0%B8%B2%E0%B8%A1%E0%B8%AA%E0%B8%B1%E0%B9%88%E0%B8%87,jokepae8214@gmail.com; aluxuryfood2019@gmail.com; kungnoi2511@gmail.com; supunsanualsaard@gmail.com; nisachonkaolahhh@gmail.com; siamparty@hotmail.com; nam143nam@hotmail.com; arkom.ptn17@gmail.com; somjit.buapang@gmail.com,openstreetmap,1,+66645974635,"298, 100 Soi Hemawong",10400,overture (meta),overture:6d9165cd-99be-4af3-9c6c-41dcea348f02
atilawilas@gmail.com,ร้านแต๋วจิ้มจุ่ม,ร้านแต๋วจิ้มจุ่ม,Din Daeng District,Asian; Thai,no,Low,0,,,,,openstreetmap,1,+6626922979,42 1 Pracha Songkhro Rd,10400,overture (meta),overture:3a304009-65ab-40ad-99d6-3e70e8974cee
ritkaprao.sts01@gmail.com,ฤทธิ์ กะเพรา สาขา สุทธิสาร,ฤทธิ์ กะเพรา สาขา สุทธิสาร,Din Daeng District,Restaurant,no,Low,0,,,,,openstreetmap,1,+66624214664,513-515,10400,overture (meta),overture:4d72f295-72a7-47db-b2ed-b48d7581e1ad
lalengnoei@gmail.com,ละเลงเนย #สาขา1 : Laleng Noei @ตลาดห้วยขวาง,ละเลงเนย #สาขา1 : Laleng Noei @ตลาดห้วยขวาง,Din Daeng District,Cafe,no,Low,0,,,,,openstreetmap,1,+66863526393,ตลาดห้วยขวาง,10400,overture (meta),overture:12e276da-bd2d-44f2-8267-c5b227190cdf
stupidfries.pp@gmail.com,ลาภลอย X Stupidfries ตลาดดิวันรัชดา,ลาภลอย X Stupidfries ตลาดดิวันรัชดา,Din Daeng District,Restaurant,no,Low,0,,,,,openstreetmap,1,+66837514196,รัชดาภิเษก,,overture (meta),overture:32b6dd59-8b6a-4b45-bdcb-8f80e8967fee
lanueatheone@gmail.com,ล่าเนื้อ-LaNuea,ล่าเนื้อ-LaNuea,Din Daeng District,Restaurant,no,Low,0,,,,,openstreetmap,1,+66804333338,"เอสพลานาด ซีนีเพล็กซ์, 99 ถนน รัชดาภิเษก",10400,overture (meta),overture:d307fb02-3ea8-41e3-9217-1b6de4626081
tandttrader2456@gmail.com,วังก๋วยเตี๋ยวไก่มะระ,วังก๋วยเตี๋ยวไก่มะระ,Din Daeng District,Restaurant,no,Low,0,,,,,openstreetmap,1,+66655216777,5 วิภาวดีรังสิต 2,10400,overture (meta),overture:61b49551-fef7-41b0-b3e6-97c4445e2b19
ogmuuta44@gmail.com,วาสนาหมูกะทะ&จิ้มจุ่ม อินทามระ44,วาสนาหมูกะทะ&จิ้มจุ่ม อินทามระ44,Din Daeng District,Restaurant,no,Low,0,,,,,openstreetmap,1,+66624597453,วาสนาหมูกะทะ&จิ้มจุ่ม อินทามระ44,10400,overture (meta),overture:956d6eed-f5cb-442b-99dc-5d7dd01d719d
teerawatcamponrat@hotmail.com,สดชื่น Sod Churn น้ำผลไม้สดปั่นเพื่อสุขภาพ,สดชื่น Sod Churn น้ำผลไม้สดปั่นเพื่อสุขภาพ,Din Daeng District,Restaurant,no,Low,0,,,,,openstreetmap,1,+66962470457,1/13 รัชดาภิเษก 7,10400,overture (meta),overture:fbef1143-9327-40a2-93b4-4b3b6018ae6a
tustang69@gmail.com,สตางค์ ต้มเลือดหมู,สตางค์ ต้มเลือดหมู,Din Daeng District,Restaurant,no,Low,0,,,,,openstreetmap,1,+66924031045,106/2 ซ. วิภาวดิรังสิต2 แยก 6,10400,overture (meta),overture:ba3ddb22-3bf5-41c0-82ee-73935f74677e
nmuujaja@gmail.com,สถานีกระเพรา,สถานีกระเพรา,Din Daeng District,Restaurant,no,Low,0,,,,,openstreetmap,1,+66973693565,,,overture (meta),overture:f9ac847d-271d-4005-88a2-5e82fa2a4517
sriprom2517@gmail.com,สมพงษ์ลาบยโส แจ้งวัฒนะ14,สมพงษ์ลาบยโส แจ้งวัฒนะ14,Din Daeng District,Asian; Thai,no,Low,0,,,,,openstreetmap,1,+66869050493,,,overture (meta),overture:5d6239f9-64bd-4711-b668-7b270aa997c0
saladburi@hotmail.com,สลัดบุรี - สลัดผักออร์แกนิค,สลัดบุรี - สลัดผักออร์แกนิค,Din Daeng District,Restaurant,no,Low,0,,,,,openstreetmap,1,+66970178718,18 ถนน ดินแดง,10400,overture (meta),overture:d3bc9672-c1d1-4f91-8d7d-e97c92c37fe0
orathai250942@gmail.com,สลัดโรล-ผลไม้สด,สลัดโรล-ผลไม้สด,Din Daeng District,Restaurant,no,Low,0,,,,,openstreetmap,1,+66891792143,"ถนน ดินแดง, ดินแดง, ดินแดง, กรุงเทพมหานคร 10400, ประเทศไทย",10400,overture (meta),overture:1ab608da-ca5b-4ab7-9abd-3b28e7439ed1
arawana.official@gmail.com,สวนปารุจก์ ไทย ควิซีน - Suan Paruj Thai Cuisine,สวนปารุจก์ ไทย ควิซีน - Suan Paruj Thai Cuisine,Din Daeng District,Restaurant,no,Low,0,,,,,openstreetmap,1,+66971611752,"30 ซอย วิภาวดีรังสิต 8 แขวงรัชดาภิเษก, เขตดินแดง \n\n",10400,overture (meta),overture:6bbadbbf-db85-4220-91af-5e07bab6370d
victoryfromme@hotmail.com,สวนอ สาน,สวนอ สาน,Din Daeng District,Restaurant,no,Low,0,,,,,openstreetmap,1,,568 วิภาวดีรังสิต 12,10400,overture (meta),overture:63e264ed-de78-4be2-8347-9847d84bcb5b
phngsdichnkant@gmail.com,สิงโตเย็นตาโฟรสเจ็บ,สิงโตเย็นตาโฟรสเจ็บ,Din Daeng District,Restaurant,no,Low,0,,,,,openstreetmap,1,,20 29 Pracha Songkhro Rd,10400,overture (meta),overture:34410099-581e-487e-9090-2554424ab643
sukinaipanutcc@gmail.com,สุกี้นายพันเจ้าดัง ม.หอการค้า,สุกี้นายพันเจ้าดัง ม.หอการค้า,Din Daeng District,Restaurant,no,Low,0,,,,,openstreetmap,1,+66802454742,106 10 ห้อง 005 ซ. วิภาวดิรังสิต2 แยก 6,10400,overture (meta),overture:84bf8fc9-6db9-4eb9-a703-d38eacbc3828
suihengpochana@gmail.com,สุยเฮง โภชนา,สุยเฮง โภชนา,Din Daeng District,Restaurant,no,Low,0,,,,,openstreetmap,1,+66962035853,5447 Pracha Songkhro Rd,10400,overture (meta),overture:5abcd4a3-8e3d-41c8-9d8f-4a4c7e7e43a3
minepartthana@gmail.com,สเต็กลุงใหญ่สาขาดินแดง,สเต็กลุงใหญ่สาขาดินแดง,Din Daeng District,Restaurant,no,Low,0,,,,,openstreetmap,1,+66640069833,82/3 Thanon Asok - Din Daeng,10400,overture (meta),overture:7f698d1e-c4cb-4098-9863-88fafb754a7b
nuarudon@gmail.com,ส้มตำ นัวร์อุดร สาขารัชดา,ส้มตำ นัวร์อุดร สาขารัชดา,Din Daeng District,Restaurant,no,Low,0,,,,,openstreetmap,1,+66613017534,323 Ratchadaphisek Rd,10400,overture (meta),overture:3265c0d4-f67e-47a4-bda8-7f3fd26a1e72
yanikajompank@gmail.com,ส้มตำลุงหนวด,ส้มตำลุงหนวด,Din Daeng District,Restaurant,no,Low,0,,,,,openstreetmap,1,+66811341993,713 Chan Mueang Alley,10400,overture (meta),overture:0e3e0d74-0a73-44c9-94d0-84bcebcff803
hengkwyteiyw@gmail.com,ส้มตำแซ่บสะดิ้ง - ซอยวิภาวดีรังสิต16/18,ส้มตำแซ่บสะดิ้ง - ซอยวิภาวดีรังสิต16/18,Din Daeng District,Restaurant,no,Low,0,,,,,openstreetmap,1,+66804621941,102 วิภาวดีรังสิต 2,10400,overture (meta),overture:c92793f9-027c-4be9-a610-276f8032f11c
baipoclub@gmail.com,ส้มตำโครตเเซบเพ็ญนภา,ส้มตำโครตเเซบเพ็ญนภา,Din Daeng District,Restaurant,no,Low,0,,,https://wongn.ai/1uv9,,openstreetmap,1,+66846369832,598 Chan Mueang 2 Alley,10400,overture (meta),overture:3b3697e8-2121-400e-8700-68e237129093
numvigo28@hotmail.com,หนวดเจ้าเก่า,หนวดเจ้าเก่า,Din Daeng District,Seafood,no,Low,0,,,,,openstreetmap,1,+66813418178,ซ ประชาสงเคราห์36ห้วยขวาง,10400,overture (meta),overture:3896bd4d-13ff-4e7e-9aef-46d83f21187a
piwanon.imsub@gmail.com,หนอม ส้มตำรสแซ่บ ห้วยขวาง,หนอม ส้มตำรสแซ่บ ห้วยขวาง,Din Daeng District,Restaurant,no,Low,0,,,,,openstreetmap,1,+66877174262,38 ถนน ประชาสงเคราะห์,10400,overture (meta),overture:56ac3255-5e98-45da-bc6d-4fa75a9ae1e0
mkt.ygfthailand@gmail.com,หมาล่าหยางกั๋วฝู malatangth,หมาล่าหยางกั๋วฝู malatangth,Din Daeng District,Restaurant,no,Low,0,,,,,openstreetmap,1,+66996232060,99 ถ.รัชดาภิเษก แขวงดินแดง เขตดินแดง,10400,overture (meta),overture:928fabff-2e81-4c90-a360-3f475e7ae102
meeyumchareon.ftt@gmail.com,หมี่ยำเจริญ ฟอร์จูนทาวน์ รัชดา,หมี่ยำเจริญ ฟอร์จูนทาวน์ รัชดา,Din Daeng District,Restaurant,no,Low,0,,,,,openstreetmap,1,+66643616636,"G fl, food zone, Fortune Town, Ratchadaphisek Rd",10400,overture (meta),overture:4781d42e-0d26-40cc-9f61-44b3640aa90f
boonyapa4shop@gmail.com,หมูกรอบ ฮีโร่,หมูกรอบ ฮีโร่,Din Daeng District,Restaurant,no,Low,0,,,,,openstreetmap,1,+66827209133,125 Ratchadaphisek Rd,10400,overture (meta),overture:2fb890db-4de5-4cea-b261-ab1cca3e7499
kannika_2003@hotmail.com,หมูกระทะ99 ดินแดง,หมูกระทะ99 ดินแดง,Din Daeng District,Restaurant,no,Low,0,,,,,openstreetmap,1,+66843377993,3 ถนน ประชาสงเคราะห์,10400,overture (meta),overture:55fd7333-2c11-45fd-af52-a89f0b2dffe6
suksawatbeer@gmail.com,หมูปลาร้า เปรมสมบัติ,หมูปลาร้า เปรมสมบัติ,Din Daeng District,Asian; Thai,no,Low,0,,,,,openstreetmap,1,+66624644569,Soi Prem Sombat,10400,overture (meta),overture:8ce8141e-dae0-4ca2-8fe3-b21ab67c63f3
babystick20@gmail.com,หมูสะเต๊ะ อยู่เจริญ,หมูสะเต๊ะ อยู่เจริญ,Din Daeng District,Restaurant,no,Low,0,,,,,openstreetmap,1,+66890783932,322 388 Ratchadaphisek Rd,10400,overture (meta),overture:76ee4980-56e4-4cc6-ad02-181ee9c2cb27
thatphonj4@gmail.com,หมูเด้งนายแว่นทอดมัน ต้นตำหรับ,หมูเด้งนายแว่นทอดมัน ต้นตำหรับ,Din Daeng District,Restaurant,no,Low,0,,,http://WWW.NAIVAN.NET/,,openstreetmap,1,+66894911018,486 ถนน ดินแดง,10400,overture (meta),overture:507ddf0d-4742-4d23-9fdd-0a90f7e72025
maladragonlike8@gmail.com,หม่าล่าดราก้อนไลค์,หม่าล่าดราก้อนไลค์,Din Daeng District,Restaurant,no,Low,0,,,,,openstreetmap,1,+66624716425,5399 ซอยประชาสงเคราะห์ 33/1 Pracha Songkhro Rd,10400,overture (meta),overture:7ecfe365-acd4-4903-bf96-2aa818c4c0fa
refillz99@hotmail.com,หม่าล่าปากชา อินทามระ 57,หม่าล่าปากชา อินทามระ 57,Din Daeng District,Restaurant,no,Low,0,,,,,openstreetmap,1,+66654411495,อินทามระ 57,10400,overture (meta),overture:e38abe95-4b47-415f-a86c-a1e031f3229f
bumbim0501@gmail.com,หม่าล่าหน้าชา,หม่าล่าหน้าชา,Din Daeng District,Restaurant,no,Low,0,,,,,openstreetmap,1,+66986136284,31/2 Pracha Songkhro 32 Alley,10400,overture (meta),overture:6017af76-44fa-4de7-a3dd-0b41109c4298
san_lamofgod@hotmail.com,หม่าล่าเจ๊เบิ้ม,หม่าล่าเจ๊เบิ้ม,Din Daeng District,Restaurant,no,Low,0,,,,,openstreetmap,1,+66939860620,484 อินทามระ 41,10400,overture (meta),overture:0ab5fd21-7ab5-4273-ba2b-bfecba15c591
lhongsukimala@gmail.com,หลงสุกี้หม่าล่า,หลงสุกี้หม่าล่า,Din Daeng District,Asian; Chinese,no,Low,0,,,,,openstreetmap,1,+66955844494,826 Sutthisan Winitchai Rd,10400,overture (meta),overture:935096f0-ec66-4792-bc42-68b40e042488
hr.lijifood@gmail.com,หลี จี้ ฟู๊ดส์ แอนด์ เบฟเวอเรจ เมเนจเม้น,หลี จี้ ฟู๊ดส์ แอนด์ เบฟเวอเรจ เมเนจเม้น,Din Daeng District,Restaurant,no,Low,0,,,,,openstreetmap,1,+66815458431,544/5 ซอย นาทอง,10400,overture (meta),overture:0acc5e83-20c2-459b-b9e4-e3ced73518c6
orapin1724@gmail.com,ห้างหุ้นส่วนจำกัด ไก่ เค้ก แอนด์ เบค,ห้างหุ้นส่วนจำกัด ไก่ เค้ก แอนด์ เบค,Din Daeng District,Bakery,no,Low,0,,,,,openstreetmap,1,+6626935740,1359 ถนน สุทธิสารวินิจฉัย,10400,overture (meta),overture:e0c72f9f-e4cb-45c9-a878-25e6cf5d2e1f
oppop570@gmil.com,องุ่นรุ่นใหญ่,องุ่นรุ่นใหญ่,Din Daeng District,Cafe,no,Low,0,,,,,openstreetmap,1,+66990541054,ตรงข้ามสนามกีฬาไทยญี่ปุ่น ประตู3,10400,overture (meta),overture:a6839a1d-3e22-4860-ad8e-1e2fbf5aa764
alathien@hotmail.com,อะ ลา เทียน - A La Thién Restaurant,อะ ลา เทียน - A La Thién Restaurant,Din Daeng District,Restaurant,no,Low,0,,,,,openstreetmap,1,+66659466933,"อาลาเทียน, 737 ถนน สุทธิสารวินิจฉัย",10400,overture (meta),overture:583c97ae-c660-4fc2-9210-acb58e45c94d
kittipongsripop@gmail.com,อาวทิดเสน จิ้มจุ่มอาหารอีสาน,อาวทิดเสน จิ้มจุ่มอาหารอีสาน,Din Daeng District,Restaurant,no,Low,0,,,,,openstreetmap,1,+66808074249,224 ประชาสงเคราะห์ 28,10400,overture (meta),overture:ffcc904b-8594-456e-9799-54c4ecdfafc4
nuizab@gmail.com,อาหารเหนือ ข้าวซอย นำ้เงี้ยว,อาหารเหนือ ข้าวซอย นำ้เงี้ยว,Din Daeng District,Asian; Thai,no,Low,0,,,,,openstreetmap,1,+66990588472,รัชดา17,10400,overture (meta),overture:11d9d724-74f0-493f-a572-fb05fc82f5a2
isan.gunaeng@gmail.com,อีสานกันเอง,อีสานกันเอง,Din Daeng District,Asian; Thai,no,Low,0,,,,,openstreetmap,1,+66966323308,2022 Pracha Songkhro Rd,10400,overture (meta),overture:b19bb42c-8a28-491e-92e3-aa5594d42013
epiagroup2019@gmail.com,อีเปีย Epia,อีเปีย Epia,Din Daeng District,Asian; Thai,no,Low,0,,,https://lin.ee/ySObas5,,openstreetmap,1,+66988301810,อีเปีย EPIA รัชดา สามย่าน สุขุมวิท89 เอเชียทีค สีลมเอจ,,overture (meta),overture:d5af265c-db7b-4563-9a1a-5691230eb0f6
saengjantawach@gmail.com,อ้วนข้าวแกง,อ้วนข้าวแกง,Din Daeng District,Restaurant,no,Low,0,,,,,openstreetmap,1,+66894911929,อโศกดินแดง,10400,overture (meta),overture:996d33d1-3e3a-41bc-8ca6-bb497f7ad1c7
missvacation.ying@gmail.com,เกียวทอง​ ผัดไทยรสเด็ดสุด,เกียวทอง​ ผัดไทยรสเด็ดสุด,Din Daeng District,Restaurant,no,Low,0,,,https://miss-vacation.com/,,openstreetmap,1,+66969561616,300 33-34 Vibhavadi Rangsit Rd,10400,overture (meta),overture:cab7c0c9-c16b-491e-a36a-f2fc826347ed
khodlhor@gmail.com,เคบับหน้ามอ&Firekebab,เคบับหน้ามอ&Firekebab,Din Daeng District,Cafe,no,Low,0,,,,,openstreetmap,1,+66946266828,5 วิภาวดีรังสิต 2,10400,overture (meta),overture:46a609ac-be75-4c4c-8f73-b8d70d74f73e
meemi490@gmail.com,เครปไส้แตก สถานีห้วยขวาง-ม.หอการค้า,เครปไส้แตก สถานีห้วยขวาง-ม.หอการค้า,Din Daeng District,Restaurant,no,Low,0,,,,,openstreetmap,1,+66649541662, ประชาสงเคราะห์ 27 หน้าทางเข้าวัดพรมวงศาราม ,10400,overture (meta),overture:8d15d8da-4abb-43c6-a8d3-a704cc65390b
kwanjai2424@gmail.com,เค้กดินแดง รักษ์& รุจ เบเกอรี่,เค้กดินแดง รักษ์& รุจ เบเกอรี่,Din Daeng District,Restaurant,no,Low,0,,,,,openstreetmap,1,+66841691652,10 ประชาสงเคราะห์ 2,10400,overture (meta),overture:fc6c0e42-812c-4a5e-878e-e820e8e2f1f8
momay.kar10@gmail.com,เจ๊นัด ชาบู หมูกระทะ,เจ๊นัด ชาบู หมูกระทะ,Din Daeng District,Restaurant,no,Low,0,,,,,openstreetmap,1,+66822216698,ถนนประชาสงเคราะห์,10310,overture (meta),overture:76e999b7-ff17-4432-94b0-cec25f554cd0
jattarin.dtc@gmail.com,เจ๊เมย์ หมูแดง หมูกรอบ ตลาดห้วยขวาง,เจ๊เมย์ หมูแดง หมูกรอบ ตลาดห้วยขวาง,Din Daeng District,Restaurant,no,Low,0,,,,,openstreetmap,1,+66611415666,2 ประชาสงเคราะห์ 14,10400,overture (meta),overture:cbbb6287-7c01-48d0-ab78-71dfe70bc32e
bancleannui2566@gmail.com,เด็กช่างกาแฟสด,เด็กช่างกาแฟสด,Din Daeng District,Restaurant,no,Low,0,,,,,openstreetmap,1,+66922841205,52 อินทามระ 47,10400,overture (meta),overture:19555ee9-8a81-4655-a204-661183661f61
thanapat2543pb@gmail.com,เตี๋ยวต้มยำจัมโบ้ เจ๊.ขวัญ รัชดา,เตี๋ยวต้มยำจัมโบ้ เจ๊.ขวัญ รัชดา,Din Daeng District,Asian; Japanese,no,Low,0,,,https://www.wongnai.com/r/เตี๋ยวต้มยำจัมโบ้-เจ๊-ขวัญ,,openstreetmap,1,+66989473401,,,overture (meta),overture:72ed8f91-e824-4dd3-be61-0b763bb4c458
ckchet@gmail.com,เผาเอามันส์ @ตลาดรถไฟรัชดา,เผาเอามันส์ @ตลาดรถไฟรัชดา,Din Daeng District,Restaurant,no,Low,0,,,,,openstreetmap,1,+66931402202,ตลาดรถไฟรัชดา,10400,overture (meta),overture:d9675609-9813-4731-acd8-58b79ec3bf20
pueanthae22@gmail.com,เพื่อนแท้ 友 義,เพื่อนแท้ 友 義,Din Daeng District,Restaurant,no,Low,0,,,,,openstreetmap,1,+66842936564,18 วิภาวดีรังสิต 2,10400,overture (meta),overture:07de1a4e-a059-45ea-ab62-f56f6bf55556
feifeimalatang@gmail.com,เฟย เฟย หม่าล่าทั่ง&บุฟเฟ่ต์,เฟย เฟย หม่าล่าทั่ง&บุฟเฟ่ต์,Din Daeng District,Asian; Chinese,no,Low,0,,,,,openstreetmap,1,,เฟย เฟย หม่าล่าทั่ง Fei Fei Ma La Tang 310/121 เขตดินแดง กรุงเทพมหานคร 10330,10330,overture (meta),overture:b6e10bd1-902b-4331-a185-b84bf4421c9b
korkkiat@gmail.com,เรือนแม่หลุย,เรือนแม่หลุย,Din Daeng District,Asian; Thai,no,Low,0,,,,,openstreetmap,1,+6626420343,5 ชั้น B ฟอร์จูนทาวเวอร์ รัชดาภิเษก ดินแดง,10400,overture (meta),overture:cb0f8105-1e37-43a9-a710-3913e293df36
meowpakmor@gmail.com,เหมียวปากหม้อ,เหมียวปากหม้อ,Din Daeng District,Asian,no,Low,0,,,,,openstreetmap,1,+66958848483,780 Inthamara 28/1 Alley,10400,overture (meta),overture:b7502d07-1f61-40dc-b49f-fa94548b091f
siriwadee.benz.c@gmail.com,เหมียวมีเส้น,เหมียวมีเส้น,Din Daeng District,Restaurant,no,Low,0,,,,,openstreetmap,1,+66855044530,ซอยอินทามระ 3,10400,overture (meta),overture:658a6be2-ecdc-477d-8c9f-916cefc9a4b0
eaksuwit2522@gmail.com,เอกอ้วนโภชนา,เอกอ้วนโภชนา,Din Daeng District,Restaurant,no,Low,0,,,,,openstreetmap,1,+66802599360,ประชาสงเคราะห์,10400,overture (meta),overture:42a4a6e5-973d-477c-8e7b-e214bad187fa
nuttapolarsapaviriya1984@gmail.com,เฮง เฮง เป็ดย่าง,เฮง เฮง เป็ดย่าง,Din Daeng District,Restaurant,no,Low,0,,,,,openstreetmap,1,+66899897344,1998 40-41 Pracha Songkhro 32 Alley,10400,overture (meta),overture:20b8dd81-909a-43dd-87fd-fc43de5453f5
mhueylek@hotmail.com,เฮียตือ ข้าวมันไก่ตอน,เฮียตือ ข้าวมันไก่ตอน,Din Daeng District,Asian; Thai,no,Low,0,,,,,openstreetmap,1,+66972059202,รัชดาซอย 7 แยก 19,10400,overture (meta),overture:039679bc-eb3c-49fc-b24c-f21f2f75d02a
bitong2529@gmail.com,เเสนดีซีฟู้ด กุ้งเผา,เเสนดีซีฟู้ด กุ้งเผา,Din Daeng District,Seafood,no,Low,0,,,,,openstreetmap,1,+66815641191,ประชาสงเคราะห์,10400,overture (meta),overture:bd34c63b-400c-4476-8e1d-c80b118ced12
salmonseries999@gmail.com,แซลมอนซีรี่ย์ Delivery Online ปลาแซลมอนนอร์เวย์ แซลมอนสดนำเข้า,แซลมอนซีรี่ย์ Delivery Online ปลาแซลมอนนอร์เวย์ แซลมอนสดนำเข้า,Din Daeng District,Asian; Thai,no,Low,0,,,,,openstreetmap,1,+66840989908,"สตาร์บัคส์-ฟอร์จูนทาวน์, 1 ถนน รัชดาภิเษก",10400,overture (meta),overture:cee546ba-41a9-49ad-8aa5-c2ae12bd8073
utchara_kan1503@hotmail.com,แซ่บ เด้ แซ่บ อีหลี,แซ่บ เด้ แซ่บ อีหลี,Din Daeng District,Restaurant,no,Low,0,,,,,openstreetmap,1,+66624576085,ประชาสงเคราะห์14,10400,overture (meta),overture:3ac87b5c-b194-49db-85bf-8293797baa8f
wisut_taotao@hotmail.com,แซ่บตำยำยั่ว ครัวอีสาน -วิภาวดี16/8,แซ่บตำยำยั่ว ครัวอีสาน -วิภาวดี16/8,Din Daeng District,Asian; Thai,no,Low,0,,,,,openstreetmap,1,+66661484224,วิภาวดีรังสิต,10900,overture (meta),overture:4c118ac8-ee63-44c2-84e3-5e792f790079
zabboneofficial@gmail.com,แซ่บวัน - Zabb One สาขาหอการค้า,แซ่บวัน - Zabb One สาขาหอการค้า,Din Daeng District,Asian; Thai,no,Low,0,,,,,openstreetmap,3,+66985257827,5 ถนน รัชดาภิเษก,10400,overture (meta),overture:867d96ef-6d76-43d2-8d6e-11abd1d5929d
nampunya11@gmail.com,แซ่บหลายนายหนวด,แซ่บหลายนายหนวด,Din Daeng District,Restaurant,no,Low,0,,,,,openstreetmap,1,+66969163032,เลขที่ 17 Soi Pracha Songkhro 2,10400,overture (meta),overture:50c44b4c-35ab-4cdd-97ff-b04dc0e099bb
zaabonly@gmail.com,แซ่บโอนลี่,แซ่บโอนลี่,Din Daeng District,Asian; Thai,no,Low,0,,,,,openstreetmap,1,+66819203944,43 ประชาสงเคราะห์,10400,overture (meta),overture:a4b5830f-ca98-47ca-8541-f1f2fc87d530
legolas_mod@hotmail.com,แดงแหนมเนือง เดลิเวอรี่,แดงแหนมเนือง เดลิเวอรี่,Din Daeng District,Asian,no,Low,0,,,,,openstreetmap,1,+66840786081,1052 Sutthisan Winitchai Rd,10400,overture (meta),overture:90af222b-25e7-4d53-a5bd-c923c8312365
ttomotom@hotmail.com,แมคโดนัลด์ กลาสเฮ้าส์ ซอยรัชดาภิเษก 17,แมคโดนัลด์ กลาสเฮ้าส์ ซอยรัชดาภิเษก 17,Din Daeng District,Takeaway,no,Low,0,,,,,openstreetmap,1,+66993929938,บางกอกน้อย วิลเลจ,10700,overture (meta),overture:ce0877b6-03d6-4d52-bcf2-0bd20c4c481c
thavy5328@gmail.com,แสนดีฮัท ตำยำแซ่บ,แสนดีฮัท ตำยำแซ่บ,Din Daeng District,Restaurant,no,Low,0,,,,,openstreetmap,1,+66967899795,238/2 ประชาสงเคราะห์,10400,overture (meta),overture:9fbe7c80-e4d4-4049-bfa1-a800088c3614
leamsingbuffer@gmail.com,แหลมสิงห์ บุฟเฟ่ต์ Laem Sing buffet,แหลมสิงห์ บุฟเฟ่ต์ Laem Sing buffet,Din Daeng District,Restaurant,no,Low,0,,,,,openstreetmap,1,+66611645516,วิภาวดีรังสิต ซอย2  ชลิสาแมนชั่น\n,10400,overture (meta),overture:5d0e5800-46b6-4f69-9773-4b2d0e5c2644
sunyarat13@gmail.com,แอ๊ดหมูสด ตลาดห้วยขวาง Add Moosod Huay Kwhang,แอ๊ดหมูสด ตลาดห้วยขวาง Add Moosod Huay Kwhang,Din Daeng District,Restaurant,no,Low,0,,,,,openstreetmap,1,,191 ถนน ประชาสงเคราะห์,10400,overture (meta),overture:e4bd58c7-8c22-4b61-853a-8649f3fc54d7
jokeprompan@gmail.com,โจ๊กสามย่าน ดินแดง ห้วยขวาง,โจ๊กสามย่าน ดินแดง ห้วยขวาง,Din Daeng District,Restaurant,no,Low,0,,,,,openstreetmap,1,+66986307666,4675/5 ถนน ประชาสงเคราะห์,10400,overture (meta),overture:8f6d6a21-e472-466e-a00b-6c6cc6a157e3
admin@arshanfoods.com,โจ๊กอาซาน สาขาสุทธิสาร,โจ๊กอาซาน สาขาสุทธิสาร,Din Daeng District,Restaurant,no,Low,0,,,,,openstreetmap,1,+66622505888,547 Inthamara 33 Alley,10400,overture (meta),overture:e9e0dbee-12b6-4e61-b8f2-ed7bcf333bd9
info@seoulhotdogthailand.com,โซลฮ็อทดอก - สาขาเดอะสตรีทรัชดา,โซลฮ็อทดอก - สาขาเดอะสตรีทรัชดา,Din Daeng District,Asian; Korean,no,Low,0,,,,,openstreetmap,1,+66894569622,"ชั้น B, 139 Ratchadaphisek Rd",10400,overture (meta),overture:8281d909-52f1-4d81-ba07-2923c7bb6d23
foyumnoodlehome@gmail.com,โฟยำนู้ดเดิ้ลโฮม-รัชดา,โฟยำนู้ดเดิ้ลโฮม-รัชดา,Din Daeng District,Asian; Thai,no,Low,0,,,,,openstreetmap,1,+66816909626,1390/82 ซอย ชานเมือง แยก 10,10400,overture (meta),overture:2b695489-d0eb-427b-bbab-4c2e67d556d1
kobchainoodle@hotmail.com,โรงงานบะหมี่กอบชัย,โรงงานบะหมี่กอบชัย,Din Daeng District,Cafe,no,Low,0,Local,,http://WWW.KOBCHAINOODLE.COM/,,openstreetmap,1,+6622451394,258-260 ซอยสุทธิพร,10400,overture (meta),overture:c392bf7c-6708-4245-a3f2-86bc0f09e737
oooh-70@hotmail.com,โอ๋ สังขยา & นมสด,โอ๋ สังขยา & นมสด,Din Daeng District,Cafe,no,Low,0,,,,,openstreetmap,1,+66865744919,,,overture (meta),overture:e0b5b121-6bd5-4f4f-9705-60d2c918e182
loveicekaka@gmail.com,ไอศครีมเกล็ดหิมะ PenguinKnight สาขา  ตลาดห้วยขวาง,ไอศครีมเกล็ดหิมะ PenguinKnight สาขา  ตลาดห้วยขวาง,Din Daeng District,Ice cream,no,Low,0,,,,,openstreetmap,1,+66875881244,,,overture (meta),overture:f38c3b4a-e6ed-419d-9b97-e6d49f65125d
xiexie428999@gmail.com,谢谢 (xiè xie) - เซี่ยเซี่ย,谢谢 (xiè xie) - เซี่ยเซี่ย,Din Daeng District,Restaurant,no,Low,0,,,,,openstreetmap,1,+66997466932,582/67 Soi Ratchadaphisek 3,10400,overture (meta),overture:f7b311e0-a461-4315-908a-8bb7ae2a298f
