email,name,name_local,district,categories,english,english_priority,english_score,site_language,why,website,other_emails,email_source,locations,phone,address,postcode,source,osm_url
info@beastiebkk.com,Beastie,,Huai Khwang District,Steak,yes,High,6,English,website in English; Western food (Steak); English/Latin-script name,https://www.beastiebkk.com/en/,,openstreetmap,1,+66897162626,149 Rimtangrodfai-sai Paet-Riu Rd,10310,overture (meta),overture:bccd3367-595f-4aae-b739-37c946ee64b6
info@beiotto.com,Bei Otto,,Huai Khwang District,Western,yes,High,6,English,website in English; Western food (Western); English/Latin-script name,https://www.beiotto.com/,,venue website,3,,1938,,openstreetmap,https://www.openstreetmap.org/way/897476423
bistro@chef-erwin.com,Chef Erwin Bistro,,Huai Khwang District,French,yes,High,6,English,website in English; Western food (French); English/Latin-script name,http://www.chef-erwin.com/,,openstreetmap,1,+66888866266,,10310,overture (meta),overture:d6b20aa9-ffb9-4fac-80c3-a10ad75356d6
rubensun88@gmail.com,Chez Max French restaurant,,Huai Khwang District,French,yes,High,6,English,website in English; Western food (French); English/Latin-script name,https://share.google/tlWdAGGEjEkJecvOE,,openstreetmap,1,+66657739820,591 ถนน ประชาอุทิศ,10310,overture (meta),overture:1e527773-a3d5-442d-b026-34bd1a3817d2
hello@hninnbkk.com,Hninn - Contemporary Brunch & Dining,,Huai Khwang District,Breakfast,yes,High,6,English,website in English; Western food (Breakfast); English/Latin-script name,https://www.hninnbkk.com/password,,openstreetmap,1,+66958586875,1980 Phetchaburi Rd,10310,overture (meta),overture:d6cca7d7-46a8-44fd-9115-7cdf4a4291d0
reservations@lancasterbangkok.com,Siam Brasserie - Lancaster,,Huai Khwang District,French,yes,High,6,English,website in English; Western food (French); English/Latin-script name,http://www.lancasterbangkok.com/#dining,info@lancasterbangkok.com,venue website,1,+6622526890,1781 ถนน เพชรบุรี,10310,overture (meta),overture:e5039566-4c5e-43aa-932a-199ee0550469
wakemeup04042024@gmail.com,Wake Me Up Café & Bistro,,Huai Khwang District,French,yes,High,6,English,website in English; Western food (French); English/Latin-script name,http://wakemeup.me/,,openstreetmap,1,+66838091214,21 129 ชั้น1 Soi Phetchaburi 47,10310,overture (meta),overture:158f86fa-e8ec-44a2-91f8-4183fa0fa62d
operationaltg@aichafood.com,Ai-CHA Thailand,,Huai Khwang District,Ice cream,yes,High,4,English,website in English; English/Latin-script name,https://opl.to/aichafood,,openstreetmap,1,,"Rama 9 Road, Huaykwang, Huaykwang",10310,overture (meta),overture:dda6fee2-a80d-448b-9773-4dcbecd992ac
sh103@gourmethouse.co.th,Al Saray,,Huai Khwang District,Indian,yes,High,4,English,website in English; English/Latin-script name,http://www.alsarayrestaurant.com,,openstreetmap,1,+6623194388,"2, โรงพยาบาล กรุงเทพ, ซอยศูนย์วิจัย 7 ถนนเพชรบุรีตัดใหม่",10310,overture (meta),overture:3b82a7ad-4f5e-42a8-8efd-eaa047a8c338
allforbaking@hotmail.com,All for Baking,,Huai Khwang District,Bakery,yes,High,4,English,website in English; English/Latin-script name,http://www.allforbaking.com,,venue website,1,+6627165552,2040 ถนน เพชรบุรี,10310,overture (meta),overture:d6d16f06-b486-4510-a6e0-e0469e242dc8
siftcafe@gmail.com,Astro9 Skybar,,Huai Khwang District,Bar,yes,High,4,English,website in English; English/Latin-script name,http://www.amarantahotel.com/astro-9-bar/,stay@amarantahotel.com,openstreetmap,1,+6626911688,2 Soi 5 Pracharatbumpen Rd.,10310,overture (meta),overture:28aa0dea-db50-4987-be3e-84341b2ad2dd
customerservice@abpcafe.co.th,Au Bon Pain,,Huai Khwang District,Cafe,yes,High,4,English,website in English; English/Latin-script name,https://aubonpain.com,catering@aubonpain.com; abp_giftcards@aubonpain.com; feedback@aubonpain.com; media_inquiry@aubonpain.com,openstreetmap,1,+66659407132,206 ซอยพัฒนาการ 20 แขวงสวนหลวง เขตสวนหลวง,10310,overture (meta),overture:0ea774d3-b7b2-4f99-b5b3-bb5500590d1c
buttercupbkk@gmail.com,Buttercup,,Huai Khwang District,Restaurant,yes,High,4,English,website in English; English/Latin-script name,https://buttercupbkk.com/,,openstreetmap,1,+6623199630,36 อาคาร Amari Residences ซอย เพชรบุรี 47 / ซอย ศูนย์วิจัย New Petchaburi Rd,10310,overture (meta),overture:ca106e85-3742-4e0a-a68b-fbfb148ac440
info.cafelom@gmail.com,Café Lom,,Huai Khwang District,Cafe,yes,High,4,English,website in English; English/Latin-script name,https://cafelom.net/,,openstreetmap,1,+66659369929,"Raintree Office Garden, 276 Soi Rama IX 17",10310,overture (meta),overture:3209ac9d-4382-4f08-a5ea-abdb266cc395
cheevitcheeva@gmail.com,Cheevit Cheeva,,Huai Khwang District,Cafe,yes,High,4,English,website in English; English/Latin-script name,http://www.cheevitcheevacafe.com,,venue website,4,,,10310,overture (meta),overture:a6ccaebf-a952-4f77-a9d6-bde605fb414e
chefnextdoorbkk@gmail.com,Chef Next Door,,Huai Khwang District,Asian; Thai,yes,High,4,English,website in English; English/Latin-script name,http://lin.ee/q1OLpBx,,openstreetmap,1,+66645962463,99 ซอย คลองน้ําแก้ว,10310,overture (meta),overture:96634e95-39a7-4ea7-ac89-3a91609fb55c
thawatporn.dookki@gmail.com,Dookki Topokki Thailand,,Huai Khwang District,Asian; Korean,yes,High,4,English,website in English; English/Latin-script name,https://opl.to/dookkitopokkithailand,,openstreetmap,1,+6620494990,,,overture (meta),overture:456ed91d-1af4-498f-9110-973a407ec695
info@drpdrp.com,Drip & Drop Coffee Supply Bangkok,,Huai Khwang District,Restaurant,yes,High,4,English,website in English; English/Latin-script name,http://www.drpdrp.com/,,openstreetmap,1,+6621698218,"I Center G Tower, 30 พระราม 9",10310,overture (meta),overture:033f472b-3fc1-4408-ba18-791d500f66b7
narudee@eureka.co.th,Eureka,,Huai Khwang District,Cafe,yes,High,4,English,website in English; English/Latin-script name,https://www.eureka.co.th/,natkritta@eureka.co.th,venue website,1,,,10310,overture (meta),overture:8351aadb-435c-4b8e-b32b-cb1c98d17693
info.chr@chatrium.com,Executive Lounge,,Huai Khwang District,Restaurant,yes,High,4,English,website in English; English/Latin-script name,http://www.chatrium.com/chatrium_emporium/dining-specials/lobby-lounge-en.html,,venue website,2,+6626649999,,,overture (meta),overture:7910403f-0b35-4683-b480-1a5ba5281273
fullhousekitchenthailand@gmail.com,FullHouse Kitchen Thailand,,Huai Khwang District,Restaurant,yes,High,4,English,website in English; English/Latin-script name,https://lin.ee/RgM4sYc,,openstreetmap,1,+66614622659,308 ถนน พระราม 9,10310,overture (meta),overture:bc4338e8-e575-4af0-be42-e745242c1c81
gloryinkofficial@gmail.com,Glory ink official,,Huai Khwang District,Restaurant,yes,High,4,English,website in English; English/Latin-script name,https://m.me/Gloryinkofficial?fbclid=IwAR09jy8HsHfTxnZJOMU0RKtcsFDLjeMaZPImltvHnUY8lEYNnF_NA67ozN0,,openstreetmap,1,+66647130194,2 ประชาราษฎร์บําเพ็ญ 8,10310,overture (meta),overture:37f31537-a6b6-47f0-b05f-3b4f6d23aeb0
sumsiamltd@gmail.com,Indocafe Thailand,,Huai Khwang District,Cafe,yes,High,4,English,website in English; English/Latin-script name,http://www.sumsiam.com/th/,,openstreetmap,1,+6622487160,65/119 Chamnan Phenjati Building 14th Floor Rama 9 Rd.,10310,overture (meta),overture:f17f9d84-2c69-400c-8176-439c78f57f58
info@lancasterbangkok.com,Kiku Omakase,,Huai Khwang District,Asian; Japanese,yes,High,4,English,website in English; English/Latin-script name,https://lancasterbangkok.com/dining/kiku-sushi/,kikusushi@lancasterbangkok.com,openstreetmap,1,+6622628089,"Lancaster Bangkok, Lobby floor, 1777 ถนน เพชรบุรีตัดใหม่",10310,overture (meta),overture:aecf6e42-84cf-4804-91c0-6a76cca7e94a
kkg.kingkonggroupth@gmail.com,Kingkong Sweets,,Huai Khwang District,Cafe,yes,High,4,English,website in English; English/Latin-script name,https://www.kkgthailand.com/,kingkonggroup.official@gmail.com,openstreetmap,1,+66922798282,Singha Complex,10110,overture (meta),overture:1226e6d9-1b8e-4686-bdb2-5da40344fbc7
rsvn@thekinnbangkok.com,Kinnston Restaurant,,Huai Khwang District,Restaurant,yes,High,4,English,website in English; English/Latin-script name,http://www.thekinnbangkok.com/,,openstreetmap,1,+6621368929,578 พระราม 9 ซ. 26,10310,overture (meta),overture:cf347b8c-edd7-4154-91f6-b57c14a8a06b
nftcenter@nippn.co.th,Nippn Foods Corporation,,Huai Khwang District,Bakery,yes,High,4,English,website in English; English/Latin-script name,http://www.nippn.co.th/,,openstreetmap,1,+6627161780,"19 Fl., Italthai Tower, Phetchburi Rd., Bangkapi, Huaykwang",10310,overture (meta),overture:5fb1aff6-c00d-45fe-bec3-9d1f5ba15d36
boat.dm.75@gmail.com,Nontella.Hazel,,Huai Khwang District,Restaurant,yes,High,4,English,website in English; English/Latin-script name,https://lin.ee/Unu1p7p,,openstreetmap,1,+66858627795,จุฬา ซอย 3,10210,overture (meta),overture:9576f3f4-b28b-41bf-9aba-78bfdea5c216
contactusa@oakberry.com,Oakberry Açaí,,Huai Khwang District,Restaurant,yes,High,4,English,website in English; English/Latin-script name,https://www.oakberry.com,contato@oakberry.com; trabalheconosco@oakberry.com; oakberrybps@gmail.com; petrosaraujo06@hotmail.com; oakberrymulticenter@gmail.com; oakalamedasantos@gmail.com; oakberryalamedasantos@gmail.com; comercialbyboak@gmail.com; zahie99@gmail.com; oakjardim@gmail.com; oakgaleriaitaim@gmail.com; oakberryaracaju@gmail.com; peru@oakberry.com; oaknovafriburgo@gmail.com; oakberryatalaia@gmail.com; avbrasil530@gmail.com; oakberryelaine@gmail.com; oakbarreiras@gmail.com; oakbarreiro@gmail.com; berrini@oakberry.com; oakjuazeiroba@gmail.com; brascan@oakberry.com; oakberrycajubauberlandia@gmail.com; oakcambui@gmail.com; oakberrycascavel@hotmail.com; oakberrycentralparkcotia@gmail.com; r77levy@gmail.com; oakhebraicario@gmail.com; oakberrybt@gmail.com; renatapavani2112@gmail.com; oakberrymais@gmail.com; ddmoakalimentos@gmail.com; oakberryiateclube@gmail.com; oakinstitutomaua@gmail.com; oakberryitajai@gmail.com; ribeiraoak@gmail.com; oakberryjdsaocaetano@gmail.com; oakberrylajeado@gmail.com; atibaiaoakberry@gmail.com; oakmandala@gmail.com; oakberryilhamall@gmail.com; oakberrymc@gmail.com; lgduarte@live.com; oakberryitu@gmail.com; oakberrylem@gmail.com; ourinhosoakberry@gmail.com; oak.barrash@gmail.com; oakberry.itba@gmail.com; puc.bbml@gmail.com; oakberry.villalobos@gmail.com; afonso.braz@oakberry.com; oak.jfalameda@gmail.com; alliance.jardins@oakberry.com; oak.americasshopping@gmail.com; oakrio.adm@gmail.com; ares.oakberry@gmail.com; oakberry.arraial@gmail.com; asteca.voolivre@gmail.com; bandeira.paulista@oakberry.com; barragarden.oak@gmail.com; oak.vargem@gmail.com; braz.leme@oakberry.com; oakberry.brickell@gmail.com; capybaraventures.ltd@gmail.com; chacara.klabin@oakberry.com; conde.deitu@oakberry.com; alpha.sigma@oakberry.com; oak.cidadejardim@gmail.com; container.vilasuzana@oakberry.com; bbml.oakberry@gmail.com; oakpicchi.pinheiros@gmail.com; oakberry.corporatesrj@gmail.com; faria.lima@oakberry.com; fazenda.boavista@oakberry.com; galeria.jardins@oakberry.com; granja.viana@oakberry.com; oakberry.icarai@gmail.com; oakberry.ilhapura@gmail.com; oakberry.itaipu@gmail.com; jd.marajoara@oakberry.com; joao.cachoeira@oakberry.com; oakberry.larchmont@gmail.com; oakberry.meridian@gmail.com; bbml.vd@gmail.com,venue website,3,,Central Rama 9,10310,overture (Foursquare),overture:bdd03bf3-c813-4241-ba50-46919e0ba9ab
mini.oriental.speedbar@gmail.com,Oriental Speedbar,,Huai Khwang District,Restaurant,yes,High,4,English,website in English; English/Latin-script name,http://www.peaceteahouse.com,info@peaceteahouse.com,openstreetmap,4,+66636370517,"G Tower (Down 1 Floor, G floor, Rama IX Rd",10310,overture (meta),overture:406a6276-899b-44b5-9d59-cb4032236102
info@route66club.com,RCA Bar Shogun,,Huai Khwang District,Bar,yes,High,4,English,website in English; English/Latin-script name,http://www.route66club.com/,,venue website,3,+66814409666,2 ซอย ศูนย์วิจัย,10310,overture (meta),overture:4802c548-577e-47ab-8de2-a58361ffdf5d
sweetstrangerscafe@gmail.com,Sweet Strangers Cafe,,Huai Khwang District,Cafe,yes,High,4,English,website in English; English/Latin-script name,https://lin.ee/kko9DHc,,openstreetmap,1,+66928691264,"984 Soi Talay Bangkok , New Petchburi Rd.",10310,overture (meta),overture:6a5b4527-1ce9-4827-a9bc-49d0b40f86f9
info@ark-insights.com,Toy Cafe,,Huai Khwang District,Cafe,yes,High,4,English,website in English; English/Latin-script name,http://ark-insights.com/toycafe/,,venue website,1,+66896148585,,,overture (meta),overture:c9a653d7-1548-49ac-9d58-3d4d4c820ba1
utdthbkk@utdistillers.com,"United Thai Distillers Co.,ltd.",,Huai Khwang District,Restaurant,yes,High,4,English,website in English; English/Latin-script name,http://www.utdistillers.com/,,openstreetmap,1,+6625414260,526 ถนนรัชดาภิเษก ซ.รัชดาภิเษก 26,10310,overture (meta),overture:d7a053a1-3ad8-4265-9bd5-9c4f0864fb48
cjsingh@utsavbangkok.com,Utsav,,Huai Khwang District,Indian,yes,High,4,English,website in English; English/Latin-script name,http://www.utsavbangkok.com/,,openstreetmap,1,+66847556654,"SHOW DC MALL, 5th Floor",10310,overture (meta),overture:ad2a22e9-7a3a-46ee-9e0e-7dfddb3fe3ab
info@aji.co.th,Washouku Aji,,Huai Khwang District,Asian; Sushi,yes,High,4,English,website in English; English/Latin-script name,https://www.aji.co.th,,venue website,5,+66617233311,59/2 ถนน พระราม 9,10310,overture (meta),overture:46482565-057f-4700-bb99-5b0c7f4d77ac
123bangkokcoffee@yahoo.com,123 Bangkok House & Coffee,,Huai Khwang District,Bakery; Breakfast; Deli,yes,Medium,3,,"Western food (Breakfast, Deli); English/Latin-script name",,,openstreetmap,1,092 731 2228,123 ซอยเพชรบุรี 47 แยก 3,10310,openstreetmap,https://www.openstreetmap.org/node/14174671201
sert.chaipo@facebook.com,45 Steak House,,Huai Khwang District,Steak,yes,Medium,3,,Western food (Steak); English/Latin-script name,,,openstreetmap,1,+66867768556,"45/2 20 Mithuna Alley, Lane 22",10310,overture (meta),overture:cb4af1ae-2205-48b6-b2d3-9fbc8689bd7c
tatchakrit@hotmail.com,79’s Table by Eila bistro,,Huai Khwang District,French,yes,Medium,3,,Western food (French); English/Latin-script name,,,openstreetmap,1,+66615461595,79 Sun Wichai 14 Alley,10310,overture (meta),overture:e622db57-876a-452f-9fb6-01b33236d1c1
aday@adaymagazine.com,a day,,Huai Khwang District,Cafe,yes,Medium,3,Bilingual,website has English; English/Latin-script name,http://www.adaymagazine.com/,,openstreetmap,1,+6627166900,4 ซอย ศูนย์วิจัย 4,10310,overture (meta),overture:953de94f-1502-470f-b99a-08e3ca5986a7
abelunisgud@gmail.com,Abe - Steak De Taipei,,Huai Khwang District,Steak,yes,Medium,3,,Western food (Steak); English/Latin-script name,,,openstreetmap,1,+6621280736,"411, 4 Ratchada Niwet Road",10310,overture (meta),overture:3ce05d79-babf-48e9-a8f1-3ad626b98482
sunrisesuppport@gmail.com,Akatsuki Hotpot & BBQ Asoke,,Huai Khwang District,BBQ,yes,Medium,3,,Western food (BBQ); English/Latin-script name,,,openstreetmap,1,+66809235260,1757 เพชรบุรี,10310,overture (meta),overture:213882bc-54ee-4e19-889c-d908989d67f3
alicespizzahq@gmail.com,Alice's Pizza,,Huai Khwang District,Italian; Pizza,yes,Medium,3,,"Western food (Italian, Pizza); English/Latin-script name",,,openstreetmap,1,+66949696929,"69 Phetchaburi 47 Alley, Lane 3-2",10310,overture (meta),overture:0f743f9d-04c4-4acf-83b5-723523039e27
admin@anakadeth.com,Anakade,,Huai Khwang District,Asian; Korean,yes,Medium,3,Bilingual,website has English; English/Latin-script name,https://shorturl.at/BtHgz,,openstreetmap,1,+66649394226,16 ลาดพร้าว 48,10310,overture (meta),overture:74294e67-4f08-4a03-8b45-6daea0758f94
bio9992011@hotmail.com,Big Barbecue,,Huai Khwang District,BBQ,yes,Medium,3,,Western food (BBQ); English/Latin-script name,,,openstreetmap,1,+66843126813,"19, 2 Soi Phet Rama 2",10310,overture (meta),overture:a0bdef85-5ea3-4b94-b8a9-a651799be909
welcome2@boncafe.co.th,Bon Cafe,,Huai Khwang District,Cafe,yes,Medium,3,Bilingual,website has English; English/Latin-script name,http://www.boncafe.co.th/,academy@boncafe.co.th,openstreetmap,1,+6626932570,,,openstreetmap,https://www.openstreetmap.org/node/3723292236
cafemilieugroup@gmail.com,Café Milieu,,Huai Khwang District,Breakfast,yes,Medium,3,,Western food (Breakfast); English/Latin-script name,,,openstreetmap,1,+66646912999,6 ซอยรุ่งเรือง,,openstreetmap,https://www.openstreetmap.org/node/10770036935
cocofuku.hk@gmail.com,Coco Fuku ココ フク สาขาห้วยขวาง,Coco Fuku ココ フク สาขาห้วยขวาง,Huai Khwang District,Cafe,yes,Medium,3,English,website in English,https://lin.ee/QmdPxOU,,openstreetmap,1,+66924919282,20 ถนน ประชาราษฎร์บําเพ็ญ,10310,overture (meta),overture:dda8087e-2343-44cf-afa8-728dc12f6fd9
crazecafe@boncafe.co.th,Craze Cafe,,Huai Khwang District,Cafe,yes,Medium,3,Bilingual,website has English; English/Latin-script name,http://www.boncafe.co.th/,academy@boncafe.co.th,openstreetmap,1,+66632048276,"1st Floor, Plaza Muang Thai-Phatra Tower 1 252/189-190, 107, 114 Ratchadaphisek Rd",10310,overture (meta),overture:659b5901-ee2c-4df7-8262-84ec45857346
deloeithailand@gmail.com,De Loei Phurua Vanodhayan สวนภูเรือวโนทยาน แมคคาเดเมีย มะคาเดเมียนัท,De Loei Phurua Vanodhayan สวนภูเรือวโนทยาน แมคคาเดเมีย มะคาเดเมียนัท,Huai Khwang District,Restaurant,yes,Medium,3,English,website in English,https://www.de-loei.com/,,openstreetmap,1,+6627181934,"HQ Office: 6 Phetchaburi 47 Alley, Lane 6, Bang Kapi, Huai Khwang",10310,overture (meta),overture:9aff7ba3-5551-48d3-8a68-28997875bd08
errtidgram2@gmail.com,Err TID Gram,,Huai Khwang District,Pub,yes,Medium,3,,Western food (Pub); English/Latin-script name,,,openstreetmap,1,+66856115619,49 ถนน วัฒนธรรม,10310,overture (meta),overture:d1167fe4-a747-48ac-9e5a-3ad42c8d05a7
flow.cr.bangkok@gmail.com,Flow Coffee Company,,Huai Khwang District,Cafe,yes,Medium,3,Bilingual,website has English; English/Latin-script name,http://www.flowcoffeeroasters.com/,,openstreetmap,3,+66654954646,2118 Soi 20 Mithuna,10310,overture (meta),overture:7364c165-2d1e-4740-b370-706c7ee5923a
realichi168@gmail.com,Formosa potararo,,Huai Khwang District,Restaurant,yes,Medium,3,Bilingual,website has English; English/Latin-script name,https://formosalife.vercel.app/,,openstreetmap,1,+66854055552,1669/9 Kamphaeng Phet 7 Rd,10310,overture (meta),overture:b5ad90c2-2d58-4769-b53c-c9391eac8fb9
groove_90_bar@hotmail.com,Groove 90's Bar & Bistro,,Huai Khwang District,French,yes,Medium,3,,Western food (French); English/Latin-script name,,,openstreetmap,1,+66846801486,18 รัชดาภิเษก 4,10310,overture (meta),overture:6b3096f7-e4e1-428c-806f-b110fb309918
hazykloungepub@gmail.com,Hazy RCA,,Huai Khwang District,Pub,yes,Medium,3,,Western food (Pub); English/Latin-script name,,,openstreetmap,1,+66637367002,"21/27 Soi Soonvijai, Bang Kapi, Huai Khwang",10310,overture (meta),overture:c8cebbad-aa58-4932-8d8e-1b3518e021fd
igift19799@gmail.com,IGift ชา น้ำปั่น วิปครีม ขนมปังปิ้ง,IGift ชา น้ำปั่น วิปครีม ขนมปังปิ้ง,Huai Khwang District,Cafe,yes,Medium,3,English,website in English,https://lin.ee/iUil63V,,openstreetmap,1,+66982795191,ประชาราษฎร์บำเพ็ญ,10310,overture (meta),overture:b1b2b91d-6ece-4243-a60e-260539a7098a
lamia.natandsue@gmail.com,La Mia,,Huai Khwang District,Restaurant,yes,Medium,3,Bilingual,website has English; English/Latin-script name,https://www.thaiqrmenu.com/?id=XhLpQs8zAUB3rRTG2K5k,,openstreetmap,1,+66832218210,"19 Phetchaburi 47 Alley, Lane 8",10310,overture (meta),overture:1fee1f7c-a760-4bbf-8576-456375724a70
mjpizza889@gmail.com,MJ PIZZA Academy Consultancy,,Huai Khwang District,Pizza,yes,Medium,3,Local,Western food (Pizza); English/Latin-script name,https://www.mjpizzaacademyconsultancy.com/,,openstreetmap,1,+66991979939,2479/9 สยามการ์เด้นท์ อพาร์ทเม้นท์ ถ.เพชรบุรีตัดใหม่ ,10310,overture (meta),overture:bd34aec0-9747-45ac-90a9-6e66faa5c7ad
pandaoasis.asoke@gmail.com,Panda Oasis แพนด้าโอเอซิส,Panda Oasis แพนด้าโอเอซิส,Huai Khwang District,Restaurant,yes,Medium,3,English,website in English,http://www.babysme.com/,,openstreetmap,1,,@ MRT Petchaburi Station Location: Asoke-Petchaburi intersection,10310,overture (meta),overture:5bc87987-5e34-41ed-b4bf-9903503bf4ce
ly471708832@gmail.com,SK Teochew BBQ,,Huai Khwang District,Asian; BBQ; Chinese,yes,Medium,3,,Western food (BBQ); English/Latin-script name,,,openstreetmap,1,+66990105600,ถนน พระรามเก้า,10310,overture (meta),overture:b6731de9-a981-4c58-abac-e7740c51d823
superbarbecue99@gmail.com,Super Barbecue,,Huai Khwang District,Asian; BBQ; Chinese,yes,Medium,3,,Western food (BBQ); English/Latin-script name,,,openstreetmap,1,+66968262958,21/75 ซ. RCA เขต ห้วยขวาง แขวง ห้วยขวาง,10310,overture (meta),overture:5ae59ffd-5786-4672-b31a-4181070638f3
narongchumnoy@gmail.com,Tacos state Rca,,Huai Khwang District,Mexican; Tacos,yes,Medium,3,,"Western food (Mexican, Tacos); English/Latin-script name",,,openstreetmap,1,+66927397176,ซอย อาร์ซีเอ,10310,overture (meta),overture:1e269626-be08-49c1-8b5a-02011dca123e
helloaglioooooo@gmail.com,The Aglio Store - Sukhumvit 39,,Huai Khwang District,Italian,yes,Medium,3,,Western food (Italian); English/Latin-script name,,,openstreetmap,1,+66816494592,1980 Phetchaburi Rd,10310,overture (meta),overture:1ffcb183-e679-42d7-bd73-551436c5fe29
noodlehome2003@gmail.com,ก๋วยเตี๋ยวหมูมะนาวสวนส้ม,ก๋วยเตี๋ยวหมูมะนาวสวนส้ม,Huai Khwang District,Asian; Japanese,yes,Medium,3,English,website in English,https://lin.ee/4pKf7h51o,,openstreetmap,1,,785/20 Pracha Uthit Rd,10310,overture (meta),overture:b54e4ccc-04cc-45e5-b37a-4cdfa739cc60
tumlan.tumlan999@gmail.com,ตำล้าน (Tumlan),ตำล้าน (Tumlan),Huai Khwang District,Restaurant,yes,Medium,3,English,website in English,https://page.line.me/674xgxyy,,openstreetmap,1,+66622466941,Ratchadaphisek Rd,10310,overture (meta),overture:8acdda3e-5fa4-4c21-9238-bed8be0c2210
support@thaiway.com,ถนนลาดพร้าว.,ถนนลาดพร้าว.,Huai Khwang District,Asian; Thai,yes,Medium,3,English,website in English,http://www.thaiway.com,,openstreetmap,1,,บ้านไม้แดง สาดแสงเดือน,,overture (meta),overture:a69e65f0-7a10-43a3-ac17-698f97d9e0b1
tumnukzap@gmail.com,ร้านตำหนัก อาหารอีสานรสแซ่บ,ร้านตำหนัก อาหารอีสานรสแซ่บ,Huai Khwang District,Asian; Thai,yes,Medium,3,English,website in English,https://lin.ee/6Okeq1gO,,openstreetmap,1,+66972988558,,10310,overture (meta),overture:62dc4a9b-cc25-45ba-8252-d4dd504bd706
takraihom.phraram9choi13@gmail.com,ร้านอาหารตะไคร้หอม,ร้านอาหารตะไคร้หอม,Huai Khwang District,Asian; Thai,yes,Medium,3,English,website in English,http://www.sdagroup.com/,,openstreetmap,1,+6623199008,12 ถนน พระราม 9,10310,overture (meta),overture:59d105aa-8672-4050-863c-89b6c4fcea25
farmrak.restaurant@gmail.com,ร้านอาหารฟาร์มรัก Farmrak Restaurant ศุภาลัย เวอเรนด้า พระราม 9,ร้านอาหารฟาร์มรัก Farmrak Restaurant ศุภาลัย เวอเรนด้า พระราม 9,Huai Khwang District,Restaurant,yes,Medium,3,English,website in English,https://line.me/ti/p/C-1GvTdSAB,,openstreetmap,1,,"ศุภาลัย เวอเรนด้า พระราม 9, 333 ถนน พระราม 9",10310,overture (meta),overture:454e068e-b78e-43c9-84fe-eb8cd380027b
sombatbarofficial@gmail.com,สมบัติบาร์ Sombat Bar,สมบัติบาร์ Sombat Bar,Huai Khwang District,Bar,yes,Medium,3,English,website in English,http://www.mestylemuseum.com/,mkt.mestyle@gmail.com,openstreetmap,1,+6626908899,99 Soi Pracha Rat Bamphen 18,10310,overture (meta),overture:b47fc854-8a83-4ca9-8355-f493635577b9
info@nathong.com,สวนอาหารนาทอง,สวนอาหารนาทอง,Huai Khwang District,Restaurant,yes,Medium,3,English,website in English,http://www.nathong.com,,openstreetmap,1,+35826910641,569/1 ถนน ประชาอุทิศ,10310,overture (meta),overture:cb9cd38d-d628-4eef-9384-c6db08fa27d7
suparat20000@gmail.com,ห่านท่าดินแดง ฉั่วคิมหลี Hantadindang,ห่านท่าดินแดง ฉั่วคิมหลี Hantadindang,Huai Khwang District,Asian; Thai,yes,Medium,3,English,website in English,http://www.hantadindang.com/,,openstreetmap,1,+66972288013,1783/17 ซอย ลาดพร้าว 35/1,10310,overture (meta),overture:b92a46b0-57b5-4719-9151-fd3c31399203
glasshousebangkok@gmail.com,เขียง รัชดา ซ.4,เขียง รัชดา ซ.4,Huai Khwang District,Takeaway,yes,Medium,3,English,website in English,http://www.chatanyong.com/,,openstreetmap,1,+66895767039,,,overture (meta),overture:d0dd1424-ebf3-42bd-8ad6-557895868aa8
iamtom2529@gmail.com,เทรเชอร์ บีฟ ชาบู Food & Beverages,เทรเชอร์ บีฟ ชาบู Food & Beverages,Huai Khwang District,Restaurant,yes,Medium,3,English,website in English,http://m.me/TreasureBeefShabuTH,,openstreetmap,1,+66989052837,4 ซอย ศูนย์วิจัย,10310,overture (meta),overture:c46a6a27-6d61-49ad-afd9-d86766193410
doinumsub48@gmail.com,โรงเรียนสอนนวดแผนไทยและการประคบสมุนไพรดอยน้ำซับ,โรงเรียนสอนนวดแผนไทยและการประคบสมุนไพรดอยน้ำซับ,Huai Khwang District,Asian; Thai,yes,Medium,3,English,website in English,http://www.doinumsub.com/,,openstreetmap,1,+62958205378,509 ลาดพร้าว 48 แยก 1,10310,overture (meta),overture:1af0aea5-f5f2-4dcc-aeef-6816cd438d74
taithuntuek.bar@gmail.com,ใต้ถุนตึก - Tai Thun Tuek Bar and Restaurant,ใต้ถุนตึก - Tai Thun Tuek Bar and Restaurant,Huai Khwang District,Restaurant,yes,Medium,3,English,website in English,https://lin.ee/4f4pCvH,,openstreetmap,1,+66840240909,อาคารยูนิลีเวอร์ ชั้น B (ชั้นใต้ดิน) เลขที่ 161 ห้อง B1-B2,10310,overture (meta),overture:fce85fb3-9588-4803-8cba-3c194e463764
payang721@gmail.com,小姐姐餐馆,,Huai Khwang District,Asian; Chinese,yes,Medium,3,Bilingual,website has English; English/Latin-script name,https://food.grab.com/th/th/restaurant/xiao-jie-jie,,openstreetmap,1,+66624979881,566 ถนน ประชาอุทิศ,10310,overture (meta),overture:d512f758-a975-4e14-9c73-504c6aac5116
mamapook.n@gmail.com,Mama Pook Noodles ก๋วยเตี๋ยวคอหมูย่าง,Mama Pook Noodles ก๋วยเตี๋ยวคอหมูย่าง,Huai Khwang District,Asian; Thai,no,Medium,2,Bilingual,website has English,https://www.openlink.co/mamapook,,openstreetmap,1,+66957658878,"Thonglor pet hospital, 80 Rama IX Rd",10310,overture (meta),overture:034dea53-d5a8-4a20-a790-45b6abb66019
chonamy@yahoo.com,Sam Gyup Sal Korean BBQ Buffet ซัม กยอบ ซัล ห้วยขวาง 삼겹살 훼이쾅,Sam Gyup Sal Korean BBQ Buffet ซัม กยอบ ซัล ห้วยขวาง 삼겹살 훼이쾅,Huai Khwang District,Asian; BBQ; Korean,no,Medium,2,,Western food (BBQ),,,openstreetmap,1,+66639763132,410/115 รัชดาภิเษก 22,10310,overture (meta),overture:5370524d-cd04-41f3-b924-c777fbb3cde5
kants123@gmail.com,Yoktalay & BBQ House - ยกทะเลขึ้นบก & BBQ House,Yoktalay & BBQ House - ยกทะเลขึ้นบก & BBQ House,Huai Khwang District,BBQ; Seafood,no,Medium,2,,Western food (BBQ),,,openstreetmap,2,+66909949179,Pracha-Uthit 8 Huaykwang,10310,overture (meta),overture:2a1831c8-4b75-4b45-9bfe-48f89daa7f5c
aoffy.jenwit.moengsawang@gmail.com,บาร์โฮส กรุงเทพ,บาร์โฮส กรุงเทพ,Huai Khwang District,Pub,no,Medium,2,,Western food (Pub),,,openstreetmap,1,+66803565923,6 ถนน เทียมร่วมมิตร,10310,overture (meta),overture:708ac6ca-c41a-45eb-9812-b5da78acbdc1
mixer.akay@gmail.com,บ้านอุดมสุข สเต็กเฮ้าส์,บ้านอุดมสุข สเต็กเฮ้าส์,Huai Khwang District,Pizza,no,Medium,2,,Western food (Pizza),,,openstreetmap,1,+66959329424,22 ท้ายซอยหมู่บ้านเสรีวิลล่า,10250,overture (meta),overture:e3bd5d3d-4f69-4e82-8682-78f45fcd9ff7
panchulee16@gmail.com,ป้าละมุด อาหารตามสั่ง & สเต็ก,ป้าละมุด อาหารตามสั่ง & สเต็ก,Huai Khwang District,Steak,no,Medium,2,,Western food (Steak),,,openstreetmap,1,+66918495498,,,overture (meta),overture:c8502db3-6275-475e-b339-309ca4b084fa
mimee.global@gmail.com,มิหมี่เวิลด์,มิหมี่เวิลด์,Huai Khwang District,Asian,no,Medium,2,Bilingual,website has English,http://www.mimeeworld.com/,,venue website,1,+66808684974,771/6 Pracha Rat Bamphen Rd,10310,overture (meta),overture:60ca8d7d-39e6-4be6-8046-4d9dff66dd63
goodspace1@gmail.com,รัชชดา,รัชชดา,Huai Khwang District,Pub,no,Medium,2,Local,Western food (Pub),http://www.4goodhome.com/,meng@4goodhome.com,venue website,1,,Thanon Rama Ix,10310,overture (meta),overture:965774a2-e586-46af-923b-72450c812db0
manona2014@outlook.co.th,ร้านคุณ ภัฐหมูกะทะ,ร้านคุณ ภัฐหมูกะทะ,Huai Khwang District,BBQ,no,Medium,2,,Western food (BBQ),,,openstreetmap,1,+66933628995,16 ซอย 20 มิถุนา,10310,overture (meta),overture:b24b0211-cc58-4b1e-8da5-9aba7df92bcf
info@scgexpress.co.th,ร้านคุณน้ำมนท์1998,ร้านคุณน้ำมนท์1998,Huai Khwang District,Restaurant,no,Medium,2,Bilingual,website has English,http://www.scgexpress.co.th/,johndoe@gmail.com,venue website,1,+66656041199,679/4 ลาดพร้าว 48,10310,overture (meta),overture:4fe5e50c-3047-4619-b577-9c15fe3282a0
kwantyee@gmail.com,หมูปิ้ง โกชัย,หมูปิ้ง โกชัย,Huai Khwang District,BBQ,no,Medium,2,,Western food (BBQ),,,openstreetmap,1,+66897727722,40 ถนน จตุรทิศ,10310,overture (meta),overture:5f32c04b-945b-4282-8fb7-8a3ec2d0de13
nantikan1604@gmail.com,โคริยะหมูกะทะ,โคริยะหมูกะทะ,Huai Khwang District,BBQ,no,Medium,2,,Western food (BBQ),,,openstreetmap,1,+66902395642,1699 9 Phetchaburi Rd,10310,overture (meta),overture:475d87a1-7095-4c93-8d58-b42b1cb7954d
jiraporn_r@inkman.co.th,โฟโต้เค้ก photo cake จำหน่ายน้ำหมึกกินได้ แผ่นน้ำตาล พิมพ์ลงหน้าเค้ก,โฟโต้เค้ก photo cake จำหน่ายน้ำหมึกกินได้ แผ่นน้ำตาล พิมพ์ลงหน้าเค้ก,Huai Khwang District,Bakery,no,Medium,2,Bilingual,website has English,http://www.microinkfortune.com/,,openstreetmap,1,+66959549504,"ฟอร์จูน ทาวน์, 7 ถนน รัชดาภิเษก",10400,overture (meta),overture:23cb664e-8eb0-4ff9-a559-86fdc822e7d6
106coffeemaker@gmail.com,106 Coffee Maker,,Huai Khwang District,Cafe,no,Low,1,,English/Latin-script name,,,openstreetmap,1,+66902389635,Sutthisan Winitchai Rd,10310,overture (meta),overture:3fddd035-563c-4a6a-a88b-fc51a0041386
168yummyseafood@gmail.com,168YummySeafood,,Huai Khwang District,Seafood,no,Low,1,,English/Latin-script name,,,openstreetmap,1,+66943404777,Jodd Fair Rama IX,,overture (meta),overture:6a25a537-1a05-4d6b-97d0-6c074b0a56d8
ha9g9-fb@accor.com,212 Rooftop Bar,,Huai Khwang District,Bar,no,Low,1,,English/Latin-script name,,,openstreetmap,1,+6628208888,212 Ratchadaphisek Rd,10310,overture (meta),overture:fcb9acc5-ab47-4feb-ba8a-879002a8ddbe
mama.tankhun@gmail.com,302MokaHouse By CakeHouse,,Huai Khwang District,Bakery,no,Low,1,,English/Latin-script name,,,openstreetmap,1,+66955492946,302 Pracha Rat Bamphen 7 Alley,10310,overture (meta),overture:e1f0ca37-2e44-4d48-bbb1-792b81759367
shibamilktearca@gmail.com,7 see cafe&milk tea,,Huai Khwang District,Cafe,no,Low,1,,English/Latin-script name,,,openstreetmap,1,+66956949878,21/60 RCA Alley,10310,overture (meta),overture:dca9dad0-ddca-405a-a080-32b09b645069
rca.88internetcafe@gmail.com,88 Internet Café,,Huai Khwang District,Cafe,no,Low,1,,English/Latin-script name,,,openstreetmap,1,+6621610700,23 อาคารจี โครงการรอยัลซิตี้อเวนิว 97-98 RCA Alley,10310,overture (meta),overture:688963d4-f6f8-4800-abbc-db7c8edb78e4
eveiris99.w@gmail.com,Amorvida,,Huai Khwang District,Restaurant,no,Low,1,,English/Latin-script name,,,openstreetmap,1,+66818452938,The Corridor @ The Belle Avenue,10310,overture (meta),overture:35393262-2875-463b-81be-5015bd50462f
puii.nutsuda@gmail.com,Amtea Ratchadapisek22,,Huai Khwang District,Restaurant,no,Low,1,,English/Latin-script name,,,openstreetmap,1,+66986565210,22 ถนน รัชดาภิเษก,10310,overture (meta),overture:9e759633-2155-4a0e-ab2d-6015bb2485e4
anisushi.phacharat@gmail.com,Ani Su Shi Phacharatbumpen 10,,Huai Khwang District,Asian; Japanese,no,Low,1,,English/Latin-script name,,,openstreetmap,1,+66806490946,,,overture (meta),overture:80b8c2d5-7e56-4ee7-9718-f20c4fad1d53
a.anonymouslab@gmail.com,Anonymous Coffee,,Huai Khwang District,Cafe,no,Low,1,,English/Latin-script name,,,openstreetmap,1,+66611195665,149 ถนน ริมทางรถไฟสายแปดริ้ว,10310,overture (meta),overture:0846f1f6-732d-4762-93b2-65a26e107923
apbosmoothies@gmail.com,APBO Smoothies,,Huai Khwang District,Restaurant,no,Low,1,,English/Latin-script name,,,openstreetmap,1,+66818467555,shinawatra tower III,10900,overture (meta),overture:e278c42f-9758-405e-99dc-210ca089b053
cafeadmin@vegagroup.company,Apéro,,Huai Khwang District,Cafe,no,Low,1,,English/Latin-script name,,,openstreetmap,1,+66657297992,4 ซอย ศูนย์วิจัย,10310,overture (meta),overture:58274fa5-6713-43fe-ac9f-18b28af41d44
nola.pong@gmail.com,Baan Khao Hom,,Huai Khwang District,Asian; Thai,no,Low,1,,English/Latin-script name,,,openstreetmap,1,+6622742656,63/1-2 ถนนประชาราษฎร์บำเพ็ญ แขวงสามเสนนอก เขตหยขวาง,10320,overture (meta),overture:28bb6cfa-b4b5-4806-9826-3ffbec7056ed
rcababylon@outlook.com,Babylon Club RCA,,Huai Khwang District,Bar,no,Low,1,,English/Latin-script name,,,openstreetmap,1,+66964075833,"29/60 RCA Alley, Bang Kapi, Huai Khwang, Bangkok 10310",,overture (meta),overture:562e234f-436f-48c8-8960-ff09ca326976
ogwsunria.bkk@gmail.com,Bali Beach Cafe and Restaurant,,Huai Khwang District,Cafe,no,Low,1,,English/Latin-script name,,,openstreetmap,1,+66929989268,203 2 Pracha Uthit Rd,10310,overture (meta),overture:31962fe4-385d-42cf-95a2-da272e278469
yamyeeyam@gmail.com,BanJanram_bar,,Huai Khwang District,Restaurant,no,Low,1,,English/Latin-script name,,,openstreetmap,1,+66833571314,1 ซอย ศูนย์วิจัย,10310,overture (meta),overture:8417d4d6-7daa-4d53-80bb-b442075e7352
baseoncloudcafe@gmail.com,Base on Cloud Cafe,,Huai Khwang District,Cafe,no,Low,1,,English/Latin-script name,,,openstreetmap,1,+6620040370,36 Prapha Siri Alley,10310,overture (meta),overture:9902cc0c-07d8-441e-a37e-de2a3336cf55
malathegrill@gmail.com,Best Bear Cafe' at Jodd Fairs,,Huai Khwang District,Asian; Thai,no,Low,1,,English/Latin-script name,,,openstreetmap,2,+66819804071,Jodd Fairs,10310,overture (meta),overture:6f70a7d1-1fb5-4e58-ac9e-cc8dd164d2d0
bigbowl8899@gmail.com,Bigbowl ChineseFood,,Huai Khwang District,Chinese,no,Low,1,,English/Latin-script name,,,openstreetmap,1,+66932291186,04 ถนน พระราม 9,10310,overture (meta),overture:c34fbb79-5856-43a2-8b48-8f9c61bd444c
nokbb@hotmail.com,Bird and Barn Cafe,,Huai Khwang District,Cafe,no,Low,1,,English/Latin-script name,,,openstreetmap,1,+66829279168,129 Soi Lat Phrao 41,10900,overture (meta),overture:e0460fa7-3cd3-4458-a152-09522555d82a
koi.supasasi@gmail.com,Bitter Sweet Bakery and Coffee,,Huai Khwang District,Bakery,no,Low,1,,English/Latin-script name,,,openstreetmap,1,+66945658823,"486, Soi Ratchadanivej 12, Pracha Uthit Road, Samsennok, Khet Huay Kwang, Bangkok, 10320",10140,overture (meta),overture:63420803-6052-495a-b1d4-ba2d0cf960d9
chawannat@hotmail.com,Black Panther,,Huai Khwang District,Restaurant,no,Low,1,,English/Latin-script name,,,openstreetmap,1,+66947811565,298/4 Thiam Ruam Mit Rd,10310,overture (meta),overture:4dfa22ac-4307-4d6a-b321-f149b3d6a976
blackieeasyspace@hotmail.com,Blackie Easy Space,,Huai Khwang District,Cafe,no,Low,1,,English/Latin-script name,,,openstreetmap,1,+66987977087,92 Soi Rong Phayaban Phra Ram 9,10310,overture (meta),overture:2fbe83ae-3f26-4de0-a2e2-a2b9dedf8ae8
browniepumpui@gmail.com,Brewer's Hub Cafe,,Huai Khwang District,Cafe,no,Low,1,,English/Latin-script name,"https://www.google.co.th/maps/place/Brewer's+Hub+x+Mesa's+Recipe/@13.7785483,100.576081,15z/data=!4m2!3m1!1s0x0:0xe3df0ed1984e4f59?sa=X&ved=2ahUKEwjQqr_psezvAhWIzTgGHWUlCPYQ_BIwE3oECCEQBQ",,openstreetmap,1,+66815833828,"74/7 Pracharajbumpen Rd. Huay Khwang,",10310,overture (meta),overture:b8cc5cce-2b9e-4d63-be5d-5532f03abcdc
brigth89.bangkok@gmail.com,Bright89RCA,,Huai Khwang District,Bar,no,Low,1,,English/Latin-script name,,,openstreetmap,1,+66816624249,"21, 97 RCA Alley",10310,overture (meta),overture:1e8b8b24-c501-49f8-9891-b947b1727e7c
restaurant@pda.or.th,Cabbages & Condoms,,Huai Khwang District,Cafe,no,Low,1,,English/Latin-script name,http://cabbagesandcondomsbkk.com/,,openstreetmap,2,+66822195082,302 ถนนรัชดาภิเษก,,openstreetmap,https://www.openstreetmap.org/node/10789487793
caffeine.sutthisan@gmail.com,Caffeine Cafe and Roaster - Sutthisan,,Huai Khwang District,Cafe,no,Low,1,,English/Latin-script name,,,openstreetmap,1,+66944066994,302 ซอย 1,10310,overture (meta),overture:3c6f83f9-e7a5-4f04-a463-b80ee644faff
wb_waxberry@hotmail.com,Car'fe Garden,,Huai Khwang District,Restaurant,no,Low,1,,English/Latin-script name,,,openstreetmap,1,+66622949656,999 240 Pracha Uthit Rd,10310,overture (meta),overture:ffe1235b-6750-47ea-9b05-6b769e445821
malatangratchada@gmail.com,CFM Recruitment Thailand,,Huai Khwang District,Restaurant,no,Low,1,,English/Latin-script name,,,openstreetmap,1,+66935364659,"Ratchadaphisek Rd, Huai Khwang",10310,overture (meta),overture:e7e0dece-ecef-41a6-b19e-41a43d6fc0c5
chairaibar@gmail.com,Chairai Bar,,Huai Khwang District,Restaurant,no,Low,1,,English/Latin-script name,,,openstreetmap,1,+66839801168,Chairai Bar,10310,overture (meta),overture:5f114291-38a6-4b1d-bf56-5d859d9781e1
munggornkim@gmail.com,Chef Kim,,Huai Khwang District,Restaurant,no,Low,1,,English/Latin-script name,,,openstreetmap,1,+66864118544,80 Thanon Phet Phra Ram,10310,overture (meta),overture:aa53b6e8-702e-4b2d-b849-3b22d5cc8561
tonhom24@hotmail.com,Cheng Xiang,,Huai Khwang District,Asian; Chinese,no,Low,1,,English/Latin-script name,,,openstreetmap,1,02 020 2712,Central Rama 9,10310,overture (Foursquare),overture:8460e61e-0eae-4645-b825-2c564aa93f02
cherplapao3@gmail.com,CHER 9Yards Night Market,,Huai Khwang District,Restaurant,no,Low,1,,English/Latin-script name,,,openstreetmap,1,+66944981959,จตุรทิศ,10310,overture (meta),overture:57a58706-64a6-4f98-8306-e32af137a99c
bangkok.brewery@gmail.com,Chill Chill Restaurant,,Huai Khwang District,Restaurant,no,Low,1,,English/Latin-script name,,,openstreetmap,1,+6622744187,327 Pracha Uthit Rd,10310,overture (meta),overture:c41442f6-9d3d-450e-87c7-e2ecc7659495
littlepikachu.th@gmail.com,"Chu Shu, Jodd Fiars Rama 9",,Huai Khwang District,Cafe,no,Low,1,,English/Latin-script name,,,openstreetmap,1,,ถนนพระราม 9 แขวงห้วยขวาง เขตห้วยขวาง,10310,overture (meta),overture:5145bd73-7bd3-4d48-98b2-e19438632708
cotreescafe@gmail.com,Co Coffee,,Huai Khwang District,Cafe,no,Low,1,,English/Latin-script name,,,openstreetmap,1,+66821429951,312 Thiam Ruam Mit Rd,10310,overture (meta),overture:4dfd7102-81c8-49f4-baae-205facdd078a
cococustard@hotmail.com,CoCo Fresh Tea & Juice,,Huai Khwang District,Restaurant,no,Low,1,,English/Latin-script name,http://www.coco-tea.com,,openstreetmap,1,+6626911636,"3 floor , 9 Thanon Rama 9",10310,overture (meta),overture:cd416ab7-8adc-4bd5-a1ec-59c1491a71f1
cocoa3timessutthisan@gmail.com,Cocoa Three Times Sutthisan,,Huai Khwang District,Cafe,no,Low,1,,English/Latin-script name,,,openstreetmap,1,+66619905626,ไม่มีหน้าร้าน ที่ดิลิเวอรี่ และพรีออเดอร์ 23/78 สั่งทางไลน์เท่านั้นไม่มีหน้าร้าน Cocoa three times sutthisan (ดินแดง_,10400,overture (meta),overture:78933da0-aa63-4be1-801e-fdee79b6ffae
coffeestation.jaktujak@gmail.com,Coffee Station,,Huai Khwang District,Cafe,no,Low,1,,English/Latin-script name,,,openstreetmap,1,+66617053377,1372 Hatsadi Sewi Alley,10310,overture (meta),overture:8a66caf4-6ec5-412b-abae-a69231901342
ohtoyscafecafe@gmail.com,Come Phi Set - Coffee and Rice Bowl,,Huai Khwang District,Cafe,no,Low,1,,English/Latin-script name,,,openstreetmap,1,+66989514259,ลาดพร้าว-วังหิน,10230,overture (meta),overture:465ef618-bb26-4412-9987-d01cee32fc83
info@coppercrown.co.th,Copper Crown,,Huai Khwang District,Cafe,no,Low,1,,English/Latin-script name,http://www.coppercrown.co.th/,,openstreetmap,1,+6626646060,300 Thanon Asok - Din Daeng,10310,overture (meta),overture:ffd2e8e2-f007-4e9a-8827-0b50fad86fa8
daldalkor@gmail.com,Dal Dal Korean Restaurant,,Huai Khwang District,Asian; Korean,no,Low,1,,English/Latin-script name,,,openstreetmap,1,+6621698213,เลขที่9​ อาคารจี​ ทาวเวอร์​ ชั้นจี​ ถนนพระราม9​,10310,overture (meta),overture:342d93b4-df97-4190-98fa-5cd86d92a2c3
thun.dioxide@gmail.com,Dioxide Draft & Dine,,Huai Khwang District,Restaurant,no,Low,1,,English/Latin-script name,,,openstreetmap,1,+66819352568,54 รัชดาภิเษก 18,10310,overture (meta),overture:7939419a-c517-4d09-892a-4f5004888ae3
durianfamilybywj@gmail.com,DurianFamily Cafe' by WJ - 榴莲家族,,Huai Khwang District,Cafe,no,Low,1,,English/Latin-script name,,,openstreetmap,1,+66966515228,84 86 Pracha Rat Bamphen Rd,10310,overture (meta),overture:af91d6e5-bf96-4427-ae96-1f091167056b
eatgoodisgood@gmail.com,EAT Cafe and Bar,,Huai Khwang District,Restaurant,no,Low,1,,English/Latin-script name,,,openstreetmap,1,+6623542287,"Hi Kwhang, 161 Rama IX Rd",10310,overture (meta),overture:79df5022-ee11-4952-81da-c99200dda4e0
fatbellyandfriends@gmail.com,Fat Belly & Friends,,Huai Khwang District,Restaurant,no,Low,1,,English/Latin-script name,,,openstreetmap,1,+66989195224,"543 Ratchada Niwet Alley, Lane 9",10310,overture (meta),overture:17eaa348-b167-47e8-9dc0-f53e45ec8635
fikaandco@gmail.com,Fika & Co. Cafe,,Huai Khwang District,Cafe,no,Low,1,,English/Latin-script name,,,openstreetmap,1,+66618683628,"Singha Complex 1nd floor, 1788",10310,overture (meta),overture:1705690e-9b13-4e60-9f0f-90892e9e88eb
fikafikacafe.th@gmail.com,Fika Fika Café,,Huai Khwang District,Cafe,no,Low,1,,English/Latin-script name,,,openstreetmap,1,+66854444644,"คอนโด ทรัพย์แก้ว ทาวเวอร์, Subkaew Tower 448/414 Floor 1, 448 Pracha Uthit Rd",10310,overture (meta),overture:a5613b92-eac1-4651-aaf8-21d731c378c8
flowever.bkk@gmail.com,FlowEver Cafe and Wine,,Huai Khwang District,Cafe,no,Low,1,,English/Latin-script name,,,openstreetmap,1,+66967875989,199 27 Rama IX Rd,10310,overture (meta),overture:e44482ff-30bf-40a9-85f9-c07b9075ae5e
mbmusicbox.restaurant@gmail.com,Food Square,,Huai Khwang District,Restaurant,no,Low,1,,English/Latin-script name,,,openstreetmap,1,+66656690607,288/9,10310,overture (meta),overture:3c257233-a8ec-4cd9-9e71-b50b187dc16b
aboutamacin@gmail.com,Forest Craft,,Huai Khwang District,Restaurant,no,Low,1,,English/Latin-script name,,,openstreetmap,1,+66801942242,ประชาสงเคราะห์,10310,overture (meta),overture:c51965c0-facc-4b37-b9b7-6b04b36e2b68
reservations.bangkok@swissotel.com,Fountain Cafe,,Huai Khwang District,Restaurant,no,Low,1,,English/Latin-script name,http://www.swissotel.com/swissotelhotelsresorts,,openstreetmap,1,02 694 2222,Swissôtel Le Concorde Bangkok,10310,overture (Foursquare),overture:2ae30907-0c23-4621-ac73-48bea9f65885
fuel.coffeebarandcafe@gmail.com,Fuel Coffee Bar and Cafe - Specialty Coffee,,Huai Khwang District,Restaurant,no,Low,1,,English/Latin-script name,,,openstreetmap,1,+66924425658,828 ถนน ลาดพร้าว,10310,overture (meta),overture:34785a8a-9426-4ed9-a2ce-ae51327e97df
fukuinsky@gmail.com,FUKU In Sky,,Huai Khwang District,Asian; Japanese,no,Low,1,,English/Latin-script name,,,openstreetmap,1,+66969184065,16th Floor Thonburi Plaza,10160,overture (meta),overture:9c796c7c-e2a0-47e2-8f79-a19c880df272
futurecafe.82@gmail.com,Future Cafe and Restaurant,,Huai Khwang District,Cafe,no,Low,1,,English/Latin-script name,,,openstreetmap,1,+66647144729,,,openstreetmap,https://www.openstreetmap.org/node/6142506085
glasshouse789@gmail.com,Glass House Cannabis,,Huai Khwang District,Bar,no,Low,1,,English/Latin-script name,,,openstreetmap,1,+66959457576,Ratchadaphisek Rd,10310,overture (meta),overture:6dfcb0d9-9950-46d9-911e-6e7cd6ad4263
goodduckpedyang@gmail.com,Good DucK Pedyang,,Huai Khwang District,Restaurant,no,Low,1,Local,English/Latin-script name,https://static.robinhood.in.th/app_link.html?URI=robinhoodth%3A%2F%2Fmerchantlanding%2Fid%2F182557,,openstreetmap,1,+66943838654,100 ถนน สุทธิสารวินิจฉัย,10310,overture (meta),overture:4fea44a6-1ef7-451e-9f11-cc916b5c2358
admin@vegagroup.company,Graze BKK,,Huai Khwang District,Restaurant,no,Low,1,,English/Latin-script name,,,openstreetmap,1,+66800051926,4 Soi Phetchaburi 47,10310,overture (meta),overture:43449eca-ecfe-4b80-9afe-1d2474f8710f
guztodelight@gmail.com,GUSTO Cafe',,Huai Khwang District,Cafe,no,Low,1,,English/Latin-script name,,,openstreetmap,1,+66842699554,"U-Place Uniliver, G Floor",,overture (meta),overture:f1454c3e-a729-49d4-b85b-8908fcd6d98f
happinestmakeyourday@gmail.com,HappiNest,,Huai Khwang District,Asian; Thai,no,Low,1,,English/Latin-script name,,,openstreetmap,1,+66843544990,"19/2 Soi Soonvijai, New Petchaburi Road Huaykwang",10310,overture (meta),overture:9519db32-7e34-4c76-96a6-1bc9a299332d
rajender44@gmail.com,Hasan Biriyani Halal Indian Food,,Huai Khwang District,Halal; Indian,no,Low,1,,English/Latin-script name,,,openstreetmap,1,+66986202219,47 Soi Phetchaburi 47,10310,overture (meta),overture:35df6ec8-7086-4f9f-b1a5-a6ec4059c5ca
hawonthailand@gmail.com,Hawon,,Huai Khwang District,Asian; Korean,no,Low,1,,English/Latin-script name,,,openstreetmap,1,+66924343838,ประชาอุทิศ 24,,openstreetmap,https://www.openstreetmap.org/way/1248162681
healinghub.th@gmail.com,Healing Hub BKK,,Huai Khwang District,Cafe,no,Low,1,,English/Latin-script name,,,openstreetmap,1,+66842277717,"Rhythm Ratchada 218/541 Rhythm รัชดา-ห้วยขวาง, 218 Ratchadaphisek Rd",10310,overture (meta),overture:7e572719-5b33-40f9-8e38-4b7efb57a897
helloyolobkk@gmail.com,Hello YOLO,,Huai Khwang District,Restaurant,no,Low,1,,English/Latin-script name,,,openstreetmap,1,+66926691416,54 ประชาอุทิศ 23,10310,overture (meta),overture:6ceeb0d4-5102-4437-ab3b-3e48a9d90292
henghengjrk@gmail.com,Heng Heng Shrimp Fishing,,Huai Khwang District,Seafood,no,Low,1,,English/Latin-script name,,,openstreetmap,1,+66631078226,579 1 Pracha Uthit Rd,10310,overture (meta),overture:7ff2fd51-180d-411e-9cce-2e28bd7883c5
holmes.bangkok@gmail.com,Holmes,,Huai Khwang District,Cafe,no,Low,1,,English/Latin-script name,,,openstreetmap,1,+66888990669,"22 Phetchaburi 47 Alley, Lane 2",10310,overture (meta),overture:84a17b99-209d-464d-90ec-3676e24664ac
cltcorperation@gmail.com,Hong Herbs Cafe (HHC),,Huai Khwang District,Cafe,no,Low,1,,English/Latin-script name,,,openstreetmap,1,+66646454595,175 Pramuan Suk Alley,10310,overture (meta),overture:963ff674-fb4d-4185-9d42-f40bd9c10599
hoteirama9@gmail.com,Hotei Japanese Restaurant,,Huai Khwang District,Asian; Japanese; Sushi,no,Low,1,,English/Latin-script name,,,openstreetmap,1,+6622031555,ทีซีกรีน พระรามเก้า (TC Green rama9),10310,overture (meta),overture:b6fd8e08-bc90-4869-9fba-49184c4c9cc2
noinoy5355@gmail.com,I SEA FOOD,,Huai Khwang District,Asian; Thai,no,Low,1,,English/Latin-script name,,,openstreetmap,1,+66846405355,ถนนประเสริฐมนูกิจ,10230,overture (meta),overture:e59ee8d5-0b71-4f09-94e3-09e288ae297d
isnackboxthailand@gmail.com,I-healthy: health lover cafe,,Huai Khwang District,Cafe,no,Low,1,Local,English/Latin-script name,https://beautyhealthyhair.weebly.com/,,openstreetmap,1,+66652522254,26 ถนน ประชาราษฎร์บําเพ็ญ,10310,overture (meta),overture:92bcb61b-2d3d-4e98-8cfa-951d5fa2d91b
idolksurgery@gmail.com,Idol Korean Surgery,,Huai Khwang District,Asian; Korean,no,Low,1,Local,English/Latin-script name,https://www.oppame.com/post/idol-korean-surgery,,openstreetmap,1,+6624302763,"G Tower Rama 9, Huai Khwang Subdistrict, Huay Khwang District",10310,overture (meta),overture:90dd1cef-1d8e-4b37-b89f-35f1f04f1b7d
ama_gim@hotmail.com,In The Battle Board Game Cafe,,Huai Khwang District,Restaurant,no,Low,1,,English/Latin-script name,,,openstreetmap,1,+66637593133,428 Ratchada Niwet Road,10310,overture (meta),overture:53bf9dd2-890e-4bcf-811e-96cda55970e2
innlayahmataya@gmail.com,Inle Amhattaya Bangkok အင်းလေးအမှတ်တရ,,Huai Khwang District,Asian,no,Low,1,,English/Latin-script name,,,openstreetmap,1,+66990400857,"4, 5 Pracha Rat Bamphen 11 Alley",10310,overture (meta),overture:084d42de-877b-4b80-a1c8-c3fa990be2a5
mite_rat@hotmail.com,JK cafe' & minimart,,Huai Khwang District,Cafe,no,Low,1,,English/Latin-script name,,,openstreetmap,1,+66971932148,Ladphrow,10130,overture (meta),overture:9995604e-1189-4f3c-88fc-deab04ec74fc
jomalynecafeandhome@hotmail.com,Jomalyne Cafe&Home,,Huai Khwang District,Cafe,no,Low,1,,English/Latin-script name,,,openstreetmap,1,+66973264956,50 Soi Lat Phrao 34,10310,overture (meta),overture:c9b74eb5-2a73-4dc2-9e77-dd5230d3f5d8
joyluckentertainment.ad@gmail.com,Joyluck,,Huai Khwang District,Restaurant,no,Low,1,,English/Latin-script name,,,openstreetmap,1,+66982460509,Rca Plaza,10310,overture (meta),overture:528f6ba8-05fb-4151-bb3f-2d0fc69e5956
hohotang181@gmail.com,Ju Yuan Tang,,Huai Khwang District,Asian; Chinese,no,Low,1,,English/Latin-script name,,,openstreetmap,1,+66624851810,307 Pracha Rat Bamphen Rd,10310,overture (meta),overture:be51961c-437e-4e93-9ead-4fdb5dca9a53
gindeedaily@gmail.com,KA-JIB.MokaPot,,Huai Khwang District,Restaurant,no,Low,1,,English/Latin-script name,,,openstreetmap,1,+66939488544,KA-JIB.MokaPot,10310,overture (meta),overture:43832684-ae98-401e-b5c1-9a1f182173c9
pramongnakarin@gmail.com,Kafedum Huai Khwang,,Huai Khwang District,Cafe,no,Low,1,,English/Latin-script name,,,openstreetmap,1,+66815252546,37 ประชาราษฎร์บําเพ็ญ 9,10310,overture (meta),overture:92cd0103-bcd6-4d4d-b037-849e6f2a7d98
kafeology.roaster@gmail.com,Kafeology,,Huai Khwang District,Cafe,no,Low,1,,English/Latin-script name,,,openstreetmap,1,+66979195714,6 ถนน พระราม 9,10310,overture (meta),overture:99756080-611c-4325-9e48-305389ebc437
kamkinsuk@gmail.com,Kamkinsuk,,Huai Khwang District,Asian; Thai,no,Low,1,,English/Latin-script name,,,openstreetmap,1,+66971964029,"2469, 7 ถนน เพชรบุรีตัดใหม่",10310,overture (meta),overture:fd0622b4-d7a0-4530-a7c1-374b8b4d2269
ktcoffeebkk@yahoo.com,Kang Tent Coffee,,Huai Khwang District,Cafe,no,Low,1,,English/Latin-script name,,,openstreetmap,1,+66970989348,"33, Siam Condominium, 29 Rama IX Rd",10310,overture (meta),overture:72a06577-b290-47ea-b06d-8309cab3ab71
admin.marketing@kanom-cafe.com,Kanom,,Huai Khwang District,Restaurant,no,Low,1,Local,English/Latin-script name,http://kanom-cafe.com/,kanomcafe@outlook.com,openstreetmap,1,+6621603452,ห้องเลขที่ k1302 ชั้น B เลขที่ 9/9 Rama IX Rd,10320,overture (meta),overture:9441c550-1705-43c2-a5df-5818cc41ffc9
khaothalu.rm9@gmail.com,Khaothalu PhraramKao,,Huai Khwang District,Cafe,no,Low,1,,English/Latin-script name,,,openstreetmap,1,+66971848497,976/4 ซอย โรงพยาบาลพระราม 9,10310,overture (meta),overture:3754c12a-d0cd-459d-935d-c84a26907261
khomcoffeee@gmail.com,Khom coffee,,Huai Khwang District,Cafe,no,Low,1,,English/Latin-script name,,,openstreetmap,1,+66889328669,9 ซอย ศูนย์วิจัย 8,10310,overture (meta),overture:acb6271d-8356-4040-8c90-d91b9f3cb05d
kinzagyoza@gmail.com,Kinza Gyoza,,Huai Khwang District,Asian,no,Low,1,,English/Latin-script name,,,openstreetmap,1,+66919620888,16 Udom Suk Alley,10310,overture (meta),overture:8e32d5e4-7170-4de9-a049-4fad45de1dbf
klukhaus@gmail.com,Klukhaus,,Huai Khwang District,Bakery,no,Low,1,,English/Latin-script name,,,openstreetmap,1,+66623598922,"29 Phetchaburi 47 Alley, Lane 2",10310,overture (meta),overture:ad2d97d9-2ec3-4470-8f5b-710b83b39939
support@kokotel.com,KokoCafe Thonglor,,Huai Khwang District,Cafe,no,Low,1,,English/Latin-script name,,,openstreetmap,1,+6623144455,"2435 New Petchaburi Rd, Bang Kapi, Huai Khwang",10310,overture (meta),overture:4bbc3132-dab7-417d-8d1f-26cd376dfbc3
siamchie55@gmail.com,KruaSiam-Sathorn,,Huai Khwang District,Takeaway,no,Low,1,,English/Latin-script name,,,openstreetmap,2,+66974192592,2 ถนน นราธิวาสราชนครินทร์,10120,overture (meta),overture:5184521e-0e54-49b0-bd21-dce6ed9fc22c
kuangseafood@gmail.com,Kuang Seafood,,Huai Khwang District,Asian; Chinese; Seafood,no,Low,1,,English/Latin-script name,,,openstreetmap,1,+6626453939,166/1-6 ถนนรัชดาภิเษก,,openstreetmap,https://www.openstreetmap.org/node/4242717391
info@labaguettepattaya.com,La Baguette Emquartier,,Huai Khwang District,Restaurant,no,Low,1,Local,English/Latin-script name,http://www.labaguettepattaya.com/,,venue website,1,,,,overture (meta),overture:4064e95b-9cf0-4f06-975f-bd379d359bdf
aevios4996@hotmail.com,Lan-Lao,,Huai Khwang District,Restaurant,no,Low,1,,English/Latin-script name,,,openstreetmap,1,,670 ประชาราษฎร์บําเพ็ญ 26,10310,overture (meta),overture:b50c7dc2-47ec-4b7d-b65d-506851f47470
pinyapat.may.pt@gmail.com,Le Cafe,,Huai Khwang District,Cafe,no,Low,1,,English/Latin-script name,,,openstreetmap,1,+66830513118,541 105 Pracha Uthit Rd,10310,overture (meta),overture:4881353a-d49d-48da-8aa2-07d51699f68b
littlewoodrama9@gmail.com,Little Wood,,Huai Khwang District,Cafe,no,Low,1,,English/Latin-script name,,,openstreetmap,1,+66644146635,Rama IX Soi 15/1,10310,overture (meta),overture:33490ce9-9b90-47df-9117-223c892f34af
lonelydaybkk@gmail.com,Lonelydaybkk,,Huai Khwang District,Cafe,no,Low,1,,English/Latin-script name,,,openstreetmap,1,+66855655662,"The 9th Towers จุดรับประตู B, 33/4 Rama IX Rd",10310,overture (meta),overture:2ad0fac3-ef9b-41e5-b07b-ba3cc736c5cb
loongmalashowdc@gmail.com,Loong Mala,,Huai Khwang District,Asian; Chinese,no,Low,1,,English/Latin-script name,,,openstreetmap,1,+66960029999,"อาคาร ศูนย์การค้าโชว์ดีซี ห้อง AM101, 99 6-9",10120,overture (meta),overture:d5ca1b6c-4b17-4a60-815a-2b8ea88cbfb5
loveatfirstsipcafe@outlook.co.th,Love At First Sip Cafe,,Huai Khwang District,Cafe,no,Low,1,,English/Latin-script name,,,openstreetmap,1,+66944924493,598 คอนโดไอเฮาส์ 004 พระราม 9-เอกมัย,10310,overture (meta),overture:b726265e-15a2-4844-b7d8-4540a17f726f
l.thanxiya@gamail.com,Lt Fish Restaurant,,Huai Khwang District,Asian; Chinese; Seafood,no,Low,1,,English/Latin-script name,,,openstreetmap,1,+6620010304,"K708, 709 9/9/324/2 Thanon Rama 9",10400,overture (meta),overture:7de37a2e-6406-47d9-bdf6-562a316e8b28
made.my.day.49@gmail.com,Made My Day | Bangkok,,Huai Khwang District,Cafe,no,Low,1,,English/Latin-script name,,,openstreetmap,1,+6627147299,Soi Klang Racquet Club,10110,overture (meta),overture:01284edf-0e6d-4b2a-a9b0-815dc98b89ff
kuthida.kk@gmail.com,manaa”cafe,,Huai Khwang District,Cafe,no,Low,1,,English/Latin-script name,,,openstreetmap,1,+66612463992,59 ซอย สบายใจ,10310,overture (meta),overture:72e51cc4-d565-4810-9a9e-6a4f50ec77a8
tuyisan@gmail.com,Marumomo Ramen,,Huai Khwang District,Asian; Japanese,no,Low,1,,English/Latin-script name,,,openstreetmap,1,+66984791666,"Bldg 3rd floor, Bangkok Plaza, Soi Soonvijai 7, 47 Road, 2 ถนน เพชรบุรีตัดใหม่",10310,overture (meta),overture:ec8959f3-37a3-4a18-ad43-8f306086b26b
mayuree.matini@gmail.com,Matini Coffee,,Huai Khwang District,Cafe,no,Low,1,,English/Latin-script name,,,openstreetmap,1,+66639823514,Kamphaeng Phet 7 Rd,10310,overture (meta),overture:528101c5-4eb2-47c7-9996-ad0e8c1ddc40
themi6bar@gmail.com,MI6 Bar,,Huai Khwang District,Bar,no,Low,1,,English/Latin-script name,,,openstreetmap,1,+66952857573,1938 New Phetchaburi Road,10310,overture (meta),overture:d1ec5183-e5d6-474b-80b7-75cb7add3068
minutecoffee.anhour@gmail.com,Minute coffee by an hour,,Huai Khwang District,Cafe,no,Low,1,,English/Latin-script name,,,openstreetmap,1,+66646917989,"33/4 ชั้น G ตึก, G Tower Grand Rama 9, Rama IX Rd",10310,overture (meta),overture:7392ac15-5047-479c-b590-36b5ecedb679
moumayfoods@gmail.com,MouMay Foods,,Huai Khwang District,Restaurant,no,Low,1,,English/Latin-script name,,,openstreetmap,1,+66909866890,202 Ratchadaphisek Rd,10310,overture (meta),overture:9334efcc-9775-40f7-b47c-4c07f732848b
mr.foodrestaurant@gmail.com,Mr. Food,,Huai Khwang District,Restaurant,no,Low,1,,English/Latin-script name,,,openstreetmap,1,+66982735659,"Rama 9 Building, 276/7 TC Green Condominium B",10310,overture (meta),overture:24eb639d-e22d-4da6-8563-c39e4c3a3850
mymilecafe.rca@gmail.com,My'Mile Cafe,,Huai Khwang District,Cafe,no,Low,1,,English/Latin-script name,,,openstreetmap,1,+66855696635,21/127 RCA Alley,10310,overture (meta),overture:4475779e-3a96-4c8b-9570-5950ec3b9e33
nichacafe1@gmail.com,Nicha Cafe,,Huai Khwang District,Cafe,no,Low,1,,English/Latin-script name,,,openstreetmap,1,+66959566946,Rimklongladpraw,10310,overture (meta),overture:6823a7d4-004f-447d-acff-72f469e83ee5
nattawut46658@gmail.com,Nine Host,,Huai Khwang District,Bar,no,Low,1,,English/Latin-script name,https://line.me/ti/p/3TVYzSRjYo,,openstreetmap,1,+66955411839,1 Thanon Phet Phra Ram,10310,overture (meta),overture:a9e57e76-f670-4fa7-abb9-05ff50da48a5
sirapobkaela160987@gmail.com,NMK Rice Noodle,,Huai Khwang District,Asian; Chinese,no,Low,1,,English/Latin-script name,,,openstreetmap,1,+66855719158,Thiamruammit RoadTH Huai Khwang กรุงเทพมหานคร ร้านอาหารเส้นหมี่สด 11/3 ถนนเทียมร่วมมิตร แขวงห้วยขวาง เขต ห้วยขวาง กรุงเทพมหานคร,10310,overture (meta),overture:98f23b2d-7155-4616-bca9-b85567f73872
noma.bkkbar@gmail.com,NOMA BKK,,Huai Khwang District,Bar,no,Low,1,,English/Latin-script name,,,openstreetmap,1,+66622942299,"466 21 Phahonyotin Rd. Samsennai, Phayathai",10310,overture (meta),overture:49e0560f-c606-4b02-8b57-4fc7c5bc356a
info@teppenthailand.co.th,OMD by TEPPEN:g tower Branch,,Huai Khwang District,Restaurant,no,Low,1,,English/Latin-script name,https://teppenthailand.co.th/,,openstreetmap,3,+66806157412,33/4 ถนน พระราม 9,10310,overture (meta),overture:8fa202be-c33e-4002-addf-c553525d7e2c
11oneonekitchen@gmail.com,One One Kitchen,,Huai Khwang District,Restaurant,no,Low,1,,English/Latin-script name,,,openstreetmap,1,+66867788352,80 ถนน เพชรอุทัย,10310,overture (meta),overture:9b1405b1-e0d6-4dcc-9930-bafaa035eb3f
thailand@organogold.com,Organo Thailand & Laos,,Huai Khwang District,Restaurant,no,Low,1,,English/Latin-script name,http://www.organogold.com/,,openstreetmap,1,+6626941174,"เดลี่ สวิส, 204 ถนน รัชดาภิเษก",10310,overture (meta),overture:71712ed3-ac63-44cf-b212-4b0d672a2270
hesham_khdear@hotmail.com,Orient Paradise Restaurant,,Huai Khwang District,Restaurant,no,Low,1,,English/Latin-script name,http://www.orientparadise.com/,,openstreetmap,1,+6627166379,5/13 Soi Phetchaburi 47,10310,overture (meta),overture:fc6527be-a7cb-4c07-84cd-a11bd37f77ce
8646666@gmail.com,OverNight,,Huai Khwang District,Cafe,no,Low,1,,English/Latin-script name,,,openstreetmap,1,+6622769207,2 ถนน ประชาราษฎร์บําเพ็ญ,10310,overture (meta),overture:5f3fe3a1-9845-4319-95c4-292013c28b43
palatecoffeeroaster@gmail.com,Palate Coffee Roaster bkk,,Huai Khwang District,Cafe,no,Low,1,,English/Latin-script name,,,openstreetmap,1,+66886469922,"543 ถนน, 9 Ratchada Niwet Road",10310,overture (meta),overture:cd97777a-e79e-4abb-b341-290d18bf4cc0
weerachai.inkhao1424@gmail.com,Party Sushi,,Huai Khwang District,Asian; Sushi,no,Low,1,,English/Latin-script name,,,openstreetmap,1,,24 Pracha Rat Bamphen Rd,10310,overture (meta),overture:86ae115a-906e-450a-82d5-84eb88816d1e
pitstop.bkk@gmail.com,Pit Stop Bangkok,,Huai Khwang District,Restaurant,no,Low,1,,English/Latin-script name,,,openstreetmap,1,+66806922200,"Pit Stop Bangkok, 314 Rama 9 Soi 17, Bang Kapi, Huay Khwang",10310,overture (meta),overture:e4a92a6e-8e2a-4238-9192-36ebb2c179a7
poonypoonycoffee@gmail.com,Poonypoonycoffee,,Huai Khwang District,Cafe,no,Low,1,,English/Latin-script name,,,openstreetmap,1,+66824949362,"85 Sabai Chai Alley, Lane 4",10310,overture (meta),overture:fcc96721-931f-437f-8bc6-1c02acd2c324
primehousecafe@gmail.com,Prime House Cafe,,Huai Khwang District,Cafe,no,Low,1,,English/Latin-script name,,,openstreetmap,1,+66894496485,785/10 Pracha Uthit Rd,10310,overture (meta),overture:722eea74-218d-4339-97dd-97c167d34ee0
progressivecoffee@gmail.com,PROGRESSIVE Coffee Studio,,Huai Khwang District,Cafe,no,Low,1,,English/Latin-script name,,,openstreetmap,1,+66821015019,278 Thiam Ruam Mit Rd,10310,overture (meta),overture:7b9fc0a1-52cf-48d3-b466-2c8151a218bc
rakuzentime@gmail.com,Rakuzen Time,,Huai Khwang District,Asian; Japanese,no,Low,1,,English/Latin-script name,,,openstreetmap,1,+66816460388,593 ซอย 11,10310,overture (meta),overture:c25e6d17-abb2-45a9-813b-1101a17d4b95
remorycafe@gmail.com,Remory Cafe and Hangout Space,,Huai Khwang District,Cafe,no,Low,1,,English/Latin-script name,,,openstreetmap,1,+66985269669,ชั้น2 โครงการ Ideo rama9-asoke (ตึกด้านหน้า อาคารเดียวกับ 7/11 188 1 Rama IX Rd,10310,overture (meta),overture:8e893959-8d72-421d-bd5a-3dc7348e6ddb
rhinoplace1@gmail.com,Rhino Place,,Huai Khwang District,Bar,no,Low,1,,English/Latin-script name,,,openstreetmap,1,+66816956249,"RHINO PLACE 579/1 ประชาอุทิศ แขวงสามเสนนอก, เขตห้วยขวาง, กรุงเทพมหานคร ",10310,overture (meta),overture:2195673f-de9b-4a06-9a0a-3506f5bcea36
ricebaga@gmail.com,Rice Baga,,Huai Khwang District,Asian; Japanese,no,Low,1,,English/Latin-script name,,,openstreetmap,1,+66994894031,ถนน ประดิษฐ์มนูธรรม ลาดพร้าว Crystal Market @The Crystal Park,10240,overture (meta),overture:c232727c-a9d1-44b3-93cc-856c6d96d588
rollcreativespace@gmail.com,ROLL,,Huai Khwang District,Cafe,no,Low,1,,English/Latin-script name,,,openstreetmap,2,+66929356426,333 9 Ratchada Niwet 19 Alley,10310,overture (meta),overture:51643b6a-b783-4dd7-a62b-3bcd2d05bdc6
rollercofster@gmail.com,Roller Cofster,,Huai Khwang District,Restaurant,no,Low,1,,English/Latin-script name,,,openstreetmap,1,+66989957162,1783/59 ซอย ลาดพร้าว 35/1,10310,overture (meta),overture:7211dafe-03f2-490a-aaba-f2962ba37aad
saigonsandwich.bkk@gmail.com,Saigon Sandwich,,Huai Khwang District,Cafe,no,Low,1,,English/Latin-script name,,,openstreetmap,1,+66829607762,33/4 ถนน พระราม 9,10310,overture (meta),overture:f1b33c6f-5b18-4cc2-97df-9088c8e0775d
chadakarnsarem@gmail.com,saremrestaurant and cafe,,Huai Khwang District,Halal,no,Low,1,,English/Latin-script name,,,openstreetmap,1,+66817207859,23 ถนนประชาอุทิศ เขตทุ่งครุใกล้ซอย ประชาอุทิศ,10140,overture (meta),overture:646b10e5-d1b1-4fcd-a288-c1917378c838
th.sarucafe@gmail.com,SARU CAFE,,Huai Khwang District,Cafe,no,Low,1,,English/Latin-script name,,,openstreetmap,2,+66613635394,252/193 (Unit P-105B อาคารเมืองไทย - ภัทร คอมเพล็กซ์ Ratchadaphisek Rd,10310,overture (meta),overture:bd7d7f0d-50f1-457f-8275-e403f8d25949
info@unisia.kr,Seoul Between Bangkok,,Huai Khwang District,Asian; Korean,no,Low,1,,English/Latin-script name,,,openstreetmap,1,+6621115432,"Chicken Galbi / Between RF-147-148 SHOW DC, Jaturatid Road",10110,overture (meta),overture:633bba72-ae4c-4e3b-af17-4575d2065526
shabeebeehouse.mhengjai@gmail.com,Shabeebee House (Halal),,Huai Khwang District,Halal,no,Low,1,,English/Latin-script name,,,openstreetmap,1,+66993595979,"701Rohmah Mall Soi Suwanmanee, Pracha Uthit Rd",10310,overture (meta),overture:aba60511-2fa7-4e46-b260-20fbcfc32e46
ra9208@naver.com,"Show DC, Jeongu Box",,Huai Khwang District,Restaurant,no,Low,1,,English/Latin-script name,,,openstreetmap,1,+66816473625,Show Dc ถนนจตุรทิศ,10320,overture (meta),overture:b74ed37f-6bdb-4a49-b537-9f446b257927
dark_doxer@hotmail.com,Sip and Savor,,Huai Khwang District,Restaurant,no,Low,1,,English/Latin-script name,,,openstreetmap,1,+66966549493,Coffee and Beer ซ.รุ่งเรือง,10310,overture (meta),overture:78ba3a0b-02d4-4944-a740-7f4e8e5466cf
4289piyada@gmail.com,Smile Restaurant,,Huai Khwang District,Asian; Chinese,no,Low,1,,English/Latin-script name,,,openstreetmap,1,+6626932561,10310 300/12-13 Sutthisan Winitchai Rd,10310,overture (meta),overture:f8b6c4b0-d393-497f-be39-6c4ff2c0cea8
spaghettimania88@gmail.com,Spaghetti Mania,,Huai Khwang District,Restaurant,no,Low,1,,English/Latin-script name,,,openstreetmap,1,+66961890119,TC Green BLD B แผนกครัว ห้วยขวาง,10310,overture (meta),overture:f4f8bcb8-e8a1-4eb4-b07a-1d453e09f070
14422@coffee-concepts.co.th,Starbucks,,Huai Khwang District,Cafe,no,Low,1,,English/Latin-script name,https://starbucks.co.th/,,openstreetmap,1,,,,overture (AllThePlaces),overture:b0d1e8fe-172d-4b16-a8a8-91f229bf2a11
14054@coffee-concepts.co.th,Starbucks,,Huai Khwang District,Cafe,no,Low,1,,English/Latin-script name,https://starbucks.co.th/,,openstreetmap,1,,,,overture (AllThePlaces),overture:3a570006-2c11-462c-aaee-457b6936dcbc
14135@coffee-concepts.co.th,Starbucks M Theater,,Huai Khwang District,Cafe,no,Low,1,,English/Latin-script name,,,openstreetmap,1,+66844387440,2884 New Petchaburi Rd,10310,overture (meta),overture:b85ac2dd-00f4-41e1-8b6d-bf3e0f9682e0
14216@coffee-concepts.co.th,Starbucks Rama9 Hospital,,Huai Khwang District,Cafe,no,Low,1,,English/Latin-script name,,,openstreetmap,1,,,,overture (meta),overture:83a6154c-90b9-495e-8b54-cbea770be76b
std17shabu@gmail.com,STD SHABU,,Huai Khwang District,Asian; Chinese,no,Low,1,,English/Latin-script name,,,openstreetmap,1,+66800866060,139 3 Watthana Tham Rd,10130,overture (meta),overture:8852a79e-798c-4cf6-9771-08f795231c8e
momentumbnb@gmail.com,Steps Cafe,,Huai Khwang District,Cafe,no,Low,1,,English/Latin-script name,,,openstreetmap,1,+66942245636,"302/11-12 Suthisan Winitchai Rd. Samsennok Subdistrict, Huai Khwang",10310,overture (meta),overture:6a145d42-4dbb-4f6f-bada-e59d3cd80a89
zoo@facebook.com,Suki PP,,Huai Khwang District,Takeaway,no,Low,1,,English/Latin-script name,,,openstreetmap,1,+6623198406,เขมร,<<not-applicable>>,overture (meta),overture:2d03e803-b9ec-442d-84a9-301de3e7afe8
svsquare.rama9@gmail.com,SVsquare.rama9,,Huai Khwang District,Restaurant,no,Low,1,,English/Latin-script name,,,openstreetmap,1,+66952259646,2 ถนน พระราม 9,10310,overture (meta),overture:46117ca8-3a1d-46c3-8d72-a5ccfe6948f5
sweetborabkk@gmail.com,Sweet Cake,,Huai Khwang District,Bakery,no,Low,1,,English/Latin-script name,,,openstreetmap,1,+66655845262,,10310,overture (meta),overture:7329fe40-517a-40c3-afda-3cba1ed55001
info@sweetspell.com,Sweet Spell,,Huai Khwang District,Cafe,no,Low,1,,English/Latin-script name,http://www.sweetspell.com/,,openstreetmap,1,+66846666828,810 ถนนประชาอุทิศ สามเสนนอก,10310,overture (meta),overture:044a17bc-f7dc-406f-9823-bd4db6839b7d
kamikashai@gmail.com,T B J Garage & Service,,Huai Khwang District,Cafe,no,Low,1,,English/Latin-script name,,,openstreetmap,1,+66886173831,88/200 ซอย สุขุมวิท 117,10270,overture (meta),overture:af3a8693-19f6-4f7c-b076-f7c35c8a1f2d
table42bkk@gmail.com,Table For Two,,Huai Khwang District,Restaurant,no,Low,1,,English/Latin-script name,,,openstreetmap,1,+66909066202,"543 Ratchada Niwet Alley, Lane 9",10310,overture (meta),overture:bb793fee-a605-4abd-ae83-abe4582186ee
talaychan.patisserie@gmail.com,Talaychan Pâtisserie | Bangkok,,Huai Khwang District,Bakery,no,Low,1,,English/Latin-script name,,,openstreetmap,1,+66970093064,457/1 Rama IX Soi 13,10310,overture (meta),overture:8f9a1f3f-d902-4dc8-ad4f-4888f1ff834a
tarnsitanddrink@gmail.com,Tarn Sit and Drink,,Huai Khwang District,Cafe,no,Low,1,,English/Latin-script name,,,openstreetmap,1,+6623340525,24/1 Pracha Rat Bamphen 11 Alley,10310,overture (meta),overture:312493a6-39e1-4280-ba78-425afacf0eb0
the.barn.bangkok@gmail.com,The Barn,,Huai Khwang District,Cafe,no,Low,1,,English/Latin-script name,,,openstreetmap,1,+66637844471,468 Rama IX Rd,10310,overture (meta),overture:75aceb34-36ce-4cd2-b170-c415924ac135
thebumblebar@gmail.com,The Bumble Bar,,Huai Khwang District,Restaurant,no,Low,1,,English/Latin-script name,,,openstreetmap,1,+66822569096,บางกะปิ 21/85-86,10310,overture (meta),overture:043f1611-a954-44bb-8c4f-8c4a62901a60
theghostradiosup@gmail.com,The Ghost House,,Huai Khwang District,Cafe,no,Low,1,,English/Latin-script name,,,openstreetmap,1,+66645965546,21/110 RCA Alley,10310,overture (meta),overture:ea29934f-4f41-43e9-89ab-3a09f960cdc5
theheaventerrace@gmail.com,The Heaven Terrace at Ratchadapisek 12,,Huai Khwang District,Restaurant,no,Low,1,,English/Latin-script name,,,openstreetmap,1,+66863137350,12 ถนน รัชดาภิเษก,10310,overture (meta),overture:191a36cc-90d3-445c-b7bb-9e5e94440e4b
themoonasokphetburi@gmail.com,The Moon Asok-Phetburi,,Huai Khwang District,Bar,no,Low,1,,English/Latin-script name,,,openstreetmap,1,+66825525649,1757 New,10310,overture (meta),overture:7304b420-54f0-4f7f-87e4-2e9590986428
zazabmaxlove@gmail.com,The Moon Cafe & Restaurant,,Huai Khwang District,Restaurant,no,Low,1,,English/Latin-script name,,,openstreetmap,1,+6623542179,115 Rama IX Rd,10310,overture (meta),overture:a2cc2653-ba02-455c-9b4d-ce303a3f8326
theregentcoffeeclubthailand@gmail.com,The Regent Coffee Club Bangkok Thailand,,Huai Khwang District,Cafe,no,Low,1,,English/Latin-script name,,,openstreetmap,1,+66631077349,1015/4 ถนน สุทธิสารวินิจฉัย,10310,overture (meta),overture:b46e2194-d2dc-4dce-8928-198d7e1a7601
thestoryasok@gmail.com,The Story,,Huai Khwang District,Restaurant,no,Low,1,,English/Latin-script name,,,openstreetmap,1,+66829193942,,,overture (meta),overture:b4a571f6-edaa-4303-9868-6080491fb997
thewhitemilkcafe@gmail.com,The White Rhino Cafe,,Huai Khwang District,Cafe,no,Low,1,,English/Latin-script name,,,openstreetmap,1,+66804244659,543 รัชดานิเวศน์ แยก 9,10310,overture (meta),overture:c4a5f9f0-3f9c-4d08-8318-ae7468320f59
theyellowfoxcafe@gmail.com,The yellow fox Cafe,,Huai Khwang District,Cafe,no,Low,1,,English/Latin-script name,,,openstreetmap,1,+66654291368,"130 Ratchada Niwet Alley, Lane 6",10310,overture (meta),overture:3bddcdc4-5f56-4bec-8748-b381f8c95dd9
thirdplacecafe2019@gmail.com,Third Place  Cafe,,Huai Khwang District,Cafe,no,Low,1,,English/Latin-script name,,,openstreetmap,1,+66867971153,410 ถนน รัชดาภิเษก,10310,overture (meta),overture:2116bb51-2eb4-41eb-8985-fbd07729f025
tiantianseafood666888@gmail.com,TianTian Seafood,,Huai Khwang District,Seafood,no,Low,1,,English/Latin-script name,,,openstreetmap,1,+66631730507,11 ซอย 20 มิถุนา,10310,overture (meta),overture:907fd3ff-bcba-487e-aef8-276311bfadfe
timetodrinkth@gmail.com,Timetodrinkth Bangkok,,Huai Khwang District,Cafe,no,Low,1,,English/Latin-script name,,,openstreetmap,1,+66930947885,80 ถนน รัชดาภิเษก,10310,overture (meta),overture:50b97c5f-96b6-4776-9eab-e358ed07fe37
tochare.project@gmail.com,Tocharestory,,Huai Khwang District,Cafe,no,Low,1,,English/Latin-script name,,,openstreetmap,1,+66954636528,sutthisan winitchai road,10310,overture (meta),overture:e13f2d63-c778-44ca-8b15-77d1a23096e9
tokidokicurry@gmail.com,TokiDoki Curry,,Huai Khwang District,Asian; Indian; Japanese,no,Low,1,,English/Latin-script name,,,openstreetmap,1,+66886407197,12 Udom Suk Alley,10310,overture (meta),overture:e779ed80-d873-49b9-bb2c-3541b7904d49
eng_niwat@hotmail.com,Tokyo Blend,,Huai Khwang District,Cafe,no,Low,1,,English/Latin-script name,,,openstreetmap,1,+66619194599,33/4 ถนน พระราม 9,10310,overture (meta),overture:ce25307b-a010-401b-bae0-d73ddc1cd7ad
seeds.to.success@gmail.com,Tong Tong Haan,,Huai Khwang District,Asian; Korean,no,Low,1,,English/Latin-script name,,,openstreetmap,1,+66644899944,59 Rama IX Rd,10310,overture (meta),overture:636cbd4a-606a-42c9-b5dc-a42bb9814b54
tora.and.yamabi.house@gmail.com,Tsubaki Japanese Restaurant RAMA9椿日本料理,,Huai Khwang District,Asian; Japanese,no,Low,1,,English/Latin-script name,,,openstreetmap,1,+66996076688,"29/11-12 Soonvijai Aly, Rama 9 Road, Bang Kapi Subdistrict",10310,overture (meta),overture:8a61325c-e87a-42df-bbcd-b681758b4d92
u.doubleshotcoffee@gmail.com,U Double Shot Coffee,,Huai Khwang District,Cafe,no,Low,1,,English/Latin-script name,,,openstreetmap,1,,QJ83+86 กรุงเทพมหานคร,10312,overture (meta),overture:240584c4-d506-435d-9e7c-3d605644378d
abthhorse@hotmail.com,Udon Drink,,Huai Khwang District,Asian; Japanese,no,Low,1,,English/Latin-script name,,,openstreetmap,1,+66844469192,Rama IX Rd,10310,overture (meta),overture:45689aef-fd58-4647-9ac1-2f5f691770b9
umainichi2024@gmail.com,Umainichiizakaya,,Huai Khwang District,Japanese,no,Low,1,,English/Latin-script name,,,openstreetmap,1,+66992632362,ถ.เพชรบุรีตัดใหม่ รถไฟฟ้ามหานคร สายเฉลิมรัชมงคล บางกะปิ เขตห้วยขวาง,10310,overture (meta),overture:09e42707-3aaf-471e-9c49-887bf058dfbe
wannaknowyoumore@gmail.com,Wannaknowyoumore,,Huai Khwang District,Cafe,no,Low,1,,English/Latin-script name,,,openstreetmap,2,+66915922614,359 รัชดาภิเษก 14,10310,overture (meta),overture:b6b049f5-570b-4549-b8ae-c8140e9d0f28
winnar.treffer@gmail.com,Winnar Treffer,,Huai Khwang District,Bakery,no,Low,1,,English/Latin-script name,https://lin.ee/cqNB3CK,,openstreetmap,1,+66815924142,Puttha Buchta Rd.,10150,overture (meta),overture:268be0fa-4c89-418f-9bbb-41b7736e01b2
xianyiam@gmail.com,Xi An Yiam Restaurant,,Huai Khwang District,Asian; Chinese,no,Low,1,,English/Latin-script name,,,openstreetmap,1,+66827898929,ซีอานเยี่ยม สาขาเพชรบุรีตัดใหม่ / สาขาบรรทัดทอง,10310,overture (meta),overture:6d92767b-cd37-46e1-b575-bc71d8967347
majesticdirection@gmail.com,Xin Xin Malatang,,Huai Khwang District,Restaurant,no,Low,1,,English/Latin-script name,,,openstreetmap,1,+66613620606,"ชั้น G ห้องที่ G10, อาคารจีทาวเวอร์, Grand Rama 9",10310,overture (meta),overture:4b8003c6-fe18-4a50-a3ec-cae5b08844a6
yelaixiang.huaikhwang68@gmail.com,Ye Lai Xiang,,Huai Khwang District,Restaurant,no,Low,1,,English/Latin-script name,,,openstreetmap,2,+66969177058,กันเอง 夜来香,10310,overture (meta),overture:9f013f4c-060d-4776-8d56-7c785e6129e7
yeheepocha@gmail.com,Yehee Korean Restaurant and Bar,,Huai Khwang District,Korean,no,Low,1,,English/Latin-script name,,,openstreetmap,1,+66630169000,"21, 70-72 Soi Phetchaburi 47",10310,overture (meta),overture:ba8c5f4e-9ad0-4995-ba4b-21de26f703ec
yourbar.rca@gmail.com,YourbarRCA,,Huai Khwang District,Bar,no,Low,1,,English/Latin-script name,,,openstreetmap,1,+66835549935,"21, บล็อค D 95 Soi Phetchaburi 47",10310,overture (meta),overture:44fc4ec2-9181-4324-a266-57ca9ed73e14
ywccafe@gmail.com,YWCCafe,,Huai Khwang District,Cafe,no,Low,1,,English/Latin-script name,,,openstreetmap,1,+6622030505,"21/124 RCA D40, Soi Soonvijai, Rama 9 Rd., bangkapi, Huaykwang",10310,overture (meta),overture:1871e002-642a-43db-864d-53ca16e8dd2b
zuccapetdining@gmail.com,Zucca Pet Dining,,Huai Khwang District,Restaurant,no,Low,1,,English/Latin-script name,,,openstreetmap,1,+66808258282,78 ถนน เพชรพระราม,10310,overture (meta),overture:24f42f39-9343-4faa-b797-69f64f8943a2
zys.labatu@gmail.com,Zys Labatu Rca,,Huai Khwang District,Restaurant,no,Low,1,,English/Latin-script name,,,openstreetmap,2,+66941579068,29/114 RCA Alley,10320,overture (meta),overture:16de551f-0918-49c2-b908-5c1d6912c960
afterchocchocolate.huaikhwang@gmail.com,AfterChoc.Chocolate สาขาห้วยขวาง,AfterChoc.Chocolate สาขาห้วยขวาง,Huai Khwang District,Cafe,no,Low,0,,,,,openstreetmap,1,+66959453965,773/64 ถนน ประชาราษฎร์บําเพ็ญ,10310,overture (meta),overture:cb957272-28e7-4e10-a98d-8a6ad1ba3794
indyarpcafe@gmail.com,ARP Coffee - อ็าพ คอฟฟี่,ARP Coffee - อ็าพ คอฟฟี่,Huai Khwang District,Cafe,no,Low,0,,,http://arpcoffee.com/,,openstreetmap,1,+66953956363,Sv square rama9,10310,overture (meta),overture:e90e4a28-82b2-41c6-ac95-fb7fb5bf054d
aysegroup@gmail.com,AYSE crafted almond milk - ไอเซย์ คาเฟ่นมอัลมอนด์คั้นสด,AYSE crafted almond milk - ไอเซย์ คาเฟ่นมอัลมอนด์คั้นสด,Huai Khwang District,Cafe,no,Low,0,,,,,openstreetmap,1,+66935466597,"599/390 Supalai Park Asoke-Ratchada, Asoke Dindaeng Rd., Dindaeng, Bangkok",10400,overture (meta),overture:7f72d081-9b4a-48ec-9570-1dc20c8be1ed
balloonbee@hotmail.com,Balloonbee ลูกโป่ง บอลลูน ตุ๊กตา เปิดงาน,Balloonbee ลูกโป่ง บอลลูน ตุ๊กตา เปิดงาน,Huai Khwang District,Restaurant,no,Low,0,,,http://www.balloonbee.co.th/,,openstreetmap,1,+66800544653,515 พระราม 9 ซอย 13,10310,overture (meta),overture:a7404323-6f57-4625-9371-a395f4475938
info.cafesupply@gmail.com,Beankoff Coffee - กาแฟคั่วสด,Beankoff Coffee - กาแฟคั่วสด,Huai Khwang District,Cafe,no,Low,0,Local,,https://s.lazada.co.th/s.3IQ03,,openstreetmap,1,+66832765544,2469/1 เพชรบุรี,10310,overture (meta),overture:6cd23997-9914-48d6-abd9-ee6511744121
callcoffeeben@gmail.com,Callcoffee-คอกาแฟ-,Callcoffee-คอกาแฟ-,Huai Khwang District,Cafe,no,Low,0,,,,,openstreetmap,1,+66631566158,38 Soi Rung Rueang,10310,overture (meta),overture:cf51a686-bb97-458c-8c7a-ad56c7dcabae
cherplapao@gmail.com,Cherplapao RCA - ฌ.ปลาเผา/เมี่ยงซีฟู้ด RCA,Cherplapao RCA - ฌ.ปลาเผา/เมี่ยงซีฟู้ด RCA,Huai Khwang District,Restaurant,no,Low,0,,,,,openstreetmap,1,+66619859785,Cherplapao RCA - ฌ.ปลาเผา/เมี่ยงซีฟู้ด RCA,10310,overture (meta),overture:98129444-95ce-4335-b297-3b1f22a9858b
vipavadee2907@gmail.com,Coffee 1 สาขาประชาราษฎร์บำเพ็ญ ซ.5,Coffee 1 สาขาประชาราษฎร์บำเพ็ญ ซ.5,Huai Khwang District,Cafe,no,Low,0,,,,,openstreetmap,1,+66954010524,227 Coffee 1 229 Pracha Rat Bamphen Rd,10140,overture (meta),overture:021a90c6-baa5-4fc7-9a19-25434b8cc75d
doselemonhoney@gmail.com,DOSE Lemon Honey - โดสเลม่อนฮันนี่,DOSE Lemon Honey - โดสเลม่อนฮันนี่,Huai Khwang District,Restaurant,no,Low,0,,,,,openstreetmap,1,+66954561663,ตลาดจ๊อดแฟร์ รัชดา,10310,overture (meta),overture:21da7b64-0c11-4b16-9fc8-e359d2b3b4a0
domeeno@hotmail.com,Dragon3Lava ตลาดJodd fairs,Dragon3Lava ตลาดJodd fairs,Huai Khwang District,Cafe,no,Low,0,,,,,openstreetmap,1,+66885995655,26 พระราม 9,10310,overture (meta),overture:831473a7-b05d-410e-b003-0e044630b2a0
fortuneforce06@gmail.com,FortuneForce Academy สถาบันเวทมนตร์,FortuneForce Academy สถาบันเวทมนตร์,Huai Khwang District,Cafe,no,Low,0,,,https://lin.ee/GSJ3FSm,,openstreetmap,1,+66654902715,ซอยจินตเวช ถนนสุทธิสารวินิจฉัย,10310,overture (meta),overture:94244896-1574-4e34-9d80-bb304a04dec4
hanacroissant.cwtower@gmail.com,HANA Croissant and Pastry สาขา CW Tower,HANA Croissant and Pastry สาขา CW Tower,Huai Khwang District,Bakery,no,Low,0,,,,,openstreetmap,1,+956359851,90 ถนน รัชดาภิเษก,10310,overture (meta),overture:8792ff90-76e4-4e30-a2ae-caefc87560c0
haochi1579@gmail.com,Hao Chi หม้อไฟปิ้งย่าง หม่าล่า ต้นตำรับ 好吃,Hao Chi หม้อไฟปิ้งย่าง หม่าล่า ต้นตำรับ 好吃,Huai Khwang District,Asian; Chinese,no,Low,0,,,,,openstreetmap,1,+66637108888,พระราม9,10310,overture (meta),overture:a8b2e6f4-954f-4918-ada6-d7c8dbf2d223
inthanin.twm10@gmail.com,Inthanin Coffee ทวีมิตร10,Inthanin Coffee ทวีมิตร10,Huai Khwang District,Cafe,no,Low,0,,,,,openstreetmap,1,+66809636175,61 75 Thavee Mitra 10 Alley,10310,overture (meta),overture:8c1a050b-2eba-484b-9b2c-a5eab3150979
zix_more@hotmail.com,Jongma Thai Premium Grilled Style - จงมา ย่างไฟไทยสไตล์,Jongma Thai Premium Grilled Style - จงมา ย่างไฟไทยสไตล์,Huai Khwang District,Restaurant,no,Low,0,,,,,openstreetmap,1,+66911414619,Kiosk K1-73 : A1-8 จ๊อดแฟร์รัชดา ,<<not-applicable>>,overture (meta),overture:0f6ec91c-6532-4f87-ab8b-ab99c119be9d
kaijucurryrama9@gmail.com,Kaiju Curry ไคจูเคอรี่ พระราม9 怪獣カレー,Kaiju Curry ไคจูเคอรี่ พระราม9 怪獣カレー,Huai Khwang District,Asian; Indian; Japanese,no,Low,0,,,,,openstreetmap,1,+66652562694,"พระราม 9 ซอย 15/2, บางกะปิ, ห้วยขวาง, กรุงเทพมหานคร 10310, ประเทศไทย",10310,overture (meta),overture:022f1574-472f-451b-b500-99fe740a1e72
kifunefood@gmail.com,Kifune Premium Restaurant ( อาคารวรสมบัติ ),Kifune Premium Restaurant ( อาคารวรสมบัติ ),Huai Khwang District,Asian; Japanese,no,Low,0,,,,,openstreetmap,1,+6620052010,100 / 1 อาคารวรสมบัติ ชั้น LOBBY Rama IX Rd,10310,overture (meta),overture:f669e1db-aa77-4b48-a0a0-bda130e231b8
angushui524@yahoo.com.hk,KIN Seafoodsomtumโคตรสดทะเลเผา,KIN Seafoodsomtumโคตรสดทะเลเผา,Huai Khwang District,Seafood,no,Low,0,,,,,openstreetmap,1,+66628219300,712 ซอย รัชดานิเวศน์,10310,overture (meta),overture:644bbcaf-4c23-476f-96d6-09718bacf61f
kitateahuaykwang@gmail.com,Kita Tea Stand สาขาห้วยขวาง,Kita Tea Stand สาขาห้วยขวาง,Huai Khwang District,Restaurant,no,Low,0,,,,,openstreetmap,1,+66971300903,78/10 ถนน ประชาราษฎร์บําเพ็ญ,10310,overture (meta),overture:2b6a0452-a354-463c-9e50-f439e83f03c3
kodtalayrca2025@gmail.com,Kodtalay Seafood Buffet 泰海鲜 โคตรทะเลซีฟู้ดบุฟเฟต์  RCA Rama9,Kodtalay Seafood Buffet 泰海鲜 โคตรทะเลซีฟู้ดบุฟเฟต์  RCA Rama9,Huai Khwang District,Seafood,no,Low,0,,,,,openstreetmap,1,,898/3 ถนน จตุรทิศ,10310,overture (meta),overture:6207053f-158a-4fa1-b6a8-fc3274b038e7
letszaab@gmail.com,Let's Zaab อาหารอีสานอินเตอร์,Let's Zaab อาหารอีสานอินเตอร์,Huai Khwang District,Restaurant,no,Low,0,,,,,openstreetmap,1,+66934088350,368 ถนน รัชดาภิเษก,10310,overture (meta),overture:419efc15-42aa-4dad-a6a1-f8b8f9318f22
glooffy_23@gmail.com,Lungoh Local Specialty Coffee - ลุงโก๊ะ กาแฟ,Lungoh Local Specialty Coffee - ลุงโก๊ะ กาแฟ,Huai Khwang District,Cafe,no,Low,0,,,,,openstreetmap,1,+66897968364,10 ถนน รัชดาภิเษก,10310,overture (meta),overture:57a7b163-e7dd-4a79-98b4-e96b04a7f5e3
maison.aumilieu@gmail.com,Maison Au Milieu - เมซง โอ มิลลิเยอร์,Maison Au Milieu - เมซง โอ มิลลิเยอร์,Huai Khwang District,Restaurant,no,Low,0,,,,,openstreetmap,1,+66926652964,"Maison Au Milieu, 799 ซ. ลาดพร้าว 48 แยก 22",10310,overture (meta),overture:21ec8a14-3dee-4804-a745-601ad4daaca6
meetmoon2024@gmail.com,MeetMoon สาขา G Tower,MeetMoon สาขา G Tower,Huai Khwang District,Asian; Chinese,no,Low,0,,,,,openstreetmap,1,+66937708206,"ตึก G Tower ชั้น G, 33/4 Rama IX Rd",10310,overture (meta),overture:db1f3c14-0f5c-45e2-8248-d1d20527e811
sagonlapat2609@gmail.com,Mj แหนมเนือง สาขาถนนประชาอุทิศ เขตห้วยขวาง,Mj แหนมเนือง สาขาถนนประชาอุทิศ เขตห้วยขวาง,Huai Khwang District,Restaurant,no,Low,0,,,,,openstreetmap,1,+66843129083,521 Pracha Uthit Rd,10310,overture (meta),overture:59136a0e-66e1-488d-ab3b-384f3fd875f3
motherroasterss@gmail.com,Mother Roaster (มาเธอร์โรสเตอร์),Mother Roaster (มาเธอร์โรสเตอร์),Huai Khwang District,Cafe,no,Low,0,,,,,openstreetmap,1,089 488 0112,269 Sutthisan Winitchai Rd,10310,overture (Foursquare),overture:80730c31-7a2e-43fb-811b-09c814dba481
oatme58@hotmail.com,Mr. Oat กาแฟชาวสวน,Mr. Oat กาแฟชาวสวน,Huai Khwang District,Cafe,no,Low,0,,,,,openstreetmap,1,+66899953432,Sutthisan Winitchai Rd,10310,overture (meta),overture:84657003-58b0-41ba-bf8f-45fb5659adca
naicha.naicha29@gmail.com,Naicha - ไหน่ฉ๋า,Naicha - ไหน่ฉ๋า,Huai Khwang District,Cafe,no,Low,0,,,,,openstreetmap,1,,7 ประชาราษฎร์บําเพ็ญ 7,10310,overture (meta),overture:6b267c2c-d5a2-46e9-8bf9-d3dbd5cec2fb
nara_bakkutteh@hotmail.com,NARA Sukiyaki พระราม9,NARA Sukiyaki พระราม9,Huai Khwang District,Restaurant,no,Low,0,,,,,openstreetmap,1,+66889237956,2 ซอย ศูนย์วิจัย,10310,overture (meta),overture:0ea18bb9-2101-462d-9ba0-a8cefc6d9d4a
sirapopnobicha@gmail.com,Nobicha โนบิชา สาขาตลาดละลายทรัพย์ รัชดาซอย 4,Nobicha โนบิชา สาขาตลาดละลายทรัพย์ รัชดาซอย 4,Huai Khwang District,Restaurant,no,Low,0,,,https://line.me/ti/p/hjZdzsOhQI,,openstreetmap,1,+66834979779,ล็อค D9 ตลาดละลายทรัพย์ รัชดาซอย 4,10700,overture (meta),overture:5c0df868-39c5-4047-8976-61d88325bbf2
rsvp@bangkokcommunitytheatre.com,Oishi Eaterium เซ็นทรัลพระราม 9,Oishi Eaterium เซ็นทรัลพระราม 9,Huai Khwang District,Asian; Sushi,no,Low,0,,,http://www.oishigroup.com,,openstreetmap,1,+6621603847,"ศูนย์การค้า เซ็นทรัลพระราม 9 ห้องเลขที่ 705-708 ชั้นที่ 7 เลขที่ 9/8, 9/9 Rama IX Rd",10310,overture (meta),overture:e93fd482-5942-421b-b0b6-22a148f210c4
koy8345.kk@gmail.com,Oonpung Teok - อุ่นพุงต๊อก,Oonpung Teok - อุ่นพุงต๊อก,Huai Khwang District,Asian; Korean,no,Low,0,,,,,openstreetmap,1,+66824988345,"Chapter one eco Ratchada-Huaikwang,Prachauthit Road",10310,overture (meta),overture:a3db0a7c-d688-4814-b3bd-6cf1aa86e24d
pabom.soi4@gmail.com,PABOM Soi 4 ปาบอม ซอย 4,PABOM Soi 4 ปาบอม ซอย 4,Huai Khwang District,Restaurant,no,Low,0,,,,,openstreetmap,1,+66841192971,Ratchadaphisek 4 Alley,10310,overture (meta),overture:37ec9934-1f20-49d4-9792-0688ec06f9ee
junecuf@gmail.com,Panda หม่าล่าช่วนช่วน,Panda หม่าล่าช่วนช่วน,Huai Khwang District,Asian; Chinese,no,Low,0,,,,,openstreetmap,1,+66621674279,566/2 ปาก Sor. Thoranin 10 Alley,10310,overture (meta),overture:d26392da-017c-4e8e-bb6c-dfd76005a2e3
pickachouxthailand@gmail.com,Pick a Choux พิค-อะ-ชู,Pick a Choux พิค-อะ-ชู,Huai Khwang District,Bakery,no,Low,0,,,,,openstreetmap,1,+66951633175,ถนน รัชดาภิเษก ห้วยขวาง G Tower,10320,overture (meta),overture:334963ac-db8b-4a9b-8904-ea7c6c66a390
thanaviroj@gmail.com,Play with cat Cafe - คาเฟ่แมว,Play with cat Cafe - คาเฟ่แมว,Huai Khwang District,Cafe,no,Low,0,,,,,openstreetmap,1,,Chill cat cafe สาขา1 โรงไม้110,10160,overture (meta),overture:55f8a3e8-1e8b-41bf-ae4d-6203bda96ae9
salmonpala2021@gmail.com,Salmon ป่ะล่ะ ทะเลดองซีอิ๊ว,Salmon ป่ะล่ะ ทะเลดองซีอิ๊ว,Huai Khwang District,Restaurant,no,Low,0,,,,,openstreetmap,1,+66829542424,670 Mu Ban Yu Charoen 29 Alley,10310,overture (meta),overture:2cb9bf08-52be-42a4-b37e-0acece59ba32
sgcitythai@gmail.com,Sgcity Thai โจ๊กกบสิงคโปร์ ข้าวมันไก่สูตรไหหลำโบราณ,Sgcity Thai โจ๊กกบสิงคโปร์ ข้าวมันไก่สูตรไหหลำโบราณ,Huai Khwang District,Asian,no,Low,0,,,,,openstreetmap,1,+6621182596,746 ประชาอุทิศ 19,10310,overture (meta),overture:0c13a840-43c4-4117-ab5e-53606bbf2820
nommepun01@gmail.com,Sha Bear - นมเหนียวญี่ปุ่น สาขาประชาราษฎร์บำเพ็ญ,Sha Bear - นมเหนียวญี่ปุ่น สาขาประชาราษฎร์บำเพ็ญ,Huai Khwang District,Asian; Japanese,no,Low,0,Local,,https://www.wongnai.com/r/589781zm,poonyduckfixed@gmail.com; comely446@gmail.com; mischakennel@gmail.com; hengsun.food@gmail.com,openstreetmap,1,+66656544353,,,overture (meta),overture:3637e06b-66ec-44a5-9542-ea063b0a7d16
shabuchangroup@gmail.com,Shabu Chan ชาบูจัง,Shabu Chan ชาบูจัง,Huai Khwang District,Restaurant,no,Low,0,,,,,openstreetmap,1,+6625525781,"ฟอร์จูนทาวน์, 7 รัชดาภิเษก 1",10400,overture (meta),overture:fa29daef-4f89-499e-8251-e92346b7f383
kavanage@gmail.com,Shabu Indy - รัชดา,Shabu Indy - รัชดา,Huai Khwang District,Restaurant,no,Low,0,,,http://www.shabuindy.com/,,openstreetmap,1,+66925615941,67 ถนน สุทธิสารวินิจฉัย,10310,overture (meta),overture:335ca0fc-cb94-433a-8a6d-b5dcd687b4b5
shabuku031@gmail.com,Shabuku ชาบูกู - Thru ทองหล่อ,Shabuku ชาบูกู - Thru ทองหล่อ,Huai Khwang District,Asian; Japanese,no,Low,0,,,,,openstreetmap,1,+6621062733,2788 ถนน เพชรบุรี,10310,overture (meta),overture:a3973216-b7cd-439e-979f-b3fb97cdff69
sales@lamoon-group.com,Sourrgood ซาวร์กู๊ด,Sourrgood ซาวร์กู๊ด,Huai Khwang District,Restaurant,no,Low,0,Local,,http://www.lamoon-group.com/,,openstreetmap,1,+66805639454,110 ถนน พระราม 9,10310,overture (meta),overture:a026b1b7-58d4-4dcf-9d39-1e488b0aa20c
stupidfries.joddfairs@gmail.com,Stupid Fries สาขา ประชาราษฎร์บำเพ็ญ,Stupid Fries สาขา ประชาราษฎร์บำเพ็ญ,Huai Khwang District,Restaurant,no,Low,0,,,,,openstreetmap,1,+66910038862,Stupid fries สาขา ประชาราษฎร์บำเพ็ญ ถ. ประชาราษฎร์บำเพ็ญ แขวง ห้วยขวาง เขตห้วยขวาง ,10310,overture (meta),overture:01b546c3-805a-45b4-aca8-75a721436852
sukeemala@gmail.com,Sukee Mala Hotpot,สุขี หมาล่า,Huai Khwang District,Asian; Chinese,no,Low,0,,,,,openstreetmap,1,062 419 7575,"Belle, Rama IX Rd, Khwaeng Huai Khwang, Khet Huai Khwang",10310,openstreetmap,https://www.openstreetmap.org/node/11379070246
thecafea.coffee@gmail.com,The CAFEA เดอะ คาเฟีย,The CAFEA เดอะ คาเฟีย,Huai Khwang District,Cafe,no,Low,0,,,,,openstreetmap,1,,Metronine @ MRT พระราม 9,10310,overture (meta),overture:f28d3341-ff27-48a3-87e4-ddebd09e09c1
guoweimala221@gmail.com,กว๋อเว่ยหมาล่าเป็ดพะโล้ 国味儿麻辣鸭货,กว๋อเว่ยหมาล่าเป็ดพะโล้ 国味儿麻辣鸭货,Huai Khwang District,Asian; Chinese,no,Low,0,,,https://line.me/ti/p/ZEYanqElIJ,,openstreetmap,1,+66659097068,ประชาอุทิศ 18,10310,overture (meta),overture:51afbe52-64a3-4129-9ef1-daac5f69ff53
krittima23@gmail.com,กะเพราแท้,กะเพราแท้,Huai Khwang District,Asian; Thai,no,Low,0,,,,,openstreetmap,1,+66639599519,473 ซอย จุฬาสัมพันธ์,10310,overture (meta),overture:738e94cd-71f1-4aa2-9c1c-91ad83b7597a
nong25_17@hotmail.com,กาแฟสดชื่น สาขา Belle Grand Ram9,กาแฟสดชื่น สาขา Belle Grand Ram9,Huai Khwang District,Cafe,no,Low,0,,,,,openstreetmap,1,+66918190814,"131 Belle, Grand Rama 9",10310,overture (meta),overture:1cb2409b-df74-41f8-8e02-4f57505a166b
kinsiwaana66@gmail.com,กิน ซิ่ วะ อาหารญี่ปุ่น&อาหารไทยตามสั่ง,กิน ซิ่ วะ อาหารญี่ปุ่น&อาหารไทยตามสั่ง,Huai Khwang District,Restaurant,no,Low,0,,,,,openstreetmap,1,+66935358600,"211 Pracha Rat Bamphen 7 Alley, Lane 5",10310,overture (meta),overture:d5096954-5219-4b05-8f43-8faece4d4d2b
jutamass19899@gmail.com,กุ้งหัวระเบิด,กุ้งหัวระเบิด,Huai Khwang District,Restaurant,no,Low,0,,,,,openstreetmap,1,+66841253381,221 Ratchadaphisek 10 Alley,10310,overture (meta),overture:4e8525b9-0a40-4a0e-97c0-1f8944f6d194
kon8face@gmail.com,ก๋วยจั๊บญวน แม่พิสมัย,ก๋วยจั๊บญวน แม่พิสมัย,Huai Khwang District,Restaurant,no,Low,0,,,,,openstreetmap,2,+66660436576,49 80 Soi Rung Rueang,10310,overture (meta),overture:731e953c-2ccf-445a-913a-a321a7110b06
vorawit.sync@gmail.com,ก๋วยจั๊บไก่พะโล้ แชมเปี้ยน,ก๋วยจั๊บไก่พะโล้ แชมเปี้ยน,Huai Khwang District,Restaurant,no,Low,0,,,https://wongn.ai/lxmhc,,openstreetmap,1,+66832248858,55 Pracha Rat Bamphen Rd,10310,overture (meta),overture:a8257048-e30f-4d8d-88d9-6b7aded9e4fc
sithichai0123@gmail.com,ก๋วยเตี๋ยวต้มยำสูตรโบราณ โบราณหรือเปล่าไม่รู้แต่เรียกโบราณไว้ก่อน อาตี้,ก๋วยเตี๋ยวต้มยำสูตรโบราณ โบราณหรือเปล่าไม่รู้แต่เรียกโบราณไว้ก่อน อาตี้,Huai Khwang District,Restaurant,no,Low,0,,,,,openstreetmap,1,+6642953699,ถนน สุทธิสาร  ซอย ปาริชาติ,10310,overture (meta),overture:e0788c8f-45cb-4696-a88c-bc0d64ebaeb7
ningmongzhi@gmail.com,ก๋วยเตี๋ยวเรือยายตุ๋ย/อร่อยเด็ดไม่ต้องปรุง/สาขาตลาดจันทร์หุ่น,ก๋วยเตี๋ยวเรือยายตุ๋ย/อร่อยเด็ดไม่ต้องปรุง/สาขาตลาดจันทร์หุ่น,Huai Khwang District,Restaurant,no,Low,0,,,,,openstreetmap,1,+66811415119,19 ซอย 20 มิถุนา แยก 1,10310,overture (meta),overture:8026ed55-e891-478a-9ef7-5b80c449bc7f
samzaplp@gmail.com,ก๋วยเตี๋ยวเรือสามแซ่บ สาขาลาดพร้าว,ก๋วยเตี๋ยวเรือสามแซ่บ สาขาลาดพร้าว,Huai Khwang District,Asian; Japanese,no,Low,0,,,,,openstreetmap,1,+66967358047,999 246 Soi Phibun Uppatham,10310,overture (meta),overture:c1f8a0f4-0366-420f-88f6-051332f59a80
jumpeefaijit@gmail.com,ก๋วยเตี๋ยวไก่,ก๋วยเตี๋ยวไก่,Huai Khwang District,Asian; Japanese,no,Low,0,,,,,openstreetmap,1,+66946878811,18/4 ซอย อํานวยวัฒน์,10310,overture (meta),overture:833258fd-a2df-4351-ab13-aa9223604d6e
app_qple@hotmail.com,ก๋วยเตี๋ยวไก่ตุ๋น ฟาร์มเฟี้ยว,ก๋วยเตี๋ยวไก่ตุ๋น ฟาร์มเฟี้ยว,Huai Khwang District,Restaurant,no,Low,0,,,,,openstreetmap,1,+66866059594,ห้วยขวาง,10400,overture (meta),overture:3d16ab0c-0019-490b-954b-ea056cf32d9d
sriwarom99@gmail.com,ก๋วยเตี๋ยวไก่ตุ๋นมะระ อสมท สาขา2,ก๋วยเตี๋ยวไก่ตุ๋นมะระ อสมท สาขา2,Huai Khwang District,Asian; Thai,no,Low,0,,,,,openstreetmap,1,+66943583742,ปากซอยทวีมิตร9,,overture (meta),overture:86d202d8-d0cd-47ec-94f1-dd1ef95a5624
nuttnut1988@gmail.com,ขนมกล่องไม้ขีด สุทธิสาร,ขนมกล่องไม้ขีด สุทธิสาร,Huai Khwang District,Restaurant,no,Low,0,,,,,openstreetmap,1,+66891072335,33 ซอยอุดมสุข ถนนสุทธิสาร ห้วยขวาง,10310,overture (meta),overture:ea1418ac-3cb2-41ce-b455-433675178457
bannaree.official@gmail.com,ขนมหวานบ้านนารี,ขนมหวานบ้านนารี,Huai Khwang District,Cafe,no,Low,0,,,,,openstreetmap,1,+66816946575,2 ถนน บางแวก,10160,overture (meta),overture:08715ae4-b7d3-46ac-8ad7-fbdd2f5777d6
sodasto.kino@gmail.com,ขนมโบ๊กเกี้ย เต้าทึง เจ๊หมวย ห้วยขวาง,ขนมโบ๊กเกี้ย เต้าทึง เจ๊หมวย ห้วยขวาง,Huai Khwang District,Restaurant,no,Low,0,,,,,openstreetmap,1,+66832219455,24 ถนน ประชาราษฎร์บําเพ็ญ,10310,overture (meta),overture:69cba4d8-f651-4489-91d8-c2c44bdbc6c2
tsoonvijai@gmail.com,ข้าวผัดทศกัณฑ์ Kowpad Tossakan อาหารเมนูอร่อย,ข้าวผัดทศกัณฑ์ Kowpad Tossakan อาหารเมนูอร่อย,Huai Khwang District,Restaurant,no,Low,0,,,,,openstreetmap,1,,95 ถนน เพชรบุรี,10310,overture (meta),overture:755e59ed-18cc-4249-afdc-23002ec9ddaf
khmrtrama9@gmail.com,ข้าวมันไก่ประตูน้ำ,ข้าวมันไก่ประตูน้ำ,Huai Khwang District,Restaurant,no,Low,0,,,,,openstreetmap,1,+66654622615,"อาคารเดอะไนน์ ทาวเวอร์ เอ, 33/4 Rama IX Rd",10310,overture (meta),overture:f4452cf8-22c5-44f9-83aa-5020f2b971f1
nuthaponghemrak@gmail.com,ข้าวหมูทอด อ้วนกลม,ข้าวหมูทอด อ้วนกลม,Huai Khwang District,Takeaway,no,Low,0,,,,,openstreetmap,1,+66803782522,ซอย อุดมสุข แยก 1 แขวง สามเสนนอก เขต ห้วยขวาง,10310,overture (meta),overture:51a2e561-e455-4d1e-ba00-34fd944dc7ae
kanchalika.poy@gmail.com,ข้าวเหนียวมะม่วง ตาต้า ลาดพร้าว 48,ข้าวเหนียวมะม่วง ตาต้า ลาดพร้าว 48,Huai Khwang District,Restaurant,no,Low,0,,,,,openstreetmap,1,+66851145004,997 Soi Phibun Uppatham,10310,overture (meta),overture:2b5ad0d8-255d-4096-9829-e6139c421868
kruakaphraodaeng@gmail.com,ครัวกะเพราแดง,ครัวกะเพราแดง,Huai Khwang District,Restaurant,no,Low,0,,,https://wongn.ai/utfhx,,openstreetmap,1,+66957469365,527 Pracha Rat Bamphen 15 Alley,10310,overture (meta),overture:ec4b0066-ae50-4ab8-b1d7-dc88cbcc3ea3
kruakhoonnut@gmail.com,ครัวคุณนัท,ครัวคุณนัท,Huai Khwang District,Asian; Thai,no,Low,0,,,,,openstreetmap,1,+66876701110,97 Pracha Uthit Rd,10310,overture (meta),overture:5806c6f3-053a-4c39-aba9-06da9d7b70c1
napassornburananon@gmail.com,ครัวคุณอู๋,ครัวคุณอู๋,Huai Khwang District,Asian; Thai,no,Low,0,,,,,openstreetmap,1,+66963525035,ถนนเลียบคลองสอง,10510,overture (meta),overture:33cf4925-683c-4446-b95a-76975626dc95
onart.fb@gmail.com,ครัวชื่นใจ  Krua Chuenjai,ครัวชื่นใจ  Krua Chuenjai,Huai Khwang District,Cafe,no,Low,0,,,,,openstreetmap,1,+66624259882,46 ถนน รัชดาภิเษก,10310,overture (meta),overture:eaabb789-408e-4807-972a-ad64b37efbd1
asanainiyomdacha@gmail.com,ครัวนิยมฮาลาลฟู้ด,ครัวนิยมฮาลาลฟู้ด,Huai Khwang District,Halal,no,Low,0,,,,,openstreetmap,1,+66899397336,"785, 19 Pracha Uthit Rd",10310,overture (meta),overture:a4e7171f-c7d1-4208-b013-ea67aff84bb2
artraylyn20@hotmail.com,ครัวพี่นา ซอยสุดประเสริฐ2,ครัวพี่นา ซอยสุดประเสริฐ2,Huai Khwang District,Asian; Thai,no,Low,0,,,,,openstreetmap,1,+66870304538,16 ซอย สุดประเสริฐ 2,10310,overture (meta),overture:4e789c52-a1a8-4c77-bd08-7a003d06bd86
gift.varanich@gmail.com,ครัวภูเก็ต สาขาจันทร์หุ่นบำเพ็ญ,ครัวภูเก็ต สาขาจันทร์หุ่นบำเพ็ญ,Huai Khwang District,Restaurant,no,Low,0,,,,,openstreetmap,1,+66935090544,ซอยประชาราษฎร์บำเพ็ญ 28 ,10310,overture (meta),overture:cc17eafc-78d9-480f-b967-47a49efb5dc7
wasnakxdech@gmail.com,ครัวลีน่าจิ้มจุ่มพระรามเก้า9,ครัวลีน่าจิ้มจุ่มพระรามเก้า9,Huai Khwang District,Takeaway,no,Low,0,,,,,openstreetmap,1,+66910763196,16 ถนน รามคําแหง,10240,overture (meta),overture:7444d299-7be3-4f71-b938-126464998d2b
vanida-n@hotmail.co.th,ครัวหมวยเล็ก อาหารตามสั่ง by เชฟเล็ก,ครัวหมวยเล็ก อาหารตามสั่ง by เชฟเล็ก,Huai Khwang District,Asian; Thai,no,Low,0,,,,,openstreetmap,1,+66832356245,2041 Phetchaburi Rd,10310,overture (meta),overture:603b0528-5380-4ff2-a85a-3bf2cb96e87a
jao.khaosoikitchen@gmail.com,ครัวเจียงใหม่ พระราม 9 kruajiangmai RAMA 9,ครัวเจียงใหม่ พระราม 9 kruajiangmai RAMA 9,Huai Khwang District,Restaurant,no,Low,0,,,,,openstreetmap,1,+66932857264,"13.746797858700827, 100.63208945403714",10330,overture (meta),overture:967e4740-8963-48f9-ac2d-21174ce56d83
cbhk018@gmail.com,ครัวเมืองมุกฯรัชดา & 74/1Coffee Bar,ครัวเมืองมุกฯรัชดา & 74/1Coffee Bar,Huai Khwang District,Asian; Thai,no,Low,0,,,,,openstreetmap,1,+66858362071,ประชาราษฎร์​บ​ำ​เพ็ญ​,10310,overture (meta),overture:c560cb1a-1e70-46b8-8892-3028847a42a9
wuttichai.boonme11@gmail.com,ครัวแม่แหวง,ครัวแม่แหวง,Huai Khwang District,Restaurant,no,Low,0,,,,,openstreetmap,1,+6626903850,21/5 อาคาร ภัทรวีรัชดาเพลส ซอย ประชาราษฎร์บำเพ็ญ 9 Pracha Rat Bamphen Rd,10310,overture (meta),overture:e3fc23d1-07a1-4c38-939a-b62b39891fa6
natsinee2014@gmail.com,ครัวใจรัก,ครัวใจรัก,Huai Khwang District,Asian; Thai,no,Low,0,,,,,openstreetmap,1,+66827945965,298 ถนน ประชาราษฎร์บําเพ็ญ,10310,overture (meta),overture:d604fc38-9871-43aa-a4df-ac40e375da54
kidtungmoodang@gmail.com,คิดถึงหมูแดง,คิดถึงหมูแดง,Huai Khwang District,Asian; Chinese,no,Low,0,,,,,openstreetmap,1,+66859176926,21 Sun Wichai 8 Alley,10310,overture (meta),overture:69c1ed7b-6113-4317-ab63-50b59d386c49
zhonghuashabu@gmail.com,จงหัวชาบู ปิ้งย่าง,จงหัวชาบู ปิ้งย่าง,Huai Khwang District,Restaurant,no,Low,0,,,,,openstreetmap,1,+66636720888,"92, 3 Pracha Rat Bamphen Rd",10310,overture (meta),overture:16b77c6b-5a7d-4384-865e-3dc41695ae0d
annasopida@gmail.com,จันทร์หุ่นฟู้ดค๊อป,จันทร์หุ่นฟู้ดค๊อป,Huai Khwang District,Restaurant,no,Low,0,,,,,openstreetmap,1,+66894932408,34 ถนน ประชาราษฎร์บำเพ็ญ,10310,overture (meta),overture:11058572-29b2-43d0-be32-75fb7242c580
jidtavin@gmail.com,จิตตวิน : ก๋วยเตี๋ยวเรือจิตตวิน Jidtawin Thai Boat Noodles “吉达温”泰式船面,จิตตวิน : ก๋วยเตี๋ยวเรือจิตตวิน Jidtawin Thai Boat Noodles “吉达温”泰式船面,Huai Khwang District,Asian; Japanese,no,Low,0,,,,,openstreetmap,1,+66956895655,773 70 Pracha Rat Bamphen Rd,10310,overture (meta),overture:09076384-fbdb-4a2f-8ed4-fa9f0be4f755
joodtruadhoir18@gmail.com,จุดตรวจหอยr18,จุดตรวจหอยr18,Huai Khwang District,Restaurant,no,Low,0,,,,,openstreetmap,1,+66811414122,2 ถนน รัชดาภิเษก,10310,overture (meta),overture:27d78139-6d24-4df0-8c84-8e7706945741
infotaragroup88@gmail.com,ชะนีขายหอย แยกห้วยขวาง,ชะนีขายหอย แยกห้วยขวาง,Huai Khwang District,Asian; Thai,no,Low,0,,,,,openstreetmap,1,+66870933871,4 ประชาราษฎร์บําเพ็ญ 7,10310,overture (meta),overture:e0055b58-3bb7-4403-924b-1e27355fb44c
shin002507@hotmail.com,ชิณ เป็ดพะโล้,ชิณ เป็ดพะโล้,Huai Khwang District,Restaurant,no,Low,0,,,,,openstreetmap,1,+66649619255,Pracha Rat Bamphen Rd,10310,overture (meta),overture:96bc4bc0-0d4f-4c92-911b-8efb411d4b3a
itimtodchinchin@gmail.com,ชินชินไอติมทอด,ชินชินไอติมทอด,Huai Khwang District,Ice cream,no,Low,0,,,,,openstreetmap,1,+66863399207,"ซูกิชิ โคเรียน ชาร์โคล กริลล์, 9 ถนน พระราม 9",10310,overture (meta),overture:461472b4-fbbd-420b-a60a-2f56bd1133e2
chira.mookata@gmail.com,ชิรา หมูกระทะ,ชิรา หมูกระทะ,Huai Khwang District,Restaurant,no,Low,0,,,,,openstreetmap,1,+66818541586,579 ประชาราษฎร์บําเพ็ญ 13,10310,overture (meta),overture:a56c6015-8326-407e-b4d7-91ff161d11eb
nacha.petchdawong@gmail.com,ซาลาเปา แดนไชย,ซาลาเปา แดนไชย,Huai Khwang District,Chinese,no,Low,0,,,,,openstreetmap,1,+6626911114,345 Pracha Rat Bamphen Rd,10310,overture (meta),overture:b6a2a970-46c7-4139-8733-c73bd7ebd187
thanakait36@icloud.com,ญา'ญวน,ญา'ญวน,Huai Khwang District,Asian,no,Low,0,,,,,openstreetmap,1,+66836636469,"L6, Centralplaza, Grand Rama 9",10400,overture (meta),overture:493f986a-e8bb-4fb3-9686-6bf0d423a419
golf_today@hotmail.com,ณจันทร์หุ่นไอศกรีม by Huck,ณจันทร์หุ่นไอศกรีม by Huck,Huai Khwang District,Ice cream,no,Low,0,,,,,openstreetmap,1,+66971467783,568 Pracha Rat Bamphen Rd,10320,overture (meta),overture:a12e1752-e24d-4156-a71c-f0a0bcc12e6b
myutum12@gmail.com,ต.ต้มเลือดหมู,ต.ต้มเลือดหมู,Huai Khwang District,Cafe,no,Low,0,,,,,openstreetmap,1,+66938457398,ตลาดเมืองไทย - ภัทร,10400,overture (meta),overture:e8bf3dc1-7fba-482c-af76-a6a1f6398be1
moowan78@gmail.com,ตลาดนัดรถไฟ รัชดา : Train Night Market Ratchada,ตลาดนัดรถไฟ รัชดา : Train Night Market Ratchada,Huai Khwang District,Restaurant,no,Low,0,,,http://www.thaibis.com/a-z/r/ratchada-train-market,,openstreetmap,1,+66800780918,ตลาดนัดรถไฟ รัชดา ถนนรัชดาภิเษก แขวงดินแดง เขตดินแดง กรุงเทพฯ 10400,"10400 Tel.  080-0780918, 080-0780791, 080-0783088",overture (meta),overture:dad10d29-97f3-4782-98a3-bd5d145c72d4
namnaruedeenrd@gmail.com,ตักคำ ไอติมกะทิสดโบราณ,ตักคำ ไอติมกะทิสดโบราณ,Huai Khwang District,Ice cream,no,Low,0,Local,,https://spf.shopee.co.th/10p9eGZR01,,openstreetmap,1,+66818054446,"242 1 Pracha Rat Bamphen 6 Alley, Lane 9",10310,overture (meta),overture:97b182b8-557a-4640-b43d-2650fe8477ec
cafe.taamjai@gmail.com,ตามใจคาเฟ่,ตามใจคาเฟ่,Huai Khwang District,Cafe,no,Low,0,,,,,openstreetmap,1,+66649520999,73 ซอย สุวรรณมณี,10310,overture (meta),overture:65b43a42-3fa2-4887-a295-733f13f33b9b
tumroumphonbkk@gmail.com,ตำรวมพล,ตำรวมพล,Huai Khwang District,Takeaway,no,Low,0,,,,,openstreetmap,1,+66632517829,400 ถนน ประชาอุทิศ,10310,overture (meta),overture:981c17bf-d4a3-471b-bc64-5136400ca535
tha.kknp@gmail.com,ตื่น Tuen Home Cafe,ตื่น Tuen Home Cafe,Huai Khwang District,Cafe,no,Low,0,,,,,openstreetmap,1,+66970582516,104 ซอยสบายใจ แยก 3,10310,openstreetmap,https://www.openstreetmap.org/node/9796826982
manoch4125@gmail.com,ตื่นสิจ๊ะ Moka Pot by โน้ตนำเหนอ,ตื่นสิจ๊ะ Moka Pot by โน้ตนำเหนอ,Huai Khwang District,Cafe,no,Low,0,,,,,openstreetmap,1,+66841664188, RCAพระราม 9,10310,overture (meta),overture:c2cf06f4-091a-4e90-8448-144d139d42d2
tcmalahotpot@gmail.com,ถังเฉาหม่าล่าหม้อไฟ 唐朝鱼府,ถังเฉาหม่าล่าหม้อไฟ 唐朝鱼府,Huai Khwang District,Asian; Chinese,no,Low,0,,,,,openstreetmap,1,+66928255558,13 ซอย 20 มิถุนา แยก 11,10310,overture (meta),overture:00ec98f6-ccd9-4989-8bac-35f9951a962e
toogubkao@gmail.com,บริษัท ครัวตู้กับข้าว จำกัด,บริษัท ครัวตู้กับข้าว จำกัด,Huai Khwang District,Restaurant,no,Low,0,,,,,openstreetmap,1,+66639644962,"M-Theatre, Phetchaburi Rd",10310,overture (meta),overture:a1708a80-3c98-4ae7-9ad3-d254cbc5867b
bameekua@gmail.com,บะหมี่กัว,บะหมี่กัว,Huai Khwang District,Asian; Thai,no,Low,0,,,,,openstreetmap,1,,ถนนซอยหลังสวน,10330,overture (meta),overture:de019f67-4f4a-4b6d-a58f-b70880688bd2
buklakumpaeng.store@gmail.com,บักหล้า คำเเพง Bukla Kumpaeng,บักหล้า คำเเพง Bukla Kumpaeng,Huai Khwang District,Asian; Thai,no,Low,0,,,,,openstreetmap,1,+66959251168,"12, 8 Rama IX Rd",10310,overture (meta),overture:bb3febb9-e1f3-4b33-a815-0e63b19dbe13
sa10022512@gmail.com,บังซาซ่า ข้าวหมกไก่ ข้าวมันไก่,บังซาซ่า ข้าวหมกไก่ ข้าวมันไก่,Huai Khwang District,Halal,no,Low,0,,,,,openstreetmap,1,+66814236310,ถนน เพชรพระราม เลยซอย 7 อีก 50 เมตร,10310,overture (meta),overture:dc2e8b45-30ad-4169-9ef2-242da28ae82f
filechanhun@gmail.com,บางเวลา at จันทร์หุ่นฯ,บางเวลา at จันทร์หุ่นฯ,Huai Khwang District,Asian; Thai,no,Low,0,Local,,http://www.chanhun.ac.th/,,openstreetmap,1,+6622772653,568 ถ. ประชาราษฎร์บำเพ็ญ แขวง สามเสนนอก เขตห้วยขวาง ,10310,overture (meta),overture:b60b3557-655d-4825-b7d9-7b54cf9771de
sony_222wio@hotmail.com,บาร์โฮสเทอร์โบคลับรัชดา,บาร์โฮสเทอร์โบคลับรัชดา,Huai Khwang District,Bar,no,Low,0,,,https://local.google.com/place?id=6047265954634859985&use=posts&lpsid=7995170461246339959,,openstreetmap,1,+66867616153,252/5 Soi Ratchadaphisek 18,10310,overture (meta),overture:1abcb1c2-a94e-4801-a55e-a74a9c4f12da
bohtokkoongmengjai@gmail.com,บ่อตกกุ้งไดมอนด์,บ่อตกกุ้งไดมอนด์,Huai Khwang District,Restaurant,no,Low,0,,,,,openstreetmap,1,+66928919099,300 ประชาอุทิศ,10310,overture (meta),overture:27d74116-61a7-4367-b420-b0a5b44e64f4
banrakhalalfood@gmail.com,บ้านรักษ์ ฮาลาลฟู้ด - Ban Rak Halal Food,บ้านรักษ์ ฮาลาลฟู้ด - Ban Rak Halal Food,Huai Khwang District,Halal,no,Low,0,,,,,openstreetmap,1,+66865226930,Phet Phra Ram 8,10310,overture (meta),overture:a1c4506e-019c-4604-a1b7-285562ddf634
thanutchapornj@gmail.com,ปอปลาซีฟู้ด PorplaSeafood : Joddfairs | Bangkok,ปอปลาซีฟู้ด PorplaSeafood : Joddfairs | Bangkok,Huai Khwang District,Seafood,no,Low,0,,,http://porplaseafood.lnwshop.com/,,openstreetmap,1,+66816946946,ตลาดนัดรถไฟรัชดา U31-U35,10400,overture (meta),overture:09e11573-a19f-4ba9-81b3-ed5b7d459e92
golfypo29529@gmail.com,ปั่นจังฮ่ะ Milk Frappe,ปั่นจังฮ่ะ Milk Frappe,Huai Khwang District,Restaurant,no,Low,0,,,,,openstreetmap,1,+66832288788,693 ถนน ประชาราษฎร์บําเพ็ญ,10310,overture (meta),overture:b5fa7385-02fb-494d-87cc-dd8dcb883bf5
mookmook0410@gmail.com,ป้าต้อยอาหารตามสั่ง หน้าโรงรับจำห้วยขวาง,ป้าต้อยอาหารตามสั่ง หน้าโรงรับจำห้วยขวาง,Huai Khwang District,Restaurant,no,Low,0,,,,,openstreetmap,1,+66963489806,431 Pracha Rat Bamphen Rd,10310,overture (meta),overture:74014dee-9fa3-45a4-a9d5-4d9610f8304b
padyankowten.393@mail.com,ผัดยันข้าวเต้น Padyan Kowten ห้วยขวาง,ผัดยันข้าวเต้น Padyan Kowten ห้วยขวาง,Huai Khwang District,Restaurant,no,Low,0,,,,,openstreetmap,1,+66811496790,4 ซอย ประชาสันติ,10310,overture (meta),overture:68c8ca27-858e-4ce4-b637-39d45fc054e2
padthai7rose@gmail.com,ผัดไทยโบราณ,ผัดไทยโบราณ,Huai Khwang District,Asian; Thai,no,Low,0,,,,,openstreetmap,1,+66925542612,ประชาราษฎร์บำเพ็ญ 27,10310,overture (meta),overture:6029e74c-fd30-472b-90a4-9ffaf0e36d71
waranyapipi@gmail.com,ผิงผิงหมึกสดย่าง,ผิงผิงหมึกสดย่าง,Huai Khwang District,Restaurant,no,Low,0,,,,,openstreetmap,1,+66909285162,สุทธิสารวินิจฉัย,10310,overture (meta),overture:f6d0828a-85b7-4308-8e49-dfa6c37fe844
info@dailyfoods.co.th,พาเลซ,พาเลซ,Huai Khwang District,Cafe,no,Low,0,Local,,http://www.dailyfoods.co.th/,,openstreetmap,1,+6627168070,,,overture (meta),overture:d18809eb-9999-466f-830e-b604ab657786
suttda190638@gmail.com,ฟาตอนีเครป&ชา,ฟาตอนีเครป&ชา,Huai Khwang District,Cafe,no,Low,0,,,,,openstreetmap,1,+66981024988,443 รัชดานิเวศน์ แยก 6,10310,overture (meta),overture:4bd645e6-84bf-413c-9336-7c2632fdbda0
surapeetomtom@gmail.com,มดเอ็กซ์ 3,มดเอ็กซ์ 3,Huai Khwang District,Restaurant,no,Low,0,,,,,openstreetmap,1,+66958311812,343 ซ.พิบูลย์อุปถัมน์ Sutthisan Winitchai Rd,10310,overture (meta),overture:dadb2109-238d-4a66-b996-774f0e4da8ef
media@mndf.gov.mv,มัลดีฟส์ เหม่งจ๋าย,มัลดีฟส์ เหม่งจ๋าย,Huai Khwang District,Cafe,no,Low,0,,,http://www.mndf.gov.mv/,,openstreetmap,1,+6622743829,หมู่รัชดานิเวศน์ แยก 21 ถนนประชาอุทิศ สามเสนนอก,,overture (meta),overture:b40aa91d-3023-45f6-9684-9b3daf5ffd5a
damri_r@hotmail.com,ยำยั่ว สาวข้างบ้าน,ยำยั่ว สาวข้างบ้าน,Huai Khwang District,Seafood,no,Low,0,,,,,openstreetmap,1,+66918694965,701 Pracha Uthit Rd,10170,overture (meta),overture:ba2ef8e7-031c-49e0-a8ce-67f263bf8ac3
yumyerchang@hotmail.com,ยำเยอะจัง,ยำเยอะจัง,Huai Khwang District,Restaurant,no,Low,0,,,,,openstreetmap,1,+66814349843,"เซ็นทรัลพลาซา แกรนด์ พระราม 9, 9/9 ถนน รัชดาภิเษก",10400,overture (meta),overture:0395694d-521b-44f4-a71a-d3e69e7b1e65
rungnaphaboonsetirut@gmail.com,ยำแซ่บ ห้วยขวาง,ยำแซ่บ ห้วยขวาง,Huai Khwang District,Restaurant,no,Low,0,,,,,openstreetmap,1,+66638712220,เลขที่ 260 โซนหน้า,10310,overture (meta),overture:3f5a1100-fb4a-4fad-abce-4d2d378df2f3
hataichanok.optimo@gmail.com,ยำแซ่บชายคา,ยำแซ่บชายคา,Huai Khwang District,Restaurant,no,Low,0,,,,,openstreetmap,2,+66929342241,3372 ซ.สงบสุข ถ.พระราม 9 แขวงพัฒนาการ เขตสวนหลวง,,overture (meta),overture:dfef86e9-e922-4df8-ae9f-25478ce3c8d9
yumzaapnua@gmail.com,ยำแซ่บนัว,ยำแซ่บนัว,Huai Khwang District,Restaurant,no,Low,0,,,,,openstreetmap,1,+66838796166,445 Pracha Rat Bamphen Rd,10310,overture (meta),overture:45d3e60a-76c7-46e0-882d-7308eb6e0475
daow_dee@hotmail.com,ย่างกุ้งซีฟู้ด สาขา365 Yang Kung Seafood  365 ลาดพร้าว 48,ย่างกุ้งซีฟู้ด สาขา365 Yang Kung Seafood  365 ลาดพร้าว 48,Huai Khwang District,Seafood,no,Low,0,,,,,openstreetmap,1,+66949494262,679/4 ลาดพร้าว 48,10310,overture (meta),overture:a4c9b4d3-201b-4a92-a695-98b65784f637
organiclivingthailand2018@gmail.com,ย้ายไป Page Savory Malatang,ย้ายไป Page Savory Malatang,Huai Khwang District,Asian; Chinese,no,Low,0,,,,,openstreetmap,1,+66806536636,"G tower grand rama 9 , B floor , Kwang Huaikwang district, Khet Huaikwang Sub-district,Bangkok 10310",10310,overture (meta),overture:2d286489-7d82-4b05-a833-249968e8fc3e
mitchai17111973@gmail.com,รวมใจลาบจ๊อด,รวมใจลาบจ๊อด,Huai Khwang District,Restaurant,no,Low,0,,,,,openstreetmap,1,+66802708005,,,overture (meta),overture:8a85cfba-8e55-4cac-9598-79ae14ebe5ce
rosdeerosdet.boatnoodles@gmail.com,รสดีรสเด็ด เตี๋ยวเรือ,รสดีรสเด็ด เตี๋ยวเรือ,Huai Khwang District,Restaurant,no,Low,0,,,,,openstreetmap,1,+66988236591,1975/1 ถนน เพชรบุรี,10310,overture (meta),overture:328f5dce-aa05-49d4-aee1-89c53b072835
rotneua1989@gmail.com,รสเหนือกำกิ๋นเมือง,รสเหนือกำกิ๋นเมือง,Huai Khwang District,Asian; Thai,no,Low,0,,,,,openstreetmap,1,+66814566398,559 Soi Thale Bangkok,10310,overture (meta),overture:918d8ab8-01c7-4e65-a442-b354f0e49ee1
rotocha23@gmail.com,รสโอชาคั่วไก่,รสโอชาคั่วไก่,Huai Khwang District,Restaurant,no,Low,0,,,,,openstreetmap,1,+66805616523,23 ถนน สุทธิสารวินิจฉัย,10310,overture (meta),overture:febe8c9c-9d33-484c-913e-a9b0c3b722a8
rakraekjibkoffandcup@gmail.com,รักแรกจิบ Koff & Cup,รักแรกจิบ Koff & Cup,Huai Khwang District,Cafe,no,Low,0,,,,,openstreetmap,1,+66919919445,61 ถนน ประชาราษฎร์บําเพ็ญ,10310,overture (meta),overture:5d96bf97-d9e3-4733-8ba7-ba31873c3504
fullyfix.com@gmail.com,รัชดาชาบู,รัชดาชาบู,Huai Khwang District,Restaurant,no,Low,0,,,,,openstreetmap,1,+6620070798,450 Pracha Rat Bamphen Rd,10310,overture (meta),overture:685591a1-cdcf-4f82-a7f8-a210b2d17e57
rojnarong.store@gmail.com,ราชาซูชิ สี่แยกสุทธิสาร,ราชาซูชิ สี่แยกสุทธิสาร,Huai Khwang District,Asian; Sushi,no,Low,0,,,,,openstreetmap,1,+66957968889,,,overture (meta),overture:e9fc96bc-aeef-4e74-9202-0491854f9a60
nichaphat589@gmail.com,ราดหน้า&สุกี้ ตลาดพราวrca,ราดหน้า&สุกี้ ตลาดพราวrca,Huai Khwang District,Cafe,no,Low,0,,,,,openstreetmap,1,+66864447459,ตลาดพราวด์ ถนนจตุรทิศ แขวงบางกะปิ เขต ห้วยขวาง,10310,overture (meta),overture:a7b3279e-79aa-4ede-ae24-f2b50003c2b8
rim_bung@hotmail.com,ริมบึง,ริมบึง,Huai Khwang District,Asian; Thai,no,Low,0,,,,,openstreetmap,1,+6626912868,368/2 ซอยรัชดานิเวศน์ รัชดาภิเษก,10310,overture (meta),overture:da1a5f88-e957-4d35-b5f5-3cf6f2bdd69c
plearnplearn.byk@gmail.com,ร้าน เพลินเพลิน - เย็นเหล้า เช้ากาแฟ,ร้าน เพลินเพลิน - เย็นเหล้า เช้ากาแฟ,Huai Khwang District,Cafe,no,Low,0,,,,,openstreetmap,1,+6626527675,MRT เพชรบุรี ประตู1ถนน เพชรบุรีตัดใหม่,10310,overture (meta),overture:d9e5182b-a26b-44c4-8a1a-69f4b0d07b5c
zmmint123@gmail.com,ร้านmก๋วยเตี๋ยวไก่ตุ๋นมะระสาขาห้วยขวาง,ร้านmก๋วยเตี๋ยวไก่ตุ๋นมะระสาขาห้วยขวาง,Huai Khwang District,Restaurant,no,Low,0,,,,,openstreetmap,1,+66948490114,5/1 ถนน ประชาอุทิศ,10310,overture (meta),overture:0becfbd7-93b6-4c68-b617-f2c087224658
djnin108@gmail.com,ร้านก๋วยเตี๋ยว ตูดระเบิด  แซ่บจี๊ด กรี๊ดสลบ,ร้านก๋วยเตี๋ยว ตูดระเบิด  แซ่บจี๊ด กรี๊ดสลบ,Huai Khwang District,Restaurant,no,Low,0,,,,,openstreetmap,1,+66869705665,969 ประชาอุทิศ 1,10310,overture (meta),overture:dd9c66bc-483a-4c67-ab10-8174656326b9
basozone55@gmail.com,ร้านก๋วยเตี๋ยวไก่Running,ร้านก๋วยเตี๋ยวไก่Running,Huai Khwang District,Restaurant,no,Low,0,,,,,openstreetmap,1,+66816593584,ออกมาจาก,,overture (meta),overture:d1837b12-1433-48f2-97da-1af3990dcf95
kopong8686@gmail.com,ร้านขายทุเรียนอร่อย เจ้นัน,ร้านขายทุเรียนอร่อย เจ้นัน,Huai Khwang District,Restaurant,no,Low,0,,,,,openstreetmap,1,+66948198998,21-39 Pracha Rat Bamphen 24 Alley,10310,overture (meta),overture:1da7b0c9-f43d-4f3c-92b0-698c3e46dc57
tammareen1@gmail.com,ร้านข้าวแกงแม่เกษร,ร้านข้าวแกงแม่เกษร,Huai Khwang District,Restaurant,no,Low,0,,,,,openstreetmap,1,+66879315443,,,overture (meta),overture:ac68a822-34c5-4d93-961e-b435a936fc34
dada2523888@gmail.com,ร้านดาด้านมสด,ร้านดาด้านมสด,Huai Khwang District,Cafe,no,Low,0,,,,,openstreetmap,1,+66909740557,639 ประชาราษฎร์บําเพ็ญ 21,10310,overture (meta),overture:df25ad1e-4268-4f04-bce8-1284fc3e0e5d
koo_ree@hotmail.co.th,ร้านทะเลฟ้า อาหารป่า อาหารตามสั่ง,ร้านทะเลฟ้า อาหารป่า อาหารตามสั่ง,Huai Khwang District,Restaurant,no,Low,0,,,,,openstreetmap,1,+66825409836, 39/2 ถนนเลียบมอเตอร์เวย์ แขวงประเวศ เขตประเวศ,10250,overture (meta),overture:1f09c9fa-bb81-4250-8132-e4ae07b3a994
enomiss3220@hotmail.com,ร้านนมสดออมมิลค์,ร้านนมสดออมมิลค์,Huai Khwang District,Restaurant,no,Low,0,,,,,openstreetmap,1,,ประชาอุทิศ 19,10310,overture (meta),overture:863dd237-89ea-4113-a64e-a0e689597123
jackaeone@hotmail.com,ร้านป้าปรุงลุงขาย,ร้านป้าปรุงลุงขาย,Huai Khwang District,Asian; Thai,no,Low,0,,,,,openstreetmap,1,+66838901015,58 ทรูทาวเวอร์ ชั้นใต้ดิน Ratchadaphisek Rd,10310,overture (meta),overture:a3174372-4f18-4bcc-bf00-90ee8765f378
ongree.padthai@gmail.com,ร้านผัดไทยอองรี,ร้านผัดไทยอองรี,Huai Khwang District,Asian; Thai,no,Low,0,,,,,openstreetmap,1,+66837833225,ศูนย์อาหารโลตัสเอ็กเพลส Pracha Rat Bamphen 13 Rd,10310,overture (meta),overture:e1570cf3-0b78-4ebf-8216-211767dc0ff1
sapor123415@gmail.com,ร้านผัดไทยแอ๊ดอุบล,ร้านผัดไทยแอ๊ดอุบล,Huai Khwang District,Asian; Thai,no,Low,0,,,,,openstreetmap,1,+66841562099,เลขที่ 34 Pracha Rat Bamphen 24 Alley,10310,overture (meta),overture:a9f423ff-109a-496f-b127-c7c4b0c7b82a
prombeef@gmail.com,ร้านพร้อม ข้าวมันไก่ สิงคโปร์ (ชาญ2),ร้านพร้อม ข้าวมันไก่ สิงคโปร์ (ชาญ2),Huai Khwang District,Restaurant,no,Low,0,,,,,openstreetmap,1,+66928200292,"2922, ชั้นใต้ดิน อาคารชาญอิสสระทาวเวอร์ 2 New Phetchaburi Alley",10310,overture (meta),overture:c27a7957-6c4e-45f5-adb3-eb13f1fee444
nattaponglame17@gmail.com,ร้านมะพร้าวกัดมันส์,ร้านมะพร้าวกัดมันส์,Huai Khwang District,Asian; Thai,no,Low,0,,,,,openstreetmap,1,+66958929490,3 ประชาราษฎร์บําเพ็ญ 17 แยก 3,10310,overture (meta),overture:c93e38c3-0686-4114-804a-73c30e854fdb
kanchanokkawichai@gmail.com,ร้านลูกหมู หมูกระทะ,ร้านลูกหมู หมูกระทะ,Huai Khwang District,Restaurant,no,Low,0,,,,,openstreetmap,1,+66615054956,601/2 Sor. Thoranin 6 Alley,10310,overture (meta),overture:1281f387-18c6-4cc9-b3df-f52d74badf8a
creative.twobanana@gmail.com,ร้านหมูปิ้งรถไฟสาขาเพชบุรี,ร้านหมูปิ้งรถไฟสาขาเพชบุรี,Huai Khwang District,Restaurant,no,Low,0,Local,,https://www.wongnai.com/restaurants/506663jw-%E0%B8%AB%E0%B8%A1%E0%B8%B9%E0%B8%9B%E0%B8%B4%E0%B9%89%E0%B8%87%E0%B8%A3%E0%B8%96%E0%B9%84%E0%B8%9F,poonyduckfixed@gmail.com; changwonexpress@gmail.com; asd_tim@hotmail.com; nanbee11991@gmail.com; ckstation45@gmail.com; thewafflem102@gmail.com; joydararat.01@gmail.com,openstreetmap,1,+66949416369,Phetchaburi Rd,10310,overture (meta),overture:2c94d938-da53-410b-8c14-7018fb2919c7
mohhom.hotcuisine@gmail.com,ร้านหม้อหอม Mohhom Hot Cuisine 香锅餐厅热食厨房,ร้านหม้อหอม Mohhom Hot Cuisine 香锅餐厅热食厨房,Huai Khwang District,Restaurant,no,Low,0,,,,,openstreetmap,1,+66815198906,เลขที่ 773/43 Pracha Rat Bamphen Rd,10310,overture (meta),overture:17784313-59c8-4a48-9860-045a480e7158
jannyblue007@gmail.com,ร้านอาหารครัวอุ่นทิพย์,ร้านอาหารครัวอุ่นทิพย์,Huai Khwang District,Asian; Thai,no,Low,0,,,https://www.aoonthip.com/,,openstreetmap,1,+66863405815,3218 ถนน เพชรบุรี,10310,overture (meta),overture:b6129532-3991-4a83-8d95-5ecdbdc6d314
barabungearn@gmail.com,ร้านอาหารญี่ปุ่น เอโดะยะ,ร้านอาหารญี่ปุ่น เอโดะยะ,Huai Khwang District,Asian; Japanese,no,Low,0,,,,,openstreetmap,1,,9 ถนน เพชรพระราม,10310,overture (meta),overture:fe27c1e3-a68d-46e3-b5df-1258fbea930c
un_nathakan@hotmail.com,ร้านอาหารฟู่หวา,ร้านอาหารฟู่หวา,Huai Khwang District,Asian; Chinese,no,Low,0,,,,,openstreetmap,1,+66909929429,263 ถนน ประชาราษฎร์บําเพ็ญ,10310,overture (meta),overture:9f586eb7-d5c3-4a35-a76f-acdd07e5abcb
kamphonsak.09@gmail.com,ร้านอาหารร่มไม้ เทียมร่วมมิตร,ร้านอาหารร่มไม้ เทียมร่วมมิตร,Huai Khwang District,Restaurant,no,Low,0,,,,,openstreetmap,1,+66940803528,312 ถ.เทียมร่วมมิตร แขวงสามเสนนอก เขตห้วยขวาง,10310,overture (meta),overture:574819b4-0659-4b31-8db7-11b892b56ea5
asdornphaisan1@hotmail.com,ร้านอาหารสุนีย์ ปากน้ำปราณ,ร้านอาหารสุนีย์ ปากน้ำปราณ,Huai Khwang District,Seafood,no,Low,0,,,,,openstreetmap,1,+66877115150,1393/7 Lat Phrao 35/3 Alley,10310,overture (meta),overture:1ee1dc38-a2b4-4999-beea-e04f10b8a08d
rungnoknut@gmail.com,ร้านเจริญถาวร,ร้านเจริญถาวร,Huai Khwang District,Restaurant,no,Low,0,,,https://wongn.ai/2mel3,,openstreetmap,1,+66802120475,99 ซอย รุ่งเรือง,10310,overture (meta),overture:458303e0-cb69-4139-bc7e-073a3ef50b9f
sarunya.kaew@gmail.com,ร้านเจ๊ศรีขาหมูเป็ดพะโล้ อมรพันธ์9,ร้านเจ๊ศรีขาหมูเป็ดพะโล้ อมรพันธ์9,Huai Khwang District,Asian; Thai,no,Low,0,,,,,openstreetmap,1,+66863015203,อมรพันธ์ 9 / ลาดพร้าว 71 ตลาดนัดนกแก้ว / วัดลาดพร้าว / มัยลาภ ,10310,overture (meta),overture:c07c5b47-4174-42a7-9abd-8e80333e1aa9
aeyusanee17@gmail.com,ร้านเดิมข้าวมันไก่,ร้านเดิมข้าวมันไก่,Huai Khwang District,Asian; Thai,no,Low,0,,,,,openstreetmap,1,+66816432157,"929, 3 Soi Lat Phrao 48",10310,overture (meta),overture:aba1c058-80c9-4cbf-8714-2e9dc34fc0bd
pandamooyoug@gmail.com,ร้านแพนด้าหมูหยอง,ร้านแพนด้าหมูหยอง,Huai Khwang District,Restaurant,no,Low,0,,,,,openstreetmap,1,+66819220086,"119 Pracha Rat Bamphen 7 Alley, Lane 1",10310,overture (meta),overture:5de7c841-3244-48fe-9b33-61aaddcb98ad
thitiya2244@gmail.com,ร้านแม่แสตมป์ก๋วยเตี๋ยวต้มยำหมูสับโบราณ,ร้านแม่แสตมป์ก๋วยเตี๋ยวต้มยำหมูสับโบราณ,Huai Khwang District,Restaurant,no,Low,0,,,http://www.thitiya.com/,,openstreetmap,1,+66626474499,2 ถนน เพชรพระราม,10310,overture (meta),overture:98ae5f56-6ff3-461a-b52b-e6d905aaca77
suttirak.arm@gmail.com,ร้านโจ๊ก เจ้ชาลี,ร้านโจ๊ก เจ้ชาลี,Huai Khwang District,Restaurant,no,Low,0,,,,,openstreetmap,1,+66900173837,9 ซอย 20 มิถุนา,10310,overture (meta),overture:3ed29135-becd-43ff-ae98-ad49ea982d98
panadda2529a@gmail.com,ร้านไก่ย่างร่มแดง,ร้านไก่ย่างร่มแดง,Huai Khwang District,Restaurant,no,Low,0,,,,,openstreetmap,1,+66813830952,QR73+C8C กรุงเทพมหานคร,10520,overture (meta),overture:9be8820b-906f-43af-bfe7-578d342eb978
lung-cha@hotmail.com,ร้านไร่ลุงชา,ร้านไร่ลุงชา,Huai Khwang District,Restaurant,no,Low,0,,,http://www.lungcha.com/,,openstreetmap,2,+66813217579,172 ซอย ลาดพร้าว 96,10310,overture (meta),overture:bbac2a2e-1b64-4769-b512-e5308d8d01a8
supat0897846338@gmail.com,ลองแล ข้าวแกงปักษ์ใต้นครศรี&ขนมจีนนำ้ยาปูฯลฯ,ลองแล ข้าวแกงปักษ์ใต้นครศรี&ขนมจีนนำ้ยาปูฯลฯ,Huai Khwang District,Restaurant,no,Low,0,,,,,openstreetmap,1,+66897846338,ใต้อาคารว่องวานิช พระราม 9,10320,overture (meta),overture:4860464f-fdd8-427c-9944-06463b745887
lab.buncha2024@gmail.com,ลาบบัญชา,ลาบบัญชา,Huai Khwang District,Restaurant,no,Low,0,,,,,openstreetmap,1,+66838846803,ซอยลาดพร้าว 48 ถนนลาดพร้าว ห้วยขวาง,10320,overture (meta),overture:dcf03aa0-6c2d-48ab-9f84-37cdbbf0182b
larppedyaso.classic@gmail.com,ลาบเป็ดยโส คลาสสิก เหม่งจ๋าย,ลาบเป็ดยโส คลาสสิก เหม่งจ๋าย,Huai Khwang District,Asian; Thai,no,Low,0,,,,,openstreetmap,1,+66909142355,780 Pracha Uthit Rd,10310,overture (meta),overture:021968e4-db59-490a-872b-4dbfbfc1e9f5
linzhongmookata@gmail.com,ลินจงหมูกระทะ,ลินจงหมูกระทะ,Huai Khwang District,Restaurant,no,Low,0,,,,,openstreetmap,1,+66925965478,เรียบรางรถไฟทางออก ถ. เพชรบุรี แขวงบางกะปิ บางกะปิ กรุงเทพมหานคร 10310,10310,overture (meta),overture:3fa2adc0-4586-4a95-b76e-3ec77224ce75
rossaporn.air@gmail.com,ลุงเลื่อน ต้นตำรับก๋วยเตี๋ยวไก่โบราณ ห้วยขวาง,ลุงเลื่อน ต้นตำรับก๋วยเตี๋ยวไก่โบราณ ห้วยขวาง,Huai Khwang District,Asian; Japanese,no,Low,0,,,,,openstreetmap,1,+66839822926,217 Pracha Rat Bamphen 5 Alley,10310,overture (meta),overture:614d7ce2-edc9-43b1-ab04-d21481e7dd51
lannuas888@gmail.com,ล้านนัวส์,ล้านนัวส์,Huai Khwang District,Asian; Thai,no,Low,0,,,,,openstreetmap,1,+66635925523,"7, 19 Sutthisan Winitchai Rd",10310,overture (meta),overture:4e8256b0-cd76-45dd-a690-2b882582858b
warawut.vani@gmail.com,วรา ก๋วยเตี๋ยวหมูต้มยำ,วรา ก๋วยเตี๋ยวหมูต้มยำ,Huai Khwang District,Restaurant,no,Low,0,,,,,openstreetmap,1,+66639241896,371 Pracha Uthit Rd,10310,overture (meta),overture:851eead2-50ba-4ce4-90f6-c3c05b43bd99
watchara.restaurant@gmail.com,วัชร ข้าวมันไก่ สาขาภาวนา,วัชร ข้าวมันไก่ สาขาภาวนา,Huai Khwang District,Restaurant,no,Low,0,,,,,openstreetmap,1,+66841499494,"ติดกับลงรถไฟฟ้าสายสีเหลือง สถานีภาวนา 61,63 ซอยภาวนา (ร้านอยู่ปาก Lat Phrao 37 Alley",10310,overture (meta),overture:a01ef680-cdb9-413e-a335-f975b1a7caad
agproperty.sales@gmail.com,ศูนย์อาหารคุณแพรว ซอยอุดมสุข แยก 6 หลังตลาดเมืองไทยภัทร,ศูนย์อาหารคุณแพรว ซอยอุดมสุข แยก 6 หลังตลาดเมืองไทยภัทร,Huai Khwang District,Restaurant,no,Low,0,,,,,openstreetmap,1,+66623287963,,,overture (meta),overture:3c780bc8-dfd7-4b97-88f1-8e50ee78d1c5
strackyumpama9@gmail.com,สะแตกยำ StrackYum  กรุ๊ป,สะแตกยำ StrackYum  กรุ๊ป,Huai Khwang District,Restaurant,no,Low,0,,,,,openstreetmap,1,,Central,10310,overture (meta),overture:2edb2bca-c206-4c53-9f0e-28f0faba2df6
ratree0813630161@gmail.com,สา หลบมุมกาแฟนมสด,สา หลบมุมกาแฟนมสด,Huai Khwang District,Cafe,no,Low,0,,,,,openstreetmap,1,+66813630161,ตลาดนัดเมืองไทยภัทร เลขที่56/7 ท้ายซอยอุดมสข ซอย รุ่งเจริญ,10310,overture (meta),overture:bdb4dde4-af63-4f4c-84e6-3212646ce012
lawan2904@gmail.com,สุกี้จินดา 金达火锅 สาขา ห้วยขวาง,สุกี้จินดา 金达火锅 สาขา ห้วยขวาง,Huai Khwang District,Restaurant,no,Low,0,,,,,openstreetmap,1,+66653431912,102 ซอยโรหิตสุข แขวงห้วยขวาง เขตห้วยขวาง,10310,overture (meta),overture:f3379109-dc32-42b9-ac51-445a70bbd9e8
wou1234wou@gmail.com,สุกี้ดารา,สุกี้ดารา,Huai Khwang District,Asian; Chinese,no,Low,0,,,,,openstreetmap,1,+66816862533,ร้านสุกี้ดารา เลขที่ 420 Pracha Rat Bamphen Rd,10310,overture (meta),overture:3275f997-64b6-4793-8644-75d871d842e2
sukihuacai@gmail.com,สุกี้หัวฉาย 华彩涮烤小火锅,สุกี้หัวฉาย 华彩涮烤小火锅,Huai Khwang District,Asian; Chinese,no,Low,0,,,,,openstreetmap,1,+66822906102,475/1 ประชาราษฎร์บําเพ็ญ 13,10310,overture (meta),overture:8b2fa6eb-beb8-47ab-be97-801430c15ac0
doomhuman@gmail.com,หนานข้าวมันไก่南,หนานข้าวมันไก่南,Huai Khwang District,Restaurant,no,Low,0,,,,,openstreetmap,1,+66621282993,75/2 ลาดพร้าว 48,10310,overture (meta),overture:7b360266-f9af-408a-afa3-8988622f3206
chappeechen@gmail.com,หมาล่าอารมณ์ดี 欢囍串串香,หมาล่าอารมณ์ดี 欢囍串串香,Huai Khwang District,Restaurant,no,Low,0,,,,,openstreetmap,1,+66613398936,4 ถนน รัชดาภิเษก,10310,overture (meta),overture:9c781604-cb52-4dd8-a6c8-b581e16e57c9
thefirebearroomquestsuththisar@gmail.com,หมีพ่นไฟ สุทธิสาร,หมีพ่นไฟ สุทธิสาร,Huai Khwang District,Asian; Thai,no,Low,0,,,,,openstreetmap,1,+66970405069,,,overture (meta),overture:cf20e116-499d-4f17-8618-424c6b1fcf62
wongduen1563@gmail.com,หมูทอด ปังปังโป๊ะ,หมูทอด ปังปังโป๊ะ,Huai Khwang District,Asian; Thai,no,Low,0,,,,,openstreetmap,1,+66917756813,590 ซอย รัชดานิเวศน์,10310,overture (meta),overture:d9046387-183f-416a-bdc2-383643ecafb9
thesevenporks@gmail.com,หมูทอดทั้งเจ็ด,หมูทอดทั้งเจ็ด,Huai Khwang District,Asian; Thai,no,Low,0,,,,,openstreetmap,1,+66819813069,หมูทอดทั้งเจ็ด,10310,overture (meta),overture:b64f0653-8497-4faa-a726-3816503a25cd
manon2029@gmail.com,หมูปลาร้า เรื่องหมูหมูของนายหมี,หมูปลาร้า เรื่องหมูหมูของนายหมี,Huai Khwang District,Restaurant,no,Low,0,,,,,openstreetmap,1,+66804190099,Ratchadaphisek 20 Alley,10310,overture (meta),overture:cc037030-65cd-4920-87cc-108dc91ad739
ployjaa-1992@hotmail.com,หม่าล่า ฉงชิ่ง ส่งตรงจากจีน 曼谷的重庆火锅,หม่าล่า ฉงชิ่ง ส่งตรงจากจีน 曼谷的重庆火锅,Huai Khwang District,Restaurant,no,Low,0,Local,,http://Chongqinghotpot.blogspot.com/,,openstreetmap,1,+66949891161,4 ถนน ประชาราษฎร์บําเพ็ญ,10310,overture (meta),overture:2bcd7c41-45fa-4fd9-b6c5-7c46f91ca0a2
malahouse371@gmail.com,หม่าล่าเฮ้าส์ 麻辣屋 371,หม่าล่าเฮ้าส์ 麻辣屋 371,Huai Khwang District,Asian; Chinese,no,Low,0,,,,,openstreetmap,1,,ถนนประชาราษฎร์บำเพ็ญ 24,10310,overture (meta),overture:36891efe-c27f-4a86-a6e4-846daaf973b9
mixer.pond@gmail.com,หลงแฟ Slow Bar,หลงแฟ Slow Bar,Huai Khwang District,Cafe,no,Low,0,,,,,openstreetmap,1,+66863222246,666 33 Pracha Rat Bamphen 26/8 Alley,10310,overture (meta),overture:c9907632-b8ff-4f9b-81c4-c157a3f9671a
pungkung6969@gmail.com,หลบมุม ซอยภาวนา,หลบมุม ซอยภาวนา,Huai Khwang District,Restaurant,no,Low,0,,,,,openstreetmap,1,+66629897826,233/1 ลาดพร้าว 41 แยก 2,10310,overture (meta),overture:2dc103a5-1e33-47a6-804e-d27a5d82f601
tarratpi@gmail.com,หลายรส พระรามหก,หลายรส พระรามหก,Huai Khwang District,Asian; Thai,no,Low,0,,,,,openstreetmap,1,+6622792895,,,overture (meta),overture:7c3b873b-4565-480e-af99-ac1d0468937d
ta.thungsong@gmail.com,หอมฉุย แกงใต้&ขนมจีนปักษ์ใต้,หอมฉุย แกงใต้&ขนมจีนปักษ์ใต้,Huai Khwang District,Restaurant,no,Low,0,,,,,openstreetmap,1,+66614103420,สุทธิสาร-รัชดาภิเษก,10310,overture (meta),overture:8157863f-4a38-402e-80b3-66fccff67ecb
sarawut639nung@gmail.com,หอมปลาเผา,หอมปลาเผา,Huai Khwang District,Restaurant,no,Low,0,,,,,openstreetmap,1,+66627759198,รัชดา 18,10310,overture (meta),overture:dc13ea01-8a5c-4584-8bb0-4f5c8f1be0d3
noiauto2519@gmail.com,อนุยำตามสั่ง,อนุยำตามสั่ง,Huai Khwang District,Restaurant,no,Low,0,,,,,openstreetmap,1,+66904160475,,,overture (meta),overture:3c6fe25e-6b92-42e4-b670-19d63866ea49
chai14081992@gmail.com,อร่อยชัวร์หม่าล่าช่วนช่วน,อร่อยชัวร์หม่าล่าช่วนช่วน,Huai Khwang District,Restaurant,no,Low,0,,,,,openstreetmap,1,+66882528509,170/1 Pracha Rat Bamphen Rd,10310,overture (meta),overture:9d8604ab-08e1-41c6-88e9-7a004118983a
parichat102539@gmail.com,อาหารตามสั่งน้องบี,อาหารตามสั่งน้องบี,Huai Khwang District,Asian; Thai,no,Low,0,,,,,openstreetmap,1,+66984083167,หัวมุมสี่แยก ซ.อุดมสุขแยก6 ถ.สุทธิสาร เขต,10320,overture (meta),overture:e93243b3-a14e-4681-967d-d50cb70b9476
nganprasit.sakul@gmail.com,อาหารเหนือ จันทร์หุ่น,อาหารเหนือ จันทร์หุ่น,Huai Khwang District,Restaurant,no,Low,0,,,,,openstreetmap,1,+66816534276,662 ตลาดสดจันทร์หุ่น ร้านติดเซเว่น 61 61 Soi Pracha Rat Bamphen 26,10310,overture (meta),overture:c5f9b363-2f0b-41be-b2b4-aab9e6f9eaad
cccs@itd.co.th,อิตัลไทย เทรวี่,อิตัลไทย เทรวี่,Huai Khwang District,Asian; Thai,no,Low,0,,,,,openstreetmap,1,+6627160074,"2034/159 อาคาร Italthai Tower, ชั้น 42 Phetchaburi Rd",10310,overture (meta),overture:e992e29e-dd39-479c-acdf-9a9e22903c1f
ananchai407@gmail.com,อิ่มอร่อย อาหารตามสั่ง อาหารอีสาน,อิ่มอร่อย อาหารตามสั่ง อาหารอีสาน,Huai Khwang District,Restaurant,no,Low,0,,,,,openstreetmap,1,+66984967942,,,overture (meta),overture:5b392e43-61c0-41ad-80d0-f72e46c26948
jaekoilamsing@gmail.com,อีสานลำซิ่ง แฟนเพจ,อีสานลำซิ่ง แฟนเพจ,Huai Khwang District,Restaurant,no,Low,0,,,,,openstreetmap,1,+66839344456,57/5 ถนน เพชรพระราม,10310,overture (meta),overture:2b5b438e-28cb-4c3c-9cf2-b9e06041db72
noy.foodie@gmail.com,อีสานหนองบัว,อีสานหนองบัว,Huai Khwang District,Restaurant,no,Low,0,,,,,openstreetmap,1,+66980152888,445 รัชดานิเวศน์ แยก 7,10310,overture (meta),overture:98130c46-b75c-44b0-ab42-b3ee8c23ad35
kuk_k_kai@hotmail.com,ฮัลโลกุ๊กไก่ Hellokukkai,ฮัลโลกุ๊กไก่ Hellokukkai,Huai Khwang District,Restaurant,no,Low,0,,,,,openstreetmap,1,+66914976888,20 ประชาราษฎร์บําเพ็ญ 24,10310,overture (meta),overture:7db5e7b6-24da-49a9-97fe-7739704b9e6c
huaziwei2018@gmail.com,ฮัว จือ เว่ย อาหารจีนสไตล์ฉงชิ่ง,ฮัว จือ เว่ย อาหารจีนสไตล์ฉงชิ่ง,Huai Khwang District,Asian; Chinese,no,Low,0,,,,,openstreetmap,1,+66918584564,บ้านเลขที่5 Pracha Rat Bamphen 11 Alley,10310,overture (meta),overture:72473660-b495-42b1-aec9-95140f251e1c
orina.otaku@gmail.com,ฮายาชิ,ฮายาชิ,Huai Khwang District,Asian; Japanese,no,Low,0,,,,,openstreetmap,1,+66812403388,637 ซอย รัชดานิเวศน์,10310,overture (meta),overture:fcc61322-147b-41f0-8dd4-cfde16c0747e
nantawatkeng29@gmail.com,เก่ง คอฟฟี่ - ตลาดเมืองไทยภัทร รัชดา,เก่ง คอฟฟี่ - ตลาดเมืองไทยภัทร รัชดา,Huai Khwang District,Cafe,no,Low,0,,,,,openstreetmap,1,+66656262563,24 ซอย อุดมสุข,10310,overture (meta),overture:11fafead-1792-4445-97bb-dd3c2b0fdba7
khiang.asoke@gmail.com,เขียง ประสานมิตร-อโศก,เขียง ประสานมิตร-อโศก,Huai Khwang District,Asian; Thai,no,Low,0,,,,,openstreetmap,1,+66629461961,1736 New,10310,overture (meta),overture:679fe7fb-6f22-4d91-b0fe-233933182023
baan.kanploo.me@gmail.com,เคาหยกอาม่า,เคาหยกอาม่า,Huai Khwang District,Asian; Thai,no,Low,0,,,,,openstreetmap,1,+66868625555,99 ถนน พระราม 9,10310,overture (meta),overture:69e90536-e9c3-4e08-b95d-6dc262a02e68
chaoshahdelicacy@gmail.com,เฉาห่าวเว่ย Rca,เฉาห่าวเว่ย Rca,Huai Khwang District,Restaurant,no,Low,0,,,,,openstreetmap,1,+66653921888,RCA ซ. เพชรบุรี 47 แขวงบางกะปิ เขตห้วยขวาง ,10310,overture (meta),overture:7cbd483e-5c50-4461-86de-f9e9d81481d3
tontno1234@gmail.com,เฉาเทียนเหมิน ฮอทพอท 朝天门火锅,เฉาเทียนเหมิน ฮอทพอท 朝天门火锅,Huai Khwang District,Asian; Japanese,no,Low,0,,,,,openstreetmap,1,+66830707896,14 ถนน รัชดาภิเษก,10310,overture (meta),overture:52acfe63-7ba1-467f-8a64-d51dda4621fc
sunisakosa1979@gmail.com,เตี๋ยวแสบตูด,เตี๋ยวแสบตูด,Huai Khwang District,Restaurant,no,Low,0,,,,,openstreetmap,1,+66634198246,31 ซ.ประชาราษฎร์บำเพ็ญ24 ถ.ประชาราษฎร์บำเพ็ญ สามเสนนอก ห้วยขวาง กทม. 10310,10310,overture (meta),overture:9c25df0a-3649-48af-bc21-259eb2a839aa
suchanya192a@gmail.com,เต็มคำ Food & Drink,เต็มคำ Food & Drink,Huai Khwang District,Bar,no,Low,0,,,,,openstreetmap,1,+66917167698,13 ประชาราษฎร์บําเพ็ญ 17,10310,overture (meta),overture:274d34b7-0d75-41aa-9fac-d770a755cd55
tofuekkamai@gmail.com,เต้าหู้โฮมเมด,เต้าหู้โฮมเมด,Huai Khwang District,Takeaway,no,Low,0,,,,,openstreetmap,1,+66988874265,เอกมัย,10310,overture (meta),overture:12871e6f-5ab5-4632-9ce3-04742155aa1b
ter.proudmarket@gmail.com,เต๋อตำยำระเบิด สาขาพระราม9,เต๋อตำยำระเบิด สาขาพระราม9,Huai Khwang District,Asian; Thai,no,Low,0,,,,,openstreetmap,1,+66909598526,19 ซอย ศูนย์วิจัย 5,10310,overture (meta),overture:8c6e5031-469e-41b8-99af-262f39d3863c
nuerhom.noodles@gmail.com,เนื้อหอม Thai Boat Noodles,เนื้อหอม Thai Boat Noodles,Huai Khwang District,Asian; Thai,no,Low,0,,,,,openstreetmap,1,+6621681239,The Shoppes Rama9,10310,overture (meta),overture:e06d4721-4878-447f-835b-e3c5455b5c57
udom.pool1971@gmail.com,เป็ดย่างเชฟอุดม,เป็ดย่างเชฟอุดม,Huai Khwang District,Restaurant,no,Low,0,,,,,openstreetmap,1,+66863311881,207 ประชาราษฎร์บําเพ็ญ 5 แยก 6,10310,overture (meta),overture:fca503b2-492f-4d61-9bd3-7fa662f6a4af
chanlaem_cafe@hotmail.com,เรือนจันทร์แหล่ม,เรือนจันทร์แหล่ม,Huai Khwang District,Asian; Thai,no,Low,0,,,,,openstreetmap,1,+66917269653,15 ซอยสบายใจ,,openstreetmap,https://www.openstreetmap.org/node/9728534329
caffelmello@live.com,เอล เมลโล,เอล เมลโล,Huai Khwang District,Restaurant,no,Low,0,,,,,openstreetmap,1,+66827919392,ถนน เพชรบุรีตัดใหม่ ห้วยขวาง Thai Summit Tower,10110,overture (meta),overture:84bf2285-0b5f-4abc-b642-d6252bbb4c42
thairat.nelpluk@gmail.com,เอิ้นดาวกระเพราถาด,เอิ้นดาวกระเพราถาด,Huai Khwang District,Takeaway,no,Low,0,,,,,openstreetmap,1,+66927306555,ถนนสุทธิสาร\n,10250,overture (meta),overture:1f25735e-8a98-48d3-b28f-33781f202a0f
suphanneesorm@gmail.com,เอ็นไก่ตุ๋นสะท้านฟ้า ตลาดละลายทรัพย์รัชดาซอย,เอ็นไก่ตุ๋นสะท้านฟ้า ตลาดละลายทรัพย์รัชดาซอย,Huai Khwang District,Restaurant,no,Low,0,,,,,openstreetmap,1,+66823436465,ตลาดละลายทรัพย์ รัชดาซอย4 ห้อง. D6,10310,overture (meta),overture:2f554c0a-c40b-4374-bd41-9c227dcbaaa2
bbqbear113@gmail.com,เฮียหมีไก่ย่าง Rca,เฮียหมีไก่ย่าง Rca,Huai Khwang District,Restaurant,no,Low,0,,,,,openstreetmap,1,+66818411896,29 109 RCA Alley,10310,overture (meta),overture:22b6a3d3-9b70-4d8c-8848-37e644cb6f46
h.liangbkk@gmail.com,เฮียเหรี่ยง ราดหน้าน้ำทอง,เฮียเหรี่ยง ราดหน้าน้ำทอง,Huai Khwang District,Cafe,no,Low,0,,,,,openstreetmap,1,+66654566162,633/2 Pracha Rat Bamphen 21 Alley,10310,overture (meta),overture:e2441660-54b1-4070-b4e1-e41cc2928dff
art.aon@gmail.com,แซ่บนัวครัวอิสาน ทองหล่อ,แซ่บนัวครัวอิสาน ทองหล่อ,Huai Khwang District,Restaurant,no,Low,0,,,,,openstreetmap,1,+66811308168,เพชรบุรีตัดใหม่,10310,overture (meta),overture:573d1847-6ab2-4c62-9060-b7900df88f28
zabranow123@gmail.com,แซ่บระนาว - Zap Ranow Ratchada 18,แซ่บระนาว - Zap Ranow Ratchada 18,Huai Khwang District,Asian; Thai,no,Low,0,,,,,openstreetmap,1,+66829915055,18 ถนน รัชดาภิเษก,10310,overture (meta),overture:740bcc11-091b-4c5a-b231-3473e71d0426
saveeviweeproduction@gmail.com,แอ๊วคาเฟ่,แอ๊วคาเฟ่,Huai Khwang District,Cafe,no,Low,0,,,,,openstreetmap,1,+66957647917,198 ถนน รัชดาภิเษก,10310,overture (meta),overture:d9a84a5e-19fc-491f-8b85-963d83f0256e
kohkaenfoods@gmail.com,โก๋แก่น - KohKaen,โก๋แก่น - KohKaen,Huai Khwang District,Restaurant,no,Low,0,,,,,openstreetmap,1,,55/1 ซ.อุดมสุขแยก 3,,overture (meta),overture:86596997-72d5-40ac-b924-529e4c1ccaf5
shoryuramenthailand@gmail.com,โชริว ราเมง  - SHO RYU Ramen,โชริว ราเมง  - SHO RYU Ramen,Huai Khwang District,Asian; Japanese,no,Low,0,,,,,openstreetmap,1,+66642594892,ถนนรัชดาภิเษก,10320,overture (meta),overture:8887b613-b7c8-4a75-985c-5d5f9bb186f3
localaroi.official@gmail.com,โลเคิล อร่อย - Local Aroi,โลเคิล อร่อย - Local Aroi,Huai Khwang District,Asian; Thai,no,Low,0,,,,,openstreetmap,1,+66645598636,6 ประชาราษฎร์บําเพ็ญ 6,10310,overture (meta),overture:ee069ba7-a321-4925-a899-6373f85257b0
onlykaikauon@gmail.com,โอลี่ไข่ข้น - OnlyKaikon,โอลี่ไข่ข้น - OnlyKaikon,Huai Khwang District,Restaurant,no,Low,0,,,,,openstreetmap,1,+66647322138,Tc Green Condo 276 Rama IX Rd,10310,overture (meta),overture:b9258088-4821-456a-8370-f54cc9783ce8
baibua.chiangtung@gmail.com,ใบบัว - อาหารเชียงตุง,ใบบัว - อาหารเชียงตุง,Huai Khwang District,Asian; Thai,no,Low,0,,,https://wongn.ai/8i6p,,openstreetmap,1,+6626903166,6 ประชาราษฎร์บําเพ็ญ 9,10310,overture (meta),overture:d1e6c7e0-282b-4b6e-ba83-658db07099cd
paitongton@gmail.com,ไผ่ทองไอสครีมสาขาเหม่งจ๋ายรัชดา,ไผ่ทองไอสครีมสาขาเหม่งจ๋ายรัชดา,Huai Khwang District,Ice cream,no,Low,0,,,,,openstreetmap,1,+66887513591,156 67 Pracha Rat Bamphen 14 Alley,10310,overture (meta),overture:ef117cbe-7acd-4381-8902-b4167fa57d3c
pairinpunyai2528@gmail.com,ไพลินเกาเหลาเลือดหมู,ไพลินเกาเหลาเลือดหมู,Huai Khwang District,Restaurant,no,Low,0,,,,,openstreetmap,1,+66863295576,773 23 Pracha Rat Bamphen Rd,10310,overture (meta),overture:82bca6d8-ae7a-4116-b4db-52bd05941dc5
birth.w@gmail.com,ไม่เหมือนเดิมคาเฟ่,ไม่เหมือนเดิมคาเฟ่,Huai Khwang District,Cafe,no,Low,0,,,,,openstreetmap,1,+66868310259,,,overture (meta),overture:1bc87056-550a-458b-9a7b-536fa47d2a92
maygiza@hotmail.com,ไออุ่น Coffee,ไออุ่น Coffee,Huai Khwang District,Cafe,no,Low,0,,,,,openstreetmap,1,,96 ถนน เพชรบุรี,10310,overture (meta),overture:4b32ce3f-75df-4f8b-9266-426596062474
zmm18804318432@gmail.com,小龙坎曼谷店Shoo loong kan - เสี่ยวหลงข่าน,小龙坎曼谷店Shoo loong kan - เสี่ยวหลงข่าน,Huai Khwang District,Asian; Chinese,no,Low,0,,,,,openstreetmap,1,+66809697777,1 Soi Phetchaburi 47,10310,overture (meta),overture:d31ccf1f-1fee-4433-aa1a-0f33e420182d
107409938@qq.com,東北燒烤-บาร์บีคิวอีสาน,東北燒烤-บาร์บีคิวอีสาน,Huai Khwang District,Restaurant,no,Low,0,,,,,openstreetmap,1,+66955675250,34/4 ถนนเทียนร่วมมิตร แขวงห้วยขวาง เขตห้วยขวาง,10320,overture (meta),overture:601335f6-8e70-4447-a4f4-dd3047f76c4a
thaifun2023@gmail.com,牧羊人滋补养生火锅 เชพเพิร์ด ฮอท พอท,牧羊人滋补养生火锅 เชพเพิร์ด ฮอท พอท,Huai Khwang District,Asian; Chinese,no,Low,0,,,,,openstreetmap,1,+66929809888,29 91-92 RCA Alley,10310,overture (meta),overture:370a88b0-f76c-4010-93e3-dfa686d45c53
cchhaaii11662288@gmail.com,金达火锅 จินดาสุกกี้,金达火锅 จินดาสุกกี้,Huai Khwang District,Asian; Chinese,no,Low,0,,,,,openstreetmap,1,+66929516821,4 ถนน ประชาราษฎร์บําเพ็ญ,10310,overture (meta),overture:e4db7bda-467d-4ccc-9aac-2ae1543112a8
