email,name,name_local,district,categories,english,english_priority,english_score,site_language,why,website,other_emails,email_source,locations,phone,address,postcode,source,osm_url
delindeckcafe@gmail.com,Deli & Deck,,Khlong Luang District,Deli,yes,High,5,Bilingual,website has English; Western food (Deli); English/Latin-script name,https://lin.ee/WxWjpWM,,openstreetmap,1,+66816165396,"44, 44/28 โครงการมั่งมีนคร ซอย 3 พหลโยธิน",12120,overture (meta),overture:b41deb50-76b1-4996-b480-145b9322db7b
wanich_pp@hotmail.com,มิตซูบิชิโปรแรงรับสิทธิพิเศษทันที,มิตซูบิชิโปรแรงรับสิทธิพิเศษทันที,Khlong Luang District,Western,yes,High,5,English,website in English; Western food (Western),https://www.mitsubishi-motors.co.th/,,openstreetmap,1,+66906414222,67/44 พหลโยธิน,12120,overture (meta),overture:202295c0-79f0-486c-bf13-d457dd07346c
info@cptthailand.com,CPT Fac.,,Khlong Luang District,Asian; Thai,yes,High,4,English,website in English; English/Latin-script name,https://www.CPTthailand.com,,venue website,1,,,,overture (meta),overture:229eb3fa-5fe1-4046-a394-fd4cf837ec12
marketing@hauteh.com,Haute House,,Khlong Luang District,Bar,yes,High,4,English,website in English; English/Latin-script name,http://www.hauteh.com/,,openstreetmap,1,+6629088077,"58/852 Moo 13 Klong Luang, Klong Neung",12120,overture (meta),overture:15f3820e-4242-4b16-83e8-1b95bb7cc901
lenoircafe11@gmail.com,Le Noir,เลอนัว,Khlong Luang District,Asian; Pizza; Thai,yes,High,4,Bilingual,website has English; Western food (Pizza),https://lenoircuisine.com/,,openstreetmap,1,+66824297445,,,openstreetmap,https://www.openstreetmap.org/way/1154988994
luckydayhub@gmail.com,Luckyday Coffee Hub,,Khlong Luang District,Cafe,yes,High,4,English,website in English; English/Latin-script name,https://lin.ee/5Lkwn73,,openstreetmap,1,+66917494661,"9, 132",12120,overture (meta),overture:2f21a344-a88a-4c22-9c00-7f3cf70fb4fb
contact@longbeachsyrup.com,mikawa,,Khlong Luang District,Cafe,yes,High,4,English,website in English; English/Latin-script name,https://www.mikawacafe.com/,contact@mikawacafe.com,openstreetmap,1,,,,overture (meta),overture:cf5bad73-5f4a-4500-b8f8-c012939cc9c2
coffeemunhwa.official@gmail.com,Nine Coffee,,Khlong Luang District,Cafe,yes,High,4,English,website in English; English/Latin-script name,https://ninecoffee.net/,,venue website,2,+66971799082,เลขที่ 14/1 หมู่ 5 คลองสี่,12120,overture (meta),overture:db4fa414-43c0-4796-bb57-20b23d9985ea
koe1985@gmail.com,PTHJ Cafe,,Khlong Luang District,Cafe,yes,High,4,English,website in English; English/Latin-script name,https://sites.google.com/.../%E0%B9%80%E0%B8%A1%E0%B8%99,,openstreetmap,1,+66937523139,PTHJ Cafe ตลาดไทยสมบูรณ์ คลองสาม คลองสาม อำเภอคลองหลวง ปทุมธานี 12120,12120,overture (meta),overture:ce594273-7fe6-47f5-ae37-f68f5a772437
redcafe.official@gmail.com,Red Cafe Street Coffee,,Khlong Luang District,Cafe,yes,High,4,English,website in English; English/Latin-script name,https://lin.ee/gdOyPxw,,openstreetmap,1,,"73 Soi Klong Luang 17, Khlong Nueng, Khlong Luang District, Pathum Thani",12120,overture (meta),overture:89714993-c041-4f39-b126-89935e9e4946
hello@spunkyfood.com,SpunkyFood,,Khlong Luang District,Restaurant,yes,High,4,English,website in English; English/Latin-script name,https://www.spunkyfood.com/,sales@spunkyfood.com,openstreetmap,1,+6621931799,62/54-55 Moo 3 Klongnueng Klongluang ,12120,overture (meta),overture:e07b2165-71ed-4400-8b08-13e60c107f6a
thaibimstec@gmail.com,"Thai-Bimstec International Co.Ltd,Export fruit&vegetable",,Khlong Luang District,Asian; Thai,yes,High,4,English,website in English; English/Latin-script name,http://www.thai-bimstec.com/,,openstreetmap,1,,,,overture (meta),overture:99f4528b-d9a4-4bb1-a6d1-b2cb4491547b
nopphanut.m@dnthailand.com,Vigilant Boardgame Cafe,,Khlong Luang District,Cafe,yes,High,4,English,website in English; English/Latin-script name,https://discord.gg/eYE5dc9qNk,,openstreetmap,1,+66962428799,2/631,12120,overture (meta),overture:cade6262-6d23-406e-b463-2968ef1bf2dc
bpp_p01@bpp.go.th,Amazon,,Khlong Luang District,Cafe,yes,Medium,3,Bilingual,website has English; English/Latin-script name,https://www.amazonbangkok.com/,,openstreetmap,1,+66632278373,,,overture (meta),overture:ba0450a8-5dd2-462d-8fd6-666062b73611
support@lmwn.com,AQUA Wood Fired Pizza,,Khlong Luang District,Pizza,yes,Medium,3,Local,Western food (Pizza); English/Latin-script name,https://wongn.ai/21JevK,pr@lmwn.com,venue website,128,+66802469625,69 1,12120,overture (meta),overture:c61a07a4-f01e-48f5-a031-4d19b6327c8d
narapiput@gmail.com,Ayla’s Eatery,,Khlong Luang District,Breakfast,yes,Medium,3,,Western food (Breakfast); English/Latin-script name,,,openstreetmap,2,+66942516205,"Cheang-Rag Street , Klong Neung\nKlong Luang , Phatumthani ",12120,overture (meta),overture:5e186360-f02d-411a-8076-4d9969138700
nadeiysek@gmail.com,Burger Na Banbang,,Khlong Luang District,Burger,yes,Medium,3,,Western food (Burger); English/Latin-script name,,,openstreetmap,1,+66639386871,11/39 ม.4,12120,overture (meta),overture:eff9d4ec-9305-49e8-93a0-1c22b84e7761
personneldept@centaco.com,Centaco & Sky Food,,Khlong Luang District,Tacos,yes,Medium,3,Local,Western food (Tacos); English/Latin-script name,http://www.centaco.com/,,venue website,1,,,,overture (meta),overture:9b353add-ae35-4c70-ba84-71195a663f04
bokaew@hotmail.com,Classic Car Diner,,Khlong Luang District,American,yes,Medium,3,,Western food (American); English/Latin-script name,,,openstreetmap,1,+66968898778,39/35 ท้ายซอย,12120,overture (meta),overture:c677e3c9-e820-427f-a5de-aad361ec1827
oem.coldculture@gmail.com,Coldculture ผลิตและจำหน่ายไอศกรีม,Coldculture ผลิตและจำหน่ายไอศกรีม,Khlong Luang District,Ice cream,yes,Medium,3,English,website in English,https://www.coldculture.com/,sales@coldculture.com,openstreetmap,1,+66624265454,117/41-44 ม.18 ต.คลองหนึ่ง อ.คลองหลวง ,12120,overture (meta),overture:9e08bc2d-686c-4fcd-9e36-d33cd7aa8937
dabboysthailand@gmail.com,Dabboy's Burger & Wings,,Khlong Luang District,Burger,yes,Medium,3,,Western food (Burger); English/Latin-script name,,,openstreetmap,1,+66918107018,,12120,overture (meta),overture:13edb42a-1c02-4b34-959c-f307f147d849
rent@talaadthai.com,Fresh market and Food Talad thai,,Khlong Luang District,Restaurant,yes,Medium,3,Bilingual,website has English; English/Latin-script name,http://talaadthai.com,argroup@talaadthai.com; apgroup@talaadthai.com; secretariat@talaadthai.com,venue website,3,+6625292277,ตลาดไท คลองหลวง,,overture (meta),overture:59021b04-b532-418a-8972-b1d3b072f44a
info@freshlyfoodsthailand.com,"Freshly Foods-Thailand Co., Ltd.",,Khlong Luang District,Restaurant,yes,Medium,3,Bilingual,website has English; English/Latin-script name,http://freshlyfoods-thailand.com/,,openstreetmap,1,+66901992659,"Freshly Foods (Thailand) Co.,Ltd.",12120,overture (meta),overture:d2505adb-1fe1-4967-bf91-77dff9eabf3e
smart.solutions.thailand@gmail.com,Gelato Amore Italiano,,Khlong Luang District,Ice cream; Italian,yes,Medium,3,,Western food (Italian); English/Latin-script name,,,openstreetmap,1,+66874008560,15 ถนน เพชรบุรี,10400,overture (meta),overture:a52dd28f-c137-407f-a1b7-1f6f574d602b
interhousebuilder@gmail.com,Inter House,,Khlong Luang District,Asian; Thai,yes,Medium,3,Bilingual,website has English; English/Latin-script name,http://www.interhouse.co.th/,,venue website,1,,,,overture (meta),overture:d64eb377-9ddf-49ea-876e-539869b8c639
inthanincafe.focus@gmail.com,Inthanin Coffee Focus ร้าน กาแฟ อินทนิล โฟกัส,Inthanin Coffee Focus ร้าน กาแฟ อินทนิล โฟกัส,Khlong Luang District,Cafe,yes,Medium,3,English,website in English,http://inthanincoffee.com/,,openstreetmap,1,+66614852552,29/32,12120,overture (meta),overture:85a443a7-d755-457b-ae42-aae4a7b8f603
info@krsspicyfood.com,J-Lek,,Khlong Luang District,Asian; Thai,yes,Medium,3,Bilingual,website has English; English/Latin-script name,http://www.krsspicyfood.com/,,openstreetmap,1,+6625696317,18/13 หมู่ 1 ตำบลคลองสาม อำเภอคลองหลวง,12120,overture (meta),overture:e8966c82-152a-428e-af7d-064e0a15a50a
yaikaewthailand.cm@gmail.com,Khaosoi Yaikaew,,Khlong Luang District,Restaurant,yes,Medium,3,Bilingual,website has English; English/Latin-script name,https://opl.to/khaosoiyaikaew,,openstreetmap,1,+66614916251,Soi Khlongluang 9,12120,overture (meta),overture:164e5eb6-dd7f-4bcc-b302-ce58833b1717
kbhwinery@live.com,Knight Black Horse Shop,,Khlong Luang District,Restaurant,yes,Medium,3,Bilingual,website has English; English/Latin-script name,https://shop.line.me/@kbh789,,openstreetmap,1,+6621926502,21/9หมู่5 ต.คลองสอง อ.คลองหลวง จ.ปทุมธานี,12120,overture (meta),overture:c9e99e59-5ee1-4519-942c-bd6d2d129872
kitchengou@gmail.com,Penny Pizza Napoli & Steak House,,Khlong Luang District,Pizza; Steak,yes,Medium,3,,"Western food (Pizza, Steak); English/Latin-script name",,,openstreetmap,1,+66853553055,หน้าซอยบงกช 28 ติดรั้วคลองสอง บอนไซ ตรงข้ามปั๊ม PT,12120,overture (meta),overture:a055c563-5713-4d47-ab8c-4ccdfa554d1d
chonticha.tppy@gmail.com,Pink Sunday Cafe' & Bistro,,Khlong Luang District,French,yes,Medium,3,,Western food (French); English/Latin-script name,,,openstreetmap,1,+66854466516,29/17 หมู่5 ถนนเลียบคลองสาม,12120,overture (meta),overture:b07d74ab-585a-4b9b-885e-141b4313d3e9
nutza.69@hotmail.com,POOM POOM GOOD STEAK,,Khlong Luang District,Steak,yes,Medium,3,,Western food (Steak); English/Latin-script name,,,openstreetmap,1,+66926196922,,,openstreetmap,https://www.openstreetmap.org/way/1330708141
ruyi.thailand@gmail.com,Ruyi Cha Thailand - หยูอี่ชา 如意茶,Ruyi Cha Thailand - หยูอี่ชา 如意茶,Khlong Luang District,Restaurant,yes,Medium,3,English,website in English,https://lin.ee/HJvQWJS,,openstreetmap,1,,99 M.18 Klongnueng ,12120,overture (meta),overture:d6900552-504d-4bd3-865b-1a7526f7627f
synhubinfo@syntechnology.com,SYN HUB Incubation Center,,Khlong Luang District,Cafe,yes,Medium,3,Bilingual,website has English; English/Latin-script name,https://synhubacademy.com/,,openstreetmap,1,+66655424477,"96 Moo 1, KlongNueng",12120,overture (meta),overture:ac95bf60-43e5-4e87-a731-eb2496ef5faf
tsteakhouse2021@gmail.com,Tent Steak,,Khlong Luang District,Steak,yes,Medium,3,,Western food (Steak); English/Latin-script name,,,openstreetmap,1,+66959696444,หออินเตอร์​ มหาวิทยาลัย​ธรรมศาสตร์​ ​รังสิต​ ,12120,overture (meta),overture:6c16a86e-22e7-46a8-8b59-53317f9541a7
marketingandsales@dpo.go.th,Thai-Denmark,,Khlong Luang District,Restaurant,yes,Medium,3,Bilingual,website has English; English/Latin-script name,http://www.dpo.go.th/,saraban@dpo.go.th; director@dpo.go.th; callcenter.dpo@dpo.go.th,openstreetmap,1,+6621577044,202 ถนน พหลโยธิน,12120,overture (meta),overture:9926ffa1-dacc-4c3b-975c-36b49deb6d2e
thebaraneeclub@gmail.com,The Baranee Club,,Khlong Luang District,Breakfast,yes,Medium,3,Local,Western food (Breakfast); English/Latin-script name,https://www.manadevelopment.co.th/projects/baranee-residence-rangsit-klong3,info@manadevelopment.co.th,openstreetmap,1,021110999,111 ถนนเลียบคลองสาม,12120,openstreetmap,https://www.openstreetmap.org/node/12997190116
tonysteak14@gmail.com,Tony Steak,,Khlong Luang District,Steak,yes,Medium,3,,Western food (Steak); English/Latin-script name,,,openstreetmap,1,+66909875786,40 80 หมู่ 1 Soi Mu Ban Phonthisan 3,12120,overture (meta),overture:2c00a8d9-eb65-4a7e-a635-0cca3612b052
bamna2hand@gmail.com,จงเจริญ คาเฟ่ คลองหก (しつうこみち),จงเจริญ คาเฟ่ คลองหก (しつうこみち),Khlong Luang District,Restaurant,yes,Medium,3,English,website in English,https://citly.me/7HRui,,openstreetmap,1,+66822370538,46/48,12120,overture (meta),overture:964919cc-457d-410e-b8dd-ddc0d4a6e43d
tonforeverfriend@gmail.com,ช่างต้น รีวิวเครื่องมือช่างและของใช้ในบ้าน,ช่างต้น รีวิวเครื่องมือช่างและของใช้ในบ้าน,Khlong Luang District,Restaurant,yes,Medium,3,English,website in English,https://s.shopee.co.th/6pw0wWWC0J,,openstreetmap,2,,หน้าซอยคลองหกตะวันออก 16 ต.คลอง6 อ.คลองหลวง ปทุมธานี,12120,overture (meta),overture:c29a1370-c24c-4cae-af7a-f474508bfd06
prawanna2301@hotmail.com,ผู้พันแคคตัสคาเฟ่,ผู้พันแคคตัสคาเฟ่,Khlong Luang District,Cafe,yes,Medium,3,English,website in English,https://page.line.me/346zqdth,,openstreetmap,1,+66970149429,"ผู้พันแคคตัสคาเฟ่ ถนนคลองหลวง หมู่ที่ 6, 99/242 Khlong Song, Khlong Luang District",12120,overture (meta),overture:19191f7b-61ff-4534-b5e0-fe84fff70b4f
moorampung@gmail.com,รำพึง คาเฟ่ ตลาดไท - Rampung Cafe,รำพึง คาเฟ่ ตลาดไท - Rampung Cafe,Khlong Luang District,Cafe,yes,Medium,3,English,website in English,https://lin.ee/gtySDNW,,openstreetmap,1,+66659858882,"89 ม.9, ต.คลองสอง อ.คลองหลวง จ.ปทุมธานี",12120,overture (meta),overture:f329e06f-0079-4765-a4c3-6b891bbd787c
information@wisdomking.or.th,ร้านกินอยู่ดี,ร้านกินอยู่ดี,Khlong Luang District,Restaurant,yes,Medium,3,English,website in English,http://www.wisdomking.or.th/,,openstreetmap,1,+66815672806,พิพิธภัณฑ์การเกษตรเฉลิมพระเกียรติ,12120,overture (meta),overture:192b132d-ebab-45b1-949a-9e04e4758ba8
numtipbakery@gmail.com,เค้กด่วนส่ง 24 ชั่วโมง (น้ำทิพย์เบเกอรี่นวนคร),เค้กด่วนส่ง 24 ชั่วโมง (น้ำทิพย์เบเกอรี่นวนคร),Khlong Luang District,Bakery,yes,Medium,3,English,website in English,http://m.me/ibakeryhome,,openstreetmap,1,+66870004769,81/75 Thai Thani Soi 47,12120,overture (meta),overture:b18103f8-1f1c-45d8-9249-a18483f01082
dimondhill9999@gmail.com,เถ้าแก่สอนอาชีพ ขายสูตรลูกชิ้น สอนทำลูกชิ้นแบบจับมือทำ ขายสูตรลดต้นทุน,เถ้าแก่สอนอาชีพ ขายสูตรลูกชิ้น สอนทำลูกชิ้นแบบจับมือทำ ขายสูตรลดต้นทุน,Khlong Luang District,Restaurant,yes,Medium,3,English,website in English,https://lin.ee/ZAqjRlm,,openstreetmap,1,+66917459199,21/2 ซอย ไอยรา 6,12120,overture (meta),overture:ab16f248-e73b-417c-920b-f5655dfa6697
ake068@gmail.com,เอกคลองหลวง,เอกคลองหลวง,Khlong Luang District,Cafe,yes,Medium,3,English,website in English,https://lin.ee/6AZENyS,,openstreetmap,1,+66814070615,1/31 หมู่7 ต.คลองสาม อ.คลองหลวง จ.ปทุมธานี,12120,overture (meta),overture:f4944723-9462-4c5f-b667-3a7a71d0e6a5
ning0815117171@gmail.com,แซบอีหลีคลองหนึ่ง,แซบอีหลีคลองหนึ่ง,Khlong Luang District,Asian; Thai,yes,Medium,3,English,website in English,https://lin.ee/JZBjRSP,,openstreetmap,1,,"สเวนเซ่นส์, 94 ถนน พหลโยธิน",12130,overture (meta),overture:a3f03451-17e1-494c-be4e-aae0e2092835
bbqrover@gmail.com,Bbq Rover บาร์บีคิว-ย่างซี๊ด,Bbq Rover บาร์บีคิว-ย่างซี๊ด,Khlong Luang District,BBQ,no,Medium,2,,Western food (BBQ),,,openstreetmap,1,+66840160355,18 ถนน พหลโยธิน,12120,overture (meta),overture:37d60e14-8aa3-410f-b755-6b38899bfb22
poysan18@gmail.com,Bester Steak @ ธรรมศาสตร์ รังสิต,Bester Steak @ ธรรมศาสตร์ รังสิต,Khlong Luang District,Steak,no,Medium,2,,Western food (Steak),,,openstreetmap,1,+66632499365,69/2 Khlong Luang Rd,12120,overture (meta),overture:41ae9521-a4f1-4f2b-883e-0aa1790394f8
hipstersteaktu@gmail.com,Hipster Steak สาขาธรรมศาสตร์ ศูนย์รังสิต,Hipster Steak สาขาธรรมศาสตร์ ศูนย์รังสิต,Khlong Luang District,Steak,no,Medium,2,,Western food (Steak),,,openstreetmap,1,+66656979989,เลขที่ 64 หมู่ที่ 8 ถนนเชียงราก ตำบลคลองหนึ่ง อำเภอคลองหลวง จังหวัดปทุมธานี 12120,12120,overture (meta),overture:caec868f-240e-4570-85a3-153e7c95cdad
steak4za50_2013@outlook.co.th,"Steak 4za50 "" สเต็ก 4ซ้า 50 "" นวนคร","Steak 4za50 "" สเต็ก 4ซ้า 50 "" นวนคร",Khlong Luang District,Steak,no,Medium,2,,Western food (Steak),,,openstreetmap,1,+66633982644,steak4za50,12120,overture (meta),overture:803c5fac-ae73-401f-a1c7-08186a93803c
officialtacotwist@gmail.com,Taco Twist ธรรมศาสตร์รังสิต,Taco Twist ธรรมศาสตร์รังสิต,Khlong Luang District,American; Tacos,no,Medium,2,,"Western food (American, Tacos)",,,openstreetmap,1,+66842789313,ใต้ก้ำกึ่ง หลังหอCityPark ธรรมศาสตร์รังสิต,,overture (meta),overture:03b8165a-024a-4fbf-983a-8c9f207161a7
natapon03072533@gmail.com,ข้างวัดคาเฟ่ Khangwatcafe,ข้างวัดคาเฟ่ Khangwatcafe,Khlong Luang District,Cafe,no,Medium,2,Bilingual,website has English,https://wongn.ai/x5vnh,support@wongnai.com,openstreetmap,1,+66990133866,ข้างวัดคาเฟ่,12120,overture (meta),overture:ca7119ed-ddd0-4ec9-871a-19b773344e90
kruaesanclassic@gmail.com,ครัวอีสานคลาสสิค,ครัวอีสานคลาสสิค,Khlong Luang District,Restaurant,no,Medium,2,Bilingual,website has English,https://masterpeerasit.wixsite.com/classicisaankitchen,,openstreetmap,1,+66813122933,Yothathikan Khu Khot-khlong Luang Rd,12120,overture (meta),overture:74105f76-2488-454a-ba28-fe7715d9f818
tikky_chaasecake@hotmail.com,นาเนีย สเต็ก สาขาสะพานขาว,นาเนีย สเต็ก สาขาสะพานขาว,Khlong Luang District,Steak,no,Medium,2,,Western food (Steak),,,openstreetmap,1,+66888560288,,,overture (meta),overture:81697a4a-70df-49b8-b00e-5a4a7ce83f85
yourzadollshop69@gmail.com,ยัวซ่า คลอง6,ยัวซ่า คลอง6,Khlong Luang District,Pizza,no,Medium,2,,Western food (Pizza),,,openstreetmap,1,+66916555958,พรธิสาร3 ตรงข้ามห้างทองเจตจินดา,12120,overture (meta),overture:2cf99c64-b2a2-4ab6-8b61-0bdd0aaee99b
office@tumrubthai.com,ร้านตำรับไทย สมุนไพรไทย,ร้านตำรับไทย สมุนไพรไทย,Khlong Luang District,Asian; Thai,no,Medium,2,Bilingual,website has English,http://www.tumrubthai.com/,stamhankar@hotmail.com,openstreetmap,1,+66652525656,80/366-371 หมู่3 ต.คลองหนึ่ง อ.คลองหลวง จ.ปทุมธานี,12120,overture (meta),overture:cad38634-0394-44b2-856e-cd20a3b61818
joy_praputon@hotmail.com,สเต็ก Steak by The green สาขาคลอง 3 คลองหลวง,สเต็ก Steak by The green สาขาคลอง 3 คลองหลวง,Khlong Luang District,Steak,no,Medium,2,,Western food (Steak),,,openstreetmap,1,+66910030811,,,overture (meta),overture:a1b92304-8cca-4a85-b3d8-cbc1599a61a8
steakchogun@gmail.com,สเต็กโชกุน สาขาตลาดไท / Chogun Steak,สเต็กโชกุน สาขาตลาดไท / Chogun Steak,Khlong Luang District,Steak,no,Medium,2,Local,Western food (Steak),https://www.chogunsteak.com/,,venue website,3,+66865698838,32/495 หมู่ 9 ตลาดไท,12120,overture (meta),overture:9013e5ec-5d19-467e-bd27-c8d7e37ee24b
unclemoo81137@gmail.com,หมูกะทะธนาชาติ&สเต็ก Delivery คลองหลวง,หมูกะทะธนาชาติ&สเต็ก Delivery คลองหลวง,Khlong Luang District,BBQ,no,Medium,2,,Western food (BBQ),,,openstreetmap,1,+66892309097,ตำบลคลองสาม อำเภอคลองหลวง ปทุมธานี 12120,12120,overture (meta),overture:7c3df7f1-739c-427d-8210-d97612b49af7
marsriruen.e@gmail.com,แม่ศรีเรือน Mae Sri Ruen,แม่ศรีเรือน Mae Sri Ruen,Khlong Luang District,Steak,no,Medium,2,,Western food (Steak),https://msr.co.th/,,openstreetmap,1,+66879866698,27 ถนน เอราวัณ 1,12120,overture (meta),overture:df71cb33-1ee2-41be-bfd2-49f2bfd6bda6
joksamyankluang@gmail.com,โจ๊กสามย่าน คลองหลวง ปทุมธานี,โจ๊กสามย่าน คลองหลวง ปทุมธานี,Khlong Luang District,Breakfast,no,Medium,2,,Western food (Breakfast),,,openstreetmap,1,+66621946915,7/20 หมู่ 7,12120,overture (meta),overture:904b5c11-367b-46dd-b009-b38fb66d81a1
aujang2008@gmail.com,โอ้โหสเต็ก สาขาแมนฮัตตัน,โอ้โหสเต็ก สาขาแมนฮัตตัน,Khlong Luang District,Steak,no,Medium,2,,Western food (Steak),,,openstreetmap,1,+66897880312,Thep Kunchon 42,12120,overture (meta),overture:2531f7d0-1a7d-4144-9e1e-a3f2a4321059
natsudanamkhan1989@gmail.com,116 Coffee Bar,,Khlong Luang District,Cafe,no,Low,1,,English/Latin-script name,,,openstreetmap,1,+66927133563,ต.คลองสอง อ.คลองหลวง จ.ปทุมธานี\n\n,12120,overture (meta),overture:ecbe82ca-a2e2-4059-bd10-2660b3fd8a7e
filmfilm06@icloud.com,2sis Açaí & Superfood,,Khlong Luang District,Restaurant,no,Low,1,,English/Latin-script name,,,openstreetmap,1,+66863692704,ตั้งอยู่ในโครงการโบตานี ไลฟ์สไตล์ ปาร์ค 19/10 หมู่7 ตำบลคลองสอง อ.คลองหลวง ,12120,overture (meta),overture:f4afdfc5-d06c-434f-94e0-bd8661516cb8
lukejeabshop@gmail.com,355 Chick-Bar Cafe,,Khlong Luang District,Cafe,no,Low,1,,English/Latin-script name,,,openstreetmap,1,+66909521117,38 355 หมู่5 Soi Mu Ban Ratchaphruek 2,12120,overture (meta),overture:0296f97d-40bf-495c-9deb-e8b96656e5ca
kinggoldtw@gmail.com,555 T.Food,,Khlong Luang District,Chinese,no,Low,1,,English/Latin-script name,,,openstreetmap,1,," (Thammasat University), Tambon Khlong Nung, Amphoe Khlong Luang, Chang Wat Pathum Thani ",12120,overture (meta),overture:943baee3-02dd-449a-b3b3-bedec73b9586
namchakai57@gmail.com,69 Bar Khlong Song,,Khlong Luang District,Restaurant,no,Low,1,,English/Latin-script name,,,openstreetmap,1,+6643340571,2/6 ถนน คลองหลวง,12120,overture (meta),overture:047425ae-befd-476b-a4be-dba36da922af
cupofzoo@gmail.com,A cup of zoo café,,Khlong Luang District,Cafe,no,Low,1,,English/Latin-script name,,,openstreetmap,1,+66989838037,23 ซอย สุทธิพันธ์ 7,12120,overture (meta),overture:16d4c43c-6058-44ad-8f2b-1639965cbe52
aroomdeecafe@gmail.com,A-Roomdee cafe',,Khlong Luang District,Bakery,no,Low,1,,English/Latin-script name,,,openstreetmap,1,+66954131721,Klong sam,12120,overture (meta),overture:64595032-b8ed-4974-a1a6-b47b36622a7e
james9niw@gmail.com,Abyss Bar,,Khlong Luang District,Bar,no,Low,1,,English/Latin-script name,,,openstreetmap,1,+66916976474,29 ซอย คลองหกตะวันออก 12,12120,overture (meta),overture:4537c123-6d2d-49af-a0fd-8d3a75c86561
acailand.th@gmail.com,acailand.th,,Khlong Luang District,Restaurant,no,Low,1,,English/Latin-script name,,,openstreetmap,1,+66624232699,E04 S-Park Khlong Luang,12120,overture (meta),overture:c81be28d-cacd-47f1-ae00-d56ee8a503a1
amtea.klong2klongluang@gmail.com,Am tea,,Khlong Luang District,Restaurant,no,Low,1,,English/Latin-script name,,,openstreetmap,1,+66984451590,5 2 Soi Rangsit-Nakhon Nayok 31,12120,overture (meta),overture:aadec4b8-ebb3-4643-8e73-945a6f3c7e59
amazonkhlong7@gmail.com,Amazon Café hill,,Khlong Luang District,Cafe,no,Low,1,,English/Latin-script name,,,openstreetmap,2,+66988849416,41/1 ซอย 1,12120,overture (meta),overture:b1931998-06e0-4acf-97a0-d9214771f319
moomonza@gmail.com,Amitie Dessert and Coffee,,Khlong Luang District,Cafe,no,Low,1,,English/Latin-script name,,,openstreetmap,1,+66817009911,98/25,12120,overture (meta),overture:24293936-819d-47b5-90c3-e56ac50290a7
aprilhousecafe@gmail.com,Aprilhouse,,Khlong Luang District,Cafe,no,Low,1,,English/Latin-script name,,,openstreetmap,1,+66866363075,เลียบคลองระพีพัฒน์,12120,overture (meta),overture:62782b83-6d78-462e-a707-e40940240fe7
laila22523@gmail.com,AreeBar,,Khlong Luang District,Restaurant,no,Low,1,,English/Latin-script name,,,openstreetmap,1,+66801458573,คลองหกตะวันออก46\n,12120,overture (meta),overture:33c48ca2-80c9-46c4-b118-4cf5dc82c029
atomcup19@gmail.com,Atomcup coffee & bakery,,Khlong Luang District,Bakery,no,Low,1,,English/Latin-script name,,,openstreetmap,1,+66818288786,25 5 Soi Bong Kot 18,12120,overture (meta),overture:54e8cdc9-6771-4786-bcfe-a517cfa805a8
nsornpachum@gmail.com,August Bar,,Khlong Luang District,Bar,no,Low,1,,English/Latin-script name,,,openstreetmap,1,+66639919615,รังสิต-นครนายก,12130,overture (meta),overture:fd25a32c-644b-4ce2-ab0f-b9ed3421dc96
baancorgi@gmail.com,Baan Corgi,,Khlong Luang District,Cafe,no,Low,1,,English/Latin-script name,,,openstreetmap,1,+66636234970,88 46 ถ. เชียงราก,12120,overture (meta),overture:d42bb11a-c4e0-4532-b075-b9810be6db63
support@baansatit.com,BAAN SATIT,,Khlong Luang District,Cafe,no,Low,1,Local,English/Latin-script name,https://www.baansatit.com/,,venue website,1,+66816298356,"โรงเรียนอนุบาลแห่งมหาวิทยาลัยธรรมศาสตร์, 99 ถนน พหลโยธิน",12120,overture (meta),overture:fb950df9-0094-4d82-b47d-217a94408bdd
pridanat.41@gmail.com,Bakery 519,,Khlong Luang District,Bakery,no,Low,1,,English/Latin-script name,,,openstreetmap,1,+66960430168,21 8 Soi Khlong Sam 2/3,12120,overture (meta),overture:48c19dfa-5b67-4949-9e8e-ab18905f63a7
ayarestaurant.bkk@gmail.com,Bangkok Tea House,,Khlong Luang District,Restaurant,no,Low,1,,English/Latin-script name,,,openstreetmap,2,+66993344421,"100 ปี, ตลาดคุณยาย, 37, 154 Phahonyothin Rd",12120,overture (meta),overture:2a5ad568-f49d-4f28-9438-86a8efb766d8
beevacafe@gmail.com,Beeva Cafe & home bakery,,Khlong Luang District,Bakery,no,Low,1,,English/Latin-script name,,,openstreetmap,1,+66890858220,สามโคก ปทุมธานี,12130,overture (meta),overture:8ac380a6-0216-487b-a6ab-eaa9078149c2
puwanart00031@gmail.com,Benz Bam Coffee,,Khlong Luang District,Cafe,no,Low,1,,English/Latin-script name,,,openstreetmap,1,+66895344371,53/732 หมู่ 13 ตำบลคลองหนึ่ง อำเภอคลองหลวง จังหวัดปทุมธานี 12120,12120,overture (meta),overture:9569f73b-dced-43f4-b5e8-43507d7f6b53
burta38@hotmail.com,Beyond Softserve,,Khlong Luang District,Ice cream,no,Low,1,,English/Latin-script name,,,openstreetmap,1,+66 92 063 6556,ถนนป๋วย อิ้งภากรณ์,12120,openstreetmap,https://www.openstreetmap.org/node/12624732106
blackroofcoffee@hotmail.com,Black Roof coffee at home,,Khlong Luang District,Cafe,no,Low,1,,English/Latin-script name,,,openstreetmap,1,+66917855541,Soi Chaiyo Yot Ying,12120,overture (meta),overture:6950802a-0e4b-468f-a8ca-162ff951f9e9
annyjen59@gmail.com,Blackpinks cafe,,Khlong Luang District,Cafe,no,Low,1,,English/Latin-script name,,,openstreetmap,1,+66828929988,เลขที่ 58/29,12120,overture (meta),overture:76878790-9fba-43dd-9642-d01ab3431792
yuthsmt157@gmail.com,Blue's Corner,,Khlong Luang District,Cafe,no,Low,1,,English/Latin-script name,,,openstreetmap,1,+66806622354,หน้าเคหะชุมชนคลองสอง คลองหลวง ,12120,overture (meta),overture:36d9c6a3-4bf9-4824-a623-4f31fa68651a
boobunrangsit@gmail.com,Boobun in Rangsit - Thammasat branch,,Khlong Luang District,Bakery,no,Low,1,,English/Latin-script name,,,openstreetmap,1,+66980815393,"Mingle Market, 126 หมู่ที่ 18",12120,overture (meta),overture:221e54ab-d9d9-4fb4-b183-ecc5e7845704
brothersgarden2024@gmail.com,Brothers Garden - Cafe and Restaurant,,Khlong Luang District,Restaurant,no,Low,1,,English/Latin-script name,,,openstreetmap,1,+66614010552,24 ซอย 6/4,12120,overture (meta),overture:36335b32-96fd-4cbf-829a-4ac0bdcd365e
bubblebox.bg@gmail.com,Bubble Box Board Game & Cafe,,Khlong Luang District,Cafe,no,Low,1,,English/Latin-script name,,,openstreetmap,1,,69/5 ถนน พหลโยธิน,12120,overture (meta),overture:7aa0fd73-51ff-4acb-9781-e52ec4bb3c71
bongkodfew@gmail.com,Bubble Cha premium tea,,Khlong Luang District,Restaurant,no,Low,1,,English/Latin-script name,,,openstreetmap,1,+66982507529,ซ.เทพกุญชร42 คลองหนึ่ง,12120,overture (meta),overture:67401aaf-9f78-443f-91cc-21a322df3062
bantai.saenubol@gmail.com,BubbleB Tea,,Khlong Luang District,Restaurant,no,Low,1,,English/Latin-script name,,,openstreetmap,1,+66632127949,13/1 หมู่5 คลองสาม,12120,overture (meta),overture:56164eaa-13b3-497d-ac7d-c23a72ec56ec
naphussakorn@gmail.com,Cafe in Tree,,Khlong Luang District,Restaurant,no,Low,1,,English/Latin-script name,,,openstreetmap,1,+66886418055,Soi Khlong Si Tawan Tok 13,12120,overture (meta),overture:e3e62903-a23c-430d-b27f-ffad435ec5cb
dawanj2530@gmail.com,Café Amazon,,Khlong Luang District,Cafe,no,Low,1,Local,English/Latin-script name,https://cafe-amazon.com/,,openstreetmap,1,+66641585006,Khlong Luang Rd,12120,overture (meta),overture:80126f22-71f5-40fc-9d2f-f2961ab3a5cd
cafeamazonklong3@gmail.com,Café Amazon,,Khlong Luang District,Cafe,no,Low,1,Local,English/Latin-script name,https://cafe-amazon.com/,,openstreetmap,1,+66615571892,95 ม.4 ต.คลองสาม,12120,overture (meta),overture:d2660ee0-fb80-434a-90b0-63ee55140d80
candystripemoto@gmail.com,Candy Stripe Moto and Cafe,,Khlong Luang District,Cafe,no,Low,1,,English/Latin-script name,,,openstreetmap,1,+66954161488,32/601 ถนนพหลโยธิน หมู่9 ตลาดไท,12120,overture (meta),overture:5638d611-0a44-460f-93c3-4a2839a879a6
tey12130@gmail.com,CF Cosmo Fish,,Khlong Luang District,Seafood,no,Low,1,,English/Latin-script name,,,openstreetmap,1,+66983380117,"665049 14.039236, 100 ซอย 2/3",12120,overture (meta),overture:cc05bf79-7ff8-463b-8ded-1705bd027ce2
huang-mala@gmail.com,Chakaimuk.com  Soi-Thep kunchon 10,,Khlong Luang District,Cafe,no,Low,1,,English/Latin-script name,,,openstreetmap,1,,Paholyothin,12120,overture (meta),overture:45abaeaa-cdce-4266-91ad-6fb5dbd0149e
chapayomthailand@gmail.com,Chapayom,,Khlong Luang District,Restaurant,no,Low,1,Local,English/Latin-script name,https://www.chapayom.net/,,venue website,1,,,,overture (meta),overture:fe714563-6346-4ae4-be6d-3bf64410af3a
orangechewchill@gmail.com,Chew Chill,,Khlong Luang District,Cafe,no,Low,1,,English/Latin-script name,,,openstreetmap,1,+66646498165,60 หมู่8 หอพักอินเตอร์พาร์ค,12120,overture (meta),overture:bfc1f34d-d482-4fbd-a4e2-632ada99afef
coffeechicken12@gmail.com,Chicken Coffeetea,,Khlong Luang District,Cafe,no,Low,1,,English/Latin-script name,,,openstreetmap,2,+66812069211,37 ถนน เลียบคลองสาม,12120,overture (meta),overture:0412a99f-76ce-4a22-99bd-5f092b234548
chicychic89@gmail.com,Chicy Chic,,Khlong Luang District,Cafe,no,Low,1,,English/Latin-script name,,,openstreetmap,1,+66936791422,77 หมู่1 ซอยคลองหกตะวันออก 12 คลองหลวง คลองหก,12120,overture (meta),overture:0a8a0ef1-4d99-4f8a-8829-73e5462d7a5b
sasithorn199188@gmail.com,Chinta Coffee ROBOT Slowbar,,Khlong Luang District,Cafe,no,Low,1,,English/Latin-script name,,,openstreetmap,1,+66886679426,66 27,12120,overture (meta),overture:971218d3-4c0b-47fe-863b-1a42bd1a33ef
chuanchuanbearofficial@gmail.com,ChuanchuanbearOfficial,,Khlong Luang District,Restaurant,no,Low,1,,English/Latin-script name,,,openstreetmap,1,+66614216408,Chuanchuanbearbear 15 133 ซอยรังสิตภิรมณ์ ตำบล คลองหนึ่ง อำเภอคลองหลวง ปทุมธานี 12120,12120,overture (meta),overture:a771367c-12c1-4547-9b91-69d5fdfb3464
ciaociaotubkk@gmail.com,Ciao Ciao,,Khlong Luang District,Restaurant,no,Low,1,,English/Latin-script name,,,openstreetmap,1,+66839760444,58 ถนน คลองหลวง,12120,overture (meta),overture:c1b82b08-aa9f-4ad6-9a52-ae105fa092d8
info@cofandcow.com,CO-F Escape,,Khlong Luang District,Cafe,no,Low,1,,English/Latin-script name,,,openstreetmap,2,+66979907148,"99 หมู่ 18, ร้านคอฟแอนด์คาว สาขาธรรมศาสตร์รังสิต ท่ารถตู้ธรรมศาสตร์ ศูนย์รังสิต",12120,overture (meta),overture:035f22cc-fadc-476f-8283-f221649a0638
wuttinanpanyasu@gmail.com,Codebrew Cafe,,Khlong Luang District,Cafe,no,Low,1,,English/Latin-script name,,,openstreetmap,1,+66962493256,อาคารจอดรถ มธ CodeBrew,12120,overture (meta),overture:ca726c76-fbac-4e3b-ad0f-53ea4355c374
pim2014_wk@hotmail.com,Coffee House by pimmy,,Khlong Luang District,Cafe,no,Low,1,,English/Latin-script name,,,openstreetmap,1,+66943915662,"คลองสาม, คลองหลวง, ประเทศไทย",12120,overture (meta),overture:1b287c87-dbe0-462c-8a3c-c6f04e4f5021
coffeemix2007@hotmail.com,Coffee Mix,,Khlong Luang District,Cafe,no,Low,1,,English/Latin-script name,,,openstreetmap,1,+66816968502,,12120,overture (meta),overture:edc7c9c4-d514-436d-822a-20b7ee7f624a
nunticha135@gmail.com,Coffee Shock Nava Nakorn,,Khlong Luang District,Cafe,no,Low,1,,English/Latin-script name,,,openstreetmap,1,+66820656455,ถนนพหลโยธิน​,12120,overture (meta),overture:697b3fd4-614a-42c7-b0fc-db5e2d7ebd3c
aommoai543@gmail.com,Coffilm Homie House,,Khlong Luang District,Cafe,no,Low,1,,English/Latin-script name,,,openstreetmap,1,+66828499889,19 126 5/13 คลองสาม,,overture (meta),overture:844058f7-4654-42a5-9a91-1adbc5a32cfb
settawat.udom@hotmail.com,Creative Gallery Cafe,,Khlong Luang District,Cafe,no,Low,1,,English/Latin-script name,http://www.powerbankcafe.com/,,openstreetmap,1,+66841932309,19 66 หมู่3 ซอย5,12120,overture (meta),overture:35096576-4af6-41f3-8e0d-3d985c2d5201
tongparisatong1@gmail.com,Cupid and Horo Coffee,,Khlong Luang District,Cafe,no,Low,1,,English/Latin-script name,,,openstreetmap,1,+66951650084,55/8 คลองหกตะวันออก หมู่ 3 ถนนเลียบคลองห้า 4,12120,overture (meta),overture:5e4a7433-ce7a-4b35-9843-09b85d9f0e4b
curvecaf@gmail.com,Curve Cafe,,Khlong Luang District,Cafe,no,Low,1,,English/Latin-script name,,,openstreetmap,1,+66629624799,,12120,overture (meta),overture:7bc4263b-944e-4a4c-afc1-93ad7d7ffff3
kosinthrpe@gmail.com,Daliverly@Drink,,Khlong Luang District,Cafe,no,Low,1,,English/Latin-script name,,,openstreetmap,1,+66653267379,39 163 ม1 ซอย55,12120,overture (meta),overture:629fdcb3-a31c-40e0-a6ed-5872b08eddf8
dekchabu2021@gmail.com,Dek Cha,,Khlong Luang District,Restaurant,no,Low,1,,English/Latin-script name,,,openstreetmap,1,+66656896717,15 117 ซอยรังสิตภิรมย์,12120,overture (meta),overture:61daf552-d8b4-49d3-8ea9-8e07ca3079ce
delight.cafenbakery@gmail.com,Delight Cafe and Bakery,,Khlong Luang District,Bakery,no,Low,1,,English/Latin-script name,,,openstreetmap,1,+66808464010,ที่อยู่ 88/39 หมู่8 1 ถนนเชียงราก-บางขัน,12120,overture (meta),overture:1f927789-3d77-45f3-a356-1260dfdb8ae4
domecaffe@gmail.com,Dome Caffe,,Khlong Luang District,Cafe,no,Low,1,,English/Latin-script name,,,openstreetmap,1,+66982564415,,12110,overture (meta),overture:e6e83dc0-817d-4b7b-8121-2816977ecdcd
doubledark099@gmail.com,DOUBLE DARK Coffee & Eatery,,Khlong Luang District,Cafe,no,Low,1,,English/Latin-script name,,,openstreetmap,1,+66819689844,34 34 หมู่ที่ 5 ซอย บงกช 10,12120,overture (meta),overture:2db218d9-d9f8-4202-9edc-1fa5384a82ad
nambutrsmcitr@gmail.com,DP cake,,Khlong Luang District,Cafe,no,Low,1,,English/Latin-script name,,,openstreetmap,1,+66951914446,81/22หมู่12 ต.คลองหนึ่ง อ.คลองหลวง จ.ปทุม 12120,12120,overture (meta),overture:d2a280ef-8c6f-4399-b9d4-e9ac662f7a78
dynocafe.24@gmail.com,Dyno Café,,Khlong Luang District,Cafe,no,Low,1,,English/Latin-script name,,,openstreetmap,1,+66923760935,26 53 ซอย บงกช 16,12120,overture (meta),overture:19e63c63-627d-418d-9a0b-8d0f9c8afb13
earthlysipscoffee@gmail.com,Earthly Sips Coffee,,Khlong Luang District,Cafe,no,Low,1,,English/Latin-script name,,,openstreetmap,1,+66615969619,63/16 พฤกษาวิลล์36,12000,overture (meta),overture:39a501b0-fd33-4627-87b9-e4e447ad4cf2
auyauy_04@hotmail.com,Eat Sweet Cafe Klong 3,,Khlong Luang District,Cafe,no,Low,1,,English/Latin-script name,,,openstreetmap,1,+66878263211,7007 ถ. เรียบคลองสาม,12120,overture (meta),overture:7db8e442-b39a-4653-9bd7-9dbd87ef101c
exoticalivingcafe@hotmail.com,Exotica living cafe’s,,Khlong Luang District,Cafe,no,Low,1,,English/Latin-script name,,,openstreetmap,1,,33 คลองหกตะวันตก 9 ซอยสรรพสิริ,12120,overture (meta),overture:71b3a78f-813f-45c9-9f8e-c71ec7607f3c
kanlayap821@gmail.com,FRAGANTE Khong Luang,,Khlong Luang District,Cafe,no,Low,1,,English/Latin-script name,,,openstreetmap,1,+66818688905,36 86 Pruksa Village 29,12120,overture (meta),overture:414c0446-e377-41b4-8fb9-17427032b99b
frostyboxtu@gmail.com,Frosty Box,,Khlong Luang District,Ice cream,no,Low,1,,English/Latin-script name,,,openstreetmap,1,+66821612987,ในซอยแยกไฟแดง กรีนแคนทีน เลขที่ 99,12120,overture (meta),overture:d67919ef-009f-4512-afb5-c917d1b0eb8f
fu.bubbletea@gmail.com,Fu Bubble Tea,,Khlong Luang District,Restaurant,no,Low,1,,English/Latin-script name,,,openstreetmap,1,+66915655125,คลองหลวง,12120,overture (meta),overture:78b4e664-2c4e-4a12-ba14-12bd0dd415c4
gab.bakenfood@gmail.com,G-A-B BakenFoods,,Khlong Luang District,Cafe,no,Low,1,Local,English/Latin-script name,https://static.robinhood.in.th/app_link.html?URI=robinhoodth%3A%2F%2Fmerchantlanding%2Fid%2F284477,,openstreetmap,1,+66956136540,81 นิคมอุตสาหกรรมนวนคร 73 ซ,12120,overture (meta),overture:e7a76c6c-4774-44fe-ba9b-fb1390926db4
maxcomboza@gmail.com,Gethigh House,,Khlong Luang District,Cafe,no,Low,1,,English/Latin-script name,,,openstreetmap,1,+66906525156,81/109 หมู่บ้านพฤกษา116 ซอย คลองหกตะวันออก 12,12120,overture (meta),overture:4393b9b3-dec5-405a-aa52-c9f4aba1e192
glasercoffee@gmail.com,Glaser Cafe,,Khlong Luang District,Cafe,no,Low,1,,English/Latin-script name,,,openstreetmap,1,+66805929096,29 168 Khlong Loang 27 Alley,12120,overture (meta),overture:a9d43bae-c412-46b8-829b-1781cbbf5106
apiwnimnual@gmail.com,GOOD CAT Coffee,,Khlong Luang District,Cafe,no,Low,1,,English/Latin-script name,,,openstreetmap,1,+66990046962,goodcat coffee ถนนเทพกุญชร ตำบล คลองหนึ่ง อำเภอคลองหลวง ปทุมธานี 12120,12120,overture (meta),overture:d0bfa183-d32d-4b00-ae16-ff32b28b34f2
suwatkony@gmail.com,Goodnice catering,,Khlong Luang District,Restaurant,no,Low,1,,English/Latin-script name,,,openstreetmap,1,+66873251912,ตึก 14 ชั้น2 ห้อง science ศูนย์อุทยานวิทยาศาสตร์,12120,overture (meta),overture:91f2b1d0-9172-4840-9cd4-8bb9a1e94129
gyubuta@gmail.com,Gyubuta Shabu and Japanese Restaurant,,Khlong Luang District,Asian; Japanese,no,Low,1,,English/Latin-script name,,,openstreetmap,1,+66949243933,112/117 หมู่ 18,12120,overture (meta),overture:df85ed66-48ef-4f07-92f1-ebe1da94e668
halfmooncoffea@gmail.com,Half Moon Coffee,,Khlong Luang District,Cafe,no,Low,1,,English/Latin-script name,,,openstreetmap,1,+66842426923,80 14 Moo19 ไทยธานี,12120,overture (meta),overture:d5dc1bf0-7949-4be6-8adc-0efce93909d7
casnovaii@gmail.com,Happybud Coffee,,Khlong Luang District,Cafe,no,Low,1,,English/Latin-script name,,,openstreetmap,1,+66994799224,62 39 Thep Kunchon 42,12120,overture (meta),overture:233b8b58-ee83-4603-b051-00f64c2d5af5
parnvad@gmail.com,Have a Seat Design & Café,,Khlong Luang District,Cafe,no,Low,1,,English/Latin-script name,http://haveaseat.makewebeasy.com/,,openstreetmap,1,,Khlong Luang Rd,12120,overture (meta),overture:fccd8a17-59b5-4ba1-91fc-e99eb65e0ea5
toon.aun@hotmail.com,Healthy Land Cafe,,Khlong Luang District,Restaurant,no,Low,1,,English/Latin-script name,,,openstreetmap,1,+66946452249,45 ผ่านซอย.7 มาอีก 3 หลัง อยู่ด้านซ้ายมือ 91 ถนนเมนต์,12120,overture (meta),overture:943f04cd-6e09-4d9a-b0ef-4c6b1fa90fe4
kalayasibsaen@gmail.com,Highway Coffee By Sibsaen,,Khlong Luang District,Cafe,no,Low,1,,English/Latin-script name,,,openstreetmap,1,+66646459298,56/25 พฤกษา40/1 ถนนเมน หมู่3,12120,overture (meta),overture:f600b966-2ba5-46fa-835e-661d36d2ec49
hisocoffee.2564@gmail.com,Hiso Coffee,,Khlong Luang District,Cafe,no,Low,1,,English/Latin-script name,,,openstreetmap,1,+66988393903,5/27 ซอย คุณพระ,12120,overture (meta),overture:89045186-d726-4731-94e2-e5fbd8e3cf86
jatanin.jintana@gmail.com,Home Chill,,Khlong Luang District,Restaurant,no,Low,1,,English/Latin-script name,,,openstreetmap,1,+66896783159,Bor Dor Tor Soi 7,12120,overture (meta),overture:51328d7c-6a15-4227-aed5-9d30216ce533
hopchafe.rsk4@gmail.com,HOP Chafe x Klong 4,,Khlong Luang District,Restaurant,no,Low,1,,English/Latin-script name,,,openstreetmap,1,+66655036693,ตลาดคลองสี่เมืองใหม่,12130,overture (meta),overture:8541c299-f422-46b3-bd32-7d226b3411c5
hygge.specialty@gmail.com,Hygge Cafe,,Khlong Luang District,Cafe,no,Low,1,,English/Latin-script name,,,openstreetmap,1,+66863979489,99,12120,overture (meta),overture:a7ef1c67-7197-4a66-85ca-fcf308b2c95e
benjawan.sirisuwan@gmail.com,I love yogurt garden,,Khlong Luang District,Restaurant,no,Low,1,,English/Latin-script name,,,openstreetmap,1,+66800582630,10 ถนน คลองสี่,12120,overture (meta),overture:f1bb7c23-7833-426f-ba2a-dfacc1bf29dc
khanida_0210@hotmail.com,ICE cafe & ICE Yum,,Khlong Luang District,Cafe,no,Low,1,,English/Latin-script name,,,openstreetmap,1,+66651824444,32/529-530 ม.9 ตลาดไท ต.คลองหนึ่ง,12120,overture (meta),overture:11a17a88-0a54-4f16-bdf5-b321a0119a49
thitichokrada@gmail.com,Indy Style 289,,Khlong Luang District,Restaurant,no,Low,1,,English/Latin-script name,,,openstreetmap,2,+66909566289,"Indy Style 289 22/19 Khlong 2, Rangsit-Nakhon Nayok Road 31",12120,overture (meta),overture:1675f47e-92f9-49fe-b84b-751c4b6c49b2
pennurak@hotmail.com,Jai•Pai Bamboo Café,,Khlong Luang District,Cafe,no,Low,1,,English/Latin-script name,,,openstreetmap,1,+66924429292,29/141 หมู่2 ซอยคลองหกตะวันออก30 คลองหก,12120,overture (meta),overture:c8d5677b-c21d-4f46-b48c-dd3edc315854
japmak99@gmail.com,JAPP Coffee & Barber,,Khlong Luang District,Cafe,no,Low,1,,English/Latin-script name,,,openstreetmap,1,+66988276280,34 42 ม.2 ไทยสมบูรณ์ 2,12120,overture (meta),overture:deaeb000-6894-4e9f-a934-843b3ffbbf19
fs-manager@justgreen.co.th,Justgreen Agriculture Products  & Fongyin Import - Export Company Limited,,Khlong Luang District,Restaurant,no,Low,1,,English/Latin-script name,,,openstreetmap,1,+66880884959,เลขที่ 99/19 ม.9 ต.คลองสอง อ.คลองหลวง จ.ปทุมธานี,,overture (meta),overture:9934a1aa-c530-48bb-92d9-0126ce2b7269
golf1994@gmail.com,K&G Fresh Fruit,,Khlong Luang District,Restaurant,no,Low,1,,English/Latin-script name,,,openstreetmap,1,+66949397888,Unnamed Road,12120,overture (meta),overture:a5c26c38-82e3-4f87-8977-028fe7534f01
saichon1973@gmail.com,Kati.3979,,Khlong Luang District,Asian; Thai,no,Low,1,,English/Latin-script name,,,openstreetmap,1,+66813031966,32/388 หมู่ 9 ต.คลองหนึ่ง,12120,overture (meta),overture:a2b36eb6-2a84-4a7e-a8a3-dee196a7f006
kimjufood@gmail.com,KimJu Korean Cool & Fun Eatery,,Khlong Luang District,Asian; Korean,no,Low,1,,English/Latin-script name,,,openstreetmap,1,+66841600588,Official Facebook Page - Kimju Korean Restaurant,12120,overture (meta),overture:771d2996-9ff4-4989-b33e-14ab5d3310d1
chusaki1963@gmail.com,Kobung,,Khlong Luang District,Cafe,no,Low,1,,English/Latin-script name,,,openstreetmap,1,+66819132818,"ซอยแม่ฉอ้อนอุทิศ, คลองห้า, คลองหลวง, ปทุมธานี 12120, ประเทศไทย",12120,overture (meta),overture:cc5d4394-5f9e-47c9-90c3-d75c6ba0c6cc
lamiettecafe@gmail.com,La miette,,Khlong Luang District,Cafe,no,Low,1,,English/Latin-script name,,,openstreetmap,1,+66942512966,109/511-512 คลองสอง,12120,overture (meta),overture:3d6b578a-55d5-4d64-864d-ed11cab7b400
laziinessa.hafz@gmail.com,laziiness,,Khlong Luang District,Cafe,no,Low,1,,English/Latin-script name,,,openstreetmap,1,+66648968032,37 2035 ซ. 5,12120,overture (meta),overture:44150699-e47c-4af5-ac99-1ce49d7febed
phensiri.phonsiriphot@gmail.com,LETABAR,,Khlong Luang District,Cafe,no,Low,1,,English/Latin-script name,,,openstreetmap,1,+66853686456,29/93 Wararak Soi 2/1,12120,overture (meta),overture:f4f0f080-b198-4499-86f7-b3c83189fc7e
linggunganny@gmail.com,Linggung,,Khlong Luang District,Bakery,no,Low,1,Local,English/Latin-script name,http://Linggung.tarad.com/,annzio2266@gmail.com,openstreetmap,1,+66629042266,88/14 ใต้หอแวนด้า (ธรรมศาสตร์ รังสิต) ตำบลคลอง1 อำเภอคลองหลวง จังหวัดปทุมธานี,12120,overture (meta),overture:6192c745-d321-46b8-9b06-52920931a343
kan1cha1na1@gmail.com,Little Bakery and Cafe,,Khlong Luang District,Bakery,no,Low,1,,English/Latin-script name,,,openstreetmap,1,+66627789978,90 202 หมู่ 7,12120,overture (meta),overture:56a26b41-4b44-4ffa-9eb8-760d9e5835f0
dkamon_s@hotmail.com,Little Two Cafe,,Khlong Luang District,Cafe,no,Low,1,,English/Latin-script name,,,openstreetmap,1,+66644561923,45/6 Soi Thep Kunchon 11,12120,overture (meta),overture:7ca0dee6-d968-49fd-b22a-510e8cdce0cf
napakorn.t@gmail.com,LittleBee Cafe,,Khlong Luang District,Bakery,no,Low,1,,English/Latin-script name,,,openstreetmap,1,+66642296536,,,overture (meta),overture:3105b953-6a7e-4175-b9db-2be4a3e7cfba
buachookan04@gmail.com,M&m CAFE,,Khlong Luang District,Cafe,no,Low,1,,English/Latin-script name,,,openstreetmap,1,+66910513710,24/115 หมู่ที่1 ต. คลองหก,12120,overture (meta),overture:78ef2944-af00-43c9-88b6-ed997c61ea55
purimprat186225@gmail.com,ManaNai DUConcert,,Khlong Luang District,Cafe,no,Low,1,,English/Latin-script name,,,openstreetmap,1,+6652000886,1,12120,overture (meta),overture:e8c57f1e-4a21-498b-9951-52c897bd56be
jutarut7107@gmail.com,"Manoi Cafe"" Rangsit Klong 2",,Khlong Luang District,Cafe,no,Low,1,,English/Latin-script name,,,openstreetmap,1,+66982798197,59/100 บงกช 5,12120,overture (meta),overture:a868409c-4fac-4e25-a85d-dfee92283d5a
matchamachi.co@gmail.com,Matcha Machi,,Khlong Luang District,Restaurant,no,Low,1,,English/Latin-script name,,,openstreetmap,1,+66659188427,เลขที่ 60 อาคาร Inter Park ชั้นที่ 1 ห้องเลขที่ 1037 ต. คลองหนึ่ง ถ. คลองหลวง,12120,overture (meta),overture:ef1deeb2-e55c-42c1-b915-97d8d791b9dc
nattaphakestudom@gmail.com,MeeCha Cafe’,,Khlong Luang District,Restaurant,no,Low,1,,English/Latin-script name,,,openstreetmap,1,+66986199955,99/111 โครงการยูเพลิน2 หมู่2 สะพานชมพู ต.คลองหก อ.คลองหลวง,12120,overture (meta),overture:7896fb98-d8ab-4919-8052-f83ec404becd
phawich.thad@gmail.com,Min Phawich Sales Executive Benz BKK,,Khlong Luang District,Asian; Thai,no,Low,1,,English/Latin-script name,https://line.me/ti/p/PnaKQct-w-,,openstreetmap,1,+66645289417,38 ถนน วิภาวดีรังสิต,10900,overture (meta),overture:9977b2a5-5d23-4b88-b2b9-052af717bee2
monsatany.town@gmail.com,Monsatany Town,,Khlong Luang District,Cafe,no,Low,1,,English/Latin-script name,,,openstreetmap,1,+66622486861,37 ตลาดคุณยาย 100 ปี 162,12120,overture (meta),overture:4664c4e4-ad2b-4ee7-a43a-1c36faa77c74
atittaya28promnut@gmail.com,Mookky Bakery and Coffee,,Khlong Luang District,Bakery,no,Low,1,,English/Latin-script name,,,openstreetmap,2,+66988846385,63 5 Phahonyothin Rd,12120,overture (meta),overture:53e872a2-1deb-444a-8bed-41d10f23cee9
serpent.thai@gmail.com,N Coffee DEE,,Khlong Luang District,Cafe,no,Low,1,,English/Latin-script name,,,openstreetmap,1,+66838832288,24 19 หมู่ 6 ซอยคลองสี่ ๘,12120,overture (meta),overture:7f8a6906-9043-4325-9ca8-3447ef3abef2
naiibaancoffee@gmail.com,Naiibaan cafe,,Khlong Luang District,Cafe,no,Low,1,,English/Latin-script name,,,openstreetmap,1,+66952462693,"42, 43 หมู่ที่ 1 ซอย 2",12120,overture (meta),overture:5b897b03-f025-4641-8835-078b95035516
nambashabu@gmail.com,Namba Shabu,,Khlong Luang District,Asian; Japanese,no,Low,1,,English/Latin-script name,,,openstreetmap,1,+66851483740,60 หมู่ 8 หอพักอินเตอร์ปาร์ค ถ. เชียงราก,12120,overture (meta),overture:680f9aa3-6fca-4a93-b3d3-2852db3c597e
nescafefr1@gmail.com,Nescafe Street Cafe,,Khlong Luang District,Restaurant,no,Low,1,,English/Latin-script name,,,openstreetmap,1,+66928340324,The ForRest Phaholyothin Rangsit ติด มหาวิทยาลัยกรุงเทพ รังสิต,12120,overture (meta),overture:a9b77d0c-5f11-4fde-8c0a-81cb40798b80
nuy_cafe2525@hotmail.com,nui cafe',,Khlong Luang District,Cafe,no,Low,1,,English/Latin-script name,,,openstreetmap,1,+66618639995,พหลโยธิน,12120,overture (meta),overture:86ce18c5-ef8c-4373-a215-b0a4301e00d4
mamahalalfood2020@gmail.com,Nureeya by mama,,Khlong Luang District,Halal,no,Low,1,,English/Latin-script name,,,openstreetmap,1,+66961747047,ถนนเชียงราก,12120,overture (meta),overture:ce00ff0b-f625-4aa4-92f7-339aa9783d1d
omnisushithailand@gmail.com,Omni Sushi,,Khlong Luang District,Asian; Japanese; Sushi,no,Low,1,,English/Latin-script name,,,openstreetmap,1,+66980878760,U plearn mall,12120,overture (meta),overture:2c850d78-2fc9-4113-a5fc-b5583ca0cd2f
oopscafeanddessert@gmail.com,Oops Cafe and Dessert,,Khlong Luang District,Cafe,no,Low,1,,English/Latin-script name,,,openstreetmap,1,+66626655164,TU Terminal Thammasat university (Rangsit campus Klongneung,12121,overture (meta),overture:3db7cd91-ad84-46ec-bab7-88a96cbbe7e7
osaka_ramen@hotmail.com,Osaka Ramen Thailand,,Khlong Luang District,Asian; Japanese,no,Low,1,,English/Latin-script name,,,openstreetmap,1,+66866628095,68/7 ตึกแถวหน้าตลาดคลองสี่เมืองใหม่ ,12120,overture (meta),overture:05c9a583-357c-4a79-ba1c-8d81c5eab14d
outdooreats.bkk@gmail.com,OutdoorEats Restaurant,,Khlong Luang District,Restaurant,no,Low,1,,English/Latin-script name,,,openstreetmap,1,+66616955733,37 6 Phahonyothin Rd,12120,overture (meta),overture:9ca472d6-8257-45e9-bc58-7edcc772cad4
pancakesstationcafe@gmail.com,Pancakes station cafe',,Khlong Luang District,Cafe,no,Low,1,,English/Latin-script name,,,openstreetmap,1,+66651629615,Pancakes Station Cafe,12120,overture (meta),overture:c7a18cb4-681f-429f-b790-40e0e8586e22
paramaofficial18@gmail.com,Parama Matcha Cafe,,Khlong Luang District,Cafe,no,Low,1,,English/Latin-script name,,,openstreetmap,1,+66926359926,,,overture (meta),overture:9f918b50-8ef2-4d78-8810-4b54fdd38f11
pwbake29@gmail.com,Password bake,,Khlong Luang District,Bakery,no,Low,1,,English/Latin-script name,,,openstreetmap,1,+66870479052,88/19 ธรรมศาสตร์,12120,overture (meta),overture:861ebc75-1c56-4ffd-81e3-50d62ddef450
nipaporntukta101@gmail.com,Pen Kan Aeng Cafe,,Khlong Luang District,Cafe,no,Low,1,,English/Latin-script name,,,openstreetmap,1,+66890633420,77 รังสิต-ปทุมธานี 10,12130,overture (meta),overture:0f8c87ec-c693-497e-a985-35037b52b63e
kindeemeesup@gmail.com,People Haus,,Khlong Luang District,Cafe,no,Low,1,,English/Latin-script name,,,openstreetmap,1,+66661515636,อุทยานการเรียนรู้ป๋วย 100ปี,12120,overture (meta),overture:f5d0ba12-151f-440c-b1a1-84eb5ab0ad38
koung.91225@gmail.com,PK Chicken Kitchen,,Khlong Luang District,Restaurant,no,Low,1,,English/Latin-script name,,,openstreetmap,1,+66879333423,บ้านเอื้ออาทรคลองสอง,12120,overture (meta),overture:99e34f02-3aa5-4427-a8f8-b9c0814b9ede
nanon0314@gmail.com,PNK Kowtong Coffee Thailand,,Khlong Luang District,Cafe,no,Low,1,,English/Latin-script name,,,openstreetmap,1,+66979641915,71/87 ซอย 1,10220,overture (meta),overture:7ecd64cc-ced2-4fec-bc9a-f79033b439ef
goodrice9@gmail.com,Rakkhao Taladthai,,Khlong Luang District,Asian; Thai,no,Low,1,,English/Latin-script name,,,openstreetmap,1,+66639644249,31 ม.9 ต.คลองหนึ่ง,12120,overture (meta),overture:07ec5a07-08c9-4a8d-9a8a-633c299d6792
rasa25122@gmail.com,Rasa coffee,,Khlong Luang District,Cafe,no,Low,1,,English/Latin-script name,,,openstreetmap,1,+66887791585,98/11หมู่7 ตำบลหนองหมู อำเภอวิหารแดง จังหวัด สระบุรี,18150,overture (meta),overture:fff4d2fd-0744-418c-936e-6cb2d2c27bd1
wareenut.lm@gmail.com,Red's Rest cafe,,Khlong Luang District,Cafe,no,Low,1,,English/Latin-script name,,,openstreetmap,1,+66987891696,,12120,overture (meta),overture:aaff5ff8-f597-47e4-94dd-b8fcdc19d492
toei_the_yer@hotmail.com,Rimkhlong SlowBar,,Khlong Luang District,Cafe,no,Low,1,,English/Latin-script name,,,openstreetmap,1,+66841231952,หมู่ 7 ซอยตะวันตก26,12120,overture (meta),overture:4fe03e38-f88e-437c-9ba0-d1ef8607c8c7
donraseepompam@gmail.com,Rosemary cafe and bar,,Khlong Luang District,Restaurant,no,Low,1,,English/Latin-script name,,,openstreetmap,1,+66853385366,27 20 Soi Khlong Si Tawan Tok 13,12120,overture (meta),overture:c025f7ab-b9a9-4a25-8c35-24a39e7cc2ba
pailinz2533@gmail.com,Safe House Cafe,,Khlong Luang District,Cafe,no,Low,1,,English/Latin-script name,,,openstreetmap,1,+66947328585,เทพรักษ์สะพานใหม่ ดอนเมือง,10220,overture (meta),overture:944b0cfb-ac34-4cba-be8f-cc1c852c7c26
sakenohashi@gmail.com,Sake No Hashi,,Khlong Luang District,Asian; Japanese,no,Low,1,,English/Latin-script name,,,openstreetmap,1,+66848159808,36/12 หมู่ 17 คลองหนึ่ง,12120,overture (meta),overture:97e07cb9-76da-4b0c-8d29-cb058b838dcc
pimmeedusadee@gmail.com,Salad Cindy,,Khlong Luang District,Restaurant,no,Low,1,,English/Latin-script name,,,openstreetmap,1,+66951894248,31 บ้านพฤกษา,12120,overture (meta),overture:8ba78d0a-5667-4c48-ac46-95b159d14526
contact@salisacafe.com,Salisa Cafe,,Khlong Luang District,Cafe,no,Low,1,,English/Latin-script name,,,openstreetmap,1,+66622726009,4/31,12120,overture (meta),overture:5f2d2fe6-0fc9-437f-8e3e-65ec5dda913e
satoteahouse@gmail.com,SATO Tea House Cafe,,Khlong Luang District,Cafe,no,Low,1,,English/Latin-script name,,,openstreetmap,1,+66909246519,32 Soi Khlong Sam 1/3,12120,overture (meta),overture:8cacfd97-e0da-4ca7-88c4-b312dd644fdf
jai_pathum@hotmail.com,Seoul - Say,,Khlong Luang District,Asian; Korean,no,Low,1,Local,English/Latin-script name,https://www.wongnai.com/r/seoulsay2019,tmalagul@gmail.com; memorized0303@gmail.com; c.senachan@gmail.com; arkom.ptn17@gmail.com,venue website,1,+66875433965,U-Village ม.ธรรมศาสตร์,12120,overture (meta),overture:65897693-bf5d-4f17-bbb0-56229a8c0052
umaiumaishabu@gmail.com,Shabu U-ma-i,,Khlong Luang District,Asian; Japanese,no,Low,1,,English/Latin-script name,,,openstreetmap,1,+66809438947,,12120,overture (meta),overture:e3579028-4ed4-4bb5-af4c-1b07fbed5eb0
ratchote@gmail.com,Sho Ramen,,Khlong Luang District,Japanese,no,Low,1,,English/Latin-script name,,,openstreetmap,1,+66971158398,โครงการ The ForRest Phaholyothin 9/273,12120,overture (meta),overture:6fc0860d-ceda-4572-b2c4-b3f81377f656
sgfcontact.co@gmail.com,Siam Great Fresh,,Khlong Luang District,Restaurant,no,Low,1,Local,English/Latin-script name,https://siamgreatfresh.store/,,openstreetmap,1,+66934930223,24/25,12120,overture (meta),overture:0ad05e07-0de4-4880-8a80-30b4da9c0db5
sasarupla@gmail.com,Smile more,,Khlong Luang District,Cafe,no,Low,1,,English/Latin-script name,,,openstreetmap,1,+66895122844,130 Phaholyothin Frontage Road,12120,overture (meta),overture:6cfe5cfd-40e4-4893-abf2-a49311c2562f
exportsales@greendelifoods.com,Smoothies greendeli,,Khlong Luang District,Restaurant,no,Low,1,Local,English/Latin-script name,http://www.greendelifoods.com/,panya2929@hotmail.com,openstreetmap,1,+66948969789,24 ซอย คลองสี่ตะวันออก 31,12120,overture (meta),overture:c1b0021d-9868-4429-ab52-781456d8a94b
bingsud3@gmail.com,Snowflake By Golfcity,,Khlong Luang District,Cafe,no,Low,1,,English/Latin-script name,,,openstreetmap,1,+66949863377,60/51 หมู่ที่ 6 คลองหนึ่ง,12120,overture (meta),overture:b30d8929-36eb-4804-9395-3e9d26d5edf8
snowloverbypanlant@gmail.com,SnowLover Cherrymall,,Khlong Luang District,Ice cream,no,Low,1,,English/Latin-script name,,,openstreetmap,1,+66926963963,คลองหลวง,,overture (meta),overture:cc6b6fc9-027a-4163-9af5-7057f4c4cd2a
soberbar.th@gmail.com,SOBER BAR,,Khlong Luang District,Cafe,no,Low,1,,English/Latin-script name,,,openstreetmap,1,+66909505544,"9/135 Moo5, Khlong Nueng, Khlong Luang",12120,overture (meta),overture:770318f8-0797-483f-bdd9-e40077475c03
solarfresh.th@gmail.com,Solar Fresh Cafe & Eatery,,Khlong Luang District,Cafe,no,Low,1,,English/Latin-script name,,,openstreetmap,1,+66619642644,16/17,12120,overture (meta),overture:778a2ac1-8141-4281-b5d5-56c5ee1c3b46
kruachefwut@gmail.com,Spaghettini,,Khlong Luang District,Restaurant,no,Low,1,,English/Latin-script name,,,openstreetmap,2,+66968712054,,12120,overture (meta),overture:c200fc23-0687-4982-850e-902894cb5b3c
14408@coffee-concepts.co.th,Starbucks,,Khlong Luang District,Cafe,no,Low,1,,English/Latin-script name,https://starbucks.co.th/,,openstreetmap,1,,,,overture (AllThePlaces),overture:0acb9e29-a8fa-4c59-952a-f82ab596bb80
14613@coffee-concepts.co.th,Starbucks,,Khlong Luang District,Cafe,no,Low,1,,English/Latin-script name,https://starbucks.co.th/,,openstreetmap,1,,,,overture (AllThePlaces),overture:0a54eec8-e4f2-4898-8ccf-fca593308131
sukiking.mkt@gmail.com,SUKI KING,,Khlong Luang District,Restaurant,no,Low,1,,English/Latin-script name,,,openstreetmap,1,+66938159353,Big C Supercenter Rangsit Klong 3,12120,overture (meta),overture:22e89453-053c-4eff-b051-3cd0546df1c3
ntfoodndrinks@gmail.com,Suki_hunsa,,Khlong Luang District,Takeaway,no,Low,1,,English/Latin-script name,,,openstreetmap,1,+66815616470,41 บ้านพฤกษา ซี,12120,overture (meta),overture:fd0b2870-aa02-4dc5-ad6e-9d3dc8becdfa
rattapol996@gmail.com,SukkasameBar,,Khlong Luang District,Bar,no,Low,1,,English/Latin-script name,,,openstreetmap,1,+66855934133,12/17 ไทยธานี ซอย 9,12120,overture (meta),overture:7afba7b7-197b-4fcd-b5a1-c4b8c378a5f1
deerrrvcy11@gmail.com,Sum Of Cafe’,,Khlong Luang District,Cafe,no,Low,1,,English/Latin-script name,,,openstreetmap,1,+66967379555,99/121 หมู่1 ต.คลองหก อ.คลองหลวง,12150,overture (meta),overture:e0dd7ffb-7d29-494d-be90-ba6af95cf2f4
punyisa.yuy05@gmail.com,Sum-Hua tumrayum,,Khlong Luang District,Asian; Thai,no,Low,1,,English/Latin-script name,,,openstreetmap,1,+66962629295,71/1 หมู่ 11 ถ.พหลโยธิน ต.คลองหนึ่ง อ.คลองหลวง จ.ปทุมธาณี 12160,12120,overture (meta),overture:6fb937b2-8271-43ee-bd89-be83289609bf
payuband@gmail.com,SunStorm,,Khlong Luang District,Cafe,no,Low,1,,English/Latin-script name,,,openstreetmap,1,+66898150986,ใต้ร้านก้ำกึ่ง คลองหนึ่ง,12120,overture (meta),overture:8c50ed3a-a22f-4ee8-87b0-1e307e5fcc55
mrchittawan66@gmail.com,svonzon.cafe,,Khlong Luang District,Cafe,no,Low,1,,English/Latin-script name,,,openstreetmap,2,+66982646978,,,overture (meta),overture:f357bd39-6d5b-4166-a80e-32bb9d6d194e
swanlakecuisine@hotmail.com,Swan Lake Cuisine,,Khlong Luang District,Asian; Thai,no,Low,1,,English/Latin-script name,,,openstreetmap,1,+66929939339,ถ.เชียงราก-ธรรมศาสตร์ ต.คลองหนึ่ง อ.คลองหลวง,12120,overture (meta),overture:1648fc5f-388d-44f5-9649-40f6e81e0003
praewpan667@gmail.com,The Lion Milk Tea,,Khlong Luang District,Restaurant,no,Low,1,,English/Latin-script name,,,openstreetmap,1,+66892219010,27 คลองหกตะวันออก 10 ซอยหอพัก ซูม,12120,overture (meta),overture:f96757de-9e36-44ff-ace8-560226b451c0
theneramit@gmail.com,The Neramit,,Khlong Luang District,Restaurant,no,Low,1,,English/Latin-script name,,,openstreetmap,1,+66856666199,ซอย คลองห้าตะวันออก 44,12110,overture (meta),overture:f24101f8-81f9-4012-9a8f-71393b61263e
golf_tp@hotmail.com,The STORY Café,,Khlong Luang District,Cafe,no,Low,1,,English/Latin-script name,,,openstreetmap,1,,โครงการยูเพลิน สะพานชมพู ธัญบุรีคลอง6 ,12120,overture (meta),overture:e0463df2-5f83-4aa8-8450-e6f82d3b1551
three.brothercafe@gmail.com,Three Cafe,,Khlong Luang District,Cafe,no,Low,1,Local,English/Latin-script name,https://www.wongnai.com/r/987216vb,jokepae8214@gmail.com; pasdnb2539@gmail.com; pimada1377@gmail.com; cirwrrnphukhawngkh@gmail.com; arkom.ptn17@gmail.com; yaki.thailand.1@gmail.com,openstreetmap,1,+66631909497,4/80 คลองหลวง 21,12120,overture (meta),overture:94d0025e-2a74-4d8a-bae2-e96456f9bf1c
tigerdaddy.cafe.bar@gmail.com,Tiger Daddy cafe&bar,,Khlong Luang District,Bar,no,Low,1,,English/Latin-script name,,,openstreetmap,1,+66658166888,10/27,12120,overture (meta),overture:92c9f8f2-f0f1-4e3c-827a-ed5895438a1e
topupgroup@hotmail.com,TopUp - Restaurant & Cafe',,Khlong Luang District,Asian; Thai,no,Low,1,,English/Latin-script name,,,openstreetmap,1,+66638863139,"9/168 ซอยรังสิตภิรมย์ ต.คลองหนึ่ง อ.คลองหลวง  Rangsit, Pathum Thani, Thailand 12120",12120,overture (meta),overture:7ea4d8cd-5ebc-4960-8fd1-061c864a0a79
torofries@gmail.com,Toro Fries,,Khlong Luang District,Takeaway,no,Low,1,Local,English/Latin-script name,http://www.torofries.com/,,venue website,6,+66831329569,หอพักอินเตอร์ปาร์ค 60 ถนน ประตูน้ำเชียงราก,12120,overture (meta),overture:fc8de0d8-346d-4381-91fd-3106f1b4d756
ommsan2013@gmail.com,Triple Shot,,Khlong Luang District,Cafe,no,Low,1,,English/Latin-script name,,,openstreetmap,1,+66985239555,27 100 ซอย บงกช 2,12120,overture (meta),overture:5e655b84-cd12-479c-8ffc-843787ad9314
tripletreecafeandgarden@gmail.com,Triple Tree Cafe and Garden,,Khlong Luang District,Cafe,no,Low,1,,English/Latin-script name,,,openstreetmap,1,+66959911192,"ตะวันออก, 88 หมู่ 11 ถ. เรียบคลองสาม",12120,overture (meta),overture:3d5ee48f-563b-4719-acc3-618ac7f80a6e
plearn@ucityavenue.com,U plearn mall,,Khlong Luang District,Restaurant,no,Low,1,,English/Latin-script name,,,openstreetmap,1,+66822812505,99 หมู่2,12120,overture (meta),overture:9f420761-748f-41c6-bdce-7ee31f00f1f0
retailrangsit@ugroupproperty.com,U-Square,,Khlong Luang District,Restaurant,no,Low,1,,English/Latin-script name,,,openstreetmap,1,+66873251711,Thammasat University (Rungsit),12120,overture (meta),overture:ef416fe3-a239-4f14-92c6-cafbbe983426
umaishaburamen@gmail.com,Umai Shabu&Ramen,,Khlong Luang District,Asian; Japanese,no,Low,1,,English/Latin-script name,,,openstreetmap,1,+66989455989,26/8 วี.เค.พี. เซ็นเตอร์  ตำบลคลองหนึ่ง อำเภอคลองหลวง จังหวัดปทุมธานี 12120,12120,overture (meta),overture:4a087c43-d85f-4aa1-8059-35838d74cf40
lernapakas@gmail.com,Umi Cafe,,Khlong Luang District,Cafe,no,Low,1,,English/Latin-script name,,,openstreetmap,1,+66922597041,73/1 หมู่18,12120,overture (meta),overture:7a5e8ca8-4fd3-4950-9fd2-2da5afde9d76
white_ivy@hotmail.com,WhiteTeek,,Khlong Luang District,Cafe,no,Low,1,,English/Latin-script name,,,openstreetmap,1,+66832462942,inizio Rangsit Khlong Sam,12120,overture (meta),overture:d5ab33ba-3715-4f84-bd9f-6081f0e6a07e
woodstockcommunityclub@gmail.com,Woodstock Community Club,,Khlong Luang District,Cafe,no,Low,1,,English/Latin-script name,,,openstreetmap,1,+66956908785,37/164 คลองหลวง คลองหนึ่ง,12120,overture (meta),overture:23682168-1d81-4ad0-a337-01a6795452b8
boyhuanom@gmail.com,Work Whip,,Khlong Luang District,Cafe,no,Low,1,,English/Latin-script name,,,openstreetmap,2,+66989783590,คลองหกตะวันออก 4 ซอยหมูน้ำแข็ง,12120,overture (meta),overture:fecc0e42-0bb1-4443-9101-ea5723ce6979
yui140937@gmail.com,Y&Y Coffee,,Khlong Luang District,Cafe,no,Low,1,,English/Latin-script name,,,openstreetmap,1,+66982535414,7 11 ถนน ธัญบุรี-วังน้อย,12120,overture (meta),overture:40a5a725-2dd1-4ed4-8296-dc8bbeae3287
jokepae8214@gmail.com,YiiZ Lab,,Khlong Luang District,Takeaway,no,Low,1,Local,English/Latin-script name,https://www.wongnai.com/r/1910029NZ,mootodtidfun33@gmail.com; mysalmonking@gmail.com; wphrmpha89@gmail.com; wichitrapar@gmail.com; arkom.ptn17@gmail.com,venue website,5,+66953608199,"ชั้นที่ 1 ห้องเลขที่ A30 หมู่5 คลองหนึ่ง เลขที่ 79,80 คอมมูนิตี้มอลล์ Mingle mall A",12120,overture (meta),overture:5e4eae06-e17d-40e7-ad68-9035a41e325d
tianshun1688@gmail.com,天顺餐厅,,Khlong Luang District,Asian; Chinese,no,Low,1,,English/Latin-script name,,,openstreetmap,1,+66985464559,"89/125.moo9.khlong song,khongLuang,Patum Thani,Thailand",12120,overture (meta),overture:9b571875-a732-4811-87c1-2b59dd1fb0e0
greatdreamno4@gmail.com,100 ปี Foodbike,100 ปี Foodbike,Khlong Luang District,Restaurant,no,Low,0,,,,,openstreetmap,1,+66982239254,ยิ่งมารวย เลขที่ 106/24 ตลาด,12120,overture (meta),overture:4209bfc9-804b-49f1-bc43-87fe545b3d08
ck21.bake@outlook.com,21bake ขนมเปี๊ยะคลองหลวง,21bake ขนมเปี๊ยะคลองหลวง,Khlong Luang District,Cafe,no,Low,0,,,https://r.grab.com/o/u67zMNnm,,openstreetmap,1,+66886122283,Botany Lifestyle Park เยื้องวัดพระธรรมกาย,12120,overture (meta),overture:df81d617-dfab-4529-bbfa-9059fbfdd1cb
siscurrycafe@gmail.com,2SisCurrycafe รังสิต cafe food coffee tu,2SisCurrycafe รังสิต cafe food coffee tu,Khlong Luang District,Indian,no,Low,0,,,,,openstreetmap,1,+66829822535,หอพัก J&B House เลขที่ 88/20 หมู่ 8 ต.คลองหนึ่ง อ.คลองหลวง ปทุมธานี 12120,12120,overture (meta),overture:9e5f622d-57a9-446c-a179-c7987a530582
acisowall.sale03@gmail.com,AC Wall  แผ่นฉนวนกันความร้อน แซนวิซพาแนล,AC Wall  แผ่นฉนวนกันความร้อน แซนวิซพาแนล,Khlong Luang District,Cafe,no,Low,0,,,,,openstreetmap,1,+66622368988,ตลาดไท คลองสอง คลองหลวง,12120,overture (meta),overture:d5710708-62bf-4046-9039-e26e8c689d31
mmahatsajan@gmail.com,Bunny Shake Cafe รังสิต The Forrest พหลโยธิน,Bunny Shake Cafe รังสิต The Forrest พหลโยธิน,Khlong Luang District,Cafe,no,Low,0,,,,,openstreetmap,1,+66822922326,โครงการ The Forrest รังสิต ห้อง B109-B110 9/273,12120,overture (meta),overture:5cefd020-790b-4c89-b832-4dad5774008b
cafeamazonbigcklong3@gmail.com,Cafe amazon Big C รังสิต คลองสาม,Cafe amazon Big C รังสิต คลองสาม,Khlong Luang District,Cafe,no,Low,0,,,,,openstreetmap,1,+66982519952,ฺฺBig C รังสิตคลองสาม ,12120,overture (meta),overture:50f6f562-fa9b-4b5f-a8ff-cfbc3c522821
nataliebrew2022@gmail.com,Café Amazon สาขารังสิตสเตชั่น,Café Amazon สาขารังสิตสเตชั่น,Khlong Luang District,Restaurant,no,Low,0,Local,,https://cafe-amazon.com/,,openstreetmap,1,+66811389775,ซอยคลองหลวง9,12120,overture (meta),overture:fdb4d6eb-bec0-44ae-b16e-e3ac32ee6352
noonmeanster@gmail.com,Chacha home healthy Keto น้ำจิ้ม น้ำสลัด น้ำพริก,Chacha home healthy Keto น้ำจิ้ม น้ำสลัด น้ำพริก,Khlong Luang District,Asian; Thai,no,Low,0,,,,,openstreetmap,1,+66955452182,33/178 ซอย 1,12120,overture (meta),overture:916b56cc-b8be-453a-8f16-8c4919f5c232
chafe.navanakorn@gmail.com,Chafe' สาขานวนคร,Chafe' สาขานวนคร,Khlong Luang District,Cafe,no,Low,0,,,,,openstreetmap,1,+66910091792,301 ถนน นวนคร,12120,overture (meta),overture:d424ea47-e223-4f71-a61a-66f3afb340b2
chaixi@chaixi.co.th,ChaixiFranchise ชายสี่แฟรนไชส์,ChaixiFranchise ชายสี่แฟรนไชส์,Khlong Luang District,Restaurant,no,Low,0,Local,,http://www.chaixi.co.th/,contactcentre@chaixi.co.th,openstreetmap,2,+6620244747,7/7 ม. 8 ต.คลองหก อ.คลองหลวง จ.ปทุมธานี,12120,overture (meta),overture:3c72a456-a837-42c6-999c-c74565afe67b
sarinya0699@gmail.com,Chakuma (ชาคุมะ),Chakuma (ชาคุมะ),Khlong Luang District,Restaurant,no,Low,0,,,,,openstreetmap,1,+66638831941,40 3249 Soi Khlong Sam 1/1,12120,overture (meta),overture:dc5e1ab2-2b8f-4bab-b29e-c4a2d41a104e
charnicecream.1976@gmail.com,Charn Icecream_1976 - ชาญ ไอศครีม,Charn Icecream_1976 - ชาญ ไอศครีม,Khlong Luang District,Ice cream,no,Low,0,,,,,openstreetmap,1,+66836662979,Khlong Sam,12120,overture (meta),overture:b0b2f6c8-6a28-4132-92cc-3d83c97bc411
angrisa.sukatajan@gmail.com,Cheesy Fried Snack สาขาคลอง6,Cheesy Fried Snack สาขาคลอง6,Khlong Luang District,Restaurant,no,Low,0,Local,,https://static.robinhood.in.th/app_link.html?URI=robinhoodth%3A%2F%2Fmerchantlanding%2Fid%2F149383,,openstreetmap,1,+66893694563,ฟาร์มไก่,12120,overture (meta),overture:708714c5-6390-4640-8d9a-70fd4f29f788
cocofuku.tu@gmail.com,Coco Fuku สาขาธรรมศาสตร์รังสิต,Coco Fuku สาขาธรรมศาสตร์รังสิต,Khlong Luang District,Restaurant,no,Low,0,,,,,openstreetmap,1,+66991531644,House Studio 489,12120,overture (meta),overture:04b48e65-fdda-42e8-a83a-0430865ded4b
supattra.success@gmail.com,Coffee V2 กาแฟสด,Coffee V2 กาแฟสด,Khlong Luang District,Cafe,no,Low,0,,,,,openstreetmap,1,+66971086222,หน้าหมู่บ้าน วีวิลเลจ 2 เลขที่ 47/13 ม.14,12120,overture (meta),overture:d0058e01-5e6e-425d-b8f9-03d0c728c02d
cozycamp888@gmail.com,COZY CAMP โคซี่แคมป์ kidscafe&Mookata,COZY CAMP โคซี่แคมป์ kidscafe&Mookata,Khlong Luang District,Restaurant,no,Low,0,,,,,openstreetmap,1,+66616120281,888/1 อำเภอคลองหลวง ปทุมธานี ,,overture (meta),overture:57f3adb3-a689-408e-a045-8a1e8b8cb068
thaksin618@gmail.com,Forest Cafe’ ชาไข่มุก,Forest Cafe’ ชาไข่มุก,Khlong Luang District,Cafe,no,Low,0,,,,,openstreetmap,1,+66993173024,พฤกษาซี เลียบคลองสาม,12120,overture (meta),overture:7d4b853c-18e0-41ba-8513-fc3f85396a04
chalitakhunseeda.2543@gmail.com,Formosa สาขาคลองหก,Formosa สาขาคลองหก,Khlong Luang District,Cafe,no,Low,0,,,,,openstreetmap,1,,44/40 พรธิสาร 35,12120,overture (meta),overture:b975ae7c-2c90-4e7d-b555-909af87366ae
plee04@hotmail.com,Fresh Me ธรรมศาสตร์ รังสิต,Fresh Me ธรรมศาสตร์ รังสิต,Khlong Luang District,Cafe,no,Low,0,,,,,openstreetmap,1,+66886811551,U-Square,,overture (meta),overture:5333624b-4488-4312-8210-9c8ef59807fe
oothipjungoo@gmail.com,GattoCha สาขา ตลาดคลองสี่เมืองใหม่,GattoCha สาขา ตลาดคลองสี่เมืองใหม่,Khlong Luang District,Restaurant,no,Low,0,,,,,openstreetmap,1,+66985532426,,,overture (meta),overture:7ff7621d-390b-4773-b7fd-caadb440724f
chokpailinmungkung@gmail.com,HD Pipe Thai  จำหน่าย ขายส่ง ท่อพีวีซี PVC ประปา-ไฟฟ้าและอุปกรณ์ ราคาโรงงาน,HD Pipe Thai  จำหน่าย ขายส่ง ท่อพีวีซี PVC ประปา-ไฟฟ้าและอุปกรณ์ ราคาโรงงาน,Khlong Luang District,Asian; Thai,no,Low,0,Local,,https://www.hdpipethai.com/,,openstreetmap,1,+66839925999,บริษัท โชคไพลินมั่งคั่ง จำกัด 88/95 ตำบล คลองสาม อำเภอ คลองหลวง ปทุมธานี 12120,12120,overture (meta),overture:b91e7b3c-75ad-47ca-b201-57b58ec5d6a2
hohhot.turungsit@gmail.com,Hohhot Suki โฮฮอตสุกี้ สาขาธรรมศาสตร์รังสิต,Hohhot Suki โฮฮอตสุกี้ สาขาธรรมศาสตร์รังสิต,Khlong Luang District,Asian; Japanese,no,Low,0,,,,,openstreetmap,1,+66639173770,หน้าประตูเชียงราก 2 มหาวิทยาลัยธรรมศาสตร์ ศูนย์รังสิต 88/48 หมู่ 8 ตำบลคลองหนึ่ง อำเภอคลองหลวง,12120,overture (meta),overture:80f9b4eb-8736-4677-acce-159c67c6eb41
cocoablackcat17@gmail.com,Home gift café อาหารเครื่องดื่มกาแฟ,Home gift café อาหารเครื่องดื่มกาแฟ,Khlong Luang District,Cafe,no,Low,0,,,,,openstreetmap,1,+66987997494,ซอย11/6 คลองสาม คลองหลวง ปทุมธานี,12120,overture (meta),overture:9b43cb28-d7d2-4eb5-b515-6ea96d3dadaf
anurakkasing@gmail.com,HyenaCoffee สาขาคลองหลวง,HyenaCoffee สาขาคลองหลวง,Khlong Luang District,Cafe,no,Low,0,,,,,openstreetmap,1,+66943056116,ถนนเรียบคลองสี่,12120,overture (meta),overture:bc847f27-3778-4c73-a6d4-37f51dd86714
kewalin.muen@gmail.com,Inthanin Coffee คณะวิทยาศาสตร์และเทคโนโลยี ม.ธรรมศาสตร์ รังสิต,Inthanin Coffee คณะวิทยาศาสตร์และเทคโนโลยี ม.ธรรมศาสตร์ รังสิต,Khlong Luang District,Cafe,no,Low,0,,,,,openstreetmap,1,+66975463951,,,overture (meta),overture:9312351d-a11f-4ff2-a3b5-7679200b7cf4
taifeng81802@gmail.com,Japan Life Plaza สินค้าญี่ปุ่น,Japan Life Plaza สินค้าญี่ปุ่น,Khlong Luang District,Asian; Thai,no,Low,0,,,,,openstreetmap,1,+66812708018,68 ซอย 16,12120,overture (meta),overture:ad01406d-43bb-4cc0-9110-cc9b20976750
khaw.cafe@outlook.com,Khaw Cafe (อาหารเเละเครื่องดื่ม),Khaw Cafe (อาหารเเละเครื่องดื่ม),Khlong Luang District,Restaurant,no,Low,0,,,,,openstreetmap,1,+66994727271,40 40,12120,overture (meta),overture:4671834d-90ea-4b06-acf8-840f2357588f
koknoodle@gmail.com,KOK Coconut รังสิต คลองสาม,KOK Coconut รังสิต คลองสาม,Khlong Luang District,Bakery,no,Low,0,,,,,openstreetmap,2,+66628951566,99 ไทยสมบูรณ์ 3,12120,overture (meta),overture:eb1e6e8c-6a06-4fe5-97fe-ac34474d6262
lilbearcafe@gmail.com,Lil Bear - นมหมีปั่น & ปังปิ้ง,Lil Bear - นมหมีปั่น & ปังปิ้ง,Khlong Luang District,Restaurant,no,Low,0,,,,,openstreetmap,1,+66646261562,27 54 คลองสอง,12120,overture (meta),overture:c08da5c8-1e83-4239-a5f5-6e97c24e01a9
liuchaofficial@gmail.com,Liu-Cha ลิ่วชา แฟรนไชส์ชานมไข่มุก,Liu-Cha ลิ่วชา แฟรนไชส์ชานมไข่มุก,Khlong Luang District,Cafe,no,Low,0,,,,,openstreetmap,1,+66968753279,51/139 คลองหลวง 19,12120,overture (meta),overture:95e97aa1-22f2-4f62-bc72-3b7f58941ccd
lockderm0507@gmail.com,Lock Derm-ล็อกเดิม บาร์&เรสเตอรอง,Lock Derm-ล็อกเดิม บาร์&เรสเตอรอง,Khlong Luang District,Restaurant,no,Low,0,,,,,openstreetmap,1,+66959137344,41/21 ซอย 1,12120,overture (meta),overture:9b122a40-adb3-437f-a408-8e0b93fdeb1e
chanachon.earn@gmail.com,LUM Factory บุฟเฟต์โคขุน ปิ้งย่าง ชาบู ตลาดคุณยาย 100 ปี,LUM Factory บุฟเฟต์โคขุน ปิ้งย่าง ชาบู ตลาดคุณยาย 100 ปี,Khlong Luang District,Restaurant,no,Low,0,,,,,openstreetmap,1,+66834763010,เลขที่ 37/188 คลองหนึ่ง,12120,overture (meta),overture:4570cda6-c335-44f6-90d7-0b43f4d61463
meekhwamsook.bu@gmail.com,Meekhwamsook - BU รังสิต,Meekhwamsook - BU รังสิต,Khlong Luang District,Restaurant,no,Low,0,,,,,openstreetmap,1,+66985556255,15/92 รังสิตภิรมย์,12120,overture (meta),overture:47900470-51c7-4961-9543-25d1e8bcfd73
mekuncafe8@gmail.com,Mekun15 Cafe (มีคุณ15 คาเฟ่),Mekun15 Cafe (มีคุณ15 คาเฟ่),Khlong Luang District,Cafe,no,Low,0,,,,,openstreetmap,1,+66811928263,"15, 14",12120,overture (meta),overture:bcd617c6-c4a3-4550-a48b-10feafccf888
meyumeatery@gmail.com,meยำ,meยำ,Khlong Luang District,Restaurant,no,Low,0,,,,,openstreetmap,1,+66816269442,9/6 หมู่ 5 คลองสอง,12120,overture (meta),overture:345b4f7d-4e7e-4ea1-899d-ae3b4396a3b0
phipphandow8090@gmail.com,Missmam Cafe' @หน้ายักษ์,Missmam Cafe' @หน้ายักษ์,Khlong Luang District,Restaurant,no,Low,0,,,,,openstreetmap,1,+66611564289,90/22 หมู่ 19,12120,overture (meta),overture:b8c33523-92e7-4063-8bd0-bb5bfb7ffb41
tomtam2205@hotmail.com,Mone Cha โมเน่ชา สาขานครชัย,Mone Cha โมเน่ชา สาขานครชัย,Khlong Luang District,Restaurant,no,Low,0,,,,,openstreetmap,1,,58/257 ม.13,12120,overture (meta),overture:462649d9-5728-45d0-b36e-2c2eb549d478
mrshaburatchamongkol@gmail.com,Mr.Shabu ราชมงคล คลอง6,Mr.Shabu ราชมงคล คลอง6,Khlong Luang District,Restaurant,no,Low,0,,,,,openstreetmap,1,+66863879202,Mr.Shabu ราชมงคลคลอง6 ซอยพรธิสาร 3 ตรงข้ามประตู 3 มทร.ธัญบุรี,12120,overture (meta),overture:db3f1a91-54ea-425b-bdb7-5eefd5288869
anntkhs@gmail.com,Muang Cafe' น้ำเงี้ยว ข้าวซอย by Salon,Muang Cafe' น้ำเงี้ยว ข้าวซอย by Salon,Khlong Luang District,Restaurant,no,Low,0,,,,,openstreetmap,1,+66652932662,73 9,12120,overture (meta),overture:d95967bb-79bb-4d0d-b8a0-85db627b9726
guroti.rangsit@gmail.com,Mustang Cafe : กาแฟสด และ กูโรตีชาชัก,Mustang Cafe : กาแฟสด และ กูโรตีชาชัก,Khlong Luang District,Restaurant,no,Low,0,,,https://lin.ee/SjqkUO6,,openstreetmap,1,+66618291187,99/987,12120,overture (meta),overture:a806c78c-2b4a-492c-8aa1-45b1f48386bc
noteate43@gmail.com,My Family ม.กรุงเทพ,My Family ม.กรุงเทพ,Khlong Luang District,Takeaway,no,Low,0,,,,,openstreetmap,1,+66832372895,รังสิตภิรมย์,,overture (meta),overture:c46c0eff-9b9d-4a00-993f-e5546040dd78
mysteryshabugrill@gmail.com,Mystery ชาบูปิ้งย่าง,Mystery ชาบูปิ้งย่าง,Khlong Luang District,Restaurant,no,Low,0,,,,,openstreetmap,1,+66917569944,31 59 คลองสอง,12120,overture (meta),overture:839475be-0208-4ac4-97c4-1c72f1202590
nattakitta17@gmail.com,Nigiyaka Izakaya ร้านอาหารญี่ปุ่น,Nigiyaka Izakaya ร้านอาหารญี่ปุ่น,Khlong Luang District,Asian; Japanese,no,Low,0,,,,,openstreetmap,1,+66934153424,77/8 Nigiyaka izakaya ตำบลคลองหนึ่ง อำเภอคลองหลวง จังหวัดประทุมธานี,12120,overture (meta),overture:ec45d706-85aa-4371-a374-1532c1dd3a51
niniizakayakhlongsam@gmail.com,NiNi Izakaya คลองสาม,NiNi Izakaya คลองสาม,Khlong Luang District,Japanese,no,Low,0,,,,,openstreetmap,1,+66985054855,41/266 บ้านพฤกษา ซี,12120,overture (meta),overture:1c542425-b177-4dae-bdc0-ba3222dc0212
maybubbletea@gmail.com,Nobicha BigC คลองสาม,Nobicha BigC คลองสาม,Khlong Luang District,Restaurant,no,Low,0,,,,,openstreetmap,1,+66908906888,99 Yothathikan Khu Khot-khlong Luang Rd,12120,overture (meta),overture:e0e99230-b572-4b82-882f-c51f36495920
onboardthailand@gmail.com,OnBoard Café บอร์ดเกม ม. กรุงเทพ,OnBoard Café บอร์ดเกม ม. กรุงเทพ,Khlong Luang District,Cafe,no,Low,0,,,,,openstreetmap,1,+66984242470,4/29 ถนน พหลโยธิน,12120,overture (meta),overture:0cac4b4a-8127-4567-9131-2749733b7721
ginofart@gmail.com,Outdoor Coffee_คิงคองพ่นไฟ สาขา2,Outdoor Coffee_คิงคองพ่นไฟ สาขา2,Khlong Luang District,Cafe,no,Low,0,,,,,openstreetmap,1,+66804192494,27 ถนน เลียบคลองสาม,12120,overture (meta),overture:dad792f7-4a84-4859-a318-41e6f34732bf
owl.jumbo@gmail.com,Owl Cha ตลาดจัมโบ้ คลอง 3,Owl Cha ตลาดจัมโบ้ คลอง 3,Khlong Luang District,Restaurant,no,Low,0,Local,,https://static.robinhood.in.th/app_link.html?URI=robinhoodth%3A%2F%2Fmerchantlanding%2Fid%2F200590,,openstreetmap,1,+66986952324,ตลาดจัมโบ้ คลอง 3 ตำบลคลองสาม อำเภอคลองหลวง,12120,overture (meta),overture:ba47a004-4675-4baf-85e1-60725b980319
penguinmilktea022@gmail.com,Penguin Milk Tea ペンギン สาขารังสิตคลอง 5 - คลองหลวง,Penguin Milk Tea ペンギン สาขารังสิตคลอง 5 - คลองหลวง,Khlong Luang District,Restaurant,no,Low,0,,,,,openstreetmap,1,+66952171688,10 ถนน คลองสี่,12120,overture (meta),overture:85f06f1c-5900-4b4e-ade4-94bf28a8a6bf
myony220941@gmail.com,Pk หมาล่าทั่ง29,Pk หมาล่าทั่ง29,Khlong Luang District,Restaurant,no,Low,0,,,,,openstreetmap,1,+66856518512,40 69 ถ. พรธิสาร 3,12120,overture (meta),overture:4dffa2fe-729c-4700-9649-ddc11f4eb69c
pmpremiumoil@gmail.com,PTT Station ตลาดไอยรา คลองหลวง,PTT Station ตลาดไอยรา คลองหลวง,Khlong Luang District,Restaurant,no,Low,0,,,,,openstreetmap,1,+66813695144,555 PTT Station ปั้มน้ำมัน ปตท. ตลาดไอยรา (คลองหลวง) ตำบล คลองสอง อำเภอคลองหลวง ปทุมธานี 12120,12120,overture (meta),overture:5a0c60c1-f882-471a-aeed-c45a86352316
asyoursandwich@gmail.com,Rakun Cha สาขา มธ.รังสิต,Rakun Cha สาขา มธ.รังสิต,Khlong Luang District,Cafe,no,Low,0,,,,,openstreetmap,1,+66839324744,ถนน เสรีภาพ,12120,overture (meta),overture:4e365dae-5624-4b27-8e35-161678edc650
siampropertyland@gmail.com,S-Park คลองหลวง,S-Park คลองหลวง,Khlong Luang District,Restaurant,no,Low,0,,,,,openstreetmap,1,+66949297994,S-Park เอสพาร์ค คลองหลวง 89/216-222 หมู่ที่8 ต.คลองหนึ่ง  อ.คลองหลวง,12120,overture (meta),overture:cb898350-9eea-4ed4-b17d-1e7ca62c65bc
phollapath@gmail.com,Salmon King Japanese Restaurant ธรรมศาสตร์ รังสิต,Salmon King Japanese Restaurant ธรรมศาสตร์ รังสิต,Khlong Luang District,Asian; Japanese; Sushi,no,Low,0,,,,,openstreetmap,1,+66923514644,Salmonking japanese restaurant ตำบล คลองหนึ่ง อำเภอ คลองหลวง ปทุมธานี 12120,12120,overture (meta),overture:6a440a45-97d7-4b0d-b441-ccf566663a48
kesyalahping@gmail.com,Seafood ทะเลดองคลอง 6-7,Seafood ทะเลดองคลอง 6-7,Khlong Luang District,Seafood,no,Low,0,,,,,openstreetmap,1,+66827027062,41 93 หมู่ 1 ซอย หมู่บ้านพรธิสาร 8 ซอย 10,12120,overture (meta),overture:265df2cb-68c3-4cb4-8813-3cc56cd5f5bb
work.modo@gmail.com,Senpho Shabu & Delivery - คลองสาม,Senpho Shabu & Delivery - คลองสาม,Khlong Luang District,Asian,no,Low,0,,,,,openstreetmap,1,+66967270395,คลองสาม,12120,overture (meta),overture:6b7a8388-9a22-46bd-9886-8c86bcfe80c2
shinkanzen.bu@thefoodselection.co.th,Shinkanzen Sushi ม.กรุงเทพ,Shinkanzen Sushi ม.กรุงเทพ,Khlong Luang District,Asian; Sushi,no,Low,0,,,,,openstreetmap,1,+66968178855,ซอยรังสิตภิรมย์ ถนนพหลโยธิน,,overture (meta),overture:15f13d14-1059-41fa-bf89-ba1d8f4d7b45
jeknanthapath@gmail.com,The Mixer เถียงนารีสอร์ท,The Mixer เถียงนารีสอร์ท,Khlong Luang District,Restaurant,no,Low,0,,,,,openstreetmap,1,+66629989321,ครงข้ามโลตัส ม.ราชมงคล​คลองหก​ ประตู​3 ซอย​พรธิสาร​\nต.คลองหก​ อ.คลองหลวง​ จ.ปทุมธานี​,12120​,overture (meta),overture:ebd54cef-72d9-4504-a22f-6b1c7c9592d5
tida.eatery@gmail.com,Tida.cafe.restaurant ปทุมธานี,Tida.cafe.restaurant ปทุมธานี,Khlong Luang District,Restaurant,no,Low,0,,,,,openstreetmap,1,+66931455441,Soi Khlong Sam 5/4,12120,overture (meta),overture:a4f6414e-f9d2-4078-bb95-972cf5d0e5f4
frame_9191@hotmail.com,Tokyo Japan ขนมโตเกียวเจแปน,Tokyo Japan ขนมโตเกียวเจแปน,Khlong Luang District,Restaurant,no,Low,0,,,,,openstreetmap,1,+66936295139,54 74 Soi Mu Ban Baranee,12120,overture (meta),overture:cfe97d43-378b-410a-a05d-ea2f29335ca4
2morrowexpires@gmail.com,Tomorrow Expires(ก่อนเปลือกตาจะปิด),Tomorrow Expires(ก่อนเปลือกตาจะปิด),Khlong Luang District,Restaurant,no,Low,0,,,,,openstreetmap,1,+66969184854,88/12 ถนนเชียงรากน้อย,12120,overture (meta),overture:6b7297dc-9e89-4778-9497-80dfd53341fd
windshub@gmail.com,Tonsom Café - ต้นส้มคาเฟ่,Tonsom Café - ต้นส้มคาเฟ่,Khlong Luang District,Cafe,no,Low,0,,,,,openstreetmap,1,+66936311985,ร้านต้นส้มคาเฟ่ - Tonsom Cafe,12120,overture (meta),overture:3d06c87c-430a-45ab-be35-d1920006f157
bpanalee@gmail.com,Toricha โตริชา สาขาซอยคุณพระ by Baitong,Toricha โตริชา สาขาซอยคุณพระ by Baitong,Khlong Luang District,Restaurant,no,Low,0,,,,,openstreetmap,1,+611692626,คลองหนึ่ง คลองหลวง,12120,overture (meta),overture:9ba1c1cc-de15-4976-aa29-0fe30f1e8c3f
treelakamhouse2019@gmail.com,Treelakam House บ้านทีละคำ,Treelakam House บ้านทีละคำ,Khlong Luang District,Asian; Thai,no,Low,0,,,,,openstreetmap,1,+66949933666,33 รังสิต-นครนายก,12120,overture (meta),overture:a0acacd9-ae78-40c8-bf31-07802761fecc
kanthima.pechry@gmail.com,กรรธิมา หมูกะทะ ซอยเทพกุญชร 42 หรือ แมนฮัตตั้น,กรรธิมา หมูกะทะ ซอยเทพกุญชร 42 หรือ แมนฮัตตั้น,Khlong Luang District,Restaurant,no,Low,0,,,,,openstreetmap,1,+66654423964,49 ถนน เทพกุญชร 42,12120,overture (meta),overture:0758adbd-9565-479b-871e-619b90ffe6f5
pukpang_moyaoun@hotmail.com,กล้วยทอดวัดเกิด,กล้วยทอดวัดเกิด,Khlong Luang District,Bakery,no,Low,0,,,,,openstreetmap,1,+66841391356,8,12120,overture (meta),overture:69bf6e51-a2f3-45dc-b394-c8e41e201964
banksix789@gmail.com,กะบับไก่ชีส ราชมงคล,กะบับไก่ชีส ราชมงคล,Khlong Luang District,Restaurant,no,Low,0,,,,,openstreetmap,1,+66654619322,เลขที่ 17/1 ซอย คลองหก,12120,overture (meta),overture:82935817-15b6-4c9f-810b-a82c0c70e05e
kababcheese@gmail.com,กะบับไก่ชีสพ่นไฟรังสิต สาขา ม.ธรรมศาสตร์รังสิต,กะบับไก่ชีสพ่นไฟรังสิต สาขา ม.ธรรมศาสตร์รังสิต,Khlong Luang District,Restaurant,no,Low,0,,,,,openstreetmap,1,+66868990994,69/291 หมู่ที่8 ตำบลคลอง1 อ.คลองหลวง จ. ปทุมธานี 12120 ,12120,overture (meta),overture:42fdb821-4ad9-4201-a0c4-3f01c15cb121
benten198495@gmail.com,กับข้าวแม่,กับข้าวแม่,Khlong Luang District,Restaurant,no,Low,0,,,,,openstreetmap,1,+66843366674,Soi Sutthi Phan 10/3,12120,overture (meta),overture:b66ae37d-c042-46a6-bd54-cc64b3f5c714
noonmobile14872@gmail.com,กัปตันแจ็ค ก๋วยเตี๋ยวเรือสไตล์ชาบู สาขาคลองสาม,กัปตันแจ็ค ก๋วยเตี๋ยวเรือสไตล์ชาบู สาขาคลองสาม,Khlong Luang District,Restaurant,no,Low,0,,,,,openstreetmap,1,+66622494930,40/433 บ้านพฤกษา,12120,overture (meta),overture:4a6c73a8-8b43-433b-9e0a-351ad3474664
waer1140j@gmail.com,กา ชา ปัง  - กาแฟสด,กา ชา ปัง  - กาแฟสด,Khlong Luang District,Cafe,no,Low,0,,,,,openstreetmap,1,+66922992647,หมู่บ้านพฤกษา 3  ถนนบางไผ่-หนองเพรางาย,11110,overture (meta),overture:c4b4cec4-6f3d-4a5b-80c1-81e79e7ee438
chaodoi.markett01@gmail.com,กาแฟชาวดอย สาขาตลาดไท,กาแฟชาวดอย สาขาตลาดไท,Khlong Luang District,Cafe,no,Low,0,,,,,openstreetmap,1,+66646594196,32/444 ม.9 ต.คลองหนึ่ง อ.คลองหลวง ,12120,overture (meta),overture:79ef8661-f935-4444-ac15-02ce07991688
www.lammeter1@gmail.com,กาแฟหน้าโบสถ์,กาแฟหน้าโบสถ์,Khlong Luang District,Cafe,no,Low,0,,,,,openstreetmap,1,+66969146562,วัดพระธรรมกาย ประตู1,15150,overture (meta),overture:2325576f-88e0-4b81-bcf1-a97296443d41
lab.esc2020@gmail.com,กินกับเป็ก,กินกับเป็ก,Khlong Luang District,Restaurant,no,Low,0,,,,,openstreetmap,1,+66617271118,ซ.คลองหลวง17,12120,overture (meta),overture:3f7528fd-3a3c-436f-90f3-5b7cd6bf7c75
wittawat.armmer@hotmail.com,กินจังกูหมูกระทะนวนคร,กินจังกูหมูกระทะนวนคร,Khlong Luang District,Restaurant,no,Low,0,,,,,openstreetmap,1,+66829323233,52 หมู่19 ถนน บ.ด.ถ ปาก Bor Dor Tor Soi 5,12120,overture (meta),overture:427fbdc5-a402-4cdb-816b-321a7863c9f8
sakunafood@gmail.com,กุยช่ายแป้งสด วค.,กุยช่ายแป้งสด วค.,Khlong Luang District,Asian; Thai,no,Low,0,,,,,openstreetmap,1,+66922845955,33/265 ต.คลองสาม อ.คลองหลวง ปทุมธานี,12120,overture (meta),overture:78b45e8f-c500-4b19-8728-35604d35b38e
guuroti@gmail.com,กูโรตีชาชัก ม.กรุงเทพ,กูโรตีชาชัก ม.กรุงเทพ,Khlong Luang District,Restaurant,no,Low,0,,,,,openstreetmap,1,+66612973112,Mingle Mall ถนนพหลโยธิน,12120,overture (meta),overture:fdaffec7-2a50-4d04-9403-c7b1a733b4ce
gurotichachak.tu@gmail.com,กูโรตีชาชัก มธ,กูโรตีชาชัก มธ,Khlong Luang District,Restaurant,no,Low,0,,,,,openstreetmap,1,+66960750626,กูโรตีชาชัก มธ ,ปทุมธานี,overture (meta),overture:f5cf1564-ffa6-4df3-9811-a0e819ce44a5
pp0616809765@gmail.com,ก็มาดิค๊าบ บุฟเฟ่ต์อิ่มไม่อั้นขนมจีนข้าวแกง 59,ก็มาดิค๊าบ บุฟเฟ่ต์อิ่มไม่อั้นขนมจีนข้าวแกง 59,Khlong Luang District,Restaurant,no,Low,0,,,,,openstreetmap,1,+66934875700,2/6 ถนน คลองหลวง,12120,overture (meta),overture:a461d7b5-3d8b-42f6-856f-14fea369ff0b
nismospecg699@gmail.com,ก็วยเตี๋ยวเรือ ยอดนักตุ๋น,ก็วยเตี๋ยวเรือ ยอดนักตุ๋น,Khlong Luang District,Restaurant,no,Low,0,,,,,openstreetmap,1,+66922460369,,,overture (meta),overture:9468c30d-8fe9-410b-bce7-dc43dbfc869f
ying_classic@outlook.co.th,ก๋วยเตี๋ยวข้างบ้าน,ก๋วยเตี๋ยวข้างบ้าน,Khlong Luang District,Restaurant,no,Low,0,,,,,openstreetmap,1,+66895452587,30 7,12120,overture (meta),overture:1f8bfdcc-80db-448e-aac0-d0ee4d6b5bbc
haru.puy25@gmail.com,ก๋วยเตี๋ยวตาโหน่ง ไทยธานี ซ.13,ก๋วยเตี๋ยวตาโหน่ง ไทยธานี ซ.13,Khlong Luang District,Asian; Japanese,no,Low,0,,,,,openstreetmap,1,+66800831807,73 /37 Thai Thani Soi 13,12120,overture (meta),overture:93ea7b32-beee-42c1-b202-5edf2a9ddffd
chidchanok553@gmail.com,ก๋วยเตี๋ยวต้นไทรคลองสอง สาขา3,ก๋วยเตี๋ยวต้นไทรคลองสอง สาขา3,Khlong Luang District,Restaurant,no,Low,0,,,,,openstreetmap,1,+66863852415,ปท.3010,12120,overture (meta),overture:b1fc247c-2ff4-463f-adf9-b9f63e7a8d6b
cchoing119@gmail.com,ก๋วยเตี๋ยวต้มยำกำแพงแสน สาขาคลองหลวง,ก๋วยเตี๋ยวต้มยำกำแพงแสน สาขาคลองหลวง,Khlong Luang District,Restaurant,no,Low,0,,,,,openstreetmap,1,+66800767929,ในปั๊มปตท,12120,overture (meta),overture:822b1a00-ae9d-444a-8f42-e83ec50766c6
obariches111@gmail.com,ก๋วยเตี๋ยวต้มยำหม้อไฟ,ก๋วยเตี๋ยวต้มยำหม้อไฟ,Khlong Luang District,Restaurant,no,Low,0,,,,,openstreetmap,1,,,,overture (meta),overture:1286af36-0942-4236-9db6-4427d86300df
sarawutpop9999@gmail.com,ก๋วยเตี๋ยวต้มยำแม่บุญปลูก,ก๋วยเตี๋ยวต้มยำแม่บุญปลูก,Khlong Luang District,Takeaway,no,Low,0,,,,,openstreetmap,1,+66927163978,ถนนมอเตอร์เวย์(วงแหวนตะวันออกบางประอิน),12120,overture (meta),overture:b6b81bc8-c076-456f-8952-9c6b582a616e
jladmungkun@gmail.com,ก๋วยเตี๋ยวต้มยำโบราณนายหนวด เทศบาลท่าโขลง คลอง 1 ปทุมธานี,ก๋วยเตี๋ยวต้มยำโบราณนายหนวด เทศบาลท่าโขลง คลอง 1 ปทุมธานี,Khlong Luang District,Restaurant,no,Low,0,,,,,openstreetmap,1,+66646607224,10/8,12120,overture (meta),overture:b28d22fb-e89a-484a-a995-e5e1d70a3774
kho-rakangnoodle@gmail.com,ก๋วยเตี๋ยวเคาะระฆัง,ก๋วยเตี๋ยวเคาะระฆัง,Khlong Luang District,Restaurant,no,Low,0,Local,,https://www.khorakang.com/,,venue website,1,+66894444656,88 Khlong Luang Rd,12120,overture (meta),overture:0dff1349-a477-4dfb-881d-d1fe5b8d4373
tero.wan999@gmail.com,ก๋วยเตี๋ยวเย็นตาโฟต้มยำ ไข่ออนเซน by แว่น สาวหล่อ,ก๋วยเตี๋ยวเย็นตาโฟต้มยำ ไข่ออนเซน by แว่น สาวหล่อ,Khlong Luang District,Asian; Japanese,no,Low,0,,,,,openstreetmap,1,+66648269399,99/9 หมู่ 4 หมู่บ้านำทย หมู่บ้านไทยสมบูรณ์ 3,12120,overture (meta),overture:c865b0f9-936e-4352-87b5-4f3e59880f80
sukjai.suk@gmail.com,ก๋วยเตี๋ยวเรือ รสนิยม รังสิต,ก๋วยเตี๋ยวเรือ รสนิยม รังสิต,Khlong Luang District,Asian; Japanese,no,Low,0,,,,,openstreetmap,1,+66832293658,44 100,12120,overture (meta),overture:609062d7-2ba4-4235-b467-2969b8b5d3fc
wutchypat@gmail.com,ก๋วยเตี๋ยวเรือ แม่ต่วม อยุธยา ( สาขาตลาดไท ),ก๋วยเตี๋ยวเรือ แม่ต่วม อยุธยา ( สาขาตลาดไท ),Khlong Luang District,Restaurant,no,Low,0,,,,,openstreetmap,1,+66882178246,See-Khaow Rd,12120,overture (meta),overture:e6b12004-16eb-471c-8942-f1d3b627df4d
uthaiwongmuang@gmail.com,ก๋วยเตี๋ยวเรือคลองสาม,ก๋วยเตี๋ยวเรือคลองสาม,Khlong Luang District,Restaurant,no,Low,0,,,,,openstreetmap,1,+66841196802,ก๋วยเตี๋ยวเรือ คลองสาม ม.2 30/233 ต.คลองสาม อ.คลองหลวงจ.ปทุมธานี,12120,overture (meta),overture:67b2001c-0978-4d17-997f-bb6aab51619c
ongunya_2013@hotmail.com,ก๋วยเตี๋ยวเรือนายน้อย,ก๋วยเตี๋ยวเรือนายน้อย,Khlong Luang District,Asian; Thai,no,Low,0,,,,,openstreetmap,1,+66843516854,,,overture (meta),overture:24b110b1-d6cd-45c3-bab6-2fc2e0374df1
sd.teyw@gmail.com,ก๋วยเตี๋ยวเรือสูตรกะทิสด ซดเตี๋ยว,ก๋วยเตี๋ยวเรือสูตรกะทิสด ซดเตี๋ยว,Khlong Luang District,Restaurant,no,Low,0,,,,,openstreetmap,1,,"8/8 ถนนเลียบคลองสาม, ประชาธิปัตย์ ธัญบุรี, ปทุมธานี 12130",12130,overture (meta),overture:4bcaab2c-feb2-4f93-a0a8-b6b95695c229
tatong50@gmail.com,ก๋วยเตี๋ยวเรือหม้อดินนายกรสาขา 466 ไวท์เฮ้าส์ ซอย8,ก๋วยเตี๋ยวเรือหม้อดินนายกรสาขา 466 ไวท์เฮ้าส์ ซอย8,Khlong Luang District,Asian; Thai,no,Low,0,,,,,openstreetmap,1,+66871640741,พหลโยธิน,12120,overture (meta),overture:c288eabc-f4c7-4109-b9b6-801c605bd1da
warisara.boonnak41@gmail.com,ก๋วยเตี๋ยวเรืออยุธยาครัวยุวรินทร์,ก๋วยเตี๋ยวเรืออยุธยาครัวยุวรินทร์,Khlong Luang District,Restaurant,no,Low,0,,,,,openstreetmap,1,+66994987270,58/9 ซอย คลองสาม 11/3,12120,overture (meta),overture:0c2baf41-8bf6-4aa1-9aef-d8761651c6a9
ben-224466@hotmali.com,ก๋วยเตี๋ยวเรืออยุธยารสเด็ด,ก๋วยเตี๋ยวเรืออยุธยารสเด็ด,Khlong Luang District,Restaurant,no,Low,0,,,,,openstreetmap,1,+66821987681,ไทธานี ซ.9 นวนคร,12120,overture (meta),overture:7c650cf5-c51b-447a-9942-12f6aa239ff7
rose_kongchaidee@hotmail.com,ก๋วยเตี๋ยวเรืออยุธยาเศรษฐีเรือทอง,ก๋วยเตี๋ยวเรืออยุธยาเศรษฐีเรือทอง,Khlong Luang District,Asian; Thai,no,Low,0,,,,,openstreetmap,1,+66896796655,Soi Nakhon Chai Mongkhon Villa 3,12120,overture (meta),overture:7e7e8e6f-027f-4f44-8730-29664c64f3f7
iet_tech@hotmail.com,ก๋วยเตี๋ยวเรืออยุธยาเฮียเปี๊ยกสาขา8,ก๋วยเตี๋ยวเรืออยุธยาเฮียเปี๊ยกสาขา8,Khlong Luang District,Asian; Thai,no,Low,0,,,,,openstreetmap,1,+66841236217,โรงเรียนไทยรัฐวิทยา,12120,overture (meta),overture:2d082573-8ade-4df9-885f-6d4c3e71a490
drean624@gmail.com,ก๋วยเตี๋ยวแชมป์เจ้แดง&เจ้ภา,ก๋วยเตี๋ยวแชมป์เจ้แดง&เจ้ภา,Khlong Luang District,Restaurant,no,Low,0,,,,,openstreetmap,1,+66858055172,หน้าหมู่บ้านรินทร์ทองลำลูกกาคลอง2ซอย1,12130,overture (meta),overture:7f821485-6781-41d0-ab88-741182a0e4c6
nithiklintow@gmail.com,ก๋วยเตี๋ยวแม่สำเริง คลองสาม,ก๋วยเตี๋ยวแม่สำเริง คลองสาม,Khlong Luang District,Restaurant,no,Low,0,,,,,openstreetmap,1,+66892324784,ซอยคลองสาม8/15,12120,overture (meta),overture:222d258d-1b55-4d29-b19e-19e14025ecc5
rushh54332@gmail.com,ก๋วยเตี๋ยวแห้งโบราณ,ก๋วยเตี๋ยวแห้งโบราณ,Khlong Luang District,Restaurant,no,Low,0,,,,,openstreetmap,1,+66859020504,54 หมู่บ้านนันทวัน,10160,overture (meta),overture:f0a6b7d0-10e7-4d30-8abb-2dbe6fe39f65
nittayaducknoodles@gmail.com,ก๋วยเตี๋ยวไก่นิตยา,ก๋วยเตี๋ยวไก่นิตยา,Khlong Luang District,Restaurant,no,Low,0,,,,,openstreetmap,1,+66987280206,พรธิสารซอย27,12120,overture (meta),overture:460a8c7a-ae15-4869-8045-fb28823ce1a9
naphaporn.chotikorn2518@gmail.com,ขนมครกในตำนานซอยรังสิตภิรมย์,ขนมครกในตำนานซอยรังสิตภิรมย์,Khlong Luang District,Takeaway,no,Low,0,,,,,openstreetmap,1,+66891196847,หน้าร้าน เสริมสวยตองหนึง ม.กรุงเทพ รังสิต ,12120,overture (meta),overture:6d789ff0-b1f5-4286-ad20-69810f21ef34
chayudapalm@gmail.com,ขนมแม่ สาขา ม.ธรรมศาสตร์ ศูนย์รังสิต Kanom-Mae,ขนมแม่ สาขา ม.ธรรมศาสตร์ ศูนย์รังสิต Kanom-Mae,Khlong Luang District,Cafe,no,Low,0,,,,,openstreetmap,1,+66804928236,� พิกัดใต้หอพัก U-Plus ประตูเชียงราก 2 ,12120,overture (meta),overture:bbd74b7e-b6ab-4b4f-a787-40b58ff79b7c
khamoojaonai@gmail.com,ขาหมูจ้าวนาย,ขาหมูจ้าวนาย,Khlong Luang District,Restaurant,no,Low,0,,,,,openstreetmap,1,+66656891515,ปตท. คลองหนึ่ง Khlong Luang Rd,12120,overture (meta),overture:ebe5ebfd-a7cb-480f-83f7-d4b7d8d07e1a
khamooramthong@gmail.com,ขาหมูรามทอง,ขาหมูรามทอง,Khlong Luang District,Restaurant,no,Low,0,,,,,openstreetmap,1,+66871111801,49/171 คลองหลวงเมืองใหม่,12120,overture (meta),overture:7e2370d1-8661-4aa8-a699-5c028af6cbbc
icebu59@gmail.com,ข้างไข่หมูกระทะ Khang Kai Mookata,ข้างไข่หมูกระทะ Khang Kai Mookata,Khlong Luang District,Restaurant,no,Low,0,,,,,openstreetmap,1,+66959328296,ข้างไข่หมูกระทะ Khang kai Mookata,12120,overture (meta),overture:396171d4-4612-4d14-8651-931233dce194
piyarat340@gmail.com,ข้าวกล่องและขนมหวาน,ข้าวกล่องและขนมหวาน,Khlong Luang District,Restaurant,no,Low,0,,,,,openstreetmap,1,+66628640328,41 365 Soi Mu Ban Phrueksa C 5/1,12120,overture (meta),overture:4f2e132c-1c5a-4f12-90f7-6c7f97216c39
jaras1995pat@gmail.com,ข้าวขาหมู&ต้มเล้ง,ข้าวขาหมู&ต้มเล้ง,Khlong Luang District,Restaurant,no,Low,0,,,,,openstreetmap,1,+66968913564,เลขที่ 71/1 ซอย โครงการMMC คลองหนึ่ง คลองหนึ่ง,12120,overture (meta),overture:a8b27eae-a472-4bae-b44e-dc8e57d4f28b
pimolmasbee@gmail.com,ข้าวมัน ม.วนาทิพย์,ข้าวมัน ม.วนาทิพย์,Khlong Luang District,Restaurant,no,Low,0,,,,,openstreetmap,1,+66829653340,Ac1-Ac2 โครงการยูวิลเลจ,12120,overture (meta),overture:f0e886ad-4f0b-4419-822d-db18100a937e
raj.cha.wong.res@gmail.com,ข้าวมันไก่ตอน ราชวงศ์,ข้าวมันไก่ตอน ราชวงศ์,Khlong Luang District,Asian; Thai,no,Low,0,Local,,https://www.wongnai.com/r/389252jJ,jokepae8214@gmail.com; putlucky2524@gmail.com; arkom.ptn17@gmail.com; caffe.d.oro@gmail.com; yokugroup.th@gmail.com,openstreetmap,1,+66988320973,โรงพยาบาลธรรมศาสตร์ อาคารสุขศาสตร์ ชั้น2 เลขที่ 95 หมู่ 8 ต.คลองหนึ่ง อ.คลองหลวง จ.ปทุมธานี ,12120,overture (meta),overture:06a1f9a1-0b03-432f-b96b-2c9a851145db
wirongrongchantorn@gmail.com,ข้าวมันไก่ร้อยเอ็ด คลองหนึ่ง,ข้าวมันไก่ร้อยเอ็ด คลองหนึ่ง,Khlong Luang District,Restaurant,no,Low,0,,,,,openstreetmap,1,+66833375506,89/19 ม..12 ต.คลองหนึ่ง อ.คลองหลวง,12120,overture (meta),overture:54ac3f14-2e3f-4a61-9347-694207503bf9
elf.pabu35@gmail.com,ข้าวมันไก่ลุงนวย,ข้าวมันไก่ลุงนวย,Khlong Luang District,Restaurant,no,Low,0,,,,,openstreetmap,1,+66870249915,9 178 หมู่9,12120,overture (meta),overture:db8520ca-fd3f-4325-a1b1-36c3652ed0f3
khaomankailungpiek2000@hotmail.com,ข้าวมันไก่ลุงเปี๊ยกน้ำข้น,ข้าวมันไก่ลุงเปี๊ยกน้ำข้น,Khlong Luang District,Restaurant,no,Low,0,,,,,openstreetmap,1,+66638233360,Rangsit - Nakhon Nayok Rd,12120,overture (meta),overture:9420d83e-16be-44c4-a3ec-21ca6d3018dd
pawika0803@gmail.com,ข้าวมันไก่ฮ่องเต้ นวนคร,ข้าวมันไก่ฮ่องเต้ นวนคร,Khlong Luang District,Restaurant,no,Low,0,,,,,openstreetmap,1,+66878070671,"10, 38 พหลโยธิน",12120,overture (meta),overture:88c5d42d-d71d-487d-98f6-62a5cb3d5300
pra252956@gmail.com,ข้าวราดแกงป้ากบ,ข้าวราดแกงป้ากบ,Khlong Luang District,Restaurant,no,Low,0,,,,,openstreetmap,1,+66623235926,2 คลองหกตะวันออก 10 ซอยหอพัก ซูม,12120,overture (meta),overture:d2d519ab-0c57-4964-bf7a-0ebebf30f408
offoffz@yahoo.com,ข้าวหอม...แกงอร่อย @ เอส-พาร์ค คลองหลวง,ข้าวหอม...แกงอร่อย @ เอส-พาร์ค คลองหลวง,Khlong Luang District,Asian; Thai,no,Low,0,,,,,openstreetmap,2,+66875519500,คลองหนึ่ง,12120,overture (meta),overture:749e1e57-209e-446a-812f-a0a057a1bc70
sukanya.asa2528@gmail.com,ข้าวแกง10บาท,ข้าวแกง10บาท,Khlong Luang District,Asian; Thai,no,Low,0,,,,,openstreetmap,1,+66938384700,นครชัย ซอย 3 ตลาดยิ่งรวย,12120,overture (meta),overture:3153afb8-aee6-4b79-9b3f-42b232fd6b9c
riceandcurry.jnam@gmail.com,ข้าวแกง30 -เจ๊น้ำ,ข้าวแกง30 -เจ๊น้ำ,Khlong Luang District,Restaurant,no,Low,0,,,,,openstreetmap,1,+66635245964,,,overture (meta),overture:4a0cac44-fd7a-4eee-b54f-09c01f28a618
wan_nupe@hotmail.com,คนละยำ สาขา 20 บาท,คนละยำ สาขา 20 บาท,Khlong Luang District,Restaurant,no,Low,0,,,,,openstreetmap,2,+66889549291,คนละยำสาขา 20 บาท ตำบล คลองหนึ่ง อำเภอคลองหลวง ปทุมธานี,12120,overture (meta),overture:0c4873f1-35ea-4b15-85e2-896414ec712d
krua109@gmail.com,ครัว 109,ครัว 109,Khlong Luang District,Asian; Thai,no,Low,0,,,,,openstreetmap,1,+66961899966,โครงการยูสแควร์ 69/291 หมู่ 8 ตำบลคลองหนึ่ง อำเภอคลองหลวง,<<not-applicable>>,overture (meta),overture:1b4617ea-50ad-4a92-8a9d-d9fd1c9ff1cf
gunopaswongduen@gmail.com,ครัว สลิดดีย์,ครัว สลิดดีย์,Khlong Luang District,Takeaway,no,Low,0,,,,,openstreetmap,1,+66806692242,3 ถนน คลองสี่,12120,overture (meta),overture:5f4f15d1-57fa-40a2-9d0a-0a9724494e8e
p8pkitchen@gmail.com,ครัว เป้-ปอ ทะเลคลองหลวง,ครัว เป้-ปอ ทะเลคลองหลวง,Khlong Luang District,Seafood,no,Low,0,,,,,openstreetmap,1,+66896821044,40/59-60 หมู่ 7 หมู่บ้านเดอะคิทท์ Thep Kunchon 2,12120,overture (meta),overture:b35d71de-d425-4695-9f59-f76b1f2090a8
tuy01122516@gmail.com,ครัวคุณแม่,ครัวคุณแม่,Khlong Luang District,Asian; Thai,no,Low,0,,,,,openstreetmap,1,+66924425640,พรธิสาร 4 ซอย 55,12120,overture (meta),overture:af97e78f-8710-4db5-925c-1bf1d1676a44
suttithat38@gmail.com,ครัวถังเงิน,ครัวถังเงิน,Khlong Luang District,Restaurant,no,Low,0,,,,,openstreetmap,1,+66809619199,13/11,12120,overture (meta),overture:7f001694-5c6f-4487-b6ef-8c69686fa026
kruabanchan.running@gmail.com,ครัวบ้านฉัน by คลองห้า,ครัวบ้านฉัน by คลองห้า,Khlong Luang District,Asian; Japanese,no,Low,0,,,,,openstreetmap,1,+66897934793,Soi Wat Sawaeng Samakkhi Tham,12120,overture (meta),overture:9c2ed326-9a96-40ee-bdd8-c977015660fa
kruabanpunya@gmail.com,ครัวบ้านปุญญา,ครัวบ้านปุญญา,Khlong Luang District,Restaurant,no,Low,0,,,,,openstreetmap,1,+66654792525,99/390 หมู่บ้านไอลีฟพาร์ค วงแหวน-รังสิต คลอง 4 คลอง 4,12120,overture (meta),overture:17dccce3-4bf2-4aa2-a759-2b279c41dd3f
watcharin221981@gmail.com,ครัวบ้านปุ้ม คลองสอง,ครัวบ้านปุ้ม คลองสอง,Khlong Luang District,Restaurant,no,Low,0,,,,,openstreetmap,1,+66993253582,หมู่บ้านประทุมแลนด์ Bong Koach 29 Alley,12120,overture (meta),overture:836b441b-949f-4521-918d-585ef3380c8d
kruabanpa89@gmail.com,ครัวบ้านป่า-งูเห่า,ครัวบ้านป่า-งูเห่า,Khlong Luang District,Asian; Thai,no,Low,0,,,,,openstreetmap,1,+66895121941,ครัวบ้านป่า-งูเห่า,12120,overture (meta),overture:51a0e68b-c4aa-4e6c-b7cd-a08cc329d602
maepagakitchen@hotmail.com,ครัวบ้านผกา (กะเพราห้องแอร์),ครัวบ้านผกา (กะเพราห้องแอร์),Khlong Luang District,Restaurant,no,Low,0,,,,,openstreetmap,1,+66948153388,47/34 หมู่ที่ 14,12120,overture (meta),overture:27dfd927-355f-4136-9b98-bccfc0712b80
kunukwang2525@gmail.com,ครัวบ้านเพื่อนอาหารป่าปลาแม่น้ำ,ครัวบ้านเพื่อนอาหารป่าปลาแม่น้ำ,Khlong Luang District,Restaurant,no,Low,0,,,,,openstreetmap,1,+66940249025,28/3ม.2 ต.คลองเจ็ด อ.คลองหลวง จ.ปทุมธานี,12120,overture (meta),overture:936c6df6-4666-4edd-8eb1-44c520ef0a9c
kruabanrao@gmail.com,ครัวบ้านเรา,ครัวบ้านเรา,Khlong Luang District,Asian; Thai,no,Low,0,,,,,openstreetmap,2,+66841230110,15 ถนน คลองสี่,12120,overture (meta),overture:90c887ce-df5b-4008-9b71-f8d05f5e5844
kannikath1515@gmail.com,ครัวสองพี่น้องคาเฟ่ Mean&Model อาหารตามสั่ง กาแฟสด และซุปเปอร์มาเก็ต,ครัวสองพี่น้องคาเฟ่ Mean&Model อาหารตามสั่ง กาแฟสด และซุปเปอร์มาเก็ต,Khlong Luang District,Cafe,no,Low,0,,,,,openstreetmap,1,+66948939544,22/7 ถนน ธัญบุรี,12120,overture (meta),overture:f4e87298-1da5-42dc-991d-c4197122b835
akaranant-rv27@hotmail.com,ครัวเต็มคำ,ครัวเต็มคำ,Khlong Luang District,Restaurant,no,Low,0,,,,,openstreetmap,1,+66815982669,,12120,overture (meta),overture:d8e03884-f509-4291-82b8-eb41d5f18411
kruathaiminium@gmail.com,ครัวไทยมีเนียม,ครัวไทยมีเนียม,Khlong Luang District,Asian; Thai,no,Low,0,Local,,http://www.kruathaiminium.com,,venue website,1,,3 ถนน เลียบคลองหกวา,10220,overture (meta),overture:403ff2b0-d466-45dd-a386-b3bfb0b69857
khlongnueng@gmail.com,คลอง1ซีฟู้ด,คลอง1ซีฟู้ด,Khlong Luang District,Seafood,no,Low,0,,,,,openstreetmap,1,+66639795926,25 ซอย เทพกุญชร 39,12120,overture (meta),overture:71b75efe-6926-4f6a-aa1e-773879af896a
imagephoto99@gmail.com,คัลเลอร์อิมเมจ สาขารังสิต อัดรูปออนไลน์ จัดส่งทั่วประเทศ,คัลเลอร์อิมเมจ สาขารังสิต อัดรูปออนไลน์ จัดส่งทั่วประเทศ,Khlong Luang District,Restaurant,no,Low,0,,,,,openstreetmap,1,+66996359894,13/143 หมู่2 ต.คลองหนึ่ง อ.คลองหลวง จังหวัดปทุมธานี,12120,overture (meta),overture:8b599e29-e993-4b8a-8f5d-37219bc85866
siriporn33785@gmail.com,คาลดี้ คอฟฟี่ Caldy coffee กาแฟเพี่อสุขภาพ,คาลดี้ คอฟฟี่ Caldy coffee กาแฟเพี่อสุขภาพ,Khlong Luang District,Cafe,no,Low,0,,,,,openstreetmap,1,+66917588906,33 หมู่ 10 ต.คลองหนึ่ง อ.คลองหลวง จ.ปทุมธานี,12120,overture (meta),overture:53590536-1732-4fb0-acc0-2c1e6fcde2ac
pnp9888@gmail.com,คาเฟ่ อเมซอน นวนคร ไทยธานี,คาเฟ่ อเมซอน นวนคร ไทยธานี,Khlong Luang District,Cafe,no,Low,0,,,,,openstreetmap,1,+66655365291,"หมู่บ้านไทยธานี 73/6,8 หมู่19 ซอยไทยธานี9 ถนน",12120,overture (meta),overture:100f0662-6563-47f6-be16-8e8f9f5083e9
mookrata21@gmail.com,คุณแอมหมูกะทะ สาขา20 by BC,คุณแอมหมูกะทะ สาขา20 by BC,Khlong Luang District,Restaurant,no,Low,0,,,,,openstreetmap,1,+66963826186,ซอย คลองหกตะวันออก 12,12120,overture (meta),overture:cf86a1e1-d9c6-4f45-a5f8-057d7decb5b7
khumsetthi.tu@gmail.com,คุ้มเศรษฐี ธรรมศาสตร์รังสิต,คุ้มเศรษฐี ธรรมศาสตร์รังสิต,Khlong Luang District,Cafe,no,Low,0,,,,,openstreetmap,1,+66809591556,มหาวิทยาลัยธรรมศาสตร์ศูนย์รังสิต 99 หมู่ 18 คลองหนึ่ง,12120,overture (meta),overture:b56884e8-a5f0-4bdb-ae55-b80680b8462c
training@thaitaiyo.co.th,ฅนไทยไทโย,ฅนไทยไทโย,Khlong Luang District,Asian; Thai,no,Low,0,Local,,http://www.thaitaiyo.co.th/,,openstreetmap,1,+6629878801,142-145 หมู่ 18 ต.คลองหนึ่ง อ.คลองหลวง จ.ปทุมธานี,12120,overture (meta),overture:d2798be4-7278-4dac-83a1-165b5668e796
pipraewwy@gmail.com,จอนซอง ไก่กรอบอันยอง 존 총,จอนซอง ไก่กรอบอันยอง 존 총,Khlong Luang District,Restaurant,no,Low,0,,,,,openstreetmap,1,+66614192653,99 หมู่2 ตำบล คลองหก อำเภอคลองหลวง ปทุมธานี 12120,12120,overture (meta),overture:87c256ad-b6bb-4297-b276-c596d573261d
bmk.rungpit@gmail.com,จำหน่ายแตงโม ปลีก-ส่ง ตลาดไท “ร้านน้องข้าวหอม ซ.1,จำหน่ายแตงโม ปลีก-ส่ง ตลาดไท “ร้านน้องข้าวหอม ซ.1,Khlong Luang District,Asian; Thai,no,Low,0,,,,,openstreetmap,1,+66827050021,พหลโยธิน,12120,overture (meta),overture:8cd19f8a-0964-4f22-af88-ec432b491d35
t.noommak@gmail.com,จิ้มแจ่ว คลอง 6,จิ้มแจ่ว คลอง 6,Khlong Luang District,Restaurant,no,Low,0,,,,,openstreetmap,1,+66926307159,คลอง6,12120,overture (meta),overture:22855bb0-01a7-406b-afa5-37fa62c2ddf4
jeeb.dimsum.fusion@gmail.com,จีบ Dimsum Fusion,จีบ Dimsum Fusion,Khlong Luang District,Chinese,no,Low,0,,,https://line.me/R/ti/p/%40jeebdimsum,,openstreetmap,1,+66659832899,ใต้หออินเตอร์ปาร์ค ม.ธรรมศาสตร์รังสิต,12120,overture (meta),overture:df20841a-cb0b-45a7-a35a-53d71798e204
geeyuan.1@gmail.com,จี่หยวน,จี่หยวน,Khlong Luang District,Asian; Chinese,no,Low,0,,,,,openstreetmap,1,+66929553666,41 120,12120,overture (meta),overture:89319cfa-a5d6-478c-848a-63e6617a9423
jeedjardbaimai5553@gmail.com,จี๊ดจ๊าด,จี๊ดจ๊าด,Khlong Luang District,Restaurant,no,Low,0,Local,,http://www.baimairareang.com/,baimairarueng48@gmail.com,openstreetmap,1,+66944095553,13 ถนน พหลโยธิน,12120,overture (meta),overture:3c81d104-27f2-4d23-9eda-d135bb3c027f
bjk.pakorn@gmail.com,จุ่ม เนื้อ ดีย์,จุ่ม เนื้อ ดีย์,Khlong Luang District,Restaurant,no,Low,0,,,,,openstreetmap,1,+66852519337,2,12120,overture (meta),overture:ecbca794-3fc1-45a4-9213-bde181093cff
t0925799954@gmail.com,จ่อย บุฟเฟ่ต์ หมูกระทะ,จ่อย บุฟเฟ่ต์ หมูกระทะ,Khlong Luang District,Restaurant,no,Low,0,,,,,openstreetmap,1,+66925799954,58/142 ซอย นครชัยมงคลวิลล่า 2,12120,overture (meta),overture:46d41c41-3c05-47b5-a980-0db6fa503c9f
sukjaroanpatamaporn@gmail.com,จ่าธันหมูกระทะ,จ่าธันหมูกระทะ,Khlong Luang District,Restaurant,no,Low,0,,,,,openstreetmap,1,+66982878284,,,overture (meta),overture:3ad0c577-6c8c-4bb7-912e-3b1f7455e8e3
jidapha_js@hotmail.com,จ่าแดงหมูกระทะ สาขา เลียบคลองสามธัญญะ,จ่าแดงหมูกระทะ สาขา เลียบคลองสามธัญญะ,Khlong Luang District,Restaurant,no,Low,0,,,,,openstreetmap,1,+66881775777,,,overture (meta),overture:015ebfa2-843e-4000-9223-4d23edc3fb30
chongjaleancoffee@gmail.com,ชงเจริญ กาแฟโบราณ,ชงเจริญ กาแฟโบราณ,Khlong Luang District,Cafe,no,Low,0,,,,,openstreetmap,1,+66838816495,,15150,overture (meta),overture:68ac52a7-21c4-42b6-b98a-34557295b4dc
chanuphakon2524@gmail.com,ชวง ชวง เว่ย 川川味 หม่าล่าเสฉวน คลองสามตลาดจัมโบ้,ชวง ชวง เว่ย 川川味 หม่าล่าเสฉวน คลองสามตลาดจัมโบ้,Khlong Luang District,Restaurant,no,Low,0,,,,,openstreetmap,1,+66818591467,ตลาดจัมโบ้ คลองสาม คลองหลวง,12120,overture (meta),overture:73a9f1a6-ba75-4dce-a166-e6fc8511340a
cym2_hcm@gmail.com,ชัยยาหมูกระทะ2 ม.กรุงเทพ,ชัยยาหมูกระทะ2 ม.กรุงเทพ,Khlong Luang District,Restaurant,no,Low,0,,,,,openstreetmap,1,+66955567238,18 ถนน พหลโยธิน,12120,overture (meta),overture:f7076708-d75b-47f8-8fac-a578dd9e983e
office.shabuindy@gmail.com,ชาบูอินดี้สาขานวนคร,ชาบูอินดี้สาขานวนคร,Khlong Luang District,Restaurant,no,Low,0,,,http://www.shabuindy.com/,,openstreetmap,1,+66878501322,9/63 ม.19 ถ. นวนคร 1 เขตนิคมอุตสาหกรรม นวนคร ต.คลองหนึ่ง,12120,overture (meta),overture:bd365c3f-9feb-457a-9ff9-032fa8b79b65
onnarin.sir@gmail.com,ชายใหญ่ เตี๋ยวไก่ (บุฟเฟต์ข้อเลือดผัก) & ข้าวบ้านเพื่อน,ชายใหญ่ เตี๋ยวไก่ (บุฟเฟต์ข้อเลือดผัก) & ข้าวบ้านเพื่อน,Khlong Luang District,Asian; Japanese,no,Low,0,,,,,openstreetmap,1,+66889574859,คลองสี่,12120,overture (meta),overture:3e6804f1-37cd-434e-891f-d1d3a745049d
nang_surattana@hotmail.com,ชาลั้นลา กาแฟสด Chalunla,ชาลั้นลา กาแฟสด Chalunla,Khlong Luang District,Restaurant,no,Low,0,,,,,openstreetmap,1,+66644562289,29/2 ถนน เลียบคลองสาม,12120,overture (meta),overture:4ede2698-dfd5-4b05-86d5-b527dde12295
chimchama001@gmail.com,ชิม ชา ม่ะ,ชิม ชา ม่ะ,Khlong Luang District,Restaurant,no,Low,0,,,,,openstreetmap,1,+66809892963,36 856 หมู่ 3 มบ ซ.8,12120,overture (meta),overture:2ad57642-369c-48f6-8003-7d04c137aa6e
ouyhif@gmail.com,ช้างยิ้ม ก๋วยเตี๋ยวเรือ,ช้างยิ้ม ก๋วยเตี๋ยวเรือ,Khlong Luang District,Restaurant,no,Low,0,,,,,openstreetmap,1,+66832465441,ซอยรังสิตนครนายก 31 ,12120,overture (meta),overture:9acff9f5-208f-4e41-a5df-524e30d2e7b6
saomaifoodie@gmail.com,ซาวมาย,ซาวมาย,Khlong Luang District,Restaurant,no,Low,0,,,,,openstreetmap,1,+66876091836,ก่อนขึ้นทางด่วนเชียงราก เลย ทียู โดม มา 200 ม 98,12120,overture (meta),overture:2f2a02e2-29a8-419d-8f02-75f5b1eb4e59
feearan9@gmail.com,ซูชิโนะ นวนคร,ซูชิโนะ นวนคร,Khlong Luang District,Asian; Japanese,no,Low,0,,,,,openstreetmap,1,+66659035669,9/67 เขตนิคมอุตสาหกรรมนวนคร คลองหนึ่ง,12120,overture (meta),overture:b13e011a-78bb-4e8e-a378-9644a6cfede5
sarawuth_vsv_@hotmail.com,ดอน ก๋วยเตี๋ยวเรืออยุธยา รสเด็ด,ดอน ก๋วยเตี๋ยวเรืออยุธยา รสเด็ด,Khlong Luang District,Asian; Japanese,no,Low,0,,,,,openstreetmap,1,+66812749014,ถนนสีขาว,12120,overture (meta),overture:eefe4551-a613-4c90-8870-8bc664d85bc5
saomai.food@gmail.com,ดาวแหนมเนือง,ดาวแหนมเนือง,Khlong Luang District,Asian,no,Low,0,,,,,openstreetmap,1,+66924946491,19/84 Soi Mu Ban Supphalak Phanit-Home,12120,overture (meta),overture:d4f8e6ce-edb0-4bca-9ac2-c037e935df99
lengwow789@hotmail.com,ตง-ดำเนิน - Tong Damnoen,ตง-ดำเนิน - Tong Damnoen,Khlong Luang District,Asian; Thai,no,Low,0,,,,,openstreetmap,1,+66944544963,ตลาดไท,12120,overture (meta),overture:060af045-c7b9-4096-8b26-bde23b2f6016
loongyaidelivery@hotmail.com,ตะหลิว ลุงใหญ่ ม.ธรรมศาสตร์ รังสิต,ตะหลิว ลุงใหญ่ ม.ธรรมศาสตร์ รังสิต,Khlong Luang District,Seafood,no,Low,0,,,,,openstreetmap,1,+66888700073,45/5 หมู่ 17 ต.คลองหนึ่ง ,12120,overture (meta),overture:e256aacc-9207-4285-88ea-d1cd4e54b26c
arisapm@hotmail.com,ตัวตึง Coffee Bar,ตัวตึง Coffee Bar,Khlong Luang District,Cafe,no,Low,0,,,,,openstreetmap,1,+66876376837,"27, 94 ม.6 ปาก ซอย บงกช 2",12120,overture (meta),overture:0d81cf77-e1cf-427b-a878-e965d764aa2e
nichanan01042299389@hotmail.com,ตากะยายขายเตี๋ยว บะหมี่เกี๊ยว ซอย6,ตากะยายขายเตี๋ยว บะหมี่เกี๊ยว ซอย6,Khlong Luang District,Asian; Japanese,no,Low,0,,,,,openstreetmap,1,+66860503571,52/42 Soi Mu Ban Thai Thani 19,12120,overture (meta),overture:ac8f6ca6-42b4-4583-b5a0-54c47bbe96c7
larhaha55466@gmail.com,ตากะยายเครปญี่ปุ่น คลองสาม,ตากะยายเครปญี่ปุ่น คลองสาม,Khlong Luang District,Asian; Japanese,no,Low,0,,,,,openstreetmap,1,+66991979154,,,overture (meta),overture:c1f83e54-c7ae-4de9-911a-d019a1bedf68
tumpakpertbu@gmail.com,ตำปากเปิด at มหาวิทยาลัยกรุงเทพรังสิต,ตำปากเปิด at มหาวิทยาลัยกรุงเทพรังสิต,Khlong Luang District,Restaurant,no,Low,0,,,,,openstreetmap,1,+66964083686,P&W Mansion 9/141 ม.5 ซ.รังสิตภิรมย์,12120,overture (meta),overture:5e6032ef-502d-4d5c-be35-efe147decd48
daysoyou@hotmail.com,ตำยำแกง,ตำยำแกง,Khlong Luang District,Restaurant,no,Low,0,,,,,openstreetmap,1,+66624878466,31 บ้านพฤกษา,12120,overture (meta),overture:df1958d9-8e79-4f23-bff7-aa96848634c9
tana@hotmail.com,ตำสะบัดครก,ตำสะบัดครก,Khlong Luang District,Restaurant,no,Low,0,,,https://line.me/ti/p/03SgQcw6a9,,openstreetmap,1,+66989539632,ปากซอย บงกช ซอย 2 ( ข้างๆร้านเก๋ก๋วยเตี๋ยว )Bongkot 2 Khlong Song Khlong Luang ,12120,overture (meta),overture:8bc4864e-c7ee-46d1-98e2-2f85b1a010eb
tumsabut@gmail.com,ตำสะบัดแซ่บ (ร้านลับคลองสาม),ตำสะบัดแซ่บ (ร้านลับคลองสาม),Khlong Luang District,Asian; Thai,no,Low,0,,,,,openstreetmap,1,+66612412116,หมู่บ้านคันทรี การ์เด้น คลองสาม,,overture (meta),overture:76cc6976-3441-4a04-937e-c75dfef0c1dc
japanens2@gmail.com,ตี๋ เบื้อง ใหญ่,ตี๋ เบื้อง ใหญ่,Khlong Luang District,Restaurant,no,Low,0,,,,,openstreetmap,1,+66822645162,81/14 หมู่บ้านพฤกษา 116 ต.คลองหก อ.คลองหลวง จ.ปทุมธานี 12120,12120,overture (meta),overture:8edb9cfb-cbe6-464b-b0ff-4728ab1ed5f1
kangfukangfu1755@gmail.com,ตี๋เล้ง ชาบูนคร  สาขาปทุม,ตี๋เล้ง ชาบูนคร  สาขาปทุม,Khlong Luang District,Restaurant,no,Low,0,,,,,openstreetmap,1,+66623925055,,,overture (meta),overture:54d29d5f-8125-4e8d-8cf4-41de7fd4def3
draftetappleid@gmail.com,ต้นรักคาเฟ่,ต้นรักคาเฟ่,Khlong Luang District,Cafe,no,Low,0,,,,,openstreetmap,1,+66999690915,เลขที่ 64 หมู่ 8 คลองหนึ่ง,12120,overture (meta),overture:1a664146-953c-48e9-872f-61a52c96f6fb
tingting.turangsit@gmail.com,ถิงถิง บิงซูน้ำขิง ธรรมศาสตร์ รังสิต,ถิงถิง บิงซูน้ำขิง ธรรมศาสตร์ รังสิต,Khlong Luang District,Cafe,no,Low,0,,,,,openstreetmap,1,+66967688999,60 หมู่ 8 คลองหนึ่ง,12120,overture (meta),overture:aaf96d8c-046f-480b-87d7-f93663bb481e
michellemisshell@gmail.com,ทะเลดองคลองหกbyเจ๊โต๊ด,ทะเลดองคลองหกbyเจ๊โต๊ด,Khlong Luang District,Restaurant,no,Low,0,,,,,openstreetmap,1,+66930087418,"46, อาคารพรธิสาร 206-207 ซ",12120,overture (meta),overture:9027c548-2d7e-49c4-9d13-bc60cf1e51ff
manasopid2516@gmail.com,ทุเรียนหมอนทองคุณภาพ ร้านสุปัณฑา,ทุเรียนหมอนทองคุณภาพ ร้านสุปัณฑา,Khlong Luang District,Restaurant,no,Low,0,,,https://line.me/ti/p/rGgpiLn3-n,,openstreetmap,1,+66947426323,,,overture (meta),overture:6bed1df9-a345-4231-bf44-06850c91bd1e
togetherklong4@gmail.com,ทูเกทเตอร์-คาเฟ่ & ร้านอาหาร,ทูเกทเตอร์-คาเฟ่ & ร้านอาหาร,Khlong Luang District,Cafe,no,Low,0,,,,,openstreetmap,1,+66803539636,คลองสี่,12120,overture (meta),overture:a44c8e05-8b8d-4c23-a6ab-31dc8918c1c1
pomwarunee1@gmail.com,นมนานมน่าน สาขาคลองสอง ไอยรา24,นมนานมน่าน สาขาคลองสอง ไอยรา24,Khlong Luang District,Cafe,no,Low,0,,,,,openstreetmap,1,+66810985808,เรียบคลองสอง,12120,overture (meta),overture:2b14a4a0-4333-4bf3-be19-740a6f810085
noremorenom@gmail.com,นอ•มอ•นม,นอ•มอ•นม,Khlong Luang District,Cafe,no,Low,0,,,,,openstreetmap,1,+66904046208,Thammasat University,10120,overture (meta),overture:33b1cf3a-36fa-49ee-996f-ecb01f1b199f
ppd.rgroup@gmail.com,นั่งปิ้ง หมูกระทะ (ม.กรุงเทพ รังสิต),นั่งปิ้ง หมูกระทะ (ม.กรุงเทพ รังสิต),Khlong Luang District,Restaurant,no,Low,0,,,,,openstreetmap,1,+66972935098,,12120,overture (meta),overture:0725cc1b-1482-4ff2-b998-abacd67c6022
naichangnomsod@gmail.com,นายช่างนมสด,นายช่างนมสด,Khlong Luang District,Restaurant,no,Low,0,,,,,openstreetmap,1,+66931821624,130/131 ซอย บัญชา-ปราณี,12110,overture (meta),overture:d87a45af-1aa4-4d4c-970e-8409686427b0
myuriesensi@gmail.com,นิยมลาบยโสฯ,นิยมลาบยโสฯ,Khlong Luang District,Restaurant,no,Low,0,,,,,openstreetmap,1,+66820281337,99/100 หมู่15 ต.คลอง1 อ.คลองหลวง จ.ปทุมธานี,12120,overture (meta),overture:08482446-1045-4eeb-a0fa-521afa99af7d
niyomsuk88@gmail.com,นิยมสุข - ตลาดพาเจริญคลอง3,นิยมสุข - ตลาดพาเจริญคลอง3,Khlong Luang District,Restaurant,no,Low,0,,,,,openstreetmap,1,+66943623295,นิยมสุข - ตลาดพาเจริญคลองสาม,12120,overture (meta),overture:9cab5c19-8db8-4a2c-b813-98b4b77c4a70
nissansnt.tt@gmail.com,นิสสันทวีทรัพย์สาขาตลาดไท,นิสสันทวีทรัพย์สาขาตลาดไท,Khlong Luang District,Asian; Thai,no,Low,0,,,,,openstreetmap,1,+66863406754,,,overture (meta),overture:47e76db3-eaee-4c83-b2f8-a637f932faeb
pl.samran01@gmail.com,น้องเหมียว ร้านชำพีแอล สำราญ,น้องเหมียว ร้านชำพีแอล สำราญ,Khlong Luang District,Restaurant,no,Low,0,Local,,https://plsamran.page365.net/,,openstreetmap,1,+957152553,12/159 หมู่2 ซอยคลองหลวง13 ต.คลองหนึ่ง อ.คลองหลวง,12120,overture (meta),overture:f65e67db-de82-4060-9d25-9879c7a26eae
jakkapong1597@hotmail.com,น้อนไก่ ข้าวมันไก่,น้อนไก่ ข้าวมันไก่,Khlong Luang District,Restaurant,no,Low,0,,,,,openstreetmap,1,+66806929342,หน้า,12120,overture (meta),overture:88c7a2d5-ff62-4ac7-a8bc-8512aecb8c93
surasit_p@me.com,น้อยลาบเป็ดอุดร-รสเด็ด,น้อยลาบเป็ดอุดร-รสเด็ด,Khlong Luang District,Cafe,no,Low,0,,,,,openstreetmap,1,+66852304469,14 ถนน เลียบคลองสอง,10510,overture (meta),overture:a25e85d1-e3db-497c-892a-934d423b1cea
artsogood38@gmail.com,น้ำขิงยำปูซิ่ง by sogood,น้ำขิงยำปูซิ่ง by sogood,Khlong Luang District,Restaurant,no,Low,0,,,,,openstreetmap,1,,พรธิสาร,10120,overture (meta),overture:fc4e2be5-727b-4fba-abfb-8a35a5f69dc9
benjadeedee@gmail.com,น้ำเต้าหู้เบญจ,น้ำเต้าหู้เบญจ,Khlong Luang District,Restaurant,no,Low,0,,,,,openstreetmap,1,+66932978444,ซ. หมู่บ้านพฤกษา 13 ซ. 28/5,12120,overture (meta),overture:09b8daf1-b929-4f37-bcc9-70f56ab7d72a
srisommai.th@gmail.com,บริษัท ศรีสมหมาย จำกัด,บริษัท ศรีสมหมาย จำกัด,Khlong Luang District,Restaurant,no,Low,0,,,,,openstreetmap,1,+66924466342,"23/2 หมู่12, Phali Kham Alley",12120,overture (meta),overture:f612a40b-68dd-4b57-ae16-2d63d5de6b29
aenop@hotmail.com,บะหมี่เกี๊ยวเศรษฐี,บะหมี่เกี๊ยวเศรษฐี,Khlong Luang District,Asian; Japanese,no,Low,0,,,,,openstreetmap,1,+66915197728,40/444 ถ. เลียบคลองสาม,12120,overture (meta),overture:bdc68d2e-3a3f-4771-8cc2-114d8f2b1fce
may_rai_a_pao@hotmail.com,บารมีร้อยแปด น้ำแข็งคลองหก,บารมีร้อยแปด น้ำแข็งคลองหก,Khlong Luang District,Restaurant,no,Low,0,,,,,openstreetmap,1,+66802946652,31 บ้านพฤกษา,12120,overture (meta),overture:e0d4ee62-9a85-45a7-b791-96d115f81995
paykk359@gmail.com,บ้าน แจ่มจันทร์ ณ. นวนคร,บ้าน แจ่มจันทร์ ณ. นวนคร,Khlong Luang District,Restaurant,no,Low,0,,,,,openstreetmap,1,+66835455553,"บ้าน แจ่มจันทร์ ณ. นวนคร , ตำบล คลองหนึ่ง อำเภอคลองหลวง ปทุมธานี",12120,overture (meta),overture:593f5d80-cbae-435e-a318-9c227f693cb3
phornsirikhawthip@gmail.com,บ้านข้าวทิพย์ คลองสาม,บ้านข้าวทิพย์ คลองสาม,Khlong Luang District,Restaurant,no,Low,0,,,,,openstreetmap,1,+66946245422,หมู่บ้านภัสสร2 คลองสาม ปทุมธานี,12120,overture (meta),overture:7a9a8c79-d693-41f4-90cb-7e8ac2fd4c60
bankrutoh@gmail.com,บ้านครูโต Music&Cafe,บ้านครูโต Music&Cafe,Khlong Luang District,Cafe,no,Low,0,,,,,openstreetmap,1,+66655397478,59/222 ม.ภูมิสิริ ต.คลองสาม อ.คลองหลวง จ.ปทุมธานี,12120,overture (meta),overture:f6427ee3-47f3-4bc8-8a98-d69213ec6f7f
my.coffee2545@gmail.com,บ้านฉัน 353 บาร์,บ้านฉัน 353 บาร์,Khlong Luang District,Bar,no,Low,0,,,,,openstreetmap,1,+66658544381,3 ถนน คลองสี่,12120,overture (meta),overture:3f45b544-f223-4683-9a64-8fa9ed95102d
oatdittana1122@gmail.com,บ้านบรรจุภัณฑ์ คลอง6,บ้านบรรจุภัณฑ์ คลอง6,Khlong Luang District,Cafe,no,Low,0,,,,,openstreetmap,1,,9 ม.2 ต.คลองหก อ คลองหลวง จ.ปทุมธานี,12120,overture (meta),overture:2d5c1f6b-9b67-4788-a926-f5fd3ca2a020
banpladaekklongsam@gmail.com,บ้านปลาแดก คลองสาม,บ้านปลาแดก คลองสาม,Khlong Luang District,Asian; Thai,no,Low,0,,,,,openstreetmap,1,+66612347683,"31, 22",12120,overture (meta),overture:a6b1e66f-335f-44c5-a837-e721a1cf3785
trdeksin.2023@gmail.com,บ้านลุงแชน ฟาร์ม & คาเฟ่,บ้านลุงแชน ฟาร์ม & คาเฟ่,Khlong Luang District,Restaurant,no,Low,0,,,,,openstreetmap,1,+66631989622,11 16 ซอย เอราวัณ4,12120,overture (meta),overture:256dd7c8-30e7-4162-ad1f-89eb4a3f8686
baanlankhao.klong3@gmail.com,บ้านล้านข้าว คลองสาม,บ้านล้านข้าว คลองสาม,Khlong Luang District,Restaurant,no,Low,0,,,,,openstreetmap,1,+66968857408,23 5 ถนนเลียบคลอง 3,12120,overture (meta),overture:93114f8f-101f-417c-85d7-ddc7adac8327
komsan249996@gmail.com,บ้านสวนลุงจุก,บ้านสวนลุงจุก,Khlong Luang District,Cafe,no,Low,0,,,,,openstreetmap,1,+66922614698,14 ซอยคลองสาม7/4 อำเภอคลองหลวง ปทุมธานี ,12120,overture (meta),overture:224703dd-33d1-469c-80ab-b5209e8280d5
bannsuanpaicafe@gmail.com,บ้านสวนไผ่คาเฟ่ ร้านกาแฟ คาเฟ่ ในสวนไผ่ นวนคร ธรรมศาสตร์ คลองหลวง ปทุมธานี,บ้านสวนไผ่คาเฟ่ ร้านกาแฟ คาเฟ่ ในสวนไผ่ นวนคร ธรรมศาสตร์ คลองหลวง ปทุมธานี,Khlong Luang District,Cafe,no,Low,0,,,,,openstreetmap,1,+66623659266,บ้านสวนไผ่คาเฟ่ 1 4 ตำบล คลองหนึ่ง อำเภอคลองหลวง ปทุมธานี 12120,12120,overture (meta),overture:f104fdf1-0495-414b-8413-00a85a5b5c36
stangpropro@gmail.com,บ้านเมธา โกโก้ลาวา,บ้านเมธา โกโก้ลาวา,Khlong Luang District,Restaurant,no,Low,0,,,,,openstreetmap,1,+66858869647,"ซอย พยอม 9, พยอม, หมู่ที่ 5, พระนครศรีอยุธยา 13170, ประเทศไทย",13170,overture (meta),overture:7999715a-ce98-4a37-8a99-118876d7ff9a
rsmart2011@gmail.com,บ้านไม้กาแฟสด คลองสอง,บ้านไม้กาแฟสด คลองสอง,Khlong Luang District,Cafe,no,Low,0,,,,,openstreetmap,1,+66802634735,Soi Bongkot 21,12120,overture (meta),overture:8117f4ec-bb60-4f15-8283-ed71f7e117b4
mos_im_posto@hotmail.com,ป.ประทีป ตลาดไท,ป.ประทีป ตลาดไท,Khlong Luang District,Asian; Japanese,no,Low,0,,,,,openstreetmap,1,+66654194850,49 299 คลองสอง,12120,overture (meta),overture:03bfefca-e194-426e-ab27-6917d3109254
th35009@pttrm.com,ปตท.ปทุมธานี-ธรรมศาสตร์ รังสิต,ปตท.ปทุมธานี-ธรรมศาสตร์ รังสิต,Khlong Luang District,Restaurant,no,Low,0,,,,,openstreetmap,1,+66844385610,ที่อยู่ 66 หมู่ 9 ตำบลคลองหนึ่งอำเภอคลองหลวง จังหวัดปทุมธานี ,12120,overture (meta),overture:7cf57721-edcc-405d-9085-9a1d87e6feb9
tangseed21@gmail.com,ปรีชา ก๋วยเตี๋ยวเรืออยุธยา รสเด็ด,ปรีชา ก๋วยเตี๋ยวเรืออยุธยา รสเด็ด,Khlong Luang District,Restaurant,no,Low,0,,,,,openstreetmap,1,+66879978134,ในโครงmmcบ้านเอื้อมิตซู กม.44 หมู่11 ต.คลองหนึ่ง ถนนพหลโยธินอ.คลองหลวง จ.ปทุมธานี,12120 ,overture (meta),overture:f529622c-1e84-407e-a516-47c2aed57ff5
soivalee6@gmail.com,ปลาเผาเตาแตก by.แอมพีเมี่ยงปลาเผา,ปลาเผาเตาแตก by.แอมพีเมี่ยงปลาเผา,Khlong Luang District,Restaurant,no,Low,0,,,,,openstreetmap,1,+66827845907,ตลาดริมน้ำเมืองธัญบุรี ตรงข้ามหน้าราชมงคลประตู3,12110,overture (meta),overture:bd507eb8-30fd-41ac-a69f-d0575a9483c2
nun.peetye@gmail.com,ปอนด์&ปรุง หมูกระทะท่าโขลง,ปอนด์&ปรุง หมูกระทะท่าโขลง,Khlong Luang District,Restaurant,no,Low,0,,,,,openstreetmap,1,+66834088187,บ้านเอื้ออาทร กม.44 ตลาดมิตซู,12120,overture (meta),overture:4b560ee1-f566-4e86-b153-147965b78e6e
hongsarath848@gmail.com,ปั่นยับ juice klong6,ปั่นยับ juice klong6,Khlong Luang District,Restaurant,no,Low,0,,,,,openstreetmap,1,+66816594161,เรียบคลองหก,12110,overture (meta),overture:da0c1482-de4e-4adf-abdd-d03f569ac688
limarunotai@hotmail.com,ปาท่องโก๋ โก๋ป๊ะคะ สาขาพฤกษา 13,ปาท่องโก๋ โก๋ป๊ะคะ สาขาพฤกษา 13,Khlong Luang District,Bakery,no,Low,0,,,,,openstreetmap,1,+66832697804,37 357 Yothathikan Khu Khot-khlong Luang Rd,12120,overture (meta),overture:83319b9b-acaa-4ce1-acb9-e6dbda50a021
kkwan131336@gmail.com,ปิ่นรัก หมูกระทะ - เลียบคลองสาม,ปิ่นรัก หมูกระทะ - เลียบคลองสาม,Khlong Luang District,Restaurant,no,Low,0,,,,,openstreetmap,1,+66806403248,ธัญบุรี ประชาธิปัตย์,12130,overture (meta),overture:60fabbf3-603d-41f9-a344-3eee261f6a2e
nonglak21012522@gmail.com,ป้าตู่อาหารตามสั่ง,ป้าตู่อาหารตามสั่ง,Khlong Luang District,Restaurant,no,Low,0,,,,,openstreetmap,1,,88/35-38 ถนน พิทักษ์ธรรม,12120,overture (meta),overture:c4673390-0496-43d8-843b-d02abb30f4b5
morfunfoto@gmail.com,ป้าเกด เย็นตาโฟ5สี,ป้าเกด เย็นตาโฟ5สี,Khlong Luang District,Cafe,no,Low,0,,,,,openstreetmap,1,+66802618113,"ตำบลคลองสาม อำเภอคลองหลวง Rangsit, Pathum Thani, Thailand 121",12120,overture (meta),overture:3088de4e-0a4a-419b-9455-03797a203ce4
panomthein12120@gmail.com,ป้าแว่นก๋วยเตี๋ยวหมูน้ำตกกะทิสด,ป้าแว่นก๋วยเตี๋ยวหมูน้ำตกกะทิสด,Khlong Luang District,Restaurant,no,Low,0,,,,,openstreetmap,1,+66652124858,"66/7, 1 Thai Thani Soi 11",12120,overture (meta),overture:282e7deb-aea1-48c5-a8a8-94b1c0df2050
supitchaya_26@hotmail.com,ผัดไทย บ้านนอก,ผัดไทย บ้านนอก,Khlong Luang District,Asian; Thai,no,Low,0,,,,,openstreetmap,1,+66962594244,3 ถนน เลียบคลองสาม,12120,overture (meta),overture:eefc12cb-d625-4a38-8002-7a91635ce250
padthaihoitodflat8@gmail.com,ผัดไทย หอยทอด แฟลต 8 ชั้น ดินแดง สาขา 2 คลองสาม,ผัดไทย หอยทอด แฟลต 8 ชั้น ดินแดง สาขา 2 คลองสาม,Khlong Luang District,Restaurant,no,Low,0,,,,,openstreetmap,1,+66646156391,1/2 หมู่ 3 คลองสาม อำเภอคลองหลวง ,12120,overture (meta),overture:de2885a1-3b9f-42c1-96e9-3b79ab9736f1
thanyadechanon@gmail.com,ผัดไทยเตาถ่าน แม่พลอย,ผัดไทยเตาถ่าน แม่พลอย,Khlong Luang District,Restaurant,no,Low,0,,,,,openstreetmap,1,+66926247899,,,overture (meta),overture:d2ec4b42-e9be-445f-bc45-2de06966f544
ninjaturtle55@hotmail.com,ฝีมือแม่คาเฟ่ คลองสี่รังสิต,ฝีมือแม่คาเฟ่ คลองสี่รังสิต,Khlong Luang District,Restaurant,no,Low,0,,,,,openstreetmap,1,+66814851633,3 ถนน คลองสี่,12120,overture (meta),overture:63ea760d-10e0-4f60-8ff9-45b086a1d0a3
juntawongsee@hotmail.com,พิซซ่าชาววัง รับสอน ให้สูตรทำพิซซ่า อาหารและเครื่องดื่ม ครบวงจร - นวนคร,พิซซ่าชาววัง รับสอน ให้สูตรทำพิซซ่า อาหารและเครื่องดื่ม ครบวงจร - นวนคร,Khlong Luang District,Restaurant,no,Low,0,,,,,openstreetmap,1,+66865291167,พิซซ่าชาววัง 52/54หมู่บ้าน บ.ด.ถ.ซอย6 นิคมอุตสาหกรรมนวนคร ต.คลองหนึ่ง อ.คลองหลวง จ.ปทุมธานี,12120,overture (meta),overture:2452f71e-62b2-4816-ad83-f4e343cf8436
dk.home@hotmail.com,มลน้ำเต้าหู้ คลองหลวง ปทุมธานี,มลน้ำเต้าหู้ คลองหลวง ปทุมธานี,Khlong Luang District,Restaurant,no,Low,0,,,,,openstreetmap,1,+66614591171,ตลาดไท,12120,overture (meta),overture:865ebaa4-b594-42ff-af88-d2127e85d347
3wav.wichukorn@gmail.com,มานะชา ManaCha ชานมไข่มุก 19 บาท,มานะชา ManaCha ชานมไข่มุก 19 บาท,Khlong Luang District,Asian; Thai,no,Low,0,,,,,openstreetmap,1,+66891832896,,,overture (meta),overture:f0328780-1fc4-4fde-bc3f-0b4c12c77778
pthongmeeaeid2514@gmail.com,มิกชาปักษ์ใต้,มิกชาปักษ์ใต้,Khlong Luang District,Restaurant,no,Low,0,,,,,openstreetmap,1,+66948918924,ถนนคลองหลวง,12120,overture (meta),overture:751aac24-8ac6-49a1-8ccd-f41d00b51771
w.charms@hotmail.com,มิดไนท์ไก่ตอน ประตูน้ำ สาขาคลองหลวง,มิดไนท์ไก่ตอน ประตูน้ำ สาขาคลองหลวง,Khlong Luang District,Restaurant,no,Low,0,,,,,openstreetmap,2,+66910384421,,,overture (meta),overture:66e3213c-fb36-461c-945d-dbe53d1765e5
mitrakcafe@gmail.com,มิตรรักษ์คาเฟ่,มิตรรักษ์คาเฟ่,Khlong Luang District,Cafe,no,Low,0,,,,,openstreetmap,1,+66628515946,67 หมู่13 ต.คลองหก,12120,overture (meta),overture:a7e57d3d-a091-4473-bfb7-a077d5bb5005
meekhwamsook.tuh@gmail.com,มีความสุข สาขารพ.ธรรมศาสตร์ Meekhwamsook TU Hospital,มีความสุข สาขารพ.ธรรมศาสตร์ Meekhwamsook TU Hospital,Khlong Luang District,Cafe,no,Low,0,,,,,openstreetmap,1,+66945278591,มีความสุข สาขารพ.ธรรมศาสตร์ MEE-KHWAM-SOOK TU Hospital,,overture (meta),overture:7f8d8597-47f6-48fb-8c71-a5234ebe7063
trathamon@gmail.com,มุมปลาแดก,มุมปลาแดก,Khlong Luang District,Asian; Thai,no,Low,0,,,,,openstreetmap,1,+66619246224,17 ถนน สุดบรรทัด,18000,overture (meta),overture:227021f5-33d5-4ef2-b1f7-9d630269f25e
monuan.mu008@gmail.com,ม่อนอ้วน สาขา รังสิต (Mf008),ม่อนอ้วน สาขา รังสิต (Mf008),Khlong Luang District,Restaurant,no,Low,0,,,,,openstreetmap,1,+66618789947,59/368 1 Soi Rangsit-Nakhon Nayok 31,12120,overture (meta),overture:fff29bb7-e4f7-424d-a77a-ad212c970bae
yummamiwkunyay@gmail.com,ยำมะหมิว ยำมะม่วงรสเด็ด สาขาตลาดคุณยาย,ยำมะหมิว ยำมะม่วงรสเด็ด สาขาตลาดคุณยาย,Khlong Luang District,Restaurant,no,Low,0,,,,,openstreetmap,1,+66909849096,ตลาดคุณยาย,12120,overture (meta),overture:623e3c64-84d8-4d5c-9f94-7d60845b364f
yumlamyoom@gmail.com,ยำลัมยุม,ยำลัมยุม,Khlong Luang District,Asian; Thai,no,Low,0,,,,,openstreetmap,1,,,12120,overture (meta),overture:85763225-b394-4f38-b69b-e794e20c7aaa
husdin2521@gmail.com,ยำสะท้าน,ยำสะท้าน,Khlong Luang District,Restaurant,no,Low,0,,,,,openstreetmap,1,+66960972768,,,overture (meta),overture:cb057df7-82e4-45ae-92be-d82856ccde9f
aukhamthiang@gmail.com,รถบ้านไทยคาร์88 ซื้อ-ขายรถบ้าน รถสวย,รถบ้านไทยคาร์88 ซื้อ-ขายรถบ้าน รถสวย,Khlong Luang District,Asian; Thai,no,Low,0,,,,,openstreetmap,1,+66655526245,3 ถนน คลองสี่,12120,overture (meta),overture:375156cd-3635-40c5-aab6-b486a839afa0
ssamza640@gmail.com,รถแห่มังกรขาวมิวสิค,รถแห่มังกรขาวมิวสิค,Khlong Luang District,Restaurant,no,Low,0,,,,,openstreetmap,1,+66654280582,อุทัยธานี​ ลานสัก,\n,overture (meta),overture:26729c60-4869-4690-b1ef-7f1fb0c998c8
ruamdaomookata@gmail.com,รวมดาวหมูกระทะ - คลองหก,รวมดาวหมูกระทะ - คลองหก,Khlong Luang District,Restaurant,no,Low,0,,,,,openstreetmap,1,+66623632888,,,overture (meta),overture:0af7e516-e5c3-4d36-99da-771cbe87ec27
mazdacx7244@gmail.com,รวยก๋วยเตี๋ยวเนื้อตุ๋นหม้อไฟ,รวยก๋วยเตี๋ยวเนื้อตุ๋นหม้อไฟ,Khlong Luang District,Restaurant,no,Low,0,,,,,openstreetmap,1,+66972528959,,,overture (meta),overture:d8f3043d-8288-4d0d-860c-9b8eaa8bfe5f
chungwolui2@gmail.com,ราชาลิง,ราชาลิง,Khlong Luang District,Restaurant,no,Low,0,,,https://www.foodpanda.co.th/th/restaurant/n2ek/king-gorilla-4,,openstreetmap,1,+66615533522,ตึก sky view 9/99 หมู่5 คลองหนึ่ง,12120,overture (meta),overture:096fa503-613f-4438-ad2c-b485ec45b6be
eakachai747@gmail.com,ริมคลองปลาเผาถัง น้ำจิ้มโคตรเด็ด,ริมคลองปลาเผาถัง น้ำจิ้มโคตรเด็ด,Khlong Luang District,Asian; Thai,no,Low,0,,,,,openstreetmap,1,+66982258353,ซอย คลองสาม,12120,overture (meta),overture:efe08d32-f8e0-4f65-be10-5fe7c14830a4
gardentraintu@gmail.com,ร้าน สวนรถไฟ ธรรมศาสตร์,ร้าน สวนรถไฟ ธรรมศาสตร์,Khlong Luang District,Cafe,no,Low,0,,,,,openstreetmap,1,,,,overture (meta),overture:c035c3fe-9ee1-4557-95f5-bd3da629fb61
boat.banphaeo@gmail.com,ร้าน โบ๊ตบ้านแพ้ว,ร้าน โบ๊ตบ้านแพ้ว,Khlong Luang District,Restaurant,no,Low,0,,,,,openstreetmap,1,+66928526655,ตลาดไท - อาคารตลาดฤด,12120,overture (meta),overture:200fd9d6-97c3-46b2-8b35-267074b4422d
somjaibm16@gmail.com,ร้านกระเพราเป็ด ลุงกับป้า,ร้านกระเพราเป็ด ลุงกับป้า,Khlong Luang District,Asian; Thai,no,Low,0,,,,,openstreetmap,1,+66945946957,ถนนเส้นวัดทำนบ - วิเศษชัยชาญ-บางจัก-อ่างทอง-บ้านอนามัยน้ำพุ,14110,overture (meta),overture:68dfb612-ff60-4f66-afc1-a060be88a073
malineeslidedd@gmail.com,ร้านกาแฟอินทนิล สาขาปั๊มบางจากนวนคร,ร้านกาแฟอินทนิล สาขาปั๊มบางจากนวนคร,Khlong Luang District,Cafe,no,Low,0,,,,,openstreetmap,1,+66656765883,ถนน นวนคร 5,12120,overture (meta),overture:21b52c21-8c29-44ee-a541-0a76c4bb6c3c
c.auttapon@gmail.com,ร้านก๋วยเตี๋ยวหมูตุ๋น-เนื้อตุ๋น ซอยวิลล่า นวนคร,ร้านก๋วยเตี๋ยวหมูตุ๋น-เนื้อตุ๋น ซอยวิลล่า นวนคร,Khlong Luang District,Asian; Thai,no,Low,0,,,,,openstreetmap,1,+66990098288,,,overture (meta),overture:bb7e0018-cb55-4cc3-8e0a-4d34f1e7121d
juntrapasit@gmail.com,ร้านก๋วยเตี๋ยวหมูตุ๋นป้าจิตร,ร้านก๋วยเตี๋ยวหมูตุ๋นป้าจิตร,Khlong Luang District,Asian; Japanese,no,Low,0,,,,,openstreetmap,1,+66877116985,Soi Bong Kot 46,12120,overture (meta),overture:cd1482fc-c3f8-4b0a-899f-c3592832d0e1
khawpunmuang9999@gmail.com,ร้านขนมจีนเมืองเกินร้อย,ร้านขนมจีนเมืองเกินร้อย,Khlong Luang District,Restaurant,no,Low,0,,,,,openstreetmap,1,+66870735647,55/3 หมู่ที่ 19 Thai Thani Soi 15,12120,overture (meta),overture:32fb3ea2-e1e2-40de-ab10-9b7a55982eb7
homekanomjeeb@hotmail.com,ร้านขนมจีบก๋วยเตี๋ยวหลอดรสเด็ด มธ,ร้านขนมจีบก๋วยเตี๋ยวหลอดรสเด็ด มธ,Khlong Luang District,Restaurant,no,Low,0,,,,,openstreetmap,1,+66802149986,VKP หน้าหอพัก,12120,overture (meta),overture:448e0343-5df8-4c00-aaa9-86c2ca7e9bd0
ekh771@gmail.com,ร้านขวัญใจขนมจีนโรยเส้นสด,ร้านขวัญใจขนมจีนโรยเส้นสด,Khlong Luang District,Restaurant,no,Low,0,,,,,openstreetmap,1,+66834939593,,,overture (meta),overture:4f6d2904-6312-479b-8013-ab6824537474
khunpon2213@gmail.com,ร้านขุนพล หมูกระทะ สาขาตลาดไท,ร้านขุนพล หมูกระทะ สาขาตลาดไท,Khlong Luang District,Restaurant,no,Low,0,,,,,openstreetmap,1,+66982878284,เลขที่ 119 3,12120,overture (meta),overture:d31bf552-66b1-4d17-902d-a452dfc8546e
toonnizz2012@gmail.com,ร้านข้าวกะเพราเศรษฐี 20 บาท,ร้านข้าวกะเพราเศรษฐี 20 บาท,Khlong Luang District,Restaurant,no,Low,0,,,,,openstreetmap,1,+66818478716,ถนนเลียบคลองแอน ปากซอยโรงแรมพิงค์โรส,12120,overture (meta),overture:bc12922f-ac4a-458f-81ee-5fe90f226b92
tongchai.3660@gmail.com,ร้านข้าวขาหมูสาธร สาขา3 ราชมงคลคลอง6,ร้านข้าวขาหมูสาธร สาขา3 ราชมงคลคลอง6,Khlong Luang District,Restaurant,no,Low,0,,,,,openstreetmap,1,+66858082355,40/24 ต.คลองหก อ.คลองหลวง จ.ปทุมธานี,12120,overture (meta),overture:657ec656-9b48-4361-828a-309882d6667d
saowaluck-da@hotmail.com,ร้านข้าวต้มว้าว,ร้านข้าวต้มว้าว,Khlong Luang District,Restaurant,no,Low,0,,,,,openstreetmap,1,+66816436372,58/7 13 ตำบลคลองหนึ่ง,12120,overture (meta),overture:6cb42bbc-0a4d-49ee-a499-1c5e0571eced
tanapon140657@gmail.com,ร้านข้าวถาด,ร้านข้าวถาด,Khlong Luang District,Restaurant,no,Low,0,,,,,openstreetmap,1,+66867556098,,12120,overture (meta),overture:4775720a-cc0f-4132-9f7b-a504d064589b
mungmeekhaomangai@gmail.com,ร้านข้าวมันไก่มั่งมี,ร้านข้าวมันไก่มั่งมี,Khlong Luang District,Restaurant,no,Low,0,,,,,openstreetmap,1,+66649900540,ข้าวมันไก่มั่งมี Rangsit-Pathum Thani 12 Soi 19,12120,overture (meta),overture:9d67f3ca-0e27-4f0c-adb9-ad341584c540
lnmnueng@gmail.com,ร้านข้าวแกงหรอยแรงแกงใต้ (คลองหลวง คลองห้า),ร้านข้าวแกงหรอยแรงแกงใต้ (คลองหลวง คลองห้า),Khlong Luang District,Restaurant,no,Low,0,,,,,openstreetmap,1,+66909979663,21 2,12120,overture (meta),overture:9afc3703-10eb-4c5f-bc57-6acdfc871249
tach6055@gmail.com,ร้านชาพระนครเก๋เก๋ คลอง5,ร้านชาพระนครเก๋เก๋ คลอง5,Khlong Luang District,Cafe,no,Low,0,,,,,openstreetmap,1,+66894403441,,,overture (meta),overture:35184147-ba82-4700-8fbf-50b9f2c216d2
tangcharoenmueangmai@gmail.com,ร้านตั้งเจริญเมืองใหม่,ร้านตั้งเจริญเมืองใหม่,Khlong Luang District,Restaurant,no,Low,0,,,,,openstreetmap,1,+66956546754,41/247 หมู่ที่ 8 ตำบลคลองสอง อำเภอคลองหลวง จังหวัดปทุมธานี,12120,overture (meta),overture:ab758513-f88c-4654-9cec-dd24fe281fbd
anuruk967@gmail.com,ร้านตาจ่อยจิ้มจุ่ม,ร้านตาจ่อยจิ้มจุ่ม,Khlong Luang District,Restaurant,no,Low,0,,,,,openstreetmap,1,+66863358848,ปากทางไวท์เฮ้า,12120,overture (meta),overture:3555bb2f-0942-4060-930e-1be4622bbe57
phatthanit1988@gmail.com,ร้านตำสตอรี่,ร้านตำสตอรี่,Khlong Luang District,Restaurant,no,Low,0,Local,,https://tumstory.site123.me/,somkiat_ink@hotmail.com,openstreetmap,1,+66639623367,42 บ้านพฤกษา ซี,12120,overture (meta),overture:8b67f739-2d41-4804-9bad-dda00b44ada8
offae101@gmail.com,ร้านตำเอาแซ่บ,ร้านตำเอาแซ่บ,Khlong Luang District,Restaurant,no,Low,0,,,https://line.me/ti/p/1yt5gjagfn,,openstreetmap,1,+66615634493,ซอย บงกช 15,12120,overture (meta),overture:5cf34c51-a77a-4c6b-aa25-b3bc39d27510
tasanee3012@gmail.com,ร้านติดลิ้น ข้าวผัดปู อาหารตามสั่ง,ร้านติดลิ้น ข้าวผัดปู อาหารตามสั่ง,Khlong Luang District,Restaurant,no,Low,0,,,,,openstreetmap,1,+66831229969,พรธิสาร,12120,overture (meta),overture:2bbce002-52c9-4501-a52b-8f1ab38f4975
jantima.ying19@gmail.com,ร้านตี๋สุ่ม-หญิง แก้วมังกร ตลาดไท,ร้านตี๋สุ่ม-หญิง แก้วมังกร ตลาดไท,Khlong Luang District,Asian; Thai,no,Low,0,,,,,openstreetmap,1,+66812072593,ตลาดไท,12120,overture (meta),overture:8ee129f8-c0fc-419d-9732-3f4e3ad13133
djoffelectro24@gmail.com,ร้านต้นปาล์มนวนคร,ร้านต้นปาล์มนวนคร,Khlong Luang District,Restaurant,no,Low,0,,,,,openstreetmap,1,+66861230699,53/635 หมู่13 ต.คลองหนึ่ง อ.คลองหลวง,<<not-applicable>>,overture (meta),overture:abc5d458-53db-4bb6-9e4a-81229ec9ebb4
sonwong8652@gmail.com,ร้านที่เดิม นวนคร,ร้านที่เดิม นวนคร,Khlong Luang District,Restaurant,no,Low,0,,,http://line.me/ti/p/%40nkt4441g,,openstreetmap,1,+66885547533,51 ม.19,12120,overture (meta),overture:3f27a845-5135-4d32-87df-c974d793236e
chaiwut.klinchid@gmail.com,ร้านนะโมอาหารป่า สาขา2,ร้านนะโมอาหารป่า สาขา2,Khlong Luang District,Restaurant,no,Low,0,,,,,openstreetmap,1,+66860931381,,,overture (meta),overture:c24b0915-d491-4371-937f-340ccc067de0
084teerayut@gmail.com,ร้านนั่งเล่น,ร้านนั่งเล่น,Khlong Luang District,Restaurant,no,Low,0,,,,,openstreetmap,1,+66954214150,ใกล้ Iyara 1 Alley,12120,overture (meta),overture:375232f0-f61e-4278-a11a-4e4b6d2b0d7e
naipomsuperleng.pr@gmail.com,ร้านนายป้อมซุปเปอร์เล้ง,ร้านนายป้อมซุปเปอร์เล้ง,Khlong Luang District,Restaurant,no,Low,0,,,,,openstreetmap,1,+66852519337,ปั๊มบางจาก คลองสี่ คลองหลวง,12120,overture (meta),overture:45e3546c-d0fe-4b80-9b3e-dcca64a3fa86
jeabsriii@gmail.com,ร้านน้องเจี๊ยบ ม.ธรรมศาสตร์ ศูนย์รังสิต,ร้านน้องเจี๊ยบ ม.ธรรมศาสตร์ ศูนย์รังสิต,Khlong Luang District,Restaurant,no,Low,0,,,,,openstreetmap,1,+66627829494,Thammasat University ข้างสนามฟุตบอลหญ้าเทียม Flick 99,12120,overture (meta),overture:de294a9d-4236-4476-af78-e447c5c5a5bc
nongamptu@gmail.com,ร้านน้องแอมข้าวแกง,ร้านน้องแอมข้าวแกง,Khlong Luang District,Asian; Thai,no,Low,0,,,,,openstreetmap,1,+66819186243,มหาวิทยาลัยธรรมศาสตร์ศูนย์รังสิตสำนักงานธิการบดี,12121,overture (meta),overture:9df43097-e1e4-4973-8016-ad4f61c97bb5
shabumorerangsit@gmail.com,ร้านบุฟเฟ่ต์ ShabuMore ม.กรุงเทพรังสิต,ร้านบุฟเฟ่ต์ ShabuMore ม.กรุงเทพรังสิต,Khlong Luang District,Restaurant,no,Low,0,,,,,openstreetmap,1,+66956291636,อาคาร GolfCity A7 ถนนกลาง​สนามกอล์ฟ Pinehurst,,overture (meta),overture:a32236cc-5a75-4cfb-a7e8-0f061ad2c541
saiauoklangkrung@gmail.com,ร้านปูพะเยา จำหน่าย แคบหมูไร้มัน-ติดมัน-กระจก ไส้อั่ว น้ำพริกหนุ่ม น้ำพริกลาบ เครื่องเทศเครื่องแกงเหนือต่างๆ,ร้านปูพะเยา จำหน่าย แคบหมูไร้มัน-ติดมัน-กระจก ไส้อั่ว น้ำพริกหนุ่ม น้ำพริกลาบ เครื่องเทศเครื่องแกงเหนือต่างๆ,Khlong Luang District,Restaurant,no,Low,0,,,,,openstreetmap,1,+66806192729,หมู่ที่9 ตลาดไท ศูนย์อาหารลานผัก ข้างลานจอดรถ1 โซนขนมและอาหารแห้ง,12120,overture (meta),overture:de7814fc-2669-4e22-bc1d-48ba4e836a02
dewnycool@hotmail.com,ร้านผลไม้คุณน้ำไอยราพลาซ่า,ร้านผลไม้คุณน้ำไอยราพลาซ่า,Khlong Luang District,Restaurant,no,Low,0,,,,,openstreetmap,1,+66631914978,ตลาดไอยราพลาซ่า เลขที่ 59/117 หมู่9,12120,overture (meta),overture:bbf36782-b4b1-443d-8ebe-ec47af1184a5
llistenbar@gmail.com,ร้านฟังเพลง & Saithong168,ร้านฟังเพลง & Saithong168,Khlong Luang District,Restaurant,no,Low,0,,,,,openstreetmap,1,+66642364164,7/53 ม.15 ต.คลองหนึ่ง อ.คลองหลวง จ.ปทุมธานี,12120,overture (meta),overture:679a9271-532f-47e3-9a08-38dd5cc0ae2b
best.smartteam@gmail.com,ร้านยำยามเย็น,ร้านยำยามเย็น,Khlong Luang District,Asian; Thai,no,Low,0,,,,,openstreetmap,1,+66880916290,21 1 ถนน เลียบคลองสอง,12120,overture (meta),overture:341fb1e0-1f3f-4550-a9e4-2bbdb914e5fa
weeleo7@gmail.com,ร้านยำๆวียุ๊ด,ร้านยำๆวียุ๊ด,Khlong Luang District,Restaurant,no,Low,0,,,,,openstreetmap,1,+66642753545,เลขที่ 99/1223 หมู่ 6 หมู่บ้าน คลองหนึ่ง คลองหนึ่ง,12120,overture (meta),overture:8da711a7-ab43-4065-ac95-e7fdf1363bf0
bbenz11037@gmail.com,ร้านรสเด็ด,ร้านรสเด็ด,Khlong Luang District,Asian; Chinese,no,Low,0,,,,,openstreetmap,1,+66871222247,เลขที่ 19 90-91 หมู่ 7,12120,overture (meta),overture:a0a6729c-1f88-48f7-bf34-abc095f2aedf
sanchat92@gmail.com,ร้านลาบคำอีโก่ย,ร้านลาบคำอีโก่ย,Khlong Luang District,Restaurant,no,Low,0,,,,,openstreetmap,1,+66908058329,เลขที่โฉนด162925 ม.1 ต.คลองหนึ่ง,12120,overture (meta),overture:62afc8e5-869e-4304-bedd-76564e5b679a
nanthawatp@gmail.com,ร้านวอลล์ เค้ก ไอศครีม,ร้านวอลล์ เค้ก ไอศครีม,Khlong Luang District,Bakery,no,Low,0,,,,,openstreetmap,1,+66817515130,40 42 Soi Mu Ban Phonthisan 3,12120,overture (meta),overture:707098ef-3f8c-42f5-afde-4039544bc0cf
fon.seeper@gmail.com,"ร้านสายฝนอาหารอีสาน ซอยเทพกุญชร39""ทับทิมศรี1""","ร้านสายฝนอาหารอีสาน ซอยเทพกุญชร39""ทับทิมศรี1""",Khlong Luang District,Asian; Thai,no,Low,0,,,,,openstreetmap,1,+66930467313,ถนนเลียบคลองหนึ่ง\nปากซอยเทพกุญชร39\n\n,12120,overture (meta),overture:ffb30fcd-e578-4f49-aba5-c89112ac3f83
saowanee5236@hotmail.com,ร้านสเต็กบ้านเขียว-อาหารตามสั่ง,ร้านสเต็กบ้านเขียว-อาหารตามสั่ง,Khlong Luang District,Restaurant,no,Low,0,,,,,openstreetmap,1,+66802413236,31/1483 หมู่บ้านพฤกษา12 ซ. 6/2,12120,overture (meta),overture:5610601e-89cb-45e8-9241-2eb62f45fac9
natthaforsale@gmail.com,ร้านสเต๊กคุณลุง,ร้านสเต๊กคุณลุง,Khlong Luang District,Restaurant,no,Low,0,,,,,openstreetmap,1,,,,overture (meta),overture:fd208329-18ba-4d7b-8d94-8e46f4498cad
somtumd4@gmail.com,ร้านส้มตำอินเตอร์ by กระต่ายน้อย,ร้านส้มตำอินเตอร์ by กระต่ายน้อย,Khlong Luang District,Takeaway,no,Low,0,,,,,openstreetmap,1,+66957980542,หมู่ที่ 6 ุ60/52,12120,overture (meta),overture:2d55de4c-510d-4b3a-b02c-f3f5ca7599d0
kachoodkl@gmail.com,ร้านอร่อยตำกระฉูดสาขาคลองหลวง,ร้านอร่อยตำกระฉูดสาขาคลองหลวง,Khlong Luang District,Restaurant,no,Low,0,,,,,openstreetmap,1,+66815086140,3J2V+R2 ตำบล คลองสอง อำเภอคลองหลวง ปทุมธานี,12120,overture (meta),overture:96ecf1b0-1fe9-442b-b953-95d5d74412f8
marthum2023@gmail.com,ร้านอาหาร มาตำ แซ่บนัว,ร้านอาหาร มาตำ แซ่บนัว,Khlong Luang District,Restaurant,no,Low,0,,,https://line.me/ti/p/~matum5458,,openstreetmap,1,+66818440649,60 125 ม 19 ต.คลองหนึ่ง,12120,overture (meta),overture:3c550d1d-f3ac-46db-a851-e1aa22f5c653
pum.pariwadee@gmail.com,ร้านอาหาร เครื่องดื่ม ที่ บ่อตกปลา สามพี่น้อง,ร้านอาหาร เครื่องดื่ม ที่ บ่อตกปลา สามพี่น้อง,Khlong Luang District,Asian; Thai,no,Low,0,,,,,openstreetmap,1,+66946466691,ถนน ไอยรา 1,12120,overture (meta),overture:67086346-e35d-47a9-8e9b-dfce20027e5b
fahka7@gmail.com,ร้านอาหารตามสั่ง บ้านยายอี๊ด ไทยสมบูรณ์2,ร้านอาหารตามสั่ง บ้านยายอี๊ด ไทยสมบูรณ์2,Khlong Luang District,Restaurant,no,Low,0,,,,,openstreetmap,1,+66873390325,2 หมู่บ้านไทยสมบูรณ์ 34/401 หมู่ที่2,12120,overture (meta),overture:45f7742f-de9b-4de8-a1a1-0db93414dfce
bangarden47@gmail.com,ร้านอาหารบ้านสวน,ร้านอาหารบ้านสวน,Khlong Luang District,Restaurant,no,Low,0,,,,,openstreetmap,1,+66923991141,1 Bong Koach 47,12120,overture (meta),overture:d323f955-09b0-4cc9-9239-0be2f3c36e90
koi_to_uso@hotmail.com,ร้านอาหารอร่อยดี นวนคร,ร้านอาหารอร่อยดี นวนคร,Khlong Luang District,Asian; Thai,no,Low,0,,,,,openstreetmap,1,+66879162570,Nawa Nakhon 5,12120,overture (meta),overture:026318b6-35ad-4df2-917d-13fd22d7ac77
sun_chai64@hotmail.com,ร้านอาหารเมืองคอน,ร้านอาหารเมืองคอน,Khlong Luang District,Asian; Thai,no,Low,0,,,,,openstreetmap,1,+66837060844,ซอยเทพกุญชร 42,12120,overture (meta),overture:383f19bb-456a-446f-92cc-93d8332a941f
kaa.taktai.baimakrut@gmail.com,ร้านอาหารใต้ ขนมจีน - ข่า ตะไคร้ ใบมะกรูด (สาขานวลตอง),ร้านอาหารใต้ ขนมจีน - ข่า ตะไคร้ ใบมะกรูด (สาขานวลตอง),Khlong Luang District,Asian; Thai,no,Low,0,,,,,openstreetmap,1,+66633430131,Thanon Yoongthong,12120,overture (meta),overture:6a6c69d7-81fb-4779-b17e-8b0e2b2525cb
noeypannipa@gmail.com,ร้านอีสาน 4 แซ่บ - คลองสอง,ร้านอีสาน 4 แซ่บ - คลองสอง,Khlong Luang District,Restaurant,no,Low,0,,,,,openstreetmap,1,+66926046793,ร้านอีสาน 4 แซ่บ - คลองสอง,12120,overture (meta),overture:b40cb788-8e4e-43b4-8e0c-5a7480951a42
waraporn17152@gmail.com,ร้านอุ๋ยซัง ส้มตำ ยำแซ่บ,ร้านอุ๋ยซัง ส้มตำ ยำแซ่บ,Khlong Luang District,Restaurant,no,Low,0,,,,,openstreetmap,1,+66897117152,29 34 หมู่ที่ 6 Khlong Loang 27/4 Alley,12120,overture (meta),overture:aea41460-217f-46ea-b1bb-34262be02515
maximum.km@hotmail.com,ร้านเครปน้องบีน่า,ร้านเครปน้องบีน่า,Khlong Luang District,Cafe,no,Low,0,,,,,openstreetmap,1,+66971296365,,,overture (meta),overture:fdbcdeb9-1eea-4afc-ae8b-749f6b3ab51f
waraporn0779@gmail.com,ร้านเจ้นา อินเตอร์ฟูดส์,ร้านเจ้นา อินเตอร์ฟูดส์,Khlong Luang District,Restaurant,no,Low,0,,,,,openstreetmap,1,+66850742607,11/6 ม.6 ต.คลองหก อ.คลองหลวง จ.ปทุมธานี,12120,overture (meta),overture:2ad92838-af35-43ce-a22d-7415429ebede
songpoljon9090@gmail.com,ร้านเตี๋ยวข้างมอ ซอยรังสิตภิรมย์,ร้านเตี๋ยวข้างมอ ซอยรังสิตภิรมย์,Khlong Luang District,Restaurant,no,Low,0,,,,,openstreetmap,1,+66649793979,7P622JR7+F3,12120,overture (meta),overture:77146c9a-0f46-42e9-a9d7-7db6ee9893d3
august_auto2552@hotmail.com,ร้านเป็ดพะโล้ ก หัวไก่,ร้านเป็ดพะโล้ ก หัวไก่,Khlong Luang District,Restaurant,no,Low,0,,,,,openstreetmap,1,+66945569337,24/71 หมู่11 ต คลองหนึ่ง อ คลองหลวง,12120,overture (meta),overture:3d0c5f8e-75a9-4279-beac-bbc654922006
rainstorm.rain@hotmail.com,ร้านเป็ดย่างชายป่าผู้ว่าชวนชิม,ร้านเป็ดย่างชายป่าผู้ว่าชวนชิม,Khlong Luang District,Restaurant,no,Low,0,,,,,openstreetmap,1,+66990258830,ข้างวัดผลาหาร ต.คลองหก อ.คลองหลวง ปทุมธานี,12120,overture (meta),overture:b75bd5e1-3b95-4e3a-9071-e7cead0ed01a
suphachinee.ph59@snru.ac.th,ร้านเมิงเวข้าวปุ้นซาว,ร้านเมิงเวข้าวปุ้นซาว,Khlong Luang District,Restaurant,no,Low,0,,,,,openstreetmap,1,+66902878115,74/197 ม.19,12120,overture (meta),overture:79133675-67fb-4ce8-8ed3-9ae16c1654ba
sirikanya2560@gmail.com,ร้านเอ๋ก๋วยจั๊บญวน,ร้านเอ๋ก๋วยจั๊บญวน,Khlong Luang District,Restaurant,no,Low,0,,,,,openstreetmap,1,+66896232116,D,12120,overture (meta),overture:72fa8bcc-e141-4382-98d8-71e7623dca0b
kanyanatsrisomya18@gmail.com,ร้านแก้วนิยม แซ่บอีสานตำสะเดิดอาหารป่า,ร้านแก้วนิยม แซ่บอีสานตำสะเดิดอาหารป่า,Khlong Luang District,Restaurant,no,Low,0,,,,,openstreetmap,1,+66650089949,90/137 ต.คลองหนึ่ง อ.คลองหลวง จ.ปทุมธานี,12120,overture (meta),overture:2da558b0-9b56-4a54-9d07-2b4458555893
zappkoon3@gmail.com,ร้านแซ่บ คูณ3,ร้านแซ่บ คูณ3,Khlong Luang District,Restaurant,no,Low,0,,,,,openstreetmap,1,+66968918587,ซอยคลองหกตะวันออก 98,12120,overture (meta),overture:e63a4c1e-798b-4071-b036-34597ba83471
samphanth252@gmail.com,ร้านแซ่บนัวครัวอีสาน,ร้านแซ่บนัวครัวอีสาน,Khlong Luang District,Restaurant,no,Low,0,Local,,https://wongn.ai/21amAW,support@lmwn.com; pr@lmwn.com,openstreetmap,1,+66995293633,ร้านแซ่บนัวครัวอีสาน ซอยรังสิตภิรมย์,10120,overture (meta),overture:b1c6e94c-9cd9-49f6-8df0-59a34864854e
nutty.arom.99@gmail.com,ร้านแตงโมนุกนิก ตลาดผลไม้ไอยรา1,ร้านแตงโมนุกนิก ตลาดผลไม้ไอยรา1,Khlong Luang District,Restaurant,no,Low,0,,,,,openstreetmap,1,+66992646585,ร้านแตงโมนุกนิก ตลาดผลไม้ไอยรา,12120,overture (meta),overture:ebd291a7-77fd-4d09-a5db-f421d0fe94f6
komsakchan1979@gmail.com,ร้านโอญากาแฟ,ร้านโอญากาแฟ,Khlong Luang District,Restaurant,no,Low,0,,,,,openstreetmap,1,+66853338498,ร้านโอญากาแฟ รังสิตคลอง 2  หมู่บ้านพฤษา  96/2  เลขที่ 18/358  ม. 6  ต .คลองสอง อ. คลองหลวง,12120,overture (meta),overture:af7c7f33-4565-4c3e-9774-e03ce70e0fa8
nainaplaza@gmail.com,ร้านในนา การ์เด้น,ร้านในนา การ์เด้น,Khlong Luang District,Restaurant,no,Low,0,,,,,openstreetmap,1,+66638264659,8 11 หมู่ 6 ถนนส่วนบุคคล,12120,overture (meta),overture:fc7ade7b-d9ce-4f89-8a2e-b2385bd4bbfe
loveman.my@gmail.com,ร้านไก่ขวัญ,ร้านไก่ขวัญ,Khlong Luang District,Restaurant,no,Low,0,Local,,https://lin.ee/sc72LCi,support@wongnai.com,openstreetmap,1,,,,overture (meta),overture:78723e01-bf0f-4c11-be83-7685c1ffcc51
miindd3567@gmail.com,ร้ายก๋วยเตี๋ยวเป็ด เฮียอ้วนคลองหลวง,ร้ายก๋วยเตี๋ยวเป็ด เฮียอ้วนคลองหลวง,Khlong Luang District,Restaurant,no,Low,0,,,,,openstreetmap,1,+66658139374,,,overture (meta),overture:0082d403-5b4e-4267-ae0b-c5856a1c07a6
phatcha783@gmail.com,ลานชิวล์ คลอง3,ลานชิวล์ คลอง3,Khlong Luang District,Bar,no,Low,0,,,,,openstreetmap,1,+66863978144,หมู่16 คลองสาม คลองหลวง ปทุมธานี,12120,overture (meta),overture:27922e0f-d9c5-4456-b57b-549708f76607
lanrom.camp16@gmail.com,ลานรมย์ แคมป์@คลองหลวง,ลานรมย์ แคมป์@คลองหลวง,Khlong Luang District,Restaurant,no,Low,0,,,,,openstreetmap,1,+66934256331,433 ซ.8/2,12120,overture (meta),overture:1574b6a0-77dd-4c05-bd2a-61cfa9445d25
labnua.klongluang@gmail.com,ลาบนัว คลองสาม,ลาบนัว คลองสาม,Khlong Luang District,Takeaway,no,Low,0,,,,,openstreetmap,1,,19/84 Soi Mu Ban Supphalak Phanit-Home,12120,overture (meta),overture:e65aa93b-815b-482b-a777-dfed4166613c
boonmee_2503@icloud.com,ลุงมี กุ้งเผา คลอง3 - ซ.บงกช 15,ลุงมี กุ้งเผา คลอง3 - ซ.บงกช 15,Khlong Luang District,Restaurant,no,Low,0,,,,,openstreetmap,1,+66890492264,"Soi Bongkot 15, Khlong Song Subdistrict, Khlong Luang District, Pathum Thani Province 12120",12120,overture (meta),overture:50546339-e6f2-498e-8460-f278897a22b4
daddyshop90@gmail.com,ลุงหนวดป้าขวัญ เนื้อแดด,ลุงหนวดป้าขวัญ เนื้อแดด,Khlong Luang District,Takeaway,no,Low,0,,,,,openstreetmap,1,+66876907811,43/33 หมู่บ้านพรธิสาร3 11 หมู่1 พรธิสารซอย27,12120,overture (meta),overture:d6e0802f-4a5e-418b-b21d-bd8e89bc7e14
0884912545.llll@gmail.com,ลูกคุณหนู เครป,ลูกคุณหนู เครป,Khlong Luang District,Restaurant,no,Low,0,,,,,openstreetmap,1,+66655532338,54/109 หมู่5 เดอะพาเลต,12120,overture (meta),overture:49d1930a-1f14-4a36-ad8a-4ffbb0544df6
tileysapankaw@gmail.com,ล้านตำไทเลย ซอยเทพกุญชร 35,ล้านตำไทเลย ซอยเทพกุญชร 35,Khlong Luang District,Restaurant,no,Low,0,,,,,openstreetmap,1,+66925969690,35 ซอย เทพกุญชร 39,12120,overture (meta),overture:8555703a-ff8e-4908-b941-056433e5d49b
nareeratdasom035@gmail.com,ล้านเค้ก,ล้านเค้ก,Khlong Luang District,Cafe,no,Low,0,,,,,openstreetmap,1,+66800037329,434 หมู่13 อาคารวิลล่า 1,12120,overture (meta),overture:f818efa3-0f6b-478c-bf03-5d74202ac5b0
nanthanaphaktalngam9623@gmail.com,ล้านเล่า เบียร์วุ้น,ล้านเล่า เบียร์วุ้น,Khlong Luang District,Restaurant,no,Low,0,,,,,openstreetmap,1,+66623509900,ล้านเล่า เบียร์วุ้น)4 J93+2WH,12120,overture (meta),overture:cfac0277-e820-4c18-9170-deff89701f8c
wongnaipadthai@gmail.com,วงในผัดไทยเต็มเครื่อง,วงในผัดไทยเต็มเครื่อง,Khlong Luang District,Restaurant,no,Low,0,,,,,openstreetmap,1,+66832919942,ตลาดสดไอยราพลาซ่า 53,12120,overture (meta),overture:321d2c78-23e0-46ad-998e-a836a2a8bec7
wanisaa1986@gmail.com,วนิสาหมูกระทะ (วนิสา หมูกระทะ คลองสาม),วนิสาหมูกระทะ (วนิสา หมูกระทะ คลองสาม),Khlong Luang District,Restaurant,no,Low,0,,,,,openstreetmap,1,+66902959544,ตลาดปู่กะย่า,12120,overture (meta),overture:af4a53d2-48a7-47c3-9d36-f16092d3d282
sisawaisweetmeat@gmail.com,ศรีสวาย มะม่วงมงคล,ศรีสวาย มะม่วงมงคล,Khlong Luang District,Cafe,no,Low,0,,,,,openstreetmap,1,+6644654494,4/3 ถนน พหลโยธิน,12120,overture (meta),overture:e23353e5-5241-4aa7-8177-63c2e918b30a
mmm_pma@hotmail.com,ศรแดง บ้านเค้ก | Pathum Thani,ศรแดง บ้านเค้ก | Pathum Thani,Khlong Luang District,Bakery,no,Low,0,,,,,openstreetmap,1,+66944462656,หมู่บ้านธนนันท์วิลเลจ 55/18,12120,overture (meta),overture:2286ed37-8c1b-408a-ba04-c9bb74bf0ab5
suph.coffee@gmail.com,ศุภ,ศุภ,Khlong Luang District,Cafe,no,Low,0,,,,,openstreetmap,1,+66635482829,ใต้ตึกคณะนิติศาสตร์ มหาวิทยาลัยธรรมศาสตร์,12121,overture (meta),overture:5d98beba-0500-40b8-8ae6-3ab3983c21b4
setthasakmongmart@gmail.com,สถานีขนมครก,สถานีขนมครก,Khlong Luang District,Cafe,no,Low,0,,,,,openstreetmap,1,+66856782174,ตลาดเช้าพฤกษา12 ท้าย Wararak Soi 2/1,12120,overture (meta),overture:7f937e15-c0c9-41cf-944f-eca2be19f1d7
somsincafe@gmail.com,สมศีลโฮมคาเฟ่.,สมศีลโฮมคาเฟ่.,Khlong Luang District,Cafe,no,Low,0,,,,,openstreetmap,1,+66892693694,หมู่บ้าน 68/8 หมู่ 19 Thai Thani Soi 22,12120,overture (meta),overture:74f3f4ce-b04f-49a3-963c-496843ca0ab4
suanpakwaen@gmail.com,สวนผักแว่น,สวนผักแว่น,Khlong Luang District,Restaurant,no,Low,0,,,,,openstreetmap,1,+66905614488,46 ถนน ธัญบุรี-วังน้อย,12120,overture (meta),overture:8252bc14-03df-4d1e-ad3c-4753c51cd0ac
suanporsuk@gmail.com,สวนพอสุข,สวนพอสุข,Khlong Luang District,Cafe,no,Low,0,,,,,openstreetmap,1,+66819123533,9/55 คลองหก,12120,overture (meta),overture:0a7b0c34-5848-4e2f-8839-196c9125542d
bangbua99@gmail.com,สวนอาหารบางบัว คลองหลวง,สวนอาหารบางบัว คลองหลวง,Khlong Luang District,Restaurant,no,Low,0,,,,,openstreetmap,1,+66899196970,88/8 Khlong Luang Rd,12120,overture (meta),overture:4597e8e9-0711-4307-9654-9e8363d55f3b
benjapa19@gmail.com,สองออแซ่บนัว,สองออแซ่บนัว,Khlong Luang District,Restaurant,no,Low,0,,,,,openstreetmap,1,+66834251188,"ไพรเวซี่, ไทยธานี",12120,overture (meta),overture:704305de-18b6-4e48-82d4-f94f6154ba55
raislowlifef@gmail.com,สองไร่ สโลว์ไลฟ์ สาขารังสิต คลองสาม,สองไร่ สโลว์ไลฟ์ สาขารังสิต คลองสาม,Khlong Luang District,Cafe,no,Low,0,,,,,openstreetmap,1,+66970914410, ถนนคลองแอน หลังรร.สวนกุหลาบรังสิต คลองสาม อำเภอคลองหลวง ปทุมธานี 12120\n,,overture (meta),overture:065eddc5-c3c2-4096-96ec-c38eeedc1eab
singthoshop@gmail.com,สิงโต สโลวบาร์,สิงโต สโลวบาร์,Khlong Luang District,Cafe,no,Low,0,,,,,openstreetmap,1,+66894497279,35 หมู่บ้าน อินิซิโอ 168 1,12120,overture (meta),overture:c58c7a78-4164-4b0d-b7c3-0c189f7a326a
pipiwana50@gmail.com,ส้มตำ101 เจ้อิ๋ว คลองหก,ส้มตำ101 เจ้อิ๋ว คลองหก,Khlong Luang District,Restaurant,no,Low,0,,,,,openstreetmap,1,+66825813251,81 อบต.คลองหก 145 หมู่บ้านพฤกษา 116,12120,overture (meta),overture:5c10e103-6e51-49ba-a52d-5a3dc9453e8d
pumpui_89@hotmail.com,ส้มตำกะยำแหลก ล้านวิภาวดี by เจ้ปุ้มปุ้ย,ส้มตำกะยำแหลก ล้านวิภาวดี by เจ้ปุ้มปุ้ย,Khlong Luang District,Restaurant,no,Low,0,,,,,openstreetmap,1,+66875451146,39 89 Soi Mu Ban Phonthisan 4,12120,overture (meta),overture:10f2a42b-6e76-482a-92b2-77eb645a831a
somkiat03113@gmail.com,ส้มตำจี๊ดจ๊าด,ส้มตำจี๊ดจ๊าด,Khlong Luang District,Asian; Thai,no,Low,0,,,,,openstreetmap,1,+66628803113,,,overture (meta),overture:a497fb74-2f36-4c54-8761-174e145ae1a9
njoywaffle@yahoo.com,หมอพรเพชร คลินิกแพทย์แผนไทย  คลองสี่ คลองหลวง ปทุมธานี,หมอพรเพชร คลินิกแพทย์แผนไทย  คลองสี่ คลองหลวง ปทุมธานี,Khlong Luang District,Asian; Thai,no,Low,0,,,,,openstreetmap,1,+66659576495,,,overture (meta),overture:a3237157-a812-4c3c-9266-658d3e306dca
patnoy2527@gmail.com,หมูกระทะ เน็ท กะ ไนท์,หมูกระทะ เน็ท กะ ไนท์,Khlong Luang District,Restaurant,no,Low,0,,,,,openstreetmap,1,+66982627663,1/24 ถ.สีขาว ต.คลองหนึ่ง อ.คลองหลวง จ.ปทุมธานี,12120,overture (meta),overture:c6ca9717-9076-44e6-9c63-538e138cc7ad
mootodtidfun33@gmail.com,หมูทอดติดฟัน,หมูทอดติดฟัน,Khlong Luang District,Asian; Thai,no,Low,0,Local,,https://www.mootodtidfun.com/,moototidfun33@gmail.com,openstreetmap,1,+66944750304,,12120,overture (meta),overture:736c3e99-bffa-4b8a-92bd-12e62897ac3d
yakyiminter@gmail.com,หมูยิ้ม หมูกระทะพร้อมแดก,หมูยิ้ม หมูกระทะพร้อมแดก,Khlong Luang District,Restaurant,no,Low,0,,,,,openstreetmap,1,+66910040569,ถนน คลองหลวง,12120,overture (meta),overture:098f261d-6146-4699-af99-9d24d408b2c9
malaphonfirexkhlongsong@gmail.com,หม่าล่าพ่นไฟ X Khlongsong,หม่าล่าพ่นไฟ X Khlongsong,Khlong Luang District,Restaurant,no,Low,0,,,,,openstreetmap,1,+66636693444,27/61 บงกช 2,12120,overture (meta),overture:d703ab8c-5982-4b00-ab39-3f94902b183f
mormooshabu@gmail.com,หม้อหมูชาบู (Mormoo shabu),หม้อหมูชาบู (Mormoo shabu),Khlong Luang District,Asian; Japanese,no,Low,0,,,,,openstreetmap,1,+66930193097,29 161 ซอย คลองหกตะวันออก 12,12120,overture (meta),overture:fb5e8ec5-d734-4268-88f2-91008255becd
bowbowjang@live.com,หลงเขา คอฟฟี่,หลงเขา คอฟฟี่,Khlong Luang District,Restaurant,no,Low,0,Local,,https://wongn.ai/je95j,support@lmwn.com; pr@lmwn.com,openstreetmap,1,+66830231359,,,overture (meta),overture:0f29e85b-093f-44ba-b7d1-1ed7d0cb4c72
mckietown@gmail.com,หลังคา,หลังคา,Khlong Luang District,Cafe,no,Low,0,,,,,openstreetmap,1,+66958200472,44/23 พรธิสาร 31,12120,overture (meta),overture:54902c7c-9704-4df7-ab74-4d9fbfd9fd23
mongkamsaithong@gmail.com,หวั้งหวั้งหมาล่าทั่ง 旺旺麻辣烫,หวั้งหวั้งหมาล่าทั่ง 旺旺麻辣烫,Khlong Luang District,Asian; Chinese,no,Low,0,,,,,openstreetmap,1,+66958479516,"55, ฮัตตัน 68 ซอยแมน",12120,overture (meta),overture:f52f2e34-7067-4f31-b8ee-14977e4fcf70
wanyenberry@gmail.com,หวานเย็นเบอรี่,หวานเย็นเบอรี่,Khlong Luang District,Cafe,no,Low,0,,,,,openstreetmap,1,+66804411538,43/82 ซ.12/2 ม,12120,overture (meta),overture:4ed9cfb8-b839-4274-a66d-a24c63d05d19
chillsteak123@gmail.com,หอมนมสด .คลองสาม ปทุมธานี,หอมนมสด .คลองสาม ปทุมธานี,Khlong Luang District,Restaurant,no,Low,0,Local,,http://www.chillsteak.com/,,openstreetmap,1,+66909768833,58/46 หมู่4,12120,overture (meta),overture:1eedb3dd-62ca-4b5a-90f7-b63135853a20
kanoktikky@gmail.com,หิวก็มาดิ,หิวก็มาดิ,Khlong Luang District,Restaurant,no,Low,0,,,,,openstreetmap,1,+66846561942,26/36 Soi Khlong Sam 6/1,12120,overture (meta),overture:7dffa55e-7640-436e-ba98-c4859b9ed397
ann-a1988@hotmail.com,หิวมั้ยจั๊บ ก๋วยจั๊บญวนอุบล,หิวมั้ยจั๊บ ก๋วยจั๊บญวนอุบล,Khlong Luang District,Restaurant,no,Low,0,,,,,openstreetmap,1,+66909968653,12/17 หมู่19 อ.คลองหลวง จ.ปทุมธานี 12120,12120,overture (meta),overture:1765cdf4-86c3-40c4-82c8-628408b305d5
pungpondzsaa123@gmail.com,ห่อหมกย่าง คลองหกปิดดึก - คอหมูย่าง คลองหกปิดดึก - ปลาเส้นทอด คลองหกปิดดึก,ห่อหมกย่าง คลองหกปิดดึก - คอหมูย่าง คลองหกปิดดึก - ปลาเส้นทอด คลองหกปิดดึก,Khlong Luang District,Restaurant,no,Low,0,,,,,openstreetmap,1,+66840847074,29/10 คลองหกตะวันออก 14,12120,overture (meta),overture:64e7ad1c-b0b5-49e8-a9da-5ec3743ff402
chabahong2528@gmail.com,ห้องศิลปะ Art Studio,ห้องศิลปะ Art Studio,Khlong Luang District,Restaurant,no,Low,0,,,,,openstreetmap,1,,,,overture (meta),overture:33fdbf66-254b-46d3-bf09-aaa7f057c8a2
nah_natjama@hotmail.co.th,ห้องเย็นKeerabeef,ห้องเย็นKeerabeef,Khlong Luang District,Asian; Japanese,no,Low,0,,,,,openstreetmap,1,+66835450195,พหลโยธิน,12120,overture (meta),overture:6177c3fb-08bf-491e-af37-59dad3528cfe
obauancafe2024@gmail.com,อบอวลคาเฟ่ คลองสาม Obauancafe,อบอวลคาเฟ่ คลองสาม Obauancafe,Khlong Luang District,Cafe,no,Low,0,,,,,openstreetmap,1,+66628016636,36 67 มบ Soi Mu Ban Phrueksa 12/1,12120,overture (meta),overture:75bdd57d-b140-4fd2-b84a-b4da45ba1141
ji_089@hotmail.com,อรัญหมูกะทะ,อรัญหมูกะทะ,Khlong Luang District,Restaurant,no,Low,0,,,,,openstreetmap,1,+66806623848,ปั๊มน้ำมันบางจาก 14/4 Soi Rangsit-Nakhon Nayok 31,12120,overture (meta),overture:9347a93d-f89a-4189-96f5-4e7bdc0c7c41
india.pwk@gmail.com,อองฟอง ฟู้ดส์,อองฟอง ฟู้ดส์,Khlong Luang District,Restaurant,no,Low,0,,,,,openstreetmap,1,+66623694478,30 660 หมู่ 2 Mu Ban Phruksa 11 Alley,12120,overture (meta),overture:7a746ac0-4ab7-48ce-8ed2-70466903f472
jkaewkang@gmail.com,ออนซอนเด,ออนซอนเด,Khlong Luang District,Restaurant,no,Low,0,,,,,openstreetmap,1,+66891996962,ร้านออนซอนเด  ข้างเซเว่นเอื้ออาทร 5/2 หมู่ 5 ตำบลคลองห้า อำเภอคลองหลวง  จังหวัดปทุมธานี 12120,12120,overture (meta),overture:8c7568ae-df7d-4bac-bb8a-a1fb830d6c1c
kitch.club22@gmail.com,อัจกลับ - Ajjahklabb Cafe & Eatery,อัจกลับ - Ajjahklabb Cafe & Eatery,Khlong Luang District,Restaurant,no,Low,0,,,,,openstreetmap,1,+66942873803,,,overture (meta),overture:770f8ad9-adfe-4c77-8de7-6536085dbfac
fagood1980@gmail.com,อาฟู หมูสะเต๊ะ,อาฟู หมูสะเต๊ะ,Khlong Luang District,Restaurant,no,Low,0,,,,,openstreetmap,1,+66982879884,37/253 1 ซอย 1,12120,overture (meta),overture:368ea080-0891-489d-a4a1-419ba2d57585
siri.ut01@gmail.com,อาหารป่าป๋าต๊อก,อาหารป่าป๋าต๊อก,Khlong Luang District,Restaurant,no,Low,0,,,,,openstreetmap,1,+66918828710,ขาเข้า ติดปั้มเชล Kanchanaphisek Rd,12120,overture (meta),overture:b97f457a-9017-4409-ad42-3322b08644f0
tanakornkup6395@gmail.com,อาเฉ่า จิ้มจุ่ม,อาเฉ่า จิ้มจุ่ม,Khlong Luang District,Restaurant,no,Low,0,,,,,openstreetmap,1,+66928786465,เลขที่ 6005-6007 หมู่ 13 คลองหนึ่ง คลองหนึ่ง,12120,overture (meta),overture:bb26ed15-e972-46cf-a4d0-66431537abfd
eimeimcafe@gmail.com,อิ่ม Cafe & Restaurant,อิ่ม Cafe & Restaurant,Khlong Luang District,Restaurant,no,Low,0,,,,,openstreetmap,1,+66990059696,90 51 ซอย ไอยรา 6/1,12120,overture (meta),overture:33f84ce2-0953-4a00-885d-66c82206ed45
imrakbuffet@gmail.com,อิ่มรักษ์ หมูกระทะบุพเฟ่ต์,อิ่มรักษ์ หมูกระทะบุพเฟ่ต์,Khlong Luang District,Restaurant,no,Low,0,,,,,openstreetmap,1,+66614026079,29/276 คลองหกตะวันออก 14,12120,overture (meta),overture:82978bc5-14b3-4103-aebd-921f76c0d80e
im.aroi2022@gmail.com,อิ่มอร่อย ลูกชิ้นปลา,อิ่มอร่อย ลูกชิ้นปลา,Khlong Luang District,Restaurant,no,Low,0,,,,,openstreetmap,1,+66653962455,98 4,12120,overture (meta),overture:37219d7b-5f51-4213-9f92-61b786219c24
prawitrpvomptvk@gmail.com,อีสานแอบแช่บ,อีสานแอบแช่บ,Khlong Luang District,Restaurant,no,Low,0,,,,,openstreetmap,1,+66838300019,ถนนเลียบคลองสาม,ปณ 12120,overture (meta),overture:65d6054a-3eea-4dea-bf0f-406747eae654
aumlum1881@gmail.com,อ่ำหล่ำ i-san cafe รังสิต-หลังฟิวเจอร์,อ่ำหล่ำ i-san cafe รังสิต-หลังฟิวเจอร์,Khlong Luang District,Restaurant,no,Low,0,,,,,openstreetmap,1,+66840465712,หมู่บ้าน เซนโทร3,12120,overture (meta),overture:2dc87b95-c794-4af8-87b7-c2cb28f62bba
praewnapa.glom@gmail.com,อ๊อตโต้ยำแซ่บ-แจ่วฮ้อนหม้อไฟ,อ๊อตโต้ยำแซ่บ-แจ่วฮ้อนหม้อไฟ,Khlong Luang District,Restaurant,no,Low,0,,,,,openstreetmap,1,+66951555996,112/52 หมู่บ้านขวัญ หมู่ 18 ต.คลองหนึ่ง อ.คลองหลวง จ.ปทุมธานี 12120 ,12120\n,overture (meta),overture:04fa45b6-55a2-41bb-be62-f3a0ab9feb07
s.intarapaiboon@gmail.com,ฮิมนา คาเฟ่ / สวน อินทรไพบูลย์,ฮิมนา คาเฟ่ / สวน อินทรไพบูลย์,Khlong Luang District,Cafe,no,Low,0,,,,,openstreetmap,1,+66625288626,ซอย 73/1ใกล้  โรงเรียนมงคลพุการาม ซอยคลองสี่ ตะวันออก,12120,overture (meta),overture:8c34ad45-d834-4698-8992-d973e95128c2
sukmakmint@gmail.com,ฮีลใจหมูกระทะ - Mookata camping,ฮีลใจหมูกระทะ - Mookata camping,Khlong Luang District,Restaurant,no,Low,0,,,,,openstreetmap,1,+66642499559,มาลี ซอย คลองหกตะวันออก 12,12120,overture (meta),overture:30662eb5-34df-47a1-98c3-8c3219123722
narisara.event@gmail.com,"ฺบี"" ติ่มซำ B""Dimsum","ฺบี"" ติ่มซำ B""Dimsum",Khlong Luang District,Chinese,no,Low,0,,,,,openstreetmap,1,+66894482408,45/180 ซอย 1/1,12120,overture (meta),overture:f2c2e0dd-34c4-4895-a2ae-b64b85af294c
wattanakitt@gmail.com,เกาเหลาเลือดหมู ริมคลอง,เกาเหลาเลือดหมู ริมคลอง,Khlong Luang District,Asian,no,Low,0,,,,,openstreetmap,1,+66962291942,36/13 ซอยเทพกุญชร 14,12120,overture (meta),overture:ee8f16b8-ae30-4fa3-9604-b97549f53015
tummour.tu@gmail.com,เขียง รพ.ธรรมศาสตร์รังสิต,เขียง รพ.ธรรมศาสตร์รังสิต,Khlong Luang District,Restaurant,no,Low,0,,,,,openstreetmap,1,,95 หมู่ 8 ตำบล.คลองหนึ่ง อำเภอ.คลองหลวง จังหวัดปทุมธานี,12120,overture (meta),overture:3e8e176d-e09f-494d-9c60-093ae844f72c
wilailak_wi_1@hotmail.com,เครปญี่ปุ่น & น้ำปั่น NaVa Crepes & Smoothies,เครปญี่ปุ่น & น้ำปั่น NaVa Crepes & Smoothies,Khlong Luang District,Restaurant,no,Low,0,,,,,openstreetmap,1,+66988466683,พหลโยธิน,12120,overture (meta),overture:8987452d-cd5f-4211-b6d3-8358409330b2
phatchanaphonr@gmail.com,เครปริมคลอง 1 สะพานขาว,เครปริมคลอง 1 สะพานขาว,Khlong Luang District,Restaurant,no,Low,0,,,,,openstreetmap,1,+66851535052,,,overture (meta),overture:663404a3-031a-44a4-9174-45708067277e
crepesaiyerm@gmail.com,เครปไส้เยิ้ม,เครปไส้เยิ้ม,Khlong Luang District,Restaurant,no,Low,0,,,,,openstreetmap,1,+66947275366,22/2 ถนน พหลโยธิน,12120,overture (meta),overture:14dcd578-1cfe-4cc0-a596-5212e0a25a5d
chitprasong.ao@gmail.com,เค้กล้านคำหวาน รังสิต ปทุมธานี,เค้กล้านคำหวาน รังสิต ปทุมธานี,Khlong Luang District,Cafe,no,Low,0,,,,,openstreetmap,1,+66865719179,56/1 หมู่ 3 ถนนพหลโยธิน ซอยคลองหลวง16 สินธานีคอนโด ตึกเอ ตำบลคลองหนึ่ง อำเภอคลองหลวง,12120,overture (meta),overture:1e74c0d6-818a-4a53-ad05-e5fb2d5ed096
charoenmorthong@gmail.com,เจริญขาหมูหม้อทอง - Charoen Braised Pork Leg,เจริญขาหมูหม้อทอง - Charoen Braised Pork Leg,Khlong Luang District,Restaurant,no,Low,0,,,,,openstreetmap,1,+66841974936,4/29 ถนน พหลโยธิน,12120,overture (meta),overture:e37c5f19-3024-4180-9c7d-104e85e17c66
jib162150@gmail.com,เจี๊ยบเจี๊ยบก๋วยเตี๋ยวต้มยำทะเล รสแซ่บจัดจ่านย่านนวนคร,เจี๊ยบเจี๊ยบก๋วยเตี๋ยวต้มยำทะเล รสแซ่บจัดจ่านย่านนวนคร,Khlong Luang District,Asian; Japanese,no,Low,0,,,,,openstreetmap,1,+66861621601,53 692 ม.13 ต.คลองหนึ่ง,12120,overture (meta),overture:c724eeca-ee56-43cc-8243-ee48516ffdb2
jaruwan131988@gmail.com,เจ้ตาล..ลานเบียร์.ตลาดเจริญพร,เจ้ตาล..ลานเบียร์.ตลาดเจริญพร,Khlong Luang District,Takeaway,no,Low,0,,,,,openstreetmap,1,+66805462996,ตลาดเจริญพร,12120,overture (meta),overture:7a12835a-e895-4811-a97a-ac905d932139
zompark0143@gmail.com,เจ้ส้มยำเด็ด20ทุกจาน,เจ้ส้มยำเด็ด20ทุกจาน,Khlong Luang District,Restaurant,no,Low,0,,,,,openstreetmap,1,+66655159148,บ้านนวลรัตน์,12120,overture (meta),overture:895af207-ffc2-4a93-a7c6-204bc8e6ce99
aempinsuchaid33@gmail.com,เจ้าคุณหมูกระทะ,เจ้าคุณหมูกระทะ,Khlong Luang District,Takeaway,no,Low,0,,,,,openstreetmap,1,+66848775539,หมู่ที่ 8 26/39,12120,overture (meta),overture:99c6de5c-a945-4638-bc30-4a94a9bd0d64
2526iam.duan@gmail.com,"เจ๊เดือนขาย ""หอย"" ตลาดจัมโบ้ รังสิต คลองสาม","เจ๊เดือนขาย ""หอย"" ตลาดจัมโบ้ รังสิต คลองสาม",Khlong Luang District,Restaurant,no,Low,0,,,,,openstreetmap,1,+66639416644,95 ถนน เลียบคลองสาม,12120,overture (meta),overture:419679e1-257c-40cf-ad07-54b1c54a3ed1
ann27naruemon@gmail.com,เจ๊แอนปลาทูแม่กลอง,เจ๊แอนปลาทูแม่กลอง,Khlong Luang District,Restaurant,no,Low,0,,,,,openstreetmap,1,+66851639226,,,overture (meta),overture:faf57fe8-4205-44e1-8a75-6742ea2a1d6c
sarinyache29@gmail.com,เช็คอินที่ยำ 20 บาท,เช็คอินที่ยำ 20 บาท,Khlong Luang District,Restaurant,no,Low,0,,,,,openstreetmap,1,+66906699111,ตะวันออก12 ซอยมาลี,12120,overture (meta),overture:8dee3cd6-34aa-4a25-b785-75b8324d110d
chengkee519@gmail.com,เช็งกี่ • Chengkee sweets,เช็งกี่ • Chengkee sweets,Khlong Luang District,Cafe,no,Low,0,,,,,openstreetmap,1,+66889646564,"55 Klongsong, 19",12120,overture (meta),overture:663b16b1-b32d-4838-adaf-d5505b2214f0
thedinner.ait@gmail.com,เดอะดินเนอร์ Thedinner,เดอะดินเนอร์ Thedinner,Khlong Luang District,Seafood,no,Low,0,,,,,openstreetmap,1,+66899341659,,,overture (meta),overture:398c9651-0dc9-45c8-890c-a54123a1d296
chamigo.nava@gmail.com,เดอะลิตเติ้ล โบบา,เดอะลิตเติ้ล โบบา,Khlong Luang District,Cafe,no,Low,0,,,,,openstreetmap,1,+66658365615,9/300 CPS แมนชั่น นิคมอุตสาหกรรมนวนคร ถนนพหลโยธินคลองหนึ่ง คลองหลวง ปทุมธานี,12120,overture (meta),overture:4aae9c9f-62c8-488c-865c-e2cb19d7840a
chanapai410@gmail.com,เด็กเส้น ก๋วยเตี๋ยวยี่สิบ ร้านก๋วยเตี๋ยวเรือ ข้างม.ธรรมศาสตร์ รังสิต,เด็กเส้น ก๋วยเตี๋ยวยี่สิบ ร้านก๋วยเตี๋ยวเรือ ข้างม.ธรรมศาสตร์ รังสิต,Khlong Luang District,Restaurant,no,Low,0,,,,,openstreetmap,1,+66886565124,88/48 หมู่8 ตำบลคลองหนึ่ง อำเภอคลองหลวง จ.ปทุมธานี,12120,overture (meta),overture:ebdf1dcc-333d-4a8d-b6bc-d6e30b5ddd0c
do2533@hotmail.com,เตาถ่าน ศูนย์รวมอาหารحلال,เตาถ่าน ศูนย์รวมอาหารحلال,Khlong Luang District,Restaurant,no,Low,0,,,,,openstreetmap,2,+66819119303,,,overture (meta),overture:0be6e74e-671e-42cd-b11b-469e53e9c197
teiyw3run@gmail.com,เตี๋ยว 3 รุ่น สูตรยังจำได้,เตี๋ยว 3 รุ่น สูตรยังจำได้,Khlong Luang District,Asian; Japanese,no,Low,0,,,,,openstreetmap,1,+66969927333,15/144,12120,overture (meta),overture:ae3b5b4e-0a87-4a64-9441-aac2854fa346
teerawutpool@gmail.com,เตี๋ยว ม. ต้มยำ,เตี๋ยว ม. ต้มยำ,Khlong Luang District,Asian; Thai,no,Low,0,,,,,openstreetmap,1,+66926188843,ติดลม ก๋วยเตี๋ยวต้มยำ 194 หมู่ 1 ต.เขาพระนอน อ.ยางตลาด จ.กาฬสินธุ์,46120,overture (meta),overture:d1a180a8-c508-493a-a38c-14863ac9ff6a
yoodyaltd@gmail.com,เตี๋ยวเรือยุดยา,เตี๋ยวเรือยุดยา,Khlong Luang District,Asian; Japanese,no,Low,0,,,,,openstreetmap,1,+66868000161,,13180,overture (meta),overture:a877cfd1-726a-40c5-9c2e-0a40ff6b0857
peaktong@gmail.com,เตี๋ยวไร,เตี๋ยวไร,Khlong Luang District,Restaurant,no,Low,0,,,,,openstreetmap,1,+66631597959,หมู่บ้าน สุภาวัลย์ หมู่4 ต.คลองสาม อ.คลองหลวง ปทุมธานี,12120,overture (meta),overture:26f1398b-b3d7-4949-aa5c-bddf873f8f66
suinmy2526@gmail.com,เต็มอิ่ม ขนมจีน ซ.มาลี,เต็มอิ่ม ขนมจีน ซ.มาลี,Khlong Luang District,Bakery,no,Low,0,,,,,openstreetmap,1,+66929914168,คลองหก ซอยมาลีแมนชั่น 12 เข้าซอยมา 200 เมตร,12120,overture (meta),overture:2eeca396-392a-4f8b-8a17-300cbcabbd4b
bin.ny2009@hotmail.com,เทพประทานหมูกรอบ,เทพประทานหมูกรอบ,Khlong Luang District,Restaurant,no,Low,0,,,,,openstreetmap,1,+66646600095,แฟมิลี่มาร์ท ซ.เทพประทานต.คลองหนึ่ง.คลองหลวง,12120,overture (meta),overture:6630c479-ff62-4653-a905-2c0deceb155b
attaponza01@gmail.com,เฝอหลังมอ - สาขา ม.ธรรมศาสตร์,เฝอหลังมอ - สาขา ม.ธรรมศาสตร์,Khlong Luang District,Restaurant,no,Low,0,,,,,openstreetmap,1,+66933674009,"ธนาคารไทยพาณิชย์, 99",12120,overture (meta),overture:f5e44913-aa59-432c-9538-a27218898e73
t0614699246@gmail.com,เฝิ่นก๋วยเตี๋ยวหาดใหญ่,เฝิ่นก๋วยเตี๋ยวหาดใหญ่,Khlong Luang District,Asian; Japanese,no,Low,0,,,,,openstreetmap,1,+66614699246,เลขที่ ล็อค 12 ตรงข้ามปาก ซอย 9,12120,overture (meta),overture:38efdd5d-622f-4d1b-817a-cd93e1a7498e
koranaphat2528@gmail.com,เพจข่อยเด้อ,เพจข่อยเด้อ,Khlong Luang District,Asian; Thai,no,Low,0,,,,,openstreetmap,1,,เชียงราย,12120,overture (meta),overture:3d263aaa-ffff-4675-bdcf-ab9fd7bcfe35
kwanchanok.mayt@gmail.com,เมย์รี่ ขายทุกอย่าง,เมย์รี่ ขายทุกอย่าง,Khlong Luang District,Restaurant,no,Low,0,,,,,openstreetmap,1,,ประตูน้ำพะอินทร์,13180,overture (meta),overture:372d5aac-78cc-42f7-a7b4-e06d95d73203
yaovapa.friedpork@gmail.com,เยาวภา หมูหมักปรุงรส สาขา 1,เยาวภา หมูหมักปรุงรส สาขา 1,Khlong Luang District,Asian; Thai,no,Low,0,,,,,openstreetmap,1,+66896636376,ต.คลองหนึ่ง อ.คลองหลวง จ.ปทุมธานี,12120,overture (meta),overture:c3fc46a5-3b91-4b93-b92e-a99f5d39b928
savory.mookata@gmail.com,เสวย หมูกระทะโคราชของแท้,เสวย หมูกระทะโคราชของแท้,Khlong Luang District,Restaurant,no,Low,0,,,,,openstreetmap,1,+66986944263,ถ. เชียงราก,12120,overture (meta),overture:dec56861-9d52-4886-a68c-2e3e7907bf35
aofwongsim@gmail.com,เสี่ยลีหมูกระทะ คลองหลวง,เสี่ยลีหมูกระทะ คลองหลวง,Khlong Luang District,Restaurant,no,Low,0,,,,,openstreetmap,1,+66830332247,ถนนคลองหลวง ตำบล คลองสอง อำเภอคลองหลวง ปทุมธานี,12120,overture (meta),overture:633ab56b-dbef-46cb-86bc-88edf4eeed03
kong-koi@hotmail.com,เอกเขนกคาเฟ่,เอกเขนกคาเฟ่,Khlong Luang District,Restaurant,no,Low,0,,,,,openstreetmap,1,+66618788935,1 Chai Phet Alley,12120,overture (meta),overture:5159cb10-230e-4d6a-8573-977e52216c11
hengpang.bakery@gmail.com,เฮงเฮงปังปัง เบเกอรี่,เฮงเฮงปังปัง เบเกอรี่,Khlong Luang District,Bakery,no,Low,0,,,,,openstreetmap,1,+66622254563,44/52 พรธิสาร 37,12120,overture (meta),overture:054bf6d7-915d-47c5-99a1-c6516fb5f662
jiraporn.hokjarean30@gmail.com,เฮียแหลม กะเพรารังสิต,เฮียแหลม กะเพรารังสิต,Khlong Luang District,Takeaway,no,Low,0,,,,,openstreetmap,1,+66619210222,31/520 บ้านพฤกษา,12120,overture (meta),overture:4e02838e-714c-493f-bafe-3086e7af90fd
banhan.ketya@gmail.com,เฮียโมสไก่แซ่บ รังสิต,เฮียโมสไก่แซ่บ รังสิต,Khlong Luang District,Takeaway,no,Low,0,,,,,openstreetmap,1,,"9, อาคารกรีนเพลสแมนชั่น เลขที่ 9/177 คลองหนึ่ง 177 ซอย รังสิตภิรมย์",12120,overture (meta),overture:a38c9da0-8612-434c-b8b3-004f8cd82e4a
kornnipon@gmail.com,แก้วใจ ตลาดไท จำหน่ายแมลง,แก้วใจ ตลาดไท จำหน่ายแมลง,Khlong Luang District,Asian; Thai,no,Low,0,,,,,openstreetmap,1,,ตลาดไท,12120,overture (meta),overture:4cd386c7-7f5f-4b7f-9db0-5a227caba6f7
klkno.1989@gmail.com,แซลม่อนยากูซ่า by เชฟน้อย,แซลม่อนยากูซ่า by เชฟน้อย,Khlong Luang District,Restaurant,no,Low,0,,,,,openstreetmap,1,+66831696544,2MV6+5X ตำบล คลองสาม อำเภอคลองหลวง ปทุมธานี,10210,overture (meta),overture:a9f272c0-721b-40dd-a23d-31704a60d29f
wattanagul@gmail.com,แซ่บ...จ๊าดลำ,แซ่บ...จ๊าดลำ,Khlong Luang District,Restaurant,no,Low,0,,,,,openstreetmap,1,+66967266255,,,overture (meta),overture:d00476c5-dc81-4b6d-b237-e68ea1a80220
george_warship@hotmail.com,แดนทองครัวไทย,แดนทองครัวไทย,Khlong Luang District,Asian; Thai,no,Low,0,,,,,openstreetmap,1,+66850464848,ตลาดถนอมมิตร ซอยวัชรพล ถนนรามอินทราแขวงท่าแร้ง เขตบางเขน,10220,overture (meta),overture:fb27c8c9-7684-4930-b372-e8b5dcba9170
sales@pangolin.co.th,แพงโกลิน สาขานวนคร,แพงโกลิน สาขานวนคร,Khlong Luang District,Asian; Thai,no,Low,0,,,https://www.pangolin.co.th,,openstreetmap,1,+66225903203,1 ตรอก นาวา,10200,overture (meta),overture:4197e118-837c-49f3-abde-9d494281801b
pearwadee77@gmail.com,แพรหวานใจ,แพรหวานใจ,Khlong Luang District,Restaurant,no,Low,0,,,,,openstreetmap,1,+66814994719,ถนนไสวประชาราษฎร์,12150,overture (meta),overture:28a5e888-de7d-43e6-9124-26bb12255ec1
superstar161924@gmail.com,แฟนฉัน นวไพรเวซี่,แฟนฉัน นวไพรเวซี่,Khlong Luang District,Restaurant,no,Low,0,,,,,openstreetmap,1,+66868466665,ไพรเวซี่นวนคร ตำบลคลองหนึ่ง อำเภอคลองหลวง จังหวัดปทุมธานี,12000,overture (meta),overture:c6426efd-0b90-42a6-b182-e032a576966e
wisudarobroohana@gmail.com,แฟรนไชส์ซูชิฮานะ,แฟรนไชส์ซูชิฮานะ,Khlong Luang District,Asian; Japanese,no,Low,0,,,,,openstreetmap,1,+951624641,,,overture (meta),overture:b2080101-80cd-4c81-b42b-7655998a078b
siwanun.ch@gmail.com,แม่ & ลูก กาแฟโบราณ,แม่ & ลูก กาแฟโบราณ,Khlong Luang District,Cafe,no,Low,0,,,,,openstreetmap,1,+66638075088,ถ.เลียบคลองสอง,12120,overture (meta),overture:e7ede05c-2b32-4adc-af03-05d301184eb0
aumsudthikarn@gmail.com,แม่วันดี Coffee shop,แม่วันดี Coffee shop,Khlong Luang District,Cafe,no,Low,0,,,,,openstreetmap,1,+66624292655,27/19 ซอย รัตนปรากฏ,12120,overture (meta),overture:187be688-7688-4fbe-9da8-f6b47af4064a
waeagunmizzasteak@gmail.com,แวะกำ พิซซ่า &  สเต็ก,แวะกำ พิซซ่า &  สเต็ก,Khlong Luang District,Restaurant,no,Low,0,,,,,openstreetmap,1,+66882265007,43/29ม.14ตรงข้าม ร้าน เงินเทอโบ คลองหนึ่ง คลองหลวง,12120,overture (meta),overture:144a72e9-1713-40da-b35d-7864948e6b3d
kantaphat.pin@gmail.com,โกบอยก๋วยเตี๋ยวเรือ - เพจหลัก,โกบอยก๋วยเตี๋ยวเรือ - เพจหลัก,Khlong Luang District,Asian; Japanese,no,Low,0,,,,,openstreetmap,1,+66829526565,ตลาดพาเจริญ,12120,overture (meta),overture:59ec96d2-316b-4ab8-a291-63157f17191e
koboynnpark@gmail.com,โกบอยก๋วยเตี๋ยวเรือ คลองหลวง,โกบอยก๋วยเตี๋ยวเรือ คลองหลวง,Khlong Luang District,Restaurant,no,Low,0,,,,,openstreetmap,1,+66811193403,6 ถนน เลียบคลองสาม,12120,overture (meta),overture:b9995692-abd3-44a2-a503-6bb32cf5c86e
aedonmueang@gmail.com,โก๋เอ๋ ก๋วยเตี๋ยวไก่มะระ บุฟเฟ่ต์ 79บ. อิ่มไม่อั้น,โก๋เอ๋ ก๋วยเตี๋ยวไก่มะระ บุฟเฟ่ต์ 79บ. อิ่มไม่อั้น,Khlong Luang District,Restaurant,no,Low,0,,,,,openstreetmap,1,+66627750511,89 ซ. บงกช 19,12120,overture (meta),overture:b48d6141-41a8-475b-b9b4-6804e9d44334
viss_16329@hotmail.com,โคตรเล้ง อินดี้,โคตรเล้ง อินดี้,Khlong Luang District,Takeaway,no,Low,0,,,,,openstreetmap,1,,,12120,overture (meta),overture:d04ec34d-ea48-4c73-aa87-da76714e6d4f
mhoo.book009@gmail.com,โจ๊กพี่หมู,โจ๊กพี่หมู,Khlong Luang District,Restaurant,no,Low,0,,,,,openstreetmap,1,+66890552246,51 151 Soi Klong Luang 19,12120,overture (meta),overture:5f371af8-ae27-482f-80e9-9ced102f6683
vichayarat99@gmail.com,โชกุนย่างเกาหลี  & ซึฟู๊ด  สาขา2  ซ.พรธิสาร75,โชกุนย่างเกาหลี  & ซึฟู๊ด  สาขา2  ซ.พรธิสาร75,Khlong Luang District,Asian; Korean,no,Low,0,,,,,openstreetmap,1,+66912244288,พรธิสาร 4,12120,overture (meta),overture:165c4f71-a27a-4ad2-b3b8-59d5841a2007
aprilsunday999@gmail.com,โตเกียวใต้ก้ำ,โตเกียวใต้ก้ำ,Khlong Luang District,Restaurant,no,Low,0,,,,,openstreetmap,1,+66641451556,,12120,overture (meta),overture:1b879db3-b66a-4596-81c1-f907eb00f54a
thanitch789@gmail.com,โบทานีก้า,โบทานีก้า,Khlong Luang District,Cafe,no,Low,0,,,http://healthychoices.lnwshop.com/,,openstreetmap,1,+66819077763,34/51หมู่3ตำบลคลองสาม,12120,overture (meta),overture:f5dc7e6f-2791-4c4f-99d0-db4c6a9fb308
rmutt_oam@rmutt.ac.th,โรงอาหารกลาง RMUTT Food Court,โรงอาหารกลาง RMUTT Food Court,Khlong Luang District,Restaurant,no,Low,0,Local,,http://www.asset.rmutt.ac.th/,,openstreetmap,1,+6625493053,2PPF+5M9 ตำบล คลองหก อำเภอคลองหลวง ปทุมธานี 12120,12110,overture (meta),overture:668c84dc-268e-4aee-b4bc-b6d87ed9ae76
aimjaroon.1234@gmail.com,โรงเบียร์มงคลเฮาส์นวนคร  เพจหลัก,โรงเบียร์มงคลเฮาส์นวนคร  เพจหลัก,Khlong Luang District,Restaurant,no,Low,0,,,,,openstreetmap,1,+66808180166,66/15 ถนน นวนคร 1,12120,overture (meta),overture:2290208d-54ba-48e4-ada5-bb787fcda44e
klong5station.sale1@gmail.com,โรตีโอ๋ @ klong5station,โรตีโอ๋ @ klong5station,Khlong Luang District,Takeaway,no,Low,0,,,,,openstreetmap,1,+66997969228,22 16,12120,overture (meta),overture:38692ba8-6ead-4ec4-be1b-e43ecb9e484e
phonnapphan5598@gmail.com,โลมมันส์  Lommans  bar&restaurants,โลมมันส์  Lommans  bar&restaurants,Khlong Luang District,Restaurant,no,Low,0,,,,,openstreetmap,1,+66808628486,10 ถนน คลองสี่,12120,overture (meta),overture:ceba691b-700d-4ec6-941a-b81f10b26e69
pompapangkorn123@gmail.com,โอจิซัง おじさん สาขา ม.ธรรมศาสตร์รังสิต,โอจิซัง おじさん สาขา ม.ธรรมศาสตร์รังสิต,Khlong Luang District,Asian; Japanese,no,Low,0,,,,,openstreetmap,1,+66905838768,ศูนย์อาหารยูสแควร์,12120,overture (meta),overture:568d100b-162e-4caf-aa4f-bbd991af8958
wcg.co.ltd@gmail.com,โอเล่ มงคลรังสิต,โอเล่ มงคลรังสิต,Khlong Luang District,Takeaway,no,Low,0,Local,,https://shopee.co.th/watchbangkok,,openstreetmap,1,+66635426598,10/7 ซอย บงกช 79,12120,overture (meta),overture:db8b77c2-1940-4f67-b3b3-54ab6785a155
nuntidawun@gmail.com,โฮมนาคาเฟ่-Homenacafe,โฮมนาคาเฟ่-Homenacafe,Khlong Luang District,Restaurant,no,Low,0,,,,,openstreetmap,1,,28 ม.2 ต.คลองเจ็ด อ.คลองหลวง จ.ปทุมธานี,,overture (meta),overture:75a185f5-41a3-44f7-b25e-4c80e023fd57
18jaisangma@gmail.com,ใจสั่งมา พฤกษา13,ใจสั่งมา พฤกษา13,Khlong Luang District,Restaurant,no,Low,0,,,,,openstreetmap,1,+66965949424,พฤกษา13ซอย17,12120,overture (meta),overture:3ecc92f3-14ed-4415-ae43-f017a5699d26
saijaithaifood01@gmail.com,ใส่ใจ แพคเกจจิ้ง - แหล่งรวมบรรจุภัณฑ์ราคาโรงงาน,ใส่ใจ แพคเกจจิ้ง - แหล่งรวมบรรจุภัณฑ์ราคาโรงงาน,Khlong Luang District,Restaurant,no,Low,0,,,,,openstreetmap,1,+66639745924,91/41   หมู่ 9  ต.คลองหนึ่ง  อ.คลองหลวง จ.ปทุมธานี ,12120,overture (meta),overture:2b600d79-de42-4ae9-bbb7-16de7cc25300
aummarechfak@gmail.com,ไก่ทอดใบไม้ สูตรปักษ์ใต้ คลอง6,ไก่ทอดใบไม้ สูตรปักษ์ใต้ คลอง6,Khlong Luang District,Restaurant,no,Low,0,,,,,openstreetmap,1,+66840874685,ตรงข้ามเอ๋สโตว์ หน้าม.ราชมงคลธัญบุรี ม ถ. พรธิสาร 3,12120,overture (meta),overture:a3379855-8f46-4169-9d83-36e8756b982d
kaiyangchakkarat@hotmail.com,ไก่ย่าง จักราช,ไก่ย่าง จักราช,Khlong Luang District,Asian; Thai,no,Low,0,Local,,http://kaiyangchakkarat.myreadyweb.com/,,openstreetmap,1,,คลองสอง,12110,overture (meta),overture:6caf4c72-fbf8-42e0-bfed-8874a7a98109
mootu789@gmail.com,ไก่ย่าง ห้าดาว Five Star รพ.การุญเวช นวนคร,ไก่ย่าง ห้าดาว Five Star รพ.การุญเวช นวนคร,Khlong Luang District,Restaurant,no,Low,0,Local,,https://www.wongnai.com/restaurants/2304609Sf-five-star-%E0%B8%A3%E0%B8%9E-%E0%B8%81%E0%B8%B2%E0%B8%A3%E0%B8%B8%E0%B8%8D%E0%B9%80%E0%B8%A7%E0%B8%8A-%E0%B8%9B%E0%B8%97%E0%B8%B8%E0%B8%A1%E0%B8%98%E0%B8%B2%E0%B8%99%E0%B8%B5,jokepae8214@gmail.com; saowaluck-da@hotmail.com; arkom.ptn17@gmail.com; panita.js13@gmail.com,openstreetmap,1,+66929371179,เลขที่ 98/181 Soi Mu Ban Kritsana House Khlong Nueng,12120,overture (meta),overture:7ca9d889-4372-496e-91e6-325493400a08
sudarat.wsl@gmail.com,ไก่ย่างวิเชียร,ไก่ย่างวิเชียร,Khlong Luang District,Restaurant,no,Low,0,,,,,openstreetmap,1,+66880843400,ตลาดจัมโบ้,12120,overture (meta),overture:3632af04-d2a2-443e-a773-dc8f3924e7af
somkid.grilledchicken@gmail.com,ไก่ย่างสมคิด - Kai Yang SomKid,ไก่ย่างสมคิด - Kai Yang SomKid,Khlong Luang District,Restaurant,no,Low,0,,,,,openstreetmap,1,+66897772811,Khlong Song,12120,overture (meta),overture:f164e485-7303-4d40-8fc5-7c3e0227d693
suriyantt@gmail.com,ไก่ย่างเขาสวนกวางสุริยันต์ฟาร์ม,ไก่ย่างเขาสวนกวางสุริยันต์ฟาร์ม,Khlong Luang District,Asian; Thai,no,Low,0,,,,,openstreetmap,1,+66661639693,บางขัน-หนองเสือ,12120,overture (meta),overture:643d3fec-a286-48c6-8ddc-403cd7628cbe
kailamoon.fanpage@gmail.com,ไก่ละมุน แจ๋วละไม Rice Chicken,ไก่ละมุน แจ๋วละไม Rice Chicken,Khlong Luang District,Cafe,no,Low,0,,,,,openstreetmap,1,+66824935360,ไก่ละมุน แจ่วละไม ถ. ประชาอุทิศ,10290,overture (meta),overture:a873643e-75fd-44ad-a3e2-5282eddcf068
siamchickengroup@gmail.com,ไก่สยาม ไก่ย่างกะทิทรงเครื่อง,ไก่สยาม ไก่ย่างกะทิทรงเครื่อง,Khlong Luang District,Asian; Thai,no,Low,0,,,,,openstreetmap,1,+66949197425,44/47 หมู่บ้านพรธิสาร ซอย 37,12120,overture (meta),overture:3b8dacb0-898b-4219-b1c3-73a5671be29c
tonaorlovelotus123@gmail.com,ไข่หวานบ้านซูชิ ราชมงคลคลอง 6,ไข่หวานบ้านซูชิ ราชมงคลคลอง 6,Khlong Luang District,Asian; Sushi,no,Low,0,,,,,openstreetmap,3,+66802802174,แสงปทุมพลาซ่า 136 หมู่1 ตำบลบึงยี่โถ อำเภอ ธัญบุรี จังหวัดปทุมธานี 12130,12130,overture (meta),overture:85549a5d-99df-4bd6-8b4b-9a92c21fb2fa
sutapat0702@gmail.com,ไข่หวานบ้านซูชิ สาขาปตท.ถนนไอยรา1 คลองหลวง,ไข่หวานบ้านซูชิ สาขาปตท.ถนนไอยรา1 คลองหลวง,Khlong Luang District,Asian; Sushi,no,Low,0,,,,,openstreetmap,1,+66930194415,,12120,overture (meta),overture:36e48ed8-290b-46cd-946d-3a825a24c818
taifa5665@gmail.com,ไท่ฟา สุกี้ หม่าล่า สายพาน ชาบู นวนคร,ไท่ฟา สุกี้ หม่าล่า สายพาน ชาบู นวนคร,Khlong Luang District,Restaurant,no,Low,0,,,,,openstreetmap,1,+66938563563,62/35 ซอย เทพกุญชร 42,12120,overture (meta),overture:263c6361-bdc7-4d43-bd2e-0175c5feb30e
tkc.groups@gmail.com,ไอกี้ หมูถูกดีจัง,ไอกี้ หมูถูกดีจัง,Khlong Luang District,Cafe,no,Low,0,,,,,openstreetmap,1,+66986109333,ตลาดสดไอยรา อำเภอคลองหลวง ปทุมธานี,12120,overture (meta),overture:288e49ae-83ed-41e6-bad5-83600150b1e8
atiwatj13@gmail.com,ไอคิวหมูกะทะ จำกัด,ไอคิวหมูกะทะ จำกัด,Khlong Luang District,Restaurant,no,Low,0,,,,,openstreetmap,1,+66831701186,ถนนแสงสวรรค์เหนือ,60120,overture (meta),overture:293631dd-05a8-4c80-a8b4-b8f20cf56a05
thanadej.in@gmail.com,ํํYinYom,ํํYinYom,Khlong Luang District,Asian; Thai,no,Low,0,,,,,openstreetmap,2,,200/176,11000,overture (meta),overture:0a69605d-3048-422b-a6bf-b019e3d3d108
1000beefcompany@gmail.com,๑๐๐๐เนื้อ - พันเนื้อ,๑๐๐๐เนื้อ - พันเนื้อ,Khlong Luang District,Takeaway,no,Low,0,,,,,openstreetmap,1,+66955710157,Tu Center,12120,overture (meta),overture:ecf251f7-6867-41f2-a301-3e004c2a0bef
