email,name,name_local,district,categories,english,english_priority,english_score,site_language,why,website,other_emails,email_source,locations,phone,address,postcode,source,osm_url
syed_lee@hotmail.com,Pizza Rof Boy,,Khlong Sam Wa District,Pizza,yes,High,6,English,website in English; Western food (Pizza); English/Latin-script name,https://manager.iconnectme.com/socialmedia/?id=9107794063,,openstreetmap,2,+66919142899,32/5,10510,overture (meta),overture:655571ea-c121-45be-b6d3-28ce263cde58
steaklbd@gmail.com,สเต็กลุงเบิ้ม,สเต็กลุงเบิ้ม,Khlong Sam Wa District,Steak,yes,High,5,English,website in English; Western food (Steak),https://lin.ee/2bWWGvT,,openstreetmap,1,+66970056397,53 Thanon Surao Khlong Nueng,10510,overture (meta),overture:f0c62569-1548-4bef-b633-17459625c112
enquiry@adlibhotels.co,"Ad Lib, Restaurant",,Khlong Sam Wa District,Cafe,yes,High,4,English,website in English; English/Latin-script name,http://www.adlibbangkok.com,khonkaen@adlibhotels.co,venue website,1,+6622057600,มโนรมย์ ซอย 1,10510,overture (meta),overture:b9e2b879-6f69-4a18-9ff0-c2c3492fbe30
botanistcafe.owner@gmail.com,Botanist Activity Space and More,,Khlong Sam Wa District,Cafe,yes,High,4,English,website in English; English/Latin-script name,https://botanist501.blogspot.com/,,openstreetmap,1,+66807833547,501 Thanon Samwa,10510,overture (meta),overture:90e48abd-b0d4-4852-9d00-8416ce8a7613
support@anyflip.com,Brewgard.Cafe,,Khlong Sam Wa District,Cafe,yes,High,4,English,website in English; English/Latin-script name,https://anyflip.com/wtqpr/hzta/,,venue website,3,+66868988651,76-78 ถนนไมตรีจิต แขวงป้อมปราบ เขตป้อมปราบศัตรูพ่าย,10100,overture (meta),overture:b8538054-b8cf-4c2c-a700-857b5c75981a
craftandcuisine@hotmail.com,Craft ＆Cuisine,,Khlong Sam Wa District,Bakery,yes,High,4,English,website in English; English/Latin-script name,http://www.craftandcuisine.com/,,openstreetmap,1,+66614153639,50 ถนน ไทยรามัญ,10510,overture (meta),overture:ba4c55fe-c57c-4389-a269-ec948f0b9d50
indiansocialclubthailand@gmail.com,Indian Social Club,,Khlong Sam Wa District,Indian,yes,High,4,English,website in English; English/Latin-script name,http://indianchaat.blogspot.com/,,openstreetmap,1,+66818906227,23 สุขุมวิท 4,10110,overture (meta),overture:c2d6ba97-8096-43a6-bec7-feaa43608b83
lncafeteathailndy@gmail.com,Ln Café  インディーティー,,Khlong Sam Wa District,Cafe,yes,High,4,English,website in English; English/Latin-script name,https://line.me/ti/p/LTya9Ufsu5,,openstreetmap,1,+66632686934,PATAGONIA ,10510,overture (meta),overture:f2acc8e2-2f90-4ae4-bb85-f05694de5277
ptymail@pattayamail.com,Pataya City,,Khlong Sam Wa District,Asian; Chinese,yes,High,4,English,website in English; English/Latin-script name,http://www.pattayamail.com/diningout,,venue website,1,,,,overture (meta),overture:984d9575-3ab6-48be-9927-86bb2f700bf9
redhousekaitak@gaiagroup.com.hk,Red House,,Khlong Sam Wa District,Asian; Chinese,yes,High,4,English,website in English; English/Latin-script name,https://gaiagroup.com.hk/restaurant/redhouse/,,venue website,1,+6621294661,"G20B, Siam Paragon",10330,overture (meta),overture:1b3e000c-1d8f-45e6-b272-f6656d6598ec
themellow27@gmail.com,The mellow,,Khlong Sam Wa District,Cafe,yes,High,4,English,website in English; English/Latin-script name,https://www.mellowinnovation.com/,info@mellowinnovation.com,openstreetmap,1,+66636283858,57 Liap Khlong Song Rd,10510,overture (meta),overture:b5041cae-8e1b-4803-b10b-ba81a8187150
worldwidecoffeechanel@gmail.com,Worldwide Coffee - Ram Inthra,,Khlong Sam Wa District,Cafe,yes,High,4,English,website in English; English/Latin-script name,https://www.worldwide-coffeegroup.com/,wwcfweb@gmail.com; worldwideacc3@gmail.com,openstreetmap,1,+66618089989,39 40 Phraya Suren Rd,10510,overture (meta),overture:22ece79f-9d37-42a7-aed6-82e825a66ae7
chocheezipizza@gmail.com,โชชีสซี่ พิซซ่า,โชชีสซี่ พิซซ่า,Khlong Sam Wa District,Pizza,yes,High,4,Bilingual,website has English; Western food (Pizza),https://openlink.co/pizzachocheezi,,openstreetmap,1,+66955364636,โครงการครีเอเทียร์ Phraya Suren Rd,10510,overture (meta),overture:8256b399-fbe0-40ae-9c4a-61e6d29a4ab6
paphadasae@gmail.com,Antioch Coffee อันทิโอคคอฟฟี่,Antioch Coffee อันทิโอคคอฟฟี่,Khlong Sam Wa District,Restaurant,yes,Medium,3,English,website in English,https://line.me/ti/p/qylmdzdltp,,openstreetmap,1,+66918854478,ถนนพระยาสุเรนทร์ซอย23 ,10510,overture (meta),overture:85100d8a-1d61-4d8a-8313-7bcdd9fe1d12
balloonpp.poi@gmail.com,Balloon Perfect,,Khlong Sam Wa District,Pub,yes,Medium,3,,Western food (Pub); English/Latin-script name,,,openstreetmap,1,+66815369642,ถนน เลียบคลองสอง เขต คลองสามวา ,10510,overture (meta),overture:ea81fe8a-e6d8-4fd3-b90b-59cf0da78ce4
contact@bumbumdough.com,Bum Bum Dough,,Khlong Sam Wa District,Donuts,yes,Medium,3,,Western food (Donuts); English/Latin-script name,https://r.grab.com/o/reQreAZ3,,openstreetmap,1,,"เกาะแฟชั่น, 2 เค. ซี. รามอินทรา 2",10510,overture (meta),overture:611523fa-a58d-4ca0-bd96-a7edf31d7ac6
teerabun_buakhao@hotmail.com,Chayklang - ชายกลาง,Chayklang - ชายกลาง,Khlong Sam Wa District,Asian; Japanese,yes,Medium,3,English,website in English,https://lin.ee/OFWTiMp,,openstreetmap,1,+66957893869,98/99 หมู่บ้านสุภาวัลย์,10510,overture (meta),overture:41e34d88-aa5e-4b6e-ae3c-2ab9beaedfd4
clarte2300@gmail.com,Clarte,,Khlong Sam Wa District,Cafe,yes,Medium,3,Bilingual,website has English; English/Latin-script name,https://clarte.co.th/,clarte.member@gmail.com,venue website,1,+6629192300,30 ถนน พระยาสุเรนทร์,10510,overture (meta),overture:ea1ee27e-3f2a-4913-ac82-41330eb19012
allbegrow@gmail.com,Goodday แฟรนไชส์อาหาร สลัด สปาเกตตี้,Goodday แฟรนไชส์อาหาร สลัด สปาเกตตี้,Khlong Sam Wa District,Restaurant,yes,Medium,3,English,website in English,https://www.goodday.co.th/,r.da@goodday.co.th,openstreetmap,1,+66629262636,78,52000,overture (meta),overture:0237d9a0-5688-4a47-91e1-f42726a646dc
mister.ex2465@gmail.com,Larn Ma Cafe & Bistro,,Khlong Sam Wa District,French,yes,Medium,3,,Western food (French); English/Latin-script name,,,openstreetmap,1,+66939969655,,,overture (meta),overture:cc5c00ac-d506-4135-b912-5db665a22d1a
pb.steakhomemade@gmail.com,Pig and Bear,,Khlong Sam Wa District,Steak,yes,Medium,3,,Western food (Steak); English/Latin-script name,,,openstreetmap,1,+66863093897,6 Kanchanaphisek Rd,10510,overture (meta),overture:051ee9ef-4a61-43d4-9765-2e7404afc2a5
peeranut.artu@gmail.com,Saralee Cafe' & Bistro,,Khlong Sam Wa District,French,yes,Medium,3,,Western food (French); English/Latin-script name,,,openstreetmap,1,+66830388755,เลียบคลองสอง,10510,overture (meta),overture:38a212dd-9fb9-4cfd-b622-28ad40f15bdc
prapassa.phukieaw@gmail.com,Steakery & Matcha by Tungnui,,Khlong Sam Wa District,Steak,yes,Medium,3,,Western food (Steak); English/Latin-script name,,,openstreetmap,1,+66615364538,คู้บอน50,10510,overture (meta),overture:dfffb479-9d8f-477a-8451-2d47f6af429e
moommai.greenway@gmail.com,The greenway,,Khlong Sam Wa District,Cafe,yes,Medium,3,Bilingual,website has English; English/Latin-script name,http://www.greenway.in.th/,info@greenway.in.th,openstreetmap,1,+66828324492,195/68 ์Nimit Mai Rd,10510,overture (meta),overture:d1d6496c-b530-4e3e-9403-7bef2df20480
strawrice@hotmail.com,ขายฟางข้าวกรุงเทพ,ขายฟางข้าวกรุงเทพ,Khlong Sam Wa District,Asian; Thai,yes,Medium,3,English,website in English,http://www.strawrice.com/,,openstreetmap,1,+66819372021,60/321 พระยาสุเรนทร์ 9,10510,overture (meta),overture:d86ee319-9909-4865-99e3-2716f59fc9bb
sasithorn_oat@hotmail.com,ปลาร้าหอมคราฟท์,ปลาร้าหอมคราฟท์,Khlong Sam Wa District,Restaurant,yes,Medium,3,English,website in English,https://lin.ee/OqLLwkQ,,openstreetmap,1,+66646494908,421 10 ถ. หทัยราษฎร์,10510,overture (meta),overture:583c614a-ad06-4cc2-8328-bdbf721a48cd
cherbarmilktea6395@gmail.com,เฌอ บาร์บีช (Cher Bar Beach),เฌอ บาร์บีช (Cher Bar Beach),Khlong Sam Wa District,Cafe,yes,Medium,3,English,website in English,https://shorturl.asia/ObBGD,,openstreetmap,1,+66645253598,Thanon Surao Khlong Nueng,10510,overture (meta),overture:712f15ef-9fcf-43ca-af37-01f599f3a63e
jaeu5411@gmail.com,แด๊ดดี้หมูกระทะ สายไหม หทัยราษฎร์,แด๊ดดี้หมูกระทะ สายไหม หทัยราษฎร์,Khlong Sam Wa District,Asian; Korean,yes,Medium,3,English,website in English,http://nav.cx/2UxXUka,,openstreetmap,1,+66971914598,ข้างเซเว่น อีเลฟเว่น หทัยราษฏร์ 37,10510,overture (meta),overture:750e9bb1-f837-4388-afe5-98a03508ad10
cs@4care.co.th,4care  ฟอร์แคร์,4care  ฟอร์แคร์,Khlong Sam Wa District,Cafe,no,Medium,2,Bilingual,website has English,https://4care.co.th/,,openstreetmap,1,+66863259320,15 ถนน สุเหร่าคลองหนึ่ง,10510,overture (meta),overture:3d67547c-b141-4013-83c8-2640dad864a6
pokpong0658219656@gmail.com,Burger นายปกป้อง,Burger นายปกป้อง,Khlong Sam Wa District,Burger,no,Medium,2,,Western food (Burger),,,openstreetmap,1,+66658219656,นวมินทร90,10230,overture (meta),overture:80bfaaa6-f37c-4178-a79c-454d99527b53
guzadriftdigital@gmail.com,Guzadrift Izakaya - ร้านกินดื่มสไตล์ญี่ปุ่น,Guzadrift Izakaya - ร้านกินดื่มสไตล์ญี่ปุ่น,Khlong Sam Wa District,Japanese,no,Medium,2,Bilingual,website has English,https://qrlik.ly/GzMenu,,openstreetmap,1,+66867331991,ถนนปัญญาอินทรา แขวง สามวาตะวันตก เขตคลองสามวา,10510,overture (meta),overture:3d7b999f-16dc-42d8-8355-9b2f1094935f
khaomaiplamandigital@gmail.com,Khao Mai Pla Man By Busso Restaurant,ข้าวใหม่ปลามัน,Khlong Sam Wa District,Asian; Thai; Western,no,Medium,2,Local,Western food (Western),https://huatienbot.com/khaomaiplamanbybusso/,,openstreetmap,1,+66 2 1257845,,,openstreetmap,https://www.openstreetmap.org/node/10269566746
matchachoojai@gmail.com,Matcha ChooJai มัทฉะ ชูใจ,Matcha ChooJai มัทฉะ ชูใจ,Khlong Sam Wa District,Restaurant,no,Medium,2,Bilingual,website has English,https://openlink.co/matchachoojai,,openstreetmap,1,+66656393565,ถนนพระยาสุเรนทร์ บางชัน คลองสามวา,10510,overture (meta),overture:9be08345-1fd6-4b8f-aa2f-e09f6f68a5ea
pizzanaka.htr@gmail.com,Pizza Naka45 สาขาหทัยราษฎร์,Pizza Naka45 สาขาหทัยราษฎร์,Khlong Sam Wa District,Pizza,no,Medium,2,Local,Western food (Pizza),https://wongn.ai/21qMKp,support@lmwn.com; pr@lmwn.com,openstreetmap,1,+66838855333,40 ถนน หทัยราษฎร์,10510,overture (meta),overture:68eb99f0-1bb6-4f2d-8177-0d338189ce99
goshponn@gmail.com,ก๋วยจั๊บญวนเส้นสด By คุณพิน,ก๋วยจั๊บญวนเส้นสด By คุณพิน,Khlong Sam Wa District,Breakfast,no,Medium,2,,Western food (Breakfast),,,openstreetmap,1,+66988633289,ตลาดkc7หทัยราษฎร์ สามวาตะวันตก คลองสามวา,10510,overture (meta),overture:7546ee05-8121-4a30-a419-78b483802a71
maymomuk.2009@gmail.com,บาร์บีคิว รถสีชมพู,บาร์บีคิว รถสีชมพู,Khlong Sam Wa District,BBQ,no,Medium,2,,Western food (BBQ),,,openstreetmap,1,+66967528394,เลียบคลองสอง ซอย3,10510,overture (meta),overture:77b361aa-49ac-4285-a31e-774634dc4d28
pimwalanbudkaew@gmail.com,ปังโน่ปังปิ้ง,ปังโน่ปังปิ้ง,Khlong Sam Wa District,Breakfast,no,Medium,2,,Western food (Breakfast),,,openstreetmap,1,+66871761911,อารียาเดอะคัลเลอร์ 301/23,10510,overture (meta),overture:c42d0872-d390-4659-85f7-048c3208e007
torsak007@gmail.com,พิซซ่าอาหม่วย,พิซซ่าอาหม่วย,Khlong Sam Wa District,Pizza,no,Medium,2,,Western food (Pizza),,,openstreetmap,1,+66829399397,299/63 หมู่บ้าน BlessVille Phraya Suren 25 Alley,10510,overture (meta),overture:408004c4-c935-48ff-a759-e84d5e911ba1
lakanafaris@gmail.com,รถบ้านบารอกัต,รถบ้านบารอกัต,Khlong Sam Wa District,BBQ,no,Medium,2,,Western food (BBQ),,,openstreetmap,1,+66802714261,,,overture (meta),overture:efdeb4ad-a20b-4529-a7f6-0ee256d5d338
dekmobay@hotmail.com,ร้านสุมหัวสเต็ก,ร้านสุมหัวสเต็ก,Khlong Sam Wa District,Steak,no,Medium,2,,Western food (Steak),https://line.me/ti/p/-n1SKsu6IN,,openstreetmap,1,+66879046148,มินิบิ๊กซีซาฟารีเวิล,10510,overture (meta),overture:c8c01450-9f77-41fd-bc83-5ee724c27cf5
kaichunzd@gmail.com,สเต็กใกล้ฉันแซ่บเด่,สเต็กใกล้ฉันแซ่บเด่,Khlong Sam Wa District,Steak,no,Medium,2,Local,Western food (Steak),https://shorturl.asia/OCrq5,,openstreetmap,1,+66986509936,ปัญญาอินทรา,10510,overture (meta),overture:69ae63e2-1b66-4820-84bf-6d9058b40d1d
mathupanee@gmail.com,เซียนซ่าสเต็ก,เซียนซ่าสเต็ก,Khlong Sam Wa District,Steak,no,Medium,2,,Western food (Steak),,,openstreetmap,1,+66944907471,71/8 ถนน พระยาสุเรนทร์,10510,overture (meta),overture:1f72c6c7-d57b-4be5-b164-1883484fd10c
zoie.fishball@gmail.com,โซ้ย ก๋วยเตี๋ยวลูกชิ้นปลา,โซ้ย ก๋วยเตี๋ยวลูกชิ้นปลา,Khlong Sam Wa District,Asian; Japanese,no,Medium,2,Bilingual,website has English,https://lin.ee/37sOb4J,,openstreetmap,1,+66952766444,88- 261 ถนนเลียบคลองสอง บางชัน มีนบุรี,10510,overture (meta),overture:cb99630a-074d-464f-b7ef-95b244483ab9
24sarawuts3@gmail.com,159 CAFE,,Khlong Sam Wa District,Cafe,no,Low,1,,English/Latin-script name,,,openstreetmap,1,+66899952368,159 Phraya Suren Rd,10510,overture (meta),overture:e91f7b77-b66a-4194-b92d-88b51c586a2c
euddy9601@gmail.com,24 Slow Bar,,Khlong Sam Wa District,Cafe,no,Low,1,,English/Latin-script name,,,openstreetmap,1,+66614546935,สวนวารีภิรมย์,10510,overture (meta),overture:cde625ca-30c8-47f1-8741-0dda5197ca0c
info.monsterprints@gmail.com,36Brew,,Khlong Sam Wa District,Cafe,no,Low,1,,English/Latin-script name,,,openstreetmap,1,+66803654622,เข้ามาในหมู่บ้าน โซนบ้านเดี่ยว บ้านหลังแรกขวามือ ร้านสีขาว มีต้นมะม่วง 285/36.ซ.นิมิตใหม่13/2 หมู่บ้านเคริซ ทาวน์ ์Nimit Mai Rd,10510,overture (meta),overture:59fa8965-6857-4eed-99cf-e991fd30544b
duangnapa0821@gmail.com,52.27 Home Coffee,,Khlong Sam Wa District,Cafe,no,Low,1,,English/Latin-script name,,,openstreetmap,1,+66614123545,"52, หมู่บ้านเพชรไพรินวิลล์ 27 Phraya Suren 30",10510,overture (meta),overture:0e447b1d-f82a-406e-aac0-243aa70b081e
813baicha@gmail.com,813 Baicha,,Khlong Sam Wa District,Restaurant,no,Low,1,Local,English/Latin-script name,https://www.wongnai.com/restaurants/813baicha,worapholtephimonrat@gmail.com; sirimas_290143@gmail.com; anny_ant999@hotmail.com; arkom.ptn17@gmail.com; thanon.j@hotmail.com; mamasteak.info@gmail.com; gantida.sri221241@gmail.com; mizuya.manager@gmail.com,openstreetmap,1,+66619897924,"666/4, 109 รามอินทรา",10510,overture (meta),overture:75eb4550-fcd1-46e7-8d7d-3e477840d5eb
ann0876785379@gmail.com,Anny Madii Coffee,,Khlong Sam Wa District,Cafe,no,Low,1,,English/Latin-script name,,,openstreetmap,1,+66876069111,Soi 1/1 Citysens Ramintra,10510,overture (meta),overture:4a24ea0e-bd15-4b93-9964-1b2d4369bc2c
info@avantgardenbkk.com,Avant Garden,,Khlong Sam Wa District,Restaurant,no,Low,1,,English/Latin-script name,,,openstreetmap,1,+66808166697,603/1 Hathairat road Khlong Sam Wa district Bang Chan subdistrict,10510,overture (meta),overture:eaedb0b9-bea1-4462-bfb9-91b6a99813c3
nam_basic@hotmail.com,B'24 Coffee,,Khlong Sam Wa District,Cafe,no,Low,1,,English/Latin-script name,,,openstreetmap,1,+66871289987,เลขที่ 178 Surao Khlong Nueang 15 Alley,10510,overture (meta),overture:2c13ae54-8556-4eaa-a834-4eed8727595e
basket.bakery.beverage@gmail.com,Basket,,Khlong Sam Wa District,Cafe,no,Low,1,,English/Latin-script name,,,openstreetmap,1,+66646592472,52 ถ. หทัยราษฎร์,10510,overture (meta),overture:04a3ec38-5ba9-4abe-90fc-8680a343b0ad
magic_ouioui@hotmail.com,Be..good Café,,Khlong Sam Wa District,Cafe,no,Low,1,,English/Latin-script name,,,openstreetmap,1,,ถนน แยกสวนสยาม,10230,overture (meta),overture:3754a14a-c500-49f6-8a67-ac990dadd168
arayamaleeloy1@gmail.com,Buyjai,,Khlong Sam Wa District,Cafe,no,Low,1,,English/Latin-script name,,,openstreetmap,1,+66654554458,,,overture (meta),overture:05cdd699-cb07-4f91-b7a4-ff16102e2249
cafeeen95@gmail.com,Cafe'een 95,,Khlong Sam Wa District,Cafe,no,Low,1,,English/Latin-script name,,,openstreetmap,1,+66653595359,แขวงบางมด เขตทุ่งครุ,10140,overture (meta),overture:00d3e78f-ec81-4c83-b860-e2bc0f797481
srifuang@hotmail.com,Café 21bkk,,Khlong Sam Wa District,Cafe,no,Low,1,,English/Latin-script name,,,openstreetmap,1,+66894939821,5 หทัยราษฎร์ 14,10510,overture (meta),overture:cc9b3e97-f5da-4499-ae30-18e7c0dcc16e
waatt.168@gmail.com,Café Amazon,,Khlong Sam Wa District,Cafe,no,Low,1,Local,English/Latin-script name,https://cafe-amazon.com/,,openstreetmap,1,+66818883087,218/6 ถ.ปัญญาอินทรา แขวงบางชัน,10510,overture (meta),overture:824e67ad-38bf-41ee-a58b-7bd2fe4f1aad
kawisarasutham375@gmail.com,Café du Lapin,,Khlong Sam Wa District,Bakery,no,Low,1,,English/Latin-script name,,,openstreetmap,1,+66628821465,65 ถนน พระยาสุเรนทร์,10510,overture (meta),overture:863d2520-f830-40e4-9c31-bfaf848f7191
case19.2022@gmail.com,Case 19,,Khlong Sam Wa District,Restaurant,no,Low,1,,English/Latin-script name,,,openstreetmap,1,+66811316606,509 Panya Indra Rd,10510,overture (meta),overture:f81c4c84-3368-4f0e-9b64-d348b7961965
fareedasortia@gmail.com,Chadow Cafe,,Khlong Sam Wa District,Cafe,no,Low,1,,English/Latin-script name,,,openstreetmap,1,+66617527007,315,10510,overture (meta),overture:f6725f94-487e-475a-a7d3-2ec00da8093d
aisawunya@gmail.com,Chapayom Tawhan,,Khlong Sam Wa District,Cafe,no,Low,1,,English/Latin-script name,,,openstreetmap,2,+66835636362,"หน้าปากซอย ประชาร่วมใจ 13, ทรายกองดินใต้, คลองสามวา, กรุงเทพมหานคร 10510, ประเทศไทย",10510,overture (meta),overture:e4efdca3-26b6-4849-ba51-325c9204082e
emmynuengo@gmail.com,Chibuike African Food By Emeka,,Khlong Sam Wa District,Restaurant,no,Low,1,,English/Latin-script name,,,openstreetmap,1,+66853555827,Pracha ruam Jai Road,10510,overture (meta),overture:30f9aed6-303b-44c6-83c2-4e94ac3c1e67
nunuy_9876@hotmail.com,Coff Indy,,Khlong Sam Wa District,Cafe,no,Low,1,,English/Latin-script name,,,openstreetmap,1,+66992896146,เลขที่ 63 ห้องที่ 2 Hathai Phatthana Alley,10510,overture (meta),overture:b029f4da-1481-4726-930a-896bffed13d9
coffeeoutdoor.297@gmail.com,Coffee Outdoor,,Khlong Sam Wa District,Cafe,no,Low,1,,English/Latin-script name,,,openstreetmap,1,+66863848806,297 Wat Suk Chai 15,10510,overture (meta),overture:6c81abb1-a460-44c3-8bcc-d75400fe1c46
naru8941@gmail.com,Coffee Place by Khun Mam,,Khlong Sam Wa District,Cafe,no,Low,1,,English/Latin-script name,,,openstreetmap,1,,ถนน คู้บอน,10510,overture (meta),overture:af5a444f-6a94-4946-922a-3732a48662fd
chayanon151996@gmail.com,Cowbell SlowBar Coffee,,Khlong Sam Wa District,Cafe,no,Low,1,,English/Latin-script name,,,openstreetmap,1,+66829533056,"52/40 Phraya Suren 30 Alley, Lane 4",10510,overture (meta),overture:76000447-2f4b-48c5-8386-19c107e53989
cozyspace.cafe@gmail.com,COZY SPACE,,Khlong Sam Wa District,Restaurant,no,Low,1,,English/Latin-script name,,,openstreetmap,1,+66815519336,22 ถนน เลียบคลองสอง,10510,overture (meta),overture:53ab7d73-9688-4bc9-ae60-01ae73a27037
rujira7717@gmail.com,Day&night cafe,,Khlong Sam Wa District,Restaurant,no,Low,1,,English/Latin-script name,,,openstreetmap,1,+66658592333,สามวาตะวันตก คลองสามวา ,10510,overture (meta),overture:0ef79c14-c048-43c6-b0f7-303df0126745
somjate@vivafood.co.th,DE VIVA,,Khlong Sam Wa District,Restaurant,no,Low,1,Local,English/Latin-script name,http://www.vivafood.co.th/,,openstreetmap,1,+66809250470,6 เลียบคลองสอง 29,10510,overture (meta),overture:b66e888a-1806-4dcc-9992-203641f72782
demerry225@gmail.com,De'merry Cafe Khubon,,Khlong Sam Wa District,Cafe,no,Low,1,,English/Latin-script name,,,openstreetmap,1,+66982825166,225 Khu Bon Rd,10510,overture (meta),overture:ff5e2bb9-7ab0-4b2d-a15b-2acc4901428e
cultcafe.2020@gmail.com,Diff Kafe,,Khlong Sam Wa District,Cafe,no,Low,1,,English/Latin-script name,,,openstreetmap,1,+66917099243,189/2,10510,overture (meta),overture:99aad423-70eb-4f3d-858a-0da1a4085adc
ebisuramen.liapkhlongsong@gmail.com,Ebisu Ramen,,Khlong Sam Wa District,Asian; Japanese,no,Low,1,,English/Latin-script name,,,openstreetmap,1,+66614799391,ตลาดนายใหญ่ 57 Liap Khlong Song Rd,10510,overture (meta),overture:a6e87316-86c0-470a-be69-725d8f1c1041
escaparcoffee@gmail.com,Escapar Cafe and Bar,,Khlong Sam Wa District,Cafe,no,Low,1,Local,English/Latin-script name,https://www.wongnai.com/r/1504158rU,worapholtephimonrat@gmail.com; jokepae8214@gmail.com,venue website,1,+66853240808,Pracha Ruam Chai 43 Alley,10510,overture (meta),overture:9b6a3259-f030-4c96-97aa-aac6ba379bbd
opasthep@hotmail.com,Field on Food,,Khlong Sam Wa District,Bakery,no,Low,1,,English/Latin-script name,,,openstreetmap,1,,1 43 Phrayasuren 39 Alley,10510,overture (meta),overture:00015aa7-1c0a-4bd4-9a88-2fae26bd4605
goodeveningbar@gmail.com,Good Evening,,Khlong Sam Wa District,Bar,no,Low,1,,English/Latin-script name,,,openstreetmap,1,+66991654922,107 Khu Bon Rd,10510,overture (meta),overture:0ff63d37-6010-4705-b86a-de7fedf6f825
restaurant.happymeals@gmail.com,Happy Meals Restaurant,,Khlong Sam Wa District,Restaurant,no,Low,1,Local,English/Latin-script name,https://www.wongnai.com/restaurants/439301Pd-%E0%B9%81%E0%B8%AE%E0%B8%9B%E0%B8%9B%E0%B8%B5%E0%B9%89%E0%B8%A1%E0%B8%B5%E0%B8%A5%E0%B8%AA%E0%B9%8C,urza_des@hotmail.com; jokepae8214@gmail.com; worapholtephimonrat@gmail.com; onlymecorporation@gmail.com; chokjaa@gmail.com; neko.patisserie@gmail.com; maple._.kook@hotmail.com; basket.bakery.beverage@gmail.com; maholan.hr@gmail.com; kanoklada.bo@gmail.com,openstreetmap,1,+66650944452,,10510,overture (meta),overture:0b5ee790-c567-4093-b78f-2062f15597f7
happyyjuice.bkk@gmail.com,happyjuice.bkk,,Khlong Sam Wa District,Restaurant,no,Low,1,,English/Latin-script name,,,openstreetmap,1,+66924142936,228 ถ. หทัยราษฎร์,10510,overture (meta),overture:43b2a1eb-0ffa-4069-848a-35d7f10106ed
chatvilaib@gmail.com,Home Bakery,,Khlong Sam Wa District,Bakery,no,Low,1,,English/Latin-script name,,,openstreetmap,1,+66814235607,282 หมู่บ้าน อาร์เค พาร์ค 2 รามอินทรา-ซาฟารี,10510,overture (meta),overture:f43de220-4865-4e5f-a775-130a6e43511c
nongnoon2537@gmail.com,Home of Riders,,Khlong Sam Wa District,Cafe,no,Low,1,,English/Latin-script name,,,openstreetmap,1,+66968816904,132 ถนน ปัญญาอินทรา,10510,overture (meta),overture:ad2d9120-55cd-412f-971d-e04decb4e209
ya.maneerat@gmail.com,Honey milk,,Khlong Sam Wa District,Cafe,no,Low,1,,English/Latin-script name,,,openstreetmap,1,+66990908550,ถนน หทัยราษฏร์ สามวาตะวันตก คลองสามวา,10510,overture (meta),overture:aebf6a3c-0021-408a-bcd5-2fc8ec566ec0
izyboxy@gmail.com,Ice Smoothies Club,,Khlong Sam Wa District,Restaurant,no,Low,1,,English/Latin-script name,,,openstreetmap,1,+66818559928,172 10510 Soi Wat Paeng Thong,10510,overture (meta),overture:b814e984-1aeb-405e-ba05-7eac0c961c9e
daogeomu@gmail.com,In House Cafe,,Khlong Sam Wa District,Cafe,no,Low,1,,English/Latin-script name,https://line.me/R/ti/p/%40min99,,openstreetmap,1,+66866779902,หมู่บ้านพฤกษาทาวน์เน็กซ์ 1263 /108 Phraya Suren Rd,10510,overture (meta),overture:efcdf0e5-d574-43f9-bbfa-5bf2964f2e26
antikatheriverhouse@gmail.com,Jimmy’s BKK,,Khlong Sam Wa District,Cafe,no,Low,1,,English/Latin-script name,,,openstreetmap,1,+66952957989,ตลาดนายใหญ่ โซนพลาซ่า ชั้น 2,,overture (meta),overture:7ca4f84d-5c12-4640-9c9c-917f3db6e51e
jumas.bkk@gmail.com,Juma’s Bakery,,Khlong Sam Wa District,Bakery,no,Low,1,,English/Latin-script name,,,openstreetmap,1,+66927695044,"221/33, ถนน ปัญญาอินทรา, แขวงบางชัน, เขตคลองสามวา, กรุงเทพมหานคร",10510,overture (meta),overture:09421932-47cd-418c-aaeb-76a2fe62575a
k36cafe@gmail.com,K36 Cafe,,Khlong Sam Wa District,Cafe,no,Low,1,,English/Latin-script name,,,openstreetmap,1,+66832734418,61/298 Soi Kubon 36,10510,overture (meta),overture:b04d2468-347c-4011-a4af-d3fb20f34622
havedaa@gmail.com,Ka Ja Chill,,Khlong Sam Wa District,Bar,no,Low,1,,English/Latin-script name,,,openstreetmap,1,+66945533440,580 ถนน หทัยราษฎร์,10510,overture (meta),overture:3ef7b542-56e6-49f5-a94f-911ddcfba58f
kfcmai@crg.co.th,KFC,,Khlong Sam Wa District,Takeaway,no,Low,1,,English/Latin-script name,https://kfc.co.th/,,openstreetmap,1,,"707 Nimitmai Road, Kwaeng Sam Wa Tawan Ok, Khet Klong Sam Wa",10510,overture (AllThePlaces),overture:584b3dad-7561-404f-b78b-ea4292d35c39
khunkacafe@gmail.com,KhunkaCafe,,Khlong Sam Wa District,Cafe,no,Low,1,,English/Latin-script name,,,openstreetmap,1,+66996252282,9/4 ถนน เลียบคลองสอง,10510,overture (meta),overture:711effcc-1801-4bcf-8fb7-84890a732a09
legacygolfclub77@gmail.com,Kinkuma Kafe,,Khlong Sam Wa District,Cafe,no,Low,1,,English/Latin-script name,https://shorturl.asia/0GCxK,,openstreetmap,1,,380 Panya Indra Rd,10510,overture (meta),overture:4e7d000b-f19f-42dd-a795-a4102b110155
littlebrewcafe.21@gmail.com,Little Brew,,Khlong Sam Wa District,Cafe,no,Low,1,,English/Latin-script name,,,openstreetmap,1,+66642565833,272 ถนน เลียบคลองสอง,10510,overture (meta),overture:449c3113-0bb5-4ee1-b464-c7391d8d066f
littlefarm@gmail.com,Little Kid’s Valley,,Khlong Sam Wa District,Restaurant,no,Low,1,,English/Latin-script name,,,openstreetmap,1,+66926166632,ปัญญาอินทรา แขวงสามวาตะวันตก เขตคลองสามวา,10510,overture (meta),overture:16568145-ae70-4418-9e36-ce7c6d4a4ac1
pizza-coffehouse@gmail.com,Little Red Oven,,Khlong Sam Wa District,Restaurant,no,Low,1,,English/Latin-script name,,,openstreetmap,1,+66959591681,18/128 ซ.11a ม.ประภาทรัพย์,10510,overture (meta),overture:a5cb3639-4425-43d7-89f1-e6046883e372
koffeelotte@gmail.com,Lotte's Coffee,,Khlong Sam Wa District,Cafe,no,Low,1,,English/Latin-script name,,,openstreetmap,1,+66926545693,88 262 Liap Khlong Song Rd,10510,overture (meta),overture:f5aaf26b-0e28-452f-969e-de59c8fa3a80
mali-jan@hotmail.com,M Coffee & Bakery Homemade,,Khlong Sam Wa District,Bakery,no,Low,1,,English/Latin-script name,,,openstreetmap,1,+66657315563,283 Thanon Thai Raman,10510,overture (meta),overture:884d1893-ad66-4599-9b1e-5e54eeb546e5
suphmsa131134@gmail.com,Maa Doo Bor Cafe.,,Khlong Sam Wa District,Cafe,no,Low,1,,English/Latin-script name,,,openstreetmap,1,+66829130371,580 ถนน หทัยราษฎร์,10510,overture (meta),overture:e3875b26-058d-4005-9cb6-d7cf145c0efa
masiicoffeebar@gmail.com,Masii Premium Coffee - SamWa Plaza,,Khlong Sam Wa District,Cafe,no,Low,1,,English/Latin-script name,,,openstreetmap,1,+66647633481,"99 Liap Khlong Song Rd, Bang Chan, Khlong Sam Wa, Bangkok 10510",10510,overture (meta),overture:a93a473a-debc-4cbf-b2d5-e5a07f66cc97
pisal.cnn@gmail.com,Mdk King Water,,Khlong Sam Wa District,Cafe,no,Low,1,,English/Latin-script name,,,openstreetmap,2,+66809684317,328 ถนนเลียบคลองสอง บางชัน คลองสามวา,10510,overture (meta),overture:f86430cc-4e51-4401-ada7-6881e79dddb7
jeabmelsen@hotmail.com,Melsen Coffee & Restaurant,,Khlong Sam Wa District,Cafe,no,Low,1,,English/Latin-script name,,,openstreetmap,1,+6625480420,,,overture (meta),overture:3f2eb9fc-fad1-403c-ae72-139dc1607e2a
moodmerge.cafe@gmail.com,Moodmerge Café,,Khlong Sam Wa District,Cafe,no,Low,1,,English/Latin-script name,,,openstreetmap,1,+66917423231,3 ไทยรามัญ,10510,overture (meta),overture:765634ef-80de-4192-980b-36e7b9d86505
mooknua@gmail.com,Mooknua,,Khlong Sam Wa District,Restaurant,no,Low,1,,English/Latin-script name,,,openstreetmap,1,+66985293350,717/36 ดิอิเธอโน่ ถนนหทัยราษฎ์ บางชัน คลองสามวา,10510,overture (meta),overture:1d9cf8c0-0647-48f5-88ce-a00f8e8772b2
mrchonchic@gmail.com,Mr.Chon Fried Chicken,,Khlong Sam Wa District,Restaurant,no,Low,1,,English/Latin-script name,,,openstreetmap,1,+66829661999,"จัตุรัสจามจุรี, 319 ถนน พระราม 4",10330,overture (meta),overture:48e09c8d-9a87-405b-bfd8-b55a0d37d2d3
siritipv@yahoo.co.th,My Cake Garden & Cafe,,Khlong Sam Wa District,Bakery,no,Low,1,,English/Latin-script name,,,openstreetmap,1,+66818214348,73 Soi Rat Nimit,10510,overture (meta),overture:55ab5e35-e6d5-458d-963c-f4b583a72774
ple_naza@hotmail.com,OPLE  HOUSE by Naviya,,Khlong Sam Wa District,Cafe,no,Low,1,,English/Latin-script name,,,openstreetmap,1,+66958573954,เลียบคลอง​สอง,10510,overture (meta),overture:cf9f148c-5391-48d6-8a3d-a14260a8503f
denahprasertpol@gmail.com,Oversoul Specialty,,Khlong Sam Wa District,Takeaway,no,Low,1,,English/Latin-script name,,,openstreetmap,1,+66622780222,30 ถนน พระยาสุเรนทร์,10510,overture (meta),overture:b4e39daf-98ab-4381-a238-3ccf31d74de0
konsikamon@gmail.com,Pa-poon's coffee house,,Khlong Sam Wa District,Cafe,no,Low,1,,English/Latin-script name,,,openstreetmap,1,+66870740226,Papoon's Home&Garden Decor\nแขวง แสนแสบ เขตมีนบุรี กรุงเทพมหานคร 10510\nhttps://maps.app.goo.gl/5cFxVNCMbfhaawas7,10510,overture (meta),overture:8ee2f57b-d6e7-42b6-8214-e25d292003be
pairoj9@hotmail.com,Pairoto Takoyaki,,Khlong Sam Wa District,Restaurant,no,Low,1,,English/Latin-script name,,,openstreetmap,1,+66614192524,รามอินทรา-พระยาสุเรนทร์23,10510,overture (meta),overture:c000e9f3-9e21-4165-8fa6-ed086cd9b400
pornsuphakan@gmail.com,Pastry & Coffee,,Khlong Sam Wa District,Bakery,no,Low,1,,English/Latin-script name,,,openstreetmap,1,+66802428954,105 ถนน ไทยรามัญ,10510,overture (meta),overture:edfae0c3-d747-429b-9dde-4c7d39a82c5d
peachcafeofficial@gmail.com,Peach Cafe Home Station,,Khlong Sam Wa District,Cafe,no,Low,1,,English/Latin-script name,,,openstreetmap,1,+66968794346,521/96 Pruklada Wongwaen-Hatairat 96 ถนนหทัยราษฎร์ แขวง สามวาตะวันตก เขตคลองสามวา กรุงเทพมหานคร 10510,10510,overture (meta),overture:c179b1bb-d048-4ef5-9639-9b3deb551806
pleasedtomeetyou.cafe@gmail.com,Pleased to meet you cafe,,Khlong Sam Wa District,Cafe,no,Low,1,,English/Latin-script name,,,openstreetmap,1,+66945176456,หมู่บ้านเคซี การ์เด้น โฮม,10510,overture (meta),overture:06c666c0-5b22-468c-8447-4c748af1d512
ratiowaffle@gmail.com,Ratio Waffle,,Khlong Sam Wa District,Cafe,no,Low,1,,English/Latin-script name,,,openstreetmap,1,+66814696242,ชั้น 2 ในศูนย์อาหาร Jas green village รามคำแหง ถ.รามคำแหง แขวงราษฎร์พัฒนา เขตสะพานสูง,10240,overture (meta),overture:a4d7a98f-91f5-4f09-b1a3-1fcbc9937cd4
easy-km14@aboutpassion.co.th,Ribz&wingz km14,,Khlong Sam Wa District,Restaurant,no,Low,1,,English/Latin-script name,,,openstreetmap,1,+66811381304,ถนน เทพรัตน์ (บางนา-ตราด),10540,overture (meta),overture:45e84ec1-cd56-47f5-ac54-8f4ba41f0f52
rinjiexperience@gmail.com,Rinji Japanese Dining Experience,,Khlong Sam Wa District,Asian; Japanese,no,Low,1,,English/Latin-script name,,,openstreetmap,1,+66955503284,82 2 Khu Bon Rd,10510,overture (meta),overture:a34c751a-9da3-44d7-9866-0fce90ec37b7
salmonkingizakaya@gmail.com,Salmonking Izakaya,,Khlong Sam Wa District,Asian; Japanese,no,Low,1,,English/Latin-script name,,,openstreetmap,1,+66990536324,54 7 Khu Bon Rd,10510,overture (meta),overture:322e499c-d825-4a9a-a7d7-e491119aa660
onney89@hotmail.com,Shabu club,,Khlong Sam Wa District,Restaurant,no,Low,1,,English/Latin-script name,,,openstreetmap,1,+66659286365,104 Liap Khlong Song Rd,10510,overture (meta),overture:fd1f2296-ee76-4740-b40f-af325e542e9a
paiboon2191@gmail.com,Shereen Bakery,,Khlong Sam Wa District,Bakery; Halal,no,Low,1,,English/Latin-script name,,,openstreetmap,1,+66920923191,45 Surao Khlong Nueang 13,10510,overture (meta),overture:17f2a29d-1416-46fa-bb14-31dc9dd9164d
jeenpeak67@gmail.com,Shopping All,,Khlong Sam Wa District,Asian; Thai,no,Low,1,,English/Latin-script name,,,openstreetmap,1,+66661428794,ตำบลหินเหล็กไฟ ,จ. ประจวบคีรีขันธ์ 77110,overture (meta),overture:e806d24d-83a0-4575-aa97-0beb3061a663
ssitundertree@gmail.com,Sit Under Tree,,Khlong Sam Wa District,Cafe,no,Low,1,,English/Latin-script name,,,openstreetmap,1,+66831594119,1621 Khu Bon Rd,10510,overture (meta),overture:1c1c86ad-da05-4021-9bea-5330c9522b8a
slothscafe369@gmail.com,Sloth's Cafe,,Khlong Sam Wa District,Cafe,no,Low,1,,English/Latin-script name,,,openstreetmap,1,+66652805343,39 Mitri Chit 2 Alley,10510,overture (meta),overture:640144ea-f065-44fe-ab68-ca8c2aa4bc00
thesummoner.bkk@gmail.com,Smelt.bkk,,Khlong Sam Wa District,Restaurant,no,Low,1,,English/Latin-script name,,,openstreetmap,1,+66826925442,8 พระยาสุเรนทร์ 9,10510,overture (meta),overture:b13b53c7-4f78-4393-b44c-74c1e2fd8037
canabizsmils@gmail.com,Smile LAB,,Khlong Sam Wa District,Cafe,no,Low,1,,English/Latin-script name,,,openstreetmap,1,+66957571484,57 ถนน เลียบคลองสอง แขวงบางชัน เขตคลองสามวา,10510,overture (meta),overture:0e781aac-cc25-4d91-93f7-386af29e94f2
pridchickenlittle@gmail.com,Spielbanken-Niedersachsen,,Khlong Sam Wa District,Restaurant,no,Low,1,,English/Latin-script name,,,openstreetmap,1,,ซอยพระยาสุเรนทร์ 20,10510,overture (meta),overture:82410b81-4150-4192-bdf7-4d3b14e1d3ee
thespringcoffee.bkk@gmail.com,Spring Onion Cafe,,Khlong Sam Wa District,Cafe,no,Low,1,,English/Latin-script name,https://lin.ee/bLVtvqv,,openstreetmap,1,+66632465662,ถ. หทัยราษฎร์,10510,overture (meta),overture:894dc66d-82a6-480b-9ff0-97fcfbdd2af8
sugarday1999@gmail.com,Sugar Day​ Café,,Khlong Sam Wa District,Cafe,no,Low,1,,English/Latin-script name,,,openstreetmap,1,+66988182898,Sugar Day Caf'e,10510,overture (meta),overture:88c5f819-6abe-428f-ad3f-1f1af4c6fb5a
sundysgroup.bkk@gmail.com,Sundy’s Cafe & Restaurant,,Khlong Sam Wa District,Cafe,no,Low,1,,English/Latin-script name,,,openstreetmap,1,+66619163294,56 นิมิตใหม่ 51,10510,overture (meta),overture:9726db27-b613-4ae9-900a-bbe7dea377f7
supannika.garden@gmail.com,SupannikaLandscape,,Khlong Sam Wa District,Asian; Korean,no,Low,1,,English/Latin-script name,,,openstreetmap,1,+66927015656,55 ซอยหทัยราษฎร์50 เขตคลองสามวา,10510,overture (meta),overture:64891802-8036-4c29-977f-21fc730a0faf
sushirockbangkok@hotmail.com,Sushi Rock,,Khlong Sam Wa District,Asian; Japanese; Sushi,no,Low,1,,English/Latin-script name,,,openstreetmap,1,+66946788997,428 เดอะรีเจ้นสตรีท 91 Phraya Suren Rd,10510,overture (meta),overture:b04180a4-2317-4a75-9930-54007d03519e
sweetdoichaang@gmail.com,Sweet Heart Cafe’ by Doichaang,,Khlong Sam Wa District,Cafe,no,Low,1,,English/Latin-script name,,,openstreetmap,1,+66610124889,53 5 Khu Bon Rd,10510,overture (meta),overture:df18f0ad-6314-46f7-bcfb-71b5087b8ab3
a-o-i11@hotmail.com,Sweet Talk,,Khlong Sam Wa District,Cafe,no,Low,1,,English/Latin-script name,,,openstreetmap,1,+66813463593,เลขที่ 108 ซอย นิมิตใหม่ Nimit Mai 64 Alley,10510,overture (meta),overture:cf33a7a2-96a3-4086-b1b9-cfe8aa1c215a
trexboardgame@gmail.com,T-Rex Cafe And Boardgame,,Khlong Sam Wa District,Cafe,no,Low,1,,English/Latin-script name,,,openstreetmap,1,+66655365961,นิมิตใหม่,10510,overture (meta),overture:4d6bfa1d-d94c-41ca-b881-913ddc7dc416
tafufamily@hotmail.com,Tafuku yakiniku,,Khlong Sam Wa District,Asian; Japanese,no,Low,1,,English/Latin-script name,,,openstreetmap,1,+66823355356,316 3 Liap Khlong Song Rd,10510,overture (meta),overture:f46fb695-50ba-4889-9710-c01ec94e50b8
atcrafthose@gmail.com,The Craft House,,Khlong Sam Wa District,Bar,no,Low,1,,English/Latin-script name,,,openstreetmap,1,+66957541127,138 Thanon Thai Raman,10510,overture (meta),overture:abe27f0c-bb43-42fe-91a2-9a7ce2f3d90a
arinrada.teewa1902@gmail.com,The Tiger cafe' & Panthera Club,,Khlong Sam Wa District,Asian; Thai,no,Low,1,Local,English/Latin-script name,http://www.vanpremium.com/,soonthornjamorn@gmail.com; workaround.est2014@gmail.com,openstreetmap,1,+66909872031, ถนนไทยรามัญ  แขวงสามวาตะวันออก เขตคลองสามวา ,10510,overture (meta),overture:bff54329-f921-4e37-8bf5-cfcdc6800c92
theminimal.cake@gmail.com,Theminimal.cake,,Khlong Sam Wa District,Cafe,no,Low,1,,English/Latin-script name,,,openstreetmap,1,+66809296299,เลียบคลองสอง,10510,overture (meta),overture:f1d59862-1a07-4765-9139-521459157c46
tuntipasthanat@gmail.com,Timeline cafe 01.26,,Khlong Sam Wa District,Cafe,no,Low,1,,English/Latin-script name,,,openstreetmap,1,+66891742856,557/2 โครงการ District Ramintra-Chatuchot Rd,10510,overture (meta),overture:7f0c1420-462a-4a09-bc40-9506a6ae4ff8
harich1977@hotmail.com,TK Koff,,Khlong Sam Wa District,Cafe,no,Low,1,,English/Latin-script name,,,openstreetmap,1,+66632294795,138 1 Thanon Thai Raman,10510,overture (meta),overture:f203067c-e361-40a0-a17c-367e4d2cf271
thichakorn.han@gmail.com,TRY Interior,,Khlong Sam Wa District,Restaurant,no,Low,1,,English/Latin-script name,,,openstreetmap,1,+66967144199,23 พระยาสุเรนทร์ 1,10510,overture (meta),overture:35ba7439-8a62-46fe-98f5-fe43d4d782fb
tuaton@icloud.com,Tuaton Shabu Shabu,,Khlong Sam Wa District,Restaurant,no,Low,1,,English/Latin-script name,,,openstreetmap,1,+66939614561,"345, 7 Liap Khlong Song Rd",10510,overture (meta),overture:88823f04-c36f-489a-891e-4a2d3cb1a584
u.sushipremium@gmail.com,U sushi,,Khlong Sam Wa District,Asian; Sushi,no,Low,1,,English/Latin-script name,,,openstreetmap,1,+66962622747,14/4 ถนน พระยาสุเรนทร์,10510,overture (meta),overture:b73a0f50-1962-4aac-9231-5eb7862716d4
mp32589@hotmail.com,UBEAR,,Khlong Sam Wa District,Cafe,no,Low,1,,English/Latin-script name,,,openstreetmap,1,+66803236622,25 ถนน หทัยราษฎร์,10510,overture (meta),overture:3f5caf66-f27b-486f-ac51-f092d7858c42
underconstruction.bkk@gmail.com,Underconstruction.BKK,,Khlong Sam Wa District,Cafe,no,Low,1,,English/Latin-script name,,,openstreetmap,1,+66632131969,69 256 Soi Phraya Suren 35,10510,overture (meta),overture:4eab13db-bdf8-47db-ab0a-1bb48c9eb833
naruporntip@gmail.com,Untill Today Coffee,,Khlong Sam Wa District,Cafe,no,Low,1,,English/Latin-script name,,,openstreetmap,1,+66819206596,338 Thanon Thai Raman,10510,overture (meta),overture:59a641ac-20c6-4025-a61f-51416453e3dd
cafe.vanillahouse@gmail.com,Vanilla House Cafe,,Khlong Sam Wa District,Cafe,no,Low,1,,English/Latin-script name,,,openstreetmap,1,+66922637710,ซอย นิมิตใหม่ 40,10510,overture (meta),overture:e968e738-e8d0-499b-9c25-6c1f3598abc2
taurusares@hotmail.com,View Motorway,,Khlong Sam Wa District,Restaurant,no,Low,1,,English/Latin-script name,,,openstreetmap,1,+66659575323,1 Nong Rahaeng 4,10510,overture (meta),overture:aff74ff9-b7c5-40d9-8963-8c7d208ba3a0
backyardgyoza22@gmail.com,Wesley Coffee,,Khlong Sam Wa District,Cafe,no,Low,1,,English/Latin-script name,,,openstreetmap,1,+66834426364,เลขที่ 603 ถ. หทัยราษฎร์,10510,overture (meta),overture:c228973d-b4e2-4ffb-ada9-0633b73808df
woodyhaus9163@gmail.com,Woody haus - Coffee & Golffie,,Khlong Sam Wa District,Cafe,no,Low,1,,English/Latin-script name,,,openstreetmap,1,,พระยาสุเรนทร์ 28,10510,overture (meta),overture:63fe33c8-598e-4e20-a136-e2bd02ab9623
yoloocoffee@gmail.com,Yoloo Specialty Coffee,,Khlong Sam Wa District,Cafe,no,Low,1,,English/Latin-script name,,,openstreetmap,1,+66855193515,458 1-2 Liap Khlong Song Rd,10510,overture (meta),overture:b292debd-0df0-47d0-a69f-c16104b2ddee
bellinee.kk@gmail.com,Bellinee ปัญญาวิลเลจ,Bellinee ปัญญาวิลเลจ,Khlong Sam Wa District,Cafe,no,Low,0,,,,,openstreetmap,1,+66910025666,95 ถนน ปัญญาอินทรา แขวง คันนายาว เขตคันนายาว ,10230,overture (meta),overture:f811a8b3-7073-442b-aaff-01925b0d37fd
sannysamae@gmail.com,Cha - Tani ชาตานี,Cha - Tani ชาตานี,Khlong Sam Wa District,Cafe,no,Low,0,,,,,openstreetmap,1,+66959971526,พระยาสุเรนทร์,10510,overture (meta),overture:331efeee-a30f-42f7-9de4-8d13cf615698
mewuka1995@gmail.com,Cha โคตรเข้ม,Cha โคตรเข้ม,Khlong Sam Wa District,Cafe,no,Low,0,,,,,openstreetmap,2,+66979538202,ไทยรามัญ,10510,overture (meta),overture:15b1b85d-26cc-4c14-8e41-3c9599b90fc7
sisarttra@gmail.com,Cliff Coffee กาแฟ ดอยหลวง,Cliff Coffee กาแฟ ดอยหลวง,Khlong Sam Wa District,Cafe,no,Low,0,,,,,openstreetmap,1,+66642495533,748 ถ. หทัยราษฎร์ แขวงสามวาตะวันตก เขตคลองสามวา,10510,overture (meta),overture:5a34e066-e4d9-4201-8c75-ea1df4655c83
cocowalkprayasuren30@gmail.com,Coco Walk พระยาสุเรนทร์ 30 น้ำมะพร้าวน้ำหอมปั่นนมสด กาแฟมะพร้าว ชาไทย,Coco Walk พระยาสุเรนทร์ 30 น้ำมะพร้าวน้ำหอมปั่นนมสด กาแฟมะพร้าว ชาไทย,Khlong Sam Wa District,Restaurant,no,Low,0,,,https://lin.ee/pHQIy7V,,openstreetmap,1,+66956735757,หน้าโลตัส โกเฟรช พระยาสุเรนทร์ 30,10510,overture (meta),overture:aaf415ad-4dcf-45d0-9213-8ace75ff5f72
cocowalk.lotusliabklongsong@gmail.com,COCO Walk สาขาโลตัสเลียบคลอง 2 ซาฟารีเวิลด์,COCO Walk สาขาโลตัสเลียบคลอง 2 ซาฟารีเวิลด์,Khlong Sam Wa District,Restaurant,no,Low,0,,,,,openstreetmap,1,,125 ถนน เลียบคลองสอง,10510,overture (meta),overture:27c04c3b-c31c-43d9-8f4a-eaf45ed04724
wirinya.25@gmail.com,COCO Walk สาขาไทยรามัญ คลองสามวา,COCO Walk สาขาไทยรามัญ คลองสามวา,Khlong Sam Wa District,Restaurant,no,Low,0,,,,,openstreetmap,1,+66934829965,,,overture (meta),overture:caf1b3ef-c94c-4c70-8829-2c836449adc9
allkangbaan@gmail.com,Don Skippอย่าข้าม,Don Skippอย่าข้าม,Khlong Sam Wa District,Cafe,no,Low,0,,,,,openstreetmap,1,+66996241868,https://osm.org/go/4S~NBtwdD?layers=N&m=,10510,overture (meta),overture:1d32e1b5-951a-4889-b1be-f8a7ec0fd7ff
araya.kks@gmail.com,E_ย่า พาแซ่บ,E_ย่า พาแซ่บ,Khlong Sam Wa District,Restaurant,no,Low,0,,,,,openstreetmap,1,+66929458454,ซอยไทยรามัญ ถ.หทัยราษฎร์ คลองสามวา,,overture (meta),overture:3c9b7668-46f7-4c18-ae3e-236114488cf0
emcbangkok@gmail.com,Exclusive Medical Clinic ฝังเข็มยาจีน สาขาคลองสามวา,Exclusive Medical Clinic ฝังเข็มยาจีน สาขาคลองสามวา,Khlong Sam Wa District,Asian; Chinese,no,Low,0,,,https://emcclinic.com/,,openstreetmap,1,+66835536642,214/4 ถนนเลียบคลองสอง แขวงบางชัน เขตคลองสามวา,10510,overture (meta),overture:603a7ea4-4836-460c-ab98-a9efc1b492fe
adwa.aun@gmail.com,Fareeda Dates and Fruits - ฟารีดาอินทผลัมและผลไม้แห้งนำเข้า,Fareeda Dates and Fruits - ฟารีดาอินทผลัมและผลไม้แห้งนำเข้า,Khlong Sam Wa District,Restaurant,no,Low,0,,,,,openstreetmap,1,+66869716171,12/1 ซอยหทัยราษฏร์50 เเขวงสามวาตะวันตก เขต คลองสามวา กรุงเทพมหานคร 10510,10510,overture (meta),overture:ee541b36-f71c-4916-8275-645f9b3e9961
info@gattocha.com,GattoCha สาขาพระยาสุเรนทร์,GattoCha สาขาพระยาสุเรนทร์,Khlong Sam Wa District,Cafe,no,Low,0,Local,,https://gattocha.com/,,venue website,3,+66982899980,พระยาสุเรนทร์,10510,overture (meta),overture:838fef90-64a2-4c2e-ac07-45cb917a4b65
ohmypel2008@gmail.com,Gou-Cha ชาไข่มุกใต้หวัน & สมูทตี้,Gou-Cha ชาไข่มุกใต้หวัน & สมูทตี้,Khlong Sam Wa District,Restaurant,no,Low,0,,,,,openstreetmap,1,+66958836352,Hathairat Rd.,10510,overture (meta),overture:78b392fb-a192-4d42-9640-2e42c9b096d1
parichart@snvaccount.com,Green Foods - กรีนฟู้ดส์,Green Foods - กรีนฟู้ดส์,Khlong Sam Wa District,Restaurant,no,Low,0,,,,,openstreetmap,1,+66988271978,6 พระยาสุเรนทร์ 23,10510,overture (meta),overture:793ce54e-7b8e-42a9-99a0-49198db16b81
poisonkiss003@gmail.com,Hnom-Bung -หนมบัง,Hnom-Bung -หนมบัง,Khlong Sam Wa District,Restaurant,no,Low,0,,,,,openstreetmap,1,+66853544353,,,overture (meta),overture:99ae3e88-686c-4573-8270-96d431572d97
janycafe88@gmail.com,Jany Cafe (จานี่ คาเฟ่),Jany Cafe (จานี่ คาเฟ่),Khlong Sam Wa District,Cafe,no,Low,0,,,,,openstreetmap,1,+66984169900,146 Phraya Suren 46 Alley,10510,overture (meta),overture:061ba51a-a4f4-460a-9886-86b167a7f49e
sununta1269@gmail.com,Juk Juk Restaurant คอหมูย่างน้ำผึ้ง  หม้อไฟ หทัยราษฎร์,Juk Juk Restaurant คอหมูย่างน้ำผึ้ง  หม้อไฟ หทัยราษฎร์,Khlong Sam Wa District,Restaurant,no,Low,0,,,https://lin.ee/xbIAUQz,,openstreetmap,1,+66805979422,3 ถนน หทัยราษฎร์,10510,overture (meta),overture:65644544-44e3-4338-8b41-4f0f1b127535
poogmgirl@hotmail.com,Kaocha คาโอะฉะ ชานมไข่มุก 19 บาท,Kaocha คาโอะฉะ ชานมไข่มุก 19 บาท,Khlong Sam Wa District,Restaurant,no,Low,0,,,,,openstreetmap,1,+66851220209,,,overture (meta),overture:a526a9e9-f89f-4f33-9273-51391a86a693
khwansruang.j@gmail.com,Kiddee Cafe คิดดี้ คาเฟ่,Kiddee Cafe คิดดี้ คาเฟ่,Khlong Sam Wa District,Cafe,no,Low,0,,,,,openstreetmap,1,+66865138818,โครงการเดอะพาร์ค Thanon Thai Raman,10510,overture (meta),overture:bddf9dfe-b54a-44fa-ac68-20ddaf658cb9
golfzilla_9565@outlook.co.th,Kikocha รามอินทรา109,Kikocha รามอินทรา109,Khlong Sam Wa District,Bar,no,Low,0,,,,,openstreetmap,1,+66864269542,รามอินทรา109 ซ.พระยาสุเรนทร์23\n,10510,overture (meta),overture:3eac9502-3967-4921-86a7-5dfaa1d9f1a5
jiranan10202314@gmail.com,Little Dream Cafe ความฝันเล็กๆ,Little Dream Cafe ความฝันเล็กๆ,Khlong Sam Wa District,Restaurant,no,Low,0,,,,,openstreetmap,1,+66638782996,283 ถนนราษฎร์นิมิตร แขวงสามวาตะวันออก เขต คลองสามวา กทม,10510,overture (meta),overture:1357f0f6-7be9-43b4-9019-a724aee84f2c
golfjaba55@hotmail.com,Longlai หม่าล่า,Longlai หม่าล่า,Khlong Sam Wa District,Restaurant,no,Low,0,,,,,openstreetmap,1,+66890217244,411 Thanon Thai Raman,10510,overture (meta),overture:befd6bd3-0f4c-4777-9c88-1b5b83378fd6
info.mizushabu@gmail.com,Mizu Shabu นิมิตใหม่ 12,Mizu Shabu นิมิตใหม่ 12,Khlong Sam Wa District,Asian; Japanese,no,Low,0,,,,,openstreetmap,1,+66830934484,ถนน นิมิตใหม่,10510,overture (meta),overture:3a2fa0e0-ce3b-405b-b8de-49982ffb8e25
suaysuaywezaa@hotmail.com,Mr.Kebab รามอินทรา109,Mr.Kebab รามอินทรา109,Khlong Sam Wa District,Restaurant,no,Low,0,,,,,openstreetmap,1,+66929651963,60 245 Phraya Suren 28,10510,overture (meta),overture:97e732d5-490d-47c0-9738-98f60e1d16c6
oyatsuhouse2020@gmail.com,O YA TSU House - โอะยะสึ เฮ้าส์,O YA TSU House - โอะยะสึ เฮ้าส์,Khlong Sam Wa District,Restaurant,no,Low,0,,,,,openstreetmap,1,+66964416665,99 ถนน พระยาสุเรนทร์,10510,overture (meta),overture:ae23be84-0347-4e2f-9d19-5426f9048394
origibangkok@gmail.com,Origi มังสวิรัติ,Origi มังสวิรัติ,Khlong Sam Wa District,Restaurant,no,Low,0,,,,,openstreetmap,1,+66924464682,,,openstreetmap,https://www.openstreetmap.org/node/5114724021
phutiphong1@gmail.com,SHABU P.PUN by.ภูมิปกรณ์เป็ดย่างอบน้ำผึ้ง สูตรเยาวราช,SHABU P.PUN by.ภูมิปกรณ์เป็ดย่างอบน้ำผึ้ง สูตรเยาวราช,Khlong Sam Wa District,Restaurant,no,Low,0,,,,,openstreetmap,1,+66945484222,60 ถนน หทัยราษฎร์,10510,overture (meta),overture:a3eda2ce-e34a-4f13-91d8-39dbd0447f53
shabumorepanyaintra@gmail.com,ShabuMore บุฟเฟต์ชาบู ปัญญาอินทรา,ShabuMore บุฟเฟต์ชาบู ปัญญาอินทรา,Khlong Sam Wa District,Asian; Japanese,no,Low,0,,,,,openstreetmap,1,+66992466241,198/14 Panyaindra rd.,10510,overture (meta),overture:40b4f582-43e3-4fae-939e-e12f518795a0
tablewarethai@gmail.com,Trp.Lazy Susan ทีอาร์พี.เลซี่ซูซัน กระจกจานหมุนโต๊ะจีน,Trp.Lazy Susan ทีอาร์พี.เลซี่ซูซัน กระจกจานหมุนโต๊ะจีน,Khlong Sam Wa District,Asian; Chinese,no,Low,0,,,http://www.trptablewarethai.com/,,openstreetmap,1,+66656506888,1320 ถนน ประชาร่วมใจ,10510,overture (meta),overture:c52535d0-a756-4609-b74d-0f198e5820dc
tsunami.khubon@gmail.com,Tsunami teppanyaki สึนามิ ข้าวถ้วยเทปปันยากิ สาขารามอินทรา99,Tsunami teppanyaki สึนามิ ข้าวถ้วยเทปปันยากิ สาขารามอินทรา99,Khlong Sam Wa District,Restaurant,no,Low,0,,,,,openstreetmap,1,+66964031977,11 คู้บอน 35,10510,overture (meta),overture:5a37c9e6-d622-4838-997b-508f538a7a70
nuttaponwar1@gmail.com,warbar & reyaa หมูกระทะ,warbar & reyaa หมูกระทะ,Khlong Sam Wa District,Restaurant,no,Low,0,,,,,openstreetmap,1,+66837715670,คู้บอน 30\n,10510,overture (meta),overture:785fb7d1-a5e8-41b5-94ef-bc2a73eb3fcf
be.pui1987@gmail.com,Your Yum รามอินทรา109,Your Yum รามอินทรา109,Khlong Sam Wa District,Asian; Thai,no,Low,0,,,,,openstreetmap,1,+66928573878,94 พระยาสุเรนทร์ 8,10510,overture (meta),overture:896f4d50-2fa8-4ef6-a32a-e9bd838c94cc
pf.wongpipun@gmail.com,Yum khoad deud ยำโคตรเดือด_Delivery,Yum khoad deud ยำโคตรเดือด_Delivery,Khlong Sam Wa District,Restaurant,no,Low,0,,,,,openstreetmap,1,+66958979659,ตลาดนายใหญ่ เลียบคลองสอง,10510,overture (meta),overture:c27005f5-27bc-4555-90b4-58d7ea8d5322
22ther@gmail.com,กระแดะจัง คาเฟ่,กระแดะจัง คาเฟ่,Khlong Sam Wa District,Restaurant,no,Low,0,,,,,openstreetmap,1,+66851293845,50 ถนน สีหบุรานุกิจ,10510,overture (meta),overture:45f10686-3779-4fc3-869e-7f64d24cae90
mavelplus@gmail.com,กล้วยแขกเจ้าพ่อ,กล้วยแขกเจ้าพ่อ,Khlong Sam Wa District,Cafe,no,Low,0,Local,,https://www.wongnai.com/restaurants/1110447ob-%E0%B8%9A%E0%B8%A3%E0%B8%B4%E0%B8%A9%E0%B8%B1%E0%B8%97%E0%B8%81%E0%B8%A5%E0%B9%89%E0%B8%A7%E0%B8%A2%E0%B8%88%E0%B8%B1%E0%B8%A1%E0%B9%82%E0%B8%9A%E0%B9%89-%E0%B8%84%E0%B8%B9%E0%B9%89%E0%B8%9A%E0%B8%AD%E0%B8%99,porntip1980pt@gmail.com; jokepae8214@gmail.com; poonyduckfixed@gmail.com; pungpor44@gmail.com; siyaekbtt@gmail.com; thesetplus@gmail.com; vitoon.ro@gmail.com,openstreetmap,1,+66614198295,3/3 ถนน พระยาสุเรนทร์,10510,overture (meta),overture:417ff31b-4c6d-4aed-8f50-f70d8780e241
laiya0.0garage@gmail.com,กะกล้าหน่อยbyโรตีบัง,กะกล้าหน่อยbyโรตีบัง,Khlong Sam Wa District,Cafe,no,Low,0,,,,,openstreetmap,1,+66980977992,ถนนสุเหร่าคลองหนึ่ง13,10510,overture (meta),overture:d7a24366-3dec-4145-aef3-3dc718442557
kawaopainoh@gmail.com,กะเว้าไปเนาะ,กะเว้าไปเนาะ,Khlong Sam Wa District,Restaurant,no,Low,0,,,,,openstreetmap,1,+66631591966,กะเว้าไปเนาะ 553/8 47 ถ. หทัยราษฎร์,10510,overture (meta),overture:40932420-4678-452d-bacb-2990f0ae41fe
naknawachalermsak@gmail.com,กาแฟสด บ้านแบนชะโด,กาแฟสด บ้านแบนชะโด,Khlong Sam Wa District,Asian; Thai,no,Low,0,,,,,openstreetmap,1,+66856772647,18 แบนชะโด 5,10510,overture (meta),overture:9532c66d-05d5-4a9c-93e2-732f413d2324
coffeenabaan.kubon50@gmail.com,กาแฟหน้าบ้าน,กาแฟหน้าบ้าน,Khlong Sam Wa District,Cafe,no,Low,0,,,,,openstreetmap,1,+66917677749,194 Khu Bon Rd,10510,overture (meta),overture:489fdce7-592f-47f3-91fe-d4c578811ea1
zeenzeen0958109110@gmail.com,กินกัน-kinkun ไอศกรีมกะทิสด,กินกัน-kinkun ไอศกรีมกะทิสด,Khlong Sam Wa District,Restaurant,no,Low,0,,,,,openstreetmap,1,+66958109110,ถนนราษฎร์ร่วมใจ แยกบาแลคู้ซ้าย&คู้ขวา\n,10510,overture (meta),overture:ea3c3b1b-2cca-4df2-a9e2-42783a8c695f
p.psserrvice@gmail.com,กินข้าวบ้านทวด •รามอินทรา109•,กินข้าวบ้านทวด •รามอินทรา109•,Khlong Sam Wa District,Restaurant,no,Low,0,,,,,openstreetmap,1,+66868215155,287 ถนน พระยาสุเรนทร์,10510,overture (meta),overture:618df932-9b92-4fe3-98d8-44f3582b59a3
arthittayanutt@hotmail.com,กินดิ โรตีชาชัก ไทยรามัญ,กินดิ โรตีชาชัก ไทยรามัญ,Khlong Sam Wa District,Cafe,no,Low,0,,,,,openstreetmap,1,+66929199187,,,overture (meta),overture:c71a2cf7-e854-466b-9b9f-fe1f34491100
themission_nichapa@hotmail.com,กินปัง ดูดนม,กินปัง ดูดนม,Khlong Sam Wa District,Cafe,no,Low,0,,,,,openstreetmap,1,+66629242056,หทัยราษฎร์,10510,overture (meta),overture:b1a2f13c-4fe5-4cb5-8a67-7dd0c02bf41d
musdeh28@gmail.com,กือดัย 5 ดาว ฮาลาล,กือดัย 5 ดาว ฮาลาล,Khlong Sam Wa District,Asian; Thai,no,Low,0,Local,,https://wongn.ai/p9vcq,support@lmwn.com; pr@lmwn.com,openstreetmap,1,+66816222339,พระยาสุเรนท์ 42,10510,overture (meta),overture:cd120406-17bd-429e-9e51-b6f7ac80f561
guichaibanwan@gmail.com,กุ้ยช่ายบ้านวรรณ  วัดพระยาสุเรนทร์,กุ้ยช่ายบ้านวรรณ  วัดพระยาสุเรนทร์,Khlong Sam Wa District,Asian; Chinese,no,Low,0,Local,,https://www.wongnai.com/r/398433Et?ref=android,jokepae8214@gmail.com; poonyduckfixed@gmail.com; ananchan209239@gmail.com; nokswangaroon@gmail.com; wern_9@hotmail.com; auttapon3397@gmail.com; naruemon.satipjun@gmail.com,openstreetmap,1,+66953649979,45 พระยาสุเรนทร์ 46,10510,overture (meta),overture:a7014be9-ac5f-4423-9af3-b679bc257812
cookchomchuanchim@gmail.com,กุ๊กชมชวนชิม,กุ๊กชมชวนชิม,Khlong Sam Wa District,Restaurant,no,Low,0,,,,,openstreetmap,1,+66653623629,189 Liap Khlong Song Rd,10510,overture (meta),overture:8c91c1a1-b7d5-4b85-982f-f0a12d050342
nattanicha25@gmail.com,ก๋วยจั๊บนายติณ,ก๋วยจั๊บนายติณ,Khlong Sam Wa District,Restaurant,no,Low,0,,,,,openstreetmap,1,+66897449595,4 ถนน เลียบคลองสองตะวันออก,10510,overture (meta),overture:9ea1417d-f4d9-48b7-81a8-e81b14b75640
poomsak_55@hotmail.com,ก๋วยเตี๋ยว อาตี๋,ก๋วยเตี๋ยว อาตี๋,Khlong Sam Wa District,Restaurant,no,Low,0,,,,,openstreetmap,1,+66840207282,270 ถนน เลียบคลองสอง,10510,overture (meta),overture:9837a24d-1d98-4f43-a37b-6174be758ae0
jtrawill2538@gmail.com,ก๋วยเตี๋ยวชามเนื้อ มโนรมย์,ก๋วยเตี๋ยวชามเนื้อ มโนรมย์,Khlong Sam Wa District,Restaurant,no,Low,0,,,,,openstreetmap,1,+66956918125,43/26 Liap Khlong Song 19 Alley,10510,overture (meta),overture:3fb4f3c7-18c5-4bf1-8e1e-b484ce6b020f
chonnasorn@gmail.com,ก๋วยเตี๋ยวต้มยำไข่ออนเซ็นต์ เจ้แพรว,ก๋วยเตี๋ยวต้มยำไข่ออนเซ็นต์ เจ้แพรว,Khlong Sam Wa District,Restaurant,no,Low,0,,,,,openstreetmap,1,+66944594661,"ถนน เลียบคลองสอง, บางชัน, คลองสามวา, กรุงเทพมหานคร 10510, ประเทศไทย",10510,overture (meta),overture:60adcc47-e170-4693-9089-8c8b67d94848
nogamenolifec4@gmail.com,ก๋วยเตี๋ยวน้านา,ก๋วยเตี๋ยวน้านา,Khlong Sam Wa District,Restaurant,no,Low,0,,,,,openstreetmap,1,+66860898971,120 120/1-69 ทหารกองหนุน ซอย 1,10510,overture (meta),overture:d8f437aa-66ed-4482-b727-9e19ff5c14fc
sur7152@gmail.com,ก๋วยเตี๋ยวหลอดเมืองทรัพย์,ก๋วยเตี๋ยวหลอดเมืองทรัพย์,Khlong Sam Wa District,Restaurant,no,Low,0,,,,,openstreetmap,1,+66869081170,18/56 Liap Khlong Song 25 Alley,10510,overture (meta),overture:942ceed3-acf7-48ac-8b90-cc0964f09e30
anusak65@hotmail.com,ก๋วยเตี๋ยวเนื้อตุ๋นหมูตุ๋น พระยาสุเรนทร์สาขา2,ก๋วยเตี๋ยวเนื้อตุ๋นหมูตุ๋น พระยาสุเรนทร์สาขา2,Khlong Sam Wa District,Restaurant,no,Low,0,,,,,openstreetmap,1,+66943073283,,,overture (meta),overture:0c620921-5d6f-49ec-b406-7cdfb49a9313
prakarnokoon@gmail.com,ก๋วยเตี๋ยวเป็ด karncf หทัยราษฏร์ 35,ก๋วยเตี๋ยวเป็ด karncf หทัยราษฏร์ 35,Khlong Sam Wa District,Asian; Japanese,no,Low,0,,,,,openstreetmap,1,+66809273287,49 ซอย21,10510,overture (meta),overture:ced38d76-8692-4816-ae55-98c7f06535d5
ducknoodlessoup.bunghasun@gmail.com,ก๋วยเตี๋ยวเป็ด บังฮาซัน,ก๋วยเตี๋ยวเป็ด บังฮาซัน,Khlong Sam Wa District,Restaurant,no,Low,0,,,,,openstreetmap,1,+66614207482,ถนน พระยาสุเรนทร์ แขวง บางชัน เขต คลองสามวา,10510,overture (meta),overture:bb40307a-20a4-43ba-b742-05054631ac49
nuey1187@gmail.com,ก๋วยเตี๋ยวเรือรุ่งนิรันดร์ สาขา1 รามอินทรา117,ก๋วยเตี๋ยวเรือรุ่งนิรันดร์ สาขา1 รามอินทรา117,Khlong Sam Wa District,Restaurant,no,Low,0,,,,,openstreetmap,1,+66930929109,,,overture (meta),overture:7e84aa67-be8d-464e-a8f4-cc5102112672
kodemoo37@gmail.com,ก๋วยเตี๋ยวโคตรหมู  เปิดทุกวัน เวลา 10:30-16:30น.,ก๋วยเตี๋ยวโคตรหมู  เปิดทุกวัน เวลา 10:30-16:30น.,Khlong Sam Wa District,Restaurant,no,Low,0,,,,,openstreetmap,1,+66926673244,39 หทัยราษฎร์ 26,10510,overture (meta),overture:b72f727e-ba74-4e39-bc73-fd6e4cabf159
karuko.2527@hotmail.com,ก๋วยเตี๋ยวโบราณบ้านยายคาเฟ่,ก๋วยเตี๋ยวโบราณบ้านยายคาเฟ่,Khlong Sam Wa District,Cafe,no,Low,0,,,,,openstreetmap,1,+66847610991,327/3 มบ.เคริชทาวน์,10510,overture (meta),overture:15fcdd1e-62ab-48e9-a61a-71d6fb813fc2
kannika.ckc@gmail.com,ก๋วยเตี๋ยวไก่บุฟเฟต์ ตำนานนัวพระยาสุเรนท์,ก๋วยเตี๋ยวไก่บุฟเฟต์ ตำนานนัวพระยาสุเรนท์,Khlong Sam Wa District,Restaurant,no,Low,0,,,,,openstreetmap,1,,162/1 ถนน พระยาสุเรนทร์,10510,overture (meta),overture:d1b7d206-16a1-47cc-a308-58b2d2ccbb2c
kornsasi.passy@gmail.com,ก๋วยเตี๋ยวไก่มะระบ้านครู,ก๋วยเตี๋ยวไก่มะระบ้านครู,Khlong Sam Wa District,Restaurant,no,Low,0,,,,,openstreetmap,1,+66922416441,213 Phraya Suren Rd,10510,overture (meta),overture:6d7e324f-b1b0-44af-bd9b-6c5099ede4fd
mayrathnanth@gmail.com,ขาหมูหน้าเอื้อ,ขาหมูหน้าเอื้อ,Khlong Sam Wa District,Restaurant,no,Low,0,,,,,openstreetmap,1,+66934689495,ถนนปัญญาอินทรา,10510,overture (meta),overture:d5a1fa19-0cb4-4da2-a3de-4da9e8cd94e8
icejazzhippy1988@gmail.com,ข้าวขาหมู มังกรทอง 999,ข้าวขาหมู มังกรทอง 999,Khlong Sam Wa District,Restaurant,no,Low,0,,,,,openstreetmap,1,+66640384566,40 ถนน นิมิตใหม่,10510,overture (meta),overture:fdc7128a-8eaa-41ef-8dd5-281de292f541
himna.hathairat@gmail.com,ข้าวปุ้นซาวเส้นสด ฮิมนา,ข้าวปุ้นซาวเส้นสด ฮิมนา,Khlong Sam Wa District,Restaurant,no,Low,0,,,,,openstreetmap,1,+66865500559,35/1 ถนน หทัยราษฎร์,10510,overture (meta),overture:96f46796-1a57-4ac6-9d2f-85a85c9df939
khaopadpoomahachai@gmail.com,ข้าวผัดปูมหาชัย สี่แยกซาฟารีเวิลด์,ข้าวผัดปูมหาชัย สี่แยกซาฟารีเวิลด์,Khlong Sam Wa District,Restaurant,no,Low,0,,,,,openstreetmap,1,+66636122419,296,10510,overture (meta),overture:4c3b9b2a-b443-4ba2-875c-15caa747fe24
cat_whiskas@hotmail.com,ข้าวมันไก่นายเล้ง,ข้าวมันไก่นายเล้ง,Khlong Sam Wa District,Asian; Thai,no,Low,0,,,,,openstreetmap,1,+66652326293,กรุงเทพมหานคร,,overture (meta),overture:afe52cae-0b40-4529-af8a-31df8977472e
thatchai.b@gmail.com,ข้าวหมก บางกอก กะเตี๋ยวรสพริก,ข้าวหมก บางกอก กะเตี๋ยวรสพริก,Khlong Sam Wa District,Restaurant,no,Low,0,,,,,openstreetmap,1,+66846154946,26/4 ถนน ราษฎร์อุทิศ,10510,overture (meta),overture:16a2dbdd-f1c3-4f9a-9667-8e684875675a
snowbar09@gmail.com,ข้าวหมูแดง หมูกรอบ เจ้ศรี(เจ้าเก่าบ้านโป่ง),ข้าวหมูแดง หมูกรอบ เจ้ศรี(เจ้าเก่าบ้านโป่ง),Khlong Sam Wa District,Restaurant,no,Low,0,,,,,openstreetmap,1,+66829456949,ข้าวหมูแดง หมูกรอบ เจ้ศรี (เจ้าเก่าบ้านโป่ง 145,10510,overture (meta),overture:5da1626a-ad0e-48da-9489-6b097497ee62
varut_prom@hotmail.com,ข้าวหอม แกงเผ็ด ข้าวแกงพัทลุง,ข้าวหอม แกงเผ็ด ข้าวแกงพัทลุง,Khlong Sam Wa District,Restaurant,no,Low,0,,,,,openstreetmap,1,+66814992266,428/57,10510,overture (meta),overture:328e9fd9-6ccf-4312-a32e-7e76982195bd
aeyaeyaey008@gmail.com,ข้าวแกงปักษ์ใต้,ข้าวแกงปักษ์ใต้,Khlong Sam Wa District,Restaurant,no,Low,0,,,,,openstreetmap,1,+66874339349,บางชัน 376 ถนนเลียบคลอง แขวงบางชัน เขตคลองสามวา,10510,overture (meta),overture:f5a17885-da80-4378-91fb-99ad37ffb00b
modmadkenhlao@gmail.com,ข้าวแกงป้าเม้า,ข้าวแกงป้าเม้า,Khlong Sam Wa District,Restaurant,no,Low,0,,,,,openstreetmap,1,+66962143265,345 ถนน เลียบคลองสอง,10510,overture (meta),overture:ad2849dd-133a-4d53-a80f-fc04b44399db
korntip271023@gmail.com,ครัว มครา เเจ่วฮ้อน,ครัว มครา เเจ่วฮ้อน,Khlong Sam Wa District,Restaurant,no,Low,0,Local,,https://www.wongnai.com/restaurants/2619907EC-%E0%B8%84%E0%B8%A3%E0%B8%B1%E0%B8%A7%E0%B8%A1%E0%B8%84%E0%B8%A3%E0%B8%B2-%E0%B8%95%E0%B8%B2%E0%B8%A1%E0%B8%AA%E0%B8%B1%E0%B9%88%E0%B8%87%E0%B9%84%E0%B8%97%E0%B8%A2-%E0%B8%AD%E0%B8%B5%E0%B8%AA%E0%B8%B2%E0%B8%99-%E0%B8%A2%E0%B8%B3%E0%B8%A3%E0%B8%AA%E0%B9%80%E0%B8%94%E0%B9%87%E0%B8%94-%E0%B8%84%E0%B8%B9%E0%B9%89%E0%B8%9A%E0%B8%AD%E0%B8%99,poonyduckfixed@gmail.com; rangnarak@icloud.com; tmanroaster@gmail.com; kwankamonoaoa@gmail.com; oaoakwankamon@hotmail.com; damlongsakjoy477@gmail.com,venue website,1,+66955801545,Khu Bon Rd,10510,overture (meta),overture:516a2360-b4c2-416c-9152-5e31f34262ed
pudter9@gmail.com,ครัวคุณกิ๊บ ผัดไทยสูตรโบราณ25ปี,ครัวคุณกิ๊บ ผัดไทยสูตรโบราณ25ปี,Khlong Sam Wa District,Asian; Thai,no,Low,0,,,,,openstreetmap,1,+66812668331,174 ถนน คู้บอน,10510,overture (meta),overture:e4db8d35-fce8-40e3-8c46-f3b2c4c7b91b
ruk.orawan@gmail.com,ครัวคุณวรรณ อร่อยตามสั่ง,ครัวคุณวรรณ อร่อยตามสั่ง,Khlong Sam Wa District,Restaurant,no,Low,0,,,,,openstreetmap,1,+66818172492,688 58 Soi Mu Ban Hathai Rat,10510,overture (meta),overture:f2863a61-cc75-45ae-a3f0-f11f4f127ac7
sakuna_hana@outlook.com,ครัวบ้านเด่นดวง,ครัวบ้านเด่นดวง,Khlong Sam Wa District,Restaurant,no,Low,0,,,,,openstreetmap,1,+66869965886,75 Pracha Ruam Chai 50 Alley,10510,overture (meta),overture:c72356b2-73b1-4cac-83c4-3b19a2cff4f9
dakitchen.usana@hotmail.com,ครัวป้าดาอาหารปักใต้,ครัวป้าดาอาหารปักใต้,Khlong Sam Wa District,Restaurant,no,Low,0,,,,,openstreetmap,1,+66970945621,Khu Bon Rd,10510,overture (meta),overture:15510a13-a087-4a9f-8972-b31afcd5f1fb
rapaksornrestaurant@gmail.com,ครัวรภัคสร,ครัวรภัคสร,Khlong Sam Wa District,Restaurant,no,Low,0,,,https://kruarapaksorn.com/,,openstreetmap,1,+66823646629,57/15 109 Ram Inthra Rd,10510,overture (meta),overture:2f6fb77f-60c9-4ea0-90a1-2c04abaf11bd
maneerut_royprakon22@hotmail.com,ครัวรักษ์สวน&นิมิตรคาเฟ่,ครัวรักษ์สวน&นิมิตรคาเฟ่,Khlong Sam Wa District,Restaurant,no,Low,0,,,,,openstreetmap,1,+66909633674,56 ถนน นิมิตใหม่,10510,overture (meta),overture:891d981f-8c05-4d32-9053-5eb4252ee773
nuttymojisang@gmail.com,ครัวลาบเป็ดในตำนาน,ครัวลาบเป็ดในตำนาน,Khlong Sam Wa District,Restaurant,no,Low,0,,,,,openstreetmap,1,+66984592085,99/817 ซอย 4,10510,overture (meta),overture:c25c7888-3128-4835-b2b9-2598d8d08074
chalida_55@hotmail.com,ครัวอนงค์ก๋วยเตี๋ยวต้มยำ,ครัวอนงค์ก๋วยเตี๋ยวต้มยำ,Khlong Sam Wa District,Restaurant,no,Low,0,,,,,openstreetmap,1,+66982876574,ซอย พระยาสุเรนทร์ 48,10510,overture (meta),overture:65329eff-5147-407a-aff1-e7dbb3636102
kate17011993@gmail.com,ครัวอิงน้ำ,ครัวอิงน้ำ,Khlong Sam Wa District,Restaurant,no,Low,0,,,,,openstreetmap,1,+66832138541,446 แขวงบางชัน เขตคลองสามวา,10510,overture (meta),overture:ca090c21-e283-4a32-b39e-f963cfd60a4b
ladd8821@gmail.com,ครัวอิ่มแซ่บ,ครัวอิ่มแซ่บ,Khlong Sam Wa District,Restaurant,no,Low,0,,,,,openstreetmap,1,+66659415412,พระยาสุเรนทร์ 7 แขวงบางบางชัน เขตคลองสามวา,10510,overture (meta),overture:9387de51-90e5-48c4-ac6a-27ab8b142733
samannajuta7219@gmail.com,ครัวฮาลาล ถ.หทัยราษฎร์ 41 ติด7-11 ติดหมู่บ้านฮาบิเทียออร์บิต Habitia Orbit,ครัวฮาลาล ถ.หทัยราษฎร์ 41 ติด7-11 ติดหมู่บ้านฮาบิเทียออร์บิต Habitia Orbit,Khlong Sam Wa District,Asian; Thai,no,Low,0,,,,,openstreetmap,1,+66809161146,505 ถนน หทัยราษฎร์,10510,overture (meta),overture:eee51c02-d3e0-4bce-8e4f-a2af702fc4a3
kenji.zusurun@gmail.com,ครัวเคนจิ,ครัวเคนจิ,Khlong Sam Wa District,Restaurant,no,Low,0,,,,,openstreetmap,1,+66624718678,891 ถนน หทัยราษฎร์,10510,overture (meta),overture:0121a0f4-1c15-4bfe-bf8e-3bd3865e6bc4
inhousefood2020@gmail.com,ครัวเชฟหนิง,ครัวเชฟหนิง,Khlong Sam Wa District,Restaurant,no,Low,0,,,,,openstreetmap,1,+66657019688,84/29 ถ.บางศรีเมือง,11000,overture (meta),overture:333c51b3-7ed9-412e-83cc-48eecb45fb7e
wiwa2901@gmail.com,ครัวเช็คอินท์ริมคลอง,ครัวเช็คอินท์ริมคลอง,Khlong Sam Wa District,Restaurant,no,Low,0,,,,,openstreetmap,1,+66979718969,588 ถนน นิมิตใหม่,10510,overture (meta),overture:17c964ae-3971-4bae-8fca-597c1c08c178
fcjsy.golf@gmail.com,ครัวเม็งราย,ครัวเม็งราย,Khlong Sam Wa District,Restaurant,no,Low,0,,,,,openstreetmap,1,+66909818425,โครงการเจริญทรัพย์พลาซ่า,10510,overture (meta),overture:8207b903-86d9-4995-b2d6-8d043b1619a0
wsomgumnerd@hotmail.com,ครัวแล้วแต่ปุ๊ หทัยราษฎร์,ครัวแล้วแต่ปุ๊ หทัยราษฎร์,Khlong Sam Wa District,Restaurant,no,Low,0,,,,,openstreetmap,1,+66963398289,"ถ. หทัยราษฎร์ Sam Wa Tawan Tok, Khlong Sam Wa, กรุงเทพมหานคร 10510",10510,overture (meta),overture:c7657e03-57c6-49af-8414-e57f16bd109f
mai-namkitchen@gmail.com,ครัวไม้หนาม-ตามใจสั่งและขนมจีนน้ำยา,ครัวไม้หนาม-ตามใจสั่งและขนมจีนน้ำยา,Khlong Sam Wa District,Restaurant,no,Low,0,,,,,openstreetmap,1,+66641942426,57 คู้บอน,10510,overture (meta),overture:6b45db4f-687e-47e2-a1b7-c0e89e41b8f0
piyaboon2310@gmail.com,ครูกล้วย เบญจรส สาขา 1หนองระแหง,ครูกล้วย เบญจรส สาขา 1หนองระแหง,Khlong Sam Wa District,Asian; Japanese,no,Low,0,,,,,openstreetmap,1,+66656977428,2 ซอย หนองระแหง 4 แยก 5,10510,overture (meta),overture:af041886-ca45-4a04-aa85-389a644f1edf
maancoff@gmail.com,คอฟฟี่แม้น,คอฟฟี่แม้น,Khlong Sam Wa District,Cafe,no,Low,0,,,,,openstreetmap,1,+66830377999,ถ.พระยาสุเรนทร์ แขวงบางชัน เขตคลองสามวา,10510,overture (meta),overture:8b21419c-7328-4662-adda-22bb1c73215a
kubon.corenuea@gmail.com,คอร์เนื้อ ยากินิกุ สาขาคู้บอน CoreNuea Yakiniku 焼肉,คอร์เนื้อ ยากินิกุ สาขาคู้บอน CoreNuea Yakiniku 焼肉,Khlong Sam Wa District,Asian; Japanese,no,Low,0,,,,,openstreetmap,1,+66629614466,5 ถนน คู้บอน,10510,overture (meta),overture:ffd6f3c8-b3a6-4043-881c-42af77542f02
pindara1509@gmail.com,คาเฟ่ ใจกลางสวน,คาเฟ่ ใจกลางสวน,Khlong Sam Wa District,Restaurant,no,Low,0,,,,,openstreetmap,1,+66967046424,445 วัดสุขใจ 15,10510,overture (meta),overture:cc64e2b3-f593-4a92-ba84-3200c206b048
cchongpa.cc@gmail.com,คาเฟ่ชาวเกาะ,คาเฟ่ชาวเกาะ,Khlong Sam Wa District,Cafe,no,Low,0,,,,,openstreetmap,1,+66823966519,417 ถ. หทัยราษฎร์,10510,overture (meta),overture:f4c10b5d-1395-4058-854c-e7b5428df629
naikunpochana@gmail.com,คุงโภชนารามอินทรา,คุงโภชนารามอินทรา,Khlong Sam Wa District,Takeaway,no,Low,0,,,,,openstreetmap,2,+66654695962,54 ซอย คู้บอน 40,10510,overture (meta),overture:a721b8ee-390d-473a-bdbc-b53395c1c447
noree081@gmail.com,คุณโนรี Halal Food,คุณโนรี Halal Food,Khlong Sam Wa District,Asian; Halal; Thai,no,Low,0,,,,,openstreetmap,1,+66819135136,101 ถนนประชาร่วมใจ ทรายกองดินใต้ คลองสามวา,10510,overture (meta),overture:e5da787a-5774-4e38-9031-a46e25f4aa67
keovalin2019@gmail.com,คําม่วน แหนมเนือง,คําม่วน แหนมเนือง,Khlong Sam Wa District,Restaurant,no,Low,0,,,,,openstreetmap,1,+66995898893,297/8 ถ. หทัยราษฎร์,10510,overture (meta),overture:8b8cbcd4-eb3f-4a76-878b-ac949570be8a
chanhom.homecafe@gmail.com,จันทร์หอม โฮมคาเฟ่‘,จันทร์หอม โฮมคาเฟ่‘,Khlong Sam Wa District,Cafe,no,Low,0,,,,,openstreetmap,1,+66987120020,15 ซอยสามวา8 แขวงบางชัน เขตคลองสามวา กทม.,10510,overture (meta),overture:12995f16-9b22-40f2-a757-c6af22c18e5f
suwanna82288@gmail.com,ชาตันหยง สาขา ม.พฤกษาวิลล์3,ชาตันหยง สาขา ม.พฤกษาวิลล์3,Khlong Sam Wa District,Cafe,no,Low,0,,,,,openstreetmap,1,+66864139953,13 สุเหร่าคลองหนึ่ง 5,10510,overture (meta),overture:86b71f3f-fab8-4666-83bf-b698c514307f
chapayom.intra1982@gmail.com,ชาพะยอม สาขาถนนปัญญาอินทรา,ชาพะยอม สาขาถนนปัญญาอินทรา,Khlong Sam Wa District,Cafe,no,Low,0,,,,,openstreetmap,1,+66830840342,,,overture (meta),overture:aa10f6cb-8300-4d12-949d-0c47d2ad0e55
prapatchaya.k@gmail.com,ชิลกัญ ริมน้ำ,ชิลกัญ ริมน้ำ,Khlong Sam Wa District,Restaurant,no,Low,0,,,,,openstreetmap,1,+66654423653,,,overture (meta),overture:17398be8-1013-4747-8509-3170f7ab9488
sine.kirdnoi@gmail.com,ซากานิ เบเกอรี่,ซากานิ เบเกอรี่,Khlong Sam Wa District,Bakery,no,Low,0,,,,,openstreetmap,1,+66853288992,ร้านซากานิ เบเกอรี่ เลขที่ 791 Thanon Charoen phatthana,10510,overture (meta),overture:c70ff8bd-7142-4324-b288-f6cdfce5f01b
phinikicl@gmail.com,ซูชิมั้ย สาขาพระยาสุเรนทร์,ซูชิมั้ย สาขาพระยาสุเรนทร์,Khlong Sam Wa District,Restaurant,no,Low,0,,,,,openstreetmap,1,+66989929313,ซ พระยาสุเรนทร์ 7 ถนน พระยาสุเรนทร์ แขวง บางชัน เขต คลองสามวา ,10510,overture (meta),overture:f6ee9a71-ac3e-474f-b22c-746e6f0496c9
somboon-u@hotmail.com,ซูชิร็อค,ซูชิร็อค,Khlong Sam Wa District,Asian; Sushi,no,Low,0,,,,,openstreetmap,1,+66841043430,428/91 ถนนพระยาสุเรนทร์ แขวงบางชัน เขตคลองสามวา,10510,overture (meta),overture:a236af45-77e0-4ca5-a83f-cdd8b9c2df21
amppere.amppere@gmail.com,ดอยหมึงคาเฟ่,ดอยหมึงคาเฟ่,Khlong Sam Wa District,Cafe,no,Low,0,,,,,openstreetmap,1,+66953499586,"57, 16 ซอย สาม 13",10510,overture (meta),overture:bca04b62-0042-4be2-8d91-739906e54d1d
yukabaa@hotmail.com,ดูดเพลิน ตลาดสุวรรณเกลียวทอง,ดูดเพลิน ตลาดสุวรรณเกลียวทอง,Khlong Sam Wa District,Restaurant,no,Low,0,,,,,openstreetmap,1,+66830306469,"หทัยราษฎร์ 31, บางชัน, คลองสามวา, กรุงเทพมหานคร 10510, ประเทศไทย",10510,overture (meta),overture:19ea1f5e-2d27-4e67-9845-fefdc11cb2d9
apaiwiang@outlook.com,ตนบางนรา,ตนบางนรา,Khlong Sam Wa District,Restaurant,no,Low,0,,,,,openstreetmap,1,+66970364435,83/88 ถนน สามวา,10510,overture (meta),overture:110ce057-2f70-45de-b178-250a266e4f76
suthep255731@gmail.com,"ตลาดร่มโพธิ,ถนนเลียบคลองสอง,เขตคลองสามวา","ตลาดร่มโพธิ,ถนนเลียบคลองสอง,เขตคลองสามวา",Khlong Sam Wa District,Restaurant,no,Low,0,,,,,openstreetmap,1,+66814431188,,,overture (meta),overture:a32b4488-f1c6-4ec8-9ac9-a596142bf772
papungkorn.batty@gmail.com,ตั้งใจตุ๋น ก๋วยเตี๋ยว เกาเหลา เนื้อตุ๋น หมูตุ๋น สูตรตุ๋นยาจีน,ตั้งใจตุ๋น ก๋วยเตี๋ยว เกาเหลา เนื้อตุ๋น หมูตุ๋น สูตรตุ๋นยาจีน,Khlong Sam Wa District,Restaurant,no,Low,0,,,,,openstreetmap,1,+66866963181,,,overture (meta),overture:6d66fe1d-025c-4a7d-9d3e-dd47b88433eb
thongwong1017@gmail.com,ตามสั่งพระยาสุเรนทร์25,ตามสั่งพระยาสุเรนทร์25,Khlong Sam Wa District,Restaurant,no,Low,0,,,,,openstreetmap,1,+66829257329,42/41 Phraya Suren 25 Alley,10510,overture (meta),overture:f71176f1-d02b-4f41-ab26-1b849c1194e3
tamlanthungdigital@gmail.com,ตำลั่นทุ่ง,ตำลั่นทุ่ง,Khlong Sam Wa District,Restaurant,no,Low,0,Local,,https://tamlanthung.com/,,openstreetmap,1,+66906504943,138 2 คลอง,10510,overture (meta),overture:cbb46afd-86eb-4dfe-8d64-482364c804b1
teeluakteiw@gmail.com,ตี๋ลวกเตี๋ยว ก๋วยเตี๋ยวต้มยำมะนาวรสเด็ด,ตี๋ลวกเตี๋ยว ก๋วยเตี๋ยวต้มยำมะนาวรสเด็ด,Khlong Sam Wa District,Takeaway,no,Low,0,Local,,https://wongn.ai/21mt2y,support@lmwn.com; pr@lmwn.com,openstreetmap,1,+66997824999,28/3 ถนน เลียบคลองสอง,10510,overture (meta),overture:8da88a57-d848-4e7e-83c2-ae1f68b63c0d
tipthaifood1996@gmail.com,ต้นตำรับพริกแกงใต้ พริกแกงทิพย์ไทย,ต้นตำรับพริกแกงใต้ พริกแกงทิพย์ไทย,Khlong Sam Wa District,Restaurant,no,Low,0,,,,,openstreetmap,1,+66941725482,,,overture (meta),overture:543dfc02-ed21-4465-8e6f-9478629073ed
kasidej_123@hotmail.com,ทรงเสด็จเป็ดย่าง by EAZY,ทรงเสด็จเป็ดย่าง by EAZY,Khlong Sam Wa District,Restaurant,no,Low,0,,,,,openstreetmap,1,+66839245997,172 หทัยราษฎร์ 39,10510,overture (meta),overture:e8774e68-8ba8-49fd-9050-4b2410e69cf7
nokhaomungainolife@gmail.com,ทอดด‘ดี,ทอดด‘ดี,Khlong Sam Wa District,Asian; Thai,no,Low,0,,,,,openstreetmap,1,+66892422726,ไทยรามัญ,10510,overture (meta),overture:2937adc5-d69e-42af-9fea-1fb561c6b97f
mamasteak.info@gmail.com,ที่นี่น้ำเต้าหู้ - น้ำเต้าหู้ หมี่หวาน นมสด,ที่นี่น้ำเต้าหู้ - น้ำเต้าหู้ หมี่หวาน นมสด,Khlong Sam Wa District,Bar,no,Low,0,Local,,https://mamasteak-original.my.canva.site/steak,,openstreetmap,1,+66964974262,119 พระยาสุเรนทร์ 23,10510,overture (meta),overture:477dc791-8d6f-4629-9c10-99bd7314628a
phonsongkuntima@gmail.com,นมตราหมีปั่น คลองสามวา,นมตราหมีปั่น คลองสามวา,Khlong Sam Wa District,Cafe,no,Low,0,,,,,openstreetmap,1,,57 เลียบคลองสอง 9,10510,overture (meta),overture:b0885447-033d-4f5c-879b-5d1ceba51b56
pratana.nooea@gmail.com,นมหก กาแฟโบราณ,นมหก กาแฟโบราณ,Khlong Sam Wa District,Restaurant,no,Low,0,,,,,openstreetmap,1,+66658322339,ประชาร่วมใจ25,10510,overture (meta),overture:3f8df77d-c918-4387-aea0-32a4d0da9c51
10kanyarat@gmail.com,นะเนยเครป,นะเนยเครป,Khlong Sam Wa District,Restaurant,no,Low,0,,,,,openstreetmap,1,+66943364261,172 Soi Wat Paeng Thong,10510,overture (meta),overture:2632b687-8581-4652-bca2-4dcef1349a16
harlem1239@hotmail.com,นาเจริญค้าข้าว ข้าวสาร รามอินทรา 109 พระยาสุเรนทร์,นาเจริญค้าข้าว ข้าวสาร รามอินทรา 109 พระยาสุเรนทร์,Khlong Sam Wa District,Restaurant,no,Low,0,,,,,openstreetmap,1,+66939571727,109 ถนน รามอินทรา,10510,overture (meta),overture:547c79ef-6296-41f2-9c36-5727e80a7023
baqua2564@gmail.com,น้ำดื่ม บาควา - Baqua,น้ำดื่ม บาควา - Baqua,Khlong Sam Wa District,Restaurant,no,Low,0,,,,,openstreetmap,1,+66950569222,26/3 ถนน หนองระแหง,10510,overture (meta),overture:613d5b1b-ee13-4e95-af8f-f80c5b0b8af8
anurak.nia@gmail.com,น้ำยาปูเกาะภูเก็ต,น้ำยาปูเกาะภูเก็ต,Khlong Sam Wa District,Restaurant,no,Low,0,,,,,openstreetmap,1,+66661656393,1509 Phraya Suren Rd,10510,overture (meta),overture:a3e42710-e605-4fee-baa7-7145ace73544
sudarut1405@gmail.com,บังบัง ข้าวกล่อง ฮาลาล,บังบัง ข้าวกล่อง ฮาลาล,Khlong Sam Wa District,Restaurant,no,Low,0,Local,,https://static.robinhood.in.th/app_link.html?URI=robinhoodth%3A%2F%2Fmerchantlanding%2Fid%2F48370,,openstreetmap,1,+66896726532,59 ถนน ประชาร่วมใจ,10510,overture (meta),overture:a9df811c-ec2c-4b2c-a785-cfb6d78554ec
chnnikantlikhitserikul@gmail.com,บัวลอย๔อนงค์ สาขา3 เลียบคลองสอง,บัวลอย๔อนงค์ สาขา3 เลียบคลองสอง,Khlong Sam Wa District,Cafe,no,Low,0,,,,,openstreetmap,1,+66631969439,ถนน เลียบคลองสอง,10510,overture (meta),overture:63cfb40a-b619-4a04-b65b-0a2b7d413954
arayamaleelog1@gmail.com,บายใจ บาร์,บายใจ บาร์,Khlong Sam Wa District,Restaurant,no,Low,0,,,,,openstreetmap,1,+66945912947,155 ประชาร่วมใจ 11,10510,overture (meta),overture:6b821ce8-c37c-469c-8bfa-35b9234186b2
food@tennen.co.th,บีกิน begin 90's ห้อยขา มีนบุรี,บีกิน begin 90's ห้อยขา มีนบุรี,Khlong Sam Wa District,Bar,no,Low,0,,,,,openstreetmap,1,+66622469398,78 9 ถ. หทัยราษฎร์,10510,overture (meta),overture:b22244bf-c74e-4fb5-b1d6-84d3d2862552
09908424759ggg@gmail.com,บ่อตกปลาสวนไผ่ ฟิชชิ่ง,บ่อตกปลาสวนไผ่ ฟิชชิ่ง,Khlong Sam Wa District,Restaurant,no,Low,0,,,,,openstreetmap,1,+66979496441,Pracha Ruam Chai 43 Alley,10510,overture (meta),overture:9e9fa49e-9ab8-4c52-acfb-58fdcad91f58
namnomcafe@gmail.com,บ้านน้ำนม,บ้านน้ำนม,Khlong Sam Wa District,Asian; Thai,no,Low,0,,,,,openstreetmap,1,+66825261545,19/4 ถนนราษฎร์ร่วมใจ แขวงทรายกองดินใต้ เขตคลองสามวา  https://goo.gl/maps/PbrNFakqGHbuK3JA6,10510,overture (meta),overture:fd1e0bd5-bae7-481d-ad73-5fab46a3bb58
rathameth@hotmail.com,บ้านพันช้างCoffee&design by รัฐฐะเมธ,บ้านพันช้างCoffee&design by รัฐฐะเมธ,Khlong Sam Wa District,Cafe,no,Low,0,,,,,openstreetmap,1,+66873454670,3 ถนน หทัยราษฎร์,10510,overture (meta),overture:ac22a29f-05b5-4ea7-bc07-65a06c43ea43
banlodchongt@gmail.com,บ้านลอดช่องไท ลอดช่องมีนบุรี,บ้านลอดช่องไท ลอดช่องมีนบุรี,Khlong Sam Wa District,Asian; Thai,no,Low,0,,,,,openstreetmap,1,+66644696945,ถนน สามวา,10510,overture (meta),overture:5617f112-d09a-4ada-9e3f-e1b2d2d61a90
wasana7483@gmail.com,บ้านอุมมีcoffee&tea,บ้านอุมมีcoffee&tea,Khlong Sam Wa District,Cafe,no,Low,0,,,,,openstreetmap,1,+66840002897,5 ไมตรีจิต 7,10510,overture (meta),overture:78581167-e1e2-4b94-a745-35df95b3f425
meangplapao888@gmail.com,ป.ปลา ตำ ยำ ถนนพระยาสุเรนทร์ สาขา2,ป.ปลา ตำ ยำ ถนนพระยาสุเรนทร์ สาขา2,Khlong Sam Wa District,Restaurant,no,Low,0,,,,,openstreetmap,1,+66842195349,,,overture (meta),overture:82933d1a-c9c6-40df-bb96-8219d9cc2e59
punpim26@gmail.com,ปริมหมูกระทะ,ปริมหมูกระทะ,Khlong Sam Wa District,Asian; Thai,no,Low,0,,,,,openstreetmap,1,+66639363239,ถนนปัญญาอินทรา (ซาฟารีเวิลด์) แขวงสามวาตะวันตก เขตคลองสามวา ,10510,overture (meta),overture:89b9e24a-5e75-4ea1-9b96-f4c6c072403a
narongjangsan@gmail.com,ปริศนา น้ำดื่มดี ราคาถูก,ปริศนา น้ำดื่มดี ราคาถูก,Khlong Sam Wa District,Restaurant,no,Low,0,,,,,openstreetmap,1,+66646537133,446ถนนเลียบคลองสองแขวงบางชันเขตคลองสามวากรุงเทพฯ,10510,overture (meta),overture:c2c93413-a6cd-4605-9591-8b8914bae70d
winsamwa@gmail.com,ปลายนา คลองสามวา,ปลายนา คลองสามวา,Khlong Sam Wa District,Asian; Thai,no,Low,0,,,,,openstreetmap,1,+66832594963,ร้านกะเตี๋ยวปลายนา,10510,overture (meta),overture:0ab425d9-6c73-4244-b302-f7b69e722172
wuttichai.chok9@gmail.com,ปังถ่าน แฟสด,ปังถ่าน แฟสด,Khlong Sam Wa District,Restaurant,no,Low,0,,,,,openstreetmap,1,+66898191881,31/4 ถนน พระราม 2,10150,overture (meta),overture:36f0e4ef-b7d1-49ae-b73e-2fa49a6fcceb
teamomay.pk@gmail.com,ปังนมสด Station,ปังนมสด Station,Khlong Sam Wa District,Restaurant,no,Low,0,,,,,openstreetmap,1,+66923979985,ร้านปังนมสด Station ถนน เลียบคลองสอง\nแขวง บางชัน เขตคลองสามวา กรุงเทพมหานคร 10510,10510,overture (meta),overture:7fbc9cfc-ef2d-4466-8ba6-7817fe701a30
pang.bangkok.th@gmail.com,ปังบางกอก สังขยา โทสต์ บิงซู - Pangbangkok,ปังบางกอก สังขยา โทสต์ บิงซู - Pangbangkok,Khlong Sam Wa District,Cafe,no,Low,0,,,,,openstreetmap,1,+66836141741,Jas green khubon,10510,overture (meta),overture:3467a528-8c8f-4439-ae38-bcf0aa3581d8
partyseafoods@gmail.com,ปาร์ตี้ ซีฟู้ด,ปาร์ตี้ ซีฟู้ด,Khlong Sam Wa District,Seafood,no,Low,0,Local,,https://www.wongnai.com/restaurants/partyseafood,jokepae8214@gmail.com; poonyduckfixed@gmail.com; bnpcuisine@gmail.com; susirihouse@gmail.com; qkung555@gmail.com; toommeng589@gmail.com; baannumsod@gmail.com,openstreetmap,1,+66625459444,78 Khu Bon Rd,10510,overture (meta),overture:95351fdd-d4cf-4717-8575-957385669dd8
pintokitchen2242@gmail.com,ปิ่นโต อร่อยตามสั่ง,ปิ่นโต อร่อยตามสั่ง,Khlong Sam Wa District,Restaurant,no,Low,0,,,,,openstreetmap,1,+66618881442,186 Thanon Thai Raman,10510,overture (meta),overture:53f77adb-b2c2-45c3-9f9c-033d9df2ec12
bumbrown_gt@hotmail.com,ป้านิกินแซ่บ,ป้านิกินแซ่บ,Khlong Sam Wa District,Asian; Thai,no,Low,0,,,,,openstreetmap,1,+66967965954,ถนนเลียบคลองสอง,10510,overture (meta),overture:b51085c2-4345-4263-a971-16c2c908aa32
punyanooch@gmail.com,ผลไม้สดปั่น ชา กาแฟ -Family Fruit&Drink,ผลไม้สดปั่น ชา กาแฟ -Family Fruit&Drink,Khlong Sam Wa District,Cafe,no,Low,0,,,,,openstreetmap,1,,99/91 หมู่บ้านร่มทิพย์,10510,overture (meta),overture:d867fa94-6fd2-4596-be9e-eb096524f409
landscape2472@gmail.com,พะโล้หมาล่าเนื้อ,พะโล้หมาล่าเนื้อ,Khlong Sam Wa District,Cafe,no,Low,0,,,,,openstreetmap,1,+66984939897,6 ซ. พระยาสุเรนทร์ 16 แยก 1-3,10510,overture (meta),overture:d5db821a-e813-4c4b-9eb4-b78bf31ad85b
dear-deedlordgang-green@hotmail.com,พิณวา กาแฟสด,พิณวา กาแฟสด,Khlong Sam Wa District,Cafe,no,Low,0,,,,,openstreetmap,1,+66830394814,17/5 Nong Rahaeng 4,10510,overture (meta),overture:cf5b7530-f658-4458-85b5-871ac72fcad4
stevesmoeng@gmail.com,พี่สตีฟ ปังปิ้ง&นมสด&กาแฟสด&สังขยา,พี่สตีฟ ปังปิ้ง&นมสด&กาแฟสด&สังขยา,Khlong Sam Wa District,Cafe,no,Low,0,,,,,openstreetmap,1,+66858402412,1521 ถนน พระยาสุเรนทร์,10510,overture (meta),overture:e4a1661a-8f22-48da-888d-a33ecc68eb04
mtk23561@gmail.com,พูนทรัพย์ หมูกระทะ,พูนทรัพย์ หมูกระทะ,Khlong Sam Wa District,Restaurant,no,Low,0,,,,,openstreetmap,1,+66996164729,พูนทรัพย์ หมูกระทะ 158 Thanon Thai Raman,10510,overture (meta),overture:73ef4c98-91bc-491f-a1ea-8bea97c78b0d
phoomiphat225252245@gmail.com,ฟาร์มแกะ วัดพระยาสุเรนทร์,ฟาร์มแกะ วัดพระยาสุเรนทร์,Khlong Sam Wa District,Cafe,no,Low,0,,,,,openstreetmap,1,+66969459445,32 ซอย พระยาสุเรนทร์ 50,10510,overture (meta),overture:c6e5aabe-f590-42b3-8a89-65eae37533a9
monroti.2022@gmail.com,มนต์โรตี ซีเคร็ท (MonRoti Secret),มนต์โรตี ซีเคร็ท (MonRoti Secret),Khlong Sam Wa District,Restaurant,no,Low,0,,,,,openstreetmap,1,+66881233185,35/579 หมู่บ้านเนเบอร์โฮม,10510,overture (meta),overture:0846fb95-5b56-4815-b4fc-400d86ae9788
tidar_444@hotmail.com,มารุชา ไทยรามัญ,มารุชา ไทยรามัญ,Khlong Sam Wa District,Cafe,no,Low,0,,,,,openstreetmap,1,,81 ถนน ไทยรามัญ,10510,overture (meta),overture:50834b42-917f-46a9-9f9e-672c38badbfe
malacrepe@gmail.com,มาลาเครป&โตเกียว,มาลาเครป&โตเกียว,Khlong Sam Wa District,Bakery,no,Low,0,,,,,openstreetmap,1,+66815664174,"10510, กรุงเทพมหานคร, Thailand",10510,overture (meta),overture:5fc8248b-e466-4a9d-8497-638d495acccd
suwina31.10.1982@gmail.com,มาแซ่บแคมป์,มาแซ่บแคมป์,Khlong Sam Wa District,Restaurant,no,Low,0,,,,,openstreetmap,1,+66841046999,394 ถนนไทยรามัญ แขวงสามวาตะวันตก เขตคลองสามวา ,10510,overture (meta),overture:41f9c7e2-ec87-4f52-82eb-2dbab308bb5f
khunnahh@gmail.com,มุมต๊าซก๋วยเตี๋ยวเรือฮาลาล,มุมต๊าซก๋วยเตี๋ยวเรือฮาลาล,Khlong Sam Wa District,Asian; Japanese,no,Low,0,,,,,openstreetmap,1,+66870835252,มัสยิดดารุ้ลอิบาดะห์ สามวา,10510,overture (meta),overture:de665401-88de-4d6d-86ca-19b03481ba57
sarochau321@gmail.com,มูซาข้าวมันไก่ - สาขาตลาดต้นไม้ร่มใจ,มูซาข้าวมันไก่ - สาขาตลาดต้นไม้ร่มใจ,Khlong Sam Wa District,Restaurant,no,Low,0,,,,,openstreetmap,1,+66902699950,29 ถนน ประชาร่วมใจ,10510,overture (meta),overture:71924081-a532-46d5-ab60-19a01b84aa85
ikhun.sw.55@gmail.com,ยะห์ยา ฮาลาลฟู้ด สามวา,ยะห์ยา ฮาลาลฟู้ด สามวา,Khlong Sam Wa District,Restaurant,no,Low,0,,,,,openstreetmap,1,+66892304962,,,overture (meta),overture:320754f1-98c0-46c0-981c-74b8125b2b64
jatuporn.j999techcom@gmail.com,ยำปรุงสุข,ยำปรุงสุข,Khlong Sam Wa District,Restaurant,no,Low,0,,,,,openstreetmap,1,+66874224454, 81 ซ.พระยาสุเรยทร์ 17 บางชัน คลองสามวา,10510,overture (meta),overture:0c6bec46-62bc-4381-9aa8-39df7bc1ff07
nummmm18@gmail.com,ยำแซ่บ แปดแสน,ยำแซ่บ แปดแสน,Khlong Sam Wa District,Restaurant,no,Low,0,,,,,openstreetmap,1,+66626206444,59/111ถนนพระยาสุเรนทร์ ติด Phraya Suren 8 Alley,10510,overture (meta),overture:21fc714c-f6a1-4cb3-8c14-cfb26c119d7b
thanawat.jong@gmail.com,ยิ่งกี๋ เป็ดย่างฮ่องกง,ยิ่งกี๋ เป็ดย่างฮ่องกง,Khlong Sam Wa District,Asian; Chinese,no,Low,0,,,,,openstreetmap,1,+6625402161,,10510,overture (meta),overture:ac44bb27-f2ab-41f1-80b1-fd1473d7a7c3
prart.sutta@gmail.com,ระนองซีฟู้ด,ระนองซีฟู้ด,Khlong Sam Wa District,Seafood,no,Low,0,,,,,openstreetmap,1,+66814538015,23 ถนน หทัยราษฎร์,10510,overture (meta),overture:a1f56bbc-a8eb-4b64-936f-adccef631849
n1969@live.com.au,รัก ใบเขียว,รัก ใบเขียว,Khlong Sam Wa District,Cafe,no,Low,0,,,,,openstreetmap,1,+66863661886,53 Thanon Surao Khlong Nueng,10510,overture (meta),overture:9b65dc30-5405-48b6-8c77-69d5edb43484
rachathaleseafoods@gmail.com,ราชาทะเล,ราชาทะเล,Khlong Sam Wa District,Seafood,no,Low,0,,,,,openstreetmap,1,+66820984556,15-35 Thanon Rat Ruam Chai Road,10510,overture (meta),overture:bd675f20-ff4e-430b-80c6-94e41a52e986
liverpooffc3@gmail.com,ราดหน้านายดื้อจัดให้,ราดหน้านายดื้อจัดให้,Khlong Sam Wa District,Restaurant,no,Low,0,,,,,openstreetmap,1,+66865997266,277 คองสามวา,10510,overture (meta),overture:d049d03f-60e4-4784-b0cb-e8ea692ff112
kitchen1824@gmail.com,ร้าน ขนมหวานบ้านชายโช,ร้าน ขนมหวานบ้านชายโช,Khlong Sam Wa District,Asian; Thai,no,Low,0,,,,,openstreetmap,1,+66863624224,Rkpark2รามอินทรา-ซาฟารี​,10510,overture (meta),overture:5231f0ec-e23b-4e48-aad7-61cbd6ff0a01
sensodbeersod@gmail.com,ร้าน ตำเส้นสด เบียร์สด,ร้าน ตำเส้นสด เบียร์สด,Khlong Sam Wa District,Restaurant,no,Low,0,,,,,openstreetmap,1,+66649892265,สุเหร่าคลองหนึ่ง (กีบหมู),10510,overture (meta),overture:859b8ba9-dc7b-4b53-82ef-76ee3f5b8e82
m.hoktupsong90@gmail.com,ร้าน ม.6/2 '1990,ร้าน ม.6/2 '1990,Khlong Sam Wa District,Asian; Thai,no,Low,0,,,,,openstreetmap,1,+66817105695,1008 ถนน พระยาสุเรน แขวง บางชัน เขต คลองสามวา กรุงเทพ 10510,10510,overture (meta),overture:0de670fd-51aa-4e7a-adb8-1ba1f0e129f6
kittawit.non@gmail.com,ร้าน แซ่บสุดสาก ตำ ยำแซ่บ at 33,ร้าน แซ่บสุดสาก ตำ ยำแซ่บ at 33,Khlong Sam Wa District,Restaurant,no,Low,0,,,,,openstreetmap,1,+66661611222,1 18 Hathai Rat 33,10510,overture (meta),overture:f4c48018-2d75-4309-8390-8aa35ff67260
enjoymoney.888@gmail.com,ร้านกาแฟ 7 ว่าดัด,ร้านกาแฟ 7 ว่าดัด,Khlong Sam Wa District,Cafe,no,Low,0,,,,,openstreetmap,1,+66949714626,"64, 11 Phraya Suren 12 Alley",10510,overture (meta),overture:5f715e55-bcaa-4e7e-9908-ad1e886c1aa8
coffeekhanomjeen@gmail.com,ร้านกาแฟที่มีขนมจีน,ร้านกาแฟที่มีขนมจีน,Khlong Sam Wa District,Restaurant,no,Low,0,Local,,https://shopee.co.th/universal-link/now-food/shop/10237073?deep_and_deferred=1&shareChannel=line,,openstreetmap,1,+66948975550,หน้าเอื้ออาทรปัญญาอินทรา ถ.ปัญญาอินทรา แขวงบางชัน เขตคลองสามวา,10510,overture (meta),overture:a969b984-cb85-4f02-a99e-71457f4c5ead
punthaikb38@gmail.com,ร้านกาแฟพันธุ์ไทย คู้บอน38,ร้านกาแฟพันธุ์ไทย คู้บอน38,Khlong Sam Wa District,Cafe,no,Low,0,,,,,openstreetmap,1,+66996286888,5 ถนน คู้บอน,10510,overture (meta),overture:6fd6e31e-f952-46a5-bae7-d51a64364360
thanaphak2525@hotmail.com,ร้านกุ้งเต้น ปูเป็น,ร้านกุ้งเต้น ปูเป็น,Khlong Sam Wa District,Restaurant,no,Low,0,,,,,openstreetmap,1,+66616486299,675/8 Phraya Suren Rd,10510,overture (meta),overture:0f49fbc7-dc4b-41da-bc05-5bbee8ae2e41
i_hnoi@hotmail.com,ร้านกุ้งเผาอยุธยา,ร้านกุ้งเผาอยุธยา,Khlong Sam Wa District,Seafood,no,Low,0,,,,,openstreetmap,1,+66838554114,135 1 Khu Bon Rd,10510,overture (meta),overture:6b762464-fab8-48e3-85f2-a1dc194b57cb
batik.bulbul@gmail.com,ร้านกูโรตีชาชัก,ร้านกูโรตีชาชัก,Khlong Sam Wa District,Restaurant,no,Low,0,,,,,openstreetmap,1,+66986167250,444 ถนนเลียบคลองสอง อยู่หน้าหมู่บ้านพาทาโกเนีย,10510,overture (meta),overture:de0b551d-61fe-471f-9209-843fee472cd4
008rosded9@gmail.com,ร้านก๋วยเตี๋ยว รสเด็ด,ร้านก๋วยเตี๋ยว รสเด็ด,Khlong Sam Wa District,Asian; Thai,no,Low,0,,,,,openstreetmap,1,+66870780119,41/76 41/76 Liap Khlong Song Rd,10510,overture (meta),overture:6f640369-2474-4180-9620-a50ff06cbedf
tt_tangmo@outlook.com,ร้านก๋วยเตี๋ยวต้มยำตำลึง เล้งเเซ่บนายเอก บัวลอย พระยาสุเรนทร์ รามอินทรา109,ร้านก๋วยเตี๋ยวต้มยำตำลึง เล้งเเซ่บนายเอก บัวลอย พระยาสุเรนทร์ รามอินทรา109,Khlong Sam Wa District,Restaurant,no,Low,0,,,,,openstreetmap,1,+66927928287,1182 ถนนพระยาสุเรนทร์ แขวงบางชัน เขตคลองสามวา,10510,overture (meta),overture:71417ce1-8742-4001-a6cd-a15d482d0f0e
mon0982526266@gmail.com,ร้านขายกรงแมว ราคาถูก บริษัท ดิษฐ์ธนาวัฒน์ 2019 จำกัด,ร้านขายกรงแมว ราคาถูก บริษัท ดิษฐ์ธนาวัฒน์ 2019 จำกัด,Khlong Sam Wa District,Restaurant,no,Low,0,,,http://line.me/ti/p/%40axn4392c,,openstreetmap,1,+66982526266,617 ถ. นิมิตใหม่ แขวง มีนบุรี เขตมีนบุรี กรุงเทพมหานคร 10510,10510,overture (meta),overture:7aa30dc0-97cc-4309-86a9-58d3b72e753b
bugowen2499@gmail.com,ร้านขาหมูกาฬสินธุ์,ร้านขาหมูกาฬสินธุ์,Khlong Sam Wa District,Restaurant,no,Low,0,,,,,openstreetmap,1,+66617142517,70 94 Phraya Suren Rd,10510,overture (meta),overture:0f4460cd-232d-4dc0-9ecf-e2e767e14b20
onprapajongrahong9774@gmail.com,ร้านข้าวต้มปลา164 สาขาคู้บอน,ร้านข้าวต้มปลา164 สาขาคู้บอน,Khlong Sam Wa District,Restaurant,no,Low,0,,,,,openstreetmap,1,,22/16 แขวงสามวาตะวันตก,10510,overture (meta),overture:d9640a12-c966-454f-a729-fd3035d0f8e1
alsthomloco4302@gmail.com,ร้านข้าวหอมแกงใต้,ร้านข้าวหอมแกงใต้,Khlong Sam Wa District,Restaurant,no,Low,0,,,http://www.google.co.th/,,openstreetmap,1,+66951641739,281/3 Phraya Suren Rd,10510,overture (meta),overture:041972c9-3065-4d47-a549-8a5ec4b2228d
japmai111@gmail.com,ร้านจั๊บมั้ยก๋วยจั๊บญวน,ร้านจั๊บมั้ยก๋วยจั๊บญวน,Khlong Sam Wa District,Restaurant,no,Low,0,,,,,openstreetmap,1,+66628081717,428 เดอะรีเจ้นท์สตรีท 26 ซอย หมู่บ้านซิกเนเจอร์ รามอินทรา109,10510,overture (meta),overture:42037876-c25a-454b-86b2-f965effd02b5
thinkanthavong1996@gmail.com,ร้านตำยำสากกะเบือ,ร้านตำยำสากกะเบือ,Khlong Sam Wa District,Restaurant,no,Low,0,,,,,openstreetmap,1,+66989484385,387 401 ถนนไทยรามัญ แขวง.สามวาตะวันตก เขต.คลองสามวา กทม 10510,10510,overture (meta),overture:76cb5cb9-ba91-4442-a175-ef224d0e0d6b
tidtumofficial@gmail.com,ร้านติดตำ - Tidtum resturant,ร้านติดตำ - Tidtum resturant,Khlong Sam Wa District,Asian; Thai,no,Low,0,,,,,openstreetmap,1,+66982544337,ถนน หทัยราษฎร์,10510,overture (meta),overture:525258e7-b4a0-42cc-b39d-c2871d250241
nattayawong88@gmail.com,ร้านทิวไผ่คันทรี่,ร้านทิวไผ่คันทรี่,Khlong Sam Wa District,Restaurant,no,Low,0,,,,,openstreetmap,1,+66909181997,เลขที่ 32/6 Phraya Suren Rd,10510,overture (meta),overture:6c6a1685-311e-4759-b852-49a0cdf4e80c
sarnia_family@hotmail.com,ร้านบังหนวดฟาร์ม,ร้านบังหนวดฟาร์ม,Khlong Sam Wa District,Restaurant,no,Low,0,,,,,openstreetmap,1,+66806175440,738,10510,overture (meta),overture:bd6351e7-a9bb-4a93-ace6-5e5911a06888
boy_boyd@hotmail.com,ร้านมุมอาหารการ์เด้นท์,ร้านมุมอาหารการ์เด้นท์,Khlong Sam Wa District,Restaurant,no,Low,0,,,,,openstreetmap,1,+66972951962,Soi Mu Ban Phanason Garden Home 6 Rd,10510,overture (meta),overture:a25d29f6-ff2c-4dc2-a218-b324297c65a5
thanananphasorn@gmail.com,ร้านยโสธรแซ่บนัว เจ๊เก๋ - ถนนปัญญาอินทรา คลองสามวา,ร้านยโสธรแซ่บนัว เจ๊เก๋ - ถนนปัญญาอินทรา คลองสามวา,Khlong Sam Wa District,Asian; Thai,no,Low,0,,,,,openstreetmap,1,+66 97 291 4156,209 ถนนปัญญาอินทรา,10510,openstreetmap,https://www.openstreetmap.org/node/12744346073
natchapim1988@gmail.com,ร้านยโสธรแซ่บนัว เจ๊เก๋ สาขาหทัยราษฎร์ 39,ร้านยโสธรแซ่บนัว เจ๊เก๋ สาขาหทัยราษฎร์ 39,Khlong Sam Wa District,Asian; Thai,no,Low,0,,,,,openstreetmap,1,+66 95 785 2728,77/1 ซอยหทัยราษฎร์ 39,10510,openstreetmap,https://www.openstreetmap.org/way/1038973928
konpoodoi666@gmail.com,ร้านรถเมล์,ร้านรถเมล์,Khlong Sam Wa District,Asian; Thai,no,Low,0,,,,,openstreetmap,1,+66971325584,190 ถ. หทัยราษฎร์,10510,overture (meta),overture:bd4fedac-ec7c-4ba9-9c01-e5d5198ddd65
laokakkakzab@gmail.com,ร้านลาว คักคัก,ร้านลาว คักคัก,Khlong Sam Wa District,Restaurant,no,Low,0,,,,,openstreetmap,1,+66968366886,ถ. หทัยราษฎร์,10510,overture (meta),overture:78202bc5-b26f-489a-bde3-ef226bcc2ebb
pomrukkunnacub@gmail.com,ร้านลาวอุบล,ร้านลาวอุบล,Khlong Sam Wa District,Restaurant,no,Low,0,,,,,openstreetmap,1,+66880463970,270 ห้องที่ 7,10510,overture (meta),overture:92045011-f04a-4b72-909c-98c177c597f3
whalemilktea2021@gmail.com,ร้านวาฬ ชานม - Whale MilkTea,ร้านวาฬ ชานม - Whale MilkTea,Khlong Sam Wa District,Restaurant,no,Low,0,,,,,openstreetmap,1,+66917685222,,,overture (meta),overture:9dc873b5-6b74-4d69-98cd-804ecc86dca8
noynoynoy150@gmail.com,ร้านสองพี่น้อง ตลาดหทัยมิตร,ร้านสองพี่น้อง ตลาดหทัยมิตร,Khlong Sam Wa District,Asian; Thai,no,Low,0,,,http://www.swm.ac.th/,,openstreetmap,1,+66823325168,ตลาดหทัยมิตร,10510,overture (meta),overture:d2a9ab96-7d28-40ac-8da1-af29e0b70f60
rtakannasut@gmail.com,ร้านอร่อยนะ,ร้านอร่อยนะ,Khlong Sam Wa District,Restaurant,no,Low,0,,,,,openstreetmap,1,+66971107945,218 ซอย5,10510,overture (meta),overture:18a643e1-2362-4f72-9984-c823e0770e47
nantan0876@gmail.com,ร้านอาหารครัวต่อยอด,ร้านอาหารครัวต่อยอด,Khlong Sam Wa District,Asian; Thai,no,Low,0,,,,,openstreetmap,1,+66953104396,,,overture (meta),overture:35aef49d-ef8a-420b-a585-7d973fa57eaf
leklipo@gmail.com,ร้านอาหารบ้านหมูหัน,ร้านอาหารบ้านหมูหัน,Khlong Sam Wa District,Restaurant,no,Low,0,,,https://restaurantguru.com/%E0%B8%A3%E0%B9%89%E0%B8%B2%E0%B8%99%E0%B8%AD%E0%B8%B2%E0%B8%AB%E0%B8%B2%E0%B8%A3%E0%B8%9A%E0%B9%89%E0%B8%B2%E0%B8%99%E0%B8%AB%E0%B8%A1%E0%B8%B9%E0%B8%AB%E0%B8%B1%E0%B8%99-Bangkok-2,,openstreetmap,1,+66896645990,ร้านอาหารบ้านหมูหัน เลขที่ 1499 Phraya Suren Rd,10510,overture (meta),overture:5406b26a-65a9-4a00-bd31-f47064c2a254
fhachee0104@gmail.com,ร้านเขียง พระยาสุเรนทร์,ร้านเขียง พระยาสุเรนทร์,Khlong Sam Wa District,Restaurant,no,Low,0,,,,,openstreetmap,1,+66645030104,3 พระยาสุเรนทร์ 41,10510,overture (meta),overture:cd8be5a2-0d52-48aa-85ed-84c20cf6fb7d
niwat.wng@gmail.com,ร้านเฝอลาว ข้ามโขง,ร้านเฝอลาว ข้ามโขง,Khlong Sam Wa District,Restaurant,no,Low,0,,,,,openstreetmap,1,+66631470260,48 ถนน นิมิตใหม่,10510,overture (meta),overture:fa5be44b-23b6-4cf0-ba22-32217c1aee4b
zabnuaisan@gmail.com,ร้านแซ่บนัวครัวอีสาน หทัยราษฎร์,ร้านแซ่บนัวครัวอีสาน หทัยราษฎร์,Khlong Sam Wa District,Restaurant,no,Low,0,,,,,openstreetmap,1,+66939188070,427 ถ.หทัยราษฎร์ แขวงสามวาตะวันตก เขตคลองสามวา กรุงเทพมหานคร 10510 ประเทศไทย,10510,overture (meta),overture:4870a03d-baa1-4076-b6ad-d6eabf43d4ff
onchumatang@gmail.com,ร้านแม่อำพันก๋วยเตี๋ยวเรืออาหารตามสั่ง,ร้านแม่อำพันก๋วยเตี๋ยวเรืออาหารตามสั่ง,Khlong Sam Wa District,Restaurant,no,Low,0,,,,,openstreetmap,1,+66851665722,5 ถนน คู้บอน,10510,overture (meta),overture:f0b2df30-fb97-4247-bb3d-8a36cfd1136b
jaruwan29kae@gmail.com,ร้านโกเอียดข้าวแกงใต้&ข้าวมันไก่เตาถ่าน,ร้านโกเอียดข้าวแกงใต้&ข้าวมันไก่เตาถ่าน,Khlong Sam Wa District,Asian; Thai,no,Low,0,,,,,openstreetmap,1,+66826924262,591 ถนน หทัยราษฎร์,10510,overture (meta),overture:15399f2f-e284-4085-9dbd-1fd4765bb6bd
soh_5095@hotmail.com,ร้านไก่ย่างบังซอ,ร้านไก่ย่างบังซอ,Khlong Sam Wa District,Asian; Thai,no,Low,0,,,,,openstreetmap,1,+66971977804,ประชาร่วมใจ,10510,overture (meta),overture:c0db8167-ce5e-4106-957c-fc125a05bad9
tung.itimyen@gmail.com,ร้านไอติม ต่าย ตึ๋ง,ร้านไอติม ต่าย ตึ๋ง,Khlong Sam Wa District,Ice cream,no,Low,0,,,,,openstreetmap,1,+66831924615,หมู่บ้าน คาซาลีน่า 2 42/314 ซอยนิมิตรใหม่ 20 ถนนนิมิตรใหม่,10510,overture (meta),overture:a54bca00-0723-4520-ae73-f04c613788df
thamonphat_nu@dtgo.com,ละมุนชา สาขาหทัยราษฎร์39,ละมุนชา สาขาหทัยราษฎร์39,Khlong Sam Wa District,Restaurant,no,Low,0,,,,,openstreetmap,1,+66832954840,"หทัยราษฎร์ 39, สามวาตะวันตก, คลองสามวา, กรุงเทพมหานคร 10510, ประเทศไทย",10510,overture (meta),overture:0e252c24-e05f-494d-bb4e-20a59f8037a3
anty39@gmail.com,ลาบยโส ไก่ย่างบ้านแคนหน้าโลตัสเจริญพัฒนา ซ. 7,ลาบยโส ไก่ย่างบ้านแคนหน้าโลตัสเจริญพัฒนา ซ. 7,Khlong Sam Wa District,Restaurant,no,Low,0,,,,,openstreetmap,1,+66962393450,7 เจริญพัฒนา 8,10510,overture (meta),overture:e51bfcfb-7a9a-4cc2-8498-f03f96b3bd1d
shutori19th@gmail.com,ล้านเรื่องเส้น & อิ่มโว้ย,ล้านเรื่องเส้น & อิ่มโว้ย,Khlong Sam Wa District,Restaurant,no,Low,0,Local,,https://www.wongnai.com/r/457231bs,intchonsathorn11@gmail.com; kuma19th@gmail.com; sapanlueang@gmail.com; toucoffee@gmail.com; tojaii1953@gmail.com; gam_ntk@hotmail.com; nattaphong.ph@gmail.com,openstreetmap,1,+66622961446,พระราม4,10500,overture (meta),overture:0dd62a6f-b83f-497b-a064-7af5e43c7231
lansab22@gmail.com,ล้านเเซ่บ(สาขาแม่),ล้านเเซ่บ(สาขาแม่),Khlong Sam Wa District,Restaurant,no,Low,0,,,,,openstreetmap,1,+66967213281,36/1 ์Nimit Mai Rd,10510,overture (meta),overture:3d6b786c-8625-4f20-9b02-b0a14488d7c3
mazdanara.krungtheph@gmail.com,วาสนาหมูกระทะ,วาสนาหมูกระทะ,Khlong Sam Wa District,Restaurant,no,Low,0,,,,,openstreetmap,1,+66823218324,376 Liap Khlong Song Rd,10510,overture (meta),overture:420a8707-41ff-4279-8c2c-f7ae6e8aef4e
sangwan.vanzoh@gmail.com,วาฮับหม่าล่า ฮาลาล,วาฮับหม่าล่า ฮาลาล,Khlong Sam Wa District,Halal,no,Low,0,,,,,openstreetmap,1,+66851245203,36 ประชาร่วมใจ 30,10510,overture (meta),overture:016556f9-9228-4c4d-9261-2a606f1b3f9b
ekk.gamer001@gmail.com,สถานีโคขุนโพนยางคำ,สถานีโคขุนโพนยางคำ,Khlong Sam Wa District,Restaurant,no,Low,0,,,,,openstreetmap,1,+66988494979,,,overture (meta),overture:3dd0e08c-5c1e-493e-917c-2dc3bf45d2b1
mozzimo2330@gmail.com,สลัดบ้านโป่ง,สลัดบ้านโป่ง,Khlong Sam Wa District,Restaurant,no,Low,0,,,,,openstreetmap,1,+66823299246,26 ซอย คู้บอน 40,10510,overture (meta),overture:237ac686-a137-4fea-840e-f2b44ac4eb5c
sukijaonaai2020@gmail.com,สุกี้เจ้านาย ปัญญาอินทรา-เพจหลัก,สุกี้เจ้านาย ปัญญาอินทรา-เพจหลัก,Khlong Sam Wa District,Restaurant,no,Low,0,,,,,openstreetmap,1,+66639928672,130 ถนน ปัญญาอินทรา,10510,overture (meta),overture:11c497ec-9f76-404d-8995-7f9821987fab
bungbibi@gmail.com,สุโค่ย เย็นตาโฟ กุ้งทอด,สุโค่ย เย็นตาโฟ กุ้งทอด,Khlong Sam Wa District,Asian; Japanese,no,Low,0,,,,,openstreetmap,1,+66619245993,763 Phraya Suren Rd,10510,overture (meta),overture:1ebad8d1-ad39-466d-9480-4809496874c8
spcl.acc.tax@gmail.com,สเปเชียลลิส การบัญชีและภาษีอากร,สเปเชียลลิส การบัญชีและภาษีอากร,Khlong Sam Wa District,Cafe,no,Low,0,,,,,openstreetmap,1,+66633592299,28 เลียบคลองสอง 2,10510,overture (meta),overture:ce53a0a2-02c6-47c1-ae71-5741e7c6fae4
somtumkodung588@gmail.com,ส้มตำ โกดังเสือ หทัยราษฎร์,ส้มตำ โกดังเสือ หทัยราษฎร์,Khlong Sam Wa District,Restaurant,no,Low,0,,,,,openstreetmap,1,+66831111222,https://maps.app.goo.gl/fCEcnbATTTtnfoJM65 หทัยราษฎร์,10510,overture (meta),overture:6152be99-8cdd-4ce4-9683-6e53359a6f2f
chinpanu2670@gmail.com,ส้มตำริมบึง  by  เจ๊กานต์ครกยักษ์,ส้มตำริมบึง  by  เจ๊กานต์ครกยักษ์,Khlong Sam Wa District,Restaurant,no,Low,0,,,,,openstreetmap,1,+66802222527,หทัยราษฎร์,10510,overture (meta),overture:05be0fc4-d12b-420e-99b0-e1bdae9c55bd
muayinterhotpot@gmail.com,หมวยอินเตอร์ หม่าล่าหม้อไฟ,หมวยอินเตอร์ หม่าล่าหม้อไฟ,Khlong Sam Wa District,Asian; Chinese,no,Low,0,,,,,openstreetmap,1,+66836156536,หมวยอินเตอร์ อาหาร & คาเฟ่ ชาบู หมูกะทะ,10510,overture (meta),overture:30d08668-bd53-4d0c-a22f-11926ca77478
1987nukwang@gmail.com,หมีพ่นไฟ ซาฟารีเวิลด์,หมีพ่นไฟ ซาฟารีเวิลด์,Khlong Sam Wa District,Restaurant,no,Low,0,,,,,openstreetmap,1,+66968122553,479 1 Liap Khlong Song Rd,10510,overture (meta),overture:8550cb5d-5f56-4796-9041-d5c5d20e3074
nuttida23@gmail.com,หมีพ่นไฟ ไทยรามัญ,หมีพ่นไฟ ไทยรามัญ,Khlong Sam Wa District,Restaurant,no,Low,0,,,,,openstreetmap,1,+66824694944,8 8 Soi Mu Ban K.c. Ram Inthra 8,10510,overture (meta),overture:b5507017-eb04-4730-9772-f0fd47ecfd4f
narinthiphamas2521@gmail.com,หมีพ่นไฟหทัยราษฏร์ 37,หมีพ่นไฟหทัยราษฏร์ 37,Khlong Sam Wa District,Restaurant,no,Low,0,,,,,openstreetmap,1,+66830348809,23 ถนน หทัยราษฎร์,10510,overture (meta),overture:daa65d29-e6f0-470b-b60d-1b9ae6cfa758
naynewage@gmail.com,หมูกรอบอันปัน,หมูกรอบอันปัน,Khlong Sam Wa District,Restaurant,no,Low,0,,,,,openstreetmap,1,+66934280214,พฤกษาวิลล์ 62/1 1477/178,10510,overture (meta),overture:d8850831-d728-403b-9d6d-418c7bce19cf
petchara3q@gmail.com,หมูตุ๋นหม้อทอง สาขา5 สูตรเงินล้าน,หมูตุ๋นหม้อทอง สาขา5 สูตรเงินล้าน,Khlong Sam Wa District,Asian; Thai,no,Low,0,,,,,openstreetmap,1,+66969245626,1/2 ซอย หนองระแหง 4 แยก 1,10510,overture (meta),overture:030cb630-97e2-48ff-ab55-4dd7b7879990
rockzeed109@gmail.com,หมูหันซ้อเจล รามอินทรา109,หมูหันซ้อเจล รามอินทรา109,Khlong Sam Wa District,Asian; Thai,no,Low,0,,,,,openstreetmap,1,+66944109863,17/12 ถนน พระยาสุเรนทร์,10510,overture (meta),overture:50728a92-6bff-4b55-b3bd-09a4d531e496
nupoy_111@hotmail.com,หม่อมถนัดซ้าย,หม่อมถนัดซ้าย,Khlong Sam Wa District,Restaurant,no,Low,0,,,https://line.me/ti/p/aZC5EoR6tj,,openstreetmap,1,+66879254415,40 ถนน นิมิตใหม่,10510,overture (meta),overture:3b027658-5561-4346-bfe8-b5476cf11be5
bookbass_0909@outlook.com,หม่าม้า ก๋วยเตี๋ยวป๊อก ป๊อก เจ้าเก่ากว่า 27 ปี,หม่าม้า ก๋วยเตี๋ยวป๊อก ป๊อก เจ้าเก่ากว่า 27 ปี,Khlong Sam Wa District,Restaurant,no,Low,0,,,,,openstreetmap,1,+66963061804,586/124 แยก13 หมู่บ้านพฤกษาวิลล์ 55/2 ถนนสุเหร่าคลองหนึ่ง แขวงบางชัน เขตคลองสามวา,10510,overture (meta),overture:38977311-52f4-49f2-b2fc-b3ef19afe031
kannika0884031931@hotmail.com,หม่าล่า109 พริกหม่าล่า,หม่าล่า109 พริกหม่าล่า,Khlong Sam Wa District,Restaurant,no,Low,0,,,,,openstreetmap,2,+66909278952,ถนน​ ราม​อินทรา​ แขวง​บาง​ชัน​เขต​ คลองสามวา​กรุงเทพฯ​,10510,overture (meta),overture:0c512723-c01e-4b00-95f1-d117a123e0f1
c.triloka@gmail.com,หยวนน้ำสมุนไพร,หยวนน้ำสมุนไพร,Khlong Sam Wa District,Seafood,no,Low,0,,,,,openstreetmap,1,+66819228898,ถนนพระยาสุเรนทร์,10510,overture (meta),overture:ef284e62-eee2-476a-9781-f3e461a71d9f
mamata4444@gmail.com,หยิกชิ้นปลา,หยิกชิ้นปลา,Khlong Sam Wa District,Seafood,no,Low,0,,,https://line.me/ti/p/ZumvHawKlG,,openstreetmap,1,+66969628978,"Cosmo Bazaar Building, Popular 3 Rd, Banmai, Amphoe Pak Kret, Chang Wat Nonthaburi 11120",11120,overture (meta),overture:1e3af623-1409-4603-936d-53ffca32520a
pinit_jane@hotmail.com,หรอยแรงยำครัวพัทลุง,หรอยแรงยำครัวพัทลุง,Khlong Sam Wa District,Restaurant,no,Low,0,,,,,openstreetmap,1,+66816911640,172 หทัยราษฎร์ 39,10510,overture (meta),overture:ad88faca-a83e-47e6-98c0-8a32a2e42417
lhongwangofmala@gmail.com,หลงหวังหม่าล่า หทัยราษฎร์,หลงหวังหม่าล่า หทัยราษฎร์,Khlong Sam Wa District,Asian; Chinese,no,Low,0,,,,,openstreetmap,1,+66961934991,19 ถ. หทัยราษฎร์,10510,overture (meta),overture:92cd37c9-d62e-4a34-bde8-0c04324bfd2a
siraburananon@gmail.com,หอย ก็คือ หอย,หอย ก็คือ หอย,Khlong Sam Wa District,Restaurant,no,Low,0,Local,,https://wongn.ai/0f0jy,support@lmwn.com; pr@lmwn.com,openstreetmap,1,+66963525035,420 Liap Khlong Song Rd,10510,overture (meta),overture:c2a44e7e-2ef3-430a-89ff-75ad73e1ffb3
meawmeaw2410@gmail.com,หอยนางรมสุราษฎร์เจ๊เหมี่ยว,หอยนางรมสุราษฎร์เจ๊เหมี่ยว,Khlong Sam Wa District,Asian; Thai,no,Low,0,,,,,openstreetmap,1,+66836453521,เลียบคลองสอง 11,10510,overture (meta),overture:6f081d4c-111c-4f34-965a-b67480d47d61
seemuang@hotmail.com,หอยป่ะล่ะกุ้งเผา และครัวอ้วนพี,หอยป่ะล่ะกุ้งเผา และครัวอ้วนพี,Khlong Sam Wa District,Asian,no,Low,0,,,,,openstreetmap,1,+66631705866,"98/229 หมู่บ้านชัยพฤกษ์ทางด่วนรามอินทรา-จตุโชติ, Nong Rahaeng Alley",10510,overture (meta),overture:9cbc7a06-d495-468c-9577-8c47c134a176
innercakesamwa@gmail.com,หัวป่าก์,หัวป่าก์,Khlong Sam Wa District,Restaurant,no,Low,0,,,,,openstreetmap,1,+66632020588,8 ถนน ไทยรามัญ,10510,overture (meta),overture:1bd218dc-118b-437a-a888-563b5e39f37c
otepkku@gmail.com,หัวโตเบเกอรี่,หัวโตเบเกอรี่,Khlong Sam Wa District,Cafe,no,Low,0,,,,,openstreetmap,1,+66867770983,716 ถนนประชาร่วมใจ แขวงทรายกองดินใต้ เขตคลองสามวา ,10510,overture (meta),overture:9be1e486-c292-4104-976f-96d97259a724
varukava@gmail.com,ห่าวซือ หม่าล่า ฮาลาล,ห่าวซือ หม่าล่า ฮาลาล,Khlong Sam Wa District,Asian; Japanese,no,Low,0,,,,,openstreetmap,1,+66966685036,เลียบวารี,10530,overture (meta),overture:0ed1c9bc-88aa-4ee7-aa91-b34e2ffe2786
anusorn2537tapang@gmail.com,อ.3cafe,อ.3cafe,Khlong Sam Wa District,Cafe,no,Low,0,,,,,openstreetmap,1,+66822922091,34 ซอย 23,10510,overture (meta),overture:88cae960-509c-4068-91e2-0dfdb075c564
ammardates@gmail.com,อัมมาร์ ฮาล้าล ฟู้ด,อัมมาร์ ฮาล้าล ฟู้ด,Khlong Sam Wa District,Restaurant,no,Low,0,,,,,openstreetmap,1,+66863300450,44 ซอยราษฎร์นิมิตร 4 สามวาตะวันตก,10510,overture (meta),overture:16e30a2a-e51c-4b05-8579-ea0115159f34
song.monster@gmail.com,อากื้อหมูตุ๋น,อากื้อหมูตุ๋น,Khlong Sam Wa District,Restaurant,no,Low,0,,,,,openstreetmap,1,+66989146396,158 ซอย 2,10220,overture (meta),overture:16fa654c-00b9-4b5b-a3c5-ec60cc946076
thanudsorn13@gmail.com,อาณาจักรแซลมอน เลียบคลองสอง-พระยาสุเรนทร์,อาณาจักรแซลมอน เลียบคลองสอง-พระยาสุเรนทร์,Khlong Sam Wa District,Restaurant,no,Low,0,,,,,openstreetmap,1,+66818271298,26 109 ซ. หมู่บ้านเอกกวิน,10510,overture (meta),overture:4851a4fd-0df4-41b2-bdb6-e6f023287e23
mnbvcxz251429@gmail.com,อีสานแซ่บเด้อ,อีสานแซ่บเด้อ,Khlong Sam Wa District,Restaurant,no,Low,0,,,,,openstreetmap,1,+66649689228,อีสานแซ่บเด้อ\n ถนนนิมิตใหม่ แขวงทรายกองดิน เขตคลองสามวา,10510,overture (meta),overture:a71dd5b7-5983-4d87-bb28-62073f5ceafc
kasorn240918@gmail.com,เก๋จัง แซลม่อน บดินทรสอง,เก๋จัง แซลม่อน บดินทรสอง,Khlong Sam Wa District,Asian; Japanese,no,Low,0,,,,,openstreetmap,1,+66972251168,"278, 168 Liap Khlong Song Rd",10510,overture (meta),overture:a4845779-b1a4-4656-bdf2-fcb8c45bb743
nongareeyanong@gmail.com,เครปฟาตี Crepes Fatee,เครปฟาตี Crepes Fatee,Khlong Sam Wa District,Cafe,no,Low,0,,,,,openstreetmap,1,+66637248460,เจริญพัฒนา,10510,overture (meta),overture:2853d58e-6b0a-43a3-9536-13a61e1f9467
crepe.cafe29@gmail.com,เครปยักษ์ไส้ทะลัก คู้บอน,เครปยักษ์ไส้ทะลัก คู้บอน,Khlong Sam Wa District,Restaurant,no,Low,0,,,,,openstreetmap,1,+66931138807,117 Khu Bon Rd,10510,overture (meta),overture:5e967cc5-bf91-45d5-90c3-02d4b6eb432a
charoensribar@hotmail.com,เจริญศรี JAS Kubon - 吉祥如意,เจริญศรี JAS Kubon - 吉祥如意,Khlong Sam Wa District,Restaurant,no,Low,0,,,,,openstreetmap,1,+66634576555,53/12 ถนน คู้บอน,10510,overture (meta),overture:e73a157f-a06a-486a-a466-aa5b8664dde9
zhenhaochibkk@gmail.com,เจิน ห่าวชือ ข้าวมันไก่,เจิน ห่าวชือ ข้าวมันไก่,Khlong Sam Wa District,Restaurant,no,Low,0,,,,,openstreetmap,1,+66849741593,57 Liap Khlong Song Rd,10510,overture (meta),overture:f848f5cf-baa6-4e36-9326-2800639e7156
kbpakapol.1@gmail.com,เจ้หงิมข้าวมันไก่ตอน100%,เจ้หงิมข้าวมันไก่ตอน100%,Khlong Sam Wa District,Takeaway,no,Low,0,,,,,openstreetmap,1,+66942412287,270 ถนน เลียบคลองสอง,10510,overture (meta),overture:bc3461b8-f782-4413-ac37-38907415b2a3
mokajijang@hotmail.com,เจ้เก้า หมูกระทะ,เจ้เก้า หมูกระทะ,Khlong Sam Wa District,Restaurant,no,Low,0,Local,,https://lifesara.co/jaekao-moo-krata/,,openstreetmap,1,+66924982659,72 ถ. หทัยราษฎร์,10510,overture (meta),overture:e3f8237c-d31f-498d-a9ed-69a2efb2ffb0
cuenjoy@hotmail.com,เจ๊พู่ เปี๊ยะไข่ทะลัก,เจ๊พู่ เปี๊ยะไข่ทะลัก,Khlong Sam Wa District,Bakery,no,Low,0,,,,,openstreetmap,1,+66818255657,"666, 95 Phraya Suren Rd",10510,overture (meta),overture:d2bbeed4-cf00-49c7-818d-7d5bb3d90428
muhammadchewae2525@gmail.com,เจ๊ะแวฮาลาลฟู้ด,เจ๊ะแวฮาลาลฟู้ด,Khlong Sam Wa District,Restaurant,no,Low,0,,,,,openstreetmap,1,+66649944985,38/1670 Thanon Thai Raman,10510,overture (meta),overture:49e8e861-1dfb-4751-a18c-5924a93f0347
suchadatan1991@gmail.com,เจ๊แตนตำระเบิด,เจ๊แตนตำระเบิด,Khlong Sam Wa District,Restaurant,no,Low,0,,,,,openstreetmap,1,+66984733906,25 Phraya Suren Rd,10230,overture (meta),overture:03f90b05-ad1c-4f44-ad34-859029cde097
atlasespukpao@gmail.com,เฉินเดือนตำแหลก,เฉินเดือนตำแหลก,Khlong Sam Wa District,Restaurant,no,Low,0,,,,,openstreetmap,1,+66925649324,44 ถนน หทัยราษฎร์,10510,overture (meta),overture:e01b24f6-254a-493b-ac90-77fe1364d547
farmsbuycafe@gmail.com,เดอวีว่า,เดอวีว่า,Khlong Sam Wa District,Restaurant,no,Low,0,,,,,openstreetmap,1,+66963497999,429 Liap Khlong Song Rd,10510,overture (meta),overture:4d2df1f0-0f3d-4b1d-a31e-1a3408e2b65f
bannamdum@gmail.com,เดอะเบตง,เดอะเบตง,Khlong Sam Wa District,Restaurant,no,Low,0,,,,,openstreetmap,1,+66815650919,210 Liap Khlong Song 14 Alley,10510,overture (meta),overture:b9a42bd5-8721-4db0-8e1a-ff1f4632463a
sukonthip_c@yahoo.com,เดินมาเซ่,เดินมาเซ่,Khlong Sam Wa District,Restaurant,no,Low,0,,,,,openstreetmap,1,+66948962256,48/25 บ้านปัญญารามอินทรา 6,10510,overture (meta),overture:10ac5735-437b-4e55-a0b2-1d41b2200e3c
sroy1980@gmail.com,เตี๋ยวตุ๋นขุนพล ปั๊มปตท.เลียบคลองสอง,เตี๋ยวตุ๋นขุนพล ปั๊มปตท.เลียบคลองสอง,Khlong Sam Wa District,Restaurant,no,Low,0,,,,,openstreetmap,1,+66646366947,161 Liap Khlong Song Rd,10510,overture (meta),overture:29128d3d-93d5-4875-a433-d9582c05ed73
nattapongnakhon0800@gmail.com,เตี๋ยวพุงพลุ้ย,เตี๋ยวพุงพลุ้ย,Khlong Sam Wa District,Restaurant,no,Low,0,,,,,openstreetmap,1,+66847663504,60/384 พระยาสุเรนทร์ 9,10510,overture (meta),overture:b3da2cf4-53c9-46b2-a5ce-deb67aed5d42
noodleyoung9999@gmail.com,เตี๋ยวยัง,เตี๋ยวยัง,Khlong Sam Wa District,Restaurant,no,Low,0,,,,,openstreetmap,1,+66852552009,38/155 ซอย 12,10510,overture (meta),overture:37b970a2-411d-4ca7-b7f6-9989c06d41d5
mintmint5154@icloud.com,เตี๋ยวละมุน-สูตรโบราณ,เตี๋ยวละมุน-สูตรโบราณ,Khlong Sam Wa District,Restaurant,no,Low,0,,,,,openstreetmap,1,+66914442454,เลียบคลองสอง\n,10510,overture (meta),overture:e66dca52-26a1-486a-b584-080875347f4c
sorayaniwat@gmail.com,เตี๋ยวเป็ดนางนวล,เตี๋ยวเป็ดนางนวล,Khlong Sam Wa District,Restaurant,no,Low,0,,,,,openstreetmap,1,+66816361228,ถ. หทัยราษฎร์,10510,overture (meta),overture:425ada9e-cecc-4400-ab38-6e8865f79320
wittayasilueam@gmail.com,เตี๋ยวไก่มะระบุฟเฟ่ต์แบบจุกๆ,เตี๋ยวไก่มะระบุฟเฟ่ต์แบบจุกๆ,Khlong Sam Wa District,Restaurant,no,Low,0,,,,,openstreetmap,1,,72 ถนนหทัยราษฎร์ แขวงบางชัน เขตคลองสามวา,10510,overture (meta),overture:d9bb8070-a5f2-42b8-a646-994e155d535a
sodesnar@gmail.com,เทวดาสุกี้ หม่าล่าบุฟเฟ่ต์ สไตล์ เสฉวน,เทวดาสุกี้ หม่าล่าบุฟเฟ่ต์ สไตล์ เสฉวน,Khlong Sam Wa District,Asian; Chinese,no,Low,0,,,,,openstreetmap,1,+66904544655,2 ซอยคู้บอน 37,10510,overture (meta),overture:4f4e44d9-8c60-4aa2-88b5-50077058d998
pernbangchan@gmail.com,เปิ่นกาแฟโบราณ พระยาสุเรนทร์ 30,เปิ่นกาแฟโบราณ พระยาสุเรนทร์ 30,Khlong Sam Wa District,Restaurant,no,Low,0,,,,,openstreetmap,1,+66945419644,52/54 พระยาสุเรนทร์ 30 แยก 4,10510,overture (meta),overture:6cbaaf33-e8e0-4aab-94ef-10ecf83c65e0
jirawatsumritpab@gmail.com,เป็ดย่าง Mr.frank,เป็ดย่าง Mr.frank,Khlong Sam Wa District,Restaurant,no,Low,0,,,,,openstreetmap,1,+66846558952,ตลาดหทัยมิตร(ถนนหทัยราษฎร์),10510,overture (meta),overture:c908a389-dba3-4c80-9e6d-b5b43bae418e
becausegood888@gmail.com,เพราะดี,เพราะดี,Khlong Sam Wa District,Restaurant,no,Low,0,,,,,openstreetmap,1,+66929478987,428 โครงการ เดอะเจ้นท์สตรีท 93-94 ถนนพระยาสุเรน,10510,overture (meta),overture:3e7ea2e8-8a57-465e-b3e7-7361d0863cc1
pattarawadee.nana@hotmail.com,เพื่อนป๋าคาเฟ่,เพื่อนป๋าคาเฟ่,Khlong Sam Wa District,Halal,no,Low,0,,,,,openstreetmap,1,+66954079024,ประชาร่วมใจ,10510,overture (meta),overture:9cef71c7-e352-43bd-9f6c-c20986155a7a
teerapun_w@yahoo.co.th,เมล่อนญี่ปุ่น สวนบ้านครูไก่,เมล่อนญี่ปุ่น สวนบ้านครูไก่,Khlong Sam Wa District,Asian; Japanese,no,Low,0,,,,,openstreetmap,1,+66863409047,49/331 หมู่บ้านเคซี การ์เด้นโฮม 19,10510,overture (meta),overture:53a6426c-f45b-4166-8465-e58d7c6ae8e6
thanawat.mit@outlook.com,เมี่ยงปลาเผา อร่อยเหาะ 2,เมี่ยงปลาเผา อร่อยเหาะ 2,Khlong Sam Wa District,Restaurant,no,Low,0,,,,,openstreetmap,1,+66655327442,29 ถนน หทัยราษฎร์,10510,overture (meta),overture:3bccc1a5-0b13-492d-9743-28f01443340f
nanzalaban@gmail.com,เย็นตาโฟกุ้งทอด เตี๋ยวต้มยำบ้านปลาวาฬ,เย็นตาโฟกุ้งทอด เตี๋ยวต้มยำบ้านปลาวาฬ,Khlong Sam Wa District,Restaurant,no,Low,0,,,,,openstreetmap,1,+66958046978,381/7 ซอย ลาดพร้าว 87,10310,overture (meta),overture:64c76898-d60a-4ea1-adae-3d7c4b489e49
yenlaochaotiao@gmail.com,เย็นเล่าเช้าเตี๋ยว,เย็นเล่าเช้าเตี๋ยว,Khlong Sam Wa District,Asian; Japanese,no,Low,0,,,,,openstreetmap,1,+66959495298,458 Liap Khlong Song Rd,10510,overture (meta),overture:614f8355-411c-4310-af7d-08943e91ff99
mkrnt.shop@gmail.com,"เลอมงราเมง สาขาหทัยราษฎร์39,เลียบคลอสอง","เลอมงราเมง สาขาหทัยราษฎร์39,เลียบคลอสอง",Khlong Sam Wa District,Restaurant,no,Low,0,,,https://line.me/ti/p/IIgOUjmpdW,,openstreetmap,1,+66854848629,40 ถนน หทัยราษฎร์,10510,overture (meta),overture:60a479a3-6487-453d-8521-b94834d6d85b
maingamnabangkok@gmail.com,เลือกกินแต่ของอร่อย,เลือกกินแต่ของอร่อย,Khlong Sam Wa District,Cafe,no,Low,0,,,,,openstreetmap,1,+66959025465,Surao khlong Nueng Road,10510,overture (meta),overture:0922046b-3339-4370-b6b1-e9154904569f
waylawangcafe@gmail.com,เวลาว่าง,เวลาว่าง,Khlong Sam Wa District,Cafe,no,Low,0,,,,,openstreetmap,1,+66804424456,"557/16 Distric, District Ramintra-Chatuchot Rd",10510,overture (meta),overture:62b95754-d662-450a-8cd0-c00c6a99482e
manarak808@gmail.com,เสรีชง คนปิ้งปัง,เสรีชง คนปิ้งปัง,Khlong Sam Wa District,Restaurant,no,Low,0,,,,,openstreetmap,1,+66894950096,808 Thanon Surao Khlong Nueng,10510,overture (meta),overture:53194cc8-5aa0-4319-a2c8-b8226bfd9020
lloozap@gmail.com,เอ้อแซ่บ,เอ้อแซ่บ,Khlong Sam Wa District,Restaurant,no,Low,0,,,,,openstreetmap,1,+66944211421,ถนน ไทยรามัญ,10510,overture (meta),overture:f80b4335-22a8-4a31-bc4c-82ca437d4201
khaomankai.youngerson@gmail.com,เฮียไนข้าวมันไก่ น้ำจิ้มรสเด็ด,เฮียไนข้าวมันไก่ น้ำจิ้มรสเด็ด,Khlong Sam Wa District,Restaurant,no,Low,0,,,,,openstreetmap,1,+66648135563,Thanon Surao Khlong Nueng,10510,overture (meta),overture:3fbe4c5e-4029-4bb7-b46d-0e130c6488b1
chayamard.m@gmail.com,แจ่วฮ้อนนายเอก,แจ่วฮ้อนนายเอก,Khlong Sam Wa District,Cafe,no,Low,0,,,,,openstreetmap,1,+66807429628,320 ถนน01 กาญจนาภิเษก แขวงสามวาตะวันตก เขตคลองสามวา ,10220,overture (meta),overture:f7b82c7d-f20a-4a61-8742-20b7926c82f8
o0nupatzaa0o@gmail.com,แซบสิบทิศ,แซบสิบทิศ,Khlong Sam Wa District,Restaurant,no,Low,0,,,,,openstreetmap,1,+66835443539,,,overture (meta),overture:394ca41c-6738-4cf8-a525-becc0a57dca0
ronnakorn.u@gmail.com,แซ่บ109,แซ่บ109,Khlong Sam Wa District,Restaurant,no,Low,0,,,,,openstreetmap,1,+66864145911,30 ถนน พระยาสุเรนทร์,10510,overture (meta),overture:27fb86ff-36fc-4ae4-a8e7-a317e1ceb3a9
noppharatinsri@gmail.com,แซ่บกว่าปลาเผา,แซ่บกว่าปลาเผา,Khlong Sam Wa District,Restaurant,no,Low,0,,,,,openstreetmap,1,+66970539356,ไทรามัญ,10510,overture (meta),overture:224bbeef-90ed-4081-8481-2a5897cf554c
nookaewlaailat@gmail.com,แม่ตี๊ด ก๋วยเตี๋ยวเรือ,แม่ตี๊ด ก๋วยเตี๋ยวเรือ,Khlong Sam Wa District,Restaurant,no,Low,0,,,,,openstreetmap,1,+66830627322,198 Thanon Thai Raman,10510,overture (meta),overture:8c8f3bc7-e198-4fe1-bd8b-2b12d3c70d56
pwruji@hotmail.com,แม่พรเพ็ญ ก๋วยเตี๋ยวไก่ตุ๋นมะระ,แม่พรเพ็ญ ก๋วยเตี๋ยวไก่ตุ๋นมะระ,Khlong Sam Wa District,Restaurant,no,Low,0,,,,,openstreetmap,1,+66852089786,47/3 เลียบคลองสอง 6,10510,overture (meta),overture:de044b6b-6109-4e29-862d-4503b9753814
chananchida.kantawong@hotmail.com,แสงสี บาร์,แสงสี บาร์,Khlong Sam Wa District,Bar,no,Low,0,,,,,openstreetmap,1,+66615170888,8 Thanon Surao Khlong Nueng,10510,overture (meta),overture:33c98c93-d391-4738-a214-d12437c88ce6
konai.lp87@gmail.com,โกนัยไก่เกาหลี,โกนัยไก่เกาหลี,Khlong Sam Wa District,Restaurant,no,Low,0,,,,,openstreetmap,1,+66623613065,กรีนโนวา 464/12 ซ.9 หมู่บ้านพร้อมพัฒน์ Thanon Panya Intra,10510,overture (meta),overture:8c2c152c-a398-490a-b78f-3d93899eb4f3
koauon.aytthaya@gmail.com,โกอ้วน ก๋วยเตี๋ยวเรืออยุธยารสจัด ถนัดเรื่องเส้น,โกอ้วน ก๋วยเตี๋ยวเรืออยุธยารสจัด ถนัดเรื่องเส้น,Khlong Sam Wa District,Restaurant,no,Low,0,,,,,openstreetmap,1,+66814597524,8 ถนน พระยาสุเรนทร์,10510,overture (meta),overture:07c8a3c8-3c93-41be-b4ea-39b7bb9624fe
tokkalabynicky13@gmail.com,โคโค่นัทโตะ คาเฟ่มะพร้าวปั่นสาขาบุ่งคล้า,โคโค่นัทโตะ คาเฟ่มะพร้าวปั่นสาขาบุ่งคล้า,Khlong Sam Wa District,Asian; Thai,no,Low,0,,,,,openstreetmap,1,+66655570999,101หมู1 ตำบลบุ่งคล้า อำเภอบุ่งคล้า,38000,overture (meta),overture:e1f1859f-071c-4b10-9bd5-12c334ec976c
congeetanig@gmail.com,โจ๊กบางกอกหทัยราษฏร์ 33 ม.ร่มทิพย์ปาร์คทาวน์โฮม,โจ๊กบางกอกหทัยราษฏร์ 33 ม.ร่มทิพย์ปาร์คทาวน์โฮม,Khlong Sam Wa District,Restaurant,no,Low,0,,,,,openstreetmap,1,+66828956229,ม. ร่มทิพย์ปาร์ค หทัยราษฎร์33,10510,overture (meta),overture:dd8ea75f-260f-4e8b-a6e3-3f812a356380
jittipong.m@gmail.com,โจ๊กแต้จิ๋วแม่ป้อม,โจ๊กแต้จิ๋วแม่ป้อม,Khlong Sam Wa District,Restaurant,no,Low,0,,,,,openstreetmap,1,+66813627559,47 2 ถ Soi Liap Khlong Song 6,10510,overture (meta),overture:b77ca53a-6c85-4f02-a62a-71772066de07
chokjaa@gmail.com,โชคชัยแหนมเนือง,โชคชัยแหนมเนือง,Khlong Sam Wa District,Restaurant,no,Low,0,,,,,openstreetmap,1,+6620466364,89/12-13 หมู่บ้าน R.K.Park ถ. หทัยราษฎร์,10510,overture (meta),overture:0bc5d2fe-515f-49a3-90a5-80336f609f1e
chatcharit.chantarak@gmail.com,โชว์เหนือ,โชว์เหนือ,Khlong Sam Wa District,Restaurant,no,Low,0,,,,,openstreetmap,1,+66984636398,1 Liap Khlong Song Rd,10510,overture (meta),overture:64d1978f-588b-45ac-a853-5fa5c0d41f74
onuma089456liw@gmail.com,ใบตองข้าวมันไก่ Baitong chicken rice,ใบตองข้าวมันไก่ Baitong chicken rice,Khlong Sam Wa District,Restaurant,no,Low,0,,,,,openstreetmap,1,,34 ถนน พระยาสุเรนทร์,10510,overture (meta),overture:631ef589-41e1-4632-880e-6d02e2622e5b
guidescreamo@gmail.com,ไกโดะซัง  ガイドさん すし。,ไกโดะซัง  ガイドさん すし。,Khlong Sam Wa District,Asian; Sushi,no,Low,0,,,,,openstreetmap,1,+66951740394,ซอย 42,10510,overture (meta),overture:42203399-b6d5-41e4-beb4-a1251bb6febc
oraneebch10@gmail.com,ไข่กรูว,ไข่กรูว,Khlong Sam Wa District,Cafe,no,Low,0,,,,,openstreetmap,1,+66968452477,ถนนเลียบคลองสอง  เขตคลองสามวา,10510,overture (meta),overture:8e6aa5fe-b3ab-465d-8f95-5595fd12e385
