email,name,name_local,district,categories,english,english_priority,english_score,site_language,why,website,other_emails,email_source,locations,phone,address,postcode,source,osm_url
hello@lunchbox.asia,LunchBox,,Lat Phrao District,American,yes,High,6,English,website in English; Western food (American); English/Latin-script name,http://lunchbox.asia/,,venue website,1,+6629079133,,10230,overture (meta),overture:22120328-626f-49c1-85bc-22521ee4584c
parcoside@gmail.com,Parcoside,,Lat Phrao District,Italian,yes,High,6,English,website in English; Western food (Italian); English/Latin-script name,http://m.me/Parcoside,,openstreetmap,1,+66909544296,7 ลาดปลาเค้า 50,10230,overture (meta),overture:ca12b66e-98e2-4e60-9c83-de4aca07c3f1
manager.crystal@peppina.asia,Peppina,,Lat Phrao District,Italian,yes,High,6,English,website in English; Western food (Italian); English/Latin-script name,http://www.peppina.asia/,manager.33@peppina.asia; nikki@peppina.asia; peppinaudonthani@gmail.com; peppina.megapizza@gmail.com; marketing@peppina.asia,venue website,1,+66800792858,"เดอะ คริสตัล, 215 ถนน ประดิษฐ์มนูธรรม",10230,overture (meta),overture:747320d9-583b-4ffe-94e0-ff3daec3cb2e
xxlsteakhouse@gmail.com,XXL Steakhouse,,Lat Phrao District,Steak,yes,High,6,English,website in English; Western food (Steak); English/Latin-script name,http://www.xxlsteakhouse.com,,openstreetmap,1,+66809092586,70/7 Satri Witthaya 2 Soi 6,10230,overture (meta),overture:31433815-aae8-49eb-a6c5-263ae6de3828
terranova@kegroup.co.th,Terra Nova,,Lat Phrao District,Italian,yes,High,5,Bilingual,website has English; Western food (Italian); English/Latin-script name,https://terranovathecrystal.com/,,openstreetmap,1,+66632209889,205 Pradit Manutham Rd,10230,overture (meta),overture:8f0b58fc-f318-4a08-a217-4b54493f8545
upanotch.bkk@gmail.com,UP A NOTCH Ladprao 71,,Lat Phrao District,American,yes,High,5,Bilingual,website has English; Western food (American); English/Latin-script name,https://upanotch-ladprao71.web.app/,,openstreetmap,1,+66983698858,67 Nak Niwat Rd,10230,overture (meta),overture:90e9d0df-f73c-4205-b4bf-21d3b0a145ae
danbilzerian@gmail.com,มอนติคาโล Montecarlo เลียบด่วนรามอินทรา,มอนติคาโล Montecarlo เลียบด่วนรามอินทรา,Lat Phrao District,Pub,yes,High,5,English,website in English; Western food (Pub),https://partybangkok.com/best-gentlemen-clubs/,,venue website,1,+66888866687,,,overture (meta),overture:afdbdf9f-3331-4792-bdd7-8efabc793781
info@foodgallery.co.th,Basilur Tea Thailand,,Lat Phrao District,Restaurant,yes,High,4,English,website in English; English/Latin-script name,http://foodgallery.co.th/product/basilur-tea/,,openstreetmap,1,+66642335973,396 โชคชัย 4 ซอย 36,10230,overture (meta),overture:1e8dbc5a-7d90-4429-ad34-d7c13d042a4e
contact@beanshere.com,Beans Here,,Lat Phrao District,Cafe,yes,High,4,English,website in English; English/Latin-script name,https://beanshere.com/,,openstreetmap,1,+66845142914,42 Chok Chai 4 Soi 36 Yaek 2-3,10230,overture (meta),overture:efdc0fae-dfad-43c8-bf14-4dc98bcc1194
beforesunsetcoffeevan@gmail.com,Before Sunset - Coffee Van,,Lat Phrao District,Cafe,yes,High,4,English,website in English; English/Latin-script name,https://linkbio.co/70109143sqA69,,openstreetmap,1,+66969071207,,,overture (meta),overture:3f6b7c5c-374a-45e1-a59d-6834b163a8ad
bluetamp.coffee@gmail.com,Bluetamp academy & roastery,,Lat Phrao District,Cafe,yes,High,4,English,website in English; English/Latin-script name,https://lin.ee/zOaWsfO,,openstreetmap,1,+66962935045,75/7 Chok Chai 4 Soi 54,10230,overture (meta),overture:aad1048e-2b4e-4d1b-9b23-f7512bef26d4
cafereverie@gmail.com,Cafe Reverie,,Lat Phrao District,Cafe,yes,High,4,English,website in English; English/Latin-script name,http://www.cafereveriebkk.com/,,openstreetmap,1,+6629329388,23/1 Sukhontha Sawat 10 Alley,10230,overture (meta),overture:060f4ed6-2bd0-4e4c-91e3-82f3c5f39b22
thebrewbeans1@gmail.com,Café Amazon,,Lat Phrao District,Cafe,yes,High,4,English,website in English; English/Latin-script name,https://cutt.ly/zhOlUtI,,openstreetmap,1,+66970019501,417/2 ถ.โชคชัย 4 แขวงลาดพร้าว,10230,overture (meta),overture:fff7a55b-5589-482f-b6d2-defaf8ed9719
dingshanrestaurant@gmail.com,Ding Shan Restaurant,,Lat Phrao District,Restaurant,yes,High,4,English,website in English; English/Latin-script name,https://en.theone-groups.com/food,theoneestategroup@gmail.com,openstreetmap,1,+66982738300,เดอะ คริสตัล เอกมัย-รามอินทรา 215 Pradit Manutham Rd,10230,overture (meta),overture:7230eafa-4f5c-424d-bfba-5101507ef821
gluttonybythesin@gmail.com,Gluttony by the Sin,,Lat Phrao District,Restaurant,yes,High,4,English,website in English; English/Latin-script name,http://www.gluttonybythesin.biz/,,openstreetmap,1,+66956329915,616 อารียา เดอะพาที 11 Lat Pla Khao Rd,10230,overture (meta),overture:35c8718c-4a46-4c28-923c-132c72381eaf
hinokisushi45@gmail.com,Hinoki Sushi,,Lat Phrao District,Asian; Sushi,yes,High,4,English,website in English; English/Latin-script name,https://hinokisushimenu.weebly.com/,,openstreetmap,2,+6622970251,355 Nak Niwat 45 Alley,10230,overture (meta),overture:6ac75c43-a114-4138-be4f-33ea8ac59df1
crystalpark.shop@genmills.com,Häagen-Dazs,,Lat Phrao District,Ice cream,yes,High,4,English,website in English; English/Latin-script name,https://haagendazs.co.th/,,openstreetmap,1,+66816312808,205 Pradit Manutham Rd,10230,overture (meta),overture:cfebe5f8-c39e-4b53-87b5-850e3867fab7
contact@atsiamsight.com,KUSKUS Zakka and Cafe,,Lat Phrao District,Cafe,yes,High,4,English,website in English; English/Latin-script name,http://www.chabatree.com/,,openstreetmap,1,+6625381530,311 Lat Phrao Wang Hin 45 Alley,10230,overture (meta),overture:0108ca40-c655-4f6a-ac07-a509f3ba4462
madibaz.co@gmail.com,Madibaz,,Lat Phrao District,Restaurant,yes,High,4,English,website in English; English/Latin-script name,http://www.siambbqcompany.com/,siambbqcompany@gmail.com,openstreetmap,1,+66957802948,,,overture (meta),overture:8ecc44fc-82a3-404c-8fb1-2b51189d5617
orderhousemkt@gmail.com,Order House by Phed Phed,,Lat Phrao District,Asian; Thai,yes,High,4,English,website in English; English/Latin-script name,https://drive.google.com/drive/folders/1THUStX93YidJl4KOhWkefOGtPKBKYcFV?usp=drive_link,orderhousecentraleastville@gmail.com,openstreetmap,1,+66939871744,69/1 ศูนย์การค้าเซ็นทรัล อีสต์วิลล์ ชั้น 1 Pradit Manutham Rd,10230,overture (meta),overture:18e34c9b-bc70-46dd-9028-96ac6a2091dc
rangsan.pan@gmail.com,Pop in the box,,Lat Phrao District,Bar,yes,High,4,English,website in English; English/Latin-script name,https://welfaresix.wixsite.com/home,welfare.six@gmail.com,openstreetmap,1,+66908942995,1 Nak Niwat 4 Alley,10230,overture (meta),overture:56a1b81d-7d69-4393-802b-f1b1cca2f968
puffstick.home@gmail.com,Puff Stick,,Lat Phrao District,Bakery,yes,High,4,English,website in English; English/Latin-script name,https://puffstick.wixsite.com/puffstick,92foodlimited@gmail.com,openstreetmap,1,+66624596545,290 Thanon Sena Nikhom 1,10230,overture (meta),overture:c0126d64-c2cf-4f5d-8011-e9743872d7ad
purseizz.37@gmail.com,Season Sensory Coffee Roaster,,Lat Phrao District,Cafe,yes,High,4,English,website in English; English/Latin-script name,https://lin.ee/3wiP0hp,,openstreetmap,1,+66942924196,"บ้านเลขที่63/4 ซอยเสนานิคม1ซอย42, Thanon Sena Nikhom 1",10230,overture (meta),overture:335ab264-5bc1-44ac-b765-1fd507d0030a
snuggery.th@gmail.com,Snuggery TH,,Lat Phrao District,Cafe,yes,High,4,English,website in English; English/Latin-script name,https://lin.ee/PIQGCsD,,openstreetmap,1,+66962896525,10 Lat Pla Khao 8 Alley,10230,overture (meta),overture:6f4ed8cb-2d7d-4ec6-a3c4-5330e6188523
sushi.satoshitase@gmail.com,Sushi Satoshi,,Lat Phrao District,Asian; Sushi,yes,High,4,English,website in English; English/Latin-script name,https://lin.ee/0UPpgOI,,openstreetmap,1,+66956241646,538/1 Sukhonthasawat Rd,10230,overture (meta),overture:8c5da14b-1f97-49e3-b9fd-da5ab2d8de7b
suzuransushi@gmail.com,Suzuran Sushi,,Lat Phrao District,Asian; Japanese; Sushi,yes,High,4,English,website in English; English/Latin-script name,http://www.suzuransushi.com/,,openstreetmap,1,+6621572878,197 Lat Pla Khao Rd,10230,overture (meta),overture:046f873a-4c95-4f4a-8d47-86df99f2c3b9
thesweetchaos69@gmail.com,The Sweet Chaos,,Lat Phrao District,Ice cream,yes,High,4,English,website in English; English/Latin-script name,https://lin.ee/zWYhnh2,,openstreetmap,1,+66969156429,"The Terrace 152 Nak Niwat 48 Alley, Lane 14-4",10230,overture (meta),overture:1b84fdbe-87e1-4109-bf96-9b08a795746b
unichampion2468@gmail.com,Uni Champion,,Lat Phrao District,Cafe,yes,High,4,English,website in English; English/Latin-script name,https://lin.ee/eNHRMCZ,,openstreetmap,1,+66829899787,20 6 ถนน Chok Chai 4 Soi 18,10230,overture (meta),overture:60d0549e-db3f-4d8f-952d-5e425d866f21
allpurpose.bkk@gmail.com,A.P.P bangkok,,Lat Phrao District,Pizza,yes,Medium,3,,Western food (Pizza); English/Latin-script name,,,openstreetmap,1,+66616695926,app.bangkok,10230,overture (meta),overture:b27fcdb8-43bc-4442-a5d8-797ff36abce0
baansensai@gmail.com,Baan Sen Sai,,Lat Phrao District,Restaurant,yes,Medium,3,Bilingual,website has English; English/Latin-script name,http://Baansensai.com/,,openstreetmap,2,+66838675594,"93, 3 Nak Niwat Rd",10230,overture (meta),overture:7c15768d-2aaf-4bc5-be05-8368b2dba950
hi@page365.net,Bear's Coffee,,Lat Phrao District,Cafe,yes,Medium,3,Bilingual,website has English; English/Latin-script name,http://www.page365.net/,,venue website,2,+66924038838,52 ร่มรื่น 1 Thanon Satri Witthaya 2,10230,overture (meta),overture:5a2928e6-b6b1-4f51-9658-242d97d14358
option.ritim@gmail.com,Bemyguest Bar&Bistro,,Lat Phrao District,French,yes,Medium,3,,Western food (French); English/Latin-script name,,,openstreetmap,1,+66894121791,33 ถนน ลาดพร้าววังหิน,10230,overture (meta),overture:da767f00-b2aa-4211-9973-9d947b066c93
bicocafe@outlook.com,Bico : Specialty Coffee & Homemade Bakery,,Lat Phrao District,Bakery; Breakfast,yes,Medium,3,,Western food (Breakfast); English/Latin-script name,,,openstreetmap,1,+66896661491,508/2 คาซ่าซิตี้ สุคนธสวัสดิ์,10230,openstreetmap,https://www.openstreetmap.org/node/1597644402
blush.pubchokechai4@gmail.com,Blush pub&restaurant,,Lat Phrao District,Pub,yes,Medium,3,,Western food (Pub); English/Latin-script name,,,openstreetmap,1,+66840307097,วังหิน โชคชัย4,,overture (meta),overture:a2a92835-68a3-439e-899f-4ce82efee5f3
guiltfreesip@gmail.com,Chal ชาไม่รู้สึกผิด,Chal ชาไม่รู้สึกผิด,Lat Phrao District,Cafe,yes,Medium,3,English,website in English,https://shorturl.asia/tMHog,,openstreetmap,1,+66918100123,1 Soi Sangkhom Songkhro 16,10230,overture (meta),overture:2da33813-1e6e-47d7-a436-f5ad5bb20fbc
ppdreams_7@hotmail.com,Criminal Burger,,Lat Phrao District,Burger,yes,Medium,3,,Western food (Burger); English/Latin-script name,,,openstreetmap,2,+66635363955,ประเสิรฐมนูกิจ29,10230,overture (meta),overture:467c7b97-5203-4d41-be2a-2551003bfbff
anupanchanprasit@gmail.com,Cup cafe and bistro,,Lat Phrao District,French,yes,Medium,3,,Western food (French); English/Latin-script name,,,openstreetmap,1,+66826811695,70/137 ถนน เสนานิคม 1,10230,overture (meta),overture:206a352b-a2e8-4c3a-8979-cb96d1b3e4b7
daastro21@hotmail.com,Da Astro,,Lat Phrao District,Western,yes,Medium,3,,Western food (Western); English/Latin-script name,,,openstreetmap,1,,Green Plaza,10230,overture (meta),overture:d54abf23-f5e7-43f1-b8a2-f6bf15dd8aea
fasteddysburgers@gmail.com,Fast Eddy's Burgers,,Lat Phrao District,Burger,yes,Medium,3,,Western food (Burger); English/Latin-script name,,,openstreetmap,1,+66927051441,54 Lat Pla Khao Rd,10230,overture (meta),overture:6d9ab936-e6ec-49bf-836d-b752348cac79
flow_bar99@aol.com,Flow Bar&Bistro,,Lat Phrao District,Asian; French; Thai,yes,Medium,3,,Western food (French); English/Latin-script name,,,openstreetmap,1,+6621570796,23 โชคชัย 4 ซอย 55,10230,overture (meta),overture:a85cb6e0-dcb6-410b-b2b5-6b76a0bab404
goddarling.bkk@gmail.com,Goddarling,,Lat Phrao District,Italian,yes,Medium,3,,Western food (Italian); English/Latin-script name,,,openstreetmap,1,+66934197458,บ้านเลขที่5-51,10230,overture (meta),overture:a088ef25-144b-431e-9ad0-63de725939a8
suriya@hacking.coffee,Hacking Coffee Roasters,,Lat Phrao District,Cafe,yes,Medium,3,Bilingual,website has English; English/Latin-script name,https://thaimart.com/sellers/hacking-coffee-roasters,,openstreetmap,1,+66646065947,4 Lad Prao Wanghin Rd,10230,overture (meta),overture:3d05c1cb-b845-4078-83f4-398b001ab969
tirdpoom@gmail.com,Happy Bahn Club,,Lat Phrao District,Western,yes,Medium,3,,Western food (Western); English/Latin-script name,,,openstreetmap,1,+66818193500, ถนนสุคนธสวัสดิ์ติดสนามกอล์ฟเกียรติธาดา ลาดพร้าว 71\n,10310,overture (meta),overture:f7af78e1-ab90-4f34-8ab7-4d033cb97e19
holdteath@gmail.com,HoldTea โฮลด์ที,HoldTea โฮลด์ที,Lat Phrao District,Restaurant,yes,Medium,3,English,website in English,https://opl.to/holdtea,,openstreetmap,1,,Holdtea เสนานิคม 1,10230,overture (meta),overture:51834bb8-ebc0-49e9-82ce-a4a5d108d81b
howyeastworks@gmail.com,How Yeast Works,,Lat Phrao District,Steak,yes,Medium,3,,Western food (Steak); English/Latin-script name,,,openstreetmap,1,+66837809790,23 Chok Chai 4 Rd,10230,overture (meta),overture:cff3e8b0-3663-4255-b822-9d931337020e
itimlanddd@gmail.com,Itimland ไอติมแลนด์ โฮมเมดเจลาโต้,Itimland ไอติมแลนด์ โฮมเมดเจลาโต้,Lat Phrao District,Cafe,yes,Medium,3,English,website in English,https://lin.ee/3yfyxpilr,,openstreetmap,1,+66947285556,74 ลาดพร้าววังหิน 78,10230,overture (meta),overture:9cca6677-b812-486f-b96f-6bf5c3280e94
jengor2548@gmail.com,Jengor's Kitchen Navamin City,,Lat Phrao District,Restaurant,yes,Medium,3,Bilingual,website has English; English/Latin-script name,http://www.jengor-seafoods.com/,,openstreetmap,1,+66950145390,291/8 ประเสริฐมนูกิจ 21,10230,overture (meta),overture:5f9d14c1-d65e-47ab-90c7-e72c66b08c26
teerasur@gmail.com,Joelkoff Home Café,,Lat Phrao District,Cafe,yes,Medium,3,Bilingual,website has English; English/Latin-script name,https://lin.ee/vyLWBUl,,openstreetmap,1,+66847195353,120 Chok Chai 4 Rd,10230,overture (meta),overture:3139d039-04a6-4b5f-9705-d72ebf973749
kampangbeef@gmail.com,Kampang Beef Butcher & Grill,,Lat Phrao District,BBQ,yes,Medium,3,,Western food (BBQ); English/Latin-script name,,,openstreetmap,1,+66909077216,Kampang Beef Butcher & Grill 297 ถ.ประเสริฐมนูกิจ แขวงจรเข้บัว เขตลาดพร้าว,10230,overture (meta),overture:4ffde709-45ed-4e38-a636-ae0d15cd5b07
kinwellness18@gmail.com,KIN Wellness,,Lat Phrao District,Asian,yes,Medium,3,Bilingual,website has English; English/Latin-script name,https://www.kinrehab.com/,contact@kinrehab.com,openstreetmap,1,+66849936988,8 Nak Niwat 20 Alley,10230,overture (meta),overture:f08f0ab6-949d-47e2-8da2-9ab1d651b339
kurobakeroom@gmail.com,Kurobakeroom,,Lat Phrao District,Bagels,yes,Medium,3,,Western food (Bagels); English/Latin-script name,,,openstreetmap,1,+66896663610,7 นาคนิวาส 7,10230,overture (meta),overture:6e4fddb5-b4a3-49ad-8ae2-864212e9ca71
kuvings@shimono.in.th,Kuvings Juice Cafe,,Lat Phrao District,Restaurant,yes,Medium,3,Bilingual,website has English; English/Latin-script name,http://kuvings.in.th/,online@shimono.in.th,openstreetmap,1,+66991595500,Seacon Square,10250,overture (meta),overture:c33dcf20-b7f3-4720-b0e0-8fbac0b56484
ken82water@gmail.com,Le Pasta and Bistro,,Lat Phrao District,French; Italian,yes,Medium,3,,"Western food (French, Italian); English/Latin-script name",,,openstreetmap,1,+66968299691,85/180 Jirattikorn Soi 4,10230,overture (meta),overture:87e2062d-9ff6-4e8c-87df-74ee367614f4
lerdtip.kitchen@gmail.com,Lerd Thip,ร้านเลิศทิพย์ สาขาวังหิน,Lat Phrao District,Asian,yes,Medium,3,English,website in English,https://drive.google.com/file/d/1W8pe1FbLk7SqxTAZOBWsb512fKeaAtjN/view?usp=drivesdk,prmss2@gmail.com,openstreetmap,1,+6625705261,,,openstreetmap,https://www.openstreetmap.org/node/6214260785
jakranont.k@gmail.com,Madcow Burger Ladprao71,,Lat Phrao District,Burger,yes,Medium,3,,Western food (Burger); English/Latin-script name,,,openstreetmap,1,+66918745465,332 ถนน นาคนิวาส,10230,overture (meta),overture:1d56b4d0-dd9c-4df8-b50e-749c5c91f08d
mazugroupbkk@gmail.com,Mazu BKK,,Lat Phrao District,Restaurant,yes,Medium,3,Bilingual,website has English; English/Latin-script name,https://mazubkk.com/,,openstreetmap,1,+66612466624,"โตโยต้า ธนบุรี ประดิษฐ์มนูธรรม, 27 ถนน ประดิษฐ์มนูธรรม",10230,overture (meta),overture:f2e119a7-8493-442a-96c1-583f3c965d42
millionvibe4@gmail.com,Million Vibes  cafe’ & Bistro,,Lat Phrao District,French,yes,Medium,3,,Western food (French); English/Latin-script name,,,openstreetmap,1,+66858241462,209 ลาดปลาเค้า 44,10230,overture (meta),overture:a6ffd35c-09e8-41a2-a576-0e3c4122ebf5
mr.wicksburger789@gmail.com,Mr. Wick's Burger,,Lat Phrao District,Burger,yes,Medium,3,,Western food (Burger); English/Latin-script name,,,openstreetmap,1,+66809939465,83 129 ปาก ซอย 105,10230,overture (meta),overture:ebf644f8-e2a6-4563-ba1c-941c5e5735fc
naleenrestaurante@gmail.com,Naleen Restaurante,,Lat Phrao District,Steak,yes,Medium,3,,Western food (Steak); English/Latin-script name,,,openstreetmap,1,+66626469566,323 ถนน ลาดพร้าววังหิน แขวง ลาดพร้าว เขตลาดพร้าว,10230,overture (meta),overture:925e3e8c-83b3-49b8-b1eb-ee860c274d5b
neurfire@gmail.com,Neur Fire เหนือไฟ - เนื้อย่าง ข้าวหน้าล้น,Neur Fire เหนือไฟ - เนื้อย่าง ข้าวหน้าล้น,Lat Phrao District,Restaurant,yes,Medium,3,English,website in English,http://nav.cx/g2oDYqA,,openstreetmap,1,+66845333878,18 ถนน เสนานิคม 1,10230,overture (meta),overture:fb2e93eb-e030-43e5-9486-08f9df2b179b
redbrickkitchenbychefaue@gmail.com,Red Brick Kitchen,,Lat Phrao District,Western,yes,Medium,3,,Western food (Western); English/Latin-script name,,,openstreetmap,1,+66963944656,37 Chokchai 4,10230,overture (meta),overture:1325fdd5-ba11-404c-bb3a-f09dbf52b472
reddonut.th@gmail.com,Red Donut and Coffee,,Lat Phrao District,Donuts,yes,Medium,3,,Western food (Donuts); English/Latin-script name,,,openstreetmap,1,+66661657888,"OWNDAYS Central Eastville, Pradit Manutham Rd",10230,overture (meta),overture:f28e739f-0c65-4851-9102-980465a91895
riverview999999@gmail.com,River View nawamin,,Lat Phrao District,Restaurant,yes,Medium,3,Bilingual,website has English; English/Latin-script name,https://share.google/hOhlyPP8r77T2HXbb,,openstreetmap,1,+66638048999,123 ถนน รามอินทรา,10230,overture (meta),overture:25eb70eb-0af6-46e7-bb39-1fca2d3cfc33
cloudkitchenxshop@gmail.com,SteakHolder x Tijidon,,Lat Phrao District,Steak,yes,Medium,3,,Western food (Steak); English/Latin-script name,,,openstreetmap,1,+66661135377,12 Senanikhom 1 Soi 42 Yak 10,10230,overture (meta),overture:5c9a9173-dfae-4d6b-bd93-7f81e76907cf
kuslin.rw@gmail.com,The Burger House Thailand,,Lat Phrao District,Burger,yes,Medium,3,,Western food (Burger); English/Latin-script name,,,openstreetmap,1,+66629466465,,,overture (meta),overture:7895331d-7d0f-4c95-9b36-98ef17aeba10
titicaca.crystalpark@gmail.com,TitiCaca Brunch Club,,Lat Phrao District,Breakfast,yes,Medium,3,,Western food (Breakfast); English/Latin-script name,,,openstreetmap,1,+66628797496,The Crystal Park Ekamai-Ramindra 1Floor(D105 215 Pradit Manutham Rd,10230,overture (meta),overture:62226ca0-4644-46a1-8a85-0cd1cc92806f
viniferabkk54@gmail.com,Vinifera,,Lat Phrao District,French,yes,Medium,3,,Western food (French); English/Latin-script name,,,openstreetmap,1,+66873282090,199 Chok Chai 4 Soi 54,10230,overture (meta),overture:6fb5d5e3-a350-4c2d-9337-d3405e14a2dc
pubzoneclub24@gmail.com,Wolf Kaset,,Lat Phrao District,Pub,yes,Medium,3,,Western food (Pub); English/Latin-script name,,,openstreetmap,1,+66642244455,295 นวมินเฟสติวัลวอล์ค Prasert-Manukitch Rd,10230,overture (meta),overture:ee87fbe5-9d7f-49f9-a4b6-738dc4205735
kimjichaheadoffice@gmail.com,กิมจิชา,กิมจิชา,Lat Phrao District,Restaurant,yes,Medium,3,English,website in English,http://www.chatanyong.com/,,openstreetmap,1,+66863807418,42/33 ถนน โชคชัย 4,10230,overture (meta),overture:07c1b481-3810-4d04-b8d8-ef953a9191bc
moompung.ch4@gmail.com,มุมปัง ขนมปัง-นมสด : moompung โชคชัย4,มุมปัง ขนมปัง-นมสด : moompung โชคชัย4,Lat Phrao District,Cafe,yes,Medium,3,English,website in English,https://openlink.co/moompung,,openstreetmap,1,+66829253265,796 Chok Chai 4 Rd,10230,overture (meta),overture:74a7091b-7b2e-4af7-b824-4ee2da804faa
by.nukob@gmail.com,ร้านแซ่บแสบดาก by.Pavisara,ร้านแซ่บแสบดาก by.Pavisara,Lat Phrao District,Restaurant,yes,Medium,3,English,website in English,https://lin.ee/K57l10z,,openstreetmap,1,+66660868970,12 ถนน โชคชัย 4,10230,overture (meta),overture:40e717df-0a86-49a7-a440-71dddab13c20
arnothai.sukhonthasawat@arnosgroup.com,อโณไทย,อโณไทย,Lat Phrao District,Asian; Thai,yes,Medium,3,English,website in English,http://www.arnosgroup.com/,info@arnosgroup.com,openstreetmap,1,+6620041982,"456 Thanon Sukhonthasawat Soi 28, 454 Sukhonthasawat Rd",10230,overture (meta),overture:b2e0daaa-7d2d-4938-8622-47bde109c63c
earwthai1960.office@gmail.com,เอี่ยวไถ่ สุกี้โบราณ1960,เอี่ยวไถ่ สุกี้โบราณ1960,Lat Phrao District,Asian; Chinese,yes,Medium,3,English,website in English,https://www.earwthai.co.th/,earwthaicustomerservice@hotmail.com,openstreetmap,1,+66948929889,592 ถ.เกษตร-นวมินทร์ แขวงลาดพร้าว เขตลาดพร้าว,10230,overture (meta),overture:d750c2e3-e75d-4522-9bd1-e824bae76d3b
dekzapindy@hotmail.com,แซ่บอินดี้,แซ่บอินดี้,Lat Phrao District,Asian; Thai,yes,Medium,3,English,website in English,http://www.sabindy.com/,,openstreetmap,1,+66856644645,25 ถนน ประดิษฐ์มนูธรรม,10230,overture (meta),overture:ea8fcf53-3cc3-4847-8605-0e65823d28fc
akkapola@gmail.com,โอเอ็มจี,โอเอ็มจี,Lat Phrao District,Asian; Thai,yes,Medium,3,English,website in English,https://sites.google.com/view/omg-bangkok,,openstreetmap,1,+66951411999,,,overture (meta),overture:3a7d712f-31f9-45d5-bcf9-447b65d66899
aromaonlinestore@aromathailand.com,Aroma Online Store เครื่องชงกาแฟ เมล็ดกาแฟ วัตถุดิบ อุปกรณ์ชงกาแฟครบวงจร,Aroma Online Store เครื่องชงกาแฟ เมล็ดกาแฟ วัตถุดิบ อุปกรณ์ชงกาแฟครบวงจร,Lat Phrao District,Cafe,no,Medium,2,Bilingual,website has English,https://www.aromaonlinestore.com/,,openstreetmap,1,+66819843046,379 ถนน นาคนิวาส,10230,overture (meta),overture:8dea469a-4a11-482a-8009-a175f4b6d724
daddypizza_thaicuisine@gmail.com,Daddy Pizza & Thai Cuisine พิซซ่า  สเต็ก อาหารไทย,Daddy Pizza & Thai Cuisine พิซซ่า  สเต็ก อาหารไทย,Lat Phrao District,Pizza,no,Medium,2,,Western food (Pizza),,,openstreetmap,1,+66818304741,19 ถนน ลาดปลาเค้า,10230,overture (meta),overture:f8b8e49b-bdd9-4a6a-aedb-dd88967231df
contact.khaoman@gmail.com,ข้าวมัน โชคชัย 4 (Khaoman Chokchai 4),ข้าวมัน โชคชัย 4 (Khaoman Chokchai 4),Lat Phrao District,Restaurant,no,Medium,2,Bilingual,website has English,https://opl.to/khaomun,,openstreetmap,1,+66894232826,เลขที่ 200 Chok Chai 4 Rd,10230,overture (meta),overture:272d3dda-bfd2-4f1a-a65b-9621b43dffb8
lekka.welldone@gmail.com,ชีสป้าบาร์บีคิว,ชีสป้าบาร์บีคิว,Lat Phrao District,BBQ,no,Medium,2,,Western food (BBQ),,,openstreetmap,1,,111 Sukhonthasawat Rd,10230,overture (meta),overture:c58f67fd-750a-4e8a-a5fe-e87889addd91
midnightgrillbkk@gmail.com,ซี่โครงหมู สไตล์อเมริกัน Midnightgrillbkk,ซี่โครงหมู สไตล์อเมริกัน Midnightgrillbkk,Lat Phrao District,BBQ,no,Medium,2,,Western food (BBQ),,,openstreetmap,1,+66641795074,39/545 (Plaza Lagoon) ถนนลาดพร้าว-วังหิน แขวงลาดพร้าว เขตลาดพร้าว Bangkok 10230,10230,overture (meta),overture:de1a0191-5a39-4675-bef2-01a3c998bb2d
triplesteak9999@gmail.com,ทริปเปิลสเต๊ก Triplesteak,ทริปเปิลสเต๊ก Triplesteak,Lat Phrao District,Steak,no,Medium,2,,Western food (Steak),,,openstreetmap,1,+66626328964,18 ถนน โชคชัย 4,10230,overture (meta),overture:64c8a91b-1d60-4ba7-ae2b-c9d5079b726c
brunchbanban.info@gmail.com,บรั้นซ์บ้านบ้าน: Brunch Ban Ban,บรั้นซ์บ้านบ้าน: Brunch Ban Ban,Lat Phrao District,Breakfast,no,Medium,2,,Western food (Breakfast),,,openstreetmap,1,+66898618771,36 ถนนลาดพร้าววังหิน,10230,overture (meta),overture:5a59099a-895d-4d65-84c0-dc1b0cd4de5f
por.mookrata@gmail.com,ป. หมูกระทะ ลาดปลาเค้า,ป. หมูกระทะ ลาดปลาเค้า,Lat Phrao District,BBQ,no,Medium,2,,Western food (BBQ),,,openstreetmap,1,+66840244182,61 ถนน ลาดปลาเค้า,10230,overture (meta),overture:2c9c1c19-791d-41ef-bc01-7e295c1e23d1
nuttanonchaisirimongkol@gmail.com,ร้านโพธิ์แก้วหมูกระทะ สาขาวังหิน (เจ้าเดิมจากลาดพร้าว 101) หน้าวัดลาดพร้าว,ร้านโพธิ์แก้วหมูกระทะ สาขาวังหิน (เจ้าเดิมจากลาดพร้าว 101) หน้าวัดลาดพร้าว,Lat Phrao District,BBQ,no,Medium,2,,Western food (BBQ),http://www.info.com/,,openstreetmap,1,+66802522952,166 Lad Prao Wanghin Rd,10230,overture (meta),overture:5e7d248d-2043-44ed-aa53-697e66a79cbb
niji6259@gmail.com,ลาดพร้าวโชดชัย4,ลาดพร้าวโชดชัย4,Lat Phrao District,Bar,no,Medium,2,Bilingual,website has English,https://www.padlomdee.com,,openstreetmap,1,+66826822625,,,overture (meta),overture:d35d15be-4e5a-4ed3-86fc-7c36c8d569be
ohayojpr@gmail.com,หมึกย่างลุงดำ โชคชัย4,หมึกย่างลุงดำ โชคชัย4,Lat Phrao District,Takeaway,no,Medium,2,Bilingual,website has English,https://wongn.ai/2sn8,support@wongnai.com,openstreetmap,1,+66860404288,1 ถนน โชคชัย 4,10230,overture (meta),overture:f33a6f7b-32e5-4d2a-962a-d6c47f972dba
obaroiseafoods@gmail.com,อบอร่อย เกษตร-นวมินทร์,อบอร่อย เกษตร-นวมินทร์,Lat Phrao District,Seafood,no,Medium,2,Bilingual,website has English,http://www.obaroi.com/,,openstreetmap,2,+66634949556,288​ ประเสริฐ​มนู​กิจ​,10230,overture (meta),overture:7e27cc36-f574-4a75-924e-e1206b1325c8
ichiropingyang@gmail.com,อิจิโร่ ยากินิกุ,อิจิโร่ ยากินิกุ,Lat Phrao District,BBQ,no,Medium,2,,Western food (BBQ),,,openstreetmap,1,+6629324885,18/8 ถนน นาคนิวาส,10230,overture (meta),overture:a81dbb2f-d449-4131-88f8-e37db41a5d0c
issanisan@gmail.com,อีสานอีสาน Issan Isan,อีสานอีสาน Issan Isan,Lat Phrao District,Pub,no,Medium,2,,Western food (Pub),,,openstreetmap,1,+66852610288,Lat Phrao Road (In between Lat Phrao 85 and 87) ถนนลาดพร้าว หลังซอย 85,10310,overture (meta),overture:a9277fa0-024e-4f5d-868a-31781e7ae308
hengcharoengroup@gmail.com,เฮงเจริญ บุชเชอรี่,เฮงเจริญ บุชเชอรี่,Lat Phrao District,Steak,no,Medium,2,,Western food (Steak),,,openstreetmap,1,+66968809649,314 Lad Prao Wanghin Rd,10230,overture (meta),overture:da0c5fe3-16fc-47af-ac8f-704186e3767e
30coffeestudio@gmail.com,30.Coffee Studio,,Lat Phrao District,Restaurant,no,Low,1,,English/Latin-script name,,,openstreetmap,1,+66818282462,Nak Niwat 30,10230,overture (meta),overture:44484bbb-5bef-4c17-a931-26ee11354cf9
lambror0.o@gmail.com,3037 Home Cafe,,Lat Phrao District,Cafe,no,Low,1,,English/Latin-script name,,,openstreetmap,1,+66855149444,30 Lat Phrao Wang Hin 37 Alley,10230,overture (meta),overture:e98309ef-a79d-4c1c-b0f2-5b4bc727aebc
coffee365_cafe@hotmail.com,365 Coffee Bread and More,,Lat Phrao District,Cafe,no,Low,1,,English/Latin-script name,,,openstreetmap,1,+66833019920,608/82 โครงการ อารียาเดลี่ เกษตร-นวมินทร์ ถนนลาดปลาเค้า,10230,overture (meta),overture:ad1ad6f8-7f0a-400b-b48c-cd411de8eb21
48chamilktea@gmail.com,48 Cha,,Lat Phrao District,Cafe,no,Low,1,,English/Latin-script name,,,openstreetmap,1,+66818305532,4 ถนน โชคชัย 4,10230,overture (meta),overture:1cc323ee-224a-4cc7-9d3b-48813e991968
intarapanich1980@gmail.com,4Seasons Restaurant,,Lat Phrao District,Restaurant,no,Low,1,,English/Latin-script name,,,openstreetmap,1,+66890608269,ประดิษฐ์มนูธรรม,10230,overture (meta),overture:584e563a-3fce-4f31-8bd0-32cb3376e2e6
505house.maiyalap@gmail.com,505 House (5 O 5 ハウス),,Lat Phrao District,Asian; Japanese,no,Low,1,,English/Latin-script name,,,openstreetmap,1,+66807165557,75 Prasert-Manukitch 29 Rd,10230,overture (meta),overture:4f9d8495-9576-4541-8f19-ef188f70c03f
dogmild@hotmail.com,515 Coffee Bar,,Lat Phrao District,Cafe,no,Low,1,,English/Latin-script name,,,openstreetmap,1,+66866695641,161 ซอย ประเสริฐมนูกิจ 29 แยก 4,10230,overture (meta),overture:afa71dac-8961-48da-80ca-6c1cb773505f
tigergroup1985@gmail.com,64Tigers,,Lat Phrao District,Bar,no,Low,1,,English/Latin-script name,,,openstreetmap,1,+66959499299,379 ถนน นาคนิวาส,10230,overture (meta),overture:6252611f-dcf5-4dd3-bab0-02f0c16ca4e0
jetsipjetbar@gmail.com,77JetSIPJet,,Lat Phrao District,Restaurant,no,Low,1,,English/Latin-script name,,,openstreetmap,1,+66923456991,"77 JET SIP JET 74/77. ซ. เสนานิเวศน์ 108/3, 18 Thanon Sena Nikhom 1",10230,overture (meta),overture:d46a93ef-dd71-4e73-82b2-919ab97ef36f
bankdear0408@gmail.com,88 Oystercafé & Restaurant,,Lat Phrao District,Seafood,no,Low,1,,English/Latin-script name,,,openstreetmap,1,+66659540466,7/2 ถนน สุคนธสวัสดิ์,10230,overture (meta),overture:cb7dabb7-b2f6-4a10-93e2-63160a99e82e
93armycoffe@gmail.com,93army Coffee,,Lat Phrao District,Cafe,no,Low,1,Local,English/Latin-script name,http://shopee.co.th/93armycoffee,,openstreetmap,1,+66959289146,1 ถนน สุคนธสวัสดิ์,10230,overture (meta),overture:3bbc3d2e-ac79-4429-b8e6-45f82115e9ee
patparath@gmail.com,A cup A cake,,Lat Phrao District,Cafe,no,Low,1,,English/Latin-script name,,,openstreetmap,1,,4/42 Nak Niwat Rd,10230,overture (meta),overture:9005cd72-ae7c-4a45-a02a-206720e0f093
amustbkk.contact@gmail.com,A MUST Coffee,,Lat Phrao District,Cafe,no,Low,1,,English/Latin-script name,,,openstreetmap,1,+66965815609,"427/1 Nak Niwat 55 Alley, Khwaeng Lat Phrao, Lat Phrao",10230,overture (meta),overture:74ab506e-44c4-4f51-9844-79f7da2c2d0b
afterworkandfriend@gmail.com,After work,,Lat Phrao District,Bar,no,Low,1,,English/Latin-script name,,,openstreetmap,1,+66909832009,39 528 Chok Chai 4 Rd,10230,overture (meta),overture:22cb82ba-c036-42d9-a803-8dc812fdd9e5
air.breeze.bkk@gmail.com,Air Breeze,,Lat Phrao District,Restaurant,no,Low,1,,English/Latin-script name,,,openstreetmap,1,+66847276669,PRADIT MANUTHAM ROAD, 10230,overture (meta),overture:fde0bc73-1fb8-43ee-b817-234cb0547769
alivejuicecafe@gmail.com,Alive - Juice Cafe,,Lat Phrao District,Cafe,no,Low,1,,English/Latin-script name,,,openstreetmap,1,+66855628776,"107 Prasert-Manukitch Rd, Khwaeng Chorakhe Bua, Khet Lat Phrao",10230,overture (meta),overture:b5ab9194-0932-4765-b34e-d450e1ab73c5
allworldcoffee@gmail.com,All World Coffee,,Lat Phrao District,Cafe,no,Low,1,,English/Latin-script name,,,openstreetmap,1,+6629324188,55/5 ถนน นาคนิวาส,10230,overture (meta),overture:99b414c5-2821-43c1-9991-ba98b9897013
darinalmond36@gmail.com,Almond36,,Lat Phrao District,Cafe,no,Low,1,,English/Latin-script name,,,openstreetmap,1,+66999955455,31 นาคนิวาส 27,10230,overture (meta),overture:5a41cb03-bfde-4213-bc70-6ffa5bad84ac
amitycoffee14@gmail.com,amity coffee,,Lat Phrao District,Cafe,no,Low,1,,English/Latin-script name,,,openstreetmap,1,+66947697776,Chok Chai 4 Soi 78,10230,overture (meta),overture:7665c64a-a3c2-4b9e-8189-dd52c1266af5
benja_hausu@hotmail.com,Apgujeong Cafe & Bar 압구정,,Lat Phrao District,Cafe,no,Low,1,,English/Latin-script name,,,openstreetmap,1,,72/87 ซอย 2,11120,overture (meta),overture:96d028c7-bfe2-43db-8f0d-f31493975467
amplify-roastery@number42.io,Aribica Specialty Coffee at Sena,,Lat Phrao District,Cafe,no,Low,1,,English/Latin-script name,,,openstreetmap,1,+66611569668,58/4 เสนาฯนิเวศน์ ซอย 117/2,10230,overture (meta),overture:3b7f920f-d783-44d8-9595-7ebe8a0ae3bc
buraneepho@aromathailand.com,Aroma International-Exporting,,Lat Phrao District,Cafe,no,Low,1,Local,English/Latin-script name,https://aromathailand.com/,,openstreetmap,2,+66634216395,"Aroma Coffee District No. 374 chokchai 4 road, ladprao, lat phrao, bangkok 10230 ",10230,overture (meta),overture:50223319-624e-47db-a839-b1f421ce1d0f
info@aromathailand.com,AROMA Thailand,,Lat Phrao District,Cafe,no,Low,1,Local,English/Latin-script name,http://www.aromathailand.com/,,openstreetmap,2,+6621598999,374 โชคชัย 4 ซอย 36,10230,overture (meta),overture:9f071586-dc80-4c49-a980-56a72bf4c642
oammy2u@gmail.com,Around The Corner Cafe,,Lat Phrao District,Cafe,no,Low,1,,English/Latin-script name,,,openstreetmap,1,+66926594241,36/365 หมู่ที่ 13 84 Chok Chai 4 Rd,10230,overture (meta),overture:7a18e650-4cb9-4aa3-94d5-31b3744278ec
attwentyfourbypjt@gmail.com,At 24 by PJT,,Lat Phrao District,Restaurant,no,Low,1,,English/Latin-script name,,,openstreetmap,1,+66917865432,93 4 ถนนนาคนิวาส,10230,overture (meta),overture:4dbfdcc2-a28d-4e68-9153-fd4baec9a8dd
baankhamoo42@gmail.com,Baan Kha Moo,,Lat Phrao District,Asian; Thai,no,Low,1,,English/Latin-script name,,,openstreetmap,1,+66959500671,100/683 Lat Pla Khao Rd,10230,overture (meta),overture:cab2321b-9167-4776-8a9d-978e31e8bed1
backtracker.cafe@gmail.com,Backtracker Coffee,,Lat Phrao District,Cafe,no,Low,1,,English/Latin-script name,,,openstreetmap,1,+66839996463,"33, 1495 Chok Chai 4 Soi 54",10230,overture (meta),overture:6982edcc-04e1-4460-93f7-540a99a537e4
danteebeer0580@gmail.com,Basketcoffee,,Lat Phrao District,Cafe,no,Low,1,Local,English/Latin-script name,https://wongn.ai/kpyrv,support@lmwn.com; pr@lmwn.com,openstreetmap,1,+66614013792,71/4 หมู่ที่ 3  อำเภอเมือง จังหวัดสระบุรี,18000,overture (meta),overture:2823da0a-fead-46dc-ad1c-67965691ba55
wittaya.sakda@gmail.com,BB Kafe,,Lat Phrao District,Cafe,no,Low,1,,English/Latin-script name,,,openstreetmap,1,+66818248774,7 ถนน โชคชัย 4,10230,overture (meta),overture:56a1e42a-10c9-4b3f-9c44-20b3a64bf306
ballmtts1855@gmail.com,bbparrot gardencoffee,,Lat Phrao District,Cafe,no,Low,1,,English/Latin-script name,,,openstreetmap,1,+66949515397,Nak Niwat 12 Alley,10230,overture (meta),overture:d5779046-0a7d-497b-b7c3-812028fd5498
chollada_k@hotmail.com,Bliss Bloom Bakery,,Lat Phrao District,Bakery,no,Low,1,,English/Latin-script name,,,openstreetmap,1,+66815515988,222/7 ซอย รามอินทรา 14,10230,overture (meta),overture:3da116d0-4a3e-4cd7-afbd-e805e1e6b517
bomcafe.bkk@gmail.com,BOM Cafe and Bakery,,Lat Phrao District,Bakery,no,Low,1,,English/Latin-script name,,,openstreetmap,1,+66951929074,2 Chok Chai 4 Rd,10230,overture (meta),overture:d469385a-11e5-454f-a91b-1f9830fe93d0
breadandbutter.b@gmail.com,Bread & Butter,,Lat Phrao District,Cafe,no,Low,1,,English/Latin-script name,,,openstreetmap,1,+66646682383,3 Sukhonthasawat 23 Alley,10230,overture (meta),overture:56f7c9eb-265f-4a93-86b2-00623565e28b
bubblewaffle.story@gmail.com,Bubble Waffle Story,,Lat Phrao District,Restaurant,no,Low,1,,English/Latin-script name,,,openstreetmap,1,+66825561119,10 Lat Pla Khao 24 Alley,10230,overture (meta),overture:a4e29cae-fff6-4d70-9ce0-e12526acf20a
butashabu@hotmail.com,Buta Shabu,,Lat Phrao District,Asian; Japanese,no,Low,1,,English/Latin-script name,,,openstreetmap,1,+66628604585,เสนานิเวศน์ ซอย 125/2,10230,overture (meta),overture:f8ce7156-7bbc-4bc8-ab88-a749acbadb53
bigmakerdesign@gmail.com,Cafe Inspired,,Lat Phrao District,Cafe,no,Low,1,,English/Latin-script name,,,openstreetmap,1,,25 นาคนิวาส 9,10230,overture (meta),overture:05d12031-1f77-408b-9ec0-cbd15b03d09f
jeetanak@hotmail.com,Cafe' Valley,,Lat Phrao District,Cafe,no,Low,1,,English/Latin-script name,,,openstreetmap,1,,cafe valley,10230,overture (meta),overture:fd4fd516-90b0-4472-98ec-10ae5204e7e0
cafe.33.bkk@gmail.com,cafe.33.bkk,,Lat Phrao District,Cafe,no,Low,1,,English/Latin-script name,,,openstreetmap,1,,31 นาคนิวาส 27,10230,overture (meta),overture:8a3c50b5-0cfb-4005-97b4-7ce5ea81fe00
devcom2@hotmail.com,Café Canem,,Lat Phrao District,Cafe,no,Low,1,,English/Latin-script name,,,openstreetmap,1,+66829550220,นวลจันทร์ 56 ตลาดโพธิ์สุวรรณ,,overture (meta),overture:cdb126e6-d58f-41ae-af66-88712be04072
info@intercof.co.th,Casadio,,Lat Phrao District,Cafe,no,Low,1,Local,English/Latin-script name,http://www.intercof.co.th/,sale@intercof.co.th,openstreetmap,2,,,10230,overture (meta),overture:65ec9449-bf3d-4d9a-a4a0-783636d3f4a4
chaodoiflagship.aroma@gmail.com,Chao Doi Full Flavoured,,Lat Phrao District,Cafe,no,Low,1,,English/Latin-script name,,,openstreetmap,1,+66800583073,61/5 ถ.ประดิษฐ์มนูธรรม แขวงนวลจันทร์  เขตบึงกุ่ม,10230,overture (meta),overture:b71271cc-a28c-4547-8999-ac139b12a903
chinamalasuki@gmail.com,Chinamala Hotpot,,Lat Phrao District,Restaurant,no,Low,1,,English/Latin-script name,,,openstreetmap,1,+66617965777,26 ถนน โชคชัย 4,10230,overture (meta),overture:db1cb039-7256-4e4e-9346-89f7aca1c2bf
warat_7693@hotmail.com,Chinese Boii by APeng,,Lat Phrao District,Asian; Chinese,no,Low,1,,English/Latin-script name,,,openstreetmap,1,+66613908284,5/2 Nak Niwat Rd,10230,overture (meta),overture:11e5b4aa-4c96-4136-98a1-fc38b9597fa7
chocadii.bkk@gmail.com,Choc-a-dii,,Lat Phrao District,Cafe,no,Low,1,,English/Latin-script name,,,openstreetmap,1,+66946265426,Choc-a-dii,10230,overture (meta),overture:fd5e5218-64cb-4b01-b20d-0dfb92e994de
airpattareeda@gmail.com,Chubby kids,,Lat Phrao District,Ice cream,no,Low,1,,English/Latin-script name,,,openstreetmap,1,+66909679962,50 ถนน โชคชัย 4,10230,overture (meta),overture:24f1875f-032e-4788-95ac-3928c049fa4d
classy@hotmail.com,Classy Coffee,,Lat Phrao District,Cafe,no,Low,1,,English/Latin-script name,,,openstreetmap,1,+66814244453,44 ถนน ลาดปลาเค้า,10230,overture (meta),overture:5564f0da-f43e-405b-9702-66d3d8055972
club.twenty29@gmail.com,Club29 Bar,,Lat Phrao District,Bar,no,Low,1,,English/Latin-script name,,,openstreetmap,1,+66926385125,394 ถ.ลาดพร้าว-วังหิน,10230,overture (meta),overture:6ca72221-eca6-432a-b6b2-2532820d03da
pookoja13@gmail.com,CoCo Fresh,,Lat Phrao District,Restaurant,no,Low,1,Local,English/Latin-script name,https://static.robinhood.in.th/app_link.html?URI=robinhoodth%3A%2F%2Fmerchantlanding%2Fid%2F116484,,openstreetmap,1,+66880928924,ถนน โชคชัยสี่,,overture (meta),overture:4ea6e781-90b5-451f-8abc-2f4fec843be2
tangdmd@gmail.com,Coffee Cart Speed Bar,,Lat Phrao District,Cafe,no,Low,1,,English/Latin-script name,,,openstreetmap,1,+66816921898,126 Sangkhom Songkhro Rd,10310,overture (meta),overture:56514f71-e032-44f8-b14d-529567869b8f
poonlap0918040814@gmail.com,Coffee Mania at Home,,Lat Phrao District,Restaurant,no,Low,1,,English/Latin-script name,,,openstreetmap,1,+66826260937,4 ถนน โชคชัย 4,10230,overture (meta),overture:8617e76d-8575-4cb9-893a-44d615628046
coldspringcafebkk@gmail.com,Cold Spring Café,,Lat Phrao District,Restaurant,no,Low,1,,English/Latin-script name,,,openstreetmap,1,+66890117077,10 Satri Witthaya 2 Soi 10,10230,overture (meta),overture:9402c53a-2cbc-4bf9-b44f-fbbda07b73d3
cccraft111@gmail.com,CRAFT 111,,Lat Phrao District,Restaurant,no,Low,1,,English/Latin-script name,,,openstreetmap,1,+66817001577,111 ประเสริฐมนูกิจ 17,10230,overture (meta),overture:87cb2979-620f-4b3e-b3b0-9589f938b978
wirat.biggerbetter@gmail.com,Damnoencoco,,Lat Phrao District,Cafe,no,Low,1,,English/Latin-script name,,,openstreetmap,1,+66949474979,ซอยข้างเซ็นทรัลอิสวิว (มี7-11) ,,overture (meta),overture:dac19421-8a6d-41f9-a23d-4ab60ae46087
dayninecoffee@gmail.com,Day Nine Coffee,,Lat Phrao District,Cafe,no,Low,1,,English/Latin-script name,,,openstreetmap,1,+66886429365,โครงการสมาร์โฮม เลขที่ 20 Thanon Satri Witthaya 2,10230,overture (meta),overture:e8e52bd4-4abf-477f-a8bc-03f5d5ba0cce
predsakas.1882@gmail.com,Dek Cha Satriwit 2,,Lat Phrao District,Cafe,no,Low,1,,English/Latin-script name,,,openstreetmap,2,+66962979944,74/36 ถนน สุคนธสวัสดิ์,10230,overture (meta),overture:3e0078a4-c71a-40c0-ab1b-4f7cdb8cf770
barjaku@gmail.com,Dolce' by Tre Ragazzi,,Lat Phrao District,Cafe,no,Low,1,,English/Latin-script name,,,openstreetmap,1,+6620572855,70/162 Senanikom Rd,10530,overture (meta),overture:f435ed38-9773-46b8-8141-9d0c21201870
donburith@gmail.com,Donburith Thewalk Kaset-Nawamin,,Lat Phrao District,Takeaway,no,Low,1,,English/Latin-script name,,,openstreetmap,1,+66990059696,ถ. ประเสริฐมนูกิจ แขวง ลาดพร้าว เขต ลาดพร้าว,10230,overture (meta),overture:f6701310-44dc-4dc3-9219-a4d854bc3f46
emica.bkk@gmail.com,Emicaえみか,,Lat Phrao District,Restaurant,no,Low,1,,English/Latin-script name,,,openstreetmap,1,,"Emicaえみか Izakaya Bar, ถนนโชคชัย 4 ซอย 79 เขตลาดพร้าว แขวงลาดพร้าว",10230,overture (meta),overture:bd7d49a5-4b54-43ad-919e-2ccf45611931
ermthai@gmail.com,ERM Thailand,,Lat Phrao District,Asian; Thai,no,Low,1,,English/Latin-script name,,,openstreetmap,1,+66988097697,"ERM (THAILAND), 22/204 Motorway Road, Kwang Prawet, Kate Prawet, Bangkok ",10230,overture (meta),overture:6e16abe2-8c19-47d4-afb9-90b55ad48775
wipaporn6126@gmail.com,Escala Coffee,,Lat Phrao District,Cafe,no,Low,1,Local,English/Latin-script name,https://static.robinhood.in.th/app_link.html?URI=robinhoodth%3A%2F%2Fmerchantlanding%2Fid%2F67120,,openstreetmap,1,+66961055510,6 ประเสริฐมนูกิจ 29,10230,overture (meta),overture:cff172a1-c555-4a45-bda7-ab8be5bd5b5d
fabricliving@gmail.com,fabric living,,Lat Phrao District,Cafe,no,Low,1,,English/Latin-script name,,,openstreetmap,1,+66813102266,265 โชคชัย 4 ซอย 54 แยก 4,10230,overture (meta),overture:736e44e9-486b-4cbb-ba77-965f13a02ec9
finnjang1973@gmail.com,Finnjang,,Lat Phrao District,Restaurant,no,Low,1,,English/Latin-script name,,,openstreetmap,1,+66946655445,"508/91 Casacity Sukhonthasawat 1 , Sukhonthasawat Road , Ladprao",10230,overture (meta),overture:3ab5fb14-a835-4bc6-b9bf-f5b0498aada1
flowersmalahotpot@gmail.com,Flower Mala Hotpot,,Lat Phrao District,Asian; Chinese,no,Low,1,,English/Latin-script name,,,openstreetmap,1,+66615323333,79 Pradit Manutham Rd,10230,overture (meta),overture:ac3b0ed9-a86b-4d7b-a8a6-d3bd3e392312
flowersinthewindowss@gmail.com,Flowers in the window BKK,,Lat Phrao District,Cafe,no,Low,1,,English/Latin-script name,,,openstreetmap,1,+66839192659,ลาดพร้าว 71,10230,overture (meta),overture:c30a9fe1-40a5-4fb6-a0e3-445b25a25275
forbiddencafe@gmail.com,Forbidden Cafe & Bar,,Lat Phrao District,Cafe,no,Low,1,,English/Latin-script name,,,openstreetmap,1,+66946245165,ลาดพร้าววังหิน,10230,overture (meta),overture:1ca91bb6-1930-4b99-93af-6fe93e3a95bf
matchimakan@gmail.com,Fried Story,,Lat Phrao District,Restaurant,no,Low,1,,English/Latin-script name,,,openstreetmap,1,+66945674145,555 โลตัส วังหิน Lad Prao Wanghin Rd,10230,overture (meta),overture:2cd7d401-2ad6-4e20-aa75-1efa92652fda
onefineday2028@gmail.com,Galleria 18,,Lat Phrao District,Cafe,no,Low,1,,English/Latin-script name,,,openstreetmap,1,+66619099174,10 Lat Pla Khao 18,10230,overture (meta),overture:a271053c-418e-485b-ac38-ca3da2ed69f7
geloartisan@gmail.com,Gelo! Gelato,,Lat Phrao District,Ice cream,no,Low,1,,English/Latin-script name,,,openstreetmap,1,+66952283365,Lad Prao Wanghin Rd,10230,overture (meta),overture:10fc6ac8-3136-4f12-8dad-f831f97b1b9a
systt9595@gmail.com,Genz Wine Bar,,Lat Phrao District,Bar,no,Low,1,,English/Latin-script name,,,openstreetmap,1,+66652921262,295 Prasert-Manukit Rd,10230,overture (meta),overture:68123898-f4ef-42c0-af60-23706482917e
gingunscafe@gmail.com,Gingun's cafe,,Lat Phrao District,Restaurant,no,Low,1,,English/Latin-script name,,,openstreetmap,1,+66997141714,ลาดปลาเค้า20,10230,overture (meta),overture:a0cac93b-5ad1-48ed-8abd-1b1e91e9c9f8
gonnabeancoffee@gmail.com,Gonnabean Coffee,,Lat Phrao District,Cafe,no,Low,1,,English/Latin-script name,,,openstreetmap,1,+66969065736,119 ประเสริฐมนูกิจ 19,10230,overture (meta),overture:060ac355-9877-4adb-bb28-f3b0d6e17d44
hariomkt@aromathailand.com,HARIO CAFE Bangkok,,Lat Phrao District,Cafe,no,Low,1,,English/Latin-script name,,,openstreetmap,1,,,,overture (meta),overture:f6d410ec-b0c9-4bf3-8fd5-669ad070170a
a_accessflow@yahoo.com,Hello Wine High Tea Plaza Lagoon,,Lat Phrao District,Restaurant,no,Low,1,,English/Latin-script name,,,openstreetmap,1,+66850915842,,10230,overture (meta),overture:be6f1bd5-f2ab-40ba-8df2-f97dc1bef066
chinnapong_sooktavee@hotmail.com,Heng Kee,,Lat Phrao District,Asian; Thai,no,Low,1,,English/Latin-script name,,,openstreetmap,1,+66972925589,37/27 นาคนิวาส 48 แยก 14-10,10230,overture (meta),overture:7367dbac-8439-45a7-8c0d-f0429b272d3b
tanapron49@gmail.com,Hermes coffee,,Lat Phrao District,Cafe,no,Low,1,,English/Latin-script name,,,openstreetmap,1,+66617149197,,,overture (meta),overture:90d9c13c-ed51-4140-8a0b-46f2c4d00f5a
saracha.pt@gmail.com,Hidden leaf matcha -Songwat-,,Lat Phrao District,Cafe,no,Low,1,,English/Latin-script name,,,openstreetmap,1,+66904644166,1452 ถนน ทรงวาด,10100,overture (meta),overture:36584cbb-9feb-4e7e-bef7-118ecd6b2011
homelate.bkk@gmail.com,Homelate.bkk,,Lat Phrao District,Restaurant,no,Low,1,,English/Latin-script name,,,openstreetmap,1,+66945482326,938 Chok Chai 4 Rd,10230,overture (meta),overture:c9930781-caa3-46eb-a992-fb06a07789a5
honghaos.rsvn@gmail.com,Hong Haos,,Lat Phrao District,Asian; Chinese,no,Low,1,,English/Latin-script name,,,openstreetmap,1,+66814399994,,,overture (meta),overture:f8b51447-1f61-4c24-b800-0dfb4f3badca
phiraphat-kp@hotmail.com,Hongdaekoreanhomecafe,,Lat Phrao District,Korean,no,Low,1,,English/Latin-script name,https://lin.ee/X4eztim,,openstreetmap,1,+66655932324,"614 พลาซ่าลากูน, 48 Lat Phrao Wang Hin 46 Alley",10230,overture (meta),overture:41bec9e2-743c-41fe-a556-1a5f74c777a9
hoshitaro192@gmail.com,Hoshitaro Izakaya,,Lat Phrao District,Asian; Japanese,no,Low,1,,English/Latin-script name,,,openstreetmap,1,+66659167244,Sukhonthasawat Rd,10230,overture (meta),overture:81bd3118-cd50-471a-b4bc-aa686d6f2d18
sale@intercof.co.th,INTERCOF,,Lat Phrao District,Cafe,no,Low,1,,English/Latin-script name,,,openstreetmap,1,+66626901422,"76,78,80,82 ถนนสตรีวิทยา2 ซอย6 ลาดพร้าว กทมฯ 10230",10230,overture (meta),overture:5b318819-25c3-42fb-85a5-dc41dc014f1d
pokkachat@gmail.com,ITCHA Ritsaya,,Lat Phrao District,Bar,no,Low,1,,English/Latin-script name,,,openstreetmap,1,+66939972056,5 โชคชัย 4 ซอย 84 แยก 2-9-1,10230,overture (meta),overture:9fdf573b-9dd3-4c09-b0b2-026ac36b53ea
hello@taroizakaya.restaurant,Izakaya Taro,,Lat Phrao District,Asian; Japanese,no,Low,1,Local,English/Latin-script name,https://taroizakaya.restaurant/,,venue website,3,+66639566889,158 ลาดพร้าว 71,10230,overture (meta),overture:fb613594-0f01-4033-be3d-51c6a9a79697
jmbakerydelivery@gmail.com,J&M Bakery and delicious food house,,Lat Phrao District,Bakery,no,Low,1,,English/Latin-script name,,,openstreetmap,1,+66989598146,The Walk เกษตรนวมินทร์ ,10230,overture (meta),overture:3dc25c5f-3875-4d6f-b542-3f2def74974b
jeonsunggrill@gmail.com,Jeon sung grill,,Lat Phrao District,Asian; Korean,no,Low,1,,English/Latin-script name,,,openstreetmap,1,,9 ถนน ลาดพร้าววังหิน,10230,overture (meta),overture:846ea36c-bf6c-42c8-a22f-3e1354f9cfff
srimongkon2006@yahoo.com,Johann Sausage,,Lat Phrao District,Takeaway,no,Low,1,,English/Latin-script name,,,openstreetmap,1,+66922474466,39 Lat Phrao Wang Hin 4 Alley,10230,overture (meta),overture:a4cd603b-07b2-4dd1-b4b8-b819cad5df8a
joodglom@gmail.com,Joodglom,,Lat Phrao District,Ice cream,no,Low,1,,English/Latin-script name,,,openstreetmap,1,+66864088442,448 1 Ruam Mit Alley,10230,overture (meta),overture:f53d56f5-e2d9-415b-90d8-dfa36979bc51
go.gojira@yahoo.com,Kami,,Lat Phrao District,Asian; Japanese,no,Low,1,,English/Latin-script name,,,openstreetmap,1,+6621168818,The Crystal เลียบทางด่วน เอกมัย-รามอินทรา,10230,overture (meta),overture:61fef776-7683-4a19-be29-595604f3d33c
kamol.gyoza@hotmail.com,Kamol Gyoza,,Lat Phrao District,Asian; Japanese,no,Low,1,,English/Latin-script name,,,openstreetmap,1,+66819343534,ถนน ลาดพร้าววังหิน,10230,overture (meta),overture:12259833-28a7-4850-8353-ab6f6b49f070
karawaomakase9@gmail.com,Karawa Omakase,,Lat Phrao District,Asian; Japanese,no,Low,1,Local,English/Latin-script name,https://karawaomakase.com/,,openstreetmap,1,+66829244655,29 Prasert-Manukit Rd,10230,overture (meta),overture:73c1881d-b6e3-496f-886a-8245c09af08c
kchslowrisecafe@gmail.com,KCH CAFE,,Lat Phrao District,Cafe,no,Low,1,,English/Latin-script name,,,openstreetmap,1,+66822225461,"415, 8/155 Nak Niwat Rd",10230,overture (meta),overture:e1495c9a-645f-4a43-a3f9-2c341a7f42c1
83225@rdthailand.com,KFC,,Lat Phrao District,Takeaway,no,Low,1,,English/Latin-script name,https://kfc.co.th/,,openstreetmap,1,,"175 Chokchai 4 Rd., Lat Phrao, Lat Phrao district",10230,overture (AllThePlaces),overture:ae7e2b2a-9ae1-454a-b893-69e0007d4c71
klorbkk12@gmail.com,KLOR BKK,,Lat Phrao District,Cafe,no,Low,1,,English/Latin-script name,,,openstreetmap,1,+66926871912,12 Phuttha Raksa Alley,10230,overture (meta),overture:f163724e-0616-41d7-aadc-bc0402d5fbd9
kokorocoffeeline@gmail.com,Kokoro Beverage,,Lat Phrao District,Cafe,no,Low,1,Local,English/Latin-script name,https://www.lazada.co.th/shop/kokoro-coffee,,openstreetmap,1,+6629071165,78/2 Sena Niwet Soi 108/4,10230,overture (meta),overture:fb15e453-b725-423b-afb8-10599a429355
kokoro.omakase.th@gmail.com,Kokoro Hand Roll Bar,,Lat Phrao District,Restaurant,no,Low,1,,English/Latin-script name,,,openstreetmap,1,+66983915399,"เซ็นทรัลพลาซา-อีสท์ วิลล์, 69 ถนน ประดิษฐ์มนูธรรม",10230,overture (meta),overture:c6db7596-8641-46ee-ab78-ecac6b6fa68e
kowa.bargrill@gmail.com,Kowa bar&grill,,Lat Phrao District,Restaurant,no,Low,1,,English/Latin-script name,,,openstreetmap,1,+66839878893,"35, 369 Sukhonthasawat Rd",10310,overture (meta),overture:1cdcaa32-0a6e-473a-aef8-88dd575795ba
konahouse190423@gmail.com,Kōnā Hōuse,,Lat Phrao District,Cafe,no,Low,1,,English/Latin-script name,,,openstreetmap,1,+66959749426,10 ซ. ประเสริฐมนูกิจ 29 แยก 8,10230,overture (meta),overture:4e2792df-8dae-4be9-b503-8284d841d8e6
thongsiba@gmail.com,L_ockdowncraftcoffee,,Lat Phrao District,Cafe,no,Low,1,,English/Latin-script name,,,openstreetmap,1,+66877061108,170 ถนนเสนานิคม 1 แขวง/ลาดพร้าว กทม 10230,10230,overture (meta),overture:dd29bca3-c5a7-4ea2-baa9-4e238d630e78
landsloth47@gmail.com,Land Sloth,,Lat Phrao District,Restaurant,no,Low,1,,English/Latin-script name,,,openstreetmap,1,+66819228636,Nak Niwat 47 Alley,10230,overture (meta),overture:ddda9916-1f58-4ad9-b451-7f1ae9bf61ed
layersmocktaillab@gmail.com,Layers Mocktail Lab,,Lat Phrao District,Restaurant,no,Low,1,,English/Latin-script name,,,openstreetmap,1,+66614048666,,10230,overture (meta),overture:71abcf61-11f7-44c6-9a02-d8669e07d525
leleeastville.bkk@gmail.com,Lele juice Bar - Central Eastville,,Lat Phrao District,Restaurant,no,Low,1,,English/Latin-script name,https://line.me/R/ti/p/%40610dnxax,,openstreetmap,1,+66613957963,ชั้น 2 โซนนอกอาคาร ลาดพร้าว,10230,overture (meta),overture:21b27a08-11ab-4396-8d80-62e2fffa1e3c
sunisa.tepson@gmail.com,Liebe Coffee and Roastery,,Lat Phrao District,Cafe,no,Low,1,,English/Latin-script name,,,openstreetmap,1,+66959481963,73/2 Chok Chai 4 Soi 54,10230,overture (meta),overture:7e58468c-69c4-445a-a277-20ff7a038f37
liewary.cafe@gmail.com,Liewary café,,Lat Phrao District,Cafe,no,Low,1,,English/Latin-script name,,,openstreetmap,1,+66987788735,8 ลาดปลาเค้า 10,10230,overture (meta),overture:b7c72389-5e99-4061-8e8d-d9ab811defdb
mighty_may@hotmail.com,LiL's Sweets,,Lat Phrao District,Cafe,no,Low,1,,English/Latin-script name,,,openstreetmap,1,+66818116630,Soi Prasert-Manukitch 22 ลาดพร้าว Bangkok 10230 Thailand,10230,overture (meta),overture:7f41b27c-a9d6-448d-80a7-9852c1427ece
limone.bkk@gmail.com,Limone Coffee & Wine,,Lat Phrao District,Cafe,no,Low,1,,English/Latin-script name,,,openstreetmap,1,+66987192096,2 Nak Niwat 19 Alley,10230,overture (meta),overture:98be8873-8c81-436e-924d-fd55404ad47f
lobsterandmore.thailand@gmail.com,Lobster & More,,Lat Phrao District,Seafood,no,Low,1,,English/Latin-script name,,,openstreetmap,1,+66641279977,205 Pradit Manutham Rd,10230,overture (meta),overture:d2ffc862-ef1a-4b88-a782-d6b770646603
mamayaya.bkk@gmail.com,MAMA YAYA Restaurant,,Lat Phrao District,Asian; Thai,no,Low,1,,English/Latin-script name,,,openstreetmap,1,+66971976665,53 Soi Nak Niwat 16,10230,overture (meta),overture:046b0876-c1f0-4df3-835f-8c18490f0c8b
mansionincopenh@gmail.com,Mansion in Copenh,,Lat Phrao District,Cafe,no,Low,1,,English/Latin-script name,,,openstreetmap,1,+66641415236,13 ชั้น 3 Soi Nak Niwat 37 Yaek 1,10230,overture (meta),overture:0e970dc4-4194-4313-8f15-71e5272e2ec5
panawat.a1@gmail.com,Marinvimon Cafe,,Lat Phrao District,Cafe,no,Low,1,,English/Latin-script name,,,openstreetmap,1,+66819015000,1 นาคนิวาส 41 แขวงและเขตลาดพร้าว,10230,overture (meta),overture:0d5a1b18-14bf-4654-b570-7793ea6a0393
marpostcoffee@gmail.com,Marpost Coffee,,Lat Phrao District,Cafe,no,Low,1,,English/Latin-script name,https://maps.apple.com/?address=3%2F60+%E0%B8%96%E0%B8%99%E0%B8%99+%E0%B8%9B%E0%B8%A3%E0%B8%B0%E0%B8%94%E0%B8%B4%E0%B8%A9%E0%B8%90%E0%B9%8C%E0%B8%A1%E0%B8%99%E0%B8%B9%E0%B8%98%E0%B8%A3%E0%B8%A3%E0%B8%A1+%E0%B8%A5%E0%B8%B2%E0%B8%94%E0%B8%9E%E0%B8%A3%E0%B9%89%E0%B8%B2%E0%B8%A7+%E0%B8%81%E0%B8%A3%E0%B8%B8%E0%B8%87%E0%B9%80%E0%B8%97%E0%B8%9E%E0%B8%A1%E0%B8%AB%E0%B8%B2%E0%B8%99%E0%B8%84%E0%B8%A3+10230+%E0%B8%9B%E0%B8%A3%E0%B8%B0%E0%B9%80%E0%B8%97%E0%B8%A8%E0%B9%84%E0%B8%97%E0%B8%A2&auid=15984861559685344172&ll=13.809562%2C100.616735&lsp=9902&q=Marpost+Coffee&t=m,,openstreetmap,1,+66851234339,38 Soi Mu Ban Ban Klang Mueang Lat Phrao-yothin Phatthana,10230,overture (meta),overture:8bd0adf8-dd2b-4f7d-8c9d-906de85b6e3f
masonscraftbar@gmail.com,Masons Craft Bar,,Lat Phrao District,Bar,no,Low,1,,English/Latin-script name,,,openstreetmap,1,+66976942333,Masons Craft Bar,10230,overture (meta),overture:29cd261f-0ed9-45f2-96ec-a908061c8919
mattinstyle@gmail.com,Mattmosphere Scone&Tea,,Lat Phrao District,Restaurant,no,Low,1,,English/Latin-script name,,,openstreetmap,1,+66902369326,"Soi Lat Plakhao 18, Chorakae Bua, Ladphrao, Bangkok 10230",10230,overture (meta),overture:c8d559d2-86ef-4cd7-9e0a-da7c32342854
maypee2536@hotmail.com,Maxcafeee,,Lat Phrao District,Restaurant,no,Low,1,Local,English/Latin-script name,https://shopee.co.th/universal-link/now-food/shop/10014884?deep_and_deferred=1&shareChannel=copy_link,,openstreetmap,1,+66926255151,49 ถนน ลาดพร้าววังหิน,10230,overture (meta),overture:3b8c3031-c06c-413c-a4cb-356ca37f51fd
mayasuthisarn@gmail.com,"MAYA CHOK CHAI4 Chillbar , Mookrata & Caraoke",,Lat Phrao District,Bar,no,Low,1,,English/Latin-script name,,,openstreetmap,1,+66642366539,1 ถนน โชคชัย 4,10230,overture (meta),overture:3983056b-f2c4-4e30-a212-2220d40ee137
maysabkk.559@gmail.com,Maysa.bkk,,Lat Phrao District,Restaurant,no,Low,1,,English/Latin-script name,,,openstreetmap,1,+66951939954,112 ซอย นครหลวงนิเวศ,10230,overture (meta),overture:7171d875-8747-45ed-aac6-5433ded323e1
mebingsu@gmail.com,Me Bing Su,,Lat Phrao District,Restaurant,no,Low,1,,English/Latin-script name,,,openstreetmap,1,+66800586663,11 Prasert-Manukitch Rd,10230,overture (meta),overture:c0a66abf-889a-4368-8406-ef38663721f8
meatgalsmeatshop@gmail.com,MeatGals,,Lat Phrao District,Restaurant,no,Low,1,,English/Latin-script name,,,openstreetmap,1,+66648954545,43/24 ถนน นาคนิวาส,10230,overture (meta),overture:7bfae835-5527-4905-9913-c8dc408e82ca
misscake.bkk@gmail.com,Miss Cake,,Lat Phrao District,Bakery,no,Low,1,,English/Latin-script name,,,openstreetmap,1,+6625301944,ถนนนาคนิวาส - ซอย นาคนิวาส 37,10230,overture (meta),overture:828af0f6-4898-453f-9090-1959222159e6
nusarp@yahoo.com,MonGunGus Bakery,,Lat Phrao District,Bakery,no,Low,1,,English/Latin-script name,,,openstreetmap,1,+66816688902,67 ถนน โชคชัย 4,10230,overture (meta),overture:f0175835-60d9-4209-88ee-06efb6347a15
tongnumyapoo@gmail.com,Myhomekitchen,,Lat Phrao District,Restaurant,no,Low,1,,English/Latin-script name,,,openstreetmap,1,+66636780408,5 Nak Niwat 21,10230,overture (meta),overture:f0666472-a4bb-43b4-aca3-d0edded28f89
naklaa.mpt@thefoodselection.co.th,Nak La Mookata Makro Praditmanutham,,Lat Phrao District,Restaurant,no,Low,1,,English/Latin-script name,,,openstreetmap,1,+66612698706,173 Pradit Manutham Rd,10230,overture (meta),overture:e094ccdc-5df3-446d-8846-604594b7e3de
naniya.tan@gmail.com,Naniya,,Lat Phrao District,Restaurant,no,Low,1,,English/Latin-script name,,,openstreetmap,1,+66838966113,38/3 Soi Lat Pla Khao 14,10230,overture (meta),overture:d48267d5-6ace-414e-ab0f-3b5f7d13586e
ninjaizakayath@gmail.com,Ninja Izakaya,,Lat Phrao District,Asian; Japanese,no,Low,1,,English/Latin-script name,,,openstreetmap,1,+66942697466,645 Lad Prao Wanghin Rd,10230,overture (meta),overture:82dbf300-1653-40bc-8192-ecbd53baa4bd
nobletruth.kaffee@gmail.com,Noble Truth,,Lat Phrao District,Cafe,no,Low,1,,English/Latin-script name,,,openstreetmap,1,+66636963647,Lat Pla Khao Road,10230,overture (meta),overture:c0007aec-b4a1-4dc4-afdf-97f1111e65c2
watwatttt@gmail.com,October,,Lat Phrao District,Restaurant,no,Low,1,,English/Latin-script name,,,openstreetmap,1,+66641649000,12 หลังสุดท้ายขวามือ Lat Phrao Wang Hin Soi 47 Yaek 9,10230,overture (meta),overture:21c4e0a6-1085-4a47-bcea-54aa714f5bb9
omedeto.tea@gmail.com,Omedeto,,Lat Phrao District,Cafe,no,Low,1,Local,English/Latin-script name,https://www.wongnai.com/restaurants/423377Ke-omedeto,nokmat2014@gmail.com; poonyduckfixed@gmail.com; comely446@gmail.com; dibkung247@hotmail.com; uyeen88@gmail.com; khunchangchokchai@gmail.com; build.fah@hotmail.com; temkum.chokchai4@gmail.com,openstreetmap,1,+66649949888,"1, 297 Chok Chai 4 Rd",10230,overture (meta),overture:60a86649-0bfd-45cd-b70c-918e6f329380
onlinetea.ladprao@gmail.com,Online Tea,,Lat Phrao District,Restaurant,no,Low,1,,English/Latin-script name,,,openstreetmap,1,+66803928734,219 Lat Phrao Wang Hin 35 Alley,10230,overture (meta),overture:e5348a68-5ce2-4884-89fd-5d141d09fbe5
onsenpenguin.official@gmail.com,Onsen Penguin,,Lat Phrao District,Restaurant,no,Low,1,,English/Latin-script name,,,openstreetmap,1,+66641983642,Sukhonthasawat rd.,10230,overture (meta),overture:16a0b310-57cb-451e-9368-e67955daa25b
oreno.sushi.pap@gmail.com,Oreno Sushi 俺の寿司,,Lat Phrao District,Asian; Japanese; Sushi,no,Low,1,,English/Latin-script name,,,openstreetmap,1,+66837034246,450 Nakniwad 46 Rd. Ladprao Ladprao  ,10230,overture (meta),overture:26e188ad-7ee9-4021-8ebd-781f195e02fd
ouicha.chafe@hotmail.com,Oui cha Chafe,,Lat Phrao District,Restaurant,no,Low,1,,English/Latin-script name,,,openstreetmap,1,,ถนนพระรามที่2\n,10150,overture (meta),overture:3cd3cdc4-cbf5-4afb-9c0b-ef1e6b11fafb
hormones.plazalagoon@gmail.com,Pathé Plaza Lagoon,,Lat Phrao District,Restaurant,no,Low,1,,English/Latin-script name,,,openstreetmap,1,+66657180836,39 Lat Phrao Wang Hin Soi 5 2,10230,overture (meta),overture:aa234ea6-ef11-4408-8728-34207c3ce769
petitecoffeelab@gmail.com,Petite Coffee Lab,,Lat Phrao District,Restaurant,no,Low,1,,English/Latin-script name,,,openstreetmap,1,+66987879291,Soi Pradid Manutham 25,10230,overture (meta),overture:903221a8-3db8-485f-ab4f-6bcd89d745cf
honogroup.tnd@gmail.com,Pho Hono,,Lat Phrao District,Asian,no,Low,1,,English/Latin-script name,,,openstreetmap,1,+66828282385,"โครงการเดอะคริสตัล ห้องเลขที่ 103 ชั้น 1 อาคาร D, เลขที่ 199 Pradit Manutham Rd",10230,overture (meta),overture:981c1997-f689-4357-b4b9-a339f71a2d6a
yentafotham@gmail.com,Picasso PUB & Karaoke,,Lat Phrao District,Asian; Thai,no,Low,1,,English/Latin-script name,,,openstreetmap,1,+66825654172,35 ถนน ประดิษฐ์มนูธรรม,10240,overture (meta),overture:78955b94-ba5a-4e7c-b888-cff2a1f68aab
familyofpig@gmail.com,PigFamily,,Lat Phrao District,Restaurant,no,Low,1,,English/Latin-script name,,,openstreetmap,1,+66875888645,35 Lat Phrao Wang Hin 11 Alley,10230,overture (meta),overture:46d3622d-d757-43d7-a35e-09c677f9e7b5
jindanuch50@gmail.com,Poopae Yogurt Berry Cafe,,Lat Phrao District,Ice cream,no,Low,1,,English/Latin-script name,,,openstreetmap,1,+66948855426,8 Sangkhom Songkhro Rd,10230,overture (meta),overture:c7822244-e920-4b1d-a8cd-c5a51fc531de
portobelloroad@hotmail.com,Portobello and Désiré,,Lat Phrao District,Restaurant,no,Low,1,,English/Latin-script name,http://www.portobello.igetweb.com,,openstreetmap,1,+66956391469,"ตอหม้อ, 40, 168 Prasert-Manukit Rd",10230,overture (meta),overture:d3c46252-e9c8-47e8-abc5-4cc1d97bd7c9
chanon.sonkanok@gmail.com,Powerfood,,Lat Phrao District,Restaurant,no,Low,1,,English/Latin-script name,,,openstreetmap,1,+66863919295,34 Pan Maen 2 Alley,10230,overture (meta),overture:25881b2c-2b01-4f37-b9fc-21d227876282
puiandpup@gmail.com,PUI & PUP,,Lat Phrao District,Restaurant,no,Low,1,,English/Latin-script name,,,openstreetmap,1,+66867964880,ซ.ลาดพร้าววังหิน 74,10230,overture (meta),overture:f102da37-cb06-4084-8c71-3445bf27a512
refreshfruittea888@gmail.com,REFRESH Fruit Tea,,Lat Phrao District,Restaurant,no,Low,1,,English/Latin-script name,,,openstreetmap,1,+66829919489,18/88 Nak Niwat Rd,10230,overture (meta),overture:1b99f85a-0c22-4342-82b6-9b671651ecde
pongtorn.sri@gmail.com,Ristretto,,Lat Phrao District,Cafe,no,Low,1,,English/Latin-script name,http://ristrettocorp.tumblr.com/,,openstreetmap,1,+66909325595,,72440,overture (meta),overture:00fc505d-1416-4ce2-ac76-922ef3b79944
chemistjeab@gmail.com,Rock Castle Bakery,,Lat Phrao District,Bakery,no,Low,1,,English/Latin-script name,,,openstreetmap,1,+66892009131,9 ถนน ลาดพร้าววังหิน,10230,overture (meta),overture:b5064b54-8257-4bb0-9fda-a566dbcd3180
sakamotoizakaya@gmail.com,Sakamoto Izakaya,,Lat Phrao District,Asian; Japanese,no,Low,1,,English/Latin-script name,,,openstreetmap,1,+66806575788,55 ลาดปลาเค้า 10,10230,overture (meta),overture:3796d684-c5a2-4600-bd0e-5213c908c259
sk.beercommunity@gmail.com,Sangkhom,,Lat Phrao District,Bar,no,Low,1,,English/Latin-script name,,,openstreetmap,1,+66642549196,216 ถนนสังคมสงเคราะห์,10310,overture (meta),overture:644a196f-eaf0-40fa-8258-e155a9b5e8af
deedogmsa@gmail.com,Sathaneemeehoi,,Lat Phrao District,Asian; Thai,no,Low,1,,English/Latin-script name,,,openstreetmap,1,+66988525565,Bangkok,10230 ประเทศไทย,overture (meta),overture:50b564dd-8617-487a-a8b5-c3bbd6ca986e
wut.lkp@gmail.com,Sea See You,,Lat Phrao District,Seafood,no,Low,1,,English/Latin-script name,,,openstreetmap,1,+66822935353,98 ลาดปลาเค้า 50,10230,overture (meta),overture:19c87282-24b2-4c52-84ce-5ba6da1d69e4
seoulbysoul71@gmail.com,Seoul by Soul,,Lat Phrao District,Asian; Korean,no,Low,1,,English/Latin-script name,,,openstreetmap,1,+66649694988,"35, 369 Sukhonthasawat Rd",10230,overture (meta),overture:949f4391-ab25-4def-bc92-8cd8d87aef69
sharekaffe@gmail.com,Share Kaffe,,Lat Phrao District,Cafe,no,Low,1,,English/Latin-script name,,,openstreetmap,1,+66861655542,"share Kaffe 298 Chokchai 4 Soi 28, Ladprao",10230,overture (meta),overture:6d27d47d-1ca6-4761-b4e9-9c1d390a0b77
simmerson.th@gmail.com,Simmer Huang - The Street Bangkok,,Lat Phrao District,Asian; Chinese,no,Low,1,,English/Latin-script name,,,openstreetmap,1,+66808936669,18/8 ถนน นาคนิวาส,10230,overture (meta),overture:9867a849-8f05-44c7-adf9-e77babc56c67
sip.me.cafe@gmail.com,sipme cafe,,Lat Phrao District,Cafe,no,Low,1,,English/Latin-script name,,,openstreetmap,1,+66889879887,77 ม.13 ซอย Chok Chai 4 Soi 72,10230,overture (meta),overture:c46eb822-38eb-4880-af25-e64aa27b69e2
smithscafe.co@gmail.com,Smiths Cafe,,Lat Phrao District,Cafe,no,Low,1,,English/Latin-script name,,,openstreetmap,1,+66829244716,9 สุคนธสวัสดิ์ 8,10230,overture (meta),overture:991a6de4-cc6c-44e2-bd6a-254f34b9c382
somjainuek.cafe@gmail.com,Somjainuek Cafe,,Lat Phrao District,Cafe,no,Low,1,,English/Latin-script name,,,openstreetmap,1,+66961500907,6 สตรีวิทยา 2 ซอย 6,10230,overture (meta),overture:6b6bdf81-8c1a-4bd9-aca1-0b07beba166a
surawadee-t@hotmail.com,Sonne cafe’,,Lat Phrao District,Restaurant,no,Low,1,,English/Latin-script name,,,openstreetmap,1,+66918849988,310 สุคนธสวัสดิ์ 18,10230,overture (meta),overture:1411980b-9923-481d-9251-815e0c696144
sonshinebkk@gmail.com,SONSHINE,,Lat Phrao District,Cafe,no,Low,1,,English/Latin-script name,,,openstreetmap,1,+66939902102,โลตัส Lad Prao Wanghin Rd,10230,overture (meta),overture:cad0e3ac-a80a-41e5-82a1-c2c894f977a6
tigeristiger11@gmail.com,SorKorSor,,Lat Phrao District,Bar,no,Low,1,,English/Latin-script name,,,openstreetmap,1,+66922939656,516 Lat Phrao Wang Hin 38 Alley,10230,overture (meta),overture:06f137d4-6f2f-4d68-8e1a-328bb448e3d0
souk.sns@gmail.com,Souk Space And Sustenances,,Lat Phrao District,Cafe,no,Low,1,,English/Latin-script name,,,openstreetmap,1,+66995493224,"23, 14 Chok Chai 4 Rd",10230,overture (meta),overture:498d8c40-0ce4-409f-a007-94e2f6b1f6b3
sousakucteastville@gmail.com,Sousaku Central Eastville,,Lat Phrao District,Asian; Japanese,no,Low,1,,English/Latin-script name,,,openstreetmap,1,+66966616969,"Fl 1, 69 Pradit Manutham Rd",10230,overture (meta),overture:2e845c96-e710-415d-9f87-cc92956f759c
oat.pasakorntu@gmail.com,Space Bar,,Lat Phrao District,Bar,no,Low,1,,English/Latin-script name,,,openstreetmap,1,+66881479347,3/406 Satri Witthaya 2 Soi 4,10230,overture (meta),overture:0d45b748-b8a6-45b0-b8a8-86e17aed5f07
madamesally777@gmail.com,STANDALONE Coffee Roasters,,Lat Phrao District,Cafe,no,Low,1,,English/Latin-script name,,,openstreetmap,1,+66980950555,39 3 Soi Lat Pla Khao 34,10230,overture (meta),overture:8fc7730d-5830-482a-8e9c-32d32643ed03
14531@coffee-concepts.co.th,Starbucks,,Lat Phrao District,Cafe,no,Low,1,,English/Latin-script name,https://starbucks.co.th/,,openstreetmap,1,,,,overture (AllThePlaces),overture:9bea27d4-ac52-46da-9aaf-4b08c69bdaff
14294@coffee-concepts.co.th,Starbucks,,Lat Phrao District,Cafe,no,Low,1,,English/Latin-script name,https://starbucks.co.th/,,openstreetmap,1,,,,overture (AllThePlaces),overture:eaccfccf-f628-4cd2-8479-8913ff3bcfe9
14200@coffee-concepts.co.th,Starbucks,,Lat Phrao District,Cafe,no,Low,1,,English/Latin-script name,https://starbucks.co.th/,,openstreetmap,1,,,,overture (AllThePlaces),overture:c03ebe61-ab23-43fa-a5dc-cd0fd2379169
stone.palace63@gmail.com,Stone Palace & Sweet Time,,Lat Phrao District,Restaurant,no,Low,1,,English/Latin-script name,,,openstreetmap,1,,67 ถนน ลาดพร้าววังหิน,10230,overture (meta),overture:b54c9b07-7503-405a-9203-4c64c95e79cf
sunyo.izakaya@gmail.com,Sunyo Izakaya,,Lat Phrao District,Asian; Japanese,no,Low,1,,English/Latin-script name,,,openstreetmap,1,+66963619974,9 Sukhontha Sawat 32 Alley,10230,overture (meta),overture:cd768e8e-a8ed-4c11-b6ef-c1e960c22a9c
talwater99@gmail.com,Talwater Pure,,Lat Phrao District,Restaurant,no,Low,1,,English/Latin-script name,,,openstreetmap,1,+66616813294,66 ถนน โชคชัย 4,10230,overture (meta),overture:9f966228-46b9-4e22-aec9-3bb44d8442db
koong_b@hotmail.com,Taweechai Roast Duck,,Lat Phrao District,Asian; Thai,no,Low,1,,English/Latin-script name,,,openstreetmap,1,+66902282359,345-346 Lad Prao Wanghin Rd,10230,overture (meta),overture:9bf07d2b-12b7-4573-bc54-71bbe16c3042
taydotomorrow@gmail.com,TAYDO Tomorrow at Home Coffee,,Lat Phrao District,Cafe,no,Low,1,,English/Latin-script name,,,openstreetmap,1,+66959541818,39/56 ถนน เสนานิคม 1 อยู่ระหว่าง ซอย 109 กับ 111,10230,overture (meta),overture:d6153ef8-721d-4e8e-b409-6e69ef6670fa
claudewan123@gmail.com,Tem-im Sena Coffee Tel.0858369676,,Lat Phrao District,Cafe,no,Low,1,,English/Latin-script name,,,openstreetmap,1,,74/7 ถนน เสนานิคม 1,10230,overture (meta),overture:fe3753cb-3cab-43bd-9669-1ca8eb4faa48
omegagroupth@gmail.com,Thai-Denmark Milk Land,,Lat Phrao District,Cafe,no,Low,1,,English/Latin-script name,,,openstreetmap,1,+66993151668,210 2 Chok Chai 4 Soi 54,10230,overture (meta),overture:10139ede-462c-41e9-ad3e-1104c97b8063
info@tcbrcoffee.com,The Coffee Bean Roasting,,Lat Phrao District,Cafe,no,Low,1,Local,English/Latin-script name,https://thecoffeebeanroasting.com/,,openstreetmap,1,+6629357631,11 ซอยโชคชัย 4 ซอย 28 ถนนโชคชัย 4 ลาดพร้าว,10230,overture (meta),overture:b32efc24-9a90-4831-9454-60ac831b6073
thecraab.bkk@thecraab.com,The CRAAB,,Lat Phrao District,Seafood,no,Low,1,,English/Latin-script name,,,openstreetmap,1,+66942966616,THE CRAAB เดอะแคร๊ป,10500,overture (meta),overture:f95786f2-092c-4091-970e-b759cad9215f
thegustspecial@gmail.com,The Gust Special Coffee,,Lat Phrao District,Cafe,no,Low,1,,English/Latin-script name,,,openstreetmap,1,+66989839350,57/29 ถนน เสนานิเวศน์ 1,10230,overture (meta),overture:29b65666-ef32-45bd-aa0c-be4555298884
thejar.res@gmail.com,The Jar Restaurant,,Lat Phrao District,Restaurant,no,Low,1,,English/Latin-script name,,,openstreetmap,1,+66968719191,โครงการพลาซ่าลากูน,10230,overture (meta),overture:c004057f-f682-4059-aa05-6b6fedd2a2da
rememberbangkok0@gmail.com,The Remember Bangkok,,Lat Phrao District,Restaurant,no,Low,1,,English/Latin-script name,,,openstreetmap,1,+66659394838,9 ถนน นวมินทร์,10240,overture (meta),overture:185ea9c1-2327-4e6a-b38a-833793a5c93e
theretrobar98@gmail.com,The Retro Bar,,Lat Phrao District,Bar,no,Low,1,,English/Latin-script name,,,openstreetmap,1,+66966192692,98 Thanon Sena Nikhom 1,10230,overture (meta),overture:ae30ab98-1d07-4c08-b1be-12c8f1e43a74
thesmiths.bar@gmail.com,The Smiths Bar BKK,,Lat Phrao District,Bar,no,Low,1,,English/Latin-script name,,,openstreetmap,1,+66969399544,"9 Sukhontha Sawat 32 Alley, Khwaeng Lat Phrao, Lat Phrao, Bangkok 10230",10230,overture (meta),overture:499c5d1f-17f6-45b4-b891-a2e7c1960386
terdpatai.uppacha@gmail.com,The States of Freedom,,Lat Phrao District,Bar,no,Low,1,,English/Latin-script name,,,openstreetmap,1,+66918820212,"2nd Floor, 150 Nak Niwat Rd",10230,overture (meta),overture:30127036-952e-4355-9d74-a7b81a51afe4
club24bistro@hotmail.com,Thirst Day,,Lat Phrao District,Restaurant,no,Low,1,,English/Latin-script name,,,openstreetmap,1,+6629070456,,,openstreetmap,https://www.openstreetmap.org/node/2111937274
jeerawit.adc@gmail.com,Timeout wanghin,,Lat Phrao District,Asian,no,Low,1,,English/Latin-script name,,,openstreetmap,1,+66820121117,54 ลาดพร้าววังหิน 55,10230,overture (meta),overture:c5a0a5ce-4d45-4383-8a66-6286a44bfd2d
tinydose88@gmail.com,TINY DOSE Coffee,,Lat Phrao District,Cafe,no,Low,1,,English/Latin-script name,,,openstreetmap,1,+66959636920,41/5 ถนน สุคนธสวัสดิ์,10230,overture (meta),overture:430558ae-11f1-45c6-b92e-826622adf27e
bkktipsy@gmail.com,Tipsy Bkk,,Lat Phrao District,Restaurant,no,Low,1,Local,English/Latin-script name,https://tipsybkk.com/,,openstreetmap,1,+66654542691,36 Soi Nok Sakun,10230,overture (meta),overture:e7c72d3b-86cc-4160-b8ae-0aba62e1c60a
maillard.coff@gmail.com,Tman Roaster,,Lat Phrao District,Cafe,no,Low,1,,English/Latin-script name,,,openstreetmap,1,+66944478941,267 Sukhonthasawat Rd,10230,overture (meta),overture:5dadb962-f5ad-4d60-a0ec-aa43616613b7
tmanroaster@gmail.com,TMAN Roaster,,Lat Phrao District,Cafe,no,Low,1,,English/Latin-script name,,,openstreetmap,1,+66944478941,267 ถนน สุคนธสวัสดิ์,10230,overture (meta),overture:67fa5e45-2dc6-420d-a731-ed0b198f04cc
tokkiizakaya@gmail.com,TOKKI Izakaya 토끼,,Lat Phrao District,Asian; Japanese; Korean,no,Low,1,,English/Latin-script name,,,openstreetmap,1,,99/3 ถนน เฉลิมพระเกียรติรัชกาลที่ 9,10250,overture (meta),overture:d6840a9f-308f-49fb-8f3f-c03c6942ecf2
tomsandtact@gmail.com,Toms and Tact Kaffee,,Lat Phrao District,Cafe,no,Low,1,,English/Latin-script name,,,openstreetmap,1,+66616141562,2 Soi Lat Phrao Wang Hin 24,10230,overture (meta),overture:cdf105f3-702c-4daa-9072-31e445c94317
merida22@hotmail.co.th,Uncle John Coffee & Bakery,,Lat Phrao District,Bakery,no,Low,1,,English/Latin-script name,,,openstreetmap,1,,18 ถนน โชคชัย 4,10230,overture (meta),overture:731a345e-d0b8-4707-a9b2-5c7794d85ae1
underover.bakelab@gmail.com,Under Over bake laboratory,,Lat Phrao District,Bakery,no,Low,1,,English/Latin-script name,,,openstreetmap,1,+66917635373,93 Sukhonthasawat Rd,10230,overture (meta),overture:e98a595d-2dd9-4f3d-b82b-788cf2420d15
undospacecafe@gmail.com,undospace cafe,,Lat Phrao District,Restaurant,no,Low,1,,English/Latin-script name,,,openstreetmap,1,+66906699446,28/82 Lat Phrao Wang Hin 32 Alley,10230,overture (meta),overture:007477e4-f3d6-4d4e-8a03-def4a4610ad1
unfinished.bkk@gmail.com,Unfinished Coffee Roaster,,Lat Phrao District,Cafe,no,Low,1,,English/Latin-script name,,,openstreetmap,1,+66639590042,"2, 2 Lat Phrao Wang Hin 46 Alley",10230,overture (meta),overture:ac69ab9c-8078-4eca-94e7-126ff010289f
apasara1838@gmail.com,Unfriend Fat Cafe,,Lat Phrao District,Cafe,no,Low,1,,English/Latin-script name,,,openstreetmap,1,+66969900933,33 ถนนลาดพร้าววังหิน,10230,overture (meta),overture:5a4cc9c4-0e31-4133-8096-05e19b07bfd6
victorydraw@gmail.com,Victory Draw TCG Cafe,,Lat Phrao District,Cafe,no,Low,1,,English/Latin-script name,,,openstreetmap,1,+66986549193,ถนน ลาดพร้าววังหิน,10230,overture (meta),overture:a80d1034-6c5e-4b25-b278-e563ad2bfb1b
lekong1967.ps@gmail.com,Vintage/Retro/36,,Lat Phrao District,Restaurant,no,Low,1,,English/Latin-script name,https://WWW.hip-po-po.business.site/,,openstreetmap,1,+66831895005,6/19 ซอย แย้มศิริ,10900,overture (meta),overture:643e1a70-3bbb-40ab-b05a-c5ec564d67e9
winecity.bkk@gmail.com,Wine City,,Lat Phrao District,Asian; Japanese,no,Low,1,,English/Latin-script name,,,openstreetmap,1,+66952416699,355 ประดิษฐ์มนูธรรม 23,10230,overture (meta),overture:b4a42e52-47a0-4c66-ba5c-642c655a0363
witchonway@gmail.com,Witch on Way,,Lat Phrao District,Bar,no,Low,1,,English/Latin-script name,,,openstreetmap,1,+66894919988,48 Lad Prao Wanghin Rd,10230,overture (meta),overture:d6af5d42-8c80-4a80-a843-3a3b3dbe810f
wknd.kirati@gmail.com,wknd.bkk,,Lat Phrao District,Cafe,no,Low,1,,English/Latin-script name,,,openstreetmap,1,+66624154242,,10230,overture (meta),overture:db53742c-9ccf-4afc-8156-a26938faea12
woodcafethailand@gmail.com,Wood Cafe,,Lat Phrao District,Restaurant,no,Low,1,,English/Latin-script name,,,openstreetmap,1,+66659493659,Soi Lat Phrao Wang Hin 48,10230,overture (meta),overture:1aa4edcd-ada3-4136-aece-5ba52224157d
xemcafe.bkk@gmail.com,XEM,,Lat Phrao District,Cafe,no,Low,1,,English/Latin-script name,,,openstreetmap,1,,38/203 ลาดปลาเค้า 4,10230,overture (meta),overture:625fe564-4e4f-49d5-b203-1730a3bea750
xiu1988cafe@gmail.com,Xiu1988cafe,,Lat Phrao District,Cafe,no,Low,1,,English/Latin-script name,,,openstreetmap,1,+66967714806,9/545 ถนน ลาดพร้าววังหิน,10230,overture (meta),overture:369a1b18-110c-4951-b8e4-b90b34600784
loveyes1980@gmail.com,Yes Brewery by Good Tap,,Lat Phrao District,Asian; Thai,no,Low,1,,English/Latin-script name,,,openstreetmap,1,+66802395464,โครงการ BNN Park Nakniwat (หลัง KFC) ถนนนาคนิวาส แขวงลาดพร้าว เขตลาดพร้าว ,10230,overture (meta),overture:349b9199-6b8d-4be8-8be7-cfa107e3d2b8
yogurtworks.thailand@gmail.com,YogurtWorks Thailand,,Lat Phrao District,Restaurant,no,Low,1,,English/Latin-script name,,,openstreetmap,1,+66865551775,725 ลาดพร้าววังหิน,10230,overture (meta),overture:eb989edd-fa90-43ba-b28f-6ad47f3c7a9e
yujochillizakaya@gmail.com,Yujo Chill Izakaya,,Lat Phrao District,Asian; Japanese,no,Low,1,,English/Latin-script name,,,openstreetmap,1,+66927951288,594 ถนน Chok Chai 4 Soi 52/1,10230,overture (meta),overture:63786fb7-8884-485f-b8ea-c4b1406cd8c9
yum.omg365@gmail.com,Yum.omg,,Lat Phrao District,Cafe,no,Low,1,,English/Latin-script name,,,openstreetmap,1,+66923529464,,,overture (meta),overture:9ae80cfa-593e-4121-90f5-cdbd8f89c0f9
zhuprima@gmail.com,Zhuprima Caffe di Musica - Violin & Coffee Shop 朱家之音,,Lat Phrao District,Cafe,no,Low,1,,English/Latin-script name,,,openstreetmap,1,+66635162904,577 ladphrao-Wanghin,10230,overture (meta),overture:4b429196-d0cc-40bf-b78d-b4683ac04997
paperclip.coffee@gmail.com,𝙋𝘼𝙋𝙀𝙍𝘾𝙇𝙄𝙋 𝘾𝙊𝙁𝙁𝙀𝙀,,Lat Phrao District,Cafe,no,Low,1,,English/Latin-script name,,,openstreetmap,1,+66962404012,หน้า 7 11 Nak Niwat 15 Alley,10230,overture (meta),overture:a99d8f8f-c7d7-4b9d-890d-7b2c83697b5e
2tomyum@gmail.com,2พี่น้อง ก๋วยเตี๋ยวต้มยำ,2พี่น้อง ก๋วยเตี๋ยวต้มยำ,Lat Phrao District,Asian; Japanese,no,Low,0,,,,,openstreetmap,1,+66970073080,520 ถนน โชคชัย 4 ซอย 48 หัว มุม แขวง เขต ลาดพร้าว 10230 ซอย ลาดพร้าว ลาดพร้าว ลาดพร้าว,10230,overture (meta),overture:7b04b3c7-7fe6-4ade-a56d-a0ea6c98586f
pattranists@aromathailand.com,30ยังแจ๋วคอฟฟี่ทีบาร์,30ยังแจ๋วคอฟฟี่ทีบาร์,Lat Phrao District,Cafe,no,Low,0,,,,,openstreetmap,1,+66854801487,,,overture (meta),overture:9e0443cc-455e-46e5-9f79-2926ae296909
apacafe.th@gmail.com,Apar Cafe - อาปาคาเฟ่,Apar Cafe - อาปาคาเฟ่,Lat Phrao District,Cafe,no,Low,0,,,,,openstreetmap,1,+66967796499,57 ถนน โชคชัย 4,10230,overture (meta),overture:92fd47ca-f5fc-4b04-adb4-6b68127f1af3
pwittanet@hotmail.com,Araya icecream ศูนย์วอลล์รามอินทรา,Araya icecream ศูนย์วอลล์รามอินทรา,Lat Phrao District,Ice cream,no,Low,0,,,,,openstreetmap,1,+66641722215,5 ประเสริฐมนูกิจ 29,10230,overture (meta),overture:43977abd-f3e9-4ebd-b75d-094565f9d96a
payponchanit@hotmail.com,B.lief Coffee สาขาลาดปลาเค้า วังหิน เกษตร,B.lief Coffee สาขาลาดปลาเค้า วังหิน เกษตร,Lat Phrao District,Cafe,no,Low,0,,,,,openstreetmap,1,+66991952926,19 ลาดปลาเค้า 6,10230,overture (meta),overture:8fc28b48-e517-4694-8999-b67b74dd207e
mastercat.tazz@gmail.com,Baanjoy ครัวบ้านจอย - สาขาลาดปลาเค้า29,Baanjoy ครัวบ้านจอย - สาขาลาดปลาเค้า29,Lat Phrao District,Restaurant,no,Low,0,,,,,openstreetmap,1,+66645426419,Lat Pla Khao 29 Alley,10230,overture (meta),overture:a3d27636-934e-4356-b769-be0a75614f5c
beyoucafewanghin77@gmail.com,Be You Cafe วังหิน 77,Be You Cafe วังหิน 77,Lat Phrao District,Cafe,no,Low,0,,,,,openstreetmap,1,+6620684929,77 ถนน ลาดพร้าววังหิน,10230,overture (meta),overture:0d138e8b-eccc-4339-ad22-1e4532491d75
benzaitenramen@gmail.com,Benzaiten Ramen ราเมน โชคชัย 4 ลาดพร้าว,Benzaiten Ramen ราเมน โชคชัย 4 ลาดพร้าว,Lat Phrao District,Asian; Japanese,no,Low,0,,,,,openstreetmap,1,+66888286622,216 อาคาร เลขที่ 216 Sangkhom Songkhro Rd,10230,overture (meta),overture:7bbc5ff5-4d6f-417b-9439-2dd53837690f
cafeselect2010@gmail.com,Cafe Select คาเฟ่ ซีเล็ค,Cafe Select คาเฟ่ ซีเล็ค,Lat Phrao District,Cafe,no,Low,0,,,,,openstreetmap,1,+66903081413,17/28 หมู่ 1 ถนนสุคนธสวัสดิ์,10230,overture (meta),overture:38854020-c60c-4add-9dde-530c7cffb25e
chakuma.sw2@gmail.com,Chakuma ชานมไข่มุก สตรีวิทยา2 - สุคนธสวัสดิ์ ซ.3,Chakuma ชานมไข่มุก สตรีวิทยา2 - สุคนธสวัสดิ์ ซ.3,Lat Phrao District,Restaurant,no,Low,0,,,,,openstreetmap,1,+66889128557,สุคนธสวัสดิ์,10230,overture (meta),overture:37d13449-2fd1-4c42-b6bd-4e71c174b267
chakukuma.71@gmail.com,Chakuma สาขานาคนิวาส ลาดพร้าว 71,Chakuma สาขานาคนิวาส ลาดพร้าว 71,Lat Phrao District,Cafe,no,Low,0,,,,,openstreetmap,1,+66642822328,นาคนิวาส,10230,overture (meta),overture:8a18f323-d7f2-4c05-be9c-3cccd20cb043
chamichi71@gmail.com,Chamichi - ชานมไข่มุก  ลาดพร้าว 71,Chamichi - ชานมไข่มุก  ลาดพร้าว 71,Lat Phrao District,Restaurant,no,Low,0,,,,,openstreetmap,1,+66826691655,55/5 ถนน นาคนิวาส,10230,overture (meta),overture:a846db33-e664-4b67-bf79-256446f92a32
cocome.ladphraowanghin@gmail.com,COCO l me' โคโค่เมะ ลาดพร้าว-วังหิน47,COCO l me' โคโค่เมะ ลาดพร้าว-วังหิน47,Lat Phrao District,Restaurant,no,Low,0,,,,,openstreetmap,1,+66814942296,49 ถนน ลาดพร้าววังหิน,10230,overture (meta),overture:4d3f71e4-6f28-46dd-aa43-fdf89f0b010c
nukoy1104@gmail.com,Crepe cassette -เครป คลาสเซท,Crepe cassette -เครป คลาสเซท,Lat Phrao District,Restaurant,no,Low,0,,,,,openstreetmap,1,+66809692696,ลาดพร้าววังหิน 8,10230,overture (meta),overture:e35f64d2-322c-48cc-867f-428f36a5e385
maw3769@hotmail.com,Dd หม้อไฟ เกษตรนวมินทร์,Dd หม้อไฟ เกษตรนวมินทร์,Lat Phrao District,Restaurant,no,Low,0,,,,,openstreetmap,1,+66823297295,26 ซอย 2 แขวง คลองกุ่ม เขต บึงกุ่ม กรุงเทพมหานคร 10230,10230,overture (meta),overture:310aecb5-5f9f-4b25-8604-e17927c45edf
bminor7.31@gmail.com,DenDen Curry ข้าวหน้าแกงกะหรี่ญี่ปุ่น,DenDen Curry ข้าวหน้าแกงกะหรี่ญี่ปุ่น,Lat Phrao District,Asian; Indian; Japanese,no,Low,0,,,,,openstreetmap,1,+66615136282,ประเสริฐมนูกิจ,10230,overture (meta),overture:36fa6c7e-4a50-4d23-8e78-a179d7b1e55a
domuyajp@gmail.com,Domuya โดมุยะ เกษตร-นวมินทร์,Domuya โดมุยะ เกษตร-นวมินทร์,Lat Phrao District,Cafe,no,Low,0,,,,,openstreetmap,1,+6625531000,114 ถ.ประเสริฐมนูกิจ แขวงจรเข้บัว เขตลาดพร้าว,10230,overture (meta),overture:4b5d8d1c-33bc-468a-b2e3-367a579739cd
amornthepluangamornlert@gmail.com,Duck you - เป็ดย่างเกลือหนังกรอบ,Duck you - เป็ดย่างเกลือหนังกรอบ,Lat Phrao District,Restaurant,no,Low,0,,,,,openstreetmap,1,+66909970039,ตลาดนัดหัวมุม,00000,overture (meta),overture:6bccffc5-d6e4-49f4-9011-54ed677fe20a
khunyachan.ap@gmail.com,ES Cleaning Solution บริการทำความสะอาดครบวงจร,ES Cleaning Solution บริการทำความสะอาดครบวงจร,Lat Phrao District,Restaurant,no,Low,0,,,,,openstreetmap,1,+66836235615,,,overture (meta),overture:96f69e90-a935-42b7-a373-6ed66ec3235d
somtobkhunsonti@gmail.com,Gacha ประมงพื้นบ้าน,Gacha ประมงพื้นบ้าน,Lat Phrao District,Restaurant,no,Low,0,,,,,openstreetmap,1,+66624254962,48/7 ซอยสุคนธสวัสดิ์ 38,10230,overture (meta),overture:18b724d4-9906-4d73-9bd3-3f2a907fba07
gangnamramyon@gmail.com,Gangnam Ramyon กังนัมรามยอน,Gangnam Ramyon กังนัมรามยอน,Lat Phrao District,Restaurant,no,Low,0,,,,,openstreetmap,1,+66812749999,315/28 ,10230,overture (meta),overture:c5823d0d-b46c-44c5-be5e-bbc0c0dc038f
hongdi.coffee@gmail.com,Hong Di (อั่งตี๋) 紅弟,Hong Di (อั่งตี๋) 紅弟,Lat Phrao District,Cafe,no,Low,0,,,,,openstreetmap,1,097 954 5519,18 Chok Chai 4 Soi 39,10230,overture (Foursquare),overture:3d115fc4-2ba7-4820-837f-96a1619ac6e5
nescafewanghin48@gmail.com,HuoGuo Mala Shabu หั่วกัว หมาล่า ชาบู,HuoGuo Mala Shabu หั่วกัว หมาล่า ชาบู,Lat Phrao District,Restaurant,no,Low,0,,,,,openstreetmap,1,+66829452290,49 ถนน ลาดพร้าววังหิน,10230,overture (meta),overture:72db082d-1ce0-43e6-acb7-c6d266c6611b
kebabyapa@gmail.com,Kebab Yapa - เคบับ ญาภา,Kebab Yapa - เคบับ ญาภา,Lat Phrao District,Restaurant,no,Low,0,,,,,openstreetmap,1,+66628181749,25 เสนานิคม 1 ซอย 42 แยก 2,10230,overture (meta),overture:40a03773-3489-4045-aa89-58015edefb7e
kinspaceyumyailu@gmail.com,Kin space x ยำยายลู,Kin space x ยำยายลู,Lat Phrao District,Restaurant,no,Low,0,,,,,openstreetmap,1,+66822469992,289 โชคชัย 4 ซอย 36,10230,overture (meta),overture:6c04d898-b9cb-4807-a8b5-debda1e17211
pacharakorn.kai@gmail.com,Malim : มาลิ้ม,Malim : มาลิ้ม,Lat Phrao District,Restaurant,no,Low,0,,,,,openstreetmap,1,+66649357997,16 ลาดพร้าววังหิน 1,10230,overture (meta),overture:20a8702a-91d2-4540-803c-9280c2f980bf
nadbanpuen@gmail.com,Nadbanpuen - นัดบ้านเพื่อน Camping bar,Nadbanpuen - นัดบ้านเพื่อน Camping bar,Lat Phrao District,Restaurant,no,Low,0,,,,,openstreetmap,1,+66639856596,1 นาศนิวาส49 ถนนนาศนิวาส เขตลาดพร้าว แขวงลาดพร้าว กรุงเทพมหานคร 10320,10320,overture (meta),overture:8f09041c-132f-42ad-b7ae-120686fe1114
dmishiko.gm@gmail.com,Nam Dao Huu น้ำเต้าหู้ ลาดพร้าว 71,Nam Dao Huu น้ำเต้าหู้ ลาดพร้าว 71,Lat Phrao District,Cafe,no,Low,0,,,,,openstreetmap,1,+66954835688,ท็อปส์ มาร์เก็ต Nak Niwat Rd,10230,overture (meta),overture:6ae65035-5064-4c8b-8200-5185afc258f4
gedjirapon@gmail.com,Nobicha โนบิชา ลาดปลาเค้า 69,Nobicha โนบิชา ลาดปลาเค้า 69,Lat Phrao District,Restaurant,no,Low,0,,,,,openstreetmap,1,+66964741193,,,overture (meta),overture:c75a0909-fdd4-4c6e-91c2-6c0e79f38128
ntutsanee@gmail.com,Noi's Coffee กาแฟของนอย,Noi's Coffee กาแฟของนอย,Lat Phrao District,Cafe,no,Low,0,,,,,openstreetmap,1,+66849151524,30 หมู่ 2 Nak Niwat 37 Alley,10230,overture (meta),overture:a368f612-66a6-4343-b6d4-a86ba3ed888f
o.ku.sushi.sw2@gmail.com,O Ku Sushi สาขา สตรีวิทยา2,O Ku Sushi สาขา สตรีวิทยา2,Lat Phrao District,Asian; Sushi,no,Low,0,,,,,openstreetmap,1,+66846555872,,,overture (meta),overture:63a0a0d3-8486-44d9-a30c-6bc8c5c3ab1a
prodpran.nakniwat@gmail.com,Prodpran Nakniwat (โปรดปราน นาคนิวาส),Prodpran Nakniwat (โปรดปราน นาคนิวาส),Lat Phrao District,Restaurant,no,Low,0,,,,,openstreetmap,1,+66956541792,1 Nak Niwat 33 Alley,10230,overture (meta),overture:466809dc-0813-41de-a1d4-d998a3ae7ec1
puffpie71@gmail.com,Puff & Pie Snack Box ชุดอาหารว่าง ครัวการบินไทย สาขา ลาดพร้าว 71,Puff & Pie Snack Box ชุดอาหารว่าง ครัวการบินไทย สาขา ลาดพร้าว 71,Lat Phrao District,Restaurant,no,Low,0,Local,,http://www.puffandpiesnackbox.co.th/,,openstreetmap,1,+66654297890,1 ถนน สุคนธสวัสดิ์,10230,overture (meta),overture:d810ea9a-3a34-4b33-a9bc-d409ada75ba6
iceice1811@gmail.com,Rimlay ริมเล,Rimlay ริมเล,Lat Phrao District,Restaurant,no,Low,0,,,,,openstreetmap,1,+66649895522,49 ถนน ลาดพร้าววังหิน,10230,overture (meta),overture:c22b3c51-5342-4de6-8472-bc2ad2a2b063
saladanaknivas@gmail.com,Salada Organic Kitchen at Tops Nak Niwat ซาลาด้าท๊อปส์นาคนิวาส,Salada Organic Kitchen at Tops Nak Niwat ซาลาด้าท๊อปส์นาคนิวาส,Lat Phrao District,Restaurant,no,Low,0,,,,,openstreetmap,1,+66631388099,1 Nak Niwat Rd,10230,overture (meta),overture:2208e00d-c997-4b07-a1cf-0aae13b0b25e
maebaby2355@gmail.com,San Fei Cafe' ซานเฟย คาเฟ่จีน วังหิน8,San Fei Cafe' ซานเฟย คาเฟ่จีน วังหิน8,Lat Phrao District,Cafe,no,Low,0,,,,,openstreetmap,1,,ลาดพร้าววังหิน 8,10230,overture (meta),overture:ede61161-336a-4c70-a331-00027d6508d3
suphajarin@hotmail.com,Suphajarin Clinic ฝังเข็ม ครอบแก้ว ยาจีน,Suphajarin Clinic ฝังเข็ม ครอบแก้ว ยาจีน,Lat Phrao District,Asian; Chinese,no,Low,0,,,,,openstreetmap,1,+66801392957,5 ประเสริฐมนูกิจ 29,10230,overture (meta),overture:f011c946-322d-4683-b87f-438b6ce2415d
karnistha@gmail.com,The Fold บ้านหมี,The Fold บ้านหมี,Lat Phrao District,Asian; Korean,no,Low,0,,,,,openstreetmap,1,+66623623651,289 Chok Chai 4 Soi 39,10230,overture (meta),overture:57021038-4d01-4907-a561-4fe621964964
thegallerysushibar@hotmail.com,The Gallery Sushi Bar ซูชิและฟัวกราส์คำโต,The Gallery Sushi Bar ซูชิและฟัวกราส์คำโต,Lat Phrao District,Asian; Sushi,no,Low,0,,,,,openstreetmap,1,+66927238858,122/1 Lad Prao Wanghin Rd,10230,overture (meta),overture:05186153-50c6-44c2-94e5-1c4e06e92cb5
thehope.cafe03@gmail.com,The Hope Cafe เกษตรนวมินทร์,The Hope Cafe เกษตรนวมินทร์,Lat Phrao District,Cafe,no,Low,0,,,,,openstreetmap,1,+66821715510,The Hope Cafe เกษตรนวมินทร์ (สุคนธสวัสดิ์32),10230,overture (meta),overture:27b13b80-4dec-423b-aeaa-0bb626c803a0
hydooa@gmail.com,Tokyo Dessert Station เดอะคริสตัล เอกมัย-รามอินทรา,Tokyo Dessert Station เดอะคริสตัล เอกมัย-รามอินทรา,Lat Phrao District,Restaurant,no,Low,0,,,,,openstreetmap,1,+66809689853,"ครัวคุณต๋อยเพลส เดอะคริสตัล เอกมัย, รามอินทรา",10230,overture (meta),overture:30172f00-7c46-46ab-81f1-0fdf57afc375
tricoffee@gmail.com,Tri Coffee ร้านกาแฟ ตรี,Tri Coffee ร้านกาแฟ ตรี,Lat Phrao District,Cafe,no,Low,0,,,,,openstreetmap,1,+66806414922,หน้าร้านข้าวมันไก่ตั๋นโบ ลูกเฮียเทพ 149 Nak Niwat Rd,10230,overture (meta),overture:f0c8bfd5-1ab2-40ad-9688-c2a3d0efe4f6
marsmaobkk@gmail.com,TumPai อีสานกายะ,TumPai อีสานกายะ,Lat Phrao District,Restaurant,no,Low,0,,,https://lin.ee/z3DkYgS,,openstreetmap,1,+66984982496,212 ซอย มัยลาภ,10230,overture (meta),overture:2d898278-8492-4f3d-9ef0-82ca970b745d
donut.2242368@gmail.com,Yuki ปลาหมึกย่างโชคชัย4 ซอย55,Yuki ปลาหมึกย่างโชคชัย4 ซอย55,Lat Phrao District,Restaurant,no,Low,0,,,,,openstreetmap,1,+66835219907,,,overture (meta),overture:1cf8569e-32e4-4213-8fd9-776927820424
greenhousecake@gmail.com,กรีนเฮ้าส์ Greenhouse,กรีนเฮ้าส์ Greenhouse,Lat Phrao District,Bakery,no,Low,0,,,,,openstreetmap,1,+66925502842,เลขที่260 Lad Prao Wanghin Rd,10230,overture (meta),overture:56f0e608-d07a-4fa6-a634-5421e8f4b889
joyjadhai@gmail.com,กล่องข้าวน้อยแม่ข้า เดลิเวอรี่,กล่องข้าวน้อยแม่ข้า เดลิเวอรี่,Lat Phrao District,Restaurant,no,Low,0,,,,,openstreetmap,1,+66961531145,50 สุขุมวิท 22,10110,overture (meta),overture:45bdaa75-3165-4faf-a179-7ad3457414cd
art.nattapol.8@gmail.com,กล้วยปิ้งแม่กำไร,กล้วยปิ้งแม่กำไร,Lat Phrao District,Asian; Thai,no,Low,0,,,,,openstreetmap,1,,9 ถนน สายไหม,10220,overture (meta),overture:2bb6dd36-ef38-4169-a2a7-7c0e67383ef1
mheepihoye@gmail.com,กะบับไก่ชีส,กะบับไก่ชีส,Lat Phrao District,Takeaway,no,Low,0,,,,,openstreetmap,1,+66649326588,53 Lat Phrao Rd,10230,overture (meta),overture:2a310047-9892-42f3-a5d3-868cf4454d72
www.preawiii@gmail.com,กะเพรา ๓ ภาค,กะเพรา ๓ ภาค,Lat Phrao District,Asian; Thai,no,Low,0,,,,,openstreetmap,1,+66983898951,71 mall Soi Nak Niwat 2,10230,overture (meta),overture:bc7c8a65-672b-496e-8ae8-1ee8f9e6f93c
kapowkapriklatphraw@gmail.com,กะเพรากะพริก,กะเพรากะพริก,Lat Phrao District,Restaurant,no,Low,0,,,,,openstreetmap,1,+66924654225,702 ถนนลาดพร้าววังหิน แขวงลาดพร้าว เขตลาดพร้าว 10230,10230,overture (meta),overture:0690fc0d-4b57-4f0a-b179-00fe338ae175
panthitaaey@gmail.com,กะเพรากะเรา,กะเพรากะเรา,Lat Phrao District,Cafe,no,Low,0,,,https://youtu.be/xmIDFg1LloA?si=5O5a8LZ5uL5FtVK6,,openstreetmap,1,,155 ราชดําริ,10330,overture (meta),overture:385513c6-385c-4128-8fea-5db74d2a1de8
kapowpatho@gmail.com,กะเพราป่าท้อ,กะเพราป่าท้อ,Lat Phrao District,Restaurant,no,Low,0,,,,,openstreetmap,1,+66959143584,100/521 Lad Prao Wanghin Rd,10230,overture (meta),overture:af09535a-6284-44d8-9ecf-20c08513064e
kaprowponsuk1@gmail.com,กะเพราป้อนสุข,กะเพราป้อนสุข,Lat Phrao District,Restaurant,no,Low,0,,,,,openstreetmap,1,+66616966964,35 15 Chok Chai 4 Rd,10230,overture (meta),overture:22d5bea1-17df-434e-9a76-2e6dc59426cc
amornrat2430@gmail.com,กะเพราลุงหนุ่ม โชคชัย4 ซอย24 ลาดพร้าว,กะเพราลุงหนุ่ม โชคชัย4 ซอย24 ลาดพร้าว,Lat Phrao District,Asian; Thai,no,Low,0,,,,,openstreetmap,1,+66625564658,4 ถนน โชคชัย 4,10230,overture (meta),overture:1771dda8-e6c4-45c3-b574-39020eb8920f
9boyza9@gmail.com,กะเพราเชี้ยๆ,กะเพราเชี้ยๆ,Lat Phrao District,Asian; Thai,no,Low,0,,,,,openstreetmap,1,+66629356265,50 ถนน โชคชัย 4,10230,overture (meta),overture:d58e612b-2a04-433d-8c9b-8d1dbba3986e
tonkhaosun@gmail.com,กัป-ข้าว-ณ,กัป-ข้าว-ณ,Lat Phrao District,Takeaway,no,Low,0,,,,,openstreetmap,1,+66612365987,100/57 ถนน สังคมสงเคราะห์,10230,overture (meta),overture:f0bc7ca8-04d1-422d-844f-487e1a6e273c
gingham.th@gmail.com,กินฉ่ำ,กินฉ่ำ,Lat Phrao District,Restaurant,no,Low,0,,,,,openstreetmap,1,+66952464226,สุคนธสวัสดิ์ 38,10230,overture (meta),overture:11c835f6-b5a4-41b4-a507-70568c4f3bdb
somsakthana891@gmail.com,กีกี้ ก๋วยเตี๋ยวไก่มะระ,กีกี้ ก๋วยเตี๋ยวไก่มะระ,Lat Phrao District,Restaurant,no,Low,0,,,,,openstreetmap,1,+66837860905,Lad Prao Wanghin Rd,10230,overture (meta),overture:2cb1ee59-f9d9-45b2-ba0b-c90584c5032e
kunsuefood@gmail.com,กุนซือหมูตุ๋น ก๋วยเตี๋ยวหมูตุ๋น โชคชัย 4 (Kunsue Braised Pork at Chokchai 4),กุนซือหมูตุ๋น ก๋วยเตี๋ยวหมูตุ๋น โชคชัย 4 (Kunsue Braised Pork at Chokchai 4),Lat Phrao District,Asian; Japanese,no,Low,0,,,,,openstreetmap,1,+66971287175,199 Chok Chai 4 Rd,10230,overture (meta),overture:12a9e019-8840-47c9-a1c1-2d250f75630a
cattaleeya.ph@gmail.com,กุยช่ายจักรพรรดิ,กุยช่ายจักรพรรดิ,Lat Phrao District,Cafe,no,Low,0,Local,,https://www.wongnai.com/r/295753Vd,poonyduckfixed@gmail.com; rangnarak@icloud.com; gluttonybythesin@gmail.com; lantumsom@gmail.com; cattaleeya.phe@gmail.com; nipaporn.oil2532@gmail.com; ozensushi.60@gmail.com,openstreetmap,1,+66899928722,327 ถนน ลาดปลาเค้า,10230,overture (meta),overture:055d7c89-b31f-4f19-a905-6086d66ad2c4
bigiiz@hotmail.com,กุยช่ายมังกร เจ้าเก่าตลาดพลู ที่ โชคชัย 4 ซอย 54,กุยช่ายมังกร เจ้าเก่าตลาดพลู ที่ โชคชัย 4 ซอย 54,Lat Phrao District,Asian; Chinese,no,Low,0,,,,,openstreetmap,1,+66629155642,ลาดพร้าว โชคชัย 4 ซอย 54,10230,overture (meta),overture:79317afa-c917-44bb-a036-d4afc9d5a97e
decha.food@hotmail.com,กุยช่ายเดชา โชคชัย 4,กุยช่ายเดชา โชคชัย 4,Lat Phrao District,Restaurant,no,Low,0,,,,,openstreetmap,1,+66891253197,22/229 Chok Chai 4 Soi 42,10230,overture (meta),overture:4b9a3b71-3f59-4c4d-b802-7e03b0e3704d
thechons7@gmail.com,กุ้งถุงจ่าชร,กุ้งถุงจ่าชร,Lat Phrao District,Seafood,no,Low,0,,,,,openstreetmap,1,+66908884136,32 ถนน ลาดพร้าววังหิน,10230,overture (meta),overture:754c716c-7c64-42f9-9610-9b67543fbe87
guroti.stw@gmail.com,กูโรตีชาชัก สาขาสตรีวิทย์2,กูโรตีชาชัก สาขาสตรีวิทย์2,Lat Phrao District,Restaurant,no,Low,0,Local,,http://www.chakraval.com/,,openstreetmap,1,+66891427073,สุคนธสวัสดิ์ ร้านกูโรตีชาชัก สาขาสตรีวิทย์2,10230,overture (meta),overture:835422df-bcf2-4fc8-b5ca-8814404775d8
songgogbkk@gmail.com,ก๊ก Gog - ร้านสองก๊กเดิม,ก๊ก Gog - ร้านสองก๊กเดิม,Lat Phrao District,Takeaway,no,Low,0,,,,,openstreetmap,1,+66994263236,https://goo.gl/maps/x7pqe1LMjr1KUZoH8           (ถ.ประเสริฐมนูญกิจ    แขวงลาดพร้าว  เขตลาดพร้าว ) ,10230,overture (meta),overture:a4aeffed-6dcc-47e5-a578-d6907f38787f
p.khid@hotmail.com,ก๊วยเตี๋ยวไก่น้ำใสต้มยำ มะนาวแท้ รสเด็ด,ก๊วยเตี๋ยวไก่น้ำใสต้มยำ มะนาวแท้ รสเด็ด,Lat Phrao District,Restaurant,no,Low,0,,,,,openstreetmap,1,+66863445612,1 สตรีวิทยา 2 ซอย 10,10230,overture (meta),overture:675dc6e3-5dad-452c-aabc-f848cf2fd13b
noodle_cafe14@gmail.com,ก๋วยเตี๋ยวคาเฟ่,ก๋วยเตี๋ยวคาเฟ่,Lat Phrao District,Restaurant,no,Low,0,,,,,openstreetmap,1,+66829266974,"77, 263 Soi Prasert Manukich 29 Yaek 2",10230,overture (meta),overture:776c001a-6f65-44b1-819a-3bff95b0b100
popcorn_t@hotmail.com,ก๋วยเตี๋ยวตามสั่งพี่ต่าย,ก๋วยเตี๋ยวตามสั่งพี่ต่าย,Lat Phrao District,Restaurant,no,Low,0,,,,,openstreetmap,1,+66623936236,14 ซอย Chok Chai 4 Soi 78 Yaek 13,10230,overture (meta),overture:af97aa13-886a-4b70-888f-3f0cf7e99d1a
o.oat2560@gmail.com,ก๋วยเตี๋ยวต้มยำบ้านแพน,ก๋วยเตี๋ยวต้มยำบ้านแพน,Lat Phrao District,Asian; Japanese,no,Low,0,,,,,openstreetmap,1,+66845222876,100 447 ถนนลาดปลาเค้า,10230,overture (meta),overture:67199395-36d8-424d-92d1-ec42181580b3
jarunglin2024@gmail.com,ก๋วยเตี๋ยวปากหม้อจรุงลิ้น,ก๋วยเตี๋ยวปากหม้อจรุงลิ้น,Lat Phrao District,Restaurant,no,Low,0,,,,,openstreetmap,1,+66626468914,จรัญยานนท์,24130,overture (meta),overture:7430ed75-54c3-4a93-a537-398981900ac6
jindaporn_ploy@icloud.com,ก๋วยเตี๋ยวปากหม้อหน้าบึ้ง,ก๋วยเตี๋ยวปากหม้อหน้าบึ้ง,Lat Phrao District,Cafe,no,Low,0,,,,,openstreetmap,1,,ตลาดหัวมุม,,overture (meta),overture:bcafb8bd-5bc5-4c23-8e15-49a6ca08246a
tentkunlee@hotmail.co.th,ก๋วยเตี๋ยวป้าแขก เส้นเล็กต้มยำ,ก๋วยเตี๋ยวป้าแขก เส้นเล็กต้มยำ,Lat Phrao District,Asian; Japanese,no,Low,0,,,,,openstreetmap,1,+66894410014,,,overture (meta),overture:d54e4f9c-9d00-46fd-9130-fa975e3ca3e4
maeboonrodsukhothai@gmail.com,ก๋วยเตี๋ยวสุโขทัยแม่บุญรอด - Maeboonrod Sukhothai Noodles,ก๋วยเตี๋ยวสุโขทัยแม่บุญรอด - Maeboonrod Sukhothai Noodles,Lat Phrao District,Restaurant,no,Low,0,,,,,openstreetmap,1,+66661379923,17 โชคชัย 4 ซอย 78,10230,overture (meta),overture:b156bf0c-9a0b-4fc5-affd-c0765f6c4994
tanadon9@gmail.com,ก๋วยเตี๋ยวหมูเลี่ยมทอง,ก๋วยเตี๋ยวหมูเลี่ยมทอง,Lat Phrao District,Restaurant,no,Low,0,,,,,openstreetmap,1,+66869935988,"ซอยสุคนธสวัสดิ์ 3, 77/16 ถนน สุคนธสวัสดิ์",10230,overture (meta),overture:1b73703f-474c-41c1-af32-7b2505e6840e
kasidis_tbd@hotmail.com,"ก๋วยเตี๋ยวเรือ ""คนกรุง"" สูตรดั้งเดิมยายทองนาค","ก๋วยเตี๋ยวเรือ ""คนกรุง"" สูตรดั้งเดิมยายทองนาค",Lat Phrao District,Restaurant,no,Low,0,,,,,openstreetmap,1,+66820835222,225 ลาดพร้าววังหิน 78,10230,overture (meta),overture:c1443c19-2cd3-41c1-a60a-235abf34700c
center.temim@gmail.com,ก๋วยเตี๋ยวเรือเจ้าเงาะ ลาดปลาเค้า 50,ก๋วยเตี๋ยวเรือเจ้าเงาะ ลาดปลาเค้า 50,Lat Phrao District,Restaurant,no,Low,0,,,,,openstreetmap,1,+66835053569,456 ซอยลาดปลาเค้า 50 แขวงจร้เข้บัว ลาดพร้าว,10230,overture (meta),overture:882fa2e3-8a9a-471d-af5b-ac824675c0d3
kehomhuan@gmail.com,ก๋วยเตี๋ยวเรือแซ่บ 7 ดาว ลาดพร้าววังหิน 4,ก๋วยเตี๋ยวเรือแซ่บ 7 ดาว ลาดพร้าววังหิน 4,Lat Phrao District,Asian; Japanese,no,Low,0,,,,,openstreetmap,1,+66849181563,22 ปาก Lad Prao Wanghin Rd,10230,overture (meta),overture:ff66c9d6-f38e-488f-b81f-78837fb02808
supunsa2531care@gmail.com,ก๋วยเตี๋ยวไก่ชายสี่,ก๋วยเตี๋ยวไก่ชายสี่,Lat Phrao District,Restaurant,no,Low,0,,,,,openstreetmap,1,+958169974,15 ถนน ประดิษฐ์มนูธรรม,10240,overture (meta),overture:2fb35c85-d4cd-4032-a12b-ebefac19864d
position289@hotmail.com,ก๋วยเตี๋ยวไทย,ก๋วยเตี๋ยวไทย,Lat Phrao District,Restaurant,no,Low,0,,,,,openstreetmap,1,+66861712182,60/50 ถนน โชคชัย 4,10230,overture (meta),overture:e8112c9e-2def-4ce2-bcc1-2467aa6f91aa
baan.armaa@gmail.com,ขนมจีนภูเก็จ บ้านอาม่า - ลาดพร้าว 71,ขนมจีนภูเก็จ บ้านอาม่า - ลาดพร้าว 71,Lat Phrao District,Restaurant,no,Low,0,Local,,https://openlink.co/kanomjean.pkt,,openstreetmap,1,+66922922966,Soi Nakniwat 34,10230,overture (meta),overture:2765167b-d14f-439b-b3cc-0c1e5f0687bc
1979arisa@gmail.com,ขนมจีนแม่-กษมา,ขนมจีนแม่-กษมา,Lat Phrao District,Restaurant,no,Low,0,,,,,openstreetmap,1,+66846365656,ขนมจีนแม่กษมารัชดา31,10900\n,overture (meta),overture:f5485adb-295a-482c-aebe-51428746de61
kanomkhunmu@gmail.com,ขนมเปี๊ยะคุณหมู,ขนมเปี๊ยะคุณหมู,Lat Phrao District,Asian; Thai,no,Low,0,,,,,openstreetmap,1,+6625703276,348 ซอยเสนานิคม1 ถนนพหลโยธิน เขตลาดพร้าว,10230,overture (meta),overture:ab62277a-f97f-46e0-8926-8ccecd29973f
mana.3713@gmail.com,ขนมโตเกียวโลโซ,ขนมโตเกียวโลโซ,Lat Phrao District,Cafe,no,Low,0,,,http://www.losotokyo.com/default/,,openstreetmap,1,+66880062562,6ชอยสุขสวัสดฺิ์ 42,10140,overture (meta),overture:12d8f7d9-983b-48a6-9da0-9d7d538328ec
nachab9499@gmail.com,ของอร่อย ซอย 49,ของอร่อย ซอย 49,Lat Phrao District,Restaurant,no,Low,0,,,,,openstreetmap,1,+66894558759,ลาดปลาเค้า,10230,overture (meta),overture:7e5dd9bc-ba88-4603-b794-9fc3d8fd3898
lordofbangkok.contact@gmail.com,ขาหมู ท่านลอร์ด,ขาหมู ท่านลอร์ด,Lat Phrao District,Restaurant,no,Low,0,,,,,openstreetmap,1,+66628744991,,10230,overture (meta),overture:c792f338-6ab3-40cb-8edb-7d06deceb156
mod3626@gmail.com,ข้าวซอยป้าหมู,ข้าวซอยป้าหมู,Lat Phrao District,Restaurant,no,Low,0,,,,,openstreetmap,1,+66863515947,23 Chok Chai 4 Soi 54 Yaek 1,10230,overture (meta),overture:c18b775b-0ec9-45e5-9058-8d8399369e09
luomlot_gruel@hotmail.com,ข้าวต้มรวมรส,ข้าวต้มรวมรส,Lat Phrao District,Asian; Thai,no,Low,0,,,,,openstreetmap,1,+66879222136,1 / 678 ถนนประเสริฐมนูกิจ  แขวงนวมินทร์ เขตบึงกุ่ม,10240,overture (meta),overture:ef82673e-64f4-40bd-830e-82e1d51b86e2
kaotomhang.khunnid@gmail.com,ข้าวต้มแห้ง คุณนิด,ข้าวต้มแห้ง คุณนิด,Lat Phrao District,Asian; Thai,no,Low,0,,,,,openstreetmap,1,+66868899501,โชคชัย4 ซอย84 แยก2-3,,overture (meta),overture:f3783e7e-01d9-4730-8e71-c851faabf436
boyza__xso@hotmail.com,ข้าวต้มโต้รุ่งผักบุ้งโชว์,ข้าวต้มโต้รุ่งผักบุ้งโชว์,Lat Phrao District,Asian; Thai,no,Low,0,,,,,openstreetmap,1,+66641605565,Soi Lat Phrao Wang Hin 30,10230,overture (meta),overture:4d41d5c9-32ae-429a-9d9c-2614d7d20001
jakkreejuncham@gmail.com,ข้าวมันหอม,ข้าวมันหอม,Lat Phrao District,Asian; Thai,no,Low,0,,,,,openstreetmap,1,+66619912547,564 Chok Chai 4 Rd,10230,overture (meta),overture:98a0360c-3232-4c77-b0bd-ff706230ce62
jira8113@gmail.com,ข้าวมันไก่ 71,ข้าวมันไก่ 71,Lat Phrao District,Asian; Thai,no,Low,0,,,,,openstreetmap,1,+66813340455,Sangkhom Songkhro Rd,10230,overture (meta),overture:2d008740-02ea-4038-8123-d70aad49b284
bbqporkdangbailey@gmail.com,ข้าวหมูแดง2499,ข้าวหมูแดง2499,Lat Phrao District,Restaurant,no,Low,0,,,,,openstreetmap,1,+66804439491,105 ถนน โชคชัย 4,10230,overture (meta),overture:72d6326b-1098-4179-9d7c-c0ad6d8b0dad
khaokheng@gmail.com,ข้าวเข่ง,ข้าวเข่ง,Lat Phrao District,Restaurant,no,Low,0,,,,,openstreetmap,1,+66986545909,295 Sukhontha Sawat 9/1 Alley,10230,overture (meta),overture:99a71409-6a11-4838-a2cb-455a3cc78eee
pop.narathip@gmail.com,ข้าวเหนียวปิ้งป้าดลฤดี-ตรงข้ามเสนานิคม 113,ข้าวเหนียวปิ้งป้าดลฤดี-ตรงข้ามเสนานิคม 113,Lat Phrao District,Restaurant,no,Low,0,,,,,openstreetmap,1,,75 ถนน เสนานิคม 1,10230,overture (meta),overture:e9766340-232a-45dc-a389-c16666eb9d86
khaokaengsociety@gmail.com,ข้าวแกงแม่บุญ,ข้าวแกงแม่บุญ,Lat Phrao District,Restaurant,no,Low,0,,,,,openstreetmap,1,+66840989170,,,overture (meta),overture:d53a9a82-c1db-4c34-95f2-a41b40ca4011
khomsonyentafo@gmail.com,คมสันเย็นตาโฟ,คมสันเย็นตาโฟ,Lat Phrao District,Restaurant,no,Low,0,,,,,openstreetmap,1,+66939593695,ถนน สุคนธสวัสดิ์,10230,overture (meta),overture:e790caf6-2ebd-4c1a-abaf-ffa242b4eb96
khrok.ros.esan@gmail.com,ครก.รส,ครก.รส,Lat Phrao District,Restaurant,no,Low,0,,,,,openstreetmap,1,,เดอะวอล์ค เกษตรนวมินทร์ ลาดพร้าว,10230,overture (meta),overture:817d9094-9503-41d5-82c5-26df601cc3d9
kengonmu@gmail.com,ครัวchef Keng,ครัวchef Keng,Lat Phrao District,Restaurant,no,Low,0,,,,,openstreetmap,1,+66962496063,39 ถนน โชคชัย 4,10230,overture (meta),overture:68ee9dc8-1537-47eb-9d89-6ac66356675b
chanpenza2515@gmail.com,ครัวคุณบัว,ครัวคุณบัว,Lat Phrao District,Restaurant,no,Low,0,,,,,openstreetmap,1,+66839732701,23 Lad Prao Wanghin Rd,10230,overture (meta),overture:f5d1082a-76a1-4716-a6de-c5d839a56eaf
beerza.36@hotmail.com,ครัวนายแมน,ครัวนายแมน,Lat Phrao District,Restaurant,no,Low,0,,,,,openstreetmap,1,+66902154692,,,overture (meta),overture:923a5e4d-89a1-4e72-be4e-ff1d348686b5
what75748@gmail.com,ครัวบ้านครู,ครัวบ้านครู,Lat Phrao District,Restaurant,no,Low,0,,,,,openstreetmap,1,+66812058053,,10230,overture (meta),overture:4531c420-d5cb-4ce9-9753-443de67be015
qqwwoo_856@hotmail.com,ครัวปักษ์ใต้,ครัวปักษ์ใต้,Lat Phrao District,Asian; Thai,no,Low,0,,,,,openstreetmap,1,+66852993007,,,overture (meta),overture:e17b1ef3-b127-4a7e-9001-9782897f4b1a
apoo999@gmail.com,ครัวป่าลุยกรุง,ครัวป่าลุยกรุง,Lat Phrao District,Restaurant,no,Low,0,,,,,openstreetmap,1,+66625098231,134 Sangkhom Songkhro 18 Aly,10230,overture (meta),overture:f4ca408e-9f75-4f6f-8f1a-d8e52ab3309a
munich8686@gmail.com,ครัวป้าเหลา หนองบัวลำภู -เจ้าเก่า อาหารอีสานและตามสั่ง,ครัวป้าเหลา หนองบัวลำภู -เจ้าเก่า อาหารอีสานและตามสั่ง,Lat Phrao District,Restaurant,no,Low,0,,,,,openstreetmap,1,+66645596449,นาคนิวาส,10230,overture (meta),overture:1c4a671c-81bf-46ea-a808-03593b45b66c
wilaiwan.mowe@gmail.com,ครัวพรไพบูลย์,ครัวพรไพบูลย์,Lat Phrao District,Restaurant,no,Low,0,,,,,openstreetmap,1,+66955756078,,,overture (meta),overture:2f4873e6-42be-42c4-a28f-14f992bbc9d9
yajai_yajai@windowslive.com,ครัวยาใจ,ครัวยาใจ,Lat Phrao District,Asian; Thai,no,Low,0,,,,,openstreetmap,1,+6625424147,15/8 หมู่ 4 ซอยลาดพร้าว 71,10230,overture (meta),overture:e65afc0f-10e4-4eb0-84da-6648c7df33fd
smtropic@yahoo.com,ครัวศิริวรรณ ปอเปี๊ยะทอด,ครัวศิริวรรณ ปอเปี๊ยะทอด,Lat Phrao District,Restaurant,no,Low,0,,,,,openstreetmap,1,+66918179693,75 Lat Pla Khao 50 Alley,10230,overture (meta),overture:bb22c7e0-15e8-4482-a2e5-15520e25c86b
misslanicej.smith@gmail.com,ครัวสมิทธิ์ Smith Kitchen,ครัวสมิทธิ์ Smith Kitchen,Lat Phrao District,Restaurant,no,Low,0,,,https://lin.ee/fcK3W2SA,,openstreetmap,1,+66829461559,256/20 ถนน ประเสริฐมนูกิจ,10230,overture (meta),overture:cfc0e22f-b7b4-485f-bbe4-7ed4dc3c2701
faify2242@gmail.com,ครัวสามใบเถา,ครัวสามใบเถา,Lat Phrao District,Restaurant,no,Low,0,,,,,openstreetmap,1,+66618986623,16/2 Atsawin Alley,10230,overture (meta),overture:13485a06-fac6-40a4-9a69-ad88fdc040c6
uban.kitchen26@gmail.com,ครัวอยู่บ้าน UBAN Kitchen,ครัวอยู่บ้าน UBAN Kitchen,Lat Phrao District,Restaurant,no,Low,0,,,,,openstreetmap,1,+66863390100,43/36 ถนน เสนานิคม 1,10230,overture (meta),overture:66c92382-2ce4-4ef6-864c-e031bf3e64ba
kruajaypim@gmail.com,ครัวเจ้พิม,ครัวเจ้พิม,Lat Phrao District,Restaurant,no,Low,0,,,,,openstreetmap,1,+66819169895,,10230,overture (meta),overture:500cb868-29df-45bb-a30c-3c909d3b002a
huekitchengroup@gmail.com,ครัวเมืองเว้ ลาว ญวน เกษตร,ครัวเมืองเว้ ลาว ญวน เกษตร,Lat Phrao District,Restaurant,no,Low,0,Local,,http://www.wetown2000.com/,,openstreetmap,3,+66888151234,656 Prasert-Manukit Rd,10230,overture (meta),overture:8a6b1beb-a15c-4331-a2b8-af443f0db4a0
wanghinfood@gmail.com,ครัวไทย วังหิน,ครัวไทย วังหิน,Lat Phrao District,Asian; Thai,no,Low,0,,,https://line.me/ti/p/~@wanghinfood,,openstreetmap,1,+66634295492,32 ถนน ลาดพร้าววังหิน,10230,overture (meta),overture:4a9700d3-78a1-4be3-b566-681d358d2d7f
sarapaok.noy@gmail.com,คุณน้อย,คุณน้อย,Lat Phrao District,Restaurant,no,Low,0,,,,,openstreetmap,1,+6629311525,33 505 Chok Chai 4 Soi 54,10230,overture (meta),overture:4ddb5d18-393e-482d-851d-36af22e72f6b
jcd.wanghin32@gmail.com,จงชงดี ลาดพร้าววังหิน 32 แยก 5,จงชงดี ลาดพร้าววังหิน 32 แยก 5,Lat Phrao District,Restaurant,no,Low,0,,,,,openstreetmap,1,+66894590989,32 ถนน ลาดพร้าววังหิน,10230,overture (meta),overture:73f76a47-8657-478a-a7ef-65d2af13459d
kissjako@gmail.com,จริงใจ เต้าหู้กระดานโบราณ,จริงใจ เต้าหู้กระดานโบราณ,Lat Phrao District,Restaurant,no,Low,0,,,,,openstreetmap,1,+66618500864,23 โชคชัย 4 ซอย 54 แยก 4,10230,overture (meta),overture:bb7fc71b-a521-49eb-a736-cab34bf47a07
jingjaimookrata@gmail.com,จริงใจหมูกระทะ - Jingjaimookrata,จริงใจหมูกระทะ - Jingjaimookrata,Lat Phrao District,Restaurant,no,Low,0,,,,,openstreetmap,1,,556/1 ลาดพร้าว-วังหิน 44 ,10230,overture (meta),overture:13d88009-14c9-423c-ae31-1b3224abb75a
sabuysuk@gmail.com,จับเลี้ยงวังหลัง,จับเลี้ยงวังหลัง,Lat Phrao District,Cafe,no,Low,0,Local,,https://www.bangkokbiznews.com/news/detail/758515,,venue website,1,+66917782415,ตลาดบางเขน 2008/79 ซอยหลโยธิน แขวงเสนานิคม เขตจตุจักร กทม 10900,10900,overture (meta),overture:aef10c7f-32ce-4205-818d-3ff59086503e
ask.ninebar@gmail.com,จิ่วฮ่าว 九号 ร้านอาหารจีนและหม่าล่า,จิ่วฮ่าว 九号 ร้านอาหารจีนและหม่าล่า,Lat Phrao District,Restaurant,no,Low,0,,,,,openstreetmap,1,+66639363720,53/15 Soi Lat Phrao Wang Hin 48,10230,overture (meta),overture:4f947e02-2f14-4b91-a1eb-04434770f645
shabutoktak@gmail.com,ชาบูเสียบไม้ ShabuToktak,ชาบูเสียบไม้ ShabuToktak,Lat Phrao District,Restaurant,no,Low,0,,,,,openstreetmap,1,+66890680881,59 ถนน ประดิษฐ์มนูธรรม,10230,overture (meta),overture:8322792d-8653-4b73-89fc-60f82918737f
chamuchak.chokchai4@gmail.com,ชาบูโฮม โชคชัย4,ชาบูโฮม โชคชัย4,Lat Phrao District,Asian; Japanese,no,Low,0,,,,,openstreetmap,1,+66891229614,81 ถนน โชคชัย 4,10230,overture (meta),overture:dc472036-bea0-4750-9269-d0a6bacf8fda
cheetah.hotpot@gmail.com,ชีต้า หม่าล่า 麻辣串串,ชีต้า หม่าล่า 麻辣串串,Lat Phrao District,Asian; Japanese,no,Low,0,,,,,openstreetmap,1,+66855129489,121/7 ถนน นาคนิวาส,10230,overture (meta),overture:5aa0b5f6-e009-4e90-a323-3db5328a0227
salapaotawtang@gmail.com,ซาลาเปาตั่วถั่ง,ซาลาเปาตั่วถั่ง,Lat Phrao District,Asian,no,Low,0,,,,,openstreetmap,1,+66654582666,"250, 100 Soi Mu Ban Ban Klang Mueang Lat Phrao-chok Chai 4",10230,overture (meta),overture:c1ef806c-76e0-401b-afa3-f4fd1375602d
uyeen88@hotmail.com,ซาลาเปาแม่ยาย,ซาลาเปาแม่ยาย,Lat Phrao District,Bakery,no,Low,0,,,,,openstreetmap,1,+66984975615,"47, 25 Chok Chai 4 Soi 20",10230,overture (meta),overture:8f1c8055-54f4-4019-ae46-432a9d69b2a6
sushimai11plazalagoon@gmail.com,ซูชิมั้ย ลาดพร้าว วังหิน,ซูชิมั้ย ลาดพร้าว วังหิน,Lat Phrao District,Asian; Japanese,no,Low,0,,,,,openstreetmap,1,+66866263333,Lad Prao Wanghin Rd,10230,overture (meta),overture:55c0c6c2-4198-4c01-bd21-a48f7a9d7178
damrongchankasem@gmail.com,ดำรงค์ by หมูทอดกาดหลวง สาขารัชดา 32,ดำรงค์ by หมูทอดกาดหลวง สาขารัชดา 32,Lat Phrao District,Restaurant,no,Low,0,,,,,openstreetmap,1,+66988296262,ดำรงค์ สาขารัชดา 32 เลขที่ 38/10 รัชดาภิเษก ซอย 10 แขวงจันทรเกษม เขตจตุจักร กรุงเทพฯ 10900,10900,overture (meta),overture:b470b5e6-c84a-44b4-a93a-271a78e0acfe
lalichat.official@gmail.com,ดีต่อใจ,ดีต่อใจ,Lat Phrao District,Cafe,no,Low,0,,,,,openstreetmap,1,+66651632496,328,10230,overture (meta),overture:7d1f5c9e-1f89-46b9-9dd4-2ca3a39c9f94
trokhengdee@gmail.com,ตรอกเจ็ดแปด - Trok 78,ตรอกเจ็ดแปด - Trok 78,Lat Phrao District,Restaurant,no,Low,0,,,,,openstreetmap,1,+66971491563,83 ถนน ลาดพร้าววังหิน,10230,overture (meta),overture:eec974cf-ee05-4d2d-a991-61e09b94083a
nida.lagoon@gmail.com,ตอฮาโรตี ชาเชค มุสลิม สวนพลู สาขาพลาซ่าลากูน,ตอฮาโรตี ชาเชค มุสลิม สวนพลู สาขาพลาซ่าลากูน,Lat Phrao District,Restaurant,no,Low,0,,,,,openstreetmap,1,+66654265050,,,overture (meta),overture:a2795fea-13ec-425a-8f67-cc383cb894ed
mafia_toro@hotmail.com,ตัวกลม ข้าวต้มแห้ง,ตัวกลม ข้าวต้มแห้ง,Lat Phrao District,Restaurant,no,Low,0,,,,,openstreetmap,1,+66815652223,ริมถนนลาดพร้าววังหิน ตรงข้ามกับซ.ลาดพร้าววังหิน39  ถ.ลาดพร้าววังหิน,10230,overture (meta),overture:cfba14e8-be0a-4e1d-a08b-3c39cb296e22
graviosarttto1987@gmail.com,ตั้งฮกกี่ บะหมี่กวางตุ้ง,ตั้งฮกกี่ บะหมี่กวางตุ้ง,Lat Phrao District,Asian; Japanese,no,Low,0,,,,,openstreetmap,1,+66834243030,712 ถนน Chok Chai 4 Soi 60,10230,overture (meta),overture:820efbe4-8bb1-4903-9c46-215bbc01c1a4
tamnan905@gmail.com,ตามนั้นบาร์,ตามนั้นบาร์,Lat Phrao District,Restaurant,no,Low,0,,,,,openstreetmap,1,+66840739168,โชคชัย4,<<not-applicable>>,overture (meta),overture:664d1361-3488-45a8-a729-773ce8e8a4bd
natchahophet@gmail.com,ตามสั่งครัวเชฟปู,ตามสั่งครัวเชฟปู,Lat Phrao District,Restaurant,no,Low,0,,,,,openstreetmap,1,+66858217677,แยก 70-72 ตึก อาคารพาณิชย์ 2 คูหา ติดริมถนน (ประตูเหล็กสีชมพู 792 Chok Chai 4 Rd,10230,overture (meta),overture:0b40ca0e-4bac-43ad-8912-ad77656158eb
nourladplakao2020@gmail.com,ตำนัว ลาดปลาเค้า,ตำนัว ลาดปลาเค้า,Lat Phrao District,Restaurant,no,Low,0,,,,,openstreetmap,1,+66918130746,28/130 ถนน ลาดปลาเค้า,10230,overture (meta),overture:e0c0a554-f565-4049-a46e-40106df53a80
tamlakoresan@gmail.com,ตำละกอ,ตำละกอ,Lat Phrao District,Restaurant,no,Low,0,,,,,openstreetmap,1,+66631619552,มี 3 สาขา หัวหิน / สุราษฎร์ / ลาดพร้าว 71 ,10230,overture (meta),overture:6d194aed-df9d-44a6-afd8-de6b767b2434
auphakawan09@gmail.com,ติดมันส์บุฟเฟ่ต์ ลาดพร้าว71,ติดมันส์บุฟเฟ่ต์ ลาดพร้าว71,Lat Phrao District,Restaurant,no,Low,0,,,,,openstreetmap,1,+66658322421,"ตลาดโรงไม้ 71 (Rongmai 71 Market), 23 ถ. สุคนธสวัสดิ์ แขวงลาดพร้าว เขตลาดพร้าว กรุงเทพมหานคร 10230",10230,overture (meta),overture:781dc5f8-9280-41d2-b48f-9772cb34c1f1
orn.orawan26@gmail.com,ติ่มซำเสนา,ติ่มซำเสนา,Lat Phrao District,Chinese,no,Low,0,,,,,openstreetmap,1,+66924253462,พหลโยธิน,10230,overture (meta),overture:bde90555-fe09-41a1-8786-10ecf4f22a10
tewlaolue@gmail.com,ติ๋วเล้าหลือ,ติ๋วเล้าหลือ,Lat Phrao District,Restaurant,no,Low,0,,,,,openstreetmap,1,+66626644563,18 Lat Phrao Wang Hin 56 Alley,10230,overture (meta),overture:1b5d4b2b-3f40-48ee-a73c-ff876bace350
tutiewruea@gmail.com,ตู้เตี๋ยวเรือหม้อไฟ-tutiewruea,ตู้เตี๋ยวเรือหม้อไฟ-tutiewruea,Lat Phrao District,Restaurant,no,Low,0,,,,,openstreetmap,1,+66819059424,310 สุคนธสวัสดิ์ 18,10230,overture (meta),overture:bacd3054-ff9d-47dc-8cce-0227121f34e6
mokkhai56@gmail.com,ถุงทอง ข้าวหมกไก่ by เพ็ญ,ถุงทอง ข้าวหมกไก่ by เพ็ญ,Lat Phrao District,Restaurant,no,Low,0,,,,,openstreetmap,1,+66635985992,อาคารพาณิชย์ 656 Chok Chai 4 Soi 56,10230,overture (meta),overture:76f8e02f-91ea-4589-b48a-148b8e8a17fb
thong10bangkok@gmail.com,ทองสิบ Thong10,ทองสิบ Thong10,Lat Phrao District,Restaurant,no,Low,0,,,,,openstreetmap,1,,125/31 ซอย ทองหล่อ,10110,overture (meta),overture:81fadc2d-addf-4a11-859c-3f41e3f90cf6
thidara240441@gmail.com,ทำไปเรื่อย,ทำไปเรื่อย,Lat Phrao District,Restaurant,no,Low,0,,,,,openstreetmap,1,+6656537307,,,overture (meta),overture:31b4fbed-1091-4e75-b897-715378381028
tdednoodle@gmail.com,ทีเด็ด ลาบส้มตำเฮียนิค สาขา 3 นาคนิวาส,ทีเด็ด ลาบส้มตำเฮียนิค สาขา 3 นาคนิวาส,Lat Phrao District,Asian; Thai,no,Low,0,,,,,openstreetmap,1,+66950312923,นาคนิวาส19 ถนนนาคนิวาส,10230,overture (meta),overture:253b3f0b-5a65-470d-b5cc-1c55f3191d88
marin_06@gmail.com,ที่เดิม 78,ที่เดิม 78,Lat Phrao District,Restaurant,no,Low,0,,,,,openstreetmap,1,+66644967936,,,overture (meta),overture:c7b01069-3aa8-461d-9d14-46cab4ff89f0
nuanchanp@hotmail.com,นวลชวนชิม,นวลชวนชิม,Lat Phrao District,Asian; Thai,no,Low,0,,,,,openstreetmap,1,+66814470919,137(100/304) หมู่บ้านอมรพันธ์ 9 ซอยเสนานิคม 1 ซอย 40 แยก 8 (ลาดพร้าว-วังหิน 74),10230,overture (meta),overture:4c439c23-9d2e-4477-a8c8-e7042020faf7
devilling_d@hotmail.com,นัดบอร์ด - Board Game Cafe บดินทร์ 3,นัดบอร์ด - Board Game Cafe บดินทร์ 3,Lat Phrao District,Cafe,no,Low,0,,,,,openstreetmap,1,+66839925662,71 ถนน สังคมสงเคราะห์,10230,overture (meta),overture:1df00d67-1873-4d69-b023-8554eb3f9055
yummyeieiz@gmail.com,นายเซ้งข้าวต้ม,นายเซ้งข้าวต้ม,Lat Phrao District,Restaurant,no,Low,0,,,,,openstreetmap,1,+66955326154,Chok Chai 4 Rd,10230,overture (meta),overture:1e630cba-cc07-4bc9-a805-3e9506657218
phimolphan@hotmail.com,นิคมสลัด,นิคมสลัด,Lat Phrao District,Restaurant,no,Low,0,,,,,openstreetmap,1,+66813351011,12ซอยโชคชัย4(ซอย84แยก2 2 Lad Prao Wanghin Rd,10230,overture (meta),overture:03f2f446-34c3-46a5-9080-b9a70b90e5d7
kawin0669@gmail.com,นิสสันโปรแรง ป้ายแดง Byกวิน,นิสสันโปรแรง ป้ายแดง Byกวิน,Lat Phrao District,Asian; Thai,no,Low,0,,,,,openstreetmap,1,+66820393261,นิสสันออโต้แกลเลอรี่ เอมอร์ อยุธยา,13160,overture (meta),overture:a6f8f3df-5816-47cd-8737-058cc46d2d3a
a.piemsawad@gmail.com,นุ่มเนื้อ หมูทอดเนื้อทอด,นุ่มเนื้อ หมูทอดเนื้อทอด,Lat Phrao District,Restaurant,no,Low,0,Local,,https://wongn.ai/8o1g,support@wongnai.com,openstreetmap,1,+66926616166,40 ถนน เสนานิคม 1,10230,overture (meta),overture:e1ecb7aa-5f7b-40d6-a1c8-6f06e4d53048
noodlesder20@gmail.com,นู้ดเดิ้ล เด้อ -Noodles der-,นู้ดเดิ้ล เด้อ -Noodles der-,Lat Phrao District,Restaurant,no,Low,0,Local,,https://shopee.co.th/universal-link/now-food/shop/10368191?deep_and_deferred=1&shareChannel=copy_info,,openstreetmap,1,+66816461468,ซอย ลาดปลาเค้า 20 ถนนลาดปลาเค้า,10230,overture (meta),overture:d2f93cbd-1f94-4bc3-9238-37cdfde308d3
nunsmart4@hotmail.co.th,น้อยโภชนา รับจัดโต๊ะจีน,น้อยโภชนา รับจัดโต๊ะจีน,Lat Phrao District,Restaurant,no,Low,0,Local,,https://xn--b3c3ab0aj9dwb2ioc.com/,,openstreetmap,1,+66649890051,Soi Lat Phrao Wang Hin 82,10230,overture (meta),overture:e7e39640-4462-47fd-b674-88b8ae2676a3
kwin.s@hotmail.com,น้ำเงี้ยวน้องพิม สูตรป้าเพชร,น้ำเงี้ยวน้องพิม สูตรป้าเพชร,Lat Phrao District,Restaurant,no,Low,0,,,,,openstreetmap,1,+66626566778,360 Soi Sena Nikhom 1,10230,overture (meta),overture:85884394-8e5c-4a7e-9b44-4e3cf2443b66
bualoytammachad@gmail.com,บัวลอยธรรมชาติ,บัวลอยธรรมชาติ,Lat Phrao District,Asian; Thai,no,Low,0,,,,,openstreetmap,1,+66966416426,"ตลาดหัวมุม หัวมุม มาร์เก็ต แอนด์ มอร์, ลาดพร้าว, ลาดพร้าว 10230",10230,overture (meta),overture:ae7354e9-5908-400b-aa0d-88cb513a8379
info@boontongkeethailand.com,บุญ ตง กี่ เซ็นทรัล อีสวิล เรียบด่วน,บุญ ตง กี่ เซ็นทรัล อีสวิล เรียบด่วน,Lat Phrao District,Asian; Thai,no,Low,0,Local,,http://www.boontongkeethailand.com/hometh/out-outlets,,venue website,1,+6621025209,เซ็นทรัลเฟสติวัล อีสต์วิลล์ CentralFestival East Ville,,overture (meta),overture:656ba801-1244-463f-bb62-1857e845053f
kapongtomyum@hotmail.com,บุญเส็ง ต้มยำหัวปลา,บุญเส็ง ต้มยำหัวปลา,Lat Phrao District,Restaurant,no,Low,0,,,,,openstreetmap,1,+66892027609,ฉัตรสาคร อพาร์ทเม้นท์,10230,overture (meta),overture:874073a3-0fd9-4b54-96ad-d012bd700538
bungbung2564@gmail.com,บุ๊ง บุ๊ง บะหมี่ฮ่องเต้,บุ๊ง บุ๊ง บะหมี่ฮ่องเต้,Lat Phrao District,Asian; Japanese,no,Low,0,,,,,openstreetmap,1,+66842840055,541 ปากซอยโชคชัย 4 ซอย 61 (ซอยศรีสุข) ลาดพร้าว ,10230,overture (meta),overture:f88a88c9-d36c-42d8-9421-2b1961556227
tatippy06@gmail.com,บ่อตกกุ้ง ครัวบ้านออดี้ | Bangkok,บ่อตกกุ้ง ครัวบ้านออดี้ | Bangkok,Lat Phrao District,Restaurant,no,Low,0,,,,,openstreetmap,1,+66935719933,"3 Sangkhom Songkhro 16 Alley, Lane 9",10230,overture (meta),overture:ad5dda63-fd71-4c69-a164-42b02c6cf47c
aayingjaroen2026@gmail.com,บ่อตกกุ้งยิ่งเจริญ-Yingjaroen 新盛坊,บ่อตกกุ้งยิ่งเจริญ-Yingjaroen 新盛坊,Lat Phrao District,Restaurant,no,Low,0,,,,,openstreetmap,1,+66823916168,28/1 ถนน สุคนธสวัสดิ์,10230,overture (meta),overture:be3403b7-013e-45db-9611-002068808a78
banchomjan514@gmail.com,บ้านชมจันทร์,บ้านชมจันทร์,Lat Phrao District,Asian; Thai,no,Low,0,,,,,openstreetmap,1,+66974494146,514 Sukhonthasawat Rd,10230,overture (meta),overture:cad0e629-3a44-4ae5-bc9a-b56a2b5bec3b
bannyau2534@gmail.com,บ้านยาย,บ้านยาย,Lat Phrao District,Asian; Thai,no,Low,0,,,,,openstreetmap,1,+6625388946,1 Chok Chai 4 Rd,10230,overture (meta),overture:92f67f11-c6b8-4f81-a357-6d3cc4e78c54
baanhomglindao@hotmail.com,บ้านหอมกลิ่นดาว,บ้านหอมกลิ่นดาว,Lat Phrao District,Cafe,no,Low,0,,,,,openstreetmap,1,+66866422241,5 Lat Phrao Wang Hin 52 Alley,10230,overture (meta),overture:b414ac59-a878-4aa7-8a83-34280b70a8c0
baanmiang.nakniwat@gmail.com,บ้านเมี่ยง by เผากันเก่ง สาขานาคนิวาส,บ้านเมี่ยง by เผากันเก่ง สาขานาคนิวาส,Lat Phrao District,Restaurant,no,Low,0,,,,,openstreetmap,1,+66841907347,และ 8/154 ระหว่าง 53 Nak Niwat 51 Alley,10230,overture (meta),overture:67d99c26-76a5-46eb-a91a-67f1051b80f5
bannvietnamklong.c.2@gmail.com,บ้านเวียดนามคลอง4 สาขา2,บ้านเวียดนามคลอง4 สาขา2,Lat Phrao District,Restaurant,no,Low,0,,,,,openstreetmap,1,+66882699242,"เดอะ คริสตัล, 215 ถนน ประดิษฐ์มนูธรรม",10230,overture (meta),overture:e5bbb4d3-805a-459e-8660-d619cddfdc16
wanna.yen@gmail.com,บ้านโรตี,บ้านโรตี,Lat Phrao District,Restaurant,no,Low,0,,,,,openstreetmap,1,+66894854530,,,overture (meta),overture:c7020d50-27e5-41dd-94a0-220deafb0755
madamhall.thamkaew@gmail.com,ป.ปณิตาก๋วยเตี๋ยวเนื้อตุ๋น+หมูตุ๋น,ป.ปณิตาก๋วยเตี๋ยวเนื้อตุ๋น+หมูตุ๋น,Lat Phrao District,Restaurant,no,Low,0,,,,,openstreetmap,1,+66928691669,ประเสร็ฐมนูกิจ,10220,overture (meta),overture:f501230c-c95f-4107-91f7-1df2a6f0a3e6
paccattang@gmail.com,ปจฺจตฺตํ,ปจฺจตฺตํ,Lat Phrao District,Cafe,no,Low,0,,,,,openstreetmap,1,+66812694646,33/460 Chok Chai 4 Soi 54,10230,overture (meta),overture:7e5f4680-c5fd-4e11-a1e6-a42ecd504f60
prasobsukthaicuisine@gmail.com,ประสบสุข Thai Cuisine,ประสบสุข Thai Cuisine,Lat Phrao District,Asian; Thai,no,Low,0,,,,,openstreetmap,1,+6620010044,1 ถนน โชคชัย 4,10230,overture (meta),overture:a7591d07-1466-4b6a-aa71-ab7103a969f9
sirimai9042@gmail.com,ปลาจิ้มปลา,ปลาจิ้มปลา,Lat Phrao District,Restaurant,no,Low,0,,,,,openstreetmap,1,+66612946396,โชคชัย 4 ซอย56 แยก 11 แขวงลาดพร้าว เขตลาดพร้าว,10230,overture (meta),overture:c80e4b6d-1ef4-49ee-8a31-c111fcab3647
w.tanapol@hotmail.com,ปลายิ้ม ก๋วยเตี๋ยวลูกชิ้นปลา,ปลายิ้ม ก๋วยเตี๋ยวลูกชิ้นปลา,Lat Phrao District,Restaurant,no,Low,0,,,,,openstreetmap,1,+66614194655,60 Sukhonthasawat Rd,10230,overture (meta),overture:1b3d9b56-bb7e-4563-a395-e6b57534ff77
pangjakfah.bkk@gmail.com,ปังจากฟ้า,ปังจากฟ้า,Lat Phrao District,Restaurant,no,Low,0,,,,,openstreetmap,1,+66924691930,54/2 ประเสริฐมนูกิจ 29 แยก 2,10230,overture (meta),overture:7bafde20-50c1-4b09-8f23-feb205b2a9dc
pung.chockchai4@gmail.com,ปังตั้งตัว โชคชัย 4,ปังตั้งตัว โชคชัย 4,Lat Phrao District,Cafe,no,Low,0,,,,,openstreetmap,1,+66954452454,Chok Chai 4 Rd,10230,overture (meta),overture:870fe603-caba-4e1f-ba1c-576839dbab1f
sceltd@gmail.com,ปังปัง,ปังปัง,Lat Phrao District,Bakery,no,Low,0,,,,,openstreetmap,1,+66800440835,ถนน โชคชัย4,10230,overture (meta),overture:c72c5aee-3a04-4a0b-abc4-9bfb98b7b3b1
punglungchuie2562@gmail.com,ปังลุงเฉื่อย Garage Cafe,ปังลุงเฉื่อย Garage Cafe,Lat Phrao District,Cafe,no,Low,0,Local,,https://www.wongnai.com/restaurants/403107WI-%E0%B8%9B%E0%B8%B1%E0%B8%87%E0%B8%A5%E0%B8%B8%E0%B8%87%E0%B9%80%E0%B8%89%E0%B8%B7%E0%B9%88%E0%B8%AD%E0%B8%A2-%E0%B9%82%E0%B8%8A%E0%B8%84%E0%B8%8A%E0%B8%B1%E0%B8%A24-%E0%B9%82%E0%B8%8A%E0%B8%84%E0%B8%8A%E0%B8%B1%E0%B8%A24,poonyduckfixed@gmail.com; allmeatmore@gmail.com; smartjojo69@gmail.com; thefoldbaanmee@gmail.com; maredtonpoo@gmail.com; vinnythepure@gmail.com; est.33by.singha@gmail.com,openstreetmap,1,+66958421767,291 Chok Chai 4 Rd,10230,overture (meta),overture:845bc854-c3d9-48a1-9b1b-3135b0b1f2c3
thedth@gmail.com,ปันปันเบเกอรี่,ปันปันเบเกอรี่,Lat Phrao District,Bakery,no,Low,0,,,,,openstreetmap,1,+66661466525,10/91 Chok Chai 4 Soi 44,10230,overture (meta),overture:f986ae8d-37fe-47ec-b544-1083563c221e
weerachon0205@gmail.com,ปาล์มมี่ หมูกระทะ,ปาล์มมี่ หมูกระทะ,Lat Phrao District,Restaurant,no,Low,0,,,,,openstreetmap,1,+66943768591,36 ถนนลาดพร้าววังหิน,10230,overture (meta),overture:81484b6f-8d33-4593-a986-af464ae6acb0
ttus1981@gmail.com,ป้าเล็กขนมจีนแกงเขียวหวาน,ป้าเล็กขนมจีนแกงเขียวหวาน,Lat Phrao District,Restaurant,no,Low,0,,,,,openstreetmap,1,+66922570270,39 224 ซอย ภาวนา,10230,overture (meta),overture:e517b894-5714-4ab2-a759-88c5c0e6180d
kobbliss@gmail.com,ป้าแก้ว ข้าวมันหมูย่าง,ป้าแก้ว ข้าวมันหมูย่าง,Lat Phrao District,Restaurant,no,Low,0,,,,,openstreetmap,1,+66654191997,,,overture (meta),overture:401af9c3-d747-4f97-baf9-ffb302dd0f7b
padthai.wanghin@gmail.com,ผัดไทย@วังหิน by Showปัง,ผัดไทย@วังหิน by Showปัง,Lat Phrao District,Asian; Thai,no,Low,0,,,,,openstreetmap,1,+66966491997,49 ถนน ลาดพร้าววังหิน,10230,overture (meta),overture:eb20b615-b65a-4218-acfb-a898d0f2f57c
padthai.sena42@gmail.com,ผัดไทยห่อตอง,ผัดไทยห่อตอง,Lat Phrao District,Asian; Thai,no,Low,0,,,,,openstreetmap,1,+66897958090,115 ถนน ลาดพร้าววังหิน,10230,overture (meta),overture:5e36edf3-bea7-4522-86be-9064c7da714b
rinlnimkdi@gmail.com,ฝนเตี๋ยวป๊อก,ฝนเตี๋ยวป๊อก,Lat Phrao District,Cafe,no,Low,0,,,,,openstreetmap,1,+66614378892,สุคนธสวัสดิ์3 ซอย3 หน้าโรงเรียนสตรีวิทยา2 เขตลาดพร้าว เเขวงลาดพร้าว,10230,overture (meta),overture:1709162e-ae5d-4784-aa06-bd23ca3449e7
iwasbornin1991ok@gmail.com,พร้าว•ปัง•โฮมเมด,พร้าว•ปัง•โฮมเมด,Lat Phrao District,Cafe,no,Low,0,,,,,openstreetmap,1,+66851956615,39 ถนน โชคชัย 4,10230,overture (meta),overture:4dc65bfb-e57e-40de-bd4d-126943c87b65
koffeeholicbkk@gmail.com,พาย อะ ฮอลิค,พาย อะ ฮอลิค,Lat Phrao District,Bakery,no,Low,0,,,,,openstreetmap,1,+66988824528,บ้านเลขที่ 1 Lat Phrao Wang Hin 40 Alley,10230,overture (meta),overture:dde36bcf-74fc-4cc6-8760-2cedd76850fb
boonyohonme@gmail.com,พี่นะไก่เขย่า,พี่นะไก่เขย่า,Lat Phrao District,Restaurant,no,Low,0,,,,,openstreetmap,1,+66953978855,135 Lad Prao Wanghin Rd,10230,overture (meta),overture:b891ab08-b0fc-44f2-97fa-04add4ec4258
sanunwanghin@gmail.com,พ่อสนั่นลาบก้อยขอนแก่นสาขากรุงเทพวังหิน,พ่อสนั่นลาบก้อยขอนแก่นสาขากรุงเทพวังหิน,Lat Phrao District,Restaurant,no,Low,0,,,,,openstreetmap,1,+66824263523,1008 Chok Chai 4 Rd,10230,overture (meta),overture:746ef8b3-4c59-45d9-aa13-1e824e6e4a4e
nattwalan.p@gmail.com,ฟอร์ดแต่งสวย,ฟอร์ดแต่งสวย,Lat Phrao District,Restaurant,no,Low,0,,,http://fordcat.lnwshop.com/,,openstreetmap,1,+66614695461,98 ถนนประเสริฐมนูกิจ แขวงจรเข้บัว เขตลาดพร้าว,,overture (meta),overture:0fcc810f-7455-42f0-bb35-43f7e6072fcf
farmaroi.kaikartak@gmail.com,ฟาร์มอร่อย,ฟาร์มอร่อย,Lat Phrao District,Restaurant,no,Low,0,,,,,openstreetmap,1,+66955508314,17 Lat Pla Khao 29 Alley,10230,overture (meta),overture:fb063c3f-77ef-4440-8057-c6b7b5efac6e
fufuitimkathi@gmail.com,ฟู่ฟู่ ไอติมกะทิ,ฟู่ฟู่ ไอติมกะทิ,Lat Phrao District,Ice cream,no,Low,0,,,,,openstreetmap,1,+66641192881,690 ถ.ลาดพร้าววังหิน แขวงลาดพร้าว เขตลาดพร้าว กรุงเทพ 10230,10230,overture (meta),overture:495a42b7-3c34-4c49-83b5-7603f55be6b9
madamnuaver@gmail.com,มาดาม​ นัวเว่อร์,มาดาม​ นัวเว่อร์,Lat Phrao District,Restaurant,no,Low,0,,,,,openstreetmap,1,+66634696453,83/132 ถนน เสนานิคม 1,10230,overture (meta),overture:9a342ef2-ff3b-4f1a-b435-abb1236a41f0
cs.madi90s@gmail.com,มาดิ 90's,มาดิ 90's,Lat Phrao District,Bar,no,Low,0,,,,,openstreetmap,1,+66831545955,2 ถนน สุคนธสวัสดิ์,10230,overture (meta),overture:11d378b0-65ac-43a5-b560-6f9f33270540
boribotlife@gmail.com,มิรู้โรย อีทเทอรี่,มิรู้โรย อีทเทอรี่,Lat Phrao District,Restaurant,no,Low,0,,,,,openstreetmap,1,+66841691491,10 Yoyen Rd,10230,overture (meta),overture:4f0159fb-c694-4798-b874-6ee1c13f4b64
mala.spicymala@gmail.com,ม้าล้า หม่าล่า,ม้าล้า หม่าล่า,Lat Phrao District,Asian; Chinese,no,Low,0,,,,,openstreetmap,1,+66972183053,Lat Phrao Wang Hin 25 Alley,10230,overture (meta),overture:17fb9c18-15f0-4889-9f27-074a02571b44
yakkseed@gmail.com,ยักษ์ซีดด,ยักษ์ซีดด,Lat Phrao District,Asian; Japanese,no,Low,0,,,,,openstreetmap,1,+66838286426,9 ลาดปลาเค้า 3,10230,overture (meta),overture:c052d304-8d37-45dc-9291-28c05cef43b7
ranran2624@gmail.com,ยายสำราญตามสั่ง 0870982624,ยายสำราญตามสั่ง 0870982624,Lat Phrao District,Restaurant,no,Low,0,,,,,openstreetmap,1,+66870982624,41 ลาดปลาเค้า 4,10230,overture (meta),overture:1d50b1c7-4ed6-41c3-9615-7fb6c7dd78ee
theerachaingaprom@gmail.com,รสทิพย์,รสทิพย์,Lat Phrao District,Restaurant,no,Low,0,,,,,openstreetmap,1,+66972484814,ปาก Lat Pla Khao 21 Alley,10230,overture (meta),overture:8b5dd229-9ed7-4946-8d77-f92afaca2fd0
ranongdimsum@gmail.com,ระนองติ่มซำกรุงเทพ,ระนองติ่มซำกรุงเทพ,Lat Phrao District,Chinese,no,Low,0,,,,,openstreetmap,1,+66870259449,โชคชัย 4 ซอย 56,10230,overture (meta),overture:65cbdfc8-c455-436a-b68e-6f56539c2c09
snitwongchai76@gmail.com,รำไพขนมไทย,รำไพขนมไทย,Lat Phrao District,Restaurant,no,Low,0,,,,,openstreetmap,1,+66951959222,85/316 เสนานิคม 1 ซอย 25 แยก 8,10230,overture (meta),overture:8fb18b3a-bd03-43b3-bb64-ea99078592a6
worawannaruch@hotmail.com,ริมคลองหมูกระทะ สาขาโชคชัยสี่,ริมคลองหมูกระทะ สาขาโชคชัยสี่,Lat Phrao District,Restaurant,no,Low,0,,,,,openstreetmap,1,+66829464651,สตรีวิทยา 2 ซอย 14 กรุงเทพมหานคร,10230,overture (meta),overture:bac96a93-40a1-4f91-99ec-ea87fd12a20c
chuathong@hotmail.com,ร้าน Goo ตลาดหัวมุม,ร้าน Goo ตลาดหัวมุม,Lat Phrao District,Asian; Thai,no,Low,0,,,,,openstreetmap,1,+66800777606,ตลาดหัวมุมเกษตรนวมิน,10230,overture (meta),overture:9d541316-9e45-49ed-a2ec-fa20e0ddffe4
megaancha0806@gmail.com,ร้าน งงงง partyhouse,ร้าน งงงง partyhouse,Lat Phrao District,Bar,no,Low,0,,,,,openstreetmap,1,+955528246,"Thái Lan, Chok Chai 4 Rd",,overture (meta),overture:b01f4607-74b7-4da2-8609-fd5049f8054c
noonfufu@gmail.com,ร้านกล้วยปิ้งเจ้ซิ้มเสนา - เสนานิคม 1,ร้านกล้วยปิ้งเจ้ซิ้มเสนา - เสนานิคม 1,Lat Phrao District,Restaurant,no,Low,0,,,,,openstreetmap,1,+66895294991,401 Thanon Sena Nikhom 1,10230,overture (meta),overture:05ef59ef-9d05-4272-bdb3-088cb1f601a6
lalilss159@gmail.com,ร้านข้าวแกงแม่,ร้านข้าวแกงแม่,Lat Phrao District,Restaurant,no,Low,0,,,,,openstreetmap,1,+66823291155,เข้าซอยซาฟารีเวิล์ด ถ. ปัญญาอินทรา,10510,overture (meta),overture:a05f9d10-6bbb-4cd6-968d-c4ffdc9e93c9
raankhruasong@gmail.com,ร้านครัวซองส์,ร้านครัวซองส์,Lat Phrao District,Asian; Thai,no,Low,0,,,,,openstreetmap,1,+66818129916,"8, 29/5 Satri Witthaya 2 Soi 8",10230,overture (meta),overture:9dd7efd2-edf2-4651-aec0-95bf68b85f5d
tinida31@gmail.com,ร้านจุ่มแซ่บ33,ร้านจุ่มแซ่บ33,Lat Phrao District,Asian; Thai,no,Low,0,,,,,openstreetmap,1,+66636656191,ถนน นาคนิวาศ(ลาดพร้าว71) ซอย นาคนิวาศ33 แขวงลาดพร้าว เขตลาดพร้าว,10230,overture (meta),overture:2683b8e3-0628-4531-ad35-bc0642c1c4f9
tonmaphraw@gmail.com,ร้านต้นมะพร้าวลาบก้อย,ร้านต้นมะพร้าวลาบก้อย,Lat Phrao District,Restaurant,no,Low,0,,,,,openstreetmap,1,+66648681450,388 Lat Pla Khao Rd,10230,overture (meta),overture:3e888324-1e53-440d-b36a-ddeed840c6e7
thungluang.restaurant@gmail.com,ร้านทุ่งหลวง: Thungluang,ร้านทุ่งหลวง: Thungluang,Lat Phrao District,Restaurant,no,Low,0,,,,,openstreetmap,1,+6629071998,39 ประเสริฐมนูกิจ 29 แยก 6,10230,overture (meta),overture:addeb8e1-d32b-49db-973e-5fc07420034f
dalijessie@gmail.com,ร้านน้ำเงี้ยวต้าลี่ สิบสองปันนา,ร้านน้ำเงี้ยวต้าลี่ สิบสองปันนา,Lat Phrao District,Restaurant,no,Low,0,,,,,openstreetmap,1,+66854454591,68 ถนน สตรีวิทยา 2,10230,overture (meta),overture:ae175267-2252-4f4a-8ac3-e9ae6d3de2cf
pornpiron_b@hotmail.com,ร้านบ้านฟ้าใส อร่อยทุกอย่าง,ร้านบ้านฟ้าใส อร่อยทุกอย่าง,Lat Phrao District,Restaurant,no,Low,0,,,,,openstreetmap,1,+66859192420,,,overture (meta),overture:ddfb2ac7-e875-49bf-a35f-4317b6dc8b0b
bangna2538@icloud.com,ร้านภูเงินจิ้มจุ่ม,ร้านภูเงินจิ้มจุ่ม,Lat Phrao District,Restaurant,no,Low,0,,,https://line.me/ti/p/bywzxMccFz,,openstreetmap,1,+66655526435,7 ลาดพร้าววังหิน 56,10230,overture (meta),overture:a3f0f913-153a-4e6b-8a9a-82aa0c28d6d5
malaipornkitchen.dr@gmail.com,ร้านมาลัยพร อาหารตามสั่ง,ร้านมาลัยพร อาหารตามสั่ง,Lat Phrao District,Restaurant,no,Low,0,,,,,openstreetmap,1,+66895590554,100/2 นาคนิวาส 37,10230,overture (meta),overture:a6bfc35a-4159-47f8-8e05-4a6f920d21c9
bas0933482008@gmail.com,ร้านลาบเป็ดยโสธร สังกะสี ยโสธร,ร้านลาบเป็ดยโสธร สังกะสี ยโสธร,Lat Phrao District,Restaurant,no,Low,0,,,,,openstreetmap,1,+66949877301,96 Lad Prao Wanghin Rd,10230,overture (meta),overture:28725212-9909-4ee6-8371-8368068bbdf0
annamowypennapa@gmail.com,ร้านลุงทิพมะพร้าวอ่อน-ปากซอยลาดพร้าววังหิน 43,ร้านลุงทิพมะพร้าวอ่อน-ปากซอยลาดพร้าววังหิน 43,Lat Phrao District,Restaurant,no,Low,0,,,,,openstreetmap,1,+66847125714,301 ปาก Lad Prao Wanghin Rd,10230,overture (meta),overture:7fa1978a-efb2-43e6-b433-71dacaf12611
dtac0805923673@gmail.com,ร้านสุดแซบ เมืองยศ สาขาเสนานิคม1ใกล้แยกวังหิน,ร้านสุดแซบ เมืองยศ สาขาเสนานิคม1ใกล้แยกวังหิน,Lat Phrao District,Asian; Thai,no,Low,0,,,,,openstreetmap,1,+66805923673,52 ซอย 1,10230,overture (meta),overture:c4480311-b402-4759-a355-d9b8a3c7ed4a
rainy.fon1405@gmail.com,ร้านส้มตำผู้ชายขายหอย,ร้านส้มตำผู้ชายขายหอย,Lat Phrao District,Asian; Thai,no,Low,0,,,,,openstreetmap,1,+66927056856,เลขที่ 629 Lad Prao Wanghin Rd,10230,overture (meta),overture:a10054e1-4f55-453e-b855-6fa4f1e9f36d
inj.siriwan@gmail.com,ร้านอาหารกษิรา,ร้านอาหารกษิรา,Lat Phrao District,Restaurant,no,Low,0,,,,,openstreetmap,1,,ซินเซียแมนชั่น\n,10240\n,overture (meta),overture:b93b346c-71b1-40d9-8225-a2e873a90b0f
supansa110837@gmail.com,ร้านอาหารพริกหวาน,ร้านอาหารพริกหวาน,Lat Phrao District,Restaurant,no,Low,0,,,,,openstreetmap,1,+66854471717,5 ภรรพจน์เพลส Chok Chai 4 Soi 59,10230,overture (meta),overture:37281de3-d3dd-4fd7-92b4-e9264d8a0a46
atbaanchalong100@gmail.com,ร้านอาหารใต้ บ้านฉลอง,ร้านอาหารใต้ บ้านฉลอง,Lat Phrao District,Asian; Thai,no,Low,0,,,,,openstreetmap,1,+66956366656,เลขที่ 100 Lat Pla Khao Rd,10230,overture (meta),overture:df2e9d5a-e0b3-48a7-92b4-e6db39c25b06
sansernonsri@gmail.com,ร้านอีสานสายน้ำโขง,ร้านอีสานสายน้ำโขง,Lat Phrao District,Restaurant,no,Low,0,,,,,openstreetmap,1,+66641071786,ถึง อยู่ระหว่าง Nak Niwat 3 Alley,10230,overture (meta),overture:4741975a-0aa5-4610-a1ac-f88b059b0ad9
noodle.chockchai@gmail.com,ร้านเชียงใหม่เน่อ โชคชัย 4,ร้านเชียงใหม่เน่อ โชคชัย 4,Lat Phrao District,Cafe,no,Low,0,,,https://wongn.ai/oyivj,,openstreetmap,1,+66804748225,,,overture (meta),overture:18e22ed0-f838-4fa0-8328-3307eff7839a
piyapanyoot@gmail.com,ร้านเฮียยุทธปูทะเล,ร้านเฮียยุทธปูทะเล,Lat Phrao District,Seafood,no,Low,0,,,,,openstreetmap,1,+66840065055,"66 Nak Niwat 21 Alley, Lane 2-3",10230,overture (meta),overture:e8ecf71e-ba44-405c-9313-5b475ca2377b
namnuengkhunor@gmail.com,ร้านแหนมเนือง คุณอ้อ,ร้านแหนมเนือง คุณอ้อ,Lat Phrao District,Asian; Thai,no,Low,0,,,,,openstreetmap,1,+66894859303,"7/271, ซอยโชคชัย 4 ถนนลาดพร้าว",10230,overture (meta),overture:a7ce8c96-22ec-4bb3-a8f9-016723f8b558
taotharn.mookata@gmail.com,ร้านโรตี ลาดพร้าว วังหิน 31,ร้านโรตี ลาดพร้าว วังหิน 31,Lat Phrao District,Cafe,no,Low,0,,,,,openstreetmap,1,+66819850294,187 Lat Phrao Wang Hin 31 Alley,10230,overture (meta),overture:d2b07b55-f946-4634-840a-5148cd0cdacd
tsao.nainai55@gmail.com,ร้านไน่ไน่,ร้านไน่ไน่,Lat Phrao District,Restaurant,no,Low,0,,,,,openstreetmap,1,+66855140424,41/31 ถนน ลาดปลาเค้า,10230,overture (meta),overture:6b8a45ec-68fa-43fb-b3f7-ce44763ba340
noypattama@gmail.com,ลานหมูกระทะ99 สาขานาคนิวาส,ลานหมูกระทะ99 สาขานาคนิวาส,Lat Phrao District,Restaurant,no,Low,0,,,,,openstreetmap,1,+66912221193,รัชดา36 แยก9-3-2,10230,overture (meta),overture:8708b0f4-60db-4c0f-8325-5d401a21c666
khanthavydamlongsak@gmail.com,ลาบลับลับ ลาดพร้าววังหิน,ลาบลับลับ ลาดพร้าววังหิน,Lat Phrao District,Restaurant,no,Low,0,,,,,openstreetmap,1,+66957363631,อยู่ระหว่าง 37 Lat Phrao Wang Hin 35 Alley,10230,overture (meta),overture:80b733c2-ad83-41c7-857a-f61523cedb93
singlelineno03@gmail.com,ลาบไทยางตลาด,ลาบไทยางตลาด,Lat Phrao District,Asian; Thai,no,Low,0,,,,,openstreetmap,1,+66838380415,461 Nak Niwat Rd,10230,overture (meta),overture:d81582a1-c778-4a60-836d-0d479fb450de
ntwbs1107@gmail.com,ลูกชิ้นบุรีรัมย์ By ลาภปาก,ลูกชิ้นบุรีรัมย์ By ลาภปาก,Lat Phrao District,Asian; Thai,no,Low,0,,,,,openstreetmap,1,+66953199239,59 ถนน สตรีวิทยา 2,10230,overture (meta),overture:6035edd9-8668-4fb9-bcdd-43972d78ca41
paulphanich@gmail.com,ลูกชิ้นปลา พ.พาณิชย์,ลูกชิ้นปลา พ.พาณิชย์,Lat Phrao District,Restaurant,no,Low,0,,,,,openstreetmap,1,+66955249594,67 Nak Niwat Rd,10230,overture (meta),overture:cf1ed4d9-ddd9-4049-9ee4-689f9383e66b
ros-ocha@hotmail.com,ลูกชิ้นรสโอชา,ลูกชิ้นรสโอชา,Lat Phrao District,Restaurant,no,Low,0,Local,,https://rodochameatball.wixsite.com/rodocha,,openstreetmap,1,+66877097983,6 Lat Phrao Wang Hin 71 Alley,10230,overture (meta),overture:f058d709-9e62-4324-9ca1-3a5d9fc4990b
lookherethep@gmail.com,ลูกเฮียเทพ,ลูกเฮียเทพ,Lat Phrao District,Restaurant,no,Low,0,,,,,openstreetmap,1,+66884645888,121/7 ถนน นาคนิวาส,10230,overture (meta),overture:72a5e60f-cafe-43d3-99c8-cc50ef9cb5f1
rintha_27@hotmail.com,ล้านเหนือน่าน,ล้านเหนือน่าน,Lat Phrao District,Asian; Thai,no,Low,0,,,,,openstreetmap,1,+66882519884,33/544 Chok Chai 4 Soi 54,10230,overture (meta),overture:666929fc-7965-4fda-98fa-1a5cea171b73
shebeamofficial@gmail.com,วรรณ์ทนา น้ำเต้าหู้ กาแฟสด - Wantana.soycoffee,วรรณ์ทนา น้ำเต้าหู้ กาแฟสด - Wantana.soycoffee,Lat Phrao District,Cafe,no,Low,0,,,,,openstreetmap,1,+66830126904,421 ประเสริฐมนูกิจ29 แยก8 ซอย14,10230,overture (meta),overture:8f204a40-83fb-4442-b92e-a0d666afc5a8
prapaporn.chomchoei1981@gmail.com,วังหิน78,วังหิน78,Lat Phrao District,Asian; Thai,no,Low,0,,,,,openstreetmap,1,+66945497496,34 ถนน ลาดพร้าววังหิน,10230,overture (meta),overture:d72d9b50-5f39-4bf4-9d9d-8815099bfb45
nakarawangnuea69@gmail.com,วังเนื้อ @ วังหิน Premium Thai Wagyu Yakiniku & Sushi bar,วังเนื้อ @ วังหิน Premium Thai Wagyu Yakiniku & Sushi bar,Lat Phrao District,Asian; Japanese; Sushi,no,Low,0,,,,,openstreetmap,1,+66969295229,525 Lad Prao Wanghin Rd,10230,overture (meta),overture:55a2b123-604c-4c09-98bc-be2e2c371e75
wanlawaan.dessert@gmail.com,วันละหวาน Wan-La-Waan,วันละหวาน Wan-La-Waan,Lat Phrao District,Restaurant,no,Low,0,,,,,openstreetmap,1,+66943266546,71 Mall ลาดพร้าว 71 นาคนิวาส 2,10230,overture (meta),overture:9ab6108b-bcd8-4072-ae59-69466666b83b
jrmajide@gmail.com,ว่าแซบ,ว่าแซบ,Lat Phrao District,Restaurant,no,Low,0,,,,,openstreetmap,1,+66953659966,111 Chok Chai 4 Soi 50 Yaek 6,10230,overture (meta),overture:e74be41f-4c70-4781-8e6a-633b0c90fc12
srifabakery29@gmail.com,ศรีฟ้าเบเกอรี่ สาขาเกษตร-นวมินทร์,ศรีฟ้าเบเกอรี่ สาขาเกษตร-นวมินทร์,Lat Phrao District,Bakery,no,Low,0,,,,,openstreetmap,1,+66653437983,269 Lat Pla Khao Rd,10230,overture (meta),overture:349cb81c-6b3e-4c33-9441-87755bcb1e8d
kwycabywnsriket@gmail.com,ศรีเกษ,ศรีเกษ,Lat Phrao District,Asian; Thai,no,Low,0,,,,,openstreetmap,1,+66827886074,38 ถนน ลาดปลาเค้า,10230,overture (meta),overture:5a8b3057-8b64-4e44-869f-22287fb2201c
sodsing2@hotmail.com,สดซิงซิง ตลาดหัวมุม,สดซิงซิง ตลาดหัวมุม,Lat Phrao District,Seafood,no,Low,0,,,,,openstreetmap,1,+66979796174,"ประเสิร, Prasert-Manukitch Rd",10230,overture (meta),overture:b1bfbad9-49a3-4ff4-8ee3-ea4254bf5b0e
patipan85@gmail.com,สวนผักน้ำ,สวนผักน้ำ,Lat Phrao District,Restaurant,no,Low,0,,,,,openstreetmap,1,+6629079989,17/136 หมู่1 ซอยลาดพร้าว 71 ถนนลาดพร้าว ลาดพร้าว,10230,overture (meta),overture:1119bffc-d6ad-409d-a9d2-23c7236d03cd
dusit_mun@hotmail.com,สายเนื้อโคขุนโพนยางคำ,สายเนื้อโคขุนโพนยางคำ,Lat Phrao District,Restaurant,no,Low,0,,,,,openstreetmap,1,+66818414246,นาคนิวาส,10230,overture (meta),overture:f719f29a-8525-46e5-8852-3ee6e5023846
suki.kongprab@gmail.com,สุกี้-หมูกระทะกองปราบ,สุกี้-หมูกระทะกองปราบ,Lat Phrao District,Restaurant,no,Low,0,,,,,openstreetmap,1,+66863026824,114/2 ถนน โชคชัย 4,10230,overture (meta),overture:1d74f3f5-e82a-47b4-8e02-b1a9bb981265
sukura.asso@gmail.com,สุขอุรา สมาคม,สุขอุรา สมาคม,Lat Phrao District,Bar,no,Low,0,,,,,openstreetmap,1,,36/71 โชคชัย 4 ซอย 82 แยก 2,10230,overture (meta),overture:f123afaa-b43a-4715-a6e6-b00cf450b34d
yodmancity@gmail.com,สุดยอดบาร์บีคิว สร้างอาชีพ,สุดยอดบาร์บีคิว สร้างอาชีพ,Lat Phrao District,Seafood,no,Low,0,,,,,openstreetmap,1,+66615361995,11  ซอยนาคนิวาส43  แขวงลาดพร้าว เขตลาดพร้าว ,10230,overture (meta),overture:aec7161f-768c-44b6-9b42-b181da71505a
chocolate.noon@gmail.com,สเต็กลุงหนวด สาขาโชคชัย4,สเต็กลุงหนวด สาขาโชคชัย4,Lat Phrao District,Restaurant,no,Low,0,,,,,openstreetmap,1,+66951419022,65 ถนน โชคชัย 4,10230,overture (meta),overture:a69d0872-4b81-4428-a6b4-af08528c1e65
somtumsamma@gmail.com,ส้มตำสามมะ Begin Again,ส้มตำสามมะ Begin Again,Lat Phrao District,Asian; Thai,no,Low,0,,,https://lin.ee/7EvQ0mG,,openstreetmap,1,+66816366542,ถนน​โชคชัย​ 4,10230​,overture (meta),overture:16c5543b-60f1-444a-a254-7543bb0e0087
tay_tay_70@hotmail.com,ส้มตำอิหยังวะ สาขาวังหิน,ส้มตำอิหยังวะ สาขาวังหิน,Lat Phrao District,Asian; Thai,no,Low,0,,,,,openstreetmap,2,+66642456369,75 ถนน ลาดพร้าววังหิน,10230,overture (meta),overture:4de5279a-33fa-47c2-9c34-2bc129b8dc1c
tongcoffee1994@gmail.com,หนิม คาเฟ่,หนิม คาเฟ่,Lat Phrao District,Cafe,no,Low,0,,,,,openstreetmap,1,+66865196999,"47, 100 Lad Prao Wanghin Rd",10230,overture (meta),overture:f26b109d-6f36-4bb2-b047-e4c0cc0b076d
fiercepoinzaghi@gmail.com,หมี่ปลา น้ำยาปู Cafe,หมี่ปลา น้ำยาปู Cafe,Lat Phrao District,Restaurant,no,Low,0,,,,,openstreetmap,1,+66849847240,122,10230,overture (meta),overture:e2efbde9-07d7-4902-b17f-902e3157a650
mee.hengg@gmail.com,หมี่เฮง ก๋วยเตี๋ยวหมูต้มยำ ข้าวขาหมู,หมี่เฮง ก๋วยเตี๋ยวหมูต้มยำ ข้าวขาหมู,Lat Phrao District,Restaurant,no,Low,0,,,,,openstreetmap,1,+66959894617,11/141 ซอยลาดพร้าววังหิน 20 เขต ลาดพร้าว,10230,overture (meta),overture:89677e63-9129-45f4-95e8-377e6af43bca
mu@themac.in.th,หมึกยั่วซีฟู้ด,หมึกยั่วซีฟู้ด,Lat Phrao District,Restaurant,no,Low,0,,,,,openstreetmap,1,+66984639168,264 ถนน สุคนธสวัสดิ์,10230,overture (meta),overture:8c09b07d-6812-4875-b061-9af9763686ff
supapron310333@gmail.com,หมูสะเต๊ะ ตัวกลมสาขาลาดพร้าววังหิน,หมูสะเต๊ะ ตัวกลมสาขาลาดพร้าววังหิน,Lat Phrao District,Asian; Thai,no,Low,0,,,,,openstreetmap,1,+66920088807,ลาดพร้าววังหิน27,10900,overture (meta),overture:d4a7915d-3a09-40db-91a0-97396a734223
moosataydekdue@gmail.com,หมูสะเต๊ะเด็กดื้อ,หมูสะเต๊ะเด็กดื้อ,Lat Phrao District,Restaurant,no,Low,0,,,,,openstreetmap,1,+66645946424,"บ้าน 14/1 Soi Nak Niwat 37, Lane 1-6",10230,overture (meta),overture:925f1003-ae30-463e-95ab-116f9f0d1db8
muhmuh.th@gmail.com,หมูหมู x หมูกระทะ โชคชัย4,หมูหมู x หมูกระทะ โชคชัย4,Lat Phrao District,Restaurant,no,Low,0,,,,,openstreetmap,1,+66926914515,166 Lad Prao Wanghin Rd,10230,overture (meta),overture:9f675fa4-cf73-417d-a78e-82be6274a484
rhoyrang.bangkok@gmail.com,หรอยแรง บางกอก (Rhoyrang),หรอยแรง บางกอก (Rhoyrang),Lat Phrao District,Restaurant,no,Low,0,,,,,openstreetmap,1,+66992872454,33/551 Chok Chai 4 Soi 54,10230,overture (meta),overture:255f22dc-3153-4880-87fc-5ee577e554b0
muangput1984@gmail.com,หอม62 bar&cafe,หอม62 bar&cafe,Lat Phrao District,Cafe,no,Low,0,,,https://lin.ee/p9KBgaE,,openstreetmap,1,+66996363293,18 สังคมสงเคราะห์ 10,10230,overture (meta),overture:ee2305c9-c29a-41bc-a2d4-a794c17282e0
jariya.food@gmail.com,ห้องอาหารจริยา,ห้องอาหารจริยา,Lat Phrao District,Asian; Thai,no,Low,0,,,,,openstreetmap,1,+6629311160,"204,206",10230,overture (meta),overture:d62f0985-b925-42ec-ab4a-3fd85b196d61
amira292522@gmail.com,อมีล่า ต้มยำหัวปลา โชคชัยสี่,อมีล่า ต้มยำหัวปลา โชคชัยสี่,Lat Phrao District,Restaurant,no,Low,0,,,,,openstreetmap,1,,โชคชัยสี่31/1 ลาดพร้าว\n,10230,overture (meta),overture:981cd014-ae73-427e-a706-9814fca12e86
lucyisdancing@gmail.com,อย่างอยาก24,อย่างอยาก24,Lat Phrao District,Restaurant,no,Low,0,,,,,openstreetmap,1,+66832276607,ตะวันนา ไนท์พลาซ่า ,10240,overture (meta),overture:29c2f677-1378-4a56-ab0b-be622fd611b5
aroitogether@gmail.com,อร่อย together,อร่อย together,Lat Phrao District,Asian; Thai,no,Low,0,,,,,openstreetmap,1,+66843249388,30 ถนน ประเสริฐมนูกิจ,10230,overture (meta),overture:de7b3289-b61d-4855-b79c-4629693b4c5d
aroiwanghin@gmail.com,อร่อยวังหิน78,อร่อยวังหิน78,Lat Phrao District,Asian; Thai,no,Low,0,,,,,openstreetmap,1,+66822655454,83 ถนน ลาดพร้าววังหิน,10230,overture (meta),overture:d5de3856-a203-4739-9e2e-a3c9f78d3be7
dtac0991299797@gmail.com,อิ่มอร่อย วังหิน22,อิ่มอร่อย วังหิน22,Lat Phrao District,Restaurant,no,Low,0,,,,,openstreetmap,1,+66991299797,,,overture (meta),overture:3e8b34af-bf79-4901-98fd-c3ff02e4de7a
mayyabunlue@gmail.com,อีสาน อินดี้,อีสาน อินดี้,Lat Phrao District,Asian; Thai,no,Low,0,,,,,openstreetmap,1,+66654989496,140 Thanon Satri Witthaya 2,10230,overture (meta),overture:d2c6b605-0093-495f-b41f-f28ae001983e
yipinmalaofficial@gmail.com,อี้ผินหมาล่าหม้อไฟ壹品麻辣火锅,อี้ผินหมาล่าหม้อไฟ壹品麻辣火锅,Lat Phrao District,Restaurant,no,Low,0,,,,,openstreetmap,1,+66962896525,175 29 Soi Mu Ban Plus Citypark Kaset-nawamin,10230,overture (meta),overture:4319980d-b38d-4def-bb50-755cef5de3de
pornlertnimit@gmail.com,อี๊ เตี๋ยวเป็ด&เตี๋ยวไก่ตุ๋น,อี๊ เตี๋ยวเป็ด&เตี๋ยวไก่ตุ๋น,Lat Phrao District,Restaurant,no,Low,0,,,,,openstreetmap,1,+66815651653,325 ซอยเสนานิคม1(ตรงข้ามซ.38) แขวงจรเข้บัว เขตลาดพร้าว ,10230,overture (meta),overture:0e76351c-778f-4d5e-b6bb-5e9e5f8b9547
t.k.expert88@gmail.com,อเมซอน ลาดพร้าว-วังหิน,อเมซอน ลาดพร้าว-วังหิน,Lat Phrao District,Cafe,no,Low,0,,,,,openstreetmap,1,+66843694454,49 ถนน ลาดพร้าววังหิน,10230,overture (meta),overture:9918cb6e-ef35-40ea-871b-b0b274bb4ef3
kun_tae024@hotmail.com,ฮานาบิ ชาบู พลัส,ฮานาบิ ชาบู พลัส,Lat Phrao District,Asian; Japanese,no,Low,0,,,,,openstreetmap,1,+66986526245,เลขที่ 6/17 Lat Phrao Wang Hin 89 Alley,10230,overture (meta),overture:842da00a-d510-4818-8ca6-f8ea23288c83
saktokchokchai4@gmail.com,เก้าเหรียญ ลูกชิ้นปลาแท้ โซนรามอินทรา,เก้าเหรียญ ลูกชิ้นปลาแท้ โซนรามอินทรา,Lat Phrao District,Asian; Thai,no,Low,0,,,,,openstreetmap,1,+66894643999,รามอินทรา 109 / มัยลาภ / นวมินทร์74,10230,overture (meta),overture:c7f3c149-3e0a-495c-a43e-9264c8b503fc
kecha_th@hotmail.com,เคน ซูชิ 賢寿司 Ken sushi,เคน ซูชิ 賢寿司 Ken sushi,Lat Phrao District,Asian; Sushi,no,Low,0,,,,,openstreetmap,1,+66632325529,สตรีวิทยา 2 ซอย 4 แขวง ลาดพร้าว เขตลาดพร้าว,10230,overture (meta),overture:37df9329-873b-454c-b305-c3d4e6cbbfd4
dreamd888@hotmail.com,เครปนมสด จุฑาพร,เครปนมสด จุฑาพร,Lat Phrao District,Restaurant,no,Low,0,,,,,openstreetmap,1,+66961022452,60/14 Chok Chai 4 Rd,10230,overture (meta),overture:94703fd6-b20f-4365-adc1-22a88332db23
kanomjeen.e@gmail.com,เจ้ยขนมจีน,เจ้ยขนมจีน,Lat Phrao District,Asian; Chinese,no,Low,0,,,,,openstreetmap,1,,9 ถนน ลาดพร้าววังหิน,10230,overture (meta),overture:03440add-08ff-4824-928d-b399cf6e1018
kedwadee48@gmail.com,เจ้เปา ซีฟู้ดสาย2,เจ้เปา ซีฟู้ดสาย2,Lat Phrao District,Seafood,no,Low,0,,,https://line.me/ti/p/O5765qAJ0G,,openstreetmap,1,+66612299695,,,overture (meta),overture:9b62b475-5fff-42d3-b3ab-b9fa3bfb589f
j.noymangostickyrice@gmail.com,เจ๊น้อย J.NOY - Mango Sticky Rice,เจ๊น้อย J.NOY - Mango Sticky Rice,Lat Phrao District,Restaurant,no,Low,0,,,,,openstreetmap,1,+66614454998,702 ซ.ลาดพร้าววังหิน 62,10330,overture (meta),overture:325fceb2-5977-4fbe-8d15-2b6ffa690531
jehsoiechickenrice@gmail.com,เจ๊โส่ย ข้าวมันไก่ซูวี,เจ๊โส่ย ข้าวมันไก่ซูวี,Lat Phrao District,Restaurant,no,Low,0,Local,,http://www.jehsoie.com/,,openstreetmap,1,+66922653375,"74, 15 Sukhonthasawat Rd",10230,overture (meta),overture:99eb448d-32b4-4d80-8660-13c13eed563f
cherchaimookata@gmail.com,เฉิดฉาย Chill&Bar,เฉิดฉาย Chill&Bar,Lat Phrao District,Restaurant,no,Low,0,,,,,openstreetmap,1,+66917343440,ประเสริฐมนูกิจ48 แขวงคลองกุ่ม เขตบึงกุ่ม กรุงเทพ ,10240,overture (meta),overture:aba6cb8f-4224-40db-bc90-cda271bb235f
fon.alpacaview@gmail.com,เด็กเลี้ยงแกะ Music&Restaurant ลาดพร้าว71,เด็กเลี้ยงแกะ Music&Restaurant ลาดพร้าว71,Lat Phrao District,Restaurant,no,Low,0,,,,,openstreetmap,1,+66814066400,130 Soi Lat Phrao 71,10310,overture (meta),overture:462d8b63-1f95-4a45-9d2e-e963cddaf0af
vanidasanaosieng@gmail.com,เตาหวาน,เตาหวาน,Lat Phrao District,Cafe,no,Low,0,,,,,openstreetmap,1,+66905959919,8 Nak Niwat 49 Alley,10230,overture (meta),overture:4bce6e43-85fe-4c50-8b60-08fb3b8fd151
nattaporntippimarn@gmail.com,เตี๋ยวยำป่ะละ,เตี๋ยวยำป่ะละ,Lat Phrao District,Asian; Japanese,no,Low,0,Local,,https://static.robinhood.in.th/app_link.html?URI=robinhoodth%3A%2F%2Fmerchantlanding%2Fid%2F164138,,openstreetmap,1,+66960931011,ตึก 13 เอื้อประชาคอนโดทาวน์ 41 754 Nak Niwat Rd,10230,overture (meta),overture:d78d39dc-af57-48a6-9651-2d176511e226
tomeditorace@gmail.com,เตี๋ยวลุงทอม,เตี๋ยวลุงทอม,Lat Phrao District,Asian; Japanese,no,Low,0,,,,,openstreetmap,1,+66855571987,Prasert-Manukitch Rd,10230,overture (meta),overture:73ad7b3c-35f9-4e2f-a3fb-b3f511bb70c4
teawdernsay@gmail.com,เตี๋ยวเดินเซ,เตี๋ยวเดินเซ,Lat Phrao District,Asian; Japanese,no,Low,0,,,,,openstreetmap,1,+66838308856,67 ถนนนาคนิวาส แขวงลาดพร้าว เขตลาดพร้าว,10230,overture (meta),overture:8de8a82f-cc72-4417-8193-7504499209db
tosakon_b777@hotmail.com,เบียร์หิมะ & ปัญญา ซีฟู้ด เกษตร-นวมินทร์,เบียร์หิมะ & ปัญญา ซีฟู้ด เกษตร-นวมินทร์,Lat Phrao District,Seafood,no,Low,0,,,,,openstreetmap,1,+6625781994,28 ประเสริฐมนูกิจ 25,10230,overture (meta),overture:bd401997-fd93-43f4-9d04-edeb0b07616d
btccake@hotmail.com,เบเกอรี่แยกโรงไม้,เบเกอรี่แยกโรงไม้,Lat Phrao District,Bakery,no,Low,0,,,,,openstreetmap,1,+66613763341,18/4 Sukhonthasawat Rd,10230,overture (meta),overture:08ae2d27-bd04-4485-a929-b8ce05c02a28
saroda62@gmail.com,เปิดบางวัน เสรีไทย46,เปิดบางวัน เสรีไทย46,Lat Phrao District,Cafe,no,Low,0,,,,,openstreetmap,1,+66917758735,"10230, กรุงเทพมหานคร, Thailand",10230,overture (meta),overture:5c5fc238-d8c9-4b5b-ad65-def27b280f9d
ploentalayseafoodth@gmail.com,เพลินทะเล ซีฟู้ด,เพลินทะเล ซีฟู้ด,Lat Phrao District,Seafood,no,Low,0,,,,,openstreetmap,1,+66935259259,61 ถนน ลาดปลาเค้า,10230,overture (meta),overture:f353ff65-0546-419e-bdc6-2c4fe6acc9d0
meetangapple@gmail.com,เย็นตาโฟ ป้าเสนา เล้งแซ่บ สาขา 2,เย็นตาโฟ ป้าเสนา เล้งแซ่บ สาขา 2,Lat Phrao District,Restaurant,no,Low,0,,,,,openstreetmap,1,+66863655447,191 หมู่ 4 Prasert-Manukit Rd,10230,overture (meta),overture:c221c71e-cb71-4ed0-86e7-f568b8e61824
ryouteiruamchok@hotmail.com,เรียวเต้รวมโชค,เรียวเต้รวมโชค,Lat Phrao District,Asian; Japanese,no,Low,0,,,,,openstreetmap,1,+66866167282,69 Chok Chai 4 Soi 54,10230,overture (meta),overture:b141c247-3fc5-4233-ba7b-d8f1325fc810
lekkungpao@gmail.com,เล็กกุ้งเผา,เล็กกุ้งเผา,Lat Phrao District,Seafood,no,Low,0,,,,,openstreetmap,1,+6625780333,83/144 อาคาร ทางเข้าหมู่เสนานิเวศน์ ถนนเสนานิคม 1,10230,overture (meta),overture:1da4c7e7-c3b4-440a-a1ac-ac0ac1ab0c28
verypung.official@gmail.com,เวรี่ปัง - Verypung สาขาโชคชัย4,เวรี่ปัง - Verypung สาขาโชคชัย4,Lat Phrao District,Cafe,no,Low,0,,,,,openstreetmap,1,+66924796444,69 Chok Chai 4 Rd,10230,overture (meta),overture:3ada23f1-a5c0-447d-a5dc-fc4b9edb3205
sensaiplaijavak@gmail.com,เส้นสายปลายจวัก,เส้นสายปลายจวัก,Lat Phrao District,Asian; Thai,no,Low,0,,,,,openstreetmap,1,+6625783186,ถนน ประเสริฐมนูกิจ - ซอย ประเสริฐมนูกิจ 25,10230,overture (meta),overture:0c72ae75-a734-404e-8a0c-a71bab0a68bd
chickenwanghin@gmail.com,เหนียวไก่วังหิน,เหนียวไก่วังหิน,Lat Phrao District,Restaurant,no,Low,0,,,https://lin.ee/txtCvVu,,openstreetmap,2,+66932462829,577 Lad Prao Wanghin Rd,10230,overture (meta),overture:30250576-1700-4e0c-a23a-e087fed027a9
cantact.lerose@gmail.com,เฬอรส,เฬอรส,Lat Phrao District,Restaurant,no,Low,0,,,,,openstreetmap,1,+6620213558,The Crystal Veranda,10230,overture (meta),overture:dc959291-9abd-4f26-a2b3-453ba55c4909
salmonthailand2020@gmail.com,แซลมอน ไทยแลนด์,แซลมอน ไทยแลนด์,Lat Phrao District,Asian; Japanese,no,Low,0,,,,,openstreetmap,1,+66834263545,วังหินคอนโด เลขที่ 1020,10230,overture (meta),overture:a9dc5796-9f3e-4244-86be-38bf51510c29
irin0955412829@gmail.com,แซ่ปสุดติ่ง,แซ่ปสุดติ่ง,Lat Phrao District,Restaurant,no,Low,0,,,,,openstreetmap,1,+66955412829,ถนน ลาดปลาเค้า,10230,overture (meta),overture:72e60adc-4798-4294-a7d0-8b3df31e500a
bunmalestpiya@gmail.com,แป๊ะปังปิ้ง,แป๊ะปังปิ้ง,Lat Phrao District,Restaurant,no,Low,0,,,,,openstreetmap,1,+66655598322,,,overture (meta),overture:619b7680-7af1-4899-bb32-83cf31a80db7
kataiy_cover@hotmail.com,แม่สบาย ลอดช่องน้ำตาลข้น,แม่สบาย ลอดช่องน้ำตาลข้น,Lat Phrao District,Cafe,no,Low,0,,,,,openstreetmap,1,+66887859548,เสนานิคม1ซอย42 ,10230,overture (meta),overture:333183e2-c419-4549-b6fa-0383fb023980
raddbar@gmail.com,แรดบาร์ (Raddbar),แรดบาร์ (Raddbar),Lat Phrao District,Bar,no,Low,0,,,,,openstreetmap,1,+66618310145,233 Thanon Satri Witthaya 2,10230,overture (meta),overture:819137f0-22ac-4485-9b11-4bb5d644b901
abbsab.branch.3@gmail.com,แอบแซ่บ สาขา 3,แอบแซ่บ สาขา 3,Lat Phrao District,Restaurant,no,Low,0,,,,,openstreetmap,1,+66805654565,2 ถนน สุคนธสวัสดิ์,10230,overture (meta),overture:dab0ed3e-f08f-47c3-8616-3626c7601b3f
sunflowersfashioncafe@gmail.com,แอ่วบ้านเหลือง,แอ่วบ้านเหลือง,Lat Phrao District,Restaurant,no,Low,0,,,,,openstreetmap,1,+66953595888,595 ถนนโชคชัย 4,10230,openstreetmap,https://www.openstreetmap.org/way/956481304
kobyuwadee@gmail.com,โก โรตีชาชัก ลาดพร้าววังหิน,โก โรตีชาชัก ลาดพร้าววังหิน,Lat Phrao District,Cafe,no,Low,0,,,,,openstreetmap,1,+66829894465,122 ถนนลาดพร้าววังหิน ซอย8-10,10230,overture (meta),overture:f1612e56-0093-4870-b46d-20220df22702
test@gmail.com,โกปี๊ ฮะเฮงฮวด,โกปี๊ ฮะเฮงฮวด,Lat Phrao District,Cafe,no,Low,0,,,,,openstreetmap,1,+66899922282,เลขที่ 57/23 Thanon Sena Nikhom 1,10230,overture (meta),overture:2e7c7267-6d0a-4fff-aaf6-f642e1bd8837
jsudsuang@gmail.com,โก๋เจ๋ ข้าวมันไก่,โก๋เจ๋ ข้าวมันไก่,Lat Phrao District,Restaurant,no,Low,0,,,,,openstreetmap,1,+66842659428,โชคชัย4 ,10230,overture (meta),overture:652e0567-dbfd-4e19-bbba-6b3c7b3a87d1
jbk.bangkok@gmail.com,โจ๊กบางกอก Est.2003,โจ๊กบางกอก Est.2003,Lat Phrao District,Restaurant,no,Low,0,,,,,openstreetmap,1,+6629310856,ลาดพร้าววังหิน,10230,overture (meta),overture:29dacf5a-b858-4754-80a8-a050559490ed
jokesodsai@gmail.com,โจ๊กสดใส,โจ๊กสดใส,Lat Phrao District,Restaurant,no,Low,0,,,,,openstreetmap,1,+66816165672,287 ซ อยู่เจ,10230,overture (meta),overture:765dd396-7522-4b0a-b87e-a4ca6aa59af5
mongkonseekam@gmail.com,โชคมงคล ข้าวต้มกุ๊ย,โชคมงคล ข้าวต้มกุ๊ย,Lat Phrao District,Restaurant,no,Low,0,,,,,openstreetmap,1,+66612322455,74 14 Sukhonthasawat Rd,10230,overture (meta),overture:b72f4f4a-5290-48ae-b601-80fef419e991
tanodbkk2022@gmail.com,โตนด น้ำแข็งไส-ไอศกรีม,โตนด น้ำแข็งไส-ไอศกรีม,Lat Phrao District,Ice cream,no,Low,0,,,,,openstreetmap,1,+66656528822,4/193 Sukhonthasawat Rd,10230,overture (meta),overture:ee2f227d-cfb3-4a76-a196-699e0092fbc4
twd1999.mkt@gmail.com,โรงเบียร์เยอรมันตะวันแดง,โรงเบียร์เยอรมันตะวันแดง,Lat Phrao District,Asian; Thai,no,Low,0,Local,,http://www.tawandang.co.th,,venue website,3,+6629445131,51/199-200 หมู่1 ถนนประดิษฐ์มนูธรรม ลาดพร้าว,10230,overture (meta),overture:e2ee7781-8a6a-4a6d-9800-56443610cfe1
chanawan.aoy@gmail.com,โรตีหญิงอ้อย,โรตีหญิงอ้อย,Lat Phrao District,Takeaway,no,Low,0,,,,,openstreetmap,1,+66964653892,Chok Chai 4,10230,overture (meta),overture:6e2f8cf2-c61b-4fb3-ae4e-5a97de2e6580
sole.esarn.2024@gmail.com,โสเหล่-วังหิน So’Le-Wanghin,โสเหล่-วังหิน So’Le-Wanghin,Lat Phrao District,Asian; Thai,no,Low,0,,,,,openstreetmap,1,+66826242992,13/96 Lat Pla Khao Rd,10230,overture (meta),overture:4c56742b-ba81-4e12-9929-2bf8b46e3a50
thaistreetfood189@gmail.com,ไก่กะทิย่างถ่าน โชคชัยสี่,ไก่กะทิย่างถ่าน โชคชัยสี่,Lat Phrao District,Restaurant,no,Low,0,,,,,openstreetmap,1,+66822969374,189 ซอย สตรีวิทยา 2 แขวง ลาดพร้าว เขตลาดพร้าว กรุงเทพมหานคร 10230,10230,overture (meta),overture:d0df8cad-431a-4723-b9fd-4caf8423897f
gaitodaroi70@gmail.com,ไก่ทอดหน้ากองปราบ,ไก่ทอดหน้ากองปราบ,Lat Phrao District,Takeaway,no,Low,0,,,,,openstreetmap,1,+66840611279,145 ซอย Chok Chai 4 Rd,10230,overture (meta),overture:988cec61-04ed-4df6-8d2f-5c0c655c3494
kaiyokkrok.nakniwat30@gmail.com,ไก่ยกครก สาขาถนนนาคนิวาส30 ลาดพร้าว71,ไก่ยกครก สาขาถนนนาคนิวาส30 ลาดพร้าว71,Lat Phrao District,Restaurant,no,Low,0,,,,,openstreetmap,1,+66963436845,ถนนนาคนิวาส 30 แขวงลาดพร้าว เขตลาดพร้าว ,10230,overture (meta),overture:fab32a19-5091-4894-9b91-d33c9a4d40de
priyanchhkkhunthd@gmail.com,ไก่ย่าง ชัยภูมิ ปากซอยนาควาสซอย7,ไก่ย่าง ชัยภูมิ ปากซอยนาควาสซอย7,Lat Phrao District,Restaurant,no,Low,0,,,,,openstreetmap,1,+66928694200,7/1 ถนน นาคนิวาส,10230,overture (meta),overture:d2c2d867-4410-4f4e-a409-7a30f5867e56
omaru2123@gmail.com,ไก่ย่างเขาสวนกวาง by ตำไทซี๊ดดด,ไก่ย่างเขาสวนกวาง by ตำไทซี๊ดดด,Lat Phrao District,Asian; Thai,no,Low,0,,,,,openstreetmap,1,+66966965056,35 ถนน เสนานิคม 1,10230,overture (meta),overture:d7f568db-9fe1-460c-a068-24c8e88c5b29
kaiwanwanghin@gmail.com,ไข่หวานบ้านซูชิ สาขาวังหิน,ไข่หวานบ้านซูชิ สาขาวังหิน,Lat Phrao District,Asian; Sushi,no,Low,0,,,,,openstreetmap,1,+66886553336,19 ลาดปลาเค้า 4,10230,overture (meta),overture:be0cc8e9-7506-45fd-9d6a-7f2448506b0a
phatsorin.18@icloud.com,ไฉ่หงติ่มซำ 彩虹點心,ไฉ่หงติ่มซำ 彩虹點心,Lat Phrao District,Restaurant,no,Low,0,,,,,openstreetmap,1,+66889461799,พลาซ่า ลากูน -ลาดพร้าววังหิน,10230,overture (meta),overture:5ea632f0-eaa1-4d03-bac4-9053cb1a94f4
daikiya199@gmail.com,ไดกิยะ,ไดกิยะ,Lat Phrao District,Asian; Japanese,no,Low,0,,,,,openstreetmap,1,+66909190199,290 ปาก Nak Niwat 32,10230,overture (meta),overture:f5d42be8-f3b8-4ad7-bb1e-242e7441d9ae
wimonsri.xyooj@gmail.com,ไม่แพงแกง 10 บาท ข้าวตักไม่อั้น โชคชัย4,ไม่แพงแกง 10 บาท ข้าวตักไม่อั้น โชคชัย4,Lat Phrao District,Restaurant,no,Low,0,,,,,openstreetmap,1,+66979951788,7/271 Chok Chai 4 Rd,10230,overture (meta),overture:77f8bffb-1092-427b-b665-4e7734ab391a
iottoscooter@gmail.com,ไอ ออตโต้ สกู๊ตเตอร์ - i otto scooter,ไอ ออตโต้ สกู๊ตเตอร์ - i otto scooter,Lat Phrao District,Cafe,no,Low,0,,,,,openstreetmap,1,+66839138585,34/69 ถนน โชคชัย 4,10230,overture (meta),overture:4d537ebf-7251-4e46-9ad5-32dcdf5436f6
icrepes@hotmail.com,ไอ เครป,ไอ เครป,Lat Phrao District,Restaurant,no,Low,0,,,,,openstreetmap,1,+66838992479,Prasert-Manukit Rd,10230,overture (meta),overture:2524d8c3-ba40-4bb9-b4ba-a24dc82c7b40
