email,name,name_local,district,categories,english,english_priority,english_score,site_language,why,website,other_emails,email_source,locations,phone,address,postcode,source,osm_url
tangkunpanis_p@yahoo.com,KRAFT,,Mueang Pathum Thani District,Breakfast,yes,High,6,English,website in English; Western food (Breakfast); English/Latin-script name,https://www.kraftheinz.com/,,openstreetmap,1,+66815159206,เอกอุดร 2,12000,overture (meta),overture:407224e4-e3a5-48b9-8d77-53b5e7216ff7
selongbrunch@gmail.com,เซล้องBRUNCH (Selong Brunch),เซล้องBRUNCH (Selong Brunch),Mueang Pathum Thani District,Breakfast,yes,High,5,English,website in English; Western food (Breakfast),https://lin.ee/VNaS9IT,,openstreetmap,1,+66813080749,"ตลาดราชพฤกษ์ เมืองเอก ร้าน Selong brunch ห้อง D10,C10 ถนน เอกทักษิณ",12130,overture (meta),overture:a0dd70da-d463-4191-9442-77b58759f7cc
factory@asianpharma.co.th,Asian Pharmaceutical,,Mueang Pathum Thani District,Asian,yes,High,4,English,website in English; English/Latin-script name,http://www.asianpharma.co.th/,info@asianpharma.co.th,openstreetmap,1,+6621173999,199 ม.5 ถ.ติวานนท์ ต.บางกะดี ,12000,overture (meta),overture:9043d3d6-dd99-4518-9ccd-bc3cd1775985
asiatjigroup@gmail.com,BENWU Grill,,Mueang Pathum Thani District,Restaurant,yes,High,4,English,website in English; English/Latin-script name,https://asiatjigroup.wixsite.com/asiatjigroup/shop?page=4,,venue website,1,+66972937999,rangsit,,overture (meta),overture:a150971e-506e-4ea5-bcb7-0a73e3a293ef
choice011124@gmail.com,Choice Chinese Grill House,,Mueang Pathum Thani District,Chinese,yes,High,4,English,website in English; English/Latin-script name,https://drive.google.com/drive/folders/1-vtcd2E2Zc6lQWdDWq474lwbE4BsSiWR?usp=sharing,,openstreetmap,1,+66994708398," ของตึกชิยะ, C101 - C106 ชั้นที่ 1, Mueang Pathum Thani District",12000,overture (meta),overture:aeeb51f8-1522-4c3f-9ee4-0419729da0be
collatea.rsu@gmail.com,Colla Tea,,Mueang Pathum Thani District,Restaurant,yes,High,4,English,website in English; English/Latin-script name,https://anyflip.com/fqcvq/kkai/,support@anyflip.com,openstreetmap,1,+66646394610,"หอพักแวนด้าเพลส, 195 Ek Prachim Rd",12000,overture (meta),overture:2c969369-7ae4-4480-90b2-58f1be80d4e3
jananya_b@hotmail.com,Doi Chaang Coffee,,Mueang Pathum Thani District,Cafe,yes,High,4,English,website in English; English/Latin-script name,https://lin.ee/zXjhP5Q,,openstreetmap,1,+6629639991,Tiwanond Rd. ,12000,overture (meta),overture:4b03a0a6-0584-4a58-824c-3e241dedbd6a
hanoicorner@siamthaison.com,Hanoi Corner Muang Ake,,Mueang Pathum Thani District,Asian,yes,High,4,English,website in English; English/Latin-script name,https://hanoi-corner.com/,,openstreetmap,1,+66618181886,115/559 ถนน หมู่บ้านเมืองประชา 2,12000,overture (meta),overture:0ce2914c-5010-4af4-a48f-69e92319d9c7
alexkolinz@gmail.com,KiKi Robo Cafe,,Mueang Pathum Thani District,Cafe,yes,High,4,English,website in English; English/Latin-script name,http://alfarobotics.ru/en/,,openstreetmap,1,+66808717607,"Progress Villa 81/9 Rangsit-Pathum Thani Rd, Ban Klang, Mueang Phatum Thani, Thailand",12000,overture (meta),overture:dfc29203-0405-4626-a032-054d71e0b4ea
inco9nitocafe@gmail.com,MAS. RangSit Uni.,,Mueang Pathum Thani District,Cafe,yes,High,4,English,website in English; English/Latin-script name,https://lin.ee/VOSK1fx,,openstreetmap,1,+66917144654,"52/142,6 หมู่ 7, หลังตึก3, ประตูทางออก3",12000,overture (meta),overture:65151cbb-7259-41da-8133-bec04d9c9f30
okashi.cafe345@gmail.com,Okashi Cat Cafe,,Mueang Pathum Thani District,Cafe,yes,High,4,English,website in English; English/Latin-script name,http://bio.link/okashicat,,openstreetmap,1,+66951188819,307,12000,overture (meta),overture:06d68914-eeaf-466e-a8f7-2f51d741a4c6
neunghp@gmail.com,SISTERS Delivery,,Mueang Pathum Thani District,Restaurant,yes,High,4,English,website in English; English/Latin-script name,https://shop.line.me/@793twzqn,,openstreetmap,1,+66800929989,329/11 S-Avenue หน้าหมู่บ้านศุภาลัยวิลล์ กรุงเทพ ซ. วัดหนองปรง,12000,overture (meta),overture:b89b5dd3-2e04-43c3-a74c-abfe1e0a7118
new_business@taiun.com,Taiun,,Mueang Pathum Thani District,Asian; Thai,yes,High,4,English,website in English; English/Latin-script name,http://www.taiun.com,,venue website,1,+662184980711,"70 หมู่ที่ 4, ถนนสายซ่อมสร้าง",12000,overture (meta),overture:ea869af7-87fe-43c6-8462-d7617e75d75e
alekshousebkk@gmail.com,Alek's House,,Mueang Pathum Thani District,Italian,yes,Medium,3,,Western food (Italian); English/Latin-script name,,,openstreetmap,1,+66828295885,134/3 Moo 4 Tambon Bangduar,12000,overture (meta),overture:fd2dc1a6-1914-4ba1-87e7-cf44e8d6f840
ilsole.italian@gmail.com,Il Sole Italian Restaurant and Pizzeria,,Mueang Pathum Thani District,Italian; Pizza,yes,Medium,3,,"Western food (Italian, Pizza); English/Latin-script name",,,openstreetmap,1,+66800571255,"เลขที่ 27/6, หมู่ที่ 3, ตำบลบางพูน",12000,overture (meta),overture:9c7a68b4-23b0-4e2a-9d65-d03037a94c37
meetorygarden@gmail.com,Meetory Bistro and Garden,,Mueang Pathum Thani District,French,yes,Medium,3,,Western food (French); English/Latin-script name,,,openstreetmap,1,+66935553938,กรุงเทพ-ปทุม,<<not-applicable>>,overture (meta),overture:1c40ad23-2268-4596-9300-c6d3739e8c19
aphungpg@gmail.com,Rim coffee and bistro,,Mueang Pathum Thani District,French,yes,Medium,3,,Western food (French); English/Latin-script name,,,openstreetmap,1,+66895423559,10/5 ซ. 10,12000,overture (meta),overture:828749d9-b687-45ad-8d65-5f05717c9938
marketing.cvp@hotmail.com,Roscela,,Mueang Pathum Thani District,Cafe,yes,Medium,3,Bilingual,website has English; English/Latin-script name,http://www.roscela.com/,,openstreetmap,1,+6625929200,"25/2 Moo 4, Lakhok, Mueang",12000,overture (meta),overture:f32173bd-14d4-45ab-a830-ee7b5ca0ca04
rsuvistarest@gmail.com,RSU Vista Restaurant,,Mueang Pathum Thani District,Asian; Thai,yes,Medium,3,Bilingual,website has English; English/Latin-script name,http://www.rsuvistagolf.com/,rsuvistagolfcourse@gmail.com,openstreetmap,1,+66955657847,RSU Vista Golf Course,12000,overture (meta),overture:9bf142f7-f0a5-4573-8f6f-8251128027d3
siiri.cafeandbistro@gmail.com,Siiri cafe and bistro,,Mueang Pathum Thani District,French,yes,Medium,3,,Western food (French); English/Latin-script name,,,openstreetmap,1,+66926546403,70 หมู่บ้านปัญชลีวิลล์ ถนน ปทุมธานีเฉลิมพระเกียรติ 44 Phet Pathum Community Soi 2,12000,overture (meta),overture:fe08ec26-3779-4509-bb21-23e5aa5a1f09
nitta_tuey@hotmail.com,The Steak,,Mueang Pathum Thani District,Steak,yes,Medium,3,,Western food (Steak); English/Latin-script name,,,openstreetmap,1,+66996293691,27/3 ถ.พัฒนสัมพันธ์,12000,overture (meta),overture:45778eb7-aff8-4c2d-bf9c-2e59fe46a5e2
roots_tone@yahoo.com,This One - 345,,Mueang Pathum Thani District,Italian,yes,Medium,3,,Western food (Italian); English/Latin-script name,,,openstreetmap,1,+66626644698,345 Rd,,overture (meta),overture:04459698-4cbb-48a8-85e9-f268fc08014e
tot_dd@hotmail.com,TMD : Todd Meat D,,Mueang Pathum Thani District,Steak,yes,Medium,3,,Western food (Steak); English/Latin-script name,,,openstreetmap,1,+66819591591,59/1,12000,overture (meta),overture:993aa416-75a8-4d3b-902a-4236a6af41fb
yupin.mala01@gmail.com,Yupin Hotpot (ยุพินหม่าล่า),Yupin Hotpot (ยุพินหม่าล่า),Mueang Pathum Thani District,Asian; Japanese,yes,Medium,3,English,website in English,https://openlink.co/yupinhotpot,,openstreetmap,1,+66655746322,4/22,12000,overture (meta),overture:fee0d06a-66b2-42b9-9ff4-a7c8e9140f5d
goongkaeww@gmail.com,กุ้งแก้วแช่น้ำปลา,กุ้งแก้วแช่น้ำปลา,Mueang Pathum Thani District,Restaurant,yes,Medium,3,English,website in English,https://lin.ee/faKeXW4,,openstreetmap,1,+66614142445,ตลาดสัมมากรเมืองเอก ม.รังสิต,12000,overture (meta),overture:f832b62e-55eb-4619-813c-152a13ddb9ce
muthitasamana4567@gmail.com,ก๋วยเตี๋ยวโฮเด้งโกเด้งบางพูน,ก๋วยเตี๋ยวโฮเด้งโกเด้งบางพูน,Mueang Pathum Thani District,Restaurant,yes,Medium,3,English,website in English,https://muthitasamana4567.wixsite.com/-site,,openstreetmap,1,+66839492908,อยู่ข้างโรงแรมไนซ์อินน์ก่อนทางเข้าเมืองเอก,12000,overture (meta),overture:6c9db939-44e6-4f57-893e-6d7f1919711a
kamonrat.pray@gmail.com,ของหวาน Khangwaan ม.รังสิต,ของหวาน Khangwaan ม.รังสิต,Mueang Pathum Thani District,Bakery,yes,Medium,3,English,website in English,http://m.me/106803197672555,,openstreetmap,1,+66885623556,52/495 เอกเจริญ 5,12000,overture (meta),overture:f7a42839-48b1-4a0e-86ed-ee3c409abe68
khaosoisaiauaplus@gmail.com,ข้าวซอยไส้อั่วพลัส,ข้าวซอยไส้อั่วพลัส,Mueang Pathum Thani District,Restaurant,yes,Medium,3,English,website in English,https://sites.google.com/view/khaosoiplus/index?authuser=8,,openstreetmap,1,+66835388216,"51, 030",12000,overture (meta),overture:10250495-2c76-410a-b537-5a45a539b0a4
aofsomchan@gmail.com,ครัวแม่ลิน,ครัวแม่ลิน,Mueang Pathum Thani District,Restaurant,yes,Medium,3,English,website in English,https://openlink.co/aofontour,,openstreetmap,1,+66618705642,2 ถนน วัดบางกระดี,12000,overture (meta),overture:b6353127-4aa3-49ad-a40b-f8f6143d6836
naracafe2351@gmail.com,ณาราคาเฟ่,ณาราคาเฟ่,Mueang Pathum Thani District,Restaurant,yes,Medium,3,English,website in English,https://lin.ee/mMAhW8O,,openstreetmap,1,+66952392351,Hwy 345 Frontage Rd,12000,overture (meta),overture:960baae1-b9e5-4a9f-a1c9-be9a3743862e
opcnwc@gmail.com,หมีกินไก่,หมีกินไก่,Mueang Pathum Thani District,Restaurant,yes,Medium,3,English,website in English,https://share.google/7aM1nTYjGEIVZ5tyh,,openstreetmap,1,+66651916564,ตลาดสัมมากร​ เมืองเอก​ ล๊อค​ F32,12000,overture (meta),overture:92da7789-bac1-4a0b-9ac1-4e056d1c600a
dong444466@gmail.com,โด่ง ดัง เเซ่บเเซ่บ นัว,โด่ง ดัง เเซ่บเเซ่บ นัว,Mueang Pathum Thani District,Asian; Thai,yes,Medium,3,English,website in English,https://static.robinhood.in.th/share_link.html?utm_source=consumerapp&utm_medium=sharefavshopbutton&utm_campaign=sharefavshop&utm_content=294520&URI=robinhoodth%3A%2F%2Fmerchantlanding%2Fid%2F294520,,openstreetmap,1,+66909122288,เทศบำรุง,,overture (meta),overture:8518d4cd-b115-4d28-98d9-a6a73fd15161
tookonegroup@gmail.com,Fat Maison (แฟต เมซอง),Fat Maison (แฟต เมซอง),Mueang Pathum Thani District,Breakfast,no,Medium,2,,Western food (Breakfast),,,openstreetmap,1,+66996899739,"456, โครงการ The loop รังสิต",12000,overture (meta),overture:132531fe-fbd7-4129-8e05-2361dfe1a741
steaktong@gmail.com,Hipster Steak สาขานาวง-ม.รังสิต,Hipster Steak สาขานาวง-ม.รังสิต,Mueang Pathum Thani District,Steak,no,Medium,2,,Western food (Steak),,,openstreetmap,1,+66889164645,66 ถนน นาวงประชาพัฒนา,12000,overture (meta),overture:4f6a133f-0f6a-407e-856f-2762de92b59c
pubatefc@gmail.com,HipsterSteak สาขา ม.รังสิต,HipsterSteak สาขา ม.รังสิต,Mueang Pathum Thani District,Steak,no,Medium,2,,Western food (Steak),,,openstreetmap,1,+66927089994,51 56 Thanon Ek Thaksin,12000,overture (meta),overture:1748f884-f722-45a4-86b2-b48b26f251be
supachai.wi@gmail.com,The Singing Leaf ใบไม้ขับขาน – คาเฟ่ กาแฟ ต้นไม้ (Garden & Coffee),The Singing Leaf ใบไม้ขับขาน – คาเฟ่ กาแฟ ต้นไม้ (Garden & Coffee),Mueang Pathum Thani District,Cafe,no,Medium,2,Bilingual,website has English,https://singingleafcafe.com/,,openstreetmap,1,+66917750586,ตลาดต้นไม้ปทุมธานี (ใน ปั้ม ปตท. บางเดื่อ ) E16 99 หมู่ 5 ถ.นนทบุรี-ปทุมธานี,12000,overture (meta),overture:87bf51fa-669d-4ec5-8a41-17aacc6f18b0
kunangmuangake@gmail.com,กันเอง เมืองเอก,กันเอง เมืองเอก,Mueang Pathum Thani District,BBQ,no,Medium,2,,Western food (BBQ),,,openstreetmap,1,+66801041136,33 ถนน เอกทักษิณ,12000,overture (meta),overture:e44ff5fc-69e4-4f9f-b363-0d4dfe55b7a0
panom1@gmail.com,นิไบดา,นิไบดา,Mueang Pathum Thani District,Cafe,no,Medium,2,Bilingual,website has English,https://panom1.wordpress.com/,,openstreetmap,1,+66860959000,"55/53 Th1, 345",12000,overture (meta),overture:ef4985d7-9beb-4e1e-97a2-f48071cbcf7a
bantasburger.mt@gmail.com,บ้านทาส Burger,บ้านทาส Burger,Mueang Pathum Thani District,Burger; Steak,no,Medium,2,,"Western food (Burger, Steak)",,,openstreetmap,1,+66619163549,รังสิต-ปทุมธานี,12000,overture (meta),overture:584b2b1e-bc3f-49aa-a1ae-0453c50f670f
prachaya1992555@gmail.com,บ้านสเต๊ก By The one steak,บ้านสเต๊ก By The one steak,Mueang Pathum Thani District,Steak,no,Medium,2,,Western food (Steak),,,openstreetmap,1,+66633678367,346,12140,overture (meta),overture:ad0dfb5c-7fa6-4247-9cb0-53743359e789
info@phrikkhuakapihom.com,พริกคั่วกะปิหอม เดอะไนน์,พริกคั่วกะปิหอม เดอะไนน์,Mueang Pathum Thani District,Asian; Thai,no,Medium,2,Bilingual,website has English,https://www.phrikkhuakapihom.com/,,openstreetmap,1,+66893916462,"84, 21 Bangkutee Tong Rd",12000,overture (meta),overture:e9a747ff-1ad2-4c02-8ed6-c7afc25ed123
puripume2551@gmail.com,ภ.สเต็ก,ภ.สเต็ก,Mueang Pathum Thani District,Steak,no,Medium,2,,Western food (Steak),,,openstreetmap,1,+66997834152,Liap Khlong Prapa Rd,12000,overture (meta),overture:854f6b15-c352-4ee1-81e7-61ca3ea53f5a
info@lannacafe.org,ร้าน Lann Cafe,ร้าน Lann Cafe,Mueang Pathum Thani District,Cafe,no,Medium,2,Bilingual,website has English,http://www.lannacafe.org,lannacafe@lannacafe.org; lannacafe.social@gmail.com,venue website,1,+66819857746,29/9 Phatthana Samphan Rd,12000,overture (meta),overture:07229609-2d6a-4e97-ac2d-fa199576bbe9
oshaproducts6969@gmail.com,ลุงใจดีมีอาหารอร่อย - Bistro 69,ลุงใจดีมีอาหารอร่อย - Bistro 69,Mueang Pathum Thani District,French,no,Medium,2,,Western food (French),,,openstreetmap,1,+66825461996,Bistro 69,12000,overture (meta),overture:348bab25-1790-46fe-8870-2f0d1b621227
lunapizza3366@gmail.com,ลูน่าพิซซ่า (เมืองปทุม) Luna Pizza,ลูน่าพิซซ่า (เมืองปทุม) Luna Pizza,Mueang Pathum Thani District,Pizza,no,Medium,2,,Western food (Pizza),,,openstreetmap,1,+66959592234,"4, นิวริช อพาร์ตเมนต์, 9 Phatthana Samphan Rd",12000,overture (meta),overture:6e3091af-5ad2-4a91-ba39-b528c8e1372c
steakkonkangchaeng@hotmail.com,"สเต็กฅน '' กาง "" แจ้ง  ขายทุกอย่าง","สเต็กฅน '' กาง "" แจ้ง  ขายทุกอย่าง",Mueang Pathum Thani District,Steak,no,Medium,2,,Western food (Steak),,,openstreetmap,1,+66986539696,1 ถนน รังสิต-นครนายก,12130,overture (meta),overture:2d8c4794-6d31-49bf-9933-6cb25aba8fd7
pvpoonsup@hotmail.com,สเต็กลุงหนวด พูนทรัพย์,สเต็กลุงหนวด พูนทรัพย์,Mueang Pathum Thani District,Steak,no,Medium,2,Local,Western food (Steak),http://www.poonsup.com/,,venue website,1,+66813629735,ถนน ติวานนท์,12000,overture (meta),overture:2798fa9b-4bb3-4fdc-bc9e-b43ab1a0582d
darktempa007@gmail.com,สเต็กเด็กแนว,สเต็กเด็กแนว,Mueang Pathum Thani District,Steak,no,Medium,2,,Western food (Steak),,,openstreetmap,1,+66925206478,อาคาร1 ห้อง107 หอพักสุขสบายอพาร์ตเม้นท์ หมู่7 เลขที่ 52/245,12000,overture (meta),overture:57b81bf7-f604-4938-b55c-4ea299707773
yamayung14@gmail.com,สเต็กเด็กแนว By Mr.Tom,สเต็กเด็กแนว By Mr.Tom,Mueang Pathum Thani District,Steak,no,Medium,2,,Western food (Steak),,,openstreetmap,1,+66830998315,170/226 ซ.20 มบ.ภัสสร26 ต.บางคูวัก อ.เมือง จ ปทุมธานี 12000,12000\n,overture (meta),overture:8ecf0914-d20a-470b-a592-78ccd31fe7cd
kraiwit.krachu@gmail.com,เบอร์เกอร์ พี่หมีเมืองเอก,เบอร์เกอร์ พี่หมีเมืองเอก,Mueang Pathum Thani District,Burger,no,Medium,2,,Western food (Burger),,,openstreetmap,1,+66820045232,คอนโดเมืองเอก มอรังสิต,12130,overture (meta),overture:cc77c47d-24db-4e84-b516-123b1fde1352
panudecha@yahoo.co.th,春配蘸酱 ชุมแพเนื้อกะทะ - แจ่วฮ้อน สาขาม.กรุงเทพ,春配蘸酱 ชุมแพเนื้อกะทะ - แจ่วฮ้อน สาขาม.กรุงเทพ,Mueang Pathum Thani District,BBQ,no,Medium,2,,Western food (BBQ),,,openstreetmap,1,+66814559651,37/161 หมู่6 ต.คลองหนึ่ง อ.คลองหลวง จ.ปทุมธานี 12120 ,12000,overture (meta),overture:303888cc-da99-4a06-b8fa-a933c8a9f767
kamsane99@gmail.com,00000,,Mueang Pathum Thani District,Restaurant,no,Low,1,,English/Latin-script name,https://sainoms.com/,,openstreetmap,1,,,,overture (meta),overture:5ba2f658-84d4-4d53-b45f-717cca0ee0d8
basketbuay09@gmail.com,1986.Slow bar coffee moka pot,,Mueang Pathum Thani District,Cafe,no,Low,1,,English/Latin-script name,,,openstreetmap,1,+66863443659,,,overture (meta),overture:e322092b-dd30-4903-87bf-f715c765ff67
ahcrforwork@gmail.com,AHHH HA Coffee Roasters,,Mueang Pathum Thani District,Cafe,no,Low,1,,English/Latin-script name,,,openstreetmap,1,+66849947715,52/365 หมู่บ้านเมืองเอกโครงการ 4,12000,overture (meta),overture:1bb28658-ecd0-4f13-bd01-f850d3b2bab2
all.times112018@gmail.com,All Time Cafe,,Mueang Pathum Thani District,Cafe,no,Low,1,,English/Latin-script name,,,openstreetmap,1,+66955376064,52/383 Moo.7,12000,overture (meta),overture:c2680ea5-27da-4d61-aa16-fc8deee6685f
anyowlanyminute@gmail.com,Any Owl Any Minute Coffee Roaster,,Mueang Pathum Thani District,Cafe,no,Low,1,,English/Latin-script name,,,openstreetmap,1,+66858377873,เมืองเอก Phahonyothin Rd,12000,overture (meta),overture:d095cbb5-d80e-4b0e-b27d-154a699a9897
klaisuban888@gmail.com,Area 27 Coffee Moka,,Mueang Pathum Thani District,Cafe,no,Low,1,,English/Latin-script name,,,openstreetmap,1,+66889591781,"บางพูน, ปทุมธานี, ประเทศไทย",12000,overture (meta),overture:d7b22cc8-216e-4602-971c-4515240157cb
auntiesgardencafe@gmail.com,Auntie's Garden Cafe and Restaurant,,Mueang Pathum Thani District,Restaurant,no,Low,1,,English/Latin-script name,,,openstreetmap,1,+66914266595,"8, หมู่ที่ 3",12000,overture (meta),overture:200279da-e617-4024-b4d0-ea38c51188d5
jirayoo1633@hotmail.com,Aurora House Café,,Mueang Pathum Thani District,Cafe,no,Low,1,,English/Latin-script name,,,openstreetmap,1,+66810863256,"52, 563 ซอย 7",12000,overture (meta),overture:17ab66dd-4d26-4086-9b00-062529ca3dac
avalyn.coffee@gmail.com,Avalyn Coffee and More,,Mueang Pathum Thani District,Cafe,no,Low,1,,English/Latin-script name,,,openstreetmap,1,+66968804498,99 99,12000,overture (meta),overture:31538df4-0ced-4b77-a395-851d9271b27e
key.sutha@gmail.com,BAAN BAAN Bakery,,Mueang Pathum Thani District,Bakery,no,Low,1,,English/Latin-script name,,,openstreetmap,1,+66985465361,ตลาดสัมมากร เมืองเอก,,overture (meta),overture:30698e85-1614-49a3-afcc-25dab274eaa0
thebananaza@gmail.com,BananaCoffeeShop,,Mueang Pathum Thani District,Cafe,no,Low,1,,English/Latin-script name,,,openstreetmap,1,+66832593644,115/921,12000,overture (meta),overture:78da49ab-34e1-4b43-849d-625fbd851500
u.peerapong@gmail.com,Banlang Baker,,Mueang Pathum Thani District,Bakery,no,Low,1,,English/Latin-script name,,,openstreetmap,1,+66961810483,"55, 32 ตำบล",12000,overture (meta),overture:92d0e202-02b7-4bd9-8625-01ddb1e66846
birdiesandbooze@gmail.com,Birdies and Booze,,Mueang Pathum Thani District,Restaurant,no,Low,1,,English/Latin-script name,,,openstreetmap,1,+66838461614,ถึง!ยินดีต้อนรับสู่คลิปบอร์ดของ Gboard ข้อความที่คุณคัดลอกจะบันทึกไว้ที่นี่ เดอะไนน์ Tiwanon Rd,12000,overture (meta),overture:a14a6789-3f1e-4541-9bcf-4f76c44bbbe0
memberservices_thailand@herbalife.com,BK Club,,Mueang Pathum Thani District,Cafe,no,Low,1,Local,English/Latin-script name,https://okfitnow.goherbalife.com/,,venue website,1,+66863354767,16 Wat Pa Klang Thung Alley,12000,overture (meta),overture:f4ddc596-daeb-4c2b-9a2f-6d55b4b9b91c
studioboonboon.official@gmail.com,Boon Cafe and Plum Bar,,Mueang Pathum Thani District,Cafe,no,Low,1,,English/Latin-script name,,,openstreetmap,1,+66619649662,"Parichart Village Soi B3,  Tambon Bang Khu Wat",12000,overture (meta),overture:da108894-21c6-4311-b42c-0976b8baf396
patompon73com22@gmail.com,Bubble milk tea,,Mueang Pathum Thani District,Restaurant,no,Low,1,,English/Latin-script name,,,openstreetmap,1,+66843513656,DMK Airport Terminal 2,12000,overture (meta),overture:f78c66ca-4ea4-4385-b11f-444339611eae
buttercof.228@gmail.com,Butter.cof,,Mueang Pathum Thani District,Cafe,no,Low,1,,English/Latin-script name,,,openstreetmap,1,+66802696942,13.9647187  100.5965887,12000,overture (meta),overture:c2056c17-4b9f-4039-b098-549493c8f998
grandvillecoffee2517@gmail.com,Cafe Amazon,,Mueang Pathum Thani District,Cafe,no,Low,1,Local,English/Latin-script name,http://www.cafe-amazon.com/,,openstreetmap,1,+66819915639,121 หมู่3 ต.บ้านฉาง อ.เมือง,12000,overture (meta),overture:48900bc7-17de-46e8-8128-7e07d9833d4c
b.supak2002@gmail.com,Café Amazon,,Mueang Pathum Thani District,Cafe,no,Low,1,Local,English/Latin-script name,https://cafe-amazon.com/,,openstreetmap,1,+66986690939,99 ม.4 ต.บ้านใหม่,12000,overture (meta),overture:4c938b9a-db95-475b-8192-9986f68c561c
auuhoo2018@gmail.com,CAKE Cupcake,,Mueang Pathum Thani District,Bakery,no,Low,1,,English/Latin-script name,,,openstreetmap,1,+66970571969,อยู่ในปั๊ม ปตท สาขาแยก รร.ปทุมวิไล เลขที่ 38 ถนน ปทุมกรุงเทพ,12000,overture (meta),overture:eb31763b-1dcb-4086-b200-877ee57641a5
campcafeplayground@gmail.com,Camp Cafe x Playground,,Mueang Pathum Thani District,Restaurant,no,Low,1,,English/Latin-script name,,,openstreetmap,1,+66621511515,6 คลองบางเดื่อ,12000,overture (meta),overture:5b784dfd-345f-43af-8864-21108b986cfa
kimburi9@icloud.com,Candy Wash&Dry,,Mueang Pathum Thani District,Cafe,no,Low,1,,English/Latin-script name,,,openstreetmap,1,+66817331591,77 ซอย หนองปรง 2,12000,overture (meta),overture:e593e9d7-a6c5-46f0-83f4-eea9fcaa68b9
chanomcafe8@gmail.com,Cha Nom Cafe,,Mueang Pathum Thani District,Cafe,no,Low,1,,English/Latin-script name,,,openstreetmap,1,+66826314718,601/499,12000,overture (meta),overture:9e28e58c-5325-4533-b412-8ac869bfaf06
charlaw.cof@gmail.com,CharLaw,,Mueang Pathum Thani District,Cafe,no,Low,1,,English/Latin-script name,,,openstreetmap,1,+66622403312,"86 3, Tambon Bang Khu Wat, Mueang Pathum Thani District, Pathum Thani ",12000,overture (meta),overture:86e9ee67-d8b5-4918-b8c1-2aa68bfe53b0
duangdangchot@gmail.com,CHER Storage,,Mueang Pathum Thani District,Cafe,no,Low,1,,English/Latin-script name,,,openstreetmap,1,+66925989908,345,12000​,overture (meta),overture:602718c1-262c-4bb1-811f-9f1e943b8259
cherrylovecafe@gmail.com,Cherry Love's Cafe,,Mueang Pathum Thani District,Cafe,no,Low,1,,English/Latin-script name,,,openstreetmap,1,+66825434858,62 138 ซอย 18,,overture (meta),overture:74ee0bbf-eb4c-46f3-bccd-f2b676dcdccb
duvroww@hotmail.com,Coffeecraft Cafe and Beer,,Mueang Pathum Thani District,Cafe,no,Low,1,,English/Latin-script name,,,openstreetmap,1,+66896767174,Ek Charoen,12000,overture (meta),overture:a99e37f7-f258-41bd-892b-b2d78dad057d
milch_sos@live.com,CoffeeFlavor,,Mueang Pathum Thani District,Cafe,no,Low,1,,English/Latin-script name,,,openstreetmap,1,+66832174604,20/25 Shop ใต้คอน T3 ถ.ป๊อบปูล่าคอนโด ต.บ้านใหม่,11120,overture (meta),overture:560d7d5a-a693-4dae-b180-aa6b317ce001
p.cofflow@gmail.com,Cofflow Cafe,,Mueang Pathum Thani District,Cafe,no,Low,1,,English/Latin-script name,,,openstreetmap,1,+66970060999,51/95 ถนน เมืองเอก,12000,overture (meta),overture:111762bb-39dd-490d-9960-4ec6fb606899
creamofthekoff@gmail.com,COK Cream of The Koff,,Mueang Pathum Thani District,Cafe,no,Low,1,,English/Latin-script name,,,openstreetmap,1,+66841418664,Thanon Ek Thaksin,12000,overture (meta),overture:b05a78a0-ee0e-4d36-b3ec-b0e2fc41808d
pimchax2307@gmail.com,Coop Coffee and Stuff,,Mueang Pathum Thani District,Cafe,no,Low,1,,English/Latin-script name,,,openstreetmap,1,+66932699363,EK THAKSIN 4,12000,overture (meta),overture:3eea7c69-4449-49bb-890a-19146e212ba4
cozyhaus.cafe@gmail.com,cozy haus cafe,,Mueang Pathum Thani District,Cafe,no,Low,1,,English/Latin-script name,,,openstreetmap,1,+66981156395,หจก.สวีทโปเตโต้,12000,overture (meta),overture:0aecfc9d-cd75-4503-b57e-71067b3bbfdf
craftsman.rangsit@gmail.com,Craftsman Rangsit,,Mueang Pathum Thani District,Bar,no,Low,1,,English/Latin-script name,,,openstreetmap,1,+66811944701,Ek Thaksin 2 Alley,12000,overture (meta),overture:21d69faa-b1ca-41e6-a2d5-7c31b0c5f917
crustcroissantofficial@gmail.com,Crust Croissant,,Mueang Pathum Thani District,Cafe,no,Low,1,,English/Latin-script name,,,openstreetmap,1,,หมู่ 2 ซอยวัดมะขาม ต.บ้านกลาง อ.เมืองปทุมธานี จ.ปทุมธานี ,12000,overture (meta),overture:158cd245-626c-4778-9915-e70d1e791d0a
sarinthip.sangsuwan@gmail.com,Decons Cafe',,Mueang Pathum Thani District,Cafe,no,Low,1,,English/Latin-script name,,,openstreetmap,1,+66863860934,ม.รังสิต ตึก19 คณะสถาปัตยกรรมศาสตร์,12000,overture (meta),overture:68e8ede2-e678-4492-9191-1dab39ecf1cb
nluangon@hotmail.com,DK Power Clean,,Mueang Pathum Thani District,Cafe,no,Low,1,,English/Latin-script name,,,openstreetmap,1,+66972517270,22/1 หมู่ที่ 2,12000,overture (meta),overture:b3128b3a-988c-4e1b-921e-301f5b8e2d12
peetawan_ajantabo@hotmail.com,Earth of sweet cafe,,Mueang Pathum Thani District,Cafe,no,Low,1,,English/Latin-script name,,,openstreetmap,1,+66859818519,10/47 พฤษาวิวล์111,12000,overture (meta),overture:937738ec-9366-47fe-83bf-e3b1f8f10517
freshfruitrangsit@gmail.com,Fresh Fruit Rangsit,,Mueang Pathum Thani District,Restaurant,no,Low,1,,English/Latin-script name,,,openstreetmap,1,+66951399017,48/6 ม.1 ต.บ้านกลาง อ.เมืองปทุมธานี จ.ปทุมธานี,12000,overture (meta),overture:cfad0679-36e6-47fa-b7f5-e2034dc8d2c3
friendly.fruitscafe@gmail.com,Friendly Fruits Cafe,,Mueang Pathum Thani District,Restaurant,no,Low,1,,English/Latin-script name,,,openstreetmap,1,+66643264916,51/95 ถนน เมืองเอก,12000,overture (meta),overture:678a3df2-7a1d-4cab-b604-b0eb1b81bb36
camerakung_vespa_@hotmail.com,Fukuro Yakiniku,,Mueang Pathum Thani District,Asian; Japanese,no,Low,1,,English/Latin-script name,,,openstreetmap,1,+66981926624,"ตำ, โครงการ 52/497 หมู่บ้านเมืองเอก Soi 4",12000,overture (meta),overture:298e167c-0c04-465c-9f59-c31f351076b4
gcraftcoffee@gmail.com,G Craft Coffee,,Mueang Pathum Thani District,Cafe,no,Low,1,,English/Latin-script name,,,openstreetmap,1,+66814263242,194/78 หมู่ 2 หมู่บ้านวิลล่าเจ้าพระยา,12000,overture (meta),overture:4dbeaaaf-d3f8-4365-afa0-3d9ad3601012
gambleglamping2022@gmail.com,Gamble Glamping,,Mueang Pathum Thani District,Cafe,no,Low,1,,English/Latin-script name,,,openstreetmap,1,+66889136843,33 หมู่ 5 Tiwanon Rd,12000,overture (meta),overture:bad71879-fcf3-4d17-bf36-65b9d21fc3f1
greenzonerestaurant@hotmail.com,Greenzone Restaurant & Fishing Park,,Mueang Pathum Thani District,Asian; Seafood; Thai,no,Low,1,,English/Latin-script name,,,openstreetmap,1,+66814202590,,,overture (meta),overture:ce3e231a-bf7e-45f6-9dbb-cb374ddc356e
hideandhigh@gmail.com,Hide&High Club,,Mueang Pathum Thani District,Restaurant,no,Low,1,,English/Latin-script name,,,openstreetmap,1,,"Hide&High, Weed Store 52/454 เอกทักษิณ 7",12120,overture (meta),overture:6421666b-2df2-4de8-bf61-bd8b5d08436d
may.fhay24@gmail.com,HO-O Ramen,,Mueang Pathum Thani District,Asian; Japanese,no,Low,1,,English/Latin-script name,,,openstreetmap,1,+66646755890,"ข้างร้านซักผ้า Otteri กับ หอ Konichiwa, HO-Ō R Ramen, 52/198-3 ถนน ซ. เอกประจิม 2/2",12000,overture (meta),overture:c18f1f63-5347-46b3-bf64-8e8985f7daa2
siripronkook611@gmail.com,Hop Chafe,,Mueang Pathum Thani District,Restaurant,no,Low,1,,English/Latin-script name,,,openstreetmap,1,+66812922381,64 2,12000,overture (meta),overture:cc84f605-265e-45f6-9128-23dbfef97c8f
sakdaideacoffee@gmail.com,Idea Coffee,,Mueang Pathum Thani District,Cafe,no,Low,1,,English/Latin-script name,,,openstreetmap,1,+66642545982,เลขที่177/344 Na Wong Pracha Patthana Rd,10210,overture (meta),overture:f9d8e9e0-b8f4-43cb-96ae-ea28b77476a9
jamiecafe.coworkingspace@gmail.com,Jamie Cafe,,Mueang Pathum Thani District,Cafe,no,Low,1,,English/Latin-script name,,,openstreetmap,1,+66956652880,88 Soi 8,12000,overture (meta),overture:cadf3a28-e3c9-4f58-8cd9-5b7442d45109
mathasitchaisy@gmail.com,Jimmy Coffee Manual Espresso,,Mueang Pathum Thani District,Restaurant,no,Low,1,,English/Latin-script name,,,openstreetmap,1,+66654794242,203/315 หมู่บ้าน นาวงวิลล่า Na Wong Pracha Patthana Rd,12000,overture (meta),overture:3c05ee41-d7ef-4e6a-875b-99fd3b92c7b6
kafela.th@gmail.com,Kafela Hermitage,,Mueang Pathum Thani District,Cafe,no,Low,1,,English/Latin-script name,,,openstreetmap,1,+66892039976,"52, 058 หมู่7 ถนน เอกทักษิณ",12000,overture (meta),overture:bc087146-4e74-466a-ac92-243f4d3408ea
kaminkubpuu@gmail.com,Kamin-Kub-Puu,,Mueang Pathum Thani District,Asian; Thai,no,Low,1,,English/Latin-script name,,,openstreetmap,1,+66896555552,52/021 ถนน เอกทักษิณ,12000,overture (meta),overture:db01a716-f806-4b3c-b35e-c1cb3df6e066
methawee.r@outlook.com,Kanya Vegetarian Food,,Mueang Pathum Thani District,Restaurant,no,Low,1,,English/Latin-script name,,,openstreetmap,1,+66983399599,209 ม.2 ซ.อารีย์ ถ.ปทุม Pathum Thani-Sai Nai Alley,12000,overture (meta),overture:5eea0c52-1965-42e4-8893-a8a916118cf2
khatacafe@gmail.com,KHATA,,Mueang Pathum Thani District,Cafe,no,Low,1,,English/Latin-script name,,,openstreetmap,1,+66818865188,179 100,12000,overture (meta),overture:c9f18006-f260-4d0d-9b14-2995169df83e
knsbakery8@gmail.com,KNS Bakery,,Mueang Pathum Thani District,Bakery,no,Low,1,,English/Latin-script name,,,openstreetmap,1,+66838727203,หมู่บ้านฉัตรหลวง,12000,overture (meta),overture:caa8be69-75c9-4bf6-ac4f-f82b37e72a08
surasit.tg@gmail.com,La Mae Food & Drink,,Mueang Pathum Thani District,Asian; Thai,no,Low,1,,English/Latin-script name,https://lin.ee/BKAJpWN,,openstreetmap,2,+66926054448,29/15 หมู่1  ถนนรังสิต-ปทุม ตำบลบ้านกลาง อำเภอเมือง,12000,overture (meta),overture:ea1de6a8-28e4-4a4c-b7b6-54da167809e1
lamercafe.th@gmail.com,Lamer Homecraft Cafe,,Mueang Pathum Thani District,Restaurant,no,Low,1,,English/Latin-script name,,,openstreetmap,1,+66838623636,"36, ถ. อิสรภาพ",12000,overture (meta),overture:cf0985be-30c1-49d6-a293-1b4374bc28a8
laphatshome@gmail.com,Laphat's Home Cafe,,Mueang Pathum Thani District,Cafe,no,Low,1,,English/Latin-script name,,,openstreetmap,1,+66985283864,"43, 1 Liap Khlong Prapa Rd",12000,overture (meta),overture:3881aef8-60bb-457e-8b6e-9b3131c46f0c
lilbearkery@gmail.com,Lil Bearkery,,Mueang Pathum Thani District,Bakery,no,Low,1,Local,English/Latin-script name,http://www.lilbearkery.com/,,openstreetmap,1,+66952469551,"55/665 Parichart Ville Soi24, Bangkuuwat, Muang, Pathumthani 12000",11120,overture (meta),overture:e8548453-8439-482e-9f14-4b032a042dad
loafer.coffee@gmail.com,Loafer.coffee,,Mueang Pathum Thani District,Cafe,no,Low,1,,English/Latin-script name,,,openstreetmap,1,+66924956163,,12000,overture (meta),overture:1c63aa94-8d34-4930-a351-1f16a2e00bb7
thelongestdog.coffee@gmail.com,Long Dog,,Mueang Pathum Thani District,Cafe,no,Low,1,,English/Latin-script name,,,openstreetmap,1,+66833031370,52/454 หมู่บ้านเมืองเอก ซ Ek Thaksin 7 Rd,12000,overture (meta),overture:a02b5b50-0395-4536-9c05-645f709f1404
longlaihomecafeandbar@gmail.com,Longlai Home Cafè & Bar,,Mueang Pathum Thani District,Cafe,no,Low,1,,English/Latin-script name,,,openstreetmap,1,+66989466961,ถนน โสภา ตำบล บางปรอก อำเภอ เมือง,12000,overture (meta),overture:a3349608-2522-4868-90c0-9f31d41dadaf
lydianmusicandcafe@gmail.com,Lydian Music & Cafe,,Mueang Pathum Thani District,Cafe,no,Low,1,,English/Latin-script name,,,openstreetmap,1,+66944911449,"889, ต.หลักหก, ถนนเอกทัก 889, หมู่ ที่ 7, ตำบล หลัก หก, Lak Hok, Mueang Pathum Thani, Pathum Thani, 12000, Thailand 12000",12000,overture (meta),overture:856db51a-7675-4b58-bdae-c76e4463efe7
mabrewcraftbeer@gmail.com,Mabrew Craft Beer,,Mueang Pathum Thani District,Restaurant,no,Low,1,,English/Latin-script name,,,openstreetmap,1,,โครงการ345square ตำบล บางคูวัด อำเภอเมืองปทุมธานี ปทุมธานี 12000,12000,overture (meta),overture:a4fe788c-327f-46f7-a125-d84b0725e180
malongcafechill@gmail.com,Malong Cafe & Chill Bar,,Mueang Pathum Thani District,Cafe,no,Low,1,,English/Latin-script name,,,openstreetmap,1,+66840653296,51 075,12000,overture (meta),overture:3ceb35fc-9ab7-4b1b-a924-bafd2c06ac98
mealsth@gmail.com,Meals Restaurant,,Mueang Pathum Thani District,Restaurant,no,Low,1,,English/Latin-script name,,,openstreetmap,1,+66884900499,Unnamed Road,12000,overture (meta),overture:3d23839b-e803-4fa8-89cf-0633e620f896
diorskp@gmail.com,Mellow Time Cafe,,Mueang Pathum Thani District,Cafe,no,Low,1,,English/Latin-script name,,,openstreetmap,1,+66868819232,52 032 ถนน เอกทักษิณ,12000,overture (meta),overture:ea96186b-1e5e-40c3-a3ee-44f484f4a9b5
mercyveganthailand@gmail.com,Mercy Vegan,,Mueang Pathum Thani District,Restaurant,no,Low,1,Local,English/Latin-script name,https://shopee.co.th/mercyveganmall,,openstreetmap,1,+66646628954,71/282 6 ม Ek Udon,12000,overture (meta),overture:1a9ed989-7112-4d7a-a8b7-8712e731938f
oku_ni@hotmail.com,Merhaba Kebab,,Mueang Pathum Thani District,Restaurant,no,Low,1,,English/Latin-script name,,,openstreetmap,1,+66947646496,Na Wong Pracha Patthana Rd,12000,overture (meta),overture:77ab93f0-f991-498b-8b7b-0a32599f5d83
soravee9530@gmail.com,Milk Mixe de Cafe',,Mueang Pathum Thani District,Cafe,no,Low,1,,English/Latin-script name,,,openstreetmap,1,+66873515696,กรุงเทพ-ปทุมธานี,12000,overture (meta),overture:163110ce-b181-41ec-8371-98e3af2a94a5
yodchai5555@hotmail.com,Mini Golf Putt 346,,Mueang Pathum Thani District,Restaurant,no,Low,1,,English/Latin-script name,,,openstreetmap,1,+66818688250,105 หมู่ 5 ต.บางหลวง อ.เมือง จ.ปทุมธานี,12000,overture (meta),overture:47225124-1bf4-422b-a6e8-7df126ecf596
nunee23@hotmail.com,MN Frozen Foods.,,Mueang Pathum Thani District,Restaurant,no,Low,1,,English/Latin-script name,,,openstreetmap,1,,,,overture (meta),overture:1893446b-f749-436a-a2c7-a7792ee6e264
asomthai6@gmail.com,Moka coffee,,Mueang Pathum Thani District,Restaurant,no,Low,1,,English/Latin-script name,,,openstreetmap,1,+66636978592,ถนน 346 ขาออกปทุมธานี ริมถนนข้างลาน อบจ.เก่า,12000,overture (meta),overture:331ad32d-735b-4ffa-a1a3-d78dd0b24300
mogamania69@gmail.com,Moka Mania Coffee 69,,Mueang Pathum Thani District,Cafe,no,Low,1,,English/Latin-script name,,,openstreetmap,1,+66989559266,69,12000,overture (meta),overture:8720ca68-2f78-435f-a3e8-be57ee3f2d28
mooklada99@gmail.com,Mooklada Bakery,,Mueang Pathum Thani District,Bakery,no,Low,1,,English/Latin-script name,,,openstreetmap,1,+66979296598,111/162 หมู่ 5 ถ.กรุงเทพ-ปทุม ต.บางเดื่อ อ.เมืองปทุมธานี จ.ปทุมธานี,12000,overture (meta),overture:c7880dfc-5b0e-4630-bc72-cd94afb5c93a
moricatcafe@gmail.com,Mori Cat Cafe,,Mueang Pathum Thani District,Cafe,no,Low,1,,English/Latin-script name,,,openstreetmap,1,+66841172770,52 149 หมู่ 7 ซ. เอกประจิม 2/1,12000,overture (meta),overture:f914a1da-e97e-4e4b-868b-36cacc83c969
naimuangpatum@gmail.com,Nai mueang restaurant,,Mueang Pathum Thani District,Restaurant,no,Low,1,,English/Latin-script name,,,openstreetmap,1,+66960678999,บ้านกลาง 38/3 ตำบล บ้านกลาง อำเภอเมืองปทุมธานี,12000,overture (meta),overture:e1b29d1f-4b15-415b-8f5d-b2dd4a5a3ad6
nammon1016@hotmail.com,Nammon Bakery & Coffee,,Mueang Pathum Thani District,Bakery,no,Low,1,,English/Latin-script name,,,openstreetmap,1,+958470514,Rangsit-Pathum Thani 43 Alley,12000,overture (meta),overture:88088c17-490f-4319-815f-8c3d2413e918
naparavi.cafe@gmail.com,Naparavi DIning,,Mueang Pathum Thani District,Cafe,no,Low,1,,English/Latin-script name,,,openstreetmap,1,,9 ถนน เลียบคลองประปา,12000,overture (meta),overture:42fcbf4c-5ce0-4d89-830a-f053169e99b4
tonsung6969@gmail.com,NipaMooHun,,Mueang Pathum Thani District,Asian; Chinese,no,Low,1,,English/Latin-script name,,,openstreetmap,1,+66877112818,ซ่อมสร้าง 86 ถนน บางบัวทอง - บางพูน,12000,overture (meta),overture:bada7626-1a71-4fec-90b9-e230346eddd6
noodacafe@gmail.com,Nooda Cafe,,Mueang Pathum Thani District,Cafe,no,Low,1,,English/Latin-script name,,,openstreetmap,1,+66625925458,4RG2+V4 ตำบล บึงบอน อำเภอ หนองเสือ ปทุมธานี 12170,12170,overture (meta),overture:dc27ee5b-dc46-430e-9896-08c5562eefb3
prin.creator@gmail.com,NOUR,,Mueang Pathum Thani District,Restaurant,no,Low,1,,English/Latin-script name,,,openstreetmap,1,+66936372121,"ของตึกชิยะ, C101 - C106 ชั้นที่ 1",12000,overture (meta),overture:890a7ef1-50cf-4aa5-b8b4-cc8c7f33e877
juice_bye@hotmail.com,Number 8 Coffee,,Mueang Pathum Thani District,Cafe,no,Low,1,,English/Latin-script name,,,openstreetmap,1,+66988409008,,,overture (meta),overture:9171938b-de97-4a5f-a164-40e7bfaa3437
oni.oni2016@gmail.com,Oni Milk and Tea,,Mueang Pathum Thani District,Cafe,no,Low,1,,English/Latin-script name,,,openstreetmap,1,+66933920461,2 Ek Prachim Rd,12000,overture (meta),overture:3dd2d681-ca35-42db-ad26-68eb5da20863
yingyaki06@icloud.com,Oriental Food,,Mueang Pathum Thani District,Restaurant,no,Low,1,,English/Latin-script name,,,openstreetmap,1,+66909080556,123/19,12000,overture (meta),overture:94e64364-caf9-4945-a2e8-1b4eaebf8f93
rsu.owlcha@gmail.com,Owl Cha,,Mueang Pathum Thani District,Restaurant,no,Low,1,,English/Latin-script name,,,openstreetmap,1,+66992832296,52/596 หมู่ 7 สมศักดิ์ อพาร์ทเมนท์ OWL CHA ม.รังสิต,12000,overture (meta),overture:469b1025-dcbf-4d30-a282-3656c9c811db
patchadaporn.th@gmail.com,Pareto Cafe,,Mueang Pathum Thani District,Cafe,no,Low,1,,English/Latin-script name,,,openstreetmap,1,+66614616659,38 20 Phatthana Samphan Rd,12000,overture (meta),overture:d15ef636-0441-4827-9afe-28189a8ba0cf
pathumburi@gmail.com,Pathum Buri,,Mueang Pathum Thani District,Restaurant,no,Low,1,,English/Latin-script name,,,openstreetmap,1,+66800100029,111,12000,overture (meta),overture:e47fe6fd-2695-4579-86d0-f94914980b1e
prapaawee@gmail.com,Pavee Cafe,,Mueang Pathum Thani District,Cafe,no,Low,1,,English/Latin-script name,,,openstreetmap,1,+66939256124,14 10,12000,overture (meta),overture:f80dc8f7-92b1-4a79-91c3-6f79c227f1a6
pui_juthathip_@hotmail.com,Pd23.Coffee,,Mueang Pathum Thani District,Cafe,no,Low,1,,English/Latin-script name,,,openstreetmap,1,+66915757971,รังสิตปทุมธานี,12000,overture (meta),overture:e494b4d1-08e8-47e5-8659-7a0ce3d4f8bc
snooae@gmail.com,PhungKang Cafe HOUSE,,Mueang Pathum Thani District,Bakery,no,Low,1,,English/Latin-script name,,,openstreetmap,1,+66954985048,122/158 ปทุมธานี-สายใน,12000,overture (meta),overture:9d264be9-aed7-4b7d-b04b-f719aa2d30db
poomjaisaner.cafe@gmail.com,Poomjai Saner Café and Coworking Space,,Mueang Pathum Thani District,Cafe,no,Low,1,,English/Latin-script name,,,openstreetmap,1,+66619515442,51/300 รังสิต,12000,overture (meta),overture:4a9cd884-4e72-445c-a5c4-e3efe706bc5c
raantonmai@gmail.com,Raantonmai,,Mueang Pathum Thani District,Cafe,no,Low,1,,English/Latin-script name,,,openstreetmap,1,+66629189497,Saphan Nonthaburi - Bang Bua Thong Rd,12000,overture (meta),overture:8a5efe31-f8ae-41c3-9ce7-c66653f7a5d6
richlandcafeofficial@gmail.com,Richland Cafe,,Mueang Pathum Thani District,Cafe,no,Low,1,,English/Latin-script name,,,openstreetmap,1,+66975523659,Unnamed Road,12000,overture (meta),overture:512a34f2-163d-43ed-bf21-10a84b7e5c55
rabbitwhite27naka@gmail.com,Rouy Yum Tum Zap,,Mueang Pathum Thani District,Restaurant,no,Low,1,,English/Latin-script name,,,openstreetmap,1,+66900875995,3 ถนน เลียบคลองเปรมประชากร,12000,overture (meta),overture:9d4a8c3d-a0b0-4e2c-94e3-99d7fdff0510
rsufoodcourt@gmail.com,RSU Food Court,,Mueang Pathum Thani District,Restaurant,no,Low,1,,English/Latin-script name,,,openstreetmap,1,+6627916010,52 347(1 ซอย ตำบล หลักหก,12000,overture (meta),overture:e222dc32-85f4-4f66-89f2-7356ba47b7ae
jeab_dear41@hotmail.com,Sajada Coffee,,Mueang Pathum Thani District,Cafe,no,Low,1,,English/Latin-script name,,,openstreetmap,1,+66945713238,ถนน307,12000,overture (meta),overture:2cc0dbb7-6210-44b9-8abf-1cbec6908453
salmonsan.thailand@gmail.com,Salmonsan,,Mueang Pathum Thani District,Restaurant,no,Low,1,,English/Latin-script name,,,openstreetmap,1,,21/49 ถนน ปทุมสามโคก,12000,overture (meta),overture:ec62176b-66ef-43ad-bcbe-17ac3a1e76a7
sidarint@gmail.com,Sea Otter Cafe,,Mueang Pathum Thani District,Cafe,no,Low,1,,English/Latin-script name,,,openstreetmap,1,+66878039314,12 ถนน ลําลูกกา,12150,overture (meta),overture:47c324d9-8077-4446-a314-607ac749edcf
seaplace.rangsit@gmail.com,SEAPLACE Cafe & Beach Bar,,Mueang Pathum Thani District,Restaurant,no,Low,1,,English/Latin-script name,,,openstreetmap,1,+66643568009,55 17 หมู่2 ซอยวัดเปรมประชากร,12000,overture (meta),overture:f639ab67-cefb-4aa1-bded-68237a78eca5
seoulwang14@gmail.com,Seoul Wang,,Mueang Pathum Thani District,Asian; Korean,no,Low,1,,English/Latin-script name,,,openstreetmap,1,+66817115732,"52, 040 ม ถนน เอกทักษิณ",12000,overture (meta),overture:0761d13e-8627-496d-b7b3-ce7f8ebd223d
shabuindymuangake@gmail.com,Shabuindy Muang Ake,,Mueang Pathum Thani District,Restaurant,no,Low,1,,English/Latin-script name,,,openstreetmap,1,+66632630881,55/122,12000,overture (meta),overture:a01f48cc-b626-4e9b-bfb0-c6137fd91622
shalpalteahouse@gmail.com,Shal Pal Tea House,,Mueang Pathum Thani District,Restaurant,no,Low,1,,English/Latin-script name,,,openstreetmap,1,+66638492363,Ek Thaksin 5 Alley,12000,overture (meta),overture:8f2f276b-baa5-4c54-807a-2ea4642ac777
janji.sr120717@gmail.com,Simple Cafe,,Mueang Pathum Thani District,Cafe,no,Low,1,,English/Latin-script name,,,openstreetmap,1,+66837172178,51/157,12000,overture (meta),overture:57dece58-d670-4a96-8d58-fd7d6803a0a1
sipasoy.siri@gmail.com,Sip a Soy,,Mueang Pathum Thani District,Cafe,no,Low,1,,English/Latin-script name,,,openstreetmap,1,+66629596463,"52, 120-2 Thanon Ek Thaksin",12000,overture (meta),overture:2eefef19-7f2f-4b73-b553-80b5a98c25d4
skyme.cafe168@gmail.com,Sky Me Cafe,,Mueang Pathum Thani District,Cafe,no,Low,1,,English/Latin-script name,,,openstreetmap,1,+66928479993,52 185 ซอย ตำบล หลักหก,12000,overture (meta),overture:2f875624-b026-4f3b-ac3c-3692aa7e809d
rockhandright2@gmail.com,Slow Bar Coffee by PRWK,,Mueang Pathum Thani District,Cafe,no,Low,1,,English/Latin-script name,,,openstreetmap,1,+66849404417,ปทุมวิไล - บางคูวัด,12000,overture (meta),overture:828f2b9f-9bea-48a0-8cd7-f1fc587d71ac
tiksodaza6395@gmail.com,Sodaza Coffee and Tea,,Mueang Pathum Thani District,Cafe,no,Low,1,,English/Latin-script name,,,openstreetmap,1,+66957539261,ถนน เลียบคลองเปรมประชากร,12000,overture (meta),overture:917d666c-1d5e-40ab-aa90-44818064a18c
bulan.coffeebar@gmail.com,Somdul Coffee Bar,,Mueang Pathum Thani District,Cafe,no,Low,1,,English/Latin-script name,,,openstreetmap,1,+66961547955,52 260 Ek Thaksin 9 Rd,12000,overture (meta),overture:d01dc7a6-19a3-4758-bde7-47de8638d359
14523@coffee-concepts.co.th,Starbucks,,Mueang Pathum Thani District,Cafe,no,Low,1,,English/Latin-script name,https://starbucks.co.th/,,openstreetmap,1,,,,overture (AllThePlaces),overture:61af18fc-00c1-4fe3-acc9-74d745837db1
suanthipbaanchoaphraya@gmail.com,Suanthip Restaurant,,Mueang Pathum Thani District,Restaurant,no,Low,1,,English/Latin-script name,http://www.suanthip.com/,,openstreetmap,1,+6625833748,changwattana Pak Kret 3 Rd.,11120,overture (meta),overture:d89bd5b9-6246-47a9-8596-9114f1abd9ac
palmkul29@gmail.com,Summer Solstice Coffee,,Mueang Pathum Thani District,Cafe,no,Low,1,,English/Latin-script name,,,openstreetmap,1,+66894554545,30 ถนน เอกทักษิณ,12000,overture (meta),overture:46796036-a3f4-43f7-b0b8-954008e42d50
suncurry2011@gmail.com,Suncurry,,Mueang Pathum Thani District,Asian; Indian; Japanese,no,Low,1,,English/Latin-script name,,,openstreetmap,1,+66954452956,77 ซอย นาวงพัฒนา 2,12000,overture (meta),overture:9d70dadb-4a97-4f6f-9156-034ae7b9d51c
guntarat72@gmail.com,Sushi 88 YEN,,Mueang Pathum Thani District,Asian; Japanese; Sushi,no,Low,1,,English/Latin-script name,,,openstreetmap,1,,"14.027201911343434, 100.50405862886151",12000,overture (meta),overture:00b77624-b938-4c8f-a630-0fd2b41c63ed
dekyinglatte@gmail.com,Sweet Ice Cream Homemade Premium,,Mueang Pathum Thani District,Ice cream,no,Low,1,,English/Latin-script name,,,openstreetmap,1,+66934262892,"52/245 Moo 7, Lak Hok ",12000,overture (meta),overture:f5861106-c14c-4902-8599-10ea17cc23dd
taicorner.th@gmail.com,Tai Corner Rangsit,,Mueang Pathum Thani District,Restaurant,no,Low,1,,English/Latin-script name,,,openstreetmap,1,+66963101978,ต 5 5/55 55 Ek Charoen,12000,overture (meta),overture:710c2eee-5403-415e-ab5d-fb881f9e8d2b
takura.th@gmail.com,Takura Ramen,,Mueang Pathum Thani District,Asian; Japanese,no,Low,1,,English/Latin-script name,,,openstreetmap,1,+66988171979,หมู่7 ซอยเอกทักษิน ถนนพหลโยธิน,12000,overture (meta),overture:4dcd62d5-66ab-4e2f-8b59-9a5696b41679
tamarinddrinkandchill@gmail.com,Tamarind Drink & Chill,,Mueang Pathum Thani District,Restaurant,no,Low,1,,English/Latin-script name,,,openstreetmap,1,+66936242386,99 29,12000,overture (meta),overture:f0f196f1-6b20-4fd1-882f-b7c9cdc8269a
coffeetalot@gmail.com,Tarot Coffee,,Mueang Pathum Thani District,Cafe,no,Low,1,,English/Latin-script name,,,openstreetmap,1,+6629780517,,12160,overture (meta),overture:74e058a1-911e-48d9-9dfb-5a3357628ad9
tatttcafeandstudio@gmail.com,Tatttcha,,Mueang Pathum Thani District,Restaurant,no,Low,1,,English/Latin-script name,,,openstreetmap,1,+66830420974,51/096 ถนน เอกทักษิณ 1,12000,overture (meta),overture:51145dce-e932-44a1-ab06-b4fa3fca10f2
tgracing7335@gmail.com,Tg-Racing,,Mueang Pathum Thani District,Bar,no,Low,1,,English/Latin-script name,,,openstreetmap,1,+66919908999,https://goo.gl/maps/A2Rs52ccAWjjEV4j8,12000,overture (meta),overture:5985a6d7-bb55-4b74-8c2e-6e1959a93a7d
tunz_nuttapol@hotmail.co.th,The Camping Mookata,,Mueang Pathum Thani District,Restaurant,no,Low,1,,English/Latin-script name,,,openstreetmap,1,+66923245691,52 480หมู่7 Ek Thaksin 5 Alley,12000,overture (meta),overture:f7cd6164-4b22-4254-97d4-df7fbab0d139
thecoffs2019@gmail.com,The Coff's,,Mueang Pathum Thani District,Cafe,no,Low,1,,English/Latin-script name,,,openstreetmap,1,+66648292915,ตรงข้ามเทศบาล 33,12000,overture (meta),overture:dbdf4ff2-8828-487c-a4be-a258a0371f99
themoon.coffeehouse@gmail.com,The Moon Coffee House,,Mueang Pathum Thani District,Cafe,no,Low,1,,English/Latin-script name,,,openstreetmap,1,,"เยื้องเซเว่น, Rangsit-Pathum Thani 43 Alley",12000,overture (meta),overture:6f853f35-8b27-4df3-ad3b-1dda7bc77def
pnatima@hotmail.com,Tide's Coffee House,,Mueang Pathum Thani District,Cafe,no,Low,1,,English/Latin-script name,,,openstreetmap,1,+66925489987,59/55 moo 3 bangprok,12000,overture (meta),overture:814ba1d6-bca9-429d-9cd8-b8d7a60ea22d
pond_gotyo@hotmail.com,TnP Cafe and Board game,,Mueang Pathum Thani District,Cafe,no,Low,1,,English/Latin-script name,,,openstreetmap,1,+66824635397,52/050,12000,overture (meta),overture:194b0442-e709-435d-83e5-0cbc533ad029
contact.tonitoni@gmail.com,Toni Toni-Eat Drink Workshop,,Mueang Pathum Thani District,Restaurant,no,Low,1,,English/Latin-script name,,,openstreetmap,1,+66888269659,51/055,12000,overture (meta),overture:e72704b6-1d4e-46f5-b9da-16480fead968
tsukiko.th@gmail.com,Tsukiko Sushi,,Mueang Pathum Thani District,Asian; Sushi,no,Low,1,,English/Latin-script name,,,openstreetmap,1,+66631677944,Tsukiko Sushi ถนน 307ตำบล บางคูวัด อำเภอเมืองปทุมธานี ปทุมธานี,12000,overture (meta),overture:4fe1cd88-dc6b-4021-a36c-906b04241584
turbinecoffee@outlook.com,Turbine Slow Bar and Specialty Coffee,,Mueang Pathum Thani District,Cafe,no,Low,1,,English/Latin-script name,,,openstreetmap,1,+66991592874,"20, 44 Tessaban 4 Road",12000,overture (meta),overture:1686098e-ea6e-42b6-be16-3403ccc96262
vvsitcafe@gmail.com,VSIT Cafe,,Mueang Pathum Thani District,Cafe,no,Low,1,,English/Latin-script name,,,openstreetmap,1,+66863363830,5/95 หมู่ที่ 2 ถนนติวานนท์,12000,overture (meta),overture:1cf7a5c5-060f-47ae-a606-8e364ece5943
kuiman_c@hotmail.com,Wants More Home Cafe,,Mueang Pathum Thani District,Restaurant,no,Low,1,,English/Latin-script name,,,openstreetmap,1,+66814226071,601/1 มบ.พฤกษา รังสิต บางพูน 60/1 rangsit-pathumthani road,12000,overture (meta),overture:40464257-0e5b-4e10-ae35-ebad6c93867f
wari.thogchayanon@gmail.com,WARI.cafe,,Mueang Pathum Thani District,Cafe,no,Low,1,,English/Latin-script name,,,openstreetmap,1,+66864088356,110 213,12000,overture (meta),overture:bb7eed25-d3c5-4755-8b09-72e78a4e74ad
hormokpla@gmail.com,Wee's Cafe',,Mueang Pathum Thani District,Asian; Thai,no,Low,1,,English/Latin-script name,,,openstreetmap,1,+66867957112,อ.เมือง,12000,overture (meta),overture:60a3add2-f015-4644-9259-95e52d886afc
westroomclub@gmail.com,WestRoom Club,,Mueang Pathum Thani District,Cafe,no,Low,1,,English/Latin-script name,,,openstreetmap,1,+66988424145,ตั้งอยู่ใน เมืองเอกคอนโดวิลล่า อาคารB ชั้นที่1,12000 ,overture (meta),overture:ec45fccc-703c-480c-8c07-7d901bcbb371
boat_pitt02@hotmail.com,Whale smile club,,Mueang Pathum Thani District,Restaurant,no,Low,1,,English/Latin-script name,,,openstreetmap,1,+66890074894,"หมู่บ้านปาริชาติ345 บางคูวัด อ.เมือง, ปทุมธานี 12000",12000,overture (meta),overture:7c254222-67f0-419a-afc9-1f7a7f1cad76
wineportpathum@gmail.com,Wine Port and Clubhouse,,Mueang Pathum Thani District,Restaurant,no,Low,1,,English/Latin-script name,,,openstreetmap,1,+66959505105,"15, 1 Pathum Thani-Sai Nai Alley",12000,overture (meta),overture:4f4ff5f4-17da-4d25-8668-932719e6020f
wipacuisinez2022@gmail.com,Wipacuisine,,Mueang Pathum Thani District,Restaurant,no,Low,1,,English/Latin-script name,,,openstreetmap,1,+66644949619,1/9 1/9 Rat Niwet Rd,12000,overture (meta),overture:d9c6c634-23da-4dae-a085-0d3d1a09a162
over_perfect@hotmail.com,Wonderland cafe',,Mueang Pathum Thani District,Cafe,no,Low,1,,English/Latin-script name,,,openstreetmap,1,+66819205911,ซอยเอกเจริญ\n,,overture (meta),overture:45ed67da-f77b-4411-95f9-6b6f63235009
yung7lifestyle.eatery@gmail.com,Yung 7,,Mueang Pathum Thani District,Restaurant,no,Low,1,,English/Latin-script name,,,openstreetmap,1,+66639794996,2,12000,overture (meta),overture:ff041b43-819f-4356-97b8-6e1f3613374f
zbcoffee17@gmail.com,ZB Coffee,,Mueang Pathum Thani District,Cafe,no,Low,1,,English/Latin-script name,,,openstreetmap,1,+66898828599,204 หมู่บ้านนันท์นรินทร์ 103 หมู่ที่ 1,12000,overture (meta),overture:069f5caa-6599-41c0-84fd-7ee7c4b2b5b9
chaungthardrinkingcenter@gmail.com,ချောင်းသာ Drinking Center,,Mueang Pathum Thani District,Restaurant,no,Low,1,,English/Latin-script name,,,openstreetmap,1,+66811132542,51 191 Ek Burapha Rd,12000,overture (meta),overture:6008ba09-fa06-40f2-872b-bc6831fec407
latphatyaysai@gmail.com,လက်ဖက်ရည်ဆိုင်,,Mueang Pathum Thani District,Restaurant,no,Low,1,,English/Latin-script name,,,openstreetmap,1,+66934102001,33 ถนน เอกทักษิณ,12000,overture (meta),overture:ef5c31bb-ff73-48cb-b924-7f890db135ba
panidaketpan160936@gmail.com,25 ธันวา Coffee Tea Smoothie,25 ธันวา Coffee Tea Smoothie,Mueang Pathum Thani District,Cafe,no,Low,0,,,,,openstreetmap,1,+66989079155,54 6,12000,overture (meta),overture:bfecee33-a1e8-4c4c-9324-63ea01c3d8ba
hengpangpua345square@gmail.com,345 Square แยกบางคูวัด,345 Square แยกบางคูวัด,Mueang Pathum Thani District,Restaurant,no,Low,0,,,,,openstreetmap,1,+66627124455,11 345,12000,overture (meta),overture:e5906cef-d8a8-47d5-a934-759391065535
amazonbangpun2@gmail.com,Amazon บางพูน2 กม.7,Amazon บางพูน2 กม.7,Mueang Pathum Thani District,Cafe,no,Low,0,,,,,openstreetmap,1,+6652917155,Pathum Rangtit,,overture (meta),overture:a8d71cc8-e808-4904-af45-0439713fa44b
angapofood@hotmail.com,Angpaofood อั่งเปาคอหมูย่าง,Angpaofood อั่งเปาคอหมูย่าง,Mueang Pathum Thani District,Restaurant,no,Low,0,,,,,openstreetmap,1,+66645936459,Modi Villa Rangsit 2,12000,overture (meta),overture:b21cb54d-785d-450a-9266-7ee19ff782b6
pong971@hotmail.com,Baan238 ปากหม้อญวน+ก๋วยจั๊บญวนหมูเด้ง,Baan238 ปากหม้อญวน+ก๋วยจั๊บญวนหมูเด้ง,Mueang Pathum Thani District,Restaurant,no,Low,0,,,,,openstreetmap,1,+66867038844,,,overture (meta),overture:76f2bd6d-43c0-469b-b962-7244c638bd67
bbbingsu.bright@gmail.com,BB Bingsu บีบี บิงซู,BB Bingsu บีบี บิงซู,Mueang Pathum Thani District,Restaurant,no,Low,0,,,,,openstreetmap,1,+66655461533,,,overture (meta),overture:ca34c9ec-de4d-4589-9166-b2bc08872a77
sirichai.bg@gmail.com,Bg หมูสะเต๊ะซิ่ง,Bg หมูสะเต๊ะซิ่ง,Mueang Pathum Thani District,Restaurant,no,Low,0,,,,,openstreetmap,1,+66873382422,เลขที่,12000,overture (meta),overture:6468d0a2-8a33-4221-af2a-6d170667da43
info@drinkuptaiwan.com,BLACK JADE Taiwan grass jelly เฉาก๊วยไต้หวัน,BLACK JADE Taiwan grass jelly เฉาก๊วยไต้หวัน,Mueang Pathum Thani District,Cafe,no,Low,0,,,,,openstreetmap,1,+66837575348,512/1 ร่วมสุข 5/12,12000,overture (meta),overture:e985c670-eed9-4d04-b081-de8466a04f46
kenadoxy@gmail.com,Camper87 แคมป์เปอร์87,Camper87 แคมป์เปอร์87,Mueang Pathum Thani District,Restaurant,no,Low,0,,,,,openstreetmap,1,+66925291998,108 หน้าสำรวจ4354,12000,overture (meta),overture:b24f0ee2-e589-46a1-ba6a-f911a0aae248
wat51haha@gmail.com,Chada Field Crab House : ชาดาบ้านปูนา_รังสิต,Chada Field Crab House : ชาดาบ้านปูนา_รังสิต,Mueang Pathum Thani District,Restaurant,no,Low,0,,,,,openstreetmap,1,+66624895692,,,overture (meta),overture:2835ae37-cdb2-4ec5-8279-f7ec46104440
paboon19102538@gmail.com,Jakefilnes สาขาปุทม,Jakefilnes สาขาปุทม,Mueang Pathum Thani District,Restaurant,no,Low,0,,,,,openstreetmap,1,+66616281232,27/7 บางปรอก ปทุมธานี,12000,overture (meta),overture:2eb6e0f6-b7ed-44aa-8afb-2cba00ce7fc1
joey.nanakorn@gmail.com,Kiko Cha ซอยวัดป่ากลางทุ่ง,Kiko Cha ซอยวัดป่ากลางทุ่ง,Mueang Pathum Thani District,Cafe,no,Low,0,,,,,openstreetmap,1,+66830474029,Wat Pa Klang Thung Alley,12000,overture (meta),overture:9d615c99-776d-4a7e-8d87-ce870c00fbe0
chk.greenergy@gmail.com,Korea Cafe 345 อาหารเกาหลี,Korea Cafe 345 อาหารเกาหลี,Mueang Pathum Thani District,Asian; Korean,no,Low,0,,,,,openstreetmap,1,+66863941491,ถนน 345 ถนน 346 ถนน ราชพฤกษ์ ถนน ชัยพฤกษ์,12000,overture (meta),overture:1c537776-907c-4da7-8dbb-55f721819bcf
mamicha.bynuun@gmail.com,mami.cha café คาเฟ่ที่มีข้าวมันไก่,mami.cha café คาเฟ่ที่มีข้าวมันไก่,Mueang Pathum Thani District,Cafe,no,Low,0,,,,,openstreetmap,1,+66982949294,ปทุมธานี-ลาดหลุมเเก้ว,12000,overture (meta),overture:676d48c8-d989-4c78-8359-b1e50db06aea
marracharangsit@gmail.com,Marracha มาราชา  สาขาหน้า ม.รังสิต,Marracha มาราชา  สาขาหน้า ม.รังสิต,Mueang Pathum Thani District,Restaurant,no,Low,0,,,,,openstreetmap,1,+66969314888,51/197 พหลโยธิน 87 ซอย 6,12000,overture (meta),overture:3e7fdd9e-a2e3-49dc-9f78-324918fbe4c0
marucha11012021@gmail.com,Marucha สาขาซอยร่วมสุข,Marucha สาขาซอยร่วมสุข,Mueang Pathum Thani District,Cafe,no,Low,0,,,,,openstreetmap,1,+66959983073,65 Ruamsuk 8/10 Alley,12000,overture (meta),overture:4991c946-b4c9-4f63-be87-1981510ceff7
doungthongkum@gmail.com,Min-Ta-ra ครัวมินธรา,Min-Ta-ra ครัวมินธรา,Mueang Pathum Thani District,Restaurant,no,Low,0,,,,,openstreetmap,1,+66918816674,38 ซอย วัดป่ากลางทุ่ง 8,12000,overture (meta),overture:acff10ea-8c49-4004-b854-855a3c029d25
mundriftcafe@gmail.com,Mundrift Cafe / มันดริฟท์ Cafe,Mundrift Cafe / มันดริฟท์ Cafe,Mueang Pathum Thani District,Restaurant,no,Low,0,,,,,openstreetmap,1,+66811717898,345,12000,overture (meta),overture:47b71cc2-fc04-45cc-9c8d-28080b511253
dearoppo14@gmail.com,Oh My Crepe เครปเย็น &เครปญี่ปุ่น,Oh My Crepe เครปเย็น &เครปญี่ปุ่น,Mueang Pathum Thani District,Cafe,no,Low,0,,,,,openstreetmap,1,+66823924746,ตลาดนกฮูก2ปทุมธานี,12000,overture (meta),overture:d6b6aa82-fc25-4e3a-8451-143003610e30
okbakeryokbakery@gmail.com,OkDrinks ร้านน้ำแก้วยาวยาว,OkDrinks ร้านน้ำแก้วยาวยาว,Mueang Pathum Thani District,Bar,no,Low,0,,,,,openstreetmap,3,+66951559444,,,overture (meta),overture:1bfce47a-dd38-4536-85b7-a4f58583fcbc
owlcha2021@gmail.com,Owl Cha แยกวัดเสด็จ ปทุมธานี,Owl Cha แยกวัดเสด็จ ปทุมธานี,Mueang Pathum Thani District,Restaurant,no,Low,0,,,https://line.me/ti/p/DDr-NL9UWq,,openstreetmap,1,+66886594474,ถนนรังสิต-ปทุม ต.บ้านกลาง,12000,overture (meta),overture:3e375be1-0db7-428a-a3ea-2a8bd5a6cfee
mr.paranwat@hotmail.com,Ozone Cafe โอโซนคาเฟ่ ม.รังสิต,Ozone Cafe โอโซนคาเฟ่ ม.รังสิต,Mueang Pathum Thani District,Restaurant,no,Low,0,,,,,openstreetmap,1,,"หมู่บ้านเมืองเอก,ม.รังสิต,โซนเอกบูรพา 2/4",12000,overture (meta),overture:cf926a45-373c-4eb0-a273-8b232a77bcf0
michibikisora@outlook.com,Pero Pero Ice Cream สาขาเมืองเอก,Pero Pero Ice Cream สาขาเมืองเอก,Mueang Pathum Thani District,Ice cream,no,Low,0,,,,,openstreetmap,1,+66956245510,Lak Hok,12000,overture (meta),overture:394bada9-b948-4a63-a05c-6352e756948d
siwach.ake@gmail.com,Shiba Hokkaido Milk Tea สาขา เมืองเอก,Shiba Hokkaido Milk Tea สาขา เมืองเอก,Mueang Pathum Thani District,Restaurant,no,Low,0,Local,,http://www.shibahokkaidomilktea.com/,,openstreetmap,1,+66614792429,15 ถนน ลําลูกกา,12130,overture (meta),overture:15fdae60-1e0f-47bb-bc77-4096a353f422
teanchai_gu@hotmail.com,Tangcha สาขา ม.รังสิต,Tangcha สาขา ม.รังสิต,Mueang Pathum Thani District,Restaurant,no,Low,0,,,,,openstreetmap,1,+66968411448,51/324 เอกทักษิณ 5,12000,overture (meta),overture:11b926b0-c809-4a15-bcea-3db287c1d8b4
suwimlsaekhu9@gmail.com,TaPung coffee - ตาพุง คอฟฟี่,TaPung coffee - ตาพุง คอฟฟี่,Mueang Pathum Thani District,Cafe,no,Low,0,,,,,openstreetmap,1,+66838945967,57 ม.2 ต.บ้านฉาง อ.เมืองปทุมธานี จ.ปทุมธานี,12000,overture (meta),overture:ba4e28a7-1cfb-47b0-a75f-163707d1b03c
napatsanan_ninja@outlook.com,The​ tree​ กะเพราแคมป์ปิ้ง,The​ tree​ กะเพราแคมป์ปิ้ง,Mueang Pathum Thani District,Restaurant,no,Low,0,,,,,openstreetmap,1,+66816215932,51 Ek Burapha Rd,12000,overture (meta),overture:44185cbd-5160-4aee-9cf5-1f3c99eba8f4
tingtingrangsit118@gmail.com,TingTing บิงซูน้ำขิง,TingTing บิงซูน้ำขิง,Mueang Pathum Thani District,Cafe,no,Low,0,,,,,openstreetmap,1,+66611789617,52/098-1,12000,overture (meta),overture:b617ccef-933d-4ee1-a0db-cf461183c488
toeitongpetshop@outlook.com,Toei Tong บริการอาบน้ำตัดขนและฝากเลี้ยง,Toei Tong บริการอาบน้ำตัดขนและฝากเลี้ยง,Mueang Pathum Thani District,Cafe,no,Low,0,,,,,openstreetmap,1,+66829195691,ถ.พหลโยธิน,12130,overture (meta),overture:b530f302-9f3c-4283-b7ea-c4b8c09c8062
kratibrestaurant@gmail.com,กระติ๊บ อีสานคูซีน,กระติ๊บ อีสานคูซีน,Mueang Pathum Thani District,Asian; Thai,no,Low,0,,,,,openstreetmap,1,+66840859828,5 เทิดราชัน 1,10210,overture (meta),overture:d9efed8e-a418-465c-8c55-1a7add107427
arpaporn.oshi@gmail.com,กล้วยทอด เฌอฟ้า,กล้วยทอด เฌอฟ้า,Mueang Pathum Thani District,Cafe,no,Low,0,,,,,openstreetmap,1,+66819271156,1 หมู่ที่ 4 ตำบลบางเดื่อ อำเภอเมืองปทุมธานี จังหวัดปทุมธานี,12000,overture (meta),overture:0774b240-118b-4030-bfdd-49acdd7c47d7
hs5ykf@hotmail.com,กาแฟ@บางพูน,กาแฟ@บางพูน,Mueang Pathum Thani District,Cafe,no,Low,0,,,,,openstreetmap,1,+66895315185,15/176,12000,overture (meta),overture:d0dd868d-0483-4091-964e-eb7e5f3ddeb5
aeyorachon@gmail.com,กาแฟนายช่าง KAFAE Naichang,กาแฟนายช่าง KAFAE Naichang,Mueang Pathum Thani District,Cafe,no,Low,0,,,,,openstreetmap,1,+66867851238,ถนนใต้ทางด่วน\n,12000,overture (meta),overture:8126ecba-62c4-4226-ac52-0366db24ec75
punthaiptn@gmail.com,กาแฟพันธุ์ไทย สาขาสวนเทพปทุม,กาแฟพันธุ์ไทย สาขาสวนเทพปทุม,Mueang Pathum Thani District,Cafe,no,Low,0,,,http://www.punthaicafe.com/,,openstreetmap,1,+66822579289,20 ถนน เทศปทุม,12000,overture (meta),overture:07cb457e-fc78-42a9-ab1d-39a8449a548a
tapanan2211@gmail.com,กาแฟสดบ้านครูมด,กาแฟสดบ้านครูมด,Mueang Pathum Thani District,Cafe,no,Low,0,,,,,openstreetmap,1,+66985655808,55 15 หมู่ 4 Frontage Rd,12000,overture (meta),overture:6c19b414-6d62-4343-967b-afbb36a5bc37
sonic_rit@hotmail.com,กินกะสวน,กินกะสวน,Mueang Pathum Thani District,Asian; Japanese,no,Low,0,,,,,openstreetmap,1,+66870517122,25 5,12000,overture (meta),overture:8b51ea5f-2ef5-49d3-b914-e31a2fb4596a
mm.m@hotmail.co.th,กินข้าวกับน้ำ,กินข้าวกับน้ำ,Mueang Pathum Thani District,Restaurant,no,Low,0,,,,,openstreetmap,1,+66839219373,"ถนน รังสิต-ปทุมธานี, คลองหนึ่ง, คลองหลวง, ปทุมธานี 12120, ประเทศไทย",12120,overture (meta),overture:ade436cb-4fc4-4324-a5b6-d4c0d1893548
kobkij9@gmail.com,กินเที่ยวกับเหมียว,กินเที่ยวกับเหมียว,Mueang Pathum Thani District,Asian; Thai,no,Low,0,,,,,openstreetmap,1,+66809454494,เลขที่ 1 ถนนปทุมธานี-สามโคก ต.บางปรอก,12000,overture (meta),overture:a2a84edf-d87b-4191-852c-9ad73918e652
siamautoevent.pte@gmail.com,กินแหลกแดกสุด,กินแหลกแดกสุด,Mueang Pathum Thani District,Restaurant,no,Low,0,,,http://www.siamautocar.com/,,openstreetmap,1,+66872058598,99 1 ถนนปทุมสามโคก,12000,overture (meta),overture:349f8266-cc73-492c-9125-8382b4a82a5b
kinkhaokuahom@gmail.com,กิ๋นข้าวคั่วหอม,กิ๋นข้าวคั่วหอม,Mueang Pathum Thani District,Restaurant,no,Low,0,,,,,openstreetmap,1,+66954516644,1085,12000,overture (meta),overture:d4b04965-4729-45da-85bd-19c06c17b876
nano4043@gmail.com,กุยช่ายเฮียกวง(ปทุมธานี),กุยช่ายเฮียกวง(ปทุมธานี),Mueang Pathum Thani District,Chinese,no,Low,0,,,,,openstreetmap,1,+66865079755,40/43 soi thararin 1 Thararin Ville,12000,overture (meta),overture:c79a0611-56d3-431f-9b28-5afe3ff82e43
gurotiandteacafe@gmail.com,กูโรตีชาชักคาเฟ่ เมืองเอก,กูโรตีชาชักคาเฟ่ เมืองเอก,Mueang Pathum Thani District,Cafe,no,Low,0,,,,,openstreetmap,1,+66809599547,52 100 ถนน เอกทักษิณ,12000,overture (meta),overture:6dd82037-4afa-414f-9bca-8a1b807b30c4
nuttachai.kaewted@gmail.com,ก้อย ต้มเลือดหมูจิงจูฉ่าย,ก้อย ต้มเลือดหมูจิงจูฉ่าย,Mueang Pathum Thani District,Asian; Thai,no,Low,0,,,,,openstreetmap,1,+66863697634,ก้อย ต้มเลือดหมูจิงจูฉ่าย 25/3 หมู่ 2 ถ.ติวานนท์ ซอย วัดมะขาม ต.บ้านกลาง,12000,overture (meta),overture:e668a2fa-7046-44ab-9bbd-e93df876c27d
kampooseafood168@gmail.com,ก้ามปู คาเฟ่&เรสเตอรองท์,ก้ามปู คาเฟ่&เรสเตอรองท์,Mueang Pathum Thani District,Restaurant,no,Low,0,,,,,openstreetmap,1,+66631585656,"29, 131",12000,overture (meta),overture:6a260b5f-e4e5-45da-ac10-4f583af04974
lunna5569@gmail.com,ก๊วยเตี๋ยวเรือคายัค by ชายคล้ายหญิง,ก๊วยเตี๋ยวเรือคายัค by ชายคล้ายหญิง,Mueang Pathum Thani District,Restaurant,no,Low,0,Local,,https://static.robinhood.in.th/app_link.html?URI=robinhoodth%3A%2F%2Fmerchantlanding%2Fid%2F233346,,openstreetmap,1,+66955980505,16 ถนน ปทุมสามโคก,12000,overture (meta),overture:4ee55bba-84e7-4453-9e40-cb7954d28ce8
yoksod6muangek@gmail.com,ก๊วยเตี๋ยวเรืออยุธยายกซด8 เมืองเอก,ก๊วยเตี๋ยวเรืออยุธยายกซด8 เมืองเอก,Mueang Pathum Thani District,Restaurant,no,Low,0,,,,,openstreetmap,1,,เมืองเอก,12000,overture (meta),overture:f9aa5bc5-178e-4d40-8ce1-0ed9940633e0
kinnijubyuan@gmail.com,ก๋วยจั๊บญวณ50 สาขาปทุมธานี,ก๋วยจั๊บญวณ50 สาขาปทุมธานี,Mueang Pathum Thani District,Asian; Thai,no,Low,0,,,,,openstreetmap,1,+66968786699,ตลาดอเวค,12000,overture (meta),overture:38153ee9-2a17-4d6a-9540-786d2f464d55
wiparat.2609.dw@gmail.com,ก๋วยเตี๋ยว 2 น้ำ สาขา 2 บางเดื่อ,ก๋วยเตี๋ยว 2 น้ำ สาขา 2 บางเดื่อ,Mueang Pathum Thani District,Restaurant,no,Low,0,,,,,openstreetmap,1,+66622615659,ร้านอยู่ติด ถนน สายล่าง,12000,overture (meta),overture:16e8d79b-b053-4108-b5c5-7cc1186bf784
thanapols@gmail.com,ก๋วยเตี๋ยว ล้านเตี๋ยว แยกสันติสุข ปทุมธานี,ก๋วยเตี๋ยว ล้านเตี๋ยว แยกสันติสุข ปทุมธานี,Mueang Pathum Thani District,Asian; Japanese,no,Low,0,Local,,http://www.xn--12c4bxbbfud3c0dxa7ge9kf.com/,,venue website,2,,,,overture (meta),overture:4c83ed61-7805-48c5-b761-ac2c829ae543
orawan.tantiwiwat@gmail.com,ก๋วยเตี๋ยวดงมูลเหล็ก by ลุงเต่า,ก๋วยเตี๋ยวดงมูลเหล็ก by ลุงเต่า,Mueang Pathum Thani District,Takeaway,no,Low,0,,,,,openstreetmap,1,+66840997499,ชัยพฤกษ์,11120,overture (meta),overture:ce7d0673-8a8d-43df-b8c1-888b26a5d47b
tutsu1971@gmail.com,ก๋วยเตี๋ยวนายใบ้เซียร์,ก๋วยเตี๋ยวนายใบ้เซียร์,Mueang Pathum Thani District,Restaurant,no,Low,0,,,,,openstreetmap,1,+66991469263,พหลโยธิน 72 ต.คูคต อ.ลำลูกกา จ.ปทุมธานี,12130,overture (meta),overture:2c6901cf-d632-4226-8816-c2f9a25ebf6d
dinosaurjunk@gmail.com,ก๋วยเตี๋ยวริมนา ราชพฤกษ์,ก๋วยเตี๋ยวริมนา ราชพฤกษ์,Mueang Pathum Thani District,Asian; Japanese,no,Low,0,,,,,openstreetmap,1,+66811625553,Ratchaphruek Rd,12000,overture (meta),overture:485af586-ead5-41d9-8987-fad35894f20a
montrim02@gmail.com,ก๋วยเตี๋ยววัดดงมูลเหล็ก,ก๋วยเตี๋ยววัดดงมูลเหล็ก,Mueang Pathum Thani District,Asian; Japanese,no,Low,0,,,,,openstreetmap,1,+66898946152,ทางหลวงหมายเลข 345,12000,overture (meta),overture:93aace83-ed10-49fe-a4fe-f8d26c1cb0cc
napat_ao@hotmail.com,ก๋วยเตี๋ยวหมูตุ๋นลูกกระวานสูตรแม่กู,ก๋วยเตี๋ยวหมูตุ๋นลูกกระวานสูตรแม่กู,Mueang Pathum Thani District,Asian; Thai,no,Low,0,,,,,openstreetmap,1,+6655802888,,,overture (meta),overture:847f90a1-7ca8-4ad6-9db5-e9973f4357ea
jiranonsad06@gmail.com,ก๋วยเตี๋ยวหมูต้มยำน้องพิม,ก๋วยเตี๋ยวหมูต้มยำน้องพิม,Mueang Pathum Thani District,Restaurant,no,Low,0,,,,,openstreetmap,1,+66891847523,ซอยวัดบางพูน,12000,overture (meta),overture:fdacf50f-f7b9-4bfb-8c60-1c7f582e3951
chanidaked1999@gmail.com,ก๋วยเตี๋ยวหมูต้มยำอบโอ่ง 20,ก๋วยเตี๋ยวหมูต้มยำอบโอ่ง 20,Mueang Pathum Thani District,Asian; Japanese,no,Low,0,,,,,openstreetmap,1,+66957265795,35 615,12000,overture (meta),overture:9fce3d18-9180-4297-8a4e-8a8ab22b4d39
orj2512@yahoo.co.th,ก๋วยเตี๋ยวหมูน้ำตก อาหลาน,ก๋วยเตี๋ยวหมูน้ำตก อาหลาน,Mueang Pathum Thani District,Asian; Japanese,no,Low,0,,,,,openstreetmap,1,+66897626418,19หมู่ 5 ถนน เลียบคลองเปรมประชากร,12000,overture (meta),overture:50c238e5-546a-4981-81b1-935c563cec6e
mem_mojung@hotmail.com,ก๋วยเตี๋ยวหมูเครื่องยาจีน เฮียตือ,ก๋วยเตี๋ยวหมูเครื่องยาจีน เฮียตือ,Mueang Pathum Thani District,Asian; Japanese,no,Low,0,,,,,openstreetmap,1,+66845260243,ตลาดสดเทศบาล,12160,overture (meta),overture:af009b25-a45e-4e90-a1eb-18fa97a66759
ampx.official@gmail.com,ก๋วยเตี๋ยวเป็ดสมพงษ์,ก๋วยเตี๋ยวเป็ดสมพงษ์,Mueang Pathum Thani District,Restaurant,no,Low,0,,,,,openstreetmap,1,+66876960190,Pathum Thani-Sai Nai Alley,12000,overture (meta),overture:d7fc1ed1-4f7a-472f-ac55-b6d278ec3372
0804608454.aa@gmail.com,ก๋วยเตี๋ยวเรือ ป.ประทัด สาขา 2 ปทุมธานี,ก๋วยเตี๋ยวเรือ ป.ประทัด สาขา 2 ปทุมธานี,Mueang Pathum Thani District,Restaurant,no,Low,0,,,,,openstreetmap,1,+66661648524,116/1 ม.4 ตำบลกระแชง อ.สามโคก จ.ปทุมธานี,12160,overture (meta),overture:4cbd88e2-2f27-40d2-8948-ed1c4b6b674d
changbettas@gmail.com,ก๋วยเตี๋ยวเรือฅนปทุม,ก๋วยเตี๋ยวเรือฅนปทุม,Mueang Pathum Thani District,Asian; Japanese,no,Low,0,,,,,openstreetmap,1,+66646275193,7 แยก 4 ซ. วัดหนองปรง,12000,overture (meta),overture:60a0bbd8-44c8-48bc-bb0b-974323934329
namnamtkt@gmail.com,ก๋วยเตี๋ยวเรือทศกัญ,ก๋วยเตี๋ยวเรือทศกัญ,Mueang Pathum Thani District,Asian; Japanese,no,Low,0,Local,,https://wongn.ai/21UtjU,support@lmwn.com; pr@lmwn.com,openstreetmap,1,+66914575392,"letter Park.bldg, 8/1-3",12000,overture (meta),overture:2b073356-e70a-4aa7-8ea0-c2ea36b0d046
wsuphannachat@gmail.com,ก๋วยเตี๋ยวเรือนายบู๊,ก๋วยเตี๋ยวเรือนายบู๊,Mueang Pathum Thani District,Restaurant,no,Low,0,,,,,openstreetmap,1,+66816395516,ก๋วยเตี๋ยวเรือนายบู๊,12140,overture (meta),overture:55f637bc-397f-41c9-9c51-6ad694acf662
hackerphu@hotmail.com,ก๋วยเตี๋ยวเรือพระราม สูตรอโยธยา,ก๋วยเตี๋ยวเรือพระราม สูตรอโยธยา,Mueang Pathum Thani District,Asian; Japanese,no,Low,0,,,,,openstreetmap,1,+66846603083,198/1 Ek Thaksin 5 Alley,12000,overture (meta),overture:f6212d25-e3d2-44bf-aca1-906349b41a15
ppla2507@gmail.com,ก๋วยเตี๋ยวเรือพันธุ์ดุ ชาตินี้ต้องลอง,ก๋วยเตี๋ยวเรือพันธุ์ดุ ชาตินี้ต้องลอง,Mueang Pathum Thani District,Restaurant,no,Low,0,,,,,openstreetmap,1,+66635952936,29 ถนนกรุงเทพฯ-ปทุม,12000,overture (meta),overture:19695a70-675e-4095-a7c6-47169b4ef268
chayanuch8291@gmail.com,ก๋วยเตี๋ยวเรือหม้อดินนายกร,ก๋วยเตี๋ยวเรือหม้อดินนายกร,Mueang Pathum Thani District,Asian; Japanese,no,Low,0,,,,,openstreetmap,1,+66630544549,27 หมู่ที่ 2 Soi Wat Phrai Fa,12000,overture (meta),overture:ed9851f0-e618-46f3-b546-b889621ed66d
noey2036@hotmail.com,ก๋วยเตี๋ยวเรืออยุธยา (หน่อง),ก๋วยเตี๋ยวเรืออยุธยา (หน่อง),Mueang Pathum Thani District,Restaurant,no,Low,0,,,,,openstreetmap,1,+66804923932,30 พัฒนสัมพันธ์,12000,overture (meta),overture:7c988958-970e-469f-adfc-88f16e5179c4
sared501@hotmail.com,ก๋วยเตี๋ยวไก่มะระ บางคูวัด,ก๋วยเตี๋ยวไก่มะระ บางคูวัด,Mueang Pathum Thani District,Restaurant,no,Low,0,,,,,openstreetmap,1,+66826301235,"บางคูวัด, ปทุมธานี, ประเทศไทย",12000,overture (meta),overture:6516cee2-6076-4d50-84f6-09bd4ef3cd17
kanom.bakermart@gmail.com,ขนม-อบ อุปกรณ์เบเกอรี่ และแพคเกจจิ้ง,ขนม-อบ อุปกรณ์เบเกอรี่ และแพคเกจจิ้ง,Mueang Pathum Thani District,Bakery,no,Low,0,Local,,https://shopee.co.th/kanom.bakermart,,openstreetmap,1,+66934855229,45 ถนน ปทุมสามโคก,12000,overture (meta),overture:2e0f1ea7-fafb-44e1-b019-53494f4be8ac
wipadasariya@gmail.com,ขนมจีนแม่นงค์,ขนมจีนแม่นงค์,Mueang Pathum Thani District,Asian; Thai,no,Low,0,,,,,openstreetmap,1,+66985564642,โลตัสบ้านกลาง,12000,overture (meta),overture:dc6572dc-95a5-44fd-973b-35b178beeeac
auttaross@gmail.com,ข้าวกล่องอัฐรส,ข้าวกล่องอัฐรส,Mueang Pathum Thani District,Restaurant,no,Low,0,,,,,openstreetmap,1,+66804263599,111/77 บ้าน เอกธนาดล สุวิมล,12000,overture (meta),overture:ddf7047f-094f-4677-99ec-ee9740f16f9d
phunnapa687423@gmail.com,ข้าวขาหมู กุ๊กไก่,ข้าวขาหมู กุ๊กไก่,Mueang Pathum Thani District,Takeaway,no,Low,0,,,,,openstreetmap,1,+66982859814,131/30 หมู่บ้าน นันทนาการเดนท์ ซอย7 หมู่1 ตำบลบ้านกลาง,12000,overture (meta),overture:ea75db58-96e1-4d35-bb60-597589006b93
khaotomsompong@gmail.com,ข้าวต้มสมพงษ์ แยกบางคูวัด,ข้าวต้มสมพงษ์ แยกบางคูวัด,Mueang Pathum Thani District,Asian,no,Low,0,,,,,openstreetmap,1,+66800104519,69/ 8 ราชพฤกษ์ ถนน,12000,overture (meta),overture:d8f51c5b-c41f-4421-8f1c-29a2ae9e7b6f
prachayat@hotmail.com,ข้าวมันไก่กองโจร,ข้าวมันไก่กองโจร,Mueang Pathum Thani District,Restaurant,no,Low,0,,,,,openstreetmap,1,+66642467776,,,overture (meta),overture:da35fcd8-12e4-476a-aaae-c967846a0471
eduplay.v@hotmail.com,ข้าวมันไก่ประตูน้ำ มิดไนท์ไก่ตอน สาขา รังสิตปทุมธานี -ในปั๊ม ปตท,ข้าวมันไก่ประตูน้ำ มิดไนท์ไก่ตอน สาขา รังสิตปทุมธานี -ในปั๊ม ปตท,Mueang Pathum Thani District,Asian; Thai,no,Low,0,,,,,openstreetmap,1,+66909021142,PTT Life Station,12000,overture (meta),overture:7b81df4e-4152-45e1-b21a-d72ca6d61fc9
divinity1472545@gmail.com,ข้าวมันไก่เจ๊มล,ข้าวมันไก่เจ๊มล,Mueang Pathum Thani District,Restaurant,no,Low,0,,,,,openstreetmap,1,+66639413651,ผาขาว,10200,overture (meta),overture:33af6123-a349-4fc7-a741-66f09ae75cb0
nobunaka58@gmail.com,ข้าวแกงแม่บุญรอด,ข้าวแกงแม่บุญรอด,Mueang Pathum Thani District,Restaurant,no,Low,0,,,,,openstreetmap,1,+66926918998,27 Phatthana Samphan Rd,12000,overture (meta),overture:99a32253-6f5b-4bac-b3d1-a680155ad967
familyhouseteacoffee@gmail.com,ครอบครัว บ้าน ชา กาแฟ,ครอบครัว บ้าน ชา กาแฟ,Mueang Pathum Thani District,Restaurant,no,Low,0,,,https://wongn.ai/0pc2o,,openstreetmap,1,+66828506615,99/5 345,12000,overture (meta),overture:ebdf90c1-77bb-49dc-aa70-c7931d5033ed
kruakunning.official@gmail.com,ครัวคุณหนิง,ครัวคุณหนิง,Mueang Pathum Thani District,Restaurant,no,Low,0,,,,,openstreetmap,1,+66639615542,346 Ratchaphruek Rd,12140,overture (meta),overture:c293fa22-4a1c-4106-8404-73a40e166247
khumkoon2025@gmail.com,ครัวค้ำคูน Khumkoon Restaurant,ครัวค้ำคูน Khumkoon Restaurant,Mueang Pathum Thani District,Restaurant,no,Low,0,,,,,openstreetmap,1,+66848153669,,,overture (meta),overture:a2ff6d02-35ef-400f-b95d-26307f9186de
arnaparkpoom@hotmail.com,ครัวดาวศุกร์,ครัวดาวศุกร์,Mueang Pathum Thani District,Restaurant,no,Low,0,,,,,openstreetmap,1,+6621155089,Phet Pathum Community Soi 4,12000,overture (meta),overture:78998cc4-8baf-41d9-a80e-807973dc5137
nunrestaurant@gmail.com,ครัวนันโภชนา,ครัวนันโภชนา,Mueang Pathum Thani District,Restaurant,no,Low,0,,,,,openstreetmap,1,+66895304264,112/63 บ้านกลาง 5/1,12000,overture (meta),overture:b40e7e5b-c210-4455-a9be-1799b2a4df23
nookae.pawarisa@gmail.com,ครัวน้องสตางค์ อาหารริมน้ำ,ครัวน้องสตางค์ อาหารริมน้ำ,Mueang Pathum Thani District,Restaurant,no,Low,0,,,,,openstreetmap,1,+66844489522,19 8 ซอยร่วมใจพัฒนา,12120,overture (meta),overture:42572509-64b4-4a2d-a752-0e79c54d7316
suvareesk2@gmail.com,ครัวบ้าน,ครัวบ้าน,Mueang Pathum Thani District,Asian; Thai,no,Low,0,,,,,openstreetmap,1,+66819103888,หมู่บ้านปาริชาติ 345,12000,overture (meta),overture:e9a57657-728c-4716-8e75-31c671ae4d14
wichuda_momayv3@hotmail.com,ครัวบ้านปลา69,ครัวบ้านปลา69,Mueang Pathum Thani District,Restaurant,no,Low,0,,,,,openstreetmap,1,+66954156953,"ซอย หมู่บ้านสินธร, บางพูน, ปทุมธานี 12000, ประเทศไทย",12000,overture (meta),overture:34d5eceb-826d-4970-9545-e568c1df87ad
apartmentbaansuay@gmail.com,ครัวบ้านสวย กินดี อยู่ดี,ครัวบ้านสวย กินดี อยู่ดี,Mueang Pathum Thani District,Restaurant,no,Low,0,,,,,openstreetmap,1,+66852388635,112 4 Tiwanon Rd,12000,overture (meta),overture:3f3593f2-56a8-4d06-8414-50ee5757f00e
athitiya.tp@gmail.com,ครัวบ้านเพื่อน,ครัวบ้านเพื่อน,Mueang Pathum Thani District,Asian; Thai,no,Low,0,,,,,openstreetmap,1,+66958592996,ครัวบ้านเพื่อน บ้านฉาง,12000,overture (meta),overture:cde78799-371d-40b8-aae9-bc421b1232e8
nongareerut@hotmail.com,ครัวบ้านโหน่ง,ครัวบ้านโหน่ง,Mueang Pathum Thani District,Restaurant,no,Low,0,,,,,openstreetmap,1,+66851462039,ครัวบ้านโหน่ง หมู่ 1 ถนนบ้านกลาง,12000,overture (meta),overture:f042a2bc-8def-423f-8c6a-8c953ef230cf
info@krungkavee.com,ครัวรังสิต,ครัวรังสิต,Mueang Pathum Thani District,Asian; Thai,no,Low,0,Local,,http://www.krungkavee.com/,,venue website,1,+6625774141,รังสิต คลอง 4,12000,overture (meta),overture:8686dc9a-dcf2-4323-84d8-76e6f2194306
tanavuth19@gmail.com,ครัวลุงแดง,ครัวลุงแดง,Mueang Pathum Thani District,Restaurant,no,Low,0,,,,,openstreetmap,1,+66899686980,ครัว ลุง แดง,12000,overture (meta),overture:9082dd23-f8b9-4099-b2c7-06f253a68d1a
akeanannunyoo@gmail.com,ครัวเสบียงใต้,ครัวเสบียงใต้,Mueang Pathum Thani District,Restaurant,no,Low,0,,,,,openstreetmap,1,+66813946958,22,,overture (meta),overture:d9e67ccc-3f95-40eb-9510-5291e50e2f4e
klaichan.muangake@gmail.com,คาเฟ่ใกล้ฉัน เมืองเอก,คาเฟ่ใกล้ฉัน เมืองเอก,Mueang Pathum Thani District,Cafe,no,Low,0,,,,,openstreetmap,1,+66957598395,198 เอกทักษิณ 5,12000,overture (meta),overture:faf63a98-4bb4-4880-b782-f5f08995c75d
chathawat.ti-m@hotmail.com,คิ้วหนาโคตุ๋นเมืองปทุม,คิ้วหนาโคตุ๋นเมืองปทุม,Mueang Pathum Thani District,Restaurant,no,Low,0,,,,,openstreetmap,1,+66849119007,Pathum Samphan,12000,overture (meta),overture:b42818e9-6f4c-42ab-965b-cabc08474dcd
prapatchonpracha16@gmail.com,จจจ. คาเฟ่,จจจ. คาเฟ่,Mueang Pathum Thani District,Cafe,no,Low,0,,,,,openstreetmap,1,+66924343399,ปทุมสายใน,12000,overture (meta),overture:9b91489d-0e2d-4aa4-a20e-19bd00da46b8
thanattha.phonthai@gmail.com,จออิจิ,จออิจิ,Mueang Pathum Thani District,Asian; Thai,no,Low,0,,,,,openstreetmap,1,,กรุงเทพ-ปทุม,,overture (meta),overture:306014f8-1b90-4a85-acad-4b1711f0d901
chumyokmor@gmail.com,จุ่มยกหม้อ,จุ่มยกหม้อ,Mueang Pathum Thani District,Restaurant,no,Low,0,,,,,openstreetmap,1,,,,overture (meta),overture:017a472b-5493-428a-bb1f-1f4b76c2f0ec
rinnata.work1@gmail.com,ช.เส้นคลุกประทัดลม - Pratad Lom Noodle,ช.เส้นคลุกประทัดลม - Pratad Lom Noodle,Mueang Pathum Thani District,Asian; Thai,no,Low,0,,,,,openstreetmap,1,+66985142289,71/415 ,12000,overture (meta),overture:f8d9c6d6-70bb-4c04-8025-4ad1bc1febcc
pitipark_101@hotmail.com,ชงชงคาเฟ่ Chong Chong Cafe ปทุมธานี,ชงชงคาเฟ่ Chong Chong Cafe ปทุมธานี,Mueang Pathum Thani District,Cafe,no,Low,0,Local,,https://wongn.ai/21exmU,support@lmwn.com; pr@lmwn.com,openstreetmap,1,+66912189818,99 4 Rangsit-Pathum Thani Rd,12000,overture (meta),overture:d0eb3a27-f889-4335-a477-6f9827b1696d
chomdee2011@outlook.co.th,ชมดี ก๋วยจั๊บญวน,ชมดี ก๋วยจั๊บญวน,Mueang Pathum Thani District,Restaurant,no,Low,0,,,,,openstreetmap,1,+66991466355,ตลาดพูนทรัพย์,12000,overture (meta),overture:8030ba1a-5da3-40b7-996e-125d15271b4e
fasatupan@gmail.com,ชวง ชวง เว่ย หม่าล่าเสฉวน สาขา ม.รังสิต (ตลาดสัมมากร),ชวง ชวง เว่ย หม่าล่าเสฉวน สาขา ม.รังสิต (ตลาดสัมมากร),Mueang Pathum Thani District,Asian; Chinese,no,Low,0,,,,,openstreetmap,1,+66909460914,เลขที่ 1,12000,overture (meta),overture:12af3097-da41-4e27-ae84-3422bdee2b2d
umimpk4487@gmail.com,ชัชลิตเติ้ล​คาเฟ่​,ชัชลิตเติ้ล​คาเฟ่​,Mueang Pathum Thani District,Cafe,no,Low,0,,,,,openstreetmap,1,+66898975227,,12000,overture (meta),overture:c0330ee9-d537-4195-bd13-6af8e9eb0a0d
phatchakun.k@gmail.com,ชากาปัง เมืองปทุมธานี,ชากาปัง เมืองปทุมธานี,Mueang Pathum Thani District,Restaurant,no,Low,0,,,,,openstreetmap,1,+66681953262,1 ชุมชนซอยสมประสงค์,12000,overture (meta),overture:b98365ae-f45c-42d1-af91-6f5e175b46b2
book_bigbang@hotmail.com,ชากาแฟปังสด สาขาตลาดสะพานนวลฉวี,ชากาแฟปังสด สาขาตลาดสะพานนวลฉวี,Mueang Pathum Thani District,Cafe,no,Low,0,,,https://lin.ee/qlNhHVM,,openstreetmap,1,+66970756258,,,overture (meta),overture:bc823185-2550-4c0b-87c7-7382cce7216e
phannitapaenklang@gmail.com,ชาตันหยง บางคูวัด ปทุมธานี,ชาตันหยง บางคูวัด ปทุมธานี,Mueang Pathum Thani District,Restaurant,no,Low,0,,,,,openstreetmap,1,+66808857278,,,overture (meta),overture:1fedaa84-81f6-4b30-b4c3-277c37c58170
siripicha69@gmail.com,ชานมไข่มุกมาจิเมะสาขาวัดบางนางบุญ,ชานมไข่มุกมาจิเมะสาขาวัดบางนางบุญ,Mueang Pathum Thani District,Restaurant,no,Low,0,,,https://line.me/ti/p/K9bQZiPiN5,,openstreetmap,1,+66949316969,ปทุมธานี,12000,overture (meta),overture:fdadc05b-d6d7-4120-bff9-22d50bcbc917
jiraphorn159@gmail.com,ช่างชง Open House,ช่างชง Open House,Mueang Pathum Thani District,Cafe,no,Low,0,,,,,openstreetmap,1,+66957845666,10 248,12000,overture (meta),overture:f574ac57-6acb-41d1-b38a-6aa2d8c30215
thanakitchat@gmail.com,ซีที แอร์เซอร์วิส,ซีที แอร์เซอร์วิส,Mueang Pathum Thani District,Restaurant,no,Low,0,,,,,openstreetmap,1,+66955783258,ต.บางพูน อ.เมืองปทุมธานี,12000,overture (meta),overture:45f7bdfa-3710-43af-82cf-b7b4f1e519d1
tolashi@hotmail.com,ต.ปลาหมึกย่าง น้ำจิ้มรสเด็ด,ต.ปลาหมึกย่าง น้ำจิ้มรสเด็ด,Mueang Pathum Thani District,Restaurant,no,Low,0,,,,,openstreetmap,1,+66816193642,52/503 หมู่บ้านเมืองเอก โครงการ4 ต.หลักหก อ.เมือง จ.ปทุมธานี,,overture (meta),overture:bf5f7cad-cbe8-4916-a9ae-052a373d7864
termsak.uplus@gmail.com,ต.ลาบเป็ดสกล & เมี่ยงปลาเผา,ต.ลาบเป็ดสกล & เมี่ยงปลาเผา,Mueang Pathum Thani District,Asian; Thai,no,Low,0,,,,,openstreetmap,1,,บางขัน-เชียงราก,12120,overture (meta),overture:54b4cf86-2559-4f05-9231-1465407e8795
tongchom.market@gmail.com,ตลาดต้องชม ตลาดน้ำวัดใหญ่สว่างอารมณ์ นนทบุรี,ตลาดต้องชม ตลาดน้ำวัดใหญ่สว่างอารมณ์ นนทบุรี,Mueang Pathum Thani District,Restaurant,no,Low,0,,,,,openstreetmap,1,,123,,overture (meta),overture:a14ad3c1-dbd6-4955-bfc9-e0d473d78f77
surachaic@live.com,ตาลหวาน สาขาสวนเทพปทุม,ตาลหวาน สาขาสวนเทพปทุม,Mueang Pathum Thani District,Restaurant,no,Low,0,,,,,openstreetmap,1,+66807725000,ตรงข้ามที่ว่าการอำเภอเมืองปทุมธานี,12000,overture (meta),overture:d16ed4f3-e6f2-4743-a1fd-f5643b25dc7f
auy_pnp@icloud.com,ตำนานเพชร TamnanPhet Bar&restaurant famous thai food,ตำนานเพชร TamnanPhet Bar&restaurant famous thai food,Mueang Pathum Thani District,Restaurant,no,Low,0,,,,,openstreetmap,1,+66972842495,Rangsit-Pathum Thani Rd,12000,overture (meta),overture:355103bb-90c0-40ba-ad06-f0234639c66c
peeintrend@hotmail.com,ตำสตอบะแหล,ตำสตอบะแหล,Mueang Pathum Thani District,Restaurant,no,Low,0,,,https://lin.ee/NUnKutJ,,openstreetmap,1,+66885058854,รังสิต เลขที่ 1067/5 ศูนย์อาหารหมู่บ้านสินธร,12000,overture (meta),overture:478652ff-0b3c-4952-8df1-16018e50db27
tumlaiipttps@gmail.com,ตำหลาย ปตท.พึ่งสุข,ตำหลาย ปตท.พึ่งสุข,Mueang Pathum Thani District,Asian; Thai,no,Low,0,,,,,openstreetmap,1,+66917042950,72/2 Moo 6,12000,overture (meta),overture:d9a95078-e5b5-4197-b7da-ba293f3fd680
haruethai28077@gmail.com,ตำแซ่บสุดซอย บางพูน,ตำแซ่บสุดซอย บางพูน,Mueang Pathum Thani District,Restaurant,no,Low,0,,,,,openstreetmap,1,+66917650298,"ตำแซ่บสุดซอย บางพูน, 53 1 ตำบล บางพูน เมือง ปทุมธานี",12000,overture (meta),overture:cafe892d-e957-41b0-b3cc-f55da5f2b614
chanyanut.rotamei@gmail.com,ตุ๊ก เกี๊ยวกรอบ,ตุ๊ก เกี๊ยวกรอบ,Mueang Pathum Thani District,Cafe,no,Low,0,,,,,openstreetmap,1,+66898195359,พลีโน่-รังสิต ซ. 2,12000,overture (meta),overture:87328801-1852-49f4-bad6-63c867b495b5
thungrosthungchart@gmail.com,ถึงรส ถึงชาติ - Café • Swimming pool • Restaurant,ถึงรส ถึงชาติ - Café • Swimming pool • Restaurant,Mueang Pathum Thani District,Cafe,no,Low,0,,,,,openstreetmap,1,+66630821756,126 โดมทอง วิลเลจ,12000,overture (meta),overture:99112738-8afa-48f3-bcf5-5a4aad8ef633
taweechokpathum14@gmail.com,ทวีโชคหมูกะทะ สาขาปทุมธานี,ทวีโชคหมูกะทะ สาขาปทุมธานี,Mueang Pathum Thani District,Restaurant,no,Low,0,,,,,openstreetmap,1,+66922585014,"ทวีโชคหมูกะทะ สาขา14 ปทุมธานี, 88/1 อำเภอเมืองปทุมธานี",12000,overture (meta),overture:7e2aa46b-0c9b-444b-b297-341e61feffd5
pranakornptn@gmail.com,นมสดพระนคร สาขาเมืองปทุม,นมสดพระนคร สาขาเมืองปทุม,Mueang Pathum Thani District,Cafe,no,Low,0,,,,,openstreetmap,1,+66636938000,ปทุมกรุงเทพ 18/260 ถนน,,overture (meta),overture:3a5aee31-4ca4-4791-bf3c-ff8a81ec3d52
naklaa.tnt@thefoodselection.co.th,นักล่าหมูกระทะ The Nine Tiwanon,นักล่าหมูกระทะ The Nine Tiwanon,Mueang Pathum Thani District,Restaurant,no,Low,0,,,,,openstreetmap,1,+66800459087,99/99 ถนน ติวานนท์,12000,overture (meta),overture:25964213-5019-4b05-b4e1-21700e29d600
sujidoll27@gmail.com,นัดตำสเตชั่น ร้านส้มตำบรรยากาศชิลล์ๆ ปทุมสายใน,นัดตำสเตชั่น ร้านส้มตำบรรยากาศชิลล์ๆ ปทุมสายใน,Mueang Pathum Thani District,Asian,no,Low,0,,,,,openstreetmap,1,+66811162755,,,overture (meta),overture:5960ec6d-1bd9-4222-93d6-5a585a03221a
pui_o_sky@hotmail.com,นัวbar on the Beach by Wilai,นัวbar on the Beach by Wilai,Mueang Pathum Thani District,Restaurant,no,Low,0,,,,,openstreetmap,1,+66988953314,ตรงข้ามแมคโครสาขาปทุมฯ (แยกสันติสุข),12000,overture (meta),overture:0dc3d67e-21d6-4360-abe9-58fec2545585
nuarsaab@gmail.com,นัวร์,นัวร์,Mueang Pathum Thani District,Asian; Thai,no,Low,0,,,https://nuarsaab.readyplanet.site/?fbclid=IwAR1a8JFr5QbMgpHbBcLldC_voLxV8XH-n2BgMwJXbGQTNh5iOGFUX8CWVt0,,openstreetmap,1,+66635969090,Awake Market,12000,overture (meta),overture:52e871a1-fb86-4cfe-adc0-6807fa85ce5c
nmprogression@hotmail.com,นาราพาแซ่บ ตำถืกปาก,นาราพาแซ่บ ตำถืกปาก,Mueang Pathum Thani District,Restaurant,no,Low,0,,,https://wongn.ai/1wgkj,,openstreetmap,1,,,,overture (meta),overture:31e184ca-fa4d-47a4-9a91-3b7544aec87e
newrichbuffet@gmail.com,นิวริช บุฟเฟ่ต์ - Newrich Buffet,นิวริช บุฟเฟ่ต์ - Newrich Buffet,Mueang Pathum Thani District,Asian; Korean,no,Low,0,Local,,https://lin.ee/qNtLZAb,support@wongnai.com,openstreetmap,1,+66833137778,นิวริชอพาร์ทเม้นต์ 4/9 Phatthana Samphan Rd,12000,overture (meta),overture:3d5ee98a-cbb4-4d8c-a67b-542893f20448
mind6666666@gmail.com,น้องไอซ์ปลาเผา,น้องไอซ์ปลาเผา,Mueang Pathum Thani District,Asian; Thai,no,Low,0,,,,,openstreetmap,1,+66902790379,ถนนปทุมฯ-นนทบุรี,12000,overture (meta),overture:495458f2-a6bd-472e-a629-4c18136d9276
s.kongkawin@gmail.com,น้ำส้มสด ภูเรือ กวินท์,น้ำส้มสด ภูเรือ กวินท์,Mueang Pathum Thani District,Restaurant,no,Low,0,,,,,openstreetmap,1,+66813498770,น้ำส้มสด ภูเรือ กวินท์,12000,overture (meta),overture:78cc0583-2e3d-4656-a542-e2f5ef8ac2b4
voonpa@gmail.com,น้ำหนึ่งหมึกย่าง,น้ำหนึ่งหมึกย่าง,Mueang Pathum Thani District,Restaurant,no,Low,0,,,,,openstreetmap,1,+66969150482,วิลเลท หมู่บ้านธารารินทร์ 40/68 ซ. 2,12000,overture (meta),overture:3affeb56-7c6f-40ec-ba44-07de8942ee58
tortongchai55@gmail.com,บอกต่อ OK,บอกต่อ OK,Mueang Pathum Thani District,Cafe,no,Low,0,,,,,openstreetmap,1,+66826720052,มบ.พฤกษา60 (บางพูน),12000,overture (meta),overture:9ffd80f0-8e8b-4d10-bab9-1a8bba778d02
13suthawee@gmail.com,บ้าน Coffee,บ้าน Coffee,Mueang Pathum Thani District,Cafe,no,Low,0,,,,,openstreetmap,1,+66637533887,10/61 ซอย 4,12000,overture (meta),overture:75f913ef-dae0-4558-9b90-383ee6fbb742
noon_2708@hotmail.com,บ้านกะหรี่พั๊ฟ เมืองเอก,บ้านกะหรี่พั๊ฟ เมืองเอก,Mueang Pathum Thani District,Bakery,no,Low,0,,,,,openstreetmap,1,+66845287227,บ้านกะ​หรี่พั๊ฟ​เมือง​เอก,12000,overture (meta),overture:ac2e4599-cc04-4663-a149-12828594c3d1
thassaya2120@gmail.com,บ้านคุณปู่ไกร กาแฟสด,บ้านคุณปู่ไกร กาแฟสด,Mueang Pathum Thani District,Cafe,no,Low,0,,,,,openstreetmap,1,+66817002623,ถนน ติวานนท์,12000,overture (meta),overture:533f9491-24ef-4262-bac3-05f36afb09cd
pnshop01@gmail.com,บ้านจันทิมา,บ้านจันทิมา,Mueang Pathum Thani District,Restaurant,no,Low,0,,,,,openstreetmap,1,+66804157528,,12000,overture (meta),overture:3fa5916a-d216-46e0-ad06-e26ebd08589e
baandockchan@gmail.com,บ้านดอกจันทน์ริมน้ำ Rim Nahm,บ้านดอกจันทน์ริมน้ำ Rim Nahm,Mueang Pathum Thani District,Asian; Thai,no,Low,0,,,,,openstreetmap,1,+6625812575,8 ถนน เทศบาลรังรักษ์ใต้,10900,overture (meta),overture:4ce8b60d-3f9e-49c7-b298-e3cd7d06c986
baannatan27@gmail.com,บ้านนาตาล -ไก่ย่างเขาสวนกวาง,บ้านนาตาล -ไก่ย่างเขาสวนกวาง,Mueang Pathum Thani District,Asian; Thai,no,Low,0,,,,,openstreetmap,1,+66885593616,47/7 ซอย น้ําหวาน,12000,overture (meta),overture:d71c25cc-4c8b-478c-b186-e82747754ee3
nuchpongin77@gmail.com,บ้านปู่ ล้างรถ นวดสุขภาพ,บ้านปู่ ล้างรถ นวดสุขภาพ,Mueang Pathum Thani District,Cafe,no,Low,0,,,,,openstreetmap,1,+66846372845,1 9,12000,overture (meta),overture:07b38bbd-bd76-4495-b97f-31ee7b345681
baanrungrimna@hotmail.com,บ้านรุ่งริมนา ก๋วยเตี๋ยว-สเต็ก,บ้านรุ่งริมนา ก๋วยเตี๋ยว-สเต็ก,Mueang Pathum Thani District,Restaurant,no,Low,0,,,,,openstreetmap,1,+66818203784,บ้านรุ่งริมนา ก๋วยเตี๋ยว-สเต็ก \n49 บางหลวง ตำบลบางหลวง อำเภอเมือง จ.ปทุมธานี 12000\n,12000,overture (meta),overture:030d8d28-38a9-4121-a6d7-e0e76ce7a385
spansatsadee@gmail.com,บ้านหนมจีน,บ้านหนมจีน,Mueang Pathum Thani District,Restaurant,no,Low,0,,,,,openstreetmap,1,+66891184138,สะพานปทุมธานี 1,12160,overture (meta),overture:7cc5e7df-abde-4884-b70c-b96cf146f1a3
e22ys@me.com,บ้านโรงสี(วัดฉาง),บ้านโรงสี(วัดฉาง),Mueang Pathum Thani District,Restaurant,no,Low,0,,,,,openstreetmap,1,+66617879893,"Pathumtanee sainai, 119/9 soi watchang",12000,overture (meta),overture:dc45ce34-242f-4c40-a2f9-33bf663cb213
pitipa3737@gmail.com,ประเสริฐ โภชนา,ประเสริฐ โภชนา,Mueang Pathum Thani District,Restaurant,no,Low,0,Local,,https://www.wongnai.com/restaurants/2500Dx-%E0%B8%9B%E0%B8%A3%E0%B8%B0%E0%B9%80%E0%B8%AA%E0%B8%A3%E0%B8%B4%E0%B8%90%E0%B9%82%E0%B8%A0%E0%B8%8A%E0%B8%99%E0%B8%B2,jokepae8214@gmail.com; l7ookl7ik@gmail.com; nickefoto53@gmail.com; permprayoon2@gmail.com; chayada.ws01@gmail.com,openstreetmap,1,+6625818037,79/123 หมู่2 หมู่บ้านทัศชัยวิลล่า Thetsaban 5,12000,overture (meta),overture:762c161c-0106-41eb-ae25-7dd44bad7fdb
papaicafe.2022@gmail.com,"ป่าไผ่ คาเฟ่""- Papai cafe 竹林","ป่าไผ่ คาเฟ่""- Papai cafe 竹林",Mueang Pathum Thani District,Cafe,no,Low,0,,,,,openstreetmap,1,,XH76+M5,12000,overture (meta),overture:3438f3e8-03c7-4923-8f78-b1439cd4ba37
lapmukdahan@hotmail.com,ป้าตุ้ย ลาบมุกดาหาร,ป้าตุ้ย ลาบมุกดาหาร,Mueang Pathum Thani District,Restaurant,no,Low,0,,,,,openstreetmap,1,+66963061819,Pathum Thani-Sai Nai Alley,12000,overture (meta),overture:a3cd1862-06bb-4ade-b316-3a7bb0a4fdd0
c6132040511@gmail.com,ผัดเจริญ กระเพราโบราณ,ผัดเจริญ กระเพราโบราณ,Mueang Pathum Thani District,Restaurant,no,Low,0,,,,,openstreetmap,1,+66982938863,,,overture (meta),overture:b621cdf5-5c05-42da-ba7b-7aa6dc4fc101
8seanpadthai@gmail.com,ผัดไทย 8 เซียน (ซอยวัดมะขาม),ผัดไทย 8 เซียน (ซอยวัดมะขาม),Mueang Pathum Thani District,Asian; Thai,no,Low,0,,,,,openstreetmap,1,+66827845977,ตรงข้าม Soi Wat Ma Kham,12000,overture (meta),overture:48df5a26-80c4-4b28-8feb-5bcf2fa72bc2
cartoon711559@gmail.com,ผัดไทย ชายคลอง บางคูวัด,ผัดไทย ชายคลอง บางคูวัด,Mueang Pathum Thani District,Cafe,no,Low,0,Local,,https://wongn.ai/21dz7U,support@lmwn.com; pr@lmwn.com,openstreetmap,1,+66652035801,"ตำบล, บางคูวัด เมือง ",12000,overture (meta),overture:632d3f12-6808-4fb1-b2c4-ad29aa4e93c1
jaemillnaylert.onlinefood@gmail.com,ผัดไทยทรงเครื่อง เจ้มิวนายเลิศ,ผัดไทยทรงเครื่อง เจ้มิวนายเลิศ,Mueang Pathum Thani District,Asian; Thai,no,Low,0,,,,,openstreetmap,1,+66637415388,ถนนปทุมธานี-สามโคก,,overture (meta),overture:c50c2899-4190-463c-8101-ef90c6e2852f
pordee.bkw@gmail.com,พอดี สเต็กบางคูวัด,พอดี สเต็กบางคูวัด,Mueang Pathum Thani District,Restaurant,no,Low,0,,,,,openstreetmap,1,+66615359366,11 หมู่11,12000,overture (meta),overture:9bfdf94a-47d1-4205-92fb-0424b59804f8
namfonwp.store@gmail.com,พัดชา กาแฟ - Patcha Coffee,พัดชา กาแฟ - Patcha Coffee,Mueang Pathum Thani District,Cafe,no,Low,0,,,https://lin.ee/y0upxi6,,openstreetmap,1,+66616032936,131/21 หมู่ 2,12000,overture (meta),overture:0e78a726-02ab-49b3-8808-0b9705411ee1
pizzapathumthani@gmail.com,พิซซ่าบางกอกชีสทะลัก ปทุมธานี,พิซซ่าบางกอกชีสทะลัก ปทุมธานี,Mueang Pathum Thani District,Restaurant,no,Low,0,,,,,openstreetmap,1,+66933389693,126/16 หมู่ 7 หมู่บ้านภัทรนิเวศน์ , 12000,overture (meta),overture:af3d75ea-c625-4a76-99a2-489bbc93ba15
banparklog@gmail.com,ภัตตาคารบ้านปากคลอง เพจหลัก,ภัตตาคารบ้านปากคลอง เพจหลัก,Mueang Pathum Thani District,Asian; Thai,no,Low,0,,,,,openstreetmap,1,+66848792738,21/1 หมู่ 4 ตำบลบางหลวง อำเภอเมือง,12000,overture (meta),overture:b42afd97-dcf9-4e45-9774-670870e2533f
panisaraeif2531@gmail.com,มหาชัยไอศกรีมกะทิสด By อุ๊ปอีฟ - ตัวแทนจำหน่าย,มหาชัยไอศกรีมกะทิสด By อุ๊ปอีฟ - ตัวแทนจำหน่าย,Mueang Pathum Thani District,Ice cream,no,Low,0,Local,,http://icecream-mahachai.com/salepage/icecream_mahachai-salepage.aspx,,venue website,1,+66953396878,6 ปทุมธานี-สายใน,12000,overture (meta),overture:ca4b7b50-0231-495c-8139-1d034c6fcad6
muntokkung@gmail.com,มันส์ตกกุ้ง,มันส์ตกกุ้ง,Mueang Pathum Thani District,Restaurant,no,Low,0,,,,,openstreetmap,1,+66927032499,17 195 หมู่ 3 ถนนเลียบ,12000,overture (meta),overture:3cf957d9-08d1-4d3c-8a49-634bc8e392fe
tzone40@hotmail.com,มันส์ต้องไหล,มันส์ต้องไหล,Mueang Pathum Thani District,Restaurant,no,Low,0,,,,,openstreetmap,1,+66835455553,บ้านแจ่มจันทร์ ณ. นวนคร https://share.google/S00xJHr6vSGrEC8ME,12000,overture (meta),overture:ccc8ca3b-d2ff-4d83-b110-416c01b30d4c
animon_13@hotmail.com,มาต่ะแกงใต้ นครศรีฯ,มาต่ะแกงใต้ นครศรีฯ,Mueang Pathum Thani District,Restaurant,no,Low,0,,,,,openstreetmap,1,+66814867744,99 บจก.ปิโตเลียม,12000,overture (meta),overture:bb671f78-c05b-4a0c-90eb-fe9b326758db
2.noonnan@gmail.com,มาร์ฟินแจ่วฮ้อน รสเด็ด,มาร์ฟินแจ่วฮ้อน รสเด็ด,Mueang Pathum Thani District,Restaurant,no,Low,0,,,,,openstreetmap,1,+66630989398,88/99 บางเดื่อ เมือง ปทุมธานี,12000,overture (meta),overture:78903695-ee6e-4743-9ef0-1674233856d3
missilezapp@gmail.com,มิสไซล์แซ่บ,มิสไซล์แซ่บ,Mueang Pathum Thani District,Restaurant,no,Low,0,,,,,openstreetmap,1,+66955562301,22/3 หมู่ 6 ตำบลบางหลวง อำเภอเมืองปทุม จังหวัดปทุมธานี,12000,overture (meta),overture:b085e230-698b-45a0-ac08-f001c327bf55
gizmoshootout@gmail.com,มื้อเที่ยง,มื้อเที่ยง,Mueang Pathum Thani District,Cafe,no,Low,0,,,,,openstreetmap,1,+66819150146,120/2 หมู่ 2 ถนน ติวานนท์ ตำบล บางกะดี อำเภอ เมืองปทุมธานี จังหวัด ปทุมธานี,12000,overture (meta),overture:18ef8e3f-6e1f-4abf-adfa-e63df15c32b9
promtandeli@gmail.com,ม่อนดองบุฟเฟ่ต์ By แหนมเนืองบ้านก้อย,ม่อนดองบุฟเฟ่ต์ By แหนมเนืองบ้านก้อย,Mueang Pathum Thani District,Asian,no,Low,0,,,,,openstreetmap,1,+66614399459,3 Tiwanon Rd,12000,overture (meta),overture:9e6c33c8-15f4-4f0c-b7df-ccfd533b2395
youngjet30@hotmail.com,ย.ยักษ์ ตำหมากหุ่ง,ย.ยักษ์ ตำหมากหุ่ง,Mueang Pathum Thani District,Restaurant,no,Low,0,,,,,openstreetmap,1,+66896668359,เลขที่ 55/7 หมู่ 3 หมู่บ้าน เมืองเอก โครงการ 6 ถนน Ek Charoen,12000,overture (meta),overture:629b7587-1db3-423c-bb63-f0b7c95c9b13
loogmoonok19@gmail.com,ยกโอ่ง ก๋วยเตี๋ยวไก่ตุ๋น หมูตุ๋น หมูน้ำตก,ยกโอ่ง ก๋วยเตี๋ยวไก่ตุ๋น หมูตุ๋น หมูน้ำตก,Mueang Pathum Thani District,Restaurant,no,Low,0,,,,,openstreetmap,1,+66865645933,Living residence รังสิต-ราชพฤกษ์  ถนนเลียบคลองวัดโคก ตำบลบางพูน,12000,overture (meta),overture:63b35f88-22b8-4521-989f-b3dbd3665377
phumes.song@gmail.com,ยำซี๊ดดแซ่บ รังสิต,ยำซี๊ดดแซ่บ รังสิต,Mueang Pathum Thani District,Restaurant,no,Low,0,,,,,openstreetmap,1,+66914524445,889/8 ถนน เอกทักษิณ,12000,overture (meta),overture:a31690d4-5f0b-430e-8f76-701d363434cf
pichittreethaisong@gmail.com,ยำมงลง ตลาดสัมมากร-เมืองเอก,ยำมงลง ตลาดสัมมากร-เมืองเอก,Mueang Pathum Thani District,Restaurant,no,Low,0,,,,,openstreetmap,1,+66803671792,,,overture (meta),overture:178b711d-4ba2-4969-9695-a1aa54042d23
patcha.0730@gmail.com,ยำอาโหร่ย ยำ20บาท,ยำอาโหร่ย ยำ20บาท,Mueang Pathum Thani District,Restaurant,no,Low,0,,,,,openstreetmap,1,,ซ่อมสร้าง-รังสิต,12000,overture (meta),overture:8f82b0c8-7264-4285-92ec-b448e1f39c2f
euphoriaroaster@gmail.com,ยูโฟเรียสโลว์บาร์คอฟฟี่,ยูโฟเรียสโลว์บาร์คอฟฟี่,Mueang Pathum Thani District,Cafe,no,Low,0,,,,,openstreetmap,1,,"The connect, 198/13, Bang Prok, Pathum Thani 12000",12000,overture (meta),overture:63e7fa4e-3706-4cfd-b76c-75497a278c13
pinraya1234@gmail.com,ย่างให้,ย่างให้,Mueang Pathum Thani District,Restaurant,no,Low,0,Local,,https://wongn.ai/9jq1g,support@wongnai.com,openstreetmap,1,+66909634614,23 144 Soi Mu Ban Thammasuthi,12000,overture (meta),overture:97a2802d-554e-4321-8eff-74a98e12c2bf
n_ya2520@hotmail.co.th,ย่าพวงขนมไทย,ย่าพวงขนมไทย,Mueang Pathum Thani District,Cafe,no,Low,0,,,,,openstreetmap,1,+66819346744,111/213 หมู่5 ถนนปทุมธานี-กรุงเทพฯ ตำบลบางเดื่อ อำเภอเมืองปทุมธานี จังหวัดปทุมธานี,12000,overture (meta),overture:01b3db02-6b33-46a0-9ac5-1a89ece3d5d0
puran.ntk@gmail.com,รุ่งเรืองโบราณ,รุ่งเรืองโบราณ,Mueang Pathum Thani District,Cafe,no,Low,0,,,,,openstreetmap,1,+66918618379,72/150 หมู่บ้านมณีรินทร์เลคแอนด์พาร์ค,12000,overture (meta),overture:0fa714ef-940c-4080-871a-890e45eea7b7
kitchenplus@hotmail.com,ร้าน กาแฟนมสด ข้าง มหาวิทยาลัย รังสิต หน้าร้านเสริมสวย จุ๊บ ดีไซน์,ร้าน กาแฟนมสด ข้าง มหาวิทยาลัย รังสิต หน้าร้านเสริมสวย จุ๊บ ดีไซน์,Mueang Pathum Thani District,Cafe,no,Low,0,,,,,openstreetmap,1,,มหนวิทยาลัยรังสิต หน้าร้านเสริมสวย จุ๊บ ดีไซน์ 52/120-3 ข้าง มหาวิทยาลัย รังสิต,12000,overture (meta),overture:27003ba5-a232-44d2-a076-819bc23c62b8
nidnoy1993@gmail.com,ร้าน ครัวในบ้าน,ร้าน ครัวในบ้าน,Mueang Pathum Thani District,Asian; Thai,no,Low,0,,,,,openstreetmap,1,+66908966358,99/8 หมู่ที่2 ,12140,overture (meta),overture:fb11b8d0-2872-41c0-8180-8201fcaf3b77
joyodsa@gmail.com,ร้าน เจ๊มลกุยช่าย,ร้าน เจ๊มลกุยช่าย,Mueang Pathum Thani District,Asian; Thai,no,Low,0,,,,,openstreetmap,1,+66898193452,Wat San Chao Market,12000,overture (meta),overture:d29d94aa-787e-449b-8f1f-2b62f7c93188
chabua.milktea@gmail.com,ร้านCha-Bua,ร้านCha-Bua,Mueang Pathum Thani District,Restaurant,no,Low,0,,,,,openstreetmap,1,+66959602919,ถ. 345,12000,overture (meta),overture:d6943816-d4d9-44ce-9052-85936452a283
samsung18022531@gmail.com,ร้านchapotter,ร้านchapotter,Mueang Pathum Thani District,Restaurant,no,Low,0,,,,,openstreetmap,1,,71 ม.4 ซ.วัดบางพูน ถ.รังสิต-ปทุมธานี ต.บางพูน,12000,overture (meta),overture:bf3ca520-f8ae-4f28-b6b6-256f66ab226e
amorratsongserm@gmail.com,ร้านกอไผ่,ร้านกอไผ่,Mueang Pathum Thani District,Restaurant,no,Low,0,,,,,openstreetmap,1,+66947654669,115/589 หมู่บ้านเมืองประชา,12000,overture (meta),overture:402895b4-a330-475d-81d9-e54aba05f243
maylisey99@gmail.com,ร้านกาแฟ Maylisey,ร้านกาแฟ Maylisey,Mueang Pathum Thani District,Cafe,no,Low,0,,,,,openstreetmap,1,+6629782632,16/9 ม.2 ต.บางหลวง อ.เมือง จ.ปทุมธานี,12000,overture (meta),overture:a78b2c72-eb20-4876-82bd-70eafe8eb508
pupaie.b@gmail.com,ร้านกาแฟ คาเฟ่ ย่านลำลูกกา Chacool Cafe',ร้านกาแฟ คาเฟ่ ย่านลำลูกกา Chacool Cafe',Mueang Pathum Thani District,Cafe,no,Low,0,,,,,openstreetmap,1,+66652298244,52 ถนน รังสิต-นครนายก,12110,overture (meta),overture:11ed104b-f786-4cff-aad5-8e751f9726e7
pongsaktoa1984@gmail.com,ร้านกุ้งสามพี่น้อง ตลาดฐานเพรชปทุม,ร้านกุ้งสามพี่น้อง ตลาดฐานเพรชปทุม,Mueang Pathum Thani District,Restaurant,no,Low,0,,,,,openstreetmap,1,+66621238129,ติวานนท์,12000,overture (meta),overture:58e2b721-ba36-49b8-9551-e704b0bfcae0
cpee86@gmail.com,ร้านกุ้งเผา2วัน,ร้านกุ้งเผา2วัน,Mueang Pathum Thani District,Restaurant,no,Low,0,,,,,openstreetmap,1,+66925985831,"16, 19 307",12000,overture (meta),overture:b40849d5-0bb4-4940-b902-bb82ebb2a165
maleeko_74@hotmail.co.th,ร้านก๋วยเตี๋ยว ฅน ละ มุม-ซอยวัดดาว,ร้านก๋วยเตี๋ยว ฅน ละ มุม-ซอยวัดดาว,Mueang Pathum Thani District,Restaurant,no,Low,0,,,https://maps.apple.com/?ll=14.036503%2C100.575604&q=%E0%B8%85%E0%B8%99%E0%B8%A5%E0%B8%B0%E0%B8%A1%E0%B8%B8%E0%B8%A1&_ext=EiQpzQkoiLASLEAxRWKzsNYkWUA5zQkoiLASLEBBRWKzsNYkWUA%3D&t=m,,openstreetmap,1,+66896991206,"ซอย บางพูด 2, บางพูด, ปทุมธานี 12000, ประเทศไทย",12000,overture (meta),overture:de2bd4a2-4336-4969-a2b3-39591f5ec77d
saharad3060@gmail.com,ร้านก๋วยเตี๋ยวฉันประถม1,ร้านก๋วยเตี๋ยวฉันประถม1,Mueang Pathum Thani District,Asian; Japanese,no,Low,0,,,,,openstreetmap,1,+66928170917,,12000,overture (meta),overture:bb4238ec-e3e3-4d34-aeb0-e3c6d2232a43
komsaksoomkoy@gmail.com,ร้านก๋วยเตี๋ยวป้าอร,ร้านก๋วยเตี๋ยวป้าอร,Mueang Pathum Thani District,Asian; Japanese,no,Low,0,,,,,openstreetmap,1,+66925050541,,,overture (meta),overture:d9e7ff35-9d8e-480f-b92e-2106ef69fdea
lovemeeone2499@gmail.com,ร้านก๋วยเตี๋ยวไก่มะระ บุฟเฟต์ Yuri,ร้านก๋วยเตี๋ยวไก่มะระ บุฟเฟต์ Yuri,Mueang Pathum Thani District,Restaurant,no,Low,0,,,,,openstreetmap,1,+66658320901,พุทธมณฑล สาย2,,overture (meta),overture:f140f27c-8b73-4a89-8494-b46b563bd0da
ricemixed345@gmail.com,ร้านข้าวคลุกกะปิ คุณย่า,ร้านข้าวคลุกกะปิ คุณย่า,Mueang Pathum Thani District,Restaurant,no,Low,0,,,,,openstreetmap,1,+66947825333,ซอย,12000,overture (meta),overture:ec5e0af9-10ac-4f62-b6d6-149dca7c0e3a
vickewilaiporn@gmail.com,ร้านข้าวซอยแม่ผ่อง,ร้านข้าวซอยแม่ผ่อง,Mueang Pathum Thani District,Restaurant,no,Low,0,,,,,openstreetmap,1,+66944966028,65/1 ถนนเทพบำรุง,12000,overture (meta),overture:f22c6305-786e-49ec-bc3c-65669a80de8f
sugunta256@gmil.com,ร้านครัวนำโชค,ร้านครัวนำโชค,Mueang Pathum Thani District,Takeaway,no,Low,0,,,,,openstreetmap,1,+66844601617,XH8Q+V3 ตำบล หลักหก อำเภอเมืองปทุมธานี ปทุมธานี,12000,overture (meta),overture:ec19447c-7c1a-4113-b10f-baf000534daa
toladytatar@gmail.com,ร้านคุณน้อยเมืองเอก ตลาดเมืองเอกพลาซ่า,ร้านคุณน้อยเมืองเอก ตลาดเมืองเอกพลาซ่า,Mueang Pathum Thani District,Asian; Thai,no,Low,0,,,,,openstreetmap,1,+66895015666,ตลาดนัด เมืองเอกพลาซ่า,12000,overture (meta),overture:50a6e564-fbdd-45c0-a0a2-6a6f4a2e9a95
iphone6wat99@gmail.com,ร้านตำบักหุ่ง By เจ๊จอย,ร้านตำบักหุ่ง By เจ๊จอย,Mueang Pathum Thani District,Restaurant,no,Low,0,,,,,openstreetmap,1,+66956451263,ถนน ซ่อมสร้าง\n,,overture (meta),overture:2a7f4e9b-a289-43ee-9c01-5c48d1d377dd
bangbery@gmail.com,ร้านต่อจิ้มจุ่ม ข้าวต้มโต้รุ่ง หลังม.รังสิต,ร้านต่อจิ้มจุ่ม ข้าวต้มโต้รุ่ง หลังม.รังสิต,Mueang Pathum Thani District,Restaurant,no,Low,0,,,,,openstreetmap,1,+66917869906,"นาวงพัฒนา 5, หลักหก, ปทุมธานี 12000, ประเทศไทย",12000,overture (meta),overture:ea15f895-3ae7-47e8-a0f6-4fe17b4168a9
kamolpranee2526@gmail.com,ร้านน้องคิวท์หมูกระทะ,ร้านน้องคิวท์หมูกระทะ,Mueang Pathum Thani District,Restaurant,no,Low,0,,,,,openstreetmap,1,+66877056513,90 1 Na Wong Pracha Patthana Rd,12000,overture (meta),overture:98fb21db-2cf8-406b-8a0c-01fe5520fca1
watsakorn99@gmail.com,ร้านป๊อก 9,ร้านป๊อก 9,Mueang Pathum Thani District,Restaurant,no,Low,0,Local,,http://www.computerkorat.blogspot.com/,,venue website,1,+66983625532,18 3,12000,overture (meta),overture:e9e28f91-1492-449b-b4b5-2d013935f0ca
lukpaisal@yahoo.co.th,ร้านผัดไทยโบราณป๊าไก่,ร้านผัดไทยโบราณป๊าไก่,Mueang Pathum Thani District,Restaurant,no,Low,0,,,,,openstreetmap,1,+66818603236,111 1 ซอยA47,12000,overture (meta),overture:84cf2424-2c36-488b-9a7a-645e67210325
nokdimo@gmail.com,ร้านมะพร้าวน้ำหอมปั่น,ร้านมะพร้าวน้ำหอมปั่น,Mueang Pathum Thani District,Cafe,no,Low,0,,,,,openstreetmap,1,+66645578695,"55/, ชุมชนเพชรปทุม ซอย 16 สามโคก",12000,overture (meta),overture:6c799880-3246-496d-b406-34cbe6c575eb
nuunamza_2538@hotmail.com,ร้านมีตังค์ ก๋วยเตี๋ยวสูตรโบราณ,ร้านมีตังค์ ก๋วยเตี๋ยวสูตรโบราณ,Mueang Pathum Thani District,Restaurant,no,Low,0,,,,,openstreetmap,1,+66954753452,ร้านเปิดขายด้านข้างบ้านติดถนนเมน4เลนในหมู่บ้าน 65/2soi B9 หมู่5,12000,overture (meta),overture:223d6637-6bf1-483f-a9eb-84975b194589
yuththsrakaew056@gmail.com,ร้านยางติดดินยางใหม่ค้างปีเลียบคลองเปรม,ร้านยางติดดินยางใหม่ค้างปีเลียบคลองเปรม,Mueang Pathum Thani District,Restaurant,no,Low,0,,,,,openstreetmap,1,+66875596781,รังสิต_ปทุมธานี. เลียบคลองเปรมประชากร_,,overture (meta),overture:04045dae-d420-44bb-8d73-189072155b99
pavineekung0505@gmail.com,ร้านยำแอบแซ่บ บางกะดี,ร้านยำแอบแซ่บ บางกะดี,Mueang Pathum Thani District,Restaurant,no,Low,0,Local,,https://wongn.ai/myj85,support@lmwn.com; pr@lmwn.com,openstreetmap,1,+66647635683,,,overture (meta),overture:7cff8b01-af6e-4970-a807-dd83c434da89
tawatchai.ponthai@gmail.com,ร้านรีวิวก๋วยเตี๋ยวเรือ ข้าวผัดกระเพรา ผัดไทยกุ้งใหญ่,ร้านรีวิวก๋วยเตี๋ยวเรือ ข้าวผัดกระเพรา ผัดไทยกุ้งใหญ่,Mueang Pathum Thani District,Restaurant,no,Low,0,,,,,openstreetmap,1,+66632479137,LPG ม.5ติดป้ายรถเมล์ ริมถนนซ่อมสร้าง ตรงข้ามกับปั๊มแก๊ส โรงเรียนรังสิตวิทยา,12000,overture (meta),overture:f5abd669-e4a2-46ba-a4de-ef4227cbfe1c
chaleeyamookmik17@gmail.com,ร้านลาบยโสลุงหมาน แฟลตปลาทอง,ร้านลาบยโสลุงหมาน แฟลตปลาทอง,Mueang Pathum Thani District,Restaurant,no,Low,0,,,,,openstreetmap,1,+66907764286,,,overture (meta),overture:f7c33c4b-faf3-47e5-9452-e74b239fd3c1
rungruedeesamrannet@gmail.com,ร้านลูกชิ้นทอดรุ่งฤดี น้ำจิ้มรสเด็ด,ร้านลูกชิ้นทอดรุ่งฤดี น้ำจิ้มรสเด็ด,Mueang Pathum Thani District,Restaurant,no,Low,0,,,https://wongn.ai/mkolx,,openstreetmap,1,+66658622926,ตึก66 ห้อง10 334/10,12000,overture (meta),overture:25818dc9-49c8-40f5-a78d-6e5d6608e41f
misterbearsteak@gmail.com,ร้านสเต็กพี่หมี,ร้านสเต็กพี่หมี,Mueang Pathum Thani District,Restaurant,no,Low,0,,,https://lin.ee/fy67uCb,,openstreetmap,1,+66991522282,ร้านสเต็กพี่หมี ตลาดพูนลาภ 24/159 ถ.ปทุมธานี-กรุงเทพฯ,12000,overture (meta),overture:8edbd694-f2f2-4262-9067-0a6e9c961f6c
mukarinn.s@gmail.com,ร้านส้มตำผู้ชายขายหอย สาขา เมืองปทุม,ร้านส้มตำผู้ชายขายหอย สาขา เมืองปทุม,Mueang Pathum Thani District,Restaurant,no,Low,0,,,,,openstreetmap,1,+66882462224,9 ซอย 28,12000,overture (meta),overture:0e05315d-54be-4a2d-a9c3-68ba5b2f7bbf
pat.khae@gmail.com,ร้านหอมปิ่นโต “Hom-pinto”,ร้านหอมปิ่นโต “Hom-pinto”,Mueang Pathum Thani District,Restaurant,no,Low,0,,,,,openstreetmap,1,+66621017979,ร้านหอมปิ่นโต 71/509​ ม.เมืองเอกโครงการ4​  ถนนพหลโยธิน 87 ตำบลหลักหก อำเภอเมือง ,12000,overture (meta),overture:3b594489-83b1-4ca9-b8fa-6d1348d1f553
cdcdecor2@hotmail.com,ร้านอาหารcandle House ริมน้ำเจ้าพระยา,ร้านอาหารcandle House ริมน้ำเจ้าพระยา,Mueang Pathum Thani District,Asian; Thai,no,Low,0,,,https://www.cdcdecor.com,,openstreetmap,1,,ปทุมธานี,,overture (meta),overture:2aa7ef6c-00df-4c29-9386-edb9b650dd95
supawansaeyig2521@gmail.com,ร้านอาหารบ้านกึ่งน้ำ,ร้านอาหารบ้านกึ่งน้ำ,Mueang Pathum Thani District,Restaurant,no,Low,0,,,,,openstreetmap,1,+6621573634,55/5 ม.11,12000,overture (meta),overture:aed1da4f-bbf5-4135-9ede-72e3b702006a
twanida529@gmail.com,ร้านอาหารบ้านใหม่ชายคลอง,ร้านอาหารบ้านใหม่ชายคลอง,Mueang Pathum Thani District,Restaurant,no,Low,0,,,,,openstreetmap,1,+66927496455,ติวานนท์-รังสิต,12000,overture (meta),overture:2e28f188-65eb-4973-83aa-875738064307
chobthrumbi@gmail.com,ร้านอาหารอิสลาม,ร้านอาหารอิสลาม,Mueang Pathum Thani District,Restaurant,no,Low,0,,,,,openstreetmap,1,+66811023435,1 ถนน สุขุมวิท,10110,overture (meta),overture:9f18841d-24aa-475c-a5ab-f628d71e6687
candle.maenam@gmail.com,ร้านอาหารแม่น้ำ,ร้านอาหารแม่น้ำ,Mueang Pathum Thani District,Restaurant,no,Low,0,,,,,openstreetmap,1,+66817191396,39 ถนนประชานิยม ต.บางปรอก อ.เมือง จ.ปทุมธานี,12000,overture (meta),overture:5a19c75c-a45b-4cad-8b75-e4d24627d79c
nut-sbsgroup@hotmail.com,ร้านอาหารไทย รส42,ร้านอาหารไทย รส42,Mueang Pathum Thani District,Restaurant,no,Low,0,,,,,openstreetmap,1,+66902459999,4/2 ซอย ศรีปทุม 1,12000,overture (meta),overture:5066c60c-251e-447a-a834-aeb7ae15b082
koy_ch1@hotmail.com,ร้านอ้วนข้าวมันไก่ตอน,ร้านอ้วนข้าวมันไก่ตอน,Mueang Pathum Thani District,Restaurant,no,Low,0,,,,,openstreetmap,1,+66869030222,68หมู่ 7 หมู่บ้านเอื้อประชารังสิต ต.สวนพริกไทย อ.เมืองปทุมธานี,12000,overture (meta),overture:7f573755-f60a-46f8-95b4-8d04359b8f01
mpiriwan@hotmail.com,ร้านเครปป้าหน่อง,ร้านเครปป้าหน่อง,Mueang Pathum Thani District,Restaurant,no,Low,0,,,,,openstreetmap,1,+66956966074,177 204 นาวงพัฒนา 4,12000,overture (meta),overture:4a7b2200-4f39-4d3f-81dd-44ecb9e116e0
ceoheart13@gmail.com,ร้านเพื่อนกัน ปทุมธานี,ร้านเพื่อนกัน ปทุมธานี,Mueang Pathum Thani District,Asian; Thai,no,Low,0,,,,,openstreetmap,1,+66841242659,1 ปทุมธานี-สายใน,12000,overture (meta),overture:2264993d-81d9-44df-bf56-e52b8c0c98ed
ranrearangsit77@gmail.com,ร้านเรา รังสิต,ร้านเรา รังสิต,Mueang Pathum Thani District,Restaurant,no,Low,0,,,,,openstreetmap,1,+66984904804,77/8 ม.7 ตำบลหลักหก อำเภอเมืองปทุมธานี ปทุมธานี,12000,overture (meta),overture:51854211-aa04-4844-a316-156c2c3d3b20
kiyangrimbung@gmail.com,ร้านไก่ย่างริมบึง,ร้านไก่ย่างริมบึง,Mueang Pathum Thani District,Restaurant,no,Low,0,,,,,openstreetmap,1,+66909879870,Pathum Thani-Sai Nai Alley,12000,overture (meta),overture:cb18388e-c9d2-49ab-b56b-6018df5c14e0
lanna.official9@gmail.com,ลานนา - เมืองเอก รังสิต,ลานนา - เมืองเอก รังสิต,Mueang Pathum Thani District,Asian; Thai,no,Low,0,,,https://lin.ee/hGeOePy,,openstreetmap,1,+66867702397,51/059 เอกทักษิณ 2,12000,overture (meta),overture:f3c41f44-1de7-4c91-8339-b6f0bfbb7806
chelseatn7@gmail.com,ลีลาเด็ดอัญชัน ก๋วยเตี๋ยวหมูต้มยำสุโขทัยสาขา1,ลีลาเด็ดอัญชัน ก๋วยเตี๋ยวหมูต้มยำสุโขทัยสาขา1,Mueang Pathum Thani District,Asian; Thai,no,Low,0,,,,,openstreetmap,1,+66821377549,ตำบลบ้านกลาง,12000,overture (meta),overture:d9760eaa-b3d4-4d44-9db6-2cce89223d78
pratumkaew123456789@gmail.com,ลุงยอยปูไข่ดอง สาขาบางคูวัด,ลุงยอยปูไข่ดอง สาขาบางคูวัด,Mueang Pathum Thani District,Restaurant,no,Low,0,,,,,openstreetmap,2,+66987466353,,12000,overture (meta),overture:a1f9b7db-eacf-4f3c-9f86-25a395673465
chef.uan.bbq@hotmail.com,ลุงอ้วนเหนียวห่อ ปากทางเข้าหมู่บ้านสินธร บางพูน-รังสิต,ลุงอ้วนเหนียวห่อ ปากทางเข้าหมู่บ้านสินธร บางพูน-รังสิต,Mueang Pathum Thani District,Restaurant,no,Low,0,,,,,openstreetmap,1,+66819601264,เข้ามา 20 เมตร อยู่ขวามือ หมู่ที่ 3 ปากทางเข้า Rangsit-Pathum Thani 43 Alley,12000,overture (meta),overture:6f74eb86-3729-411d-9a45-7a99ea3550f4
praewpananuwat4444@gmail.com,ลูกชิ้นหมู สี่แยกบางพลู หมูกรอบหมูแดง สูตรนครปฐม สาขาบางคูวัด,ลูกชิ้นหมู สี่แยกบางพลู หมูกรอบหมูแดง สูตรนครปฐม สาขาบางคูวัด,Mueang Pathum Thani District,Takeaway,no,Low,0,,,,,openstreetmap,1,+66643504885,307,12000,overture (meta),overture:73a18b0a-129f-4f87-b1fe-fadddbb2e67a
ratcy1@gmail.com,ล้าน หนมจีน,ล้าน หนมจีน,Mueang Pathum Thani District,Asian; Chinese,no,Low,0,,,,,openstreetmap,1,+66897889462,52/144 ต.หลักหก อ.เมืองปทุมธานี 12000,12000,overture (meta),overture:caf4f2fa-8a18-4aa4-8b54-20e8b270e13a
siwarina@hotmail.com,วัฒนะ,วัฒนะ,Mueang Pathum Thani District,Asian; Thai,no,Low,0,,,,,openstreetmap,1,+66865703512,"19, Hwy 345 Frontage Rd",12000,overture (meta),overture:986f2fd2-7831-4ddc-9c64-59f920f3f3ce
srifa.pte@gmail.com,ศรีฟ้าเบเกอรี่ สาขาเมืองปทุมธานี ขนมจัดเบรค Srifa Bakery Snackbox,ศรีฟ้าเบเกอรี่ สาขาเมืองปทุมธานี ขนมจัดเบรค Srifa Bakery Snackbox,Mueang Pathum Thani District,Bakery,no,Low,0,,,,,openstreetmap,1,+66993653299,"ศรีฟ้าเบเกอรี่ สาขาเมืองปทุมธานี, 119 เมือง ปทุมธานี",12000,overture (meta),overture:4276950d-af77-49c2-b2ed-be0f814e5bfb
aongfong27@gmail.com,สถานีหายหิว,สถานีหายหิว,Mueang Pathum Thani District,Cafe,no,Low,0,,,,,openstreetmap,1,,,,overture (meta),overture:721c6ca9-2b0c-44ff-9d39-3669970e3246
kkforwork.p@gmail.com,สมใจปัง Milk & Toast,สมใจปัง Milk & Toast,Mueang Pathum Thani District,Restaurant,no,Low,0,,,,,openstreetmap,1,+66650566654,55/25 หมู่บ้านเมืองเอก ถนนเอกเจริญ,12000,overture (meta),overture:5c8d570b-c396-4fc7-a44e-4e3a5f227f51
sogood.rangsit@gmail.com,สร้างทีมประกันออนไลน์ by P.P.,สร้างทีมประกันออนไลน์ by P.P.,Mueang Pathum Thani District,Asian; Thai,no,Low,0,,,,,openstreetmap,1,+66646109317,เมืองทองธานี,11120,overture (meta),overture:994ecbf3-81aa-4a8c-bab8-00938ab09078
tonnamgarden@gmail.com,สวนต้นน้ำ Tonnam garden little salad shop,สวนต้นน้ำ Tonnam garden little salad shop,Mueang Pathum Thani District,Restaurant,no,Low,0,,,,,openstreetmap,1,+66814414422,Ek Burapha Rd,12000,overture (meta),overture:f710bebc-5e6a-4129-ac78-bde1c33f0622
kritled@gmail.com,สวนปู่กฤษณ์,สวนปู่กฤษณ์,Mueang Pathum Thani District,Cafe,no,Low,0,,,,,openstreetmap,1,+66814147332,"96, 43 307",12000,overture (meta),overture:617ec30d-b703-4860-be17-476952c96634
artith_o@hotmail.com,สวนอาหาร ชิวล์ชิวล์,สวนอาหาร ชิวล์ชิวล์,Mueang Pathum Thani District,Cafe,no,Low,0,,,,,openstreetmap,1,+66809592553,3111,12000,overture (meta),overture:5b0f9025-4e29-4c73-b036-57495e6a5741
baanpakpon.rest@gmail.com,สวนอาหารบ้านพักผ่อน,สวนอาหารบ้านพักผ่อน,Mueang Pathum Thani District,Asian; Thai,no,Low,0,,,,,openstreetmap,1,+66942611875,"177/196, ตำบลหลักหก อำเภอเมืองปทุมธานี จังหวัดปทุมธานี, 12000",12000,overture (meta),overture:d16fe488-0bf2-4815-87e0-7d36fddc077d
jaemphet_taw@hotmail.com,สวย ใส คอฟฟี่ แอนด์ เรสเตอรองท์,สวย ใส คอฟฟี่ แอนด์ เรสเตอรองท์,Mueang Pathum Thani District,Cafe,no,Low,0,,,,,openstreetmap,1,+66638244046,เลขที่ 52 สวนพริกไทย,12000,overture (meta),overture:0ffebeb6-edb5-4069-970e-fa1f2a52d6fa
montri@cssthai.com,สวัสดีข้าวมันไก่,สวัสดีข้าวมันไก่,Mueang Pathum Thani District,Restaurant,no,Low,0,,,,,openstreetmap,1,+66945356509,Pathum Thani-Sai Nai Alley,12000,overture (meta),overture:9f6cf3c2-ae3b-424d-85c6-9d25fd47390d
bansampannee@gmail.com,สัมปันนี - Sampannee,สัมปันนี - Sampannee,Mueang Pathum Thani District,Restaurant,no,Low,0,,,,,openstreetmap,1,+66914149888,101 บ้านใหม่ ปากเกร็ด,11120,overture (meta),overture:e8d1aae0-ff23-46c1-98f2-77c3cbde5951
nunchaiwong24@gmail.com,สา ระ แน ปั่นเด้อ สาขาพูนทรัพย์,สา ระ แน ปั่นเด้อ สาขาพูนทรัพย์,Mueang Pathum Thani District,Cafe,no,Low,0,,,,,openstreetmap,1,,ปทุม-รังสิต,12000,overture (meta),overture:bd31e270-218d-495f-8605-8d87ab12d64f
sukinangphaya@gmail.com,"สุกี้นางพญา, สาขาเมืองเอก","สุกี้นางพญา, สาขาเมืองเอก",Mueang Pathum Thani District,Asian; Chinese,no,Low,0,,,,,openstreetmap,2,+66955588307,224/88,12000,overture (meta),overture:8fda9005-93f9-4348-af38-fef1f7cca943
rupeaza32@gmail.com,สเต็กเฮียโบ้ เมืองปทุม,สเต็กเฮียโบ้ เมืองปทุม,Mueang Pathum Thani District,Restaurant,no,Low,0,,,,,openstreetmap,1,+66863760325,ชุมชน Soi Suk Jai,12000,overture (meta),overture:ea959a0b-a255-4ad1-836d-246a2cdf76ed
dukdiksomtom2513@gmail.com,ส้มตำดุ๊กดิ๊ก ตำผลไม้ปูดอง,ส้มตำดุ๊กดิ๊ก ตำผลไม้ปูดอง,Mueang Pathum Thani District,Restaurant,no,Low,0,,,https://wongn.ai/3mf9l,,openstreetmap,1,+66819373853,29 ถนน เทศปทุม,12000,overture (meta),overture:feb34759-47a0-415c-b684-d161a74dc02b
worrachon.c@gmail.com,หนองโพคาเฟ่ สาขาเมืองเอก Nongpho Cafe Muang Ake,หนองโพคาเฟ่ สาขาเมืองเอก Nongpho Cafe Muang Ake,Mueang Pathum Thani District,Cafe,no,Low,0,,,,,openstreetmap,1,+66902996396,"51, M, 0962 muang ake",12000,overture (meta),overture:c807ad86-0233-491b-ac96-546232b5001c
nupook_hub@hotmail.com,หนูพุกนมสด สเต็กเฮ้าส์ เหล้าปั่น,หนูพุกนมสด สเต็กเฮ้าส์ เหล้าปั่น,Mueang Pathum Thani District,Cafe,no,Low,0,,,,,openstreetmap,1,+66904210005,65/2 ร่วมสุข,12000,overture (meta),overture:4b776148-1ab6-448e-8f20-ba6d5ec4bd01
s.budhsaya@gmail.com,หมีป่วนนมปั่น สาขาเดอะไนน์เซ็นเตอร์ติวานนท์,หมีป่วนนมปั่น สาขาเดอะไนน์เซ็นเตอร์ติวานนท์,Mueang Pathum Thani District,Restaurant,no,Low,0,,,,,openstreetmap,1,+66992454217,ถนน บางกะดี,12000,overture (meta),overture:8732dc3f-a911-4c23-a9ab-849d9511f0c6
thefirebear194@gmail.com,หมีพ่นไฟ สาขา 345 สแควร์,หมีพ่นไฟ สาขา 345 สแควร์,Mueang Pathum Thani District,Restaurant,no,Low,0,,,,,openstreetmap,1,+66863318433,119 1,12000,overture (meta),overture:4d8bdb8e-1e1c-4ab0-9eca-907a3a0a5855
praphatc@gmail.com,หมูกรอบสยาม สำนักงานใหญ่,หมูกรอบสยาม สำนักงานใหญ่,Mueang Pathum Thani District,Restaurant,no,Low,0,,,,,openstreetmap,1,+66942691456,105 10ม.5,12000,overture (meta),overture:69437cff-39d0-4f58-8d9b-043436e0d7d5
teerawat.npt@gmail.com,หมูกระทะ 3 คณะ สาขาเมืองเอก รังสิต,หมูกระทะ 3 คณะ สาขาเมืองเอก รังสิต,Mueang Pathum Thani District,Restaurant,no,Low,0,,,,,openstreetmap,1,+66935832024,Ek Udon,12000,overture (meta),overture:0732704e-a523-43a9-a398-508430ae7997
sarunporn.vongtong@gmail.com,หมูกระทะเมืองเอก,หมูกระทะเมืองเอก,Mueang Pathum Thani District,Restaurant,no,Low,0,,,,,openstreetmap,1,+66905955662,51/460 เอกทักษิณ 5,12000,overture (meta),overture:e3b430e1-0c58-44c6-9085-d4195bfc65c7
malanongcakeshop29@gmail.com,หม่าล่าลิ้นรัวๆเผ็ดสะใจวัยรุ่นสาขา2ปทุมธานี,หม่าล่าลิ้นรัวๆเผ็ดสะใจวัยรุ่นสาขา2ปทุมธานี,Mueang Pathum Thani District,Restaurant,no,Low,0,,,,,openstreetmap,1,+66963972300,บางพูน,12000,overture (meta),overture:77940ab1-2e5f-4825-8f30-5b63852f2661
malamanju.2565@gmail.com,หม่าล่าแมนจู,หม่าล่าแมนจู,Mueang Pathum Thani District,Restaurant,no,Low,0,,,,,openstreetmap,1,+66982909583,ข้างเซเว่น แยกพระพรหมใหญ่ (สี่แยกวุ่นวาย,12000,overture (meta),overture:9b87744c-4e5b-4b9f-ad53-babf4652437f
sarhai2537@gmail.com,อยากแกงหมูทะ หม่าล่าทอด แคมป์ปิ้ง ปทุมธานี,อยากแกงหมูทะ หม่าล่าทอด แคมป์ปิ้ง ปทุมธานี,Mueang Pathum Thani District,Cafe,no,Low,0,,,,,openstreetmap,1,+66936591419,71 ถนน ติวานนท์,12000,overture (meta),overture:53f16467-616d-4003-9a13-eae7e785af10
alicesarabychefmax@gmail.com,อริศรา Alicesara by Chef Max,อริศรา Alicesara by Chef Max,Mueang Pathum Thani District,Restaurant,no,Low,0,,,,,openstreetmap,1,+66814436275,4/9 Phatthana Samphan Rd,12000,overture (meta),overture:c36ca73a-a603-4dcf-9dcc-2fa18b36102d
rut_lala191@hotmail.com,อะเค้ก,อะเค้ก,Mueang Pathum Thani District,Bakery,no,Low,0,,,,,openstreetmap,1,,อะเค้ก เบเกอรี่&เครื่องดื่ม บางคูวัด เมืองปทุมธานี 12000,12000,overture (meta),overture:3b4dc737-8889-4c8d-bb9c-321d4f23f306
itchokyoza@gmail.com,อิจโจ่เกี๊ยวซ่า,อิจโจ่เกี๊ยวซ่า,Mueang Pathum Thani District,Asian; Japanese,no,Low,0,,,,,openstreetmap,1,+66655911476,57 หมู่บ้าน บางหลวง,12000,overture (meta),overture:73d6cba3-080d-4208-9584-482518bef2ba
kanaoe07@gmail.com,อิ่มป่ะล่ะบะหมี่ยักษ์,อิ่มป่ะล่ะบะหมี่ยักษ์,Mueang Pathum Thani District,Restaurant,no,Low,0,,,,,openstreetmap,1,+66891424163,ถนนคลองหลวง ต.คลองหนึ่ง อ.คลองหลวง จ.ปทุมธานี,12120,overture (meta),overture:1c19880c-597c-47fe-b6d4-abef13abc6f3
uekkathuekseafood@gmail.com,อึกทึกซีฟู้ด ริมน้ำ,อึกทึกซีฟู้ด ริมน้ำ,Mueang Pathum Thani District,Restaurant,no,Low,0,,,,,openstreetmap,1,+66825244269,ถนน รังสิต-ปทุมธานี ตำบลบ้านกลาง ,12000,overture (meta),overture:4020e428-1047-41a5-ba21-aa8de94bd3b3
stupidbangkadee155@gmail.com,เกี๊ยวซ่าทอดโง่ๆ,เกี๊ยวซ่าทอดโง่ๆ,Mueang Pathum Thani District,Restaurant,no,Low,0,Local,,https://static.robinhood.in.th/app_link.html?URI=robinhoodth%3A%2F%2Fmerchantlanding%2Fid%2F232128,,openstreetmap,1,+66869308001,หมู่บ้านเวนิว โฟล์ว ติวานนท์-รังสิต 109/73ซ.26 หมู่4,12000,overture (meta),overture:284877d2-b9f7-4312-bd25-026953b75eed
pphxmak@gmail.com,เครปพฤกษา50,เครปพฤกษา50,Mueang Pathum Thani District,Bakery,no,Low,0,,,,,openstreetmap,1,+66889438845,66 บ้านพฤกษา 50,12000,overture (meta),overture:2ef79283-8b19-401c-9f4e-3a7bceb45f98
namphueng.bunnak@gmail.com,เค้กวันเกิด Skycake Minimal สาขาปทุม-สายใน,เค้กวันเกิด Skycake Minimal สาขาปทุม-สายใน,Mueang Pathum Thani District,Restaurant,no,Low,0,,,,,openstreetmap,1,+66829546224,หมู่บ้านแกรนด์วิลล์-ปทุมสายใน,12000,overture (meta),overture:9bcb0433-dbcb-4ba0-97ea-9887fb901a37
rabbit092-3978624@hotmail.com,เจ้นิด อาหารตามสั่ง,เจ้นิด อาหารตามสั่ง,Mueang Pathum Thani District,Restaurant,no,Low,0,,,,,openstreetmap,1,+66640942982,Soi Sukhi 1/3,12000,overture (meta),overture:4c221f63-2aa8-4215-aad4-c6e8ca25c48f
chaopraya.mookrata@gmail.com,เจ้าพระยาหมูกระทะริมน้ำปทุมสายใน,เจ้าพระยาหมูกระทะริมน้ำปทุมสายใน,Mueang Pathum Thani District,Restaurant,no,Low,0,,,,,openstreetmap,1,+66819909997,ติดแม่น้ำ ตำบล 124 11,12000,overture (meta),overture:3ceb0496-bdc4-4b1e-bc70-71f4617bc50c
theannyeongbbqthai@gmail.com,เดอะอันยอง บาร์บีคิว1,เดอะอันยอง บาร์บีคิว1,Mueang Pathum Thani District,Restaurant,no,Low,0,,,,,openstreetmap,1,+6620568334,Tiwanon Rd,12000,overture (meta),overture:98b2b3f7-fa80-49cf-9228-ab90d7fe6135
motherorapin@gmail.com,เตี๋ยวดงตาล,เตี๋ยวดงตาล,Mueang Pathum Thani District,Asian; Japanese,no,Low,0,,,,,openstreetmap,1,+66814424195,Frontage Rd,12000,overture (meta),overture:71601e60-ee95-430b-8f86-a337fdc026a7
suriya19kwang@gmail.com,เตี๋ยวติดเนื้อ,เตี๋ยวติดเนื้อ,Mueang Pathum Thani District,Asian; Japanese,no,Low,0,,,,,openstreetmap,1,+66657362111,9 คลองพระอุดม,12000,overture (meta),overture:60d40a2e-cab8-4aac-a04f-1c298504d12a
noodle.indy556@gmail.com,เตี๋ยวตุ๋นหม้อไฟIndy :: สาขาเมืองปทุมธานี ::,เตี๋ยวตุ๋นหม้อไฟIndy :: สาขาเมืองปทุมธานี ::,Mueang Pathum Thani District,Asian; Thai,no,Low,0,,,,,openstreetmap,1,+66840368429,9/2 พัฒนสัมพันธ์,12000,overture (meta),overture:f179bea8-9b85-41bf-bdd0-5f0bb035255b
kornwipa.sroi@gmail.com,เตี๋ยวบ้านเรา by อรัญเดียร์,เตี๋ยวบ้านเรา by อรัญเดียร์,Mueang Pathum Thani District,Restaurant,no,Low,0,,,,,openstreetmap,1,+66654556558,25 ถนน ปทุมธานี-สายใน,12000,overture (meta),overture:c4401b03-8e7c-4c1f-9856-f07f956e593f
ffisstp@ku.ac.th,เตี๋ยวริมน้ำ,เตี๋ยวริมน้ำ,Mueang Pathum Thani District,Restaurant,no,Low,0,,,,,openstreetmap,1,+66935652416,16 3,12000,overture (meta),overture:12f758d1-af6d-426d-beb7-8db5c82e2a1d
tiewsthenoodlebar@hotmail.com,เตี๋ยวส์ Thenoodlebar,เตี๋ยวส์ Thenoodlebar,Mueang Pathum Thani District,Restaurant,no,Low,0,,,,,openstreetmap,1,+6620455540,เอกทักษิณ9,,overture (meta),overture:38d1071d-8371-47a5-802a-551edb73a9f5
kittiya3186@gmail.com,เต็มคำหมึกย่าง,เต็มคำหมึกย่าง,Mueang Pathum Thani District,Seafood,no,Low,0,,,,,openstreetmap,1,+66957087725, ซ.พลูศรี ต.บางแขยง,12000,overture (meta),overture:172e05ba-5819-44e9-86ec-607aa53add93
tianmitang0719@gmail.com,เถียนมี่ถัง Tian Mi Tang 甜蜜堂,เถียนมี่ถัง Tian Mi Tang 甜蜜堂,Mueang Pathum Thani District,Cafe,no,Low,0,,,,,openstreetmap,1,+66634974416,ซ. เอกประจิม 2/2,12000,overture (meta),overture:f11f5568-330b-47b6-b1d7-00d862d07443
ponjittaputta@gmail.com,เป็ดย่างนายพล ตลาดสัมมากร (เมืองเอก),เป็ดย่างนายพล ตลาดสัมมากร (เมืองเอก),Mueang Pathum Thani District,Restaurant,no,Low,0,,,,,openstreetmap,1,+66651641942,898 หมู่ 7 ตลาดสัมมากร (เมืองเอก BB73 โซน1,12000,overture (meta),overture:d83166a3-0c8e-4f86-bb4b-6191695a0f68
phim.th2011@gmail.com,เฝอ หลังมอ,เฝอ หลังมอ,Mueang Pathum Thani District,Restaurant,no,Low,0,,,,,openstreetmap,1,+66863310573,,,openstreetmap,https://www.openstreetmap.org/node/5259503453
pho.hanoi.noodle@gmail.com,เฝอฮานอย เมืองเอก Pho Hanoi,เฝอฮานอย เมืองเอก Pho Hanoi,Mueang Pathum Thani District,Restaurant,no,Low,0,,,,,openstreetmap,1,+66952183432,224/88 หลักหก,12000,overture (meta),overture:b734d125-d0ac-4d48-8bdb-355c09a339f9
food.menu351@gmail.com,เมนูบ้านเลขที่351,เมนูบ้านเลขที่351,Mueang Pathum Thani District,Restaurant,no,Low,0,,,,,openstreetmap,1,+66987953964,199/350 ฮาบิเทีย ราชพฤกษ์,12000,overture (meta),overture:8943e0f1-cdb2-45cb-a1df-d79334700791
rueanrimnamchilledout@gmail.com,เรือนริมน้ำ Chilled out,เรือนริมน้ำ Chilled out,Mueang Pathum Thani District,Asian; Thai,no,Low,0,,,,,openstreetmap,1,+66818419998,81 ซอย บ้านกลาง 4/6,12000,overture (meta),overture:22ec2400-1ff2-484e-a40f-c7838f9021a7
ruenthaiwedding@gmail.com,เรือนไทยปทุมธานี,เรือนไทยปทุมธานี,Mueang Pathum Thani District,Asian; Thai,no,Low,0,,,,,openstreetmap,1,+66922651888,Bangkok University,12000,overture (meta),overture:1a2ade9d-d416-467d-a044-e69cf174c8e8
med-sai_sukanda@hotmail.com,เลอร์ลิ้น กะเพราโคขุน หน้า ม.รังสิต,เลอร์ลิ้น กะเพราโคขุน หน้า ม.รังสิต,Mueang Pathum Thani District,Restaurant,no,Low,0,,,,,openstreetmap,1,+66813004448,อาคารสุขสบาย หน้า ม.รังสิต 1113 Ek Prachim Rd,12000,overture (meta),overture:5b2172b0-c2a9-45f6-a05b-ab061f7978de
mameaw007@gmail.com,เสน่ห์คำหวาน,เสน่ห์คำหวาน,Mueang Pathum Thani District,Cafe,no,Low,0,,,,,openstreetmap,1,+66899234948,Opposite The Village Of Supalai Garden Ville,12000,overture (meta),overture:70925c38-27c4-40bc-a976-3e5b23209561
nannicha@windowslive.com,เหนือขัว คิทเช่น,เหนือขัว คิทเช่น,Mueang Pathum Thani District,Restaurant,no,Low,0,,,,,openstreetmap,1,+66863289955,177/326 นาวงพัฒนา 1,12000,overture (meta),overture:f7213396-9d55-418a-a65a-39b999a8b817
sorn.supansa@gmail.com,เฮือนไม้เมือง,เฮือนไม้เมือง,Mueang Pathum Thani District,Restaurant,no,Low,0,,,,,openstreetmap,1,+66972265358,เฮือนไม้เมือง40/17ถ.ปทุม-สามโคก,12000,overture (meta),overture:884a3a1a-eaee-4c70-9434-bba9f8888e6b
rungnapapimsoda1@gmail.com,เฮ้ยยำ สะพานนนท์ บางบัวทอง,เฮ้ยยำ สะพานนนท์ บางบัวทอง,Mueang Pathum Thani District,Restaurant,no,Low,0,,,,,openstreetmap,1,+66958420997,สะพานนวลฉวี,12000,overture (meta),overture:cf8097d9-42c0-4e3c-a694-918b25a857e5
jaewhonudonpathumthani@gmail.com,แจ่วฮ้อนอุดรฯเมืองปทุม,แจ่วฮ้อนอุดรฯเมืองปทุม,Mueang Pathum Thani District,Restaurant,no,Low,0,,,,,openstreetmap,1,+66637161231,2GGG+C32 ตำบลบางปรอก อำเภอเมืองปทุม ปทุมธานี,12000,overture (meta),overture:72edb5e5-3de5-4bd2-a472-b386f0c4c750
krongc1@hotmail.com,แซ่บนัว ริมเล,แซ่บนัว ริมเล,Mueang Pathum Thani District,Restaurant,no,Low,0,,,,,openstreetmap,1,+66616022439,เลียบทางรถไฟเขาน้อย,20150,overture (meta),overture:20cb466b-e90b-4fc0-9e76-6be0ad3dffdb
kritsana35kk@gmail.com,แซ่บล้าน 8,แซ่บล้าน 8,Mueang Pathum Thani District,Restaurant,no,Low,0,,,https://wongn.ai/74k04,,openstreetmap,1,+66942624490,ปทุมธานี ลาดหลุมแก้ว,10200,overture (meta),overture:3d4edfdc-a11d-4d17-ba7b-fb101042deaf
reset_por@hotmail.com,แซ่บอยู่ดี ก๋วยเตี๋ยวกะเพรา ซ่อมสร้าง,แซ่บอยู่ดี ก๋วยเตี๋ยวกะเพรา ซ่อมสร้าง,Mueang Pathum Thani District,Restaurant,no,Low,0,,,,,openstreetmap,1,,19/1 ม.4 ต.บ้านใหม่ อ.เมือง จ.ปทุมธานี,12000,overture (meta),overture:c4c730a9-276f-46d1-8ac9-4fc050d5f56d
tbtpfithailand@gmail.com,แต่งแบบไทย ตลาดพูนทรัพย์ Tbt,แต่งแบบไทย ตลาดพูนทรัพย์ Tbt,Mueang Pathum Thani District,Asian; Thai,no,Low,0,,,,,openstreetmap,1,+66652698714,ร้านแต่งแบบไทย,12000,overture (meta),overture:25a3fcf1-38fc-4a51-81a7-ca3413c29be4
peawicecream@gmail.com,แป๊วไอศกรีม,แป๊วไอศกรีม,Mueang Pathum Thani District,Ice cream,no,Low,0,,,,,openstreetmap,1,+6625811316,1/1 ถนนประชานิยม,12000,overture (meta),overture:72bd41d1-17d2-4115-8037-16e939ea1d9b
banditsaripan23@gmail.com,แม่ยาย แหนมเนือง,แม่ยาย แหนมเนือง,Mueang Pathum Thani District,Restaurant,no,Low,0,,,,,openstreetmap,1,+66863714473,"ถนน ปทุมกรุงเทพ, บางเดื่อ, ปทุมธานี 12000, ประเทศไทย",12000,overture (meta),overture:b7af9082-b2ef-4833-b514-63f0868b5a9c
yooyiikidsana@gmail.com,แหวกนม สาขาซอยมณีรัตน์ปทุมธานี,แหวกนม สาขาซอยมณีรัตน์ปทุมธานี,Mueang Pathum Thani District,Cafe,no,Low,0,,,,,openstreetmap,1,+66655654517,ติวานนท์,12000,overture (meta),overture:648eb2b1-f83f-4ebc-b747-cdcd8f037850
malinee.a1986@gmail.com,แอน ก๋วยเตี๋ยวเรือหม้อไฟ,แอน ก๋วยเตี๋ยวเรือหม้อไฟ,Mueang Pathum Thani District,Asian; Japanese,no,Low,0,,,,,openstreetmap,2,+66925193924,ราชพฤกษ์ ถนน,12000,overture (meta),overture:2043bc91-1836-4aba-8c03-1619346beafe
pimpa.99@hotmail.com,โกลบอล คอฟฟี่,โกลบอล คอฟฟี่,Mueang Pathum Thani District,Cafe,no,Low,0,,,,,openstreetmap,1,+6625671158,68 หมู่ 7 หมู่บ้านเอื้อประชารังสิต,12000,overture (meta),overture:db72cad5-f1b4-4e62-9e22-bf3c1d2b687a
saleonlinezin123@gmail.com,โกเด้นท์ - Godent,โกเด้นท์ - Godent,Mueang Pathum Thani District,Restaurant,no,Low,0,Local,,http://www.godent-organic.com/,,openstreetmap,1,+66994856508,172/7 ถนน ร.พ.ช. 3,12000,overture (meta),overture:290b27c4-d9d7-4ba4-873a-a320cebbee39
crazycrab.seafoods@gmail.com,โคตรปู ซีฟู้ด l Crazy Crab Seafood,โคตรปู ซีฟู้ด l Crazy Crab Seafood,Mueang Pathum Thani District,Seafood,no,Low,0,,,,,openstreetmap,1,,"The Nine Center Tiwanon Bang kadi,",12000,overture (meta),overture:efb44509-8d18-4e79-9aa9-3ac47db5f5a8
norawish.dit@gmail.com,โจ กาแฟโบราณ ยกล้อ,โจ กาแฟโบราณ ยกล้อ,Mueang Pathum Thani District,Cafe,no,Low,0,,,,,openstreetmap,1,+66638457588,,,overture (meta),overture:de1cb434-c091-45d1-928a-5c25fd325bd9
info@joak-taejiw.com,โจ๊กแต้จิ๋ว สำนักงานแฟรนไชส์,โจ๊กแต้จิ๋ว สำนักงานแฟรนไชส์,Mueang Pathum Thani District,Restaurant,no,Low,0,,,http://www.joak-taejiw.com/,,openstreetmap,1,+66854844899,419 Ruamsuk 4/19 Alley,12000,overture (meta),overture:d9397732-9230-41ef-b2ba-7e3e840a6909
laonukool09@hotmail.com,โนบิชา สาขาตลาดฐานเพชรปทุม,โนบิชา สาขาตลาดฐานเพชรปทุม,Mueang Pathum Thani District,Cafe,no,Low,0,,,,,openstreetmap,1,+66868835902,ตลาดฐานเพชรปทุม 99/8 หมู่5 ตำบลบ้านใหม่ อำเภอเมือง จังหวัดปทุมธานี,12000,overture (meta),overture:3919a70a-65c2-46e8-80bd-3c54dcc9577a
awiruttransila@gmail.com,โบวี่ ซูชิเบิร์นไฟ ตลาดอเวค,โบวี่ ซูชิเบิร์นไฟ ตลาดอเวค,Mueang Pathum Thani District,Restaurant,no,Low,0,,,,,openstreetmap,1,+66631510609,,,overture (meta),overture:f9f93fbc-6e33-4b8a-a075-df69132aa756
info.mahachai@gmail.com,โรงงานมหาชัยไอศกรีม,โรงงานมหาชัยไอศกรีม,Mueang Pathum Thani District,Ice cream,no,Low,0,Local,,http://www.mahachaiicecream.com/,,openstreetmap,1,+6629774961,99/99 หมู่6 ถนนปทุม Pathum Thani-Sai Nai Alley,12000,overture (meta),overture:e7feb84e-72d8-45bb-a96b-f24a9a89b720
m.phanwimar@gmail.com,ไก่ต้มน้ำปลา เจ๊แดงอยุธยา ByJang,ไก่ต้มน้ำปลา เจ๊แดงอยุธยา ByJang,Mueang Pathum Thani District,Asian; Thai,no,Low,0,,,,,openstreetmap,1,+66618974054,รังสิต-ปทุมธานี,,overture (meta),overture:a52b63ca-acc9-4ee6-81b6-44eeb4e924df
thida2533@hotmail.com,ไก่ย่างเขาสวนกวาง,ไก่ย่างเขาสวนกวาง,Mueang Pathum Thani District,Asian,no,Low,0,,,,,openstreetmap,1,+66962659249,Thong Lor Alley,12000,overture (meta),overture:e1096625-d2b9-42eb-b864-43a3e0dd186d
chapapat.taw@gmail.com,ไก่ย่างเขาสวนกวางซอยวัดเสด็จ,ไก่ย่างเขาสวนกวางซอยวัดเสด็จ,Mueang Pathum Thani District,Restaurant,no,Low,0,,,,,openstreetmap,1,+66638244046,,,overture (meta),overture:e4bb2b41-b656-40d2-ba11-39c69007a823
kaiwanptt35@gmail.com,ไข่หวานบ้านซูชิ,ไข่หวานบ้านซูชิ,Mueang Pathum Thani District,Asian; Sushi,no,Low,0,,,,,openstreetmap,1,+66889692608,Ratchaphruek Rd,12000,overture (meta),overture:2ae5f9be-8a97-495d-b087-8f2fd6578f01
withawadff@gmail.com,ไดโนฟรายส์ชีส - DinoFriesCheese,ไดโนฟรายส์ชีส - DinoFriesCheese,Mueang Pathum Thani District,Restaurant,no,Low,0,,,https://www.wongnai.com/restaurants/669781zY-ไดโนฟรายส์ชีส,,openstreetmap,1,+66841177624,60 1,12000,overture (meta),overture:789e3645-8860-4b46-9ffb-f5eed710a8ee
oakkk2009@hotmail.com,ไถนา,ไถนา,Mueang Pathum Thani District,Asian; Thai,no,Low,0,,,,,openstreetmap,1,+66923403329,96 หมู่ที่ 6 ต.บางหลวง อ.เมืองปทุมธานี จ.ปทุมธานี 12000,,overture (meta),overture:62382cfb-d83a-44bd-9f38-17d90f5d9979
paithong.rangsit@gmail.com,ไผ่ทองไอสครีม รังสิต,ไผ่ทองไอสครีม รังสิต,Mueang Pathum Thani District,Cafe,no,Low,0,,,,,openstreetmap,1,,,,overture (meta),overture:444202b8-d804-4528-9554-e79426470d5f
wante4.prut@gmail.com,ไอศกรีมบุญเท่,ไอศกรีมบุญเท่,Mueang Pathum Thani District,Restaurant,no,Low,0,,,,,openstreetmap,1,+66971472842,999 Muang Ake Village เทศบาลเมืองปทุมธานี,12000,overture (meta),overture:bab8637f-0d92-47b4-bc9d-a1fda5b76afb
