email,name,name_local,district,categories,english,english_priority,english_score,site_language,why,website,other_emails,email_source,locations,phone,address,postcode,source,osm_url
tonsundaymorning@gmail.com,ME Coffee Roaster,,Mueang Nakhon Pathom District,Cafe,yes,High,4,English,website in English; English/Latin-script name,https://grab.onelink.me/2695613898?pid=inappsharing&c=3-C25KRTJ3TK3JUE&is_retargeting=true&af_dp=grab%3A%2F%2Fopen%3FscreenType%3DGRABFOOD%26sourceID%3DA4pcqCZkS4%26merchantIDs%3D3-C25KRTJ3TK3JUE&af_force_deeplink=true&af_web_dp=https%3A%2F%2Fwww.grab.com%2Fdownload,,openstreetmap,1,+66899145546,88/9,73000,overture (meta),overture:d9b73bc6-2107-4892-b00a-93bd2159d728
wovell17@gmail.com,Safe Zone Nakhon Pathom,,Mueang Nakhon Pathom District,Restaurant,yes,High,4,English,website in English; English/Latin-script name,http://business.site/,,openstreetmap,1,+66638061708,25 หมู่ 2 ซอย 7,73000,overture (meta),overture:e80cc590-74df-47d0-ab4e-4e5b39e277aa
tanskerryrice@gmail.com,Tans Curry Rice,,Mueang Nakhon Pathom District,Asian; Indian; Japanese,yes,High,4,English,website in English; English/Latin-script name,https://tr.ee/5lZdgA5ESo,,openstreetmap,1,+66874079666,259 Rajdamri Rd,73000,overture (meta),overture:7a48c7ba-08ea-4a50-827e-75972fd967e1
thelittlecup51@gmail.com,The Little Cup x Stone Ware Studio,,Mueang Nakhon Pathom District,Cafe,yes,High,4,English,website in English; English/Latin-script name,https://liff.line.me/1645278921-kWRPP32q/?accountId=527uqvgj,,openstreetmap,1,+66985498235,175 Phetkasem Soi 12,73000,overture (meta),overture:8021725e-140c-4f9a-88e2-fe1cc108e2cd
jeedwonder@gmail.com,Tisha Spoon,,Mueang Nakhon Pathom District,Restaurant,yes,High,4,English,website in English; English/Latin-script name,http://www.jeedwonder.com/,,openstreetmap,1,+66817762052,Ratchadamnoen 8 Alley,73000,overture (meta),overture:1e2a8845-fb60-4297-8551-21a4b39b9434
nuchy_jantira@hotmail.com,Auntie'C,,Mueang Nakhon Pathom District,Burger,yes,Medium,3,,Western food (Burger); English/Latin-script name,,,openstreetmap,1,+66896103331,,73000,overture (meta),overture:250f78e3-af75-4204-8792-08936c20e43d
ngawhirunpat_t@su.ac.th,BY coffee,,Mueang Nakhon Pathom District,Cafe,yes,Medium,3,Bilingual,website has English; English/Latin-script name,http://www.su.ac.th/,laopoonphat_p@su.ac.th; khuncumchoo_n@su.ac.th; patrojanasophon_p@su.ac.th; pasunon_p@su.ac.th; tawichai_s@su.ac.th; piriyaprasarth_s@su.ac.th; kaewon_r@su.ac.th; yasri_p@su.ac.th; chaokaur_a@su.ac.th; mukdamanee_v2@su.ac.th; dangpumee_n@su.ac.th; pornsawad_p@su.ac.th; pamonsinlapa_p@su.ac.th; wessabutra_p@su.ac.th; roonpho_p@su.ac.th; sirichodnisakor_c@su.ac.th; wattanaphikowit_s@su.ac.th; woottichaiwat_s@su.ac.th; muangkaew_t@su.ac.th; thanupon_i@su.ac.th; boosabok_p@su.ac.th,venue website,1,+66929599915,ถนน เพชรเกษม ต.ลำพยา,73000,overture (meta),overture:a98614bc-081f-4ce9-ae96-ffff43d24847
pangmai.coffeestory@gmail.com,Coffee Stories by Pangmai coffee ร้านกาแฟสด กาแฟดริป coldbrew นครปฐม,Coffee Stories by Pangmai coffee ร้านกาแฟสด กาแฟดริป coldbrew นครปฐม,Mueang Nakhon Pathom District,Cafe,yes,Medium,3,English,website in English,http://lin.ee/8WwiKDY,,openstreetmap,1,+66925325646,1085 ถ.เพชรเกษม  ต.ลำพยา อ.เมืองนครปฐม,73000,overture (meta),overture:a9c37dfe-3eed-4352-8234-6e6672188367
craftcoffeeroaster@gmail.com,Craft coffee roaster,,Mueang Nakhon Pathom District,Breakfast,yes,Medium,3,,Western food (Breakfast); English/Latin-script name,,,openstreetmap,1,+66642644154,,,openstreetmap,https://www.openstreetmap.org/way/1016225537
nutyiim@gmail.com,FrankFurt NakhonPathom,,Mueang Nakhon Pathom District,Cafe,yes,Medium,3,Bilingual,website has English; English/Latin-script name,https://share.google/APDjsmt1NQBS3U9G5,,openstreetmap,1,+66809265616,504 บ่อพลับ,73000,overture (meta),overture:24381da2-3aa2-4a8d-ad6b-c40301b11d68
kasiraw33@gmail.com,Harmony Bar & Bistro,,Mueang Nakhon Pathom District,French,yes,Medium,3,,Western food (French); English/Latin-script name,,,openstreetmap,1,+66954522539,53 Ying Pao Rd,73000,overture (meta),overture:0601a7a5-97c4-4d3f-99e5-5c3a9b691541
oil_ailadda@hotmail.com,In Box Food อินบ็อกซ์ฟู้ด,In Box Food อินบ็อกซ์ฟู้ด,Mueang Nakhon Pathom District,Restaurant,yes,Medium,3,English,website in English,https://lin.ee/Rtho5PQ,,openstreetmap,1,+66636636989,677 Tanon Rachamanka,73000,overture (meta),overture:9e794463-e6d5-4383-b53a-703e38a7a429
infinitybarandbistro@gmail.com,Infinity : Bar & Bistro,,Mueang Nakhon Pathom District,French,yes,Medium,3,,Western food (French); English/Latin-script name,,,openstreetmap,1,+66919696546,6 ถนน จันทรคามพิทักษ์,73000,overture (meta),overture:5b6fefc6-06da-4a78-a58e-a56071dfea86
k.noolek@gmail.com,Mama's Kitchen Steak House,,Mueang Nakhon Pathom District,Steak,yes,Medium,3,,Western food (Steak); English/Latin-script name,,,openstreetmap,1,+66818016302,9 ถนน เพชรเกษม,73000,overture (meta),overture:8eaa3141-65ed-4b5b-9c28-1d631a23f662
info_mgnp@mhg.co.th,Mandarin,,Mueang Nakhon Pathom District,Asian; Chinese,yes,Medium,3,Bilingual,website has English; English/Latin-script name,http://www.midagrandehoteldhavaravati.com/,,openstreetmap,1,+6634966700,711 Phet Kasem Rd,73000,overture (meta),overture:987bcd25-daa0-4f0c-bdf7-1bece43cc554
meesuk.bp@gmail.com,Meesuk Cafe and Bistro,,Mueang Nakhon Pathom District,French,yes,Medium,3,,Western food (French); English/Latin-script name,,,openstreetmap,1,+66951926424,"100, 11 Khrongkan Ban Map Khae Mu 10 Rd",73000,overture (meta),overture:1f578d46-b556-4508-b6e6-22e6c800538a
onetwothreenightclub@gmail.com,One Two Three,,Mueang Nakhon Pathom District,Pub,yes,Medium,3,,Western food (Pub); English/Latin-script name,http://www.facecook.com/123pub,,openstreetmap,1,+66614738740,1 ถนน ยิงเป้า,73000,overture (meta),overture:1e34a799-21d0-4cc0-b58d-9b64b5794426
pakpink.restaurant@gmail.com,Pak Pink Bistro,,Mueang Nakhon Pathom District,French,yes,Medium,3,,Western food (French); English/Latin-script name,,,openstreetmap,1,+6634257254,,73000,overture (meta),overture:05fd159c-f1aa-41ee-b064-c2939cbcc1c0
ponegroup1@hotmail.com,Sainam Cake Homemade,,Mueang Nakhon Pathom District,Cafe,yes,Medium,3,Bilingual,website has English; English/Latin-script name,https://www.carpromarket.com,ten7333@hotmail.com,venue website,1,,,73000,overture (meta),overture:6ac55a81-c676-4f9f-bcc5-7828e188bf63
sundayfoodd@gmail.com,Sunday Foods : อาหารจานด่วน อิ่ม - จุก - ทุกเวลา,Sunday Foods : อาหารจานด่วน อิ่ม - จุก - ทุกเวลา,Mueang Nakhon Pathom District,Takeaway,yes,Medium,3,English,website in English,https://line.me/ti/p/j6lpT3eFyX,,openstreetmap,1,+66802522571,2/10ซ.กำนันพันธุ์(นาขุม1)ต.นครปฐม อ.เมือง จ. นครปฐม,73000,overture (meta),overture:935a53f9-b15b-48bd-871c-1d25ffa7d0ea
kittiphop.tao@gmail.com,The Coffee Car : เคลือบแก้ว:เซรามิกรถยนต์ ฟิล์มกรองแสง ฟิล์มใสกันรอย นครปฐม,The Coffee Car : เคลือบแก้ว:เซรามิกรถยนต์ ฟิล์มกรองแสง ฟิล์มใสกันรอย นครปฐม,Mueang Nakhon Pathom District,Cafe,yes,Medium,3,English,website in English,https://www.nanolex.de/en/,info@nanolex.de; vertrieb@nanolex.de,openstreetmap,1,+66610146888,,,overture (meta),overture:97321a38-78f1-4729-b5a8-4f9c03f1b617
patipo.pat@gmail.com,V-Care Vegan Pizza Cake Clean Food,,Mueang Nakhon Pathom District,Pizza,yes,Medium,3,,Western food (Pizza); English/Latin-script name,,,openstreetmap,1,+66810389238,323 Phiphit Prasat Rd,73000,overture (meta),overture:5867863f-3756-49a7-b628-33f96ce96df7
wingscafe126@gmail.com,Wings Cafe,,Mueang Nakhon Pathom District,Breakfast,yes,Medium,3,,Western food (Breakfast); English/Latin-script name,,,openstreetmap,1,+66804114222,3/2 Moo 8 Liab Klong Prapa,73000,openstreetmap,https://www.openstreetmap.org/node/9807796255
kruasiam@hotmail.com,ครัวสยามภัตตาคารโต๊ะจีน,ครัวสยามภัตตาคารโต๊ะจีน,Mueang Nakhon Pathom District,Asian; Chinese,yes,Medium,3,English,website in English,http://www.kruasiam.com,kruasiamgg@gmail.com,openstreetmap,1,+6634255080,2/1-8 Rachadamnern Soi 1,73000,overture (meta),overture:a5460230-5d7a-4a30-9f58-9d29b3fc299b
treeyanuch@gmail.com,คลับสุขภาพสบายพุง นครปฐม,คลับสุขภาพสบายพุง นครปฐม,Mueang Nakhon Pathom District,Restaurant,yes,Medium,3,English,website in English,https://openplatform.info/healthytrick/,,openstreetmap,1,+66863545465,56 16 Thawinrat Burana,73000,overture (meta),overture:c1f9dd30-2c01-46d6-9d94-244d335a4839
charinrada.food@gmail.com,ชารินรดาฟูดส์,ชารินรดาฟูดส์,Mueang Nakhon Pathom District,Restaurant,yes,Medium,3,English,website in English,https://lin.ee/NTMUVwz,,openstreetmap,1,+66805811014,259/13 35/1 หมู่ 3 ต.ถนนขาด อ.เมือง จ.นครปฐม ,73000,overture (meta),overture:a1c12b0f-098d-43bc-a8b8-93a4c48576c9
poomjutatus@gmail.com,ซ.2 ถนน พิพิธประสาท,ซ.2 ถนน พิพิธประสาท,Mueang Nakhon Pathom District,Asian; Japanese,yes,Medium,3,English,website in English,http://www.kaitai.com/,,openstreetmap,1,+66825392514,1 ซอย 7,73000,overture (meta),overture:3ccb4ba2-6ff8-4419-9a8e-8c6d4477e68a
wheyakkharawat@gmail.com,ซันจิ หมูกระทะ&นมสด,ซันจิ หมูกระทะ&นมสด,Mueang Nakhon Pathom District,Restaurant,yes,Medium,3,English,website in English,https://lin.ee/REuum7N,,openstreetmap,1,+66806293282,59 2 ซ.ชยาทิพย์,73000,overture (meta),overture:4093a034-8306-4bb3-b103-2bfbe9eaf772
richieduck02@gmail.com,ริชชี่ เป็ดย่าง,ริชชี่ เป็ดย่าง,Mueang Nakhon Pathom District,Restaurant,yes,Medium,3,English,website in English,https://lin.ee/rYjr5xj,,openstreetmap,1,+66981565478,88\9 ม.3 ต.ธรรมศาลา,73000,overture (meta),overture:3271c97f-eb70-433c-a722-d501db46782b
maesri@maesribrand.com,ร้านน้ำพริกแม่ศรี,ร้านน้ำพริกแม่ศรี,Mueang Nakhon Pathom District,Asian; Thai,yes,Medium,3,English,website in English,http://www.maesribrand.com/,,openstreetmap,1,+6634395143,223/3 ถนน เพชรเกษม,73000,overture (meta),overture:456f6316-b4b6-4e8c-b83a-402a5013396f
kruasiamgg@gmail.com,ร้านอาหารจีน ครัวสยาม,ร้านอาหารจีน ครัวสยาม,Mueang Nakhon Pathom District,Asian; Chinese,yes,Medium,3,English,website in English,http://www.kruasiam.com/,,venue website,1,+6634257318,ซอยราชดำเนิน 1,,overture (meta),overture:2cacbf0d-9189-41c5-93b4-e0fbf65a2836
thakit252023@gmail.com,ลุงเป้ บะหมี่โหด,ลุงเป้ บะหมี่โหด,Mueang Nakhon Pathom District,Cafe,yes,Medium,3,English,website in English,https://lin.ee/bQDubbY,,openstreetmap,1,+66629753244,องค์พระปฐมเจดีย์,73000,overture (meta),overture:52d462c5-dec3-4a84-a607-d55687b91ff1
nui.tcmclinic@gmail.com,หมอนุ้ยคลินิกฝังเข็ม ครอบแก้ว ยาจีน นครปฐม,หมอนุ้ยคลินิกฝังเข็ม ครอบแก้ว ยาจีน นครปฐม,Mueang Nakhon Pathom District,Asian; Chinese,yes,Medium,3,English,website in English,https://lin.ee/zIGzJWG,,openstreetmap,1,+66802919256,78 นาสร้าง ซอย 4,73000,overture (meta),overture:5673aea9-8428-4571-900c-73b1a0f24499
jeabpochana@gmail.com,เจี๊ยบโภชนาออแกไนซ์นครปฐม,เจี๊ยบโภชนาออแกไนซ์นครปฐม,Mueang Nakhon Pathom District,Restaurant,yes,Medium,3,English,website in English,http://www.jeab-pochana.com/,,openstreetmap,1,+66819021793,หมู่บ้านทุ่งเผาเต่า เจี๊ยบโภชนาออแกไนซ์นครปฐม 89/2 ซอย1,73000,overture (meta),overture:5c415c1e-5861-4d3c-b673-686c01d615dd
maxissared@gmail.com,ไก่ย่างสยาม และ ตำน้ำแตก,ไก่ย่างสยาม และ ตำน้ำแตก,Mueang Nakhon Pathom District,Asian; Thai,yes,Medium,3,English,website in English,https://lin.ee/oaqn7eU,,openstreetmap,1,+66804642963,Tanon Rajdamnern,73000,overture (meta),overture:ea50cb15-a660-4315-b550-4d3cfaba1a30
anantacafe596@gmail.com,Ananta Cafe&Bistro อนันตา คาเฟ่แอนด์ บิสโทร  นครปฐม,Ananta Cafe&Bistro อนันตา คาเฟ่แอนด์ บิสโทร  นครปฐม,Mueang Nakhon Pathom District,French,no,Medium,2,,Western food (French),,,openstreetmap,1,+66882995262,ดอนตูม-นครปฐม,73150,overture (meta),overture:def2f672-f801-4adc-9aab-13df4854b249
houseofchandracafe@gmail.com,House of Chandra,เสน่ห์จันทน์,Mueang Nakhon Pathom District,Breakfast; Ice cream,no,Medium,2,,Western food (Breakfast),,,openstreetmap,1,+66 62 464 6415,ถนนสวนตะไคร้,73000,openstreetmap,https://www.openstreetmap.org/node/10821344042
yokpalm@gmail.com,Nayimbakery ขนมปัง Sourdough และขนมอร่อยเพื่อสุขภาพ,Nayimbakery ขนมปัง Sourdough และขนมอร่อยเพื่อสุขภาพ,Mueang Nakhon Pathom District,Bakery,no,Medium,2,Bilingual,website has English,https://nayimbakery.com/,,openstreetmap,1,+66633136620,39/1 ม.6 ถ.ศาลายา บางภาษี ต.คลองโยง อ.พุทธมณฑล นครปฐม 73170,73170,overture (meta),overture:c917304e-c3b1-435a-986f-2c000961f740
nkdounutnakhonpathom@hotmail.com,NKDonut นครปฐม,NKDonut นครปฐม,Mueang Nakhon Pathom District,Bakery; Donuts,no,Medium,2,,Western food (Donuts),,,openstreetmap,1,+66814939241,Nkdonut สาขาตัวเมืองนครปฐม,73000,overture (meta),overture:f27c9417-bbe7-4634-9dee-a5dc7b7be9db
milklandsu@gmail.com,Thai-Denmark MILK LAND สาขา มหาวิทยาลัยศิลปากร วิทยาเขตพระราชวังสนามจันทร์,Thai-Denmark MILK LAND สาขา มหาวิทยาลัยศิลปากร วิทยาเขตพระราชวังสนามจันทร์,Mueang Nakhon Pathom District,Cafe,no,Medium,2,Bilingual,website has English,http://www.dpo.go.th/,saraban@dpo.go.th; director@dpo.go.th; callcenter.dpo@dpo.go.th,openstreetmap,1,+66842246164,ม.ศิลปากร วิทยาเขตพระราชวังสนามจันทร์ เลขที่ 6 ถนนราชมรรคาใน อำเภอเมือง จังหวัดนครปฐม ,73000,overture (meta),overture:1d052790-da49-479f-9ae9-61455c00a8ab
yuanyhalaney@gmail.com,ญวน หลาน ย่า ขนมปังปิ้งนมสด,ญวน หลาน ย่า ขนมปังปิ้งนมสด,Mueang Nakhon Pathom District,Breakfast,no,Medium,2,,Western food (Breakfast),,,openstreetmap,1,+66909659193,100 Sanam Chan 6 Alley,73000,overture (meta),overture:4e282ef7-ff4a-44d0-a7d3-836bc2e99bf6
tawin090468@gmail.com,ถวิล cafe & bistro,ถวิล cafe & bistro,Mueang Nakhon Pathom District,French,no,Medium,2,,Western food (French),,,openstreetmap,1,+66827620302,เพชรเกษม,73000,overture (meta),overture:4227d317-93d1-4584-a4fd-3687efb9232d
baanklangsoisix@gmail.com,บ้านกลางซอย,บ้านกลางซอย,Mueang Nakhon Pathom District,Restaurant,no,Medium,2,Bilingual,website has English,https://baanklangsoi.com/,,openstreetmap,1,+66866655455,เลขที่ 19,73000,overture (meta),overture:7767f316-20a0-43d7-bb08-9da865536d83
pradit0932629354@gmail.com,ยำยั่ว ทะเลนัว,ยำยั่ว ทะเลนัว,Mueang Nakhon Pathom District,Restaurant,no,Medium,2,Bilingual,website has English,https://sites.google.com/view/yum-yum-lkkyu/%E0%B8%AA%E0%B8%99%E0%B8%84%E0%B8%B2_1,,openstreetmap,1,+66993215952,สนามจันทร์ Tanon Sanamchan,73000,overture (meta),overture:6d6c2a7e-4f05-42bd-b2c5-936e6d5bbc6c
yoiyoii.recipe@gmail.com,ย้อยหย่อย Yoi Yoii,ย้อยหย่อย Yoi Yoii,Mueang Nakhon Pathom District,Asian; Thai,no,Medium,2,Bilingual,website has English,https://www.thaiqrmenu.com/?id=ZFmPWv3MyVv9NkupStiL,,openstreetmap,2,+66624496645,27 ซอย 25 มกรา 3,73000,overture (meta),overture:f7bcef82-5677-40cf-917e-064dfaf3069b
nxnmsa@hotmail.com,ร้านอาหารตามสั่ง ครัวคุณง้อ,ร้านอาหารตามสั่ง ครัวคุณง้อ,Mueang Nakhon Pathom District,Breakfast,no,Medium,2,,Western food (Breakfast),,,openstreetmap,1,+66890073654,,73000,overture (meta),overture:183a007f-89ef-4e91-9df0-694084f4515d
sommheenaisom@hotmail.com,สมหมี สเต๊ก สลัด กาแฟ,สมหมี สเต๊ก สลัด กาแฟ,Mueang Nakhon Pathom District,Steak,no,Medium,2,,Western food (Steak),,,openstreetmap,1,+66957455641,,73000,overture (meta),overture:2d25f683-241d-4eb9-9f37-341686f46a2c
pcpopoil@gmail.com,สเต็กริมคลอง ซอย3,สเต็กริมคลอง ซอย3,Mueang Nakhon Pathom District,American,no,Medium,2,,Western food (American),,,openstreetmap,1,+66805919461,,,overture (meta),overture:e51365e3-3d7f-46dd-9c63-2443c36fff61
steakdeknaew070164@gmail.com,สเต็กเด็กแนว หลังเวลนครปฐม,สเต็กเด็กแนว หลังเวลนครปฐม,Mueang Nakhon Pathom District,Steak,no,Medium,2,,Western food (Steak),,,openstreetmap,1,+66832212781,330/1 ถนน ราชมรรคา,73000,overture (meta),overture:4f6b877a-5c67-4203-848d-ac701055a605
www.boxcatpower23@gmail.com,เบอร์เกอร์รถเข็น(Carrello),เบอร์เกอร์รถเข็น(Carrello),Mueang Nakhon Pathom District,Burger,no,Medium,2,,Western food (Burger),,,openstreetmap,1,+66635878323,จันทราคามพิทักษณ์,73000,overture (meta),overture:8e066a17-42ba-4fce-bb8d-268ff629ab13
nongbeer_kn@hotmail.com,11 Elephant Dessert Cafe,,Mueang Nakhon Pathom District,Cafe,no,Low,1,,English/Latin-script name,,,openstreetmap,1,+66863493347,73/3 Ratchadamnoen 6 Road,73000,overture (meta),overture:e0a82eae-dbf2-4a9b-a8e9-2d50f833e464
jaotuakeng@hotmail.com,1231coffee,,Mueang Nakhon Pathom District,Restaurant,no,Low,1,,English/Latin-script name,,,openstreetmap,1,+66957099232,ถนนขาด,73000,overture (meta),overture:213a9601-75be-4b8c-b4f3-a3fb2d4d88b5
nong.tuey3@gmail.com,19 Shabu house,,Mueang Nakhon Pathom District,Restaurant,no,Low,1,,English/Latin-script name,,,openstreetmap,1,+66971053578,ดอนตูม,73000,overture (meta),overture:60adb70f-8845-45dc-939c-e5aba7dad8ac
backyardarchitect@hotmail.com,5050cafebar,,Mueang Nakhon Pathom District,Bar,no,Low,1,,English/Latin-script name,,,openstreetmap,1,+66812554365,2/3 หมู่7 ต.หนองปากโลง อ.เมือง,73000,overture (meta),overture:64717219-2583-41df-8771-7428c962d35e
acire.cafe2019@gmail.com,Acire Restaurant,,Mueang Nakhon Pathom District,Asian; Thai,no,Low,1,,English/Latin-script name,,,openstreetmap,1,+66983239566,22/6 Phetkasem Soi 16,73000,overture (meta),overture:725d02d6-c74a-48d5-8807-ae2c114db983
amberhaus.official@gmail.com,amberhaus.hq,,Mueang Nakhon Pathom District,Restaurant,no,Low,1,,English/Latin-script name,,,openstreetmap,1,+66950535304,119/11 ทรงพล,73000,overture (meta),overture:e5f799df-2f72-4d65-86c1-2eeb4954c7c8
info@ruangritdej.com,AP Coffee,,Mueang Nakhon Pathom District,Cafe,no,Low,1,Local,English/Latin-script name,https://www.ruangritdej.com/,,venue website,1,,732 Petchkasem Road,73000,overture (meta),overture:093978d4-ad23-46e4-9675-fc8cf423bfed
aprilflowersandcoffee@gmail.com,April Flowers and Coffee,,Mueang Nakhon Pathom District,Restaurant,no,Low,1,,English/Latin-script name,,,openstreetmap,1,+66828232178,41 ถนน ราชดําเนิน,73000,overture (meta),overture:878c6273-fcf7-4848-be81-30aab572d98f
atbuacafebytobie@gmail.com,Atbua cafe by tobie,,Mueang Nakhon Pathom District,Cafe,no,Low,1,,English/Latin-script name,,,openstreetmap,1,+66883129669,27 ถนนทรงพล,73000,openstreetmap,https://www.openstreetmap.org/node/5677488123
ateliercafe.studio@gmail.com,Atelier Cafe and Studio,,Mueang Nakhon Pathom District,Cafe,no,Low,1,,English/Latin-script name,,,openstreetmap,1,+66867985193,138 Rajdamri Rd,73000,overture (meta),overture:915470f2-f2b4-4d13-b23f-7744f8c8a80d
baanbaicafe@gmail.com,BaanbaiCafe,,Mueang Nakhon Pathom District,Cafe,no,Low,1,,English/Latin-script name,,,openstreetmap,1,+66633291922,2 ถนน ถวิลพัฒนา,73000,overture (meta),overture:8f221b2f-aa6a-4476-ac06-ffa13c0dadc6
bakeboxcafe@gmail.com,Bake box to go,,Mueang Nakhon Pathom District,Cafe,no,Low,1,,English/Latin-script name,,,openstreetmap,1,+66925982998,"28, 82 Tanon Chantarakamphitak",73000,overture (meta),overture:f5677633-faa1-4de5-a828-94c438c98aa1
bbarrel2025@gmail.com,Barrel NPT,,Mueang Nakhon Pathom District,Bar,no,Low,1,,English/Latin-script name,,,openstreetmap,1,+66819565615,3 ถนน ยิงเป้า,73000,overture (meta),overture:5d21415c-5c26-4c12-ac67-27bdbaeb7f19
prathumamornsiriarporn@gmail.com,Be Bear Tea and Coffee Non Fat,,Mueang Nakhon Pathom District,Restaurant,no,Low,1,,English/Latin-script name,,,openstreetmap,1,+66863259326,ร้านบีแบร์ หน้าร้านใหญ่สุกี้ เลขที่ 28/58,73000,overture (meta),overture:18b9d8c8-884e-48c8-8fbd-97e0d0b5d0b1
jomchai@hotmail.com,Boxgallery,,Mueang Nakhon Pathom District,Restaurant,no,Low,1,,English/Latin-script name,,,openstreetmap,1,+66812554365,Western Railway Station Phra Pathom Chedi 54-1,73000,overture (meta),overture:b1d69ade-77a0-4141-9e0a-8012b6ce8c62
bbbmilktea@gmail.com,Bug Bee Milk Tea&Coffee,,Mueang Nakhon Pathom District,Cafe,no,Low,1,,English/Latin-script name,,,openstreetmap,1,+66931344781,ติดถนนมาลัยแมน ทางหลวงแผ่นดิน 321 สายนครปฐม-สุพรรณบุรี ถัดจาก ม.ราชภัฏนครปฐม 400 ม.,73000,overture (meta),overture:6ba984c8-e061-4266-a849-3a77dc797e9e
kung.club235@gmail.com,Butter P,,Mueang Nakhon Pathom District,Cafe,no,Low,1,,English/Latin-script name,,,openstreetmap,1,+66869246394,63 ถนน ซ. ไผ่เตย,73000,overture (meta),overture:5d38c7ab-265d-4d95-9194-7a1986b19f38
araya.sa_234@yahoo.com,Cafe Amical,,Mueang Nakhon Pathom District,Cafe,no,Low,1,,English/Latin-script name,,,openstreetmap,1,+66818809309,ถนน สวน ตะไคร้ ตรง ข้าม สำนักงาน ประกัน สังคม บ้าน เลข ที่ 284,73000,overture (meta),overture:e97a6430-c473-4209-927f-d1fc4b273ab6
bomby123410@gmail.com,Cafe de Karma,,Mueang Nakhon Pathom District,Cafe,no,Low,1,,English/Latin-script name,,,openstreetmap,1,+66982638789,21 Malaiman Rd,73000,overture (meta),overture:7613c015-b250-460a-a1d6-8c8193d97160
ssomjaii.88@gmail.com,Cafe Somjai,,Mueang Nakhon Pathom District,Cafe,no,Low,1,,English/Latin-script name,,,openstreetmap,1,+66952916197,49,73000,overture (meta),overture:1bbe68b2-4d30-4e5c-807b-8ff3af464b7c
hellopoet.contact@gmail.com,Cafe the Poet,,Mueang Nakhon Pathom District,Cafe,no,Low,1,,English/Latin-script name,,,openstreetmap,1,+66925082432,"19, 2 ถนนสะพานโยง",73000,overture (meta),overture:a14bbecf-5b8e-400a-b420-9ab576edf3c2
arphitsaya.mim@gmail.com,Café Amazon,,Mueang Nakhon Pathom District,Cafe,no,Low,1,Local,English/Latin-script name,https://cafe-amazon.com/,,openstreetmap,1,+66938796266,ถ.เทศา ซอย 4 บริเวณสะพานข้ามคลอง ต.บ่อพลับ,73000,overture (meta),overture:b0903209-1159-46d7-b95b-fa017487c3e1
hackspoo@gmail.com,CANDY Cha&Coffee,,Mueang Nakhon Pathom District,Cafe,no,Low,1,,English/Latin-script name,,,openstreetmap,1,+66816425486,ยิงเป้าใต้,73000,overture (meta),overture:152623f4-978b-456b-a5cb-99e15db3dde5
casual36day@gmail.com,Casual Day | Nakhon Pathom,,Mueang Nakhon Pathom District,Cafe,no,Low,1,,English/Latin-script name,,,openstreetmap,1,+66956294264,"94, 3 Rajvithee Rd",73000,overture (meta),overture:be949018-2abc-4dfb-b458-1a9d7ff4c7f5
pakavin24@gmail.com,Cha-Bar LAR BUNG,,Mueang Nakhon Pathom District,Restaurant,no,Low,1,,English/Latin-script name,,,openstreetmap,1,+66634219315,25 มกรา,73000,overture (meta),overture:d1a0193f-eec9-4696-a271-fe69c31123b3
mppachara@gmail.com,Cheesy Fried Snacks,,Mueang Nakhon Pathom District,Takeaway,no,Low,1,,English/Latin-script name,,,openstreetmap,2,+66614855446,"28, 86 Ying Pao Rd",73000,overture (meta),overture:c0bfd660-c0e8-4be1-a150-9836a4264ddf
choojai.cafe2017@gmail.com,Choojai Cafe,,Mueang Nakhon Pathom District,Cafe,no,Low,1,,English/Latin-script name,,,openstreetmap,1,+66823541524,เลขที่ 112/8 ซอย 11 พระปฐมเจดีย์ พระปฐมเจดีย์,73000,overture (meta),overture:f81d931f-e39b-403f-854e-c49f033e2e8c
clubmassthailand@gmail.com,Club Mass,,Mueang Nakhon Pathom District,Restaurant,no,Low,1,,English/Latin-script name,,,openstreetmap,1,+66993595665,28 Tanon Rachamanka,73000,overture (meta),overture:6358bb64-d85c-47db-b823-11e2ed4ed53f
cocofukusoi5@gmail.com,Coco Fuku,,Mueang Nakhon Pathom District,Cafe,no,Low,1,,English/Latin-script name,,,openstreetmap,1,+66988989052,308/3 Thipakorn Road,73000,overture (meta),overture:dc9654e5-ff87-4a25-b687-35bf4b0c1004
k_suppakit3006@hotmail.com,Coffee & Steel,,Mueang Nakhon Pathom District,Restaurant,no,Low,1,,English/Latin-script name,,,openstreetmap,1,+66871630719,หมอชุ้น เลขที่ 61/2 หมู่ 4 ซอย,73000,overture (meta),overture:7856e690-183f-4fd9-9f66-e7829470fad0
coffeejajah@gmail.com,Coffee cha,,Mueang Nakhon Pathom District,Cafe,no,Low,1,,English/Latin-script name,,,openstreetmap,1,+66622535252,602/4 Nasang Soi 2,73000,overture (meta),overture:6598f113-22a9-49bb-956b-e9abff58a3b9
09101987nut29@gmail.com,Coffee Express,,Mueang Nakhon Pathom District,Cafe,no,Low,1,,English/Latin-script name,,,openstreetmap,1,+66854236442,"37, 7 Langsataneerotfai Rd",73000,overture (meta),overture:9cca53f2-96e5-4572-b21c-dae0957bca94
marine_gear@hotmail.com,Coffee Kim,,Mueang Nakhon Pathom District,Cafe,no,Low,1,,English/Latin-script name,,,openstreetmap,1,+66897421004,35 หมู่8,73000,overture (meta),overture:01fec81e-b632-42df-b745-cc2da4670ab9
tankannikakar@gmail.com,Coffee Tree farmcafe,,Mueang Nakhon Pathom District,Cafe,no,Low,1,,English/Latin-script name,,,openstreetmap,1,+66815851143,37/5 Thanon Tesaban 1,73000,overture (meta),overture:62129358-ec24-47d5-9757-9d97ce2dd9e3
thunyapat.duck@gmail.com,Coffolic X Coffee X Roastery,,Mueang Nakhon Pathom District,Cafe,no,Low,1,,English/Latin-script name,,,openstreetmap,2,+66816266644,Phet Kasem Rd,73000,overture (meta),overture:8068ab81-72f9-462b-98ab-6303d43dc57b
crossroad@yourbusiness.com,Crossroad,,Mueang Nakhon Pathom District,Asian; Thai,no,Low,1,,English/Latin-script name,,,openstreetmap,1,+66979945192,ยิงเป้า 4,73000,overture (meta),overture:96a9db3d-c255-414c-a6ed-7d81a37e0bab
potterkub2548@gmail.com,Delidemo,,Mueang Nakhon Pathom District,Cafe,no,Low,1,,English/Latin-script name,,,openstreetmap,1,+66945655453,ชุมชนริมคลอง 106 ถนน คนเดินริมคลองวัดพระงาม เมือง,73000,overture (meta),overture:54e4edcd-8fb7-44b9-be4c-539217ebace4
destinycafe08@gmail.com,Destiny Cafe,,Mueang Nakhon Pathom District,Cafe,no,Low,1,,English/Latin-script name,,,openstreetmap,1,+66930569462,เลียบคลองลำพยา,73000,overture (meta),overture:378a31b8-e052-41ee-8b38-0b23dc6917e2
dopaminecoffeebar8@gmail.com,Dopamine Coffeebar,,Mueang Nakhon Pathom District,Cafe,no,Low,1,,English/Latin-script name,,,openstreetmap,1,+66812519291,666/106 หมู่บ้านเอริช ทาวน์,73000,overture (meta),overture:746022eb-f841-48ad-97fe-097331b7a200
jkjk820425@gmail.com,Dot Kr,,Mueang Nakhon Pathom District,Cafe,no,Low,1,,English/Latin-script name,,,openstreetmap,1,+66929545415,180/15,73000,overture (meta),overture:758d3fc2-b438-4d52-8f10-a1127e8340c9
dreamerspalette@outlook.com,Dreamers' Palette Gallery,,Mueang Nakhon Pathom District,Cafe,no,Low,1,,English/Latin-script name,,,openstreetmap,1,+66833915517,666 เอริช ทาวน์ 135 ทหารบก2,73000,overture (meta),overture:b69ca508-0363-41e1-820a-b5f8e15ce0c2
aumoljoy.ta@gmail.com,Enjoy tea&coffee,,Mueang Nakhon Pathom District,Cafe,no,Low,1,,English/Latin-script name,,,openstreetmap,1,+66988868959,66/7 ถ Thawarawadi Tai,73000,overture (meta),overture:877dcfcf-1ce2-49ec-882b-174579aceb65
everyday.cafe65@gmail.com,Everyday Cafe Nakhon Pathom,,Mueang Nakhon Pathom District,Cafe,no,Low,1,,English/Latin-script name,,,openstreetmap,1,+66931164715,994/5 อยู่ติดกับปั๊มปตท Phet Kasem Rd,73000,overture (meta),overture:1e51d974-0d8c-4fa5-983e-623150ce38e3
extractcafe.np@gmail.com,Extract Cafe,,Mueang Nakhon Pathom District,Cafe,no,Low,1,,English/Latin-script name,,,openstreetmap,1,+66909792487,449 Phiphit Prasat Rd,73000,overture (meta),overture:32fa19bb-e045-417b-9afc-22b8a4083240
am_christt@hotmail.com,Fairy Tale cozy dessert home,,Mueang Nakhon Pathom District,Cafe,no,Low,1,,English/Latin-script name,,,openstreetmap,1,+66819138033,307 ถ. รถไฟ,73000,overture (meta),overture:6056f4c8-4975-43db-8ae3-3c1079369d5e
famoso.nkp@gmail.com,Famoso Cafe and Restaurant,,Mueang Nakhon Pathom District,Restaurant,no,Low,1,,English/Latin-script name,,,openstreetmap,1,+66927594995,13-15 ถนน เหนือวัง,73000,overture (meta),overture:564250cd-7a1b-4a1e-af85-93af75016a16
feincoffeeshop@gmail.com,Fein coffee,,Mueang Nakhon Pathom District,Cafe,no,Low,1,,English/Latin-script name,,,openstreetmap,1,+66655049988,496 18 Tanon Rachamanka,73000,overture (meta),overture:f79f994f-8d26-4791-8d54-5cd0519b196a
cubhousenp62@gmail.com,FONC coffee & cafe',,Mueang Nakhon Pathom District,Cafe,no,Low,1,,English/Latin-script name,,,openstreetmap,1,+66614191717,153 ถนน ราชวิถี,73000,overture (meta),overture:0b0a64c1-afeb-4899-bcc2-7eee2bae631c
sangngam.f@gmail.com,FourCha Cafe',,Mueang Nakhon Pathom District,Cafe,no,Low,1,,English/Latin-script name,,,openstreetmap,1,+66927929863,"18 Village No.8, Wang taku sub district, Mueang Nakhon Pathom district, Nakhon Pathom, Thailand 73000",73000,overture (meta),overture:97cbbd2c-a421-45b5-8064-3d446e352153
muailly23@gmail.com,Full Moon Restaurant & Camping,,Mueang Nakhon Pathom District,Restaurant,no,Low,1,,English/Latin-script name,,,openstreetmap,1,+66634082822,149/1 Sakhon Thanakon Tawan Tok,73000,overture (meta),overture:5e3e1e4e-825d-4292-8c23-51bb7bbe5acb
godaiicafe@gmail.com,Godaii Cafe,,Mueang Nakhon Pathom District,Cafe,no,Low,1,,English/Latin-script name,,,openstreetmap,1,+66614159456,"44, Nongpaklong, 4",73000,overture (meta),overture:40eef3db-8e69-47e1-bca6-8733074ba612
tago.phumin@gmail.com,Good Day Vibes,,Mueang Nakhon Pathom District,Restaurant,no,Low,1,,English/Latin-script name,,,openstreetmap,1,+66991623979,2 Tanon Sanamchan,73000,overture (meta),overture:3d06478c-648e-4f93-a3d6-c97c7eb51474
goodsmoothie.tea@gmail.com,Good Smoothie & Tea,,Mueang Nakhon Pathom District,Cafe,no,Low,1,,English/Latin-script name,,,openstreetmap,1,+66808851059,Tanon Chantarakamphitak,73000,overture (meta),overture:839ca943-8075-47e3-8290-a235d7b44f78
mana.ramen.nk@gmail.com,Hako Ramen,,Mueang Nakhon Pathom District,Asian; Japanese,no,Low,1,,English/Latin-script name,,,openstreetmap,1,+66990010018,,73000,overture (meta),overture:b98b5712-fbb9-4780-bba3-5960573b34f8
hangar.group2016@gmail.com,Hangar Cafe',,Mueang Nakhon Pathom District,Cafe,no,Low,1,,English/Latin-script name,,,openstreetmap,1,+66823366618,"Hangar Cafe', Ban Wang Taku",73000,overture (meta),overture:c3723af8-4c2b-42f2-98ce-443e2faf980a
happiescoopicecream@gmail.com,Happie Scoop ice cream,,Mueang Nakhon Pathom District,Ice cream,no,Low,1,,English/Latin-script name,,,openstreetmap,1,+66639488999,"999, 148 Ying Pao Tai Rd",73000,overture (meta),overture:6d6fcf8c-3ad5-4014-9453-a1dc6e960e7b
teptorneobut@gmail.com,Happy Eat By Tor,,Mueang Nakhon Pathom District,Restaurant,no,Low,1,,English/Latin-script name,,,openstreetmap,1,+66952456236,23 Tanon Chantarakamphitak,73000,overture (meta),overture:bde8188b-d565-477f-b40e-8fa1dcaf72bf
youwant_mai@hotmail.com,Homememory Cafe,,Mueang Nakhon Pathom District,Cafe,no,Low,1,,English/Latin-script name,,,openstreetmap,1,+66810076296,15 ถนน หน้าพระ,73000,overture (meta),overture:7dccf0ce-e099-41ff-aca7-8b1be2ca68a5
d-orayaki@hotmail.co.th,HomHuan cafe,,Mueang Nakhon Pathom District,Cafe,no,Low,1,,English/Latin-script name,,,openstreetmap,1,+66817316559,288 ถนน กุมภิล,73000,overture (meta),overture:dd46b387-f48f-437e-ae59-dca1b9c27253
jedaramen@gmail.com,Jeda Ramen ジエダ ラーメン,,Mueang Nakhon Pathom District,Japanese,no,Low,1,,English/Latin-script name,,,openstreetmap,1,+66616906092,23/11 ถนน จันทรคามพิทักษ์,73000,overture (meta),overture:2ad3a0af-dc50-48f6-9ed3-588ddd8fee36
chefjame6996@gmail.com,JS Restaurant,,Mueang Nakhon Pathom District,Restaurant,no,Low,1,,English/Latin-script name,,,openstreetmap,1,+66816362263,เลขที่ 113/20 ถนน Sakhon Thanakon Tawan Tok,73000,overture (meta),overture:56158d1a-4c97-41ed-bd16-18263b96d6f7
burapan_aofza42@hotmail.com,Ka Nom Wan Cafe,,Mueang Nakhon Pathom District,Cafe,no,Low,1,,English/Latin-script name,,,openstreetmap,2,+66955534472,ซอยรางจิก 2,73000,overture (meta),overture:22d386d4-db00-48cf-99a4-12d4233b57e1
kanomarunee@gmail.com,Kanomarunee,,Mueang Nakhon Pathom District,Cafe,no,Low,1,Local,English/Latin-script name,http://www.kanomarunee.com/,,openstreetmap,1,+66950590818,79 7 8,73000,overture (meta),overture:4998d265-8a08-4d2f-b188-c4f463f10ed6
icetim1999@gmail.com,Kazoku,,Mueang Nakhon Pathom District,Cafe,no,Low,1,,English/Latin-script name,,,openstreetmap,1,+66811484459,6 ถนน เทศา,73000,overture (meta),overture:ff7ccbe9-d97e-4ed5-b5b0-55cf4ed1e3b8
th-ptmalaimanob@qsa.co.th,KFC,,Mueang Nakhon Pathom District,Takeaway,no,Low,1,,English/Latin-script name,https://kfc.co.th/,,openstreetmap,1,,"88/9 Moo 6, Malai Man Road, Wang Takoo Subdistrict, Mueang District",73000,overture (AllThePlaces),overture:adaeae21-98f7-4758-a593-dcdec64edf03
somujungkim@gmail.com,Kim Coffee Home Roaster,,Mueang Nakhon Pathom District,Cafe,no,Low,1,,English/Latin-script name,,,openstreetmap,1,+66934415422,80 Ying Pao 4 Alley,73000,overture (meta),overture:a7fe1d84-35e0-4acd-90f5-9912e7e05ce9
kinchakan89@gmail.com,Kinchakan,,Mueang Nakhon Pathom District,Cafe,no,Low,1,,English/Latin-script name,,,openstreetmap,1,+66846361668,89/8 ม.1 ต.สระกะเทียม,73000,overture (meta),overture:859650cb-d398-4e2f-aa78-c0dfc41391a6
pirate034@gmail.com,King Sushi and Sashimi,,Mueang Nakhon Pathom District,Asian; Sushi,no,Low,1,,English/Latin-script name,,,openstreetmap,1,+66889935554,เลขที่ 243/32 Rajvithee Rd,73000,overture (meta),overture:70cee6c8-34d0-43dd-bc8e-e8bd5d42938c
kinkane89@gmail.com,KinKane 89,,Mueang Nakhon Pathom District,Asian; Japanese,no,Low,1,,English/Latin-script name,,,openstreetmap,1,+66919422426,64 ถนน Tanon Chantarakamphitak,73000,overture (meta),overture:6d525b0e-af74-47cf-8643-2404121180eb
ariyakinnhom@gmail.com,KINNHOM Croissant,,Mueang Nakhon Pathom District,Bakery,no,Low,1,,English/Latin-script name,,,openstreetmap,1,+66842942266,67 Tanon Rajdamnern,73000,overture (meta),overture:9d96d1cd-c776-411d-a7f0-c214b18d651c
konjohnatnakhonpathom@gmail.com,Konjohn made from the heart,,Mueang Nakhon Pathom District,Cafe,no,Low,1,,English/Latin-script name,,,openstreetmap,1,+66908863764,92 Langpra Rd,73000,overture (meta),overture:8dae2398-6fad-4445-800d-693ca65b6258
teemtime@gmail.com,Kruayaimae,,Mueang Nakhon Pathom District,Restaurant,no,Low,1,,English/Latin-script name,,,openstreetmap,1,+66909266232,,,overture (meta),overture:1553c032-b01f-4cd2-9fde-c1703f925958
tuck0_0@hotmail.com,Kuma,,Mueang Nakhon Pathom District,Restaurant,no,Low,1,,English/Latin-script name,,,openstreetmap,1,+66829832790,"278, 3 Thipakorn Road",73000,overture (meta),overture:cf30ca0e-de89-4576-9ecf-f65fa5c78437
lampscoff@gmail.com,Lamps specialty coffee,,Mueang Nakhon Pathom District,Cafe,no,Low,1,,English/Latin-script name,,,openstreetmap,1,+66925594628,98 Langpra Rd,73000,overture (meta),overture:360ca14b-20b1-480d-8797-f64982d4b7c7
arkanayintertrade@gmail.com,Lazy Coco Cafe,,Mueang Nakhon Pathom District,Cafe,no,Low,1,,English/Latin-script name,,,openstreetmap,1,+66819397654,"89, 9",73000,overture (meta),overture:16aca8c1-f263-4ca9-bae3-f748b3b773ed
nej.leisure@gmail.com,Leisure NakhonPathom,,Mueang Nakhon Pathom District,Cafe,no,Low,1,,English/Latin-script name,,,openstreetmap,1,+66909962323,102/18 ถนน ราชมรรคา,73000,overture (meta),overture:a67f4259-c5c3-469d-a96e-d457f163ea63
lexointer@hotmail.com,Lex'O Coffee,,Mueang Nakhon Pathom District,Cafe,no,Low,1,,English/Latin-script name,,,openstreetmap,1,+66870440417,199 หมู่ 5 ถนน,73000,overture (meta),overture:183423c3-4466-4ccc-a16b-dba3681b12f7
linenicecream.brand@gmail.com,Linen Ice Cream,,Mueang Nakhon Pathom District,Ice cream,no,Low,1,,English/Latin-script name,,,openstreetmap,1,,61 15-20 ถนนทรงพล,73000,overture (meta),overture:9d3e305f-134c-408b-a95a-fbacd3184cc4
lullaby.farm@gmail.com,Lullaby Pub & Restaurant,,Mueang Nakhon Pathom District,Bar,no,Low,1,,English/Latin-script name,,,openstreetmap,1,+66847718666,14 ถนนหน้าวัง,73000,overture (meta),overture:5c754ee0-f51f-4ace-aad6-78f487af9433
gagon383@gmail.com,Lunlun'sbar,,Mueang Nakhon Pathom District,Restaurant,no,Low,1,,English/Latin-script name,,,openstreetmap,1,+66651599361,159 ถนน 25 มกรา,73000,overture (meta),overture:d86a2648-01cb-4941-9e19-0ad136af3dab
nutthayakun.n99@gmail.com,M Salad Cafe and Food for Life,,Mueang Nakhon Pathom District,Cafe,no,Low,1,,English/Latin-script name,,,openstreetmap,1,+66621954924,17/9-10 Ying Pao Rd,73000,overture (meta),overture:da1742ef-a38d-4620-a488-346fa4a27ecc
sutti.aum@gmail.com,Ma Kub Sen,,Mueang Nakhon Pathom District,Restaurant,no,Low,1,,English/Latin-script name,,,openstreetmap,1,+66654963665,ไทย,73000,overture (meta),overture:7951cbee-3d42-46da-879d-59dae0008d0a
malistory.official@gmail.com,Malifarm cafe,,Mueang Nakhon Pathom District,Bakery,no,Low,1,,English/Latin-script name,,,openstreetmap,1,+66857597858,,,overture (meta),overture:f8ecdb23-216a-474e-8522-c21037faeb40
teejapan@hotmail.co.th,Mama Salad Bar,,Mueang Nakhon Pathom District,Restaurant,no,Low,1,,English/Latin-script name,,,openstreetmap,1,+66875678257,,73000,overture (meta),overture:dd82bbf1-0a29-4c4b-9a60-88cb2408b6c1
mana.cafe25@gmail.com,MANA CAFE',,Mueang Nakhon Pathom District,Cafe,no,Low,1,,English/Latin-script name,,,openstreetmap,1,+66642614320,49/9 หมู่ 2 ตำบลตาก้อง,73000,overture (meta),overture:8cb9c0c2-0548-4db7-a065-f3c06878cb40
helen.ps16@gmail.com,Marra'cha & Mel Cafe,,Mueang Nakhon Pathom District,Cafe,no,Low,1,,English/Latin-script name,,,openstreetmap,1,+66870553453,Marra'cha & Mel Cafe ต.วังตะกู,,overture (meta),overture:1faf73ad-402e-4585-8a0e-986d3a19b78a
waraporn64585@gmail.com,Marvel Restaurant,,Mueang Nakhon Pathom District,Restaurant,no,Low,1,,English/Latin-script name,,,openstreetmap,1,+66927764585,61/433 ม.2 ต.ท่าตลาด,73110,overture (meta),overture:45ccceac-939a-4db0-a1ad-01fe5f7053bf
memorail_10@hotmail.com,Memorial Antique Coffee,,Mueang Nakhon Pathom District,Cafe,no,Low,1,,English/Latin-script name,,,openstreetmap,1,+66638264646,76 Banjerdjairad,73000,overture (meta),overture:ae784d8e-bebe-4ce6-9a5b-6119346d1d97
meyi.cafe@gmail.com,MEY i CAFE,,Mueang Nakhon Pathom District,Cafe,no,Low,1,,English/Latin-script name,,,openstreetmap,1,+66619946691,ถนนประชาอุทิศ 90,,overture (meta),overture:b6a14d5b-e37c-4fe0-adf4-5ef00b22b9e1
midlandfami@gmail.com,Midland Fami,,Mueang Nakhon Pathom District,Cafe,no,Low,1,,English/Latin-script name,,,openstreetmap,1,+66824945617,21/3 ตำบลธรรมศาลา ,73000,overture (meta),overture:a7ba9b1b-1347-4903-ab3d-7239dab23903
nattawanlim_2523@hotmail.com,Milk Bar,,Mueang Nakhon Pathom District,Cafe,no,Low,1,,English/Latin-script name,,,openstreetmap,1,+66812929003,,,overture (meta),overture:f1666d33-0830-4d63-88db-1ee5ca4cbe10
mitiitim.gelato@gmail.com,miTiiTim,,Mueang Nakhon Pathom District,Ice cream,no,Low,1,,English/Latin-script name,,,openstreetmap,1,+66877739837,479/917\n,73000,overture (meta),overture:dc094cd8-2618-4f72-9b59-bcb41f955fa3
monimalcafe@gmail.com,Monimal cafe,,Mueang Nakhon Pathom District,Cafe,no,Low,1,Local,English/Latin-script name,https://wongn.ai/228gto,support@lmwn.com; pr@lmwn.com,openstreetmap,1,+66904403273,"28/90 ชั้น2, ของตึกสอนMain dance&Voice, ถนนจันทราคามพิทักษ์",73000,overture (meta),overture:eb54e0f4-9c12-4048-a17a-9bf78e720859
moozkoffcoffeebar@gmail.com,Moozkoff Coffee Bar,,Mueang Nakhon Pathom District,Cafe,no,Low,1,,English/Latin-script name,,,openstreetmap,1,+66632478159,17 Rajwithee Soi 11,73000,overture (meta),overture:d6a3d7f8-443d-430a-966c-a2b00e152b7b
morning.charm.cafe@gmail.com,Morning Charm Cafe,,Mueang Nakhon Pathom District,Cafe,no,Low,1,,English/Latin-script name,,,openstreetmap,1,+66993529179,หมู่ 8,73000,overture (meta),overture:b934ab2c-b836-42a5-b0ef-28150ef71619
morningcoffee.334@gmail.com,Morning Coffee & Tea,,Mueang Nakhon Pathom District,Bakery,no,Low,1,,English/Latin-script name,,,openstreetmap,1,+66622349464,334 ถนน เทศา,73000,overture (meta),overture:1cfc87c9-c18d-4255-8367-30c6a558f4b2
jahnim428@gmail.com,Na Mor Bar,,Mueang Nakhon Pathom District,Restaurant,no,Low,1,,English/Latin-script name,,,openstreetmap,1,+66987965965,ซ.สนามจันทร์4 ต.สนามจันทร์ อ.เมือง,73000,overture (meta),overture:5c1f6b62-5054-490e-848e-016b44ea00bd
n_n11@hotmail.com,NaNa Cafe - Nakhon Pathom,,Mueang Nakhon Pathom District,Cafe,no,Low,1,,English/Latin-script name,,,openstreetmap,1,+66941562962,28/28 Moo 6  T.Thanon Khat,73000,overture (meta),overture:4c34b7dc-abc7-4f6b-9f8f-6516cb123f74
nescafe.yusabai@gmail.com,Nescafe Street Cafe,,Mueang Nakhon Pathom District,Cafe,no,Low,1,,English/Latin-script name,,,openstreetmap,1,+66935818869,49 Thawarawadi Tai,73000,overture (meta),overture:96e65d26-faea-414b-8e15-6099701448bf
niagarangarden@gmail.com,Niagara N Garden,,Mueang Nakhon Pathom District,Cafe,no,Low,1,,English/Latin-script name,,,openstreetmap,1,+66957954401,102,,overture (meta),overture:1a101ec1-aee2-4c8e-9d02-7ce8e4a2a3a9
sittikon.bigbiz@gmail.com,NINETY 9 Garden,,Mueang Nakhon Pathom District,Asian; Thai,no,Low,1,,English/Latin-script name,,,openstreetmap,1,+66917946969,671/3 Phet Kasem Rd,73000,overture (meta),overture:cd87bf8c-a42f-49d2-a415-f23ee11ab2dd
onimilkandteas@gmail.com,Oni Milk&Tea Bophlap,,Mueang Nakhon Pathom District,Restaurant,no,Low,1,,English/Latin-script name,,,openstreetmap,1,+66995429465,748 Soi Mu Ban Uea Athon Nakhon Pathom 2,73000,overture (meta),overture:9c52a3ab-5146-43b6-9cb8-ed3ebf367393
oshineinakhonpathom2564@gmail.com,OSHINEI Nakhon Pathom,,Mueang Nakhon Pathom District,Asian; Japanese,no,Low,1,,English/Latin-script name,,,openstreetmap,1,+66929159911,554 Tanon Rachamanka,73000,overture (meta),overture:160b76f1-c53b-4dbc-bf54-304f9255bbc0
rayeesah1995@gmail.com,Paradise restaurant halal food,,Mueang Nakhon Pathom District,Halal,no,Low,1,,English/Latin-script name,,,openstreetmap,1,+66908954291,,,overture (meta),overture:4a6fcdf0-d2e1-4c2f-9d0f-f99bbb84e27e
pon_park@hotmail.com,Passion Beef by chef’Pond,,Mueang Nakhon Pathom District,Restaurant,no,Low,1,,English/Latin-script name,,,openstreetmap,1,+66863456759,บ้านเลขที่44 ถนน Banjerdjairad,73000,overture (meta),overture:0b80b64c-375f-4ae3-8a7b-dd1efc1514e0
pearlista.coffee@gmail.com,Pearlista Cafe,,Mueang Nakhon Pathom District,Cafe,no,Low,1,,English/Latin-script name,,,openstreetmap,1,+66617199714,168 หมู่ 13 Malaiman Rd,73140,overture (meta),overture:de72730a-aea0-48e1-9225-eaeff4e11d3c
peerakaofficial@gmail.com,Peeraka,,Mueang Nakhon Pathom District,Bakery,no,Low,1,,English/Latin-script name,,,openstreetmap,1,+66632462446,158/2 Tanon Rajdamnern,73000,overture (meta),overture:a41ac677-2923-4b08-9529-8c2974f08ae9
papangkiz5914@gmail.com,PunPang Coffee & Sweets,,Mueang Nakhon Pathom District,Cafe,no,Low,1,,English/Latin-script name,,,openstreetmap,1,+66917644305,89 16 หมู่ที่ 5 Ying Pao Tai Rd,73000,overture (meta),overture:e9b84839-82f0-42cd-b1f5-20a550fc4356
sooksudjai@gmail.com,Punthai Coffee,,Mueang Nakhon Pathom District,Cafe,no,Low,1,,English/Latin-script name,,,openstreetmap,1,+66625508787,",",73000,overture (meta),overture:2d390bf3-2c51-4088-b914-768c1080a029
purrbar2023@gmail.com,Purr Bar,,Mueang Nakhon Pathom District,Bar,no,Low,1,,English/Latin-script name,,,openstreetmap,1,+66936524549,"181, 1 Sanam Chan 6 Alley",73000,overture (meta),overture:19b4d063-cb67-44f6-86c6-96dfce72b2c9
qsushigroup@gmail.com,Qsushi,,Mueang Nakhon Pathom District,Asian; Sushi,no,Low,1,,English/Latin-script name,,,openstreetmap,1,+66953713038,112/7 ถนน ทรงพล,73000,overture (meta),overture:67ef1036-d61d-4794-81ee-b9b8a8d219a0
ballpampun@gmail.com,Rabbit Art Garden,,Mueang Nakhon Pathom District,Cafe,no,Low,1,,English/Latin-script name,,,openstreetmap,1,+66909794424,102/9 หมู่3 ถนน หนองอาเสี่ย,73000,overture (meta),overture:7ebad885-7999-45d6-b028-6264c993dfec
riva_floatingcafe@live.com,RIVA Roastery,,Mueang Nakhon Pathom District,Asian; Thai,no,Low,1,,English/Latin-script name,,,openstreetmap,1,+66806925499,"64/1 Sam Khwai Phuak, Mueang Nakhon Pathom District, Nakhon Pathom 73000",73000,overture (meta),overture:1cb67317-c612-428d-9e69-6078db960b56
sundownfarmcafe@gmail.com,Rong Toon Neua&Restaurant,,Mueang Nakhon Pathom District,Restaurant,no,Low,1,,English/Latin-script name,,,openstreetmap,1,+66969948142,26 6 ซอยรางจิก 4,73000,overture (meta),overture:032ad705-aa9d-4818-ad4f-8d866ecf3f11
achirayayim@hotmail.com,Ruean Kaew,,Mueang Nakhon Pathom District,Restaurant,no,Low,1,,English/Latin-script name,,,openstreetmap,1,+66922578195,Phet Kasem Rd,73000,overture (meta),overture:99a02107-3e34-4efd-a494-15d9b7a9cf7d
sainam_pan@hotmail.com,Sainam’s Sourdough,,Mueang Nakhon Pathom District,Bakery,no,Low,1,,English/Latin-script name,,,openstreetmap,1,+66818579141,153 ลําพยา,73000,overture (meta),overture:ab6fa3b7-3e7e-4dfa-8a75-578fc331773b
ketung@outlook.co.th,Salmon59,,Mueang Nakhon Pathom District,Asian; Japanese,no,Low,1,,English/Latin-script name,,,openstreetmap,1,+66809999687,ราชมรรคานอก,73000,overture (meta),overture:12c84164-6ca3-4fd6-ab0b-41a86d1b61d3
sante.eatery@gmail.com,SANTE kitchen,,Mueang Nakhon Pathom District,Restaurant,no,Low,1,,English/Latin-script name,,,openstreetmap,1,+66916663952,99/76,73000,overture (meta),overture:9849670b-ac0d-4b6d-8e3f-a31037a989f8
sayyesmusicbar@gmail.com,SayYe’s,,Mueang Nakhon Pathom District,Bar,no,Low,1,,English/Latin-script name,,,openstreetmap,1,+66809632524,"2, 171 Ying Pao Tai Rd",73000,overture (meta),overture:312a5e2a-e215-4226-9d53-3e2dac725593
scoopbdo@gmail.com,Scoop B House,,Mueang Nakhon Pathom District,Ice cream,no,Low,1,,English/Latin-script name,,,openstreetmap,1,+66817055369,287 ทหารบก Tahanbok Soi 10,73000,overture (meta),overture:c28b8108-7453-4b05-96e0-8fbb3e8430cc
jeabpvn@hotmail.com,Scuola Chic CAFE,,Mueang Nakhon Pathom District,Cafe,no,Low,1,,English/Latin-script name,,,openstreetmap,1,+66832219069,คลอง เจดีย์ บูชา,73000,overture (meta),overture:5d293e6a-5770-43ea-bace-008ecc1832b4
seiichirinth@gmail.com,Seiichirin Japanese restaurant,,Mueang Nakhon Pathom District,Asian; Japanese; Sushi,no,Low,1,,English/Latin-script name,,,openstreetmap,1,+66810349000,161 ถนน เทศา,73000,overture (meta),overture:0e2a95c6-0d8e-40a1-90da-ff87b7a6b1c7
sensed.coffee@gmail.com,Sense'd Coffee,,Mueang Nakhon Pathom District,Cafe,no,Low,1,,English/Latin-script name,,,openstreetmap,1,+66932414199,60 3 Tanon Sanamchan,73000,overture (meta),overture:7218a28c-d6f2-457f-9471-408a47e3b9c7
sette.coffee.vii@gmail.com,sette coffee,,Mueang Nakhon Pathom District,Cafe,no,Low,1,,English/Latin-script name,,,openstreetmap,1,+66999980117,65 7 พุทธรักษา,73000,overture (meta),overture:14eabb74-3d2d-44a6-99c7-efed565db35d
shobdong2021@gmail.com,SHOB DONG,,Mueang Nakhon Pathom District,Restaurant,no,Low,1,,English/Latin-script name,,,openstreetmap,1,,,,overture (meta),overture:0a8692bf-39e3-433b-918d-dfa6d6485bb5
sister_acc@hotmail.com,Sister Cafe,,Mueang Nakhon Pathom District,Cafe,no,Low,1,,English/Latin-script name,,,openstreetmap,1,+66980566602,,,overture (meta),overture:2a549fa8-7cf0-408a-a626-9734b2b83b2b
cloudninety2020@gmail.com,Some Might Say,,Mueang Nakhon Pathom District,Cafe,no,Low,1,,English/Latin-script name,,,openstreetmap,1,+66659916495,"53/1 ลำพยา, ลำพยา, นครปฐม 73000, ประเทศไทย",73000,overture (meta),overture:76e645f1-3a63-4b90-a67a-c9fe08946d2a
14576@coffee-concepts.co.th,Starbucks,,Mueang Nakhon Pathom District,Cafe,no,Low,1,,English/Latin-script name,https://starbucks.co.th/,,openstreetmap,1,,,,overture (AllThePlaces),overture:8fb4c62d-497d-43d2-99dc-52973616c070
14573@coffee-concepts.co.th,Starbucks,,Mueang Nakhon Pathom District,Cafe,no,Low,1,,English/Latin-script name,https://starbucks.co.th/,,openstreetmap,1,,,,overture (AllThePlaces),overture:844c7242-a98e-4c9e-a819-6f48fc7c8f45
14486@coffee-concepts.co.th,Starbucks,,Mueang Nakhon Pathom District,Cafe,no,Low,1,,English/Latin-script name,https://starbucks.co.th/,,openstreetmap,1,+66982514521,,,overture (AllThePlaces),overture:80a05274-fa2b-4292-ba29-99eb7d1dc898
staywithtree@gmail.com,Stay With Tree,,Mueang Nakhon Pathom District,Cafe,no,Low,1,,English/Latin-script name,,,openstreetmap,1,+66641174019,236/11 ถนน ปากแรต ตำบลบ้านโป่ง ตำบลบ้านโป่ง อำเภอบ้านโป่ง จังหวัดราชบุรี 70110,73000,overture (meta),overture:8c532372-826f-4ab1-baba-0eb8583add8e
summerbloom.cafe@gmail.com,Summer Bloom Cafe,,Mueang Nakhon Pathom District,Cafe,no,Low,1,,English/Latin-script name,,,openstreetmap,1,+66969906693,126/1 หมู่ 4 ตำบลโพรงมะเดื่อ อำเภอเมือง,73000,overture (meta),overture:c3cd52d6-ee8d-4ce7-bde2-ec47b940739c
sundaisy.cafe@gmail.com,Sundaisy Cafe,,Mueang Nakhon Pathom District,Cafe,no,Low,1,,English/Latin-script name,,,openstreetmap,1,+66923532653,"2, 6",73000,overture (meta),overture:25169051-6c41-4f27-b95c-295195fb318b
sushi-ya@hotmail.com,Sushiya Nakhon Pathom,,Mueang Nakhon Pathom District,Asian; Sushi,no,Low,1,,English/Latin-script name,,,openstreetmap,1,+66909701255,40/9 ซอยรวมใจ,73000,overture (meta),overture:bdd88b75-7b27-4cd4-b283-cb8158a9bf56
homsuwan31@mail.com,T2 Cafe,,Mueang Nakhon Pathom District,Cafe,no,Low,1,,English/Latin-script name,,,openstreetmap,1,+66951288827,Liap Klong Prapa,73000,overture (meta),overture:b78d342f-b122-4df9-8c43-d8ef4ddd3369
blacksheepperxxl@gmail.com,Tama Japanese Restaurant,,Mueang Nakhon Pathom District,Asian; Japanese,no,Low,1,,English/Latin-script name,,,openstreetmap,1,+66804567775,135/2 ห้อง4 ชั้น1 ตลาดมีตติ้งพอยท์ Tanon Sanamchan,73000,overture (meta),overture:4f2a8034-0504-4fef-8e3e-69ded89bd8c8
tasteandrestcafe@gmail.com,Taste&Rest cafe and restaurant,,Mueang Nakhon Pathom District,Restaurant,no,Low,1,,English/Latin-script name,,,openstreetmap,1,+66629955035,481 Tanon Rachamanka,73000,overture (meta),overture:1256f8fb-1472-4c56-9f52-3b00cecfeff1
nanoncoffee@gmail.com,The Baristo,,Mueang Nakhon Pathom District,Cafe,no,Low,1,,English/Latin-script name,,,openstreetmap,1,+66650127464,,,overture (meta),overture:1faedb24-f3d2-42a4-ab26-b9d3ec813fad
engrichcafe2024@gmail.com,The Eng-Rich Tutor&Cafe,,Mueang Nakhon Pathom District,Cafe,no,Low,1,,English/Latin-script name,https://lin.ee/GtgKM4L,,openstreetmap,1,+66886359955,121 27 Rajvithee Rd,73000,overture (meta),overture:f1e35865-d1b4-43f9-bb65-33130eebb05d
kubecoff@gmail.com,The Kube Coffee Bar,,Mueang Nakhon Pathom District,Cafe,no,Low,1,,English/Latin-script name,,,openstreetmap,1,+66838271610,624 2 ถ.ทางรถไฟตะวันตก,73000,overture (meta),overture:6f05b5f4-12aa-4d59-8d6f-df080fbcfc5a
mwunnapha_mm1234@gmail.com,The Ling Gung Coffee,,Mueang Nakhon Pathom District,Cafe,no,Low,1,,English/Latin-script name,,,openstreetmap,1,+66643316957,"25 ม, 322/1 Yee-Sib-Ha Makara",73000,overture (meta),overture:029c1173-b579-4cac-bd6c-2d507e29a667
thepickuplinecoffee@gmail.com,The pickup line,,Mueang Nakhon Pathom District,Cafe,no,Low,1,,English/Latin-script name,,,openstreetmap,1,+66816559136,5 ทางหลวงชนบท นฐ.,73000,overture (meta),overture:5046efc9-5e24-47d4-82ff-d0621dfa16eb
sasit2017@gmail.com,The Shutter cafe,,Mueang Nakhon Pathom District,Cafe,no,Low,1,,English/Latin-script name,,,openstreetmap,1,+66818553266,https://maps.app.goo.gl/AnueKk668HPhaG3U9?g_st=ic 269 ม.2 ต.ดอนยายหอม อ.เมือง,73000,overture (meta),overture:1f95d819-8415-4701-9d4f-998c9ea96d74
thebestcom_games@hotmail.com,Thebestcom&Games,,Mueang Nakhon Pathom District,Cafe,no,Low,1,,English/Latin-script name,,,openstreetmap,1,+6634243607,475/11 ถนน ทหารบก ตำบล บ่อพลับ อำเภอเมือง นครปฐม นครปฐม ึ,73000,overture (meta),overture:8fd01590-bcf0-43c9-b6e2-3fb48e606362
thongnara.cafe@gmail.com,Thongnara Cafe,,Mueang Nakhon Pathom District,Cafe,no,Low,1,,English/Latin-script name,,,openstreetmap,1,+66895477778,7 6 ถนน หน้าพระ,73000,overture (meta),overture:cfaf0837-95ea-4bbc-bb7c-cbd66a2b8ad0
thormusicbar@gmail.com,Thor Music Bar,,Mueang Nakhon Pathom District,Bar,no,Low,1,,English/Latin-script name,,,openstreetmap,1,+66869939010,711 Phet Kasem Rd,73000,overture (meta),overture:d8704ba6-56bb-4856-b2d6-3863f5414fad
threewhitebuffs@gmail.com,Three White Buffs,,Mueang Nakhon Pathom District,Cafe,no,Low,1,,English/Latin-script name,,,openstreetmap,1,+66851813775,119/5 ม.3 ต.สามควายเผือก อ.เมืองนครปฐม จ.นครปฐม,73000,overture (meta),overture:427070b2-d9ca-42f7-97d4-7775188985aa
tawinktkw@gmail.com,TK Moka,,Mueang Nakhon Pathom District,Cafe,no,Low,1,,English/Latin-script name,,,openstreetmap,1,+66877111187,127/77,73000,overture (meta),overture:686c3973-3d33-49d8-8e27-f071c8a687cb
trin.sree@gmail.com,Triple-Tree CAFE',,Mueang Nakhon Pathom District,Cafe,no,Low,1,,English/Latin-script name,,,openstreetmap,1,+66863593337,297 2,73000,overture (meta),overture:e4075d64-c0ef-4d2e-aa5c-9ac39f92c19b
sakchairainhua@gmail.com,Two S coffee.,,Mueang Nakhon Pathom District,Cafe,no,Low,1,,English/Latin-script name,,,openstreetmap,1,,,,overture (meta),overture:01032a73-8792-46f5-acc3-615f72f799a9
uchi.matchabar@gmail.com,Uchi Matcha Bar,,Mueang Nakhon Pathom District,Cafe,no,Low,1,,English/Latin-script name,,,openstreetmap,1,+66992629491,1 ถนน รถไฟตะวันตก,73000,overture (meta),overture:d6af5150-f48c-4f27-9c4b-99e3b5333fa6
v2nwinespirits@gmail.com,V2Nwine&spirits,,Mueang Nakhon Pathom District,Restaurant,no,Low,1,,English/Latin-script name,,,openstreetmap,1,+66816328444,248/4 ถนน ราชดําเนิน,73000,overture (meta),overture:71c185ca-6d71-4ab9-8904-d5e5050cc962
cafevanillasky@gmail.com,vanilla sky cafe,,Mueang Nakhon Pathom District,Cafe,no,Low,1,,English/Latin-script name,,,openstreetmap,1,+66917811988,1 สนามจันทร์ 5,73000,overture (meta),overture:b5fcd415-3fdd-4b2d-b31e-a73300937013
warden.matchabar@gmail.com,Warden Matcha Bar and Space,,Mueang Nakhon Pathom District,Restaurant,no,Low,1,,English/Latin-script name,,,openstreetmap,1,+66614455395,52 14-15 ถนน ทาง,73000,overture (meta),overture:ee787afe-b4e5-44f5-9cbe-c38f9c20fc75
waycoffee@hotmail.com,Way Coffee,,Mueang Nakhon Pathom District,Cafe,no,Low,1,,English/Latin-script name,,,openstreetmap,1,+66944459624,Ying Pao 4 Alley,73000,overture (meta),overture:1cd30c92-d4c4-4a83-b4b7-84e3ffdb125e
waycoffee.moo@gmail.com,Way Coffee Bakery,,Mueang Nakhon Pathom District,Bakery,no,Low,1,,English/Latin-script name,,,openstreetmap,1,+66866031976,ราชวิถี,73000,overture (meta),overture:a4c906a8-e83d-4d53-b340-a5b6bd9267f4
whisperbrew.cafe@gmail.com,Whisper brew,,Mueang Nakhon Pathom District,Cafe,no,Low,1,,English/Latin-script name,,,openstreetmap,1,+66654645635,13/1 ถนน หน้าพระ,73000,overture (meta),overture:c8bef75b-ee27-4f53-b9df-52b1c562621b
whitespace.restaurant@gmail.com,White Space - Meeting & Restaurant,,Mueang Nakhon Pathom District,Restaurant,no,Low,1,,English/Latin-script name,,,openstreetmap,1,+66927839896,"ปฐมทองซิตี้, ลำพยา, นครปฐม 73000, ประเทศไทย",73000,overture (meta),overture:6ebfad9d-f959-4c2b-a053-7828bc0907cb
yourmood.np@gmail.com,Your Mood,,Mueang Nakhon Pathom District,Restaurant,no,Low,1,,English/Latin-script name,,,openstreetmap,1,+66934105553,369/1 Sakornthanagone,73000,overture (meta),overture:9a5f8bd5-75fc-427a-be39-cd0ce403b2e4
yuanbaocafe@gmail.com,Yuan Bao Bun and Beverage,,Mueang Nakhon Pathom District,Cafe,no,Low,1,,English/Latin-script name,,,openstreetmap,1,+66656639649,319 Rajdamri Rd,73000,overture (meta),overture:7514826d-60c2-44ca-915e-0f91dd5e1a2e
yushosushibar@gmail.com,Yusho Hana Sushi,,Mueang Nakhon Pathom District,Asian; Japanese; Sushi,no,Low,1,,English/Latin-script name,,,openstreetmap,1,+66802546515,87/9 ม.8,73000,overture (meta),overture:3bce9d81-0b6e-42ca-a64d-2d1c025acc1f
watcharin_1234@hotmail.com,3ก.เตี๋ยวบ่อกุ้ง,3ก.เตี๋ยวบ่อกุ้ง,Mueang Nakhon Pathom District,Restaurant,no,Low,0,,,https://line.me/ti/p/-fvF9NgYa3,,openstreetmap,1,+66812345837,,,overture (meta),overture:c7fdc508-5836-42a3-bd01-1043d5b42d72
joyjangg@gmail.com,3แซ่บแยกอนามัยหนองปากโลง,3แซ่บแยกอนามัยหนองปากโลง,Mueang Nakhon Pathom District,Restaurant,no,Low,0,,,,,openstreetmap,1,+66625476290,สามแยกอนามัยหนองปากโลง,73000\n,overture (meta),overture:8111d4bb-2092-4140-9907-21fa268ca06a
amisoftserve@gmail.com,Amai Soft Serve IceCream ไอศกรีมพรีเมียม สไตล์ญี่ปุ่น,Amai Soft Serve IceCream ไอศกรีมพรีเมียม สไตล์ญี่ปุ่น,Mueang Nakhon Pathom District,Restaurant,no,Low,0,,,,,openstreetmap,1,+66929429895,27/3 ทรงพล,73000,overture (meta),overture:a9a50074-1843-42ae-8e60-38442a80bf0f
carekarerestaurant@gmail.com,Bake to Scone โฮมเมดสโคน,Bake to Scone โฮมเมดสโคน,Mueang Nakhon Pathom District,Bakery,no,Low,0,,,,,openstreetmap,1,+66645397205,บ้านใหม่ซอย 5 ตรงข้ามหมู่บ้านเดอะทาวน์  ตำบล บางแขม,73000,overture (meta),overture:2b7bb09e-bbd6-4b3a-b14f-a31a57986660
bannsuannphung@gmail.com,Bann Suann ผึ้ง,Bann Suann ผึ้ง,Mueang Nakhon Pathom District,Cafe,no,Low,0,,,,,openstreetmap,1,+66618404547,200/7 หมู่ 3 ถนน เลียบรางบางเสือ ตำบล ดอนยายหอม อำเภอ เมืองนครปฐม นครปฐม,73000,overture (meta),overture:535016e4-d50a-47cf-9b36-045a54b171ee
barcodecoffee168@gmail.com,Barcode coffeebar - บาร์โค้ดกาแฟสด,Barcode coffeebar - บาร์โค้ดกาแฟสด,Mueang Nakhon Pathom District,Cafe,no,Low,0,,,,,openstreetmap,1,+66979522324,32 ถนน ถวิลราษฎรบูรณะ,73000,overture (meta),overture:6aea3b61-f688-4c11-ac57-8298b61d358d
bearbearbear.nkt@gmail.com,Bear Bear Bear-นมหมีสาขานครปฐม แยกสนามจันทร์,Bear Bear Bear-นมหมีสาขานครปฐม แยกสนามจันทร์,Mueang Nakhon Pathom District,Restaurant,no,Low,0,,,,,openstreetmap,1,+66645383942,19/16 ถนน ยิงเป้า,73000,overture (meta),overture:c0ff3264-57b0-4e49-912d-ca223eb35693
bnp4091@gmail.com,Black n Pink Ice cream - ร้านไอศกรีมแบล็คแอนด์พิงค์,Black n Pink Ice cream - ร้านไอศกรีมแบล็คแอนด์พิงค์,Mueang Nakhon Pathom District,Ice cream,no,Low,0,,,,,openstreetmap,1,+66925301205,409 Tesa Soi 6,73000,overture (meta),overture:a59c9c18-676e-41bb-87fe-d9e2445638c8
newbuatong2528@gmail.com,Bua Bar - นครปฐม,Bua Bar - นครปฐม,Mueang Nakhon Pathom District,Restaurant,no,Low,0,,,,,openstreetmap,1,+66934726992,Phet Kasem Rd,73000,overture (meta),overture:c5f04ec9-1de3-42cb-a608-eb427b9da917
piyawadiizz@gmail.com,Busaba Bakery  สาขานครปฐม,Busaba Bakery  สาขานครปฐม,Mueang Nakhon Pathom District,Bakery,no,Low,0,,,,,openstreetmap,1,+66815169226,188/3 ถนน ราชวิถี,73000,overture (meta),overture:ca12acc2-7f15-4f10-934a-105df200de67
camping.nkpt@gmail.com,Camp ปิ้ง บุฟเฟ่ต์หมูกระทะ,Camp ปิ้ง บุฟเฟ่ต์หมูกระทะ,Mueang Nakhon Pathom District,Restaurant,no,Low,0,,,,,openstreetmap,1,+66989493060,ถนน สวนตะไคร้,73000,overture (meta),overture:ddb6ca36-6acf-4ab6-9be0-8474f0376ee1
aea020@gmail.com,Camping House- Bar&Restaurant นครปฐม,Camping House- Bar&Restaurant นครปฐม,Mueang Nakhon Pathom District,Restaurant,no,Low,0,,,,,openstreetmap,1,+66819434903,117 หมู่ 4 ตำบลลำพยา อำเภอเมือง,73000,overture (meta),overture:ce1f9cf5-77ee-4447-84ed-b1afa009606b
sin25968@hotmail.com,Cin Zaa หมูกระทะห้อยขา,Cin Zaa หมูกระทะห้อยขา,Mueang Nakhon Pathom District,Restaurant,no,Low,0,,,,,openstreetmap,1,+66847136349,W344+GF ตำบล ดอนตูม อำเภอ เมืองนครปฐม นครปฐม,73150,overture (meta),overture:2410b139-5a6d-444f-a374-c8095f63bf1f
coarse.th@gmail.com,coarse.koffxbar (คอร์ส),coarse.koffxbar (คอร์ส),Mueang Nakhon Pathom District,Restaurant,no,Low,0,,,,,openstreetmap,1,+66962562498,Ying Pao Rd,73000,overture (meta),overture:2c964e0e-fd9d-403c-b89c-4a2cb6dbb7ee
uthaiwan.kae@gmail.com,Coffee House by Kae คอฟฟี่เฮ้าส์ เก๋,Coffee House by Kae คอฟฟี่เฮ้าส์ เก๋,Mueang Nakhon Pathom District,Cafe,no,Low,0,,,,,openstreetmap,1,+66870177974,,,overture (meta),overture:1521c21f-f3b2-436c-af48-82d89218be18
coffeesevencool@gmail.com,CoolSpace Coffee & Beverage (คูลสเปซ คอฟฟี่ เเอนด์เบเวอเรจ),CoolSpace Coffee & Beverage (คูลสเปซ คอฟฟี่ เเอนด์เบเวอเรจ),Mueang Nakhon Pathom District,Cafe,no,Low,0,,,,,openstreetmap,1,+66642496149,12/2 Srakaew,73000,overture (meta),overture:7e906ad2-a050-4ce9-ba14-b18fa2e3d58c
ms.nongluck_12@icloud.com,Dekcha เด็กชา นครปฐม,Dekcha เด็กชา นครปฐม,Mueang Nakhon Pathom District,Restaurant,no,Low,0,,,,,openstreetmap,1,+66823923564,9 ถ.ราชมรรคา ต.สนามจันทร์ อ.เมือง จ.นครปฐม,73000,overture (meta),overture:39ad06bb-d70b-4924-88a9-68f40d1f35eb
amdinocha@gmail.com,DinoChaชานมไข่มุกสาขาเมืองนครปฐม,DinoChaชานมไข่มุกสาขาเมืองนครปฐม,Mueang Nakhon Pathom District,Restaurant,no,Low,0,,,,,openstreetmap,1,+66847298726,,,overture (meta),overture:dc17a8c0-8283-4c09-b2ad-534b5b11ea93
nueanuea52@gmail.com,E-Ju ปิ้งย่างสไตล์เกาหลี @ราชภัฏนครปฐม,E-Ju ปิ้งย่างสไตล์เกาหลี @ราชภัฏนครปฐม,Mueang Nakhon Pathom District,Restaurant,no,Low,0,,,,,openstreetmap,1,+66839402172,หอพักภัทรเพลส,73000,overture (meta),overture:999524bc-a703-41d8-bc1f-6c2df7d87e94
chairukkiat@gmail.com,Edosushi เอโดะซูชิ นครปฐม,Edosushi เอโดะซูชิ นครปฐม,Mueang Nakhon Pathom District,Asian; Japanese; Sushi,no,Low,0,,,,,openstreetmap,1,+66865297503,ถนนราชวิถี,73000,overture (meta),overture:99b049aa-8b69-48f9-905f-3d54e48b5c3c
gcoffeenpt@gmail.com,Grace Coffee Moka นครปฐม,Grace Coffee Moka นครปฐม,Mueang Nakhon Pathom District,Cafe,no,Low,0,,,,,openstreetmap,1,,พิพิธประสาท,73000,overture (meta),overture:4b58105b-7735-44c6-ba44-cd88a0f10a6e
milulymook44@gmail.com,Granny Jai Khanom Jeen - ย่าใจขนมจีน,Granny Jai Khanom Jeen - ย่าใจขนมจีน,Mueang Nakhon Pathom District,Restaurant,no,Low,0,,,,,openstreetmap,1,+66945396454,แผงลอยที่253-254 ตลาดทรัพย์สินส่วนพระมหากษัตริย์ (ตลาดล่าง พระ,73000,overture (meta),overture:7b015115-e121-49da-980c-2e5fb1c4e570
annalindgren18@gmail.com,Hat Yai Tea - ชาหาดใหญ่,Hat Yai Tea - ชาหาดใหญ่,Mueang Nakhon Pathom District,Restaurant,no,Low,0,,,,,openstreetmap,1,,จันทรคามพิทักษ์,73000,overture (meta),overture:b5853e2a-d68e-4d9b-bcfd-09b5072b4f5d
pomchaitat@gmail.com,Homu Cafe นครปฐม,Homu Cafe นครปฐม,Mueang Nakhon Pathom District,Cafe,no,Low,0,,,,,openstreetmap,1,,สนามจันทร์ ซอย5,73000,overture (meta),overture:b4dce510-7f22-4433-88fa-72ea1ecfbb63
honto.nakhonpathom@gmail.com,HontoVariety รพ.กรุงเทพสนามจันทร์ | Nakhon Pathom,HontoVariety รพ.กรุงเทพสนามจันทร์ | Nakhon Pathom,Mueang Nakhon Pathom District,Asian; Japanese,no,Low,0,,,,,openstreetmap,1,+66630807888,สนามจันทร์ รพ.กรุงเทพ สนามจันทร์ (ร้านฮอนโตะ 1194 Phet Kasem Rd,73000,overture (meta),overture:501b5741-5c52-45c0-915d-48aaa53eff2d
hopchafe.yingpowtai@gmail.com,HOP Chafe' ดอนยายหอม,HOP Chafe' ดอนยายหอม,Mueang Nakhon Pathom District,Restaurant,no,Low,0,,,,,openstreetmap,1,+66635278408,ดอนยายหอม,73000,overture (meta),overture:e75c4e59-51fa-4e73-ab63-e66e38290994
masaki_ha@hotmail.com,HOP Chafe' สาขา ร.ร.สิรินธรราชวิทยาลัย,HOP Chafe' สาขา ร.ร.สิรินธรราชวิทยาลัย,Mueang Nakhon Pathom District,Restaurant,no,Low,0,,,,,openstreetmap,1,+66934749829,42 ยิงเป้าใต้,73000,overture (meta),overture:78dcd1f2-544f-47e3-a07f-b333c8205682
poonyanun.hopchafe@gmail.com,HOP Chafe' สาขาบ้านบางเตย ถนนขาด,HOP Chafe' สาขาบ้านบางเตย ถนนขาด,Mueang Nakhon Pathom District,Restaurant,no,Low,0,,,,,openstreetmap,1,+66945874615,,,overture (meta),overture:4f4294d6-c8f0-40fe-bee0-888cce862a95
indiahalalfood@gmail.com,India halal food นครปฐม,India halal food นครปฐม,Mueang Nakhon Pathom District,Halal,no,Low,0,,,,,openstreetmap,1,+66834264994,187 หมู่ที่3  ซอยหนองดินแดง5 ตำบล หนองดินแดง อำเภอเมืองนครปฐม นครปฐม 73000,73000,overture (meta),overture:5b713bde-ae4d-4309-a00c-3b95c7abd2ad
infobestfoodrestaurant@gmail.com,Jodd 1 จ๊อดหมูกระทะ สาขานครปฐม,Jodd 1 จ๊อดหมูกระทะ สาขานครปฐม,Mueang Nakhon Pathom District,Restaurant,no,Low,0,,,,,openstreetmap,1,+66647589272,3 ถนน ราชมรรคา,73000,overture (meta),overture:193aded0-5571-4b98-9c5f-0741a5ab822a
joheunnal.coffee@gmail.com,Joheunnalcoffee-โชอึนนัล,Joheunnalcoffee-โชอึนนัล,Mueang Nakhon Pathom District,Cafe,no,Low,0,,,,,openstreetmap,1,+66659459142,13 ตำบล หนองงูเหลือม,73000,overture (meta),overture:96100f40-c84d-4d71-84b8-25d3fb017ef6
studiocafejoon@gmail.com,Joon Homemade อาหาร เครื่องดื่ม สอนปั้นดินเซรามิก,Joon Homemade อาหาร เครื่องดื่ม สอนปั้นดินเซรามิก,Mueang Nakhon Pathom District,Cafe,no,Low,0,,,,,openstreetmap,1,+66946199596,444/24 หมู่2 ต.สระกะเทียม อ.เมือง,73000,overture (meta),overture:e3e91c77-9bef-418b-ad34-ea99d02f3c63
kanandmook@hotmail.com,Kanomkai Kitcharoen-ขนมไข่กิจเจริญ,Kanomkai Kitcharoen-ขนมไข่กิจเจริญ,Mueang Nakhon Pathom District,Bakery,no,Low,0,,,,,openstreetmap,1,+66830446803,ถนน พญากง,73000,overture (meta),overture:61c1b209-4862-4f3b-a262-1723ccf40901
sukti251598@gmail.com,King ซาบะ,King ซาบะ,Mueang Nakhon Pathom District,Asian; Japanese,no,Low,0,,,,,openstreetmap,1,+66893811676,เศษฐวิธีบ้านอ้อยอีเตี้ย,73000,overture (meta),overture:702951bd-94a5-4047-8652-0db21a3b1734
natsineeariya@gmail.com,Koomi นครปฐม,Koomi นครปฐม,Mueang Nakhon Pathom District,Restaurant,no,Low,0,,,,,openstreetmap,1,+66659406009,"วิริยะประกันภัย, 9 ถนน เพชรเกษม",73000,overture (meta),overture:afc8215f-bf22-49be-9b86-00861339f9de
ktcoffee1991@gmail.com,KT Coffee ณ ศูนย์ราชการนครปฐม,KT Coffee ณ ศูนย์ราชการนครปฐม,Mueang Nakhon Pathom District,Cafe,no,Low,0,,,,,openstreetmap,1,+66867607533,99 ต.ถนนขาด อ.เมือง,73000,overture (meta),overture:644ff498-304b-4cc1-8498-b7cc41f74736
lemongrasskitchen@gmail.com,Lemongrass Kitchen & Garden เลมอนกราส คิทเช่นแอนด์การ์เดน,Lemongrass Kitchen & Garden เลมอนกราส คิทเช่นแอนด์การ์เดน,Mueang Nakhon Pathom District,Restaurant,no,Low,0,,,,,openstreetmap,1,+66991465599,,73000,overture (meta),overture:a5ed9fd4-5059-4211-8d28-925f583b5036
sl44799@gmail.com,Mantra Cafe ต้นสน,Mantra Cafe ต้นสน,Mueang Nakhon Pathom District,Restaurant,no,Low,0,,,,,openstreetmap,1,+66802128333,37 ถนน ราชดําเนิน,73000,overture (meta),overture:73e6f587-5b45-4ca0-8b23-c83dde47964a
sirirat_6@hotmail.com,Marra'cha มาราชา ซอย 4 นครปฐม,Marra'cha มาราชา ซอย 4 นครปฐม,Mueang Nakhon Pathom District,Restaurant,no,Low,0,,,,,openstreetmap,1,+66929528455,Tesa Soi 4,73000,overture (meta),overture:66d3e2ec-c34d-4987-9798-8ef98b93d91b
ka0w@hotmail.com,Mee Crepe Station สถานีมีเครป สาขา นครปฐม,Mee Crepe Station สถานีมีเครป สาขา นครปฐม,Mueang Nakhon Pathom District,Restaurant,no,Low,0,,,,,openstreetmap,1,+66990401007,25 มกรา,73000,overture (meta),overture:adc6f166-419d-4bf8-ba01-49c7f10b60d4
miruku.silpakorn@gmail.com,Miruku Pan-Ya สาขา ศิลปากร,Miruku Pan-Ya สาขา ศิลปากร,Mueang Nakhon Pathom District,Cafe,no,Low,0,,,,,openstreetmap,1,+66935195911,"48 Ying Pao Road\nPhra Pathom Chedi, Mueang Nakhon Pathom District",73000,overture (meta),overture:752ebbfe-99ec-49c4-b32b-d5e4a9df2140
settawat.mim@gmail.com,Mixue เทศา ซอย4 นครปฐม,Mixue เทศา ซอย4 นครปฐม,Mueang Nakhon Pathom District,Ice cream,no,Low,0,,,,,openstreetmap,1,+66841881111,71 11 Tesa Rd,73000,overture (meta),overture:fa4c5f6f-b317-43e0-b78b-b41b5ea1fd7c
mothercows.npt@hotmail.com,Mother Cows เมืองนครปฐม,Mother Cows เมืองนครปฐม,Mueang Nakhon Pathom District,Restaurant,no,Low,0,,,,,openstreetmap,1,+66648741655,182 15-16,73000,overture (meta),overture:d4da0784-f99e-4379-b702-1f64534efc48
mukashi.koff@gmail.com,Mukashi Koff - มูกาชิคอฟ นครปฐม,Mukashi Koff - มูกาชิคอฟ นครปฐม,Mueang Nakhon Pathom District,Cafe,no,Low,0,,,,,openstreetmap,1,+66820832826,481/2 Tanon Rachamanka,73000,overture (meta),overture:0d13da5f-8dfe-440b-a35c-7851875a093e
pakefuen2@gmail.com,Multiverse specialty coffee and matcha สี่แยกวัดกลาง,Multiverse specialty coffee and matcha สี่แยกวัดกลาง,Mueang Nakhon Pathom District,Cafe,no,Low,0,,,,,openstreetmap,1,+66982295997,16/40,73000,overture (meta),overture:b285f53c-b6c9-4d32-b896-5ad0a2e7f256
chanapol.m4@gmail.com,Nutcha น้ำผลไม้สดปั่น ชา กาแฟสด,Nutcha น้ำผลไม้สดปั่น ชา กาแฟสด,Mueang Nakhon Pathom District,Cafe,no,Low,0,,,,,openstreetmap,1,+66948399888,ฝั่งตรงข้ามศูนย์ราชการนครปฐม ถนนขาด,73000,overture (meta),overture:61e99431-85c4-44f0-936d-19044c98462a
pinocafe22@gmail.com,Pino coffee bar-พีโน่บาร์กาแฟ ซ.ราชวิถี11 เมืองนครปฐม,Pino coffee bar-พีโน่บาร์กาแฟ ซ.ราชวิถี11 เมืองนครปฐม,Mueang Nakhon Pathom District,Cafe,no,Low,0,,,,,openstreetmap,1,+66613895554,11 ถนน ราชวิถี,73000,overture (meta),overture:c1e8bcf7-3dd9-4ef7-ab08-2760279d909e
punthaitaharnbok@gmail.com,PunThai Coffee สาขาทหารบกซอย 15,PunThai Coffee สาขาทหารบกซอย 15,Mueang Nakhon Pathom District,Cafe,no,Low,0,,,,,openstreetmap,1,+66954825398,710 ถนน ทหารบก,73000,overture (meta),overture:f9fe13c3-eeb6-4da8-a1a5-3a17fae81f12
seethebell.cafe@gmail.com,"See The Bell, Creative Space Cafe พื้นที่แสดงงานศิลปะ ดนตรี นครปฐม","See The Bell, Creative Space Cafe พื้นที่แสดงงานศิลปะ ดนตรี นครปฐม",Mueang Nakhon Pathom District,Restaurant,no,Low,0,,,,,openstreetmap,1,+66945551963,7 ถนน หลังพระ,73000,overture (meta),overture:bdba7188-dec7-4e00-8a0d-c16a06e35aeb
sipa.shabu1@gmail.com,Si‘pa Shabu - ซิป้า ชาบู ข้างม.ศิลปากร นครปฐม,Si‘pa Shabu - ซิป้า ชาบู ข้างม.ศิลปากร นครปฐม,Mueang Nakhon Pathom District,Asian; Japanese,no,Low,0,,,,,openstreetmap,1,+66838899963,15/29 Rajamankha Nai Rd,73000,overture (meta),overture:d74c332e-7f9a-46d9-b582-52c78cf5dc11
sooksomdoon@gmail.com,Sook Som Doon - สุขสมดุล,Sook Som Doon - สุขสมดุล,Mueang Nakhon Pathom District,Cafe,no,Low,0,,,,,openstreetmap,1,+66639899824,1 ถนน บรรเจิดใจราช,73000,overture (meta),overture:b041b432-a707-4bb7-ad84-0ff8a1491239
ngaowab4565@gmail.com,Sushi Corner สาขานครปฐม,Sushi Corner สาขานครปฐม,Mueang Nakhon Pathom District,Asian; Sushi,no,Low,0,,,,,openstreetmap,1,+66944662899,1 เพชรเกษม ซอย 1,73000,overture (meta),overture:e63a167d-13ed-438d-b6f7-99d2905d18c4
pm_pon_my@hotmail.com,Sushi'Pi ร้านซูชิพาย สาขาหอพักลีลาเพลส(ศิลปากร),Sushi'Pi ร้านซูชิพาย สาขาหอพักลีลาเพลส(ศิลปากร),Mueang Nakhon Pathom District,Sushi,no,Low,0,,,,,openstreetmap,1,+66924795577,62 Tanon Chantarakamphitak,73000,overture (meta),overture:d223f873-e9a4-494d-bd2e-2111313cb7ff
russameethapan2538@hotmail.com,T&A ถั่วปั่นนมสด,T&A ถั่วปั่นนมสด,Mueang Nakhon Pathom District,Cafe,no,Low,0,,,,,openstreetmap,1,+66890762427,,73000,overture (meta),overture:d3dc9bc5-49bc-4116-a554-133897932db2
papeajunk@gmail.com,The Cha Chic Chic นครปฐม,The Cha Chic Chic นครปฐม,Mueang Nakhon Pathom District,Cafe,no,Low,0,,,,,openstreetmap,1,+66955099966,310 ถนน ทิพากร,73000,overture (meta),overture:ae2b42a3-633f-4e2f-9057-fd67efa59184
ajchara281029@gmail.com,Ti & Li กาแฟนมสด,Ti & Li กาแฟนมสด,Mueang Nakhon Pathom District,Cafe,no,Low,0,,,,,openstreetmap,1,+66819419299,,,overture (meta),overture:68c89fe9-8575-4bac-9929-98fb36b58b07
info@tongdee-drinkingwater.com,Tongdee น้ำดื่มทองดี,Tongdee น้ำดื่มทองดี,Mueang Nakhon Pathom District,Bar,no,Low,0,,,https://tongdee-drinkingwater.com/,,openstreetmap,1,+66800213101,,,overture (meta),overture:cdb8ad0f-03e1-43db-a028-f1867e130052
nuixance@hotmail.com,Tosuto Cafe Camp ปังปิ้ง ชานม ใกล้ม.ศิลปากร,Tosuto Cafe Camp ปังปิ้ง ชานม ใกล้ม.ศิลปากร,Mueang Nakhon Pathom District,Cafe,no,Low,0,,,,,openstreetmap,1,,3 ถนน ยิงเป้า,73000,overture (meta),overture:ce7783a0-1d87-4455-9a00-13b3da8403a9
wedrinkbanpong.nakhonpathom@gmail.com,Wedrink ม.ศิลปากร นครปฐม,Wedrink ม.ศิลปากร นครปฐม,Mueang Nakhon Pathom District,Ice cream,no,Low,0,,,,,openstreetmap,1,+66924622295,ถนน เฟียต\n,73000,overture (meta),overture:b65e5ca1-fe81-4074-99aa-079df2f4207c
maywatcharee.v@gmail.com,Welcome coffee นครปฐม,Welcome coffee นครปฐม,Mueang Nakhon Pathom District,Cafe,no,Low,0,,,,,openstreetmap,1,+66837751851,Welcome coffee นครปฐม,73000,overture (meta),overture:99746fbb-ca89-4571-a830-05f2993b41b9
zeroconakhompathom@gmail.com,Zeroco Plant-Based Cafe สาขานครปฐม-ถนนต้นสน,Zeroco Plant-Based Cafe สาขานครปฐม-ถนนต้นสน,Mueang Nakhon Pathom District,Cafe,no,Low,0,,,,,openstreetmap,1,+66826641159,1 ถนน ราชดําเนิน,73000,overture (meta),overture:f4d25806-db42-4abf-a7b1-bb5d350e242e
jjamnongpra@gmail.com,กะบับไก่ชีส,กะบับไก่ชีส,Mueang Nakhon Pathom District,Restaurant,no,Low,0,,,,,openstreetmap,1,+66829139200,,,overture (meta),overture:c4b25915-c05f-46f8-9863-72686ab64485
guncha.milktea@gmail.com,กันชา Guncha milk tea bar,กันชา Guncha milk tea bar,Mueang Nakhon Pathom District,Restaurant,no,Low,0,,,,,openstreetmap,1,+66962545456,เพชรเกษม,10400,overture (meta),overture:b741c944-9c7d-4faa-bbe1-af2523ae8c3e
wassana043303@gmail.com,กับข้าวกับปลา ครัวหน้าบ้าน,กับข้าวกับปลา ครัวหน้าบ้าน,Mueang Nakhon Pathom District,Seafood,no,Low,0,,,,,openstreetmap,1,+66654639620,,,overture (meta),overture:d57c18eb-899b-4261-869a-5f66bc6c787f
captainssweets.th@gmail.com,กัปตันสวีท ไอศกรีมบิงซู ปตท.พระประโทน,กัปตันสวีท ไอศกรีมบิงซู ปตท.พระประโทน,Mueang Nakhon Pathom District,Cafe,no,Low,0,,,,,openstreetmap,1,+66922584121,พระประโทน,73000,overture (meta),overture:84daff0e-a50f-49d6-bd43-d15d9b1b0d87
sarocha253033@gmail.com,กัสจังไก่แซ๊บแซ่บ,กัสจังไก่แซ๊บแซ่บ,Mueang Nakhon Pathom District,Restaurant,no,Low,0,,,,,openstreetmap,1,+66926546163,บรรเจิดใจราช,73000,overture (meta),overture:05004da5-ec18-4981-bc3d-2ed7d7620159
beaubaan@hotmail.com,กาญจนา ไก่ย่าง ส้มตำ ปลาเผา,กาญจนา ไก่ย่าง ส้มตำ ปลาเผา,Mueang Nakhon Pathom District,Asian; Thai,no,Low,0,,,,,openstreetmap,1,+6634272171,2 Tanon Rajdamnern,73000,overture (meta),overture:7b97782c-53d4-475f-86d5-4ff84f76ca5c
mindbell19@gmail.com,กาแฟชาวเหนือ และสอนพิเศษครูตู้,กาแฟชาวเหนือ และสอนพิเศษครูตู้,Mueang Nakhon Pathom District,Cafe,no,Low,0,,,,,openstreetmap,1,,ร้านกาแฟชาวเหนือ และสอนพิเศษครูตู้,73000,overture (meta),overture:fc47c565-5910-4f73-aa88-3aa47bba56b4
aoraea66@gmail.com,กาแฟบ้านตาเพ็ชร,กาแฟบ้านตาเพ็ชร,Mueang Nakhon Pathom District,Cafe,no,Low,0,,,,,openstreetmap,1,+66894998689,ถวิลพัฒนา,73000,overture (meta),overture:f70fbfc5-b7d7-4c41-a747-2618d43686ee
punthaicoffee.ppchedi@gmail.com,กาแฟพันธุ์ไทย สาขาถนนราชวิถี พระปฐมเจดีย์,กาแฟพันธุ์ไทย สาขาถนนราชวิถี พระปฐมเจดีย์,Mueang Nakhon Pathom District,Cafe,no,Low,0,,,,,openstreetmap,1,+66653849905,78 6 Rajvithee Rd,73000,overture (meta),overture:7373cb19-5663-47cd-a34d-ae6914c6b5fa
sukanchanaspt.22@gmail.com,กาแฟแลงัว,กาแฟแลงัว,Mueang Nakhon Pathom District,Cafe,no,Low,0,,,,,openstreetmap,1,+66819437323,เลียบคลองชลประทาน,73140,overture (meta),overture:81ed53b1-1344-424f-999d-99663b1b79e5
kinkabbfood@gmail.com,กินกับ เตี๋ยวต้มยำโคตรทะเล,กินกับ เตี๋ยวต้มยำโคตรทะเล,Mueang Nakhon Pathom District,Restaurant,no,Low,0,,,,,openstreetmap,1,+66855525585,29 ซอย 2 หมู่ 2,73000,overture (meta),overture:d002085f-cfb5-47ee-8b25-d95b5a016b3f
pollabhat17@hotmail.com,กินลมชมทิว,กินลมชมทิว,Mueang Nakhon Pathom District,Restaurant,no,Low,0,,,,,openstreetmap,1,+66934744411,,,overture (meta),overture:18b47567-65b1-4b55-9d50-82e0eef4d521
sippawit_pje@hotmail.co.th,กินเตี๋ยวหม้อดิน กินเส้น,กินเตี๋ยวหม้อดิน กินเส้น,Mueang Nakhon Pathom District,Restaurant,no,Low,0,,,,,openstreetmap,1,+66870349949,มาลัยแมน,73000,overture (meta),overture:914df0d9-23ae-4d7d-9cea-462760488679
kungnew1122332@gmail.com,กุ้ง เต้าหู้ทอด,กุ้ง เต้าหู้ทอด,Mueang Nakhon Pathom District,Restaurant,no,Low,0,,,,,openstreetmap,1,+66634192649,29 ถนน สาครธนากร,73000,overture (meta),overture:8eb579e9-cddc-4f87-a081-ba46034d36b9
tikhaporn1984@gmail.com,ก๋วยจั๊บญวน,ก๋วยจั๊บญวน,Mueang Nakhon Pathom District,Asian; Japanese,no,Low,0,,,,,openstreetmap,1,+66616632370,Yee-Sib-Ha Makara,73000,overture (meta),overture:61d8c0db-dc1e-41dd-bd73-ab0d61dc5e8e
baanchan.noodle@gmail.com,ก๋วยเตีียวไก่มะระบ้านฉัน,ก๋วยเตีียวไก่มะระบ้านฉัน,Mueang Nakhon Pathom District,Restaurant,no,Low,0,,,,,openstreetmap,1,+66655592663,21 1,73000,overture (meta),overture:583b1423-a90c-43a8-939a-674c2413b65b
chueajinda_y@yahoo.com,ก๋วยเตี๋ยวนายเบื้อก,ก๋วยเตี๋ยวนายเบื้อก,Mueang Nakhon Pathom District,Asian; Japanese,no,Low,0,,,,,openstreetmap,1,+66860077397,,73120,overture (meta),overture:93db2ec5-1465-48f0-9239-678f1d1e01f9
prakobpanoon@gmail.com,ก๋วยเตี๋ยวป๋าปอง,ก๋วยเตี๋ยวป๋าปอง,Mueang Nakhon Pathom District,Restaurant,no,Low,0,,,,,openstreetmap,1,+66628529455,บ้านปริ้นแป๊ป 293 หมู่1 ต.ดอนยายหอม อ.เมือง,73000,overture (meta),overture:b3e647ec-a1d8-4547-8c9f-ff53c8905077
lungpanoodle.cmi@gmail.com,ก๋วยเตี๋ยวสุโขทัย ลุง-ป้า สาย3 สาขานครปฐม,ก๋วยเตี๋ยวสุโขทัย ลุง-ป้า สาย3 สาขานครปฐม,Mueang Nakhon Pathom District,Takeaway,no,Low,0,,,,,openstreetmap,1,+66935786644,46 ถนน ยิงเป้า,73000,overture (meta),overture:6c2b7dfa-df84-450e-b59a-6c8e8460a76d
yuwaporn_t@hotmail.com,ก๋วยเตี๋ยวหมูต้มยำสูตรโบราณหมวยใหญ่,ก๋วยเตี๋ยวหมูต้มยำสูตรโบราณหมวยใหญ่,Mueang Nakhon Pathom District,Restaurant,no,Low,0,,,,,openstreetmap,1,+66642465364,,,overture (meta),overture:4d9c844a-b32b-49f5-a7e4-f5a40bb892f9
tim.poohpasfhasai@gmail.com,ก๋วยเตี๋ยวอิ่มอร่อยฟ้าใส ตำบลลำพยา,ก๋วยเตี๋ยวอิ่มอร่อยฟ้าใส ตำบลลำพยา,Mueang Nakhon Pathom District,Asian; Japanese,no,Low,0,,,"https://www.google.co.th/maps/place/%E0%B8%81%E0%B9%8B%E0%B8%A7%E0%B8%A2%E0%B9%80%E0%B8%95%E0%B8%B5%E0%B9%8B%E0%B8%A2%E0%B8%A7%E0%B8%AD%E0%B8%B4%E0%B9%88%E0%B8%A1%E0%B8%AD%E0%B8%A3%E0%B9%88%E0%B8%AD%E0%B8%A2%E0%B8%9F%E0%B9%89%E0%B8%B2%E0%B9%83%E0%B8%AA+%E0%B8%95%E0%B8%B3%E0%B8%9A%E0%B8%A5%E0%B8%A5%E0%B8%B3%E0%B8%9E%E0%B8%A2%E0%B8%B2/@13.8042582,100.0227425,17z/data=!3m1!4b1!4m6!3m5!1s0x30e2e5d583821bf5:0x2134a4ad045de865!8m2!3d13.804253!4d100.0253174!16s%2Fg%2F11vc07b18z?hl=th&entry=ttu",,openstreetmap,1,+66823569199,124 1 Phet Kasem Rd,73000,overture (meta),overture:73e0e7e2-f979-486a-bea6-dd51a35d25c9
countryman999@hotmail.com,ก๋วยเตี๋ยวเนื้อหลังบ้าน,ก๋วยเตี๋ยวเนื้อหลังบ้าน,Mueang Nakhon Pathom District,Restaurant,no,Low,0,,,,,openstreetmap,1,+66986818669,บ่อโตนด 43/5 Phai Toei Tai Alley,73000,overture (meta),overture:7aef118c-c693-45f1-bcd0-cbecd58cd6cb
wasan1910waaan@gmail.com,ก๋วยเตี๋ยวเรือ 7-11 นาสร้าง,ก๋วยเตี๋ยวเรือ 7-11 นาสร้าง,Mueang Nakhon Pathom District,Asian; Japanese,no,Low,0,,,,,openstreetmap,1,+66856466519,11 ถนน นาสร้าง,73000,overture (meta),overture:bfceca57-86a8-4d6e-a2ec-6d64eb341845
liliusu31@gmail.com,ก๋วยเตี๋ยวเรือ ท่าสนาม,ก๋วยเตี๋ยวเรือ ท่าสนาม,Mueang Nakhon Pathom District,Asian; Japanese,no,Low,0,,,,,openstreetmap,1,+66894455341,,73000,overture (meta),overture:f323ad09-4370-433f-9591-1810b1035f4a
na.nutvara@gmail.com,ก๋วยเตี๋ยวเรือ “บ้านนา”,ก๋วยเตี๋ยวเรือ “บ้านนา”,Mueang Nakhon Pathom District,Restaurant,no,Low,0,,,,,openstreetmap,1,+66972364491,55 ถนน ยิงเป้า,73000,overture (meta),overture:4c068587-7b99-494a-8b52-c97bc804db28
p.phitcha01@gmail.com,ก๋วยเตี๋ยวเรือคุณนิ x PittaCafe สาขา ม.ราชภัฏนครปฐม,ก๋วยเตี๋ยวเรือคุณนิ x PittaCafe สาขา ม.ราชภัฏนครปฐม,Mueang Nakhon Pathom District,Restaurant,no,Low,0,,,,,openstreetmap,2,+66951955185,Malaiman Rd,73000,overture (meta),overture:e5fbaf82-3e1c-469e-a1ab-9a0f001c28ef
supawadee2101415@gmail.com,ก๋วยเตี๋ยวเรือท่าสนาม สาขาทัพหลวง,ก๋วยเตี๋ยวเรือท่าสนาม สาขาทัพหลวง,Mueang Nakhon Pathom District,Restaurant,no,Low,0,,,http://www.bigc.co.th/,,openstreetmap,1,+66894455341,59 หมู่4 ตำบลทัพหลวง อำเภอเมือง จังหวัดนครปฐม,73000,overture (meta),overture:241f7d3d-8a0a-495a-a82e-842f1ce1611e
guohmhod@gmail.com,ก๋วยเตี๋ยวเรือนรกแตก สาขาหนองขาหยั่ง,ก๋วยเตี๋ยวเรือนรกแตก สาขาหนองขาหยั่ง,Mueang Nakhon Pathom District,Restaurant,no,Low,0,,,,,openstreetmap,1,+66618868262,ถนน สนามจันทร์,73000,overture (meta),overture:e837047a-aef7-4575-bc4d-8531e5b31ae4
newboatnoodles.2025@gmail.com,ก๋วยเตี๋ยวเรือมะลิ,ก๋วยเตี๋ยวเรือมะลิ,Mueang Nakhon Pathom District,Restaurant,no,Low,0,,,,,openstreetmap,1,+66659459142,13/8,7300,overture (meta),overture:5b6a1765-ba76-4eca-85bd-77c494b34421
ibeat.aom@gmail.com,ก๋วยเตี๋ยวเรือฮองจิม,ก๋วยเตี๋ยวเรือฮองจิม,Mueang Nakhon Pathom District,Takeaway,no,Low,0,,,,,openstreetmap,1,+66616853929,143 ม.10 ต.ตาก้อง อ.เมือง จ.นครปฐม 73000,73000,overture (meta),overture:7d2bcfb9-98d3-416b-b372-46ae65584d7e
suphan50252@gmail.com,ก๋วยเตี๋ยวไก่มะระ ยกนิ้ว สามควายเผือก,ก๋วยเตี๋ยวไก่มะระ ยกนิ้ว สามควายเผือก,Mueang Nakhon Pathom District,Restaurant,no,Low,0,,,,,openstreetmap,1,,79/3 หมู่4 ตำบล สามควายเผือก อำเภอ เมือง,73000,overture (meta),overture:2902d468-2377-443a-9beb-abcc561b11cc
kaimara@gmail.com,ก๋วยเตี๋ยวไก่มะระโกแป๊ะ,ก๋วยเตี๋ยวไก่มะระโกแป๊ะ,Mueang Nakhon Pathom District,Asian; Japanese,no,Low,0,,,,,openstreetmap,1,+66837744159,ข้างวัดห้วยจระเข้,73000,overture (meta),overture:814c6465-0322-4815-84ce-6eed073486a4
kanda.4535@gmail.com,ขนมจีนแม่กานดา,ขนมจีนแม่กานดา,Mueang Nakhon Pathom District,Restaurant,no,Low,0,,,,,openstreetmap,1,+66819814535,ม.2 ตำบลหนองดินแดง อำเภอเมืองนครปฐม,73000,overture (meta),overture:e8acfc09-7728-4a61-ae7f-6f6bed6152b9
farsai240@gmail.com,ขนมปังปิ้งbyพี่ฟ้า,ขนมปังปิ้งbyพี่ฟ้า,Mueang Nakhon Pathom District,Restaurant,no,Low,0,,,,,openstreetmap,1,+66817631835,โรงยิม,73000,overture (meta),overture:f142a247-4b0e-4f40-b9a6-1ca058b33123
nayzed_yel@hotmail.com,ขนมเบื้องแม่บุญยงค์ สาขา 2,ขนมเบื้องแม่บุญยงค์ สาขา 2,Mueang Nakhon Pathom District,Cafe,no,Low,0,,,,,openstreetmap,1,+66919392898,85 จันทรคาม 5,73000,overture (meta),overture:e3d63b6a-c061-429a-b1e6-b633d5e23676
tul12107@hotmail.com,ขวัญชัยโภชนา,ขวัญชัยโภชนา,Mueang Nakhon Pathom District,Restaurant,no,Low,0,Local,,https://www.wongnai.com/restaurants/104943UC-%E0%B8%82%E0%B8%A7%E0%B8%B1%E0%B8%8D%E0%B8%8A%E0%B8%B1%E0%B8%A2-%E0%B9%81%E0%B8%9B%E0%B8%94%E0%B9%81%E0%B8%A2%E0%B8%81,thanakrit.marc@gmail.com; ayt.atitaya@gmail.com,openstreetmap,1,+66890267384,157/13 ม.1,73000,overture (meta),overture:5d24c8a9-89ec-4115-a00c-9eb8c5a78471
woothipong.th@gmail.com,ของกินบ้านเฮา นครปฐม,ของกินบ้านเฮา นครปฐม,Mueang Nakhon Pathom District,Restaurant,no,Low,0,,,,,openstreetmap,1,+66656395917,14 17 ซ. 8 Srakaew,73000,overture (meta),overture:80f99e41-ef0b-4723-b9b9-c5a8d2ac2455
rasu9054@gmail.com,ขึ้นชื่อข้าวแกงไร่ขิง1,ขึ้นชื่อข้าวแกงไร่ขิง1,Mueang Nakhon Pathom District,Restaurant,no,Low,0,,,,,openstreetmap,1,,ถนน ไร่ขิง,73110,overture (meta),overture:54256bba-b29b-42c3-ab13-19233325421e
wutichai2523@gmail.com,ข้าวกล่อง อาหารตามสั่ง,ข้าวกล่อง อาหารตามสั่ง,Mueang Nakhon Pathom District,Restaurant,no,Low,0,,,,,openstreetmap,1,+66616394952,52/2 ม.3 ต.ห้วยจระเข้,73000,overture (meta),overture:1a790bff-9e98-4125-9446-e4d85fe5a886
soruttana2515@gmail.com,ข้าวขาหมูเฮียแผ่กั่งบ๊วย,ข้าวขาหมูเฮียแผ่กั่งบ๊วย,Mueang Nakhon Pathom District,Restaurant,no,Low,0,,,,,openstreetmap,1,+66859508242,53 Nawang Rd,73000,overture (meta),overture:f5027e4e-bd7c-4cb9-ad06-81b3f058f262
lamaisri.p@gmail.com,ข้าวต้มพอเพียง,ข้าวต้มพอเพียง,Mueang Nakhon Pathom District,Restaurant,no,Low,0,,,,,openstreetmap,1,+66843310991,613 Tanon Rachamanka,73000,overture (meta),overture:716e9303-3ea1-4277-8ccb-b58b0dae4038
sontisumitta@gmail.com,ข้าวต้มไอโฟน (ข้าวต้ม I Phone),ข้าวต้มไอโฟน (ข้าวต้ม I Phone),Mueang Nakhon Pathom District,Restaurant,no,Low,0,,,,,openstreetmap,1,+66889850480,5 1 Ying Pao Tai Rd,7300,overture (meta),overture:d9d07cc1-19ae-4520-99c3-ed8991c995e8
khawtom24594@gmail.com,ข้าวต้วม สาขานครปฐม,ข้าวต้วม สาขานครปฐม,Mueang Nakhon Pathom District,Restaurant,no,Low,0,,,,,openstreetmap,1,+66979355655,ยิงเป้า,73000,overture (meta),overture:42ed209b-b80f-413a-a3a9-15fc2536497c
toomroute2012@hotmail.com,ข้าวผัดภูเขาไฟ,ข้าวผัดภูเขาไฟ,Mueang Nakhon Pathom District,Restaurant,no,Low,0,,,,,openstreetmap,1,+66955161292,11,73000,overture (meta),overture:23ba95e2-d1dc-4737-be70-920afb0fd165
k.athachai13@gmail.com,ข้าวมันไก่ ป้าจ๋า 23 ชั่วโมง,ข้าวมันไก่ ป้าจ๋า 23 ชั่วโมง,Mueang Nakhon Pathom District,Asian,no,Low,0,,,,,openstreetmap,1,+66645396566,164/1 ตำบลสนามจันทร์,73000,overture (meta),overture:09bbbd7b-9d3c-4019-a56f-04aa5be7de85
kantkanchana35@gmail.com,ข้าวมันไก่เจ๊กานต์ รับทำข้าวกล่อง,ข้าวมันไก่เจ๊กานต์ รับทำข้าวกล่อง,Mueang Nakhon Pathom District,Restaurant,no,Low,0,,,,,openstreetmap,1,+66847032687,,73120,overture (meta),overture:f0cf55ce-34a6-4f86-90d0-fde8475f5ad1
aeknitha@gmail.com,ข้าวหมกไก่ ข้าวมันไก่ อิสลาม ฮาลาล,ข้าวหมกไก่ ข้าวมันไก่ อิสลาม ฮาลาล,Mueang Nakhon Pathom District,Restaurant,no,Low,0,,,,,openstreetmap,1,+6629802299,2/7 ถนน ราชดําเนิน,73000,overture (meta),overture:f663c2a5-639f-4d61-990e-89b45b02e31d
yingyam2519@gmail.com,ข้าวหมูทอด อร่อยนะ 20 บาท,ข้าวหมูทอด อร่อยนะ 20 บาท,Mueang Nakhon Pathom District,Cafe,no,Low,0,,,,,openstreetmap,1,+66878366652,ใกล้สี่แยกไฟแดง(ป้อมตำรวจ) ม.2 ต.สวนป่าน อ.เมือง จ.นครปฐม, 73000,overture (meta),overture:456e2f23-dce0-4e92-9295-64153079fd2f
bunyisabam.1998@gmail.com,ข้าวหมูแดง ตามสั่ง,ข้าวหมูแดง ตามสั่ง,Mueang Nakhon Pathom District,Restaurant,no,Low,0,,,,,openstreetmap,1,+66988810610,,,overture (meta),overture:5bc1c779-b8ca-4a5e-b0c6-dc8e99b96c96
covermusicsong@gmail.com,ข้าวหอม ครัวบ้านทุ่ง,ข้าวหอม ครัวบ้านทุ่ง,Mueang Nakhon Pathom District,Restaurant,no,Low,0,,,,,openstreetmap,1,+66655502992,"เลขที่ 53 หมู่ 5 ซอย หมู่บ้านสุขเจริญ, ตำบล",73000,overture (meta),overture:511294e5-4d36-4230-8db4-1d9a39bc89ff
hangtek-tae@yahoo.com,ข้าวเลือดหมูสะพานเกวียน,ข้าวเลือดหมูสะพานเกวียน,Mueang Nakhon Pathom District,Restaurant,no,Low,0,,,,,openstreetmap,1,+66904433323,,73000,overture (meta),overture:9bf7510b-36d2-422f-8689-a0907803f4c5
mae_aree@msn.com,ข้าวเหนียวย่างอารีย์ นครปฐม,ข้าวเหนียวย่างอารีย์ นครปฐม,Mueang Nakhon Pathom District,Asian; Thai,no,Low,0,Local,,http://mae-aree.blogspot.com/,,openstreetmap,1,+6634254619,34 ถนน ทรงพล,73000,overture (meta),overture:a94e6dbd-d9da-4007-ae09-fc5459c08449
waridsa28@gmail.com,ข้าวแกงปักษ์ใต้ครัวครูพร สาขา2,ข้าวแกงปักษ์ใต้ครัวครูพร สาขา2,Mueang Nakhon Pathom District,Restaurant,no,Low,0,,,,,openstreetmap,1,+66822463282,60 2,73000,overture (meta),overture:b583d2bd-8e08-4e30-b2ac-fadea1725ede
kengnattapol@gmail.com,ข้าวแกงป้ามาลี,ข้าวแกงป้ามาลี,Mueang Nakhon Pathom District,Asian,no,Low,0,,,,,openstreetmap,1,+66818805107,,,overture (meta),overture:b73f0cf5-cedb-4177-b5b8-77ba611ccfa0
errsomploy@hotmail.com,ข้าวแกงเจ๊ตา(สนามพระ),ข้าวแกงเจ๊ตา(สนามพระ),Mueang Nakhon Pathom District,Asian; Thai,no,Low,0,Local,,https://wongn.ai/zxsj3,support@wongnai.com,openstreetmap,1,+66800682551,,73000,overture (meta),overture:9d350131-6723-4d59-899d-b433cf57ad90
kritsana2906@hotmail.com,ข้าวโพดไก่ตราเจริญ,ข้าวโพดไก่ตราเจริญ,Mueang Nakhon Pathom District,Asian; Thai,no,Low,0,,,,,openstreetmap,1,+66818588826,89 ทรงพล ซอย 2,73000,overture (meta),overture:48985b7e-820c-46f6-b788-45fda5e93da3
rattankatesom@gmail.com,ครัวครูโอ่ง นครปฐม,ครัวครูโอ่ง นครปฐม,Mueang Nakhon Pathom District,Takeaway,no,Low,0,,,,,openstreetmap,1,+66815270986,,,overture (meta),overture:9a49200a-3947-44b1-9220-8cda62517214
kankamonyaiying936@gmail.com,ครัวคุณยาย,ครัวคุณยาย,Mueang Nakhon Pathom District,Restaurant,no,Low,0,,,,,openstreetmap,1,+66841392502,630/2 ถนน รถไฟตะวันออก,73000,overture (meta),overture:7646c293-f59f-4f6f-9851-911225321445
aaroon41194@gmail.com,ครัวชุติกาญจน์ นครปฐม,ครัวชุติกาญจน์ นครปฐม,Mueang Nakhon Pathom District,Asian; Thai,no,Low,0,,,,,openstreetmap,1,+66991654442,28/2 ลําพยา,73000,overture (meta),overture:808066cd-f120-4188-b36f-7cc8e7f06ac5
tongmo1990@gmail.com,ครัวตัวกลม ส้มตำ&ตามสั่ง byของอร่อยตามปาก,ครัวตัวกลม ส้มตำ&ตามสั่ง byของอร่อยตามปาก,Mueang Nakhon Pathom District,Restaurant,no,Low,0,,,,,openstreetmap,1,+66656051063,122 Ying Pao Tai Rd,73000,overture (meta),overture:37cc8627-3df3-4b5e-a5c8-4da6a2d5030b
smile_seksith@hotmail.com,ครัวตากะยาย,ครัวตากะยาย,Mueang Nakhon Pathom District,Restaurant,no,Low,0,,,,,openstreetmap,1,+66868002041,6/2 ม.3 ต.บ่อพลับ,73000,overture (meta),overture:d4a607cb-3b7e-4122-8f4e-228b387c2acb
rattiya04051@gmail.com,ครัวน้องเพ้นท์,ครัวน้องเพ้นท์,Mueang Nakhon Pathom District,Asian; Thai,no,Low,0,,,,,openstreetmap,1,+6634253435,ใกล้พุทธมณฑลสาย 5 ถนนบรมราชชนนี,73000,overture (meta),overture:f3d3d449-0522-415d-9555-2fcf0d2e1de9
mew525418162@hotmail.com,ครัวบ้านต้นไม้,ครัวบ้านต้นไม้,Mueang Nakhon Pathom District,Restaurant,no,Low,0,,,,,openstreetmap,1,+66889635092,66/1 Ying Pao Rd,73000,overture (meta),overture:845a75a1-38c4-433b-9829-f373ea0f8088
chaleaw_food@hotmail.co.th,ครัวบ้านเฉลียว,ครัวบ้านเฉลียว,Mueang Nakhon Pathom District,Restaurant,no,Low,0,,,https://line.me/ti/p/hFuEJjlsB9,,openstreetmap,1,+66619956569,88 หมู่ 5,73000,overture (meta),overture:47b6943a-c59a-4d1d-955e-fc969568b1aa
nopporn04603@gmail.com,ครัวบ้านไม้,ครัวบ้านไม้,Mueang Nakhon Pathom District,Restaurant,no,Low,0,,,,,openstreetmap,1,+66931104603,7 ดอนยายหอม ซอย 1,73000,overture (meta),overture:79c50d5c-499b-47c7-b555-53ac2219ef10
air.mullika@gmail.com,ครัวพลัดถิ่น,ครัวพลัดถิ่น,Mueang Nakhon Pathom District,Restaurant,no,Low,0,,,,,openstreetmap,2,+66858437135,15/1หมู่8 ต.สระกะเทียม,73000,overture (meta),overture:ba9b9d79-9c78-4e1c-b638-d39ad3c70619
jiab0602@gmail.com,ครัวภูริมาศ888byเสน่หา,ครัวภูริมาศ888byเสน่หา,Mueang Nakhon Pathom District,Restaurant,no,Low,0,,,,,openstreetmap,1,+66988849826,627 ถนน ราชมรรคา,73000,overture (meta),overture:f6278244-2ce3-4594-ac1b-df640254d367
roszabb2501@gmail.com,ครัวรสแซ็บ (Krua Roszabb)นครปฐม,ครัวรสแซ็บ (Krua Roszabb)นครปฐม,Mueang Nakhon Pathom District,Asian; Chinese; Thai,no,Low,0,Local,,https://www.wongnai.com/restaurants/125442mK-%E0%B8%84%E0%B8%A3%E0%B8%B1%E0%B8%A7%E0%B8%A3%E0%B8%AA%E0%B9%81%E0%B8%8B%E0%B9%87%E0%B8%9A-%E0%B8%99%E0%B8%84%E0%B8%A3%E0%B8%9B%E0%B8%90%E0%B8%A1,posroszabb@gmail.com; wassana043303@gmail.com; thanakrit.marc@gmail.com; ayt.atitaya@gmail.com,openstreetmap,1,+6634243624,134/1 ถนนสวนตะไคร้,73000,openstreetmap,https://www.openstreetmap.org/node/10821344041
loso.pop@hotmail.com,ครัวลุงต่าย ริมคลอง,ครัวลุงต่าย ริมคลอง,Mueang Nakhon Pathom District,Restaurant,no,Low,0,,,,,openstreetmap,1,+66990285487,ซอยทรัพประเสริฐ ตำบลดอนยายหอม อำเภอเมือง จังหวัดนครปฐม,73000,overture (meta),overture:dbf7cca7-f520-4eb7-b32d-b75a7aafb188
loongloypalan@gmail.com,ครัวลุงลอยป่าลั่น,ครัวลุงลอยป่าลั่น,Mueang Nakhon Pathom District,Restaurant,no,Low,0,,,,,openstreetmap,1,+66898369394,ครัวลุงลอยป่าลั่น 1004-1010 Phetkasem Rd. Amphoe Mueang,73000,overture (meta),overture:f10421dd-02e8-434c-a7c5-300a2277e38e
kualungnum@yahoo.com,ครัวลุงหนุ่ม,ครัวลุงหนุ่ม,Mueang Nakhon Pathom District,Restaurant,no,Low,0,,,,,openstreetmap,1,+66809879498,160/6 หมู่ 5,73000,overture (meta),overture:3a151839-2cdc-4766-9d7e-0a7a58ef697e
stylephacafe@gmail.com,ครัวสไตล์ป่า Stylepha Restaurant cafe,ครัวสไตล์ป่า Stylepha Restaurant cafe,Mueang Nakhon Pathom District,Restaurant,no,Low,0,,,,,openstreetmap,1,+66982622222,372 ครัวสไตล์ป่า 16 หนองดินแดง,73000,overture (meta),overture:f5fdfe5b-01c8-4003-8822-ed2c60f6eced
pig12052513@gmail.com,ครัวหมูอิฐบล๊อค,ครัวหมูอิฐบล๊อค,Mueang Nakhon Pathom District,Takeaway,no,Low,0,,,,,openstreetmap,1,+66906950172,16 ตำบลสระกะเทียม,73000,overture (meta),overture:7ee119c6-99c5-4a77-94fe-5ea52953e4ae
jdai083@gmail.com,ครัวหูลั่น,ครัวหูลั่น,Mueang Nakhon Pathom District,Restaurant,no,Low,0,,,,,openstreetmap,1,+66979626282,168 ต,73000,overture (meta),overture:d3ea46fb-0123-4bf0-916d-b4c6340ec3ec
kruaesaannamor@gmail.com,ครัวอีสานหน้าม.19,ครัวอีสานหน้าม.19,Mueang Nakhon Pathom District,Restaurant,no,Low,0,,,,,openstreetmap,1,+66813582139,ครัวอีสานหน้าม.19,73000,overture (meta),overture:50823081-4c1e-42ff-8100-dc6829f011c4
kruajedyak1234@gmail.com,ครัวเจ็ดแยก,ครัวเจ็ดแยก,Mueang Nakhon Pathom District,Restaurant,no,Low,0,,,,,openstreetmap,1,+66861335048,87 หมู่8 ต.บางแขม อ.เมือง จ.นครปฐม,73000,overture (meta),overture:48fcb083-39af-4290-b513-85b6e28f44ea
kambum.janchaichit@gmail.com,ครัวเจ้กบ OP-OP Restaurant,ครัวเจ้กบ OP-OP Restaurant,Mueang Nakhon Pathom District,Restaurant,no,Low,0,,,,,openstreetmap,1,+66817693565,404 ถนน เพชรเกษม,73000,overture (meta),overture:7dc59d81-5a24-44c1-a26d-e5657756cf82
janeythetoys789@gmail.com,ครัวแม่บุญรัตน์ By เจนนี่ส้มตำปากปลาแดก,ครัวแม่บุญรัตน์ By เจนนี่ส้มตำปากปลาแดก,Mueang Nakhon Pathom District,Restaurant,no,Low,0,,,,,openstreetmap,1,+66908418786,ปตท.สามควายเผือก,73000,overture (meta),overture:2ee0a5cf-0019-4a71-83c1-20ee4ae92cad
step_baggio@hotmail.com,ครัวโกเท้ นครปฐม,ครัวโกเท้ นครปฐม,Mueang Nakhon Pathom District,Asian; Thai,no,Low,0,,,http://www.go-tae.in.th/,,openstreetmap,1,+956622324,1028/3 ถนน เพชรเกษม,73000,overture (meta),overture:57a37960-4bc4-457f-b506-e80e8626a1bd
amazonfnp@gmail.com,คาเฟ่อเมซอนสาขาหน้าเทศบาลนครนครปฐม,คาเฟ่อเมซอนสาขาหน้าเทศบาลนครนครปฐม,Mueang Nakhon Pathom District,Cafe,no,Low,0,,,,,openstreetmap,1,+66817028889,"577 Tahanbok Road, Tambon Bo Phlap  ",73000,overture (meta),overture:bcf12fb3-dbba-4887-99a7-7d42712f43d1
kidthung.restobar@gmail.com,คิดถึง Restobar,คิดถึง Restobar,Mueang Nakhon Pathom District,Restaurant,no,Low,0,,,,,openstreetmap,1,+66617030143,R27W+5P,73000,overture (meta),overture:2eb7b1e7-aab5-4292-9c7c-fcf45ddf54d7
pimchanok261212@gmail.com,คุณขนมCoffeeCorner,คุณขนมCoffeeCorner,Mueang Nakhon Pathom District,Cafe,no,Low,0,,,,,openstreetmap,1,+66625195288,11 ถนน เหนือวัง,73000,overture (meta),overture:0e933885-a5ca-4e22-82b0-224c8c79fb75
jomjinmaklud@gmail.com,คุณยุ้ยเป็ดพะโล้นครปฐม,คุณยุ้ยเป็ดพะโล้นครปฐม,Mueang Nakhon Pathom District,Restaurant,no,Low,0,,,,,openstreetmap,1,+66996175693,25 1 ถนนนกเขาเหิร,73000,overture (meta),overture:f272c72f-d629-4c53-861e-85732641c2b5
jokphung@gmail.com,จกพุง - Jokphung,จกพุง - Jokphung,Mueang Nakhon Pathom District,Restaurant,no,Low,0,,,,,openstreetmap,1,+66877578992,ถนนรถไฟตะวันตก,,overture (meta),overture:2fab0c0d-aa39-46bd-9a33-a24c02279785
leopink3@gmail.com,จอนยาว บะหมี่-เกี๊ยว,จอนยาว บะหมี่-เกี๊ยว,Mueang Nakhon Pathom District,Asian; Japanese,no,Low,0,,,,,openstreetmap,1,+66635289539,107 Yee-Sib-Ha Makara,73000,overture (meta),overture:8691ef67-e5ee-4886-b8aa-da90c9909428
jit-pochana@hotmail.com,จิตต์ โภชนา นครปฐม 081-9482020,จิตต์ โภชนา นครปฐม 081-9482020,Mueang Nakhon Pathom District,Asian; Thai,no,Low,0,,,,,openstreetmap,1,+66819482020,prangam2,73000,overture (meta),overture:2f2eb318-fd8d-412e-aa09-7f26a4969944
jinmaomalath01@gmail.com,จินมาวหมาล่าทั่ง 金猫 麻辣烫,จินมาวหมาล่าทั่ง 金猫 麻辣烫,Mueang Nakhon Pathom District,Restaurant,no,Low,0,,,,,openstreetmap,1,+66957179383,ราชวิถี,73000,overture (meta),overture:e08c3f9d-c766-47be-a0f8-10db061e6724
momo.2209@hotmail.com,จิ้มจุ่ม@รั้วหลากสี,จิ้มจุ่ม@รั้วหลากสี,Mueang Nakhon Pathom District,Restaurant,no,Low,0,,,,,openstreetmap,2,+66802985566,458/2 Yee-Sib-Ha Makara,73000,overture (meta),overture:76c4ecd7-0b81-4666-b1e4-49eb70162940
tawonmax2537@gmail.com,จุดเสียวเหนียวห่อ,จุดเสียวเหนียวห่อ,Mueang Nakhon Pathom District,Restaurant,no,Low,0,,,,,openstreetmap,1,+66812022596,ถนนนาสร้าง,73000,overture (meta),overture:e03d5880-cb9f-4d26-bdf8-a60b7fa0512e
nithi.nithinun@gmail.com,จุ่มเจริญ,จุ่มเจริญ,Mueang Nakhon Pathom District,Restaurant,no,Low,0,,,,,openstreetmap,1,+66802245391,8 ถนน พุทธมณฑลสาย 4,73220,overture (meta),overture:2e71397a-3e7e-4b29-bdc1-5523b1b05df5
owlcha_nongkhayang@hotmail.com,จ่าหนุ่ยงานไม้มีกิมมิค,จ่าหนุ่ยงานไม้มีกิมมิค,Mueang Nakhon Pathom District,Restaurant,no,Low,0,,,,,openstreetmap,1,,.,.,overture (meta),overture:e3d78404-a630-4785-8068-51fbea8730bf
klonklangtan7336@gmail.com,ชนัดดา กล้วยมันปาก,ชนัดดา กล้วยมันปาก,Mueang Nakhon Pathom District,Restaurant,no,Low,0,,,,,openstreetmap,1,+66946415542,ต.ตาก้อง,73000,overture (meta),overture:5775eb02-13e8-4221-9d43-5db88fa024a9
chakriyas93@gmail.com,ชาคริยา ฮ่อยจ๊อ,ชาคริยา ฮ่อยจ๊อ,Mueang Nakhon Pathom District,Asian; Chinese,no,Low,0,,,,,openstreetmap,1,+66866632663,32 SongPhol Road,73000,overture (meta),overture:660dd185-8b17-4131-9d21-1c4ceaa673f4
chanthanee_au@hotmail.com,ชาณิดา ข้าวเกรียบปากหม้อ ซอย 4,ชาณิดา ข้าวเกรียบปากหม้อ ซอย 4,Mueang Nakhon Pathom District,Restaurant,no,Low,0,,,,,openstreetmap,1,+66825409475,ตรอก เลขที่ 39/8 ซอย Thahanbok Soi 3,73000,overture (meta),overture:71fc02c2-8679-4183-a49d-2cef82bdd8f5
bungnuntea.samphan@gmail.com,ชาบังนัน แยกสามพราน,ชาบังนัน แยกสามพราน,Mueang Nakhon Pathom District,Cafe,no,Low,0,,,,,openstreetmap,1,+66945180381,เพชรเกษม,73110,overture (meta),overture:3269861b-2d83-4b5a-b954-2e3769afd459
chabuwisatnkpt@gmail.com,ชาบู วิเศษ สาขานครปฐม,ชาบู วิเศษ สาขานครปฐม,Mueang Nakhon Pathom District,Restaurant,no,Low,0,,,,,openstreetmap,1,+66659395399,153 12 Rajvithee Rd,73000,overture (meta),overture:7e5dbfab-4962-4ed4-8fa4-5d3b8c3e78c7
chalamaang@gmail.com,ชาละม๊าง-chalamaang,ชาละม๊าง-chalamaang,Mueang Nakhon Pathom District,Cafe,no,Low,0,,,,,openstreetmap,1,+66835395538,Indy market Silpakorn University,73000,overture (meta),overture:30d95697-20f9-4bde-bafc-5e355f47b445
walaiporn9998@gmail.com,ชาว นครปฐม,ชาว นครปฐม,Mueang Nakhon Pathom District,Cafe,no,Low,0,,,,,openstreetmap,1,+66630599998,483 Tanon Rachamanka,73000,overture (meta),overture:4d800717-b2ce-421e-bc1a-a73fa567b66e
chasitong.npt@gmail.com,ชาสีทอง สาขานครปฐม,ชาสีทอง สาขานครปฐม,Mueang Nakhon Pathom District,Cafe,no,Low,0,,,,,openstreetmap,1,+66821975004,ถนนยิงเป้า,73000,overture (meta),overture:42bfe2dd-9737-495b-8ff1-10f42fc92bf8
kaykai.9514@gmail.com,ชาหอมดี,ชาหอมดี,Mueang Nakhon Pathom District,Cafe,no,Low,0,,,,,openstreetmap,2,+66846449961,ถนน หลังพระ,73000,overture (meta),overture:f94d6fa7-bb42-4506-ae29-4cc3b049c617
scff2015hrm@gmail.com,ซินเซียร์ เฟรช ฟู้ด สมัครงาน,ซินเซียร์ เฟรช ฟู้ด สมัครงาน,Mueang Nakhon Pathom District,Restaurant,no,Low,0,,,,,openstreetmap,1,+66627087733,99 ม.8 ต.บ่อพลับ อ.เมืองนครปฐม,73000,overture (meta),overture:a6425672-3b4a-4b23-94a5-dc08544c265a
jaruwan90535@gmail.com,ซิ่งหยวน หม้อไฟ Xing Yuan,ซิ่งหยวน หม้อไฟ Xing Yuan,Mueang Nakhon Pathom District,Restaurant,no,Low,0,,,,,openstreetmap,1,+66899846068,U AVENUE 78 หมู่2 ,73140,overture (meta),overture:4f8f1c9e-53e9-44b6-b352-63d89eea14b0
blacksheepper_xl@hotmail.com,ซูชิมั้ย ศิลปากร 3,ซูชิมั้ย ศิลปากร 3,Mueang Nakhon Pathom District,Asian; Japanese,no,Low,0,,,,,openstreetmap,1,+66877117775,ทรงพล,73000,overture (meta),overture:d5f2a55f-526e-40e7-ac22-91679e51b7da
methasit.thatsri@gmail.com,ซูชิแอน,ซูชิแอน,Mueang Nakhon Pathom District,Restaurant,no,Low,0,,,,,openstreetmap,1,+66855256195,,,overture (meta),overture:d4c02811-0b23-43cc-96ca-d623dd8bccd3
mt612a@gmail.com,ดีหมดแหล่ะคาเฟ่ไร้น้ำแข็ง,ดีหมดแหล่ะคาเฟ่ไร้น้ำแข็ง,Mueang Nakhon Pathom District,Cafe,no,Low,0,,,,,openstreetmap,1,+66624916662,742 Phet Kasem Rd,73000,overture (meta),overture:fd99c4b3-13a3-451e-8529-96898ce5c316
jwattana.market@gmail.com,ตลาดเจริญวัฒนะ - นครปฐม,ตลาดเจริญวัฒนะ - นครปฐม,Mueang Nakhon Pathom District,Takeaway,no,Low,0,Local,,https://jaroenwattana.site123.me/,jaroenwattana.market@gmail.com,openstreetmap,1,+66898520805,เจริญวัฒนะ 39/8 ถ.ตรอกต้นโพธิ์ ต.พระปฐมเจดีย์ อ.เมือง จ.นครปฐม,73000,overture (meta),overture:12e2d868-cdff-4d3d-baa3-6d9b04e5a59b
lthuwatorn@gmail.com,ตั้งฮะเฮง,ตั้งฮะเฮง,Mueang Nakhon Pathom District,Asian; Chinese,no,Low,0,,,,,openstreetmap,1,+66891664542,66 ถ.ริมคลองวัดพระงาม,73000,overture (meta),overture:9bed4848-30f6-4fb8-b8bd-a87e44162dfd
anupongsaeton@gmail.com,ต้องเตี๋ยวเรือ All New,ต้องเตี๋ยวเรือ All New,Mueang Nakhon Pathom District,Asian; Japanese,no,Low,0,,,,,openstreetmap,1,+66612827905,ถนนสาครธนากรตะวันตก,,overture (meta),overture:4e993a7d-1e5c-426f-97d0-575433d54f60
toktk9916@hotmail.com,ต๊อกต๋อย หมูกระทะ,ต๊อกต๋อย หมูกระทะ,Mueang Nakhon Pathom District,Restaurant,no,Low,0,,,,,openstreetmap,1,+66904708065,"ทัพหลวง, นครปฐม 73000, ประเทศไทย",73000,overture (meta),overture:25111dca-2835-4f30-ab10-9dc5cca1a1d0
emailadul@gmail.com,ถนนคนเดินทวารวดีศรีนครปฐม,ถนนคนเดินทวารวดีศรีนครปฐม,Mueang Nakhon Pathom District,Restaurant,no,Low,0,,,,,openstreetmap,1,,"หน้าวัดพระงาม(อารามหลวง),โรงเรียนวัดพระงาม(สามัคคีพิทยา)และชุมชนริมคลองวัดพระงาม",73000,overture (meta),overture:de0fd1e2-74e1-43b9-920e-ce0399ae8eab
tangtongjimjum@gmail.com,ถังทองจิ้มจุ่ม/หมูกระทะ นครปฐม,ถังทองจิ้มจุ่ม/หมูกระทะ นครปฐม,Mueang Nakhon Pathom District,Restaurant,no,Low,0,,,,,openstreetmap,1,+66924155419,ยิงเป้าใต้,73000,overture (meta),overture:5c29eef4-141e-4c33-b7f7-01b5d4aa9d27
j7even.t@windowslive.com,ทรี บาร์ แอนด์ คาเฟ่,ทรี บาร์ แอนด์ คาเฟ่,Mueang Nakhon Pathom District,Cafe,no,Low,0,,,,,openstreetmap,1,+66959588859,37/3 ถนน นาสร้าง,73000,overture (meta),overture:184cf38d-b6d2-4353-a39e-cdaaca3974e6
saytip2530@gmail.com,ที่นอนดันหลับ,ที่นอนดันหลับ,Mueang Nakhon Pathom District,Asian; Thai,no,Low,0,,,,,openstreetmap,1,+66615955473,Meka bed ที่นอนยางพารา 109/60 หมู่4 ต.ลำพยา อ.เมือง จ.นครปฐม หมู่บ้านพฤษาพรรณ แกรนด์3 ลำพยา,73000,overture (meta),overture:55686c01-48f7-44dd-88c1-0e2423a3442a
nu.yeeyee@gmail.com,ทุ่งนา คาเฟ่,ทุ่งนา คาเฟ่,Mueang Nakhon Pathom District,Restaurant,no,Low,0,,,,,openstreetmap,1,+66947855099,,,overture (meta),overture:7a3cde9b-3b24-4c57-9488-9447ecb48065
safetiiz99@gmail.com,นคร ซอฟต์เสิร์ฟ,นคร ซอฟต์เสิร์ฟ,Mueang Nakhon Pathom District,Cafe,no,Low,0,,,,,openstreetmap,1,+66637459554,5 สนามจันทร์ 5,73000,overture (meta),overture:ba7311eb-bde3-43ab-9207-185cc7379440
chsoree171@gmail.com,นครปฐมโอชา,นครปฐมโอชา,Mueang Nakhon Pathom District,Restaurant,no,Low,0,,,,,openstreetmap,1,,163 ถนน เทศา,73000,overture (meta),overture:4a74a2fd-618a-46a9-b2c0-df2f5773330e
stuart_sk99@hotmail.com,นครประถม,นครประถม,Mueang Nakhon Pathom District,Asian; Thai,no,Low,0,,,,,openstreetmap,1,+66863367975,ถนน รถไฟตะวันตก,73000,overture (meta),overture:ed06fa3b-6503-465c-b8eb-8256dd31a9d2
phennapha15400@gmail.com,นั ย บ้ า น,นั ย บ้ า น,Mueang Nakhon Pathom District,Cafe,no,Low,0,,,,,openstreetmap,2,+66952901475,บ้าน 200/190 ศาลายา ซอย 3 ,73170,overture (meta),overture:5e297cf8-c472-4444-9dbc-f8ec42231b08
m42366m@gmail.com,นากรคาเฟ่,นากรคาเฟ่,Mueang Nakhon Pathom District,Restaurant,no,Low,0,,,,,openstreetmap,1,+66825932626,97 หอพักหญิงชิววิลล่า ซอย,73000,overture (meta),overture:3817d296-aa40-4ae8-95fa-da64708b76d8
phattarapoltalai@gmail.com,นานาชาติอาหารตามสั่ง,นานาชาติอาหารตามสั่ง,Mueang Nakhon Pathom District,Restaurant,no,Low,0,,,,,openstreetmap,1,+66927097950,151 ถนน เทศา,73000,overture (meta),overture:e5b58c39-1823-43fb-9e1a-98633666323d
chaiyoo_22@hotmail.com,นายชัย ก๋วยเตี๋ยวไก่มะระบุฟเฟ่ต์ วังตะกู,นายชัย ก๋วยเตี๋ยวไก่มะระบุฟเฟ่ต์ วังตะกู,Mueang Nakhon Pathom District,Restaurant,no,Low,0,,,,,openstreetmap,1,,ไฟแดงวัดวังตะกู,73000,overture (meta),overture:0e6deac9-0453-432d-ad3e-ca3425490596
hack0851700882@gmail.com,นายแฮ็ค เมี่ยงปลาเผา ลาบยโส อาหารอิสานรสแซ่บ ลำพยา,นายแฮ็ค เมี่ยงปลาเผา ลาบยโส อาหารอิสานรสแซ่บ ลำพยา,Mueang Nakhon Pathom District,Restaurant,no,Low,0,,,,,openstreetmap,1,+66877596960,,73000,overture (meta),overture:901897d6-fdcf-41a2-b20d-fa42b3494abf
badboy_oza123@hotmail.com,นิยมโก๋ คาเฟ่ Niyomko’CAFE,นิยมโก๋ คาเฟ่ Niyomko’CAFE,Mueang Nakhon Pathom District,Cafe,no,Low,0,,,,,openstreetmap,1,+66991087912,นฐ.5022,73000,overture (meta),overture:1ad44684-500d-4838-a6d5-7cf02d795edc
newpochana@gmail.com,นิว โภชนา โต๊ะจีน รับจัดโต๊ะจีน ราคาถูก,นิว โภชนา โต๊ะจีน รับจัดโต๊ะจีน ราคาถูก,Mueang Nakhon Pathom District,Asian; Chinese,no,Low,0,Local,,http://www.newpochana.com/,new@newpochana.com,openstreetmap,1,+66860909499,ใกล้ๆ องค์ พระปฐมเจดีย์,73000,overture (meta),overture:1d48af03-ac1e-4d18-9224-0fa899da0369
top09099847072@gmail.com,น้ำดื่มตะวันทิพย์,น้ำดื่มตะวันทิพย์,Mueang Nakhon Pathom District,Bar,no,Low,0,,,,,openstreetmap,1,+66909847072,,,overture (meta),overture:1ca7f6cf-6ac3-401a-ad44-14b7f149effd
siampunnam@gmail.com,น้ำดื่มริวาเฟรช,น้ำดื่มริวาเฟรช,Mueang Nakhon Pathom District,Restaurant,no,Low,0,,,,,openstreetmap,1,+66994422363,105/2 ม.5 ถ.เพชรเกษม,73000,overture (meta),overture:6ffbb314-c60e-4f7d-a82f-e6fd72da1c7d
namfonsentidpak@gmail.com,น้ำฝนเส้นติดปาก,น้ำฝนเส้นติดปาก,Mueang Nakhon Pathom District,Restaurant,no,Low,0,,,,,openstreetmap,1,+66819207787,น้ำฝนเส้นติดปาก,73000,overture (meta),overture:30853d8f-54eb-44ee-bec0-4356af1b1cf4
numnectnon271729@gmail.com,น้ำมือแม่,น้ำมือแม่,Mueang Nakhon Pathom District,Asian; Thai,no,Low,0,,,,,openstreetmap,1,+66644239361,52 มาลัยแมน ซอย 1,73000,overture (meta),overture:0faf0a5f-0f22-4a8d-ab7c-1c527b0dd2bc
yui.beet.99@gmail.com,น้ำเต้าหู้ ร้านแม่ยุ้ย,น้ำเต้าหู้ ร้านแม่ยุ้ย,Mueang Nakhon Pathom District,Cafe,no,Low,0,,,,,openstreetmap,1,+66926655533,ตลาดบนซอย1,73000,overture (meta),overture:a819a84e-ce50-48ec-b5ca-d8513aca6795
sittikarn_mansion@hotmail.com,บริษัท สิทธิกาญจน์แมนชั่น,บริษัท สิทธิกาญจน์แมนชั่น,Mueang Nakhon Pathom District,Restaurant,no,Low,0,,,,,openstreetmap,1,+6634271722,55 Ying Pao Rd,73000,overture (meta),overture:6c8c0bf1-12b4-4102-8680-28a33c7e4ba1
npfoodtrading@gmail.com,บริษัท เอ็น แอนด์ พี ฟู้ดส์ เทรดดิ้ง จำกัด,บริษัท เอ็น แอนด์ พี ฟู้ดส์ เทรดดิ้ง จำกัด,Mueang Nakhon Pathom District,Restaurant,no,Low,0,,,,,openstreetmap,1,,3/2 หมู่ 8 ,73000,overture (meta),overture:faf7f94f-d4e2-4e0a-b256-721965b19185
info@thaipat.co.th,บริษัทไทยพัฒนาประกันภัย จำกัด - มหาชน สาขานครปฐม,บริษัทไทยพัฒนาประกันภัย จำกัด - มหาชน สาขานครปฐม,Mueang Nakhon Pathom District,Asian; Thai,no,Low,0,Local,,http://thaipat.co.th/,contact@thaipat.co.th; complaint@thaipat.co.th,venue website,1,+6634280348,ราชมรรคา,,overture (meta),overture:71e26b11-0075-4b32-ba98-a2afd1da45f6
kritsada.nga@hotmail.com,บอมนาน่า กล้วยทอดอินโด,บอมนาน่า กล้วยทอดอินโด,Mueang Nakhon Pathom District,Restaurant,no,Low,0,,,,,openstreetmap,1,+66616193535,50 ถนน ยิงเป้า,73000,overture (meta),overture:9bf0425d-db7c-42f0-9bd0-6ccde6370514
jaggypork@gmail.com,บะหมี่ล้มยักษ์ สาขานครปฐม,บะหมี่ล้มยักษ์ สาขานครปฐม,Mueang Nakhon Pathom District,Asian; Japanese,no,Low,0,,,,,openstreetmap,1,+66863998036,ข้างธนาคารออมสิน,10400,overture (meta),overture:2a544d4a-0159-4794-b99a-ba9f94070b52
p.peeradech6336@gmail.com,บางหว้าขาหมู,บางหว้าขาหมู,Mueang Nakhon Pathom District,Asian; Thai,no,Low,0,,,,,openstreetmap,1,+66818668758,495 หมู่ที่ 2 Phet Kasem Rd,73000,overture (meta),overture:3d6d6332-77b7-45e2-bb01-7f5ff9594e2e
buckpelf.q@gmail.com,บาร์บาบัค Bar Ba Buck,บาร์บาบัค Bar Ba Buck,Mueang Nakhon Pathom District,Restaurant,no,Low,0,,,,,openstreetmap,1,+66958932944,163 ถนน เทศา,73000,overture (meta),overture:44c94376-c105-44f6-a49a-4721c23676d2
chaaim684@gmail.com,บาส ไฟท์ติ้งข้าวมันไก่ไหหลำ,บาส ไฟท์ติ้งข้าวมันไก่ไหหลำ,Mueang Nakhon Pathom District,Restaurant,no,Low,0,,,,,openstreetmap,1,+66956375452,290 ถนน ทวารวดีใต้,73000,overture (meta),overture:cc2ed00a-2ec7-4a8d-aa34-8f86871e455c
behind9@gmail.com,บำรุงเธอ Eatery and Coffee,บำรุงเธอ Eatery and Coffee,Mueang Nakhon Pathom District,Restaurant,no,Low,0,,,,,openstreetmap,1,+66910034636,180 15 Rajvithee Rd,73000,overture (meta),overture:d125d099-1f30-41c5-ab74-4bfc7b3c81ec
jaobig1988@gmail.com,บิ๊ก-แหวว. เป็ดพะโล้ นาสร้าง - เจ้าเก่า,บิ๊ก-แหวว. เป็ดพะโล้ นาสร้าง - เจ้าเก่า,Mueang Nakhon Pathom District,Asian; Thai,no,Low,0,,,,,openstreetmap,1,+66824666566,,,overture (meta),overture:53b0f4cb-1227-4f90-9862-c5c5ea20f154
booncherd247@gmail.com,บุญเชิด บาร์,บุญเชิด บาร์,Mueang Nakhon Pathom District,Cafe,no,Low,0,,,,,openstreetmap,1,+66842352447,บุญเชิด บาร์ ,73000,overture (meta),overture:a9e82aa6-0350-451b-8eca-ebd082c4e09d
fluck308@gmail.com,บุญเรือนก๋วยเตี๋ยวเรือ,บุญเรือนก๋วยเตี๋ยวเรือ,Mueang Nakhon Pathom District,Restaurant,no,Low,0,,,,,openstreetmap,1,+66989540270,15/3 หมู่3ตำบลสระกะเทียม อำเภอเมือง,73000,overture (meta),overture:3467a8e7-dd53-498d-866c-f45c86cb9f83
chutikankiat@gmail.com,บ่อตกกุ้ง มารวย 168,บ่อตกกุ้ง มารวย 168,Mueang Nakhon Pathom District,Restaurant,no,Low,0,,,,,openstreetmap,1,,https://maps.app.goo.gl/Uvq7TjKpD9J7LPjVA?g_st=ic,73000,overture (meta),overture:4596e7fd-d8ba-408c-b744-efa03f47650c
monkakea@hotmail.com,"บ่อตกกุ้ง""น้องเนิสร์""","บ่อตกกุ้ง""น้องเนิสร์""",Mueang Nakhon Pathom District,Restaurant,no,Low,0,,,,,openstreetmap,1,+66619123375,นาสร้าง ต.นครปฐม,73000\n,overture (meta),overture:8e388d43-3d81-4485-9d47-383b7ea9f2b1
pumpuisasitorn1987@gmail.com,บ่อตกกุ้งบางแขม,บ่อตกกุ้งบางแขม,Mueang Nakhon Pathom District,Restaurant,no,Low,0,,,,,openstreetmap,1,+66958232659,168/9 หมู่8 ต.บางแขม อ.เมือง,73000,overture (meta),overture:49d7f953-a245-4650-8ab4-6f36c86c54ad
pansarungpanlek@gmail.com,บ่อตกปลา สวนมะม่วงฟิชชิ่ง New Mango,บ่อตกปลา สวนมะม่วงฟิชชิ่ง New Mango,Mueang Nakhon Pathom District,Restaurant,no,Low,0,,,,,openstreetmap,1,,14 หมู่2 ต.บางแขม,73000,overture (meta),overture:99d32d14-99be-4ca8-bfa9-3622e034e669
suttiporn270@gmail.com,บ้านขนมเทียนเปาขนมเปี๊ยะไส้ถั่วไข่เค็ม,บ้านขนมเทียนเปาขนมเปี๊ยะไส้ถั่วไข่เค็ม,Mueang Nakhon Pathom District,Cafe,no,Low,0,,,,,openstreetmap,1,+66814477745,93 Tanon Nawakhet,73000,overture (meta),overture:afa4e99b-3742-4857-8fd9-241096083145
kaiwanbaansushiptt.phraprathon@gmail.com,บ้านซูชิ สาขาปตท.พระประโทน,บ้านซูชิ สาขาปตท.พระประโทน,Mueang Nakhon Pathom District,Asian; Sushi,no,Low,0,,,,,openstreetmap,1,+66981977923,สวนแพงทวย,73000,overture (meta),overture:d791fe28-6b4d-41c0-8b8f-9aaa3d220915
baantueka@gmail.com,บ้านตือคา ช.บะหมี่เกี๊ยวหมูเเดง ข้าวขาหมู ทัพหลวง (ปากทางวัดทุ่งรี),บ้านตือคา ช.บะหมี่เกี๊ยวหมูเเดง ข้าวขาหมู ทัพหลวง (ปากทางวัดทุ่งรี),Mueang Nakhon Pathom District,Restaurant,no,Low,0,,,,,openstreetmap,1,+66816992216,,73000,overture (meta),overture:cbfd5137-5d4f-4d82-b5e2-dcfd6b232c70
pollabhat17@gmail.com,บ้านศาลา๑๔๔,บ้านศาลา๑๔๔,Mueang Nakhon Pathom District,Restaurant,no,Low,0,,,,,openstreetmap,2,+66894111105,144 ตำบล ธรรมศาลา อำเภอเมืองนครปฐม นครปฐม 73000,73000,overture (meta),overture:fd224876-750a-4a68-9872-e6da634acd7c
boyozaa@hotmail.com,บ้านสวนคุณครู Coffee,บ้านสวนคุณครู Coffee,Mueang Nakhon Pathom District,Cafe,no,Low,0,,,,,openstreetmap,1,+66871651605,1 หมู่ 1,73000,overture (meta),overture:c7e741ad-af91-46fd-bab2-58a022eecceb
bansuan.seafood@gmail.com,บ้านสวนซีฟู้ด/bansuan.seafood,บ้านสวนซีฟู้ด/bansuan.seafood,Mueang Nakhon Pathom District,Asian; Seafood; Thai,no,Low,0,,,,,openstreetmap,1,+66846813554,,,overture (meta),overture:e7c28bda-4aa6-456a-baec-5bf8a78ca727
baansomtumbynuwan@gmail.com,บ้านส้มตำ byนู๋วัลย์,บ้านส้มตำ byนู๋วัลย์,Mueang Nakhon Pathom District,Restaurant,no,Low,0,,,,,openstreetmap,1,+66815733734,118 Rajdamnern Soi 3,73000,overture (meta),overture:ec6fb912-cd7a-4066-a834-ae190892a579
baanimyenrestaurant@gmail.com,บ้านอิ่มเย็น,บ้านอิ่มเย็น,Mueang Nakhon Pathom District,Restaurant,no,Low,0,,,,,openstreetmap,1,+66813515563,,73000,overture (meta),overture:a5c4f5b6-af4a-4631-9600-b8dbc25fa228
dora_nuch@hotmail.com,บ้านเข็มทอง,บ้านเข็มทอง,Mueang Nakhon Pathom District,Asian; Thai,no,Low,0,,,,,openstreetmap,1,+66926965519,38/3 หมู่3 ต.ลำพยา อ.เมือง,73000,overture (meta),overture:0cd10990-00b7-4854-93aa-805ff230d819
mylittle.bento@gmail.com,บ้านเบนโต bento,บ้านเบนโต bento,Mueang Nakhon Pathom District,Asian; Korean,no,Low,0,,,,,openstreetmap,1,+66805924945,เลขที่ 45 ถนน Tanon Chantarakamphitak,73000,overture (meta),overture:e61a7d53-9019-4bfd-8b86-ce0e737fe2f7
bankaewshop@gmail.com,บ้านแก้ว นครปฐม,บ้านแก้ว นครปฐม,Mueang Nakhon Pathom District,Bakery,no,Low,0,,,,,openstreetmap,1,+66886405180,เลขที่ 71/10 ซอย,73000,overture (meta),overture:0c61bbfe-9896-4ddd-b5e8-8141de940b37
meaw-hub@hotmail.com,บ้านแก้วคาเฟ่:ตำแซ่บคาเฟ่,บ้านแก้วคาเฟ่:ตำแซ่บคาเฟ่,Mueang Nakhon Pathom District,Cafe,no,Low,0,,,,,openstreetmap,1,+66917076493,35 หมู่ 2 ตำบลนครปฐม อำเภอเมือง จังหวัดนครปฐม,73000,overture (meta),overture:193e13e9-d6ce-46b4-8f0b-50303561a264
kamolwisuth@yahoo.com,บ้านแก้วเรือนขวัญ คุณกมล,บ้านแก้วเรือนขวัญ คุณกมล,Mueang Nakhon Pathom District,Asian; Thai,no,Low,0,Local,,http://kamolwisuthseriwong.blogspot.com/2011/01/081-934-5231.html,,openstreetmap,1,+66819345231,25 สนามจันทร์ 5,73000,overture (meta),overture:d4cc61de-e4b3-4db4-8828-a57423290e3b
basthanyanan55@gmail.com,บ้าบิ่นมะพร้าวน้ำหอม,บ้าบิ่นมะพร้าวน้ำหอม,Mueang Nakhon Pathom District,Cafe,no,Low,0,,,,,openstreetmap,1,+66823556851,27-29,73000,overture (meta),overture:127f3830-1365-4d68-948b-ce0c6e3c91d8
thankyoupharma@gmail.com,ป.หมึกบด,ป.หมึกบด,Mueang Nakhon Pathom District,Restaurant,no,Low,0,,,,,openstreetmap,1,+66830030697,Nokkaohern,73000,overture (meta),overture:77f8b87c-afdd-4ef5-bdc1-7a253f3f9176
ammy_za2011@hotmail.com,ป.อุบล หมูยอชนะเลิศ,ป.อุบล หมูยอชนะเลิศ,Mueang Nakhon Pathom District,Restaurant,no,Low,0,,,,,openstreetmap,1,+66660583658,Phet Kasem Rd,73000,overture (meta),overture:99e69829-289d-4a6e-886c-10fdbc7cf9d4
dwbn456@gmail.com,ปังก้อนทอง สาขาสนามจันทร์,ปังก้อนทอง สาขาสนามจันทร์,Mueang Nakhon Pathom District,Cafe,no,Low,0,,,,,openstreetmap,1,+66842465926,ศาลเจ้าไต่เซียฮุดโจ้ว Tanon Sanamchan,73000,overture (meta),overture:6e0ae642-51f1-4919-9995-9a84f5c3740d
nuch-smart@hotmail.com,ปังแต่เช้า by นุชปัง,ปังแต่เช้า by นุชปัง,Mueang Nakhon Pathom District,Bakery,no,Low,0,,,,,openstreetmap,1,+66813639750,10 Tesaban Alley,73000,overture (meta),overture:e9e1ce43-2182-4f92-9b1d-1cf9b5fcbb68
puapang2021@gmail.com,ปั๊วะปัง-Puapang,ปั๊วะปัง-Puapang,Mueang Nakhon Pathom District,Cafe,no,Low,0,,,,,openstreetmap,1,+66641423563,สนามจันทร์,73000,overture (meta),overture:6d943c51-c9aa-4e32-8de9-8e58879be22e
papachong.official@gmail.com,ปาป๊าชอง หมูแดงหมูกรอบไก่ต้มซีอิ๊ว เจ้าเก่า,ปาป๊าชอง หมูแดงหมูกรอบไก่ต้มซีอิ๊ว เจ้าเก่า,Mueang Nakhon Pathom District,Asian,no,Low,0,,,,,openstreetmap,1,+66815524287,105 ถนน เทศา,73000,overture (meta),overture:e7796bdd-90eb-4ffa-aa48-b861018b6a0a
chutipong.arom@gmail.com,ปีลึก Store,ปีลึก Store,Mueang Nakhon Pathom District,Restaurant,no,Low,0,,,,,openstreetmap,1,+66625646942,900/9 ถนน เพชรเกษม,73000,overture (meta),overture:5469e026-d63c-40df-8fb0-e7d54f977450
pookem4321@gmail.com,ปูเค็มข้าวเหนียวมะม่วง,ปูเค็มข้าวเหนียวมะม่วง,Mueang Nakhon Pathom District,Bakery,no,Low,0,,,,,openstreetmap,1,+66619611881,อยู่ตรงข้ามกาแฟอินทนิล สยามพลาซ่า ติดกับร้านเฮียต้อม/ซ้อกิ๊ก,73000,overture (meta),overture:a6f641cd-4488-49b1-ae69-b20be4135931
chavalitkong@gmail.com,ผัดกระเพรา 20 บาท,ผัดกระเพรา 20 บาท,Mueang Nakhon Pathom District,Restaurant,no,Low,0,,,,,openstreetmap,1,+66899186195,Unnamed Road,73000,overture (meta),overture:2d4eb123-ec83-4481-a33c-becd70727944
teeradamrongsak@gmail.com,ผัดไทย นางตัวดี,ผัดไทย นางตัวดี,Mueang Nakhon Pathom District,Asian; Thai,no,Low,0,,,,,openstreetmap,1,+66867030733,ถนนนาสร้าง,73000,overture (meta),overture:18ab1330-4f6e-49bf-83cc-9384c6906679
promptprung@gmail.com,ผัดไทยรสหนึ่ง สาขา2,ผัดไทยรสหนึ่ง สาขา2,Mueang Nakhon Pathom District,Restaurant,no,Low,0,,,,,openstreetmap,1,+66642232329,59/868,73000,overture (meta),overture:5c42c6ae-3db8-4fb4-ba94-f1d600ede5a9
tiffinboxtheproject@gmail.com,ผูกปิ่นโต Tiffin Box,ผูกปิ่นโต Tiffin Box,Mueang Nakhon Pathom District,Asian; Thai,no,Low,0,,,,,openstreetmap,1,+66853519119,"438, 2 Chantrakampitak Road",73000,overture (meta),overture:53c8517d-4168-4598-a76a-0b7c38ad1b09
veindebua@gmail.com,ผ่อง อำไพ coffee and cocktails,ผ่อง อำไพ coffee and cocktails,Mueang Nakhon Pathom District,Cafe,no,Low,0,,,,,openstreetmap,1,+66842249236,1 ถนน จันทรคามพิทักษ์,73000,overture (meta),overture:5d81e792-cb9e-4b19-be9b-f8341ba66349
ma_prim@hotmail.co.th,พริ้ม,พริ้ม,Mueang Nakhon Pathom District,Bar,no,Low,0,,,,,openstreetmap,1,+66809601666,,73000,overture (meta),overture:e80ce6d0-c9c6-41b2-88ba-80d73d85ca65
pontap8865@gmail.com,พรเทพเป็ดย่างนครปฐม,พรเทพเป็ดย่างนครปฐม,Mueang Nakhon Pathom District,Restaurant,no,Low,0,,,,,openstreetmap,1,+66843948865,86,73000,overture (meta),overture:9b183f6f-13ea-4613-afa2-f992e49b871f
mr.glumsub@hotmail.com,พี่อ้อมก๋วยเตี๋ยวไก่มะระ ซอย 3 นครปฐม,พี่อ้อมก๋วยเตี๋ยวไก่มะระ ซอย 3 นครปฐม,Mueang Nakhon Pathom District,Asian; Japanese,no,Low,0,,,,,openstreetmap,1,+66818808682,2 ถนน รถไฟ,73000,overture (meta),overture:f838f580-1c15-4a0c-a185-eed5a6c9063b
nataree851@gmail.com,"ฟาร์มฮัก""Cafa"" พิซซ่า&คอฟฟี่ชานมแพะ","ฟาร์มฮัก""Cafa"" พิซซ่า&คอฟฟี่ชานมแพะ",Mueang Nakhon Pathom District,Restaurant,no,Low,0,,,,,openstreetmap,1,+66943899558,,,overture (meta),overture:bc969852-a3c9-468c-bcdc-c4fe226afcd2
pakchimchill@gmail.com,ภัคชิมชิล Pak Chim Chill,ภัคชิมชิล Pak Chim Chill,Mueang Nakhon Pathom District,Cafe,no,Low,0,,,,,openstreetmap,1,+66616204494,https://maps.app.goo.gl/FLMrPZ3BXtuNT2B57,,overture (meta),overture:be0eaff7-da80-4677-bd05-3c0eb8f30ab0
annlyjang@hotmail.com,ภูกิจแคทเทอริ่ง บุฟเฟ่ต์,ภูกิจแคทเทอริ่ง บุฟเฟ่ต์,Mueang Nakhon Pathom District,Asian; Thai,no,Low,0,,,,,openstreetmap,1,+66819539965,42/13 หมู่ 2 ต.นครปฐม อ.เมือง,73000,overture (meta),overture:0fb2646c-280a-43f7-9f26-7540bb6cb5f8
nanza1986@hotmail.com,มาดามยำ,มาดามยำ,Mueang Nakhon Pathom District,Restaurant,no,Low,0,,,,,openstreetmap,1,+66863923239,100 หมู่6,73000,overture (meta),overture:61d24fd3-581f-4d6e-8de1-4ea61fde88a9
kananashop@gmail.com,มาราชาสาขาสระกระเทียม,มาราชาสาขาสระกระเทียม,Mueang Nakhon Pathom District,Restaurant,no,Low,0,,,,,openstreetmap,1,+66956451791,สระกระเทียม,73000,overture (meta),overture:7a05719f-9596-4ff9-93d4-945413b940be
baan.materm@gmail.com,มาเติม • ma-term คาเฟ่นครปฐม,มาเติม • ma-term คาเฟ่นครปฐม,Mueang Nakhon Pathom District,Cafe,no,Low,0,,,,,openstreetmap,1,,มา​เติม​ {ma-term}​,,overture (meta),overture:f74f6260-9a5d-4a61-ad73-04f73d7d4eea
otanikung555@gmail.com,มิตรรุ่งโภชนา,มิตรรุ่งโภชนา,Mueang Nakhon Pathom District,Restaurant,no,Low,0,,,,,openstreetmap,1,+66979929551,90 ม.8 วังตะกู,73000,overture (meta),overture:61751f9d-e045-414b-9261-3e5025524689
fonfun252414@gmail.com,มีทอด มีย่าง,มีทอด มีย่าง,Mueang Nakhon Pathom District,Restaurant,no,Low,0,,,,,openstreetmap,1,+66806425824,สี่แยกไฟแดง คลองชล บ้านนา,73000,overture (meta),overture:e6967667-2197-4dab-ab3c-1dd585a7add9
moomaroi.dimsum1314@gmail.com,มุมอร่อย ติ่มซำ แยกสระบัว,มุมอร่อย ติ่มซำ แยกสระบัว,Mueang Nakhon Pathom District,Asian; Chinese,no,Low,0,,,,,openstreetmap,1,+66953293923,,73000,overture (meta),overture:10b2ea31-f24c-4a3c-8da5-14b5a36cbc3f
namonsangsiri@gmail.com,ยำ 5 ไข่ นครปฐม เจ้าแรก เจ้าเดียว,ยำ 5 ไข่ นครปฐม เจ้าแรก เจ้าเดียว,Mueang Nakhon Pathom District,Seafood,no,Low,0,,,,,openstreetmap,1,+66953427866,"คาซ่า ซิตี้ นครปฐม, สนามจันทร์, นครปฐม 73000, ประเทศไทย",73000,overture (meta),overture:31380c34-fa5b-4d46-a36a-0cce4bee27a7
hi.patchalai@gmail.com,ยำละยี่ อร่อย-พอ-อยาก,ยำละยี่ อร่อย-พอ-อยาก,Mueang Nakhon Pathom District,Restaurant,no,Low,0,,,,,openstreetmap,1,+66619615426,72/27 หมู่14 ต.ปากแรต,70110,overture (meta),overture:0a205286-1d34-46df-b112-3ff61b0a4a7b
nanayu955454@gmail.com,ยูนนานหม่าล่า นครปฐม,ยูนนานหม่าล่า นครปฐม,Mueang Nakhon Pathom District,Restaurant,no,Low,0,,,,,openstreetmap,1,+66924793593,ซอยกลางหน้า สถานีรถไฟนครปฐม,73000,overture (meta),overture:e4e2ee1f-05eb-402f-a416-8cc2be3120d7
passsorn.tae@gmail.com,ยู่ยี่ สตรอเบอร์รี่โยเกิร์ต,ยู่ยี่ สตรอเบอร์รี่โยเกิร์ต,Mueang Nakhon Pathom District,Ice cream,no,Low,0,,,,,openstreetmap,1,+66970103122,89 9,73000,overture (meta),overture:3ff6f792-1f17-44b2-8123-15d0193afb15
somchai.kcaj@gmail.com,ย่าง 9 โคขุน,ย่าง 9 โคขุน,Mueang Nakhon Pathom District,Restaurant,no,Low,0,,,,,openstreetmap,1,+66991241975,475/2,73000,overture (meta),overture:765824bb-89d9-4fc4-8853-28d0fd0b21c9
yongpochana.nak@gmail.com,ย้ง โภชนา โต๊ะจีนนครปฐม,ย้ง โภชนา โต๊ะจีนนครปฐม,Mueang Nakhon Pathom District,Restaurant,no,Low,0,Local,,http://xn--42cfdh6a1a1acav1cvbx4q4a8c5ne7k3a.com/,,openstreetmap,1,+66817586267,,,overture (meta),overture:7f80f68c-6f9b-4c07-b0e5-d61a0181c595
sukum1987@gmail.com,รถนมเสือ-สิรินธร,รถนมเสือ-สิรินธร,Mueang Nakhon Pathom District,Cafe,no,Low,0,,,,,openstreetmap,2,+66948121256,78/1 ม.5 สนามจันทร์,73000,overture (meta),overture:f44fa849-91c7-4fcc-833a-1db5104e2856
eizakab1984@gmail.com,รมย์,รมย์,Mueang Nakhon Pathom District,Cafe,no,Low,0,,,,,openstreetmap,1,+66840955963,6 ถนน Rajamankha Nai Rd,73000,overture (meta),overture:2fcffe5c-db79-424b-b0d0-ff97e35b0295
kataanawajar@gmail.com,รสจัด ตามสั่ง,รสจัด ตามสั่ง,Mueang Nakhon Pathom District,Restaurant,no,Low,0,,,,,openstreetmap,1,+66951651423,313/2 Phiphit Prasat Rd,73000,overture (meta),overture:8f55fd5f-2953-4bd4-b5a3-291977e94d0b
thangboonyakeat@gmail.com,รังนก เจ้าเก่า,รังนก เจ้าเก่า,Mueang Nakhon Pathom District,Cafe,no,Low,0,,,,,openstreetmap,1,+66853744475,35/7 ถนน หลังพระ,73000,overture (meta),overture:f4e13e4d-192e-44e3-8ebe-00906f8cf2d8
jang881151@gmail.com,ราชาหมูทอดหม้อ สาขา สิรินธร นครปฐม,ราชาหมูทอดหม้อ สาขา สิรินธร นครปฐม,Mueang Nakhon Pathom District,Restaurant,no,Low,0,,,,,openstreetmap,1,+66931639235,ถนนยิงเป้าใต้,73000,overture (meta),overture:44702b86-7be8-4607-818e-4bd9a3e6d5ca
thanakornkong.999@gmail.com,ร้าน ก๋วยเตี๋ยวโอ่งมังกรราชบุรี สาขา2นครปฐม,ร้าน ก๋วยเตี๋ยวโอ่งมังกรราชบุรี สาขา2นครปฐม,Mueang Nakhon Pathom District,Restaurant,no,Low,0,,,,,openstreetmap,1,+66821865974,9 ถนน เพชรเกษม,73000,overture (meta),overture:bbc72005-46a9-428a-8f26-16b8e5b1c58a
maxnarak99@hotmail.com,ร้าน จั๊บจับใจ นครปฐม,ร้าน จั๊บจับใจ นครปฐม,Mueang Nakhon Pathom District,Asian; Japanese,no,Low,0,,,,,openstreetmap,1,+66981196969,17 ถนน ราชวิถี,73000,overture (meta),overture:6e46545c-16fc-4ada-b266-0497db9c3e56
lewrattanawong@gmail.com,ร้าน ลั่งเอง สาขา2,ร้าน ลั่งเอง สาขา2,Mueang Nakhon Pathom District,Restaurant,no,Low,0,,,,,openstreetmap,1,+66869981250,43/7 ถ.ต้นสน ต.พระปฐมเจดีย์ อ.เมือง จ.นครปฐม 73000,73000,overture (meta),overture:f78d1956-0137-4066-a2a0-5899df37b13f
vorachot.carabow@gmail.com,ร้าน วรโชติ ยำแซ่บซีฟู๊ด 20บาท,ร้าน วรโชติ ยำแซ่บซีฟู๊ด 20บาท,Mueang Nakhon Pathom District,Restaurant,no,Low,0,,,,,openstreetmap,1,+66925108938,3097ตำบล ดอนยายหอม อำเภอเมือง,73000,overture (meta),overture:fc785162-d6ff-4385-be4c-e26a8aa9f279
niracha9791@gmail.com,ร้านDuem-Dum coffee&shopping,ร้านDuem-Dum coffee&shopping,Mueang Nakhon Pathom District,Cafe,no,Low,0,,,,,openstreetmap,1,+66830859223,บริเวณด้านในร้านอาหารบ้านริมบึง372/21 หมู่2 ต.หนองดินแดง อ.เมือง จ.นครปฐม 73000,73000,overture (meta),overture:df9e5ca7-329a-4caa-b8eb-c4c4dc41d8ff
sittinuttapol@gmail.com,ร้านกับข้าว&กับปลา หน้าม.ศิลปากร,ร้านกับข้าว&กับปลา หน้าม.ศิลปากร,Mueang Nakhon Pathom District,Restaurant,no,Low,0,,,,,openstreetmap,1,+66842175480,17/3 ถนน ยิงเป้า,73000,overture (meta),overture:a52f1653-f3fa-4a14-88c4-370980b90f28
bright.2551@gmail.com,ร้านกำนันแบน หมูสด,ร้านกำนันแบน หมูสด,Mueang Nakhon Pathom District,Restaurant,no,Low,0,,,,,openstreetmap,1,+66807777204,ตลาดศรีวิชัย,73000,overture (meta),overture:256bd7af-1895-4896-9e57-364adb302f20
jiraphon393919@gmail.com,ร้านก้อยลาบ ยโส1,ร้านก้อยลาบ ยโส1,Mueang Nakhon Pathom District,Restaurant,no,Low,0,,,,,openstreetmap,1,,\nบ้านเลขที่ 106/5 หมู่4 ต.ลำพระยา อ.เมือง จ.นครปฐม 73000,73000,overture (meta),overture:416ee8ba-71f5-4242-950d-13b246d2d2aa
onumayow@gmail.com,ร้านก๋วยจั๊บ กระเพาะปลา ไฮเทค,ร้านก๋วยจั๊บ กระเพาะปลา ไฮเทค,Mueang Nakhon Pathom District,Restaurant,no,Low,0,,,,,openstreetmap,1,+66854444109,ตลาดล่าง ซ. 6,73000,overture (meta),overture:6923862f-6e66-444b-96e8-c63298d262a4
arpa_soi7@hotmail.com,ร้านก๋วยเตี๋ยว ซอย7,ร้านก๋วยเตี๋ยว ซอย7,Mueang Nakhon Pathom District,Asian; Japanese,no,Low,0,,,,,openstreetmap,1,,7 ถนน พิพิธประสาท,73000,overture (meta),overture:9e4a7b65-b1c4-4ec4-9b3c-26ba2efb169b
boobeesuza1@gmail.com,ร้านก๋วยเตี๋ยวน้ำตก,ร้านก๋วยเตี๋ยวน้ำตก,Mueang Nakhon Pathom District,Restaurant,no,Low,0,,,,,openstreetmap,1,+66626935164,Unnamed Road,73000,overture (meta),overture:67a68f2d-52f0-4d92-a326-0ebabebd8cf9
peeraporn6916@gmail.com,ร้านก๋วยเตี๋ยวหมูน้ำตก,ร้านก๋วยเตี๋ยวหมูน้ำตก,Mueang Nakhon Pathom District,Asian; Japanese,no,Low,0,Local,,https://peeraporn365.page365.net/,,openstreetmap,1,+66847119069,36/5 Malaiman Rd,73000,overture (meta),overture:b0fdded5-a717-4309-a681-cf766850c1e9
chutinan_apple@hotmail.com,ร้านก๋วยเตี๋ยวเรือเจ๊อ้อน สี่แยกวัดกลาง นครปฐม,ร้านก๋วยเตี๋ยวเรือเจ๊อ้อน สี่แยกวัดกลาง นครปฐม,Mueang Nakhon Pathom District,Restaurant,no,Low,0,,,,,openstreetmap,1,+66823620085,1 ทหารบก ซอย 13,73000,overture (meta),overture:d60ba05b-2ae1-4c63-96f9-38f471f8f4d6
somkhamretai@gmail.com,ร้านก๋วยเตี๋ยวไก่ตุ๋น,ร้านก๋วยเตี๋ยวไก่ตุ๋น,Mueang Nakhon Pathom District,Restaurant,no,Low,0,,,,,openstreetmap,1,+66631418068,5 มาลัยแมน ซอย 4,73000,overture (meta),overture:5254aebf-ef2a-4d8c-8955-0e61afe3615d
baanoumf015@gmail.com,ร้านขนมบ้านอุ๋ม Fc สาขาโพรงมะเดื่อ / สาขาธรรมศาลา นครปฐม,ร้านขนมบ้านอุ๋ม Fc สาขาโพรงมะเดื่อ / สาขาธรรมศาลา นครปฐม,Mueang Nakhon Pathom District,Cafe,no,Low,0,,,,,openstreetmap,1,+66612603158,109 ต.โพรงมะเดื่อ อ.เมือง,ึ73000,overture (meta),overture:369bc8d0-5839-4800-8bdd-a76e412aed80
oshin.nakhonpathom@gmail.com,ร้านขนมปังโอชิน สาขานครปฐม,ร้านขนมปังโอชิน สาขานครปฐม,Mueang Nakhon Pathom District,Bakery,no,Low,0,,,,,openstreetmap,1,+66809320073,171/1 ถ.เทศา ต.พระประโทน อ.เมืองนครปฐม,73000,overture (meta),overture:45d890ef-0383-4152-80e5-9149fe0c3c1b
taamoima2549@gmail.com,ร้านข้าวมันไก่ เพดลี2499 สาขานครปฐม,ร้านข้าวมันไก่ เพดลี2499 สาขานครปฐม,Mueang Nakhon Pathom District,Takeaway,no,Low,0,,,,,openstreetmap,1,+66917414245,,,overture (meta),overture:ea7e655b-b370-4fe4-afdf-bec6c97dc202
lida.152562@gmail.com,ร้านข้าวราดแกงสองพี่น้องสุพรรณ,ร้านข้าวราดแกงสองพี่น้องสุพรรณ,Mueang Nakhon Pathom District,Takeaway,no,Low,0,,,,,openstreetmap,1,+66819922554,เลขที่ 70/2  ต.วังตะกู อ.เมือง,73000,overture (meta),overture:6a590d91-dfaa-4ae6-a8ff-1387cd3a6ab6
prakarnr@hotmail.com,ร้านข้าวแกงป้าแอ๊ด,ร้านข้าวแกงป้าแอ๊ด,Mueang Nakhon Pathom District,Restaurant,no,Low,0,,,,,openstreetmap,1,+66889245988,9 ตลาดบน ซอย12 นครปฐม,73000,overture (meta),overture:b10e851a-2f7b-4fec-a0bd-b32ea26368d0
thaifoodbee@gmail.com,ร้านข้าวแกงแม่แขก สถานีรถไฟนครปฐม,ร้านข้าวแกงแม่แขก สถานีรถไฟนครปฐม,Mueang Nakhon Pathom District,Restaurant,no,Low,0,,,,,openstreetmap,1,+66887563202,Langsataneerotfai Rd,73000,overture (meta),overture:02f5eb46-cbfb-4636-83f4-ee901aa8ee49
ksittisak1514@gmail.com,ร้านครัวทิพย์ส้มตำ ทัพหลวง นครปฐม,ร้านครัวทิพย์ส้มตำ ทัพหลวง นครปฐม,Mueang Nakhon Pathom District,Restaurant,no,Low,0,,,,,openstreetmap,1,+66871560724,52 บ้านฝั่งคลอง 1,73000,overture (meta),overture:eb3d9254-d3d4-4362-9a84-3da92c55beaf
ao_mmiezz@hotmail.com,ร้านค่ายลูกเสือ,ร้านค่ายลูกเสือ,Mueang Nakhon Pathom District,Restaurant,no,Low,0,,,,,openstreetmap,1,+66982945163,8 ถนน สาครธนากร,73000,overture (meta),overture:59bde769-8139-482a-b26e-9a3ddb16b32a
tantarie.joyce@gmail.com,ร้านชามบะหมี่เกี๊ยว,ร้านชามบะหมี่เกี๊ยว,Mueang Nakhon Pathom District,Asian; Japanese,no,Low,0,,,,,openstreetmap,1,+66979878953,80 ถนน ราชวิถี,73000,overture (meta),overture:28970c34-e008-4068-9264-4432cc3fb6d3
surachai9780@gmail.com,ร้านซูชิโอะ ตลาดนัดเวล,ร้านซูชิโอะ ตลาดนัดเวล,Mueang Nakhon Pathom District,Asian; Sushi,no,Low,0,,,,,openstreetmap,1,+66939569254,175 Tanon Rachamanka,73000,overture (meta),overture:65e71195-355e-48f5-96dd-5cef35f7d257
waranuch_k@yahoo.com,ร้านตั้งกุ้ยเฮียง Tangguihiang-tgh,ร้านตั้งกุ้ยเฮียง Tangguihiang-tgh,Mueang Nakhon Pathom District,Asian; Thai,no,Low,0,,,,,openstreetmap,1,+66843888384,72/1 ถนน หลังพระ,73000,overture (meta),overture:25290c15-ec2f-4c94-8c3d-232fa25a2df5
sophaphuweiyngkaew@gmail.com,ร้านตำแซ่บ เจ้าเก่าสาย3,ร้านตำแซ่บ เจ้าเก่าสาย3,Mueang Nakhon Pathom District,Restaurant,no,Low,0,,,,,openstreetmap,1,+66929758108,ก่อนถึงซอยบางเตยซอย1,73170,overture (meta),overture:4e5a4b63-70af-4855-865b-2ebb5f2e05e1
nonthiya3491@gmail.com,ร้านตี๋เล็ก-เจ้วรรณ ข้าวมันไก่ หลังธนาคารไทยพาณิชย์,ร้านตี๋เล็ก-เจ้วรรณ ข้าวมันไก่ หลังธนาคารไทยพาณิชย์,Mueang Nakhon Pathom District,Restaurant,no,Low,0,,,,,openstreetmap,1,+66817054103,10 ถนน รถไฟตะวันตก,73000,overture (meta),overture:a1235253-7feb-43d3-8656-8fbe1fc17585
punpunkorny@gmail.com,ร้านตุ๊ดตำแตง,ร้านตุ๊ดตำแตง,Mueang Nakhon Pathom District,Restaurant,no,Low,0,,,,,openstreetmap,1,+66929756457,,,overture (meta),overture:c199702e-1da9-4900-b032-3f7b01b51cc2
wanwipa253@gmail.com,ร้านต้นอ้อก๋วยจั๊บญวน,ร้านต้นอ้อก๋วยจั๊บญวน,Mueang Nakhon Pathom District,Restaurant,no,Low,0,,,,,openstreetmap,1,+66638861604,104 Tanon Chantarakamphitak,73000,overture (meta),overture:de8f4fe8-4486-4b08-aee8-1b731573c0a1
jirayut.la@gmail.com,ร้านทุเรียนจิรายุทธ,ร้านทุเรียนจิรายุทธ,Mueang Nakhon Pathom District,Bakery,no,Low,0,,,,,openstreetmap,1,+66994388175,190 7 8 Rajvithee Rd,73000,overture (meta),overture:6d5230c5-ec6e-4793-a517-86602e615e44
anantacha33110088@gmail.com,ร้านนั่งกินเล่น บางแขมซิตี้,ร้านนั่งกินเล่น บางแขมซิตี้,Mueang Nakhon Pathom District,Asian; Thai,no,Low,0,,,,,openstreetmap,1,+66649625515,7/1 หมู่9 ตำบลบางแขม,73000,overture (meta),overture:8c200f8e-d161-4966-b634-f4f4e0a8fbc1
bunko183@hotmail.com,ร้านบักกะเต้ โคตรกะเพรา,ร้านบักกะเต้ โคตรกะเพรา,Mueang Nakhon Pathom District,Restaurant,no,Low,0,Local,,https://www.wongnai.com/r/1861258Xn,nutyiim@gmail.com; ayt.atitaya@gmail.com; thanakrit.marc@gmail.com,venue website,1,+66816327571,113 205 Soi Mu Ban Kanchana Garden,73000,overture (meta),overture:18ea0adf-02ff-4c45-9197-4ad5d7033925
j.pasooktee@yahoo.co.th,ร้านบ้านใบชา สาขาวัดพะเนียงแตก,ร้านบ้านใบชา สาขาวัดพะเนียงแตก,Mueang Nakhon Pathom District,Restaurant,no,Low,0,,,,,openstreetmap,1,+66958964578,"ดอนตาก่าน ซอย 3, มาบแค, นครปฐม 73000, ประเทศไทย",73000,overture (meta),overture:c1303def-1b05-4194-8476-fc3fae5af1a6
sudachumhim@gmail.com,ร้านบ้านไม้,ร้านบ้านไม้,Mueang Nakhon Pathom District,Restaurant,no,Low,0,,,,,openstreetmap,1,+66924462180,436 ถนน ทหารบก,73000,overture (meta),overture:90330be3-63ad-461d-a3cd-b732a31c9096
pakornkoontong@gmail.com,ร้านปองจันทร์,ร้านปองจันทร์,Mueang Nakhon Pathom District,Restaurant,no,Low,0,,,,,openstreetmap,1,+66956164546,42 3 ถ. รถไฟตะวันตก,73000,overture (meta),overture:93ee6607-8427-4d4b-ad4e-0927e9b7089d
dilokdesign1@gmail.com,ร้านพัชรินทร์ สินค้าญี่ปุ่นมือ2 - นครปฐม,ร้านพัชรินทร์ สินค้าญี่ปุ่นมือ2 - นครปฐม,Mueang Nakhon Pathom District,Asian; Japanese,no,Low,0,,,,,openstreetmap,1,+66916888084,เพชรเกษม,73000,overture (meta),overture:e6f30c7c-60ff-4113-a558-8789e0cba2cd
oil_eave@hotmail.com,ร้านมะม่วงคู่ - นครปฐม,ร้านมะม่วงคู่ - นครปฐม,Mueang Nakhon Pathom District,Asian; Thai,no,Low,0,,,,,openstreetmap,1,+66924266504,,,overture (meta),overture:f01c8cb6-7f99-4463-a51b-a4ce5ddb8995
maxnum19@gmail.com,ร้านมั่นคงพานิช นครปฐม,ร้านมั่นคงพานิช นครปฐม,Mueang Nakhon Pathom District,Asian; Thai,no,Low,0,,,,,openstreetmap,1,+66816999919,ทางหลวง ชนบท นฐ. 1021,73000,overture (meta),overture:39f5a4fd-9a7c-4765-bb7a-c2251376c3c9
eddie.agency@gmail.com,ร้านมิตติ้ง ลาบ ยำ ตำ จุ่ม,ร้านมิตติ้ง ลาบ ยำ ตำ จุ่ม,Mueang Nakhon Pathom District,Restaurant,no,Low,0,,,,,openstreetmap,1,+951628744,24 7 ถนน เทศบาล 1,73000,overture (meta),overture:2b890fd1-ad26-467d-9956-76b5db12e9cf
chakheeya6596@gmail.com,ร้านมิ้งค์มด,ร้านมิ้งค์มด,Mueang Nakhon Pathom District,Restaurant,no,Low,0,,,,,openstreetmap,1,+66823946596,หมู่3​ ตำบลห้วยจรเข้,73000,overture (meta),overture:6025fbe4-d09e-4c09-91c2-a1368aaa9620
muannjai@gmail.com,ร้านม่วนใจ,ร้านม่วนใจ,Mueang Nakhon Pathom District,Asian; Thai,no,Low,0,,,,,openstreetmap,1,+66904592354,เลขที่ 28 65 Tanon Sanamchan,73000,overture (meta),overture:4348b692-786d-42f6-a365-23b84efd428a
wutthichaisongtong@gmail.com,ร้านยัยน้องกะเพราถาด,ร้านยัยน้องกะเพราถาด,Mueang Nakhon Pathom District,Restaurant,no,Low,0,,,,,openstreetmap,1,+66624309915,18 พระประโทน,73000,overture (meta),overture:c57d6d1b-9ee5-4dea-b4bb-6c55a44ccd39
natradaaida2519@gmail.com,ร้านยำขนมจีนปลาทูซิ่ง,ร้านยำขนมจีนปลาทูซิ่ง,Mueang Nakhon Pathom District,Asian; Thai,no,Low,0,,,,,openstreetmap,1,+66631713962,247 ถ.ทวาราวดี ต.ห้วยจระเข้,73000,overture (meta),overture:f15c4c30-d02d-4e21-bb11-871f47931a77
pap_history_x@hotmail.com,ร้านยำนางร้าย,ร้านยำนางร้าย,Mueang Nakhon Pathom District,Restaurant,no,Low,0,,,,,openstreetmap,1,+66909849921,เลขที่ - ซอย 2 Tesa Rd,73000,overture (meta),overture:85b6e82c-fa14-4a76-872b-bef08974ae2b
jindarutsansom@gemil.com,ร้านลาบยโสน้องตาล,ร้านลาบยโสน้องตาล,Mueang Nakhon Pathom District,Restaurant,no,Low,0,,,,,openstreetmap,1,+66613358503,69/2 ถนน รถไฟตะวันออก,73000,overture (meta),overture:6f92b800-ac6f-41d1-8d15-379931b5bbba
karn.onsod@gmail.com,ร้านสวัสดีการเกษตร นครปฐม ขายอาหารสัตว์ทุกชนิด,ร้านสวัสดีการเกษตร นครปฐม ขายอาหารสัตว์ทุกชนิด,Mueang Nakhon Pathom District,Restaurant,no,Low,0,,,,,openstreetmap,1,+66956145464,,,overture (meta),overture:ba713ce0-28e8-4225-ae61-d224ad87dfaf
o0hkapom9@gmail.com,ร้านสเต็กบ้านป.ปลา,ร้านสเต็กบ้านป.ปลา,Mueang Nakhon Pathom District,Restaurant,no,Low,0,,,,,openstreetmap,1,+66849092197,Soi Mu Ban Lan Thong,73000,overture (meta),overture:3fd00159-93d4-4b21-9b01-7b5cabfd48b1
ning.ning34@hotmail.com,ร้านส้มตำนกแก้ว,ร้านส้มตำนกแก้ว,Mueang Nakhon Pathom District,Restaurant,no,Low,0,,,,,openstreetmap,1,+66810070367,51/14 ทหารบก ซอย 9,73000,overture (meta),overture:9842ec7c-bb84-493c-819b-7a0d538c3ad4
mooearn69@gmail.com,ร้านส้มตำหงษ์ทองนาสร้าง,ร้านส้มตำหงษ์ทองนาสร้าง,Mueang Nakhon Pathom District,Asian; Thai,no,Low,0,,,,,openstreetmap,1,+66926635242,28 หมู่4 ต.นครปฐม อ.เมือง จ.นครปฐม,73000,overture (meta),overture:9093524e-af1f-4f2f-8e23-061363d0380a
patunattaya@gmail.com,ร้านส้มตำเจ้อึ่ง มุมแซ่บ องค์พระปฐมเจดีย์,ร้านส้มตำเจ้อึ่ง มุมแซ่บ องค์พระปฐมเจดีย์,Mueang Nakhon Pathom District,Asian; Thai,no,Low,0,Local,,https://www.wongnai.com/r/286682aA,thanakrit.marc@gmail.com,venue website,3,+6623592398,ตลาดโต้รุ่งองค์พระปฐมเจดีย์,73000,overture (meta),overture:7278d959-40dd-40b8-b155-d7d7d6ad8337
prasltbunprom41@gmail.com,ร้านส้มตำเจ๊มัดหนองแหน,ร้านส้มตำเจ๊มัดหนองแหน,Mueang Nakhon Pathom District,Restaurant,no,Low,0,,,,,openstreetmap,1,+66867631286,,,overture (meta),overture:70e50e7e-34b9-43fe-b03e-1d2b94d1cb8e
affdgttth.23@gmail.com,ร้านหมูกระทะ,ร้านหมูกระทะ,Mueang Nakhon Pathom District,Restaurant,no,Low,0,,,,,openstreetmap,1,+66634944786,พุทธมณฑลสาย 3\n,16060,overture (meta),overture:ad46bc03-b4c9-4712-8ef0-fe2388d806e0
jim_jira@hotmail.com,ร้านหมูกระทะเฮียอู๊ด,ร้านหมูกระทะเฮียอู๊ด,Mueang Nakhon Pathom District,Restaurant,no,Low,0,,,,,openstreetmap,1,+66816165651,ถ.เทศบาล 1,73000,overture (meta),overture:fe5aa860-69a7-4a51-9398-0b9ff1eb98d3
tabeeez1994@gmail.com,ร้านหมูทอดนายเบียร์,ร้านหมูทอดนายเบียร์,Mueang Nakhon Pathom District,Asian; Thai,no,Low,0,,,,,openstreetmap,1,+66614680841,269 Thahanbok Soi 3,73000,overture (meta),overture:6e1873fa-d4bd-4f6e-8a38-9548731d1faf
krunhok_naja@hotmail.com,ร้านอาหารครัวลุงศักดิ์,ร้านอาหารครัวลุงศักดิ์,Mueang Nakhon Pathom District,Asian; Thai,no,Low,0,,,,,openstreetmap,1,+66654365661,83 ถนน ดอนตูม,73000,overture (meta),overture:8205cad1-c35d-44f5-9283-eba8588f2570
jejon1234@hotmail.com,ร้านอาหารเจ้จ้อน,ร้านอาหารเจ้จ้อน,Mueang Nakhon Pathom District,Asian; Thai,no,Low,0,,,,,openstreetmap,1,+66993247156,,73000,overture (meta),overture:dd3b50c1-5ab6-4f9b-a0a9-42cb7576ce3d
sangcharat.ploy@gmail.com,ร้านอาหารเราและนาย,ร้านอาหารเราและนาย,Mueang Nakhon Pathom District,Restaurant,no,Low,0,,,,,openstreetmap,1,+66970879711,89/9 ม.6 ต.ถนนขาด อ.เมืองนครปฐม จ.นครปฐม,73000,overture (meta),overture:2837bf07-8309-4d68-88f6-887aa0df5237
dovavantay5@gmail.com,ร้านอาหารเวียดนาม  Madame Miu,ร้านอาหารเวียดนาม  Madame Miu,Mueang Nakhon Pathom District,Restaurant,no,Low,0,,,,,openstreetmap,1,+66966874457,6 ถนน ทรงพล,73000,overture (meta),overture:6aa70a05-9baf-4f68-a06f-f8e48f7fa685
hungryfood.th@gmail.com,ร้านอาหารเวียดนามซินจ่าวเวียดหาดใหญ่ สาขานครปฐม,ร้านอาหารเวียดนามซินจ่าวเวียดหาดใหญ่ สาขานครปฐม,Mueang Nakhon Pathom District,Asian,no,Low,0,,,,,openstreetmap,1,+66891061041,"479, 911-912 2 Thaharn Bok Road",73000,overture (meta),overture:46f791dc-e86b-4c0a-9b19-5d60c447c4c2
nittaya39690@gmail.com,ร้านเก่ากาแฟสด รถเหลือง สาขา 2,ร้านเก่ากาแฟสด รถเหลือง สาขา 2,Mueang Nakhon Pathom District,Cafe,no,Low,0,,,,,openstreetmap,1,+66991539690,165,73000,overture (meta),overture:4ec275b5-450f-4b78-b975-ce550f19bd9e
nong_nui555@hotmail.com,ร้านเจ้หมวยคลอง10 chemuai.Khlong10,ร้านเจ้หมวยคลอง10 chemuai.Khlong10,Mueang Nakhon Pathom District,Restaurant,no,Low,0,,,,,openstreetmap,1,+66800587945,Liap Khlong Chonlaprathan Alley,73150,overture (meta),overture:ef498de5-00be-4cf8-a939-8cb5aea6d16a
kewinderbill@gmail.com,ร้านเดิม หมูกระทะ&บาร์,ร้านเดิม หมูกระทะ&บาร์,Mueang Nakhon Pathom District,Restaurant,no,Low,0,,,,,openstreetmap,1,+66959398482,2 ถนน รถไฟ,73000,overture (meta),overture:1617c664-fdfb-4bd1-8200-d2fcec721d5d
wiroj_a@icould.com,ร้านเต้าหู้ต้ามู่,ร้านเต้าหู้ต้ามู่,Mueang Nakhon Pathom District,Restaurant,no,Low,0,,,,,openstreetmap,1,+66819430304,สวนตะไคร้,73000,overture (meta),overture:3bc9dcb9-b3ae-452c-bdd7-09a8717985e0
netsurapong2532@gmail.com,ร้านเพชรนิดา พาแซ่บ,ร้านเพชรนิดา พาแซ่บ,Mueang Nakhon Pathom District,Restaurant,no,Low,0,,,,,openstreetmap,1,+66815219258,"119, 3",73000,overture (meta),overture:d41e7ceb-a9ef-4b08-9ca6-5284da8ae3d3
phelawaan@gmail.com,ร้านเพลาหวาน,ร้านเพลาหวาน,Mueang Nakhon Pathom District,Cafe,no,Low,0,,,,,openstreetmap,1,+66910414519,ถนนรถไฟตะวันตก ซอย3 ต.นครปฐม อ.เมือง จ.นครปฐม,73000,overture (meta),overture:7d767603-a026-4da9-af93-999b3388a215
nongopp543@gmail.com,ร้านเลิฟยูชาบู&หมูกระทะ,ร้านเลิฟยูชาบู&หมูกระทะ,Mueang Nakhon Pathom District,Restaurant,no,Low,0,,,,,openstreetmap,1,+66650040299,144  ม.10 ต.บัวปากท่า อ.บางเลน จ.นครปฐม,73130,overture (meta),overture:c57b89c7-af27-49fe-b756-9b3054d00dd0
sutat081@gmail.com,ร้านเฮียอ้วนศาลายาเนื้อตุ๋นหมูตุ๋น,ร้านเฮียอ้วนศาลายาเนื้อตุ๋นหมูตุ๋น,Mueang Nakhon Pathom District,Restaurant,no,Low,0,,,,,openstreetmap,1,+66855295455,13/35,73170,overture (meta),overture:b1bf0d43-4972-4933-954a-44b2c2a9247f
y.me.piya@gmail.com,ร้านแก๊ส จิตรอนันต์ นครปฐม,ร้านแก๊ส จิตรอนันต์ นครปฐม,Mueang Nakhon Pathom District,Cafe,no,Low,0,,,,,openstreetmap,1,+66949900965,47/4 ซ.โรงเรียนบำรุง,73000,overture (meta),overture:f468898d-50ff-4600-8016-26394e695fb6
mathavinee2543@gmail.com,ร้านแจ้ บะหมี่เกี๊ยว อาหารตามสั่ง,ร้านแจ้ บะหมี่เกี๊ยว อาหารตามสั่ง,Mueang Nakhon Pathom District,Cafe,no,Low,0,,,,,openstreetmap,1,+66874808320,145 ม.5 ต.นครปฐม อ.เมือง จ.นครปฐม,73000,overture (meta),overture:23450d7d-ea8a-4112-b291-46492a7e4f8a
oilzaa3020@gmail.com,ร้านแซ่บแสบดาก,ร้านแซ่บแสบดาก,Mueang Nakhon Pathom District,Restaurant,no,Low,0,,,,,openstreetmap,1,+66927983020,QX86+H96 ตำบล สระกะเทียม อำเภอเมืองนครปฐม นครปฐม 73000,73000,overture (meta),overture:c965979d-c0f9-4aac-b0c9-6994c9c79e04
pimmuchacha@gmail.com,ร้านแสงฟ้า นครปฐม,ร้านแสงฟ้า นครปฐม,Mueang Nakhon Pathom District,Asian; Thai,no,Low,0,,,,,openstreetmap,1,+6634251431,,,overture (meta),overture:608a693b-6536-4490-929a-72cd79c75c0c
boonyaditjindarat@gmail.com,ร้านแสนอิ่ม,ร้านแสนอิ่ม,Mueang Nakhon Pathom District,Restaurant,no,Low,0,Local,,https://www.wongnai.com/r/1493957Pw?ref=android,pimpakaadri@gmail.com; pintong05072523@gmail.com; pannita242549@gmail.com; ayt.atitaya@gmail.com; thanakrit.marc@gmail.com; chonmapat.sri@gmail.com; natiya.rukgan@gmail.com,openstreetmap,1,+66951953969,,,overture (meta),overture:24f507be-546d-452a-bd3c-d81d1983cd51
kantpeem@gmail.com,ร้านโจ๊กกระจอก,ร้านโจ๊กกระจอก,Mueang Nakhon Pathom District,Takeaway,no,Low,0,,,,,openstreetmap,1,+66646748188,ตลาดปฐมมงคล,73000,overture (meta),overture:148eb283-55a7-4845-8220-b1587ada3474
sainomsnc@gmail.com,ร้านใส่นม สนามจันทร์,ร้านใส่นม สนามจันทร์,Mueang Nakhon Pathom District,Cafe,no,Low,0,,,,,openstreetmap,1,+66934264242,"164, 2 ถนน Tanon Chantarakamphitak",73000,overture (meta),overture:d1b7f00f-250d-449b-a4d1-8408165bab3c
sleepnotty1@gmail.com,ร้านไข่เจียว2ชม.,ร้านไข่เจียว2ชม.,Mueang Nakhon Pathom District,Restaurant,no,Low,0,,,,,openstreetmap,1,+66912557991,,,overture (meta),overture:4471a03c-71d6-4ccf-b46a-306bf77b964a
thanatya0301@gmail.com,ลาบก้อยคอยรัก,ลาบก้อยคอยรัก,Mueang Nakhon Pathom District,Asian; Thai,no,Low,0,,,,,openstreetmap,1,+66979411665,1/2 ต.ทัพหลวง,73000,overture (meta),overture:2f79f776-2bb1-4f45-9d8b-24b36c22d267
miwlovelymiw889@gmail.com,ลาบส้มตำเจ๊กาญ ประปานคร,ลาบส้มตำเจ๊กาญ ประปานคร,Mueang Nakhon Pathom District,Restaurant,no,Low,0,,,,,openstreetmap,1,+66950967920,602/10 ถนน นาสร้าง,73000,overture (meta),overture:ddcd17fc-57fb-44ff-9aff-97a70f375d9a
limnpt2499@gmail.com,ลิ้ม 2499,ลิ้ม 2499,Mueang Nakhon Pathom District,Cafe,no,Low,0,,,,,openstreetmap,1,+66944553596,Chantarakampitak Road,73000,overture (meta),overture:5c3befeb-b123-4d10-adc3-206652ae713b
tourpac@hotmail.com,ลี้จั๊วฮวด ติ่มซำ,ลี้จั๊วฮวด ติ่มซำ,Mueang Nakhon Pathom District,Restaurant,no,Low,0,,,,,openstreetmap,1,+66866149614,15/38 ถนนราชมรรคาใน,73000,overture (meta),overture:fa910fcc-8c0e-4083-b6f8-d37d17d07e1f
leejuahuadfancybao@gmail.com,ลี้จั๊วฮวดซาลาเปาแฟนซี ซอยกลางองค์พระปฐมเจดีย์,ลี้จั๊วฮวดซาลาเปาแฟนซี ซอยกลางองค์พระปฐมเจดีย์,Mueang Nakhon Pathom District,Bakery,no,Low,0,,,,,openstreetmap,1,+66909725156,17 ถ. รถไฟ,73000,overture (meta),overture:47989d13-e99c-4094-aa27-a500a3e9d683
rapipan9174@gmail.com,ลือชา ๒๐๒๒ สาขาศิลปากร,ลือชา ๒๐๒๒ สาขาศิลปากร,Mueang Nakhon Pathom District,Restaurant,no,Low,0,,,,,openstreetmap,1,+66616165601,ยิงเป้า,73000,overture (meta),overture:26d6ba1c-f176-42d3-80a0-e6a212d2cff8
tourza228@gmail.com,ลุงใหม่ไก่ย่าง,ลุงใหม่ไก่ย่าง,Mueang Nakhon Pathom District,Restaurant,no,Low,0,,,,,openstreetmap,1,+66801138617,ซอยข้างเทคนิคนครปฐม,73000,overture (meta),overture:542b2ed6-77e0-4aff-8669-902c42e1d79a
yos_holy@hotmail.com,ลุยแคมป์,ลุยแคมป์,Mueang Nakhon Pathom District,Restaurant,no,Low,0,,,,,openstreetmap,1,+66896106824,โค้งอู่หล่ม,73000,overture (meta),overture:83cdfb2a-82ae-41a8-8a27-5771f6498d41
lanmumngein9@gmail.com,ล้านมุมเงินกาแฟสด สาขา 9 บางหลวง,ล้านมุมเงินกาแฟสด สาขา 9 บางหลวง,Mueang Nakhon Pathom District,Cafe,no,Low,0,,,,,openstreetmap,1,+66986794159,ล้านมุมเงินกาแฟสด สาขา 9 บางหลวง,73190,overture (meta),overture:fb64d22e-77c6-412a-a173-689ff3941dec
ppattanapong@yahoo.com,ล้านลาบที่ 11,ล้านลาบที่ 11,Mueang Nakhon Pathom District,Restaurant,no,Low,0,,,,,openstreetmap,1,+66985059804,703 Phet Kasem Rd,73000,overture (meta),overture:fc17b1ef-5725-475b-9388-5e0aa0216b5f
baifernkaimook03@gmail.com,ล้านสายปั่น กาแฟโบราณ,ล้านสายปั่น กาแฟโบราณ,Mueang Nakhon Pathom District,Cafe,no,Low,0,,,,,openstreetmap,1,+66984868415,45 ถนน ยิงเป้าใต้,73000,overture (meta),overture:1bf42444-3646-45ee-ab02-f567e363d6fc
chchaksr57@gmail.com,ล้านแรก หม่าล่า,ล้านแรก หม่าล่า,Mueang Nakhon Pathom District,Restaurant,no,Low,0,,,,,openstreetmap,1,+66991546398,48 Nueawang Rd,73000,overture (meta),overture:98380579-ecc7-4057-a967-7b4472777e27
wasinball2533@gmail.com,วนิดา อาหารอีสาน,วนิดา อาหารอีสาน,Mueang Nakhon Pathom District,Restaurant,no,Low,0,,,,,openstreetmap,1,+66885439994,112 หมู่ 2 ถ. ยิงเป้าใต้ ต.สนามจันทร์ อ.เมือง จ.นครปฐม สนามจันทร์ เมือง,73000,overture (meta),overture:3d86f934-7997-4bbc-8a95-c33efa510350
smraksphuriphant22@gmail.com,สดผ่อน ที่นอนคุณภาพ รับประกันคุณภาพราคาโรงงาน,สดผ่อน ที่นอนคุณภาพ รับประกันคุณภาพราคาโรงงาน,Mueang Nakhon Pathom District,Asian; Thai,no,Low,0,,,https://line.me/ti/p/mgruitzmxo,,openstreetmap,1,+66640389801,66/11 หมู่ 2 ตำบลโพรงมะเดื่อ อำเภอเมืองนครปฐม จังหวัดนครปฐม 7300,73000,overture (meta),overture:18dd54cc-fa9e-4d1a-813f-ca1681c51fb0
pairush7@hotmail.com,สตาร์ไก่สด,สตาร์ไก่สด,Mueang Nakhon Pathom District,Restaurant,no,Low,0,,,,,openstreetmap,1,+66806608297,,,overture (meta),overture:9e7719a0-866b-4b61-9609-21df00efffbc
kodomoza2100@hotmail.com,สถานีตำ&ยำ by ดรีม,สถานีตำ&ยำ by ดรีม,Mueang Nakhon Pathom District,Restaurant,no,Low,0,,,,,openstreetmap,1,+66624466259,13 ถนน เพชรเกษม,73000,overture (meta),overture:ed134b04-5058-4bb2-91d0-81ccc8017f0a
taoza220@hotmail.com,สมปองหมูหัน สาขาบ่อพลับ,สมปองหมูหัน สาขาบ่อพลับ,Mueang Nakhon Pathom District,Restaurant,no,Low,0,,,,,openstreetmap,1,+66971635687,,73000,overture (meta),overture:8ee211b8-7629-454c-b8c3-0ed45537f998
meilimalahotpot@gmail.com,สรวลสนาน,สรวลสนาน,Mueang Nakhon Pathom District,Restaurant,no,Low,0,,,,,openstreetmap,1,+66993406868,"28,88 ซอย Ying Pao Rd, Phra Prathom Chedi Sub-district, อำเภอ เมือง Nakhon Phatom 73000Chantharakham PhithakSanam Chan Sub-district",73000,overture (meta),overture:e804243e-89c9-4e95-ac87-ccc4e8c45c23
phon.anan.food@gmail.com,สวนอาหาร พรอนันต์,สวนอาหาร พรอนันต์,Mueang Nakhon Pathom District,Restaurant,no,Low,0,,,,,openstreetmap,1,+66812690512,"ประปาผิวดิน, 56/17 หมู่ 2 ต.นครปฐม (ตรงข้าม, นาสร้าง",73000,overture (meta),overture:c657800f-74c9-46cd-a3f8-c8065c9df0e1
paobest50@gmail.com,สวนเฮโลสาระพาคาเฟ่,สวนเฮโลสาระพาคาเฟ่,Mueang Nakhon Pathom District,Takeaway,no,Low,0,,,,,openstreetmap,1,+66940534755,https://maps.app.goo.gl/U5Z18SnArN3xVaR89?g_st=ic,<<not-applicable>>,overture (meta),overture:c6167b5f-d74d-4ea0-bed6-b930444d14a7
phuncoffeestation@gmail.com,สหายกาแฟ,สหายกาแฟ,Mueang Nakhon Pathom District,Cafe,no,Low,0,,,,,openstreetmap,1,,"ด้านหน้า ""พระพุทธปุษยคีรีศรีสุวรรณภูมิ"" หน้าผาแกะสลักพระใหญ่ หลวงพ่ออู่ทอง วัดเขาทำเทียม",72100,overture (meta),overture:01f8d96d-08d9-4cfe-a362-e6e3cf2208ee
eakvoice@gmail.com,สองตี๋ก๋วยจั๊บโบราณ,สองตี๋ก๋วยจั๊บโบราณ,Mueang Nakhon Pathom District,Restaurant,no,Low,0,,,,,openstreetmap,1,+66619351795,สองตี๋ก๋วยจั๊บโบราณ,73000,overture (meta),overture:c3607591-7c75-47c9-b0f7-93e52f4f7658
mark.za2108@gmail.com,สอาด เสวย,สอาด เสวย,Mueang Nakhon Pathom District,Asian; Japanese,no,Low,0,,,,,openstreetmap,1,+66890295954,102/3 Tanon Rachamanka,73000,overture (meta),overture:57a634b7-f2e6-430e-b4b8-1ecfb9ee1b43
yahfau624@gmail.com,สัง-กะ-สี,สัง-กะ-สี,Mueang Nakhon Pathom District,Restaurant,no,Low,0,,,,,openstreetmap,1,+66925502560,97 ม.7 ต.หนองปากโรง,73000,overture (meta),overture:8cac0a11-101f-4d62-9c73-8b2fe0814371
admission@christian.ac.th,สาขาโภชนาการและนวัตกรรมอาหาร มหาวิทยาลัยคริสเตียน,สาขาโภชนาการและนวัตกรรมอาหาร มหาวิทยาลัยคริสเตียน,Mueang Nakhon Pathom District,Restaurant,no,Low,0,Local,,https://www.christian.ac.th/,christian@christian.ac.th,openstreetmap,1,+6634388555,7 ดอนยายหอม ซอย 1,73000,overture (meta),overture:c617c952-83a5-4806-bd00-26fd7670f8b9
su1lovekob@gmail.com,สุ ชาชักปักษ์ใต้ by สุแซ่บซี๊ด,สุ ชาชักปักษ์ใต้ by สุแซ่บซี๊ด,Mueang Nakhon Pathom District,Cafe,no,Low,0,,,,,openstreetmap,1,,84 ถนน กุมภิล,73000,overture (meta),overture:fa392b61-5783-4c50-9236-feb3640e98b9
thetum_@hotmail.com,สุชาติ เป็ดพะโล้/เป็ดย่าง/ไก่ต้ม/ไก่อบน้ำผึ้ง,สุชาติ เป็ดพะโล้/เป็ดย่าง/ไก่ต้ม/ไก่อบน้ำผึ้ง,Mueang Nakhon Pathom District,Asian; Thai,no,Low,0,,,,,openstreetmap,1,+66909307270,156/172 หมู่10 ต.นครปฐม,73000,overture (meta),overture:416f4fce-64e4-4d1b-b7d8-75fd0d3be90f
thesunjung.arm@gmail.com,สุชาติ โภชนา โต๊ะจีนนครปฐม,สุชาติ โภชนา โต๊ะจีนนครปฐม,Mueang Nakhon Pathom District,Restaurant,no,Low,0,,,,,openstreetmap,1,+66900710009,37 หมู่5 ต.วังตะกู,73000,overture (meta),overture:eb71297c-c9b2-41f8-97fa-855259b05811
pornwalai002@gmail.com,สุรกานต์ เมฆ โภชนา,สุรกานต์ เมฆ โภชนา,Mueang Nakhon Pathom District,Asian; Chinese,no,Low,0,,,,,openstreetmap,1,+66944652445,,,overture (meta),overture:2e19501c-7e43-42b8-84a7-f0ec72329a32
boonshowa@gmail.com,สเต็กเฮ้าสเต็กในบ้าน,สเต็กเฮ้าสเต็กในบ้าน,Mueang Nakhon Pathom District,Restaurant,no,Low,0,,,,,openstreetmap,1,+66811596126,บ้านทุ่งถ้วยแตก 44/5 ตำบลทัพหลวง อำเภอเมืองนครปฐม ,73000,overture (meta),overture:ac90caa3-c913-433f-8512-6f48d6965dcc
papataal12@gmail.com,ส้มตำ สิตา,ส้มตำ สิตา,Mueang Nakhon Pathom District,Cafe,no,Low,0,,,,,openstreetmap,1,+66857535235,2 ถนน สระแก้ว,73000,overture (meta),overture:802c03d1-8b96-4890-80ed-3f802cf8cba1
worawian2499@gmail.com,ส้มตำ แซ่บแสบปาก,ส้มตำ แซ่บแสบปาก,Mueang Nakhon Pathom District,Cafe,no,Low,0,,,,,openstreetmap,1,+66950614664,จิ้มจุ่มเฮียบิ๊กจัดเต็ม\n\n,73000,overture (meta),overture:fe15138a-94d1-4efd-9df8-00879d62db88
artza13@hotmail.com,ส้มตำป้าหมอนพระงาม4 เจ้าพ่อขุนด่าน,ส้มตำป้าหมอนพระงาม4 เจ้าพ่อขุนด่าน,Mueang Nakhon Pathom District,Restaurant,no,Low,0,,,,,openstreetmap,1,+66814076331,48 ถ. รถไฟตะวันตก,73000,overture (meta),overture:1efeb3d7-099d-4406-9c67-1e30d17aade2
nitipor251818@gmail.com,ส้มตำเจ้แดง จิ้มจุ่ม ซ.7,ส้มตำเจ้แดง จิ้มจุ่ม ซ.7,Mueang Nakhon Pathom District,Restaurant,no,Low,0,,,,,openstreetmap,1,+66802629642,25 Makkara-Soi 7 Rd,73000,overture (meta),overture:083597dd-01ab-46da-a155-263ab6e6ba34
tanwaratsangworragan@gmail.com,ส้มตำเจ๊มะนาว-ตำระเบิด,ส้มตำเจ๊มะนาว-ตำระเบิด,Mueang Nakhon Pathom District,Restaurant,no,Low,0,,,,,openstreetmap,1,+66854051682,สี่แยกวัดกลาง ถนนถวิลราษฎรบูรณะ,73000,overture (meta),overture:fa985d2f-8408-41a6-8546-6d06fb3a03c0
hmunfan0440@gmail.com,ส้มตำเจ๊เจี๊ยบ สาขา2,ส้มตำเจ๊เจี๊ยบ สาขา2,Mueang Nakhon Pathom District,Restaurant,no,Low,0,,,,,openstreetmap,1,+66884330440,8 1,73000,overture (meta),overture:ee33926c-3ec8-475a-bd33-6b5d0719b1e7
kcuphaphathn@gmail.com,ส้มตำเปิดท้าย เจ๊เดือน นครปฐม,ส้มตำเปิดท้าย เจ๊เดือน นครปฐม,Mueang Nakhon Pathom District,Asian; Thai,no,Low,0,,,,,openstreetmap,1,+66810089952,11 ถนน ราชวิถี,73000,overture (meta),overture:a1ff3bc2-9cc4-4b3c-a613-76c39c389626
sukritta.sw@gmail.com,หมั่นโถวแม่ล้วน สุธาทิพย์,หมั่นโถวแม่ล้วน สุธาทิพย์,Mueang Nakhon Pathom District,Restaurant,no,Low,0,,,,,openstreetmap,1,+66816164554,42-44 Tesaban Alley,73000,overture (meta),overture:af6efc35-d268-4ef8-8d38-f8dac2672454
mheehao.facebook@gmail.com,หมีห่าว สุกี้หม่าล่าบุฟเฟ่ต์ - MheeHao米好,หมีห่าว สุกี้หม่าล่าบุฟเฟ่ต์ - MheeHao米好,Mueang Nakhon Pathom District,Asian; Japanese,no,Low,0,,,,,openstreetmap,1,+66951966442,159/2 Rajvithee Rd,73000,overture (meta),overture:6cfe5874-18c7-4494-add1-296fb3d612cb
architeuthis.din@gmail.com,หมึกมหึมา Architeuthis,หมึกมหึมา Architeuthis,Mueang Nakhon Pathom District,Asian; Thai,no,Low,0,,,,,openstreetmap,1,+66911783553,Architeuthis(อาร์คีทิวธีส)  99/9​ม.5 ต.ธรรม​ศาลา​ อ.เมือง​ จ.นครปฐม​,73000,overture (meta),overture:172fe003-40e7-42de-b543-af2642d643b6
moothongbuffetnpt@gmail.com,หมูทองหมูกระทะพรีเมียมนครปฐม,หมูทองหมูกระทะพรีเมียมนครปฐม,Mueang Nakhon Pathom District,Asian; Japanese,no,Low,0,,,,,openstreetmap,1,+66815653553,"629, 2 Phet Kasem Rd",73000,overture (meta),overture:236fb09f-2c16-4d74-a727-9b40f9aebd21
puwadit7@gmail.com,หมูทอดตรอกโรงธูป,หมูทอดตรอกโรงธูป,Mueang Nakhon Pathom District,Restaurant,no,Low,0,,,,,openstreetmap,1,+66984684852,44/17 ถนน หน้าวัง,73000,overture (meta),overture:459e66e9-c0f5-43f4-966c-019d854ccd46
muigrilledpork333@gmail.com,หมูย่างผู้ใหญ่มุ่ย,หมูย่างผู้ใหญ่มุ่ย,Mueang Nakhon Pathom District,Restaurant,no,Low,0,,,,,openstreetmap,1,+66625525398,,,openstreetmap,https://www.openstreetmap.org/node/5388424822
nuengluthaimn@gmail.com,หมูหันสมบัติฟาร์ม,หมูหันสมบัติฟาร์ม,Mueang Nakhon Pathom District,Restaurant,no,Low,0,,,,,openstreetmap,1,+66612438111,อบจ.นครปฐม\nเทศบาลนครปฐม,73000,overture (meta),overture:7a6f3bd4-605d-49bc-b45d-f64c93333d99
moowell.np@gmail.com,หมูเวล,หมูเวล,Mueang Nakhon Pathom District,Restaurant,no,Low,0,,,,,openstreetmap,1,+66927079189,"28, 86 Ying Pao Rd",73000,overture (meta),overture:e1de01fd-f54e-48e3-a61c-4f3086c2d32b
wumalatang@gmail.com,หม่าล่าแซ่อู๋ 吴,หม่าล่าแซ่อู๋ 吴,Mueang Nakhon Pathom District,Asian; Chinese,no,Low,0,,,,,openstreetmap,1,+66960354999,กรู๊ฟมาร์เก็ต ศาลายาซอย บ้านตั้งสิน ตำบล ศาลายา อำเภอพุทธมณฑล ,73170,overture (meta),overture:01716f84-2e72-4d69-989a-7cf8085301f9
s.pradungsrisawud@gmail.com,หม่าล่าไม้ยาว,หม่าล่าไม้ยาว,Mueang Nakhon Pathom District,Restaurant,no,Low,0,,,,,openstreetmap,1,+66874079666,5 Tanon Sanamchan,73000,overture (meta),overture:d70fb13d-4cfc-45f4-8e80-689039c74ac9
tanya.salon@gmail.com,หรอยนิ เจ๊ฝน,หรอยนิ เจ๊ฝน,Mueang Nakhon Pathom District,Restaurant,no,Low,0,,,,,openstreetmap,1,+66851226488,"195, 5 Phet Kasem Rd",73000,overture (meta),overture:a6d44dab-ed65-424b-ae07-bb259858e0e9
narisza29@gmail.com,หวนยำ,หวนยำ,Mueang Nakhon Pathom District,Restaurant,no,Low,0,,,,,openstreetmap,1,+66895325133,Whonyum,73000,overture (meta),overture:efe0f59c-30dc-44e3-9fa5-f168ea7bb77e
dadanit2524@gmail.com,หิวอ่ะดิ,หิวอ่ะดิ,Mueang Nakhon Pathom District,Restaurant,no,Low,0,,,,,openstreetmap,1,+66949573222,114/6 ถนน ถวิลราษฎรบูรณะ,73000,overture (meta),overture:4dd772a8-fd32-46bb-83b5-79132583a571
acsirawat@gmail.com,อชิซัง บุฟเฟ่ต์,อชิซัง บุฟเฟ่ต์,Mueang Nakhon Pathom District,Asian; Japanese,no,Low,0,,,,,openstreetmap,1,+66839791683,ถนนราชมรรคา,73000,overture (meta),overture:03127ae2-5fd0-4af3-8d70-6038986d387b
tanakorn3517@gmail.com,อร่อยต้นซอย ก๋วยจั๊บน้ำขนโบราณ,อร่อยต้นซอย ก๋วยจั๊บน้ำขนโบราณ,Mueang Nakhon Pathom District,Restaurant,no,Low,0,,,,,openstreetmap,1,+66885693293,5,73000,overture (meta),overture:de476b7b-68c9-4c20-bfb1-b4a232b19859
sumitra1572@yahoo.com,อร่อยหน้าไร่,อร่อยหน้าไร่,Mueang Nakhon Pathom District,Cafe,no,Low,0,,,,,openstreetmap,1,+66934208555,16 ถนน มาลัยแมน,73000,overture (meta),overture:184b86e1-bc7c-42ed-aed0-2849c3e1872a
nitid@gmail.com,อาก๋ง กาแฟสด,อาก๋ง กาแฟสด,Mueang Nakhon Pathom District,Cafe,no,Low,0,,,,,openstreetmap,1,+66876653662,99/1 ถนน พิพิธประสาท,73000,overture (meta),overture:ac133840-2988-48b3-acca-c6c9c83180bf
salayaxasx@gmail.com,อาซ้อ หมูกระทะ ทะเลเผา,อาซ้อ หมูกระทะ ทะเลเผา,Mueang Nakhon Pathom District,Restaurant,no,Low,0,,,,,openstreetmap,1,+66622924965,122 ศาลายา,73170,overture (meta),overture:a0c0a284-1c61-4d2e-86c5-3bbcc0fbb665
supatsarajirnnie@gmail.com,อาป๋าเนื้อย่างเกาหลี นครปฐม,อาป๋าเนื้อย่างเกาหลี นครปฐม,Mueang Nakhon Pathom District,Asian; Korean,no,Low,0,,,,,openstreetmap,1,,,73000,overture (meta),overture:145947fe-e71f-4e0e-92ae-5590e1901ecf
mintnaza3@gmail.com,อาหารเจ ซอยแปด,อาหารเจ ซอยแปด,Mueang Nakhon Pathom District,Restaurant,no,Low,0,,,,,openstreetmap,1,+66960074096,เลยโค้งวัดกลาง ก่อนถึงสหกรณ์ ซอย ทหารบก ซ. 8,73000,overture (meta),overture:043a0604-dbff-4319-b011-3254d9e70cf4
zeeqemoo@hotmail.com,อาหารเช้าบ้านแกงไก่,อาหารเช้าบ้านแกงไก่,Mueang Nakhon Pathom District,Cafe,no,Low,0,,,,,openstreetmap,1,+66626632264,102 Tanon Nawakhet,73000,overture (meta),overture:adac4951-b387-4c01-aebb-3f551baacc71
abaobubbletea@gmail.com,อาเป่า ชาไข่มุก,อาเป่า ชาไข่มุก,Mueang Nakhon Pathom District,Restaurant,no,Low,0,,,,,openstreetmap,1,+66918807685,Rajdamnern Rd.,73000,overture (meta),overture:7c83a339-9650-446f-8f9d-14e99ebcf972
rapeepan.pao@gmail.com,อิงอาศัย,อิงอาศัย,Mueang Nakhon Pathom District,Cafe,no,Low,0,,,,,openstreetmap,1,+66923126275,23 ถ Tanon Sanamchan,73000,overture (meta),overture:012a8df9-3868-4f99-bbac-00c05fd28818
apo2pearno@gmail.com,อิชิบัง 一番 ข้าวหน้าญี่ปุ่น&ซูชิ,อิชิบัง 一番 ข้าวหน้าญี่ปุ่น&ซูชิ,Mueang Nakhon Pathom District,Asian; Japanese,no,Low,0,,,,,openstreetmap,1,+66953384866,418/1 ถ.หลังวัดใหญ่2 พระปฐมเจดีย์,73000,overture (meta),overture:c8bc7118-f8f0-418e-8947-c0d36c4eabc5
toon007555@gmail.com,อิซา-เบล-ลา,อิซา-เบล-ลา,Mueang Nakhon Pathom District,Restaurant,no,Low,0,,,,,openstreetmap,1,,ตล,,overture (meta),overture:4c65f5a4-9808-44d6-8ee7-297a425c23bf
chaiwatsk9@gmail.com,อินเตอร์ มีปัง&มีชา,อินเตอร์ มีปัง&มีชา,Mueang Nakhon Pathom District,Cafe,no,Low,0,,,,,openstreetmap,1,+66926192245,2 โพรงมะเดื่อ-บ้านไร่ 6,73000,overture (meta),overture:320e2a39-b680-412d-bf27-0e2af31fce48
saowalak2506@gmail.com,อิ่มอก อิ่มใจ,อิ่มอก อิ่มใจ,Mueang Nakhon Pathom District,Restaurant,no,Low,0,,,,,openstreetmap,1,+66869116446,"ต.พระปฐมเจดีย์, 19 อ",73000,overture (meta),overture:2d9e3510-31e1-4149-a1fe-e167c494e405
im-aim2011@hotmail.com,อิ่มเอม@สวนตะไคร้,อิ่มเอม@สวนตะไคร้,Mueang Nakhon Pathom District,Restaurant,no,Low,0,,,,,openstreetmap,1,+6634290556,441 ซอย 1 หมู่บ้านสวนตะไคร้,73000,overture (meta),overture:813b90b0-06a4-4df5-b47d-541e3b1ef460
ounjaidelivery@gmail.com,อุ่นใจ เดลิเวอร์รี่ - Ounjai delivery,อุ่นใจ เดลิเวอร์รี่ - Ounjai delivery,Mueang Nakhon Pathom District,Restaurant,no,Low,0,,,,,openstreetmap,1,+66815664720,ถนนประปานาสร้าง,73000,overture (meta),overture:bba381ba-3676-4125-af5d-756adc2d958e
chidaom@gmail.com,อุ๋ง อุ๋ง Cafe & ปังญวนอุดร - ถนนต้นสน นครปฐม,อุ๋ง อุ๋ง Cafe & ปังญวนอุดร - ถนนต้นสน นครปฐม,Mueang Nakhon Pathom District,Cafe,no,Low,0,,,,,openstreetmap,1,+66963982946,,,overture (meta),overture:483cfac1-1d78-4d7f-8705-3311c05752f8
bake2859793@gmail.com,อ้วนตามสั่ง,อ้วนตามสั่ง,Mueang Nakhon Pathom District,Restaurant,no,Low,0,,,,,openstreetmap,1,+66881922920,,,overture (meta),overture:4aae29df-e18e-475a-9486-629fb9a1edf1
tuiles_gig@icloud.com,อ้อยโภชนา 456,อ้อยโภชนา 456,Mueang Nakhon Pathom District,Asian; Thai,no,Low,0,,,,,openstreetmap,1,+66952327568,นฐ 3011,73000,overture (meta),overture:f06ceb00-dfc4-4dbc-b83d-fb5b647e1068
potjanameimei@gmail.com,ฮอตเด้กับชา ของอาเม่ย,ฮอตเด้กับชา ของอาเม่ย,Mueang Nakhon Pathom District,Cafe,no,Low,0,,,,,openstreetmap,1,+66641479959,,,overture (meta),overture:c0343441-1f33-420e-9599-63560a3f28dc
volknaja@gmail.com,ฮักคอฟฟี่,ฮักคอฟฟี่,Mueang Nakhon Pathom District,Cafe,no,Low,0,,,,,openstreetmap,1,+66801963693,61/3-4 พระ,73000,overture (meta),overture:de38409e-aecd-4bde-819f-2770a35b90d5
niknew102@gmail.com,เขียงใหญ่ by ครัวหลังบ้านนครปฐม,เขียงใหญ่ by ครัวหลังบ้านนครปฐม,Mueang Nakhon Pathom District,Asian; Thai,no,Low,0,,,,,openstreetmap,1,+66954615558,ราชวิถี,73000,overture (meta),overture:901e9f0a-2ff8-4efa-9d16-2e3ef59a4eaa
sutti_tt4@hotmail.com,เครปสยาม @ม.ศิลปากรนครปฐม,เครปสยาม @ม.ศิลปากรนครปฐม,Mueang Nakhon Pathom District,Restaurant,no,Low,0,,,,,openstreetmap,1,+66970154024,21/1 Tanon Rachamanka,73000,overture (meta),overture:c5c040a9-48d4-471e-972f-86b9b3a9781b
chanatporn119@gmail.com,เครปไส้แตก,เครปไส้แตก,Mueang Nakhon Pathom District,Restaurant,no,Low,0,,,,,openstreetmap,1,+66818574651,Tanon Rajdamnern,73000,overture (meta),overture:8e88bdf1-1050-4498-b3fc-348ba9e5884d
yoopaocho@gmail.com,เจิดข้าวต้มปลาเก๋า-มหาชัย,เจิดข้าวต้มปลาเก๋า-มหาชัย,Mueang Nakhon Pathom District,Seafood,no,Low,0,,,,,openstreetmap,1,+66635096369,,,overture (meta),overture:4d12f67a-c810-47c8-9fea-6e683e0bede9
fhaaaay@hotmail.com,เจี๊ยะ เปี๊ยะ จั๊บ,เจี๊ยะ เปี๊ยะ จั๊บ,Mueang Nakhon Pathom District,Asian,no,Low,0,,,,,openstreetmap,1,+6634251286,"Chedi Bucha, 44 Rajdamri Rd",73000,overture (meta),overture:60dce0e5-139a-49e0-b032-d4e8cc451472
n.jeatiaw@gmail.com,เจี๊ยะเตี๋ยว เจ้จุฑา,เจี๊ยะเตี๋ยว เจ้จุฑา,Mueang Nakhon Pathom District,Asian; Thai,no,Low,0,,,,,openstreetmap,1,+66839710979,179 Tanon Sanamchan,73000,overture (meta),overture:439d8e6a-908d-49bd-9f9a-eee839126493
oiloil1562@gmail.com,เจ้ออยยำแซ่บ,เจ้ออยยำแซ่บ,Mueang Nakhon Pathom District,Restaurant,no,Low,0,,,,,openstreetmap,1,+66929941562,เรียบคลองวัดพะเนียงแตก\n\n\n,73000,overture (meta),overture:b575bc33-7f06-4072-bdd5-86da8d02df3e
msjekporkpan@gmail.com,เจ้เจ็กหมูกระทะยำแซ่บแสบลืมผัว,เจ้เจ็กหมูกระทะยำแซ่บแสบลืมผัว,Mueang Nakhon Pathom District,Restaurant,no,Low,0,Local,,https://msjekporkpan.wordpress.com/blog/,,openstreetmap,1,+66917275808,11/1,73000,overture (meta),overture:2e65944d-593d-4a0c-bf85-6f8b1640ca88
b_thaveesub@hotmail.com,เจ้เตียว ขนมจีนแกงป่า สาขาโค้งวัดกลาง,เจ้เตียว ขนมจีนแกงป่า สาขาโค้งวัดกลาง,Mueang Nakhon Pathom District,Restaurant,no,Low,0,,,,,openstreetmap,1,+66938793639,432 3095,73000,overture (meta),overture:42e850b9-c29d-4d74-ad2a-56065657cb69
calissagroup@gmail.com,เจ้เตียวขนมจีนแกงป่าสาขาตลาดปฐมมงคล-หน้าซีเจตลาดทุ่งพระเมรุ,เจ้เตียวขนมจีนแกงป่าสาขาตลาดปฐมมงคล-หน้าซีเจตลาดทุ่งพระเมรุ,Mueang Nakhon Pathom District,Asian; Thai,no,Low,0,,,,,openstreetmap,1,+66615418961,หน้าธนาคารกสิกรไทยสาขาตลาดปฐมมงคล (ตลาดขายส่งผักผลไม้) อ.เมือง,73000,overture (meta),overture:862d6b0b-70da-4ba0-a458-ad1e40b134d1
autchara.089995@gmail.com,เจ้แคทส้มตำปะปา,เจ้แคทส้มตำปะปา,Mueang Nakhon Pathom District,Restaurant,no,Low,0,,,,,openstreetmap,1,+66628479888,350/2 ถนนริมทาง ถ. รถไฟตะวันตก,73000,overture (meta),overture:a2c16e9a-139e-4418-b80c-7b2d90efbf24
chatmongkol.tai@gmail.com,เจ๊ตั๊ก เย็นตาโฟรสเด็ด,เจ๊ตั๊ก เย็นตาโฟรสเด็ด,Mueang Nakhon Pathom District,Restaurant,no,Low,0,,,,,openstreetmap,1,+66838956752,13/6 Soi Ying Pao Tai 4/3,73000,overture (meta),overture:47c6f5bd-27a5-4364-b780-d5149368b948
sutee000888@hotmail.com,เจ๊ตุ๊ก ก๋วยเตี๋ยวไก่มะระ,เจ๊ตุ๊ก ก๋วยเตี๋ยวไก่มะระ,Mueang Nakhon Pathom District,Restaurant,no,Low,0,,,,,openstreetmap,1,+66871544737,75/4 หมู่ 1 ต.โพรงมะเดื่อ,73000,overture (meta),overture:3147cd73-c724-42ba-a598-6795490b77c1
sitipron2124@gmail.com,เจ๊ยูร ขนมจีน น้ำยากะทิ แกงป่า,เจ๊ยูร ขนมจีน น้ำยากะทิ แกงป่า,Mueang Nakhon Pathom District,Restaurant,no,Low,0,,,,,openstreetmap,1,+66811956581,11 4 บ่อพลับ 6 ซอย 7,73000,overture (meta),overture:ef9a2cf5-fbdf-49b0-83dc-9027f07ee7ca
w2206256888@gmail.com,เจ๊หน่อยผัดไทยนครปฐม,เจ๊หน่อยผัดไทยนครปฐม,Mueang Nakhon Pathom District,Asian; Thai,no,Low,0,,,,,openstreetmap,1,+66804074313,ผัดไทเจ๊หน่อยข้างเทศบาลใหม่ ,73000,overture (meta),overture:36ed1b1b-e022-4edb-adbf-0cf733321659
lanyarley@gmail.com,เชฟวี ข้าวไก่อบจิ้มแจ่ว ข้าวคอหมูจิ้มแจ่ว,เชฟวี ข้าวไก่อบจิ้มแจ่ว ข้าวคอหมูจิ้มแจ่ว,Mueang Nakhon Pathom District,Restaurant,no,Low,0,,,,,openstreetmap,1,+66815261588,,73000,overture (meta),overture:41eefa04-7c36-4a56-8ad3-d5b3334dde53
irada0863527614@hotmail.com,เช็คอินกาแฟสด,เช็คอินกาแฟสด,Mueang Nakhon Pathom District,Cafe,no,Low,0,,,,,openstreetmap,1,+66863527614,102/10,73000,overture (meta),overture:9653b19a-64e8-4f3f-ab46-c41a39de6cdd
sumittabeb@gmail.com,เดี๋ยวจัดให้ อาหารตามสั่ง,เดี๋ยวจัดให้ อาหารตามสั่ง,Mueang Nakhon Pathom District,Restaurant,no,Low,0,,,,,openstreetmap,1,+66891660545,5 สนามจันทร์ 5,73000,overture (meta),overture:a471c692-fc0e-4426-abf9-f34a30091b67
atchara.ho@ku.th,เดือนส้มตำ 90,เดือนส้มตำ 90,Mueang Nakhon Pathom District,Takeaway,no,Low,0,,,,,openstreetmap,1,+66982788344,101 หมู่11 ต.ทุ่งลูกนก อ.กำแพงแสน ,73140,overture (meta),overture:16dd9fce-da27-42a5-b3d7-e09beace61a2
termkhamwan@gmail.com,เติมคำหวาน โฮมเมด&เบเกอรี่,เติมคำหวาน โฮมเมด&เบเกอรี่,Mueang Nakhon Pathom District,Cafe,no,Low,0,,,https://openlink.co/term.khamwan,,openstreetmap,1,+66654989256,1 1 Phai Toei Tai Alley,73000,overture (meta),overture:2d045566-4860-4b8f-aa94-4f286aebedb9
jack.bearboh@gmail.com,เตี๋ยวไก่บ้านกอไผ่,เตี๋ยวไก่บ้านกอไผ่,Mueang Nakhon Pathom District,Restaurant,no,Low,0,,,,,openstreetmap,1,+66993454666,98,73000,overture (meta),overture:9ea51603-d5cc-4607-93d7-daf7b5d6d6e8
k.stardao89@gmail.com,เตี๋ยวไข่เยิ้ม (ต้นตำรับ)ณ.บางแขม,เตี๋ยวไข่เยิ้ม (ต้นตำรับ)ณ.บางแขม,Mueang Nakhon Pathom District,Restaurant,no,Low,0,,,,,openstreetmap,1,+66813967177,เตี๋ยวไข่เยิ้มณ,73000,overture (meta),overture:513cdc94-c7a4-4963-acf3-3450bf03e51f
tentcoffee001@gmail.com,เต็นท์กาแฟ,เต็นท์กาแฟ,Mueang Nakhon Pathom District,Cafe,no,Low,0,,,,,openstreetmap,1,+66897949353,,,overture (meta),overture:82a25287-2008-4fe6-b7d1-8b4ce58ca685
eksuwat_herointer@hotmail.com,เต็มเตาก๋วยเตี๋ยวเนื้อตุ๋น&หมูตุ๋น,เต็มเตาก๋วยเตี๋ยวเนื้อตุ๋น&หมูตุ๋น,Mueang Nakhon Pathom District,Restaurant,no,Low,0,,,,,openstreetmap,1,+66630656655,R3GR+45 ตำบล ธรรมศาลา อำเภอเมืองนครปฐม นครปฐม,73000,overture (meta),overture:fadea7bd-125a-49b9-a203-2524fd59123b
tortoemfun@gmail.com,เธอชั่งเก่งนะ,เธอชั่งเก่งนะ,Mueang Nakhon Pathom District,Asian; Chinese,no,Low,0,,,,,openstreetmap,1,+66956261519,40/2 ถนน ยิงเป้า,73000,overture (meta),overture:88011f64-f78a-4528-960a-c7ea89a9e0c8
kokuno.th@gmail.com,เนื้อตุ๋น เนื้อย่าง Kokuno,เนื้อตุ๋น เนื้อย่าง Kokuno,Mueang Nakhon Pathom District,Restaurant,no,Low,0,,,,,openstreetmap,1,+66972989100,สวนตะไคร้ ถนน สวนตะไคร้,73000,overture (meta),overture:3b4b278d-401c-4f41-8889-5eaf5487c07d
fonop77@gmail.com,เนื้อต้มบ้านสิงห์ หนองดินแดง นครปฐม,เนื้อต้มบ้านสิงห์ หนองดินแดง นครปฐม,Mueang Nakhon Pathom District,Takeaway,no,Low,0,,,,,openstreetmap,1,+66962635441,ข้างปั๊มปตท จิฟฟี่ หนองดินแดง หนองดินแดง,73000,overture (meta),overture:259fceb4-8c89-48dc-bca1-cf75191ad377
kunsaithong2511@gmail.com,เนื้อทองคาราโอเกะ,เนื้อทองคาราโอเกะ,Mueang Nakhon Pathom District,Restaurant,no,Low,0,,,,,openstreetmap,1,+66926022697,หน้าพระ,73000,overture (meta),overture:17ea9a05-adfa-4097-bc33-0ec8b2cd2e4b
suwanna.dance@gmail.com,เนื้อย่างตัวกลมๆๆ,เนื้อย่างตัวกลมๆๆ,Mueang Nakhon Pathom District,Restaurant,no,Low,0,,,,,openstreetmap,1,+66811539552,75/55 ซอยบ้านครู ตำบล วังตะกู,73000,overture (meta),overture:261a5773-eb21-4487-9dfa-f49d7b1d7338
sakarn.takeshi@gmail.com,เนื้อโคขุน งัวหัวร่อ Yakiniku,เนื้อโคขุน งัวหัวร่อ Yakiniku,Mueang Nakhon Pathom District,Restaurant,no,Low,0,,,,,openstreetmap,1,+66877233888,ข้าง CJ หน้าโรงเรียนพลตำรวจภาค7,73000,overture (meta),overture:5846f34d-6026-4a04-b25b-7e9a93431e8e
bellinee18392.bl@gmail.com,เบลลินี่ เบค แอนด์ บรู ปตท.เพรชเกษม กม.52,เบลลินี่ เบค แอนด์ บรู ปตท.เพรชเกษม กม.52,Mueang Nakhon Pathom District,Restaurant,no,Low,0,,,,,openstreetmap,1,+66910018392,เพชรเกษม,73000,overture (meta),overture:8754b7ed-4a63-4b53-a3c9-3b42a1820449
pengpengfood@gmail.com,เป็ง อาหารเหนือสากล,เป็ง อาหารเหนือสากล,Mueang Nakhon Pathom District,Asian; Japanese,no,Low,0,,,,,openstreetmap,1,+66957450314,71/1 Malaiman Rd,73000,overture (meta),overture:e0daff19-930a-4267-b884-f0d436018f5d
phaitory@gmail.com,เพชรไผ่เตย,เพชรไผ่เตย,Mueang Nakhon Pathom District,Restaurant,no,Low,0,,,,,openstreetmap,1,+66918141912,369 ซ. ไผ่เตย,73000,overture (meta),overture:99e99c2e-b305-4a6d-8b71-8b886e355e2e
gibwer@gmail.com,เมาดิบ,เมาดิบ,Mueang Nakhon Pathom District,Restaurant,no,Low,0,,,,,openstreetmap,1,+66805411941,359 ถนน มาลัยแมน,73000,overture (meta),overture:27decad5-7260-4c06-8f16-69dea8fad2f4
mengpatta@gmail.com,เม้งภัตตาโภชนา โต๊ะจีนนครปฐม,เม้งภัตตาโภชนา โต๊ะจีนนครปฐม,Mueang Nakhon Pathom District,Restaurant,no,Low,0,,,https://line.me/ti/p/1cSQi1oD96,,openstreetmap,1,+66952464154,,73000,overture (meta),overture:3836b726-05bf-43a2-a90e-4645c41a9bec
lernwila.thecat.returns@gmail.com,เรือนวิฬาร์ The.cat-returns,เรือนวิฬาร์ The.cat-returns,Mueang Nakhon Pathom District,Cafe,no,Low,0,,,,,openstreetmap,1,+66930929290,VXXF+W6 ตำบล หนองงูเหลือม อำเภอเมืองนครปฐม นครปฐม,73000,overture (meta),overture:010d13de-4633-4688-a313-bdf27ba51161
moo_amm666@icloud.com,เลี่ยงจุ้ยหน้าองค์พระ,เลี่ยงจุ้ยหน้าองค์พระ,Mueang Nakhon Pathom District,Restaurant,no,Low,0,,,,,openstreetmap,1,+66864130332,50 Langpra Rd,73000,overture (meta),overture:138f9ca1-6b16-4f0d-a04a-24a0de99c8e0
supapornj115@gmail.com,เวนิส สเต็ก&เรสเตอรองท์,เวนิส สเต็ก&เรสเตอรองท์,Mueang Nakhon Pathom District,Restaurant,no,Low,0,,,,,openstreetmap,1,+66818127945,999/250-251,73000,overture (meta),overture:e2af24fb-6ff0-4d90-9343-82f0e95aae36
noonnoon1987ja@gmail.com,เวลายำบางแขม,เวลายำบางแขม,Mueang Nakhon Pathom District,Restaurant,no,Low,0,,,,,openstreetmap,1,+66651141965,เวลายำบางแขม,73000,overture (meta),overture:9d2f0353-23bc-42c2-b3c7-d0b60be2ff27
rantongtong@hotmail.com,เสบียงมหาชัย By ครัวธงทอง,เสบียงมหาชัย By ครัวธงทอง,Mueang Nakhon Pathom District,Restaurant,no,Low,0,,,,,openstreetmap,1,+66892600422,91 9 Tanon Chantarakamphitak,73000,overture (meta),overture:672ff3c8-1e19-4f06-a742-5498a22f150e
sanmun4289@gmail.com,เส้นมัน  ก๋วยเตี๋ยวหม่าล่า Diy เจ้าแรกใน นครปฐม,เส้นมัน  ก๋วยเตี๋ยวหม่าล่า Diy เจ้าแรกใน นครปฐม,Mueang Nakhon Pathom District,Restaurant,no,Low,0,,,,,openstreetmap,1,+66945563242,38/21 ม.2 ต.สนามจันทร์ อ. เมือง จ.นครปฐม ,73000,overture (meta),overture:fd6f9b4d-50e1-40ec-8901-4538fc7409d6
ladyseasonoil@gmail.com,เฮงดีเจริญดี,เฮงดีเจริญดี,Mueang Nakhon Pathom District,Cafe,no,Low,0,,,http://line.me/ti/p/~4yodkumanheng,,openstreetmap,1,+66935383236,43 มาลัยแมน ซอย 9,73000,overture (meta),overture:94416368-edf5-4049-9d1a-31bc271c3ec8
sungodoza@hotmail.com,เฮียโอหัวหมูนครปฐม จำหน่ายชิ้นส่วนหมูทุกส่วนปลีก- ส่ง ส่งทั่วประเทศ,เฮียโอหัวหมูนครปฐม จำหน่ายชิ้นส่วนหมูทุกส่วนปลีก- ส่ง ส่งทั่วประเทศ,Mueang Nakhon Pathom District,Cafe,no,Low,0,,,,,openstreetmap,1,+66912924152,3/1 ถ.ปรีชาสุข อ.เมือง จ.นครปฐม 73000,73000,overture (meta),overture:05633dfe-bf1f-4723-b647-b16d8bd473b9
soontharee.new@gmail.com,แกงใต้เจ้หญิง,แกงใต้เจ้หญิง,Mueang Nakhon Pathom District,Asian; Thai,no,Low,0,,,,,openstreetmap,1,,310 ถนน ทิพากร,73000,overture (meta),overture:8f090038-9141-44fe-a447-f071fb17676b
www.mummyhero@gmail.com,แซ่บ อินฟินิตี้ สนามจันทร์,แซ่บ อินฟินิตี้ สนามจันทร์,Mueang Nakhon Pathom District,Restaurant,no,Low,0,,,https://share.google/KetZ1InLsThVXVIh6,,openstreetmap,1,+66659597686,80 หมู่ 6 ตำบล สนามจันทร์ อำเภอ เมืองนครปฐม จังหวัด นครปฐม 73000,ึ73000,overture (meta),overture:8afaa3e5-1e9a-47b3-b2a0-e30d58e8adb0
aroizapdee@gmail.com,แซ่บฟิน นครปฐม,แซ่บฟิน นครปฐม,Mueang Nakhon Pathom District,Restaurant,no,Low,0,,,,,openstreetmap,1,+66943824096,162 Tanon Sanamchan,73000,overture (meta),overture:7688f159-1e8c-4b2b-9005-f053e2c4a394
taemsuthisa1907@gmail.com,แต๋ม ตำยัง,แต๋ม ตำยัง,Mueang Nakhon Pathom District,Restaurant,no,Low,0,,,,,openstreetmap,1,+66621806368,29/9 ซอย 5 หมู่ 10,73000,overture (meta),overture:1686c358-e0d8-44ee-b76a-ecccf9cc334f
maik_t.t@hotmail.com,แบบแฉล้ม,แบบแฉล้ม,Mueang Nakhon Pathom District,Cafe,no,Low,0,,,,,openstreetmap,1,+66994593487,Rural Rd Nakhon Pathom 5048,73000,overture (meta),overture:7c17a825-2d26-42a0-a372-e0a952726a4b
momaybaibua@gmail.com,แฟรนไซส์ใบบัวหมูกระทะ,แฟรนไซส์ใบบัวหมูกระทะ,Mueang Nakhon Pathom District,Restaurant,no,Low,0,,,,,openstreetmap,1,+66811947336,วัดตาก้อง\n\n,73000,overture (meta),overture:88fedf3b-4388-4baf-ae7d-d3ad950c1abe
pawitra_sp1994@hotmail.com,แม่จู บะหมี่เกี๊ยว,แม่จู บะหมี่เกี๊ยว,Mueang Nakhon Pathom District,Restaurant,no,Low,0,,,,,openstreetmap,1,+66989161207,65 ถนน มาลัยแมน,73000,overture (meta),overture:7f8f1b84-05eb-4934-ad31-420c3162d4b7
pawarn.2520@gmail.com,แม่บุญมีส้มตำปลาเผา,แม่บุญมีส้มตำปลาเผา,Mueang Nakhon Pathom District,Restaurant,no,Low,0,,,,,openstreetmap,1,+66631479516,Tanon Rachamanka,73000,overture (meta),overture:c0fc20eb-4c1f-4daa-a68c-998ef1a45964
punyaw.apid@gmail.com,แม่อุ้ยแดง - maeouidaeng,แม่อุ้ยแดง - maeouidaeng,Mueang Nakhon Pathom District,Cafe,no,Low,0,,,,,openstreetmap,1,+66615560939,6 ยิงเป้า ซอย 4,73000,overture (meta),overture:0c75d58d-4883-473d-a1fd-f44944872f10
heckhoi0303@gmail.com,แหกหอย HeckHoi,แหกหอย HeckHoi,Mueang Nakhon Pathom District,Restaurant,no,Low,0,,,,,openstreetmap,1,+66822688928,"246, 9 Tanon Rajdamnern",73000,overture (meta),overture:8ce8177c-e8f1-4cf0-8782-5e838cf4bf2c
yasirawut@gmail.com,แอตแลนติส มะพร้าวปั่น,แอตแลนติส มะพร้าวปั่น,Mueang Nakhon Pathom District,Cafe,no,Low,0,,,,,openstreetmap,1,+66818666067,ตลาดนัดเปิดท้ายบิ๊กซี 754 4,73000,overture (meta),overture:0cb7375b-98c3-4cc6-b594-e15e49a91884
mudeecafe@gmail.com,แฮปปี้ เตี๋ยว ต้มยํา,แฮปปี้ เตี๋ยว ต้มยํา,Mueang Nakhon Pathom District,Restaurant,no,Low,0,,,,,openstreetmap,1,+66659836199,99/136 ม.2 ,12120,overture (meta),overture:18131dfd-aeea-4de4-a852-a2575e941931
saengdao86@gmail.com,โก๋นักบิน สาขาเมืองนครปฐม,โก๋นักบิน สาขาเมืองนครปฐม,Mueang Nakhon Pathom District,Restaurant,no,Low,0,,,,,openstreetmap,1,+66895219191,ตรงข้ามครัวสยาม 31/7,73000,overture (meta),overture:a356dd7b-564a-4b9d-9d9f-eaf28d294d5e
m.kogumaclub@gmail.com,โคกุมะ เอ็ม คาเฟ่ และร้านอาหาร,โคกุมะ เอ็ม คาเฟ่ และร้านอาหาร,Mueang Nakhon Pathom District,Cafe,no,Low,0,,,,,openstreetmap,1,+66807194151,159 159/15 15 Rajvithee Rd,73000,overture (meta),overture:73b122ae-ff5f-4d58-b2bd-aeb8bfd1feb0
nareudech.2539@gmail.com,โต๊ะจีน กิจจาโภชนา - เก,โต๊ะจีน กิจจาโภชนา - เก,Mueang Nakhon Pathom District,Restaurant,no,Low,0,,,,,openstreetmap,1,+66916077725,117 ม.12 ต.ทัพหลวง อ.เมือง ,73000,overture (meta),overture:39a56aa5-0035-43b4-86b6-a080e039fbbd
nuchnapat74@gmail.com,โต๊ะจีน นฤมลโภชนา นครปฐม,โต๊ะจีน นฤมลโภชนา นครปฐม,Mueang Nakhon Pathom District,Restaurant,no,Low,0,,,,,openstreetmap,1,+66949869858,31,73000,overture (meta),overture:d0c41572-2a54-4e9c-a5bf-a454001eb9b1
pornchaipochana@gmail.com,โต๊ะจีน พรชัยโภชนา,โต๊ะจีน พรชัยโภชนา,Mueang Nakhon Pathom District,Asian; Chinese,no,Low,0,Local,,http://www.pornchaipochana.com/,,openstreetmap,1,+66818478539,หมู่ 6 ต นครปฐม 30/1,73000,overture (meta),overture:beb6d24a-296d-4b45-992f-14c16b77d9ee
wichaifood@gmail.com,โต๊ะจีน วิชัยโภชนา นครปฐม,โต๊ะจีน วิชัยโภชนา นครปฐม,Mueang Nakhon Pathom District,Chinese,no,Low,0,Local,,http://www.wichaifood.com/,,openstreetmap,1,+66841089393,85/1 ม.4 ต.นครปฐม อ.เมืองนครปฐม,73000,overture (meta),overture:dc1aac56-d855-4a3d-ada6-912496eddc45
info@pae-pochana.com,โต๊ะจีน แป๊ะ โภชนา นครปฐม,โต๊ะจีน แป๊ะ โภชนา นครปฐม,Mueang Nakhon Pathom District,Asian; Chinese,no,Low,0,Local,,http://www.pae-pochana.com/,,venue website,1,+66814387963,บ้านเลขที่ 15 ซอย ลิ้มศิริวัฒน์,73000,overture (meta),overture:3ef3ae2a-d566-4866-9390-06c8bebb2a5b
tippy2645@gmail.com,โต๊ะจีนครัวแม่แอ๋วโภชนา,โต๊ะจีนครัวแม่แอ๋วโภชนา,Mueang Nakhon Pathom District,Restaurant,no,Low,0,,,,,openstreetmap,1,+66929354559,,73000,overture (meta),overture:8d821b6c-31c8-4df3-ad8e-054905ef0bfe
mod11tatee@gmail.com,โต๊ะจีนชูบุญโภชนา,โต๊ะจีนชูบุญโภชนา,Mueang Nakhon Pathom District,Restaurant,no,Low,0,,,,,openstreetmap,1,+66982923904,18 ต,73000,overture (meta),overture:5fc32586-a0e0-4a0e-abc1-87d4b5dd859d
tangjaitham789@gmail.com,โต๊ะจีนตั้งใจธรรม by เชฟหนุ่ม,โต๊ะจีนตั้งใจธรรม by เชฟหนุ่ม,Mueang Nakhon Pathom District,Asian; Chinese,no,Low,0,Local,,http://www.tangjaitham.com/,,openstreetmap,1,+66812995883,รับจัดโต๊ะจีนทั่วราชอาณาจักร,73000,overture (meta),overture:7f7d7b99-0cc4-400e-9629-4f90de710f24
sopon.tathong@gmail.com,โต๊ะจีนทวีเกียรติโภชนา168,โต๊ะจีนทวีเกียรติโภชนา168,Mueang Nakhon Pathom District,Asian; Chinese,no,Low,0,,,,,openstreetmap,1,+66922653173,77 ชอยโต๊ะจีนทวีเกียรติโภชนา 3,73000,overture (meta),overture:4916f3e8-e27e-45a1-a84d-8858452b253f
mint7749@gmail.com,โต๊ะจีนนาวิน โภชนา,โต๊ะจีนนาวิน โภชนา,Mueang Nakhon Pathom District,Restaurant,no,Low,0,,,,,openstreetmap,1,+66926473844,43 หมู่1ต.มาบแค ,73000,overture (meta),overture:c6a1684b-599f-403d-931d-020ac561eb28
nicha37008@gmail.com,โต๊ะจีนนิวป๋าเชิดโภชนา 098-8315884 line-pulove2009,โต๊ะจีนนิวป๋าเชิดโภชนา 098-8315884 line-pulove2009,Mueang Nakhon Pathom District,Asian; Chinese,no,Low,0,Local,,http://www.xn--82cea3bczado6c2d6e5afvej8r1ao8m4a.com/,,openstreetmap,1,+66988315884,,,overture (meta),overture:edbb4782-f616-477a-afee-0d57410988bb
contact@limsnguanchai.com,โต๊ะจีนลิ้มสงวนชัย,โต๊ะจีนลิ้มสงวนชัย,Mueang Nakhon Pathom District,Asian; Chinese,no,Low,0,Local,,http://www.limsnguanchai.com/,,venue website,1,+66817634244,ลิ้มสงวนชัย (ปอโภชนา)\n,73000,overture (meta),overture:22f281ac-3124-4681-8764-f4c212186d12
patpimon14077@gmail.com,โต๊ะจีนสมเกียรติ โภชนานครปฐม,โต๊ะจีนสมเกียรติ โภชนานครปฐม,Mueang Nakhon Pathom District,Asian; Chinese,no,Low,0,,,,,openstreetmap,1,+66969525561,209 ถนนคึกฤิทธิ์อนุสรณ์,73000,overture (meta),overture:9d907d86-3c90-4764-a515-0e1d903c62a6
henglee39@hotmail.com,โต๊ะจีนเฮงหลี โภชนา นครปฐม,โต๊ะจีนเฮงหลี โภชนา นครปฐม,Mueang Nakhon Pathom District,Restaurant,no,Low,0,,,,,openstreetmap,1,+66819957376,39/1 ม.2 ต.บ่อพลับ อ.เมือง จ.นครปฐม,73000,overture (meta),overture:eb0e0531-8926-465b-a5db-6393ae6120d4
nongnoot7674@gmail.com,โรงขนมเปี๊ยะ เจี่ยจั๊วฮวด นครปฐม,โรงขนมเปี๊ยะ เจี่ยจั๊วฮวด นครปฐม,Mueang Nakhon Pathom District,Restaurant,no,Low,0,,,,,openstreetmap,1,+66962963892,242/29 ถนน 25 มกรา,73000,overture (meta),overture:85b5f761-1ba9-4686-8034-f72cc9aee8aa
yipzee_naruk@hotmail.com,โรงงานขนมเปี๊ยะเจดีย์ทอง จ.นครปฐม - สินค้าจากโรงงาน จําหน่ายทั้งปลีกและส่ง,โรงงานขนมเปี๊ยะเจดีย์ทอง จ.นครปฐม - สินค้าจากโรงงาน จําหน่ายทั้งปลีกและส่ง,Mueang Nakhon Pathom District,Restaurant,no,Low,0,,,,,openstreetmap,1,+66867675756,25/5 หมู่4 ต.วังตะกู อ.เมือง จ.นครปฐม,73000,overture (meta),overture:002099df-9623-4608-9a53-40d2a5ed1e7e
blackdido88@hotmail.com,โรงงานน้ำดื่มตราน้องเนย,โรงงานน้ำดื่มตราน้องเนย,Mueang Nakhon Pathom District,Bar,no,Low,0,,,,,openstreetmap,1,+66855936499,2 ถนน นาสร้าง,73000,overture (meta),overture:b3799886-3fcf-4eef-bc64-5259c7886f16
kerdrit@yahoo.com,โรงงานปิยะวัฒน์กุนเชียง,โรงงานปิยะวัฒน์กุนเชียง,Mueang Nakhon Pathom District,Restaurant,no,Low,0,,,http://piyawatkunchiang.lnwshop.com,,openstreetmap,1,+66885422664,165,73000,overture (meta),overture:795d1eb3-7324-49e3-9dfd-c6e499398b0d
teerakarn2_noodle@hotmail.com,โรงงานเส้นก๋วยเตี๋ยวธีรกานต์,โรงงานเส้นก๋วยเตี๋ยวธีรกานต์,Mueang Nakhon Pathom District,Restaurant,no,Low,0,,,,,openstreetmap,1,+66827272921,ถนน.มาลัยแมน,73000,overture (meta),overture:4a13cd0b-329a-468e-9eb3-5bb32080bd68
mngkhl180942@gmail.com,โรงตุ๋นเนื้อ,โรงตุ๋นเนื้อ,Mueang Nakhon Pathom District,Restaurant,no,Low,0,,,,,openstreetmap,1,+66876586666,26 2 ซอยรางจิก 4,73000,overture (meta),overture:4d3bea43-23f4-4b7b-af1d-d97dd5cbe657
anchalee1986_ao@hotmail.com,โรงเตี้ยมน้ำเต้าหู้&นมสดbyองศาเดียวน้ำเต้าหู้เพื่อสุขภาพ,โรงเตี้ยมน้ำเต้าหู้&นมสดbyองศาเดียวน้ำเต้าหู้เพื่อสุขภาพ,Mueang Nakhon Pathom District,Restaurant,no,Low,0,,,,,openstreetmap,1,+66981068798,27 ม.1ทต.วังตระกู อ.เมือง จ.นครปฐม,73000,overture (meta),overture:96e63133-35ea-40b9-aa8f-451c8a860541
jittapohn.o@gmail.com,โรงเนื้อ - The Butcher,โรงเนื้อ - The Butcher,Mueang Nakhon Pathom District,Bar,no,Low,0,,,,,openstreetmap,1,+66809488823,,,overture (meta),overture:cc6db611-6790-424e-94a1-462f7aac8a7f
aeya_roote@hotmail.com,โรตีเอญ่า,โรตีเอญ่า,Mueang Nakhon Pathom District,Restaurant,no,Low,0,,,,,openstreetmap,1,+66891558881,,,overture (meta),overture:6abc6680-8eb9-4943-a5cc-298596acd8a2
metta5710@gmail.com,ไก่ย่างห้าดาว ถนนจันทรคามพิทักษ์,ไก่ย่างห้าดาว ถนนจันทรคามพิทักษ์,Mueang Nakhon Pathom District,Restaurant,no,Low,0,,,,,openstreetmap,1,+66658265246,59 2 ซอยชยาทิพย์,73000,overture (meta),overture:2d4c6a45-e995-4325-a0a3-1e2f39135642
nichanun123@outlook.com,ไซโคว ซูชิ / Saikou sushi,ไซโคว ซูชิ / Saikou sushi,Mueang Nakhon Pathom District,Asian; Japanese; Sushi,no,Low,0,,,,,openstreetmap,1,+66830903612,104 Tanon Chantarakamphitak,73000,overture (meta),overture:733715a9-d6c8-4e97-ad07-8464da37cd11
wkc_kamon@hotmail.co.th,ไมตรี โภชนา,ไมตรี โภชนา,Mueang Nakhon Pathom District,Restaurant,no,Low,0,,,,,openstreetmap,1,+66819865526,57 หมู่4,73000,overture (meta),overture:8a2705a5-0db1-4ae2-89e9-b7498ed93dc3
arri6525@gmail.com,ไม่มาไม่ลวก ต้อติ๋วโภชนา,ไม่มาไม่ลวก ต้อติ๋วโภชนา,Mueang Nakhon Pathom District,Restaurant,no,Low,0,,,,,openstreetmap,1,+66901019595,678/19หมู่บ้าน ณ สยามพาร์ค ถ.นกเขาเหิร ต.พระปฐมเจดีย์ อ.เมือง จ.นครปฐม,73000,overture (meta),overture:bf2e53dc-0def-4fb5-9183-8ce0a3f9ba02
icepops2540@gmail.com,ไอศกรีมป็อป ไอติมแท่งโบราณ,ไอศกรีมป็อป ไอติมแท่งโบราณ,Mueang Nakhon Pathom District,Ice cream,no,Low,0,,,,,openstreetmap,1,+66899159096,123 5 ถ.ไผ่ลิ้นช้าง,73000,overture (meta),overture:c55cebc0-4618-4f9a-b349-00710bb5c345
austingkhing@gmail.com,ไอแม็ก อาหารปลาคุณภาพสูง,ไอแม็ก อาหารปลาคุณภาพสูง,Mueang Nakhon Pathom District,Restaurant,no,Low,0,Local,,https://th.shp.ee/hM3aAYd,,openstreetmap,1,+66618981449,83 ถนน ราชดําเนิน,73000,overture (meta),overture:82c23bbd-f0ed-4604-8af3-497789cdbd44
dingli.dui@gmail.com,好面 ห่าวเมี่ยน,好面 ห่าวเมี่ยน,Mueang Nakhon Pathom District,Restaurant,no,Low,0,,,,,openstreetmap,1,+66841462845,63/60 ต.ลำพยา อ.เมืองนครปฐม จ.นครปฐม,73000,overture (meta),overture:cd409891-73d3-445b-ab55-c3c6bee174fa
