email,name,name_local,district,categories,english,english_priority,english_score,site_language,why,website,other_emails,email_source,locations,phone,address,postcode,source,osm_url
amsterdam-52@hotmail.com,Amsterdam Steak and Bistro,,Sai Mai District,French; Steak,yes,High,6,English,"website in English; Western food (French, Steak); English/Latin-script name",http://www.amsterdambarandhall.com/events-new/,info@amsterdambarandhall.com,openstreetmap,1,+66984648624,651 ถนน พหลโยธิน,10220,overture (meta),overture:f0255859-0c43-4083-8f60-7d4a477c9499
damnyakeessteak@gmail.com,DamnYankeesSteak,,Sai Mai District,Steak,yes,High,6,English,website in English; Western food (Steak); English/Latin-script name,https://damnyankeessteak.netlify.app/,,openstreetmap,1,+66967838263,300 121 Thep Rak Rd,10220,overture (meta),overture:cd2063eb-9c3e-4f55-828a-07a76fe85144
welcome@kingkongbangkok.com,King Kong,,Sai Mai District,BBQ,yes,High,6,English,website in English; Western food (BBQ); English/Latin-script name,https://kingkongbangkok.com/,,venue website,3,,,10220,overture (meta),overture:d8d18cc1-59de-4319-93b8-8036b5ffb243
austinsteakhouse2023@gmail.com,Austin Steak House,,Sai Mai District,Steak,yes,High,5,Bilingual,website has English; Western food (Steak); English/Latin-script name,https://austinsteakhouse2023.passio.eco/,,openstreetmap,1,+66819166801,555/2-3 Thanon Phoem Sin,10220,overture (meta),overture:436337f4-01f3-4aab-900d-31bf5375f13e
saimaiavenue@foodpassion.co.th,Bar-B-Q Plaza,,Sai Mai District,BBQ,yes,High,5,Bilingual,website has English; Western food (BBQ); English/Latin-script name,https://barbqplaza.com/,,openstreetmap,1,+66811356291,599 10 ชั้น1 Sai Mai Rd,10220,overture (meta),overture:ad9224aa-b2a9-4c71-a99d-a2f5f2db831d
bro.smoke.bkk@gmail.com,Bro Smoke - เนื้อรมควัน พิซซ่า สเต็ก,Bro Smoke - เนื้อรมควัน พิซซ่า สเต็ก,Sai Mai District,BBQ,yes,High,5,English,website in English; Western food (BBQ),https://brosmoke.my.canva.site/,,openstreetmap,1,+66955362233,52 Thep Rak Rd,10220,overture (meta),overture:6893512d-2c10-4b5d-837d-06a6c6eedd0d
fnfd.mailbox@gmail.com,Finally found,,Sai Mai District,Cafe,yes,High,4,English,website in English; English/Latin-script name,https://finally-found.com/,,venue website,1,+66933999699,"29, Sai Mai 39",10220,overture (meta),overture:4681384c-6bfe-4198-b715-c6937d17ebb9
mohitoizakaya@gmail.com,Mohito Izakaya,,Sai Mai District,Japanese,yes,High,4,English,website in English; English/Latin-script name,https://anyflip.com/jtels/gllo/,support@anyflip.com,openstreetmap,1,+66840042471,21/13 วัชรพลซอย 4 หลังร้านก๋วยเตี๋ยวเรือ ป.ประทีป,10220,overture (meta),overture:7dbd4030-01db-4841-978a-db179c869b15
sharkiecafe.co52@gmail.com,Sharkie Cafe & Co.,,Sai Mai District,Cafe,yes,High,4,English,website in English; English/Latin-script name,https://sharkie-cafe.com/,,venue website,1,+6625223545,Phaholyotin 52,10220,overture (meta),overture:43e816eb-808d-426e-9740-fc28501397c2
spicebarbkk@gmail.com,SPICE Thai Cuisine and Bar,,Sai Mai District,Asian; Thai,yes,High,4,English,website in English; English/Latin-script name,https://online.anyflip.com/kucap/wuma/mobile/index.html,,openstreetmap,1,+66621534273,187 10 Thep Rak Rd,10220,overture (meta),overture:f02666ba-19e3-4ce0-bddc-d397346f275f
tairyosushi.saimai@gmail.com,Tairyo Sushi,,Sai Mai District,Asian; Sushi,yes,High,4,English,website in English; English/Latin-script name,http://www.tairyosushi.com/,,openstreetmap,1,+66656604666,,,openstreetmap,https://www.openstreetmap.org/node/11484425043
thelandmark.saimai@gmail.com,The Landmark,,Sai Mai District,Restaurant,yes,High,4,English,website in English; English/Latin-script name,https://landmarkbangkok.com/,reserve@landmarkbangkok.com; sales@landmarkbangkok.com; catering@landmarkbangkok.com; hm_secretary@landmarkbangkok.com; fb_secretary@landmarkbangkok.com,openstreetmap,1,+66655625988,Sai Mai Rd,10220,overture (meta),overture:18b72169-2898-425f-8d38-efae50dd2d4a
wineland2021@gmail.com,Wine Land,,Sai Mai District,Restaurant,yes,High,4,English,website in English; English/Latin-script name,http://t.me/Xvideo18Age,,openstreetmap,1,+66613579614,89 ถนน สายไหม,10220,overture (meta),overture:ea0aa0d9-a079-4e00-8700-526722b526b9
xtencafe@gmail.com,xtencafe,,Sai Mai District,Cafe,yes,High,4,English,website in English; English/Latin-script name,https://yucrafted-portfolio.my.canva.site/xten,,openstreetmap,1,+66635892561,"A1 ห้อง, 390/1 Sai Mai Rd",10220,overture (meta),overture:3cac9790-dba7-41a4-9a99-3ad822729fc2
yumzeedcafe@gmail.com,ZEED Café,,Sai Mai District,Cafe,yes,High,4,English,website in English; English/Latin-script name,https://line.me/ti/p/C2yiQXAYaM,,openstreetmap,1,+66649512459,24 /9 Soi Phahon Yothin 56,10220,overture (meta),overture:63e83f59-9822-4618-9369-69256ec78e76
cakesandcraftbkk@gmail.com,Cakes & Craft,,Sai Mai District,Western,yes,Medium,3,,Western food (Western); English/Latin-script name,,,openstreetmap,1,+66824585148,568/27 ซอยพหลโยธิน 58 แยก 42,10220,overture (meta),overture:baa59d20-dfff-4c7b-98f9-999a1ef2e3b1
foollishbrain@gmail.com,Danny Burger,,Sai Mai District,Burger,yes,Medium,3,,Western food (Burger); English/Latin-script name,,,openstreetmap,1,+66624404264,ตลาดเอสที เพิ่มสิน 49 ธารา,10220,overture (meta),overture:673f1b6a-2136-4adc-8124-04997f163c2b
kidable.saimai@gmail.com,Eduwise สายไหม,Eduwise สายไหม,Sai Mai District,Cafe,yes,Medium,3,English,website in English,https://eduwise.asia/,michelle@eduwise.asia,openstreetmap,1,+66955544544,,,overture (meta),overture:f72654a9-da54-4857-9a1d-2263b69d6220
getacupcoffee9@gmail.com,Get A Cup Coffee - เก็ต อ่ะ คับ คอฟฟี่ สายไหม,Get A Cup Coffee - เก็ต อ่ะ คับ คอฟฟี่ สายไหม,Sai Mai District,Cafe,yes,Medium,3,English,website in English,https://smart-menu.lmwn.com/restaurants/2944849ET/tables/guest/menus,,openstreetmap,1,+66972322381,92 Sai Mai 40 Alley,10220,overture (meta),overture:7acba510-1bb8-4aaf-b305-89fe9bd6808d
info.ginzysaimai@gmail.com,Ginzy Saimai กินซี่ สายไหม,Ginzy Saimai กินซี่ สายไหม,Sai Mai District,Bakery,yes,Medium,3,English,website in English,https://lin.ee/QbTNUcs,,openstreetmap,1,+66660914565,5 ถนน สายไหม,10220,overture (meta),overture:dffe464f-dade-457d-95b8-67a39b8d7b3a
homcafebistro@icloud.com,HomcafeBistro,,Sai Mai District,Bakery; French,yes,Medium,3,,Western food (French); English/Latin-script name,,,openstreetmap,1,+66989144662,วัชรพล เพิ่มสิน,10220,overture (meta),overture:0ec4fce7-027e-4aa5-bebb-0eab717ab854
skyaroma1@gmail.com,K-Fresh รามอินทรา,K-Fresh รามอินทรา,Sai Mai District,Restaurant,yes,Medium,3,English,website in English,https://kfresh.net/,,venue website,1,,272 ถนน เลียบคลองสอง,10510,overture (meta),overture:1a69cfc4-b2c8-4d06-a1d5-5ec3b2a7339c
belle.kaminn@gmail.com,Kitti's Burger,,Sai Mai District,Burger,yes,Medium,3,,Western food (Burger); English/Latin-script name,,,openstreetmap,1,+66832813069,โครงการ Route 41,10220,overture (meta),overture:69077829-4618-4779-92fd-eb2b39513f07
lefawn.patisserie@gmail.com,Le Fawn Pâtisserie,,Sai Mai District,Bakery; Breakfast; Ice cream,yes,Medium,3,,Western food (Breakfast); English/Latin-script name,,,openstreetmap,1,+66 815050551,180/21 ถนนเทพรักษ์ 20,10220,openstreetmap,https://www.openstreetmap.org/way/1038926603
torkiati@gmail.com,Not a Chef,,Sai Mai District,Steak,yes,Medium,3,,Western food (Steak); English/Latin-script name,,,openstreetmap,1,+66859978444,19 ซอย พหลโยธิน 54/1,10220,overture (meta),overture:eec80e69-87d6-4caa-ac57-b0d9db5256ed
chiraphatanan.bell@gmail.com,Phuk D Steak House&Coffee,,Sai Mai District,Steak,yes,Medium,3,,Western food (Steak); English/Latin-script name,,,openstreetmap,2,+66809656447,53/8 ถนน สายไหม,10220,overture (meta),overture:f6a7edf4-f5d7-41f8-8cee-d9ca52c28fd5
meatmattersgoodsteak@gmail.com,Steak Station,,Sai Mai District,Steak,yes,Medium,3,,Western food (Steak); English/Latin-script name,,,openstreetmap,1,+66653192879,3 ถนน สายไหม,10220,overture (meta),overture:98208cd1-e925-4bc8-9df0-0749a8058131
thebridge1958@gmail.com,The Bridge 1958 Bistro and Office Space,,Sai Mai District,French,yes,Medium,3,,Western food (French); English/Latin-script name,,,openstreetmap,1,+6625360599,"The Bridge 1958 Company Limited, 58/10 สิริ อเวนิว สายไหม, 58/10-12 Sai Mai Rd",10220,overture (meta),overture:71358a62-1d50-4f56-8804-880934498997
topkus33@gmail.com,The Pasta and Steak House by Chef Tops,,Sai Mai District,Italian; Steak,yes,Medium,3,,"Western food (Italian, Steak); English/Latin-script name",,,openstreetmap,1,+66649249662,"44, ฮาร์โมนีวิลล์ 20-22 Sukhaphiban 5 Soi 80",10220,overture (meta),overture:a3554b3f-0d85-44a1-b415-1959d683f6bb
suvijak1976t@gmail.com,Triple Taste,,Sai Mai District,Steak,yes,Medium,3,,Western food (Steak); English/Latin-script name,,,openstreetmap,1,+66961959936,ถนนสุขาภิบาล ๕ ออเงิน เขตสายไหม,10220,overture (meta),overture:47436ccf-41d6-4376-9d7d-d62bae093344
paiboomc@gmail.com,ข้าวมันไก่ ก๋วยเตี๋ยวไก่ คอสะพานบ้านเอื้อฯคลองถนน,ข้าวมันไก่ ก๋วยเตี๋ยวไก่ คอสะพานบ้านเอื้อฯคลองถนน,Sai Mai District,Restaurant,yes,Medium,3,English,website in English,https://lin.ee/saLoYnV,,openstreetmap,1,+66959919128,,,overture (meta),overture:d001dcde-7939-4cb9-81f5-5953c1b0a7c9
mgr.bsquare61@gmail.com,ตลาดเพิ่มสินทวีทรัพย์,ตลาดเพิ่มสินทวีทรัพย์,Sai Mai District,Restaurant,yes,Medium,3,English,website in English,http://www.bsquare61.com/,,openstreetmap,1,+66661141499,1 76 Soi Phoem Sin 24/1,10220,overture (meta),overture:cccb4206-4fe3-46ae-92ce-e27aafe5ae06
kosai1000mb@gmail.com,ต้นตำนัว,ต้นตำนัว,Sai Mai District,Restaurant,yes,Medium,3,English,website in English,https://app.sandisolutech.com/restaurants/?id=1789,,openstreetmap,1,+66984395416,6/155 พหลโยธิน 52,10220,overture (meta),overture:6e0c8bb5-cb7e-4248-9a7d-42e7f200634e
theredsea.th@gmail.com,ทะเลแดง The Red Sea,ทะเลแดง The Red Sea,Sai Mai District,Restaurant,yes,Medium,3,English,website in English,https://www.redsea.co.th/,ashish@redsea.co.th,openstreetmap,1,,ถนนวัดกาะ,10220,overture (meta),overture:97bf0dd5-14bb-4ab7-a17a-b202b21b82d4
info@bangkokfoods.com,บางกอกฟู้ดส์ Bangkok Foods,บางกอกฟู้ดส์ Bangkok Foods,Sai Mai District,Restaurant,yes,Medium,3,English,website in English,https://www.bangkokfoods.com/,,venue website,1,+66836899505,สายไหม,10220,overture (meta),overture:916e32d2-ff04-48fa-ae65-8a255c247398
lillymanoo@gmail.com,รีวิวบอกต่อ,รีวิวบอกต่อ,Sai Mai District,Asian; Thai,yes,Medium,3,English,website in English,http://nav.cx/aEMBYKM,,openstreetmap,1,,,,overture (meta),overture:457585f3-e524-444c-8af4-0c181abd495b
turbonawapong@gmail.com,ส้มตำแซ่บแท้ร้า สาขาท่าดินแดง,ส้มตำแซ่บแท้ร้า สาขาท่าดินแดง,Sai Mai District,Restaurant,yes,Medium,3,English,website in English,https://lin.ee/jrdzCPy,,openstreetmap,1,+66808594410,ส้มตำแซ่บแท้ร้า By เทอร์โบ,10220,overture (meta),overture:45e65019-707f-436a-b5d4-8585fdb0174f
at_music2005@hotmail.com,หม่าล่า หอยขาว,หม่าล่า หอยขาว,Sai Mai District,Restaurant,yes,Medium,3,English,website in English,http://www.siam-sabaya.com/index.php,udomsin2005@gmail.com; 'at_music2005@hotmail.com,venue website,1,+66982823721,183/35,10220,overture (meta),overture:15a61a7a-e1eb-47e4-b485-70cddb6b4f30
singha.thala@gmail.com,เทียวชุมชน เที่ยวท้องถิ่น lifealocal,เทียวชุมชน เที่ยวท้องถิ่น lifealocal,Sai Mai District,Cafe,yes,Medium,3,English,website in English,https://openlink.co/st.thekob,,openstreetmap,1,+626162526,Phahonyothin,10220,overture (meta),overture:be3a42fe-1ccd-4fdc-9f20-a9bc76f01262
pchn.mon16@gmail.com,เย็นชา ลาชู,เย็นชา ลาชู,Sai Mai District,Cafe,yes,Medium,3,English,website in English,https://grab.onelink.me/2695613898?pid=inappsharing&c=3-C7W1RLNKARDDKA&is_retargeting=true&af_dp=grab%3A%2F%2Fopen%3FscreenType%3DGRABFOOD%26sourceID%3DA4pcqCZkS4%26merchantIDs%3D3-C7W1RLNKARDDKA&af_force_deeplink=true&af_web_dp=https%3A%2F%2Fwww.grab.com%2Fdownload,,openstreetmap,1,+66922675125,ข้าง cj ตลาดหนองใหญ่,10160,overture (meta),overture:6c50f5f4-ebd4-49ad-9579-3ca4d187b30d
chaemempp@gmail.com,Black Pepper Steak สาขา จตุโชติ,Black Pepper Steak สาขา จตุโชติ,Sai Mai District,Steak,no,Medium,2,,Western food (Steak),,,openstreetmap,1,+66915561661,97 ห้อง 4 จตุโชติ 19,10220,overture (meta),overture:9e9f5a15-72d9-4ba2-b046-ccf518d750f3
bobotharo@gmail.com,Enjoy สเต็ก & เบอร์เกอร์,Enjoy สเต็ก & เบอร์เกอร์,Sai Mai District,Burger,no,Medium,2,,Western food (Burger),,,openstreetmap,1,+66639617408,29 ถนน พหลโยธิน,10220,overture (meta),overture:6c7800ce-e3d9-49f6-86ed-6b4c6a49e84a
gardensteakbkk@gmail.com,Garden Steak การ์เด้นสเต็ก,Garden Steak การ์เด้นสเต็ก,Sai Mai District,Steak,no,Medium,2,,Western food (Steak),,,openstreetmap,1,+66813105464,,,overture (meta),overture:fe471fe4-dd89-4586-b865-0f971fff3c78
lovely4721@gmail.com,Hipster steak สาขาสายไหม,Hipster steak สาขาสายไหม,Sai Mai District,Steak,no,Medium,2,,Western food (Steak),,,openstreetmap,1,+66926369960,3/329 ถนน สายไหม,10220,overture (meta),overture:dc572abe-f708-4e7b-9d0c-0a9852377986
wngsphakdiratna1989@gmail.com,Pizza_เพิ่มสิน,Pizza_เพิ่มสิน,Sai Mai District,Pizza,no,Medium,2,,Western food (Pizza),,,openstreetmap,1,+66982644626,29/4 ถนน เพิ่มสิน,10220,overture (meta),overture:35a6b21e-c05b-4053-ad9c-fb45ff52d674
mana.singkumpong@hotmail.com,ณิชาหมูย่างเกาหลี - สูตรน้ำจิ้มรสเด็ด ถนน เทพรักษ์สะพานใหม่,ณิชาหมูย่างเกาหลี - สูตรน้ำจิ้มรสเด็ด ถนน เทพรักษ์สะพานใหม่,Sai Mai District,Restaurant,no,Medium,2,Bilingual,website has English,http://Wongnai.com/,thongshabuhide@gmail.com; kykynattida@gmail.com; owlcha.official@gmail.com; a.catcat1977@gmail.com; refresh.tropicalcafe@hotmail.com,openstreetmap,1,+66927838882,,,overture (meta),overture:a0abea28-96f4-4e8b-92a3-8fa8d3f258c6
gappa_love1213@hotmail.com,สเต็กติดปีก,สเต็กติดปีก,Sai Mai District,Steak,no,Medium,2,,Western food (Steak),,,openstreetmap,1,+66875633386,ซอยวัดเกาะ ถนนพหลโยธิน54/1แยก4 แขวงคลองถนนเขตสายไหม,10220,overture (meta),overture:9c240ee8-69d7-4af7-a704-439d2b6f3989
popcon.nantawan17@hotmail.com,สเต็กโจนส์ Steak Jhone - ถนนเพิ่มสินวัชรพล สาขา2,สเต็กโจนส์ Steak Jhone - ถนนเพิ่มสินวัชรพล สาขา2,Sai Mai District,Bakery; Steak,no,Medium,2,,Western food (Steak),,,openstreetmap,1,+66944976488,ถนนเพิ่มสิน-วัชรพล,10220,overture (meta),overture:db0540ef-8ec6-4a39-94ef-0060fbe4b914
www.chanidahip@gmail.com,หมูทอดบ้านพี่จ๋า,หมูทอดบ้านพี่จ๋า,Sai Mai District,Steak,no,Medium,2,,Western food (Steak),,,openstreetmap,1,+66935395986,ลาซาล แขวงบางนาเขตบางนาจังหวัดกรุงเทพมหานคร,10260,overture (meta),overture:075fea9f-ae72-47d2-9712-74f852c48b19
ninjanajatukta@gmail.com,หลานย่าโม หมูกะทะ,หลานย่าโม หมูกะทะ,Sai Mai District,BBQ,no,Medium,2,,Western food (BBQ),,,openstreetmap,1,+66808242894,954/200 ซ.เพิ่มสิน18 ถ.เพิ่มสิน\n,10220,overture (meta),overture:589ae4e9-69ea-462a-a706-f6b2a6b18b34
jokthongpearn@gmail.com,โจ๊กทองเพียร,โจ๊กทองเพียร,Sai Mai District,Breakfast,no,Medium,2,,Western food (Breakfast),,,openstreetmap,1,+66820166041,เลขที่ 48/128 ตลาดวงศกร Sai Mai Rd,10220,overture (meta),overture:814edf92-2df4-4a1b-96ed-48a306bfbc42
parnee2011@gmail.com,โดนัท 5 บาท,โดนัท 5 บาท,Sai Mai District,Donuts,no,Medium,2,,Western food (Donuts),,,openstreetmap,1,+66899379500,ซอย พหลโยธิน 52 แยก 16,10220,overture (meta),overture:2c233523-e73c-4b3d-843a-ed2c533a38d5
00habar@gmail.com,005 Bar,,Sai Mai District,Restaurant,no,Low,1,,English/Latin-script name,,,openstreetmap,1,+66934425153,ถ. จตุโชติ,10220,overture (meta),overture:23eb3519-294c-450b-8b69-2f556e8ceba0
lordluvsic@gmail.com,1529Rok,,Sai Mai District,Restaurant,no,Low,1,,English/Latin-script name,,,openstreetmap,1,+66817544244,236/4 พหลโยธิน 54/4 แยก 3-4,10220,overture (meta),overture:7512c908-0159-4451-b737-8651344e08dc
tgfirstman@hotmail.com,25 House Coffee and Tea,,Sai Mai District,Cafe,no,Low,1,,English/Latin-script name,,,openstreetmap,1,+66968981099,272 3 Soi Phahon Yothin 54/4,10220,overture (meta),overture:c7d1eacd-5618-46d2-9dc6-dc675ad3db46
nammelon9@gmail.com,555academy,,Sai Mai District,Restaurant,no,Low,1,,English/Latin-script name,,,openstreetmap,1,+66937232183,270 พหลโยธิน 54/1,10220,overture (meta),overture:4787f33d-ff35-487c-8dd9-aa41de39b1f8
81degreesbakery@gmail.com,81 Degrees Bakery Cafe and Studio,,Sai Mai District,Bakery,no,Low,1,,English/Latin-script name,,,openstreetmap,1,+66985039715,131/101 Mu Ban Samphan,10220,overture (meta),overture:3058f2c4-3186-4ab9-9849-a1664eadc1d7
thitiporn.c1326@gmail.com,9 kitchen,,Sai Mai District,Restaurant,no,Low,1,,English/Latin-script name,,,openstreetmap,1,+66809656447,22 ตึก22 6 บ้านเอื้ออาทรคลองถนนบางเขน,10220,overture (meta),overture:2a23900c-da22-45d8-b7d3-eb1ac6618800
kaewpia2020@gmail.com,@BaaN NoeN MaKoK Cafe,,Sai Mai District,Cafe,no,Low,1,,English/Latin-script name,,,openstreetmap,1,+66988966004,Soi Sai Mai 85,10220,overture (meta),overture:5adc1a6f-01d2-465b-a4b9-720fd05ef24d
paweena.sungwal@gmail.com,Aobaiaun,,Sai Mai District,Cafe,no,Low,1,,English/Latin-script name,,,openstreetmap,2,+66959966095,39 ถนน กาญจนาภิเษก,10250,overture (meta),overture:f00eaf0e-651f-411a-9536-62f631102fb7
ssung95@gmail.com,Art Coffee,,Sai Mai District,Cafe,no,Low,1,,English/Latin-script name,,,openstreetmap,1,+6621620336,"49, 126 Sai Mai 34 Alley",10220,overture (meta),overture:6c41f496-2fa4-4057-9efc-1db56207192b
fashioncafe1965@gmail.com,Baan Chamchuri Cafe,,Sai Mai District,Cafe,no,Low,1,,English/Latin-script name,,,openstreetmap,1,+66613239695,10/2 ซอย พหลโยธิน 58 แยก 50,10220,overture (meta),overture:6603d914-23ed-4779-9ed1-c38db697c655
bigcoffee5858@gmail.com,BigCoffee,,Sai Mai District,Cafe,no,Low,1,,English/Latin-script name,,,openstreetmap,1,+66649341858,สายไหม58 แขวง/เขตสายไหม,10220,overture (meta),overture:85979840-381b-453b-b0ab-ccaa4fe9a91f
bittersweet.bangkoksaimai@gmail.com,Bittersweet Dessert Cafe Saimai,,Sai Mai District,Ice cream,no,Low,1,Local,English/Latin-script name,http://www.bittersweetdessertcafe.com/,,openstreetmap,1,+66944266997,Bittersweet Saimai โครงการตลาดเอซีสายไหม โซนสนามไดร์ฟกอล์ฟ,10220,overture (meta),overture:0b5a79ed-38b8-4f7f-9bd9-b43605977d6c
dontida.t@gmail.com,Blue Belmont Gelato,,Sai Mai District,Ice cream,no,Low,1,,English/Latin-script name,,,openstreetmap,1,+66946808866,Sai Mai Rd,10220,overture (meta),overture:3dbdb08e-8aae-422e-815f-76b4c73a3cd8
caffericco9@gmail.com,Cafè Ricco9,,Sai Mai District,Cafe,no,Low,1,,English/Latin-script name,"https://www.google.co.th/maps/place/Caf%C3%A8+Ricco9/@13.8932788,100.6164987,17z/data=!3m1!4b1!4m5!3m4!1s0x30e28329582aa01f:0x98dd3526da99e9ea!8m2!3d13.8932788!4d100.6186874?hl=th&authuser=1",,openstreetmap,1,+66875919651,6/392 ถ.พหลโยธิน ซ.พหลโยธิน 52 Ruam Chai 13 Alley,10220,overture (meta),overture:fc43c7da-9f12-453f-b611-1f96e03aefcb
passionlovecoffee@gmail.com,Café Amazon,,Sai Mai District,Cafe,no,Low,1,Local,English/Latin-script name,https://cafe-amazon.com/,,openstreetmap,1,+66875623405,201/24 ซ.พหลโยธิน 54/1 แยก4(วัดเกาะ ) แขวงคลองถนน,10220,overture (meta),overture:f13a867a-2a33-403f-863d-4a091f6a5b5d
jinaon1977@gmail.com,Café Amazon,,Sai Mai District,Cafe,no,Low,1,Local,English/Latin-script name,https://cafe-amazon.com/,,openstreetmap,1,+66891075099,195/22-23 ซ.สุขาภิบาล 5 ซอย66 (เคหะ ออเงิน) แขวงออเงิน,10220,overture (meta),overture:a3aaf02d-8387-41d2-a4da-9e31cedc1fb3
panamp03@gmail.com,Cappuccino Cafe',,Sai Mai District,Restaurant,no,Low,1,,English/Latin-script name,,,openstreetmap,1,+66818709609,AC Saimai Market,10220,overture (meta),overture:09732ee3-b952-42e2-ac49-88ab3f6c88cb
tpichit88@gmail.com,Chanon Coffee,,Sai Mai District,Cafe,no,Low,1,,English/Latin-script name,,,openstreetmap,1,+66991929111,40 25 หมู่1 Sukhaphiban 5 Road,10220,overture (meta),overture:f4f5d397-4b25-4924-b8ff-3453b3893ac9
slurcha.2023@gmail.com,Charune.th,,Sai Mai District,Cafe,no,Low,1,,English/Latin-script name,,,openstreetmap,1,+66816197926,50 ถนน หทัยราษฎร์,12150,overture (meta),overture:759c88c1-b8cb-44f3-9136-cb01519a9916
kanda_sukchay@hotmail.com,CHIM Takoyaki,,Sai Mai District,Asian; Japanese,no,Low,1,,English/Latin-script name,,,openstreetmap,1,+66839696418,171 854 ม.2 ซอย 6,10220,overture (meta),overture:8d4bc196-4488-4308-9dfa-a7a22cf90898
a8siripun@yahoo.com,Cocktailthai,,Sai Mai District,Restaurant,no,Low,1,Local,English/Latin-script name,http://www.cocktailthai.com/,,venue website,1,+66898937614,"หมู่บ้าน ลลิล แลนซีโอ 98/83 มบ, Sukhaphiban 5 32 Alley",10220,overture (meta),overture:6ad69878-506d-4d44-8225-083f24d199b5
cba.craftbeeraddict@gmail.com,Craft Beer Addict,,Sai Mai District,Restaurant,no,Low,1,,English/Latin-script name,http://craftbeeraddict.lnwshop.com/,,openstreetmap,1,+66971699779,ซอย จตุโชติ,10220,overture (meta),overture:b6c0eb23-79e4-46fe-ba4a-546cf14faf1d
daisy.cafe20@gmail.com,Daisy Cafe,,Sai Mai District,Cafe,no,Low,1,,English/Latin-script name,,,openstreetmap,1,+66824152264,Daisy Cafe 304/1 32 Thep Rak Rd,10220,overture (meta),overture:176bcbc2-3243-404f-92ed-4025f4f2a83b
dararai.bkk@gmail.com,Dararai Cafe,,Sai Mai District,Restaurant,no,Low,1,,English/Latin-script name,,,openstreetmap,1,+66642989460,13 8 Ruan Thai Alley,10220,overture (meta),overture:145a1db0-b8d9-457c-87df-560916440520
candyczaa@gmail.com,DCBee Cactus,,Sai Mai District,Cafe,no,Low,1,Local,English/Latin-script name,https://shopee.co.th/miefuture?smtt=0.0.9,,openstreetmap,1,+66811931933,DCBeeCactus,10220,overture (meta),overture:01b95749-f5a7-4b98-8e14-963b602d432a
peerathus@gmail.com,Deebar90 Music and Restaurant,,Sai Mai District,Restaurant,no,Low,1,,English/Latin-script name,,,openstreetmap,1,+66638282814,169 Thep Rak Rd,10220,overture (meta),overture:658d1253-9f2f-4945-8aa6-59aca2929214
delacroissant132021@gmail.com,Dela croissant Phaholyothin Saphanmai,,Sai Mai District,Bakery,no,Low,1,,English/Latin-script name,,,openstreetmap,1,+66894792009,หน้าโลตัสเอ็กซ์เพรส พหลโยธิน 52 แยก 38,,overture (meta),overture:dd620c94-46b4-4292-a5d0-e84a4a8f76e8
phan.cpi@gmail.com,Delicioso Kaffe x ButterVerse Croissant,,Sai Mai District,Bakery,no,Low,1,Local,English/Latin-script name,https://static.robinhood.in.th/app_link.html?URI=robinhoodth%3A%2F%2Fmerchantlanding%2Fid%2F170884,,openstreetmap,1,+66811489800,Vatcharapol Road,10220,overture (meta),overture:afebea85-1e6c-40ac-9b6c-ee61205e2ebf
supasiri.kh@gmail.com,double.d home cafe,,Sai Mai District,Cafe,no,Low,1,,English/Latin-script name,,,openstreetmap,1,+66817507269,543/1 Soi Phaholyothin 58 yeak 30,10220,overture (meta),overture:67d41a55-967e-4056-acce-ffeba1acf537
eniffine.2022@gmail.com,E.NIF,,Sai Mai District,Cafe,no,Low,1,,English/Latin-script name,,,openstreetmap,1,+66929151636,8 Soi Su Kha Phi Ban 5 Soi 46,10220,overture (meta),overture:f0d482cd-7a85-45a0-8b9a-91b7e643b095
excrewsivecafebar@gmail.com,Ex-CREW-sive,,Sai Mai District,Cafe,no,Low,1,,English/Latin-script name,,,openstreetmap,1,+66940517956,29 ถนน พหลโยธิน,10220,overture (meta),overture:ace376b5-ce8e-41ae-a436-93674b07c901
fcoffeedmk@gmail.com,F coffee,,Sai Mai District,Cafe,no,Low,1,,English/Latin-script name,,,openstreetmap,1,+66859153557,118 3 Soi Khuean Khan,10220,overture (meta),overture:3e9db9ea-16fb-4289-a238-53664c2ae0ad
familybarandrestaurant@gmail.com,Family Bar and Restaurant,,Sai Mai District,Restaurant,no,Low,1,,English/Latin-script name,,,openstreetmap,1,,26/1 ถนน สายไหม,10220,overture (meta),overture:a7e23d26-164e-46f1-9c07-0fff9f612362
fatmythbear@gmail.com,Fat Myth Bear,,Sai Mai District,Cafe,no,Low,1,,English/Latin-script name,,,openstreetmap,1,+66836010398,Thep Rak Rd,10220,overture (meta),overture:c1dd516b-1a59-4a64-aeaf-fd9dc030f60f
favcoffeebkk@gmail.com,FAV Coffee,,Sai Mai District,Cafe,no,Low,1,,English/Latin-script name,,,openstreetmap,1,+66865031908,108 ถนน วัชรพล,10220,overture (meta),overture:ac332d2c-2b1f-490a-8356-120d124858da
contactfivepercent@gmail.com,Fiveper%,,Sai Mai District,Cafe,no,Low,1,,English/Latin-script name,,,openstreetmap,1,+66863627201,ซอย พหลโยธิน 54/1 แยก 4 แขวงสายไหม เขตสายไหม,10220,overture (meta),overture:d576a702-c662-4ecc-8864-78d82f43cb9b
mkt.flysheet@gmail.com,Flysheet Cafe',,Sai Mai District,Cafe,no,Low,1,,English/Latin-script name,,,openstreetmap,1,,อมร (พหลโยธิน58) หมู่ที่ 6 แขวงสายไหม เขตสายไหม จังหวัดกรุงเทพมหานคร 10220,1220,overture (meta),overture:42fbcc58-a7d0-4324-a965-e83a7b49bb51
funkdochill@hotmail.com,Funk Do Chill,,Sai Mai District,Restaurant,no,Low,1,,English/Latin-script name,,,openstreetmap,1,+66958917800,98 Thep Rak Rd,10220,overture (meta),overture:e01fbcba-0ad9-4638-82f8-b0ba88a6c70e
teeranid1@gmail.com,Funtime Cafe,,Sai Mai District,Cafe,no,Low,1,,English/Latin-script name,,,openstreetmap,1,+66868938811,133 Watsanakun Alley,10220,overture (meta),overture:4346ab07-b75c-4d4b-93ac-e76c8c24acdf
giigiigyozasaimai@gmail.com,Gii Gii Gyoza Saimai Branch,,Sai Mai District,Restaurant,no,Low,1,,English/Latin-script name,,,openstreetmap,1,+66618082711,49/11 Sai Mai 76 Alley,10220,overture (meta),overture:d070c175-38c8-4e69-9260-395f305cb6c2
goodmoodsaimai@gmail.com,Good Mood Cafe and Milk Bar (Halal),,Sai Mai District,Halal,no,Low,1,,English/Latin-script name,,,openstreetmap,1,+66808302340,36/2 Phrai Saeng Alley,10220,overture (meta),overture:13a5ac13-603f-47b5-97cc-0bd2b3cf90e6
supparaekwe@gmail.com,Gorilla in the Garden,,Sai Mai District,Cafe,no,Low,1,,English/Latin-script name,,,openstreetmap,1,+66634165496,สายไหม,10220,overture (meta),overture:09eb7a18-ba67-4e8c-94be-4daa0507cff0
haveadday73@gmail.com,Have a D day cafe & carve,,Sai Mai District,Cafe,no,Low,1,,English/Latin-script name,https://lin.ee/ifPmhWS,,openstreetmap,1,+66863889501,73 สายไหม 79,10220,overture (meta),overture:9491e02b-1f4a-45f1-8344-383caaf3fcda
hipponoswim@gmail.com,Hipp Coffee,,Sai Mai District,Cafe,no,Low,1,,English/Latin-script name,,,openstreetmap,1,+66958435359,1 Sai Mai 27,10220,overture (meta),overture:9f97af28-ddad-48f7-815f-f99efce068d5
hokkaidosushi@hotmail.com,Hokkaido Sushi&Bar,,Sai Mai District,Asian; Japanese; Sushi,no,Low,1,,English/Latin-script name,,,openstreetmap,1,+66634269562,15/15 สายไหม 66,10220,overture (meta),overture:9e6a8161-baf1-4cfb-b7e6-8f458f96a179
vitjamroen@hotmail.com,Hop N Coff Coffee and Craft Beer,,Sai Mai District,Restaurant,no,Low,1,,English/Latin-script name,,,openstreetmap,1,+66888988965,999 ซ. สายไหม,10220,overture (meta),overture:6a9afb0a-8ab0-48dc-aeb4-ffeb30c221c9
sutana2852@gmail.com,I Am Sutana,,Sai Mai District,Bakery,no,Low,1,,English/Latin-script name,,,openstreetmap,1,+66849926545,176/2 ซอย สุขเสมอ,10220,overture (meta),overture:c1428828-4943-46f0-91f9-56cb506183d3
brewtopia41@gmail.com,I'mpressing Bar,,Sai Mai District,Restaurant,no,Low,1,,English/Latin-script name,,,openstreetmap,1,+66804987987,117/18 แอทสายไหม ถนนสายไหม ตรงข้ามซอยสายไหม4,10220,overture (meta),overture:2ff3770b-87fd-4ed4-b332-36c53b6dc16e
eto92140@gmail.com,Jan Muk,,Sai Mai District,Restaurant,no,Low,1,,English/Latin-script name,,,openstreetmap,1,+66814936167,"จานหมึก, 302 Theprak street",10220,overture (meta),overture:465a58dd-b118-415d-ada1-0f9f957e535b
jitpark.cookery@gmail.com,Jitpochana Eatery,,Sai Mai District,Asian; Thai,no,Low,1,,English/Latin-script name,,,openstreetmap,1,+66813587211,26/368 ถนน พหลโยธิน,10220,overture (meta),overture:d48dde22-52e1-4036-b94a-3c2a8650f1d0
yuu.honzap@gmail.com,K-Onyx Studio,,Sai Mai District,Restaurant,no,Low,1,,English/Latin-script name,,,openstreetmap,1,+66836415555,ลาดพร้าว กทม,10230,overture (meta),overture:d1e159da-c279-4cb2-a3fd-1825aaf5acd0
kaecarouse@gmail.com,Kaeza chama,,Sai Mai District,Restaurant,no,Low,1,,English/Latin-script name,,,openstreetmap,1,+66817551186,22/132 พฤกษาวิลล์,10220,overture (meta),overture:a40f15e9-c922-4526-a25c-028acca607da
katsutei133@gmail.com,Katsu tei,,Sai Mai District,Restaurant,no,Low,1,,English/Latin-script name,,,openstreetmap,1,+66894560653,,,openstreetmap,https://www.openstreetmap.org/node/6012563591
83229@rdthailand.com,KFC,,Sai Mai District,Takeaway,no,Low,1,,English/Latin-script name,https://kfc.co.th/,,openstreetmap,1,,"438 Phaholyothin Rd., Sai Mai, Khet Sai Mai",10220,overture (AllThePlaces),overture:d2617da6-69d5-4b17-897f-ac27fdf3a5aa
arnan.tp@gmail.com,Kiko Cha,,Sai Mai District,Restaurant,no,Low,1,,English/Latin-script name,,,openstreetmap,1,+66819157950,4 60 ซอย เพิ่มสิน 20,10220,overture (meta),overture:5aedb94d-c364-4298-9c84-b92853c89856
ks.bakery29@gmail.com,KS. Bakery,,Sai Mai District,Bakery,no,Low,1,,English/Latin-script name,,,openstreetmap,1,+66932455944,เลขที่ 23/24 หมู่ - หมู่บ้าน Sai Mai 26 Alley,10220,overture (meta),overture:e6496f78-be7a-426a-b160-9dd36955ba76
lapinforest.recipe@gmail.com,Lapin forest,,Sai Mai District,Restaurant,no,Low,1,,English/Latin-script name,,,openstreetmap,1,+66631792040,39 10 Sukhaphiban 5 Soi 44,10220,overture (meta),overture:3f6fbee8-70e0-4947-aeac-4f4d5f143e87
locallocalcamp@gmail.com,LOCAL CAMP,,Sai Mai District,Restaurant,no,Low,1,,English/Latin-script name,,,openstreetmap,1,+66966260686,LOCAL CAMP ตลาดโชคสมบูรณ์ทรัพย์,10220,overture (meta),overture:5fcbdb19-03e5-4fd3-a1e4-619755ef78c0
longsaygrillbeef@gmail.com,Long Say Grill Beef,,Sai Mai District,Restaurant,no,Low,1,,English/Latin-script name,,,openstreetmap,1,+66962616542,49/1 ถนน สายไหม,10220,overture (meta),overture:113794f8-722a-492c-a54d-577c8869ead3
nedsiri.co@gmail.com,Longdrip Coffee,,Sai Mai District,Cafe,no,Low,1,,English/Latin-script name,,,openstreetmap,1,+66817839192,402 Soi Phahon Yothin 54/4,10220,overture (meta),overture:519a5d55-a167-4c95-a71b-388d720a005f
aofgoa47@gmail.com,Midnight Roasters,,Sai Mai District,Cafe,no,Low,1,,English/Latin-script name,,,openstreetmap,1,+66616193852,14 2 ถ. จตุโชติ,10220,overture (meta),overture:243a373a-d388-44b4-9be4-5d00665caec2
k.mam.saimai@gmail.com,Mikka Cafe,,Sai Mai District,Cafe,no,Low,1,,English/Latin-script name,,,openstreetmap,1,+66926792465,Mikka Cafe @saimai avenue,10220,overture (meta),overture:5a816704-a907-4544-bdc7-a7daefe1c5fe
milkland.saimai.avenue@gmail.com,Milkland Saimai Avenue,,Sai Mai District,Cafe,no,Low,1,,English/Latin-script name,,,openstreetmap,1,+66815521133,,,overture (meta),overture:bc48461c-934d-4b9d-8e7e-591c237e557c
pampom_orange36@hotmail.com,minimalcafe.bkk,,Sai Mai District,Cafe,no,Low,1,,English/Latin-script name,,,openstreetmap,1,+66958163666,8/11 ถนน สุขาภิบาล 5,10220,overture (meta),overture:7021474e-987f-4aa3-9392-3b021ea39ed7
order@absolutedegree.co.th,Minus 9 Degrees,,Sai Mai District,Restaurant,no,Low,1,,English/Latin-script name,,,openstreetmap,1,,222 ถนน พหลโยธิน,10220,overture (meta),overture:52adbf56-2b0e-4017-94fb-0f1fef9438e9
missmecraftbeer.fb@gmail.com,MissMe Craft Bar,,Sai Mai District,Bar,no,Low,1,,English/Latin-script name,,,openstreetmap,1,+66859523318,1 130 ถ. สายไหม,10220,overture (meta),overture:b161cbda-9dac-475e-9b45-55ff6752ca54
bombimai99@gmail.com,Monkey Cafe/Host,,Sai Mai District,Restaurant,no,Low,1,,English/Latin-script name,,,openstreetmap,1,+66643480389,161/2 ถนน เทพรักษ์,10220,overture (meta),overture:c97dad6b-7192-4325-ba57-e8bdbbd128f2
pukunsun@gmail.com,MuKa Cafe,,Sai Mai District,Cafe,no,Low,1,,English/Latin-script name,,,openstreetmap,1,+66805563663,55 93 รสาพาร์คเลน วัชรพล,10220,overture (meta),overture:d59eff93-4f0f-4893-8d70-6f085cb7ea38
mywaybymay@gmail.com,My Way Q Restaurant,,Sai Mai District,Restaurant,no,Low,1,,English/Latin-script name,,,openstreetmap,1,+66926060888,"17, 14 ถ. วัชรพล",10220,overture (meta),overture:af00fa21-4cf2-46d3-8106-3377ede2db25
nailiciousbkk@gmail.com,Nice n'ice,,Sai Mai District,Cafe,no,Low,1,,English/Latin-script name,,,openstreetmap,1,+66909474806,"200, 39 1 Yaek 4-11",10220,overture (meta),overture:77cb0852-0f3c-46e0-9c17-65972a0461de
eedkrai@gmail.com,Nincha,,Sai Mai District,Restaurant,no,Low,1,,English/Latin-script name,,,openstreetmap,1,+66812520404,หมู่บ้านสายไหม ริมชล 2 101/3 มบ Soi Sai Mai 85,10220,overture (meta),overture:3b3e5b79-cc82-4823-95ae-f6367dfa9710
info@nirashabu.com,Nira Shabu Saimai Avenue,,Sai Mai District,Restaurant,no,Low,1,,English/Latin-script name,http://www.nirashabu.com/,,openstreetmap,1,+66825499466,599 ถนน สายไหม,10220,overture (meta),overture:871de08e-728d-4ef5-89a1-69a4dc345834
noir3.bkk@gmail.com,noir:3,,Sai Mai District,Cafe,no,Low,1,,English/Latin-script name,,,openstreetmap,1,,13/3 ถนน สายไหม,10220,overture (meta),overture:47ae4a1b-fe86-46da-9112-7b62533d1db1
owlchasaimai28@gmail.com,OWL CHA,,Sai Mai District,Restaurant,no,Low,1,,English/Latin-script name,,,openstreetmap,1,+66958420052,23/3 Sai Mai 28 Alley,10220,overture (meta),overture:1056dc28-4669-4894-aa7b-4b033044a71d
phumipath.ph24@gmail.com,PATHH butterfly,,Sai Mai District,Bakery,no,Low,1,,English/Latin-script name,,,openstreetmap,1,+66959475915,3 ถนน สายไหม,10220,overture (meta),overture:49c77e0f-3d23-44bc-9abd-59a6cb8fd576
peculiarcafebangkok@gmail.com,Peculiar Hidden Home Cafe,,Sai Mai District,Cafe,no,Low,1,,English/Latin-script name,,,openstreetmap,1,+66992929454,15/47 ซอย 2 หมู่บ้าน โนเบิล เกเบิล วัชรพล Thanon Phoem Sin,10220,overture (meta),overture:256ceba1-da94-4edd-a36c-fa43f00234df
khemika.lee@gmail.com,Queen Cheese,,Sai Mai District,Cafe,no,Low,1,,English/Latin-script name,,,openstreetmap,1,+66847108959,ตลาดวงศกร Sai Mai Road,10220,overture (meta),overture:6d307c57-cb62-40c1-a2da-04e1b25dec07
reverroaster.coffee@gmail.com,Rever Roaster Chatuchot,,Sai Mai District,Asian; Chinese,no,Low,1,,English/Latin-script name,,,openstreetmap,1,+66946951995,6/7 จตุโชติ 9,10220,overture (meta),overture:6246877b-c3cf-40fe-88bd-ce870924d8b2
rindis.cafe@gmail.com,Rindis Bar,,Sai Mai District,Bar,no,Low,1,,English/Latin-script name,,,openstreetmap,1,+66987714989,,10220,overture (meta),overture:7265bf29-3b17-4395-b877-590a76a1793e
s.lamduanshabu@gmail.com,S.lamduan Restaurant,,Sai Mai District,Asian; Japanese,no,Low,1,,English/Latin-script name,,,openstreetmap,2,+66981059493,321/4 ถ.สายไหม38/1 แขวงสายไหม เขตสายไหม,10220,overture (meta),overture:ea56c349-629e-4aec-8d7c-81b9915b1627
kupt2406@gmail.com,Salmon Farm and seafood,,Sai Mai District,Seafood,no,Low,1,,English/Latin-script name,,,openstreetmap,1,+66825815238,ตลาดสวัสดิการกองทัพอากาศ,10220,overture (meta),overture:4978ad1d-fa9f-4055-8ad6-335252f9f163
sanitpinit@gmail.com,Salon 'S Noodle,,Sai Mai District,Restaurant,no,Low,1,,English/Latin-script name,,,openstreetmap,1,+6629720062,485/8 พหลโยธิน 52,10220,overture (meta),overture:2d08c7e8-9133-4b02-a8fc-19182fb84685
coffeebysearch@gmail.com,Search Coffee Slowbar,,Sai Mai District,Cafe,no,Low,1,,English/Latin-script name,,,openstreetmap,1,+66626561923,จตุโชติ,10220,overture (meta),overture:ab30ca7f-6610-4e25-a363-5bed2c248ad1
seikoenyakiniku@gmail.com,Seiko-En,,Sai Mai District,Asian; Japanese,no,Low,1,,English/Latin-script name,,,openstreetmap,1,+66629952535,,,openstreetmap,https://www.openstreetmap.org/node/11484425044
seoultablecafe@gmail.com,Seoul Table,,Sai Mai District,Restaurant,no,Low,1,,English/Latin-script name,,,openstreetmap,1,+66873559564,599 Sai Mai Rd,10220,overture (meta),overture:45601ca5-d43f-4eaf-b78f-26832da3c4b7
siamroastery@gmail.com,Siam Roastery,,Sai Mai District,Cafe,no,Low,1,Local,English/Latin-script name,http://www.siamroastery.com/,,openstreetmap,1,+66642692998,29/9 Sai Mai 39,10220,overture (meta),overture:aeeaade5-cb07-4c0a-935e-d49192de97fd
smokemeat.all.aday@gmail.com,Smoke Meat All A Day,,Sai Mai District,Restaurant,no,Low,1,,English/Latin-script name,,,openstreetmap,1,+66655732333,612 45 เพิ่มสิน 20 แยก 5-3,10220,overture (meta),overture:b88143b2-2b8f-4f4c-a77f-67cfb3844417
coffeeclaire2012@gmail.com,Soothe DMK Air Force Base,,Sai Mai District,Cafe,no,Low,1,,English/Latin-script name,,,openstreetmap,1,+66935796069,Thupatemi Building ช่องทางท่าดินแดง5,10220,overture (meta),overture:16d8a10d-8d06-45d2-b76e-ae5a47f8b92e
14580@coffee-concepts.co.th,Starbucks,,Sai Mai District,Cafe,no,Low,1,,English/Latin-script name,https://starbucks.co.th/,,openstreetmap,1,,,,overture (AllThePlaces),overture:0249293d-b728-406b-b770-f7c764b0b282
sumicoffeeroaster388@gmail.com,Sumi Coffee Roaster,,Sai Mai District,Cafe,no,Low,1,,English/Latin-script name,,,openstreetmap,1,+66838329595,"388, 9 Sai Mai Rd",10220,overture (meta),overture:607d1c78-5f4d-4fe0-a2ea-e1fa3a87490a
peerames@gmail.com,Supersenior Wellness Cafe,,Sai Mai District,Cafe,no,Low,1,,English/Latin-script name,http://www.Supersenoirwellnesscafe.wordpress.com/,,openstreetmap,1,+66814041749,"49, 17 Sai Mai 76 Alley",10220,overture (meta),overture:aea3dbdc-fdff-46de-bf95-dce3dd5a09fc
sushimatsu00@gmail.com,Sushi-Matsu Food & Drinks,,Sai Mai District,Sushi,no,Low,1,,English/Latin-script name,,,openstreetmap,1,+66839455951,จตุโชติ,10220,overture (meta),overture:844824b9-a0c0-43ce-be65-8c3a29f02d7a
yanista.aroma@gmail.com,T'Kaff Cafe,,Sai Mai District,Cafe,no,Low,1,,English/Latin-script name,,,openstreetmap,1,+66963692245,"ประตูกรุงเทพ พลาซ่า เยื่องสถานีรถไฟฟ้า BTS, คลองถนน",10220,overture (meta),overture:e2b3fe33-9f6f-4179-937a-8ac3fcced6b6
takeoffsaimai@gmail.com,Take-Off Matcha and Coffee,,Sai Mai District,Cafe,no,Low,1,,English/Latin-script name,,,openstreetmap,1,+66649747929,Take-off cafe saimai56,10220,overture (meta),overture:62e287df-e721-4ec8-ba29-1f96a570d679
thecaffeinefix52@gmail.com,THE CAFFEINE FIX coffee community,,Sai Mai District,Cafe,no,Low,1,,English/Latin-script name,,,openstreetmap,1,+66982942562,3/1972 Phahonyothin Rd,10220,overture (meta),overture:dfbd130e-62a5-451c-8fa6-816df84a59c8
espressohiso@gmail.com,The Espresso Bar,,Sai Mai District,Cafe,no,Low,1,,English/Latin-script name,,,openstreetmap,1,+66804295998,"1, 5 Soi Sai Mai 23/1",10220,overture (meta),overture:182a8785-e13c-437d-ab02-d571e205d78b
theoraandco52@gmail.com,Theora&co,,Sai Mai District,Cafe,no,Low,1,,English/Latin-script name,,,openstreetmap,1,+66629892449,39/142 พหลโยธิน 52,10220,overture (meta),overture:c9363aee-6a59-449e-b494-978f589830ad
pu_pro1@hotmail.com,Thi Nguyễn,,Sai Mai District,Asian; Thai,no,Low,1,,English/Latin-script name,,,openstreetmap,1,+66942642282,,,overture (meta),overture:1fdc0bef-1544-46b3-9d64-a563ab1da5b9
ssdppm123@gmail.com,Tiew Tum Yam Zab,,Sai Mai District,Restaurant,no,Low,1,,English/Latin-script name,,,openstreetmap,1,+66828392337,13/283 ซอย 1,10220,overture (meta),overture:72819dc0-809d-4417-a736-4ba864f762f2
timelesscafebkk@gmail.com,Timeless Cafe,,Sai Mai District,Cafe,no,Low,1,,English/Latin-script name,,,openstreetmap,1,+66612354242,31/2 Ruam Chai Samakkhi 1 Alley,10220,overture (meta),overture:6e258f6d-ddda-4763-a2a5-9f911b6847e1
iitooktook@gmail.com,Tokyo Story,,Sai Mai District,Restaurant,no,Low,1,,English/Latin-script name,https://wongn.ai/87kp5,,openstreetmap,1,+66877941620,ซ. พหลโยธิน 52,10220,overture (meta),overture:e120385b-4870-4ef7-8390-7bf1c1ed033d
twh.twhitehouse@gmail.com,TWH-T White House,,Sai Mai District,Cafe,no,Low,1,,English/Latin-script name,,,openstreetmap,1,+66992603537,ถนนสายไหม ,10220,overture (meta),overture:5e96e687-e18e-4cf2-ba57-1c88ac6ce8a6
wamiizakaya@gmail.com,Wami Izakaya,,Sai Mai District,Asian; Japanese,no,Low,1,,English/Latin-script name,,,openstreetmap,1,+66805916422,47/2 ถนน สุขาภิบาล 5,10220,overture (meta),overture:574bd7f3-7937-41f0-a6cf-fd528aca3b32
kunkarn2525@gmail.com,WARMWHITE Cafe and Hangout,,Sai Mai District,Cafe,no,Low,1,,English/Latin-script name,,,openstreetmap,1,+66838454551,739 พหลโยธิน 54/1 เเยก 7,10220,overture (meta),overture:28e5ab4c-f2b5-459f-8bd7-f8f6aa9ef83d
veerayut.tas@gmail.com,XpercentD coffee bar,,Sai Mai District,Cafe,no,Low,1,,English/Latin-script name,,,openstreetmap,1,+66863647397,58 สายไหม 79,10220,overture (meta),overture:da4e46d6-88a0-42cb-9c66-a1c726bf58c4
yogurnithailand@gmail.com,Yogurni Thailand,,Sai Mai District,Restaurant,no,Low,1,,English/Latin-script name,,,openstreetmap,1,+66982766554,"237/257 Thep Rak Rd, Khlong Thanon, Sai Mai",10220,overture (meta),overture:9335a196-667a-4113-9755-d807188c7820
mintedz1612@gmail.com,Yum Check in,,Sai Mai District,Restaurant,no,Low,1,,English/Latin-script name,,,openstreetmap,1,+66642538678,14 ถนนเพิ่มสิน แขวงออเงิน เขตสายไหม,10220,overture (meta),overture:8dbd0613-a0a1-4119-b6da-0bbd2c12fec4
anuruk_por@hotmail.com,Yumman,,Sai Mai District,Asian; Thai,no,Low,1,,English/Latin-script name,,,openstreetmap,1,+66626405445,5 พหลโยธิน 54/1 แยก 6-2,10220,overture (meta),overture:e68e0766-1b25-4a7e-ba65-63dc0ced2f64
lililove4598@gmail.com,423 Yakiniku ปิ้งย่าง&ชาบู,423 Yakiniku ปิ้งย่าง&ชาบู,Sai Mai District,Restaurant,no,Low,0,,,,,openstreetmap,1,+66824282423,2/63 ม.3,10220,overture (meta),overture:f17a10d5-2aa2-4ff4-8efa-97e5f5616813
sray364@gmail.com,85 หน้าบ้าน,85 หน้าบ้าน,Sai Mai District,Restaurant,no,Low,0,,,,,openstreetmap,1,+66846294697,65/5 ถนน เทพรักษ์,10220,overture (meta),overture:f114f964-c3ef-4c56-b8b8-4e9e71101938
wishfulmango@gmail.com,@ ร้านเป็ด ซอยแอนเน็กซ์,@ ร้านเป็ด ซอยแอนเน็กซ์,Sai Mai District,Asian; Thai,no,Low,0,,,,,openstreetmap,1,+6629935018,พหลโยธิน 58,10220,overture (meta),overture:d9bcd0b6-7b65-46d5-b0d1-083f88d7fee6
alindahair.alinda@gmail.com,Alinda Hair - อลินดา แฮร์,Alinda Hair - อลินดา แฮร์,Sai Mai District,Seafood,no,Low,0,,,,,openstreetmap,1,+66992525554,,,overture (meta),overture:0dbb3b7f-f45e-45c3-8c00-ee8425f7b413
boble456bar@gmail.com,BoBle Bar Juices Smoothies & More คาเฟ่น้ำปั่น ผักผลไม้สกัดเย็น,BoBle Bar Juices Smoothies & More คาเฟ่น้ำปั่น ผักผลไม้สกัดเย็น,Sai Mai District,Cafe,no,Low,0,,,,,openstreetmap,1,+66615966644,7 ซอย หมู่บ้านซื่อตรง,10220,overture (meta),overture:954dfe4c-d57f-4420-aec8-092aa25c5c4d
bsforever3260@gmail.com,BUKIT Dim Sum - บูกิต ติ่มซำ,BUKIT Dim Sum - บูกิต ติ่มซำ,Sai Mai District,Chinese,no,Low,0,,,,,openstreetmap,1,+66836346033,,,overture (meta),overture:e062186f-f0c7-4b99-9da4-8b7c5543a95c
nobitax11@gmail.com,Chakaimuk ชาไข่มุกดอทคอม,Chakaimuk ชาไข่มุกดอทคอม,Sai Mai District,Restaurant,no,Low,0,Local,,https://www.chakaimuk.com/,,openstreetmap,1,+66934103568,Mi Charoen Alley,10220,overture (meta),overture:cc06121d-4c59-4c8b-91f6-8ee4d92c00b4
cocowalkteam845@gmail.com,Cocowalk สาขาปั๊มบางจากสุขาภิบาล5,Cocowalk สาขาปั๊มบางจากสุขาภิบาล5,Sai Mai District,Restaurant,no,Low,0,,,,,openstreetmap,1,+66813981441,สถานีน้ำมันบางจากสุขาภิบาล5 (ข้างสำนักงานเขตสายไหม),10220,overture (meta),overture:acdc8a21-374e-4bd0-bbb9-d59731519cc0
foryoucakebywaen@gmail.com,For you cake เค้กวันเกิด เค้กมินิมอล สาขาพหลโยธิน วัชรพล สายไหม,For you cake เค้กวันเกิด เค้กมินิมอล สาขาพหลโยธิน วัชรพล สายไหม,Sai Mai District,Restaurant,no,Low,0,,,,,openstreetmap,1,+66994244294,515/1 ถนน เพิ่มสิน,10220,overture (meta),overture:975dbeff-f9ea-4887-9c2d-33a8dfaa6d76
fu.cafe99@gmail.com,FuCafe 福 ฝูวคาเฟ่,FuCafe 福 ฝูวคาเฟ่,Sai Mai District,Cafe,no,Low,0,,,,,openstreetmap,1,+66639877229,"14 Thanon Phoem Sin, Ao Ngoen, Sai Mai, Bangkok ",10220,overture (meta),overture:8adc6059-c85c-4931-a596-3ad4bb124c99
goldenpot168@gmail.com,GoldenPot ขาหมูอินเตอร์ สาขาสุขาภิบาล5,GoldenPot ขาหมูอินเตอร์ สาขาสุขาภิบาล5,Sai Mai District,Restaurant,no,Low,0,,,,,openstreetmap,1,+66934249424,42 ถนน สุขาภิบาล 5,10220,overture (meta),overture:5616fbba-fe3e-49e8-ae35-6b4e8db1ee3c
pipatzz5885@gmail.com,House of เมี่ยง,House of เมี่ยง,Sai Mai District,Restaurant,no,Low,0,Local,,https://www.wongnai.com/r/534972Aw,jokepae8214@gmail.com; miimeey88888@gmail.com; arkom.ptn17@gmail.com; thong.20041@gmail.com,venue website,1,+66863625306,54/187,10220,overture (meta),overture:da500161-aee5-4048-bcc8-6cc981b65d0b
gittiphong5084@gmail.com,Jin Cha  ตลาดนัดบางกอกเหนือ,Jin Cha  ตลาดนัดบางกอกเหนือ,Sai Mai District,Cafe,no,Low,0,,,,,openstreetmap,1,+66803035084,สายไหมซอย 5 แขวงสายไหม เขตสายไหม กรุงเทพมหานคร ,10220,overture (meta),overture:af7cb79b-1654-4285-8ccd-814989584e68
jeabjen29@gmail.com,Jinny Coffee อาราบิก้า100%,Jinny Coffee อาราบิก้า100%,Sai Mai District,Cafe,no,Low,0,,,,,openstreetmap,1,+66891920029,2 ถนน สุขาภิบาล 5,10220,overture (meta),overture:59ce483f-7028-49a1-a2da-c4bfc276ea33
junktojoy@gmail.com,Joy of Coffee กาแฟ ดูดดื่ม,Joy of Coffee กาแฟ ดูดดื่ม,Sai Mai District,Cafe,no,Low,0,,,,,openstreetmap,1,+66919985035,22 Soi Chatuchot 6,10220,overture (meta),overture:b2db72b4-020e-4c1a-ad2f-49155bf00099
mcnikinadtida@gmail.com,K.แนน แซลมอน,K.แนน แซลมอน,Sai Mai District,Cafe,no,Low,0,Local,,https://static.robinhood.in.th/app_link.html?URI=robinhoodth%3A%2F%2Fmerchantlanding%2Fid%2F137401,,openstreetmap,1,+66857723788,60/61 Sai Mai 37 Alley,10220,overture (meta),overture:0fc5b15a-e139-492f-a4f7-ad9197c2d5db
woonkanlaya@yahoo.com,Kanlaya-ผงวุ้นคุณกัลยา แม่พิมพ์ซิลิโคนทำขนม,Kanlaya-ผงวุ้นคุณกัลยา แม่พิมพ์ซิลิโคนทำขนม,Sai Mai District,Bakery,no,Low,0,Local,,https://www.woonkanlaya.com/,,openstreetmap,1,+66969309291,สายไหม 60 ,10220,overture (meta),overture:c4ca0c64-1c64-4d25-9850-01840beb1a97
chalinlat.nan460@gmail.com,Kasper mashed potatoes:มันบดอร่อย สาขาตลาดเซฟวัน GO,Kasper mashed potatoes:มันบดอร่อย สาขาตลาดเซฟวัน GO,Sai Mai District,Restaurant,no,Low,0,,,,,openstreetmap,1,+66966677239,99 ถนน สายไหม,10220,overture (meta),overture:1bdc7861-28d2-4c10-96f9-38ea20071bee
info.brixandco@gmail.com,Kiki Cheesecake สายไหม,Kiki Cheesecake สายไหม,Sai Mai District,Cafe,no,Low,0,,,,,openstreetmap,1,+66618959651,ห้อง B001 สายไหมอเวนิว เลขที่ 599 Sai Mai Rd,10220,overture (meta),overture:8bfcfe50-b4f6-4e7f-975e-9ac3827d4e1d
anchalee.preeya@gmail.com,Kita Tea Stand ร้านค้าสวัสดิการทหารอากาศ - อาคารธูปะเตมีย์,Kita Tea Stand ร้านค้าสวัสดิการทหารอากาศ - อาคารธูปะเตมีย์,Sai Mai District,Restaurant,no,Low,0,,,,,openstreetmap,1,+66656644661,171 ร้านค้าสวัสดิการทหารอากาศ อาคารธูปะเตมีย์,10220,overture (meta),overture:e9b195a0-230e-417c-8b6c-a783f83cc043
koffbarbkk@gmail.com,KOFF! BAR : Coffee Tea and Drinks กาแฟสด,KOFF! BAR : Coffee Tea and Drinks กาแฟสด,Sai Mai District,Cafe,no,Low,0,,,,,openstreetmap,1,+66650062822,"187, 11 Thep Rak Rd",10220,overture (meta),overture:c8693ffb-973e-42ab-a93b-33a9cc25c17b
longmarsdoo@gmail.com,Long Mars Doo (ลองมาดู),Long Mars Doo (ลองมาดู),Sai Mai District,Bar,no,Low,0,,,,,openstreetmap,1,+66645191995,130 Soi Wichian Klinsukhon,10220,overture (meta),overture:db26580e-eb8b-489a-b399-bdeffa81b185
chutima35894@gmail.com,M&M ซูชิเบิร์นไฟ,M&M ซูชิเบิร์นไฟ,Sai Mai District,Asian; Sushi,no,Low,0,,,,,openstreetmap,1,,เพิ่มสิน 20\n,10220,overture (meta),overture:e8285bd3-21b8-4f81-b026-cd8837300b28
m.phitcha@gmail.com,Mai Ramen มัย ราเมง,Mai Ramen มัย ราเมง,Sai Mai District,Asian; Japanese,no,Low,0,,,,,openstreetmap,1,+66898804953,109 216 Mu Ban Rabiab Thong 3 Alley,10220,overture (meta),overture:c8fa2b65-00f0-44c6-90d7-bb1a0427f016
maruwafflemt@gmail.com,Maru Waffle มารุวาฟเฟิล Big C ฟู้ดเพลส สุขาภิบาล 5,Maru Waffle มารุวาฟเฟิล Big C ฟู้ดเพลส สุขาภิบาล 5,Sai Mai District,Restaurant,no,Low,0,,,,,openstreetmap,1,+66981256182,"สุขาภิบาล 5, ออเงิน, สายไหม, กรุงเทพมหานคร 10220, ประเทศไทย",10220,overture (meta),overture:cfca36db-c14f-41b5-bc05-61bd75cef2d9
maruwafflesaimai56@gmail.com,Maru Waffle วาฟเฟิลฮ่องกง สาขา โลตัส สายไหม 56,Maru Waffle วาฟเฟิลฮ่องกง สาขา โลตัส สายไหม 56,Sai Mai District,Cafe,no,Low,0,,,,,openstreetmap,1,+66839324542,53/8 ถนน สายไหม,10220,overture (meta),overture:a1314967-acce-42e6-8bcd-dbbf9e0f83aa
amjupjup@hotmail.com,Momocha ชานมไข่มุกไต้หวัน,Momocha ชานมไข่มุกไต้หวัน,Sai Mai District,Restaurant,no,Low,0,,,,,openstreetmap,1,+66659956956,888 หมู่ที่4 ล็อก6 ถ. วัชรพล,10220,overture (meta),overture:98f1b71c-9774-4c33-8429-eee4eb52dd8e
nobicha.bangkhen@gmail.com,NobiCha วัดพระศรีฯ บางเขน,NobiCha วัดพระศรีฯ บางเขน,Sai Mai District,Cafe,no,Low,0,Local,,https://www.nobicha.co.th/,info@nobicha.co.th,openstreetmap,1,,145/1 ถนน พหลโยธิน,10220,overture (meta),overture:dc7fdf8a-14f9-43f6-9015-08b2b35d2a84
yongyoot950@gmail.com,Number5  Coffee Moka pot ใกล้ ธนะดีแมนชั่น  เสนาคิทท์ บีทีเอส สะพานใหม่,Number5  Coffee Moka pot ใกล้ ธนะดีแมนชั่น  เสนาคิทท์ บีทีเอส สะพานใหม่,Sai Mai District,Cafe,no,Low,0,,,https://lin.ee/Kl8JVMh,,openstreetmap,1,,57 ถนน พหลโยธิน,10220,overture (meta),overture:de3caa3d-b5cd-441f-9761-efc0ddccff24
mogumogu_praew@hotmail.com,Pai Camping Cafe' -ไปแคมป์ปิ้งคาเฟ่,Pai Camping Cafe' -ไปแคมป์ปิ้งคาเฟ่,Sai Mai District,Restaurant,no,Low,0,,,,,openstreetmap,1,+66903209021,ร้านPai Camping Cafe ถนนสายไหม56 เขตสายไหม,10220,overture (meta),overture:49dc7583-4438-480c-8089-71d84cf95317
pissamaiattajak@gmail.com,Raan Pii Eng -ร้านพี่เอง,Raan Pii Eng -ร้านพี่เอง,Sai Mai District,Restaurant,no,Low,0,,,,,openstreetmap,1,+66642895250,สายใหม (บิ๊กซีมาร์เก็ตสายใหม),10220,overture (meta),overture:c90870f6-294d-44e0-b95b-fa7a0ca137a4
mama-atom@hotmail.com,Salmon soiju แซลมอนซอยจุ๊,Salmon soiju แซลมอนซอยจุ๊,Sai Mai District,Asian; Sushi,no,Low,0,,,,,openstreetmap,1,+66956961495,27 ถนน จตุโชติ,10220,overture (meta),overture:6d2317fd-3ade-4d5a-b1c5-0f353c09090f
soblaicamp@gmail.com,Soblai.Camp - ซบไหล่,Soblai.Camp - ซบไหล่,Sai Mai District,Restaurant,no,Low,0,,,,,openstreetmap,1,+66917854862,26/1 ถนน เฉลิมพงษ์,10220,overture (meta),overture:fee6f152-d8ab-43ed-b652-8c7e63130832
annie.areerat26@gmail.com,Sod coffee by annie กาแฟโสด & กาแฟโสดx2 สายไหม สุขภิบาล5,Sod coffee by annie กาแฟโสด & กาแฟโสดx2 สายไหม สุขภิบาล5,Sai Mai District,Cafe,no,Low,0,Local,,https://wongn.ai/21iYHW,support@lmwn.com; pr@lmwn.com,openstreetmap,1,,สายไหม,10220,overture (meta),overture:e39420cf-6a8a-4dba-9cc3-b2868b53c6cc
hakonmuang2020@gmail.com,Sushi ฮาฅนเมือง,Sushi ฮาฅนเมือง,Sai Mai District,Asian; Sushi,no,Low,0,,,,,openstreetmap,1,+66841576393,459/5 ถนน เพิ่มสิน,10220,overture (meta),overture:dc41d36d-db6d-4d88-95fd-c8971b38ec9c
toncar111@gmail.com,Ton Carcare - ต้นคาร์แคร์,Ton Carcare - ต้นคาร์แคร์,Sai Mai District,Cafe,no,Low,0,,,,,openstreetmap,1,+66863247926,,,overture (meta),overture:9f0ac61d-85df-41f0-8567-44f9ad260c88
prg01.rice@gmail.com,กรมการข้าว Rice Department,กรมการข้าว Rice Department,Sai Mai District,Asian; Thai,no,Low,0,Local,,http://www.ricethailand.go.th/,,openstreetmap,1,,กรมการข้าว เลขที่2177 ถนนพลโยธิน แขวงลาดยาว เขตจตุจักร,10900,overture (meta),overture:6488aa9c-7e03-4632-8974-dfeccbf25067
suksilatour5418@gmail.com,กระทะทองเเดงพหล,กระทะทองเเดงพหล,Sai Mai District,Restaurant,no,Low,0,,,,,openstreetmap,1,+66654388748,98/15 Mu Ban Sin Sap Nakhon Alley,10220,overture (meta),overture:9c4ad265-d99d-4271-9bdd-0cdf4b8addb7
phonfaikabab52@gmail.com,กะบับไก่ชีสพ่นไฟ,กะบับไก่ชีสพ่นไฟ,Sai Mai District,Restaurant,no,Low,0,,,,,openstreetmap,1,+66864225492,Soi Phahon Yothin 52,10220,overture (meta),overture:9c4cca66-553a-42a9-b0f4-f461eecb1c39
patsybalanz@gmail.com,กะบับไก่ชีสมัยลาภ สาขา สายไหม,กะบับไก่ชีสมัยลาภ สาขา สายไหม,Sai Mai District,Takeaway,no,Low,0,,,,,openstreetmap,1,+66914141565,,,overture (meta),overture:35de0d30-f06d-42a9-b8d7-fc9512122ad6
khunchangsaimaisoi5@gmail.com,กะเพราขุนช้าง สาขาโชคชัย4,กะเพราขุนช้าง สาขาโชคชัย4,Sai Mai District,Restaurant,no,Low,0,,,,,openstreetmap,1,+66995843784,185 โชคชัย 4 ซอย 32,10230,overture (meta),overture:18cc49b6-1171-445f-87b1-4d6211745f39
3te2nalsnow@gmail.com,กะเพราปังปัง,กะเพราปังปัง,Sai Mai District,Asian; Thai,no,Low,0,Local,,https://www.wongnai.com/restaurants/1004012Qx-%E0%B8%81%E0%B8%B0%E0%B9%80%E0%B8%9E%E0%B8%A3%E0%B8%B2%E0%B8%9B%E0%B8%B1%E0%B8%87%E0%B8%9B%E0%B8%B1%E0%B8%87,jokepae8214@gmail.com; poonyduckfixed@gmail.com; naayart11@gmail.com; basmaxxi@gmail.com; p.apirak007@gmail.com; parin.nan@gmail.com,openstreetmap,1,+66957958281,141/83 Mu Ban Natthakan Alley,10220,overture (meta),overture:253352fa-5e22-4b78-b60e-5278f51bb861
lekkhanthanate@gmail.com,กะเพราหมูตุ๋น ครัวพี่ขันธ์,กะเพราหมูตุ๋น ครัวพี่ขันธ์,Sai Mai District,Asian; Thai,no,Low,0,,,,,openstreetmap,1,+66944378436,36/272 สายไหม 23,10220,overture (meta),overture:73ddcade-72b2-45d9-8549-4a57594cfbde
kapao.kodped@gmail.com,กะเพราโคตรเผ็ด,กะเพราโคตรเผ็ด,Sai Mai District,Restaurant,no,Low,0,,,,,openstreetmap,1,+66880099763,9 สายไหม 6,10220,overture (meta),overture:af660869-0964-4d7e-8322-2b21063c56d0
jijisawitta52@gmsil.com,กาแฟ ปังสด,กาแฟ ปังสด,Sai Mai District,Cafe,no,Low,0,,,,,openstreetmap,1,+66838247122,6 314 แขวง คลองถนน,10220,overture (meta),overture:8f42c9be-2fc6-4ae3-b93e-1af3408f7b53
sasiwanjpng@gmail.com,กาแฟสด บ้านหนูบัว Coffee Nuubua House,กาแฟสด บ้านหนูบัว Coffee Nuubua House,Sai Mai District,Cafe,no,Low,0,,,,,openstreetmap,1,+66956166819,"289/311 หมู่บ้านพลีโน่ พหลโยธิน54/1แยก4, สายไหม, สายไหม, กรุงเทพมหานคร 10220, ประเทศไทย",10220,overture (meta),overture:e163297f-8e11-4adf-8db0-2d40357debb3
kafae.ine3@gmail.com,กาแฟอีน,กาแฟอีน,Sai Mai District,Cafe,no,Low,0,,,,,openstreetmap,1,+66834876862,,10220,overture (meta),overture:24087a29-c7b9-4b55-a7d2-f8f68d263683
pob.kan999@gmail.com,กินกับ พราน,กินกับ พราน,Sai Mai District,Restaurant,no,Low,0,,,https://line.me/ti/p/ZeuFVMV-yY,,openstreetmap,1,+66631975142,พหลโยธิน,10220,overture (meta),overture:8a0b8801-1f51-49ca-b6ba-455ba7788b47
kasamsok009@gmail.com,กินดี มีสุข,กินดี มีสุข,Sai Mai District,Restaurant,no,Low,0,,,,,openstreetmap,1,+66804494157, ต.คูคต​ อ.ลำลูกกา​ ปทุมธานี​,12130,overture (meta),overture:d2c2099b-7198-47c5-b709-a72c0fd47bbe
aoy_thoo@hotmail.co.th,กินเล่น,กินเล่น,Sai Mai District,Cafe,no,Low,0,,,,,openstreetmap,1,+66826236923,,,overture (meta),overture:db135053-0299-48f7-84fa-38b0b2cb9c24
thoo.aoy@gmail.com,กินเล่น Premium Tea,กินเล่น Premium Tea,Sai Mai District,Restaurant,no,Low,0,,,,,openstreetmap,1,+66826236923,"สายไหม 10, สายไหม, สายไหม, กรุงเทพมหานคร 10220, ประเทศไทย",10220,overture (meta),overture:c2f89739-4adc-44c2-a0c6-9332aeed34bf
imexshop24info@gmail.com,กิวนิกุนู๊ดเดิ้ล,กิวนิกุนู๊ดเดิ้ล,Sai Mai District,Asian; Thai,no,Low,0,,,,,openstreetmap,2,+66658256491,,10220,overture (meta),overture:a611c83a-d1e4-4392-9f90-86e68e4e20b0
kungtankseafoodsaimai@gmail.com,กุ้งถังซีฟู้ดสายไหม Kungtank Seafood SaiMai66,กุ้งถังซีฟู้ดสายไหม Kungtank Seafood SaiMai66,Sai Mai District,Seafood,no,Low,0,,,,,openstreetmap,1,+66912554291,22/15 ถนน พหลโยธิน,10220,overture (meta),overture:23bcbe9e-bfdc-4dfc-99a6-688b618d5c06
kunat_nung@hotmail.com,กุ้งลองรวยbyสามเกลอ,กุ้งลองรวยbyสามเกลอ,Sai Mai District,Restaurant,no,Low,0,,,,,openstreetmap,1,+66902216121,16 พหลโยธิน 54/1 แยก 2-4,10220,overture (meta),overture:44bf5c68-dc10-4915-bce8-80caa0b279aa
thecop_toncs5152@windowslive.com,กูโรตีชาชักสุขาภิบาล5,กูโรตีชาชักสุขาภิบาล5,Sai Mai District,Cafe,no,Low,0,,,,,openstreetmap,1,+66830254481,อยู่ในปั๊มบางจากสุขาภิบาล5\n,10220,overture (meta),overture:c58419c2-0792-4e73-8828-cd062ec518ed
dmbank.car@gmail.com,ก๋วยเตี๋ยวช่างเลือก สายไหม21,ก๋วยเตี๋ยวช่างเลือก สายไหม21,Sai Mai District,Restaurant,no,Low,0,,,,,openstreetmap,1,+66972345868,"ซอย 21, สายไหม, สายไหม, กรุงเทพมหานคร 10220, ประเทศไทย",10220,overture (meta),overture:dbd2dd06-8c35-485e-a0c3-abc612e1f962
thammathonr@gmail.com,ก๋วยเตี๋ยวต้มยำตึกเพชร,ก๋วยเตี๋ยวต้มยำตึกเพชร,Sai Mai District,Asian; Japanese,no,Low,0,,,,,openstreetmap,1,+66635168979,5 15 Sai Mai Rd,10220,overture (meta),overture:5d28cce2-e0ad-4d1c-9620-a17aa79a2a65
sunieam0890332360@gmail.com,ก๋วยเตี๋ยวยายสมคิด,ก๋วยเตี๋ยวยายสมคิด,Sai Mai District,Restaurant,no,Low,0,,,,,openstreetmap,1,+66890332360,8/10 Phoem Sin 46 Alley,10220,overture (meta),overture:c34bd02d-999b-456e-a436-3fb3ed792ce5
offroadjack15@gmail.com,ก๋วยเตี๋ยวเนื้อตุ๋นหมูตุ๋น วัชรพล,ก๋วยเตี๋ยวเนื้อตุ๋นหมูตุ๋น วัชรพล,Sai Mai District,Takeaway,no,Low,0,,,,,openstreetmap,1,+66814578393,216/18 วัชรพล 3,10220,overture (meta),overture:a1a3cf3b-f890-41b2-b2b5-53f06878dbba
h2ox111.nai@gmail.com,ก๋วยเตี๋ยวเป็ดอรทัย,ก๋วยเตี๋ยวเป็ดอรทัย,Sai Mai District,Cafe,no,Low,0,,,,,openstreetmap,1,+66838461279,32 สุขาภิบาล 5 ซอย 32,10220,overture (meta),overture:a96b13fc-ca44-4b00-9f1c-bf2384afcb7e
raolaenai2025@gmail.com,ก๋วยเตี๋ยวเรือ Online Nai and Ten,ก๋วยเตี๋ยวเรือ Online Nai and Ten,Sai Mai District,Asian; Thai,no,Low,0,,,,,openstreetmap,1,+66840006656,"1 40 ม.2 Phahon Yothin 54/1 Alley, Ln 4",10220,overture (meta),overture:7069739c-de52-4fc0-badd-29253b7680dc
kritchaya95@gmail.com,ก๋วยเตี๋ยวเรือ ณ มหานคร-วัชรพล,ก๋วยเตี๋ยวเรือ ณ มหานคร-วัชรพล,Sai Mai District,Asian; Thai,no,Low,0,,,,,openstreetmap,1,+66626976295,วัชรพล,10220,overture (meta),overture:4d1b136c-abe2-4a53-a52c-c86da355d719
ashi_nanii@hotmail.com,ก๋วยเตี๋ยวเรือ ป.ประทีป จตุโชติ5,ก๋วยเตี๋ยวเรือ ป.ประทีป จตุโชติ5,Sai Mai District,Restaurant,no,Low,0,,,,,openstreetmap,1,+66953623222,6 ถนน จตุโชติ,10220,overture (meta),overture:94dd2cb2-61ac-4e89-88ba-1d229ed2340c
kanchana.itm@gmail.com,ก๋วยเตี๋ยวเรือ ยุดยา แท้ๆ เพิ่มสิน-สวนน้ำสายไหม,ก๋วยเตี๋ยวเรือ ยุดยา แท้ๆ เพิ่มสิน-สวนน้ำสายไหม,Sai Mai District,Restaurant,no,Low,0,,,,,openstreetmap,1,+66808269497,ถนน เพิ่มสิน,10220,overture (meta),overture:1bddaf9d-3f2e-4afb-8738-02b445c085c2
rualin.acc@gmail.com,ก๋วยเตี๋ยวเรือกึ่งสำเร็จรูป รัวลิ้น,ก๋วยเตี๋ยวเรือกึ่งสำเร็จรูป รัวลิ้น,Sai Mai District,Restaurant,no,Low,0,,,,,openstreetmap,1,,49/1 ถนน สายไหม,10220,overture (meta),overture:9ae1c837-b0a3-4307-94c1-e6ccc283ad4d
namcha1284@gmail.com,ก๋วยเตี๋ยวเรือสาม ก byตำปากเปิด เพิ่มสิน29,ก๋วยเตี๋ยวเรือสาม ก byตำปากเปิด เพิ่มสิน29,Sai Mai District,Restaurant,no,Low,0,,,,,openstreetmap,1,+66859716845,เพิ่มสิน29,<<not-applicable>>,overture (meta),overture:4ab5925b-07ca-47f8-ba33-3c2e7db85b7e
sansabsaimai@gmail.com,ก๋วยเตี๋ยวเรือแสนแซ่บ สายไหม,ก๋วยเตี๋ยวเรือแสนแซ่บ สายไหม,Sai Mai District,Restaurant,no,Low,0,,,,,openstreetmap,1,+66955265442,54 11 Sukhaphiban 5 Road,10220,overture (meta),overture:21b56e3b-a0e9-4d23-a54a-7cf8893c245a
soombut@gmail.com,ก๋วยเตี๋ยวไก่ตุ๋นชาละวัน,ก๋วยเตี๋ยวไก่ตุ๋นชาละวัน,Sai Mai District,Asian; Japanese,no,Low,0,,,,,openstreetmap,1,+66967547233,Phahon Yothin 54/2 Alley,10220,overture (meta),overture:3efedfbe-b6c7-47ae-a5e4-c54f4ab9ebbe
tharachda.chicky@gmail.com,ก๋วยเตี๋ยวไก่เงินล้าน,ก๋วยเตี๋ยวไก่เงินล้าน,Sai Mai District,Restaurant,no,Low,0,,,,,openstreetmap,1,+66649898516,Sai Mai 56 Alley,10220,overture (meta),overture:9810b27a-babf-460e-909e-3002a896ee4a
kwanjaicrepe@gmail.com,ขวัญใจเครปนมสด ชานมไข่มุก,ขวัญใจเครปนมสด ชานมไข่มุก,Sai Mai District,Restaurant,no,Low,0,,,,,openstreetmap,1,+66655263526,111/556 ม,10220,overture (meta),overture:c0a5c580-58e9-4e3d-93d7-1352aeb7f4ac
artiwara_sup-tar@hotmail.com,ขาหมู ก๋วยจั๊บรสซิ่ง,ขาหมู ก๋วยจั๊บรสซิ่ง,Sai Mai District,Restaurant,no,Low,0,,,,,openstreetmap,1,+66952522890,49/3 ตลาดเอสทีเพิ่มสิน,10220,overture (meta),overture:b9764977-ac07-4537-835f-6e95c3bbf7a0
kanpoor@hotmail.com,ขี้เมาbyกานเอง,ขี้เมาbyกานเอง,Sai Mai District,Restaurant,no,Low,0,,,,,openstreetmap,1,+66863195490,96 ถนน ตัดใหม่,10220,overture (meta),overture:cdb50754-962e-4230-9a52-c1c72d2417e3
dadak.jb@gmail.com,ข้าวกะเตี๋ยว,ข้าวกะเตี๋ยว,Sai Mai District,Asian; Thai,no,Low,0,,,,,openstreetmap,1,+66869794982,68 พหลโยธิน 56,10220,overture (meta),overture:c68d0559-78b8-4bf3-8e37-5b8f650299d1
chickenrice_60years@hotmail.com,ข้าวมันไก่ 60 ปี,ข้าวมันไก่ 60 ปี,Sai Mai District,Asian,no,Low,0,,,,,openstreetmap,1,+66866559848,ถนน สุขาภิบาล 5,10220,overture (meta),overture:9b0e473b-a384-4c0d-8cc8-a9d5ded54142
ton.nattakrit@gmail.com,ข้าวมันไก่จรรยพร สายไหม,ข้าวมันไก่จรรยพร สายไหม,Sai Mai District,Restaurant,no,Low,0,,,,,openstreetmap,1,+66924456905,9 151 ถนน หมู่บ้าน พฤกษาไพร์ม 94,10220,overture (meta),overture:e2dd2b49-6a17-48c5-b84f-59f37121ac31
p.pemikra@gmail.com,ข้าวเหนียวมะม่วงจันทพร-นายร้อยบ้านเสธ.,ข้าวเหนียวมะม่วงจันทพร-นายร้อยบ้านเสธ.,Sai Mai District,Cafe,no,Low,0,,,,,openstreetmap,1,+66992498793,ซอยพหลโยธิน 52,10220,overture (meta),overture:91796d1a-192f-4503-95aa-019fc17b2275
park03510039@gmail.com,ข้าวแกงเมืองลุง,ข้าวแกงเมืองลุง,Sai Mai District,Asian; Thai,no,Low,0,,,,,openstreetmap,1,+66834487637,2 ซอย40 ถนนสุขาภิบาล5 แขวงออเงิน,10220,overture (meta),overture:3ef87485-9993-4ea2-af9f-cef00a9c8a61
kanlaya08796@gmail.com,ครัวกินหร๊อย อาหารใต้,ครัวกินหร๊อย อาหารใต้,Sai Mai District,Restaurant,no,Low,0,,,,,openstreetmap,1,+66922508796,พหลโยธิน 52 ,,overture (meta),overture:6f59dba2-907e-44d0-8182-47511d280e2d
mollyzaab7@gmail.com,ครัวข้างเตา จตุโชติ,ครัวข้างเตา จตุโชติ,Sai Mai District,Restaurant,no,Low,0,,,,,openstreetmap,2,+66930853933,27 ถนน จตุโชติ,10220,overture (meta),overture:53040e9f-20f8-45ec-9f6d-074ea8f8d14b
golf_atts49@hotmail.com,ครัวทานตะวัน(สีส้ม) สโมสรนายทหารอากาศชั้นประทวน,ครัวทานตะวัน(สีส้ม) สโมสรนายทหารอากาศชั้นประทวน,Sai Mai District,Restaurant,no,Low,0,,,,,openstreetmap,1,+66879737048,สโมสรนายทหารอากาศ ชั้นประทวน 171/1,10220,overture (meta),overture:ea973d82-6653-4a8c-bbc9-8df458ef869b
kamonchanok201114@gmail.com,ครัวนามิ ขนมจีนและไก่ทอดเกาหลี,ครัวนามิ ขนมจีนและไก่ทอดเกาหลี,Sai Mai District,Restaurant,no,Low,0,,,,,openstreetmap,1,+66642098258,111/96 สายไหม 66,10220,overture (meta),overture:407801ac-6007-4e01-895b-4ff46f4b4ae4
ple26@hotmail.com,ครัวบ้านเปิ้ล Khraw Baan PLE-เพิ่มสิน,ครัวบ้านเปิ้ล Khraw Baan PLE-เพิ่มสิน,Sai Mai District,Restaurant,no,Low,0,,,,,openstreetmap,1,+66994245928,176 หมู่บ้านพฤกษาวิวล์ บ้านเลขที่2 37 ซ.เพิ่มสิน34,10220,overture (meta),overture:adbc3804-93d3-404d-8693-59b028be99c7
planatan2018@gmail.com,ครัวปลาน่าทาน,ครัวปลาน่าทาน,Sai Mai District,Asian; Thai,no,Low,0,,,,,openstreetmap,1,+66897891561,42 ถนน สุขาภิบาล 5,10220,overture (meta),overture:05ffe541-1d20-475f-9441-bea945a9910f
kruaphuwieng@gmail.com,ครัวภูเวียง ไก่ย่าง แหนมเนือง,ครัวภูเวียง ไก่ย่าง แหนมเนือง,Sai Mai District,Asian,no,Low,0,,,,,openstreetmap,1,+66614264614,54 24 Thep Rak Rd,10220,overture (meta),overture:97864c3e-b1b6-4f7e-bd01-bbd161df4d9f
nana1nakin@gmail.com,ครัวยายน่อยเจียงใหม่,ครัวยายน่อยเจียงใหม่,Sai Mai District,Restaurant,no,Low,0,,,,,openstreetmap,1,+66805509924,111 ตรงข้ามปั๊มแก๊ส 558 Sai Mai 11 Alley,10220,overture (meta),overture:fde9cc67-86fb-4f1e-8eb4-4267dda59ade
thunthawekg@outlook.co.th,ครัววัชรพล เดอะวอเตอร์วิว,ครัววัชรพล เดอะวอเตอร์วิว,Sai Mai District,Takeaway,no,Low,0,,,,,openstreetmap,1,+66950456889,216/3 ถนน วัชรพล,10220,overture (meta),overture:311af4be-a035-45af-9fd5-627bfb6357bc
saksittrw@hotmail.com,ครัวศักดิ์สิทธิ์ กุ้งเผา,ครัวศักดิ์สิทธิ์ กุ้งเผา,Sai Mai District,Restaurant,no,Low,0,,,,,openstreetmap,1,+66925593338,9 233 ถนน หมู่บ้าน พฤกษาไพร์ม 94,10220,overture (meta),overture:fb6f4596-3bdb-4593-958f-ad8fe7593bca
sornninja@gmail.com,ครัวสองล้อพาเที่ยว,ครัวสองล้อพาเที่ยว,Sai Mai District,Asian; Thai,no,Low,0,,,,,openstreetmap,1,+66845541635,,,overture (meta),overture:09da803c-233b-435b-a50e-7ffe542333db
hnuney03@gmail.com,คิง เมี่ยงปลาเผา,คิง เมี่ยงปลาเผา,Sai Mai District,Restaurant,no,Low,0,,,,,openstreetmap,1,+66832957067,ถ. จตุโชติ,10220,overture (meta),overture:8b50d63f-21fe-47d3-b6c7-9a78f3b14d4a
ketohousedonmuang@gmail.com,คีโตเฮาส์สายไหม KetoHouse Saimai,คีโตเฮาส์สายไหม KetoHouse Saimai,Sai Mai District,Cafe,no,Low,0,,,,,openstreetmap,1,+66614939304,90/30 สายไหม 51,10220,overture (meta),overture:6e4f7467-ad59-4905-bd5e-ef2111c960be
jongyukyin@gmail.com,จองยุกยิน ขาหมูเบตง,จองยุกยิน ขาหมูเบตง,Sai Mai District,Restaurant,no,Low,0,,,,,openstreetmap,1,+66641941622,"1, 4 Thanon Phoem Sin",10220,overture (meta),overture:2b165800-1012-4165-b57a-28f8b0736b00
siraporn2606@gmail.com,จุ่มแซ่บลาบยโส สายไหม,จุ่มแซ่บลาบยโส สายไหม,Sai Mai District,Asian; Thai,no,Low,0,,,,,openstreetmap,1,+66805902398,Chaloem Phong Rd,10220,overture (meta),overture:415afa61-6f41-4258-9aa4-858017cd13ca
nps.sangklom@gmail.com,ชัยยาหมูกระทะ 2,ชัยยาหมูกระทะ 2,Sai Mai District,Restaurant,no,Low,0,,,,,openstreetmap,1,+66865567369,170 Phoem Sin 30,10220,overture (meta),overture:264a1b4e-17b6-4b83-9568-51c29f59b68c
koraratbenben@gmail.com,ซานบักโม เซฟวัน โก,ซานบักโม เซฟวัน โก,Sai Mai District,Restaurant,no,Low,0,,,,,openstreetmap,1,,,,overture (meta),overture:66f2b507-cd16-42bd-b0e9-ce7eaaab26a2
zongsaimai44@gmail.com,ซ้งเป็ดพะโล้ ซ.เทพรักษ์39,ซ้งเป็ดพะโล้ ซ.เทพรักษ์39,Sai Mai District,Asian; Thai,no,Low,0,,,,,openstreetmap,1,+66807832828,59/3 ถนน เทพรักษ์,10220,overture (meta),overture:b5c6e627-b750-4272-b9bc-e97759425788
krunkaprao@gmail.com,ดื่มกะเพรา,ดื่มกะเพรา,Sai Mai District,Restaurant,no,Low,0,,,,,openstreetmap,1,+66648724815,49 778 Sukhaphiban 5 Road,10220,overture (meta),overture:fa928d54-9f4d-4c7a-93f1-b1df0a78a671
doodduemshop@gmail.com,ดูดดื่ม,ดูดดื่ม,Sai Mai District,Cafe,no,Low,0,,,,,openstreetmap,1,+66864406688,23/1 ถนน สุขาภิบาล 5,10220,overture (meta),overture:a4f8452e-fdfd-4e87-b933-0c3066c1eb05
ta.tee.seafood@gmail.com,ตาตี่ ซีฟู้ด ta-tee seafood,ตาตี่ ซีฟู้ด ta-tee seafood,Sai Mai District,Seafood,no,Low,0,,,,,openstreetmap,1,+66960576399,พหลโยธิน 54/1 แยก 4,10220,overture (meta),overture:24fd7a47-01dc-4b69-8b64-d1eaad448e2e
bow811807@gmail.com,ตำกะยำ เพิ่มสิน36,ตำกะยำ เพิ่มสิน36,Sai Mai District,Restaurant,no,Low,0,,,,,openstreetmap,1,+66657256542,เพิ่มสิน36,10220,overture (meta),overture:fefb9f2c-478c-4328-8234-db6688c90c77
kaemika_ch@hotmail.com,ตำจะทอด,ตำจะทอด,Sai Mai District,Restaurant,no,Low,0,,,,,openstreetmap,1,+66802618629,"ไดม่อนแมนชั่น เลขที่ 39/522, ซอย พหลโยธิน 52 แยก 44",10220,overture (meta),overture:6b1ee393-27fa-49e8-a274-6fb068954797
koi.071638@gmail.com,ตำนัว ขอนแก่น,ตำนัว ขอนแก่น,Sai Mai District,Restaurant,no,Low,0,,,,,openstreetmap,1,+66635262244,1 149 ซอย 41,10220,overture (meta),overture:d80a7c07-32c6-45e0-86ec-516893d90d4b
cj25162523@gmail.com,ตำแซ่บซอย3,ตำแซ่บซอย3,Sai Mai District,Restaurant,no,Low,0,,,,,openstreetmap,1,+66838308458,,,overture (meta),overture:46c35192-174c-428a-9a30-f4c7e4adbed1
tormalar.saimai@gmail.com,ต่อมะล่ะ หม่าล่า สายไหม,ต่อมะล่ะ หม่าล่า สายไหม,Sai Mai District,Bar,no,Low,0,,,,,openstreetmap,1,+66635459594,3 ถนน สายไหม,10220,overture (meta),overture:a56a1929-d375-4c47-b9d4-04e2606a4e3d
tongnorthsaimai@gmail.com,ต๋องเหนือ,ต๋องเหนือ,Sai Mai District,Restaurant,no,Low,0,Local,,https://wongn.ai/yaa77,support@lmwn.com; pr@lmwn.com,openstreetmap,1,+66822192463,ต๋องเหนือ Express สาขาสายไหม ในปั้มบางจาก Sukhaphiban 5 Road,10220,overture (meta),overture:e976fd0f-1612-4649-9317-f382844ef554
navapol.jay@gmail.com,ทอด • เพลิน • พุง,ทอด • เพลิน • พุง,Sai Mai District,Takeaway,no,Low,0,,,,,openstreetmap,1,+66839992126,19/209 รัชธานี ซอย 8,10220,overture (meta),overture:0fdf404e-3603-4490-84c5-3e89733e179e
kongjusaimai@gmail.com,ทอดยำตำแซ่บเอื้ออาทรสายไหม,ทอดยำตำแซ่บเอื้ออาทรสายไหม,Sai Mai District,Restaurant,no,Low,0,,,,,openstreetmap,1,+66866677996,สายไหม,10220,overture (meta),overture:4e3d277c-0eb4-4fa0-8ef6-1c9b28bb9472
teakwoodlittlehome@gmail.com,ทีค วู๊ด ลิตเติ้ล โฮม,ทีค วู๊ด ลิตเติ้ล โฮม,Sai Mai District,Restaurant,no,Low,0,,,,,openstreetmap,1,+66830245555,39/20 ถ.สุขาภิบาล 5 ซ.75 แขวงออเงิน เขตสายไหม,10220,overture (meta),overture:e6a38304-d814-489d-acc5-2539d6c0869a
jittrakokraboon@gmail.com,ธนวัฒน์ก๋วยเตี๋ยวเรือรังสิต สาขาอุดร,ธนวัฒน์ก๋วยเตี๋ยวเรือรังสิต สาขาอุดร,Sai Mai District,Restaurant,no,Low,0,,,http://mongkon.com/,,openstreetmap,1,+66925898119,,,overture (meta),overture:d3822405-e633-42b4-bc43-423535bb56ee
tanawat_manawsod@hotmail.com,ธนวัฒน์มะนาวสด,ธนวัฒน์มะนาวสด,Sai Mai District,Cafe,no,Low,0,Local,,https://www.tanawatmanowsod.com/,,openstreetmap,1,+66972546695,ธนวัฒน์มะนาวสดตลาดใหม่ชลบุรี,20000,overture (meta),overture:fac9a377-d927-4cce-8c0f-2849da5e9924
montienmmo1359@gmail.com,นัดกินหนมจีนบุฟเฟ่ต์,นัดกินหนมจีนบุฟเฟ่ต์,Sai Mai District,Restaurant,no,Low,0,,,,,openstreetmap,1,+66987909478,599 สายไหม 79,10220,overture (meta),overture:597ff360-143e-441e-9dc7-0425407c46a9
kittiya0842101216@gmail.com,นายเอี๋ยวก๋วยเตี๋ยวลูกชิ้นปลา สาขา3 วัดเกาะ,นายเอี๋ยวก๋วยเตี๋ยวลูกชิ้นปลา สาขา3 วัดเกาะ,Sai Mai District,Takeaway,no,Low,0,,,,,openstreetmap,1,+66958248798,201/10 ถนน วัดเกาะ,10220,overture (meta),overture:bfdd1e8f-e15e-43bd-a28b-8b2e1c0860c6
warongpol@gmail.com,นำเฮงข้าวมันไก่ตอน,นำเฮงข้าวมันไก่ตอน,Sai Mai District,Restaurant,no,Low,0,,,,,openstreetmap,1,+66806561214,19/10 Sai Mai Rd,10220,overture (meta),overture:f72bc106-51a8-4f11-a285-446e5462175f
thaninwan@gmail.com,นิยมย์ คาเฟ่,นิยมย์ คาเฟ่,Sai Mai District,Cafe,no,Low,0,,,,,openstreetmap,1,+66655491939,"ตลาดต้นไม้ออเงิน, 11/33 ถนน สุขาภิบาล 5",10220,overture (meta),overture:e0d29a06-c041-432d-8c7f-30bc1a1b2f68
satayyimsiam@yahoo.com,บจก. ยิ้มสยาม มาร์เก็ตติ้ง แอนด์ แมเนจเม้นท์,บจก. ยิ้มสยาม มาร์เก็ตติ้ง แอนด์ แมเนจเม้นท์,Sai Mai District,Restaurant,no,Low,0,,,,,openstreetmap,1,+66818063556,123 32 หมู่ 5 Sai Mai 29 Alley,10220,overture (meta),overture:df09b6f1-5b07-4cad-9d54-368aa17d814a
taksin.eggnoodles@gmail.com,บะหมี่ชาวทักษิณ,บะหมี่ชาวทักษิณ,Sai Mai District,Restaurant,no,Low,0,,,,,openstreetmap,1,+66934249522,54/11 ถนน สุขาภิบาล 5,10220,overture (meta),overture:4952a1df-0a15-43b9-bd69-a295af2fc65e
bualoy.parinya.sukha5@gmail.com,บัวลอยปริญญา สุขาภิบาล 5,บัวลอยปริญญา สุขาภิบาล 5,Sai Mai District,Cafe,no,Low,0,Local,,https://static.robinhood.in.th/app_link.html?URI=robinhoodth%3A%2F%2Fmerchantlanding%2Fid%2F9863,,openstreetmap,1,+66891236664,20/1 ถนน สุขาภิบาล 5,10220,overture (meta),overture:dec95ac9-3d6c-4fb2-b081-528faa57c81d
resort_114@hotmail.com,บัวลอยย่ายุ้ย,บัวลอยย่ายุ้ย,Sai Mai District,Cafe,no,Low,0,,,,,openstreetmap,1,+66817553362,59,10220,overture (meta),overture:9da4bc54-4b81-4ed2-9b38-8151dbef2c7d
babakitchen6868@gmail.com,บาบ่าคิทเช่น อาหารเวียดนาม,บาบ่าคิทเช่น อาหารเวียดนาม,Sai Mai District,Restaurant,no,Low,0,,,,,openstreetmap,1,+66641076868,Soi Sai Mai 56/1,10220,overture (meta),overture:ffec2f57-6986-42ec-b046-29cc3229485b
aumkanok1971@gmail.com,บึงพระยา  อีสานซีฟู้ด รสเด็ด - เลียบมอเตอร์เวย์ รามอินทรา,บึงพระยา  อีสานซีฟู้ด รสเด็ด - เลียบมอเตอร์เวย์ รามอินทรา,Sai Mai District,Takeaway,no,Low,0,,,,,openstreetmap,1,+66928926203,26/1 ถนน กาญจนาภิเษก,10220,overture (meta),overture:19c9fdb3-c69a-4e75-9dbc-89e5e244dcfc
k.malee02@gmail.com,บ้านคุณมาลี-ข้าวเหนียวมะม่วง,บ้านคุณมาลี-ข้าวเหนียวมะม่วง,Sai Mai District,Restaurant,no,Low,0,,,,,openstreetmap,1,+66818015860,98 ถนน สุขาภิบาล 5,10220,overture (meta),overture:3d243908-a3ed-48bf-b931-6cfe1faf33ee
sitipornj@hotmail.com,บ้านนา ปลาเผา - สายไหม,บ้านนา ปลาเผา - สายไหม,Sai Mai District,Asian; Thai,no,Low,0,Local,,http://www.wongnai.com/restaurants/127938xf-%E0%B8%99%E0%B8%B2%E0%B9%80%E0%B8%A1%E0%B8%B5%E0%B9%88%E0%B8%A2%E0%B8%87%E0%B8%9B%E0%B8%A5%E0%B8%B2%E0%B9%80%E0,jokepae8214@gmail.com; fern26828@gmail.com; moojoompanzaap@gmail.com; arkom.ptn17@gmail.com; kwanrutai.bim@gmail.com,openstreetmap,1,+66991191464,88/103 ถนน เฉลิมพงษ์,10220,overture (meta),overture:ec4a9e47-3242-4517-9f4b-1f387bb40d3f
chatreenitsara@gmail.com,บ้านนาเมี่ยงปลาเผาสมุนไพร,บ้านนาเมี่ยงปลาเผาสมุนไพร,Sai Mai District,Asian; Thai,no,Low,0,,,,,openstreetmap,1,+66951471497,,,overture (meta),overture:cee8ee3d-14bb-4a9d-99d3-4c8befecbfd1
banpunbunbhumibol@gmail.com,บ้านปันบุญ รพ.ภูมิพล อาหาร ขนมเอนไซม์,บ้านปันบุญ รพ.ภูมิพล อาหาร ขนมเอนไซม์,Sai Mai District,Restaurant,no,Low,0,,,,,openstreetmap,1,+66819893637,ร้านบ้านปันบุญ โรงอาหารทองหล่อ ถนนพหลโยธิน แขวงคลองถนน อ.สายไหม,10220,overture (meta),overture:9afd7fbc-a210-4a6c-aa6e-9c347d4a9d11
suddhiluck@thaiinnofood.com,บ้านสุทธิลักษณ์,บ้านสุทธิลักษณ์,Sai Mai District,Asian; Thai,no,Low,0,,,http://www.ThaiInnoFood.com/,,openstreetmap,1,+6625238374,325/5 325/5 Phahonyothin Rd,10220,overture (meta),overture:58cd4d1d-ab96-49d2-9769-dfe626fb9470
allin.theorganic@gmail.com,บ้านอ่านกับปุ้ม,บ้านอ่านกับปุ้ม,Sai Mai District,Cafe,no,Low,0,,,,,openstreetmap,1,+66985494988,2 ตลาดต้นไม้ Sukhaphiban 5 Soi 50,10220,overture (meta),overture:6fd87c7b-92e3-4238-b532-8cd0702de181
bpcoffeehouse.forwork@gmail.com,บ้านเพื่อน Coffee House,บ้านเพื่อน Coffee House,Sai Mai District,Cafe,no,Low,0,,,,,openstreetmap,1,+66863596938,67/6 ถ. วัชรพล,10220,overture (meta),overture:cea2009b-fe98-4366-b8c2-4f026c727949
baanpen2020@gmail.com,บ้านเพ็ญ สุกี้&กุ้งอบวุ้นเส้น,บ้านเพ็ญ สุกี้&กุ้งอบวุ้นเส้น,Sai Mai District,Restaurant,no,Low,0,,,,,openstreetmap,1,+66955340707,49 34 Sai Mai Rd,10220,overture (meta),overture:27879027-2f9f-48a1-bd09-506d9999a14c
ransukiqqae@gmail.com,ประสิทธิ์ โภชนา สุกี้ฮ่องกง หัวปลาหม้อไฟ,ประสิทธิ์ โภชนา สุกี้ฮ่องกง หัวปลาหม้อไฟ,Sai Mai District,Restaurant,no,Low,0,,,,,openstreetmap,1,+66934545769,129 ถนน พหลโยธิน,10220,overture (meta),overture:73a65532-bdab-4fbc-a3e5-04165a2dcb05
prasit_restaurant@hotmail.com,ประสิทธิ์โภชนา,ประสิทธิ์โภชนา,Sai Mai District,Asian; Thai,no,Low,0,,,,,openstreetmap,1,+6625311573,,10210,overture (meta),overture:e5531702-4473-4019-994c-da48ce59f9e6
platoododuang@gmail.com,ปลาทูดูดวง,ปลาทูดูดวง,Sai Mai District,Restaurant,no,Low,0,,,,,openstreetmap,1,+66992954242,"มหาวิทยาลัยกรุงเทพธนบุรี, 16/10 ถนน ทวีวัฒนา",10170,overture (meta),overture:75cd7a46-b8c8-44ed-913f-932bb6f66525
pleumsugoi@gmail.com,ปลื้ม สุโก้ย สาขาตลาดนัดสายไหม 49,ปลื้ม สุโก้ย สาขาตลาดนัดสายไหม 49,Sai Mai District,Restaurant,no,Low,0,,,,,openstreetmap,1,+66851471759,เลขที่ 49/1 หมู่บ้าน ตลาดนัดสายไหม49/1,10220,overture (meta),overture:78c00ccf-4635-4309-877c-c989e4c081c4
winitha2298@gmail.com,ปังปิ้ง อันอันปัง,ปังปิ้ง อันอันปัง,Sai Mai District,Takeaway,no,Low,0,,,,,openstreetmap,1,+66986042169,เพิ่มสิน,10220\n,overture (meta),overture:10df1d26-2bae-4b2a-a183-7a9283eb8fee
patongkokhopaka@gmail.com,ปาท่องโก๋ โก๋ป๊ะคะ Kho Pa Ka,ปาท่องโก๋ โก๋ป๊ะคะ Kho Pa Ka,Sai Mai District,Cafe,no,Low,0,,,,,openstreetmap,1,+66863311021,พหลโยธิน 54/1 แยก4-43,10220\n,overture (meta),overture:7235d3f8-c3f5-416d-bd0e-a90fa70ac9af
akejit@gmail.com,ปิ่นโตแดง (ขนมจีนคุณยาย เจ้าเก่า ตลาดเอซี),ปิ่นโตแดง (ขนมจีนคุณยาย เจ้าเก่า ตลาดเอซี),Sai Mai District,Restaurant,no,Low,0,,,,,openstreetmap,1,+66933694662,224 8 Mu Ban Hatsadin Alley,10220,overture (meta),overture:11531cf7-33dd-413f-9810-49385394d928
piglet.mue@gmail.com,ปูนัว,ปูนัว,Sai Mai District,Seafood,no,Low,0,,,,,openstreetmap,1,+66952629659,36 90 Soi Sai Mai 23,10220,overture (meta),overture:6ed8cecb-f843-411c-99ed-f624ee79641c
taengmoxudmthraphy@gmail.com,ปู่ย่าเตี๋ยวไก่ตุ๋น,ปู่ย่าเตี๋ยวไก่ตุ๋น,Sai Mai District,Restaurant,no,Low,0,,,,,openstreetmap,1,+66980065488,ถนน ชลมารคพิจารณ์\n,12130,overture (meta),overture:24c6932a-13da-4d3d-8f2a-4d6957b55620
nunthawataon@gmail.com,ป้าสุข้าวมันไก่&เตี๋ยวไก่ เพิ่มสิน24/1,ป้าสุข้าวมันไก่&เตี๋ยวไก่ เพิ่มสิน24/1,Sai Mai District,Restaurant,no,Low,0,,,,,openstreetmap,1,+66917799282,17/1 ถนน เพิ่มสิน,10220,overture (meta),overture:4de66290-cc72-4aa5-aed5-58780c39428b
kidty_noise@hotmail.com,ป้าหมวย-น้ำปั่นวิปครีม,ป้าหมวย-น้ำปั่นวิปครีม,Sai Mai District,Cafe,no,Low,0,,,,,openstreetmap,1,+66817226654,118/3 ถนน เทพรักษ์,10220,overture (meta),overture:b14e3d3c-5fde-4692-9e4b-316a2bf54e01
patchareemsp@gmail.com,ผัดไทยครัวมะขาม,ผัดไทยครัวมะขาม,Sai Mai District,Asian; Thai,no,Low,0,,,,,openstreetmap,1,+66642645194,,,overture (meta),overture:28ef4dcf-1da2-4756-91cf-6e2e1a31dc7e
unclekimfoodthai@gmail.com,ผัดไทยลุงคิม,ผัดไทยลุงคิม,Sai Mai District,Restaurant,no,Low,0,,,,,openstreetmap,1,+66909936641,สุขาภิบาล5,12110,overture (meta),overture:eebda4bc-d011-4fee-9a7c-a12988697c2d
amannamor2022@gmail.com,ผู้ชายหน้าหม้อ,ผู้ชายหน้าหม้อ,Sai Mai District,Restaurant,no,Low,0,,,,,openstreetmap,1,+66912996992,ร้านผู้ชายหน้าหม้อ,,overture (meta),overture:2a97e3c4-2fb0-407d-a1e3-a218cfae4941
piggyshabushabu_saimai@hotmail.com,พิกกี้ชาบู สาขาสายไหม,พิกกี้ชาบู สาขาสายไหม,Sai Mai District,Restaurant,no,Low,0,,,,,openstreetmap,1,+66838232735,ถนนสายไหม แขวงสายไหม เขตสายไหม ,10220,overture (meta),overture:c3935214-c093-4056-b4a9-4531d66137dd
piset.namplawan@gmail.com,พิเศษ คิทเช่น,พิเศษ คิทเช่น,Sai Mai District,Restaurant,no,Low,0,,,,,openstreetmap,1,+66917099199,2/162 หมู่บ้านแมกไม้ ถนน วัชรพล,10220,overture (meta),overture:515efe39-c398-41ec-984d-32a14cf31445
tontumrub.tomyum@gmail.com,พ่อมังกร เตี๋ยวต้มยำโบราณ (ต้นตำรับ สูตรลับเฉพาะ),พ่อมังกร เตี๋ยวต้มยำโบราณ (ต้นตำรับ สูตรลับเฉพาะ),Sai Mai District,Asian; Japanese,no,Low,0,,,,,openstreetmap,1,+66816914694,52 32 Sai Mai Rd,10220,overture (meta),overture:39165927-a1a8-469f-a675-94e389120bc8
naklaa.i56@thefoodselection.co.th,ฟูจิ ปตท. สายไหม 56,ฟูจิ ปตท. สายไหม 56,Sai Mai District,Cafe,no,Low,0,,,,,openstreetmap,1,+66811414890,,,overture (meta),overture:ab7f32e8-5385-4abd-9d85-8f7193945c4c
longyuan-travel@hotmail.com,ภัตตาคารไหมฟ้า,ภัตตาคารไหมฟ้า,Sai Mai District,Asian; Chinese,no,Low,0,,,,,openstreetmap,1,+66829864368,171 Phaholyothin Road,10220,overture (meta),overture:c21bd85b-740f-4245-ba03-73c809452f76
jingnang@gmail.com,ภู่ระหงษ์ โฮมสเตย์,ภู่ระหงษ์ โฮมสเตย์,Sai Mai District,Asian; Thai,no,Low,0,,,,,openstreetmap,1,+66961493639,44/6 พหลโยธิน 52,10220,overture (meta),overture:f22bfa71-6b32-4a19-b8a4-799cfce4d5b8
rangsivitrangsiyagool@gmail.com,มาตะลองแล,มาตะลองแล,Sai Mai District,Asian; Thai,no,Low,0,,,,,openstreetmap,1,+66858823609,216/5 แขวง คลองถนน,10220,overture (meta),overture:d5a94dfc-c9f0-41eb-8a18-93707868d553
ekananlimwisaisutthi@gmail.com,มิณหมึกย่าง,มิณหมึกย่าง,Sai Mai District,Restaurant,no,Low,0,Local,,https://www.wongnai.com/restaurants/538758kD-%E0%B8%A1%E0%B8%B4%E0%B8%93%E0%B8%AB%E0%B8%A1%E0%B8%B6%E0%B8%81%E0%B8%A2%E0%B9%88%E0%B8%B2%E0%B8%87%E0%B8%A3%E0%B8%AA%E0%B9%81%E0%B8%8B%E0%B9%88%E0%B8%9A,jokepae8214@gmail.com; sanyamadkhaw@gmail.com; kitatuch@gmail.com; homkem2022@gmail.com; ayt.atitaya@gmail.com; oatcharaphon.p@hotmail.com; duennapa.po@gmail.com,openstreetmap,1,+66624483416,พหลโยธิน54/1แยก4-15เขตสายไหม แขวงสายไหม\n,10220\n,overture (meta),overture:f204bfab-5b36-4132-ba5d-577ecb19787c
missqimala@gmail.com,มิสฉีหม่าล่า - Miss Qi Mala,มิสฉีหม่าล่า - Miss Qi Mala,Sai Mai District,Restaurant,no,Low,0,,,,,openstreetmap,1,+66912554994,ร้านมิสฉีหม่าล่า โครงการลานน้ำพุ,10220,overture (meta),overture:7cccba5b-59f3-421d-9757-0a5d58c9da85
nokchaeng12@gmail.com,มี-น้ำ-ยา ขนมจีนแกงใต้,มี-น้ำ-ยา ขนมจีนแกงใต้,Sai Mai District,Asian; Thai,no,Low,0,Local,,https://wongn.ai/nm696,support@lmwn.com; pr@lmwn.com,openstreetmap,1,+66989546490,66 ซอย วงศกร 1 แขวงสามวาตะวันตก เขตคลองสามวา กรุงเทพมหานคร 10510,10510,overture (meta),overture:35d4ee8e-c2e7-4e42-9599-cc33f95cd461
mekhaomeena5995@gmail.com,มีข้าว มีนา : Food Craft & Drinks,มีข้าว มีนา : Food Craft & Drinks,Sai Mai District,Asian; Thai,no,Low,0,,,,,openstreetmap,1,,,,overture (meta),overture:e9f1f28c-72a8-43bb-972f-b368793eae43
memee.kkc@gmail.com,มีหมี่ Memee's เส้นหมี่ไก่ฉีก,มีหมี่ Memee's เส้นหมี่ไก่ฉีก,Sai Mai District,Restaurant,no,Low,0,,,,,openstreetmap,1,+66624716866,9 ถนน สายไหม,10220,overture (meta),overture:ae0b5025-3b41-407f-96bb-48fe79586c50
moompung.spmwp@gmail.com,มุมปัง ขนมปัง-นมสด : สะพานใหม่ - วัชรพล,มุมปัง ขนมปัง-นมสด : สะพานใหม่ - วัชรพล,Sai Mai District,Cafe,no,Low,0,,,,,openstreetmap,1,+66646253265,96 Thep Rak Rd,10220,overture (meta),overture:976e9c8f-808b-4f44-b22e-fd69303b8169
thanayuth1333@gmail.com,ม่วนใจ๋ ปังเย็น น้ำแข็งไส ขนมเส้น,ม่วนใจ๋ ปังเย็น น้ำแข็งไส ขนมเส้น,Sai Mai District,Cafe,no,Low,0,,,,,openstreetmap,1,+66936144978,22/92 พฤกษาวิลล์,10220,overture (meta),overture:fb99cc7c-8fe5-41cb-9e77-fa8e22a2fa12
pidok1977@gmail.com,ยอดบุญเตี๋ยวหมูตุ๋น88,ยอดบุญเตี๋ยวหมูตุ๋น88,Sai Mai District,Asian; Thai,no,Low,0,,,,,openstreetmap,1,+66802266593,88 ถนน จตุโชติ,10220,overture (meta),overture:81bce70a-e131-4e7a-9764-230080711de1
uejin7@gmail.com,ยำจัดยับ,ยำจัดยับ,Sai Mai District,Restaurant,no,Low,0,,,,,openstreetmap,1,+66939653245,หน้าซอยเพิ่มสิน 30 ถนนเพิ่มสิน แขวงคลองถนน เขตสายไหม กรุงเทพ 10220,10220,overture (meta),overture:f9bac94b-4db5-4cc6-9e1b-0e39d360c925
yumnumtaek32@gmail.com,ยำน้ำแตก สายไหม,ยำน้ำแตก สายไหม,Sai Mai District,Restaurant,no,Low,0,,,https://wongn.ai/suq83,,openstreetmap,1,+66923729596,ซอยสายไหม73 โกดังAA9 ในร้าน Have a D day,12220,overture (meta),overture:a54a9a02-b578-4ad2-b2bb-b49a2a4813c8
yumlek890@gmail.com,ยำแหลกปลาแดกเริ่ด,ยำแหลกปลาแดกเริ่ด,Sai Mai District,Restaurant,no,Low,0,,,,,openstreetmap,1,+66949456762,15 33 Soi Sukhaphiban 5 soi 41,10220,overture (meta),overture:c9e2f82d-f7f6-41cf-b507-46933a40f329
konjunrai@gmail.com,รวมคำคมและข้อคิด,รวมคำคมและข้อคิด,Sai Mai District,Cafe,no,Low,0,,,,,openstreetmap,1,,ชิบหาย Road,<<not-applicable>>,overture (meta),overture:5e535db1-1b34-4903-aa1e-8596840af851
chalakorn8282@gmail.com,ราชาข้าวต้ม ต้มยำหัวปลาหม้อไฟ พหลโยธิน54/4,ราชาข้าวต้ม ต้มยำหัวปลาหม้อไฟ พหลโยธิน54/4,Sai Mai District,Cafe,no,Low,0,,,,,openstreetmap,1,+66944025765,57 ถนน พหลโยธิน,10220,overture (meta),overture:22efafcd-271c-4b68-9f27-fbbc7847f899
ainooyodpark@gmail.com,ราดหน้ายอดผักสายไหม,ราดหน้ายอดผักสายไหม,Sai Mai District,Asian; Thai,no,Low,0,,,,,openstreetmap,1,+6625320849,"3, 199 Sai Mai Rd",10220,overture (meta),overture:94abd4d6-204c-4c08-9819-fd5530f8bca3
padipat_2802@hotmail.com,ร้าน คิงแอนด์คูน อาหารอีสานและ ก๋วยจั๊บญวน,ร้าน คิงแอนด์คูน อาหารอีสานและ ก๋วยจั๊บญวน,Sai Mai District,Restaurant,no,Low,0,,,,,openstreetmap,1,+66659497992,129/14 การเคหะพรพระร่วงประสิทธิ์ แขวงออเงิน เขตสายไหม กทม.,10220,overture (meta),overture:e3da975b-7147-467d-a9fd-503bd4520da4
jae.beer.sam.03@gmail.com,ร้าน เจ๊เบียร์ เจ้าเก่าสายไหม3,ร้าน เจ๊เบียร์ เจ้าเก่าสายไหม3,Sai Mai District,Restaurant,no,Low,0,,,,,openstreetmap,1,+66961746429,WJFP+89R ซอย สายไหม 3 แขวงสายไหม เขตสายไหม กรุงเทพมหานคร 10220,10220,overture (meta),overture:19e81ab5-278b-4720-9f83-d10f11cad2bc
tartar1kung@gmail.com,ร้านกระเพราถาดพุงแตก,ร้านกระเพราถาดพุงแตก,Sai Mai District,Asian; Thai,no,Low,0,,,,,openstreetmap,1,+66949906001,131/43 ซอย หมู่บ้านสัมพันธ์,10220,overture (meta),overture:c06bdaf1-58ae-4581-9dd7-054377bdcaf0
wichai7889@gmail.com,ร้านก๋วยจั๊บญวนลีญวน,ร้านก๋วยจั๊บญวนลีญวน,Sai Mai District,Restaurant,no,Low,0,,,,,openstreetmap,1,+66843996653,3 ถนน สายไหม,10220,overture (meta),overture:52bab5c2-8180-424e-88e5-a94f28319ed1
punpun3040@hotmail.co.th,ร้านก๋วยเตี่ยวเรืออยุธยา รสเด็ด แยกไฟแดง วงศกร,ร้านก๋วยเตี่ยวเรืออยุธยา รสเด็ด แยกไฟแดง วงศกร,Sai Mai District,Restaurant,no,Low,0,,,,,openstreetmap,1,+66972431059,ถนน​ สายไหม​ 83​ แยกไฟแดง วงศกร,10220,overture (meta),overture:eba43605-29d6-4351-a3c1-3532fa8a31fa
pong_416@hotmail.com,ร้านก๋วยเตี๋ยวญวน,ร้านก๋วยเตี๋ยวญวน,Sai Mai District,Asian,no,Low,0,,,,,openstreetmap,1,+66866686332,,10210,overture (meta),overture:40bb5c89-98e9-4291-a4cc-f399b6880ab0
siwawat.phol@gmail.com,ร้านก๋วยเตี๋ยวบ้านสวนริมน้ำ สายไหมซอย1,ร้านก๋วยเตี๋ยวบ้านสวนริมน้ำ สายไหมซอย1,Sai Mai District,Restaurant,no,Low,0,,,,,openstreetmap,1,+66816728086,5/10 หมู่ 5 ซอยสายไหม 1 ถนนสายไหม แขวงสายไหม เขตสายไหม ,10220,overture (meta),overture:985f8db1-c630-448c-9028-855a746e2eab
papamamamydear@hotmail.com,ร้านก๋วยเตี๋ยวหมูมะนาวชามโต,ร้านก๋วยเตี๋ยวหมูมะนาวชามโต,Sai Mai District,Asian; Japanese,no,Low,0,,,,,openstreetmap,1,+66894540159,47 ซ. จตุโชติ,10220,overture (meta),overture:996fca6c-486f-4d6d-9324-e6b8bf8d165c
nueachonkai@gmail.com,ร้านก๋วยเตี๋ยวเนื้อชนไก่,ร้านก๋วยเตี๋ยวเนื้อชนไก่,Sai Mai District,Restaurant,no,Low,0,,,,,openstreetmap,1,+66838166676,ถนนสายไหม,10220,overture (meta),overture:a4beacbd-3db9-4285-b10e-c3e2cb170e63
aun213a@gmail.com,ร้านข้าวขาหมูก๋วยจั๊บแม่วันดี by อั๋นวงศกร,ร้านข้าวขาหมูก๋วยจั๊บแม่วันดี by อั๋นวงศกร,Sai Mai District,Restaurant,no,Low,0,,,,,openstreetmap,1,+66649788749,48/117เขต,10220,overture (meta),overture:e3309eb1-69d2-4f07-aa23-4b4e84ff580a
tomoasushi@gmail.com,ร้านข้าวมันไก่อาฉี,ร้านข้าวมันไก่อาฉี,Sai Mai District,Asian; Thai,no,Low,0,,,,,openstreetmap,1,+66825626179,1,10220,overture (meta),overture:aaa2979d-549f-42fb-8889-1bd3f301ad66
sanallday@hotmail.com,ร้านข้าวหมูทอดเจ๊อ้อม กะเพราแซบ,ร้านข้าวหมูทอดเจ๊อ้อม กะเพราแซบ,Sai Mai District,Asian; Thai,no,Low,0,Local,,https://www.wongnai.com/restaurants/419565QO-%E0%B8%82%E0%B9%89%E0%B8%B2%E0%B8%A7%E0%B8%AB%E0%B8%A1%E0%B8%B9%E0%B8%97%E0%B8%AD%E0%B8%94%E0%B9%80%E0%B8%88%E0%B9%8A%E0%B8%AD%E0%B9%89%E0%B8%AD%E0%B8%A1,jokepae8214@gmail.com; poonyduckfixed@gmail.com; xiangteaandcoffee@gmail.com; aommy2528@gmail.com; leon_1955@hotmail.co.uk; mongwaiprom@gmail.com; srisuphat.s@gmail.com; apicha.kunp@gmail.com,openstreetmap,1,+66647329364,3/172,10220,overture (meta),overture:7dcea55e-72ab-4e70-90d2-6eabd9de6685
wiranchada@gmail.com,ร้านข้าวแกงพุงกางจตุโชติ,ร้านข้าวแกงพุงกางจตุโชติ,Sai Mai District,Restaurant,no,Low,0,,,,,openstreetmap,1,,27/4 ซ. จตุโชติ,10220,overture (meta),overture:325e784f-341f-4d41-8125-821397665b99
taeng10220@gmail.com,ร้านข้าวแกงแตงสุพรรณ,ร้านข้าวแกงแตงสุพรรณ,Sai Mai District,Restaurant,no,Low,0,,,,,openstreetmap,1,+66819129817,14/9 Vacharapol 12 Alley,10220,overture (meta),overture:7067bedf-7296-4ebd-9cab-48917bebb7ec
nineteen.new@gmail.com,ร้านครัวสวนผัก,ร้านครัวสวนผัก,Sai Mai District,Restaurant,no,Low,0,,,,,openstreetmap,1,+66859065585,"แขวง สายไหม เขต สายไหม, 107 Sai Mai Rd",10220,overture (meta),overture:2c7ae32c-4812-482e-9463-d599d3b28084
chabaha@hotmail.com,ร้านชาบาฮูไม่ดังแต่หรอย,ร้านชาบาฮูไม่ดังแต่หรอย,Sai Mai District,Cafe,no,Low,0,,,,,openstreetmap,1,+66946543752,540 18 Soi Phoem Sin 17,10220,overture (meta),overture:b4026ec6-1802-41a9-b0d0-75d99ff83e1f
sahathana@hotmail.co.th,ร้านทัพฟ้า ข้าวต้ม คาราโอเกะ,ร้านทัพฟ้า ข้าวต้ม คาราโอเกะ,Sai Mai District,Asian; Thai,no,Low,0,,,,,openstreetmap,1,+6620061771,59/5 ถนน พหลโยธิน,10220,overture (meta),overture:e5207cfe-4005-4b8a-bf0f-ff23e4ab89b8
somtoy35@gmail.com,ร้านทาโกะบ้านเรา ตลาดเทพทิพย์ สายไหม ซอย6,ร้านทาโกะบ้านเรา ตลาดเทพทิพย์ สายไหม ซอย6,Sai Mai District,Bar,no,Low,0,,,,,openstreetmap,1,+66838758872,6 ถนน สายไหม,10220,overture (meta),overture:7052cc93-c74a-4c26-b19a-e7d70385765a
talaythai.wongsakorn@gmail.com,ร้านนูรีนทะเลไทย ตลาดวงศกร,ร้านนูรีนทะเลไทย ตลาดวงศกร,Sai Mai District,Asian; Thai,no,Low,0,,,,,openstreetmap,1,+66824325391,,,overture (meta),overture:13787773-3daa-4f00-9404-b4a3b33ad8ac
burintapianraikang@gmail.com,ร้านบุรินทร์ สายไหม 3/1 - ตรงข้ามซอยสายไหม 4,ร้านบุรินทร์ สายไหม 3/1 - ตรงข้ามซอยสายไหม 4,Sai Mai District,Takeaway,no,Low,0,,,,,openstreetmap,1,+66613969729,3 ถนน สายไหม,10220,overture (meta),overture:8db6bb2b-a24a-4a97-ae2e-19c4ebfe2c5c
papitchayasodsan@gmail.com,ร้านบ้านแพรว,ร้านบ้านแพรว,Sai Mai District,Restaurant,no,Low,0,,,,,openstreetmap,1,+66654145040,170/37 ซอย ธารา 12,10220,overture (meta),overture:cc6436a1-b875-49aa-8d61-a0649bd01ceb
kanda.s1818@gmail.com,ร้านปั่น ปัง ปิ้ง,ร้านปั่น ปัง ปิ้ง,Sai Mai District,Restaurant,no,Low,0,,,,,openstreetmap,1,+66846686665,พหลโยธิน 52,10220\n,overture (meta),overture:b5a38b83-539a-4428-be92-91ea29a37cd8
baanrabiangbueng@gmail.com,ร้านระเบียงบึง,ร้านระเบียงบึง,Sai Mai District,Asian; Thai,no,Low,0,,,,,openstreetmap,1,+66934626042,300/203 ถนนเทพรักษ์ ซอย 36,10220,overture (meta),overture:cb6aa59b-01a3-475b-ad7d-d2e7bb89af17
nestumfew@gmail.com,ร้านลองแดก ตลาดเทพทิพย์สายไหมซ.6,ร้านลองแดก ตลาดเทพทิพย์สายไหมซ.6,Sai Mai District,Restaurant,no,Low,0,,,,,openstreetmap,1,+66634966263,ตลาดเทพทิพย์ สายไหม6 ( หน้าตลาดติริมถนนใหญ่),10220,overture (meta),overture:cd816c1c-7ff4-4c37-a13a-8a7e793b49bd
archankamfoei@gmail.com,ร้านลาบจุ่มแซบเมืองช้าง,ร้านลาบจุ่มแซบเมืองช้าง,Sai Mai District,Restaurant,no,Low,0,,,,,openstreetmap,1,+66844152846,20/1 Sukhaphiban 5 Road,10220,overture (meta),overture:89ceb742-c128-468f-956e-b236653f396b
sibphud533@gmail.com,ร้านสองพี่น้องเบเกอรี่สาขา4,ร้านสองพี่น้องเบเกอรี่สาขา4,Sai Mai District,Bakery,no,Low,0,,,,,openstreetmap,1,+66639645192,56/3 พหลโยธิน 54/1 แยก 4-5,10220,overture (meta),overture:5fcc994b-619c-451b-bee8-08f78ed90245
sram6641@gmail.com,ร้านสาม สายไหม,ร้านสาม สายไหม,Sai Mai District,Restaurant,no,Low,0,,,,,openstreetmap,1,+66634487333,222/16,10220,overture (meta),overture:ac6c4bf5-e28f-455f-bbe0-620b1d4d1897
sarasa_cafe@gmail.com,ร้านสารสา คาเฟ่,ร้านสารสา คาเฟ่,Sai Mai District,Restaurant,no,Low,0,,,,,openstreetmap,1,+66984133936,เทพรักษ์ 12,10220,overture (meta),overture:f70e20ed-6b5c-4dce-9c88-54846fcaca5e
namtip.wo@gmail.com,ร้านส้มตำดอกคูน,ร้านส้มตำดอกคูน,Sai Mai District,Asian; Thai,no,Low,0,,,,,openstreetmap,1,+66645632891,Vacharapol 4 Alley,10220,overture (meta),overture:bc4dad4b-2a20-4502-97af-490759e5349c
smphechrxinthrna@gmail.com,ร้านหมูทอดไข่ตูมสาขาสายไหม,ร้านหมูทอดไข่ตูมสาขาสายไหม,Sai Mai District,Restaurant,no,Low,0,,,,,openstreetmap,1,+66660124347,48/172 สายไหม 84/4,10220,overture (meta),overture:c4a8cb9b-33b6-4c0b-88f6-836bec1f5a45
supamitton2529@gmail.com,ร้านอีสานตำร้าน9,ร้านอีสานตำร้าน9,Sai Mai District,Restaurant,no,Low,0,,,,,openstreetmap,1,+66656817022,437/124 SamphanVilla Alley,10220,overture (meta),overture:dca42e31-d692-4e54-a60d-4d39f13010be
sorraphol14@gmail.com,ร้านฮักกุ้ง,ร้านฮักกุ้ง,Sai Mai District,Seafood,no,Low,0,,,,,openstreetmap,1,+66891344096,Phahonyothin 54,10220,overture (meta),overture:43e6d4da-ac85-4ced-9fdb-0e70498629e7
ppchai@hotmail.com,ร้านเจ้าขุนไข่สด จำหน่าย ข้าวสาร น้ำดื่ม น้ำมัน ฯลฯ สาขาตลาดเอสทีเพิ่มสิน,ร้านเจ้าขุนไข่สด จำหน่าย ข้าวสาร น้ำดื่ม น้ำมัน ฯลฯ สาขาตลาดเอสทีเพิ่มสิน,Sai Mai District,Asian; Thai,no,Low,0,,,,,openstreetmap,1,+66627915464,53 เพิ่มสิน,10220,overture (meta),overture:dc4ba970-28f0-425f-b063-f3ad79795218
mai_rainny@hotmail.com,ร้านแซ่บริมด่วน,ร้านแซ่บริมด่วน,Sai Mai District,Restaurant,no,Low,0,,,,,openstreetmap,1,+66641159691,27/21,10220,overture (meta),overture:f02b0f41-a3a0-4eee-a999-f4493890302a
mankarn44@hotmail.com,ร้านแซ่บอีสาน กรุงเทพ,ร้านแซ่บอีสาน กรุงเทพ,Sai Mai District,Restaurant,no,Low,0,,,,,openstreetmap,1,+66943175222,99 271 Soi Mu Ban Ma Ruai 1,10220,overture (meta),overture:aa20ffdd-e6c1-40b1-8b4d-b70627c6a30e
bellzii-22@hotmail.com,ลองหน่อยเตี๋ยวจันท์,ลองหน่อยเตี๋ยวจันท์,Sai Mai District,Asian; Japanese,no,Low,0,,,,,openstreetmap,1,+66645016564,132/2 ซอย12,10220,overture (meta),overture:b0e8a720-1528-4a3c-a2e1-2d50851e9f3c
arunboonsri@gmail.com,ลาภลุงกับป้า ตลาดนัดสายไหม 49/1,ลาภลุงกับป้า ตลาดนัดสายไหม 49/1,Sai Mai District,Restaurant,no,Low,0,,,,,openstreetmap,1,+66908875810,49/1 ถนน สายไหม,10220,overture (meta),overture:7fb744c0-de17-458e-908f-b79de93ac2cd
pangmakmae2020@gmail.com,ลาวโคราชLaokorat,ลาวโคราชLaokorat,Sai Mai District,Restaurant,no,Low,0,,,,,openstreetmap,1,+66954542966,,,overture (meta),overture:1026bc91-6f57-49af-91b0-7972d8cb25c2
kalamug1569@gmail.com,ลิ่ว-ชา Liu' Cha,ลิ่ว-ชา Liu' Cha,Sai Mai District,Cafe,no,Low,0,,,,,openstreetmap,1,+66654154089,25/8 Sukhaphiban 5 Soi 49,10220,overture (meta),overture:93c9a9cd-cf85-4c00-8654-caa554693ede
lcjptt1@gmail.com,ลูกชิ้นจัง ปั๊มน้ำมันเอสโซ่ ถ.เทพรักษ์,ลูกชิ้นจัง ปั๊มน้ำมันเอสโซ่ ถ.เทพรักษ์,Sai Mai District,Cafe,no,Low,0,Local,,https://lin.ee/6eVYtpO,support@wongnai.com,openstreetmap,1,+66621683269,Thep Rak Rd,10220,overture (meta),overture:6dc838ff-c40c-4600-bbbb-21ee57003503
irabby2530@gmail.com,ลูกมะพร้าว - cocoseed.th,ลูกมะพร้าว - cocoseed.th,Sai Mai District,Restaurant,no,Low,0,,,,,openstreetmap,1,+66969954642,VJMV+9G Bangkok,10220,overture (meta),overture:74e02d6b-3fb0-48cd-9cfe-8452361e38d1
pedwansaya88@gmail.com,วรรสญาเป็ดย่างเลิศรส,วรรสญาเป็ดย่างเลิศรส,Sai Mai District,Restaurant,no,Low,0,,,,,openstreetmap,1,+66863059585,119/38 ซอย 2,10220,overture (meta),overture:33f23581-58e4-45c8-bc50-e44f3e40da89
whalepahol52@gmail.com,วาฬ สาขาพหลฯ52,วาฬ สาขาพหลฯ52,Sai Mai District,Restaurant,no,Low,0,,,,,openstreetmap,1,+66899844714,363/133 ,10220,overture (meta),overture:ae4c3076-cbf5-463b-87af-139116e51932
saranyaphorn86saya@gmail.com,ศรัณยา หมูกะทะ เตาถ่าน,ศรัณยา หมูกะทะ เตาถ่าน,Sai Mai District,Restaurant,no,Low,0,,,,,openstreetmap,1,+66650405421,ตลาดนัดสายไหม แขวงสายไหม เขตสายไหม กรุงเทพมหานคร 10220,10220,overture (meta),overture:0e75846e-ee7a-4f31-a820-ade99a2a9fbf
srifa.twinteatime@gmail.com,ศรีฟ้าเบเกอรี่ สาขา สายไหม,ศรีฟ้าเบเกอรี่ สาขา สายไหม,Sai Mai District,Bakery,no,Low,0,,,,,openstreetmap,1,+66800474974,222 Sai Mai Rd,10220,overture (meta),overture:54c416a5-7b49-4048-b632-67ecd7eea1f6
lanleklek2561@gmail.com,ศูนย์อาหารโพธิ์เพิ่มทรัพย์ - สุขาภิบาล5,ศูนย์อาหารโพธิ์เพิ่มทรัพย์ - สุขาภิบาล5,Sai Mai District,Restaurant,no,Low,0,,,https://line.me/ti/p/KjDHlEnOYO,,openstreetmap,2,+66972942409,ถนนสุขาภิบาล 5 ตรงข้ามบิ๊กซีมาเก็ต,10220,overture (meta),overture:875b52e6-b52d-4d92-9859-41ac4cd4d05e
tinsakulpachara@gmail.com,สตูล แกงใต้,สตูล แกงใต้,Sai Mai District,Restaurant,no,Low,0,,,,,openstreetmap,1,+66963924569,"65, 1 Sai Mai Rd",10220,overture (meta),overture:cccfd715-abd9-4d8f-9dc7-cbdf7a003558
thongdang111@hotmail.com,สปาเก็ตตี้พี่กันต์,สปาเก็ตตี้พี่กันต์,Sai Mai District,Restaurant,no,Low,0,,,,,openstreetmap,1,+66950519449,,,overture (meta),overture:8bb634b3-5356-49d9-ac01-d6b87a4e48de
saranbysaran@gmail.com,สราญ by Saran,สราญ by Saran,Sai Mai District,Restaurant,no,Low,0,,,,,openstreetmap,1,+6621587325,,,overture (meta),overture:558c206f-2917-4a80-9410-9056df20f8f4
galaxymonday85@gmail.com,สวนสนามคาเฟ่ สายไหม46,สวนสนามคาเฟ่ สายไหม46,Sai Mai District,Bakery,no,Low,0,,,,,openstreetmap,1,+66802647124,ร้านอยู่ในซอย สายไหม 46 ด้านหลังสนามบอล,,overture (meta),overture:5bf038ec-3bf9-43ba-99da-d11d4fc7fcb3
saiwaanthai@gmail.com,สายหวานบ้านขนม,สายหวานบ้านขนม,Sai Mai District,Cafe,no,Low,0,,,,,openstreetmap,1,+66863382264,89/201 หมู่บ้านคาซ่าซิตี้ วัชรพล-เพิ่มสิน2 (ตรงข้ามสวนน้ำสายไหม Thanon Phoem Sin,10220,overture (meta),overture:f6a54096-750e-454a-82fb-58c0588eacae
singsabbq@gmail.com,สิงสา-บาร์บีคิว,สิงสา-บาร์บีคิว,Sai Mai District,Restaurant,no,Low,0,,,https://line.me/R/ti/p/%40kca9945w,,openstreetmap,1,,6/321 Thim Rueang Wet Soi 1/1,10220,overture (meta),overture:8769ef5c-5743-4e61-8109-5d0b93a86ea0
sukisamyan@gmail.com,สุกี้สามย่าน เพิ่มสิน-วัชรพล,สุกี้สามย่าน เพิ่มสิน-วัชรพล,Sai Mai District,Takeaway,no,Low,0,,,,,openstreetmap,1,+66659893690,ตลาดSTเพิ่มสิน,10220,overture (meta),overture:ef18e7b9-6196-4865-80e7-873b585bbb86
sukitaiya69@gmail.com,สุกี้ไท่หย่า Suki Taiya 泰雅火锅,สุกี้ไท่หย่า Suki Taiya 泰雅火锅,Sai Mai District,Restaurant,no,Low,0,,,,,openstreetmap,1,+66948136888,"96 Theparak Road, Khlong Thanon Subdistrict, 96 Thep Rak Rd",10220,overture (meta),overture:c9b7be4e-f800-494c-b623-c20c06cb31e6
yadatreesamut.2546@gmail.com,สเต็กอาม่า,สเต็กอาม่า,Sai Mai District,Restaurant,no,Low,0,,,,,openstreetmap,1,+956543361,ถนนเทพรักษ์,10220,overture (meta),overture:e9ef17a6-e586-4b37-a39c-9fde353751c7
yimpui@hotmail.com,ส้มตำ ป.1,ส้มตำ ป.1,Sai Mai District,Asian; Thai,no,Low,0,,,,,openstreetmap,1,+66868561393,50/7 ถนน หทัยราษฎร์,12150,overture (meta),overture:c594b758-9fd6-44ce-9d00-a94040181ef9
ketphan21@gmail.com,ส้มตำคาเฟ่,ส้มตำคาเฟ่,Sai Mai District,Restaurant,no,Low,0,,,,,openstreetmap,1,+66988585056,หมู่บ้านศิรินคร พหลโยธิน 54/1 แยก1,10220,overture (meta),overture:502af804-0db7-49b0-b581-085d797545f1
ssom_tung@hotmail.com,ส้มตำป.1/41ตลาดเอซีสายไหม,ส้มตำป.1/41ตลาดเอซีสายไหม,Sai Mai District,Restaurant,no,Low,0,,,,,openstreetmap,1,+66852540808,ตลาดเอซีสายไหม,10220,overture (meta),overture:9ba00f6e-e71b-4a0c-914b-785378ae1b8b
rachanbas23@gmail.com,ส้มตำรวมใจอีสาน,ส้มตำรวมใจอีสาน,Sai Mai District,Restaurant,no,Low,0,,,,,openstreetmap,1,+66876914322,เลขที่ 363/174 ซ. พหลโยธิน 52,10220,overture (meta),overture:159b418e-5eef-4785-84fa-f6071dd01e7c
fahatt1120@gmail.com,หมวย ข้าวผัด,หมวย ข้าวผัด,Sai Mai District,Restaurant,no,Low,0,,,,,openstreetmap,1,+66838969161,ถนนสายไหม,10220,overture (meta),overture:e01f05f9-9db4-4107-ae98-a2391b4d97d5
morchen89@gmail.com,หมอเฉิน สมุนไพรจีนไทย,หมอเฉิน สมุนไพรจีนไทย,Sai Mai District,Asian; Thai,no,Low,0,,,http://www.morchenherb.com/,,openstreetmap,1,+66847255757,48/110 สายไหม 84/3,10220,overture (meta),overture:5582cbd9-7e23-43a7-9f5b-c75b317b4071
noiiroong@gmail.com,หมีพ่นไฟ สาขาบิ๊กซีสายไหม (ย้ายมาสายไหม64),หมีพ่นไฟ สาขาบิ๊กซีสายไหม (ย้ายมาสายไหม64),Sai Mai District,Restaurant,no,Low,0,,,https://lin.ee/G9xPTSK,,openstreetmap,1,+66959908307,117 148 ซอย สายไหม 64,10220,overture (meta),overture:bf0aa722-a387-4f02-bbfd-1bd5d34eb0e8
suppongprasert@gmail.com,หมูกรอบฮ่องกง แหลมฉบัง -ตรงข้ามวัดแหลมทอง,หมูกรอบฮ่องกง แหลมฉบัง -ตรงข้ามวัดแหลมทอง,Sai Mai District,Restaurant,no,Low,0,,,,,openstreetmap,1,+66951916286,ถนนเพิ่มสิน,10220,overture (meta),overture:39bb551d-c211-41bb-bad6-8f5b0c3b0a80
peerawut.ke17@gmail.com,หมูทอดปังตอ,หมูทอดปังตอ,Sai Mai District,Restaurant,no,Low,0,,,,,openstreetmap,1,+66626721748,36 5 อยู่ในตลาดออเป้ง 14 ซ. จตุโชติ,10220,overture (meta),overture:a8b026a7-1f79-4a6d-b651-2ce0e0f0e23e
mootodjaejonggroup@gmail.com,หมูทอดเจ๊จง สาขาวัชรพล,หมูทอดเจ๊จง สาขาวัชรพล,Sai Mai District,Restaurant,no,Low,0,,,,,openstreetmap,1,+66846722919,เลขที่ 216/9 ถ. วัชรพล,10220,overture (meta),overture:206c8ca0-0759-4695-a6a6-3e81656e0af5
3pigcooktoorder@gmail.com,หมูสามตัวอาหารตามสั่ง,หมูสามตัวอาหารตามสั่ง,Sai Mai District,Restaurant,no,Low,0,,,,,openstreetmap,1,+66866296504,ลีลาวดี ข้าง 7-11 Wat Ko Alley,10220,overture (meta),overture:351ebd7e-6c8c-4a5a-a400-d0a81bd4b7d5
achara2311@hotmail.com,หมู่จุ่ม ชาละวัน 2,หมู่จุ่ม ชาละวัน 2,Sai Mai District,Asian; Thai,no,Low,0,,,,,openstreetmap,1,+66923615910,,10210,overture (meta),overture:df2309a8-da04-4f2d-b0ed-4468138d7f76
mala.spm02@gmail.com,หม่าล่าตระกูลเฉิน สะพานใหม่,หม่าล่าตระกูลเฉิน สะพานใหม่,Sai Mai District,Restaurant,no,Low,0,Local,,https://www.saphanmai.com/mala-spm/,,openstreetmap,1,+66966326955,300 184-185 Thep Rak Rd,10220,overture (meta),overture:088ed578-d1ab-4ca6-883a-b059ad26e27f
mummumisanzab@gmail.com,หม่ำหม่ำอีสานแซ่บ,หม่ำหม่ำอีสานแซ่บ,Sai Mai District,Restaurant,no,Low,0,Local,,https://sites.google.com/view/mummumisanzab,,openstreetmap,1,+66825599251,88 ถ. กาญจนาภิเษก แขวงออเงิน เขตสายไหม ,10220,overture (meta),overture:c75c384b-a1c4-45ee-8ae6-93f4e6a3cc98
khimaree23@gmail.com,หรอยจังฮู้ แกงใต้นครศรีฯ สาขาสายไหม76,หรอยจังฮู้ แกงใต้นครศรีฯ สาขาสายไหม76,Sai Mai District,Restaurant,no,Low,0,,,,,openstreetmap,1,+66819200573,76-78 Sai Mai Rd,10220,overture (meta),overture:2058afd4-a03d-4c17-919a-eb38289c6591
thaweesaksomgerd@gmail.com,หอมหอย ซีฟู้ด,หอมหอย ซีฟู้ด,Sai Mai District,Seafood,no,Low,0,,,,,openstreetmap,1,+66980593448,ตลาดออเงิน,10220,overture (meta),overture:d289dee1-a239-4227-ac61-c62cb556b16a
prarakanont07@gmail.com,อบไออุ่น 2 - สาขารังสิต,อบไออุ่น 2 - สาขารังสิต,Sai Mai District,Cafe,no,Low,0,,,,,openstreetmap,1,+66838882234,3 ซอย พหลโยธิน 54/1,10220,overture (meta),overture:1610eb6b-0fd6-4878-9bb0-1eaf41e810a7
taotjsl@hotmail.com,อย่างมันส์ หมูกระทะ ปิ้งย่าง ออเงิน-สายไหม,อย่างมันส์ หมูกระทะ ปิ้งย่าง ออเงิน-สายไหม,Sai Mai District,Restaurant,no,Low,0,,,,,openstreetmap,1,+66818604066,สุขาภิบาล5,10220,overture (meta),overture:7bff30ce-684b-43df-bae9-4c1443b8e44c
wanmaitangtang@hotmail.com,ออเป้ง เพลส,ออเป้ง เพลส,Sai Mai District,Restaurant,no,Low,0,,,,,openstreetmap,1,+66944649474,ออเป้ง เพลส ถ. จตุโชติ,10220,overture (meta),overture:85c41cec-afdf-484a-9957-2fdec00e0bc2
leta88leta@gmail.com,อัมรินทร์เย็นตาโฟ,อัมรินทร์เย็นตาโฟ,Sai Mai District,Takeaway,no,Low,0,,,,,openstreetmap,1,+66989552966,29 ถนน พหลโยธิน,10220,overture (meta),overture:aa3b88ec-5d09-4603-9e64-936bbf4ab666
apasaimai63@gmail.com,อาป๋ากุ้งย่างเกาหลี สายไหม,อาป๋ากุ้งย่างเกาหลี สายไหม,Sai Mai District,Restaurant,no,Low,0,,,,,openstreetmap,1,+66885942738,,10220,overture (meta),overture:bd840de8-e2a2-47b9-8918-8a6c03dca142
bnitiwat_41@hotmail.com,อาหารตามสั่ง ตำแซ่บปากเบิร์น,อาหารตามสั่ง ตำแซ่บปากเบิร์น,Sai Mai District,Restaurant,no,Low,0,Local,,https://wongn.ai/21WbMW,support@lmwn.com; pr@lmwn.com,openstreetmap,1,+66855655753,หมู่บ้านรุ่งเรืองเฮ้าส์ 116/182 (หน้าซอย4 Soi Thian Suan,10220,overture (meta),overture:e517bf03-d78a-4826-afc0-25bdbb0acfb5
imsuk.mookrata@gmail.com,อิ่มสุข หมูกระทะ เพิ่มสิน,อิ่มสุข หมูกระทะ เพิ่มสิน,Sai Mai District,Restaurant,no,Low,0,,,,,openstreetmap,1,+66927892900,29/4 ถนน เพิ่มสิน,10220,overture (meta),overture:d83cf3c3-59c1-4930-89f3-510ff82ddf0d
aphateenoi12@gmail.com,อ๋าป๋า ราชาย่างเกาหลี สาขาสายไหม,อ๋าป๋า ราชาย่างเกาหลี สาขาสายไหม,Sai Mai District,Asian; Thai,no,Low,0,,,,,openstreetmap,1,+66817345718,52/5 ถนน สายไหม,10220,overture (meta),overture:838d678f-ab3d-4725-bc1a-234ccdea33ac
anukulchaiyaket06@gmail.com,ฮักยำ Hug Yum ริมคลอง,ฮักยำ Hug Yum ริมคลอง,Sai Mai District,Restaurant,no,Low,0,,,,,openstreetmap,1,+66897459536,ร้านฮักยำ,,overture (meta),overture:406b7390-f989-48ae-9687-4172e8c1c52e
sukhaphibank5@gmail.com,เขียง,เขียง,Sai Mai District,Asian; Thai,no,Low,0,,,,,openstreetmap,1,+66855388034,8 Soi Su Kha Phi Ban 5 Soi 46,10220,overture (meta),overture:5724fb1c-ec11-4b68-a871-1b0a72af4810
thunjiraptim@gmail.com,เครปบุฟเฟต์ สายไหมอเวนิว,เครปบุฟเฟต์ สายไหมอเวนิว,Sai Mai District,Restaurant,no,Low,0,,,,,openstreetmap,1,+66982235151,,,overture (meta),overture:91c2eacb-a535-4eeb-8642-cdf7ba917cb8
natthinand29@gmail.com,เครปยิ่งเจริญ สำนักงานใหญ่,เครปยิ่งเจริญ สำนักงานใหญ่,Sai Mai District,Restaurant,no,Low,0,,,http://crepe-yingcharoen-nr.lnwshop.com/,,openstreetmap,1,+66935169964,99 ถนน สายไหม,10220,overture (meta),overture:0372b62a-07c1-4717-be22-38ebcc373820
familycorner999@gmail.com,เจ้าแก้ว นวดเสริมความงาม,เจ้าแก้ว นวดเสริมความงาม,Sai Mai District,Cafe,no,Low,0,,,https://line.me/ti/p/NBudZEhi_L,,openstreetmap,1,+66615429855,ถนนสุขาภิบาล 5,10220,overture (meta),overture:54cfd9ae-4cca-4636-a6af-3931438dd014
boythezeed@gmail.com,เจ๊นกชิคเก้นคาเฟ่,เจ๊นกชิคเก้นคาเฟ่,Sai Mai District,Cafe,no,Low,0,,,,,openstreetmap,1,+66618585561,,,overture (meta),overture:b03c55f0-73e8-4ab6-a977-e618e2901f6c
jehaunfood@gmail.com,เจ๊อ้วนข้าวหมกไก่,เจ๊อ้วนข้าวหมกไก่,Sai Mai District,Asian; Thai,no,Low,0,,,,,openstreetmap,1,+66929934795,พหลโยธิน 58,10220,overture (meta),overture:426a791a-3036-43ce-94c4-84e40133aa61
jokkongprab@gmail.com,เจ๊เกียงโจ๊กกองปราบ สายไหม,เจ๊เกียงโจ๊กกองปราบ สายไหม,Sai Mai District,Restaurant,no,Low,0,,,,,openstreetmap,1,+66659248492,123 Sai Mai Rd,10220,overture (meta),overture:c5b04e4e-b3d8-421e-9d60-19dfa1969124
boonlearn.a2513@gmail.com,เจ๊แห้งต้มเลือดหมูตี 2,เจ๊แห้งต้มเลือดหมูตี 2,Sai Mai District,Restaurant,no,Low,0,,,,,openstreetmap,1,,เพิ่มสินซอย18,10220\n,overture (meta),overture:f790d786-1459-477e-8ad6-73c02723048a
thanachotk52@gmail.com,เจ๊ใหญ่บุฟเฟ่ต์ สาขาสายไหม,เจ๊ใหญ่บุฟเฟ่ต์ สาขาสายไหม,Sai Mai District,Restaurant,no,Low,0,,,,,openstreetmap,1,+66622606466,เลขที่ 15/25-26 ถนนเพิ่มสิน แขวงออเงิน เขตสายไหม กรุงเทพมหานคร 10220,10220,overture (meta),overture:1e999ba9-7688-4304-890c-935a210fa674
tawan2546.tk@gmail.com,เจ๊ใหญ่บุฟเฟ่ต์ซี่โครงย่าง สายไหม,เจ๊ใหญ่บุฟเฟ่ต์ซี่โครงย่าง สายไหม,Sai Mai District,Restaurant,no,Low,0,,,,,openstreetmap,1,+66622606466,12 ถนน เพิ่มสิน,10220,overture (meta),overture:7e48d87e-93d4-4cd9-a0ed-c6bcf90f0b8e
aniz_pocky@live.com,เฉื่อยชา ช้าแต่อร่อย,เฉื่อยชา ช้าแต่อร่อย,Sai Mai District,Cafe,no,Low,0,,,,,openstreetmap,1,+66994453665,35 Liap Khlong Hok Wa Rd,10220,overture (meta),overture:d83176b9-265b-46c3-a105-d482692c12b6
ccharm.ycharm2023@gmail.com,เช้าชาม เย็นชาม : หมูกรอบ หมูแดง ขาหมู ก๋วยเตี๋ยวต้มยำมะนาวสด,เช้าชาม เย็นชาม : หมูกรอบ หมูแดง ขาหมู ก๋วยเตี๋ยวต้มยำมะนาวสด,Sai Mai District,Restaurant,no,Low,0,,,,,openstreetmap,1,+66811734301,"35, 102 Sai Mai Rd",10220,overture (meta),overture:2200b66c-c71a-4326-946b-4cb3b828c137
anurak6315@gmail.com,เด็กอ้วน ขนมจีน-ไก่ทอด สาขาสายไหม,เด็กอ้วน ขนมจีน-ไก่ทอด สาขาสายไหม,Sai Mai District,Restaurant,no,Low,0,,,,,openstreetmap,1,+66870707393,"ถนน สายไหม, สายไหม, สายไหม, กรุงเทพมหานคร 10220, ประเทศไทย",10220,overture (meta),overture:103fe68f-a07c-4f7a-b5d3-a314ab935071
tnk_d@hotmail.com,เตี๋ยว ตุ๋นตุ๋น,เตี๋ยว ตุ๋นตุ๋น,Sai Mai District,Restaurant,no,Low,0,,,,,openstreetmap,1,+66955619635,"Mai Rd,Saimai soi3, Soi Sai Mai 1",10220,overture (meta),overture:d22ba6a1-9ccf-4ce3-9f0c-c938fd168bdb
poovadone1488@gmail.com,เตี๋ยวกะยำ โบร่ำโบราณ,เตี๋ยวกะยำ โบร่ำโบราณ,Sai Mai District,Seafood,no,Low,0,,,,,openstreetmap,1,+66957527207,เพิ่มสิน,10220,overture (meta),overture:e6ca093b-18dc-48c9-9e4e-82acf5a2ee5c
rossing.noodle@gmail.com,เตี๋ยวต้มยำรสซิ่ง Ros-Sing,เตี๋ยวต้มยำรสซิ่ง Ros-Sing,Sai Mai District,Restaurant,no,Low,0,,,,,openstreetmap,1,+66966517397,59/6 ถนน สายไหม,10220,overture (meta),overture:609e3507-4186-4b3d-8bb5-64ab0bd12ead
teawmaegae@gmail.com,เตี๋ยวแม่แกะ,เตี๋ยวแม่แกะ,Sai Mai District,Asian; Japanese,no,Low,0,,,,,openstreetmap,1,+66802229469,216/3 ถนน วัชรพล,10220,overture (meta),overture:3376b319-1fa4-4f2d-bcea-9718c2123337
parineeparinee26@gmail.com,เนย อาหารตามสั่ง,เนย อาหารตามสั่ง,Sai Mai District,Restaurant,no,Low,0,,,,,openstreetmap,1,+66654031309,Sai Mai Alley 84/4,10220,overture (meta),overture:ede70c74-4fa5-492c-aa34-ee7aed89d2d9
yongyai4149@yahoo.com,เนื้อตุ๋น หมูตุ๋น,เนื้อตุ๋น หมูตุ๋น,Sai Mai District,Restaurant,no,Low,0,Local,,https://wongn.ai/650ge,support@wongnai.com,openstreetmap,1,+66876734848,48/171 หมู่1 ตลาดวงศกร,10220,overture (meta),overture:047e13a7-4357-4ec5-aa8e-8651dd349692
noodlespheimphun@gmail.com,เพิ่มพูนก๋วยเตี๋ยวเรือสูตรอยุธยา,เพิ่มพูนก๋วยเตี๋ยวเรือสูตรอยุธยา,Sai Mai District,Restaurant,no,Low,0,,,,,openstreetmap,1,+66972363623,ถ.สายไหม แขวงสายไหม เขตสายไหม,10220,overture (meta),overture:69e82671-b3ea-4e70-83a4-30b2ba81b871
nattaya5296@gmail.com,เฟิงฟู่ ติ่มซำ丰富,เฟิงฟู่ ติ่มซำ丰富,Sai Mai District,Asian; Chinese,no,Low,0,,,,,openstreetmap,1,+66913205296,59/3 ถนน รัตนโกสินทร์สมโภชน์,10220,overture (meta),overture:fc895482-6ed0-43dc-9349-a6a5e9b9a745
nbyaemp@gmail.com,เมนูเด็กหอ,เมนูเด็กหอ,Sai Mai District,Cafe,no,Low,0,,,,,openstreetmap,1,,183 ถนน เลียบคลองสอง,10220,overture (meta),overture:e5483ff9-f9dc-4e6f-8ec1-2266856c133d
miangplapao@gmail.com,เมี่ยงปลาเผาเก้าแสน,เมี่ยงปลาเผาเก้าแสน,Sai Mai District,Restaurant,no,Low,0,,,,,openstreetmap,1,+66897373179,2/2 ถนน พหลโยธิน,10220,overture (meta),overture:1228932b-ed46-4b9a-8dde-78a0495ca0c9
mengrestaurant2@gmail.com,เม้ง ราชาเป็ดย่าง-เป็ดพะโล้,เม้ง ราชาเป็ดย่าง-เป็ดพะโล้,Sai Mai District,Restaurant,no,Low,0,,,,,openstreetmap,1,+66626496242,39/531 ซอย พหลโยธิน 52,10220,overture (meta),overture:9a5f5684-6a68-4e8f-bc42-e016f26a49de
1000zab01@gmail.com,เย็นตาโฟ 1000 แซ่บ,เย็นตาโฟ 1000 แซ่บ,Sai Mai District,Restaurant,no,Low,0,,,,,openstreetmap,1,+66617457484,3/1 56 Sai Mai 56 Alley,10220,overture (meta),overture:2540639a-c32a-45b2-81bf-1392dec8ab58
sametcrispypork@gmail.com,เสม็ดหมูกรอบ,เสม็ดหมูกรอบ,Sai Mai District,Restaurant,no,Low,0,,,,,openstreetmap,1,+66641624554,,,overture (meta),overture:c22d4de1-0e1a-4597-a02d-26d5ba969e30
csiwapongrojsiri@gmail.com,เส้นสยาม ก๋วยเตี๋ยวต้มยำ,เส้นสยาม ก๋วยเตี๋ยวต้มยำ,Sai Mai District,Asian; Japanese,no,Low,0,,,,,openstreetmap,1,+66885554946,101/133 หมู่ 2 ถนนสายไหม ระหว่างซอย 36 - 38,10220,overture (meta),overture:7c09d6e6-1435-4d2c-a2a1-fbdc41e925cf
saowanee.kao@gmail.com,เอก ต้มยำหัวปลา อาหารตามสั่ง,เอก ต้มยำหัวปลา อาหารตามสั่ง,Sai Mai District,Seafood,no,Low,0,,,,,openstreetmap,1,,91 Chaloem Phong Rd,10220,overture (meta),overture:d5ac5c60-571b-4f41-a2c1-a2412b39d274
hengzaapfoods@gmail.com,เฮง เรือแซ่บ สาขา ออเงิน,เฮง เรือแซ่บ สาขา ออเงิน,Sai Mai District,Restaurant,no,Low,0,,,,,openstreetmap,1,+66918711141,"ตลาดต้นไม้ออเงิน, 11/33 ถนน สุขาภิบาล 5",10220,overture (meta),overture:1ef28f4a-10f5-4ef0-923e-4ebedeec28b0
sumet5135@gmail.com,เฮงข้าวมันไก่,เฮงข้าวมันไก่,Sai Mai District,Restaurant,no,Low,0,,,,,openstreetmap,1,+66838620916,Sukhaphiban 5 Road,10220,overture (meta),overture:376dd943-0088-4464-832d-a1cda18412a3
omyimshop1@gmail.com,แกงส้ม 1999 by omyimshop,แกงส้ม 1999 by omyimshop,Sai Mai District,Asian; Thai,no,Low,0,Local,,https://shopee.co.th/kindee1?smtt=0.17356275-1654820615.9,,openstreetmap,1,+66640953448,101/97 สายไหม 38,10220,overture (meta),overture:67b06b28-fd73-44af-a046-558b138391e3
leo-kaew_tan@hotmail.com,แก้วข้าวมันไก่ตอน,แก้วข้าวมันไก่ตอน,Sai Mai District,Restaurant,no,Low,0,,,,,openstreetmap,1,+66959529454,เลขที่ 201/2,10220,overture (meta),overture:a044abff-5243-433e-95e5-48fafcd6f594
mayureeyungyoun@gmail.com,แจ่วฮ้อนหนองคาย,แจ่วฮ้อนหนองคาย,Sai Mai District,Asian; Thai,no,Low,0,,,,,openstreetmap,1,+66813494446,47 13 หมู่2 Sai Mai 36 Alley,10220,overture (meta),overture:1ae692a0-3daa-422a-b9d6-99a5eb8a47dc
pimsing.4470@gmail.com,แซลมอลเซราะกราว,แซลมอลเซราะกราว,Sai Mai District,Restaurant,no,Low,0,Local,,https://static.robinhood.in.th/app_link.html?URI=robinhoodth%3A%2F%2Fmerchantlanding%2Fid%2F151125,,openstreetmap,1,+66922574772,พหลโยธิน,10220,overture (meta),overture:a0aabe18-71b8-4f5c-b241-4d14b4e16bc6
zabzone.watchrapon@gmail.com,แซ่บโซน วัชรพล,แซ่บโซน วัชรพล,Sai Mai District,Restaurant,no,Low,0,,,,,openstreetmap,1,+66985389851,"26,27 แขวงคลองถนน เขตสายไหม ",10220,overture (meta),overture:fe634e14-f127-437a-a848-40678239c455
thegalantpoolvilla@gmail.com,แต่งห้องกัน,แต่งห้องกัน,Sai Mai District,Restaurant,no,Low,0,,,,,openstreetmap,1,+66926667236,,,overture (meta),overture:2ed6a35e-c7e9-4c5b-8912-7f76c4fb6308
nitirut.sir@gmail.com,แทนคุณคาเฟ่,แทนคุณคาเฟ่,Sai Mai District,Cafe,no,Low,0,,,,,openstreetmap,1,+66817216794,375 Chumchon Mu Ban Sue Trong Phahonyothin 52 Alley,10220,overture (meta),overture:1c8043ae-fadf-4b2a-a49b-e5601201d571
faesodmaeon2@gmail.com,แฟสดแม่อร,แฟสดแม่อร,Sai Mai District,Restaurant,no,Low,0,,,,,openstreetmap,1,+66816291608,140 พหลโยธิน 52 แยก 42,10220,overture (meta),overture:f2dd0bc5-9abc-4574-93cf-13b08dd3a1b7
gatai663@gmail.com,แม่ตุ่มหมูทอดพัทยา สาขาคอสโมเมืองทอง,แม่ตุ่มหมูทอดพัทยา สาขาคอสโมเมืองทอง,Sai Mai District,Restaurant,no,Low,0,,,,,openstreetmap,1,+66816450546,,,overture (meta),overture:050717c3-101b-4252-9490-579a1dcae948
raptor.csw@gmail.com,แร๊พเตอร์ซี่โครงหมูอบ,แร๊พเตอร์ซี่โครงหมูอบ,Sai Mai District,Takeaway,no,Low,0,Local,,https://www.wongnai.com/reviews/3d9d171e5bc84fbdade5d16d1070e432,jokepae8214@gmail.com; baankhwamsukcafe68@gmail.com; arkom.ptn17@gmail.com; tanyarat.po@gmail.com; owlcha.official@gmail.com,openstreetmap,1,,ถนน สายไหม แขวง/เขต สายไหม จังหวัด กรุงเทพมหานคร,10220,overture (meta),overture:5bcbda4f-f559-49d8-bb3b-fec82afa7b1e
witchybluely@gmail.com,แหนมเนือง วีทีดอนเมือง ผักสร่ง Vt Donmueang,แหนมเนือง วีทีดอนเมือง ผักสร่ง Vt Donmueang,Sai Mai District,Restaurant,no,Low,0,,,,,openstreetmap,1,+66653659828,26/314-315,10220,overture (meta),overture:bd49377a-7b8e-4e7a-b5cb-373439e027f3
rujiralaidada@gmail.com,แอนเน็กซ์หมูย่างเกาหลี เดลิเวอรี่,แอนเน็กซ์หมูย่างเกาหลี เดลิเวอรี่,Sai Mai District,Asian; Korean,no,Low,0,,,,,openstreetmap,1,+66816006763,569/6 ซอย พหลโยธิน 58 แยก 35,10220,overture (meta),overture:7094520d-d136-4fd4-96a6-007356d8154c
konsiam69@gmail.com,แอบคูล คาเฟ่ แอนด์ สมูทตี้,แอบคูล คาเฟ่ แอนด์ สมูทตี้,Sai Mai District,Restaurant,no,Low,0,,,,,openstreetmap,1,+66998561788,ถนนรามอินทรา,10220,overture (meta),overture:3d3a29e2-7875-4102-9982-471a13fdc4c6
gorotisukhaphiban5@gmail.com,โก โรตีชาชัก,โก โรตีชาชัก,Sai Mai District,Cafe,no,Low,0,,,,,openstreetmap,1,+66955182463,ก่อนถึง Sai Mai 56 Alley,10220,overture (meta),overture:94f69b4b-21d9-4da3-bd95-e39ce964ec9e
goatae1985@gmail.com,โกแต้ ติ่มซำ สุกี้ บุฟเฟต์,โกแต้ ติ่มซำ สุกี้ บุฟเฟต์,Sai Mai District,Cafe,no,Low,0,,,,,openstreetmap,1,+66944265662,,,overture (meta),overture:9a43d8b0-b3b7-42e8-b56c-f269a7acc766
i.basketball@gmail.com,โก๋เหลย & Catch Up Bar,โก๋เหลย & Catch Up Bar,Sai Mai District,Restaurant,no,Low,0,,,,,openstreetmap,1,+66905542661,130 Soi Wichian Klinsukhon,10220,overture (meta),overture:dfff3953-3182-4c7c-b7c1-b8f7b1b1a244
jokmoron@gmail.com,โจ๊กหม้อร้อน,โจ๊กหม้อร้อน,Sai Mai District,Restaurant,no,Low,0,,,,,openstreetmap,1,+66659828649,ถนน เทพรักษ์,10220,overture (meta),overture:812ac7f7-360c-4b57-9964-08632ea65536
tong.kaf@gmail.com,โต้ง บักกุ๊ดเต๋,โต้ง บักกุ๊ดเต๋,Sai Mai District,Cafe,no,Low,0,,,,,openstreetmap,1,+66895222213,โต้ง บักกุ๊ดเต๋,10220,overture (meta),overture:7f3a65bd-c1b7-4c98-84e1-0983a4d8ebba
brothersxp@gmail.com,โนบิชา,โนบิชา,Sai Mai District,Restaurant,no,Low,0,,,,,openstreetmap,1,+66982823204,29 12 Thanon Phoem Sin,10220,overture (meta),overture:c307ddb2-22b2-46be-bf60-e3c99d1dc593
popyong@hotmail.com,โรงคั่วกาแฟ วังน้ำเขียว Light House Cafe’,โรงคั่วกาแฟ วังน้ำเขียว Light House Cafe’,Sai Mai District,Cafe,no,Low,0,,,,,openstreetmap,1,+66952272989,ถนน วัชรพล,10220,overture (meta),overture:bbf81cde-baa7-4356-b1a1-f4f0a61d6d79
baigerncafe@gmail.com,ใบเงิน Cafe,ใบเงิน Cafe,Sai Mai District,Cafe,no,Low,0,,,,,openstreetmap,1,+66639646264,Phaholyothin 54/2,10220,overture (meta),overture:9701b2d3-f051-4304-aa8e-6daee3eecd96
takrowlek@hotmail.com,ไก่ตะคร้อ,ไก่ตะคร้อ,Sai Mai District,Asian; Thai,no,Low,0,,,,,openstreetmap,1,+66812984545,8/888  ซ.เพิ่มสิน 25  คลองถนน สายไหม  ,10220,overture (meta),overture:3b097fa2-eef9-4dc4-9dee-9c7f203728ac
kaitodhatyai2565@gmail.com,ไก่ทอดหาดใหญ่ ไชน่า ชาชัก,ไก่ทอดหาดใหญ่ ไชน่า ชาชัก,Sai Mai District,Restaurant,no,Low,0,,,,,openstreetmap,1,+66642577998,155 แยก7,10220,overture (meta),overture:6449c74b-01ab-4289-8db2-c4481929ca6f
kaiobong15@gmail.com,ไก่อบโอ่งแม่ณี,ไก่อบโอ่งแม่ณี,Sai Mai District,Restaurant,no,Low,0,,,,,openstreetmap,1,+66935817547,49/2 ถ สุขาภิบาล 5 ซ.32,10220,overture (meta),overture:1055a7a8-8709-400b-a2f9-17d85dbf1733
khaiwanponsana@gmail.com,ไข่หวานบ้านซูชิ สาขาจตุโชติ,ไข่หวานบ้านซูชิ สาขาจตุโชติ,Sai Mai District,Asian; Sushi,no,Low,0,Local,,https://wongn.ai/21ehVQ,support@lmwn.com; pr@lmwn.com,openstreetmap,1,+66972361480,8 ถนน จตุโชติ,10220,overture (meta),overture:214702c1-b194-4d0b-a06b-1d5fee7752ae
ohmeest@gmail.com,ไอติมกะทิสดเจ้หนู,ไอติมกะทิสดเจ้หนู,Sai Mai District,Ice cream,no,Low,0,,,,,openstreetmap,1,+6625511790,เลขที่ 1/118 ซอย พหลโยธิน 54 แยก 1,10220,overture (meta),overture:79359bd2-6a83-46a3-9ee1-035e612eae04
oppayoung4832@gmail.com,오빠영 한국식당 ร้านอาหารเกาหลีโอปป้ายอง,오빠영 한국식당 ร้านอาหารเกาหลีโอปป้ายอง,Sai Mai District,Asian; Korean,no,Low,0,,,,,openstreetmap,1,+66949564832,"Ptt.station s.chareonkit 48 Sukhaphiban 5, Aongoen, Sai Mai, Bangkok",10220,overture (meta),overture:1e37d768-038e-4bef-bd90-a98e30a6e184
