email,name,name_local,district,categories,english,english_priority,english_score,site_language,why,website,other_emails,email_source,locations,phone,address,postcode,source,osm_url
t37.jame@gmail.com,25 Hours,,Sam Phran District,Bakery,yes,High,4,English,website in English; English/Latin-script name,https://25hours.net/,support@25hours.net,openstreetmap,1,+66899215632,36 54/4 Tha Kwian-Phutthamonthon Sai 5,73210,overture (meta),overture:25fcae0f-6465-4d38-9910-eafa23af7f10
waramaru9@gmail.com,Aoywaan,,Sam Phran District,Asian; Thai,yes,High,4,English,website in English; English/Latin-script name,http://www.aoywaan.com/,aoywaanthaicuisine@gmail.com,openstreetmap,1,+66945399949,1/3 หมู่ 13 จ,73210,overture (meta),overture:9b0d3157-1ca1-4f3a-9c3b-e8010ed6cae6
info@cherryicecream.co.th,Cherry Ice Cream Factory,,Sam Phran District,Ice cream,yes,High,4,English,website in English; English/Latin-script name,https://cherryicecream.co.th/,,openstreetmap,1,+66870385700,34/1 ,73110,overture (meta),overture:5e20311d-2a98-4a28-9d25-aad09eb04b05
ethniccafe.group@gmail.com,Ethnic River Cafe,,Sam Phran District,Cafe,yes,High,4,English,website in English; English/Latin-script name,https://untp.beer/6jEJr,,openstreetmap,1,+66968292265,8 6 ท่าตลาด ซอย ๓,73110,overture (meta),overture:f2cd59b6-7820-4d5f-9f8d-5da76faf7061
mkt@happitiny.com,Happitiny Cafe & Restaurant,,Sam Phran District,Cafe,yes,High,4,English,website in English; English/Latin-script name,https://lin.ee/U4ateqV,,openstreetmap,1,+66889811986,"117, 7",73110,overture (meta),overture:a7296aeb-d316-43ba-b3d8-83da5dca8a02
inthanin.bangchak4@gmail.com,Inthanin Coffee,,Sam Phran District,Cafe,yes,High,4,English,website in English; English/Latin-script name,https://www.inthanincoffee.com/en,,openstreetmap,1,+66626055588,"The Fourth, Phutthamonthon Sai 4 Rd",73170,overture (meta),overture:3885b60b-85af-4827-856a-311fac203ce5
kaechertam1@gmail.com,Jetaime PNSR,,Sam Phran District,Cafe,yes,High,4,English,website in English; English/Latin-script name,https://line.me/ti/p/SJyrdRgpJY,,openstreetmap,1,+66957624888,37 หมู่ 6 ต.ท่าข้าม อ.สามพราน จ.นครปฐม 73110,73110,overture (meta),overture:88d351b5-f419-463f-b062-d5b497c4d2e5
lemontree@plantman.co.za,Lemon tree cafe,,Sam Phran District,Restaurant,yes,High,4,English,website in English; English/Latin-script name,http://www.lemontreecafe.co.za/,,openstreetmap,1,+66814054499,1 8,73210,overture (meta),overture:6cf7de8f-c73b-41eb-83f0-9e29682fd24c
grow@plantly.io,Little Tree garden,,Sam Phran District,Restaurant,yes,High,4,English,website in English; English/Latin-script name,http://www.littletreegarden.com/,,venue website,2,+66818244119,,,openstreetmap,https://www.openstreetmap.org/way/392591906
info@patom.com,Patom Organic Cafe,,Sam Phran District,Cafe,yes,High,4,English,website in English; English/Latin-script name,https://www.patom.com,,venue website,2,+66830326468,21 หมู่ 2,73110,overture (meta),overture:2644c216-6a93-4383-b330-ef0ebfd873e7
petro.saleautomotive@gmail.com,Petro Automotive,,Sam Phran District,Restaurant,yes,High,4,English,website in English; English/Latin-script name,https://www.petroautomotive.com/,,openstreetmap,1,+66961982824,เปโตร ออโตโมทีฟ,73110,overture (meta),overture:e4d72915-43ba-4db7-aa1c-c6498eb813c4
info@parndhevi.com,Riva Floating Cafe,,Sam Phran District,Cafe,yes,High,4,English,website in English; English/Latin-script name,http://www.parndhevi.com,,venue website,1,+10819194090,ถนน พุทธมณฑล สาย 7 Parn Dhevi Riverside Resort & Spa,73110,overture (meta),overture:d3c352f5-15f3-43b3-856e-37f3479237eb
samm.bbq@gmail.com,Samm BBQ Ribs ซี่โครงหมูอบ,Samm BBQ Ribs ซี่โครงหมูอบ,Sam Phran District,BBQ,yes,High,4,Bilingual,website has English; Western food (BBQ),http://sammbbqhouse.com/,,openstreetmap,1,+66951615978,51/113 ซอย 12,73110,overture (meta),overture:211f1452-3bd5-4a31-af89-ece6ac1db560
fb@neeraretreathotel.com,season by neera,,Sam Phran District,Asian; Thai,yes,High,4,English,website in English; English/Latin-script name,https://lin.ee/VP395vQ,,openstreetmap,1,+6634324034,"season by neera 1/3, Tha Talat, Sam Phran",73110,overture (meta),overture:06d7b99e-1084-40e8-a1d2-3ef8c239c789
info@suansampran.com,Vanda,,Sam Phran District,Restaurant,yes,High,4,English,website in English; English/Latin-script name,http://sampranriverside.com,,venue website,2,,,,openstreetmap,https://www.openstreetmap.org/way/288270956
tonnoons@gmail.com,Vivien,,Sam Phran District,Bakery,yes,High,4,English,website in English; English/Latin-script name,http://www.lynnsbakery.ca/our-story/,lynnsbakery@hotmail.com,openstreetmap,1,+66897733584,37 ไร่ขิง,73210,overture (meta),overture:53354f3f-a58a-406d-a1f2-4e0ef27f0e6f
sale@wgc.co.th,"WGC Co., Ltd",,Sam Phran District,Restaurant,yes,High,4,English,website in English; English/Latin-script name,https://wgc.co.th,,venue website,1,+6634981410,72 หมู่ที่ 6 ถ.พระประโทน-บ้านแพ้ว ต,73110,overture (meta),overture:a6afe608-6a5f-40ce-9fd5-1d626fde115f
ampinternational@amp-inter.com,"AMP International Co., Ltd.",,Sam Phran District,Restaurant,yes,Medium,3,Bilingual,website has English; English/Latin-script name,http://www.amp-inter.com/,sales@amp-inter.com; amp@amp-inter.com,openstreetmap,1,+6628119045,85 ถนน พุทธมณฑลสาย 4,73220,overture (meta),overture:e75c2fa1-f8e6-462b-b19a-110f97949f10
matthew2513@gmail.com,APPLE B Bistro,,Sam Phran District,French; Steak,yes,Medium,3,,"Western food (French, Steak); English/Latin-script name",,,openstreetmap,1,+66926806245,กาญจนาภิเษก ทวีวัฒนา,10170,overture (meta),overture:da8f099c-7d41-48b8-b268-bd5031a4e9de
chilloutsteaksai4@gmail.com,Chilled Out Steak Sai4 &&&,,Sam Phran District,Steak,yes,Medium,3,,Western food (Steak); English/Latin-script name,,,openstreetmap,1,+66633676545,,,overture (meta),overture:c5e52736-3ca3-4b7c-a847-c170ac826aa5
idear.house@outlook.co.th,Dino House Cooking,,Sam Phran District,Steak,yes,Medium,3,,Western food (Steak); English/Latin-script name,,,openstreetmap,1,+66649575996,42/10 ม.1 ตำบล อ้อมใหญ่,73160,overture (meta),overture:0f03cdc5-5596-4f48-af0c-476b01d7ed6d
dod.cafebistro@gmail.com,DOD Cafe and Bistro,,Sam Phran District,French,yes,Medium,3,,Western food (French); English/Latin-script name,,,openstreetmap,1,+66652425611,91 หมู่ 7,73110,overture (meta),overture:64313cc3-cfa3-4fed-b3a0-2e2a53f52e5e
fpluscom@yahoo.com,FaThai Thailand,,Sam Phran District,Restaurant,yes,Medium,3,Bilingual,website has English; English/Latin-script name,http://www.f-plus.co.th/,,openstreetmap,1,+6634981555,58/3 หมู่ที่ 6 ถ.พระประโทน-บ้านแพ้ว ต.ตลาดจินดา อ.สามพราน จ.นครปฐม,73110,overture (meta),overture:c1ab54d8-79ad-4a0e-ba17-bef15c7bbeed
nosettfarmcafe@gmail.com,Nose to Tail Farm Cafe and Bistro,,Sam Phran District,French,yes,Medium,3,,Western food (French); English/Latin-script name,,,openstreetmap,1,+66988896755,"145, 1",73110,overture (meta),overture:35c41be9-587f-4eb4-a694-6aa1c26db343
t_zones_cafe@hotmail.com,Secret 3 zones cafe & bistro,,Sam Phran District,French,yes,Medium,3,,Western food (French); English/Latin-script name,,,openstreetmap,1,+66969706614,48/10 หมู่ 3 ต.หอมเกร็ด อ.สามพราน จ.นครปฐม,73210,overture (meta),overture:f9f2b44a-2874-4dea-b90b-b8e7ff170b44
sary_boom@hotmail.com,Steak E'Ri at the rich,,Sam Phran District,Steak,yes,Medium,3,,Western food (Steak); English/Latin-script name,,,openstreetmap,1,+66629161693,ท่าตลาดซอย5/1,73210,overture (meta),overture:567251c6-c32e-42dd-ba0f-f534e345e9df
success88steakhouse@gmail.com,Success SteakHouse,,Sam Phran District,Steak,yes,Medium,3,,Western food (Steak); English/Latin-script name,,,openstreetmap,1,+66818157648,95/46 Soi Krathum Lom 18,73220,overture (meta),overture:bbc63685-f57c-4cf1-871a-8fe9641396fa
sugarcane.bistro@gmail.com,Sugar Cafe & Bistro,,Sam Phran District,French,yes,Medium,3,,Western food (French); English/Latin-script name,,,openstreetmap,1,+66909829236,"151/2 ม.3 ต, Khlong Mai Rd",73110,overture (meta),overture:8518b742-f35a-46be-866b-d8c3e65cf7ce
saraban@dpo.go.th,Thai-Denmark MILK LAND CentralPlaza Salaya,,Sam Phran District,Cafe,yes,Medium,3,Bilingual,website has English; English/Latin-script name,http://www.dpo.go.th/,director@dpo.go.th; callcenter.dpo@dpo.go.th,venue website,1,+66942822211,"หมู่ที่ 2 99/21 Borommaratchachonnani Rd, Bang Toei, Sam Phran District",73210,overture (meta),overture:18afb0ec-31fd-4c23-b066-f8ff1f60d817
nutdanai_sr@hotmail.com,The Best Pizza,,Sam Phran District,Pizza,yes,Medium,3,,Western food (Pizza); English/Latin-script name,,,openstreetmap,1,+66867811566,ตลาดกลางซอยเทียนดัด,73110,overture (meta),overture:b589bfd5-74a5-4962-85c8-864bc09bc45f
m21048zero@gmail.com,Verde coffee house&bistro,,Sam Phran District,French,yes,Medium,3,,Western food (French); English/Latin-script name,,,openstreetmap,1,+66957499970,43 หมู่ 3,73120,overture (meta),overture:d26214b2-62c1-4be8-bef7-f36439172964
guy.gorgai@gmail.com,ก.กิน ข้าวราดแกง,ก.กิน ข้าวราดแกง,Sam Phran District,Asian; Thai,yes,Medium,3,English,website in English,https://lin.ee/9irIHwL,,openstreetmap,1,+66639263941,Phutthamonthon sai 5,74310,overture (meta),overture:42f264cf-cdbb-4421-aa48-00989a79011e
khruamaechaem@gmail.com,ครัวแม่แช่ม,ครัวแม่แช่ม,Sam Phran District,Asian; Thai,yes,Medium,3,English,website in English,http://m.me/290450575008172,,openstreetmap,1,+66894439869,ถ.พุทธมณฑลสาย 5,73210,overture (meta),overture:880948c8-a4b0-4f7a-87c9-1c110be34b7b
coffeethaaisuan@hotmail.com,ค็อฟฟี่ท้ายสวน Coffeethaaisuan,ค็อฟฟี่ท้ายสวน Coffeethaaisuan,Sam Phran District,Cafe,yes,Medium,3,English,website in English,https://sarindaam.wixsite.com/coffeethaaisuan,,openstreetmap,1,+66870196318,10 1,73110,overture (meta),overture:93ffcfd3-949f-49e7-959f-e532f4dc107c
kaveekarn@hotmail.com,บัตเตอร์สเต็ก,บัตเตอร์สเต็ก,Sam Phran District,Restaurant,yes,Medium,3,English,website in English,https://menu.deltafood.me/wSW9xrgF,,openstreetmap,1,+66866262665,46/3 หมู่2 ซอยวัดเทียนดัด ซอยบ้านใหม่2,73110,overture (meta),overture:bac2889d-4eaa-4bb2-b29d-c24f33b08687
baandinhorm@aromaniche.com,บ้านดินหอม / Baan Din Horm,บ้านดินหอม / Baan Din Horm,Sam Phran District,Cafe,yes,Medium,3,English,website in English,http://www.aromaniche.com/,'baandinhorm@yahoo.com,openstreetmap,1,,"99/152 Buddhamolthol 5 Rd, Bangkratheuk, Sampran",73210,overture (meta),overture:f0f02907-29f3-4106-bc4c-f2ad9cfde06d
predagardenhome@gmail.com,บ้านสวนปรีดา-Preda Garden Home,บ้านสวนปรีดา-Preda Garden Home,Sam Phran District,Cafe,yes,Medium,3,English,website in English,https://www.openlink.co/predagardenhome,,openstreetmap,1,+66846506444,36/4 หมู่ 2 ต.บางเตย,73210,overture (meta),overture:0542435d-479e-45a1-ba5f-66917b3d6b34
nawanan221@gmail.com,ยายจันทร์ Coffee&tea,ยายจันทร์ Coffee&tea,Sam Phran District,Cafe,yes,Medium,3,English,website in English,https://line.me/ti/p/RDy46efM7m,,openstreetmap,1,+66994684266,ข้างเซเว่นตลาดไร่ขิง42,73210,overture (meta),overture:9caa5a3e-4c3e-472c-9154-cb85593afc47
toeyapiradee337@gmail.com,สาย4 เรือรสเด็ด,สาย4 เรือรสเด็ด,Sam Phran District,Asian; Japanese,yes,Medium,3,English,website in English,http://Www.sai4.com/,,openstreetmap,1,+66984824999,9/815ถนนพุทธมณฑลสาย4,73220,overture (meta),overture:230aa26a-6e85-4407-bd8d-a284b33ed4ee
pusin2525@gmail.com,อร่อยริมทาง Byภูสิน,อร่อยริมทาง Byภูสิน,Sam Phran District,Asian; Thai,yes,Medium,3,English,website in English,https://sites.google.com/site/jubyouersamphran/,,openstreetmap,1,+66886266353,สามพราน,73110,overture (meta),overture:b60c883c-1ebc-4c48-9f9c-d5718f44d64c
irasshaimaseizakaya@gmail.com,อิรัชชัยมาเสะ อิซากายะ,อิรัชชัยมาเสะ อิซากายะ,Sam Phran District,Asian; Japanese,yes,Medium,3,English,website in English,https://online.fliphtml5.com/tmrul/gaih/,,openstreetmap,1,+66814453860,75/6 ถนนพุทธมณฑลสาย6 ม.5 ต.บางกระทึก อ.สามพราน ,73210,overture (meta),overture:8af632bd-d279-46ad-b916-54f9cb88a187
nuss.2520@gmail.com,อิ่ม ไอศครีมกะทิสดสามพราน,อิ่ม ไอศครีมกะทิสดสามพราน,Sam Phran District,Ice cream,yes,Medium,3,English,website in English,https://sites.google.com/site/immicecream9/,,openstreetmap,1,+66813729722,198 สามพราน 1,73110,overture (meta),overture:edfd5f45-6bd7-4e92-a8cc-994ebea025bf
baansumon@gmail.com,Baan Sumon Cafe - บ้านสุมลคาเฟ่,Baan Sumon Cafe - บ้านสุมลคาเฟ่,Sam Phran District,Cafe,no,Medium,2,Bilingual,website has English,https://lin.ee/0H7IAuJ,support@wongnai.com,openstreetmap,1,+66957909962,"Tumbol, Soi Baanhong 2",73110,overture (meta),overture:49cbd64c-0e93-4bdb-8a50-a81b10b78170
donlayabistro@hotmail.com,Donlaya bistro (ดลญา บิสโตร)พาสต้า,Donlaya bistro (ดลญา บิสโตร)พาสต้า,Sam Phran District,French,no,Medium,2,,Western food (French),,,openstreetmap,1,+66650321655,"54, 159",73210,overture (meta),overture:297eab20-1428-4fb7-9ca8-f273f69938cf
giant.635u@gmail.com,Korean Style CornDog คอร์นด็อกชีสสไตล์เกาหลี  สามพราน,Korean Style CornDog คอร์นด็อกชีสสไตล์เกาหลี  สามพราน,Sam Phran District,American; Korean,no,Medium,2,Local,Western food (American),https://wongn.ai/15khg,support@lmwn.com; pr@lmwn.com,openstreetmap,1,+956253483,อ้อมใหญ่ปาร์ค​,73160,overture (meta),overture:c0fc2086-a619-4c44-b82b-dc6759a25f92
minandeakofficial@gmail.com,Mintra Bistro มินตรา บิสโทร,Mintra Bistro มินตรา บิสโทร,Sam Phran District,Asian; French; Thai,no,Medium,2,,Western food (French),,,openstreetmap,1,+66919851212,"51, 149 Soi Sam Phran 12",73110,overture (meta),overture:4f0f8bd3-0b02-4adf-b58b-78da3fc5bbf9
nkdonut_nk@hotmail.com,NK Donut ขายส่งทั่วประเทศ,NK Donut ขายส่งทั่วประเทศ,Sam Phran District,Bakery; Donuts,no,Medium,2,,Western food (Donuts),https://www.nkdonut.com/,,openstreetmap,1,+66982699829,ซอยไร่ขิง 18,73210,overture (meta),overture:430e9188-53cc-43ab-8491-20035dc045a8
tbone.by@gmail.com,T-bone Steak box สาขา ดอนหวาย,T-bone Steak box สาขา ดอนหวาย,Sam Phran District,Steak,no,Medium,2,,Western food (Steak),,,openstreetmap,1,+66984634361,9/13 ม.4 ถ.พุทธมณฑลสาย6 ต.บางกระทึก,73210,overture (meta),overture:fa1b6b8d-b88d-4b34-96ea-be2ce314d1ea
masterwe20@gmail.com,กะเพรารสเด็ด เจ้าเก่าริมน้ำ,กะเพรารสเด็ด เจ้าเก่าริมน้ำ,Sam Phran District,Breakfast,no,Medium,2,,Western food (Breakfast),,,openstreetmap,1,+66898368272,99 สามพราน 5,73110,overture (meta),overture:108e9d47-adcc-4aef-88e4-fa4fb45beed9
wasanadiloktutsanon@gmail.com,ครัวบ้านภัควรินทร์-ฅนติดวัด,ครัวบ้านภัควรินทร์-ฅนติดวัด,Sam Phran District,Restaurant,no,Medium,2,Bilingual,website has English,https://wongn.ai/7l3n,support@wongnai.com,openstreetmap,1,+66984941256,130 ม.2 Soi Ruam Chai Phatthana,73110,overture (meta),overture:eaebedaf-9f48-4a2c-bb0d-6fb478b911d5
nuchnaka37@gmail.com,ครัวในบ้านร้านกันเอง,ครัวในบ้านร้านกันเอง,Sam Phran District,Takeaway,no,Medium,2,Bilingual,website has English,https://wongn.ai/hfwuo,support@wongnai.com,openstreetmap,1,+66939456468,14 หมู่6,73160,overture (meta),overture:bdd0f5d8-9a03-42f1-80d5-5224e47b2f8e
info@chuahahseng.com,บริษัท ฉั่วฮะเส็งฟู้ดโปรดักส์ จำกัด,บริษัท ฉั่วฮะเส็งฟู้ดโปรดักส์ จำกัด,Sam Phran District,Restaurant,no,Medium,2,Bilingual,website has English,http://www.chuahahseng.com/,,venue website,1,+6628895656,,,overture (meta),overture:af6e641f-8367-4266-89c8-dfc102d4f088
info@tme.bz,บริษัท ไทยแมกซ์เวลอิเลคทริค จำกัด,บริษัท ไทยแมกซ์เวลอิเลคทริค จำกัด,Sam Phran District,Asian; Thai,no,Medium,2,Bilingual,website has English,http://www.thaimaxwell.com/,,openstreetmap,1,+66893812858,,,overture (meta),overture:e29aa51c-3880-4c3d-8065-42e8d6ccd9b7
inmysideboll7@gmail.com,บ้าน I Home,บ้าน I Home,Sam Phran District,Restaurant,no,Medium,2,Bilingual,website has English,https://www.somfy.co.th/th-th/,,openstreetmap,1,+66805803684,บ้านพลอยไพลิน,73210,overture (meta),overture:104f5bf0-075d-4923-8b8a-1ede7689eca2
ratchada20111@hotmail.com,ปั้นคำหอม เซ็นทรัลศาลายา,ปั้นคำหอม เซ็นทรัลศาลายา,Sam Phran District,Cafe,no,Medium,2,Bilingual,website has English,http://www.pankhamhom.com/,vrp.pkh@gmail.com,openstreetmap,1,+66955392244,"หมู่ที่ 2 99/21 Borommaratchachonnani Rd, Tambon Bang Toei",73210,overture (meta),overture:66988d91-23de-42c5-a63d-ec98a9e4e405
oilkanyakorn1122@gmail.com,ร้านแซ่บบักคักBy.น้องฮารุ,ร้านแซ่บบักคักBy.น้องฮารุ,Sam Phran District,Breakfast,no,Medium,2,,Western food (Breakfast),,,openstreetmap,1,+66826566335,ซอย3 ตลาดศรีสามพราน(หน้าบริษัทสามพรานแฟชั่นเฮ้า)\n,73110,overture (meta),overture:e1c6cd9a-e5dd-4a58-8a69-97fcf6344453
pairat7573@gmail.com,สีลม ศาลายา Bar&Bistro,สีลม ศาลายา Bar&Bistro,Sam Phran District,French,no,Medium,2,,Western food (French),,,openstreetmap,1,+66898363866,พุทธมณฑลสาย 5,73210,overture (meta),overture:efbc72d1-9a26-4ac6-80e5-dfaab6eace6d
tonthegood@hotmail.co.th,สเต็กนายต้น,สเต็กนายต้น,Sam Phran District,Steak,no,Medium,2,,Western food (Steak),,,openstreetmap,2,+66896783736,ิอ้อมใหญ่ 13/19,73160,overture (meta),overture:2927c5a0-2580-450e-a10a-78cb94a2008d
jaraweeschp@gmail.com,สเต็กลูกสาว - ซอยวัดนครชื่นชุ่ม สาย4,สเต็กลูกสาว - ซอยวัดนครชื่นชุ่ม สาย4,Sam Phran District,Steak,no,Medium,2,,Western food (Steak),,,openstreetmap,1,+66917787493,"สเต็กลูกสาว, Tambon Krathum Lom, Amphoe Sam Phran, Chang Wat Nakhon Pathom 73220, Thailand",73220,overture (meta),overture:9cd695b9-4453-4b93-8461-47878650d857
beebeam2009@hotmail.com,หมูอบโอ่ง สามพราน,หมูอบโอ่ง สามพราน,Sam Phran District,BBQ,no,Medium,2,,Western food (BBQ),,,openstreetmap,2,+66892569216,,,overture (meta),overture:188d1e66-f5b9-462c-9771-7a4b7efeaa5c
knoknoi@hotmail.com,โค้งกาแฟ สายสี่,โค้งกาแฟ สายสี่,Sam Phran District,Breakfast,no,Medium,2,,Western food (Breakfast),,,openstreetmap,1,,27 145,73220,overture (meta),overture:330540b6-fc9c-4014-bdc8-2f26b41b7607
info@lhianthai.com,โรงงานเส้นหมี่เหรียญไทย,โรงงานเส้นหมี่เหรียญไทย,Sam Phran District,Asian; Thai,no,Medium,2,Bilingual,website has English,https://www.lhianthai.com,maprangza07@gmail.com; sasipa.vong@outlook.com,venue website,1,+6624203307,38 หมู่ที่ 6 ซอยวัดอ้อมใหญ่ ถ.เพชรเกษม ต.อ้อมใหญ่ อ.สามพราน,73160,overture (meta),overture:ef290c94-1782-4e36-8bf5-17768973cc8f
virawan.l26@gmail.com,26‘CakeHouse,,Sam Phran District,Bakery,no,Low,1,,English/Latin-script name,,,openstreetmap,1,+66640510331,หมู่บ้านพฤกษา102 เลขที่120/26 ซ.1,73210,overture (meta),overture:715f88a9-2ce4-4ca1-aca5-166e2069f03c
acoconut944@gmail.com,A Coconut and Coffee House,,Sam Phran District,Cafe,no,Low,1,,English/Latin-script name,,,openstreetmap,1,+66824645692,33/15 ม.3 ต.ยายชา,73110,overture (meta),overture:ae75abdc-cd3e-43f6-aa86-ad28de30e86a
alistcompany2025@gmail.com,A-List Cafe,,Sam Phran District,Cafe,no,Low,1,,English/Latin-script name,,,openstreetmap,1,+66918839007,"อยู่ระหว่างปั๊มปตท, และบีควิก, Phutthamonthon Sai 4 Rd",73220,overture (meta),overture:1799113c-24ca-42ff-9168-b7866e9ef8cf
a.k.interiordesign2346@gmail.com,AK Interior Design,,Sam Phran District,Ice cream,no,Low,1,,English/Latin-script name,,,openstreetmap,1,+66819339192,73 สามพราน 10,73110,overture (meta),overture:7e3bf0bc-6f9f-4c11-97ee-19e4710c5b79
mahamoo0080@gmail.com,Always cafe,,Sam Phran District,Cafe,no,Low,1,,English/Latin-script name,,,openstreetmap,1,+66832777890,13 5,73210,overture (meta),overture:d0fff9b8-08d5-45e5-abfb-683a72fccb78
bychalida@gmail.com,ANOTHER,,Sam Phran District,Bakery,no,Low,1,,English/Latin-script name,,,openstreetmap,1,+66823469396,118/1 ม.13 หมู่บ้านปารมี สาย5\nซอยเลียบคลองบางยาง\nต.ไร่ขิง อ.สามพราน จ.นครปฐม 73210\n,73210,overture (meta),overture:3fffc8ff-c212-4e0b-9783-1f42a82e367e
asters.cafe1@gmail.com,Asters cafe,,Sam Phran District,Cafe,no,Low,1,,English/Latin-script name,,,openstreetmap,1,+66923261568,90 458 Krathum Lom 3 Alley,73220,overture (meta),overture:d6bfc074-ff06-4c66-a42c-64428b83b675
nithikorn.sukcharoen@gmail.com,Away Somewhere Picnic,,Sam Phran District,Restaurant,no,Low,1,,English/Latin-script name,,,openstreetmap,1,+66959609063,"36/4 หมู่ 2 ต.บางเตย อ,สามพราน ",73210,overture (meta),overture:33ac43ec-cff1-449e-ba9f-2df72cd89225
lertchay_s@hotmail.com,BackYard Salaya,,Sam Phran District,Cafe,no,Low,1,,English/Latin-script name,,,openstreetmap,1,+66867847839,32/2 ม.3 ต.บางเตย อ.สามพราน จ.นครปฐม 73210,73210,overture (meta),overture:64181761-1afc-4a19-baa5-b946328694be
order.bannbakery@gmail.com,Bann bakery,,Sam Phran District,Bakery,no,Low,1,,English/Latin-script name,,,openstreetmap,1,+6634225689,75 Phet Kasem Rd,73220,overture (meta),overture:d15aae22-6d40-4ca0-860c-1cd9b128dc0f
dechrit2527@gmail.com,Be Family Home Cafe’,,Sam Phran District,Cafe,no,Low,1,,English/Latin-script name,,,openstreetmap,1,+66957947884,89 หมู่บ้านปารมี 54 Phutthamonthon Sai 4 Rd,73110,overture (meta),overture:8f1cc3bc-44e4-428a-ad45-955ab1cff7ea
jobdrum4125@gmail.com,Bear Cave The Coffee Club,,Sam Phran District,Cafe,no,Low,1,,English/Latin-script name,,,openstreetmap,1,+66809353636,เลขที่ 5 Phet Kasem Rd,73160,overture (meta),overture:f0b09ce0-7b65-4001-85a5-083df8493ef2
pemika.puchchong@gmail.com,Boutiquede.flores,,Sam Phran District,Cafe,no,Low,1,,English/Latin-script name,,,openstreetmap,1,+66949529559,"หลัง Tops Market, 111 หมู่ที่ 8 Phutthamonthon Sai 4 Rd",73220,overture (meta),overture:b6279da1-aca7-499e-a453-82a5ece6e934
15saturday.cafe@gmail.com,Cafe saturday,,Sam Phran District,Restaurant,no,Low,1,,English/Latin-script name,,,openstreetmap,1,+66962974644,78 หมู่ 2 ซอยไร่ขิง 15,73210,overture (meta),overture:d0e5943e-2050-4532-8a2d-fe3b59665809
amzraikhing@hotmail.com,Café Amazon,,Sam Phran District,Cafe,no,Low,1,Local,English/Latin-script name,https://cafe-amazon.com/,,openstreetmap,1,+66898891354,95 15 ม.6,73110,overture (meta),overture:bdc56d05-4ea6-458c-8c55-b03a23ecb1b0
phanitanan_phanit@hotmail.com,Chasenpan Coffee Roaster,,Sam Phran District,Cafe,no,Low,1,,English/Latin-script name,,,openstreetmap,1,+66825194915,158 1 Phutthamonthon Sai 4 Rd,73220,overture (meta),overture:de06cd47-0bc1-4752-8bd2-08673cfb4986
perp.ny.2022@gmail.com,Chayanis KK,,Sam Phran District,Seafood,no,Low,1,,English/Latin-script name,,,openstreetmap,1,,Nara9,10120,overture (meta),overture:e8f33254-43b9-48e0-9cfb-c4933c173b28
chai_bakerycake@hotmail.com,CHEF CHAI Kitchen,,Sam Phran District,Restaurant,no,Low,1,,English/Latin-script name,,,openstreetmap,1,+66865214551,วัดท่าพูด,,overture (meta),overture:6c883bf4-eda4-4f34-a2fb-8a730081575d
chickenboxth@hotmail.com,Chicken Box,,Sam Phran District,Restaurant,no,Low,1,,English/Latin-script name,,,openstreetmap,1,+66972312215,"PTT Petrol Station Sakha Nakhon Pathom - Phet Kasem Km.30, Phet Kasem Road Tambon Tha Kham ตำบล ยายชา อำเภอสามพราน นครปฐม 73110",,overture (meta),overture:baf4748e-c700-4b89-8a59-1f7343006855
peeranat.c@outlook.co.th,Chill@DonWai,,Sam Phran District,Cafe,no,Low,1,,English/Latin-script name,,,openstreetmap,1,+66839175062,คาเฟ่ริมแม่น้ำ ติดลานจอดรถ1 วัดดอนหวาย 7,73210,overture (meta),overture:629e58ca-5504-4277-9814-646ce265b057
17892chonlada@gmail.com,Coffee house x Slow bar,,Sam Phran District,Cafe,no,Low,1,,English/Latin-script name,,,openstreetmap,1,+66992145553,270/1 หมู่3 ต.คลองจินดา,73110,overture (meta),overture:e7fa6e57-bde6-4fef-84f0-cbe3b59b3740
sin_basara@hotmail.com,Coffee Sis Cafe,,Sam Phran District,Cafe,no,Low,1,,English/Latin-script name,,,openstreetmap,1,+66824824484,185/24 Sam Phran 1 Alley,73110,overture (meta),overture:a7186fe1-81c8-46c8-8b33-2447d8d9893c
coffmanphutthamonthonsai7@gmail.com,Coffman Coffee & Bekery Phutthamonthon Sai 7,,Sam Phran District,Cafe,no,Low,1,,English/Latin-script name,,,openstreetmap,1,+66801564651,บริษัท แมคซ์เอ็นจีวี จำกัด 77/7-8 หมู่ 2 ตำบล หอมเกร็ด,73110,overture (meta),overture:97247d2a-3130-4d2a-8669-645c569926aa
benjawan.ju14@gmail.com,Crepes Kimju,,Sam Phran District,Restaurant,no,Low,1,,English/Latin-script name,,,openstreetmap,1,+66808969623,"วัดบางช้างเหนือ,สามพราน, ประเทศไทย",73110,overture (meta),overture:32ad8b47-2ab3-40df-8825-5a5887c42e20
xxwmpraserith60@gmail.com,D2 Coffee,,Sam Phran District,Cafe,no,Low,1,,English/Latin-script name,,,openstreetmap,1,+952500365,https://goo.gl/maps/JqkUxwUp3G3ZgiqVA,73110,overture (meta),overture:0f90b78c-f435-4394-b544-b792b35a0a46
krisda2569@gmail.com,Dee Coffee,,Sam Phran District,Cafe,no,Low,1,,English/Latin-script name,,,openstreetmap,2,+66959566361,ในร้านแพบ้านยี่สาร,73210,overture (meta),overture:f7138986-eb06-4dc4-ba7e-bd8969272e9a
supawan_ie24@hotmail.com,DEF Cafe',,Sam Phran District,Cafe,no,Low,1,,English/Latin-script name,,,openstreetmap,1,+66954152268,เพชรเกษม,73170,overture (meta),overture:9c5a9899-7122-48b8-8f17-a1c6464bff50
thitii3noon@gmail.com,Forty-Four Little home,,Sam Phran District,Cafe,no,Low,1,,English/Latin-script name,,,openstreetmap,1,+66626399924,The balanz-ปิ่นเกล้าสาย5,73210,overture (meta),overture:d9567d4e-82ec-4ffc-b39a-01927114b5da
getgetcoffee@gmail.com,Get Get Coffee,,Sam Phran District,Cafe,no,Low,1,,English/Latin-script name,,,openstreetmap,1,+66881594656,97/138,73110,overture (meta),overture:f284758d-2b9a-4b59-abac-be3e06d726a9
groofyhouse@gmail.com,GroofyHouse,,Sam Phran District,Cafe,no,Low,1,,English/Latin-script name,,,openstreetmap,1,+66970433227,เข้าซอยโรมัน 700เมตร ปากซอยเปโตร2,73110,overture (meta),overture:8fb60512-9933-4c42-8ccb-d16407f9505e
hanacoffee20@gmail.com,Hanacafe,,Sam Phran District,Cafe,no,Low,1,,English/Latin-script name,,,openstreetmap,1,,Don Wai Rd.,73210,overture (meta),overture:a6bfeb17-98ef-42c5-b218-c625851f9798
bbdrinks@icloud.com,Hi Drinks,,Sam Phran District,Cafe,no,Low,1,,English/Latin-script name,,,openstreetmap,1,+66969655244,บางเตย,73210,overture (meta),overture:121fa9aa-ec90-40de-84b5-14e495e89b17
heritageonlineshop@gmail.com,HM Kitchen Homemade Coffee & Bakery,,Sam Phran District,Bakery,no,Low,1,,English/Latin-script name,,,openstreetmap,1,+66967470962,98/46-47 แฟคตอรี่เเลนด์2 ซอย3 หมู่11 ตำบลไร่ขิง อำเภอสามพราน  จังหวัดนครปฐม 73220 ,73220 ,overture (meta),overture:ffd9d4b6-0bb4-4f68-abb4-eeae4907a1ac
beeremonz632@gmail.com,Hommhom Cafe’ Sampran,,Sam Phran District,Cafe,no,Low,1,,English/Latin-script name,,,openstreetmap,1,+66863566309,50/11 หมู่บ้านศรีสามพราน หมู่ที่ 4 ซอย3 ถนนเพชรเกษม  ตำบลท่าตลาด  อำเภอสามพราน  \n\n\n\n\n\n\n\n\n\n\n\n\n\n\n\n\n\n\n\n\n\n\n\n\n\n,73110\n\n\n\n\n\n\n\n\n\n\n\n\n\n\n\n\n\n\n\n\n\n\n\n\n\n\n\n,overture (meta),overture:afceb8ad-92d1-423d-9545-3b28db21da20
kanokporn00045@gmail.com,In Garden Hut Cafe,,Sam Phran District,Cafe,no,Low,1,,English/Latin-script name,,,openstreetmap,1,+66635242941,3316,73210,overture (meta),overture:dde4af92-2468-4cd0-9b97-852a9ef7d47e
kaiteki.izakaya@gmail.com,Kaiteki Izakaya,,Sam Phran District,Asian; Japanese,no,Low,1,,English/Latin-script name,https://r.grab.com/g/6-20260131_154113_66C82935157D4783B61865D76E492193_MEXMPS-3-C651G4EDBCAETT,,openstreetmap,1,+66864876599,"E02,E07, E08 โครงการ เดอะโฟร์ท, ห้องเลขที่, 111 หมู่8 Phutthamonthon Sai 4 Rd",73220,overture (meta),overture:4e48076f-607d-4e7e-95ba-cc1ba565032d
sunnygirlfai1982@gmail.com,Katsu Rice,,Sam Phran District,Asian; Japanese,no,Low,1,,English/Latin-script name,,,openstreetmap,1,+66649318283,ล็อกที่154  ถนนพุทธมณฑลสาย4 ต.ศาลายา อ.พุทธมณฑล จ.นครปฐม,73170,overture (meta),overture:4fdbd73c-fade-463b-bdae-405b156ab0fd
chayanant@kawacoffeeandco.com,KAWA Coffee and Co.,,Sam Phran District,Cafe,no,Low,1,,English/Latin-script name,,,openstreetmap,1,+66649832454,63 Moo 2 Songkanong,73210,overture (meta),overture:a27aa410-8777-42df-ba1a-6d75acfb2a23
kfctmn@crg.co.th,KFC,,Sam Phran District,Takeaway,no,Low,1,,English/Latin-script name,https://kfc.co.th/,,openstreetmap,1,,"22/8 Moo 2, Phet Kasem Road, Tambol Omyai, Amphur Sam Phran",73160,overture (AllThePlaces),overture:b7d61402-4209-4cda-8e04-f6606fdbb6c3
th-pttorphutthamonthonsai4@qsa.co.th,KFC,,Sam Phran District,Takeaway,no,Low,1,,English/Latin-script name,https://kfc.co.th/,,openstreetmap,1,,"187/2 Moo 7, Krathum Lom Subdistrict, Sam Phran District",73220,overture (AllThePlaces),overture:17e7f86f-0a0e-4d71-854b-e264f6641a50
pom389@gmail.com,KidsTeungCafe,,Sam Phran District,Cafe,no,Low,1,,English/Latin-script name,,,openstreetmap,1,+66867878887,ซอยประสพสุข หมู่ที่ 1,73110,overture (meta),overture:12466a65-5025-4898-9dbb-7bc4801e0d3b
koreahousethe4@gmail.com,Korea House Gold,,Sam Phran District,Asian; Korean,no,Low,1,,English/Latin-script name,,,openstreetmap,1,+66812509692,111 หมู่ที่ 8 Phutthamonthon Sai 4 Rd,73220,overture (meta),overture:746b65b6-73c8-444a-9f78-403a3941c99a
patoptic@hotmail.com,Little Jam Cafe',,Sam Phran District,Cafe,no,Low,1,,English/Latin-script name,,,openstreetmap,1,+66816940946,29/4 moo 9,73110,overture (meta),overture:6ab848d1-047d-4f5b-ab95-a20243589ecf
lynn39coffee@gmail.com,Lynn bakery & coffee,,Sam Phran District,Bakery,no,Low,1,,English/Latin-script name,,,openstreetmap,1,+66645698246,39/1หมู่11 ต.ไร่ขิง อ.สามพราน จ.นครปฐม 73210,73210,overture (meta),overture:4b504551-d780-4ef4-9974-f027d025daab
meumeucafe@gmail.com,Me U Café,,Sam Phran District,Cafe,no,Low,1,,English/Latin-script name,,,openstreetmap,1,+66846759378,"8, 54 ม.6",73110,overture (meta),overture:2e1bacab-8b74-4cc0-9e2b-6aebb6e5b02a
mogarden99@gmail.com,Mogarden,,Sam Phran District,Cafe,no,Low,1,,English/Latin-script name,,,openstreetmap,1,+66870223738,ทรงคนอง,73210,overture (meta),overture:46ec16ac-ec24-4167-a629-e0dc228b6e99
ninew_1231@hotmail.com,MT MT Snooker Club,,Sam Phran District,Restaurant,no,Low,1,,English/Latin-script name,,,openstreetmap,1,+66916989822,12/5 ม.5 ต.ยายชา อ.สามพราน ,73110,overture (meta),overture:4c3c9ca0-9467-4289-8c01-9de8d0972ecb
beboss.cyp@gmail.com,Napasorn House,,Sam Phran District,Cafe,no,Low,1,,English/Latin-script name,,,openstreetmap,1,+66945859988,42/1 หมู่ที่ 5 ตำบลบ้านใหม่ อำเภอสามพราน ,73110,overture (meta),overture:38605d35-3fc3-43fa-9a99-e58ed4d65e1d
teerapornsoisalub@gmail.com,No More Sleep Coffee,,Sam Phran District,Cafe,no,Low,1,,English/Latin-script name,,,openstreetmap,1,+66925071222,69/10,73110,overture (meta),overture:e2f6b5ae-7c0a-433e-944b-a162eb556197
oraclecafe.j@gmail.com,Oracle Cafe,,Sam Phran District,Cafe,no,Low,1,,English/Latin-script name,,,openstreetmap,1,+66994642416,"74 ตรงข้าม, บริษัท จินตนา, 24 ซอยไร่ขิง 36",73210,overture (meta),overture:ef2c2221-bd77-47a0-b972-9881e3316f3d
orangeghouseth@gmail.com,Orange House,,Sam Phran District,Restaurant,no,Low,1,Local,English/Latin-script name,https://orangehouse-th.com/,orangehouse2003@gmail.com,openstreetmap,1,+66974646645,45/15 หมู่ 1 Phet Kasem Rd,73110,overture (meta),overture:83fba477-5ab4-4f2c-ad76-e9f30e1b10da
paepohkaew@gmail.com,Pae Poh Kaew The Floating Restaurant,,Sam Phran District,Asian; Thai,no,Low,1,,English/Latin-script name,,,openstreetmap,1,+66973244424,"9, 1",73110,overture (meta),overture:26241a2d-62cd-4907-a7ff-12d466580a0a
familyball36@gmail.com,Ploy Bar Cafe,,Sam Phran District,Restaurant,no,Low,1,,English/Latin-script name,,,openstreetmap,1,+66936544524,24/55,73110,overture (meta),overture:741987e1-7411-43df-a106-ee4d33606860
ppan30cafe@gmail.com,Ppan Sweets,,Sam Phran District,Bakery,no,Low,1,,English/Latin-script name,,,openstreetmap,1,+66617369863,ถนนสวนผักซอย 2  ตำบลบ้านใหม่ อำเภอสามพราน จังหวัดนครปฐม, 73110,overture (meta),overture:d6f6d0e6-bc68-472a-848b-dd6031d49164
srimaneekorn@gmail.com,Punya Garden,,Sam Phran District,Cafe,no,Low,1,,English/Latin-script name,,,openstreetmap,1,+66850679219,11 หมู่ 8,73210,overture (meta),overture:84320176-4110-4ef2-82e2-03a01e6129c7
ajmontree@hotmail.com,Q Coffee House,,Sam Phran District,Cafe,no,Low,1,,English/Latin-script name,,,openstreetmap,1,+66641619535,4/3 หมู่ที่1 ต.บางเตย อ.สามพราน จ.นครปฐม ,73210,overture (meta),overture:d1dfe369-5ec6-445b-a8cd-37fb187a2536
reluxplus@hotmail.com,Relux Kiosk,,Sam Phran District,Cafe,no,Low,1,Local,English/Latin-script name,http://www.reluxplus.com/,,openstreetmap,1,+66818179345,98/16 ถนน พุทธมณฑลสาย 5,73210,overture (meta),overture:1abe9291-de32-45f8-85dd-29425aaf0278
ruth_ep47n@hotmail.com,Salaya Halal Foods,,Sam Phran District,Halal,no,Low,1,Local,English/Latin-script name,https://wongn.ai/ae5a,support@wongnai.com,openstreetmap,1,+66905641050,99 86,73210,overture (meta),overture:154e0eb6-b610-43ea-8e96-147191d282c0
som_0409@icloud.com,Saturday Bar,,Sam Phran District,Bar,no,Low,1,,English/Latin-script name,,,openstreetmap,1,+66818575660,78 หมู่ 2 ซอยไร่ขิง 15,73210,overture (meta),overture:f7b01e61-0a30-4446-8d31-7fa94ad07495
shesthelegend@gmail.com,She's The Legend Cafe,,Sam Phran District,Cafe,no,Low,1,,English/Latin-script name,,,openstreetmap,1,+66631913944,25/4 หมู่ที่ 1,73210,overture (meta),overture:80df3b0e-f1ae-40bc-9639-29f1c7e676da
nattawat.ting@gmail.com,Shell cafe by Winnawa B1,,Sam Phran District,Cafe,no,Low,1,,English/Latin-script name,,,openstreetmap,1,+66955533979,39/6 Moo 2,73210,overture (meta),overture:61206386-3635-4144-90d8-0a173123bbdd
aorabika@gmail.com,Sirijira Coffee Roastery,,Sam Phran District,Cafe,no,Low,1,,English/Latin-script name,,,openstreetmap,1,+66929083242,บางเตย,7210,overture (meta),overture:b4f92620-eee8-45e7-8e45-3884ac356a7c
goouttolife@gmail.com,Six o’clock photobooth,,Sam Phran District,Seafood,no,Low,1,,English/Latin-script name,,,openstreetmap,1,+66842844519,ถนน พุทธมณฑล,72230,overture (meta),overture:3634fd9b-6a99-4025-860f-3527792426e3
slumslurcoffee@gmail.com,SlumSlur Coffeebar,,Sam Phran District,Cafe,no,Low,1,,English/Latin-script name,,,openstreetmap,1,+66922532055,43/1 ซอย 1,73210,overture (meta),overture:3fa8559b-e0b8-4692-acb8-d4a5a498b069
sowers_house@outlook.com,Sowers House Coffee Corner,,Sam Phran District,Cafe,no,Low,1,,English/Latin-script name,,,openstreetmap,1,+6624290124,2/4 หมู่ 6 ต.ท่าข้าม,73110,overture (meta),overture:484d5793-635c-4729-b402-34b6719ab484
14235@coffee-concepts.co.th,Starbucks,,Sam Phran District,Cafe,no,Low,1,,English/Latin-script name,http://www.starbucks.co.th/store-locator/search/location/Central%20Plaze%20Salaya/detail/1009032,,openstreetmap,1,+66844387399,,,overture (AllThePlaces),overture:a8304583-4ca7-4244-94cd-abd825c9df3e
suansampranorganics@gmail.com,Suan Sampran Organics,,Sam Phran District,Restaurant,no,Low,1,,English/Latin-script name,,,openstreetmap,1,+66813595967,21 หมู่ 2 ต.ยายชา ,73110,overture (meta),overture:e3717c04-44b1-49c6-8b16-c10087c30ac0
too.poom@gmail.com,Suansripoom,,Sam Phran District,Cafe,no,Low,1,,English/Latin-script name,,,openstreetmap,1,+66625644245,18/10 หมู่4 ซอยเทศบาล13 ถนนวัดอ้อมใหญ่,73160,overture (meta),overture:6d6e6ed3-cc9b-40ad-ac88-268404b0c80f
sugarpalmcafe@gmail.com,Sugar Palm Cafe,,Sam Phran District,Cafe,no,Low,1,,English/Latin-script name,,,openstreetmap,1,+66655184841,19 12 Thetsaban 10 Alley,73160,overture (meta),overture:bf15b9e5-6225-4e98-b21b-4f4c2fcb4a01
talaythainoodles@gmail.com,Talay Thai Noodles,,Sam Phran District,Seafood,no,Low,1,,English/Latin-script name,,,openstreetmap,1,+66853836905,2 ถนน บรมราชชนนี,73210,overture (meta),overture:59570950-de7e-4d88-851f-4a6c3806d4ab
taraterrace2020@gmail.com,Tara Terrace,,Sam Phran District,Restaurant,no,Low,1,Local,English/Latin-script name,https://www.taraterrace.com/,,openstreetmap,1,+66822949629,9,73210,overture (meta),overture:779e7f4b-f0dc-4b7a-82f6-b06f07be2938
cafe.and.deco@gmail.com,Tarmjaichunnn,,Sam Phran District,Cafe,no,Low,1,,English/Latin-script name,,,openstreetmap,1,+66954973433,112 ม.4 Phutthamonthon Sai 4 Rd,73220,overture (meta),overture:2e30a2ce-050c-4f1b-932a-0feaaf95ac81
pongsonbusiness@gmail.com,The CUPS,,Sam Phran District,Restaurant,no,Low,1,,English/Latin-script name,,,openstreetmap,1,+66818264191,91/18 ม. 7  ถนนหน้าอำเภอ ใกล้แยกไฟแดงที่สอง ฝั่งตรงข้าม รร.นายร้อยตำรวจ ,73110,overture (meta),overture:2970b246-2703-405d-aaa6-116d9995f726
thegardentree2023@gmail.com,The Garden Tree,,Sam Phran District,Cafe,no,Low,1,,English/Latin-script name,,,openstreetmap,1,+66824696830,หัวไทร,73110,overture (meta),overture:4c4b4e1a-67b1-4982-940f-cae03229976a
fakmarum@gmail.com,The Living in garden,,Sam Phran District,Restaurant,no,Low,1,,English/Latin-script name,,,openstreetmap,1,+66653936991,111/13 หมู่ 7 ต.กระทุ่มล้ม อ.สามพราน ,73220,overture (meta),overture:bed13a0c-fbc0-41dd-98b2-b6fb4b6d4990
nongchom_1002@hotmail.com,Three Some Cafe’,,Sam Phran District,Cafe,no,Low,1,,English/Latin-script name,,,openstreetmap,1,+66909870256,27/47 หมู่ที่ 5 ตำบลยายชา ถนน สามพราน อำเภอสามพราน,73110,overture (meta),overture:c9730389-049c-4805-8fb7-034f9820f153
trilaksooktham42@gmail.com,Trilak coffee and desserts,,Sam Phran District,Cafe,no,Low,1,,English/Latin-script name,,,openstreetmap,1,+66988267273,19/5 หมู่3 ตำบล บางกระทึก อำเภอสามพราน นครปฐม,73210,overture (meta),overture:471df828-a289-40ad-9761-f5b4c4d9b49c
wanwidanan141236@gmail.com,Wanwida Bakery,,Sam Phran District,Bakery,no,Low,1,,English/Latin-script name,,,openstreetmap,1,+66983855141,25/8 Thetsaban 8,73160,overture (meta),overture:54f74a33-a8a1-4112-a622-ea485512595c
klaysuban_patt@live.com,WOLF KOFF specialty coffee,,Sam Phran District,Cafe,no,Low,1,,English/Latin-script name,,,openstreetmap,1,+66649147454,อ้อมใหญ่ ตำบล ท่าข้าม อำเภอสามพราน,73160,overture (meta),overture:4128ad11-8958-40e6-923e-29068aa35802
nuttikan2978@gmail.com,Ai -Cha สาขาวัดเทียนดัด บ้านใหม่ นครปฐม,Ai -Cha สาขาวัดเทียนดัด บ้านใหม่ นครปฐม,Sam Phran District,Restaurant,no,Low,0,,,,,openstreetmap,1,+66650842978,99/5 หมู่1 บ้านใหม่,73110,overture (meta),overture:b97b0fbc-dbef-4f18-9bfe-f7225594845c
aimsookramen@gmail.com,Aimsook Ramen-อิ่มสุข ราเมน,Aimsook Ramen-อิ่มสุข ราเมน,Sam Phran District,Asian; Japanese,no,Low,0,,,,,openstreetmap,1,+66639356298,99 Phet Kasem Rd,73110,overture (meta),overture:fe56f1e6-7a0d-4b47-91d5-a1f287b7b03a
fattyproject@gmail.com,April64(เอพริล64),April64(เอพริล64),Sam Phran District,Restaurant,no,Low,0,,,,,openstreetmap,1,+66908903515,Phutthamonthon Sai 4 Rd,73220,overture (meta),overture:4b6f63de-d22c-4089-8b82-7bec98d08661
birdzaa09@gmail.com,BM หมูกะทะ,BM หมูกะทะ,Sam Phran District,Restaurant,no,Low,0,,,,,openstreetmap,1,+66969479522,77/8 Phutthamonthon Sai 5 Road,73210,overture (meta),overture:b8fd682b-d5f2-4219-8f24-cdf69a00ea58
maymay_mixky@hotmail.com,Bubble honey ชาไข่มุกไต้หวัน สาขาดอนหวาย,Bubble honey ชาไข่มุกไต้หวัน สาขาดอนหวาย,Sam Phran District,Cafe,no,Low,0,,,,,openstreetmap,1,+66823965593,3316,73110,overture (meta),overture:dd7521d0-7f2c-48d7-b8e6-27f20ab0b9ca
krein.gk.ri@hotmail.com,Cafe Amazon ปั๊มใหม่ แยกเวียงทองดอนหวาย,Cafe Amazon ปั๊มใหม่ แยกเวียงทองดอนหวาย,Sam Phran District,Cafe,no,Low,0,Local,,https://cafe-amazon.com/,,openstreetmap,2,+66805590055,,73210,overture (meta),overture:70d147d4-1805-444b-8b29-175d91d2e32b
cafethej2019@gmail.com,Cafe the Jไร่ขิง,Cafe the Jไร่ขิง,Sam Phran District,Cafe,no,Low,0,,,,,openstreetmap,1,,16 หมู่6 ต.ท่าตลาด อ.สามพราน จ.นครปฐม 73110  ร้านฟางฟางสแตนเลส,73110,overture (meta),overture:6e1463de-e19b-4371-864f-bfdde9d8e427
pttpower5.sai5@gmail.com,Café Amazon Power5 (พุทธมณฑล สาย 5),Café Amazon Power5 (พุทธมณฑล สาย 5),Sam Phran District,Cafe,no,Low,0,,,,,openstreetmap,2,+66983141555,"Café Amazon Power, 118 Phutthamonthon Sai 5 Road",73210,overture (meta),overture:930593a1-9f71-43da-ba0f-4e55973fd69f
chamacy999@gmail.com,Chamacy-ชามาซี,Chamacy-ชามาซี,Sam Phran District,Cafe,no,Low,0,,,,,openstreetmap,1,+66653235282,,,overture (meta),overture:5ccc704c-17fb-45fb-be99-df5d656274cb
sapmongkhonthong@gmail.com,Check In Baan Mae เช็คอินบ้านแม่,Check In Baan Mae เช็คอินบ้านแม่,Sam Phran District,Restaurant,no,Low,0,,,,,openstreetmap,1,+66918183315,"55, 5 Phutthamonthon Sai 5 Road",73210,overture (meta),overture:c60d738f-fd94-4759-a7b1-71bc9b6f63d4
excelonline.excel@gmail.com,Excel Group ผู้นำด้านบรรจุภัณฑ์เบเกอรี่ กล่องอาหาร แก้วพลาสติก,Excel Group ผู้นำด้านบรรจุภัณฑ์เบเกอรี่ กล่องอาหาร แก้วพลาสติก,Sam Phran District,Bakery,no,Low,0,Local,,https://www.excelplastic.com/index.php,info@excelplastic.com; excelplastic@excelplastic.com,openstreetmap,1,+66804489160,Phutthamonthon sai 4,73220,overture (meta),overture:fc40d908-5844-4f47-81f6-a31b09a7922c
naritcha_2520@yahoo.com,F&P บ้านวุ้น,F&P บ้านวุ้น,Sam Phran District,Cafe,no,Low,0,,,,,openstreetmap,1,+66649479465,,73110,overture (meta),overture:f2446d92-5a0b-4500-9e45-1ee87112a356
jatjaengcafe@gmail.com,JatJaeng Cafe - จัดแจงคาเฟ่,JatJaeng Cafe - จัดแจงคาเฟ่,Sam Phran District,Restaurant,no,Low,0,,,,,openstreetmap,1,+66961790471,186/2 ม.8  ซอยสามพราน 1 ต.สามพราน อ.สามพราน,73110,overture (meta),overture:50165a84-ec6e-4240-8546-0e88e1429b29
sureewan22526@gmail.com,Kiko Cha สาขาตลาดชุมชนคนบ้านใหม่,Kiko Cha สาขาตลาดชุมชนคนบ้านใหม่,Sam Phran District,Cafe,no,Low,0,,,,,openstreetmap,1,+66619658887,ตลาดชุมชนคนบ้านใหม่,73110,overture (meta),overture:7afe9c30-fcd8-4839-aabf-c10b930db7bd
phantanantbsn@gmail.com,MADi ณ ลัดอีแท่น,MADi ณ ลัดอีแท่น,Sam Phran District,Cafe,no,Low,0,,,,,openstreetmap,1,+66642616479,บ้านสวนนวเศรษฐ,,overture (meta),overture:f175ede2-4529-4a85-a988-6392630a22df
singsuwan0717@gmail.com,Maki Coffee สาขาเทียนดัด-สามพราน,Maki Coffee สาขาเทียนดัด-สามพราน,Sam Phran District,Cafe,no,Low,0,,,,,openstreetmap,1,+66624450317,"สามพราน, ประเทศไทย",73110,overture (meta),overture:c19832cd-8e51-4668-a962-0d899b75c455
ton.ton.gunners@gmail.com,MaruCha มารุชาพุทธมณฑลสาย 5 ตลาดถุงเงิน,MaruCha มารุชาพุทธมณฑลสาย 5 ตลาดถุงเงิน,Sam Phran District,Cafe,no,Low,0,,,,,openstreetmap,1,+66818094292,9 ถนน พุทธมณฑลสาย 3,10170,overture (meta),overture:74650c16-bb31-464c-bd38-1cb2d5636aa2
sirisak.nick@hotmail.com,Mellow Flavor กาแฟสด,Mellow Flavor กาแฟสด,Sam Phran District,Cafe,no,Low,0,,,,,openstreetmap,1,+66954282452,43 หมู่ 5 Don Wai Floating Market,73210,overture (meta),overture:7ddef8ab-3ee9-42cb-81df-d2abeef814d3
chaoufu@gmail.com,Mixue สามพราน1,Mixue สามพราน1,Sam Phran District,Ice cream,no,Low,0,,,,,openstreetmap,1,+66869993992,"13.726007, 100.216212",73110,overture (meta),overture:f5d8fc87-e767-4861-bcfb-4b43fd12d630
nameee02@gmail.com,namee coffee | เนม คอฟฟี่,namee coffee | เนม คอฟฟี่,Sam Phran District,Cafe,no,Low,0,,,,,openstreetmap,1,+66832440224,ซ. กระทุ่มล้ม 27,73220,overture (meta),overture:bec12e90-1003-4d90-9007-927a164f70e4
oatosang@gmail.com,Oatosang ย่างเนย จุ่มแซ่บ,Oatosang ย่างเนย จุ่มแซ่บ,Sam Phran District,Restaurant,no,Low,0,,,,,openstreetmap,1,+66918240502,คลองใหม่,73110,overture (meta),overture:b5cbf2ed-ae0c-4fba-9580-fea907f34e79
onisamphran@gmail.com,ONI Milk&Tea สามพราน,ONI Milk&Tea สามพราน,Sam Phran District,Restaurant,no,Low,0,,,,,openstreetmap,1,+66995429465,229/4 หมู่8 ต.สามพราน,73130,overture (meta),overture:500c8a01-e06b-4758-bc36-ddc326b2830c
jatuporn.b06@gmail.com,Owl Cha - โลตัส สาขาเทศบาลอ้อมใหญ่,Owl Cha - โลตัส สาขาเทศบาลอ้อมใหญ่,Sam Phran District,Restaurant,no,Low,0,,,,,openstreetmap,1,+66988249014,Lotus Express ซอยเทศบาล 13/1 (อ้อมใหญ่) - นครปฐม,73160,overture (meta),overture:05f4aa9d-f050-472e-826a-bdffa14b662f
infosuthiwat@gmail.com,Patit Pator ปะติดปะต่อ,Patit Pator ปะติดปะต่อ,Sam Phran District,Cafe,no,Low,0,,,,,openstreetmap,1,+66616261478,34 2,73110,overture (meta),overture:152f9641-d38b-43f4-aaf0-5877649075c3
pheerapatnat@gmail.com,Sang Jaroen Cafe  แสงเจริญคาเฟ่  明兴利,Sang Jaroen Cafe  แสงเจริญคาเฟ่  明兴利,Sam Phran District,Cafe,no,Low,0,,,,,openstreetmap,1,+66947914494,2 ถนน บรมราชชนนี,73210,overture (meta),overture:7dd36471-0f26-44a1-915c-01311f412f2c
nawa054@gmail.com,Shabu B OK ตลาดคนเดินสายสี่,Shabu B OK ตลาดคนเดินสายสี่,Sam Phran District,Cafe,no,Low,0,Local,,https://www.wongnai.com/delivery/businesses/450259Kk/order?utm_source=Partner_Own&pid=Partner_Own&is_retargeting=true&af_click_lookback=1d&utm_medium=Partner_450259Kk&af_ad=Partner_450259Kk&utm_campaign=Partner_WMA&af_channel=Partner_WMA_Share&af_reengagement_window=1d&c=OL--OL--Food--AWN--AWN--ALL--ALL--Partner_450259Kk,support@wongnai.com,openstreetmap,1,,ตลาดคนเดิน สาย4 (ปากซอยวัดนครชื่นชุ่ม) ,73220,overture (meta),overture:704e74ca-9e04-4b4e-b12e-ed35267a49c5
success.center.th@gmail.com,Success Coffee Shop สาขาอ้อมใหญ่,Success Coffee Shop สาขาอ้อมใหญ่,Sam Phran District,Cafe,no,Low,0,,,,,openstreetmap,1,+66855652897,หมู่ที่ 8 บ้านเลขที่ 21/6 Tessaban Soi 3,73160,overture (meta),overture:4e3dfce7-d579-4b85-baee-08032499c16f
sushininja.premium.ptt.raikhing@gmail.com,Sushi Ninja Premium-ซูชินินจา พรีเมียม ปตท.ไร่ขิง,Sushi Ninja Premium-ซูชินินจา พรีเมียม ปตท.ไร่ขิง,Sam Phran District,Asian; Japanese; Sushi,no,Low,0,,,,,openstreetmap,1,+66962364417,50/1 หมู่ 3,731190,overture (meta),overture:28415f06-9038-448c-8c86-6c02c10a5291
thecommunesth@gmail.com,The Communes เดอะ คอมมูนส์ พุทธมณฑลสาย 4,The Communes เดอะ คอมมูนส์ พุทธมณฑลสาย 4,Sam Phran District,Restaurant,no,Low,0,,,,,openstreetmap,1,+66659262256,"65, 56 ถ.พุทธมณฑลสาย 4",73220,overture (meta),overture:1869b676-77be-4dd1-95b5-29316931e6b1
ploybusakol5555@gmail.com,Tigers  นั่งชิว สาย 7,Tigers  นั่งชิว สาย 7,Sam Phran District,Restaurant,no,Low,0,,,,,openstreetmap,1,+66948966540,โกบอย ก๋วยเตี๋ยวไก่มะระ ตำบล หอมเกร็ด อำเภอสามพราน นครปฐม,73110,overture (meta),overture:25db0428-3cb7-4ade-88c6-75145b7eb906
beefnoodle.kk@gmail.com,กรุ่นกลิ่น เนื้อตุ๋น Krunkrin Beef Noodle,กรุ่นกลิ่น เนื้อตุ๋น Krunkrin Beef Noodle,Sam Phran District,Restaurant,no,Low,0,,,,,openstreetmap,1,+66917798100,55/4 เทียนดัด-อ้อมใหญ่,73110,overture (meta),overture:d73194a9-e8b1-4529-8936-440035e9f70b
thitinut000@gmail.com,กะเพรายอดยาหยี,กะเพรายอดยาหยี,Sam Phran District,Restaurant,no,Low,0,Local,,https://wongn.ai/21ZH1b,support@lmwn.com; pr@lmwn.com,openstreetmap,1,+66859494748,1,73110,overture (meta),overture:e6932147-c141-48c2-889e-04c1a3456bf2
wuttikun1989@gmail.com,กับข้าวอร่อย,กับข้าวอร่อย,Sam Phran District,Asian; Thai,no,Low,0,,,,,openstreetmap,1,+66867919009,พุทธมณฑลสาย4,73220,overture (meta),overture:333da1e8-1d9e-4974-b9d0-f9176e721df5
patthawadee011@gmail.com,กัปตัน&นาวา Coffee -พุทธมณฑลสาย5,กัปตัน&นาวา Coffee -พุทธมณฑลสาย5,Sam Phran District,Cafe,no,Low,0,,,,,openstreetmap,1,,105 ถนน พุทธมณฑลสาย 5,73210,overture (meta),overture:b9714c13-b0b8-4ade-817c-5b835c7f057f
jiamjan13@gmail.com,กาหนมพี่ กาแฟน้อง Coffee & Bakery,กาหนมพี่ กาแฟน้อง Coffee & Bakery,Sam Phran District,Bakery,no,Low,0,,,,,openstreetmap,1,+66972464146,บ้านขนมเจียม,,overture (meta),overture:0e8fb34c-ca45-4e9d-8f2b-45f83aeb3d1d
store.pageop@outlook.com,กาเเฟขม ขนมหวาน,กาเเฟขม ขนมหวาน,Sam Phran District,Cafe,no,Low,0,,,,,openstreetmap,1,+66939855446,85/111 หมู่ 8 อ้อมใหญ่,73160,overture (meta),overture:966d8f81-f817-4936-ba45-0d1a5aa85c12
ann882201@gmail.com,กาแฟ นมโต,กาแฟ นมโต,Sam Phran District,Cafe,no,Low,0,,,,,openstreetmap,1,+66963789303,,74130,overture (meta),overture:793c4817-87ba-4cf2-9bad-34307914d65f
auau.nichada@gmail.com,กาแฟบ้านดอกไม้,กาแฟบ้านดอกไม้,Sam Phran District,Cafe,no,Low,0,,,,,openstreetmap,1,+66819415396,7 135 ม.1 Wat Om Yai Alley,73160,overture (meta),overture:acb56cd6-e858-41b7-b213-cbf789a1b713
sitaphak.2532@gmail.com,กาแฟมุกปังสด-สาขาโลตัสเอ็กเพรสสามพราน,กาแฟมุกปังสด-สาขาโลตัสเอ็กเพรสสามพราน,Sam Phran District,Cafe,no,Low,0,,,,,openstreetmap,1,+66909198476,,,overture (meta),overture:0a80b15b-ebff-41d1-8cd8-32695e2e9d09
sakkapon23honda@gmail.com,กาแฟสดบ้านผู้พัน,กาแฟสดบ้านผู้พัน,Sam Phran District,Cafe,no,Low,0,,,,,openstreetmap,1,+66967565553,ถนนไร่ขิง - วัดเพลินเพชร,73220,overture (meta),overture:6d1c0b0d-064d-49a1-b0f2-f003eda13669
pakapan.in@gmail.com,กินลม ชมคลอง,กินลม ชมคลอง,Sam Phran District,Restaurant,no,Low,0,,,,,openstreetmap,1,+66828794478,Phithakchai Witchayanan,73110,overture (meta),overture:80ef5171-05a7-4621-9409-89f5a9769392
komadi2022@gmail.com,ก็มาดิCraft,ก็มาดิCraft,Sam Phran District,Restaurant,no,Low,0,,,,,openstreetmap,1,+66988094947,9 สามพราน 13,73110,overture (meta),overture:0477332f-06ca-4060-b745-7ba2688f8db9
rungring0888@gmail.com,ก๋วยเตี๋ยว ร้านตาแชร์,ก๋วยเตี๋ยว ร้านตาแชร์,Sam Phran District,Restaurant,no,Low,0,,,,,openstreetmap,1,,บ้านเลขที่ 85 หมู่ที่ 11 ตำบล คลองจินดา อำเภอ สามพราน,73110,overture (meta),overture:22a214c1-ef98-4939-9917-09c05f14ac86
lengzap@gmail.com,ก๋วยเตี๋ยวต้มยำตำลึงเล้งแซ่บ,ก๋วยเตี๋ยวต้มยำตำลึงเล้งแซ่บ,Sam Phran District,Restaurant,no,Low,0,,,,,openstreetmap,1,+66649369396,Soi Krathum Lom 18,73220,overture (meta),overture:49bf2c4e-21dc-4f72-bdb1-695fe13a8c6b
polazaza4@gmail.com,ก๋วยเตี๋ยวต้มยำโกธง,ก๋วยเตี๋ยวต้มยำโกธง,Sam Phran District,Asian; Japanese,no,Low,0,Local,,https://static.robinhood.in.th/app_link.html?URI=robinhoodth%3A%2F%2Fmerchantlanding%2Fid%2F112861,,openstreetmap,1,+66896674576,หมู่ที่ 5 24 124,73110,overture (meta),overture:a2e5ca34-3b07-4054-b3dd-c23047daa723
marisa.ptj@gmail.com,ก๋วยเตี๋ยวสุโขทัย คนธานี,ก๋วยเตี๋ยวสุโขทัย คนธานี,Sam Phran District,Asian; Japanese,no,Low,0,,,,,openstreetmap,1,+66928244559,44 18 หมู่6 Borommaratchachonnani Rd,73210,overture (meta),overture:80d77111-a635-4c8d-8f9d-5be9e3b7d616
peejeng2523@gmail.com,ก๋วยเตี๋ยวหมูต้มยำสูตรโบราณสาย 5,ก๋วยเตี๋ยวหมูต้มยำสูตรโบราณสาย 5,Sam Phran District,Restaurant,no,Low,0,,,,,openstreetmap,1,+66652244662,47/5 หมู่12 ตำบลไร่ขิง อำเภอสามพราน จังหวัดนครปฐม,73210,overture (meta),overture:b558aed2-9312-49de-8453-7cff92723f7d
tawal0848677257@gmail.com,ก๋วยเตี๋ยวเรือ ป.ประทีป,ก๋วยเตี๋ยวเรือ ป.ประทีป,Sam Phran District,Asian; Japanese,no,Low,0,,,,,openstreetmap,1,+66848677257,ถนน บางเตย ซอย 5,73210,overture (meta),overture:24c0d3b1-a186-4db2-b6d6-3d22a265c74d
kulwadeejang1978@gmail.com,ก๋วยเตี๋ยวเรือถูกปาก สาขา 1 สามพราน,ก๋วยเตี๋ยวเรือถูกปาก สาขา 1 สามพราน,Sam Phran District,Restaurant,no,Low,0,,,,,openstreetmap,1,+66860318699,ก๋วยเตี๋ยวเรือถูกปาก สาขา 1 สามพราน,73110,overture (meta),overture:817afe9b-b3c4-43e6-844e-abf221f04b34
uschariya.2520@icloud.com,ก๋วยเตี๋ยวเรือทองกร สาย5,ก๋วยเตี๋ยวเรือทองกร สาย5,Sam Phran District,Takeaway,no,Low,0,,,,,openstreetmap,1,+66818594234, ก๋วยเตี๋ยวเรือทองกร(นายลือสาย5) ถนน พุทธมณฑลสาย 5 ตำบล บางกระทึก อำเภอสามพราน นครปฐม 73210,73210,overture (meta),overture:025e44eb-205f-457d-a238-a3aff66cd96c
mr.amnarg@gmail.com,ก๋วยเตี๋ยวเรือท่าตลาด,ก๋วยเตี๋ยวเรือท่าตลาด,Sam Phran District,Asian; Japanese,no,Low,0,,,,,openstreetmap,1,+66820087088,DPT. Nakhon Pathom 2007,73110,overture (meta),overture:cfe1de49-1df5-48e9-9c66-9e66add3d4a0
karoklove@gmail.com,ก๋วยเตี๋ยวเรือหมูตุ๋นรสเด็ด,ก๋วยเตี๋ยวเรือหมูตุ๋นรสเด็ด,Sam Phran District,Restaurant,no,Low,0,,,,,openstreetmap,1,+66640564299,หน้า ธนาคารกรุงไทยอ้อมใหญ่ ถนนเพชรเกษม ต.อ้อมใหญ่,73160,overture (meta),overture:a1a08e15-2372-42a9-a541-f97802352b73
jejumsai5@gmail.com,ก๋วยเตี๋ยวเรืออยุธยาเจ๊จุ๋ม สาขา พุทธมณฑลสาย5,ก๋วยเตี๋ยวเรืออยุธยาเจ๊จุ๋ม สาขา พุทธมณฑลสาย5,Sam Phran District,Restaurant,no,Low,0,,,,,openstreetmap,1,+66955503915,49/2 หมู่8 ตำบลบางกระทึก,73170,overture (meta),overture:462fb24e-e1c3-4db2-81e7-52f38afcb666
terhopphon@icloud.com,ขนมจีน คลองใหม่,ขนมจีน คลองใหม่,Sam Phran District,Asian; Chinese,no,Low,0,,,,,openstreetmap,1,+66988719879,112 หมู่1 Khlong Mai Rd,73110,overture (meta),overture:e309b0e6-6159-40df-ba7e-f2c38639b167
kitapanamatang@gmail.com,ของแท้ หมูกระทะ,ของแท้ หมูกระทะ,Sam Phran District,Restaurant,no,Low,0,,,,,openstreetmap,1,+66821496166,29 1,73110,overture (meta),overture:4e8392e7-0f85-4cc6-a141-023f7430c38e
suriratntnswrrkh@gmail.com,ขอนแก่นตำเพลิน,ขอนแก่นตำเพลิน,Sam Phran District,Restaurant,no,Low,0,,,,,openstreetmap,1,+66862487931,นอกเขตผังเมืองรวม,73110,overture (meta),overture:681906cb-f669-449e-b0d9-fb8f0b45db61
west_per@hotmail.com,ขาหมูไทยเพชร,ขาหมูไทยเพชร,Sam Phran District,Asian; Thai,no,Low,0,,,,,openstreetmap,1,+66993456899,5/6หมู่2 ต.อ้อมใหญ่ จ.นครปฐม,73160,overture (meta),overture:c3687605-aa7b-481c-a880-635dea0cae55
theerawut19072559@gmail.com,ข้าวมันไก่ 25 บาท,ข้าวมันไก่ 25 บาท,Sam Phran District,Restaurant,no,Low,0,,,,,openstreetmap,1,,ทางเข้า ตลาดน้ำดอนหวาย,73210,overture (meta),overture:e460745e-6161-4036-b821-d4fb92df8bde
ploychay@live.com,ข้าวเหนียวหมูปิ้ง Homemade,ข้าวเหนียวหมูปิ้ง Homemade,Sam Phran District,Restaurant,no,Low,0,Local,,https://www.wongnai.com/restaurants/550125oM-%E0%B8%82%E0%B9%89%E0%B8%B2%E0%B8%A7%E0%B9%80%E0%B8%AB%E0%B8%99%E0%B8%B5%E0%B8%A2%E0%B8%A7%E0%B8%AB%E0%B8%A1%E0%B8%B9%E0%B8%9B%E0%B8%B4%E0%B9%89%E0%B8%87-homemade,plochayv@gmail.com; nongarh@yahoo.com; chatathammachart@gmail.com; nungmods@gmail.com; thanakrit.marc@gmail.com; nuntawan.vn@gmail.com; u002fnuntawan.vn@gmail.com; baiboon.res@gmail.com,openstreetmap,1,+66946665163,66/5 ซอยชุมชนโรงหล่อ,73210,overture (meta),overture:ca24ef12-bc02-4cf5-a8e0-4879dc19741b
panglum5039@gmail.com,ข้าวแกงรสเด็ดซอยวัดอ้อมใหญ่,ข้าวแกงรสเด็ดซอยวัดอ้อมใหญ่,Sam Phran District,Asian; Thai,no,Low,0,,,,,openstreetmap,1,+66958980468,ซอยวัดอ้อมใหญ่,73160,overture (meta),overture:24542f98-7edf-4571-a723-5a96e7ef018d
khaokaengindy1@gmail.com,ข้าวแกงอินดี้,ข้าวแกงอินดี้,Sam Phran District,Restaurant,no,Low,0,,,,,openstreetmap,1,+66656163998,พุทธมณฑลสาย 5,73210,overture (meta),overture:5b326bc9-43a5-4998-b17f-71f7722bd63f
tidarat.2527@icloud.com,ข้าวไข่ป่ะ,ข้าวไข่ป่ะ,Sam Phran District,Restaurant,no,Low,0,,,,,openstreetmap,1,+66869812242,,,overture (meta),overture:0657193c-1693-4bf7-ad24-1b9975138c92
tacoolmood789@gmail.com,ครัว บ้านเอก,ครัว บ้านเอก,Sam Phran District,Restaurant,no,Low,0,,,,,openstreetmap,1,+66982855112,๕๙/๙ หมู่2 ตำบล กระทุ่มล้ม อำเภอ สามพราน จังหวัด นครปฐม,73220,overture (meta),overture:065ff2ae-4cc9-40bc-9f83-d0c9e36ece65
bangchakomyai@hotmail.com,ครัว อ้อมใหญ่,ครัว อ้อมใหญ่,Sam Phran District,Restaurant,no,Low,0,,,,,openstreetmap,1,+6624205814,17 83 หมู่2 Phet Kasem Rd,73160,overture (meta),overture:65b505bb-b50b-44c9-bc97-a64057f8c8ff
kaewjai05112531@gmail.com,ครัวกวางตุ้ง,ครัวกวางตุ้ง,Sam Phran District,Restaurant,no,Low,0,,,,,openstreetmap,1,+66625368728,เพชรเกษม\nซอยเทศบาล9\nต.อ้อมใหญ่\nิอ.สามพราน,,overture (meta),overture:df8f4a07-7730-4f5f-a404-bfcdf16f133c
nua6526@gmail.com,ครัวครูเหนือ,ครัวครูเหนือ,Sam Phran District,Asian; Thai,no,Low,0,,,,,openstreetmap,1,,https://goo.gl/maps/e6qig1w7paD2,73210,overture (meta),overture:3137ae4d-6eb2-421a-bd4e-26cc3ba7d1dd
khrawkhunyay@gmail.com,ครัวคุณยาย อาหารตามสั่ง,ครัวคุณยาย อาหารตามสั่ง,Sam Phran District,Restaurant,no,Low,0,,,,,openstreetmap,1,+66828321267,,,overture (meta),overture:722acb0b-fa9d-4de9-85f6-be80089c7de4
kruakhunmeang@gmail.com,ครัวคุณเมี่ยง,ครัวคุณเมี่ยง,Sam Phran District,Restaurant,no,Low,0,,,,,openstreetmap,1,+66815268003,หมู่ที่ 1,73110,overture (meta),overture:ebc3bc79-b4d0-46fc-bf23-a082ad60594c
rattiyakamon1992@gmail.com,ครัวคุณไก่,ครัวคุณไก่,Sam Phran District,Cafe,no,Low,0,,,,,openstreetmap,1,+66958721860,20/3 จิตรไพศาล2 ซอยราษสามัคคี3 หมู่ 5 ตำบลท่าข้าม อำเภอสามพราน จังหวัดนครปฐม\n,73110,overture (meta),overture:1d17f32c-8dc5-47ba-af78-ed137d576f3e
sendnam88@icloud.com,ครัวชายปาน ข้าวแกงปักษ์ใต้,ครัวชายปาน ข้าวแกงปักษ์ใต้,Sam Phran District,Restaurant,no,Low,0,,,,,openstreetmap,1,+66854756483,36 ไร่ขิง,73210,overture (meta),overture:fe5940bd-dded-4e1f-b87c-257f26d50318
chonkong@hotmail.com,ครัวช่างมืด,ครัวช่างมืด,Sam Phran District,Restaurant,no,Low,0,,,http://line.me/ti/p/~khwansan,,openstreetmap,1,+66810177050,100/2 ม. 4 ต. บ้านใหม่ อ. สามพราน จ. นครปฐม 73110,73110,overture (meta),overture:5f7ef8ba-797e-41a9-95cf-1703620f927a
jumjum28.12@gmail.com,ครัวต้นตาลตำตำตำบางม่วง,ครัวต้นตาลตำตำตำบางม่วง,Sam Phran District,Restaurant,no,Low,0,,,,,openstreetmap,1,+66822513875,คลองต้นตาล บางม่วง,73110,overture (meta),overture:93ae0576-ad92-4246-8a5f-b1c3e05d3dd3
pang2037@hotmail.com,ครัวธงทอง ซีฟู๊ด,ครัวธงทอง ซีฟู๊ด,Sam Phran District,Seafood,no,Low,0,,,,,openstreetmap,1,+66920451979,ปากอ่าวมหาชัย,,overture (meta),overture:e68cf256-b21e-47d5-aa60-d9a5d8270c45
norahnakin9038@gmail.com,ครัวนาราห์,ครัวนาราห์,Sam Phran District,Restaurant,no,Low,0,,,,,openstreetmap,1,+66853239038,Thetsaban 8,73160,overture (meta),overture:22cde2c7-a719-4067-862d-480afbc81ea1
oon_sasithorn@hotmail.com,ครัวบ้านบ้าน ซ.ไร่ขิง 22,ครัวบ้านบ้าน ซ.ไร่ขิง 22,Sam Phran District,Restaurant,no,Low,0,,,,,openstreetmap,1,+66889795663,"14, 29 ม.7 ซอย ไร่ขิง 22",73210,overture (meta),overture:6bc10759-e522-44ea-bfca-6a3d5daa681d
rimnacum@gmail.com,ครัวบ้านสวย ข้าวแกงไทย,ครัวบ้านสวย ข้าวแกงไทย,Sam Phran District,Restaurant,no,Low,0,,,,,openstreetmap,1,+66824445999,"ข้าวต้มนายจือ, ครัวบ้านสวย ข้าวแกงไทย, อำเภอสามพราน นครปฐม 73210",73210,overture (meta),overture:41fcfe45-0a81-4c65-9498-4f82b0e831dd
khruabaanoak@gmail.com,ครัวบ้านโอ๊ก,ครัวบ้านโอ๊ก,Sam Phran District,Restaurant,no,Low,0,,,,,openstreetmap,1,+66895699440,Phet Kasem Rd,73110,overture (meta),overture:5784a7e0-fc79-4d20-ab55-d567c4d07493
mushroomkitchen.sai4@gmail.com,ครัวสวนเห็ด สายสี่ Mushroom Kitchen sai4,ครัวสวนเห็ด สายสี่ Mushroom Kitchen sai4,Sam Phran District,Restaurant,no,Low,0,,,,,openstreetmap,1,+66982059962,3/1 พุทธมณฑล​สายสี่ บางกระทึก สามพราน นครปฐม,10170,overture (meta),overture:6ef6b3ab-1541-4395-b6ab-4c6ceb9a2b7f
bill_sudarat@hotmail.com,ครัวหนูการ์ตูน,ครัวหนูการ์ตูน,Sam Phran District,Restaurant,no,Low,0,,,,,openstreetmap,1,+66649388561,3316บ้านเลขที่3 23ม 1,73210,overture (meta),overture:7462d010-1652-4426-a44d-ce1678223373
kanniga_2517@icloud.com,ครัวหยิบทอง,ครัวหยิบทอง,Sam Phran District,Restaurant,no,Low,0,,,,,openstreetmap,1,+66878127528,"หมู่บ้าน วัดไร่ขิง เลขที่ 124,125 หมู่ 2",73210,overture (meta),overture:d0a45e56-8dd9-4aa6-a3cd-f58ad3d41cd7
pokkob29@gmail.com,ครัวอิ่มอุ่น ณ ศาลายา,ครัวอิ่มอุ่น ณ ศาลายา,Sam Phran District,Restaurant,no,Low,0,,,,,openstreetmap,1,,91,73210,overture (meta),overture:bb324663-fa44-45ec-8afc-513045bc70d2
poowadol.net@gmail.com,ครัวเจ๊ดาสาย7,ครัวเจ๊ดาสาย7,Sam Phran District,Restaurant,no,Low,0,,,,,openstreetmap,1,+66814833014,หมู่ที่ 2 3/20,73110,overture (meta),overture:431ac549-b96e-4c51-a16d-a0dc83189c65
inanapp60@gmail.com,ครัวเศรษฐี,ครัวเศรษฐี,Sam Phran District,Restaurant,no,Low,0,,,,,openstreetmap,1,+66965535987,,73160,overture (meta),overture:09ded836-ccdb-4251-aa5c-9a35c59cca97
oatvitsarut@gmail.com,ครัวไตรลักษณ์,ครัวไตรลักษณ์,Sam Phran District,Asian; Thai,no,Low,0,,,,,openstreetmap,1,+66813472244,19/5 หมู่ 3 ตำบลบางกระทึก อำเภอสามพราน จังหวัดนครปฐม ,73210,overture (meta),overture:6b5aec2b-b191-4096-b65f-04fcbcbbb86f
autchapong@hotmail.com,คลังรถอีซูซุ #เบียร์ชายr2 0864130877,คลังรถอีซูซุ #เบียร์ชายr2 0864130877,Sam Phran District,Restaurant,no,Low,0,,,http://line.me/ti/p/~minibusz,,openstreetmap,1,+66864130877,5 ถนน พุทธมณฑลสาย 4,73220,overture (meta),overture:1aaf0531-7179-4cac-9246-f36e5682faeb
b_indy@hotmail.com,คุกกี้พายอาร์,คุกกี้พายอาร์,Sam Phran District,Bakery,no,Low,0,,,,,openstreetmap,1,+66814536982,9/16 สิวารัตน์ 8,73110,overture (meta),overture:a21b569f-f95e-4b05-993e-c5f98cd3f078
unaoei@gmail.com,คุงกรเบเกอรี่,คุงกรเบเกอรี่,Sam Phran District,Bakery,no,Low,0,Local,,https://www.wongnai.com/restaurants/kunkorn,tanasukant@hotmail.com; seph100348@gmail.com; thanakrit.marc@gmail.com,openstreetmap,1,+66885250322,เพชรเกษม,73160,overture (meta),overture:4baa3cca-2983-442c-a24d-828f8ea3ea1a
mitchaibg@gmail.com,คุณขนุน ข้าวราดแกง,คุณขนุน ข้าวราดแกง,Sam Phran District,Restaurant,no,Low,0,,,,,openstreetmap,1,,ติดถนน ตลาดจินดา สามพราน นครปฐม,73110,overture (meta),overture:5bb39267-1203-4dbc-b59a-1b12b26028f9
chae1986@gmail.com,คุณจุกขนมหวาน หอมเกร็ด นครปฐม,คุณจุกขนมหวาน หอมเกร็ด นครปฐม,Sam Phran District,Cafe,no,Low,0,,,,,openstreetmap,1,+66831225449,คุณจุกขนมหวาน วัดหอมเกร็ด อำเภอสามพราน นครปฐม,73110,overture (meta),overture:c39ddbde-a72d-464b-ab58-513f4b62c24a
thegreatoamyai@gmail.com,คุณยายทองชุบ แซ่บอินดี้,คุณยายทองชุบ แซ่บอินดี้,Sam Phran District,Restaurant,no,Low,0,,,,,openstreetmap,1,+66813556959,ป้ายรถเมล์สะพานลอย หน้าพิซซ่า 1112,73160,overture (meta),overture:73631288-aac7-480a-bdf9-fe1e5e6a9726
ploybubii@gmail.com,จับ มา ย่าง,จับ มา ย่าง,Sam Phran District,Restaurant,no,Low,0,,,,,openstreetmap,1,+66868335083,4,73110,overture (meta),overture:6303661a-51fd-4dc7-b40c-0b8b34a65ded
hathaikarn.tapeiang@gmail.com,จุ่มตำยำสเต็กbyฟาร์มนายหัว,จุ่มตำยำสเต็กbyฟาร์มนายหัว,Sam Phran District,Restaurant,no,Low,0,,,,,openstreetmap,1,+66883999303,19/35 หมู่ 2 ตำบล อ้อมใหญ่ อำเภอ สามพราน,73160,overture (meta),overture:c272ec85-dce0-4272-860d-e4023e537ee8
iyalizdressuo@gmail.com,จุ่มหงษ์,จุ่มหงษ์,Sam Phran District,Restaurant,no,Low,0,,,,,openstreetmap,1,+66942498762,ซอยวัดไร่ขิง ฝั่งตรงข้าม BicC Mini,73110,overture (meta),overture:e0c3e644-1648-4cb7-a258-200c1e8063e2
fongtopaz@gmail.com,ชมเฌอ คาเฟ่ & แคคตัสฟาร์ม,ชมเฌอ คาเฟ่ & แคคตัสฟาร์ม,Sam Phran District,Cafe,no,Low,0,,,,,openstreetmap,1,+66909949949,39 ม.5 ต.ท่าตลาด อ.สามพราน,73110,overture (meta),overture:c167019b-0136-4ee4-8a00-8e4a1baaa64a
chantima0629636153@gmail.com,ชา ปัง แฟ,ชา ปัง แฟ,Sam Phran District,Cafe,no,Low,0,,,,,openstreetmap,1,+66629636153,สามพราน,73110,overture (meta),overture:9bfa5394-9d50-476f-a5e0-0f9de9cf7eb1
miilynn.da@gmail.com,ชาบูอาจุ้มเหม่ง,ชาบูอาจุ้มเหม่ง,Sam Phran District,Restaurant,no,Low,0,,,,,openstreetmap,1,+66949470947,59 2 DPT. Nakhon Pathom 2037,73110,overture (meta),overture:bd68451e-b00d-4537-a848-7bb4a134580e
attaya56@gmail.com,ชาบูในสวน,ชาบูในสวน,Sam Phran District,Restaurant,no,Low,0,,,,,openstreetmap,1,+66906462445,,,overture (meta),overture:1ab969e2-aaf5-474d-901a-ec566fec6678
piyachayui@gmail.com,ซดเตี๋ยว เคี้ยวข้าว,ซดเตี๋ยว เคี้ยวข้าว,Sam Phran District,Restaurant,no,Low,0,,,,,openstreetmap,1,,จ.นครปฐม. ถนน พุทธมณฑลสายสี่,73220,overture (meta),overture:bc590542-6fb4-4cd6-95ec-b8dd401e3a7a
swxariratn@gmail.com,ซัน ซัน คอฟฟี่ กาแฟสด,ซัน ซัน คอฟฟี่ กาแฟสด,Sam Phran District,Cafe,no,Low,0,,,,,openstreetmap,1,+66822261536,ถนนไร่ขิง ทรงคนอง,73210,overture (meta),overture:59abeece-9b4c-4c77-bbd2-e17b05191edf
aof.tourism6@gmail.com,ณัฐพงศ์ การ์เด้น,ณัฐพงศ์ การ์เด้น,Sam Phran District,Restaurant,no,Low,0,,,,,openstreetmap,1,+66892287454,21ม.1,73110,overture (meta),overture:9c4e752e-0a42-4bd8-854f-7cf88caf3f9e
tiw.tus99@hotmail.com,ดอนหวายกระเพราถาดโคตร-โคตร,ดอนหวายกระเพราถาดโคตร-โคตร,Sam Phran District,Restaurant,no,Low,0,,,,,openstreetmap,1,+66815715711,14 3,73210,overture (meta),overture:c7275ceb-f7fd-435b-b799-1755d495ddda
phawadee3357@gmail.com,ตลาดลุงนุ,ตลาดลุงนุ,Sam Phran District,Restaurant,no,Low,0,,,,,openstreetmap,1,+66854403272,ถนนดอนหวาย-สาย5,73210,overture (meta),overture:57e30dc0-0043-4dca-8e72-29ee91240104
huacharoen@gmail.com,ตลาดเสกสรรค์,ตลาดเสกสรรค์,Sam Phran District,Restaurant,no,Low,0,,,,,openstreetmap,1,,59 11 ม.5,73160,overture (meta),overture:15c8ab9b-7b17-44f6-b766-0fb6987b15de
jamjaew.m@gmail.com,ตลาดแจ่มแจ๋ว ฟู้ดเซ็นเตอร์ หลังเซ็นทรัลศาลายา,ตลาดแจ่มแจ๋ว ฟู้ดเซ็นเตอร์ หลังเซ็นทรัลศาลายา,Sam Phran District,Asian; Thai,no,Low,0,,,,,openstreetmap,1,+66824449616,44/4 ถนน บางเตย ซอย 5,73210,overture (meta),overture:75216d10-567f-4693-9d98-2b095c86ae80
w.2916790@gmail.com,ตั้งเตา หมูกระทะสามพราน,ตั้งเตา หมูกระทะสามพราน,Sam Phran District,Restaurant,no,Low,0,,,,,openstreetmap,1,,97/117 หมู่ 3 ต.คลองใหม่ อ.สามพราน,73110,overture (meta),overture:bd2b6900-fc7c-42c9-8574-38a4109b8769
anyayan.spn@gmail.com,ตามใจฉัน,ตามใจฉัน,Sam Phran District,Restaurant,no,Low,0,Local,,https://wongn.ai/lv3o0,support@wongnai.com,openstreetmap,1,+66926694494,"หอมเกร็ด, สามพราน, ประเทศไทย",73110,overture (meta),overture:362f3fd5-0b6f-440e-8564-21a9492da31f
romanclupx@hotmail.com,ตำริมสวน,ตำริมสวน,Sam Phran District,Restaurant,no,Low,0,,,,,openstreetmap,1,+66814249917,73210,73210,overture (meta),overture:572c5b4d-25ea-419a-b17d-31c74670e809
tidmunzsamphran@gmail.com,ติดมันส์ บุฟเฟ่ต์ปิ้งย่างกระทะร้อน สาขาสามพราน,ติดมันส์ บุฟเฟ่ต์ปิ้งย่างกระทะร้อน สาขาสามพราน,Sam Phran District,Restaurant,no,Low,0,,,,,openstreetmap,1,+66971823450,107 ถนน เพชรเกษม,73110,overture (meta),overture:1d14b863-1f37-418b-9b1c-218611add7e1
aampere08@gmail.com,ติดอกติดใจ,ติดอกติดใจ,Sam Phran District,Restaurant,no,Low,0,,,,,openstreetmap,1,+66616634719,17/3 ห้อง A7,73210,overture (meta),overture:b09b3515-90da-4519-ad43-1460ff62e4cf
kulcharoenlap_85@hotmail.com,ต้าลี่เฮง เกาเหลาเนื้อตุ๋น,ต้าลี่เฮง เกาเหลาเนื้อตุ๋น,Sam Phran District,Restaurant,no,Low,0,,,,,openstreetmap,1,+66642856426,Bang Toei 2,73210,overture (meta),overture:ec395d4d-d91c-494d-ae86-72d313039980
wararut8986@gmail.com,ถังทะเล สามพราน,ถังทะเล สามพราน,Sam Phran District,Asian; Thai,no,Low,0,Local,,https://wongn.ai/21YCQw,support@lmwn.com; pr@lmwn.com,openstreetmap,1,+66917095801,,,overture (meta),overture:5ed98694-20b8-4e65-bc32-0058366dcdbb
airsuree12@gmail.com,ทุเรียน เจ๊แอร์,ทุเรียน เจ๊แอร์,Sam Phran District,Restaurant,no,Low,0,,,,,openstreetmap,1,+66639640486,ด้านหน้าศูนย์อาหารบิ๊กบอส  กระทุ่มล้มซอย11 ,73220,overture (meta),overture:58e32cc3-07ba-479d-abbf-fae60dba014b
bowkung15@hotmail.com,ท่าทรายกำนันบอล,ท่าทรายกำนันบอล,Sam Phran District,Seafood,no,Low,0,,,,,openstreetmap,1,+66625469356,39/17,73110,overture (meta),overture:da3e3133-850a-44f7-8a04-bd6887feebf3
sawittree0923924488@gmail.com,นกเอี้ยงก๋วยเตี๋ยวไก่มะระ,นกเอี้ยงก๋วยเตี๋ยวไก่มะระ,Sam Phran District,Restaurant,no,Low,0,,,,,openstreetmap,1,+66923924488,"73160, สามพราน, Thailand",73160,overture (meta),overture:49739948-2944-4e3d-8f07-3cf75fd9a7b7
nadarcafe@gmail.com,นาดาร์ คาเฟ่ NaDar Café,นาดาร์ คาเฟ่ NaDar Café,Sam Phran District,Cafe,no,Low,0,,,,,openstreetmap,1,+66617958238,43/22 ซอย 3,73210,overture (meta),overture:e310d9ec-8b05-4532-a196-2f8009c80267
tissawan.s@gmail.com,นิยมสมหวัง ไอศรีมกะทิสด,นิยมสมหวัง ไอศรีมกะทิสด,Sam Phran District,Restaurant,no,Low,0,,,,,openstreetmap,1,+66802252369,2 ถนน บรมราชชนนี,73210,overture (meta),overture:7a741b5b-87c8-429f-8e11-af7ec010762d
duangdee-noodle@hotmail.com,นิวดวงดีโภชนา,นิวดวงดีโภชนา,Sam Phran District,Restaurant,no,Low,0,,,,,openstreetmap,1,+66951426992,169/20 หมู่7 หมู่บ้าน สาย4สแควร์ ตำบล กระทุ่มล้ม อำเภอ สามพราน จังหวัด นครปฐม 73220,74130,overture (meta),overture:15dbe5d5-0bbb-4edd-8ea2-0ba97d8496a9
one178369@gmail.com,น้องบีมอาหารตามสั่ง,น้องบีมอาหารตามสั่ง,Sam Phran District,Restaurant,no,Low,0,,,,,openstreetmap,1,,45/2หมู่2ตำบลคลองใหม่ อำเภอสามพราน จังหวัดนครปฐม,73110,overture (meta),overture:d2ec200c-9fc2-41e7-aae0-e48809f237e4
bualoyraikhing@gmail.com,บัวลอยไร่ขิง,บัวลอยไร่ขิง,Sam Phran District,Cafe,no,Low,0,,,,,openstreetmap,1,+66992616541,"13/42 moo 6 Tambon Thatalad Amphur, Samphan, นครปฐม",73210,overture (meta),overture:72f318bd-585b-45f4-83b0-668420a098aa
bigjokek@gmail.com,บิ๊กเข่ง ข้าวขาหมู ก๋วยเตี๋ยวเรือน้ำตก สาขา 2 วัดไร่ขิง,บิ๊กเข่ง ข้าวขาหมู ก๋วยเตี๋ยวเรือน้ำตก สาขา 2 วัดไร่ขิง,Sam Phran District,Takeaway,no,Low,0,,,,,openstreetmap,1,+66992394919,,,overture (meta),overture:d4c0af44-e058-4b3d-8a2b-608503118ac8
charawee27@hotmail.com,บ้านขนมนุ่มนิ่ม,บ้านขนมนุ่มนิ่ม,Sam Phran District,Bakery,no,Low,0,,,,,openstreetmap,1,+66852938644,229/118 หมู่4 ต,74130,overture (meta),overture:8af7c53f-2680-4c92-8631-2263af419b90
bankhunkaeo99@gmail.com,บ้านขุนแก้ว ตำนานขนมเปี๊ยะกว่า50ปี,บ้านขุนแก้ว ตำนานขนมเปี๊ยะกว่า50ปี,Sam Phran District,Restaurant,no,Low,0,,,,,openstreetmap,1,+66632379856,"60/1 ม.3, ขุนแก้ว, นครชัยศรี, Nakhon Pathom 73120",73120,overture (meta),overture:bb6e1b58-35af-4593-bd37-67d92f0d380a
baanchaipoj@gmail.com,บ้านคุณชายพจน์,บ้านคุณชายพจน์,Sam Phran District,Cafe,no,Low,0,,,,,openstreetmap,1,+66633589993,"บ้านคุณชายพจน์ 86, หมู่4 ",73210,overture (meta),overture:72918b99-4585-4f5f-9051-8f7fd6678563
jayomyai13@gmail.com,บ้านสวนภูธร,บ้านสวนภูธร,Sam Phran District,Restaurant,no,Low,0,,,,,openstreetmap,1,+66834566770,เพชรเกษม,73110,overture (meta),overture:bf09f270-7777-44a2-9048-3517d4b676f1
t_off13@yahoo.com,บ้านหลงสวน สามพราน Lost in the Garden,บ้านหลงสวน สามพราน Lost in the Garden,Sam Phran District,Cafe,no,Low,0,,,,,openstreetmap,1,+66816686086,13 2,73210,overture (meta),overture:bc256443-a2c7-4567-a2f3-880fcefa2665
paupaocafe.bakery@gmail.com,บ้านเพื่อน บางช้าง,บ้านเพื่อน บางช้าง,Sam Phran District,Cafe,no,Low,0,,,,,openstreetmap,1,+66624953888,,,overture (meta),overture:5e3a9732-cab3-48fe-846b-ba3cf319a776
k.land.market@gmail.com,บ้านไร่กาแฟ - Banrie Coffee สาขาตลาดไฟแดงฯ,บ้านไร่กาแฟ - Banrie Coffee สาขาตลาดไฟแดงฯ,Sam Phran District,Cafe,no,Low,0,,,,,openstreetmap,1,+66882283836,80/111 หมู่ 7 ตลาดไฟแดง แยกเดชาฯ,73110,overture (meta),overture:68ada93f-049b-4efc-9e19-85af73f42788
udomchaivit@gmail.com,ปตท.อุดมชัยวิทย์ นครปฐม,ปตท.อุดมชัยวิทย์ นครปฐม,Sam Phran District,Cafe,no,Low,0,,,,,openstreetmap,1,+6634311227,,,overture (meta),overture:0adeff00-6270-4451-adc6-4f9937dd3b0f
phu.tiaotunsince2024@gmail.com,ปู.เตี๋ยวตุ๋น สูตรเด็ด พริกจี่จิ้มกะปิ,ปู.เตี๋ยวตุ๋น สูตรเด็ด พริกจี่จิ้มกะปิ,Sam Phran District,Restaurant,no,Low,0,,,,,openstreetmap,1,+66639963324,ซอยโรมัน,73110,overture (meta),overture:35b30821-28a5-4b4f-bb25-0d25022b1aab
planlnw_99@hotmail.com,ผัดไทย style เก่ง,ผัดไทย style เก่ง,Sam Phran District,Restaurant,no,Low,0,,,,,openstreetmap,1,+66818586838,หน้าห้องพักเมมโมรี่ (ติดถนน 99/14-15,73110,overture (meta),overture:4b278e9b-a9fc-4bbd-bbcf-7f88ccb5ea84
pojluk6@gmail.com,พจน์ โกเด้ง (ศรีสามพราน),พจน์ โกเด้ง (ศรีสามพราน),Sam Phran District,Restaurant,no,Low,0,,,,,openstreetmap,1,+66615321838,47 หมู่2,73110,overture (meta),overture:4ed032f9-cb70-46db-a4e8-8364d107c778
pojlukza@gmail.com,พจน์โกเด้ง บะหมี่เกี๊ยว ข้าวหมูแดง,พจน์โกเด้ง บะหมี่เกี๊ยว ข้าวหมูแดง,Sam Phran District,Restaurant,no,Low,0,,,,,openstreetmap,1,+66652381838,50/22 หมู่2 ต.ท่าตลาด อ.สามพราน,73110,overture (meta),overture:bbad4004-b2cb-423f-a25d-441d5a3586cf
prom.heritagehouse@gmail.com,พร้อม เฮอริเทจ เฮ้าส์,พร้อม เฮอริเทจ เฮ้าส์,Sam Phran District,Cafe,no,Low,0,,,,,openstreetmap,1,+66854255194,25 หมู่ 5 ถนน เทิดพระเกียรติ ซอย 1 ,73210,overture (meta),overture:6c3ba6fe-bc76-48bb-81ab-716d0ff48613
halea3993@gmail.com,พีพี หม่าล่า&บาบีคิว,พีพี หม่าล่า&บาบีคิว,Sam Phran District,Restaurant,no,Low,0,,,,,openstreetmap,1,+66621219343,ต.คลองจินดา อ.สามพราน จ.นครปฐม,73110,overture (meta),overture:1579ea21-f027-438b-9ff5-e5fe0c45f413
oletrader2529@gmail.com,พ่อค้าโอ shop all in one market,พ่อค้าโอ shop all in one market,Sam Phran District,Asian; Thai,no,Low,0,,,,,openstreetmap,1,+66993277524,Big C mini ตลาดน้ำดอนหวาย,73210,overture (meta),overture:d181171f-efa8-4c48-acc6-97b2d1e8c3f7
wasana09023780@gmail.com,ฟลุ๊คบะหมี่เกี๊ยว ร้านก๋วยเตี๋ยวหน้าบ้าน,ฟลุ๊คบะหมี่เกี๊ยว ร้านก๋วยเตี๋ยวหน้าบ้าน,Sam Phran District,Asian; Japanese,no,Low,0,,,,,openstreetmap,1,+66902378086,Phutthamonthon Sai 5 Road,73210,overture (meta),overture:a8a1587f-c39f-43ad-8be6-d321931bdbde
wpnaomyai@gmail.com,ฟาร์มนายหัวข้าวแกงปักษ์ใต้ กาแฟสด,ฟาร์มนายหัวข้าวแกงปักษ์ใต้ กาแฟสด,Sam Phran District,Restaurant,no,Low,0,Local,,https://wongn.ai/k7vwi,support@lmwn.com; pr@lmwn.com,openstreetmap,1,+66909705958,19/4 Phet Kasem Rd,73160,overture (meta),overture:a021df60-7a00-4cdf-835c-7dadfa7a6af4
montonbakery@hotmail.com,มณฑล เบเกอรี่,มณฑล เบเกอรี่,Sam Phran District,Bakery,no,Low,0,,,,,openstreetmap,1,+6624821638,21,73210,overture (meta),overture:25121982-a9d4-49e5-80a3-16258996a758
phanitanan_bb@hotmail.com,มัทฉะญี่ปุ่นแท้ 100% จาก Uji Japan By Chasenpan,มัทฉะญี่ปุ่นแท้ 100% จาก Uji Japan By Chasenpan,Sam Phran District,Cafe,no,Low,0,,,,,openstreetmap,1,+66626322915,ร้านชาเซนปาน ถ.พุทธมณฑลสาย4 ต.กระทุ่มล้ม,73220,overture (meta),overture:d846a516-3370-461c-95ec-8220f4f2e642
chayjai_krongmai@gmail.com,มันเปลวก๋วยเตี๋ยวโบราณ,มันเปลวก๋วยเตี๋ยวโบราณ,Sam Phran District,Restaurant,no,Low,0,,,,,openstreetmap,1,+66944642133,,,overture (meta),overture:fbef70f4-8673-4249-8f1f-1effcfdcd192
addlove@msn.com,มินิบาร์แฟรนไชส์,มินิบาร์แฟรนไชส์,Sam Phran District,Bar,no,Low,0,,,http://minibarfranchise.lnwshop.com/,,openstreetmap,1,+66863602403,พุทธมณฑลสาย 4,10160,overture (meta),overture:655f0cc0-bd3d-434f-a3cd-a27f19222961
pureliku73@gmail.com,มิสเตอร์มาร์ค อาหารตามสั่ง,มิสเตอร์มาร์ค อาหารตามสั่ง,Sam Phran District,Restaurant,no,Low,0,Local,,https://wongn.ai/ocqtt,support@wongnai.com,openstreetmap,1,+66822356416,ซอยสมภพ-อ้อมใหญ่,73110,overture (meta),overture:32e34a6f-c5f1-42ed-9691-c4228e97672c
noodlejumpp@gmail.com,มุ่ยหลี ลูกชิ้นปลาสวนรื่น,มุ่ยหลี ลูกชิ้นปลาสวนรื่น,Sam Phran District,Asian; Japanese,no,Low,0,,,,,openstreetmap,2,+66919285942,"โครงการเดอะโฟร์ท, หมู่ที่ 8 ห้อง E09, Phutthamonthon Sai 4 Rd",73220,overture (meta),overture:47f840a6-3422-4a17-9080-7ebfde2913de
manpai.sainam@gmail.com,ม่านไผ่ สายน้ำ Cafe & Restaurant,ม่านไผ่ สายน้ำ Cafe & Restaurant,Sam Phran District,Restaurant,no,Low,0,,,,,openstreetmap,1,0816282963,168/1-5,73210,openstreetmap,https://www.openstreetmap.org/node/9642298929
pinky20073@hotmail.com,ย.ยำ แซ่บตามสั่ง,ย.ยำ แซ่บตามสั่ง,Sam Phran District,Restaurant,no,Low,0,,,,,openstreetmap,1,+66967839575,,,overture (meta),overture:f61f6e03-2feb-4090-a591-2b0955bc0c50
lux_le@hotmail.com,ยัมมี่ คอฟฟี่,ยัมมี่ คอฟฟี่,Sam Phran District,Cafe,no,Low,0,,,,,openstreetmap,1,+66932623239,ตรงข้ามไปษณีย์ไร่ขิง,,overture (meta),overture:fe8f678f-3336-4c9a-ba50-e8c51c2bd12c
yum2bar@gmail.com,ยำทูบาร์ Yum2Bar,ยำทูบาร์ Yum2Bar,Sam Phran District,Restaurant,no,Low,0,,,,,openstreetmap,1,+66616394039,133 ปั๊มน้ำมันเชลล์ 1 Phutthamonthon Sai 5 Road,73210,overture (meta),overture:f97967dc-636e-4298-8f74-8c4c66dda1cf
pee_pr24@hotmail.com,รสสุคนธ์ ก๋วยเตี๋ยว อาหารตามสั่ง,รสสุคนธ์ ก๋วยเตี๋ยว อาหารตามสั่ง,Sam Phran District,Asian; Japanese,no,Low,0,,,,,openstreetmap,1,+66869201487,นฐ.1034,73110,overture (meta),overture:170233d3-1fe1-48e6-92ba-cdb0f43cdb6f
paweena8706@gmail.com,ราชาบะหมี่เกี๊ยว,ราชาบะหมี่เกี๊ยว,Sam Phran District,Restaurant,no,Low,0,,,,,openstreetmap,1,+66811921708,ตลาดน้ำดอนหวาย พุทธมณฑล สาย6 ปากซอยไร่ขิง42 บางกระทึก,73210,overture (meta),overture:7b982706-437e-4b71-a1d0-1ff90fec2209
ariyawan_123@hotmail.com,ราชาเย็นตาโฟ ตลาดใหม่,ราชาเย็นตาโฟ ตลาดใหม่,Sam Phran District,Asian; Thai,no,Low,0,,,,,openstreetmap,1,+66817056233,20/1 หมู่9 ต.ท่าตลาด ,73110,overture (meta),overture:c485e038-4084-4192-8f2c-407920184e98
kiatsuda.jan@gmail.com,ราดหน้าหมูหมัก คุณจร,ราดหน้าหมูหมัก คุณจร,Sam Phran District,Restaurant,no,Low,0,,,,,openstreetmap,1,+66632365696,26/10หมู่2ต.อ้อมใหญ่,73160,overture (meta),overture:d3472814-3b38-422c-84a0-b47450ef6ed4
rung_fon_2000@hotmail.com,รุ่งบัวลอยแต้จิ๋ว,รุ่งบัวลอยแต้จิ๋ว,Sam Phran District,Restaurant,no,Low,0,,,,,openstreetmap,1,+66856625414,46 ม.7 Sukhaphiban 1 Rd,73110,overture (meta),overture:7711df7f-6f46-40e5-8d5f-0af67425ffe6
tungvong2568@gmail.com,ร้าน ตั้งวง ศาลายา,ร้าน ตั้งวง ศาลายา,Sam Phran District,Restaurant,no,Low,0,,,,,openstreetmap,1,+66821239997,75/329 ซอย 10,73210,overture (meta),overture:5a92104f-00b5-4163-94c2-6b4dd3888a45
sursiththtithoxaray@gmail.com,ร้าน พีพี อาหารและเครื่องดื่ม,ร้าน พีพี อาหารและเครื่องดื่ม,Sam Phran District,Restaurant,no,Low,0,,,,,openstreetmap,1,+66623873646,"13.7291360, 100.2754264\n",,overture (meta),overture:6815ba71-c83c-4cf7-8255-ad8cc2bf8f06
hohahoaloha@hotmail.com,ร้าน เค้กมะพร้าวน้ำหอมมณฑา,ร้าน เค้กมะพร้าวน้ำหอมมณฑา,Sam Phran District,Bakery,no,Low,0,,,,,openstreetmap,1,+6634323706,"43/1 หมู่ 3, ถนนไร่ขิง-ดอนหวาย",73110,overture (meta),overture:8740a332-9de4-47bc-b19e-3473cf22bf02
kunaui88@gmail.com,ร้านก๋วยจั๊บหมูคุณอุ๊ย สาย5,ร้านก๋วยจั๊บหมูคุณอุ๊ย สาย5,Sam Phran District,Restaurant,no,Low,0,,,https://lin.ee/YTqEnDm,,openstreetmap,1,+66895433669,17/23 หมู่ที่6 ตำบลบางกระทึก,73210,overture (meta),overture:2082f332-c50d-4541-b165-87d0db0f9f3c
skart.kp@gmail.com,ร้านก๋วยเตี๋ยวโกเด้งโฮเด้งอ้อมใหญ่ข้างกิฟฟารีน,ร้านก๋วยเตี๋ยวโกเด้งโฮเด้งอ้อมใหญ่ข้างกิฟฟารีน,Sam Phran District,Restaurant,no,Low,0,,,,,openstreetmap,1,+66984455389,,,overture (meta),overture:49124f3e-541c-469a-84e9-074659a4964a
amitta.1978@gmail.com,ร้านก๋วยเตี๋ยวโบราณ ผู้กำกับ-เดิมสาขา8,ร้านก๋วยเตี๋ยวโบราณ ผู้กำกับ-เดิมสาขา8,Sam Phran District,Restaurant,no,Low,0,,,,,openstreetmap,1,+66967798895,2 ถนน บรมราชชนนี,73210,overture (meta),overture:dce051ea-2af0-4784-9137-2c774d6f5eb6
kitti0522@hotmail.com,ร้านข้าวต้มใบบัว - อาหารตามสั่ง - ข้าวต้มปลา,ร้านข้าวต้มใบบัว - อาหารตามสั่ง - ข้าวต้มปลา,Sam Phran District,Asian; Thai,no,Low,0,,,,,openstreetmap,1,+66819038100,,,overture (meta),overture:9c3efbc5-823d-4060-8a8a-95c56e236caf
somchaiwanwai@gmail.com,ร้านข้าวมันไก่จักรพรรดิ-ศาลายา,ร้านข้าวมันไก่จักรพรรดิ-ศาลายา,Sam Phran District,Restaurant,no,Low,0,,,,,openstreetmap,1,+66855969362,ตลาดแจ่มแจ๋ว,73210,overture (meta),overture:21cdf44d-2d9c-4ef2-acec-2b739949b617
lunglekrestaurant@gmail.com,ร้านครัวสวนบ้านเล็ก,ร้านครัวสวนบ้านเล็ก,Sam Phran District,Restaurant,no,Low,0,,,,,openstreetmap,1,+66968749574,35 ไร่ขิง,73210,overture (meta),overture:a17a9b0d-5fad-44b1-a08c-00082f6d3311
sneed_age@hotmail.com,ร้านคุณนาย,ร้านคุณนาย,Sam Phran District,Cafe,no,Low,0,,,,,openstreetmap,1,+66634460221,ตำบลบางช้าง,73110,overture (meta),overture:0211d6e3-77aa-4caf-86d6-7d5d41879f81
radee.2526@gmail.com,ร้านชาพะยอม6996 ตลาดขุนแผน byเฮียหมู&นู๋ขวัญ,ร้านชาพะยอม6996 ตลาดขุนแผน byเฮียหมู&นู๋ขวัญ,Sam Phran District,Cafe,no,Low,0,,,,,openstreetmap,1,+66622926596,ร้านชาพะยอม ตลาดขุนแผน แยกสามพรานเลี้ยวซ้าย200เมตร ท่าตลาด สามพราน,73110,overture (meta),overture:6bff0822-3238-4981-ae0f-a174a42aa728
pp.benten7711@gmail.com,ร้านชุมแพตำแซ่บ พุทธฑลสาย5,ร้านชุมแพตำแซ่บ พุทธฑลสาย5,Sam Phran District,Restaurant,no,Low,0,,,,,openstreetmap,1,+66953762404,ถ.ตลาดน้ำดอนหวาย ม.4 ต.บางกระทึก อ.สามพราน,73210,overture (meta),overture:f9da9646-5256-4baa-b8af-cd7d21d735ba
silachotkrub@gmail.com,ร้านซูชิตังค์ตู กลางซอยวัดเทียนดัด,ร้านซูชิตังค์ตู กลางซอยวัดเทียนดัด,Sam Phran District,Asian; Sushi,no,Low,0,,,,,openstreetmap,1,+66950516474,110/3 หมู่1 ตำบลท่าข้าม อำเภอสามพราน นครปฐม,73110,overture (meta),overture:5bd8dc29-241f-4deb-aad9-8b8271fdcd1c
jeatapong@gmail.com,ร้านตาพองคาเฟ่,ร้านตาพองคาเฟ่,Sam Phran District,Cafe,no,Low,0,,,,,openstreetmap,1,+66818901077,70/4 ม.7 ต.สามพราน อ.สามพราน (ตรงข้ามโรงเรียนนายร้อยตำรวจ),73110,overture (meta),overture:a1b9fabf-0885-4aae-8589-c4e193ab95ab
tamtalueng@gmail.com,ร้านตำตะลึง ศาลายา,ร้านตำตะลึง ศาลายา,Sam Phran District,Restaurant,no,Low,0,Local,,https://tamtalueng.com/,,openstreetmap,1,+66842603999,"18 Bang Krathuek, Sam Phran District",73210,overture (meta),overture:49dbae4d-7c18-4ed5-be58-9c15210f1866
bigampsound@gmail.com,ร้านน้ำปั่นบ้านช่าง,ร้านน้ำปั่นบ้านช่าง,Sam Phran District,Cafe,no,Low,0,,,,,openstreetmap,1,+66984084019,6 87 Thetsaban 6,73160,overture (meta),overture:0c696a21-148b-4044-926f-92107c9f73cd
pearphalida16@gmail.com,ร้านบ้านใบพลูเตี๋ยวเก้าเส้น,ร้านบ้านใบพลูเตี๋ยวเก้าเส้น,Sam Phran District,Asian; Japanese,no,Low,0,,,,,openstreetmap,1,+66997425564,36 ไร่ขิง,73210,overture (meta),overture:42fcf11a-a082-42a2-8596-897df9dc03b4
bownatthaporn2537@gmail.com,ร้านป้านา อาหารตามสั่ง&ส้มตำ,ร้านป้านา อาหารตามสั่ง&ส้มตำ,Sam Phran District,Restaurant,no,Low,0,,,,,openstreetmap,1,+66623189931,77/8 Phutthamonthon Sai 5 Road,73210,overture (meta),overture:a6f85b94-2adf-49ff-ae95-07c52ac80a8e
aock.yum@gmail.com,ร้านยำมะม่วงนายมัส_แซ่บ (ทางเข้าหน้าบิ๊กซีอ้อมใหญ่)ติดถนนเพชรเกษมขวามือ,ร้านยำมะม่วงนายมัส_แซ่บ (ทางเข้าหน้าบิ๊กซีอ้อมใหญ่)ติดถนนเพชรเกษมขวามือ,Sam Phran District,Restaurant,no,Low,0,,,,,openstreetmap,1,+66979998123,ร้านหน้าบิ๊กซี​อ้อมใหญ่,73160,overture (meta),overture:83d0f186-8605-47b0-804f-ce65da6034c1
just.pensri@gmail.com,ร้านลองแวะ สบเสริม,ร้านลองแวะ สบเสริม,Sam Phran District,Asian; Thai,no,Low,0,,,,,openstreetmap,1,+66895348703,ถนน เสริมงาม -​ ลี้,52210,overture (meta),overture:d60a252a-fc87-4ca2-aea3-fac6c12e2f27
faun.cup@gmail.com,ร้านลาบเป็ดยโสธร แซ่บสะออนสาขา4,ร้านลาบเป็ดยโสธร แซ่บสะออนสาขา4,Sam Phran District,Cafe,no,Low,0,,,,,openstreetmap,1,+66844046446,,,overture (meta),overture:7e20ddff-3698-4266-9198-72278878f6ec
chosita_santad@hotmail.com,ร้านลาบเป็ดศรีสะเกษ สาขา3 ซอยวัดเทียนดัด,ร้านลาบเป็ดศรีสะเกษ สาขา3 ซอยวัดเทียนดัด,Sam Phran District,Restaurant,no,Low,0,,,,,openstreetmap,1,+66946854599,32/1 หมู่3 ต.อ้อมใหญ่ อ.สามพราน จ.นครปฐม,73160,overture (meta),overture:149ee7a5-82c5-4041-88ca-c4f0ef9ccc43
changes_better@windowslive.com,ร้านวิน ก๋วยเตี๋ยวเนื้อตุ๋น-หมูตุ๋น,ร้านวิน ก๋วยเตี๋ยวเนื้อตุ๋น-หมูตุ๋น,Sam Phran District,Asian; Japanese,no,Low,0,,,,,openstreetmap,1,+66841442042,116 1 Soi Krathum Lom 18,73220,overture (meta),overture:20686495-3c1c-4585-88ba-3630ee690ea4
fai_2018@hotmail.com,ร้านวิไลขนมหวาน-ตลาดสามพราน,ร้านวิไลขนมหวาน-ตลาดสามพราน,Sam Phran District,Cafe,no,Low,0,,,,,openstreetmap,1,+66965460389,สามพราน 3,73110,overture (meta),overture:65899520-89eb-4838-a2fd-ed215fffbb51
goodthingfood@gmail.com,ร้านส้มตำเลียสากสาย5 (ไม่มีสาขา),ร้านส้มตำเลียสากสาย5 (ไม่มีสาขา),Sam Phran District,Restaurant,no,Low,0,,,,,openstreetmap,1,+66654109765,55/18หมู่2,73210,overture (meta),overture:9bfcbd72-bcc7-4bb9-99b8-2fa808cf8e6e
rungtawanbynaapui@gmail.com,ร้านหมูกระทะรุ่งตะวัน,ร้านหมูกระทะรุ่งตะวัน,Sam Phran District,Restaurant,no,Low,0,,,,,openstreetmap,1,+66931129010,45/1 Soi Sam Phran 12,73110,overture (meta),overture:bad5c543-a2f6-4636-8c56-d54e07309104
nj1594@gmail.com,ร้านหอยทอดนายไพโรจน์ ไร่ขิง42,ร้านหอยทอดนายไพโรจน์ ไร่ขิง42,Sam Phran District,Restaurant,no,Low,0,,,,,openstreetmap,1,+66925105668,ปากซอยไร่ขิง42,73120,overture (meta),overture:9ebc35a3-014a-45a4-aa45-22e74e121b13
pangfhun4@hotmail.com,ร้านห่อหมกปลาช่อน ป้าวรรณา ตลาดน้ำดอนหวาย,ร้านห่อหมกปลาช่อน ป้าวรรณา ตลาดน้ำดอนหวาย,Sam Phran District,Asian; Thai,no,Low,0,,,,,openstreetmap,1,+66812694844,5 60/5 Soi Krathum Lom 1,73170,overture (meta),overture:169677b6-403a-430e-82b1-dceaf1de2279
nuntraya@gmail.com,ร้านห่อหมกป้าช่อนสูตรโบราณ (ครูนิ),ร้านห่อหมกป้าช่อนสูตรโบราณ (ครูนิ),Sam Phran District,Restaurant,no,Low,0,,,,,openstreetmap,1,+66899199013,ซอย ทรงคนอง-ไร่ขิง,73210,overture (meta),overture:8faf28ed-9b3b-469a-ac40-be75d605a819
chalempronboonkunying@gmail.com,ร้านอาหาร ครัวบ้านเพื่อน,ร้านอาหาร ครัวบ้านเพื่อน,Sam Phran District,Restaurant,no,Low,0,,,,,openstreetmap,1,+66814907369,,,overture (meta),overture:2d879f02-4263-4b85-a09a-2fda032a7cba
ja.phienphitak@hotmail.com,ร้านอาหารกองทัพครัวป่า,ร้านอาหารกองทัพครัวป่า,Sam Phran District,Restaurant,no,Low,0,,,,,openstreetmap,1,+66991649369,43/22 ซอย 3,73210,overture (meta),overture:d9462dfd-24c5-41d0-9b4e-daf77ede37e8
sunsine1674@hotmail.com,ร้านอาหารตามสั่ง ตำนานลุงขุม,ร้านอาหารตามสั่ง ตำนานลุงขุม,Sam Phran District,Restaurant,no,Low,0,,,,,openstreetmap,1,+66861627216,ซอย วรรณดิลก,73110,overture (meta),overture:abbecc16-af3e-4db7-a187-edbe264db984
samgssa5@gmail.com,ร้านอาหารตามสั่งบ้านริมรั้ว,ร้านอาหารตามสั่งบ้านริมรั้ว,Sam Phran District,Takeaway,no,Low,0,,,,,openstreetmap,1,+66884548011,นอกเขตผังเมืองรวม 90 หมู่ 2,73110,overture (meta),overture:f9ae6218-fe1d-4049-af92-01f8118451bf
tidatip5670@gmail.com,ร้านอาหารบ่อตกกุ้ง พีเอส สเตอริโอ,ร้านอาหารบ่อตกกุ้ง พีเอส สเตอริโอ,Sam Phran District,Asian; Thai,no,Low,0,,,,,openstreetmap,1,+66818101782,85 ไร่ขิง ๑๖,73210,overture (meta),overture:d92cfaf6-4467-4528-ab83-c88d5e7cf2bf
bannai_rangsit@hotmail.com,ร้านอาหารบ้านนาย,ร้านอาหารบ้านนาย,Sam Phran District,Asian; Thai,no,Low,0,,,,,openstreetmap,1,+6629977121,หมู่บ้านเมืองเอก,73160,overture (meta),overture:6a0b9c42-7592-4008-adeb-ac6406dc6c52
saenkamfoo@gmail.com,ร้านอาหารเหนือ ลำละกอน,ร้านอาหารเหนือ ลำละกอน,Sam Phran District,Restaurant,no,Low,0,,,,,openstreetmap,1,+66910710838,ไร่ขิง ซ.18 บ.จารุวรรณ 3,73210,overture (meta),overture:88b1d7db-9c48-4398-b126-3df9aab9b214
jackmaithai@hotmail.com,ร้านอาหารไม้ไทย,ร้านอาหารไม้ไทย,Sam Phran District,Restaurant,no,Low,0,,,,,openstreetmap,1,+66915137601,Unnamed Rd,73110,overture (meta),overture:9e1c418b-6f56-4069-a2f1-61d057b9ef60
noonunjdai@gmail.com,ร้านอีสานบ้านเฮา,ร้านอีสานบ้านเฮา,Sam Phran District,Restaurant,no,Low,0,,,,,openstreetmap,1,+6626671428,บิ๊กซีมินิวัดไร่ขิง,72310,overture (meta),overture:bcee96a9-84d2-4a34-b790-0bd4ff73ca95
chirat.tot@gmail.com,ร้านอุ่นอิ่ม,ร้านอุ่นอิ่ม,Sam Phran District,Cafe,no,Low,0,,,,,openstreetmap,1,+66933654563,8/28 หมู่ 5,73160,overture (meta),overture:25befabd-9be4-42a1-91ff-331b231887de
nadnapin3103@gmail.com,ร้านเจ๊นาสาย4,ร้านเจ๊นาสาย4,Sam Phran District,Restaurant,no,Low,0,,,,,openstreetmap,1,+66858140222,พุทธมณฑลสาย4,73220,overture (meta),overture:920fcd45-3e73-4bf5-a91d-36b65d0faf29
cheffall4314@gmail.com,ร้านเชฟออ,ร้านเชฟออ,Sam Phran District,Asian; Thai,no,Low,0,Local,,https://wongn.ai/qwhbf,support@wongnai.com,openstreetmap,1,+66654788466,ถนนเพชรเกษม  ปั๊มน้ำมันสรายุทธบริการ อำเภอสามพราน นครปฐม ,73110\n,overture (meta),overture:3d3ce3d1-fb3a-4603-94b1-e00de2f66e1e
osaoycake@gmail.com,ร้านเบเกอรี่และเค้กไร่ขิง สามพราน,ร้านเบเกอรี่และเค้กไร่ขิง สามพราน,Sam Phran District,Bakery,no,Low,0,,,,,openstreetmap,1,+66992624162,เลขที่ 15/5 22 ซอย,73210,overture (meta),overture:75d3e09c-69d2-4ef2-920b-85d52d7e5563
bow19031989@gmail.com,ร้านแซ่บยั่ว ไทย-อีสาน&เครื่องดื่ม,ร้านแซ่บยั่ว ไทย-อีสาน&เครื่องดื่ม,Sam Phran District,Restaurant,no,Low,0,,,,,openstreetmap,1,+66820381007,62 Phutthamonthon Sai 4 Rd,73220,overture (meta),overture:6ae19d27-e411-4bde-8d06-cc5c76d8d165
rattanakorn1974@gmail.com,ร้านแม่วันข้าวมันไก่สามพราน ศุภมงคล,ร้านแม่วันข้าวมันไก่สามพราน ศุภมงคล,Sam Phran District,Restaurant,no,Low,0,,,,,openstreetmap,1,+66916966561,ที่อยู่ 61/254 หมู่บ้านศุภมงคล 1 ซอยแสงเพชร,73110,overture (meta),overture:ce15ef85-653f-4aef-87f7-53e1f352bb99
beebee.o@hotmail.com,ร้านโซนน้ำ,ร้านโซนน้ำ,Sam Phran District,Cafe,no,Low,0,,,,,openstreetmap,1,+66994456298,โซนน้ำ 31/40 ม.1 ต.ท่าตลาด อ.สามพราน จ.นครปฐม 73110,73110 ,overture (meta),overture:b1be697c-542f-4316-992f-18522e4b8fc1
nakhonpathom825@gmail.com,ร้านโบ๊ทก๋วยเตี๋ยวต้มยำนครปะถม,ร้านโบ๊ทก๋วยเตี๋ยวต้มยำนครปะถม,Sam Phran District,Asian; Japanese,no,Low,0,,,,,openstreetmap,1,+66928256184,แพตลาดน้ำวัดสรรเพชญ,73110,overture (meta),overture:3cb41f9c-462d-431b-b052-424e2af5b8f1
akkalach.p190623@gmail.com,ลาบร้อยเอ็ด @สาย5,ลาบร้อยเอ็ด @สาย5,Sam Phran District,Restaurant,no,Low,0,,,,,openstreetmap,1,+66928655481,55/10,73210,overture (meta),overture:49a8f2ff-63db-4f35-b072-bf230f3680e3
thambuythrrm876@gmail.com,ลาบเป็ดหนองบัว-อ้อมใหญ่,ลาบเป็ดหนองบัว-อ้อมใหญ่,Sam Phran District,Restaurant,no,Low,0,,,,,openstreetmap,1,+66636831402,นอกเขตผังเมืองรวม,74130,overture (meta),overture:161b4d7d-0f8c-4b2c-b3de-88ed536a0cbb
luedupang@gmail.com,ลื้อดูปัง (Luedupang) - The Fourth,ลื้อดูปัง (Luedupang) - The Fourth,Sam Phran District,Cafe,no,Low,0,,,,,openstreetmap,1,+66841548298,"หมู่ที่ 8 เลขที่ 111 อาคารโครงการเดอะโฟร์ท ห้องเลขที่ E05 , E06 ชั้นที่ 1",73110,overture (meta),overture:5ca77ffc-2865-4554-8828-e1791fe1e2da
prachas.hstne@gmail.com,ลูกชิ้นปิ้งเบ็ญจาโครตพริก,ลูกชิ้นปิ้งเบ็ญจาโครตพริก,Sam Phran District,Restaurant,no,Low,0,,,,,openstreetmap,1,+66888095256,Phutthamonthon Sai 5 Road,73210,overture (meta),overture:4d0947ca-ab65-4467-8a61-45efcfa679ad
srifaomyai@gmail.com,ศรีฟ้าเบเกอรี่ สาขาอ้อมใหญ่,ศรีฟ้าเบเกอรี่ สาขาอ้อมใหญ่,Sam Phran District,Bakery,no,Low,0,,,,,openstreetmap,1,+66639528993,100/8 ถนน เพชรเกษม,73160,overture (meta),overture:3ef6c345-6589-4d1f-901e-7f24a576b419
limprapaipong@gmail.com,ศูนย์อาหารBigBoss,ศูนย์อาหารBigBoss,Sam Phran District,Cafe,no,Low,0,,,,,openstreetmap,1,+66952599259,ซอยวัดนครชื่นชุ่ม ตำบลกระทุ่มล้ม อำเภอสามพราน,73220,overture (meta),overture:b5f9180b-923d-4bc2-8d13-c5cc39f30be8
thanaphat.sing@gmail.com,ศูนย์อาหารโพธิ์แก้ว,ศูนย์อาหารโพธิ์แก้ว,Sam Phran District,Restaurant,no,Low,0,,,,,openstreetmap,1,+66618965497,44 ยายชา 6,73110,overture (meta),overture:f5daf557-46b6-46c9-a10c-25bfc37f2ed2
coprofit112@gmail.com,สถานีผัก คนรักกาแฟ,สถานีผัก คนรักกาแฟ,Sam Phran District,Cafe,no,Low,0,,,,,openstreetmap,1,+66851556474,คลองใหม่ เจริญสุข,73170,overture (meta),overture:66056eef-d705-4e7e-8326-4046c90c8786
ppk_ss@hotmail.com,สยามอ๊อกซี่ สาย 5,สยามอ๊อกซี่ สาย 5,Sam Phran District,Asian; Thai,no,Low,0,,,,,openstreetmap,1,+6628119668,,,overture (meta),overture:149aa1b3-b96f-4f76-9740-93c16ab36c2d
cocowittaya@gmail.com,สวนป่ามะพร้าวลุงวิท,สวนป่ามะพร้าวลุงวิท,Sam Phran District,Restaurant,no,Low,0,,,,,openstreetmap,1,+66612137668,มะพร้าวลุงวิท 50 3 ตำบล ตลาดจินดา อำเภอสามพราน ,73110,overture (meta),overture:b4930511-ecfa-43ea-a03b-5e60e6d43673
suan.aaromdee@gmail.com,สวนอารมณ์ดี น้ำมะพร้าว กล้วยตาก ฝรั่งกิมจู,สวนอารมณ์ดี น้ำมะพร้าว กล้วยตาก ฝรั่งกิมจู,Sam Phran District,Restaurant,no,Low,0,,,,,openstreetmap,1,+66616196454,,,overture (meta),overture:7eef2a9d-66d1-449b-8834-17b31112e8c6
ann_hrdvision@hotmail.com,สวนอาหาร บ้านต้นไม้,สวนอาหาร บ้านต้นไม้,Sam Phran District,Restaurant,no,Low,0,,,,,openstreetmap,1,+66886375566,,ึ73210,overture (meta),overture:2edfb7bf-204f-4b53-b588-5c1d5613b9bf
songmomsai5@gmail.com,สองมัม อาหาร&เครื่องดื่ม,สองมัม อาหาร&เครื่องดื่ม,Sam Phran District,Restaurant,no,Low,0,,,,,openstreetmap,1,+66970914794,สองมัม อาหาร&เครื่องดื่ม,73210,overture (meta),overture:68c7b800-8fd4-4c1b-be77-7ed10a731564
mouy8606@gmail.com,สามชายเนื้อตุ๋น หมูตุ๋น,สามชายเนื้อตุ๋น หมูตุ๋น,Sam Phran District,Asian; Japanese,no,Low,0,,,,,openstreetmap,1,+66834458606,88 113,73210,overture (meta),overture:92bb4165-e7d3-436d-ba37-783d9c5b9355
swd6050@minorfood.com,สเวนเซ่นส์โลตตัสสามพราน,สเวนเซ่นส์โลตตัสสามพราน,Sam Phran District,Restaurant,no,Low,0,,,,,openstreetmap,1,,20/10 ถนน เพชรเกษม,73110,overture (meta),overture:d8342024-542f-4d47-9a34-9e442a55697d
nutriy2538@gmail.com,ส้มตำ เจ้นุช ตำแหลก,ส้มตำ เจ้นุช ตำแหลก,Sam Phran District,Restaurant,no,Low,0,,,,,openstreetmap,1,+66931514973,เพรชเกษม,73110,overture (meta),overture:ed122d25-c49c-45c8-9823-a5a04ff79ce3
meawsanzab@gmail.com,ส้มตำล้านแสนแซ่บ,ส้มตำล้านแสนแซ่บ,Sam Phran District,Restaurant,no,Low,0,,,,,openstreetmap,1,+66649310233,นายร้อยสามพรานประตู3(ข้างไทยประกันชีวิต Sukhaphiban 10 Alley,73110,overture (meta),overture:c0279221-a6d6-466c-9410-787a67933580
kotchanuht2@gmail.com,หน่อยบิงซู,หน่อยบิงซู,Sam Phran District,Bakery,no,Low,0,,,,,openstreetmap,1,+66886153242,ตลาดคนเดินสาย4,73220,overture (meta),overture:6e507007-1172-4bb3-b9c3-54dcf96d9efc
mhoo3pran@hotmail.com,หมูกระทะเงินล้านสาขาสามพราน,หมูกระทะเงินล้านสาขาสามพราน,Sam Phran District,Restaurant,no,Low,0,,,,,openstreetmap,1,+66971759924,Soi Sangpet 1,73110,overture (meta),overture:abd8e389-bba3-4868-aa99-1e532441e732
phongsakkhongudomsup@gmail.com,หมูกะทะฟินเลย,หมูกะทะฟินเลย,Sam Phran District,Asian; Chinese,no,Low,0,,,,,openstreetmap,1,+66985798945,16 ถนนพิท้กษ์ชัยวิชยานันท์ 2,73110,overture (meta),overture:498e49dc-8533-48a3-beb0-4d0aec783038
glup22oz@gmail.com,หมูตุ๋น เนื้อตุ๋น ดอนหวาย,หมูตุ๋น เนื้อตุ๋น ดอนหวาย,Sam Phran District,Takeaway,no,Low,0,,,,,openstreetmap,1,+66800074526,รัานก๋วยเตี๋ยวแชมป์คุณอี๊ด,73210,overture (meta),overture:5643cab9-000f-4208-a870-f1d79a93c3b4
saisai.handmadesoap@gmail.com,หมูปลาร้า อินเตอร์,หมูปลาร้า อินเตอร์,Sam Phran District,Restaurant,no,Low,0,,,,,openstreetmap,1,+66655602538,,ึ73110,overture (meta),overture:f0f399e0-f23f-44ce-9b26-eee5e31078e6
oom_bobby@hotmail.com,หมูสะเต๊ะ คุณลุง,หมูสะเต๊ะ คุณลุง,Sam Phran District,Asian; Thai,no,Low,0,,,,,openstreetmap,1,+66959280566,54/7  ม.1,73110,overture (meta),overture:5517c1a2-fba0-4f6f-b001-e732c3ce6c2f
lhongmelon@gmail.com,หลงเมล่อน โฮมมี่,หลงเมล่อน โฮมมี่,Sam Phran District,Restaurant,no,Low,0,,,,,openstreetmap,1,+66966422364,หลังคาแดง 118 ตลาดสันติสุข,73110,overture (meta),overture:954e9948-d16e-454f-a27c-8e3287eb0315
jigzawzaw1502@gmail.com,หิวชา•HiwCha,หิวชา•HiwCha,Sam Phran District,Restaurant,no,Low,0,,,,,openstreetmap,1,+66874089588,"สามพราน 2, สามพราน, นครปฐม 73110, ประเทศไทย",73110,overture (meta),overture:d1050523-133e-45b8-86fc-a9f11cbef2b4
nrikantphumipheng@gmail.com,ห๊อมหอม คอฟฟี่,ห๊อมหอม คอฟฟี่,Sam Phran District,Cafe,no,Low,0,,,,,openstreetmap,1,+66985729454,"158, หมู่ที่ 5, หมู่บ้าน บ้านแสงสว่าง, ตำบล พิมาน, อำเภอนาแก จังหวัดนครพนม 48130",73220,overture (meta),overture:8f9805c1-10a8-49a7-902d-f708e10aa1c8
boymisster@gmail.com,ออทรีหมูกะทะ 189.- รวมเครื่องดื่มไม่อั้น,ออทรีหมูกะทะ 189.- รวมเครื่องดื่มไม่อั้น,Sam Phran District,Restaurant,no,Low,0,,,,,openstreetmap,1,+66866677430,80 109,73110,overture (meta),overture:b51d7326-3370-4b1b-8b14-aede37ef360f
aus_muk@hotmail.com,ออสซี่ บะหมี่หน้าหมูย่าง,ออสซี่ บะหมี่หน้าหมูย่าง,Sam Phran District,Takeaway,no,Low,0,,,,,openstreetmap,1,+66896656836,120/14 หมู่บ้านพฤกษา-บรมราชินีนาถ,73210,overture (meta),overture:7b81179c-6ed1-46f9-907d-dd4b4eb0d7ed
weerwwan8559@gmail.com,อินจวน,อินจวน,Sam Phran District,Asian; Thai,no,Low,0,,,,,openstreetmap,1,+66822958559,62/6ม1ถนนเพชรเกษมตท่าตลาด,73110,overture (meta),overture:cff4cfe5-b217-4bdc-bd95-b2e4b1826ccc
thanathrap3464@gmail.com,อินทนิล สาขา หน้าโรงเรียนนายร้อยตำรวจ,อินทนิล สาขา หน้าโรงเรียนนายร้อยตำรวจ,Sam Phran District,Cafe,no,Low,0,,,,,openstreetmap,1,+66841390364,80/111 สามพราน,73110,overture (meta),overture:9db5f995-4246-490b-99ac-64a3c7658868
natk626cololado@gmail.com,อีสานบาร์,อีสานบาร์,Sam Phran District,Asian; Thai,no,Low,0,,,,,openstreetmap,1,+66979282662,79/41 หมู่2 ต.หอมเกร็ด,73110,overture (meta),overture:48d59b94-a1d5-451d-a43a-80fa40f03fd3
yishengcha@gmail.com,อีเซิงฉา มัทฉะญี่ปุ่นแท้ กาแฟสปีดบาร์ Yi Sheng Cha Tea Room & Coffee,อีเซิงฉา มัทฉะญี่ปุ่นแท้ กาแฟสปีดบาร์ Yi Sheng Cha Tea Room & Coffee,Sam Phran District,Restaurant,no,Low,0,,,,,openstreetmap,1,+66814979662,92 หมู่ที่ 10 Soi Rai Khing 32,73210,overture (meta),overture:c67e0163-75f3-470f-b5c9-d13623ca202c
jumsai77@gmail.com,อ้วนข้าวมันไก่ สาย 7,อ้วนข้าวมันไก่ สาย 7,Sam Phran District,Restaurant,no,Low,0,,,,,openstreetmap,1,+66892554134,phutthamonthon sai 7,,openstreetmap,https://www.openstreetmap.org/node/4470787684
pinkcolor610@gmail.com,ฮักแฮง ก๋วยเตี๋ยวเรือ,ฮักแฮง ก๋วยเตี๋ยวเรือ,Sam Phran District,Asian; Thai,no,Low,0,,,,,openstreetmap,1,+66656983446,พุทธมณฑลสาย4 ซอยกระทุ่มล้ม 27 ตลาดมารวย,73220,overture (meta),overture:9aff6bca-e213-4e4b-ac78-ee3ac3d94e5f
hyundaiormyai1@gmail.com,ฮุนไดอ้อมใหญ่,ฮุนไดอ้อมใหญ่,Sam Phran District,Takeaway,no,Low,0,,,,,openstreetmap,1,+6624207099,85 ถนน เพชรเกษม,73110,overture (meta),overture:742a24fa-8610-400c-984b-7c03359965d1
sarutpoungmala24@gmail.com,เครปคุณครู,เครปคุณครู,Sam Phran District,Bakery,no,Low,0,,,,,openstreetmap,1,+66829652646,Sam Phran 1 Alley,73110,overture (meta),overture:66fe1501-24b2-4297-9f12-2d47b2c12a31
jareonta2557@hotmail.com,เจริญตาโภชนา โต๊ะจีน,เจริญตาโภชนา โต๊ะจีน,Sam Phran District,Asian; Thai,no,Low,0,,,,,openstreetmap,1,+66811937862,57 4,73110,overture (meta),overture:e8ebae5a-eb39-4719-b940-7ff910450807
wannada1822@gmail.com,เจ็กโอก๋วยเตี๋ยวเป็ดพะโล้,เจ็กโอก๋วยเตี๋ยวเป็ดพะโล้,Sam Phran District,Cafe,no,Low,0,,,,,openstreetmap,1,+66826123654,112/15 สามพราน 1,73110,overture (meta),overture:b15d20e8-1d36-41df-843c-df56f9b77b36
aujirath@gmail.com,เจ้หลุยส์ตำแซ่บ,เจ้หลุยส์ตำแซ่บ,Sam Phran District,Restaurant,no,Low,0,,,,,openstreetmap,1,+66661491829,100.217718 13.750200,73110,overture (meta),overture:094837f0-9714-43d9-9d2d-0c95649432fa
au_maddog_2009@hotmail.com,เจ๊ริ้ว น้ำพริก-หน่อไม้,เจ๊ริ้ว น้ำพริก-หน่อไม้,Sam Phran District,Restaurant,no,Low,0,,,,,openstreetmap,1,+66888651321,100,73210,overture (meta),overture:46b106bc-99fd-4f81-8ced-4bcc95d3eb18
dernoursai4@gmail.com,เดอ นัว,เดอ นัว,Sam Phran District,Restaurant,no,Low,0,,,,,openstreetmap,1,+66659455585,18/29 Phutthamonthon Sai 4 Rd,73220,overture (meta),overture:b699d30b-b812-4cbe-88a0-ecff0a19c83b
thebeststeak086@gmail.com,เดอะเบสท์สเต็ก สามพราน,เดอะเบสท์สเต็ก สามพราน,Sam Phran District,Restaurant,no,Low,0,,,,,openstreetmap,1,+66841029400,สามพราน 95/71,73110,overture (meta),overture:4226469e-a589-4dd4-b07c-ffd914c339b2
thetimesai4@gmail.com,เดอะไทม์ ปิ้งย่าง สาย4 The time grill sai4,เดอะไทม์ ปิ้งย่าง สาย4 The time grill sai4,Sam Phran District,Restaurant,no,Low,0,,,,,openstreetmap,1,+66800818138,85 ถนน พุทธมณฑลสาย 4,73220,overture (meta),overture:6598deaf-7367-42b0-ad6c-42eaa634a290
chatalang2009@gmail.com,เตี๋ยวกอไผ่,เตี๋ยวกอไผ่,Sam Phran District,Takeaway,no,Low,0,,,,,openstreetmap,1,+66652646532,80/3 หมู่ 3 ต. บางช้าง ,73110,overture (meta),overture:4b14553a-ca23-4b6b-b959-97ea12ffa5af
rattana150906@gmail.com,เตี๋ยวกะเพรา บ้านรักษ์เส้น,เตี๋ยวกะเพรา บ้านรักษ์เส้น,Sam Phran District,Takeaway,no,Low,0,,,,,openstreetmap,1,+66834494885,48/107 บ้านพฤกษาซอย 5,73160,overture (meta),overture:1cd513ce-c614-4901-a2bb-4f58939c4664
phaka774@hotmail.com,เตี๋ยวเรืออยุธยา สาย4 20-,เตี๋ยวเรืออยุธยา สาย4 20-,Sam Phran District,Asian; Japanese,no,Low,0,,,,,openstreetmap,1,+66983834997,1 Phutthamonthon Sai 4 Rd,73220,overture (meta),overture:8a7c4f02-f317-492a-a120-009ad112cde6
kaiwanbansushi.sai4@gmail.com,เตี๋ยวเหอะ หมูตุ๋น เกาเหลาหมูตุ๋น ก๋วยเตี๋ยวหมูตุ๋น พุทธมณฑหน้าปั้มปตทสาย4,เตี๋ยวเหอะ หมูตุ๋น เกาเหลาหมูตุ๋น ก๋วยเตี๋ยวหมูตุ๋น พุทธมณฑหน้าปั้มปตทสาย4,Sam Phran District,Asian; Thai,no,Low,0,,,https://lin.ee/FNOntQk,,openstreetmap,1,+66897675063,ปากทางเข้าวัดนครชื่นชุ่ม ข้างอีซูซุอึ้งง่วนไต๋นครปฐม สาขาสาย4,73220,overture (meta),overture:e878b2a1-16ba-4ac6-bc12-7cb131d8dd4b
info.ttlk@gmail.com,เทือกเถาเหล่ากอ ก๋วยเตี๋ยวโบราณสามพราน,เทือกเถาเหล่ากอ ก๋วยเตี๋ยวโบราณสามพราน,Sam Phran District,Restaurant,no,Low,0,,,,,openstreetmap,1,+66926236391,Phet Kasem Rd,73110,overture (meta),overture:6d1e087b-db0d-4b23-858b-a577abda3618
kipze007@gmail.com,เพจร้านอาหารเจสามภาค- หมู่บ้านเอลีฟวิ่ง,เพจร้านอาหารเจสามภาค- หมู่บ้านเอลีฟวิ่ง,Sam Phran District,Asian; Thai,no,Low,0,Local,,https://wongn.ai/pxz21,support@lmwn.com; pr@lmwn.com,openstreetmap,1,+66628734868,"ท่าตลาด, สามพราน, ประเทศไทย",73110,overture (meta),overture:0f26bdb5-8f08-4c8a-b8b7-c77534eb69aa
udomsak.omo@gmail.com,เพลินๆ ดอนหวาย,เพลินๆ ดอนหวาย,Sam Phran District,Restaurant,no,Low,0,,,,,openstreetmap,1,+66826284752,เพลินๆดอนหวาย,73210,overture (meta),overture:aaef0ca6-11bd-464f-883a-4dc7777ecf49
reuan.charoon.cafe@gmail.com,เรือนฉรูญ คาเฟ,เรือนฉรูญ คาเฟ,Sam Phran District,Restaurant,no,Low,0,,,,,openstreetmap,1,,51ทับ 1 หมู่ 10 ซอย ไร่ขิง 32,73210,overture (meta),overture:aff6c7f7-6f46-45df-af52-bdf7ab3a128c
chompoo_aun@hotmail.com,เรือนไทบ้านแม่น้ำ บ้านป้าสีมา,เรือนไทบ้านแม่น้ำ บ้านป้าสีมา,Sam Phran District,Restaurant,no,Low,0,,,,,openstreetmap,1,+66898976638,Unnamed Road,73110,overture (meta),overture:480d6881-93cf-4741-af60-400d6e5e48ad
ritsomboonbusiness@gmail.com,เรือนไทยกาแฟ - Ruen Thai Cafe,เรือนไทยกาแฟ - Ruen Thai Cafe,Sam Phran District,Asian; Thai,no,Low,0,,,,,openstreetmap,1,+66818807897,19/9 หมู่ 2 ตำบลหอมเกร็ด อำเภอสามพราน,73110,overture (meta),overture:8941c454-7525-4ced-a6e7-a858b84a954a
aeldonwai@gmail.com,เล้งหน้าหม้อดอนหวาย,เล้งหน้าหม้อดอนหวาย,Sam Phran District,Restaurant,no,Low,0,,,https://local.google.com/place?id=6642386977196552568&use=posts&lpsid=3626519323405675941,,openstreetmap,1,+66829919481,Don Wai-Highway 3414,73170,overture (meta),overture:d0087f77-4198-4d9e-a2b4-1054adde4757
mayladatip@gmail.com,เล้งแซ่บโคตรกระเพรา-เจ้าเก่าสาย4,เล้งแซ่บโคตรกระเพรา-เจ้าเก่าสาย4,Sam Phran District,Restaurant,no,Low,0,,,,,openstreetmap,1,+66649369396,ซอยทวีวัฒนา 9,10170,overture (meta),overture:68f6de83-144d-4722-961a-3d0c101a9aad
chollbua@gmail.com,เสพย์สามพราน,เสพย์สามพราน,Sam Phran District,Cafe,no,Low,0,,,,,openstreetmap,1,+66863645153,51 Mu 9 Tha Talat,73110,overture (meta),overture:c6ea84eb-ccc3-4bc4-a6e8-c56e702fd5e1
num_9997@hotmail.com,เสยบาร์ Seibar,เสยบาร์ Seibar,Sam Phran District,Asian; Thai,no,Low,0,,,,,openstreetmap,1,+66873707045,,,overture (meta),overture:ba26a262-c7f8-447c-b42b-fa65139179f5
tigersrestaurant1530@gmail.com,เสือ นอน กิน,เสือ นอน กิน,Sam Phran District,Restaurant,no,Low,0,,,,,openstreetmap,1,+66951288444, ซอย ไร่ขิง18,73210,overture (meta),overture:8db2e10e-c9b4-4e16-9af4-fb97cec67a3f
tungguy@windowslive.com,เอกเครปซิ่ง,เอกเครปซิ่ง,Sam Phran District,Restaurant,no,Low,0,,,,,openstreetmap,1,+66887989741,"73160, สามพราน, Thailand",73160,overture (meta),overture:bd0d3d19-a568-4dcb-8e3f-80d3b0a6bafb
henggi.sai4@gmail.com,เฮงกี่ สายสี่ ลูกชิ้นหมูน้ำใสและข้าวมันไก่,เฮงกี่ สายสี่ ลูกชิ้นหมูน้ำใสและข้าวมันไก่,Sam Phran District,Takeaway,no,Low,0,Local,,https://lin.ee/mSCav3m,support@wongnai.com,openstreetmap,1,+66850561748,พุทธมณฑลสายสี่,73220,overture (meta),overture:8a20f9a4-09f1-4c03-9dc8-6a57ec586aa7
bangkokmanza@gmail.com,เฮียชัยบะหมี่ฮ่องกง อ้อมใหญ่,เฮียชัยบะหมี่ฮ่องกง อ้อมใหญ่,Sam Phran District,Restaurant,no,Low,0,,,,,openstreetmap,1,+66800089047,109 หมู่ 8 นิยมพลาซ่า อ้อมใหญ่ สามพราน นครปฐม,73160,overture (meta),overture:31ef22ce-2023-4025-97cc-2f43d76eba08
rachayentafoo@gmail.com,เฮียตี๋เย็นตาโฟ นครปฐม สาขาสามพราน,เฮียตี๋เย็นตาโฟ นครปฐม สาขาสามพราน,Sam Phran District,Takeaway,no,Low,0,,,,,openstreetmap,1,+66935395366,99/9 หมู่ 1,73110,overture (meta),overture:ec574d31-d6e6-4bcf-91e1-68d06da89c98
kunlanadpop06@gmail.com,เฮือนตำ,เฮือนตำ,Sam Phran District,Restaurant,no,Low,0,,,,,openstreetmap,1,+66971169627,38 ม.5 ต.คลองจินดา อ.สามพราน,73110,overture (meta),overture:b66f4500-844b-47fb-8cc3-4ad6148cd869
anan.msn06@gmail.com,แจ่วชาบู by Ball,แจ่วชาบู by Ball,Sam Phran District,Restaurant,no,Low,0,,,,,openstreetmap,1,+66968853395,55 Petchkasem Rd,10160,overture (meta),overture:04610b99-0edf-4834-a486-7d3e1de502dc
fonprempree@gmail.com,แซ่บ แซ่บ แซ่บ,แซ่บ แซ่บ แซ่บ,Sam Phran District,Restaurant,no,Low,0,,,,,openstreetmap,1,+66942356294,Bang Toei 5,73210,overture (meta),overture:d7678dc6-8ca3-474f-b643-3c5edb6deafb
tumnannum@hotmail.com,แพตำนานน้ำ,แพตำนานน้ำ,Sam Phran District,Asian; Thai,no,Low,0,,,,,openstreetmap,1,+6634311033,เลขที่ 16 หมู่2 ถนนพุทธมณฑลสาย 7,73110,overture (meta),overture:fe04ff6d-b27c-44e9-9559-74203c1fa84a
thaiseal4716@gmail.com,แม็คซีล ออยซีลโอริง ประเก็น และซีลซ่อมทุกประเภท,แม็คซีล ออยซีลโอริง ประเก็น และซีลซ่อมทุกประเภท,Sam Phran District,Asian; Thai,no,Low,0,,,,,openstreetmap,1,+66871531102,53/23 4,73160,overture (meta),overture:55c5cb61-c10d-488e-a9de-a0660ca3941a
oraporn.ns@gmail.com,แม่จ๋าหมูกระทะ,แม่จ๋าหมูกระทะ,Sam Phran District,Restaurant,no,Low,0,,,,,openstreetmap,1,+66615053961,"สามพราน 14, ท่าตลาด, สามพราน, นครปฐม 73110, ประเทศไทย",73110,overture (meta),overture:25471354-9f4d-4a4e-bf9c-9ba925a7b051
owner@anngonlemoon.com,แหนมเนือง อันงอน เลอมูน,แหนมเนือง อันงอน เลอมูน,Sam Phran District,Asian,no,Low,0,,,,,openstreetmap,1,+66 64 301 1495,98/1,73220,openstreetmap,https://www.openstreetmap.org/way/1355839555
sine_sine_12@hotmail.com,โกอู๋ ราดหน้ายอดผัก,โกอู๋ ราดหน้ายอดผัก,Sam Phran District,Restaurant,no,Low,0,,,,,openstreetmap,1,+66830922232,31/25 หมู่3 ซอยวัดไร่ขิง,73110,overture (meta),overture:daf7e63a-5308-4f79-b325-b42bb2889782
kodmoo.rimnam@gmail.com,โคตรหมูริมน้ำ,โคตรหมูริมน้ำ,Sam Phran District,Asian; Thai,no,Low,0,,,,,openstreetmap,1,+66860500688,10 เลขที่ 55,73210,overture (meta),overture:362d2795-d941-479b-8197-d15277b67d88
nrg061054@gmail.com,โครตปัง นครปฐม,โครตปัง นครปฐม,Sam Phran District,Restaurant,no,Low,0,,,,,openstreetmap,1,+66804536898,ถนนพุทธมณฑล สาย 4,73220,overture (meta),overture:0c5258b5-4816-4f1c-ae37-b39ce7b31bb1
ladycat.candy@gmail.com,โซ้ยเย็นตาโฟลูกชิ้นแคะ,โซ้ยเย็นตาโฟลูกชิ้นแคะ,Sam Phran District,Restaurant,no,Low,0,,,,,openstreetmap,1,+66989550309,88,,overture (meta),overture:9c2772e7-2194-4854-be0d-1e9cfc6dfa9e
info@tcb.co.th,โรงงานกระดาษแข็งไทย,โรงงานกระดาษแข็งไทย,Sam Phran District,Asian; Thai,no,Low,0,,,http://www.tcb.co.th,,openstreetmap,1,,,,overture (meta),overture:a09daa03-731b-4757-b280-1076c0a43d4f
techahirankan@gmail.com,โรงเรือนคาเฟ่,โรงเรือนคาเฟ่,Sam Phran District,Restaurant,no,Low,0,,,,,openstreetmap,1,+66937415415,9 37 ท่าตลาด ซอย ๒,73110,overture (meta),overture:805573d6-cd0e-4bc7-bb52-f684d482212d
zabnoodles@gmail.com,โส้ยแซ่บเตี๋ยวเรือ,โส้ยแซ่บเตี๋ยวเรือ,Sam Phran District,Restaurant,no,Low,0,Local,,https://wongn.ai/21qi3i,support@lmwn.com; pr@lmwn.com,openstreetmap,1,+66654152435,109 หมู่ที่8 นิยมพลาซ่า,73160,overture (meta),overture:607102e2-3b02-43e3-963e-b2b2949f921b
tamanochin@gmail.com,โอชินข้าวมันไก่-ศรีสามพราน,โอชินข้าวมันไก่-ศรีสามพราน,Sam Phran District,Cafe,no,Low,0,,,,,openstreetmap,1,+66632428961,หมู่บ้านศรีสามพราน,73110,overture (meta),overture:da28fde9-54df-4f6d-9e2a-744c1291264b
nptang86@gmail.com,ไก่ย่างสุภาพร,ไก่ย่างสุภาพร,Sam Phran District,Asian; Thai,no,Low,0,,,,,openstreetmap,1,+66876950030,12/2 หมู่ 6,73110,overture (meta),overture:d38dd10f-43fb-4754-8626-87753a3d5071
yiwmee2017@gmail.com,ไก่ย่างส้มตำ จ.ป.,ไก่ย่างส้มตำ จ.ป.,Sam Phran District,Cafe,no,Low,0,,,,,openstreetmap,1,+66936709151,12 คลองวัฒนา,73210,overture (meta),overture:26dae647-1ee1-4c2b-8553-9d99a6acc6f6
itbs999@gmail.com,ไอติมบ้านสวน สาขาพุทธมณฑล สาย 4,ไอติมบ้านสวน สาขาพุทธมณฑล สาย 4,Sam Phran District,Ice cream,no,Low,0,,,,,openstreetmap,1,+66971789535,เลขที่ 111 Phutthamonthon Sai 4 Rd,73220,overture (meta),overture:4104c2b6-d5f2-4f08-b513-7b3af556f94f
