email,name,name_local,district,categories,english,english_priority,english_score,site_language,why,website,other_emails,email_source,locations,phone,address,postcode,source,osm_url
brunello.thailand@gmail.com,Brunello Thailand,,Suan Luang District,Italian,yes,High,6,English,website in English; Western food (Italian); English/Latin-script name,http://www.brunellothailand.com/,,openstreetmap,1,+66658396247,15 Rama IX Soi 58,10250,overture (meta),overture:6a86c41f-335a-4b37-8e54-ee5da6440826
zapteenee@gmail.com,BUON PIZZA / Baansiri pizzaria,,Suan Luang District,Pizza,yes,High,6,English,website in English; Western food (Pizza); English/Latin-script name,http://bangkok-hotel.com/,hotel.bangkokrama@gmail.com,openstreetmap,1,+66620245555,1544/1 ถนนพัฒนาการ ริมถนนระหว่าง ซอย 48 กับ 50 ซอย พัฒนาการ,10250,overture (meta),overture:d3c9d174-6a72-4cbd-9985-b2f56adeece9
nooy7952@gmail.com,Choo’s Bar & Bistro,,Suan Luang District,French,yes,High,6,English,website in English; Western food (French); English/Latin-script name,https://share.google/cvnd84ITixThIv7qC,,openstreetmap,1,+66917161659,เลขที่หนึ่ง  ซอยพัฒนาการ 50,10250,overture (meta),overture:df5534dd-b85a-4773-bef2-98cc22ca8c2d
radiclebeer@gmail.com,Radicle Beer Company,,Suan Luang District,Pub,yes,High,6,English,website in English; Western food (Pub); English/Latin-script name,https://nightify.co/book/radicle-beer-company/fb,hello@nightify.co,openstreetmap,1,+66821808303,"Warehouse N1, 27 On Nut 21 Alley",10250,overture (meta),overture:7919023f-a312-4cb6-a166-8738564f8b4e
gm@the-londoner.com,The Londoner Brew Pub,,Suan Luang District,Pub,yes,High,6,English,website in English; Western food (Pub); English/Latin-script name,http://www.the-londoner.com/,,openstreetmap,1,+6620228025,1178 Phatthanakan Rd,10250,overture (meta),overture:dedcc96a-c608-4d08-82a7-0dc317942ec8
jen_rexy@windowslive.com,Chef Jen Italian restaurant,,Suan Luang District,Italian,yes,High,5,Bilingual,website has English; Western food (Italian); English/Latin-script name,https://food.grab.com/th/th/restaurant/chef-jen-%E0%B8%96%E0%B8%99%E0%B8%99%E0%B8%9E%E0%B8%B1%E0%B8%92%E0%B8%99%E0%B8%B2%E0%B8%81%E0%B8%B2%E0%B8%A3-delivery/3-CZJEAUMHWFXKGE,,openstreetmap,1,+66988960996,2996 the Pattio Phatthanakan Rd,10250,overture (meta),overture:151c27d6-d9cc-4b50-8306-0b4c6b56efbc
beadouinadam786@gmail.com,เบดูอิน สเต็กและเคบับ,เบดูอิน สเต็กและเคบับ,Suan Luang District,Steak,yes,High,5,English,website in English; Western food (Steak),https://www.canva.com/design/DAF9Z8n82nE/TUhiU0kpYkb6qaEaL7duKQ/view?utm_content=DAF9Z8n82nE&utm_campaign=designshare&utm_medium=link&utm_source=editor,,openstreetmap,1,+66813955476,50 Phatthanakan 40 Alley,10250,overture (meta),overture:0b0cdd74-22cc-448c-8d59-596be4edc7ab
1ofakindstyle@gmail.com,1 of a Kind,,Suan Luang District,Restaurant,yes,High,4,English,website in English; English/Latin-script name,https://lin.ee/zGg6f0s,,openstreetmap,1,+6627183260,4 Rama IX Soi 48,10250,overture (meta),overture:b5abf143-2363-45e8-8d14-0a9673823698
nineryhq@gmail.com,ADAPT Coffee Bar Paradise Srinakarin,,Suan Luang District,Cafe,yes,High,4,English,website in English; English/Latin-script name,https://adaptcoffeebar.hatohub.com/brand,,openstreetmap,1,+66828955246,15 ซอย เสรีสุข,10250,overture (meta),overture:1456c0c1-4a0b-491f-9bc4-f81dc8325efd
admin@apba.co.th,APBA Thailand,,Suan Luang District,Bar,yes,High,4,English,website in English; English/Latin-script name,https://www.apba.co.th/,,openstreetmap,1,+66625152352,30 ซอย 1,10251,overture (meta),overture:d30a0534-a7f2-4b29-b492-12c16a69dd4a
cairobangkok@gmail.com,Cairo Bangkok,,Suan Luang District,Restaurant,yes,High,4,English,website in English; English/Latin-script name,http://www.cairobangkok.com/,,openstreetmap,1,+66655945490,Soi Thep Thawi 2,10250,overture (meta),overture:44055785-f3e9-4e81-8c8e-8eb2de50b718
restaurant@coffee-effect.cafe,Coffee Effect,,Suan Luang District,Restaurant,yes,High,4,English,website in English; English/Latin-script name,https://www.coffee-effect.cafe/,,venue website,1,+66834465069,2089/3 The Master @BTS Onnut ร้าน Coffee Effect 2 On Nut Rd,10250,overture (meta),overture:724da12c-d260-434d-abfb-232c3a575b30
digital.marketing@sibour.com,Comte de Sibour Limited,,Suan Luang District,Restaurant,yes,High,4,English,website in English; English/Latin-script name,http://www.sibour.com/,creative@sibour.com; marketing@sibour.com,openstreetmap,1,+6623005613,9 ซอย 4,10250,overture (meta),overture:7cef7ff8-d2b3-4df4-8970-38b8a67a15d3
smile@khunnarin.com,F.DICK Thailand,,Suan Luang District,Cafe,yes,High,4,English,website in English; English/Latin-script name,http://khunnarin.com/,,venue website,1,+6627226699,2262 Phatthanakan Rd,10250,overture (meta),overture:e38ccc71-ce41-4579-be77-930a217611eb
fatlamb2018@gmail.com,Fat Lamb,,Suan Luang District,Restaurant,yes,High,4,English,website in English; English/Latin-script name,https://fatlambbkk.com,fatlamb.bkk@gmail.com,venue website,1,02 297 0708,15 Rama9 Soi 45,10250,overture (Foursquare),overture:582d7514-9356-477b-b758-bee0f2acd7d2
flavorhauscafe@gmail.com,Flavor Haus,,Suan Luang District,Bakery,yes,High,4,English,website in English; English/Latin-script name,https://lin.ee/2BMHaHsUT,,openstreetmap,1,+66984463959,53 Ramkhamhaeng 4 Alley,10250,overture (meta),overture:592e867a-4487-40e3-a377-03c4a381a07d
patpimonkwanjal444@gmail.com,Friends snooker BY Tik Sakol,,Suan Luang District,Restaurant,yes,High,4,English,website in English; English/Latin-script name,http://www.Sakol.com/,,openstreetmap,1,+66644626282,27/1 ถนน ศรีนครินทร์,10250,overture (meta),overture:80a7cf0e-4e13-4147-aef0-4d86e01b3dc9
graindecafebkk@gmail.com,Grain de Cafe,,Suan Luang District,Cafe,yes,High,4,English,website in English; English/Latin-script name,https://lin.ee/79oN4nE,,openstreetmap,1,+66632255465,Phatthanakan 51 Alley,10250,overture (meta),overture:1994a2d1-e7e7-44a3-a6a8-da3cc98d7e01
heyyyybangkok2024@gmail.com,Heyyyy Bangkok Cafe,,Suan Luang District,Cafe,yes,High,4,English,website in English; English/Latin-script name,https://www.heyyyybangkok.com/,,openstreetmap,1,+66646810608,"2485, 2487 Phatthanakan Rd",10250,overture (meta),overture:c15e8f8b-b657-44e5-a778-b851bb1f5de7
iata.chinesecousine@gmail.com,IATA Chinese Cuisine,,Suan Luang District,Asian; Chinese,yes,High,4,English,website in English; English/Latin-script name,http://nav.cx/cF1M9qc,,openstreetmap,1,+66806084646,"1000, รีเฟลกชั่น, 16 ซ. โครงการ เดอะมาสเตอร์",10250,overture (meta),overture:b3530b23-01b6-4789-b1df-e9154e7d3d3f
jerk.bkk@gmail.com,Jerk.bkk,,Suan Luang District,Restaurant,yes,High,4,English,website in English; English/Latin-script name,https://lin.ee/oeP8Wg7,,openstreetmap,1,+66957561684,"On Nut 33 Alley, Khwaeng Suan Luang, Suan Luang",10250,overture (meta),overture:d238e306-a411-4da6-a8c4-c025f2730139
hunter.reynolds@icloud.com,JetChill_Asia_TH,,Suan Luang District,Restaurant,yes,High,4,English,website in English; English/Latin-script name,https://www.jetchill.com/,info@flavourblaster.com,openstreetmap,1,+66819863269,Phratanakarn 20,10250,overture (meta),overture:b3d45cfb-afcd-4752-9479-66001314acbf
kcoffee@alissabakery.com,K Coffee Specialty,,Suan Luang District,Cafe,yes,High,4,English,website in English; English/Latin-script name,http://www.alissabakery.com/,,openstreetmap,1,+66988694224,937 Srinagarindra Rd,10250,overture (meta),overture:03201be3-30d2-4970-86b3-86977cb278d1
khiri@shanvillasbangkok.com,Khiri By SHAN Villas,,Suan Luang District,Restaurant,yes,High,4,English,website in English; English/Latin-script name,https://shanvillasbangkok.com/,rsvn@shanvillasbangkok.com,openstreetmap,1,+66619782644,18 อ่อนนุช 17,10250,overture (meta),overture:6958bf8e-a583-4d27-9e95-0c2dec8fe487
restaurant.mgr@almerozhotel.com,Khrua Salatan Restaurant,,Suan Luang District,Restaurant,yes,High,4,English,website in English; English/Latin-script name,http://www.almerozhotel.com/restaurant.php,info@almerozhotel.com,openstreetmap,1,+6621368700,Soi Ramkhamhaeng 3 (Song Phi Nong),10250,overture (meta),overture:87424d19-6ee7-472d-b863-82a9c065ea47
kowloonfoods88@gmail.com,Kowloonfoods,,Suan Luang District,Restaurant,yes,High,4,English,website in English; English/Latin-script name,https://kowloonfoods888.wixsite.com/kowloonth,,openstreetmap,1,+66982488685,86 ถนน อ่อนนุช,10250,overture (meta),overture:c10066e8-1c5c-46ec-be25-710cc2a3c624
lapis.cakesbkk@gmail.com,Lapis.cakesbkk,,Suan Luang District,Cafe,yes,High,4,English,website in English; English/Latin-script name,https://lin.ee/UJz8CtZ,,openstreetmap,1,+66894879988,80 Soi Phatthanakan 44,10250,overture (meta),overture:8832e7a3-8207-4940-aad5-f0378d9cf0a0
laylol.neighbor@gmail.com,Laylol BKK,,Suan Luang District,Cafe,yes,High,4,English,website in English; English/Latin-script name,https://lin.ee/1hiZS2Zy,,openstreetmap,1,+66817508385,45 Phatthanakan 58,10250,overture (meta),overture:c32fbbd0-56a6-4342-9267-18b15685250c
creammyshopmanala@gmail.com,Manala,,Suan Luang District,Restaurant,yes,High,4,English,website in English; English/Latin-script name,http://www.manala.fi/,,openstreetmap,1,+66972670090,,,overture (meta),overture:791af00f-fd95-42a2-a3e7-3c21fc5e9fac
rsvn@shanvillasbangkok.com,Mekha,,Suan Luang District,Restaurant,yes,High,4,English,website in English; English/Latin-script name,https://www.shanvillasbangkok.com,,venue website,1,,at Shan Villas Bangkok,10250,overture (Foursquare),overture:21353818-7123-4f2e-a475-c9ab7e1de58a
mormormilkcafe@gmail.com,MorMor Milk Cafe,,Suan Luang District,Cafe,yes,High,4,English,website in English; English/Latin-script name,https://lin.ee/pleCZM6,,openstreetmap,1,+6623219996,2831-2833 Pattanakarn RD Pattanakarn,10250,overture (meta),overture:8e705683-d1e8-42fd-bffa-60b96053273c
hellothailand@nikonekomatcha.com,Niko Neko,,Suan Luang District,Bar,yes,High,4,English,website in English; English/Latin-script name,http://www.nikonekomatcha.com/,,openstreetmap,1,+66946966622,"55, 6 Ramkhamhaeng 4 Alley",10250,overture (meta),overture:88d89093-ad23-409c-aedf-d24bff1ffa29
admin@pba-world.com,PBA World,,Suan Luang District,Bakery,yes,High,4,English,website in English; English/Latin-script name,http://www.pba-world.com/,,openstreetmap,1,+66944262290,"Domino Pizza มากที่สุด,ชั้นสาม,The Nine Center, ลิฟท์ที่ใกล้, ซอย 3",10250,overture (meta),overture:822a85d4-3c85-4ab4-9c46-c154e579424d
praincafe@gmail.com,P’RaiN,,Suan Luang District,Cafe,yes,High,4,English,website in English; English/Latin-script name,https://lin.ee/vu00rv05,,openstreetmap,1,+66639632642,13 อ่อนนุช 35,10250,overture (meta),overture:fabd8bec-2eda-4915-b64f-942519e8d16b
scuro.bkk@gmail.com,Scuro,,Suan Luang District,Cafe,yes,High,4,English,website in English; English/Latin-script name,http://tiny.cc/Scuro,,openstreetmap,1,+66905731155,"577 573, 575 579 Phatthanakan Rd",10250,overture (meta),overture:b3dd648a-175d-4935-ac10-60ce05f423f9
faii@makmax.com,"Thai Taiyo Tent Co.,Ltd.",,Suan Luang District,Asian; Thai,yes,High,4,English,website in English; English/Latin-script name,http://www.taiyo-tent.co.th/,,openstreetmap,1,+6627199919,78 ถนน กิ่งแก้ว,10540,overture (meta),overture:9c284de4-80eb-460c-a76f-f61309c8920d
thaiaochifruits@gmail.com,Thaiaochi Cafe,,Suan Luang District,Cafe,yes,High,4,English,website in English; English/Latin-script name,http://www.thaiaochi.com/,,openstreetmap,1,+6623004285,,,overture (meta),overture:83ccb13a-12c7-4939-af97-302f5010f008
unmeltedneeds@gmail.com,"Unmelted Needs Co., Ltd.",,Suan Luang District,Ice cream,yes,High,4,English,website in English; English/Latin-script name,https://bio.link/unmeltedneeds,,openstreetmap,1,+66993196886,"663/2 Soi Onnut 39, Sukhumvit 77 Road Pattanakarn Sub-District",10250,overture (meta),overture:7446765b-9cd0-4824-8ec7-b219cf67e0c2
wawee.pattanakarn@gmail.com,Wawee Coffee,,Suan Luang District,Cafe,yes,High,4,English,website in English; English/Latin-script name,http://www.waweecoffee.com/,,openstreetmap,1,+6627220008,The Pattio 2994 Alley,10250,overture (meta),overture:76d3f214-55e8-461a-87a7-38af2d03a9af
wondersroasters@gmail.com,Wonders Roasters,,Suan Luang District,Cafe,yes,High,4,English,website in English; English/Latin-script name,https://wondersroasters.wixsite.com/wonders,,openstreetmap,1,+66972433963,280 Seri 9,10250,overture (meta),overture:afbd2ab5-e008-4aad-96ab-696ca0cd8777
imperialhuayuan@gmail.com,華園皇廚,,Suan Luang District,Asian; Chinese,yes,High,4,English,website in English; English/Latin-script name,https://lin.ee/ABgF7x8,,openstreetmap,1,+66886408268,125 ถนน พัฒนาการ,10250,overture (meta),overture:3170d28a-ba3a-4f98-bbdb-c74a7b1fbb7f
98bbqbkk@gmail.com,98BBQ,,Suan Luang District,BBQ,yes,Medium,3,,Western food (BBQ); English/Latin-script name,,,openstreetmap,1,+66641735629,"641, Srinakarin Road near the corner of Srinakarin Road and Phatthanakan Road Beside Asakan Condo",10250,overture (meta),overture:e3cc2bc1-ddf7-415e-8098-7e3bc601f689
ayahararu@gmail.com,AYA Japanese Halal Restaurant,,Suan Luang District,Asian; Halal; Japanese,yes,Medium,3,Bilingual,website has English; English/Latin-script name,https://ayahararu.com/,,openstreetmap,1,+66917370537,686 A10 Phatanakarn 38,10250,overture (meta),overture:ec966aaa-dcc7-4a44-8f54-3c006d78d304
boh.backofhouse30@gmail.com,backofhouse coffee,,Suan Luang District,Breakfast; Deli,yes,Medium,3,,"Western food (Breakfast, Deli); English/Latin-script name",,,openstreetmap,1,+66638366698,414/1 ซอยพัฒนาการ 30,10250,openstreetmap,https://www.openstreetmap.org/node/13731616801
banatabyart@gmail.com,Banata,,Suan Luang District,Italian,yes,Medium,3,,Western food (Italian); English/Latin-script name,,,openstreetmap,1,+66808985526,"1140/20, 30 Phatthanakan Rd",10250,overture (meta),overture:876986ec-97e6-4363-ba4e-701523fd6533
suki982@hotmail.com,Big Grill,,Suan Luang District,BBQ,yes,Medium,3,,Western food (BBQ); English/Latin-script name,,,openstreetmap,1,+66959316939,17 ถนน อ่อนนุช,10250,overture (meta),overture:945ba798-cd3f-4e83-a91f-67daa197028b
casamarinibkk@gmail.com,Casa Marini Italian Restaurant & Pizza,,Suan Luang District,Italian; Pizza,yes,Medium,3,,"Western food (Italian, Pizza); English/Latin-script name",,,openstreetmap,1,+66636391851,"28 Rama IX, soi 45, Yaek 15, Suang Luang, 10250, Bangkok",,overture (meta),overture:e7c9d075-fdce-4522-bc0d-c2cf901dab0a
cheeseanddough11@gmail.com,Cheese and dough,,Suan Luang District,Italian,yes,Medium,3,,Western food (Italian); English/Latin-script name,,,openstreetmap,1,+66855396179,869 Phatthanakan Rd,10250,overture (meta),overture:e6d6a85e-1d7b-4fa9-9a84-64a27decdccc
darnabkk@gmail.com,Dar’na,,Suan Luang District,Breakfast,yes,Medium,3,,Western food (Breakfast); English/Latin-script name,,,openstreetmap,1,+6620039818,387 ซอย 8,10251,overture (meta),overture:0bcb858a-bae6-4fb5-a173-6b330ea76233
deli54bkk@outlook.com,DELI 54,,Suan Luang District,Deli,yes,Medium,3,,Western food (Deli); English/Latin-script name,,,openstreetmap,1,+66859993939,7 ซอย 5,10251,overture (meta),overture:47d5b552-5ebb-440a-a9cf-2d335755a82d
ddmarketing@goldendonuts.co.th,Dunkin',,Suan Luang District,American,yes,Medium,3,,Western food (American); English/Latin-script name,http://www.dunkindonuts.co.th/,,openstreetmap,1,+6620799765,204 ซอย พัฒนาการ 20,10250,overture (meta),overture:bec280dd-c7e0-4f32-a5ee-3eb56d63f546
emmiesbkk@gmail.com,Emmie's,,Suan Luang District,Breakfast,yes,Medium,3,,Western food (Breakfast); English/Latin-script name,,,openstreetmap,1,+66972379777,"49 แยก 8 10250, ถนน พระราม 9 ตัดใหม่",10240,overture (meta),overture:05b145c0-8dc6-4b3c-91ca-8a50f6c21117
eternityarea46@gmail.com,Eternity Bar and Bistro,,Suan Luang District,French,yes,Medium,3,,Western food (French); English/Latin-script name,,,openstreetmap,1,+66875436049,Area46 Soi On Nut 46,10250,overture (meta),overture:c9ec371c-46c9-4d6a-ae43-7aa6411a5e3b
fahanaitalian@gmail.com,Fahana Italian,,Suan Luang District,Halal; Italian,yes,Medium,3,,Western food (Italian); English/Latin-script name,,,openstreetmap,1,+6623692366,939 Rama IX Rd,10250,overture (meta),overture:3a714fbd-72b3-4c69-b856-206d72310a5c
feedthebeastbkk@gmail.com,Feed the Beast,,Suan Luang District,BBQ,yes,Medium,3,,Western food (BBQ); English/Latin-script name,,,openstreetmap,1,+66814138748,44 Rama IX Soi 55,10250,overture (meta),overture:3df0b24a-8a9e-4667-980c-ee8f862da19e
finburger2016@gmail.com,FIN Burger (Halal),,Suan Luang District,Burger; Halal,yes,Medium,3,,Western food (Burger); English/Latin-script name,,,openstreetmap,1,+6621013616,25/1 Ramkhamhaeng 4 Alley,10250,overture (meta),overture:c0c5ded3-78f4-425f-b199-d523080c9049
ghostsweets@gmail.com,Ghost Sweets ゴーストスイーツ ขนมผีบอก,Ghost Sweets ゴーストスイーツ ขนมผีบอก,Suan Luang District,Cafe,yes,Medium,3,English,website in English,http://www.ghostsweets.com/,,openstreetmap,1,+66642404042,403 Pattanakarn 50,10110,overture (meta),overture:8e36e624-f996-4938-9082-a143472421b1
orangie.princess@gmail.com,Greenmine Steak & Coffee,,Suan Luang District,Steak,yes,Medium,3,,Western food (Steak); English/Latin-script name,,,openstreetmap,1,+66819635939,1295 Ramkhamhaeng Rd,10250,overture (meta),overture:64823382-951c-4b49-9203-7d7c63f5272a
honey1942coltd@gmail.com,HONEY 1942 Bistro Yard,,Suan Luang District,French,yes,Medium,3,,Western food (French); English/Latin-script name,,,openstreetmap,1,+66999151942,2 ถนน พัฒนาการ,10250,overture (meta),overture:9d9c1339-6da1-403e-a752-57e520cf3d16
irislovely.2321@gmail.com,Iris Camping Pizza Halal Food,,Suan Luang District,Halal; Pizza,yes,Medium,3,,Western food (Pizza); English/Latin-script name,,,openstreetmap,1,+66832385916,Tawanthong Cross Rd,10250,overture (meta),overture:fa4f7c4c-e344-404e-a534-c8891bb971ae
john13915@gmail.com,John Burrito Pizza,,Suan Luang District,Mexican; Pizza,yes,Medium,3,,"Western food (Mexican, Pizza); English/Latin-script name",,,openstreetmap,1,+66819311029,3 ซอย 9,10251,overture (meta),overture:540c5356-ee64-47ee-8a5c-c4a1c83b3c9e
kiwamiyaa001@gmail.com,Kiwamiya สาขา Central Eastville,Kiwamiya สาขา Central Eastville,Suan Luang District,Asian; Japanese,yes,Medium,3,English,website in English,https://www.maguro.co.th/en/our-brands/kiwamiya,,openstreetmap,1,+66944453552,"69,69/1,69/2,69/4 ศูนย์การค้าเซ็นทรัล อีสต์วิลล์ ห้องเลขที่ 222 ชั้นที่ 2 ถ.ประดิษฐ์มนูธรรม เขตลาดพร้าว",10230,overture (meta),overture:862c1eb0-4651-4aed-861b-e2ab4f4a8fe6
lanfarni13@gmail.com,Lanfarnee,,Suan Luang District,Burger,yes,Medium,3,,Western food (Burger); English/Latin-script name,,,openstreetmap,1,+66854473664,32 พัฒนาการ,10250,overture (meta),overture:725d51a8-4c64-4b4f-95e1-f3a68fa2f70a
mongkolkasem9@gmail.com,Le Coffee,,Suan Luang District,Cafe,yes,Medium,3,Bilingual,website has English; English/Latin-script name,https://le-cafe-beyond.blogspot.com/,,openstreetmap,1,+6627207964,45 Phatthanakan 53,10250,overture (meta),overture:20e28555-ffa9-4dcc-8762-3cb4fcdbd6fe
marinibkk@gmail.com,Marini Trattoria & Café,,Suan Luang District,Halal; Italian,yes,Medium,3,,Western food (Italian); English/Latin-script name,,,openstreetmap,1,+66957380676,2661 ถ.พัฒนาการ เขต/แขวง สวนหลวง,10250,overture (meta),overture:f25e7906-a933-436c-b5f4-eaa4c6ddcd84
es.ekachai@gmail.com,Otto's Steakhouse,,Suan Luang District,Steak,yes,Medium,3,,Western food (Steak); English/Latin-script name,,,openstreetmap,1,+6621280772,"27/1, N3 On Nut 21 Alley",10250,overture (meta),overture:b61c7fe7-cb96-43e0-a25e-c07e7d3a289f
heycoffeeroaster@gmail.com,Pasta Ama Rama 9,,Suan Luang District,Asian; Italian; Thai,yes,Medium,3,,Western food (Italian); English/Latin-script name,,,openstreetmap,1,+66612636561,1195 Natthawutthi Alley,10250,overture (meta),overture:49aadfff-eb74-4418-bdda-e1389e094a07
peppebkk76@gmail.com,Peppe Italian Food & Wine,,Suan Luang District,Italian,yes,Medium,3,,Western food (Italian); English/Latin-script name,,,openstreetmap,1,+66956901899,"749/SK1, Sukhumvit 81",10260,overture (meta),overture:38fb4259-6b22-444e-812f-8b3163826a1c
redchillicafe20@gmail.com,Red Chilli Cafe,,Suan Luang District,Italian,yes,Medium,3,,Western food (Italian); English/Latin-script name,,,openstreetmap,1,+66950074749,เจ้นิด พลาซ่า พัฒนาการ20,10250,overture (meta),overture:833f1faf-7127-4e2f-9dad-929704bce7ec
samgyupsal.thailand@gmail.com,Samgyupsal Korean BBQ,,Suan Luang District,Asian; BBQ; Korean,yes,Medium,3,,Western food (BBQ); English/Latin-script name,,,openstreetmap,1,+66650169525,1349 Phatthanakan 25,10250,overture (meta),overture:0f324107-aeea-40ca-901f-4951e19b08c9
foodismlabs@gmail.com,Sol Eats,,Suan Luang District,Pizza,yes,Medium,3,,Western food (Pizza); English/Latin-script name,,,openstreetmap,1,+66930281523,394 On Nut Rd,10250,overture (meta),overture:5c87202d-be98-42c0-8789-467c7bdc8183
station77.bar.th@gmail.com,Station 77 - Sports Bar & BBQ,,Suan Luang District,BBQ,yes,Medium,3,,Western food (BBQ); English/Latin-script name,,,openstreetmap,1,+66936042905,"1069,1071,1073 , Onnut Road, Suanluang Sub-District, Suanluang District",10250,overture (meta),overture:f7acc629-61cb-4fb1-a2b3-6b431c6ed583
tenderloins30@gmail.com,Tenderloins Pattanakarn 30 Sports Bar & Steak House,,Suan Luang District,Steak,yes,Medium,3,,Western food (Steak); English/Latin-script name,,,openstreetmap,1,+6623185993,8 ถนน พัฒนาการ,10250,overture (meta),overture:86b7c0ad-a55e-452a-95ab-211f4efecd3d
thediner30@gmail.com,The Diner,,Suan Luang District,American,yes,Medium,3,,Western food (American); English/Latin-script name,,,openstreetmap,1,+6621300549,204 ซอย หมู่บ้านปัญญา,10250,overture (meta),overture:6bb2f6af-6ed1-446e-8229-abb12f704c3a
operation@timeshouse-th.com,Time's House Thailand,,Suan Luang District,Asian; Bakery; Breakfast; Japanese,yes,Medium,3,,Western food (Breakfast); English/Latin-script name,,,openstreetmap,1,+66 84 333 3191,2 ซอยพระราม 9 ซอย 41,10250,openstreetmap,https://www.openstreetmap.org/node/12311586501
tanakiat@gmail.com,Tony's Burger,,Suan Luang District,Burger,yes,Medium,3,,Western food (Burger); English/Latin-script name,,,openstreetmap,1,+66814417887,826 อ่อนนุช,10250,overture (meta),overture:0a55936c-5068-495b-88e1-a050985472e7
viavai.bangkok@gmail.com,Via Vai il Cortile,,Suan Luang District,Italian,yes,Medium,3,,Western food (Italian); English/Latin-script name,,,openstreetmap,1,+6621362600,665 On Nut 17 Alley,10250,overture (meta),overture:3a4c9632-e085-4db1-a4c5-179863bcf63a
xcucine@gmail.com,X'Cucine Bistro&Cafe,,Suan Luang District,French,yes,Medium,3,,Western food (French); English/Latin-script name,,,openstreetmap,1,+66830028190,1 พัฒนาการ 20 แยก 1,10250,overture (meta),overture:8f29f345-0b7a-43e9-96c7-37035e8c5dde
japanesebbq.yotsuba@gmail.com,Yotsuba Japanese BBQ,,Suan Luang District,BBQ; Japanese,yes,Medium,3,,Western food (BBQ); English/Latin-script name,,,openstreetmap,1,+6620014411,476/5 Soi Pattanakarn 53,10250,overture (meta),overture:334d1a56-d5b0-4f8a-a9bd-7eb15fb74689
manuya.mami@gmail.com,กับแกล้ม ทะเลดอง&ซีฟู้ด,กับแกล้ม ทะเลดอง&ซีฟู้ด,Suan Luang District,Seafood,yes,Medium,3,English,website in English,https://lin.ee/XLZbGRE,,openstreetmap,1,,65 ซอย 2,10250,overture (meta),overture:cd015cf6-385e-459b-8405-0d7998a27369
shakariki.cy@gmail.com,ก๋วยเตี๋ยวเรือกลางกรุง สาขา The Nine Center,ก๋วยเตี๋ยวเรือกลางกรุง สาขา The Nine Center,Suan Luang District,Asian; Japanese,yes,Medium,3,English,website in English,http://www.shakariki432.com/,,openstreetmap,1,+66968282988,"ชั้น 2 999/3, The Nine Center, Phatthanakan Rd",10250,overture (meta),overture:6330a5c7-73de-4617-b8d7-8a44ec61f468
dada_z_aa@hotmail.com,ขนมจีนน้ำเงี้ยวเมียบัง,ขนมจีนน้ำเงี้ยวเมียบัง,Suan Luang District,Asian; Thai,yes,Medium,3,English,website in English,https://lin.ee/JKde2oQ,,openstreetmap,1,,38 พัฒนาการ,10250,overture (meta),overture:d961faa6-6a31-4206-87b7-363b137b6be3
juekjuek@gmail.com,จัดเต็มอาหารบันเทิง,จัดเต็มอาหารบันเทิง,Suan Luang District,Restaurant,yes,Medium,3,English,website in English,https://lin.ee/3fsjp3qm3,,openstreetmap,1,+66969528935,1341 ถนน พัฒนาการ,10250,overture (meta),overture:77f3873c-f416-4709-8e07-5a4e2d0b8b01
phalafood.info@gmail.com,ผลา Phala.bkk,ผลา Phala.bkk,Suan Luang District,Restaurant,yes,Medium,3,English,website in English,https://share.google/mjcHP24q1NWX4FgWe,,openstreetmap,1,+66644926533,51 ถนน พัฒนาการ,10250,overture (meta),overture:0d6332ca-463a-4a1f-9573-92c95ecbf693
bunpak.kitchen@gmail.com,Bunpak ครัวบุญปาก,Bunpak ครัวบุญปาก,Suan Luang District,Restaurant,no,Medium,2,Bilingual,website has English,https://shop.line.me/@bunya_bunpak,,openstreetmap,1,+66644165691,30 ถนน พระราม 9,10251,overture (meta),overture:9626ebeb-741d-4e88-aa84-df2134cf15b2
doyajipatthanakan20@gmail.com,Doyaji Korean BBQ Buffet Phattanakan 20 โดยาจี พัฒนาการ 20 도야지 파타나깐 20,Doyaji Korean BBQ Buffet Phattanakan 20 โดยาจี พัฒนาการ 20 도야지 파타나깐 20,Suan Luang District,Asian; BBQ; Korean,no,Medium,2,,Western food (BBQ),,,openstreetmap,1,+66802122001,988 ซ. อ่อนนุช 17 แขวงสวนหลวง เขตสวนหลวง กรุงเทพมหานคร 10250,10250,overture (meta),overture:4584b6b8-0d59-4e86-936a-84dacf720136
metrosmobar@gmail.com,Metro Smo Bar x พันธุ์หม่าล่า,Metro Smo Bar x พันธุ์หม่าล่า,Suan Luang District,BBQ,no,Medium,2,,Western food (BBQ),,,openstreetmap,1,+66982504845,8 เดอะเมโทรพระรามเก้า,10250,overture (meta),overture:a1949ba8-e683-4b80-b953-95cf578265f1
muumuu.mootha@gmail.com,MuuMuu มูมู่-หมูทะ,MuuMuu มูมู่-หมูทะ,Suan Luang District,Breakfast,no,Medium,2,,Western food (Breakfast),,,openstreetmap,1,+66840199451,40 เสรี 9 ซอย 2,10250,overture (meta),overture:c3f7a1b3-3749-4f88-aafb-6736446029c8
sundaysteak29@gmail.com,Steak Sunday สเต็กซันเดย์,Steak Sunday สเต็กซันเดย์,Suan Luang District,Steak,no,Medium,2,,Western food (Steak),,,openstreetmap,1,+66823315435,On Nut 17 Alley,10250,overture (meta),overture:8c5a60ee-1afe-4bf4-ba10-3f288520927d
gorporoor624@gmail.com,กพอ สเต็กเฮาส์ แอนด์ บิสโทร GorPorOor SteakHouse & Bistro,กพอ สเต็กเฮาส์ แอนด์ บิสโทร GorPorOor SteakHouse & Bistro,Suan Luang District,French; Steak,no,Medium,2,,"Western food (French, Steak)",,,openstreetmap,1,+66836855999,624 Soi On Nut 46,10250,overture (meta),overture:ae435a6f-91ac-4246-bc4e-75c6e1bb2bfc
pimolsiree@hotmail.com,คาเฟ่รักร่าง by Pimolsiree,คาเฟ่รักร่าง by Pimolsiree,Suan Luang District,Seafood,no,Medium,2,Bilingual,website has English,https://pimolsiree.com/,,openstreetmap,1,+66987462564,38 พัฒนาการ,10250,overture (meta),overture:14ac0830-8d82-4892-a139-be5b66416c7b
nittayakaiyang.official@gmail.com,นิตยาไก่ย่าง (Nittaya Kai Yang Restaurant),นิตยาไก่ย่าง (Nittaya Kai Yang Restaurant),Suan Luang District,Asian; Thai,no,Medium,2,Bilingual,website has English,http://www.nittayakaiyang.com/,,openstreetmap,1,+6629697518,73/1 Soi Tarnsumrid 20,1100,overture (meta),overture:d2e1e251-c328-4598-b450-f0b247f77b86
jojarin@gmail.com,บริษัท จรินทร์ทิพย์ จำกัด,บริษัท จรินทร์ทิพย์ จำกัด,Suan Luang District,Restaurant,no,Medium,2,Bilingual,website has English,http://www.jarinthip.com,,venue website,1,+6627215144,"916, ถนนศรีนครินทร์",10250,overture (meta),overture:f413a8eb-90b0-4591-af28-db4cc9e5c47d
sisira2623@gmail.com,ร้านสเต็กลุงอู๊ด ส้มตำ ไก่อบโอ่ง&คาราโอเกะ,ร้านสเต็กลุงอู๊ด ส้มตำ ไก่อบโอ่ง&คาราโอเกะ,Suan Luang District,Steak,no,Medium,2,,Western food (Steak),http://line.me/ti/p/~yingtaxi,,openstreetmap,1,+66815118125,18 8 ซ Nut 66/1 Alley,10250,overture (meta),overture:edddba5c-0e1a-4a6e-9d90-8f732ffe15cc
samanongbkk@gmail.com,ร้านอาหารไก่ย่างสามอนงค์ พัฒนาการ,ร้านอาหารไก่ย่างสามอนงค์ พัฒนาการ,Suan Luang District,Asian; Thai,no,Medium,2,Bilingual,website has English,https://samanong.com/,,openstreetmap,1,+66617419900,2859 Phatthanakan Rd,10250,overture (meta),overture:812ef92f-e83d-4757-b8d9-1c2ddd281946
sales@tps.co.th,ศรีนครินทร์ 15,ศรีนครินทร์ 15,Suan Luang District,Asian; Thai,no,Medium,2,Bilingual,website has English,https://www.tps.co.th,cus_service@tps.co.th; saowanee@tps.co.th; phonphimon@tps.co.th; skfdae@tps.co.th,venue website,1,,,,overture (meta),overture:7709aa3e-b605-490d-8b53-0f20dc88a721
sta_platinum@hotmail.com,หมูทอดโพธิ์งาม,หมูทอดโพธิ์งาม,Suan Luang District,Breakfast,no,Medium,2,,Western food (Breakfast),,,openstreetmap,1,+66959132022,Phatthanakan Rd,10250,overture (meta),overture:4fffec2f-6375-4dc1-b61d-0941d343c95f
mr.chaiyut@outlook.com,อ่อนนุช Steak House,อ่อนนุช Steak House,Suan Luang District,Steak,no,Medium,2,,Western food (Steak),,,openstreetmap,1,+66644198419,919 ซอย สุขุมวิท 77,10250,overture (meta),overture:98681136-f4ac-46e1-ae66-083dd2b8ddd3
chanon2359@gmail.com,เย็นตาโฟโก๋ยา สาขา2,เย็นตาโฟโก๋ยา สาขา2,Suan Luang District,Asian; Thai,no,Medium,2,Bilingual,website has English,https://page.line.me/yentafogosan,,openstreetmap,1,+6620470534,2 ถนน พัฒนาการ,10250,overture (meta),overture:a42fc673-fb87-40c1-9d9d-b8ab5b9bb3e5
sakchairay@gmail.com,เล้ง ก๋วยเตี๋ยวเป็ด,เล้ง ก๋วยเตี๋ยวเป็ด,Suan Luang District,American,no,Medium,2,,Western food (American),,,openstreetmap,1,+66813377204,,10250,overture (meta),overture:6a39a05d-81e6-421f-a666-d0716ab84e57
500grabnon@gmail.com,เสต๊กคุณพีส,เสต๊กคุณพีส,Suan Luang District,Steak,no,Medium,2,,Western food (Steak),,,openstreetmap,1,+66992618811,1769 Phatthanakan 37 Alley,10250,overture (meta),overture:56192a88-99c9-402f-aa66-66331f9dfcb6
djv004@hotmail.com,โจ๊กฮะลาล พัฒนาการ,โจ๊กฮะลาล พัฒนาการ,Suan Luang District,Breakfast,no,Medium,2,,Western food (Breakfast),,,openstreetmap,1,+66851947980,273 On Nut 17 Alley,10250,overture (meta),overture:b28353d9-a5f4-4ef6-b57c-3bf64ee9270e
aeizahii@gmail.com,โสอุดรเนื้อกระทะ,โสอุดรเนื้อกระทะ,Suan Luang District,BBQ,no,Medium,2,,Western food (BBQ),,,openstreetmap,1,+66890139354,On Nut Rd,,overture (meta),overture:5d7d4f27-c8c6-4efd-84cb-087b68544e5f
101nco.coffee@gmail.com,1 0 1 & Co. Coffee Roastery for quality seekers not fancy seekers.,,Suan Luang District,Cafe,no,Low,1,,English/Latin-script name,,,openstreetmap,1,+66823604545,511 ถ.พระราม 9 ซอย 51 เสรี6 ซอย10,10250,overture (meta),overture:a28110db-245a-4f56-9492-628ad8072a06
sahsahandaanda1410@gmail.com,1993 Coffee bar,,Suan Luang District,Cafe,no,Low,1,,English/Latin-script name,,,openstreetmap,1,+66968010036,1 พัฒนาการ 28,10250,overture (meta),overture:60ddd424-f35e-471d-8f1b-cee587760724
30dayscafeandco@gmail.com,30 Days Cafe and Co-Working Space,,Suan Luang District,Cafe,no,Low,1,,English/Latin-script name,,,openstreetmap,1,+66958589629,776/37 The Connect Soi Phatthanakan 44,10250,overture (meta),overture:c5569228-a8ba-4a5a-bb3d-98fed8174cc0
81cozy@gmail.com,81 Cozy & Speakeasy Bar.,,Suan Luang District,Restaurant,no,Low,1,,English/Latin-script name,,,openstreetmap,1,+66928296719,851 On Nut 10 Alley,10250,overture (meta),overture:a64afc62-860b-47c1-ab3f-05df42d89063
ahiddenlabcafe@gmail.com,A Hidden Lab,,Suan Luang District,Restaurant,no,Low,1,,English/Latin-script name,,,openstreetmap,1,+66834632469,1 Soi 21,10250,overture (meta),overture:33d3673e-ba01-42bf-a3b7-db493251c393
adaptcoffee@gmail.com,Adapt Coffee Bar Rama 9,,Suan Luang District,Cafe,no,Low,1,,English/Latin-script name,,,openstreetmap,1,+66949232150,"302, 41 Seri 9",10250,overture (meta),overture:17f9a32d-2f18-4e9c-bd57-fac8f5c97301
butterlanecafe@gmail.com,Anna's Bangkok,,Suan Luang District,Restaurant,no,Low,1,,English/Latin-script name,,,openstreetmap,1,+66936329356,,,overture (meta),overture:244bdcbe-4e30-475e-af7f-40c2c0fcf2d8
anothercoffeex25@gmail.com,Another Coffee,,Suan Luang District,Cafe,no,Low,1,,English/Latin-script name,,,openstreetmap,1,+66955025569,Another Coffee,10250,overture (meta),overture:4ce1df24-1592-4180-9bee-f123d43ba532
arinhalalsushi@gmail.com,Arin,,Suan Luang District,Asian; Sushi,no,Low,1,,English/Latin-script name,,,openstreetmap,1,+66948055302,"1663 pattanakarn rd, khwaeng suan luang, khet suan luang",10250,overture (meta),overture:9efa38d0-787e-4b60-baf5-e06baabd2035
asmakbkk@gmail.com,Asmak Seafood restaurant,,Suan Luang District,Seafood,no,Low,1,,English/Latin-script name,,,openstreetmap,1,+66972299610,9 ถนน กําแพงเพชร 7,10250,overture (meta),overture:36488c6c-30ba-4fd5-ae70-d5d2fa407306
augustbakes.bkk@gmail.com,Augustbakes.bkk,,Suan Luang District,Bakery,no,Low,1,,English/Latin-script name,,,openstreetmap,1,,43 อ่อนนุช 17,10250,overture (meta),overture:e82c79d6-1181-4c2b-92c5-528785621065
praphat.romchan@gmail.com,B&G Restaurant and Bar,,Suan Luang District,Bar,no,Low,1,,English/Latin-script name,,,openstreetmap,1,+66934425198,919 On Nut 17 Alley,10250,overture (meta),overture:a768efb9-11fe-4a68-8154-2f4588c6fff7
nookanokwan.c@gmail.com,Baan Chiang Dao,,Suan Luang District,Asian; Thai,no,Low,1,,English/Latin-script name,,,openstreetmap,1,+66612652469,6 อ่อนนุช 46/1,10250,overture (meta),overture:bd2261b7-d71b-4625-9951-3c74a6ac3ede
baantonklacafe@gmail.com,Baantonkla Cafe,,Suan Luang District,Restaurant,no,Low,1,,English/Latin-script name,,,openstreetmap,1,+66902469119,"332, 2 Soi Srinagarindra 24",10250,overture (meta),overture:b642cda3-3390-4d87-8c6b-77f84aff8b8f
eggstationpat@gmail.com,Baboo Bear Milk Tea and Coffee Pattanakarn 38,,Suan Luang District,Cafe,no,Low,1,,English/Latin-script name,,,openstreetmap,1,+66819962940,38 พัฒนาการ,10250,overture (meta),overture:f7d6b8de-df9e-4cc4-b0a3-0d0b293c37b4
bakerxflorist@gmail.com,Baker X Florist,,Suan Luang District,Restaurant,no,Low,1,,English/Latin-script name,,,openstreetmap,1,+66646155624,66 อ่อนนุช 37,10250,overture (meta),overture:e4d3aa88-6d9e-4a86-8a97-0dbf70fa113f
asmiidoraman@gmail.com,Barakat Factory,,Suan Luang District,Halal,no,Low,1,,English/Latin-script name,,,openstreetmap,1,+66633861203,450 Tawanthong Cross Rd,10250,overture (meta),overture:3f806071-59c1-4fe3-99ee-4282e6246171
kinsencoffee99@gmail.com,Be Mood Corner,,Suan Luang District,Cafe,no,Low,1,,English/Latin-script name,,,openstreetmap,1,+66946717569,2543 Phatthanakan 49 Alley,10250,overture (meta),overture:e5dcfe5c-a2bd-4f05-b629-230880b9e0f4
begincafe@gmail.com,Begin Cafe',,Suan Luang District,Cafe,no,Low,1,,English/Latin-script name,,,openstreetmap,1,+66939244265,86 ถนน พัฒนาการ,10250,overture (meta),overture:773545ab-7e71-49d9-97b9-30ddf03e48dc
blablabla.bkk2023@gmail.com,BlaBlaBla Bangkok Cafe,,Suan Luang District,Restaurant,no,Low,1,,English/Latin-script name,,,openstreetmap,1,+66648393062,859 Sukhumvit 81 Alley,10250,overture (meta),overture:3c76aad2-2dae-4a0c-887a-0409df2a0996
blissfullcoffee@gmail.com,Blissfull Coffee Roasters,,Suan Luang District,Cafe,no,Low,1,,English/Latin-script name,,,openstreetmap,1,+66942653292,,,openstreetmap,https://www.openstreetmap.org/node/13343859601
boilscoutcoffee@gmail.com,Boilscout Coffee,,Suan Luang District,Cafe,no,Low,1,,English/Latin-script name,,,openstreetmap,1,+66919998266,2485 Phatthanakan Rd,10250,overture (meta),overture:a1823524-3c5c-4fd9-9209-9edf8166da29
grillgalbi@gmail.com,Bonsonggalbi,,Suan Luang District,Asian; Korean,no,Low,1,,English/Latin-script name,,,openstreetmap,1,+66619025456,28 แยก15 Seri 5 Alley,10250,overture (meta),overture:844f0f4d-ce1e-4948-a50f-2e20c2eadba3
bearscoutscoffeebar@gmail.com,Boonfah cafe,,Suan Luang District,Cafe,no,Low,1,,English/Latin-script name,,,openstreetmap,1,,,,overture (meta),overture:45216be3-0042-4ec3-8cf6-e105d1a34873
brewlabcafebkk@outlook.com,Brew Lab Coffee,,Suan Luang District,Cafe,no,Low,1,,English/Latin-script name,,,openstreetmap,1,+66841070710,4 Rama 9 Soi 41 Yak Soi 18 Suanluang,10250,overture (meta),overture:ef550d12-495d-4ce5-a134-136b2ce0f9d4
brewchip.co@gmail.com,brewchip,,Suan Luang District,Bar,no,Low,1,,English/Latin-script name,,,openstreetmap,1,+66971265526,4 ซอย 9,10250,overture (meta),overture:f25ae133-a61e-480a-8ab8-ad1630cb3877
bubbletreethailand@gmail.com,Bubble Tree,,Suan Luang District,Restaurant,no,Low,1,,English/Latin-script name,,,openstreetmap,1,+66820128111,"People Park Onnut, 486 On Nut Rd",10250,overture (meta),overture:6f559c3a-18ab-4e4a-99d9-f9fc6504322e
buddiescafe450@gmail.com,Buddies Cafe & Restaurant,,Suan Luang District,Restaurant,no,Low,1,,English/Latin-script name,,,openstreetmap,1,+66660278697,154 ถนน กําแพงเพชร 7,10250,overture (meta),overture:a992cc9d-dbfa-4da2-8687-7a43485e4f12
buyjai.home@gmail.com,BUYJAI.home,,Suan Luang District,Cafe,no,Low,1,,English/Latin-script name,,,openstreetmap,1,+66803562949,ตลาดรถไฟศรีนครินทร์ โกดัง7 ห้อง5 ,10250,overture (meta),overture:7d0b2d5c-2dbe-43f8-98dd-edc41000049f
arriya@samran.com,By Heart  - Gems & Coffee Jatujak Market,,Suan Luang District,Cafe,no,Low,1,,English/Latin-script name,,,openstreetmap,1,+66914546445,"Jatujak weekend market Section 23 Soi 32/1 Room No. 160 , 161",10900,overture (meta),overture:efb6cf8b-a5c2-432e-bcd5-aa602075b107
castellabkk@gmail.com,Castella Bakery & Cafe Bangkok,,Suan Luang District,Bakery,no,Low,1,,English/Latin-script name,,,openstreetmap,1,+66983831164,21/27 อ่อนนุช,10250,overture (meta),overture:51437376-af5f-498f-895c-ca179c4fc470
chinasharkfin@hotmail.com,China Shark Fin,,Suan Luang District,Asian; Chinese,no,Low,1,,English/Latin-script name,,,openstreetmap,1,+6623143001,"207, 209 Phatthanakan Rd",10250,overture (meta),overture:13c6586f-99c2-43e3-bc82-2fa29e74aab4
cccookingoffice@gmail.com,Cici’s Cafe,,Suan Luang District,Cafe,no,Low,1,,English/Latin-script name,,,openstreetmap,1,+66819148374,25 ถนน อ่อนนุช,10250,overture (meta),overture:0fb82e71-e8ab-4ca6-b272-3ccc72a8c4a7
yo_april@windowslive.com,Coffee  Pok Pok,,Suan Luang District,Cafe,no,Low,1,,English/Latin-script name,,,openstreetmap,1,+66972570250,678 ซอย สุขุมวิท 77,10250,overture (meta),overture:09954083-6a75-4433-805c-af221ace06df
coffeestoresltd@gmail.com,Coffee Stores,,Suan Luang District,Cafe,no,Low,1,,English/Latin-script name,,,openstreetmap,1,+66656692632,Pruksa Ave,10250,overture (meta),overture:53782305-7c38-4da2-b176-91d2d555bd08
oasischung1@gmail.com,Coffee Today,,Suan Luang District,Cafe,no,Low,1,,English/Latin-script name,https://coffeetoday-shop.com/,,openstreetmap,1,+66846456986,,,openstreetmap,https://www.openstreetmap.org/node/4683378651
jirachai82@gmail.com,Cony Coffee,,Suan Luang District,Cafe,no,Low,1,,English/Latin-script name,,,openstreetmap,1,+66952535522,91 On Nut 10 Alley,10250,overture (meta),overture:110bab4a-b544-434a-bbc0-ab40d326931b
howdytea.p@gmail.com,D&T​ Milk​ House​,,Suan Luang District,Cafe,no,Low,1,,English/Latin-script name,,,openstreetmap,1,+66812464624,2845 Phatthanakan Rd,10250,overture (meta),overture:487729bf-18e7-471b-b576-4318c5626648
deabarak@gmail.com,Da_mn cafe,,Suan Luang District,Cafe,no,Low,1,,English/Latin-script name,,,openstreetmap,1,+66909598276,7 ซอย รามคําแหง 5,10250,overture (meta),overture:d99b40be-0eb3-4c3e-b634-ede8d421b6a5
sirichai.ud@gmail.com,Dana Cafe',,Suan Luang District,Cafe,no,Low,1,,English/Latin-script name,,,openstreetmap,1,+66811321089,"ยู เอ็ม ทาวเวอร์, 9 ถนน รามคําแหง",10240,overture (meta),overture:20e95a13-3b13-45d9-afb4-56255f6a022b
daralyemen9184@gmail.com,Dar Al-Yemen Restaurant Bangkok,,Suan Luang District,Restaurant,no,Low,1,,English/Latin-script name,,,openstreetmap,1,+66999644402,,,openstreetmap,https://www.openstreetmap.org/node/12580961902
darinkorean@gmail.com,Darin korean fusion,,Suan Luang District,Asian; Korean,no,Low,1,,English/Latin-script name,,,openstreetmap,1,+66970023705,รามคำแหง 24,10250,overture (meta),overture:6ba4ced8-7999-4b06-b0be-1911d2699bbd
daristacafe@gmail.com,Darista Cafe,,Suan Luang District,Cafe,no,Low,1,,English/Latin-script name,,,openstreetmap,1,+66922575155,738 738/1 Phatthanakan Rd,10250,overture (meta),overture:91738140-526a-49d1-859e-136cba614cd8
daynnightcafebkk@gmail.com,Day & Night cafe,,Suan Luang District,Cafe,no,Low,1,,English/Latin-script name,,,openstreetmap,1,,591 Rama IX Rd,10250,overture (meta),overture:511f6544-30ff-4ea2-8900-2004e4424e4d
dayhome68@gmail.com,Day home,,Suan Luang District,Bakery,no,Low,1,,English/Latin-script name,https://lin.ee/7eg9lZd,,openstreetmap,1,+66826508300,477 พัฒนาการ 30,10250,overture (meta),overture:a7f059ee-b291-4116-8de5-5d20ff398bb0
anda.amazon@gmail.com,Deano cafe’ halal,,Suan Luang District,Halal,no,Low,1,,English/Latin-script name,,,openstreetmap,1,+66812571264,2/2 รามคําแหง 4,10250,overture (meta),overture:1a4af677-cef0-4218-8ea8-84d376bd9cb7
fbgroup-bangkok@muuhotels.com,Desi Lounge,,Suan Luang District,Restaurant,no,Low,1,Local,English/Latin-script name,https://muuhotels.com/dines/lasala-di-otto/,,openstreetmap,1,+6620909000,9 ซอย 2,10251,overture (meta),overture:26fe7ec0-8c19-4b68-9500-e9c11fd510ed
errzeeds@hotmail.com,E Y Cafe’ X Studio,,Suan Luang District,Restaurant,no,Low,1,,English/Latin-script name,,,openstreetmap,1,+66955980178,เสรี 9,10250,overture (meta),overture:302f5bc6-36fa-4257-ba5e-63301caeceb1
ensoul.bkk@gmail.com,Ensoul Cafe,,Suan Luang District,Cafe,no,Low,1,,English/Latin-script name,,,openstreetmap,1,+66951657447,"1144, 34 Soi Muban Panya",10250,overture (meta),overture:17626868-bd11-4636-ba39-2e742e859e5a
feastmondaybkk@gmail.com,Feast Monday,,Suan Luang District,Cafe,no,Low,1,,English/Latin-script name,,,openstreetmap,1,+66957609996,44 Rama IX Soi 55,10250,overture (meta),overture:fe7e19ca-3fb3-40ba-86fe-5ec177bbc69e
fifty.two.coffee@gmail.com,Fifty.two.coffee,,Suan Luang District,Cafe,no,Low,1,,English/Latin-script name,,,openstreetmap,1,+66968465950,"17 Yak 5-2, Chalermprakiet Ror.9 Soi 28",10250,overture (meta),overture:5ec453ef-93f3-425f-a481-7da2766881da
rosemaria.27042549@gmail.com,Fire&Beef,,Suan Luang District,Asian; Korean,no,Low,1,Local,English/Latin-script name,https://wongn.ai/ehuhz,support@lmwn.com; pr@lmwn.com,openstreetmap,1,+66803508253,,,overture (meta),overture:9c9c1ada-0229-4858-b69f-efc044b706be
brown.bake@outlook.com,Fordeara Brown Cafe,,Suan Luang District,Bakery,no,Low,1,,English/Latin-script name,,,openstreetmap,1,+66958899669,73/3 ราชพฤกษ์,11000,overture (meta),overture:8a4e604c-77b9-4603-abdf-6f6b342ffc3f
fruzi.thailand@gmail.com,Fruzi Slush&Smoothie,,Suan Luang District,Restaurant,no,Low,1,,English/Latin-script name,,,openstreetmap,1,+66642546259,"1400, 001 Ramkhamhaeng Rd",10250,overture (meta),overture:09ed09f4-7f2c-4322-a8a1-16f927b2bdea
fusioncafejohn@gmail.com,Fusion Cafe John,,Suan Luang District,Restaurant,no,Low,1,,English/Latin-script name,,,openstreetmap,1,+6623005830,27 Rama 9 Soi 43,10250,overture (meta),overture:530faed9-6844-40d1-be76-5ddde0290d59
sevenging@hotmail.com,Good Coffee Craft,,Suan Luang District,Cafe,no,Low,1,,English/Latin-script name,,,openstreetmap,1,+66853488884,601 Soi On Nut 44,10250,overture (meta),overture:491a3586-eb9b-45fe-9d2c-83a2b04118e6
goodlove77621@gmail.com,Good Love : Healthy and Happy,,Suan Luang District,Cafe,no,Low,1,,English/Latin-script name,,,openstreetmap,1,+66929950294,776 ถนน พัฒนาการ,10250,overture (meta),overture:daf5ff7c-c9e7-4416-9c27-094d4893d881
gooseberrycoffee.rama9@gmail.com,Gooseberry Coffee,,Suan Luang District,Cafe,no,Low,1,,English/Latin-script name,,,openstreetmap,1,+66800899091,98 Itsara Chai Alley,10240,overture (meta),overture:e4f22599-de64-4101-a625-84dddd8170d1
grandmascoffeebar@gmail.com,Grandma's coffee bar,,Suan Luang District,Cafe,no,Low,1,,English/Latin-script name,,,openstreetmap,1,+66859044951,"1848 onnut road, suanluang District",10250,overture (meta),overture:e7786f87-5cc5-41c8-be60-92d36601c3ae
pilailove_222@outlook.com,Green light cafe,,Suan Luang District,Cafe,no,Low,1,,English/Latin-script name,,,openstreetmap,1,,Bliz condo,10250,overture (meta),overture:92e76358-cb9c-4f3f-90ac-16d0a2314586
grilldonthailand@gmail.com,Grill Don I グリル丼,,Suan Luang District,Asian; Japanese,no,Low,1,,English/Latin-script name,,,openstreetmap,1,+66809583578,,,overture (meta),overture:df732fe7-7b84-4023-8184-3bd6a6c7679b
mujahid2745@gmail.com,Halal Craft,,Suan Luang District,Halal,no,Low,1,,English/Latin-script name,,,openstreetmap,1,+66644100652,ถนน เรียบทางรถไฟ,10250,overture (meta),overture:447605c8-9be8-44a7-8c6f-6e06e39b0a23
halalhubcafe25@gmail.com,Halal Hub,,Suan Luang District,Halal,no,Low,1,,English/Latin-script name,,,openstreetmap,1,+66811605848,30 ซอย รามคำแหง 24,10240,overture (meta),overture:59c11273-7b4f-485c-9523-9a4b650775fa
ss_butterfly1@hotmail.com,Halwa Ice cream,,Suan Luang District,Ice cream,no,Low,1,,English/Latin-script name,,,openstreetmap,1,+66890155153,ตึกสุขโสม Ramkhamhaeng 5 Alley,10250,overture (meta),overture:df1fa9f0-937e-4c76-98b6-cd3b3fb83367
hermiebkk.contact@gmail.com,Hermie Bake and Crafts,,Suan Luang District,Bakery,no,Low,1,,English/Latin-script name,,,openstreetmap,1,,417 Rama IX Soi 51,10250,overture (meta),overture:36d240f2-1deb-4aba-a1da-9c3f347f8734
donuttaro@gmail.com,HeyTaro,,Suan Luang District,Asian; Japanese,no,Low,1,,English/Latin-script name,,,openstreetmap,1,+66942916428,3 พระราม 9 ซอย 41,10251,overture (meta),overture:4b265941-b0a6-4498-b24c-423da34ea530
hiyakuthonglor@gmail.com,Hiyaku - Marché Thonglor,,Suan Luang District,Restaurant,no,Low,1,,English/Latin-script name,,,openstreetmap,1,+6621250310,144 สุขุมวิท 55,10110,overture (meta),overture:d981e486-4219-4df7-bc53-347b0eb5328d
home.matchahouse@gmail.com,HOME.matcha,,Suan Luang District,Restaurant,no,Low,1,,English/Latin-script name,,,openstreetmap,1,+66824146989,12 Soi 21,10250,overture (meta),overture:2b81a5b4-2156-42e7-9e7e-f166dddd7348
hopchafe46@gmail.com,Hop Chafe,,Suan Luang District,Cafe,no,Low,1,,English/Latin-script name,https://www.wongnai.com/delivery/businesses/1491032gk/order?af_channel=7f318db47127b174182133c1a30f3b46&af_force_deeplink=true&c=share_link&pid=lineman_app,,openstreetmap,1,+66849732005,892 Soi On Nut 46,10250,overture (meta),overture:28a8b494-3aa3-45ba-80cd-dcacbafbca1c
hormtea2565@gmail.com,Horm Tea Experience,,Suan Luang District,Restaurant,no,Low,1,,English/Latin-script name,,,openstreetmap,1,+66847654948,22 ซ.อ่อนนุช 17 แยก 1,10250,overture (meta),overture:69232b75-294a-44fd-b0e3-a89ff44a9852
toommagon@gmail.com,It's coffee time,,Suan Luang District,Cafe,no,Low,1,Local,English/Latin-script name,https://wongn.ai/21QAZ3,support@lmwn.com; pr@lmwn.com,openstreetmap,1,+66645986956,67 3 On Nut 7 Alley,10250,overture (meta),overture:3baf9c71-0977-4027-b4da-fbc15640bc9e
kabocha.mkt@gmail.com,Kabocha Sushi,,Suan Luang District,Asian; Sushi,no,Low,1,,English/Latin-script name,http://www.kabochasushi.com/,,openstreetmap,1,+66999325258,987 Rama IX Rd,10250,overture (meta),overture:265eb12c-ba73-457b-8f41-ecbf14e4ecc7
boss_thestud@hotmail.com,Kafe' retro,,Suan Luang District,Cafe,no,Low,1,,English/Latin-script name,,,openstreetmap,1,+66633394269,Pickadaily Bangkok,10250,overture (meta),overture:1605cff6-eac9-4355-b23b-a1c41e1f7447
happy_kihyoe@hotmail.com,Kihyoe,,Suan Luang District,Asian; Japanese,no,Low,1,,English/Latin-script name,,,openstreetmap,1,+66823432886,2577 Phatthanakan Rd,10250,overture (meta),overture:f19a4028-527e-459f-ba68-4ca0add9157a
kinhouse129@gmail.com,Kin house,,Suan Luang District,Cafe,no,Low,1,,English/Latin-script name,,,openstreetmap,1,,"เลขที่ 129, หมู่บ้าน เสรี 5, ซอย พระรามเก้า 41, แขวงสวนหลวง, เขตสวนหลวง แขวงสวนหลวง เขตสวนหลวง",10250,overture (meta),overture:4dec9ca6-457b-4f43-8d21-beab555fb25c
aunanong3654@gmail.com,Klongton BOY,,Suan Luang District,Cafe,no,Low,1,,English/Latin-script name,,,openstreetmap,1,+66617518686,59 รามคําแหง 4,10250,overture (meta),overture:43eea418-b5f0-410b-bd27-3b3427b5cec7
kokomarybkk@gmail.com,Kokomarybkk (Please Reservation Only),,Suan Luang District,Cafe,no,Low,1,,English/Latin-script name,,,openstreetmap,1,+66971474719,1395 On Nut Rd,10250,overture (meta),overture:3968df9c-6013-4015-b52b-b37dc54b8f30
kongwuihk@gmail.com,Kong Wui Hong Kong Restaurant,,Suan Luang District,Asian; Chinese,no,Low,1,,English/Latin-script name,,,openstreetmap,1,+66652362168,776/7 Soi Phatthanakan 44,10250,overture (meta),overture:a01b6da4-8bb2-4e03-99ff-d5f0211a85a7
tomoroothailand@gmail.com,Kopang Bakery by Tomoroo,,Suan Luang District,Bakery,no,Low,1,,English/Latin-script name,,,openstreetmap,1,+66909935331,486 On Nut Rd,10250,overture (meta),overture:21edcd8c-a76e-425f-8eca-a4580b6c06a6
kt_marketing@kornthai.com,"Korn Thai Co., Ltd.",,Suan Luang District,Restaurant,no,Low,1,,English/Latin-script name,,,openstreetmap,1,+6623193455,แยกคลองตัน,10250,overture (meta),overture:0186df3b-1a89-4ba8-9585-defafd70c7ac
beverman@hotmail.com,Kulcha Premium Coffee and Tea,,Suan Luang District,Cafe,no,Low,1,,English/Latin-script name,,,openstreetmap,1,+66624628982,23 ซอย Rama IX Soi 41,10250,overture (meta),overture:88c263b6-f55e-4417-9c9a-0501fe542e9e
satitgeem@gmail.com,Lek&Lek Restaurant,,Suan Luang District,Asian; Thai,no,Low,1,,English/Latin-script name,,,openstreetmap,1,+66853366685,Onnuch41,10250,overture (meta),overture:31a38c19-6790-4504-9a28-ac2dde83aea0
marketing.littleyangon@gmail.com,Little Yangon Tea House,,Suan Luang District,Asian,no,Low,1,,English/Latin-script name,,,openstreetmap,1,+66945963602,919 On Nut 17 Alley,10250,overture (meta),overture:690d0f6e-8ff3-4287-9823-9d17b106c184
k0890513264@gmail.com,Love & Care Ikhwan Restaurant,,Suan Luang District,Restaurant,no,Low,1,,English/Latin-script name,,,openstreetmap,1,+66890513264,4 Phatthanakan 54 Alley,10250,overture (meta),overture:d8dab973-d8c2-407e-88af-1f606df063a5
lovemeateatme@gmail.com,love meat eat me,,Suan Luang District,Restaurant,no,Low,1,,English/Latin-script name,,,openstreetmap,1,+66863061264,38 พัฒนาการ,10250,overture (meta),overture:701858d7-8486-4a72-a177-64cecaceaae5
lullabrew@gmail.com,Lullabrew,,Suan Luang District,Cafe,no,Low,1,,English/Latin-script name,,,openstreetmap,1,+66917761860,61 On Nut 62 Alley,10250,overture (meta),overture:388b2a1b-dd89-40d1-a927-a2cab3bfda33
mamastationcraft@gmail.com,Mamastation Craft,,Suan Luang District,Restaurant,no,Low,1,,English/Latin-script name,,,openstreetmap,1,+66622411094,โครงการพัฒน์มาร์เกต 2845 Phatthanakan Rd,10250,overture (meta),overture:e396fd63-340c-4ca8-877f-b2a871261cac
omakasemaneku168@gmail.com,Maneku Omakase,,Suan Luang District,Asian; Japanese,no,Low,1,,English/Latin-script name,,,openstreetmap,1,+66978417777,732 Phatthanakan 20,10250,overture (meta),overture:a4edac75-72b8-4be6-b1a9-8880825e66ae
marblecafe17@gmail.com,Marble Café,,Suan Luang District,Cafe,no,Low,1,,English/Latin-script name,,,openstreetmap,1,+6627204732,566 Srinagarindra Rd,10250,overture (meta),overture:5e8f994a-871f-4fb9-b55b-c816825c6240
maronetfriends@gmail.com,Maron Bakehouse,,Suan Luang District,Bakery,no,Low,1,,English/Latin-script name,,,openstreetmap,1,+66812741621,1601 On Nut 31/2 Alley,10250,overture (meta),overture:accc84c3-a34f-4e9c-974c-9ca205dcef0a
mhala.barber@gmail.com,Mhala.Barber,,Suan Luang District,Restaurant,no,Low,1,,English/Latin-script name,https://heylink.me/Mhala.Barber/,,openstreetmap,1,+66964925269,1236 Sukhumvit 71 Rd,10250,overture (meta),overture:4f36c071-4477-4a7b-acd7-1d929375fac6
info@cafemikka.com,Mikka Coffee Roasters,,Suan Luang District,Cafe,no,Low,1,,English/Latin-script name,https://cafemikka.com/,,openstreetmap,1,+66968199242,1319 Phatthanakan 25,10250,overture (meta),overture:9c10ba80-b5ee-4a34-bff0-fe1a0e735079
wemisssaigon@gmail.com,Miss Saigon People Park On Nut,,Suan Luang District,Asian,no,Low,1,,English/Latin-script name,,,openstreetmap,1,+66952515108,467 ซอย ชินมาศ,10250,overture (meta),overture:ae8eb7cc-ec77-4568-a254-07cd4c5bdf7b
talk.to.mixup@gmail.com,Mix UP cafe and dessert,,Suan Luang District,Cafe,no,Low,1,,English/Latin-script name,,,openstreetmap,1,+66931241983,"525 ซอยพระรามเก้า51, Soi 6",10250,overture (meta),overture:9c750b6a-40bc-46d4-9544-ec995836fe6a
chutima.maiw@gmail.com,Mixue People Park Onnut,,Suan Luang District,Ice cream,no,Low,1,,English/Latin-script name,,,openstreetmap,1,+66989680977,"486 People Park Building, room no KA1-1, On Nut Rd",10250,overture (meta),overture:e5190b05-0cfd-4f32-a31d-b9e8b98b114a
monacoclubbkk@gmail.com,Monaco Prestige Club,,Suan Luang District,Bar,no,Low,1,,English/Latin-script name,,,openstreetmap,1,+66877918888,9/9 โครงการนาซ่าสตรีท ชั้น 3 Ramkhamhaeng Rd,10250,overture (meta),overture:a46bc58f-1313-46d0-9780-258766e39235
159.pattanakarn34@gmail.com,Moo Moo Hut,,Suan Luang District,Restaurant,no,Low,1,,English/Latin-script name,,,openstreetmap,1,,1376 ถนน พัฒนาการ,10250,overture (meta),overture:963f9d11-7011-4b8e-8ea9-955cb08d78a1
vintageshowcase51@gmail.com,Museum Cafe and Vintage Showcase,,Suan Luang District,Cafe,no,Low,1,,English/Latin-script name,,,openstreetmap,1,+66993329496,"1153, 1155 Pattanakarn Road",10270,overture (meta),overture:b40fb9a4-971a-4090-98d9-d4a9b550c37c
minemi05lpn@gmail.com,My Chef Cafe,,Suan Luang District,Cafe,no,Low,1,,English/Latin-script name,,,openstreetmap,1,+66994416525,Rama IX Soi 51,10250,overture (meta),overture:3ff49449-08f0-4339-b39a-bf3df8178a6e
myrest291118@gmail.com,My Rest,,Suan Luang District,Cafe,no,Low,1,,English/Latin-script name,,,openstreetmap,1,+66972329501,186 ซอย รามคําแหง,10510,overture (meta),overture:9ad9216b-795c-4c1b-b0a5-c1064bac12de
nagoyaizakaya@gmail.com,Nagoya Izakaya,,Suan Luang District,Asian; Japanese,no,Low,1,,English/Latin-script name,,,openstreetmap,1,+66952516896,1864 Phatthanakan Rd,10250,overture (meta),overture:db45f6af-9b85-4ba2-9094-df5aa5287a71
nans.cafethailand@gmail.com,Nan's Cafe,,Suan Luang District,Cafe,no,Low,1,,English/Latin-script name,,,openstreetmap,1,+66820727799,9 Soi 15,10250,overture (meta),overture:f2ed994d-85f9-40e5-8283-7aa46879c61e
nawacoffee54@gmail.com,Nawa Coffee,,Suan Luang District,Cafe,no,Low,1,,English/Latin-script name,,,openstreetmap,1,+66834300011,"79, F1 Phatthanakan 54 Alley",10250,overture (meta),overture:69737457-bdeb-4efa-b9fc-67b04832c7dd
nenjp.rama9@gmail.com,Nen (念) Rama 9 - Modern Japanese Homecook,,Suan Luang District,Asian; Japanese,no,Low,1,,English/Latin-script name,,,openstreetmap,1,+66817954795,23 Rama 9 Soi 41,10250,overture (meta),overture:0cae3790-1063-4ec4-972e-03361914b2e6
newnamaste88@gmail.com,New Namaste Indian Restaurant,,Suan Luang District,Indian,no,Low,1,,English/Latin-script name,,,openstreetmap,1,+66654149181,709/11ถนนสุขุมวิก77ซอยอ่อนนุช7/1เขตสวนหลวง แขวงสวนหลวง สวนหลวง กรุงเทพมหานคร 10250,10205,overture (meta),overture:1bc7e637-6ac0-4bfb-89d1-6d3727e047fb
notanartistudio@gmail.com,Not an Artist,,Suan Luang District,Cafe,no,Low,1,,English/Latin-script name,,,openstreetmap,1,+66988592288,47/7 ถนน พระรามที่ 9,10250,overture (meta),overture:409db4e3-08c8-43d4-afe8-bf8b52e1f330
chatgointer@hotmail.com,Oasis Phatthanakan 53,,Suan Luang District,Restaurant,no,Low,1,,English/Latin-script name,http://www.oasispattanakarn53.com/,,openstreetmap,1,+66982592992,358 ถนน พัฒนาการ,10250,overture (meta),overture:689650cb-5037-4071-bb7d-d994cb812cbd
drinkingculture.bkk@gmail.com,Obsession.Bkk,,Suan Luang District,Restaurant,no,Low,1,,English/Latin-script name,,,openstreetmap,1,+66619193664,3 พหลโยธิน 3,10400,overture (meta),overture:a4cddd13-b855-4286-b0a2-e82dedbd5fab
onzonesanhalal@gmail.com,Onzon Halal Restaurant,,Suan Luang District,Halal,no,Low,1,,English/Latin-script name,,,openstreetmap,1,+6620231216,"ห้องเลขที่ 7/2, โครงการสถานีพัฒน์, 25 Kamphaeng Phet 7 Rd",10250,overture (meta),overture:ffcb394b-380d-477f-a9b9-342b6a051194
origamiplanb@gmail.com,Origami Japanese Restaurant (Halal),,Suan Luang District,Asian; Halal; Japanese,no,Low,1,,English/Latin-script name,,,openstreetmap,1,+66972071007,2661 Phatthanakan Rd,10250,overture (meta),overture:b9690666-8e56-430e-92fa-4d0ed18678f7
pmycoffee@gmail.com,P Coffee,,Suan Luang District,Cafe,no,Low,1,,English/Latin-script name,,,openstreetmap,1,+66614524429,อ่อนนุช 10,10250,overture (meta),overture:60e5a414-fe6c-4f4b-a44f-33f53951b9ba
pokavadi@gmail.com,Pokavadi Coffee and Bar,,Suan Luang District,Cafe,no,Low,1,,English/Latin-script name,,,openstreetmap,1,+66926992661,"1748 Debharat road, Bangna Trad-Srinakarin",10260,overture (meta),overture:18f4e23e-db55-42b4-b8eb-26ddb3829222
quicksfeast@gmail.com,Quick’s feast,,Suan Luang District,Restaurant,no,Low,1,,English/Latin-script name,,,openstreetmap,1,+66869259656,359 Phatthanakan 32,10250,overture (meta),overture:5c7cf387-a2a6-476b-b630-26cd27366ef8
raitabkk@gmail.com,Raita Indian Cuisine,,Suan Luang District,Indian,no,Low,1,,English/Latin-script name,,,openstreetmap,1,+66650092212,"1144/10-11, Phatthanakan 30",10250,overture (meta),overture:8d78f0e5-3ee2-4124-a253-d1c87a4f180b
revcraftfe@gmail.com,REV CraftFe',,Suan Luang District,Cafe,no,Low,1,,English/Latin-script name,,,openstreetmap,1,+66825542464,181 Phatthanakan 32,10250,overture (meta),overture:12a44d8f-cd24-457c-8424-7cc71f56aeda
richerbetter.cafe@gmail.com,Richer Better Cafe,,Suan Luang District,Cafe,no,Low,1,,English/Latin-script name,,,openstreetmap,1,+66655134471,Richer Better Cafe,10250,overture (meta),overture:ba1a87e8-2688-4b91-a19c-53bc06c08ca0
safarigardencafe@gmail.com,Safari Garden Playground and Cafe,,Suan Luang District,Cafe,no,Low,1,,English/Latin-script name,,,openstreetmap,1,+66971934861,430 On Nut Rd,10250,overture (meta),overture:d4e76d1c-529c-4b4f-8129-7fa4a86f1e98
agokids21@hotmail.com,Salada Salad Halal,,Suan Luang District,Halal,no,Low,1,,English/Latin-script name,,,openstreetmap,1,+66853200707,20 On Nut 43 Alley,10250,overture (meta),overture:c1918f6c-eed4-4f64-b2e4-00ee4e7569b1
mr.kittipongmcafee@gmail.com,Samanong,,Suan Luang District,Asian; Thai,no,Low,1,,English/Latin-script name,,,openstreetmap,1,+66896609333,17 พัฒนาการ 13,10250,overture (meta),overture:9bb3ebcb-6ab6-447c-a1d6-6ebf1231b6cc
b.thongjun@hotmail.com,Sanchez Tea Coffee Bar.,,Suan Luang District,Cafe,no,Low,1,,English/Latin-script name,,,openstreetmap,1,+66858248240,7 ถนน กําแพงเพชร,10900,overture (meta),overture:3b2627e7-d533-4529-b6a6-e855da4e37fa
7rabbitscoffee@gmail.com,Seven Rabbit Gelato . Matcha . Coffee,,Suan Luang District,Ice cream,no,Low,1,,English/Latin-script name,,,openstreetmap,1,+66873845843,280 Phatthanakan 53,10250,overture (meta),overture:10388fa3-8c43-4365-9904-c75ac3c4ed37
shabu1bkk@hotmail.com,Shabu One,,Suan Luang District,Asian; Japanese,no,Low,1,,English/Latin-script name,,,openstreetmap,1,+6620567895,999/4 เดอะไนน์ ชั้น 2 อาคาร E โซนลานไนน์สแควร์ Rama IX Rd,10250,overture (meta),overture:a532704a-63d1-4d77-950f-35b9eb78feb5
shabuox@gmail.com,Shabu Ox & Ox Grill halal,,Suan Luang District,Halal,no,Low,1,,English/Latin-script name,,,openstreetmap,1,+66656036556,292/1 Phatthanakan 30,10250,overture (meta),overture:f98a0be8-6014-4062-b47c-420a8b5bd2ce
rakuen.shabubuffet@gmail.com,Shabu Rakuen,,Suan Luang District,Restaurant,no,Low,1,,English/Latin-script name,,,openstreetmap,1,+66929546545,ถนนศรีนครินทร์,10250,overture (meta),overture:00710e3c-9170-47be-a2ec-49dbbe0a5ce8
shabuya2015@gmail.com,Shabu Ya,,Suan Luang District,Restaurant,no,Low,1,,English/Latin-script name,,,openstreetmap,1,+66864148696,Phatthanakan 25,10250,overture (meta),overture:181feda4-0b93-4210-9ab0-f4a932581541
shinkanzen.tn9@thefoodselection.co.th,Shinkanzen Sushi The Nine Rama 9,,Suan Luang District,Asian; Japanese; Sushi,no,Low,1,,English/Latin-script name,,,openstreetmap,1,+66655172265,สวนหลวง,,overture (meta),overture:15b399e1-a184-4d75-b9ec-c312f11a71fe
kwak740820@naver.com,Shintok Bangkok,,Suan Luang District,Asian; Korean,no,Low,1,,English/Latin-script name,,,openstreetmap,1,+66944382255,49 Soi Phatthanakan 44,10250,overture (meta),overture:6dc70f47-0057-4259-9b49-7aed5853a4a4
shirosushisuki@gmail.com,Shiro Sushi & Suki House,,Suan Luang District,Asian; Japanese; Sushi,no,Low,1,,English/Latin-script name,,,openstreetmap,1,+66918789689,"776/23, 44 Soi Phatthanakan 44",10250,overture (meta),overture:615d1eea-dd15-402d-9a50-1aa4e2cdac8d
shousushi.th@gmail.com,ShouSushi,,Suan Luang District,Asian; Japanese; Sushi,no,Low,1,,English/Latin-script name,,,openstreetmap,1,+66944734007,"1144/49-50, 30 Phatthanakan Rd",10250,overture (meta),overture:3b21b5b4-6eb3-47a9-bb60-6ea2aa652990
shwenayardistributionth@gmail.com,Shwe Nayar Thailand,,Suan Luang District,Cafe,no,Low,1,,English/Latin-script name,https://line.me/R/ti/p/@259oezlc,,openstreetmap,1,+66824462109,"1000, 14 Soi On Nut 30, Suan Luang",10250,overture (meta),overture:916ba875-40dc-48fd-a72c-ea6fcd864f78
simplecoffeesimplelife@gmail.com,Simple Life,,Suan Luang District,Cafe,no,Low,1,,English/Latin-script name,,,openstreetmap,1,+66828997790,S1 Condo Seri 5 Alley,10250,overture (meta),overture:a72f0bdf-0809-4910-856c-fb047bc2747f
sincerecafe2016@gmail.com,Sincere Cafe,,Suan Luang District,Cafe,no,Low,1,,English/Latin-script name,,,openstreetmap,1,+66818985599,2 พระรามเก้าซอย46 Rama IX Rd,10250,overture (meta),overture:8a49d974-3376-4863-8df1-707a89932634
sittochaonnut17@gmail.com,Sitto Cha,,Suan Luang District,Restaurant,no,Low,1,,English/Latin-script name,,,openstreetmap,1,+66815818017,"716, 718 On Nut 17 Alley",10250,overture (meta),overture:c7e7e7f3-164a-49eb-963b-984a1e222728
narin98669866@gmail.com,Sixty-six Specialty Coffee,,Suan Luang District,Cafe,no,Low,1,,English/Latin-script name,,,openstreetmap,1,+66926684063,หมู่บ้านพฤกษาวิลล์ 73 Phatanakarn 38,10250,overture (meta),overture:3412f9e4-3d59-4f9b-8aa3-fbcc38eadb58
puritum1984@gmail.com,Smoke Me,,Suan Luang District,Restaurant,no,Low,1,,English/Latin-script name,,,openstreetmap,1,+66803944949,3 Rama IX Soi 41,10250,overture (meta),overture:0199442c-b210-4189-b4d7-39f2b2d9969c
maxybaby21@gmail.com,Somewhere HOME CAFE,,Suan Luang District,Cafe,no,Low,1,,English/Latin-script name,,,openstreetmap,1,+66847339669,"Somewhere Home Cafe, 48-50 ซอยอ่อนนุช 17 แยก 9",10250,overture (meta),overture:05c4d3bf-8183-4257-bd62-856b5b3b047b
songpeenong.halalfood@gmail.com,Songpeenong Halal Food,,Suan Luang District,Halal,no,Low,1,,English/Latin-script name,,,openstreetmap,1,+66815619075,182 Ramkhamhaeng 3/1 Alley,10250,overture (meta),overture:5946e1cf-9699-4929-b1af-2c05bf5509e3
soofuhotpot.thailand@gmail.com,Soofu Hotpot,,Suan Luang District,Restaurant,no,Low,1,,English/Latin-script name,,,openstreetmap,1,+66985517117,เลขที่ 999 999/1-4 Rama IX Soi 41,10250,overture (meta),overture:3ec8a813-797a-435f-89ca-9c13f1b17dd1
soscoffeebar19@gmail.com,SOS Coffee Bar,,Suan Luang District,Restaurant,no,Low,1,,English/Latin-script name,,,openstreetmap,1,+66914604444,SOS Coffee Bar  ถ. ศรีนครินทร์ แขวงสวนหลวง เขตสวนหลวง กรุงเทพมหานคร 10230,10230,overture (meta),overture:34fe68ac-10e2-4092-ac9e-18f8d893c3c2
14511@coffee-concepts.co.th,Starbucks,,Suan Luang District,Cafe,no,Low,1,,English/Latin-script name,https://starbucks.co.th/,,openstreetmap,1,,,,overture (AllThePlaces),overture:085e15f2-a4d0-4b10-9cc7-b0c035138f50
oasis.bar.restaurant.th@gmail.com,Station 77 - Myanmar Restaurant,,Suan Luang District,Restaurant,no,Low,1,,English/Latin-script name,,,openstreetmap,1,+66936042901,"1069, 1071, 1073 Onnut Road, Suanluang Sub-District, Suanluang District, Bangkok, Thailand.",10250,overture (meta),overture:46efc515-b6b6-40e8-a559-ed2ed3462d89
rsvn@surestayplusramkhamhaeng.com,SureStay Plus by Best Western Ramkhamhaeng Airport Rail Link Bangkok,,Suan Luang District,Bar,no,Low,1,,English/Latin-script name,https://www.bestwestern.co.uk/hotels/surestay-plus-by-ramkhamhaeng-airport-rail-link-bangkok-99942,,openstreetmap,1,+6620201899,5 ถนน รามคําแหง,10250,overture (meta),overture:5ab3e361-2540-4884-a14d-b4ff471ba5b3
seafoodexpress2019@gmail.com,SURF by Seafood Express,,Suan Luang District,Seafood,no,Low,1,,English/Latin-script name,http://www.theseafoodexpress.com/,,openstreetmap,1,+66957789000,เลขที่ 5 Rama IX Soi 41,10250,overture (meta),overture:0230d2f5-e129-4171-bf17-f7397465a129
sweetday.bkk@gmail.com,Sweet Day Dessert Cafe,,Suan Luang District,Cafe,no,Low,1,,English/Latin-script name,,,openstreetmap,1,+66942296198,"776/34 The Connect, Patthanakarn 38, Pattanakarn Rd",10250,overture (meta),overture:0473d465-db0b-4fc6-9047-ba122151b395
phia.2529@gmail.com,Sweethana Cafe,,Suan Luang District,Cafe,no,Low,1,,English/Latin-script name,https://wongn.ai/2zu6m,,openstreetmap,1,+66916988983,50 Soi On Nut 66,10250,overture (meta),overture:003f6846-3b8d-46e6-9536-1514223ed880
nitiphong45@gmail.com,Taisoi Kitchen,,Suan Luang District,Restaurant,no,Low,1,,English/Latin-script name,,,openstreetmap,1,+6627172737,259/3 Phatthanakan 1 Alley,10250,overture (meta),overture:bdc06f6e-67b9-43c8-b29c-155ef899e731
sbm789@hotmail.com,Take Home Dimsum,,Suan Luang District,Asian; Chinese,no,Low,1,Local,English/Latin-script name,https://www.wongnai.com/r/413495PM,comely446@gmail.com; poonyduckfixed@gmail.com; traitit1990@gmail.com; muxnielza89@gmail.com,venue website,1,+66816115481,1184 5 Pridi Banomyong 50 Alley,10250,overture (meta),overture:ae0ce868-87f8-4f26-a119-562723c6724e
tanuki.exp@gmail.com,Tanuki Donburi,,Suan Luang District,Asian; Japanese,no,Low,1,,English/Latin-script name,,,openstreetmap,1,+66800720647,4 ถนน อิสรภาพ,10600,overture (meta),overture:dbb55a12-c424-4991-8f2d-a04026155c00
shanshanyn@gmail.com,Tea Dee,,Suan Luang District,Restaurant,no,Low,1,,English/Latin-script name,,,openstreetmap,1,+66818453945,"735, 735/1-8 Srinagarindra Rd",10250,overture (meta),overture:d67f042a-1b0f-4811-8281-c6989f8094aa
tenderloins3030@gmail.com,Tenderloins30,,Suan Luang District,Restaurant,no,Low,1,,English/Latin-script name,,,openstreetmap,1,+6623185993,8 ซอย 7,10251,overture (meta),overture:a7760e47-0017-4cc9-bc99-ad6b6d686218
theblackwingedcoffee@gmail.com,The Blackwinged Coffee,,Suan Luang District,Cafe,no,Low,1,,English/Latin-script name,,,openstreetmap,1,+66917970190,74/1 Soi Phatthanakan 13,10250,overture (meta),overture:397ada2c-f15b-41b5-9af7-149531449394
the.coffeeville.2022@gmail.com,The Coffee Ville,,Suan Luang District,Cafe,no,Low,1,,English/Latin-script name,,,openstreetmap,1,+66936974741,10 พัฒนาการ 38,10250,overture (meta),overture:72f266d9-96ec-4c59-b6bc-efa343486e4f
hauntedbarbkk@gmail.com,The Haunted bar,,Suan Luang District,Bar,no,Low,1,,English/Latin-script name,,,openstreetmap,1,+66809790852,621 Sukhumvit 81 Alley,10250,overture (meta),overture:ca29d4ea-b174-41b6-a2f4-bac861bb1912
marketing.socialhouse.bkk@gmail.com,The Social House,,Suan Luang District,Bar,no,Low,1,,English/Latin-script name,,,openstreetmap,1,+66948274195,937 อ่อนนุช,10250,overture (meta),overture:a0b74e78-8490-4a99-8a11-7b0ec1ed9f59
threep30@gmail.com,Three P,,Suan Luang District,Cafe,no,Low,1,,English/Latin-script name,,,openstreetmap,1,+66908862319,615 Soi On Nut 30,10250,overture (meta),overture:41833503-ea56-44d0-a4d9-b1b2dffecca6
tchabub@gmail.com,Tonchabub Cafe,,Suan Luang District,Cafe,no,Low,1,,English/Latin-script name,,,openstreetmap,1,+66656922965,"พีเพิล พาร์ค, 486 อ่อนนุช",10250,overture (meta),overture:dee0dfb8-b1a1-4adc-b982-91fceddc6e82
truecoffee.official@gmail.com,TrueCoffee,,Suan Luang District,Cafe,no,Low,1,Local,English/Latin-script name,https://www.truecoffee.co.th/,,openstreetmap,1,,,,overture (meta),overture:82529c40-2da2-42fc-a395-ed3528214239
tsukemen55foodstock@gmail.com,Tsukemen Go Go Pattanakarn,,Suan Luang District,Asian; Japanese,no,Low,1,,English/Latin-script name,,,openstreetmap,1,+66812336362,"Unit A1-02, Food Stock, 471 Soi Pattanakarn 32",10250,overture (meta),overture:e432c9bf-c553-426b-9a67-3b87b056a5bf
tupcup@hotmail.com,TUP Coffee bar,,Suan Luang District,Cafe,no,Low,1,,English/Latin-script name,http://www.oasispattanakarn53.com/Shops_in_Oasis_Pattanakarn_53.html,,openstreetmap,1,+66611628296,ถนน พัฒนาการ,10250,overture (meta),overture:2552db9e-b2a8-4e57-99c8-6f866955f547
borubkk@gmail.com,Umi.matchabar,,Suan Luang District,Asian; Japanese,no,Low,1,,English/Latin-script name,,,openstreetmap,1,+66656952490,169/3 ซอยพระรามเก้า 49 (ถนนเสรี 6) แขวงพัฒนาการ เขตสวนหลวง กรุงเทพฯ,10250,overture (meta),overture:9cbc537b-68b6-44a3-83ea-2ec5b24ce458
unhour.24experience@gmail.com,UNHOUR,,Suan Luang District,Cafe,no,Low,1,,English/Latin-script name,,,openstreetmap,1,+66972619209,"588, 2 Srinagarindra 16 Alley",10250,overture (meta),overture:42c9bef3-ad4f-4b6b-8e88-97393a10f7b5
velateabar.restaurant@gmail.com,Vela Tea Bar & Restaurant,,Suan Luang District,Restaurant,no,Low,1,,English/Latin-script name,,,openstreetmap,1,+66660324486,709 อ่อนนุช 7,10250,overture (meta),overture:256e37cb-f157-4124-9466-33981c97b283
vicolo.wine.restaurant@gmail.com,Vicolo,,Suan Luang District,Restaurant,no,Low,1,,English/Latin-script name,,,openstreetmap,1,+66918126226,Soi Noble Tara Phatthanakan,10250,overture (meta),overture:0ed7a716-baaa-4251-83b6-f43b842d94c7
viewbarpickadaily@gmail.com,ViewbarPickadaily,,Suan Luang District,Restaurant,no,Low,1,,English/Latin-script name,,,openstreetmap,1,+66813554174,2343 โครงการพิกกาไดรี่ ถนนอ่อนนุช,10250,overture (meta),overture:4a1d8494-7288-471f-b99d-c9986371c233
wolfsdenbar@gmail.com,Wolf's Den Bar and Restaurant,,Suan Luang District,Restaurant,no,Low,1,,English/Latin-script name,,,openstreetmap,1,+66837881290,213 Rama IX Soi 60,10250,overture (meta),overture:c51a49c4-c8f4-4f0c-b38c-40aadbd51da3
wonderwoods.kidcafe@gmail.com,Wonder Woods Kids Cafe,,Suan Luang District,Cafe,no,Low,1,,English/Latin-script name,,,openstreetmap,1,+66625928822,Phatthanakan 51 Alley,10250,overture (meta),overture:ca4a3469-f95d-4e17-a436-cd3148951645
xprezzcoffeeth@gmail.com,Xprezz Coffee Bar Bangkok,,Suan Luang District,Cafe,no,Low,1,,English/Latin-script name,,,openstreetmap,1,+66804448600,30 ซอย พัฒนาการ 50 ถนนพัฒนาการ,10250,overture (meta),overture:738f46d5-d77f-4bb1-ba5b-03dbd6d2f298
bkkoffice@yamasa.com,Yamasa Asia Oceania,,Suan Luang District,Asian; Japanese,no,Low,1,Local,English/Latin-script name,https://www.yamasa.co.th/,,openstreetmap,1,+6627519601,,,overture (meta),overture:17f7f23f-af6d-4d6d-b300-6068a0120128
surachai_alek@hotmail.com,Yimtoyou,,Suan Luang District,Cafe,no,Low,1,,English/Latin-script name,,,openstreetmap,1,+66639356659,Onnut46 Suanluang,10250,overture (meta),overture:5f63c70e-586d-4013-b8d5-6cb03c1a997c
yourcafe1688@gmail.com,Your Cafe The Library,,Suan Luang District,Restaurant,no,Low,1,,English/Latin-script name,,,openstreetmap,1,+66925459595,30 ซอย รามคําแหง 24,10240,overture (meta),overture:d3f27f49-f7a8-4238-9818-1d622387c5d6
muay777@yahoo.com,Yummy Yum,,Suan Luang District,Restaurant,no,Low,1,,English/Latin-script name,,,openstreetmap,1,+66992894465,ร้านสถานีเพือนอาหารเกาหลี สาขา 1606 1608 On Nut Rd,10250,overture (meta),overture:2f6b3c07-93dd-452b-b145-4af3127e8e55
yuuyakiniku@gmail.com,YUU,,Suan Luang District,Asian; Japanese,no,Low,1,,English/Latin-script name,https://line.me/R/ti/p/%40czz9938i,,openstreetmap,1,,18 ซอย พัฒนาการ 30 สวนหลวง แขวงสวนหลวง,10250,overture (meta),overture:cb6326b6-5250-4310-9f38-446940f72929
forforidaff2020@gmail.com,ZaaB Nua,,Suan Luang District,Asian; Thai,no,Low,1,,English/Latin-script name,,,openstreetmap,1,+66888873770,15 ถนน พัฒนาการ,10250,overture (meta),overture:e6b0e8f0-39be-4a84-8c88-47ed7023492a
zapnour@gmail.com,Zabnour.PaPlearn,,Suan Luang District,Asian; Thai,no,Low,1,,English/Latin-script name,,,openstreetmap,1,+66860022141,160 Kamphaeng Phet 7 Rd,10250,overture (meta),overture:27fec1e5-2051-48ee-878b-ae1b4ba15d77
ashirazendai@gmail.com,Zendaisushi,,Suan Luang District,Asian; Japanese; Sushi,no,Low,1,,English/Latin-script name,,,openstreetmap,1,+66991456523,19 กรุงเทพกรีฑา 8 แยก 7,10251,overture (meta),overture:4aaf1e32-af6a-4c51-8f4a-6bab55e0a18c
salahsultan490@gmail.com,مطعم وليمة باب اليمن,,Suan Luang District,Restaurant,no,Low,1,,English/Latin-script name,,,openstreetmap,1,+66983040068,,,overture (meta),overture:197f156a-8039-46be-a88a-a676584a67a7
s.songsiri@yahoo.com,ᴡᴀʀᴀ cafe,,Suan Luang District,Cafe,no,Low,1,,English/Latin-script name,,,openstreetmap,1,+66939515939,65 ถนน พัฒนาการ,10250,overture (meta),overture:0d9009e3-ff99-4d2d-822f-d8c540274e3f
abuhosnirestaurant@gmail.com,Abu Hosni Restaurant  ร้านอาหาร อบูฮุสนี่,Abu Hosni Restaurant  ร้านอาหาร อบูฮุสนี่,Suan Luang District,Halal,no,Low,0,,,,,openstreetmap,1,+66648570145,ถ.กำแพงเพชร 7 สวนหลวง,10250,overture (meta),overture:e08c5975-05ef-44e5-aa35-dd32278658c0
arnan.kashizadeh@gmail.com,Abu-Ali Cuisine By Iraqi Restaurant مطعم أبو علي(อาบู-อาลี ควิซีน บาย อิรักกี้ เรสเตอรองค์),Abu-Ali Cuisine By Iraqi Restaurant مطعم أبو علي(อาบู-อาลี ควิซีน บาย อิรักกี้ เรสเตอรองค์),Suan Luang District,Restaurant,no,Low,0,,,,,openstreetmap,1,+66656461994,181 ห้องB4 โครงการ ECO PARK Phatthanakan 32,10250,overture (meta),overture:22be300c-9abc-4f26-91f0-b5099f79b157
ar.paccaa@gmail.com,Ar pacca อ้าปากกว้าง,Ar pacca อ้าปากกว้าง,Suan Luang District,Cafe,no,Low,0,,,,,openstreetmap,1,+66817347692,9 ถนน กําแพงเพชร 7,10250,overture (meta),overture:56d82011-7b7c-44c0-b318-dd3a7062ae6c
baankanomfarang@gmail.com,Baan Kanom Farang - บ้านขนมฝรั่ง เค้กวันเกิด เค้กขายส่ง บริการส่ง Delivery,Baan Kanom Farang - บ้านขนมฝรั่ง เค้กวันเกิด เค้กขายส่ง บริการส่ง Delivery,Suan Luang District,Cafe,no,Low,0,Local,,http://www.baankanomfarangbakery.com/,,venue website,2,+66814599072,3 ซอย 4,10250,overture (meta),overture:6ea34839-cbf9-4a3e-857f-2fbc78d6d847
nattakan.yoonp@gmail.com,Cafe'In House by ครัวป้าเรียง,Cafe'In House by ครัวป้าเรียง,Suan Luang District,Restaurant,no,Low,0,,,,,openstreetmap,1,+66980519959,"359 Onnuch10, กรุงเทพมหานคร 10250 ประเทศไทย",10250,overture (meta),overture:aa37f954-66d9-4b12-8755-fecca3615093
canihavebingsu@gmail.com,Can i have Bingsu แคน ไอ แฮฟ บิงซู,Can i have Bingsu แคน ไอ แฮฟ บิงซู,Suan Luang District,Cafe,no,Low,0,,,,,openstreetmap,1,+66866026255,"292, 50 Phatthanakan Rd",10250,overture (meta),overture:b744ed64-3f66-4284-8973-fd17e1bfe5dd
ko9538917@gmail.com,Chick อ่อนนุช46,Chick อ่อนนุช46,Suan Luang District,Restaurant,no,Low,0,,,,,openstreetmap,1,+66971657530,44/6 ซอย สุขุมวิท 77,10250,overture (meta),overture:3e2a196a-dce9-4b4e-8a6e-44da944dd7d1
wongpradit.nisa@gmail.com,cocowalk โลตัสซีคอน ศรีนครินทร์,cocowalk โลตัสซีคอน ศรีนครินทร์,Suan Luang District,Cafe,no,Low,0,,,,,openstreetmap,1,+66856612189,โลตัส ซีคอนศรีนครินทร์,,overture (meta),overture:97cb6fd0-d595-4652-9b3a-ca4fc202aae1
wichansampak@gmail.com,Coffeeitsme คอฟฟี่อิดส์มี,Coffeeitsme คอฟฟี่อิดส์มี,Suan Luang District,Cafe,no,Low,0,,,,,openstreetmap,1,+6623698884,,,overture (meta),overture:20c83dea-a4fd-467c-83df-38aeba3f50d4
cannes.croissants@gmail.com,Croissants de Cannes • ครัวซองต์ เดอ คานส์,Croissants de Cannes • ครัวซองต์ เดอ คานส์,Suan Luang District,Restaurant,no,Low,0,,,,,openstreetmap,1,+66654646423,CANNES CROISSANTS,10250,overture (meta),overture:f8e7adb0-8472-4b10-896b-a906b59d3f82
tur22yanisa@gmail.com,Emotion แล้วแต่อารมณ์,Emotion แล้วแต่อารมณ์,Suan Luang District,Cafe,no,Low,0,,,,,openstreetmap,1,,,,overture (meta),overture:4bdbc809-c46d-4375-ac68-d5131611f8f0
nuttawat.patsadu@gmail.com,Flair.Fair.Coffee พระราม9,Flair.Fair.Coffee พระราม9,Suan Luang District,Cafe,no,Low,0,,,,,openstreetmap,1,+66818978779,Flair Fair coffee 353 ซอย 7\nหมู่บ้าน เสรี\nแขวงพัฒนาการ เขตสวนหลวง\nกรุงเทพมหานคร 10250\nประเทศไทย,10250,overture (meta),overture:783dfae2-b2cc-4b18-aba0-8b19b7940383
gongximala@gmail.com,Gongxi Hotpot กงสี่ ฮอทพอต หม่าล่า,Gongxi Hotpot กงสี่ ฮอทพอต หม่าล่า,Suan Luang District,Asian; Chinese,no,Low,0,,,,,openstreetmap,1,+66825542287,1762 The Pocket Park 2 On Nut Rd,10250,overture (meta),overture:c71a64a8-b7d1-4700-b8ac-54096d93442b
groundcafeofficial@gmail.com,Ground Cafe | Specialty Coffee & Premium Matcha (พระรามเก้า),Ground Cafe | Specialty Coffee & Premium Matcha (พระรามเก้า),Suan Luang District,Cafe,no,Low,0,,,,,openstreetmap,1,+66842056297,"1, Rama IX Soi 41",10250,overture (meta),overture:dced54c4-e8c5-4815-94dd-0b05b55612b9
guoguomala@gmail.com,Guo Guo Mala 郭锅 กัวกัว สุกี้ชาบู หม่าล่า,Guo Guo Mala 郭锅 กัวกัว สุกี้ชาบู หม่าล่า,Suan Luang District,Asian; Japanese,no,Low,0,,,,,openstreetmap,1,+66800973203,บ้านเลขที่ 113 ซอย Seri 6 Alley,10250,overture (meta),overture:8013666e-12d1-47f6-a6c7-f6cd755906d3
halocafe.bkk@gmail.com,Halo [ เฮโล คาเฟ่ ],Halo [ เฮโล คาเฟ่ ],Suan Luang District,Cafe,no,Low,0,,,,,openstreetmap,1,+66869462695,1145 ถนน พัฒนาการ,10250,overture (meta),overture:3cddf7a1-61a2-4068-88a5-e761ab02701f
pordeekhumbankanomthai@gmail.com,Hararu ฮารารุ - Homemade,Hararu ฮารารุ - Homemade,Suan Luang District,Restaurant,no,Low,0,,,,,openstreetmap,1,+66982489243,47/7 ถนน พระราม 9,10250,overture (meta),overture:cd7aa55d-101c-431c-b2c1-e38fd6354043
kuppou999@gmail.com,Kinzanji Miso ซอสมิโซะปรุงสำเร็จ ไม่มีผงชูรส อร่อยง่ายสไตล์ญี่ปุ่น,Kinzanji Miso ซอสมิโซะปรุงสำเร็จ ไม่มีผงชูรส อร่อยง่ายสไตล์ญี่ปุ่น,Suan Luang District,Asian; Japanese,no,Low,0,,,,,openstreetmap,1,+66649939417,11 ถนน ศรีนครินทร์,10250,overture (meta),overture:b30f3df0-b76f-47e4-ac50-37b6fbadf895
kongwuimk@gmail.com,Kong Wui TH ก๋องหวู่ย ร้านอาหารฮ่องกง,Kong Wui TH ก๋องหวู่ย ร้านอาหารฮ่องกง,Suan Luang District,Asian; Chinese,no,Low,0,,,,,openstreetmap,1,+66652362168,776 ถนน พัฒนาการ,10250,overture (meta),overture:0f735ab2-e627-413e-a244-175d44c16c6c
lscmala.th@gmail.com,Lsc หม่าล่า ชาบู เสฉวน,Lsc หม่าล่า ชาบู เสฉวน,Suan Luang District,Restaurant,no,Low,0,,,,,openstreetmap,1,+66986159226,Soi Srinagarindara 26,10250,overture (meta),overture:1a871ae7-5b8b-472a-8f7e-ed1bffea79e8
maledklom.bpn@gmail.com,Maled Klom - เมล็ดกลม,Maled Klom - เมล็ดกลม,Suan Luang District,Cafe,no,Low,0,,,,,openstreetmap,1,,คอนโดพัฒนาการไลฟ์คอมเพล็กซ์ (อาคาร 5) ซอย.พัฒนาการ การ 25,10250,overture (meta),overture:00dfb3b1-8d16-4f34-9544-97cb9c10de6c
meatmemoresuwan@gmail.com,Meat Me More ร้านอาหารฮาลาล,Meat Me More ร้านอาหารฮาลาล,Suan Luang District,Halal,no,Low,0,,,,,openstreetmap,1,+66969311479,สถานีพัฒน์25 คลองตัน เลียบทางรถไฟ ,10250,overture (meta),overture:e573cbc6-612f-4e25-a43c-9b155ef67e7a
neusweetthailand@gmail.com,NeuSweet นิวสวีทคอฟฟี่ กาแฟหล่อฮังก๊วย ไม่ใส่ครีมเทียม คุมหิว คีโตกินได้,NeuSweet นิวสวีทคอฟฟี่ กาแฟหล่อฮังก๊วย ไม่ใส่ครีมเทียม คุมหิว คีโตกินได้,Suan Luang District,Cafe,no,Low,0,,,,,openstreetmap,1,,338/9 พัฒนาการ 30,10250,overture (meta),overture:afe6692e-9b48-45a6-824c-f4b2a694ff93
owlcha.iamsombat@gmail.com,Owl Cha ตลาดเอี่ยมสมบัติ,Owl Cha ตลาดเอี่ยมสมบัติ,Suan Luang District,Restaurant,no,Low,0,,,,,openstreetmap,1,+66642562996,2277 On Nut Rd,10250,overture (meta),overture:8d439f71-9077-4083-8db9-eeaa8772e477
owlcha.pattanakarn20@gmail.com,Owl Cha พัฒนาการ 20,Owl Cha พัฒนาการ 20,Suan Luang District,Cafe,no,Low,0,,,,,openstreetmap,1,+66644967701,31 Soi Soi Phatthanakan 20,10250,overture (meta),overture:6110c67e-01b5-4edf-a138-069ab3f276b6
peetchaii7@gmail.com,PeetChum พีทฉ่ำ แซลม่อนสด ซาซิมิ,PeetChum พีทฉ่ำ แซลม่อนสด ซาซิมิ,Suan Luang District,Restaurant,no,Low,0,,,,,openstreetmap,1,+66870076995,เพชรบุรีตัดใหม่,10250,overture (meta),overture:f5763059-4b28-4254-a85d-fc4d9951b668
phasomasianfusion@gmail.com,Phasom ผสม,Phasom ผสม,Suan Luang District,Restaurant,no,Low,0,,,,,openstreetmap,1,+66944926419,813 815 On Nut 15 Alley,10250,overture (meta),overture:ad78ca6a-232b-497d-819f-383ca2d2cea0
yaqinbkk@gmail.com,Safran ร้านอาหารตามสั่ง ฮาลาล,Safran ร้านอาหารตามสั่ง ฮาลาล,Suan Luang District,Asian; Thai,no,Low,0,,,,,openstreetmap,1,+66626148139,Sri Nakarin soi Masjid Darissalam - Suan Luang,10250,overture (meta),overture:408d9c1b-980a-4658-9b90-2ce078c3c534
shakira.fm2412@gmail.com,SHA ๏ KIRA tea room & more,SHA ๏ KIRA tea room & more,Suan Luang District,Restaurant,no,Low,0,,,,,openstreetmap,1,+66818206051,10 ถนน พัฒนาการ,10250,overture (meta),overture:44b02bd5-626c-47fc-aad5-cdcdd69f0e4d
sales.sinthornmeat@hotmail.com,Sinthorn meat  Supply สินธร มีท ซัพพลาย จำกัด,Sinthorn meat  Supply สินธร มีท ซัพพลาย จำกัด,Suan Luang District,Restaurant,no,Low,0,,,,,openstreetmap,1,+66818557072,21 ศรีนครินทร์ 29,10250,overture (meta),overture:acb57934-d41a-41a4-a04b-9d5afbe56871
sinwangmala@gmail.com,Sinwang Mala - สิ้นหวังหม่าล่า,Sinwang Mala - สิ้นหวังหม่าล่า,Suan Luang District,Restaurant,no,Low,0,,,,,openstreetmap,1,+66924642179,224 ซอย พัฒนาการ 20,10250,overture (meta),overture:471af07f-5c4b-4521-a642-6164bab6e651
sohobangkok4749@gmail.com,Soho เป็ดย่างหนังกรอบ,Soho เป็ดย่างหนังกรอบ,Suan Luang District,Asian; Chinese,no,Low,0,,,,,openstreetmap,1,+66962199945,47 49 Phatthanakan 53,10250,overture (meta),overture:b69ec104-0195-4a4e-9f91-388b31aefbe8
marketingsosocoffee@gmail.com,Soso Coffee (Eco Park) โซโซ่ คอฟฟี่ (อีโค พาร์ค),Soso Coffee (Eco Park) โซโซ่ คอฟฟี่ (อีโค พาร์ค),Suan Luang District,Cafe,no,Low,0,,,,,openstreetmap,1,+66637156669,Phatthanakan 32,10250,overture (meta),overture:6cfb9779-ae27-4bee-8332-c9ec89661c48
siripabhak@gmail.com,Sultana's Cafe' สุลตาน่า คาร์เฟ่,Sultana's Cafe' สุลตาน่า คาร์เฟ่,Suan Luang District,Cafe,no,Low,0,,,,,openstreetmap,1,+66944269394,"10/1 , Ramkhamhaeng Soi 1, next to Ramkhamhaeng Road",10250,overture (meta),overture:7066e1a7-ce13-4316-bed5-d537e1a1abfb
supercrabth@gmail.com,SuperCrab - ฮ่อยจ๊อปูล้วน,SuperCrab - ฮ่อยจ๊อปูล้วน,Suan Luang District,Asian; Thai,no,Low,0,,,,,openstreetmap,1,+66971944656,SPlace Pattanakarn87,10250,overture (meta),overture:07154bc9-acba-4c33-9762-2c4e7c6b87a3
thecirclecafe46@gmail.com,the Circle Cafe Onnut46 เดอะเซอร์เคิล คาเฟ่ อ่อนนุช46,the Circle Cafe Onnut46 เดอะเซอร์เคิล คาเฟ่ อ่อนนุช46,Suan Luang District,Cafe,no,Low,0,,,,,openstreetmap,1,+66656795553,โครงการปิงมาร์เช่ Soi On Nut 46,10250,overture (meta),overture:7690d71e-dc74-45a2-82b8-b03495fbaf0c
master.cooker02@gmail.com,The Day To Noodles วันกินเตี๋ยว,The Day To Noodles วันกินเตี๋ยว,Suan Luang District,Restaurant,no,Low,0,,,,,openstreetmap,2,,34 ซอย รามคําแหง 24,10240,overture (meta),overture:4f968736-6b6c-4623-af54-acb75a4f7c7b
redsea7777@gmail.com,กรีนพาร์คGreenPark พื้นที่ให้เช่าอ่อนนุช39,กรีนพาร์คGreenPark พื้นที่ให้เช่าอ่อนนุช39,Suan Luang District,Restaurant,no,Low,0,,,,,openstreetmap,1,+66869958996,73 ถนน พัฒนาการ,10250,overture (meta),overture:52901273-1d6b-4cc3-8ac2-5760f38c3b10
kaprowkhunphorthailand@gmail.com,กะเพราคุณพ่อ,กะเพราคุณพ่อ,Suan Luang District,Asian; Thai,no,Low,0,,,,,openstreetmap,1,+66655099693,6 ถนน รัชดาภิเษก,10310,overture (meta),overture:712a16e9-ebf6-4f8e-867a-d409cd3f12ea
krapraoman@gmail.com,กะเพราแมน ต้นตำรับกะเพราไทย,กะเพราแมน ต้นตำรับกะเพราไทย,Suan Luang District,Restaurant,no,Low,0,,,,,openstreetmap,1,+66841114151,ถนนราชปรารภ แขวงพญาไท เขตราชเทวี,10400,overture (meta),overture:9e61b1ca-e276-49ca-a247-ec15bb1c42f4
kadmuakhualang@gmail.com,กาดหมั้ว คัวแลง ร้านอาหารเหนือต้นตำรับ,กาดหมั้ว คัวแลง ร้านอาหารเหนือต้นตำรับ,Suan Luang District,Restaurant,no,Low,0,,,,,openstreetmap,1,+66616322641,160 Phatthanakan 25,10250,overture (meta),overture:afb88df3-3881-4982-92f1-36ab508157f6
kinheng909@gmail.com,กินเฮง ข้าวต้มบาทเดียว,กินเฮง ข้าวต้มบาทเดียว,Suan Luang District,Restaurant,no,Low,0,,,,,openstreetmap,1,+66931341356,385 391 Phatthanakan 30,10250,overture (meta),overture:088a7f9f-3687-4bc2-a2be-fdc0cff8e9b7
kimnoodle8@gmail.com,กิม ก๋วยเตี๋ยวต้มยำโบราณ,กิม ก๋วยเตี๋ยวต้มยำโบราณ,Suan Luang District,Restaurant,no,Low,0,,,,,openstreetmap,1,,Pattanakarn 95,,overture (meta),overture:87853ec8-2f2e-4cb8-ba94-8bac8c3e9005
tanjira351@gmail.com,ก๋วยเตี๋ยว โกเด้ง,ก๋วยเตี๋ยว โกเด้ง,Suan Luang District,Restaurant,no,Low,0,,,,,openstreetmap,1,+66955459322,Tawanthong Cross Rd,10250,overture (meta),overture:0e734235-58b2-45c5-b2b5-883e05c4bddb
machima_house@hotmail.com,ก๋วยเตี๋ยวต้มยำไก่ฉีก โกลด์สน,ก๋วยเตี๋ยวต้มยำไก่ฉีก โกลด์สน,Suan Luang District,Asian; Japanese,no,Low,0,,,,,openstreetmap,1,+66825459887,2873 Phatthanakan Rd,10250,overture (meta),overture:231555a2-f20f-48ee-8cfb-cd0aa1eec07a
jang-system@hotmail.com,ก๋วยเตี๋ยวยำไทย2,ก๋วยเตี๋ยวยำไทย2,Suan Luang District,Asian; Thai,no,Low,0,,,,,openstreetmap,1,,Chiangmai,50230,overture (meta),overture:b1cba15f-eb0e-4b6b-bf68-f2fe65bc2abe
kwyteiyw.hmutun@gmail.com,ก๋วยเตี๋ยวหมูตุ๋น S.45.,ก๋วยเตี๋ยวหมูตุ๋น S.45.,Suan Luang District,Asian; Japanese,no,Low,0,,,,,openstreetmap,1,+66617435444,28 Soi 19,10250,overture (meta),overture:6b03aadf-cc8e-4a55-8271-1d025252d28a
ann.pikun@gmail.com,ก๋วยเตี๋ยวหมูต้มยำ โคตรอร่อย,ก๋วยเตี๋ยวหมูต้มยำ โคตรอร่อย,Suan Luang District,Asian; Thai,no,Low,0,Local,,https://www.wongnai.com/restaurants/138241EO-%E0%B9%80%E0%B8%95%E0%B8%B5%E0%B9%8B%E0%B8%A2%E0%B8%A7%E0%B8%AB%E0%B8%A1%E0%B8%B9%E0%B8%95%E0%B9%89%E0%B8%A1%E0%B8%A2%E0%B8%B3%E0%B9%82%E0%B8%84%E0%B8%95%E0%B8%A3%E0%B8%AD%E0%B8%A3%E0%B9%88%E0%B8%AD%E0%B8%A2,comely446@gmail.com; poonyduckfixed@gmail.com; jbuthailand@gmail.com; jureeporn.patt@gmail.com,openstreetmap,1,+66841437521,13 ถนน อิสรภาพ,10600,overture (meta),overture:5a8be0b5-0c41-4ca4-8b49-1740134e77b1
aum_112000@hotmail.com,ก๋วยเตี๋ยวเรือ 888,ก๋วยเตี๋ยวเรือ 888,Suan Luang District,Asian; Japanese,no,Low,0,,,,,openstreetmap,1,+66859991099,หมู่บ้าน 235 วชิรธรรมสาธิต 57 แยก 41,10250,overture (meta),overture:47837764-7b50-4f94-9d5a-66c740303782
childpe.th@gmail.com,ก๋วยเตี๋ยวเรือ อร่อยตีพุง,ก๋วยเตี๋ยวเรือ อร่อยตีพุง,Suan Luang District,Asian; Japanese,no,Low,0,,,,,openstreetmap,1,+66655615978,"โครงการปิงมาร์เช่, Soi On Nut 46",10250,overture (meta),overture:8a63d42e-5608-493b-9998-83bd3bc65b07
chinnapat10910@gmail.com,ก๋วยเตี๋ยวเรือปัญจะรส สาขาอ่อนนุช 39,ก๋วยเตี๋ยวเรือปัญจะรส สาขาอ่อนนุช 39,Suan Luang District,Restaurant,no,Low,0,,,,,openstreetmap,1,+66806526542,625 3 ซ. อ่อนนุช 39,10250,overture (meta),overture:1252efd4-c757-4691-8f2b-09dc66f48eee
zakudam68@gmail.com,ก๋วยเตี๋ยวเรือพี่เล็กกองถ่าย,ก๋วยเตี๋ยวเรือพี่เล็กกองถ่าย,Suan Luang District,Restaurant,no,Low,0,,,,,openstreetmap,1,,ร้านครัวพี่เล็กกองถ่าย​ ถนนศรีนรินทร์​ ซ.11 แขวง สวนหลวง แขวงสวนหลวง,10250,overture (meta),overture:3d9b8515-fbbd-49a3-aa64-f82fce48fd1f
madam.mookrata@gmail.com,ก๋วยเตี๋ยวเรือหม้อดินนายกร สาขา79 กรุงเทพ อ่อนนุช46,ก๋วยเตี๋ยวเรือหม้อดินนายกร สาขา79 กรุงเทพ อ่อนนุช46,Suan Luang District,Restaurant,no,Low,0,,,,,openstreetmap,1,,638 อ่อนนุช,10250,overture (meta),overture:7457f11a-0cbb-48c3-ab90-9bf54fd60a69
kimpo.onnut@gmail.com,ข้าวต้มปลากิมโป้ สาขาอ่อนนุช,ข้าวต้มปลากิมโป้ สาขาอ่อนนุช,Suan Luang District,Takeaway,no,Low,0,,,,,openstreetmap,1,+66626456639,18 อ่อนนุช 17,10250,overture (meta),overture:9728a292-983a-4e44-9d10-91b16b49528a
kaotomsuanlaung@gmail.com,ข้าวต้มสวนหลวง - Suan Luang Porridge,ข้าวต้มสวนหลวง - Suan Luang Porridge,Suan Luang District,Restaurant,no,Low,0,,,,,openstreetmap,1,+66879988520,728 On Nut 16 Alley,10250,overture (meta),overture:2b516ee4-ecf4-4840-920f-a8ca8f10e006
88franchiseandmarketing@gmail.com,ข้าวมันปลานายกะพง,ข้าวมันปลานายกะพง,Suan Luang District,Restaurant,no,Low,0,,,,,openstreetmap,1,+66889242223,ซอยอ่อนนุช 30/1,10250,overture (meta),overture:47ce8af1-7b90-4c6a-a754-c43987f02f1e
k.leechickenrice@gmail.com,ข้าวมันไก่คุณลี By Hong Bao,ข้าวมันไก่คุณลี By Hong Bao,Suan Luang District,Restaurant,no,Low,0,,,,,openstreetmap,1,+66926963994,50 พัฒนาการ 53,10251,overture (meta),overture:8b170cc3-ba29-4bb6-ac09-c3d5b36f2888
ya-sarunya@hotmail.com,ข้าวมันไก่ตอน,ข้าวมันไก่ตอน,Suan Luang District,Asian,no,Low,0,,,,,openstreetmap,1,+66917768958,"146/139, 146/139 On Nut Rd",10250,overture (meta),overture:0618c5fb-9079-491c-97e3-b0e15bb38e45
888chickenrice@gmail.com,ข้าวมันไก่สามแปด,ข้าวมันไก่สามแปด,Suan Luang District,Asian,no,Low,0,,,,,openstreetmap,1,+6627227286,588/41 ซอย ปากซอยพัฒนาการ 50 พัฒนาการ สวนหลวง,10250,overture (meta),overture:edd7608f-7cda-4f48-ac4e-659d56cd489f
pongdetteeradach@gmail.com,ข้าวมันไก่เจ๊หมวย,ข้าวมันไก่เจ๊หมวย,Suan Luang District,Restaurant,no,Low,0,,,,,openstreetmap,1,+66873359050,,,overture (meta),overture:50055ec4-0dc1-4ac9-a03f-02b56ff7847b
bunyat@gmail.com,ข้าวหมกไก่ จีระพันธ์,ข้าวหมกไก่ จีระพันธ์,Suan Luang District,Asian; Thai,no,Low,0,,,http://www.jeerapan.com/,,openstreetmap,1,+66895462651,ถนนพระราม 9 สวนหลวง,10250,overture (meta),overture:cea07489-b799-4521-8b34-7115bf8fb1d9
mungmee2026@gmail.com,ข้าวไข่ข้นมั่งมี,ข้าวไข่ข้นมั่งมี,Suan Luang District,Asian; Thai,no,Low,0,,,,,openstreetmap,1,+66936424597,7600 ถนน เพชรบุรี แขวงบางกะปิ เขตห้วยขวาง,10310,overture (meta),overture:be6fe8ca-2cfa-4656-97ec-1f03e3c767e5
kruakhuneinramanine@gmail.com,ครัวคุณอิ้น พระราม9,ครัวคุณอิ้น พระราม9,Suan Luang District,Restaurant,no,Low,0,,,,,openstreetmap,1,+66820581118,211 Rama IX Soi 51,10250,overture (meta),overture:2277bfc2-0ff7-454e-8844-1e7cd91e1849
kkhunkai9@gmail.com,ครัวคุณไก่ อ่อนนุช - KhunKai Kitchen Onnut,ครัวคุณไก่ อ่อนนุช - KhunKai Kitchen Onnut,Suan Luang District,Cafe,no,Low,0,,,,,openstreetmap,1,+66804307263,,10250,overture (meta),overture:536941d4-1505-4b72-a5dc-d928c4d302bb
ballls867@gmail.com,ครัวบีบิว อาหารตามสั่ง&ก๋วยเตี๋ยวเรือ,ครัวบีบิว อาหารตามสั่ง&ก๋วยเตี๋ยวเรือ,Suan Luang District,Restaurant,no,Low,0,,,,,openstreetmap,1,+66930132405,49 พระราม 9 ซอย 57,10250,overture (meta),overture:a840faba-1d89-4608-82a2-197a17432477
nuttapon54321@gmail.com,ครัวบ้านคุณ By กัญปิญา บีช,ครัวบ้านคุณ By กัญปิญา บีช,Suan Luang District,Seafood,no,Low,0,,,,,openstreetmap,1,+66963600006,พัฒนาการ44,10250,overture (meta),overture:f5d421aa-b581-4800-81f5-45bdff544bf4
gamonkarn99@gmail.com,ครัวบ้านหยกกะหลิว,ครัวบ้านหยกกะหลิว,Suan Luang District,Asian; Thai,no,Low,0,,,,,openstreetmap,1,+66624944488,"120 Soi, 4 Ramkhamhaeng Rd",10250,overture (meta),overture:bbb011ae-f710-4cc9-9896-2dedcbb5b4b4
chinnapan.t99@gmail.com,ครัวพิมล,ครัวพิมล,Suan Luang District,Asian; Thai,no,Low,0,,,,,openstreetmap,1,+66892662087,782/18 หมู่บ้านภัสสร 62 พฤกษา อเวนิว Phatanakarn 38,10250,overture (meta),overture:4b2d2181-56c4-407c-aaf8-0824641e27c7
bastiey.yy@gmail.com,ครัวเพชรลดา ฮาลาล,ครัวเพชรลดา ฮาลาล,Suan Luang District,Restaurant,no,Low,0,,,,,openstreetmap,1,+66647854179,1182 Pridi Banomyong 50 Alley,10250,overture (meta),overture:cc669150-12c7-4137-8281-44f58818b723
kruamaejeab@gmail.com,ครัวแม่เจี๊ยบ Kruamaejeab Southern Thai Eatery,ครัวแม่เจี๊ยบ Kruamaejeab Southern Thai Eatery,Suan Luang District,Asian; Thai,no,Low,0,,,,,openstreetmap,1,+66996524656,6 ซอย 4,10250,overture (meta),overture:29aed500-5a72-4c0f-be0c-c62edfcd9873
alohana94@gmail.com,ครัวแม่ไอซ์อ่อนนุช44,ครัวแม่ไอซ์อ่อนนุช44,Suan Luang District,Restaurant,no,Low,0,,,,,openstreetmap,1,+66849873125,44 ซอย วัดมหาบุศย์,10250,overture (meta),overture:03f9eca6-2fc4-41f2-9f2f-790dade23bd3
haniboba002@gmail.com,จงชงดี แม็กซ์แวลูพัฒนาการ,จงชงดี แม็กซ์แวลูพัฒนาการ,Suan Luang District,Cafe,no,Low,0,,,,,openstreetmap,1,+66990103598,2565 ถนน ศรีนครินทร์,10251,overture (meta),overture:abf2d214-bcce-4520-adf5-fceed334a06f
jasalmarble@gmail.com,จ่าศาลข้าวต้ม,จ่าศาลข้าวต้ม,Suan Luang District,Asian; Thai,no,Low,0,,,,,openstreetmap,1,+66859051862,ริมทางรถไฟหัวหมากใกล้สี่แยกพัฒนาการ,10250,overture (meta),overture:6f416a89-544f-4178-8eb0-564d07e4edec
wae1181@gmail.com,ชาชัก40 Chachak40,ชาชัก40 Chachak40,Suan Luang District,Cafe,no,Low,0,,,,,openstreetmap,1,+66839907953,40 พัฒนาการ,10250,overture (meta),overture:ea172a90-662e-4f3b-bcd2-37f8bb01f7b6
phunthip1983phoain@gmail.com,ชานมไข่มุกไต้หวัน Chakuma Soi Onnut 7,ชานมไข่มุกไต้หวัน Chakuma Soi Onnut 7,Suan Luang District,Restaurant,no,Low,0,,,,,openstreetmap,1,+66946859624,โรงเรียนวัดมหาบุศย์ (พิทักษ์ถาวรคุณ) ซอย อ่อนนุช 7,10250,overture (meta),overture:937cc7ac-21cf-4ead-a03d-2d870c541132
chamto0973044299@gmail.com,ชามโต ข้าวผัดปู,ชามโต ข้าวผัดปู,Suan Luang District,Asian; Thai,no,Low,0,,,,,openstreetmap,1,+66973044299,961/2 ซอย 15 ถนนพัฒนาการ เขตสวนหลวง แขวงสวนหลวง กทม 10250,10250,overture (meta),overture:b6f2991f-6e24-4d1e-8073-12d6412dd177
pe.siripan@gmail.com,ชาเลือดมังกร,ชาเลือดมังกร,Suan Luang District,Asian; Thai,no,Low,0,,,,,openstreetmap,1,+66839064669,53 ถนน พัฒนาการ,10250,overture (meta),overture:b58ab5af-9706-4323-86a0-6e29db69b44c
yongkussalin@gmail.com,ชุ่ม อาหารเหนือ พัฒนาการ,ชุ่ม อาหารเหนือ พัฒนาการ,Suan Luang District,Restaurant,no,Low,0,,,,,openstreetmap,1,+66800239756,47 49 Phatthanakan 53,10250,overture (meta),overture:2c75691d-31df-436f-a9e8-b005f28edf20
sonminkoreanfood@gmail.com,ซอนมินฮาลาลโคเรียนสตรีทฟูดส์ Sonmin Halal Korean Food,ซอนมินฮาลาลโคเรียนสตรีทฟูดส์ Sonmin Halal Korean Food,Suan Luang District,Asian; Halal; Korean,no,Low,0,,,,,openstreetmap,1,+66957915648,สถานีพัฒน์ 25,10250,overture (meta),overture:597e8d36-c380-4e90-94f9-bc354a8a15fb
sushimai121@gmail.com,ซูชิมั้ย แอนเพลส,ซูชิมั้ย แอนเพลส,Suan Luang District,Asian; Japanese,no,Low,0,,,,,openstreetmap,1,+66962294629,Anne's Place เลขที่8 ซอยพัฒนาการ42 ถนนพัฒนาการ ห้องที่P107 ชั้น1 Phatthanakan Rd,10250,overture (meta),overture:1899001a-b586-4550-8731-a8d984a09a8d
dreampop39@gmail.com,ซ้งกาแฟโบราณและเนสกาแฟ,ซ้งกาแฟโบราณและเนสกาแฟ,Suan Luang District,Cafe,no,Low,0,,,,,openstreetmap,1,+66655199012,"On Nut 17 Alley, Lane 16",10250,overture (meta),overture:8a258a3a-3398-4f60-85fd-6b2f25574cb3
dragonboat2560@gmail.com,ดราก้อนโบ๊ท ภัตตาคารอาหารจีน #เกี๊ยวจีน พระรามเก้า,ดราก้อนโบ๊ท ภัตตาคารอาหารจีน #เกี๊ยวจีน พระรามเก้า,Suan Luang District,Asian; Chinese,no,Low,0,,,,,openstreetmap,1,+66805739927,47/7 ถนน พระรามที่ 9,10250,overture (meta),overture:f3f91621-0263-4c78-acc1-2b4f622352fe
pumpuichaogouy@gmail.com,ดูนมบาร์,ดูนมบาร์,Suan Luang District,Bar,no,Low,0,,,,,openstreetmap,1,+66650280626,316/1 ถ.อ่อนนุช ซ.อ่อนนุช 46 แยก 14,10250,overture (meta),overture:1edd57c2-c35b-4a22-84e2-2422f3185ded
donkutsu.onnut@gmail.com,ด้งคัตสึ อ่อนนุช,ด้งคัตสึ อ่อนนุช,Suan Luang District,Restaurant,no,Low,0,Local,,https://wongn.ai/21Mb4c,support@lmwn.com; pr@lmwn.com,openstreetmap,1,+66828825141,950,10250,overture (meta),overture:b5236554-6c47-4b1a-9ec4-b89dfeed6833
chanadda.singnapang@gmail.com,ตลาดอนามัย ศรีนครินทร์24,ตลาดอนามัย ศรีนครินทร์24,Suan Luang District,Restaurant,no,Low,0,,,,,openstreetmap,1,+66941480054,ศรีนครินทร์24 สวนหลวง,10250,overture (meta),overture:b1235676-2873-441f-b952-b07497de9612
talumtumlao@gmail.com,ตะลำ ตำลาว,ตะลำ ตำลาว,Suan Luang District,Asian; Thai,no,Low,0,,,,,openstreetmap,1,+66870852828,ถนนเสรี 2,10250,overture (meta),overture:857bf33a-53ed-47cb-8dac-bf2f23a2263b
tausoong.namdaohuu2024@gmail.com,ตั่วซุง น้ำเต้าหู้,ตั่วซุง น้ำเต้าหู้,Suan Luang District,Cafe,no,Low,0,,,,,openstreetmap,1,+66948200488,1395 On Nut Rd,10250,overture (meta),overture:907ad2a6-9fad-4e62-8472-6009f5a0186d
kusumabulong@gmail.com,ตั้งใจเคี้ยว ฮาลาล,ตั้งใจเคี้ยว ฮาลาล,Suan Luang District,Halal,no,Low,0,,,,,openstreetmap,1,+66659782522,8:7 Phatthanakan 30,10250,overture (meta),overture:c416f966-37fe-4f0c-aa96-b8b25022c302
tumkhunying@iclound.com,ตำคุณหญิง,ตำคุณหญิง,Suan Luang District,Restaurant,no,Low,0,,,,,openstreetmap,1,+66854146664,อาคาร 686/A12 Phatanakarn 38,10250,overture (meta),overture:9d7dff7f-f256-4a5a-9916-9c287e51b06d
tumtupuphatthanakan@gmail.com,ตำตุ๊ปุ๊ สาขาพัฒนาการตัดใหม่,ตำตุ๊ปุ๊ สาขาพัฒนาการตัดใหม่,Suan Luang District,Restaurant,no,Low,0,,,,,openstreetmap,1,+66937632799,93 ถนน พัฒนาการ,10250,overture (meta),overture:aeaed1cf-e62f-4a5e-a84e-3a612ef40c5a
tiddsenn@gmail.com,ติดเส้น ก๋วยจั๊บญวน,ติดเส้น ก๋วยจั๊บญวน,Suan Luang District,Restaurant,no,Low,0,,,,,openstreetmap,1,+66823353345,1845 อ่อนนุช,10250,overture (meta),overture:b4a39708-6934-41c8-b3b1-093613271ad5
toomsushi@gmail.com,ตุ้มซูชิ ตลาดเสรีมาร์เก็ตเดอะไนน์พระราม9,ตุ้มซูชิ ตลาดเสรีมาร์เก็ตเดอะไนน์พระราม9,Suan Luang District,Asian; Sushi,no,Low,0,,,,,openstreetmap,1,+66649046791,9 41 Rama IX Soi 43,10250,overture (meta),overture:912cf057-440a-4ae0-a6fd-7afc4f989d09
djtukbangkok@hotmail.com,ต่อคิวเย็นตาโฟ อ่อนนุช,ต่อคิวเย็นตาโฟ อ่อนนุช,Suan Luang District,Restaurant,no,Low,0,,,,,openstreetmap,1,,ถนนอ่อนนุช 35 เลยมาหน่อย ติดปั้มน้ำมันเชลล์,10250,overture (meta),overture:00e11ba1-e411-4271-80bc-4f058e909cc5
tormalarr.pnk@gmail.com,ต่อมะล่ะ หม่าล่า พัฒนาการ 38,ต่อมะล่ะ หม่าล่า พัฒนาการ 38,Suan Luang District,Restaurant,no,Low,0,,,,,openstreetmap,1,+66994479774,686 Phatthanakan 30,10250,overture (meta),overture:983f85f4-9ec7-48c2-93f7-5bcef05605a1
tingtingpr9@gmail.com,ถิงถิง บิงซูน้ำขิง,ถิงถิง บิงซูน้ำขิง,Suan Luang District,Cafe,no,Low,0,,,,,openstreetmap,1,+66820637459,169 2 Rama IX Soi 43,10250,overture (meta),overture:230043a1-e123-43c2-ad6d-57e870068f02
freebirdtravel1@gmail.com,ทัวร์ต่างประเทศ เที่ยวทั่วโลก โดย บริษัท ฟรีเบิร์ด ทราเวิล แอนด์ ทัวร์,ทัวร์ต่างประเทศ เที่ยวทั่วโลก โดย บริษัท ฟรีเบิร์ด ทราเวิล แอนด์ ทัวร์,Suan Luang District,Restaurant,no,Low,0,Local,,https://www.freebirdtour.com/,freebirdtravel@gmail.com,openstreetmap,1,+66851511000,161/28 บ้านกลางเมือง สุขุมวิท 77,10250,overture (meta),overture:de9dd603-d810-4958-8712-cc1a9b542e0c
wanidarisman@gmail.com,ทาโกบัง-ทาโกยากิ,ทาโกบัง-ทาโกยากิ,Suan Luang District,Cafe,no,Low,0,,,,,openstreetmap,1,+66944866462,250 ตึกทรัพย์กี เพลส ปาก Phatthanakan 6 Alley,10250,overture (meta),overture:d36d8801-bf92-4fe5-b9f6-641df0cfef47
nomnuei.bakery@gmail.com,นม,นม,Suan Luang District,Bakery,no,Low,0,,,,,openstreetmap,1,+66816387892,365 Rama IX Soi 41,10250,overture (meta),overture:3a79fd9b-5be0-4485-859e-bd548e29ac3a
atikarn02@gmail.com,นัยเนื้อเปื่อย,นัยเนื้อเปื่อย,Suan Luang District,Restaurant,no,Low,0,,,,,openstreetmap,1,+66813751791,16 ซอย สุขุมวิท 77,10250,overture (meta),overture:bce4e9e9-6850-41c8-aef6-62aaee968e7b
koondilok@gmail.com,นั่งนัว สาขากรุงเทพ อ่อนนุช46,นั่งนัว สาขากรุงเทพ อ่อนนุช46,Suan Luang District,Restaurant,no,Low,0,,,,,openstreetmap,1,+66949495179,อ่อนนุช46,,overture (meta),overture:c9d3b3c2-e54c-406a-ae05-07c9481761f0
naitorr30@gmail.com,นาย ต. อาหารอีสาน,นาย ต. อาหารอีสาน,Suan Luang District,Restaurant,no,Low,0,,,,,openstreetmap,1,+66836998744,290 Phatthanakan 30,10250,overture (meta),overture:c59a5069-75ef-4786-9117-2cce96f9e4c7
9tiewreau.rama9@gmail.com,นายเตี๋ยวเรือ,นายเตี๋ยวเรือ,Suan Luang District,Asian; Japanese,no,Low,0,,,,,openstreetmap,1,+66813575407,3 Rama IX Soi 41,10250,overture (meta),overture:fb3221cd-bd98-4d65-9606-67a70e6eabe6
nimitrfamily@gmail.com,นิมิตร Nimitr - A taste of home,นิมิตร Nimitr - A taste of home,Suan Luang District,Asian; Thai,no,Low,0,,,,,openstreetmap,1,+66636522882,"28 Seri 5 Alley, Suanluang, Suan Luang, Bangkok 10250",10250,overture (meta),overture:00ec6ff1-b810-4116-af97-ea66dc884a87
ratreewoon22@gmail.com,น่านั่ง - ลาดกระบัง,น่านั่ง - ลาดกระบัง,Suan Luang District,Restaurant,no,Low,0,,,,,openstreetmap,1,+66935381791,79/1 ซอย 1,10520,overture (meta),overture:23610553-8c6f-439e-be46-186075248742
sulma.m2528@gmail.com,น้ำกะหนม ริมทาง,น้ำกะหนม ริมทาง,Suan Luang District,Cafe,no,Low,0,,,,,openstreetmap,1,+66841664998,1180 Soi Soi Phatthanakan 20,10250,overture (meta),overture:aea3974b-97fe-45c6-a5a1-1591440686c2
watashi.fm@hotmail.com,น้ำปั่น Nam Pan,น้ำปั่น Nam Pan,Suan Luang District,Restaurant,no,Low,0,,,,,openstreetmap,1,+66954195747,77 ซอย สุขุมวิท 77,10250,overture (meta),overture:808a2630-4755-45b0-8fbb-b5bae685aafc
sasithon.langtara@outlook.com,น้ำยำสูตรเด็ด เคล็ดลับลุงยอด,น้ำยำสูตรเด็ด เคล็ดลับลุงยอด,Suan Luang District,Takeaway,no,Low,0,,,https://www.wongnai.com/restaurants/1387148Uw-ร้านดาวุดยำปลาดุกฟู,,openstreetmap,1,+66816966977,"ยูดีไลท์เรสซิเดนซ์, 10 ถนน พัฒนาการ",10250,overture (meta),overture:7c30b1c2-63c2-491d-bb15-bde0f32c3576
oad113@hotmail.com,น้ำเทียน,น้ำเทียน,Suan Luang District,Asian; Chinese,no,Low,0,,,,,openstreetmap,1,+66865477677,"825, ปาก On Nut 17 Alley",10250,overture (meta),overture:49465d04-37bc-414e-8532-f85c725e8c90
sajjatree@gmail.com,บาบา เคอริ เคอริ,บาบา เคอริ เคอริ,Suan Luang District,Restaurant,no,Low,0,,,,,openstreetmap,1,,555 ซอย สุขุมวิท 77,10250,overture (meta),overture:d0c40ee1-beb4-4a4c-a521-26ecb4473063
boonchongcafe@gmail.com,บุญชงคาเฟ่,บุญชงคาเฟ่,Suan Luang District,Cafe,no,Low,0,,,,,openstreetmap,1,+66853741818,ตรงข้ามพิคาเดลี่ อ่อนนุช 46,10250,overture (meta),overture:6e53474d-3ab8-49e4-b8c1-e78810850392
meenstockphoto@gmil.com,บ้านกะโห้ทอง,บ้านกะโห้ทอง,Suan Luang District,Restaurant,no,Low,0,,,,,openstreetmap,1,+66865031192,51 ถนน พัฒนาการ,10250,overture (meta),overture:838e8c1b-26d7-42d4-b15b-796886177177
kanommapraowarin@hotmail.com,บ้านขนมมะพร้าววาริน,บ้านขนมมะพร้าววาริน,Suan Luang District,Cafe,no,Low,0,,,,,openstreetmap,1,+66874646946,3761/243 เจริญราษฎร์ 7 แยก 7,10120,overture (meta),overture:a4e5f093-3c27-4930-a2b5-d4c5b725b64d
thaniya2608@gmail.com,บ้านตากาแฟ,บ้านตากาแฟ,Suan Luang District,Cafe,no,Low,0,,,,,openstreetmap,1,+66618294155,760/446 วิลเลทซิตี้ พัฒนาการ38,10250,overture (meta),overture:a99bcec3-19a9-4273-bdd4-baf1c73ccaee
obentonah@gmail.com,บ้านนอกคอกนา อาหารอีสาน-ฮาลาล,บ้านนอกคอกนา อาหารอีสาน-ฮาลาล,Suan Luang District,Restaurant,no,Low,0,,,,,openstreetmap,1,+66622733900,570,10250\n,overture (meta),overture:98e74bf6-0476-4515-8483-0e550e1b7a71
gik_saguansin@yahoo.com,บ้านนัวส์,บ้านนัวส์,Suan Luang District,Restaurant,no,Low,0,,,,,openstreetmap,1,+66812362395,ซอย อ่อนนุช 60 แขวง สวนหลวง แขวงสวนหลวง,10250,overture (meta),overture:b5074be8-9071-45a8-8347-09c1378a71bf
baanpeelek@hotmail.com,บ้านพี่เล็ก,บ้านพี่เล็ก,Suan Luang District,Asian; Thai,no,Low,0,,,,,openstreetmap,1,+6623938839,ซอยเฉลิมพระเกียรติ ร.9 ซอย 9,10150,overture (meta),overture:9f902cb3-e30e-4c81-8bb2-79bb1b2e8010
theerapongameen@gmail.com,บ้านโรตีตำมีรายิส,บ้านโรตีตำมีรายิส,Suan Luang District,Bakery,no,Low,0,,,,,openstreetmap,1,+66809686248,"358, 1 Soi Mooban Khlong Chawan",10250,overture (meta),overture:bdf1d17e-ff6d-4722-959c-da0dc872f68d
charinwaran@gmail.com,ป.ประทีป ก๋วยเตี๋ยวเรือ,ป.ประทีป ก๋วยเตี๋ยวเรือ,Suan Luang District,Restaurant,no,Low,0,,,,,openstreetmap,1,+66826415959,Phatthanakan 25,10250,overture (meta),overture:f316c609-92fb-4a30-b2b8-ca16ee3a7133
info.platae@gmail.com,ปลาแท้ ต้มยำปลา,ปลาแท้ ต้มยำปลา,Suan Luang District,Restaurant,no,Low,0,,,,,openstreetmap,1,+66653542628,https://maps.app.goo.gl/vhFvq1S25H4sE1Yy9?g_st=ic,10250,overture (meta),overture:56a531d5-0e32-4c4c-a0af-b033e8a587c4
pungnutboard@gmail.com,ปังนัดบอร์ด,ปังนัดบอร์ด,Suan Luang District,Restaurant,no,Low,0,,,,,openstreetmap,1,,2873 ถนน พัฒนาการ,10251,overture (meta),overture:581615e3-61a0-4487-814d-a7c22c668572
panya.tumyumzab@gmail.com,ปั้นหยาส้มตำยำแซ่บ,ปั้นหยาส้มตำยำแซ่บ,Suan Luang District,Restaurant,no,Low,0,,,,,openstreetmap,1,+66931474724,999 พระราม 9,10251,overture (meta),overture:a5a39543-ac98-422a-a418-8c8d15d8767b
trindin1970@gmail.com,ปากหม้อญวนอุบล,ปากหม้อญวนอุบล,Suan Luang District,Restaurant,no,Low,0,,,,,openstreetmap,1,+66816204147,"ตรงเข้ามาสุดซอยเลี้ยวซ้ายและตรงเข้ามาจนสุดทาง 254 On Nut 17 Alley, Lane 16",10250,overture (meta),overture:b8885d38-f9ef-48ba-8817-0f5b1f48d24d
pudonganyong@gmail.com,ปูดองอันยอง,ปูดองอันยอง,Suan Luang District,Seafood,no,Low,0,,,https://lin.ee/fPgAC33,,openstreetmap,1,+66922492442,59 Sa-ngop Suk Alley,10250,overture (meta),overture:dfbb6553-0063-4ea1-b010-d82db8b594a8
aunchisaprang@gmail.com,ปูไข่ดองระนอง-pukaidongranong,ปูไข่ดองระนอง-pukaidongranong,Suan Luang District,Restaurant,no,Low,0,,,,,openstreetmap,1,+66944556224,9 รามคําแหง 4,10250,overture (meta),overture:76d0cebb-9bd8-4d95-b11e-ae33b9a48651
yum.klongton@gmail.com,ปู้ยี่ ปู้ยำ(แยก​คลองตัน),ปู้ยี่ ปู้ยำ(แยก​คลองตัน),Suan Luang District,Restaurant,no,Low,0,,,,,openstreetmap,1,+66851761194,1222 Sukhumvit 71 Rd,10250,overture (meta),overture:f356ba04-6e66-451c-b4f0-e5e4c4bd62db
patharasuk4@gmail.com,ป่าธาราสุข Eco-Forest,ป่าธาราสุข Eco-Forest,Suan Luang District,Restaurant,no,Low,0,,,,,openstreetmap,1,+66899221284,ศูนย์การเรียนรู้ป่าธาราสุข Eco Forest & Farmstay 36 หมู่ 14 บ้านเทวาสถิตย์ ตำบลโคกสะอาด อำเภอภูเขียว,36110,overture (meta),overture:8c33875c-cd57-4d17-9434-421504522cac
padthaionnut36@gmail.com,ผัดไทยกุ้งเเม่น้ำ x อร่อยคับคั่ง,ผัดไทยกุ้งเเม่น้ำ x อร่อยคับคั่ง,Suan Luang District,Asian; Thai,no,Low,0,,,,,openstreetmap,1,+66989466422,142/1 ซอย สุขุมวิท 77,10250,overture (meta),overture:7d2b7fea-7212-4cfd-abb1-b0d1b060eb7a
thejojoesung2542@gmail.com,ผัดไทร้อยล้าน,ผัดไทร้อยล้าน,Suan Luang District,Takeaway,no,Low,0,,,,,openstreetmap,1,+66970422321,2 ถนน พัฒนาการ,10250,overture (meta),overture:5dbd3d9e-5e04-43af-9590-ae9b0f16399b
thapakornwow@gmail.com,ผัดไทใจเย็น เตาถ่าน,ผัดไทใจเย็น เตาถ่าน,Suan Luang District,Asian; Thai,no,Low,0,,,,,openstreetmap,1,+66814458773,58 ถนน อ่อนนุช,10250,overture (meta),overture:f6aadd42-d71c-4e7e-901d-aad771788559
kurisaralala@gmail.com,พบรัก,พบรัก,Suan Luang District,Cafe,no,Low,0,,,,,openstreetmap,1,+66854953646,"10250, กรุงเทพมหานคร, Thailand",10250,overture (meta),overture:677f237e-f741-4b68-b43a-7152afea34ad
jinhai.official@gmail.com,ภัตตาคารจินไห่ - 金海,ภัตตาคารจินไห่ - 金海,Suan Luang District,Asian; Chinese,no,Low,0,,,,,openstreetmap,1,+66996563695,1188 ถนน พัฒนาการ,10250,overture (meta),overture:7f613c45-e2b8-487e-ae27-b434c7ece7ea
mana.on56@gmail.com,มานะ อ่อนนุช 56,มานะ อ่อนนุช 56,Suan Luang District,Cafe,no,Low,0,,,,,openstreetmap,1,+66935146959,38 On Nut Rd,10250,overture (meta),overture:c5397e37-1f43-44bf-9aa6-570b410dc509
maneepatthanakarn@gmail.com,มานีมีนม พัฒนาการ,มานีมีนม พัฒนาการ,Suan Luang District,Cafe,no,Low,0,,,,,openstreetmap,1,+66846424064,1348 หน้าปั้มบางจาก ระหว่างปากซอย พัฒนาการ 34 - 36,10250,overture (meta),overture:ab652912-d922-4e82-aa63-c37b4780c9a4
linesman18@gmail.com,มิกซ์ไมตรี,มิกซ์ไมตรี,Suan Luang District,Restaurant,no,Low,0,,,,,openstreetmap,1,+66957745564,สถานีพัฒน์ 25 Kamphaeng Phet 7 Rd,10250,overture (meta),overture:595d679e-46a4-4552-8657-72e582611011
contact@meekhwamsook.com,มีความสุข ชานมไข่มุกกระบอก - Meekhwamsook Bottled Milk Tea,มีความสุข ชานมไข่มุกกระบอก - Meekhwamsook Bottled Milk Tea,Suan Luang District,Restaurant,no,Low,0,,,https://meekhwamsook.com/,,openstreetmap,1,+66646857887,,,overture (meta),overture:db75bd41-3fa9-4f26-ab13-37d81a4fe420
muhammadrosdee.klongton@gmail.com,มูฮำหมัด รสดี,มูฮำหมัด รสดี,Suan Luang District,Cafe,no,Low,0,,,https://lin.ee/5kQgcqB,,openstreetmap,1,+66957675381,"4, 1 Sukhumvit 71 Rd",10250,overture (meta),overture:f4c33934-f9aa-4d46-81f7-d6dec4243ade
anchalee_sen@hotmail.com,ม่านฟ้า ข้าวซอย,ม่านฟ้า ข้าวซอย,Suan Luang District,Restaurant,no,Low,0,,,,,openstreetmap,1,+66882685928,ม่านฟ้า ข้าวซอย 75/3 ถนนมหาพรหม ต.ในเวียง อ.เมือง,55000,overture (meta),overture:9ec33e2c-f742-4370-be2e-d8b6dfea4d1f
edgeteambkk027@hotmail.com,ยักษ์คู่หมูกระทะ - อ่อนนุช39 - ศรีนครินทร์24,ยักษ์คู่หมูกระทะ - อ่อนนุช39 - ศรีนครินทร์24,Suan Luang District,Restaurant,no,Low,0,,,,,openstreetmap,1,,ซอยอ่อนนุช39 แขวงสวนหลวง เขตสวนหลวง,10250,overture (meta),overture:0b749ea0-d671-40c6-9e88-9824b057372d
tkaew@hotmail.com,ยายปินลาบคั่ว,ยายปินลาบคั่ว,Suan Luang District,Asian; Thai,no,Low,0,,,https://lin.ee/lYWugf4,,openstreetmap,1,+66877158394,2503 Pattanakarn,10250,overture (meta),overture:0b262ac7-cab3-472c-bba9-a963126dfbd9
yummamiwpattanakarn@gmail.com,ยำมะหมิว ยำมะม่วงรสเด็ด สาขาพัฒนาการ,ยำมะหมิว ยำมะม่วงรสเด็ด สาขาพัฒนาการ,Suan Luang District,Restaurant,no,Low,0,,,,,openstreetmap,1,+66932265645,160 Kamphaeng Phet 7 Rd,10250,overture (meta),overture:6ba3d7c3-715a-4625-ba0c-cdb5c308369e
yakayay51@gmail.com,ย่ากะยาย,ย่ากะยาย,Suan Luang District,Cafe,no,Low,0,,,,,openstreetmap,1,+66874241991,122 ถนน พระราม 9,10251,overture (meta),overture:d0158849-97b4-42fd-8e27-d3cd03dadd85
rosemareebkk@gmail.com,รสมาลี Rose Maree,รสมาลี Rose Maree,Suan Luang District,Asian; Thai,no,Low,0,,,,,openstreetmap,1,+66945646699, 617/1 อ่อนนุช 39,10250,overture (meta),overture:8e75e3de-c6b7-4fa3-a052-c2cca4d6d343
roselynbkk@gmail.com,รสริน Roselyn ข้าวหมูแดง คอหมูทอด คลองเตย พระราม 3 ซอย 78,รสริน Roselyn ข้าวหมูแดง คอหมูทอด คลองเตย พระราม 3 ซอย 78,Suan Luang District,Asian; Thai,no,Low,0,,,,,openstreetmap,1,+66829694553,76 ถนน พระราม 2,10150,overture (meta),overture:10c8af81-2efa-4adc-9ee3-1f751f6af27e
theeraphat.wa@gmail.com,รสเด็ดเนื้อตุ๋น,รสเด็ดเนื้อตุ๋น,Suan Luang District,Asian; Thai,no,Low,0,,,,,openstreetmap,1,+6623198705,,10250,overture (meta),overture:6e61a22d-35e1-40e3-90e5-79d84b0f7725
rublompraramkao9@gmail.com,รับลมพระราม9 -Rublompraram9,รับลมพระราม9 -Rublompraram9,Suan Luang District,Restaurant,no,Low,0,,,,,openstreetmap,1,+66957604376,"กรุงเทพกรีฑาซอย8แยก 9 สวนหลวง , สวนหลวงกรุงเทพมหานคร 10250 ประเทศไทย",10250,overture (meta),overture:ce5c2491-5b51-407f-9b33-54a973ff089c
seafoodcafeth@gmail.com,ริมทางรถไฟ,ริมทางรถไฟ,Suan Luang District,Asian; Thai,no,Low,0,,,,,openstreetmap,1,+66987522728,กำแพงเพชร7,10250,overture (meta),overture:8706c126-a666-4c88-a5b7-b814bf64f350
jppongsakornth@gmail.com,ริมรางทางรถไฟ,ริมรางทางรถไฟ,Suan Luang District,Asian; Thai,no,Low,0,,,,,openstreetmap,1,+66640000000,476 Soi Pattanakarn 53,10250,overture (meta),overture:f3792d2a-a1e3-4a46-ad77-3f3f00840b25
judy.manawika@hotmail.com,รีสกีแหนมเนือง Riskee Nhaem-Nuang,รีสกีแหนมเนือง Riskee Nhaem-Nuang,Suan Luang District,Restaurant,no,Low,0,,,,,openstreetmap,1,+66611426265,161 ถนน กําแพงเพชร 7,10250,overture (meta),overture:4b59ca16-8aab-4cf9-a3f6-c00003c7395c
leewani78@gmail.com,ร่มไม้ Halal Kitchen,ร่มไม้ Halal Kitchen,Suan Luang District,Halal,no,Low,0,Local,,https://static.robinhood.in.th/app_link.html?URI=robinhoodth%3A%2F%2Fmerchantlanding%2Fid%2F239888,,openstreetmap,1,+66813578831,78 Phatthanakan 40 Alley,10250,overture (meta),overture:b8f55f51-f5b4-4ced-b008-e3aecb439296
tanantipat9@gmail.com,ร้านกาแฟพอใจ คอฟฟี่,ร้านกาแฟพอใจ คอฟฟี่,Suan Luang District,Cafe,no,Low,0,,,,,openstreetmap,1,+66820614344,59 ซอย สวนหลวง,10250,overture (meta),overture:71007b43-93c0-41b1-b62e-555e1e3dd505
nsubsamarn@gmail.com,ร้านก๋วยจั๊บเจ๊อ้วนคลองเตย(เจ้าเก่า),ร้านก๋วยจั๊บเจ๊อ้วนคลองเตย(เจ้าเก่า),Suan Luang District,Asian; Thai,no,Low,0,,,,,openstreetmap,1,+66649587162,475 ซอย ชินมาศ,10250,overture (meta),overture:e4401c89-e4c6-4f38-ac38-29a8741426e1
naphatko@gmail.com,ร้านก๋วยเตี๋ยวเนื้อวัวน้ำใส เจ้าเก่าคลองตัน,ร้านก๋วยเตี๋ยวเนื้อวัวน้ำใส เจ้าเก่าคลองตัน,Suan Luang District,Restaurant,no,Low,0,,,,,openstreetmap,1,+66813004269,"Phatthanakan 20 Alley, Lane 4/1",10250,overture (meta),overture:9328cd04-b6dc-48c8-9cea-158b009286e9
pornchai.wd@gmail.com,ร้านก๋วยเตี๋ยวเรือ อยุธยา รสเด็ด นายชัย อ.ภาชี เจ้าเก่า,ร้านก๋วยเตี๋ยวเรือ อยุธยา รสเด็ด นายชัย อ.ภาชี เจ้าเก่า,Suan Luang District,Asian; Thai,no,Low,0,,,,,openstreetmap,1,+66896954166,อ่อนนุช46 ซ.หมู่บ้านมิตรภาพ,10250,overture (meta),overture:60338f43-5c85-4f3a-973e-77e91cf4b82e
prajuksing2@gmail.com,ร้านก๋วยเตี๋ยวโกเด้งโฺเด้งBy พี่แจ้,ร้านก๋วยเตี๋ยวโกเด้งโฺเด้งBy พี่แจ้,Suan Luang District,Asian; Japanese,no,Low,0,,,,,openstreetmap,1,+66897986221,513 ซ. พัฒนาการ,10250,overture (meta),overture:9916151a-c7d8-4c4a-8c9b-085a4a0ac562
mitsysdec@gmail.com,ร้านข้าวต้มปลาพี่หมี(ฮาล้าล),ร้านข้าวต้มปลาพี่หมี(ฮาล้าล),Suan Luang District,Restaurant,no,Low,0,,,,,openstreetmap,1,+66867780410,25 Kamphaeng Phet 7 Rd,10250,overture (meta),overture:be208402-82cb-48a2-8dab-96c93cf0436b
kitisin105@gmail.com,ร้านข้าวหมูฮ้อง,ร้านข้าวหมูฮ้อง,Suan Luang District,Asian; Thai,no,Low,0,Local,,https://www.wongnai.com/restaurants/moohongrestaurant,comely446@gmail.com; natda366@gmail.com; cccookingoffice@gmail.com; seazabangkapi1@gmail.com; nattaphong.ph@gmail.com; kaewthip.yong@gmail.com; amonrat.few16@gmail.com; srida.sonathailand@gmail.com,openstreetmap,1,+66813764236,10 ซอย หมู่บ้านปัญญา,10250,overture (meta),overture:26f29644-4ba6-408f-bc9b-25d19be69513
ammy908@gmail.com,ร้านข้าวแกงลุงเจต,ร้านข้าวแกงลุงเจต,Suan Luang District,Restaurant,no,Low,0,,,,,openstreetmap,1,+66655653246,10-11/12,10520,overture (meta),overture:08918db5-2cd6-49a3-b95f-5716a4a0d29b
chittraphasri25@gmail.com,ร้านครัวหน้าตึก,ร้านครัวหน้าตึก,Suan Luang District,Restaurant,no,Low,0,,,,,openstreetmap,1,+66825715366,949 ถนน พัฒนาการ,10250,overture (meta),overture:fad9e980-d67b-4767-b058-13217e61e5ef
pannipa08092530@gmail.com,ร้านชาคุมะ พัฒนาการ20,ร้านชาคุมะ พัฒนาการ20,Suan Luang District,Cafe,no,Low,0,,,,,openstreetmap,1,+66863670243,พัฒนาการ20 คลองตัน,10250,overture (meta),overture:273760d6-5291-4a58-8700-298864e6d299
tamtiewtoon@gmail.com,ร้านตำ เตี๋ยว ตุ๋น,ร้านตำ เตี๋ยว ตุ๋น,Suan Luang District,Asian; Thai,no,Low,0,,,,,openstreetmap,1,+66636351974,ร้านตำ เตี๋ยว ตุ๋น,10250,overture (meta),overture:31157849-c904-4633-b3a3-4aed90ec5fd4
brorphotthisamran@gmail.com,ร้านทองพันชั่ง คาเฟ่,ร้านทองพันชั่ง คาเฟ่,Suan Luang District,Restaurant,no,Low,0,,,,,openstreetmap,1,+955482836,9 ซอย 21,10250,overture (meta),overture:55d0f132-2ee1-49a8-b0bc-dbde343de844
maytinee@gmail.com,ร้านนัดนมสด,ร้านนัดนมสด,Suan Luang District,Restaurant,no,Low,0,,,,,openstreetmap,1,+66931241772,"Phatthanakan 20 Alley, Lane 11/2",10250,overture (meta),overture:8109050a-63c8-43bc-9354-edd4a2ededa0
niyomthonglor@gmail.com,ร้านนิยมโภชนา ตรงข้ามซอยอ่อนนุช54,ร้านนิยมโภชนา ตรงข้ามซอยอ่อนนุช54,Suan Luang District,Seafood,no,Low,0,,,,,openstreetmap,1,+66869991362,2137 ซอย สุขุมวิท 77,10250,overture (meta),overture:112b5734-5ad3-4246-bfdd-3aef1a9e73d2
min21188888@gmail.com,ร้านบังเว้ย 1981,ร้านบังเว้ย 1981,Suan Luang District,Restaurant,no,Low,0,,,,,openstreetmap,1,+66958804477,413 เเขวง-เขต สวนหลวง ซ.ศรีนครินทร์ 24 (อนามัย),12050,overture (meta),overture:d41ce39a-dedf-4986-b567-f7ee75cb1068
banyenheng@gmail.com,ร้านบานเย็น ขนมเส้น&ขนมหวาน,ร้านบานเย็น ขนมเส้น&ขนมหวาน,Suan Luang District,Restaurant,no,Low,0,,,,,openstreetmap,1,+66929696619,17 ถนน อ่อนนุช,10250,overture (meta),overture:cd34b8cc-1393-45f8-a965-92382fd7c139
sarin.ny25@gmail.com,ร้านบุญกะนี B&N เบเกอรี่,ร้านบุญกะนี B&N เบเกอรี่,Suan Luang District,Bakery,no,Low,0,,,,,openstreetmap,1,+66899822001,66 ถนน อ่อนนุช,10250,overture (meta),overture:3b31cae8-f5da-4b6d-bef0-d843fb5f84bf
chopakachang@gmail.com,ร้านป้าจันก๋วยเตี๋ยวหมูน้ำตก.น้ำใส.ต้มยำ & Skate Scott กาแฟนมสด,ร้านป้าจันก๋วยเตี๋ยวหมูน้ำตก.น้ำใส.ต้มยำ & Skate Scott กาแฟนมสด,Suan Luang District,Restaurant,no,Low,0,,,,,openstreetmap,1,+66929902375,อ่อนนุช 13,,overture (meta),overture:fb3cb590-f60f-4b1f-b6e3-b31e5380b070
pizzabkksusco@gmail.com,ร้านพิซซ่าบางกอกชีสทะลัก,ร้านพิซซ่าบางกอกชีสทะลัก,Suan Luang District,Restaurant,no,Low,0,,,,,openstreetmap,1,+66942188171,870 Srinagarindra Rd,10250,overture (meta),overture:049303f3-4808-41cc-bc8b-3d0b1e404c0a
samphanthipchat@gmail.com,ร้านลาบโค้งสวนรัฐ,ร้านลาบโค้งสวนรัฐ,Suan Luang District,Restaurant,no,Low,0,,,,,openstreetmap,1,+66926760021,224 Soi Soi Phatthanakan 20,10250,overture (meta),overture:0edd85f3-0167-471b-bc0e-4c317e0088a7
eatcrazy2021@gmail.com,ร้านส้มตำเมืองทอง,ร้านส้มตำเมืองทอง,Suan Luang District,Asian; Thai,no,Low,0,,,,,openstreetmap,1,+66880151555,1 ถนน พัฒนาการ,10251,overture (meta),overture:6a03a90d-d3ec-4a89-8c39-ac0aca703ccd
aat7894289@gmail.com,ร้านอาชัญอัทธ์โรตีสายไหม,ร้านอาชัญอัทธ์โรตีสายไหม,Suan Luang District,Cafe,no,Low,0,,,,,openstreetmap,1,+66944235591,1396 Phatthanakan Rd,10250,overture (meta),overture:9b385e6b-3adf-4d1f-853e-4b568d77057e
baankaesara@gmail.com,ร้านอาหาร บ้านเกษรา,ร้านอาหาร บ้านเกษรา,Suan Luang District,Restaurant,no,Low,0,,,,,openstreetmap,1,+66818543923,141/12 ซอยพัฒนาการ 29 ถนนพัฒนาการ,10250,overture (meta),overture:8e4d3026-3722-4505-afdb-a3e28e2a223b
sawoeisukhappy@gmail.com,ร้านอาหารเสวยสุข,ร้านอาหารเสวยสุข,Suan Luang District,Restaurant,no,Low,0,,,,,openstreetmap,1,+66813941656,ตลาดนัดมิตรภาพ Soi On Nut 46,10250,overture (meta),overture:3406ff9f-d7b3-4f17-b3d3-f695c573ddc3
kangpa.restaurant24@gmail.com,ร้านอาหารแกงป่า Kang Pa,ร้านอาหารแกงป่า Kang Pa,Suan Luang District,Asian; Thai,no,Low,0,,,,,openstreetmap,1,+66812336494,466 พัฒนาการ 32,10250,overture (meta),overture:fed14bf1-2961-4092-a609-baf1c6067002
noochalawan@gmail.com,ร้านเมืองชาละวัน พัฒนาการ 30,ร้านเมืองชาละวัน พัฒนาการ 30,Suan Luang District,Asian; Thai,no,Low,0,,,,,openstreetmap,1,,151 ถนน พัฒนาการ,10250,overture (meta),overture:7dae9930-704d-4ecc-b46b-66cbe390a79c
thegourmetmahanakhon@gmail.com,ร้านเออแซ่บ แจ่วฮ้อน สุขุมวิท,ร้านเออแซ่บ แจ่วฮ้อน สุขุมวิท,Suan Luang District,Restaurant,no,Low,0,Local,,https://www.erzab.com/,,openstreetmap,1,+66981019366,"27, 1 On Nut 21 Alley",10250,overture (meta),overture:f2be6c67-e11a-4705-96b8-b30c1e05bb59
nnoppdol2941@gmail.com,ร้านไอศกรีม วันสคูบ one scoop icecream,ร้านไอศกรีม วันสคูบ one scoop icecream,Suan Luang District,Ice cream,no,Low,0,,,,,openstreetmap,1,+66987031842,แขวงสวนหลวง เขตสวนหลวง,10250,overture (meta),overture:81cbe0ec-94c6-450b-9f33-da19e13666ec
leuchacafe@gmail.com,ลือชา น้ำชา กาแฟ ตลาดเสรีมาร์เก็ต,ลือชา น้ำชา กาแฟ ตลาดเสรีมาร์เก็ต,Suan Luang District,Cafe,no,Low,0,,,,,openstreetmap,1,+66855695474,ศูนย์การค้าเดอะไนน์ 999/5 Rama IX Rd,10250,overture (meta),overture:af794eaf-6893-4389-b4d2-a55551f72217
mototo555@hotmail.com,ล้มลุก ปลาเผา,ล้มลุก ปลาเผา,Suan Luang District,Restaurant,no,Low,0,,,,,openstreetmap,1,+66610374646,"7, 117 Phatthanakan Rd",10250,overture (meta),overture:f7e166cc-74bd-4c30-9e98-4d47200446dc
jeanwinworld@gmail.com,ล้านบ้านอาหมวย,ล้านบ้านอาหมวย,Suan Luang District,Restaurant,no,Low,0,,,,,openstreetmap,1,+66929818918,"ซอย ประเวศน์, สวนหลวง, สวนหลวง, กรุงเทพมหานคร 10250, ประเทศไทย",10250,overture (meta),overture:ef796bd0-d420-4466-a8c7-692219484b50
hiso-cherry@hotmail.com,วรรัตน์ ซาลาเปาเบตง พ.ศ. 2517,วรรัตน์ ซาลาเปาเบตง พ.ศ. 2517,Suan Luang District,Asian,no,Low,0,,,,,openstreetmap,1,+66816593994,21 Phatthanakan 53,10250,overture (meta),overture:bea303b2-b17a-443a-87d5-9afcc46a507a
jakkapon_kawee@hotmail.com,วัฒนาพานิช เจ้าเก่าเอกมัย เสรีมาร์เก็ต,วัฒนาพานิช เจ้าเก่าเอกมัย เสรีมาร์เก็ต,Suan Luang District,Restaurant,no,Low,0,,,,,openstreetmap,1,+66851126496,"999/5, ศูนย์การค้าเดอะไนน์ Rama IX Rd",10250,overture (meta),overture:bfb87111-1c45-493a-9b86-e1075eb31f7c
panat8532@gmail.com,วาสนาขนมไทยเเละเเมลงทอด,วาสนาขนมไทยเเละเเมลงทอด,Suan Luang District,Asian; Thai,no,Low,0,,,,,openstreetmap,1,+66924565825,ถ.สุขุมวิท77  (  ซอย อ่อนนุช 21/1),10250,overture (meta),overture:eb80deda-98da-4d01-945c-92718ab7f675
info@viphawan.com,วิภาวรรณ,วิภาวรรณ,Suan Luang District,Restaurant,no,Low,0,Local,,http://www.viphawan.com/,,openstreetmap,1,+66989032203,429,10250,overture (meta),overture:ef04b740-f370-4f91-9a6b-e7a07014aede
noonnk69@gmail.com,ศูนย์อาหารพัฒนาการ 34,ศูนย์อาหารพัฒนาการ 34,Suan Luang District,Restaurant,no,Low,0,,,,,openstreetmap,1,+66926407789,Phatthanakan 34 Alley,10250,overture (meta),overture:9ae8df86-133f-4fac-a069-8c591d6fa956
puangpet37@gmail.com,สวนอาหารอีสานเพ็ชร,สวนอาหารอีสานเพ็ชร,Suan Luang District,Restaurant,no,Low,0,,,,,openstreetmap,1,+66832379126,On Nut 37 Alley,10250,overture (meta),overture:77edb2a7-525c-4351-8a07-3dd1db0c8a10
suriyaboonmalert844@gmail.com,สะเต๊ะชานเมือง ฮาลาล,สะเต๊ะชานเมือง ฮาลาล,Suan Luang District,Restaurant,no,Low,0,,,,,openstreetmap,1,+66917831423,"10250, กรุงเทพมหานคร, Thailand",10250,overture (meta),overture:3119f981-afbe-4735-b27b-365f5926a7ba
salete.srinagarin@gmail.com,สะเลเตสาขาศรีนครินทร์ อาหารอีสาน ไทย จิ้มจุ่ม,สะเลเตสาขาศรีนครินทร์ อาหารอีสาน ไทย จิ้มจุ่ม,Suan Luang District,Restaurant,no,Low,0,,,,,openstreetmap,1,+66906452945,ศรีนครินทร์18 ถนนศรีนครินทร์,10250,overture (meta),overture:a9c1cbdb-fa80-4f20-8780-a99208f084af
btbbuilt@btb.co.th,สำนักงานขาย บิวท์ ทู บิวด์,สำนักงานขาย บิวท์ ทู บิวด์,Suan Luang District,Cafe,no,Low,0,Local,,http://www.smallhouse.co.th,,venue website,1,,,,overture (meta),overture:159921b1-2925-4b81-a8f3-d757da261700
puyteef123@gmail.com,สไลลา หอยทอด&ผัดไทย حلال สาขา พัฒนาการ20,สไลลา หอยทอด&ผัดไทย حلال สาขา พัฒนาการ20,Suan Luang District,Asian; Thai,no,Low,0,,,,,openstreetmap,1,+66822917748,,,overture (meta),overture:60b06cac-00ff-43f3-8cac-7cee2b6126de
tachasit2233@gmail.com,ส้มตำรสเด็ด-ปุณ22,ส้มตำรสเด็ด-ปุณ22,Suan Luang District,Asian; Thai,no,Low,0,,,,,openstreetmap,1,+66636452629,16 ซอย สุขุมวิท 77,10250,overture (meta),overture:17fa185d-c509-462b-bc33-9dbaa56573ef
kongkwanbanjamas@gmail.com,หงส์ หงส์ หม่าล่าสุกี้ สาขาพัฒนาการ25,หงส์ หงส์ หม่าล่าสุกี้ สาขาพัฒนาการ25,Suan Luang District,Restaurant,no,Low,0,,,,,openstreetmap,1,+66840736762,1349 Phatthanakan 25,10250,overture (meta),overture:ce049601-6d03-45e1-b3f9-716411249a44
permpoon.pin@gmail.com,หมากะทุ อ่อนนุช44,หมากะทุ อ่อนนุช44,Suan Luang District,Restaurant,no,Low,0,,,,,openstreetmap,1,+66950038128,318 ซอย สุขุมวิท 77,10250,overture (meta),overture:6bf6105d-4134-4a45-9e8b-536918d814f9
marcuz.manager@gmail.com,หมูกรอบ,หมูกรอบ,Suan Luang District,Restaurant,no,Low,0,,,,,openstreetmap,1,+66637978956,34 ซอย รามคําแหง 24,10240,overture (meta),overture:e3c2937b-1e08-4a95-95b7-631cb5c2d355
mukrobsompong@gmail.com,หมูกรอบลุงสมพงศ์,หมูกรอบลุงสมพงศ์,Suan Luang District,Restaurant,no,Low,0,Local,,https://www.wongnai.com/r/283082UN,comely446@gmail.com; intchonsathorn11@gmail.com; yuttapum_2529@hotmail.com; 0944322425a@gmail.com; sulkifleemaehha@gmail.com,openstreetmap,1,+6623221136,1504 ซอย พัฒนาการ,10250,overture (meta),overture:e60eed14-b275-4cb4-9d08-403108e5d30f
thongchi35@gmail.com,หมูทะไง,หมูทะไง,Suan Luang District,Restaurant,no,Low,0,,,,,openstreetmap,1,+66806304660,อ่อนนุช 10,,overture (meta),overture:e9546e47-d42b-4f6b-9b22-233f2ab51cc8
mhom.rama9@gmail.com,หม่อม พระราม9 Mhom Rama9,หม่อม พระราม9 Mhom Rama9,Suan Luang District,Restaurant,no,Low,0,,,,,openstreetmap,1,+66839328045,51 ซอย สวนหลวง,10250,overture (meta),overture:4a645ef4-bd80-4ed2-b8e5-a73ef095d148
kammart2546@gmail.com,หม่าล่าน้าชาย,หม่าล่าน้าชาย,Suan Luang District,Restaurant,no,Low,0,,,,,openstreetmap,1,+66930064288,ตลาดดวงแก้ว ถ.ติวานนท์,11120,overture (meta),overture:97b5f30b-44fe-4f8f-910c-e3d52a362c88
daekduemhalal.2@gmail.com,หม่าล่าแดกดื่มฮาลาล,หม่าล่าแดกดื่มฮาลาล,Suan Luang District,Restaurant,no,Low,0,,,,,openstreetmap,1,+66875560559,สุเหร่าดารุ้ลอามีน Srinagarindra Rd,10250,overture (meta),overture:5bc2bfbe-4341-4ca6-942f-01a76d41c0b6
traitit1990@gmail.com,หวานเย็นไผ่โอชะ ซุปเปอร์วันพลาซ่า,หวานเย็นไผ่โอชะ ซุปเปอร์วันพลาซ่า,Suan Luang District,Cafe,no,Low,0,,,,,openstreetmap,1,+66959452265,1200 ถนน สุขุมวิท 71,10250,overture (meta),overture:70d624fb-c86b-4c80-8014-3aab37f34bec
homchui.onnut@gmail.com,หอมฉุยข้าวมันไก่สิงคโปร์สาขาอ่อนนุช,หอมฉุยข้าวมันไก่สิงคโปร์สาขาอ่อนนุช,Suan Luang District,Asian; Thai,no,Low,0,,,https://lin.ee/X7bIFge,,openstreetmap,1,+66614192428,15 On Nut Rd,10250,overture (meta),overture:666bf66c-37c1-4a60-b920-e1c1a72d2534
hormcha@gmail.com,หอมชา by So-udorn,หอมชา by So-udorn,Suan Luang District,Cafe,no,Low,0,,,,,openstreetmap,1,+66898142880,เรียบทางรถไฟคลองตัน160 Kamphaeng Phet 7 Rd,10250,overture (meta),overture:1954454e-9de3-4291-92c2-17ffb3043f7e
ma.asma2538@gmail.com,หอมชา สถานีพัฒน์25 Hom Cha Halal,หอมชา สถานีพัฒน์25 Hom Cha Halal,Suan Luang District,Halal,no,Low,0,,,,,openstreetmap,1,+66865591823,154 โครงการสถานีพัฒน์ 25 ถนนเลียบทางรถไฟ,10250,overture (meta),overture:f1d52fb8-c17c-4ee7-a66a-928272a82112
homnuerhalal@gmail.com,หอมเนื้อ ก๋วยเตี๋ยวเรือ ฮาลาล เนื้อสไลด์ วากิว หม้อไฟ,หอมเนื้อ ก๋วยเตี๋ยวเรือ ฮาลาล เนื้อสไลด์ วากิว หม้อไฟ,Suan Luang District,Halal,no,Low,0,,,,,openstreetmap,1,+66963045528,253 ถนนเฉลิมพระเกียรติ (แยกประเวศ) เขตประเวศ,10250,overture (meta),overture:5533d0d2-b05c-4134-8bd3-86624b0b3689
akesit.pn@gmail.com,ห้องแถว-HongkongPorkrice,ห้องแถว-HongkongPorkrice,Suan Luang District,Asian; Chinese,no,Low,0,,,,,openstreetmap,1,+66946615192,76 ซอย 1,10251,overture (meta),overture:5f75b6a6-fd5e-4b5b-bafa-a8b30484ad27
annyeong30101@gmail.com,อันยอง ไก่ทอดเกาหลี,อันยอง ไก่ทอดเกาหลี,Suan Luang District,Restaurant,no,Low,0,,,,,openstreetmap,1,+66934621608,114/2 หมู่บ้านพฤกษา ต.บางเพรียง อ.บางบ่อ สมุทรปราการ ,10560,overture (meta),overture:dd333fe7-5996-4965-b038-03baec993634
napatpong.t@gmail.com,อันอันหมูย่าง,อันอันหมูย่าง,Suan Luang District,Takeaway,no,Low,0,,,,,openstreetmap,1,+66963544269,"ป้ายรถเมล์, พัฒนาการชอบ 3",10250,overture (meta),overture:47929f25-fc39-4ec1-bcfe-5b8731127f31
aemaembaba8579@gmail.com,อาหารตามสั่ง ส้มตำ ข้าวกะเพราปากแซ่บ,อาหารตามสั่ง ส้มตำ ข้าวกะเพราปากแซ่บ,Suan Luang District,Takeaway,no,Low,0,,,https://share.google/2NfBOaUK18QLSaGkM,,openstreetmap,1,+66967593340,457 ซอยผ่องโสภา,10250,overture (meta),overture:840dd794-0d36-4ca0-ae26-d917e9d1302c
tevadachoochai@gmail.com,อาหารตามสั่ง เทวดา อร่อย สุดคุ้ม ขาย 24 ชม.,อาหารตามสั่ง เทวดา อร่อย สุดคุ้ม ขาย 24 ชม.,Suan Luang District,Restaurant,no,Low,0,,,,,openstreetmap,1,+66838057304,82 ซอย สวลี,10260,overture (meta),overture:ffb2d5ba-c472-43ef-b065-86351e2845f7
afeibbqpork@gmail.com,อาเฟย หมูแดง หมูกรอบ,อาเฟย หมูแดง หมูกรอบ,Suan Luang District,Restaurant,no,Low,0,,,,,openstreetmap,1,+66841114151,ถนนราชปรารภ,10310,overture (meta),overture:1fc69952-1578-4a41-ad50-57c7c79912e3
imnumsumraan@gmail.com,อิ่มหนำสำราญ Thai Eatery,อิ่มหนำสำราญ Thai Eatery,Suan Luang District,Restaurant,no,Low,0,,,,,openstreetmap,1,+66961381112,1309 ถนน รามคําแหง,10250,overture (meta),overture:6cca4f7e-b845-48d8-b4cd-91efeef8066e
chanitsara2952@gmail.com,อิ่มหมก Immok halal food,อิ่มหมก Immok halal food,Suan Luang District,Halal,no,Low,0,,,,,openstreetmap,1,+66646452952,59 อ่อนนุช 27,10250,overture (meta),overture:665144ae-311c-4861-82bf-152a1b301457
aisirolarb@gmail.com,อ้ายศิโรลาบ - AiSirolarb,อ้ายศิโรลาบ - AiSirolarb,Suan Luang District,Restaurant,no,Low,0,,,,,openstreetmap,1,+66994089875,เลขที่ 2 ซอยอ่อนนุช 34,10250,overture (meta),overture:a10a2283-9e73-48aa-ac79-0af17135a5a6
niyomkarndee@gmail.com,ฮาโหลโอป้า,ฮาโหลโอป้า,Suan Luang District,Cafe,no,Low,0,,,,,openstreetmap,1,+66619645615,,,overture (meta),overture:c6c5919b-5e6a-4334-9e1d-58c76a6d4f56
honnuakruasandee@gmail.com,ฮ้อนนัวครัวแสนดี,ฮ้อนนัวครัวแสนดี,Suan Luang District,Asian; Thai,no,Low,0,,,,,openstreetmap,1,+66863882906,6 ซอย บ้านเรา,10240,overture (meta),overture:9045b49c-ad1b-48f0-9e11-4ded004deed5
bank16488@gmail.com,เกี๊ยวซ่าข้าวหอม&เมี่ยงคำน้ำเหนือ,เกี๊ยวซ่าข้าวหอม&เมี่ยงคำน้ำเหนือ,Suan Luang District,Restaurant,no,Low,0,,,,,openstreetmap,1,+66623735383,ซอยรามคำแหง2ซอย23แยก9,10250,overture (meta),overture:074138e7-2c85-4a91-8e79-0ed3e045177e
nutchy985@gmail.com,เคาะกระทะตามสั่ง,เคาะกระทะตามสั่ง,Suan Luang District,Asian; Thai,no,Low,0,,,,,openstreetmap,1,+66616565606,8 ถนน พัฒนาการ,10250,overture (meta),overture:538566ae-41fc-4998-96d3-6ff6d958ffce
cakerromd.rama9@gmail.com,เค้กอารมณ์ดี พระรามเก้า Choux-cream-horn for all ชูครีม เอแคลร์ ครีมฮอร์น,เค้กอารมณ์ดี พระรามเก้า Choux-cream-horn for all ชูครีม เอแคลร์ ครีมฮอร์น,Suan Luang District,Bakery,no,Low,0,,,,,openstreetmap,1,+66959942466,999/1 ถนน พระราม 9,10251,overture (meta),overture:8b7ec164-9ccc-4b65-a1df-892491ea3e29
jira.foodandbev@gmail.com,เตรียมท้อง Food and Drinks,เตรียมท้อง Food and Drinks,Suan Luang District,Restaurant,no,Low,0,,,,,openstreetmap,1,+66846249876,25 พัฒนาการ 58,10251,overture (meta),overture:a3d902e8-cb8e-4329-91b1-c03f96fe433f
smilejan40@gmail.com,เตี๋ยวญวน พัฒนาการ 53,เตี๋ยวญวน พัฒนาการ 53,Suan Luang District,Restaurant,no,Low,0,,,,,openstreetmap,1,+66959635054,424 Phatthanakan Rd,10250,overture (meta),overture:b954a46e-4c5d-40d4-a4de-3357d8df73ab
nattavudhij@hotmail.com,เตี๋ยวติดลม,เตี๋ยวติดลม,Suan Luang District,Restaurant,no,Low,0,,,,,openstreetmap,1,+66876999970,เลขที่ 3 พระราม 9 ซอย 41 แยก 6,10250,overture (meta),overture:621ce4cb-688f-40c2-9c3c-804dd4eb212a
teowmoo@gmail.com,เตี๋ยวหมู-สตูว์ปัง,เตี๋ยวหมู-สตูว์ปัง,Suan Luang District,Restaurant,no,Low,0,,,,,openstreetmap,1,+66869291830,817​ ถนนพัฒนาการ​ตัด​ใหม่​-เฉลิมพระเกียรติ​ร.9​ แขวงประเวศ​ เขตประเวศ ,10250,overture (meta),overture:7a06805c-0d60-4b6d-b7a0-323a0804310f
thanawan24543@gmail.com,เตเต้ข้าวยำไก่แซ่บพัฒนาการ13,เตเต้ข้าวยำไก่แซ่บพัฒนาการ13,Suan Luang District,Restaurant,no,Low,0,,,,,openstreetmap,1,+66630081347,145 ถนน พัฒนาการ,10250,overture (meta),overture:1de6899d-a54a-4f63-867e-a1ed55de36dd
mailtonoom@gmail.com,เนื้อย่าง โคขุนย่าง ร้านบีฟวิลล์ BeefVille,เนื้อย่าง โคขุนย่าง ร้านบีฟวิลล์ BeefVille,Suan Luang District,Cafe,no,Low,0,,,,,openstreetmap,1,+66834902410,31 ถนน ศรีนครินทร์,10251,overture (meta),overture:1e471621-c3e5-4a70-925d-9c69392d60e9
bankriverkok@gmail.com,เฟิร์สก๋วยเตี๋ยวเรือ,เฟิร์สก๋วยเตี๋ยวเรือ,Suan Luang District,Asian; Thai,no,Low,0,,,,,openstreetmap,1,+66924296404,ถนนศรีนครินทร์,10250,overture (meta),overture:eaae65a9-b5d8-4be4-a80b-78db5b6c40d2
info@saintergroup.com,เมอิเซน อาโอจิรุ Meisen Aojiru,เมอิเซน อาโอจิรุ Meisen Aojiru,Suan Luang District,Restaurant,no,Low,0,,,,,openstreetmap,1,+6622334274,"เกษมกิจ, 120 ถนน สีลม",10500,overture (meta),overture:3bb496ef-f53d-4e3d-bb1f-4e4754cd3bc7
info@yenchump.com,เย็นช่ำ,เย็นช่ำ,Suan Luang District,Cafe,no,Low,0,,,,,openstreetmap,1,,Ping Mache Park at On nuch 46,10250,overture (meta),overture:1e745198-4c38-4909-83de-3cec2eb010ab
nattekanwara@gmail.com,เล่าซา อ่อนนุช 44,เล่าซา อ่อนนุช 44,Suan Luang District,Restaurant,no,Low,0,,,,,openstreetmap,1,+66968679295,292/3 ตึก44เเมนชั่น,10250,overture (meta),overture:cb8d1e4b-c74f-4e16-8143-41e02a4431f8
veladerntange@gmail.com,เวลาเดินทาง,เวลาเดินทาง,Suan Luang District,Cafe,no,Low,0,,,,,openstreetmap,1,+66987474466,11 Soi 5,10250,overture (meta),overture:830c28f0-c9e8-4722-ab68-8d5396ea9174
pizh12403psm@gmail.com,เสือดองกิน,เสือดองกิน,Suan Luang District,Asian; Thai,no,Low,0,,,,,openstreetmap,1,+66939494294,32 พัฒนาการ,10250,overture (meta),overture:4a83a605-51ea-49cf-b197-e78745836458
meili.henry1885@gmail.com,เหม่ยลี่ เฮนรี,เหม่ยลี่ เฮนรี,Suan Luang District,Bar,no,Low,0,,,,,openstreetmap,1,,51 ซอย สวนหลวง,10250,overture (meta),overture:4ee0c4b0-7bc7-46b7-9081-4977a595f790
heyaroi@hotmail.com,เฮ้ย....อร่อย-ก๋วยเตี๋ยว,เฮ้ย....อร่อย-ก๋วยเตี๋ยว,Suan Luang District,Asian; Thai,no,Low,0,,,,,openstreetmap,1,+66619592422,53 ถนน พัฒนาการ,10250,overture (meta),overture:c54c6a13-5926-4dff-a1a5-707cfc94f39c
cannamed789@gmail.com,แคนนา คลินิกการแพทย์แผนไทย,แคนนา คลินิกการแพทย์แผนไทย,Suan Luang District,Restaurant,no,Low,0,Local,,https://cannamed789.wixsite.com/my-site-2,,openstreetmap,1,,3 ซอย 4,10251,overture (meta),overture:b2eee5ed-053c-411c-9a4a-15bf6d002e42
fongbeer.22242@gmail.com,แจ่วฮ้อนแซ่บๆ,แจ่วฮ้อนแซ่บๆ,Suan Luang District,Restaurant,no,Low,0,,,,,openstreetmap,1,+66923122242,"506 On Nut 17 Alley, Lane 16",10250,overture (meta),overture:d9c1a7ea-56b6-48ae-b681-053f665e7de4
zabkador.2023@gmail.com,แซ่บกะด้อ,แซ่บกะด้อ,Suan Luang District,Restaurant,no,Low,0,,,,,openstreetmap,1,+66933852329,1 ซอย รามคําแหง 24 แยก 20,10240,overture (meta),overture:a4935352-37f5-469f-a0c2-bae0644cfcc4
zabonzon@gmail.com,แซ่บออนซอน,แซ่บออนซอน,Suan Luang District,Restaurant,no,Low,0,Local,,https://sites.google.com/view/zabonzon,,openstreetmap,1,+66632202896,47/7 ถนน พระรามที่ 9,10250,overture (meta),overture:c612f851-998a-4fc1-a493-e2d9ea495e20
laekarn.bkk@gmail.com,แลกาล Crafted boat noodle,แลกาล Crafted boat noodle,Suan Luang District,Restaurant,no,Low,0,,,,,openstreetmap,1,+66909730990,5 ถนน รามคําแหง,10250,overture (meta),overture:335a5844-f013-4053-9ce6-c4c25a2354dc
khunsangchan@hotmail.com,แสงจันทร์โภชนา,แสงจันทร์โภชนา,Suan Luang District,Restaurant,no,Low,0,,,,,openstreetmap,1,+6623223260,"1760, ถนนอ่อนนุช",10250,overture (meta),overture:062d723e-0afd-444f-9b26-0838f88cf037
surachai19st@gmail.com,แสงไทยออโต้พาท์ส อะไหล่รถยนต์เก่า/ใหม่,แสงไทยออโต้พาท์ส อะไหล่รถยนต์เก่า/ใหม่,Suan Luang District,Asian; Thai,no,Low,0,,,,,openstreetmap,1,+66836170866,1584 อ่อนนุช,10250,overture (meta),overture:26aece54-292a-4c33-8865-76233e028777
absabsociety@gmail.com,แอบแซ่บโซไซตี้,แอบแซ่บโซไซตี้,Suan Luang District,Asian; Thai,no,Low,0,,,,,openstreetmap,1,+66951893282,30 ถนน พระราม 9,10251,overture (meta),overture:9fe1e7bd-8425-4be7-adc2-fba39689038e
home.opacafe@gmail.com,แฮปเดอนูคาเฟ่,แฮปเดอนูคาเฟ่,Suan Luang District,Cafe,no,Low,0,,,,,openstreetmap,1,+6627222190,2857-9 พัฒนาการ,10240,overture (meta),overture:3ce5f9ec-aa0e-4f2e-b48d-d7b98033b7ba
kokee.phat25station@gmail.com,โกกี้ นมสด สถานีพัฒน์,โกกี้ นมสด สถานีพัฒน์,Suan Luang District,Cafe,no,Low,0,,,,,openstreetmap,1,+66853261882,"Kamphaeng Phet 7 Rd, Suan Luang, Bangkok 10250",10110,overture (meta),overture:08e0aae3-8262-4130-b0b4-feb339935795
kunkuuu@hotmail.com,โกกุ ก๋วยเตี๋ยวเนื้อตุ๋น-หมูตุ๋น,โกกุ ก๋วยเตี๋ยวเนื้อตุ๋น-หมูตุ๋น,Suan Luang District,Restaurant,no,Low,0,,,,,openstreetmap,1,+66810666010,22 ถนน พระราม 9,10251,overture (meta),overture:a81d2e25-35ae-4aca-bebc-f57ae5bdcbfc
mangakoto44@gmail.com,โคโตะฟุรุอิ,โคโตะฟุรุอิ,Suan Luang District,Asian; Japanese,no,Low,0,,,,,openstreetmap,1,+66957129061,"ใกล้คอนโด ยูดีไลท์, Kotofurui โคโตะฟุรุอิ, 264 ถนน Soi Sukhumvit 77",10250,overture (meta),overture:0cd7e4e5-85cf-4ff4-86ef-c19885943075
ohm.218.25@gmail.com,โจ๊กสยาม อ่อนนุช,โจ๊กสยาม อ่อนนุช,Suan Luang District,Restaurant,no,Low,0,,,,,openstreetmap,1,+66929285472,1599 On Nut Rd,10250,overture (meta),overture:1ae0ad4d-fab9-4760-9690-721d04733505
ham-z-aa@hotmail.com,โดนัท แอนด์ เดอะ ทรี,โดนัท แอนด์ เดอะ ทรี,Suan Luang District,Bakery,no,Low,0,,,,,openstreetmap,1,+66863921292,15 ถนน พัฒนาการ,10250,overture (meta),overture:d1d12230-fe00-4249-881b-961d10d3cbd2
nattyfood26@gmail.com,โต๊ะจีน ต.ต้องและบุฟเฟ่ต์ 0994539594,โต๊ะจีน ต.ต้องและบุฟเฟ่ต์ 0994539594,Suan Luang District,Restaurant,no,Low,0,,,,,openstreetmap,1,+66994539594,สวนหลวง,10250,overture (meta),overture:fcec4b90-8c96-471b-882e-47bfd9045e0e
tigermootood@gmail.com,โรงเตี๊ยมเสือน้อย,โรงเตี๊ยมเสือน้อย,Suan Luang District,Restaurant,no,Low,0,,,,,openstreetmap,1,+66956263320,รามคำแหง,10250,overture (meta),overture:7d9189cc-0762-4fd8-9d43-34fe0288aa6e
tawandang.distillery1999@hotmail.com,โรงเหล้าตะวันแดง คลองตัน,โรงเหล้าตะวันแดง คลองตัน,Suan Luang District,Restaurant,no,Low,0,,,,,openstreetmap,1,+6627172108,855 ถนน พัฒนาการ,10250,overture (meta),overture:d2006c86-ceb6-4561-a858-a9820053e40f
ochufang@gmail.com,โอ ฉูฝาง เสรี,โอ ฉูฝาง เสรี,Suan Luang District,Asian,no,Low,0,,,,,openstreetmap,1,+66980202002,125 Seri 9,10250,overture (meta),overture:75e62390-d947-4850-b434-c59fb666ea70
klaiichancafe@gmail.com,ใกล้ฉัน คาเฟ่ - Klaiichan Cafe,ใกล้ฉัน คาเฟ่ - Klaiichan Cafe,Suan Luang District,Restaurant,no,Low,0,,,,,openstreetmap,1,+66828144541,2235 อพาร์ตเมนต์เอี่ยมสมบัติ ร้านกาแฟใกล้ฉัน เขตสวนหลวง แขวงสวนหลวง ,10250,overture (meta),overture:ab7e93f0-78f8-4351-bde5-c82252e8602c
oranong4041@gmail.com,ใบไม้ร่าเริง,ใบไม้ร่าเริง,Suan Luang District,Asian; Thai,no,Low,0,Local,,http://www.baimairareang.com/,baimairarueng48@gmail.com,openstreetmap,1,+6623202500,843 อาคาร สี่แยกอ่อนนุช ถนนศรีนครินทร์,10250,overture (meta),overture:869c5ea9-86fa-41c2-8ce9-2c729f61e338
tsmor1030@gmail.com,ไก่กรอบคัมแบคแล้วจ้า พรีเซนต์ บาย ครัวริมบ่อ,ไก่กรอบคัมแบคแล้วจ้า พรีเซนต์ บาย ครัวริมบ่อ,Suan Luang District,Restaurant,no,Low,0,,,,,openstreetmap,1,+66958272653,,,overture (meta),overture:6c89d1e2-f65a-4eff-bb79-e81c2b4729b2
thaithaesuki.fts001@gmail.com,ไทยแท้สุกี้,ไทยแท้สุกี้,Suan Luang District,Restaurant,no,Low,0,,,,,openstreetmap,1,+66828263692,4/1 ซอย สุขุมวิท 77,10250,overture (meta),overture:a9e53d2c-16cc-4ebb-bc6c-4f71ee10199f
yagi.koohii.bkk@gmail.com,ไม้ใบ ข้างบ้าน,ไม้ใบ ข้างบ้าน,Suan Luang District,Cafe,no,Low,0,,,,,openstreetmap,1,+66922616324,24 ซอย รามคําแหง 2,10250,overture (meta),overture:68e35b6e-d9ae-44bd-9d7f-11a490274a5c
itim_krapong@icloud.com,ไอติมกระป๋อง ตลาดนัดรถไฟ,ไอติมกระป๋อง ตลาดนัดรถไฟ,Suan Luang District,Ice cream,no,Low,0,,,,,openstreetmap,1,+66817008884,ศรีนครินทร์,10250,overture (meta),overture:3b5b9bb7-623f-48eb-91cd-41144bb039a1
www.mangyeepun1991@gmail.com,ไออุ่น ล้านนา ก๋วยเตี๋ยวหมู,ไออุ่น ล้านนา ก๋วยเตี๋ยวหมู,Suan Luang District,Asian; Japanese,no,Low,0,,,,,openstreetmap,1,+66918573991,11 ถนน ศรีนครินทร์,10250,overture (meta),overture:584f7f81-0ef9-47d6-8011-9535a68629bd
sokimchi88@gmail.com,소김치 โซกิมจิ - อ่อนนุช,소김치 โซกิมจิ - อ่อนนุช,Suan Luang District,Asian; Korean,no,Low,0,,,,,openstreetmap,1,+66639171019,บ้านเลขที่ 70 อ่อนนุช 46/1 แขวงสวนหลวง เขตสวนหลวง ,10250,overture (meta),overture:198b972d-5285-44dd-9058-3b5d9a8c81e4
