website,name,borough,categories,email,locations,phone,address,postcode,facebook,instagram,osm_url
http://arabica.coffee,% ARABICA,Westminster,Cafe,,1,,5 King Street,WC2E 8HN,,,https://www.openstreetmap.org/node/13667021401
https://www.10greekstreet.com/,10 Greek Street,Westminster,Greek,info@10greekstreet.com,1,,10 Greek Street,,,,https://www.openstreetmap.org/way/279322538
https://www.106bakerst.co.uk/,106 Baker Street,Westminster,Bakery; Deli,info@kitchenatholmes.co.uk,1,,106 Baker Street,W1U 6TW,,,https://www.openstreetmap.org/node/6338252684
https://108brasserie.com,108 Brasserie,Westminster,French,,1,,108 Marylebone Lane,,,,https://www.openstreetmap.org/node/6298646460
https://www.starhotelscollezione.com/en/our-hotels/the-gore-london/dining/190-queens-gate.html,190 Queen’s Gate,Westminster,Restaurant,reservations.thefranklin@starhotels.com,1,,,,,,https://www.openstreetmap.org/node/6050608742
https://www.2veneti.com/,2 Veneti,Westminster,Italian,info@2veneti.com,1,,10 Wigmore Street,,,,https://www.openstreetmap.org/way/364348784
http://www.2850.co.uk/,28°-50° Wine Workshop & Kitchen,Westminster,Restaurant,,1,,15-17 Marylebone Lane,W1U 2NE,,,https://www.openstreetmap.org/way/369251666
https://31below.co.uk/,31 Below,Westminster,Cafe,,1,+44 20 3912 2007,31 Marylebone High Street,,,,https://www.openstreetmap.org/node/4839157847
https://34-restaurant.co.uk/,34 Mayfair,Westminster,Steak,,1,+44 20 3350 3437,34,W1K 2HD,,,https://www.openstreetmap.org/node/4512807993
https://50kalo.it/,50 Kalo di Ciro Salvo Pizzeria,Westminster,Pizza,,1,+44 20 7930 9955,7 Northumberland Avenue,WC2N 5BY,,,https://www.openstreetmap.org/node/6106646885
https://www.74duke.com/,74 Duke,Westminster,Restaurant,reservations@74duke.com,1,,74 Duke Street,W1K 6JZ,,,https://www.openstreetmap.org/node/462025223
https://awong.co.uk/,A. Wong,Westminster,Asian; Chinese,info@awong.co.uk,1,+44 20 7828 8931,70-71 Wilton Road,SW1V 1DE,,,https://www.openstreetmap.org/way/449059442
https://www.abasto.co.uk/,Abasto,Westminster,Deli,,1,+44 20 7262 5267,55-57 Connaught Street,W2 2BB,,,https://www.openstreetmap.org/node/644694269
https://www.angussteakhouse.co.uk,Aberdeen Steak House,Westminster,Steak,info@angussteakhouse.co.uk,2,+44 20 7706 4879,163-165 Praed Street,W2 1RH,,,https://www.openstreetmap.org/way/155488586
https://abokado.com/,Abokado,Westminster,Asian; Japanese,getintouch@abokado.com,1,,3 Broadway,SW1H 0AZ,,,https://www.openstreetmap.org/node/2414012807
https://www.abuelocafe.co.uk/,Abuelo,Westminster,Cafe,coventgarden@abuelocafe.co.uk,1,,26 Southampton Street,WC2E 7RS,,,https://www.openstreetmap.org/node/11222511937
https://acaiberryfoods.com/,Acai Berry,Westminster,Cafe,,1,,Kingly Court,,,,https://www.openstreetmap.org/node/5568368539
https://www.greeneking.co.uk/pubs/greater-london/adam-and-eve,Adam & Eve,Westminster,Pub,,1,,81 Petty France,SW1H 9EX,,,https://www.openstreetmap.org/way/603491262
https://www.admiral-duncan.co.uk/soho,Admiral Duncan,Westminster,Pub,,1,,54 Old Compton Street,W1D 4UB,,,https://www.openstreetmap.org/way/157779526
https://akoko.co.uk/,Akoko,Westminster,Restaurant,info@akoko.co.uk,1,+44 20 7323 0593,21 Berners Street,W1T 3LP,https://facebook.com/AkokoRestaurant,https://www.instagram.com/akokorestaurant/,https://www.openstreetmap.org/node/691728906
https://www.alarez.co.uk/,Al Arez,Westminster,Restaurant,info@alarez.co.uk,3,+44 20 7262 4833,101-103 Edgware Road,,,,https://www.openstreetmap.org/way/351025496
https://www.albasha.uk/,Al Basha,Westminster,Restaurant,booking.albasha@gmail.com,1,,48 Knightsbridge,,,,https://www.openstreetmap.org/node/5980616505
http://www.aldar.co.uk/,Al Dar,Westminster,Restaurant,,1,+44 20 7402 2541,61-63 Edgware Road,W2 2HZ,,,https://www.openstreetmap.org/way/351004148
https://alhamrarestaurant.co.uk/,Al Hamra,Westminster,Restaurant,mail@alhamrarestaurant.co.uk,1,,31-33,,,,https://www.openstreetmap.org/node/622552061
https://www.alwaharestaurant.com/,Al Waha,Westminster,Restaurant,,1,+44 20 7229 0806,75 Westbourne Grove,W2 4UL,,,https://www.openstreetmap.org/node/1230578287
https://www.alibabarestaurant.co.uk/,Ali Baba,Westminster,Restaurant,,1,,32 Ivor Place,,,,https://www.openstreetmap.org/node/6433467353
https://alineoflebanon.com/,Aline of Lebanon,Westminster,Cafe,,1,+44 20 7096 2119,14 Maddox Street,,,,https://www.openstreetmap.org/node/5634050678
https://www.alleycatspizza.co.uk,Alley Cats Pizza,Westminster,Pizza,,1,+44 20 7058 2222,22 Paddington Street,W1U 5QY,,,https://www.openstreetmap.org/node/6562683187
https://www.greeneking.co.uk/pubs/greater-london/allsop-arms,Allsop Arms,Westminster,Pub,,1,,137 Gloucester Place,,,,https://www.openstreetmap.org/way/686252742
https://www.almacafe.co.uk,Alma,Westminster,Breakfast,,1,,,,,,https://www.openstreetmap.org/node/3457361812
https://alounakrestaurant.co.uk/home-westbournegrove?view=featured,Alounak Express,Westminster,Cafe,hello@alounakrestaurant.co.uk,1,+44 20 7229 0416,44 Westbourne Grove,W2 5SH,,,https://www.openstreetmap.org/way/368374524
https://www.amaya.biz/,Amaya Restaurant,Westminster,Indian,,1,+44 20 7823 1166,19 Motcomb Street,SW1X 8LB,,,https://www.openstreetmap.org/node/4931014123
https://amazonicorestaurant.com/london/,Amazonico,Westminster,Restaurant,,1,,10 Berkeley Square,W1J 6BR,,,https://www.openstreetmap.org/node/7787387486
https://ambassadorsclubhouse.com/,Ambassador's Clubhouse,Westminster,Indian,info@ambassadorsclubhouse.com,1,+44 20 3319 8100,25 Heddon Street,W1B 4BH,Ambassadorsclubhouse,ambassadorsclubhouse,https://www.openstreetmap.org/node/12677622201
https://www.amigosburgersandshakes.com/,Amigos Burgers & Shakes,Westminster,Burger,,1,+44 20 8960 1113,536-538 Harrow Road,,,,https://www.openstreetmap.org/node/6779410892
https://www.amjadia.co.uk/,Amjadia,Westminster,Indian,info@amjadia.co.uk,1,,15 Picton Place,W1U 1BW,,,https://www.openstreetmap.org/way/217965546
https://www.amorino.com/en/,Amorino,Westminster,Ice cream,,1,+44 20 7494 3300,41 Old Compton Street,W1D 6HF,,,https://www.openstreetmap.org/node/2273728569
https://www.amorino.com,Amorino,Westminster,Ice cream,,1,+44 20 3538 5900,21 Queensway,W2 4QJ,,,https://www.openstreetmap.org/node/5685721149
https://www.andrewedmunds.com/,Andrew Edmunds,Westminster,Restaurant,enquiries@andrewedmunds.com,1,,46 Lexington Street,W1F 0LP,,,https://www.openstreetmap.org/way/273697611
https://anglothai.co.uk/,Anglo Thai,Westminster,Asian,contact@anglothai.co.uk,1,+44203 307 8800,22-24 Seymour Place,W1H 7NL,,anglothai,https://www.openstreetmap.org/node/5328197698
https://www.antidotewinebar.com/,Antidote,Westminster,French,contact@antidotewinebar.com,1,+44 20 7287 8488,12A Newburgh Street,W1F 7RR,,,https://www.openstreetmap.org/way/272019364
http://www.aphroditerestaurant.co.uk/,Aphrodite Taverna,Westminster,Greek,,1,+44 20 7229 2206,15 Hereford Road,W2 4AB,,,https://www.openstreetmap.org/node/582761970
https://www.apricityrestaurant.com/menus,Apricity,Westminster,Restaurant,hello@apricityrestaurant.com,1,+44 20 8017 2780,68 Duke Street,W1K 6JU,,,https://www.openstreetmap.org/node/462025222
https://aquanueva.co.uk/experience,Aqua Nueva,Westminster,Spanish,,1,,30 Argyll Street,,,,https://www.openstreetmap.org/node/799284688
https://www.arambyimad.co.uk/,Aram by Imad,Westminster,Restaurant,hello@arambyimad.co.uk,1,,,,,,https://www.openstreetmap.org/node/751735206
https://www.arang.co.uk/,Arang,Westminster,Asian; Korean,,1,+44 20 7434 2073,9 Golden Square,,,,https://www.openstreetmap.org/node/2525504945
https://www.kingsvenues.com/Conferences-Meetings/Bush-House/Arcade,Arcade Cafe,Westminster,Breakfast,,1,,30 Aldwych,WC2B 4BG,,,https://www.openstreetmap.org/node/10699079948
https://www.archetypecoffee.co.uk/about,Archetype Coffee,Westminster,Breakfast,,1,,31 Riding House Street,W1W 7DY,,,https://www.openstreetmap.org/node/12852876958
https://www.arlington.london/,Arlington,Westminster,Restaurant,reservations@arlington.london,1,+44 20 3856 1000,20 Arlington Street,SW1A 1RJ,,,https://www.openstreetmap.org/node/6821298285
https://www.arrocoffee.com,Arro Coffee - The Temple of Coffee,Westminster,Bakery; Breakfast; Italian,marylebone@arrocoffee.com,2,,67 Chiltern Street,W1U 6NJ,,,https://www.openstreetmap.org/way/235395296
https://www.askitalian.co.uk/italian/restaurants/london-spring-street,ASK Italian,Westminster,Italian,,1,+44 20 3302 0915,41-43 Spring Street,W2 3RA,,,https://www.openstreetmap.org/way/273011064
https://www.askitalian.co.uk/italian/restaurants/london-park-street,ASK Italian,Westminster,Italian,,1,,,,,,https://www.openstreetmap.org/way/350425863
https://assaggi.co.uk/,Assaggi,Westminster,Italian,admin@assaggi.co.uk,1,+44 20 7792 5501,39 Chepstow Place,,,,https://www.openstreetmap.org/node/7104637364
https://the-attendant.com/,Attendant,Westminster,Breakfast,roastery@the-attendant.com,1,+44 20 7637 3794,27A Foley Street,W1W 6DY,,,https://www.openstreetmap.org/way/276146744
https://aubaine.co.uk/locations/heddon-street/,Aubaine,Westminster,French,events@aubaine.co.uk,1,,4 Heddon Street,W1B 4BS,,,https://www.openstreetmap.org/node/266481949
https://www.aubaine.co.uk/,Aubaine,Westminster,French,hydepark@aubaine.co.uk,1,+44 20 3773 3930,129 Bayswater Road,,,,https://www.openstreetmap.org/node/4855558090
https://www.augustusharris.com/,Augustus Harris,Westminster,Restaurant,contact@augustusharris.com,1,,,WC2B 5JT,,,https://www.openstreetmap.org/way/986920653
https://www.bigmammagroup.com/en/trattorias/ave-mario,Ave Mario,Westminster,Italian,contact@bigmammagroup.com,1,+44 20 4578 4370,15 Henrietta Street,WC2E 8QG,bigmammagroup,bigmamma.uk,https://www.openstreetmap.org/node/11163348205
https://www.avenue-restaurant.co.uk/,Avenue,Westminster,Restaurant,,1,+44 20 7321 2111,7-9 St James,SW1A 1EE,,,https://www.openstreetmap.org/node/506308893
https://www.avobar.co.uk/,Avobar,Westminster,Restaurant,hello@avobar.co.uk,1,,23-24 Henrietta Street,,,,https://www.openstreetmap.org/node/5943495285
https://www.avobar.co.uk/london,Avobar,Westminster,Breakfast,hello@avobar.co.uk,1,,60 Chiltern Street,W1U 7RB,,,https://www.openstreetmap.org/node/6326689591
https://babborestaurant.co.uk,Babbo,Westminster,Italian,reservations@babborestaurant.co.uk,1,,29-31 St John's Wood High Street,NW8 7NH,,,https://www.openstreetmap.org/node/6535716234
https://www.babelhouse.co.uk/,Babel House,Westminster,Restaurant,,1,,26 Bruton Place,W1J 6NH,,,https://www.openstreetmap.org/way/605452759
http://backontrackcoffee.co.uk/,Back on Track,Westminster,Cafe,,1,,3a Wimpole Street,,,,https://www.openstreetmap.org/node/3524342342
https://www.badiani1932.com/,Badiani,Westminster,Ice cream,media@badiani1932.com,1,,2 Mercer Walk,WC2H 9FA,,,https://www.openstreetmap.org/way/485638353
https://www.greeneking.co.uk/pubs/greater-london/bag-o-nails,Bag O Nails,Westminster,Pub,,1,,6 Buckingham Palace Road,SW1W 0PP,,,https://www.openstreetmap.org/way/538990064
https://www.bagelfactory.co.uk/locations,Bagel Factory,Westminster,Bagels; Bakery,eat@bagelfactory.co.uk,1,+44 20 7706 1711,175 Praed Street,W2 1RH,,,https://www.openstreetmap.org/node/2273789386
https://bagelfactory.co.uk/,Bagel Factory,Westminster,Bagels,eat@bagelfactory.co.uk,1,,Unit A Baker Street Station,NW1 5LA,,,https://www.openstreetmap.org/way/148305772
https://www.bageriet.co.uk/,Bageriet,Westminster,Bakery,info@bageriet.co.uk,1,+44 20 7240 0000,24 Rose Street,WC2E 9EA,,,https://www.openstreetmap.org/way/565171601
https://www.bakeandcake.co.uk,Bake & Cake,Westminster,Bakery,info@bakeandcake.co.uk,1,+44 20 7724 2626,350-352 Edgware Road,W2 1EA,,,https://www.openstreetmap.org/way/288304679
https://www.bakerandspice.co.uk/,Baker and Spice,Westminster,Bakery,,1,,,,,bakerandspiceuk,https://www.openstreetmap.org/way/545010691
https://www.balans.co.uk,Balans Soho Society,Westminster,Restaurant,balansno60@balans.co.uk,2,,60-62 Old Compton Street,,,,https://www.openstreetmap.org/node/5460436160
https://balthazarlondon.com/,Balthazar London,Westminster,French,,1,+44 20 3301 1155,4-6 Russell Street,WC2B 5HZ,,,https://www.openstreetmap.org/way/257262442
https://bananatree.co.uk/restaurants/westbourne-grove/,Banana Tree,Westminster,Asian,bath@bananatree.co.uk,1,,21-23 Westbourne Grove,W2 4UA,,,https://www.openstreetmap.org/node/3547298142
https://bananatree.co.uk/restaurants/soho/,Banana Tree,Westminster,Asian,soho@bananatree.co.uk,1,+44 20 7437 1351,103-109 Wardour Street,W1F 0UG,,,https://www.openstreetmap.org/node/3753629930
https://bananatree.co.uk/restaurants/covent-garden/,Banana Tree,Westminster,Asian,coventgarden@bananatree.co.uk,1,,34 Wellington Street,WC2E 7BD,,,https://www.openstreetmap.org/way/196657743
https://bananatree.co.uk/restaurants/maida-vale/,Banana Tree,Westminster,Restaurant,maidavale@bananatree.co.uk,1,,166 Randolph Avenue,,,,https://www.openstreetmap.org/way/708829139
https://www.bancone.co.uk/,Bancone,Westminster,Italian,host@bancone.co.uk,2,+44 20 3034 0820,,,,,https://www.openstreetmap.org/node/9268802817
https://www.banhmibay.co.uk/,Banh Mi Bay,Westminster,Asian,hello@banhmibay.co.uk,1,+44 20 3609 4830,21 Rathbone Street,W1T 1NF,,,https://www.openstreetmap.org/node/6089646650
https://www.individualrestaurants.com/,Bank Restaurant & Bar,Westminster,Restaurant,westminster.reservations@bankrestaurants.com,1,+44 20 7630 6644,45 Buckingham Gate,SW1E 6BS,,,https://www.openstreetmap.org/node/169368767
https://baolondon.com/restaurant/bao-soho/,Bao,Westminster,Chinese,info@baolondon.com,1,,53 Lexington Street,W1F 9AS,,,https://www.openstreetmap.org/node/13577345322
https://www.bardostjames.com,Bardo St James's,Westminster,Italian; Pizza,reservations@bardostjames.com,1,+44 20 3828 2487,4 Suffolk Place,SW1Y 4HX,,,https://www.openstreetmap.org/node/10869494217
https://www.barrafina.co.uk/restaurants/adelaide-street,Barrafina,Westminster,Spanish,,1,,10 Adelaide Street,WC2N 4HZ,,,https://www.openstreetmap.org/node/595696911
https://www.barrafina.co.uk/restaurants/dean-street,Barrafina,Westminster,Spanish,,1,,26-27 Dean Street,,,,https://www.openstreetmap.org/node/4693652989
https://www.barrafina.co.uk/,Barrafina Drury Lane,Westminster,Restaurant,info@barrafina.co.uk,1,,,,https://www.facebook.com/barrafinadrurylane,,https://www.openstreetmap.org/node/3815512761
https://www.basilico.co.uk/,Basilico,Westminster,Pizza,,1,,45 Crawford Street,,,,https://www.openstreetmap.org/node/6364655539
https://www.bastalondon.com/,Basta,Westminster,Restaurant,,1,,12 North Row,W1K 7DF,,,https://www.openstreetmap.org/node/472663717
https://bayley-sage.co.uk/stores/marylebone/,Bayley & Sage,Westminster,Deli,marylebone@bayley-sage.co.uk,1,+44 207 9522 269,33-34 Marylebone High Street,W1U 4QD,,,https://www.openstreetmap.org/node/4839157842
https://www.bbarlondon.com/,Bbar,Westminster,Pub,admin@bbarlondon.com,1,,43 Buckingham Palace Road,SW1W 0PP,,,https://www.openstreetmap.org/node/295905009
http://cafebeam.co.uk/,Beam,Westminster,Cafe,,1,+44 20 7243 0111,103 Westbourne Grove,,,,https://www.openstreetmap.org/node/13905032802
http://www.beastrestaurant.co.uk/,Beast,Westminster,Restaurant,,1,,3 Chapel Place,,,,https://www.openstreetmap.org/node/3880049602
https://beasybar.co.uk,BEASY,Westminster,Restaurant,,1,+44 7930 008464,58 Greek Street,W1D 3DY,,,https://www.openstreetmap.org/node/13571511985
https://bebebob.com/,Bebe Bob,Westminster,Restaurant,reservations@bebebob.com,2,,37 Golden Square,,https://www.facebook.com/bobbobricard.city/,https://www.instagram.com/bobbobricard,https://www.openstreetmap.org/node/12162371855
https://beirutcafe.co.uk/,Beirut Cafe,Westminster,Halal,,1,+44 20 7041 9828,117-119 Edgware Road,,,,https://www.openstreetmap.org/way/351025498
http://beiteddineexpressmayfair.co.uk/,Beiteddine Express,Westminster,Restaurant,,1,,19 Clarges Street,W1J 8AG,,,https://www.openstreetmap.org/node/1115390600
https://belgraverestaurant.com/,Belgrave,Westminster,Restaurant,info@belgraverestaurant.com,1,+44 20 7624 4242,1 Belgrave Gardens,,https://www.facebook.com/BelgraveRestaurant,,https://www.openstreetmap.org/node/6629510928
https://www.bellaitalia.co.uk/restaurants/london/queensway-55,Bella Italia,Westminster,Italian,queensway55@bellaitalia.co.uk,1,+44 20 7792 2880,55 Queensway,W2 4QH,,,https://www.openstreetmap.org/node/281426069
https://www.bellaitalia.co.uk/restaurants/london/queensway-110,Bella Italia,Westminster,Italian,queensway108@bellaitalia.co.uk,1,+44 20 7229 2439,108-110 Queensway,,,,https://www.openstreetmap.org/node/534651597
https://www.bellaitalia.co.uk/restaurants/london/cranbourn-street,Bella Italia,Westminster,Italian,cranbournst@bellaitalia.co.uk,1,,,,,,https://www.openstreetmap.org/node/4736199921
https://www.bellaitalia.co.uk/restaurants/london/the-strand,Bella Italia,Westminster,Italian,strand@bellaitalia.co.uk,1,+44 20 7839 6005,65-72 Strand,WC2N 5LR,,,https://www.openstreetmap.org/way/72140289
https://www.bellaitalia.co.uk/restaurants/london/wellington-street,Bella Italia,Westminster,Italian,wellingtonst@bellaitalia.co.uk,1,,28 Wellington Street,WC2E 7PS,,,https://www.openstreetmap.org/way/99952300
https://www.bellaitalia.co.uk/restaurants/london/paddington,Bella Italia,Westminster,Italian,paddington@bellaitalia.co.uk,1,,16 London Street,W2 1HL,,,https://www.openstreetmap.org/way/155488595
https://www.bellaitalia.co.uk/restaurants/london/st-martins-lane,Bella Italia,Westminster,Italian,stmartins@bellaitalia.co.uk,1,,70 St Martin's Lane,WC2N 4JS,,,https://www.openstreetmap.org/way/566157055
https://www.bellaitalia.co.uk/restaurants/london/shaftesbury-avenue,Bella Italia,Westminster,Italian,shaftesburyave@bellaitalia.co.uk,1,,61-63 Shaftesbury Avenue,W1D 6LQ,,,https://www.openstreetmap.org/way/993516047
https://www.bellaitalia.co.uk/restaurants/london/irving-street,Bella Italia,Westminster,Italian,irvingst@bellaitalia.co.uk,1,,10 Irving Street,WC2H 7AT,,,https://www.openstreetmap.org/way/995954604
https://www.bellamysrestaurant.co.uk/,Bellamy's,Westminster,French,,1,+44 20 7491 2727,18 Bruton Place,W1J 6LY,,,https://www.openstreetmap.org/way/605454270
https://www.benaresrestaurant.com/,Benares,Westminster,Restaurant,,1,+44 20 7629 8886,12a Berkeley Square,,,,https://www.openstreetmap.org/way/211547727
http://www.benihana.co.uk/,Benihana,Westminster,Asian; Japanese; Steak,,1,+44 20 7494 2525,37 Sackville Street,,,,https://www.openstreetmap.org/node/4677347890
https://www.bentleys.org/,Bentley's,Westminster,Seafood,reservations@bentleys.org,1,,,W1B 4DG,,,https://www.openstreetmap.org/way/290306916
https://www.benugo.com/,Benugo,Westminster,Cafe,orders@benugo.com,1,,,,,,https://www.openstreetmap.org/way/340427500
https://www.benugo.com/cafes/wigmore-street,Benugo,Westminster,Cafe,,1,+44 20 7935 1159,79-81 Wigmore Street,,,,https://www.openstreetmap.org/way/369251668
https://www.berberepizzeria.co.uk/marylebone,Berberè Pizzeria,Westminster,Italian; Pizza,,1,,50 James Street,,,,https://www.openstreetmap.org/node/13352938903
https://bernardis.co.uk/,Bernardi's,Westminster,Italian,,1,,62 Seymour Street,W1H 5BN,,,https://www.openstreetmap.org/node/4054930315
https://letsgotobibis.co.uk/,Bibi's,Westminster,Cafe,info@letsgotobibis.co.uk,2,,14/14A Golden Square,W1F 9JG,,,https://www.openstreetmap.org/node/594876703
https://bibimbapsoho.co.uk/,BiBimBap,Westminster,Asian; Korean,,1,,11 Greek Street,,,https://www.instagram.com/bibimbapsoho,https://www.openstreetmap.org/node/13154403847
https://bigpizzachicken.co.uk/,Big Pizza and Chicken,Westminster,Pizza,,1,,93 Chippenham Road,W9 2AB,,,https://www.openstreetmap.org/way/464125835
https://bills-website.co.uk/,Bill's,Westminster,Restaurant,,1,+44 20 7287 8712,36-44 Brewer Street,W1F 9TB,,,https://www.openstreetmap.org/node/2406698069
https://bills-website.co.uk/restaurants/baker-street,Bill's,Westminster,Restaurant,,1,,119-121 Baker Street,,,,https://www.openstreetmap.org/node/6346469487
https://bills-website.co.uk/restaurants/victoria,Bill's,Westminster,Restaurant,,1,+44 20 4512 6668,Cathedral Walk,SW1E 5JL,,,https://www.openstreetmap.org/node/9283422268
https://www.birleysandwiches.co.uk/,Birley Sandwiches,Westminster,Deli,,1,,1–6 Essex Street,WC2R 3HY,,,https://www.openstreetmap.org/node/3148350561
https://biryaniguys.co.uk,Biryani Guys,Westminster,Indian,biryaniguys@outlook.com,1,+447923373248,49 Bedford Street,WC2E 9HA,,,https://www.openstreetmap.org/node/13058863701
https://www.bistro1.co.uk/,Bistro1,Westminster,French,b1@bistro1.co.uk,1,,27 Frith Street,W1D 5LE,,,https://www.openstreetmap.org/node/13968960250
http://www.bizzarro.co.uk/,Bizzaro,Westminster,Italian,,1,+44 20 7723 6029,18-22 Craven Road,W2 3BP,,,https://www.openstreetmap.org/way/344137349
https://www.theblackhorselondon.com,Black Horse,Westminster,Pub,,1,+44 20 3582 4137,6 Rathbone Place,W1T 1HL,,,https://www.openstreetmap.org/way/244772119
https://www.blackroe.com/,Black Roe,Westminster,Seafood,,1,+44 20 3794 8448,Mill Street,,,,https://www.openstreetmap.org/node/5643033214
https://blacksheepcoffee.co.uk/blogs/locations/strand,Black Sheep Coffee,Westminster,Breakfast,l.blakey@blacksheepcoffee.co.uk,1,,425,WC2R 0QE,,,https://www.openstreetmap.org/node/2536636334
https://blacksheepcoffee.co.uk/blogs/locations/elizabeth-street,Black Sheep Coffee,Westminster,Breakfast,l.blakey@blacksheepcoffee.co.uk,1,,6-9 Elizabeth Street,SW1W 9RB,,,https://www.openstreetmap.org/node/3223507049
https://blacksheepcoffee.co.uk/blogs/locations/victoria-station,Black Sheep Coffee,Westminster,Breakfast,l.blakey@blacksheepcoffee.co.uk,1,,189 Victoria Street,,,,https://www.openstreetmap.org/node/3631210990
https://blacksheepcoffee.co.uk/blogs/locations/great-portland-street,Black Sheep Coffee,Westminster,Breakfast,l.blakey@blacksheepcoffee.co.uk,1,,Euston Road,W1W 5PW,,,https://www.openstreetmap.org/node/4270686796
https://blacksheepcoffee.co.uk/blogs/locations/paddington,Black Sheep Coffee,Westminster,Breakfast,l.blakey@blacksheepcoffee.co.uk,1,,,,,,https://www.openstreetmap.org/node/6854798507
https://theblacklock.com/,Blacklock,Westminster,Steak,reservations@theblacklock.com,2,,24 Great Windmill Street,W1D 7LG,,,https://www.openstreetmap.org/node/4302224814
https://blandford-comptoir.co.uk/,Blandford Comptoir,Westminster,Restaurant,,1,,1 Blandford Street,W1U 3DA,,,https://www.openstreetmap.org/way/350328176
https://www.blankstreet.com/,Blank Street Coffee,Westminster,Breakfast,partnerships@blankstreet.com,2,,159 Praed Street,W2 1RL,,,https://www.openstreetmap.org/node/6899653216
https://www.bleecker.co.uk/locations/baker-street/,Bleecker,Westminster,Burger; Halal,hello@bleecker.co.uk,1,,195 Baker Street,NW1 6UY,,,https://www.openstreetmap.org/node/6424675171
https://bleeckerburger.co.uk/,Bleecker,Westminster,Burger,liam@bleecker.co.uk,2,,205 Victoria Street,SW1E 5NE,,,https://www.openstreetmap.org/way/140334140
https://blueboarlondon.com/,Blue Boar,Westminster,Steak,reservations@blueboarlondon.com,1,,41-47 Tothill Street,,,,https://www.openstreetmap.org/way/674563178
https://www.greeneking.co.uk/pubs/greater-london/blue-posts-st-james-s,Blue Posts,Westminster,Pub,,1,,6 Bennet Street,SW1A 1RP,,,https://www.openstreetmap.org/way/418075242
https://www.boccadilupo.com/,Bocca Di Lupo,Westminster,Italian,info@boccadilupo.com,1,,12 Archer Street,,,,https://www.openstreetmap.org/way/570606952
http://www.bocconcinorestaurant.co.uk/,Bocconcino,Westminster,Italian,,1,,19 Berkeley Street,W1J 8ED,,,https://www.openstreetmap.org/way/339627256
https://bocconcinorestaurant.co.uk/mayfair,Bocconcino Mayfair,Westminster,Italian,reservations@bocconcinorestaurant.co.uk,1,+44 20 7499 4510,Berkeley Street,W1J 8ED,,bocconcinolondon,https://www.openstreetmap.org/node/12644933201
https://bodeansbbq.com/,Bodean's,Westminster,BBQ,,1,+44 20 7287 7575,10 Poland Street,W1F 8PZ,,,https://www.openstreetmap.org/way/477598206
https://www.bombaybustle.com/,Bombay Bustle,Westminster,Indian,info@bombaybustle.com,1,+44 20 7290 4470,29 Maddox Street,,,,https://www.openstreetmap.org/node/5636440979
https://www.bombay-palace.co.uk/,Bombay Palace,Westminster,Indian,info@bombay-palace.co.uk,1,+44 20 7723 8855,50 Connaught Street,W2 2AA,,,https://www.openstreetmap.org/node/5046858993
https://www.bombayspicew1.co.uk/,Bombay Spice,Westminster,Indian,,1,,50 Paddington Street,W1U 4HP,,,https://www.openstreetmap.org/way/148871597
https://bombolone.co.uk/,Bombolone Doughnuts,Westminster,Donuts,,1,,21 Whitcomb Street,,,,https://www.openstreetmap.org/node/13544295901
https://www.stonegatepubs.com/locations/craft-pubs/bondslondon,Bonds,Westminster,Pub,,1,+44 20 7629 0531,11-16 Dering Street,W1S 1AR,,,https://www.openstreetmap.org/way/249211261
https://bonedaddies.com/location/leicester-square/,Bone Daddies,Westminster,Asian; Japanese,hello@bonedaddies.com,1,,35 Cranbourn Street,WC2H 7AD,,,https://www.openstreetmap.org/node/12712976283
https://www.bonedaddies.com/restaurant/shackfuyu/,Bone Daddies,Westminster,Asian; Japanese,shackfuyu@bonedaddies.com,1,+44 20 7734 7492,14a Old Compton Street,W1D 4TH,,,https://www.openstreetmap.org/way/157771346
https://www.bonnebouche.co.uk/,Bonne Bouche,Westminster,Bakery,hello@bonnebouche.co.uk,2,,131 Praed Street,W2 1RL,,,https://www.openstreetmap.org/way/155494889
https://borough22.com/,Borough 22,Westminster,Bakery,,1,,400 Oxford Street,W1A 1AB,,borough22doughnuts,https://www.openstreetmap.org/node/13344099401
https://botwa.co.uk/,Botwa restaurant Notting Hill,Westminster,Asian,info@botwa.co.uk,1,+447709190000,115 Westbourne Grove,W2 4UP,,botwa.nottinghill,https://www.openstreetmap.org/node/13005551001
https://boulestin.com/,Boulestin,Westminster,French,,1,,St. James's Street,SW1A 1EF,,,https://www.openstreetmap.org/way/276075214
https://boxcar.co.uk/butcher-grill/,Boxcar,Westminster,Steak,,1,+44 20 7723 1973,23 New Quebec Street,W1H 7SD,,,https://www.openstreetmap.org/node/2312186663
https://boxcar.co.uk/,Boxcar,Westminster,Cafe,,1,,7a Wyndham Place,,,,https://www.openstreetmap.org/node/6364043872
https://www.bradleysspanishbar.com/,Bradley's Spanish Bar,Westminster,Pub; Spanish,,1,+44 20 7636 0359,42-44 Hanway Street,,,,https://www.openstreetmap.org/node/385564475
https://www.brasseriezedel.com/brasserie-zedel,Brasserie Zedel,Westminster,French,reservations@brasseriezedel.com,1,+44 20 7734 4888,20 Sherwood Street,W1F 7ED,,,https://www.openstreetmap.org/node/2905800601
https://www.breadahead.com/,Bread Ahead,Westminster,Bakery,bakingtogether@breadahead.com,1,,21 Beak Street,W1F 9RP,,,https://www.openstreetmap.org/node/5507577921
https://drink.brewdog.com/uk/paddington,Brewdog Paddington,Westminster,Pub,bookings@brewdog.com,1,,Unit 1 West End Quay,W2 1JX,,,https://www.openstreetmap.org/node/2492718707
https://www.greeneking.co.uk/pubs/greater-london/brewmaster,Brewmaster,Westminster,Pub,,1,,37 Cranbourn Street,WC2H 7AD,,,https://www.openstreetmap.org/node/691632516
https://briccoebacco.co.uk,Bricco e Bacco,Westminster,Italian,,1,,11 Charlotte Street,W1T 1RQ,,,https://www.openstreetmap.org/node/10247412500
https://briciole.co.uk/,Briciole,Westminster,Italian,info@briciole.co.uk,1,,20 Homer Street,,,,https://www.openstreetmap.org/node/2506478282
http://brightcourtyard.co.uk/overview/,Bright Courtyard Club,Westminster,Asian; Chinese,,1,,43-45 Baker Street,,,,https://www.openstreetmap.org/node/6347782774
http://b-bakery.com/bakeries/brigits-bakery/,Brigit's Bakery,Westminster,Bakery,,1,,6-7 Chandos Place,WC2N 4HU,,,https://www.openstreetmap.org/way/558503733
https://www.bafta.org,British Academy of Film and Television Arts,Westminster,Restaurant,,1,,195 Piccadilly,,,,https://www.openstreetmap.org/way/290150371
https://www.browns-restaurants.co.uk/restaurants/london/covent-garden,Browns,Westminster,Restaurant,,1,,82-84 St Martin's Lane,WC2N 4AG,,,https://www.openstreetmap.org/way/146481554
https://www.browns-restaurants.co.uk/restaurants/london/mayfair,Browns,Westminster,Restaurant,,1,,47 Maddox Street,W1S 2PG,,,https://www.openstreetmap.org/way/249211262
http://www.hahaonline.co.uk/victoria/,Browns Victoria,Westminster,Restaurant,,1,,2 Cardinal Walk,SW1E 5AG,,,https://www.openstreetmap.org/node/1230966452
https://www.bubblewrapwaffle.com/,Bubblewrap Waffle,Westminster,Ice cream,info@bubblewrapwaffle.com,1,,24 Wardour Street,W1D 6QJ,,,https://www.openstreetmap.org/node/4846261123
https://bucketrestaurant.com/,Bucket,Westminster,Seafood,,1,+44 20 3146 1156,107 Westbourne Grove,,,,https://www.openstreetmap.org/node/7099248702
https://bun.house/,Bun House,Westminster,Asian; Chinese,chinatown@bun.house,1,,26-27 Lisle Street,WC2H 7BA,https://www.facebook.com/8unhouse,https://www.instagram.com/8unhouse/,https://www.openstreetmap.org/way/995869079
https://www.burgerandbeyond.co.uk/,Burger & Beyond,Westminster,Burger,soho@burgerandbeyond.co.uk,1,,10 Old Compton Street,W1D 4TH,www.burgerandbeyond.co.uk,burgerandbeyond,https://www.openstreetmap.org/way/157771413
https://www.burgerandlobster.com/,Burger & Lobster,Westminster,Burger; Seafood,events@burgerandlobster.com,3,+44 20 7409 1699,29 Clarges Street,W1J 7EF,,,https://www.openstreetmap.org/node/2251078681
https://www.burgerandlobster.com/locations/london/oxford-circus/,Burger & Lobster,Westminster,Burger; Seafood,events@burgerandlobster.com,1,+44 20 7907 7760,6 Little Portland Street,W1W 7JE,,,https://www.openstreetmap.org/node/3358823510
https://www.burgerandlobster.com/en/location/leicestersquare,Burger & Lobster,Westminster,Burger; Seafood,events@burgerandlobster.com,1,+44 20 3205 8963,10 Wardour Street,W1D 6QF,,,https://www.openstreetmap.org/node/4590646389
https://locations.burgerking.co.uk/london-west-end/17-21-leicester-square,Burger King,Westminster,Burger,,1,,17-19 Cranbourn Street,WC2H 7LE,,,https://www.openstreetmap.org/node/348814674
https://locations.burgerking.co.uk/london/70-72-queensway,Burger King,Westminster,Burger,,1,,70-72 Queensway,W2 3RL,,,https://www.openstreetmap.org/node/534670326
https://locations.burgerking.co.uk/london/paddington-rail-station,Burger King,Westminster,Burger,,1,,,W2 1RH,,,https://www.openstreetmap.org/node/567822702
https://locations.burgerking.co.uk/london/platform-6-7-victoria-rail-station,Burger King,Westminster,Burger,,1,,,SW1V 1JT,,,https://www.openstreetmap.org/node/2499492718
https://locations.burgerking.co.uk/london/1a-1b-tottenham-court-road,Burger King,Westminster,Burger,,1,+44 20 7323 6744,"1A,1B Tottenham Court Road",W1T 1BA,,,https://www.openstreetmap.org/node/3357923692
https://locations.burgerking.co.uk/london/marylebone-station-melcombe-place,Burger King,Westminster,Burger,,1,,Melcombe Place,NW1 6JJ,,,https://www.openstreetmap.org/node/4628761928
https://locations.burgerking.co.uk/london/60-64-strand,Burger King,Westminster,Burger,,1,+44 20 8947 1486,60-64 Strand,WC2N 5LR,,,https://www.openstreetmap.org/way/68808006
https://burgeri.co.uk/,Burgeri,Westminster,Burger,,1,,22 Great Marlborough Street,W1F 7HU,,,https://www.openstreetmap.org/way/272006361
https://www.busaba.com/locations/busaba-covent-garden,Busaba,Westminster,Asian,,1,+44 20 7759 0088,44 Floral Street,WC2E 9DA,,,https://www.openstreetmap.org/way/123318579
https://busaba.com/,Busaba,Westminster,Asian,,1,,,,,,https://www.openstreetmap.org/way/157779712
http://busaba.com/locations/birdstreet/,Busaba,Westminster,Asian,,1,+44 20 7518 8080,8-13 Bird Street,W1U 1BU,,,https://www.openstreetmap.org/way/208557905
https://www.byronhamburgers.com,Byron,Westminster,Burger,info@byronhamburgers.com,1,,33-35 Wellington Street,WC2E 7BN,,,https://www.openstreetmap.org/node/351771443
https://www.berut.co.uk/,Bĕrūt Bistro,Westminster,French,info@berut.co.uk,1,+44 20 3457 6243,32 Paddington Street,W1U 4HE,,,https://www.openstreetmap.org/node/6339009273
http://www.crestaurant.co.uk/,C London,Westminster,Italian,,1,,,,,,https://www.openstreetmap.org/node/5409893122
https://www.stmartin-in-the-fields.org/cafe-in-the-crypt/,Cafe in the Crypt,Westminster,Cafe,,1,,,,,,https://www.openstreetmap.org/node/11982082826
https://www.cafelaville.co.uk,Cafe Laville,Westminster,Restaurant,cafelaville.fr@gmail.com,1,+44 20 7706 2620,453 Edgware Road,W2 1TH,,,https://www.openstreetmap.org/way/1089919603
https://www.cafemurano.co.uk/restaurants/marylebone/,Cafe Murano,Westminster,Italian,marylebone@cafemurano.co.uk,1,+44 20 3848 9428,52-55 Dorset Street,W1U 7NQ,,,https://www.openstreetmap.org/node/6326648144
https://www.nespresso.com/uk/,Cafe Nespresso,Westminster,Cafe,,1,+44 800 442 442,32 Broadwick Street,,,,https://www.openstreetmap.org/node/5536994661
https://www.cafe-pacifico.com,Cafe Pacifico,Westminster,Mexican,info@cafe-pacifico.com,1,,5 Langley Street,WC2H 9JA,,,https://www.openstreetmap.org/node/659039058
https://www.cafevins.com/,Cafe Vins,Westminster,Cafe,soho@cafevins.com,1,,1 Marlborough Court,W1F 7RU,,,https://www.openstreetmap.org/way/272299395
https://www.caldesi.com/,Caffe Caldesi,Westminster,Italian,office@caldesi.com,1,+44 20 7487 0753,118 Marylebone Lane,W1U 2QF,,,https://www.openstreetmap.org/way/249219836
https://www.caffeconcerto.co.uk/,Caffe Concerto,Westminster,Breakfast,,6,+44 20 7494 6855,78 Brompton Road,SW3 1ER,,,https://www.openstreetmap.org/node/3357928296
http://www.cafferei.com/,Caffe Rei,Westminster,Takeaway,,1,+44 20 3441 5505,3 Hay Hill,,,,https://www.openstreetmap.org/way/289941751
https://www.caffeconcerto.co.uk/restaurant/shaftesbury-avenue.html,Caffè Concerto,Westminster,Italian,,1,+44 20 7494 6853,50 Shaftesbury Avenue,W1D 6LW,,,https://www.openstreetmap.org/node/348871686
https://www.caffeconcerto.co.uk/locations/united-kingdom/central-london/caffe-concerto-covent-garden,Caffè Concerto,Westminster,Cafe,,1,,143 Long Acre,WC2E 9AD,,,https://www.openstreetmap.org/node/7208085265
https://www.caffenero.com/uk/stores/westbourne-grove,Caffè Nero,Westminster,Breakfast,,1,,113 Westbourne Grove,W2 4UP,,,https://www.openstreetmap.org/node/510907367
https://www.caffenero.com/uk/stores/portcullis-house,Caffè Nero,Westminster,Breakfast,,1,+44 20 7925 0781,70 Bridge Street,SW1A 2JH,,,https://www.openstreetmap.org/node/544456208
https://www.caffenero.com/uk/stores/trafalgar-sq,Caffè Nero,Westminster,Breakfast,,1,,60-61 Trafalgar Square,WC2N 5DS,,,https://www.openstreetmap.org/node/559520875
https://www.caffenero.com/uk/stores/haymarket,Caffè Nero,Westminster,Breakfast,,1,,27 Haymarket,SW1Y 4SP,,,https://www.openstreetmap.org/node/595303835
https://www.caffenero.com/uk/stores/cranbourn-st,Caffè Nero,Westminster,Breakfast,,1,,32 Cranbourn Street,WC2H 7AD,,,https://www.openstreetmap.org/node/603128624
https://www.caffenero.com/uk/stores/curzon-st,Caffè Nero,Westminster,Breakfast,,1,+44 20 7409 0595,50-52 Curzon Street,W1J 7UW,,,https://www.openstreetmap.org/node/690721437
https://www.caffenero.com/uk/stores/marsham-st,Caffè Nero,Westminster,Breakfast,,1,,53 Marsham Street,SW1P 3DP,,,https://www.openstreetmap.org/node/878029964
https://www.caffenero.com/uk/stores/kingsway-aldwych,Caffè Nero,Westminster,Breakfast,,1,,7B Kingsway,WC2B 6XG,,,https://www.openstreetmap.org/node/1962952854
https://www.caffenero.com/uk/stores/brompton-rd,Caffè Nero,Westminster,Breakfast,,1,,124 Brompton Road,,,,https://www.openstreetmap.org/node/3357928297
https://www.caffenero.com/uk/stores/maida-vale,Caffè Nero,Westminster,Breakfast,,1,,18 Clifton Road,,,,https://www.openstreetmap.org/node/3661150002
https://www.caffenero.com/uk/stores/buckingham-palace-rd,Caffè Nero,Westminster,Breakfast,,1,,115 Buckingham Palace Road,SW1W 9SJ,,,https://www.openstreetmap.org/node/4308455491
https://www.caffenero.com/uk/stores/paddington-central,Caffè Nero,Westminster,Breakfast,,1,,,,,,https://www.openstreetmap.org/node/4327621215
https://www.caffenero.com/uk/stores/spring-st,Caffè Nero,Westminster,Breakfast,,1,,14-15 Spring Street,W2 3RA,,,https://www.openstreetmap.org/node/4453745990
https://www.caffenero.com/uk/stores/bbc-world-cafe,Caffè Nero,Westminster,Breakfast,,1,,World Piazza,,,,https://www.openstreetmap.org/node/5513714992
https://www.caffenero.com/uk/stores/strand,Caffè Nero,Westminster,Breakfast,,1,+44 20 7930 8483,65-72 Strand,WC2N 5LR,,,https://www.openstreetmap.org/way/72140275
https://www.caffenero.com/uk/stores/lancaster-place,Caffè Nero,Westminster,Breakfast,,1,,2-4 Lancaster Place,WC2E 7EA,,,https://www.openstreetmap.org/way/148523742
https://www.caffenero.com/uk/stores/st-martins-lane,Caffè Nero,Westminster,Breakfast,,1,,36A St. Martin's Lane,WC2N 4ER,,,https://www.openstreetmap.org/way/151297105
https://www.caffenero.com/uk/stores/frith-st,Caffè Nero,Westminster,Breakfast,,1,,43 Frith Street,W1D 4SQ,,,https://www.openstreetmap.org/way/157771315
https://www.caffenero.com/uk/stores/charing-cross-road,Caffè Nero,Westminster,Breakfast,,1,+44 20 7287 0971,97-99 Charing Cross Road,WC2H 0DP,,,https://www.openstreetmap.org/way/157771402
https://www.caffenero.com/uk/stores/regent-st,Caffè Nero,Westminster,Breakfast,,1,,273 Regent Street,W1B 2EZ,,,https://www.openstreetmap.org/way/344370492
https://www.caffenero.com/uk/stores/warwick-way,Caffè Nero,Westminster,Breakfast,,1,,31-35 Warwick Way,SW1V 1QS,,,https://www.openstreetmap.org/way/448375648
https://www.caffenero.com/uk/stores/bedford-st,Caffè Nero,Westminster,Breakfast,,1,,10 Bedford Street,WC2E 9HE,,,https://www.openstreetmap.org/way/487935638
https://www.caffenero.com/uk/stores/long-acre,Caffè Nero,Westminster,Breakfast,,1,,,,,,https://www.openstreetmap.org/way/988767803
https://cafeciel.co.uk/,Café Ciel,Westminster,Cafe,hello@cafeciel.co.uk,1,,7 Horse Guards Avenue,SW1A 2EU,,,https://www.openstreetmap.org/way/1457455332
https://www.cafedenata.com/,Café de Nata,Westminster,Bakery,info@cafedenata.com,1,,25 Old Compton Street,W1D 5JN,,,https://www.openstreetmap.org/way/1072571806
https://www.cakesandbubbles.co.uk/,Cakes & Bubbles by Albert Adrià,Westminster,Ice cream,,1,+442045716745,70 Regent Street,W1B 4DY,,,https://www.openstreetmap.org/way/290406003
https://camino.uk.com,Camino Victoria,Westminster,Spanish,,1,,68 Victoria Street,SW1E 6SQ,,,https://www.openstreetmap.org/node/3712203541
http://frenchbubbles.co.uk,Campagne + Fromage,Westminster,French,,1,+44 20 7240 1604,22 Wellington Street,WC2E 7DD,,,https://www.openstreetmap.org/way/99952348
https://www.candycafe.co.uk/,Candy Cafe,Westminster,Ice cream,,1,+44 20 7434 4581,3 Macclesfield Street,W1D 6AU,,,https://www.openstreetmap.org/node/624043344
https://www.ltmuseum.co.uk/visit/eating,Canteen,Westminster,Cafe,,1,,,,,,https://www.openstreetmap.org/node/12379801508
https://caravanrestaurants.co.uk/fitzrovia.php,Caravan,Westminster,Breakfast,reservations@caravanrestaurants.co.uk,1,,,,,,https://www.openstreetmap.org/node/9730262231
https://www.carbonrestaurant.com/,Carbon,Westminster,Restaurant,,1,,78 Brewer Street,,,,https://www.openstreetmap.org/node/2993903333
https://carltontavern.co.uk/,Carlton Tavern,Westminster,Pub,hello@carltontavern.co.uk,1,+44 20 7625 4760,33 Carlton Vale,NW6 5EU,,,https://www.openstreetmap.org/way/112528246
https://carousel-london.com/,Carousel,Westminster,Restaurant,info@carousel-london.com,1,+44 20 7487 5564,19-23 Charlotte Street,W1T 1RL,https://www.facebook.com/carouselLondon,https://www.instagram.com/carousel_ldn/,https://www.openstreetmap.org/way/226909126
http://www.carpolondon.co.uk/,Carpo,Westminster,Cafe,,1,,16 Piccadilly,W1J 0DE,,,https://www.openstreetmap.org/way/289660509
https://casamalevo.com/,Casa Malevo,Westminster,Restaurant,bookings@casamalevo.com,1,+44 20 7402 1988,23 Connaught Street,,,,https://www.openstreetmap.org/node/6953176713
https://www.alleatapp.com/menu-casa-mia-restaurant,Casa Mia,Westminster,Italian,,1,+44 20 7221 8045,27 Queensway,,,,https://www.openstreetmap.org/node/534691690
https://www.caskpubandkitchen.com/,Cask,Westminster,Burger; Pub,reservations@caskpubandkitchen.com,1,,6 Charlwood Street,SW1V 2EE,,,https://www.openstreetmap.org/node/271387709
https://www.ramblalondon.com/,Catalan,Westminster,Spanish,,1,,64 Dean Street,W1D 4QQ,,,https://www.openstreetmap.org/way/566772374
https://www.caviarhouse-prunier.co.uk/,Caviar House & Prunier,Westminster,Restaurant,,1,,161 Piccadilly,W1J 9EA,,,https://www.openstreetmap.org/way/289859693
https://www.caxtongrill.co.uk/,Caxton Grill,Westminster,Restaurant,info@caxtongrill.co.uk,1,+44 800 6521498,2 Caxton Street,SW1H 0QW,,,https://www.openstreetmap.org/node/2507612246
https://cdmxtacos.co.uk/,CDMX TACOS (Soho),Westminster,Mexican; Tacos,,1,,1 Green's Court,W1F 0HA,,cdmx_tacos,https://www.openstreetmap.org/node/12599371301
https://www.cecconis.co.uk/,Cecconi's,Westminster,Italian,,1,+44 20 7434 1500,5a Burlington Gardens,,,,https://www.openstreetmap.org/node/3082578733
https://www.centanni.co.uk/st-johns-wood,Cent Anni,Westminster,Restaurant,reservations@centanninw8.co.uk,1,+44 20 7625 1222,21 Loudoun Road,NW8 0NB,,,https://www.openstreetmap.org/way/365916815
https://www.chakra.restaurant/,Chakra Little Venice,Westminster,Indian,kensington@chakra.restaurant,1,+44 20 3149 9697,14 Formosa Street,W9 1EE,,,https://www.openstreetmap.org/node/6699678255
https://www.chatimeuk.com/,Chatime,Westminster,Cafe,,1,+44 20 3643 1026,4 Gerrard Street,W1D 5AP,,,https://www.openstreetmap.org/node/13550924173
https://www.cheatmeals.co.uk/location/soho,Cheatmeals,Westminster,Burger,,1,+44 20 7287 7083,12 Moor Street,W1D 5NG,,,https://www.openstreetmap.org/way/157771322
https://www.chestnutbakery.com/,Chestnut Bakery,Westminster,Bakery,hello@chestnutbakery.com,2,,162 Piccadilly,W1J 9ED,,,https://www.openstreetmap.org/way/290150381
https://www.chezantoinette.co.uk/,Chez Antoinette,Westminster,French,coventgarden@chezantoinette.co.uk,1,+44 20 7240 9072,Covent Garden Piazza,,,,https://www.openstreetmap.org/node/4191784997
https://chickencottage.com/chicken-cottage-paddington-praed-street/,Chicken Cottage,Westminster,Takeaway,info@chickencottage.com,1,,135 Praed Street,W2 1RL,,,https://www.openstreetmap.org/way/155494892
https://chickenshop.com/,Chicken Shop,Westminster,Halal,hello@chickenshop.com,1,+44 7983 358020,187 Wardour Street,,,,https://www.openstreetmap.org/way/159483961
https://chicken-valley.co.uk/,Chicken Valley,Westminster,Takeaway,,1,+44 20 7289 5571,330 Harrow Road,,,,https://www.openstreetmap.org/node/6731948481
https://www.thedelis.co.uk,Chiltern Street Deli,Westminster,Deli,hello@thedelis.co.uk,1,,27 Chiltern Street,W1U 7PJ,,,https://www.openstreetmap.org/node/2434611708
https://www.speak.co.uk/,Chin Chin Dessert Club,Westminster,Ice cream,info@speak.co.uk,1,,54 Greek Street,W1D 3DS,,,https://www.openstreetmap.org/node/13571511982
https://chipotle.co.uk/,Chipotle,Westminster,Mexican,,1,,101-103 York Street,,,,https://www.openstreetmap.org/node/6347016691
https://www.chishuru.com/,Chishuru,Westminster,Restaurant,,1,,3 Great Titchfield Street,W1W 8AX,,chishuru,https://www.openstreetmap.org/node/1412069427
https://chisourestaurant.com/,Chisou Sushi & Izakaya,Westminster,Asian; Japanese; Sushi,knightsbridge@chisourestaurant.com,1,+44 20 7629 3931,22-23 Woodstock Street,,,,https://www.openstreetmap.org/way/338388743
https://www.chojo.co.uk/,Chojo,Westminster,Asian; Chinese; Spanish,,1,+44 20 3286 8286,16 Garway Road,,,,https://www.openstreetmap.org/node/7101995779
https://chopd.co.uk/,Chop'd,Westminster,Takeaway,,1,,50-52 Curzon Street,,,,https://www.openstreetmap.org/node/5921070162
https://chopstixnoodles.co.uk/stores/london-baker-street/,Chopstix,Westminster,Asian,,1,+44 20 7935 4685,124 Baker Street,,,,https://www.openstreetmap.org/node/6338252671
https://chotto-matte.com/london/,Chotto Matte,Westminster,Asian; Japanese,,1,,11-13 Frith Street,W1D 4RB,,,https://www.openstreetmap.org/way/563534491
https://www.christophersgrill.com/,Christopher's,Westminster,American,reservations@christophersgrill.com,1,,18 Wellington Street,WC2E 7DD,https://www.facebook.com/christopherswc2/,,https://www.openstreetmap.org/way/196657752
https://www.chucsrestaurants.com/restaurant/chucs-belgravia/,Chucs,Westminster,Restaurant,info@chucsrestaurants.com,1,+44 20 3827 3000,18A Ebury Street,SW1W 0LS,,,https://www.openstreetmap.org/way/545713358
https://www.chucsrestaurants.com/,Chucs,Westminster,Restaurant,info@chucsrestaurants.com,1,+44 20 3763 2013,30b Dover Street,,,,https://www.openstreetmap.org/way/601224904
https://www.ciaozone.com/,Ciao Italian Kitchen,Westminster,Italian,,1,+44 20 7499 3843,37 Maddox Street,,,,https://www.openstreetmap.org/node/5636440970
https://www.cinderrestaurant.co.uk/,Cinder,Westminster,Restaurant,hello@cinderrestaurant.co.uk,1,+44 20 36678500,5 St John's Wood High Street,NW8 7NG,,,https://www.openstreetmap.org/node/6535716224
https://cinquecentopizzeria.com/,Cinquecento,Westminster,Pizza,,1,,6 Greek Street,W1D 4DE,,,https://www.openstreetmap.org/way/279088490
https://www.greeneking.co.uk/pubs/greater-london/city-of-quebec,City Of Quebec,Westminster,Pub,,1,,,,,,https://www.openstreetmap.org/node/503562786
https://www.clarettelondon.com/,Clarette,Westminster,French,,1,,44 Blandford Street,W1U 7HS,,,https://www.openstreetmap.org/way/235396576
https://clipstonerestaurant.co.uk/,Clipstone,Westminster,Restaurant,info@clipstonerestaurant.co.uk,1,+44 20 7637 0871,5 Clipstone Street,W1W 6BB,,,https://www.openstreetmap.org/node/4696258590
https://www.closmaggiore.com/,Clos Maggiore,Westminster,Italian,enquiries@closmaggiore.com,1,+44 20 7379 9696,33 King Street,WC2E 8JD,,,https://www.openstreetmap.org/node/972954121
https://www.clubmexicana.com/,Club Mexicana,Westminster,Mexican,,1,+44 20 4516 1301,Kingly Court,W1B 5PW,,,https://www.openstreetmap.org/node/10936397805
https://www.co-london.co.uk/,Co.,Westminster,Breakfast,,1,,4-6 Park Close,SW1X 7PQ,,,https://www.openstreetmap.org/node/10560514921
https://www.coachandhorsesmayfair.co.uk/,Coach and Horses,Westminster,Pub,,1,,5 Hill Street,,,,https://www.openstreetmap.org/way/299039548
https://www.greeneking-pubs.co.uk/pubs/greater-london/coach-horses-mayfair,Coach and Horses,Westminster,Pub,7174@greeneking.co.uk,1,,5 Bruton Street,W1J 6PT,,,https://www.openstreetmap.org/way/338696812
https://www.greeneking.co.uk/pubs/greater-london/coach-and-horses-soho,Coach and Horses,Westminster,Pub,,1,,1 Great Marlborough Street,W1F 7HG,,,https://www.openstreetmap.org/way/475957291
https://ichibanya.uk/,CoCo Ichibanya,Westminster,Asian; Indian; Japanese,info@ichibanya.uk,1,,39 James Street,W1U 1EB,,,https://www.openstreetmap.org/node/3730599391
https://www.cocochan.co.uk/,Cocochan,Westminster,Asian,,1,,38-40 James Street,W1U 1EU,,,https://www.openstreetmap.org/way/217843252
https://www.mycocotte.uk/,Cocotte,Westminster,Restaurant,hello@mycocotte.uk,1,+44 20 3220 0076,95 Westbourne Grove,W2 4UW,,,https://www.openstreetmap.org/node/610923040
https://www.coffeeandbake.co.uk,Coffee & Bake,Westminster,Takeaway,,1,,31 Colonnade Walk,SW1W 9SH,,,https://www.openstreetmap.org/node/1794837998
https://www.coffeeisland.co.uk/,Coffee Island,Westminster,Breakfast,info@coffeeisland.co.uk,2,+44 20 7836 3007,5 Upper St Martin's Lane,,,,https://www.openstreetmap.org/node/4837173722
https://www.colbeh.co.uk/,Colbeh,Westminster,Restaurant,colbehlondon@gmail.com,1,+44 20 7706 4888,6 Porchester Place,W2 2BS,,,https://www.openstreetmap.org/node/647512849
https://www.colonelsaab.co.uk,Colonel Saab,Westminster,Indian,,1,+44 20 8016 6800,40-42 William IV Street,WC2N 4DD,,,https://www.openstreetmap.org/node/1087180887
http://www.colosseorestaurant.co.uk/,Colosseo,Westminster,Italian,,1,,79 Victoria Street,SW1H 0HW,,,https://www.openstreetmap.org/way/203884495
https://www.commonbreads.com/,Common Breads,Westminster,Cafe,info@commonbreads.com,1,,,,,,https://www.openstreetmap.org/node/13084910787
https://comptoir-cafe-and-wine.co.uk/,Comptoir Café & Wine,Westminster,Cafe,,1,+44 20 7499 9800,21-22 Weighhouse Street,,,,https://www.openstreetmap.org/node/5793290581
https://www.comptonsofsoho.co.uk/comptons,Comptons of Soho,Westminster,Pub,,1,,51-53 Old Compton Street,W1D 6HN,,,https://www.openstreetmap.org/node/1937328128
http://www.londontown.com/LondonInformation/Restaurant/Coopers/36a7/Coopers/,Coopers,Westminster,Restaurant,,1,+44 20 7831 6211,49a Lincoln's Inn Fields,WC2A 3PF,,,https://www.openstreetmap.org/node/3148306194
https://www.copita.co.uk/,Copita,Westminster,Spanish,,1,,26-27 D'Arblay Street,,,,https://www.openstreetmap.org/way/478529814
https://www.costa.co.uk/stores/argyll-street,Costa,Westminster,Breakfast,,1,,11 Argyll Street,W1F 7TH,,,https://www.openstreetmap.org/node/582630405
https://www.costa.co.uk/stores/cardinal-place-ldn,Costa,Westminster,Breakfast,,1,+44 20 7828 5248,3 Cardinal Walk,SW1E 5JE,,,https://www.openstreetmap.org/node/1230966521
https://www.crockersfolly.com/,Crocker's Folly,Westminster,Restaurant,reservations@crockersfolly.com,1,+44 20 7289 9898,24 Aberdeen Place,NW8 8JR,,,https://www.openstreetmap.org/way/364962956
https://www.cromelondon.com/,Crome London,Westminster,Breakfast,hello@cromelondon.com,1,,36 James Street,W1U 1ES,,,https://www.openstreetmap.org/way/217979777
https://www.crosstown.co.uk/project/victoria/,Crosstown,Westminster,Donuts,,1,,14 Sir Simon Milton Square,SW1E 5DJ,,,https://www.openstreetmap.org/node/5213629663
https://www.crosstowndoughnuts.com/,Crosstown,Westminster,Donuts,,2,,5 Picton Place,,,,https://www.openstreetmap.org/node/5492355121
https://www.thecrownandsceptrew1.co.uk/,Crown & Sceptre,Westminster,Pub,,1,+44 20 7307 9971,86 Great Titchfield Street,W1W 6SD,https://www.facebook.com/CrownAndSceptre,https://www.instagram.com/the_crown_and_sceptre/,https://www.openstreetmap.org/way/276146932
https://www.crepeaffaire.com/locations/united-kingdom/2022/crepeaffaire-at-the-hippodrome,Crêpeaffaire,Westminster,Cafe,,1,,Cranbourn Street,WC2H 7JH,,,https://www.openstreetmap.org/way/995954639
http://asellina.com/,Cucina Asellina,Westminster,Restaurant,,1,,336-337 The Strand,WC2R 1HA,,,https://www.openstreetmap.org/node/3741565025
https://www.cuppluslid.com/,Cup+Lid,Westminster,Cafe,contact@cuppluslid.com,1,,10 Gee's Court,,,,https://www.openstreetmap.org/way/217841714
https://www.caytrerestaurant.co.uk/locations/soho,Cây Tre,Westminster,Asian,info@caytrerestaurant.co.uk,1,+44 20 7317 9118,42-43 Dean Street,W1D 4QA,,,https://www.openstreetmap.org/node/13571511912
https://www.the-berkeley.co.uk/restaurants-bars/cedric-grolet-at-the-berkeley/?utm_source=google&utm_medium=organic&utm_campaign=local_gmb,Cédric Grolet at The Berkeley,Westminster,Bakery,info@the-berkeley.co.uk,1,,,,,,https://www.openstreetmap.org/node/10091714836
https://www.cote.co.uk/restaurant/westbourne-grove/,Côte,Westminster,French,,1,+44 20 7792 3298,98 Westbourne Grove,W2 5RU,,,https://www.openstreetmap.org/node/510907071
https://www.cote.co.uk/restaurant/st-martins-lane/,Côte Brasserie,Westminster,French,stmartinslane@cote.co.uk,1,+44 20 7379 9747,50-51 St Martin's Lane,WC2N 4EA,,,https://www.openstreetmap.org/way/160683909
http://www.cote-restaurants.co.uk/Cote_St_Christopher%27s_Place.html,Côte Brasserie,Westminster,French,,1,+44 20 7486 5557,6-8 St. Christopher's Place,W1U 1ND,,,https://www.openstreetmap.org/way/217843099
https://d1coffee.co.uk,D1 Coffee,Westminster,Cafe,info@d1coffee.co.uk,1,,1d Aberdeen Place,,,,https://www.openstreetmap.org/node/4488489852
https://www.dadanielarestaurant.co.uk/,Da Daniela,Westminster,Italian,,1,+44 20 7289 0008,49 Shirland Road,,,,https://www.openstreetmap.org/node/6703856105
https://www.dapaolo.co.uk/,Da Paolo,Westminster,Italian,,1,+44 20 7580 0021,3 Charlotte Place,W1T 1SD,,,https://www.openstreetmap.org/node/366999013
http://www.dalyswinebar.co.uk/,Daly's Wine Bar,Westminster,Bar,,1,+44 20 7583 4476,210 Strand,WC2R 1AP,,,https://www.openstreetmap.org/way/244884781
https://www.darjeeling-express.com/,Darjeeling Express,Westminster,Indian,reservations@darjeeling-express.com,1,+44 20 33753772,Kingly Court,W1B 5PW,,,https://www.openstreetmap.org/node/10735133507
https://www.davy.co.uk/,Davy's,Westminster,Pub,info@davy.co.uk,1,+44 20 7839 8831,Crown Passage,SW1Y 6QY,,,https://www.openstreetmap.org/node/675808547
https://www.daylesford.com/,Daylesford,Westminster,Deli,,1,,6-8 Blandford Street,W1U 4AU,,,https://www.openstreetmap.org/way/350328174
https://www.nicholsonspubs.co.uk/dehemsdutchcafebarsoholondon/,De Hems Cafe Bar,Westminster,Pub,,1,+44 20 7437 2494,11 Macclesfield Street,W1D 5BW,,,https://www.openstreetmap.org/way/993439403
https://www.defune.co.uk/,Defune,Westminster,Asian; Japanese,,1,,34 George Street,,,,https://www.openstreetmap.org/node/6312040159
https://www.saltyardgroup.co.uk/dehesa/,Dehesa,Westminster,Italian; Spanish,,1,+44 20 7494 4170,25 Ganton Street,,,,https://www.openstreetmap.org/way/582480480
https://www.delaminakitchen.co.uk/delamina-townhouse/,Delamina Townhouse,Westminster,Restaurant,,1,,13-15 Tavistock Street,WC2E 7PS,,,https://www.openstreetmap.org/way/196657750
https://www.finos.co.uk/,Delfino,Westminster,Pizza,,1,,121a Mount Street,,,,https://www.openstreetmap.org/way/342406616
https://deliciouslyella.com/our-delis/weighhouse-street/,Deliciously Ella,Westminster,Cafe,,1,,18-20 Weighhouse Street,,,,https://www.openstreetmap.org/node/462025210
https://deltapizza.co.uk,Delta Pizza,Westminster,Pizza,info@deltapizza.net,1,+44 20 7724 8090,123 Boscobel Street,NW8 8PS,,,https://www.openstreetmap.org/way/360387974
https://www.demartinorestaurant.com/,Demartino,Westminster,Italian,,1,+44 20 7436 2547,196/198 Great Portland Street,W1W 5QF,,,https://www.openstreetmap.org/node/6180299776
https://www.departmentofcoffee.com/,Department of Coffee and Social Affairs,Westminster,Cafe,shop@departmentofcoffee.com,1,,3 Lowndes Court,W1F 7HD,,,https://www.openstreetmap.org/way/272299415
https://thedevonshirepub.co.uk/,Devonshire Arms,Westminster,Pub,info@thedevonshirepub.co.uk,1,,7 Duke Street,W1U 3EE,,,https://www.openstreetmap.org/way/110479652
https://dhaba49.com/,Dhaba@49,Westminster,Indian,info@dhaba49.com,1,+44 20 3489 2424,49 Chippenham Road,W9 2AH,,,https://www.openstreetmap.org/node/2639537232
https://www.greeneking.co.uk/pubs/greater-london/dickens-tavern,Dickens Tavern,Westminster,Pub,,1,,25 London Street,W2 1HH,,,https://www.openstreetmap.org/node/375792331
https://dimsumlibrary.co.uk/,Dim Sum Library,Westminster,Asian; Chinese,,1,,136 Long Acre,WC2E 9AA,,,https://www.openstreetmap.org/node/13556857170
https://dinings.co.uk/,Dinings,Westminster,Asian; Japanese,reservations@dinings.co.uk,1,,22 Harcourt Street,,,,https://www.openstreetmap.org/node/371188295
https://www.dinnerbyheston.co.uk/,Dinner by Heston Blumenthal,Westminster,Restaurant,,1,,66 Knightsbridge,SW1X 7LA,,,https://www.openstreetmap.org/way/299500276
https://dirty-bones.com/,Dirty Bones,Westminster,BBQ,info@dirty-bones.com,1,+44 20 7920 6434,Kingly Court,W1B 5PW,,,https://www.openstreetmap.org/node/4668146655
https://dirty-bones.com/locations/soho,Dirty Bones,Westminster,American,info@dirty-bones.com,1,,14 Denman Street,,,,https://www.openstreetmap.org/node/5500146395
http://www.dishoom.com,Dishoom,Westminster,Indian,,1,+44 20 7420 9322,22 Kingly Street,W1B 5QP,,,https://www.openstreetmap.org/node/3841913476
http://www.dishoom.com/covent-garden/,Dishoom,Westminster,Indian,,1,+44 20 7420 9320,12 Upper St Martin's Lane,WC2H 9FB,,,https://www.openstreetmap.org/way/207104925
https://diwanrestaurant.co.uk/,Diwan,Westminster,Restaurant,info@diwanrestaurant.co.uk,1,,31 Thayer Street,,,,https://www.openstreetmap.org/way/350328152
https://www.tate.org.uk/visit/tate-britain/djanogly-cafe,Djanogly Café,Westminster,Cafe,,1,,Millbank,SW1P 4RG,,,https://www.openstreetmap.org/node/11343081253
https://www.dominos.co.uk/pizza-near-me/london/129-westbourne-park-road,Domino's,Westminster,Pizza,,1,,129 Westbourne Park Road,,,,https://www.openstreetmap.org/node/7083390801
https://www.dominos.co.uk/pizza-near-me/london/378-edgware-road,Domino's,Westminster,Pizza,,1,+44 20 7724 7375,378 Edgware Road,W2 1EB,,,https://www.openstreetmap.org/way/367067232
https://www.dominos.co.uk/pizza-near-me/london/37-foley-street,Domino's,Westminster,Pizza,,1,,37 Foley Street,W1W 7TN,,,https://www.openstreetmap.org/way/431545354
https://www.dominos.co.uk/pizza-near-me/london/120-chippenham-road,Domino's,Westminster,Pizza,,1,,120 Chippenham Road,,,,https://www.openstreetmap.org/way/464125827
https://www.donpepe.co.uk/,Don Pepe,Westminster,Spanish,reservations@donpepe.co.uk,1,+44 20 7262 3834,99 Frampton Street,,,,https://www.openstreetmap.org/node/6497046109
https://www.doniarestaurant.com/,Donia,Westminster,Asian,info@doniarestaurant.com,1,,2.14 Kingly Court,W1B 5PW,,,https://www.openstreetmap.org/node/12593321501
http://www.donostia.co.uk/,Donostia,Westminster,Spanish,,1,,10 Seymour Place,,,,https://www.openstreetmap.org/node/2305429059
https://donutelier.co.uk/,Donutelier,Westminster,Donuts,squad@donutelier.co.uk,1,,48-50 Charing Cross Road,WC2H 0BB,,,https://www.openstreetmap.org/node/4821896129
https://www.dozosushi.co.uk/,Dozo,Westminster,Asian; Japanese,,1,+44 20 7434 3219,32 Old Compton Street,W1D 4TP,,,https://www.openstreetmap.org/node/13571511901
https://drvspower.co.uk,Dr Power,Westminster,Cafe,,1,,37 Queensway,,,,https://www.openstreetmap.org/node/6568651671
https://www.drunch.co.uk/oxford-circus,Drunch,Westminster,Restaurant,info@drunch.co.uk,1,+447519282898,71 Great Titchfield Street,W1W 6RB,,,https://www.openstreetmap.org/way/40835928
https://drunch.co.uk/mayfair-2/,Drunch,Westminster,Restaurant,,1,+44 7535 554532,1 Woodstock Street,,,https://www.instagram.com/drunchlondon,https://www.openstreetmap.org/way/208908055
https://www.drunch.co.uk,Drunch,Westminster,Restaurant,info@drunch.co.uk,1,,38 St John's Wood Terrace,NW8 6LS,,,https://www.openstreetmap.org/way/697821712
https://www.ducksoupsoho.co.uk/,Ducksoup,Westminster,Asian,restaurant@ducksoupsoho.co.uk,1,+44 20 7287 4599,41 Dean Street,W1D 4PY,,,https://www.openstreetmap.org/node/13571511911
https://thedukeofargyll.co.uk/,Duke of Argyll,Westminster,Pub,info@thedukeofargyll.co.uk,1,+44 20 7437 6819,37 Brewer Street,W1F 0RY,,,https://www.openstreetmap.org/node/12988179262
https://www.dukeofwellingtonsoho.co.uk/london,Duke of Wellington,Westminster,Pub,thedukew1@hotmail.co.uk,1,+44 20 7439 1274,77 Wardour Street,W1D 6QA,,,https://www.openstreetmap.org/way/157779556
https://www.dukeofwellingtonbelgravia.co.uk/,Duke of Wellington,Westminster,Pub,,1,,63 Eaton Terrace,SW1W 8TR,,,https://www.openstreetmap.org/way/158919239
https://www.greeneking-pubs.co.uk/pubs/greater-london/duke-of-york,Duke of York,Westminster,Pub,7184@greeneking.co.uk,1,+44 20 7629 0319,8 Dering Street,,,,https://www.openstreetmap.org/way/249211263
http://www.dunkindonuts.co.uk/,Dunkin',Westminster,Breakfast; Donuts,,1,+44 20 7487 5022,191 Baker Street,NW1 6UY,,,https://www.openstreetmap.org/node/6424675170
https://durbaronline.com/,Durbar,Westminster,Indian,,1,+44 20 7727 1947,24 Hereford Road,,,,https://www.openstreetmap.org/node/582764944
https://www.eattokyo.co.uk/soho,Eat Tokyo,Westminster,Asian; Japanese,,1,+44 20 7439 9887,16 Old Compton Street,W1D 4TL,,,https://www.openstreetmap.org/way/157771302
https://eat.co.uk/our-locations/10000067,EAT.,Westminster,Deli,,1,+44 20 7629 8277,55 Stratton Street,,,,https://www.openstreetmap.org/node/3357928344
https://www.eat.co.uk/,EAT.,Westminster,Deli,,1,,8 Berkeley Square,,,,https://www.openstreetmap.org/way/211547729
https://www.ekstedtattheyard.com/,Ekstedt at The Yard,Westminster,Restaurant,enquiries.ekstedt@greatscotlandyard.com,1,+44 20 7925 4749,3-5 Great Scotland Yard,SW1A 2HN,,,https://www.openstreetmap.org/node/12241232962
https://elcamion.co.uk/,El Camion,Westminster,Mexican,,1,,25-27 Brewer Street,,,,https://www.openstreetmap.org/way/156614974
https://www.tacoselpastor.co.uk/,El Pastor,Westminster,Restaurant,,1,,66-70 Brewer Street,W1F 9UP,,,https://www.openstreetmap.org/node/2905795901
https://www.elpirata.co.uk/,El Pirata,Westminster,Spanish,dine@elpirata.co.uk,1,,5 Down Street,W1J 7AQ,,,https://www.openstreetmap.org/node/2581331174
http://www.elancafe.co.uk/,Elan Cafe,Westminster,Cafe,,1,,48 Park Lane,W1K 1PR,,,https://www.openstreetmap.org/way/625875253
https://www.theelgin.com/,Elgin,Westminster,Pub,info@theelgin.com,1,+44 20 7625 5511,255 Elgin Avenue,W9 1NJ,,,https://www.openstreetmap.org/way/360905405
https://www.saltyardgroup.co.uk/restaurants/ember-yard,Ember Yard,Westminster,Italian; Spanish,,1,+44 20 7439 8057,60 Berwick Street,W1F 8SU,,,https://www.openstreetmap.org/way/586459031
https://www.engawa.london/,Engawa,Westminster,Asian; Japanese,info@engawa.london,1,+44 20 7287 5724,,,,,https://www.openstreetmap.org/node/3552157993
https://www.hellofego.com/,England's Grace,Westminster,Bakery; Breakfast; Deli,,1,,64 St John's Wood High Street,,,,https://www.openstreetmap.org/node/4589889289
https://www.enish.co.uk,Enish,Westminster,Restaurant,,1,+44 20 3771 8665,3 Berners Street,W1T 3LD,,,https://www.openstreetmap.org/node/384759684
http://www.etnacoffee.net/?cn-reloaded=1,Etnacoffee,Westminster,Cafe,,1,,54 Baker Street,,,,https://www.openstreetmap.org/way/148011236
https://euphorium.uk.com/,Euphorium,Westminster,Cafe,belsizepark@euphorium.uk.com,1,+44 20 3637 8386,23 Barrett Street,W1U 1BF,,,https://www.openstreetmap.org/way/107039267
https://www.cojean.co.uk/,Fait Maison,Westminster,Restaurant,,1,,13 Berkeley Street,,,,https://www.openstreetmap.org/node/5723935031
https://fallowrestaurant.com/,Fallow,Westminster,Restaurant,info@fallowrestaurant.com,1,+44 20 8017 1788,52 Haymarket,SW1Y 4RP,,,https://www.openstreetmap.org/node/11049433805
http://www.fantasiapalace.co.uk/,Fantasia Palace,Westminster,Greek,,1,+44 20 8127 5422,28 Praed Street,W2 1NH,,,https://www.openstreetmap.org/node/509901937
https://www.farmacylondon.com/,Farmacy,Westminster,Restaurant,hello@farmacylondon.com,1,,74 Westbourne Grove,W2 5SH,,,https://www.openstreetmap.org/node/535956143
https://www.farmerj.com/location/regent-street/,Farmer J,Westminster,Takeaway,,1,,319 Regent Street,,,,https://www.openstreetmap.org/way/148693733
https://fathippo.co.uk/locations/soho/,Fat Hippo Soho,Westminster,Burger,soho@fathippo.co.uk,1,+442080502896,68-70 Wardour Street,W1F 0TB,,,https://www.openstreetmap.org/node/11786344696
https://www.fattpundit.co.uk/soho/,Fatt Pundit,Westminster,Restaurant,,1,+44 20 7287 7900,77 Berwick street,W1F 8TH,,,https://www.openstreetmap.org/node/9170562456
https://www.fattoamanopizza.com/locations/covent-garden-london/,Fatto a Mano,Westminster,Pizza,,1,+44 20 3345 0003,30 St Martin's Lane,WC2N 4ER,,,https://www.openstreetmap.org/node/12285716801
http://www.fentonsicecream.co.uk/,Fentons Ice Cream,Westminster,Ice cream,,1,,127 Bayswater Road,W2 4RH,,,https://www.openstreetmap.org/node/4855558088
http://feraatclaridges.co.uk/,Fera at Claridge's,Westminster,Restaurant,,1,,,,,,https://www.openstreetmap.org/node/497232352
https://www.ferdi-restaurant.com/,Ferdi,Westminster,French,,1,,30 Shepherd Market,,,,https://www.openstreetmap.org/node/5941786859
https://www.festok.london/,Festok,Westminster,Ice cream,info@festok.london,1,,14A St. Christopher's Place,W1U 1NH,,,https://www.openstreetmap.org/way/664789308
https://www.feya.co.uk/,Feya cafe,Westminster,Cafe,bookings@feya.co.uk,1,,23 James Street,,,,https://www.openstreetmap.org/node/5943462689
https://firebirdlondon.co.uk,Firebird,Westminster,Restaurant,hello.firebirdlondon@gmail.com,1,+44 7713 737813,29 Poland Street,W1F 8QR,,,https://www.openstreetmap.org/way/475721710
https://www.firecracker.uk.com/,Firecracker,Westminster,Asian,enquires@firecracker.uk.com,1,+44 20 7222 4680,44 Horseferry Road,SW1P 2AF,,,https://www.openstreetmap.org/node/2791243229
https://www.fischers.co.uk/,Fischer's,Westminster,Restaurant,reservations@fischers.co.uk,1,+44 20 7466 5501,50 Marylebone High Street,W1U 5HN,,,https://www.openstreetmap.org/node/4690917091
https://www.fishworks.co.uk/,Fish Works,Westminster,Seafood,coventgarden@fishworks.co.uk,2,+44 20 7240 4999,2-4 Catherine Street,WC2B 5JS,,,https://www.openstreetmap.org/way/81071477
https://restaurants.fiveguys.co.uk/greater-london/unit-1/2-coventry-st,Five Guys,Westminster,Burger,,1,+44 20 7734 6892,2 Coventry Street,W1D 7DH,,,https://www.openstreetmap.org/node/4894109734
https://restaurants.fiveguys.co.uk/greater-london/194-baker-street,Five Guys,Westminster,Burger,,1,+44 20 7870 8140,194 Baker Street,NW1 5RT,,,https://www.openstreetmap.org/node/11043578108
https://restaurants.fiveguys.co.uk/greater-london/sutherland-house,Five Guys,Westminster,Burger,,1,+44 20 7434 3407,5-6 Argyll Street,W1F 7TE,,,https://www.openstreetmap.org/way/65489521
https://restaurants.fiveguys.co.uk/greater-london/9/11-villiers-st,Five Guys,Westminster,Burger,,1,,9-11 Villiers Street,WC2N 6NA,,,https://www.openstreetmap.org/way/68807972
https://restaurants.fiveguys.co.uk/greater-london/1-3-long-acre,Five Guys,Westminster,Burger,,1,,1-3 Long Acre,WC2E 9LH,,,https://www.openstreetmap.org/way/183361412
https://flatironsteak.co.uk/restaurant/marylebone/,Flat Iron,Westminster,Steak,sustainability@flatironsteak.co.uk,1,,42-44 James Street,W1U 1EY,,,https://www.openstreetmap.org/node/12927926966
https://flatironsteak.co.uk/covent-garden,Flat Iron Covent Garden,Westminster,Steak,sustainability@flatironsteak.co.uk,1,,17-18 Henrietta Street,WC2E 8QH,,,https://www.openstreetmap.org/node/4611099089
https://flatironsteak.co.uk/restaurant/piccadilly/,Flat Iron Piccadilly,Westminster,Steak,sustainability@flatironsteak.co.uk,1,,21 Denman Street,W1D 7HS,,,https://www.openstreetmap.org/node/13677416627
https://flatironsteak.co.uk/restaurant/soho/,Flat Iron Soho,Westminster,Steak,sustainability@flatironsteak.co.uk,1,,17 Beak Street,W1F 9RW,,,https://www.openstreetmap.org/node/3058778433
https://flatironsteak.co.uk/restaurant/victoria/,Flat Iron Victoria,Westminster,Steak,sustainability@flatironsteak.co.uk,1,,22 Terminus Place,SW1V 1JR,,,https://www.openstreetmap.org/node/12927966861
https://www.flatwhitesoho.co.uk/,Flat White,Westminster,Breakfast,flatwhiteberwick@gmail.com,1,+44 20 7734 0370,17 Berwick Street,W1F 0PT,,flatwhitesoho,https://www.openstreetmap.org/way/156620024
https://www.flavorsofindia.co.uk/,Flavors Of India,Westminster,Indian,paddington@flavorsofindia.co.uk,1,,46 Gloucester Terrace,,,,https://www.openstreetmap.org/way/344137356
https://www.flocafe.gr/en/,Flocafe,Westminster,Cafe,info@flocafe.gr,1,,40 South Molton Street,,,,https://www.openstreetmap.org/node/5776254460
https://flooziecookies.com/,Floozie Cookies,Westminster,Bakery,,1,,15 lower ground Covent Garden,WC2E 8RE,,,https://www.openstreetmap.org/node/12601495501
https://focacciabar.co.uk/,Focaccia Bar,Westminster,Deli; Italian,,1,,17 Churton Street,SW1V 2LY,,,https://www.openstreetmap.org/node/12398124969
https://foleysrestaurant.co.uk/,Foley's,Westminster,Restaurant,reservations@foleysrestaurant.co.uk,1,,23 Foley Street,,,,https://www.openstreetmap.org/node/6172166086
https://www.sinfoniasmithsq.org.uk/footstool-cafe-in-westminster/,Footstool Cafe & Bar,Westminster,Restaurant,,1,,,,,,https://www.openstreetmap.org/node/2625944377
https://forarestaurants.co.uk/,Fora,Westminster,Restaurant,,1,,11 Circus Road,,,,https://www.openstreetmap.org/node/6532493407
https://formative.coffee/,Formative Coffee,Westminster,Cafe,roastery@formative.coffee,1,,4 Butler Place,SW1H 0RH,,,https://www.openstreetmap.org/way/677885020
https://www.theprincealfred.com/,Formosa Dining Room,Westminster,Restaurant,,2,+44 20 7286 3287,5a Formosa Street,W9 1EE,,,https://www.openstreetmap.org/way/123186087
https://www.fortydeanstreet.com/,Forty Dean Street,Westminster,Italian,info@fortydeanstreet.com,1,+44 20 7734 1853,40 Dean Street,W1D 4PX,,,https://www.openstreetmap.org/node/13571511909
https://www.greeneking.co.uk/pubs/greater-london/fountains-abbey,Fountains Abbey,Westminster,Pub,,1,,109 Praed Street,W2 1RL,,,https://www.openstreetmap.org/way/155494899
https://www.fs-restaurants.co.uk/,Four Seasons,Westminster,Asian; Chinese,info@fs-restaurants.co.uk,4,+44 20 7229 4320,84 Queensway,W2 3RL,,,https://www.openstreetmap.org/node/534670197
https://fourwinters.co/united-kingdom,Four Winters,Westminster,Ice cream,,1,,53 Brewer Street,,,,https://www.openstreetmap.org/node/12988179260
https://fowlrestaurant.com/,FOWL,Westminster,Restaurant,info@fowlrestaurant.com,1,,3 Norris Street,SW1Y 4RJ,,fowlrestaurant,https://www.openstreetmap.org/node/4888948829
https://www.foxlow.co.uk/,Foxlow Soho,Westminster,Steak,,1,+44 20 7680 2710,8-10 Lower James Street,W1F 9EL,,,https://www.openstreetmap.org/node/5212361525
https://franco.restaurant/en-GB/Home,Franco,Westminster,Italian,,1,,4 Brendon Street,W1H 5HE,,,https://www.openstreetmap.org/way/202751476
https://www.francomanca.co.uk/restaurants/westbourne-grove/,Franco Manca,Westminster,Italian,,1,+44 20 3026 6305,111 Westbourne Grove,W2 4UW,,,https://www.openstreetmap.org/node/4356000218
https://www.francomanca.co.uk/restaurants/victoria-nova/,Franco Manca,Westminster,Pizza,,1,,7 Sir Simon Milton Square,SW1E 5DJ,,,https://www.openstreetmap.org/node/5213629665
https://www.francomanca.co.uk/restaurants/baker-street/,Franco Manca,Westminster,Pizza,,1,,,,,,https://www.openstreetmap.org/node/9860662490
https://www.francomanca.co.uk/restaurants/soho/,Franco Manca,Westminster,Pizza,,1,+44 20 7734 9330,51 Berwick Street,W1F 8SJ,,,https://www.openstreetmap.org/node/11308326801
https://www.francomanca.co.uk/restaurants/aldwych/,Franco Manca,Westminster,Pizza,,1,+44 20 3026 8108,1-5 Catherine Street,WC2B 5JZ,,,https://www.openstreetmap.org/way/196659508
https://www.francomanca.co.uk/restaurants/covent-garden/,Franco Manca,Westminster,Pizza,,1,+44 20 7240 8309,39 Maiden Lane,WC2E 7LJ,,,https://www.openstreetmap.org/way/558928362
https://www.frankieandbennys.com/restaurants/london-burleigh-house,Frankie & Benny's,Westminster,American,,1,,357 Strand,WC2R 0HS,,,https://www.openstreetmap.org/node/2400922125
https://www.frankieandbennys.com/restaurants/london-paddington-praed-street,Frankie & Benny's,Westminster,American,,1,+44 20 7262 3415,144 Praed Street,W2 1HU,,,https://www.openstreetmap.org/way/344153535
http://fredbakery.com,Fred Bakery,Westminster,Bakery,,1,,,,,,https://www.openstreetmap.org/node/12437054636
https://www.freejswalieh.com/,Freej Swalieh,Westminster,Restaurant,info@freejswalieh.com,1,,86 Brompton Road,SW3 1ER,,,https://www.openstreetmap.org/node/3357928868
https://www.frenchhousesoho.com/,French House,Westminster,French; Pub,frenchhousereservations@gmail.com,1,,49 Dean Street,W1D 5BG,,,https://www.openstreetmap.org/way/280985110
https://frenchiecoventgarden.com/,Frenchie Covent Garden,Westminster,French,reservations@frenchiecoventgarden.com,1,+44 20 7836 4422,16 Henrietta Street,WC2E 8QH,,,https://www.openstreetmap.org/node/969138215
https://www.eat-fresco.co.uk/,Fresco,Westminster,Restaurant,,1,,25 Westbourne Grove,,,,https://www.openstreetmap.org/node/1230537388
https://www.frogbyadamhandling.com/,Frog by Adam Handling,Westminster,Restaurant,info@frogbyadamhandling.com,1,+44 20 7199 8370,34-38 Southampton Street,WC2E 7HG,,,https://www.openstreetmap.org/node/5943507485
http://www.sancarlofumo.co.uk/,Fumo,Westminster,Restaurant,,1,,37 St Martin's Lane,WC2N 4ER,,,https://www.openstreetmap.org/way/107035573
https://www.fuwafuwa.co.uk/,Fuwa Fuwa Cafe,Westminster,Asian; Breakfast; Japanese,enquiries@fuwafuwa.co.uk,1,,57a Dean Street,W1D 6AJ,,,https://www.openstreetmap.org/node/13927689501
https://gails.com/pages/seymour-place,GAIL's,Westminster,Bakery,,1,,4-6 Seymour Place,,,,https://www.openstreetmap.org/node/2323839026
https://gails.com/pages/strand,GAIL's,Westminster,Bakery,,1,,437 Strand,WC2R 0QN,,,https://www.openstreetmap.org/node/2536623300
https://gails.com/pages/pimlico,GAIL's,Westminster,Bakery,,1,,,,,,https://www.openstreetmap.org/node/5234627722
https://gails.com/pages/clifton-road,GAIL's,Westminster,Bakery,,1,,20 Clifton Road,,,,https://www.openstreetmap.org/node/6695590183
https://gails.com/pages/maida-vale,GAIL's,Westminster,Bakery; Breakfast,,1,,237 Elgin Avenue,W9 1NJ,,,https://www.openstreetmap.org/node/6712606286
https://gails.com/pages/westbourne-grove,GAIL's,Westminster,Bakery,,1,+44 20 7243 4051,12 Westbourne Grove,,,,https://www.openstreetmap.org/node/7062214284
https://gails.com/pages/paddington,GAIL's,Westminster,Bakery,,1,,,,,,https://www.openstreetmap.org/node/11758744459
https://gails.com/pages/paddington-square,GAIL's,Westminster,Bakery,,1,,,,,,https://www.openstreetmap.org/node/12004747473
https://gails.com/pages/soho,GAIL's,Westminster,Bakery,,1,+44 20 7287 1324,128 Wardour Street,W1F 8ZL,,,https://www.openstreetmap.org/way/157779574
https://gails.com/pages/great-portland-street,GAIL's,Westminster,Bakery,,1,,,,,,https://www.openstreetmap.org/way/345400567
https://gails.com/pages/baker-street,Gail's,Westminster,Bakery,,1,,114 Baker Street,,,,https://www.openstreetmap.org/way/676864382
https://gails.com/pages/st-johns-wood,GAIL's Bakery,Westminster,Bakery,,1,,5 Circus Road,NW8 6NX,,,https://www.openstreetmap.org/node/983393989
https://www.galvinatwindows.com/,Galvin at Windows,Westminster,French,reservations@galvinatwindows.com,1,+44 20 7208 4021,22 Park Lane,W1K 1BE,,,https://www.openstreetmap.org/node/5970915399
https://www.garfunkels.co.uk/node/682,Garfunkel's,Westminster,Restaurant,,1,+44 20 7839 5148,3 Northumberland Avenue,WC2N 5BW,,,https://www.openstreetmap.org/way/550944274
http://www.garlicandshots.com/,Garlic & Shots,Westminster,Restaurant,,1,+44 20 7734 9505,14 Frith Street,W1D 4RD,,,https://www.openstreetmap.org/node/639118129
http://www.gauchorestaurants.co.uk/restaurants/restaurant.php?id=piccadilly,Gaucho,Westminster,Restaurant,,1,,25 Swallow Street,,,,https://www.openstreetmap.org/node/2939875751
https://www.gauchorestaurants.com/restaurants/chancery-lane/,Gaucho,Westminster,Restaurant,info@gauchorestaurants.com,1,,,,,,https://www.openstreetmap.org/node/4757924037
https://www.germandonerkebab.com,German Doner Kebab,Westminster,Takeaway,press@gdk.com,1,,68-69 St Martin's Lane,WC2N 4JS,,,https://www.openstreetmap.org/node/600928930
https://www.giraffe.net,Giraffe,Westminster,Burger,,1,,120 Wilton Road,SW1V 1JZ,,,https://www.openstreetmap.org/node/418799855
https://www.gogi-restaurant.com/,Gogi,Westminster,Asian; Korean,,1,+44 20 7724 3018,451 Edgware Road,,,,https://www.openstreetmap.org/node/6841519354
https://www.greeneking.co.uk/pubs/greater-london/golden-lion,Golden Lion,Westminster,Pub,,1,,51 Dean Street,W1D 5BH,,,https://www.openstreetmap.org/way/559103590
http://www.goldenshalimar.co.uk/,Golden Shalimar,Westminster,Indian,,1,+44 20 7262 3763,6 Spring Street,W2 3RA,,,https://www.openstreetmap.org/node/4453745787
https://goldenunion.co.uk/,Golden Union Fish Bar,Westminster,Seafood,,1,+44 20 7434 1933;+44 20 7458 4411,38 Poland Street,W1F 7LY,,,https://www.openstreetmap.org/way/475957297
http://www.goodlifeeatery.com/,Good Life Eatery,Westminster,Restaurant,,2,,69 Marylebone Lane,W1U 2PH,,,https://www.openstreetmap.org/way/350328175
https://www.goodmanrestaurants.com/,Goodman,Westminster,Steak,privatedining@goodmanrestaurants.com,1,+44 20 7499 3776,26 Maddox Street,,,,https://www.openstreetmap.org/node/271949508
http://www.gopalsofsoho.co.uk/,Gopal's of Soho,Westminster,Indian,,1,,12 Bateman Street,W1D 4AH,,,https://www.openstreetmap.org/way/280980551
https://www.thomv.co.uk,Gourmet Oriental,Westminster,Asian; Chinese,,1,,338 Harrow Road,,,,https://www.openstreetmap.org/node/6732324814
https://www.greeneking.co.uk/pubs/greater-london/grafton-arms,Grafton Arms,Westminster,Pub,,1,,2 Strutton Ground,SW1P 2HP,,,https://www.openstreetmap.org/way/113115182
https://grangerandco.com/marylebone,Granger & Co.,Westminster,Breakfast,info@grangerandco.com,1,+44 2080797120,105 Marylebone High Street,W1U 4RS,,,https://www.openstreetmap.org/way/148894834
https://grassosoho.com/,Grasso,Westminster,Italian,reservations@grassosoho.com,1,,81 Dean Street,,,,https://www.openstreetmap.org/node/11971987232
https://www.nicholsonspubs.co.uk/restaurants/london/thegreenman,Green Man,Westminster,Pub; Seafood,,1,+44 20 7494 9731,57 Berwick Street,W1F 8SR,,,https://www.openstreetmap.org/node/383980821
https://www.greggs.co.uk/shop-finder?shop-code=0919,Greggs,Westminster,Bakery; Deli,,4,,26 Palmer Street,SW1H 0AD,,,https://www.openstreetmap.org/node/140697749
https://www.greggs.com/shops/london/primark/6044,Greggs @ Primark Oxford St,Westminster,Cafe,,1,,14-28 Oxford Street,W1D 1AU,,,https://www.openstreetmap.org/node/14001245201
https://www.grilandia.com/,Grilandia,Westminster,Restaurant,,1,+44 20 7221 2200,19 Westbourne Grove,,,,https://www.openstreetmap.org/node/7099547613
https://www.grumblesrestaurant.co.uk,Grumbles,Westminster,Restaurant,contact@grumblesrestaurant.co.uk,1,+44 20 7834 0149,35 Churton Street,SW1V 2LT,,,https://www.openstreetmap.org/way/332950906
https://www.guillam.co.uk/,Guillam Coffee House,Westminster,Cafe,customerservice@guillam.co.uk,1,,31 St Petersburgh Place,W2 4LA,,,https://www.openstreetmap.org/node/9438199703
https://opengatelondon.guinness.com/en,Guinness Open Gate Brewery London,Westminster,Pub,info@guinness.com,1,,1 Mercer Walk,,,,https://www.openstreetmap.org/way/485638354
https://www.gusteremo.co.uk/,Guste REMO,Westminster,Italian,,1,+44 20 7221 5943,43-45 Porchester Road,,,,https://www.openstreetmap.org/node/7047620064
http://www.gymkhanalondon.com,Gymkhana,Westminster,Indian,,1,+44 20 3011 5900,42 Albemarle Street,W1S 4JH,,,https://www.openstreetmap.org/node/4546702589
https://www.hrhiggins.co.uk/,H.R. Higgins,Westminster,Breakfast,,1,+44 20 7629 3913,79 Duke Street,W1K 5AS,,,https://www.openstreetmap.org/node/462025234
https://hafezrestaurant.co.uk/,Hafez,Westminster,Restaurant,,1,+44 20 7221 3167,5 Hereford Road,W2 4AB,,,https://www.openstreetmap.org/node/582764942
https://hakkasan.com/,Hakkasan,Westminster,Asian; Chinese,,1,+44 20 7907 1888,17a Bruton Street,W1J 6QB,,,https://www.openstreetmap.org/node/5409886222
https://www.halfway2heaven.net/london,Halfway II Heaven,Westminster,Pub,halfwaytoheaven.london@stonegatepubs.com,1,+44 20 7484 0736,7 Duncannon Street,WC2N 4JF,https://www.facebook.com/HalfwaytoHeaven,https://www.instagram.com/onlyathalfway/,https://www.openstreetmap.org/node/246519847
https://neat-food.com/pages/new-victoria-store,Hanbaagaasuuteeki,Westminster,Burger; Deli,,1,+44 20 4580 1255,36 Buckingham Palace Road,SW1W 0RE,,,https://www.openstreetmap.org/node/385560828
http://hankies.london/hankies-marble-arch/,Hankies Marble Arch,Westminster,Restaurant,,1,,,,,,https://www.openstreetmap.org/node/6353763694
http://www.hankki.co.uk/,Hankki Modern Korean Resturant,Westminster,Asian; Korean,,1,,7 Wardour Street,W1D 6DE,,,https://www.openstreetmap.org/node/11923012769
https://happyrestaurants.com/,HAPPY,Westminster,Burger; Seafood,bookings@happyrestaurants.com,1,+44 20 3883 7874,25-29 Coventry Street,W1D 7AG,,,https://www.openstreetmap.org/node/348905523
https://www.happyskylondon.com/,Happy Sky Japanese Bakery,Westminster,Bakery; Japanese,happyskylondon@gmail.com,1,,40 Hanway Street,W1T 1UT,,,https://www.openstreetmap.org/node/13253762166
https://cafe.hardrock.com/london/,Hard Rock Cafe,Westminster,American,london_reception@hardrock.com,1,+44 20 7514 1700,150 Old Park Lane,W1K 1QZ,,,https://www.openstreetmap.org/node/540705964
https://www.harrisandhoole.co.uk/,Harris + Hoole,Westminster,Breakfast,appsupport@harrisandhoole.co.uk,1,,136-138 New Cavendish Street,,,,https://www.openstreetmap.org/node/6174356688
https://www.harrysbar.co.uk/,Harry's Bar,Westminster,Italian,reception@harrysbar.co.uk,1,+44 20 7408 0844,26 South Audley Street,W1K 2PD,,,https://www.openstreetmap.org/way/342206344
https://www.harrys-bar.co.uk/,Harry’s Bar,Westminster,Italian,,1,,30-34 James Street,W1U 1ER,,,https://www.openstreetmap.org/way/107039266
https://hatchbistro.com/pimlico/,Hatch 77,Westminster,Restaurant,info@hatchbistro.com,1,,77 Wilton Road,SW1V 1DE,,hatch.77,https://www.openstreetmap.org/way/447844767
https://www.hatchetts.london/home,Hatchetts,Westminster,Restaurant,,1,,5 White Horse Street,,,,https://www.openstreetmap.org/node/5938180216
https://www.thehawksmoor.co.uk/sd.php,Hawksmoor,Westminster,Steak,,1,,11 Langley Street,WC2H 9JG,,,https://www.openstreetmap.org/node/1094236528
https://thehawksmoor.com/,Hawksmoor,Westminster,Steak,airstreet@thehawksmoor.com,1,,5A Air Street,W1J 0AD,,,https://www.openstreetmap.org/node/2398143004
https://hawlerrestaurant.co.uk/,Hawler,Westminster,Restaurant,,1,+44 20 7724 5757,355 Edgware Road,W2 1BS,,,https://www.openstreetmap.org/way/350934111
https://www.gordonramsayrestaurants.com/heddon-street-kitchen/,Heddon Street Kitchen,Westminster,Restaurant,heddonstreetkitchen@gordonramsay.com,1,+44 20 7592 1212,3-9 Heddon Street,W1B 4BD,,,https://www.openstreetmap.org/way/96237041
https://www.sakaguralondon.com,Heddon Yokocho,Westminster,Asian; Japanese,staff.yokocho@japancentre.com,1,+44 20 3405 7230,8 Heddon Street,,,,https://www.openstreetmap.org/node/5658171070
https://www.heistbank.com/,Heist Bank,Westminster,Pizza; Pub,hello@heistbank.com,1,+44 20 7723 8080,5 North Wharf Road,W2 1LA,,,https://www.openstreetmap.org/node/4810177421
http://www.beatlescoffeeshop.com/,Helterskelter,Westminster,Cafe,,1,+44 20 7586 5404,Finchley Road,NW8 6EB,,,https://www.openstreetmap.org/node/3700266808
https://www.henriettahotel.com/,Henrietta Bistro,Westminster,French,eat@henriettahotel.com,1,+44 20 3794 5314,14-15 Henrietta Street,WC2E 8QH,,,https://www.openstreetmap.org/node/7176248885
https://www.herefordroad.org/,Hereford Road Restaurant,Westminster,Restaurant,,1,+44 20 7727 1144,3 Hereford Road,W2 4AB,,,https://www.openstreetmap.org/node/582758999
https://www.hide.co.uk/,HIDE,Westminster,Restaurant,reservations@hide.co.uk,1,,85 - 87 Piccadilly,W1J 7NB,,,https://www.openstreetmap.org/node/540705941
https://hijazicorner.com/,Hijazi Corner,Westminster,Restaurant,,1,,332 Old Marylebone Road,NW1 5RE,,,https://www.openstreetmap.org/way/241397018
http://hipchips.com,Hip Chips,Westminster,Takeaway,,1,+44 20 7287 3114,49 Old Compton Street,,,,https://www.openstreetmap.org/node/5470033221
https://hobsonsfishandchips.com,Hobson's Fish & Chips,Westminster,Seafood,info@hobsonsfishandchips.com,2,+44 20 7287 3704,27-28 St. Anne's Court,W1F 0BN,,,https://www.openstreetmap.org/way/275102864
https://homemarylebone.com/,Home Marylebone,Westminster,Restaurant,,1,+44 20 7935 5512,79 Marylebone High Street,W1U 5JZ,,,https://www.openstreetmap.org/way/148884392
https://www.homeslicepizza.co.uk/,Homeslice,Westminster,Pizza,,1,+44 20 3151 9273,52 Wells Street,W1T 3PR,,,https://www.openstreetmap.org/node/692129403
https://www.honestburgers.co.uk/locations/piccadilly/,Honest Burger,Westminster,Burger,,1,,84 Brewer Street,W1F 9UB,,,https://www.openstreetmap.org/node/7050102785
https://www.honestburgers.co.uk/,Honest Burgers,Westminster,Burger,,2,+44 20 3302 3990,4 Market Place,W1W 8AD,,,https://www.openstreetmap.org/node/878029988
https://www.honestburgers.co.uk/locations/baker-st/,Honest Burgers,Westminster,Burger,,1,+44 20 3019 6566,31 Paddington Street,W1U 4HD,,,https://www.openstreetmap.org/node/4857705971
https://www.honestburgers.co.uk/locations/garrick-st-leicester-sq/,Honest Burgers,Westminster,Burger,,1,+44 20 3675 0930,17 Garrick Street,WC2E 9AX,,,https://www.openstreetmap.org/way/1072559143
https://www.instagram.com/honeymoondessert_uk/,Honeymoon Dessert 满记甜品,Westminster,Ice cream,,1,,33 Shaftesbury Avenue,W1D 7EH,,,https://www.openstreetmap.org/node/624064568
https://hongkongbuffet.org.uk,Hong Kong Buffet,Westminster,Asian; Chinese,bookings@hongkongbuffet.org.uk,1,+44 20 7434 4127,16 Lisle Street,WC2H 7BE,,,https://www.openstreetmap.org/way/995869096
https://www.hopperslondon.com,Hoppers,Westminster,Indian,reservations@hopperslondon.com,2,+44 20 3319 8110,77 Wigmore Street,W1U 1QE,,,https://www.openstreetmap.org/node/5285614573
https://humblechickenuk.com/,Humble Chicken,Westminster,Asian; Japanese,hello@humblechickenuk.com,1,,54 Frith Street,W1D 4SL,,,https://www.openstreetmap.org/way/280997365
https://hush.co.uk/,Hush,Westminster,Restaurant,,1,,8 Lancashire Court,W1S 1EY,,,https://www.openstreetmap.org/node/1493424623
https://www.iberiarestaurant.co.uk/,Iberia Georgian Restaurant,Westminster,Restaurant,pimlico@iberiarestaurant.co.uk,1,+44 20 78211771,3 Lupus Street,SW1V 3AS,,,https://www.openstreetmap.org/way/542749860
https://iburestaurant.co.uk/,IBU,Westminster,Asian,,1,+44 20 7262 5603,12a Bathurst Street,W2 2SD,,,https://www.openstreetmap.org/node/6968531651
https://www.ica.art/,ICA Café Bar,Westminster,Cafe,info@ica.art,1,,,,,,https://www.openstreetmap.org/node/5039987594
https://www.ikedarestaurant.com/,Ikeda,Westminster,Asian; Japanese,kenichi_ikeda@hotmail.co.uk,1,,30 Brook Street,,,,https://www.openstreetmap.org/node/5780658521
https://www.ilbaretto.co.uk/,Il Baretto,Westminster,Italian,,1,+44 20 7486 7340,43 Blandford Street,,,,https://www.openstreetmap.org/node/852122451
https://www.ilblandfords.co.uk/,Il Blandford`s,Westminster,Italian,ilblandfords@gmail.com,1,,65 Chiltern Street,,,,https://www.openstreetmap.org/node/852122514
https://www.piccolodiavolo.co.uk/,Il Cucciolo,Westminster,Italian,,1,,8 Old Compton Street,W1D 4TE,,,https://www.openstreetmap.org/node/692190863
http://ilgusto.co.uk/,Il Gusto,Westminster,Italian,,1,+44 20 7402 2111,11 Craven Road,W2 3BP,,,https://www.openstreetmap.org/node/2528915750
https://www.imadssyriankitchen.co.uk/,Imad's Syrian Kitchen,Westminster,Restaurant,hello@imadssyriankitchen.co.uk,1,+44 20 7434 2448,Kingly Court,W1B 5PW,,,https://www.openstreetmap.org/node/5009334241
http://www.inamo-coventgarden.com,Inamo,Westminster,Asian,reservations@inamo-restaurant.com,1,,11-14 Hanover Place,WC2E 9JP,,,https://www.openstreetmap.org/way/559946418
https://www.inigofoods.com/,Inigo Sushi,Westminster,Sushi,,1,,31 Great Windmill Street,,,,https://www.openstreetmap.org/node/5497947507
https://inn1888marylebone.co.uk/,Inn 1888,Westminster,Pub,landlord@inn1888marylebone.co.uk,1,,21a Devonshire Street,W1G 6PD,,,https://www.openstreetmap.org/way/671497302
http://www.iranrestaurant.co.uk/home/,Iran Restaurant,Westminster,Restaurant,,1,+44 20 7409 3337,27 Shepherd Market,W1J 7PR,,,https://www.openstreetmap.org/way/629759096
https://www.irenebakery.co.uk,Irene,Westminster,Bakery,hello@irenebakery.co.uk,1,+44 20 3489 8065,82 Bell Street,,,,https://www.openstreetmap.org/node/6466081175
http://www.irisandjune.com/,Iris & June,Westminster,Cafe,,1,,1 Howick Place,SW1P 1WG,,,https://www.openstreetmap.org/node/3224182244
https://www.isabelw1.london/,Isabel,Westminster,Restaurant,reservations@isabelw1.london,1,+44 20 3096 9292,26 Albemarle Street,,,,https://www.openstreetmap.org/way/339608801
https://ishtarrestaurant.com/,Ishtar,Westminster,Restaurant,,1,+44 20 7224 2446,10-12 Crawford Street,W1U 6AZ,,,https://www.openstreetmap.org/node/942820504
https://islandpoke.co.uk/,Island Poké,Westminster,Takeaway,aloha@islandpoke.co.uk,1,,8 Kingly Street,W1B 5PQ,,,https://www.openstreetmap.org/node/5111046410
https://bistroistanbul.com/,Istanbul Cafe & Bistro,Westminster,American; Breakfast; French; Halal; Seafood,marketing@bistroistanbul.com,1,+44 20 7580 9142,Great Portland Street,W1W 5PW,https://www.facebook.com/istanbulcafelondon,,https://www.openstreetmap.org/node/4327900878
https://itsallgreektome.london/,It's All Greek to Me,Westminster,Greek,hello@itsallgreektome.london,1,+44 20 7402 5505,101 Praed Street,,,,https://www.openstreetmap.org/node/6884120302
https://www.itsbagels.com/,It's Bagels,Westminster,Bagels,primrose@itsbagels.com,1,,8 D'Arblay Street,W1F 8DP,,,https://www.openstreetmap.org/way/477053979
https://www.colicci.co.uk/italian-gardens-cafe,Italian Gardens Cafe,Westminster,Breakfast; Italian,kensington@colicci.co.uk,1,,,,,,https://www.openstreetmap.org/way/520778269
https://www.itsu.com/location/london/hanover-square/,itsu,Westminster,Asian,appfeedback@itsu.com,1,,,,,,https://www.openstreetmap.org/node/452240116
https://www.itsu.com/location/london/paddingtonsheldonsquare/,itsu,Westminster,Asian,appfeedback@itsu.com,1,,Unit 9 Sheldon Square,W2 6EZ,,,https://www.openstreetmap.org/node/2364619724
https://www.itsu.com/location/london/great-peter-street/,itsu,Westminster,Asian,appfeedback@itsu.com,1,,,,,,https://www.openstreetmap.org/node/2604603804
https://www.itsu.com/location/london/great-portland-street/,itsu,Westminster,Asian,appfeedback@itsu.com,1,,246-248 Great Portland Street,W1W 5QY,,,https://www.openstreetmap.org/node/2778336241
https://www.itsu.com/location/london/eastcastle-street/,itsu,Westminster,Asian,appfeedback@itsu.com,1,,40 Eastcastle Street,W1W 8DS,,,https://www.openstreetmap.org/node/2874022579
https://www.itsu.com/location/london/piccadilly/,itsu,Westminster,Asian,appfeedback@itsu.com,1,+44 20 7495 4048,167 Piccadilly,W1J 9EG,,,https://www.openstreetmap.org/node/3357928603
https://www.itsu.com/location/baker-street-15/,itsu,Westminster,Asian,appfeedback@itsu.com,1,,15 Baker Street,,,,https://www.openstreetmap.org/node/4526375177
http://www.itsu.co.uk,itsu,Westminster,Asian,,1,+44 20 7734 8695,27 Sackville Street,,,,https://www.openstreetmap.org/node/5679199298
https://www.itsu.com/location/london/victoria-station/,itsu,Westminster,Asian,appfeedback@itsu.com,1,,Terminus Place,SW1V 1JT,,,https://www.openstreetmap.org/node/6239424063
https://www.itsu.com/location/london/baker-street-132/,itsu,Westminster,Asian,appfeedback@itsu.com,1,,132 Baker Street,,,,https://www.openstreetmap.org/node/6340270789
http://itsu.com,itsu,Westminster,Asian; Japanese,,1,,554 Oxford Street,W2 2UH,,,https://www.openstreetmap.org/node/13668077701
https://www.itsu.com/location/london/strand-32/,itsu,Westminster,Asian,appfeedback@itsu.com,1,,33 Strand,WC2N 6NA,,,https://www.openstreetmap.org/way/71562566
https://www.itsu.com/location/london/upper-regent-street/,itsu,Westminster,Asian,appfeedback@itsu.com,1,,313 Regent Street,,,,https://www.openstreetmap.org/way/148693754
https://www.itsu.com/location/london/victoria-street-53/,itsu,Westminster,Asian,appfeedback@itsu.com,1,,51-53 Victoria Street,SW1H 0EU,,,https://www.openstreetmap.org/way/203869522
https://www.itsu.com/location/london/victoria-street-163/,itsu,Westminster,Asian,appfeedback@itsu.com,1,,163 Victoria Street,SW1E 5NA,,,https://www.openstreetmap.org/way/203890514
https://www.itsu.com/location/london/broadwick-street/,itsu,Westminster,Asian,,1,,31 Broadwick Street,W1F 0DG,,,https://www.openstreetmap.org/way/273720729
https://www.itsu.com/location/london/neal-street/,itsu,Westminster,Asian,appfeedback@itsu.com,1,,2-4 Neal Street,WC2H 9LY,,,https://www.openstreetmap.org/way/562307433
https://www.j-sheekey.co.uk/,J. Sheekey,Westminster,Seafood,,1,+44 20 7240 2565,28-34 St Martin's Court,WC2N 4AL,,,https://www.openstreetmap.org/node/691635154
https://www.jacksonrye.com/,Jackson + Rye,Westminster,Restaurant,,1,,56-58 Wardour Street,W1D 4JG,,,https://www.openstreetmap.org/way/157779649
https://jaffacorner.co.uk/,Jaffa Corner,Westminster,Cafe,info@jaffacorner.co.uk,1,+44 20 7706 8118,195-197 Edgware Road,W2 1EY,,,https://www.openstreetmap.org/node/6873711108
http://www.jaksmayfair.co.uk/,Jak's,Westminster,Restaurant,,1,,43 South Molton Street,,,,https://www.openstreetmap.org/node/5776296795
https://jamaicapatty.co.uk/,Jamaica Patty Co,Westminster,Takeaway,info@jamaicapatty.co.uk,1,+44 20 7836 3334,26 New Row,WC2N 4LA,https://www.facebook.com/JamaicaPattyCo,jamaicapattyco,https://www.openstreetmap.org/node/3446766698
https://www.jamavarrestaurants.com/,Jamavar,Westminster,Restaurant,,1,,8 Mount Street,W1K 3NF,,,https://www.openstreetmap.org/way/342406638
https://www.jamieolivercatherinest.com/,Jamie Oliver Catherine St,Westminster,Restaurant,reservations@jamieolivercatherinest.com,1,+44 20 3084 7565,6 Catherine Street,WC2B 5JY,,,https://www.openstreetmap.org/node/11991996950
http://www.janan.london,Janan,Westminster,Restaurant,,1,+44 20 70461844,2 Warrington Crescent,W9 1ER,,,https://www.openstreetmap.org/node/1366736528
https://www.firezza.com,Japes,Westminster,Pizza,,1,+44 20 3040 2000,22-25 Dean Street,W1D 3RY,,,https://www.openstreetmap.org/way/288394417
https://javawhiskers.co.uk/marylebone/,Java Whiskers Cat Café Marylebone,Westminster,Cafe,,1,,,,,,https://www.openstreetmap.org/node/11141710133
https://jikonilondon.com/,Jikoni,Westminster,Restaurant,contact@jikonilondon.com,1,,19-21 Blandford Street,,,,https://www.openstreetmap.org/node/6313634653
https://www.joejuice.com/,Joe & The Juice,Westminster,Breakfast,,3,,,,,,https://www.openstreetmap.org/node/4852140001
https://www.joejuice.com/stores/uk/wigmore/,Joe & The Juice,Westminster,Breakfast,,1,,88 Wigmore Street,W1U 3RB,,,https://www.openstreetmap.org/node/6298999730
https://www.joejuice.com/stores/uk/baker-street-ii/,Joe & The Juice,Westminster,Breakfast,,1,,105 Baker Street,,,,https://www.openstreetmap.org/node/6346625036
https://www.joejuice.com/stores/uk/baker-street/,Joe & The Juice,Westminster,Breakfast,,1,,7 Baker Street,,,,https://www.openstreetmap.org/node/6349082112
https://www.joejuice.com/stores?location=wgprnDN7pX,Joe & The Juice,Westminster,Breakfast,,1,,96-98 Great Portland Street,W1W 6PA,,,https://www.openstreetmap.org/way/345140314
https://www.daisygreenfood.com/location-johnny,Johnny Green,Westminster,Restaurant,reservations@daisygreenfood.com,1,+44 20 3649 4554,87 Allitsen Road,NW8 7AS,,,https://www.openstreetmap.org/node/6545257221
http://joycessoho.co.uk/,Joyce's Jerk Joint,Westminster,Restaurant,,1,,189 Wardour Street,W1F 8ZD,,,https://www.openstreetmap.org/way/159483965
https://jrkkitchen.co.uk/,JRK Kitchen,Westminster,Restaurant,info@jrkkitchen.co.uk,1,+44 20 7221 9111,29-31 Porchester Road,,,,https://www.openstreetmap.org/node/7047620062
https://www.juggedharevictoria.co.uk/,Jugged Hare,Westminster,Pub,thejuggedhare@fullers.co.uk,1,+44 20 7828 1543,172 Vauxhall Bridge Road,SW1V 1DX,,,https://www.openstreetmap.org/way/116957518
https://jumak39.co.uk/,Jumak 39,Westminster,Asian; BBQ; Korean,,1,+44 20 7839 2774,39 Panton Street,SW1Y 4EA,https://facebook.com/pages/Zumak39/102822931392649,jumak39,https://www.openstreetmap.org/node/670649313
https://kaffeine.co.uk/,Kaffeine,Westminster,Breakfast,,2,+44 20 3730 5878,15 Eastcastle Street,W1T 3AY,,,https://www.openstreetmap.org/node/3822812080
https://www.kahvedunyasi.co.uk/,Kahve Dünyası,Westminster,Breakfast,musterihizmetleri@kahvedunyasi.com,1,,200 Piccadilly,W1J 9HU,https://www.facebook.com/kahvedunyasiUK,,https://www.openstreetmap.org/way/290321024
https://www.kaimayfair.co.uk/,Kai Mayfair,Westminster,Asian; Chinese,reservations@kaimayfair.co.uk,1,+44 20 7493 8988,65 South Audley Street,,,,https://www.openstreetmap.org/node/5855830148
https://www.kanada-ya.com/,Kanada-Ya,Westminster,Asian; Japanese,,1,,28 Foubert's Place,W1F 7PR,,,https://www.openstreetmap.org/way/272198111
https://www.katsute100.com/,Katsute100,Westminster,Cafe,contact@katsute100.com,1,,19-21 Long Acre,WC2E 9LZ,,,https://www.openstreetmap.org/node/11345499803
http://kawanlondon.co.uk,Kawan,Westminster,Restaurant,,1,,12 Macclesfield Street,,,,https://www.openstreetmap.org/node/13812504601
https://www.kazan-restaurant.com,Kazan,Westminster,Restaurant,kazan.sw1@gmail.com,1,+44 20 7233 7100,93-94 Wilton Road,SW1V 1DW,,,https://www.openstreetmap.org/way/272593912
https://www.kerridgesbarandgrill.co.uk/menus,Kerridges's Bar & Grill,Westminster,Steak,,1,+44 20 7321 3244,10 Northumberland Avenue,WC2N 5AE,,,https://www.openstreetmap.org/node/11198018357
http://www.kettners.com,Kettner's,Westminster,Restaurant,,1,,29 Romilly Street,W1D 5HP,,,https://www.openstreetmap.org/node/13968960257
https://www.kfc.co.uk/kfc-near-me/london-baker-street,KFC,Westminster,Takeaway,,1,,128 Baker Street,,,,https://www.openstreetmap.org/node/6340270792
https://www.kfc.co.uk/kfc-near-me/london-queensway,KFC,Westminster,Takeaway,,1,,54 Queensway,,,,https://www.openstreetmap.org/node/7038434001
https://www.kfc.co.uk/kfc-near-me/paddington-praed-street,KFC,Westminster,Takeaway,,1,,149-151 Praed Street,,,,https://www.openstreetmap.org/way/155494904
https://www.kfc.co.uk/kfc-near-me/london-leicester-square,KFC,Westminster,Takeaway,,1,,43 Charing Cross Road,WC2H 0AP,,,https://www.openstreetmap.org/way/349340730
https://www.kfc.co.uk/kfc-near-me/london-edgware-road,KFC,Westminster,Halal,,1,,380 Edgware Road,W2 1EB,,,https://www.openstreetmap.org/way/367067243
https://www.khansrestaurant.co.uk/,Khan's,Westminster,Indian,,1,+44 20 7727 5420,13-15 Westbourne Grove,W2 4UA,,,https://www.openstreetmap.org/node/511172059
https://www.kibele.co.uk/,Kibele Restaurant & Bar,Westminster,Breakfast; Halal; Seafood; Steak,reservation@kibelerestaurant.com,1,+44 20 7436 0600,175-177 Great Portland Street,W1W 5PJ,,,https://www.openstreetmap.org/node/2778336243
https://www.kikurestaurant.co.uk/,Kiku,Westminster,Asian; Japanese,kikumayfair@kikurestaurant.co.uk,1,+44 20 7499 4208,17 Half Moon Street,W1J 7BE,,,https://www.openstreetmap.org/node/690719946
https://www.kilnsoho.com/,Kiln,Westminster,Asian,,1,,58 Brewer Street,W1F 9TL,,,https://www.openstreetmap.org/node/466926237
https://kineya.co.uk/,Kineya Mugimaru,Westminster,Japanese,,1,,"36-38 Villiers Street, London",WC2N 6NJ,,,https://www.openstreetmap.org/node/12699196609
https://www.kingsarms-soho.co.uk/london,King's Arms,Westminster,Pub,,1,+44 20 7734 5907,23 Poland Street,W1F 8QL,,,https://www.openstreetmap.org/way/475721718
https://www.greeneking.co.uk/pubs/greater-london/kings-head,Kings Head,Westminster,Pub,,1,+44 20 7229 4233,33 Moscow Road,,,,https://www.openstreetmap.org/way/761312030
https://kintan.uk/,Kintan,Westminster,Asian; Japanese,,1,+44 20 3890 1212,21-22 Great Castle Street,W1G 0HY,,,https://www.openstreetmap.org/node/1265013749
http://kioskafe.com/,Kioskafé,Westminster,Cafe,,1,,31 Norfolk place,W2 1QH,,,https://www.openstreetmap.org/node/1678901006
https://kishpersianrestaurant.com/,Kish,Westminster,Restaurant,,1,+44 20 7624 2525,7-9 Kilburn High Road,,,,https://www.openstreetmap.org/node/6634098760
https://kissthehippo.com/,Kiss the Hippo,Westminster,Breakfast,info@kissthehippo.com,2,+44 20 7580 2547,51 Margaret Street,W1W 8SG,kissthehippocoffee,kissthehippo,https://www.openstreetmap.org/node/3637713284
https://www.kittyfishers.com/,Kitty Fisher's,Westminster,Seafood,bookings@kittyfishers.com,1,+44 20 3302 1661,10 Shepherd Market,W1J 7QF,,,https://www.openstreetmap.org/node/622535978
https://knoops.co.uk/,Knoops,Westminster,Cafe,,1,,2a New Row,,,,https://www.openstreetmap.org/node/821344556
https://www.kobalondon.com/,Koba,Westminster,Asian; Korean,,1,+44 20 7580 8825,11 Rathbone Street,W1T 1NA,,,https://www.openstreetmap.org/way/133891880
https://kolrestaurant.com/,KOL,Westminster,Mexican,contact@kolrestaurant.com,1,+44 20 3829 6888,9 Seymour Street,W1H 7BA,,,https://www.openstreetmap.org/node/8027864390
https://kolamba.co.uk/,Kolamba,Westminster,Indian,hello@kolamba.co.uk,1,+44 20 3815 4201,21 Kingly Street,,,,https://www.openstreetmap.org/way/583080639
https://www.kosharistreet.com/,Koshari Street,Westminster,Cafe,,1,,56 St Martin's Lane,WC2N 4EA,,,https://www.openstreetmap.org/node/3159073264
http://www.kottasushi.co.uk,Kotta Sushi,Westminster,Asian; Japanese; Sushi,info@kottasushi.co.uk,1,+44 20 7624 1031,1 Violet Hill,NW8 9EB,,,https://www.openstreetmap.org/node/9010216119
https://www.kovapatisserie.com/,Kova Patisserie,Westminster,Bakery,,1,,9-12 St Anne's Court,W1F 0BB,,,https://www.openstreetmap.org/way/275102861
https://www.koya.co.uk/,Koya,Westminster,Asian; Japanese,bar@koya.co.uk,1,,50 Frith Street,W1D 4SQ,,,https://www.openstreetmap.org/way/280997373
https://kricket.co.uk/soho/,Kricket,Westminster,Indian,hello@kricket.co.uk,1,,12 Denman Street,,,,https://www.openstreetmap.org/node/5500146392
https://shops.krispykreme.co.uk/victoria,Krispy Kreme,Westminster,Donuts,customercare@krispykreme.co.uk,1,,,,,,https://www.openstreetmap.org/node/2499611131
https://shops.krispykreme.co.uk/baker-street,Krispy Kreme,Westminster,Donuts,customercare@krispykreme.co.uk,1,+44 1276 601170,Shop G Baker Street Station,NW1 5LA,,,https://www.openstreetmap.org/way/1410896830
https://kuducollective.com,Kudu,Westminster,Restaurant,,1,,7 Moxon Street,W1U 4EP,,,https://www.openstreetmap.org/way/276055540
http://www.kula-cafe.com/,Kula,Westminster,Cafe,,1,,21 James Street,W1U 1DU,,,https://www.openstreetmap.org/way/217965547
https://kulukulu.co.uk/,Kulu Kulu,Westminster,Asian; Japanese,,1,,76 Brewer Street,,,,https://www.openstreetmap.org/node/655306919
https://kungfumama.co.uk/,Kung Fu Mama,Westminster,Chinese,,1,,80 Long Acre,WC2E 9NG,,,https://www.openstreetmap.org/way/98535873
https://keudeli.co.uk,Kêu,Westminster,Asian,soho@keudeli.co.uk,1,+44 20 7439 8188,9 Poland Street,W1F 8PY,,,https://www.openstreetmap.org/way/477598222
https://www.anticapizzeriadamichele.co.uk/,L'Antica Pizzeria da Michele,Westminster,Pizza,info@anticapizzeriadamichele.co.uk,1,+44 20 7935 6458,199 Baker Street,NW1 6UY,,,https://www.openstreetmap.org/node/6424675172
https://www.anticapizzeriadamichele.co.uk/soho,L'Antica Pizzeria da Michele,Westminster,Pizza,info@anticapizzeriadamichele.co.uk,1,+44 20 7434 4563,44 Old Compton Street,W1D 4TY,,,https://www.openstreetmap.org/way/157771352
http://www.laventure.co.uk/,L'Aventure,Westminster,French,,1,,3 Blenheim Terrace,,,,https://www.openstreetmap.org/node/6612064873
https://www.lescargot.co.uk/,L'Escargot,Westminster,French,info@lescargotrestaurant.co.uk,1,+44 20 7439 7474,48 Greek Street,W1D 4EF,,,https://www.openstreetmap.org/node/13571496072
https://letocaffe.co.uk/,L'Eto,Westminster,Restaurant,,2,,46-48 Shepherd Market,,,,https://www.openstreetmap.org/node/5941845938
https://www.labrasseria.com/,La Brasseria Milanese,Westminster,Italian,reservations@labrasseria.com,1,,42 Marylebone High Street,,,,https://www.openstreetmap.org/way/148871605
http://lacostacoffe.co.uk/,La costa cafe,Westminster,Cafe,,1,+44 20 7402 7789,44 Craven Road,,,,https://www.openstreetmap.org/node/6991344251
https://www.lafromagerie.co.uk/,La Fromagerie,Westminster,Deli,online@lafromagerie.co.uk,1,+44 20 7935 0341,2-6 Moxon Street,W1U 4EW,,,https://www.openstreetmap.org/way/276055548
https://www.lagelatiera.co.uk/,La Gelatiera,Westminster,Ice cream,,1,,27 New Row,,,,https://www.openstreetmap.org/node/3446766699
http://www.lpmlondon.co.uk/london,La Petite Maison,Westminster,French,,1,,54 Brook's Mews,W1K 4EG,,,https://www.openstreetmap.org/node/5764852030
https://www.lapetitepoissonnerie.com/,La Petite Poissonnerie,Westminster,Seafood,,1,,19 New Quebec Street,,,,https://www.openstreetmap.org/node/6352204446
https://lapiccoladeli.com/,La Piccola Deli,Westminster,Deli,,1,+44 20 7286 7757,6 Lauderdale Parade,,,,https://www.openstreetmap.org/node/6679797403
https://www.laporchetta.uk/,La Porchetta,Westminster,Italian; Pizza,,1,+44 20 7494 9368,20 Old Compton Street,W1D 4TW,,laporchettapollobar,https://www.openstreetmap.org/way/157771336
https://laksamania.co.uk/,Laksamania,Westminster,Asian,,1,+44 20 7637 9888,92 Newman Street,W1T 3EZ,,,https://www.openstreetmap.org/node/5899373585
https://www.greeneking.co.uk/pubs/greater-london/lamb-and-flag,Lamb & Flag,Westminster,Pub,,1,,24 James Street,W1U 1EL,,,https://www.openstreetmap.org/way/107039274
https://www.coyarestaurant.com/london-mayfair/,Landmark,Westminster,Restaurant,,1,+44 20 7042 7118,118 Piccadilly,,,,https://www.openstreetmap.org/node/5960715927
http://www.langansrestaurants.co.uk,Langan's Brasserie,Westminster,French,,1,,12 Stratton Street,W1J 8LB,,,https://www.openstreetmap.org/node/454212877
https://lavellecoffee.com/menu,Lavelle,Westminster,Cafe,shop@lavellecoffee.com,1,,38 Rathbone Place,,,,https://www.openstreetmap.org/node/12798084428
https://www.eatlebab.com/,Le Bab,Westminster,Restaurant,info@eatlebab.com,1,+44 20 7439 9222,Kingly Court,W1B 5PW,,,https://www.openstreetmap.org/node/4668146654
https://www.cochonnet.uk/,Le Cochonnet,Westminster,Restaurant,,1,+44 20 7289 0393,1 Lauderdale Parade,W9 1LU,,,https://www.openstreetmap.org/node/6679797394
http://www.frenchrestaurantlondon.co.uk/,Le Garrick,Westminster,French,,1,+44 20 7240 7649,10-12 Garrick Street,WC2E 9BH,,,https://www.openstreetmap.org/node/603129378
https://legourmetlebanese.co.uk/en,Le Gourmet,Westminster,Restaurant,,1,+44 20 3489 2173,157 Praed Street,,,,https://www.openstreetmap.org/node/6899653217
https://www.relaisdevenise.com/,Le Relais De Venise L'Entrecote,Westminster,French,city@relaisdevenise.com,1,+44 20 7486 0878,120 Marylebone Lane,,,,https://www.openstreetmap.org/node/6292630630
https://www.levieuxcomptoir.co.uk/,Le Vieux Comptoir,Westminster,French,,1,+44 20 7224 0303,26-28 Moxon Street,W1U 4EU,,,https://www.openstreetmap.org/node/2434621099
https://www.lebaneats.co.uk/,LebanEats,Westminster,Restaurant,feedme@lebaneats.co.uk,1,,18 Lansdowne Row,,,,https://www.openstreetmap.org/way/339627270
https://leon.co/restaurants/regent-street/,LEON,Westminster,Burger; Deli,strand@leon.co,1,,275 Regent Street,W1B 2HB,,,https://www.openstreetmap.org/node/661145887
https://leon.co/restaurants/horseferry/,LEON,Westminster,Burger; Deli,strand@leon.co,1,,27-29 Horseferry Road,SW1P 2AY,,,https://www.openstreetmap.org/node/9000474898
https://leon.co/restaurants/hanover-square/,LEON,Westminster,Burger; Deli,strand@leon.co,1,,,,,,https://www.openstreetmap.org/node/12168431709
https://leon.co/restaurants/broadwick-street/,LEON,Westminster,Burger; Deli,strand@leon.co,1,,,,,,https://www.openstreetmap.org/way/273720731
https://www.les-110-taillevent-london.com/,Les 110 de Taillevent,Westminster,French,,1,,16 Cavendish Square,,,,https://www.openstreetmap.org/node/6202912807
https://www.liveli.co.uk/,Li Veli,Westminster,Restaurant,hello@liveli.co.uk,1,+44 20 7240 8163,69 Long Acre,WC2E 9JS,,,https://www.openstreetmap.org/way/988767806
https://iamatlime.co.uk/,Lime Cuisine,Westminster,Restaurant,,1,+44 20 7286 4222,108 Bourne Terrace,W2 5TH,,,https://www.openstreetmap.org/node/899436761
https://www.limeorange.co.uk/,Lime Orange,Westminster,Asian; Japanese; Korean,,1,,312 Vauxhall Bridge Road,SW1V 1AA,,limeorangerestaurant,https://www.openstreetmap.org/node/3131224841
https://limoncello.uk/,Limoncello,Westminster,Italian,,1,+44 20 7437 2527,8-9 Moor Street,W1D 5ND,,,https://www.openstreetmap.org/way/279533183
https://www.linastores.co.uk,Lina Stores,Westminster,Italian,events@linastores.co.uk,2,+44 20 3929 0068,51 Greek Street,W1D 4EH,,,https://www.openstreetmap.org/node/13571496075
https://litamarylebone.com,Lita Marylebone,Westminster,Restaurant,reservations@litamarylebone.com,1,,7-9 Paddington Street,W1U 5QH,,,https://www.openstreetmap.org/node/10069143844
http://litebite.me.uk/,Lite Bite,Westminster,Deli,,1,+44 20 7262 3877,7 London Street,W2 1HL,,,https://www.openstreetmap.org/node/6903604228
https://littleitalysoho.co.uk/,Little Italy,Westminster,Restaurant,info@littleitalysoho.co.uk,1,+44 20 7734 4737,21 Frith Street,W1D 4RN,,,https://www.openstreetmap.org/node/639122288
https://littlevenice-fishbar.co.uk/,Little Venice Fish Bar,Westminster,Seafood,,1,+44 20 7121 8881,264 Harrow Road,,,,https://www.openstreetmap.org/node/3455846393
http://lobostapas.co.uk/,Lobos,Westminster,Spanish,,1,,48 Frith Street,W1D 4SF,,,https://www.openstreetmap.org/way/157771394
http://www.locandalocatelli.com/,Locanda Locatelli,Westminster,Restaurant,info@locandalocatelli.com,1,+44 20 7935 9088,8 Seymour Street,W1H 7JZ,,,https://www.openstreetmap.org/node/2305803802
https://www.lockhouselondon.com/,Lockhouse,Westminster,American,,1,,,,,,https://www.openstreetmap.org/node/6853206778
https://www.locomexicano.co.uk/,Loco Mexicano,Westminster,Mexican,locomexicanovictoria@gmail.com,1,+44 20 7931 7325,"64-65 Wilton Rd, Victoria, London",,,,https://www.openstreetmap.org/node/10858720672
http://www.lokkanta.co.uk/,Lokkanta,Westminster,Restaurant,,1,+44 20 7792 0119,31 Westbourne Grove,,,,https://www.openstreetmap.org/node/7099547599
https://www.lordwargrave.com/,Lord Wargrave,Westminster,Pub,,1,+44 20 7723 0559,40-42 Brendon Street,,,,https://www.openstreetmap.org/node/298220599
https://lordsofpoke.com/,Lords of Poké,Westminster,Restaurant,,1,,,,,,https://www.openstreetmap.org/node/6854798508
https://www.lowlander.com/,Lowlander Grand Cafe,Westminster,Restaurant,info@lowlander.com,1,+44 20 7379 7446,36 Drury Lane,WC2B 5RR,,,https://www.openstreetmap.org/way/98535866
http://www.lurra.co.uk/,Lurra,Westminster,Spanish,,1,,9 Seymour Place,,,,https://www.openstreetmap.org/way/112560123
https://www.macellaiorc.com/,Macellaio,Westminster,Steak,,1,+44 20 3848 1030,39-45 Shaftesbury Avenue,W1D 6LA,,,https://www.openstreetmap.org/way/570414064
https://www.treehousehotels.com/london/eat-drink/madera,Madera at Treehouse London,Westminster,Mexican,,1,+44 20 3988 4273,14-15 Langham Place,W1B 2QS,,,https://www.openstreetmap.org/node/12762941437
https://www.maguro-restaurant.com/,Maguro,Westminster,Asian; Sushi,,1,+44 20 7289 4353,5 Lanark Place,,,,https://www.openstreetmap.org/node/3661150004
https://mahal.co.uk/,Mahal,Westminster,Indian,info@mahal.co.uk,1,,138 Edgware Road,W2 2DZ,,,https://www.openstreetmap.org/node/519175230
https://www.maharaja50.co.uk/,Maharaja,Westminster,Indian,,1,+44 20 7727 1135,50 Queensway,,,,https://www.openstreetmap.org/node/534671487
https://www.maharajasoho.co.uk/,Maharaja - SoHo,Westminster,Indian,,1,+44 20 3941 9935,63 Old Compton Street,W1D 6HT,,,https://www.openstreetmap.org/way/274456438
http://www.maharajaofindia.co.uk,Maharaja Of India,Westminster,Indian,,1,,19A Charing Cross Road,,,,https://www.openstreetmap.org/way/995954612
https://www.maidahillplace.co.uk,Maida Hill Cafe,Westminster,Italian,,1,,2 Fernhead Road,W9 3ET,,,https://www.openstreetmap.org/way/361341231
https://www.eatlebab.com/covent-garden,Maison BAB,Westminster,Restaurant,info@eatlebab.com,1,,4 Mercer Walk,,,,https://www.openstreetmap.org/node/6082546389
http://www.maisonkayser.co.uk/,Maison Kayser,Westminster,Bakery,,1,,10 Portman Square,,,,https://www.openstreetmap.org/node/6310206978
https://www.malayfellas.co.uk/,Malay Fellas,Westminster,Asian,,1,+44 20 4635 4079,82 Queensway,W2 3RL,,,https://www.openstreetmap.org/node/13370312704
http://mandarinkitchen.co.uk/,Mandarin Kitchen,Westminster,Asian; Chinese; Seafood,,1,+44 20 7727 9012,14-16 Queensway,W2 3RX,,,https://www.openstreetmap.org/node/534692055
http://www.mandiralondon.com/,Mandira,Westminster,Cafe,info@mandiralondon.com,1,,78B Long Acre,WC2E 9NG,,,https://www.openstreetmap.org/node/5180399561
https://www.maozuk.com,Maoz,Westminster,Takeaway,,1,,,,,,https://www.openstreetmap.org/node/11524918370
https://thenudge.com/london-restaurants/mareida/,mareida,Westminster,Restaurant,editor@thenudge.com,1,,160 Great Portland Street,W1W 5QA,,,https://www.openstreetmap.org/node/13381986348
https://www.maresco.co.uk/,Maresco,Westminster,Spanish,info@maresco.co.uk,1,,45 Berwick Street,W1F 8SF,,,https://www.openstreetmap.org/way/159482792
https://www.mariagefreres.com/en/store/restaurant-tea-salon-london-covent-garden-menu.html,Mariage Frères,Westminster,Cafe,,1,+442078361854,38 King Street,WC2E 8JS,,,https://www.openstreetmap.org/node/6173783035
https://markethalls.co.uk/venue/victoria/,Market Hall Victoria,Westminster,Food court,events@markethalls.co.uk,1,,191 Victoria Street,SW1E 5NE,,,https://www.openstreetmap.org/node/11435202983
http://marketplacefoodhall.com,Market Place Food Hall Leicester Square,Westminster,Food court,,1,+44 7502 143620,20-21 Leicester Square,WC2H 7JX,,,https://www.openstreetmap.org/node/13993493701
https://www.themarkettavernmayfair.co.uk/,Market Tavern,Westminster,Pub,,1,,7 Shepherd Street,,,,https://www.openstreetmap.org/way/629793088
https://www.markuscoffee.com/,Markus Coffee Co Ltd,Westminster,Cafe,,1,+44 20 7723 4020,13 Connaught Street,,,,https://www.openstreetmap.org/node/647333252
https://www.maroush.com/,Maroush,Westminster,Restaurant,bookings@maroush.com,1,,68 Edgware Road,,,,https://www.openstreetmap.org/node/514781909
https://www.maroush.com/restaurant/maroush-21-edgware-road/,Maroush,Westminster,Restaurant,bookings@maroush.com,1,+44 20 7723 0773,21 Edgware Road,W2 2JE,,,https://www.openstreetmap.org/way/350999680
https://www.themarquess.co.uk/,Marquess of Anglesey,Westminster,Pub,,1,,39 Bow Street,,,,https://www.openstreetmap.org/node/25471087
https://www.nicholsonspubs.co.uk/restaurants/london/themarquisofgranbywestminsterlondon,Marquis of Granby,Westminster,Pub,,1,,41 Romney Street,SW1P 3RF,,,https://www.openstreetmap.org/way/118720825
https://www.nicholsonspubs.co.uk/restaurants/london/themarquisofgranbyrathbonestreetlondon,Marquis of Granby,Westminster,Pub,,1,+44 20 7580 7836,2 Rathbone Street,W1T 1NR,,,https://www.openstreetmap.org/way/226909129
https://www.marquisofwestminster.co.uk/,Marquis of Westminster,Westminster,Pub,,1,+44 20 7828 1700,50 Warwick Way,SW1V 1RY,,,https://www.openstreetmap.org/way/448420160
https://marugame.co.uk/,Marugame Udon,Westminster,Asian,,1,,Argyll Street,W1F 7TB,,,https://www.openstreetmap.org/node/12076935569
https://www.pollenstreetsocial.com/,Mary's,Westminster,Restaurant,,1,,8-10 Pollen Street,,,,https://www.openstreetmap.org/node/271949545
https://www.masalazone.com/locations/bayswater/,Masala Zone,Westminster,Indian,,1,+44 20 7221 0055,75 Bishop's Bridge Road,,,,https://www.openstreetmap.org/node/1137277598
https://www.masalazone.com/,Masala Zone,Westminster,Indian,,1,,9 Marshall Street,W1F 7EJ,,,https://www.openstreetmap.org/way/272084513
https://www.masalazone.com/locations/covent-garden/,Masala Zone,Westminster,Indian,coventgarden@masalazone.com,1,,48 Floral Street,WC2E 9DS,,,https://www.openstreetmap.org/way/559946419
https://www.maset.london/,Maset,Westminster,French,bookings@maset.london,1,+44 20 3822 0808,40-42 Chiltern Street,W1U 7QN,,,https://www.openstreetmap.org/node/12971974585
https://massis.co.uk/,Massis,Westminster,Restaurant,,1,+44 20 7286 8000,9 Sheldon Square,,,,https://www.openstreetmap.org/node/521778486
https://www.matsyadining.com/,Matsya,Westminster,Indian,,1,,55 Curzon Street,,,,https://www.openstreetmap.org/node/5921834585
https://www.mauipoke.co.uk/,Maui Poke,Westminster,Restaurant,aloha@mauipoke.co.uk,1,,20A Gosfield Street,W1W 6HF,,,https://www.openstreetmap.org/way/432267240
https://www.maximinirestaurant.co.uk/,Maximini,Westminster,Asian; Chinese,,1,+44 20 7402 6263,31-33 Sussex Place,W2 2TH,,,https://www.openstreetmap.org/node/2766801639
https://www.maxwells.co.uk/,Maxwell‘s Bar & Grill,Westminster,American; Burger,bookings@maxwells.co.uk,1,+44 20 7836 0303,34 King Street,,,,https://www.openstreetmap.org/node/6573224785
https://www.mayfairkitchen.co.uk/,May Fair Kitchen,Westminster,Restaurant,reservations@mayfairkitchen.co.uk,1,,,,,,https://www.openstreetmap.org/node/5921940110
https://mayfairgarden.co.uk/,Mayfair Garden,Westminster,Asian; Chinese,contact@mayfairgarden.co.uk,1,,8-10 North Audley Street,W1K 6ZD,,,https://www.openstreetmap.org/node/1342102318
https://www.mayfair1.co.uk/,MAYFAIR I,Westminster,Takeaway,,1,,2a White Horse Street,W1J 7LE,,,https://www.openstreetmap.org/node/5938180229
https://www.mazayarestaurants.com/,Mazaya Restaurant,Westminster,Restaurant,,1,,Knightsbridge Green,,,,https://www.openstreetmap.org/node/5987729548
https://www.gordonramsayrestaurants.com/gordon-ramsay-bar-grill/mayfair/,Maze,Westminster,Restaurant,,1,,10-13 Grosvenor Square,W1K 5AE,,,https://www.openstreetmap.org/node/462025319
https://www.mcdonalds.com/gb/en-gb/location/westminster/oxford-street-1/810-oxford-street/8260028.html,McDonald's,Westminster,Burger,,1,+44 20 7636 4350,8-10 Oxford Street,W1D 1AW,,,https://www.openstreetmap.org/node/385591326
https://www.mcdonalds.com/gb/en-gb/location/westminster/edgware-road/178180-edgware-road/8260019.html,McDonald's,Westminster,Burger,,1,+44 20 7258 1850,178-180 Edgware Road,W2 2DS,,,https://www.openstreetmap.org/node/519175222
https://www.mcdonalds.com/gb/en-gb/location/westminster/victoria-station/main-concourse/8261011.html,McDonald's,Westminster,Burger,,1,+44 20 7802 9730,Terminus Place,SW1V 1JT,,,https://www.openstreetmap.org/node/2499624218
https://www.mcdonalds.com/gb/en-gb/location/westminster/shaftesbury-avenue---2/2527-shaftesbury-avenue/8261063.html,McDonald's,Westminster,Burger,,1,+44 20 7287 1106,25-27 Shaftesbury Avenue,,,,https://www.openstreetmap.org/node/2659475639
https://www.mcdonalds.com/gb/en-gb/location/city-of-westminster/leicester-square/48-leicester-square/8261495.html,McDonald's,Westminster,Burger,01495@uk.mcd.com,1,+44 20 7930 9442,48 Leicester Square,WC2H 7LU,,,https://www.openstreetmap.org/node/5060805697
https://www.mcdonalds.com/gb/en-gb/location/westminster/victoria-place/115-buckingham-palace-road/8260374.html,McDonald's,Westminster,Burger,,1,+44 20 7233 7192,,,,,https://www.openstreetmap.org/node/5224647982
https://www.mcdonalds.com/gb/en-gb/location/westminster/queensway---london/7678-queensway/8261096.html,McDonald's,Westminster,Burger,,1,+44 20 7727 5486,78 Queensway,,,,https://www.openstreetmap.org/node/5236017721
https://www.mcdonalds.com/gb/en-gb/location/westminster/west-one-shopping-centre/west-one-shopping-centre/8260750.html,McDonald's,Westminster,Burger,,1,+44 20 7491 2619,,,,,https://www.openstreetmap.org/node/5791585150
https://www.mcdonalds.com/gb/en-gb/location/westminster/baker-street/122-baker-street/8260009.html,McDonald's,Westminster,Burger,,1,+44 20 7487 4003,122 Baker Street,,,,https://www.openstreetmap.org/node/6338252675
https://www.mcdonalds.com/gb/en-gb/location/westminster/185-187-oxford-street/185-187-oxford-street/8260244.html,McDonald's,Westminster,Burger,,1,+44 20 7287 1975,185-187 Oxford Street,W1D 2JU,,,https://www.openstreetmap.org/way/65489516
https://www.mcdonalds.com/gb/en-gb/location/westminster/strand/3435-strand/8260007.html,McDonald's,Westminster,Burger,,1,+44 20 7930 7530,34-35 Strand,WC2N 5HY,,,https://www.openstreetmap.org/way/68807954
https://www.mcdonalds.com/gb/en-gb/location/paddington/paddington-square-yre/161-praed-street/8261635.html,McDonald's,Westminster,Burger,,1,+44 20 7706 7495,27 London Street,W2 1HH,,,https://www.openstreetmap.org/way/155488587
https://www.mcdonalds.com/gb/en-gb/location/westminster/victoria/155-victoria-street/8260008.html,McDonald's,Westminster,Burger,,1,+44 20 7828 6911,155 Victoria Street,SW1E 5NA,,,https://www.openstreetmap.org/way/203890515
https://www.mcdonalds.com/gb/en-gb/location/westminster/291-oxford-st/291b-oxford-street/8260352.html,McDonald's,Westminster,Burger,,1,+44 20 7409 0054,291B Oxford Street,W1C 2DT,,,https://www.openstreetmap.org/way/807554353
https://meatliquor.com/restaurant/meatliquor-w1/,Meat Liquor,Westminster,Burger,info@meatliquor.com,1,+44 20 7224 4239,37-38 Margaret Street,W1G 0JF,,,https://www.openstreetmap.org/way/110457625
https://medsalleh.co.uk,Med Salleh Kopitiam,Westminster,Asian,kopitiam@medsalleh.co.uk,1,+44 20 7792 2140,35-39 Inverness Terrace,W2 3JS,medsalleh.london,medsalleh.london,https://www.openstreetmap.org/node/7038433901
https://www.meghnagrill.co.uk/,Meghna Grill,Westminster,Indian,,1,+44 20 7328 3705,113 Boundary Road,,,,https://www.openstreetmap.org/node/6631981309
https://mehmetefendi.co.uk/,Mehmet Efendi 1953,Westminster,Cafe,,1,+44 28 7116 4915,81 Edgware Road,W2 2EA,mehmetefendi1953,mehmetefendi1953,https://www.openstreetmap.org/node/13803276401
http://www.melurlondon.co.uk/,Melur,Westminster,Asian,,1,+44 20 7706 8083,175a Edgware Road,,,,https://www.openstreetmap.org/node/2870216402
https://meraki-restaurant.com/,Meraki,Westminster,Greek,reservations@meraki-restaurant.com,1,,80-82 Great Titchfield Street,W1W 7QT,,,https://www.openstreetmap.org/way/659512499
https://mercatometropolitano.com/mercato-mayfair,Mercato Mayfair,Westminster,Food court,info@mercatometropolitano.com,1,,13 North Audley Street,W1K 6ZA,,,https://www.openstreetmap.org/node/12185001162
http://mewsofmayfair.com/,Mews of Mayfair,Westminster,Restaurant,,1,,8-10 Lancashire Court,,,,https://www.openstreetmap.org/way/607868279
http://www.mayfairpizzaco.com/about.php,Mews Pizza Co,Westminster,Pizza,,1,,4 Lancashire Court,W1S 1EY,,,https://www.openstreetmap.org/way/607855077
https://mielorestaurant.com,Mielo,Westminster,Restaurant,info@mielorestaurant.com,1,+44 20 7935 2252,35-38 Paddington Street,W1U 4HQ,,,https://www.openstreetmap.org/way/148032594
https://www.mildreds.com/victoria/,Mildreds,Westminster,Restaurant,hello@mildreds.com,1,+442080500164,128 Wilton Road,SW1V 1JZ,,mildredsrestaurants,https://www.openstreetmap.org/node/1290648033
https://www.mildreds.com/soho/,Mildreds,Westminster,Restaurant,hello@mildreds.com,1,+442074941634,45 Lexington Street,W1F 9AN,,,https://www.openstreetmap.org/node/13577345319
https://www.mildreds.co.uk/locations/covent-garden/,Mildreds,Westminster,Restaurant,hello@mildreds.co.uk,1,+44 20 8066 8393,79 St Martin's Lane,WC2N 4AA,,,https://www.openstreetmap.org/way/146481555
https://www.orders.milksha.co.uk/,Milksha,Westminster,Cafe,,1,,65 Shaftesbury Avenue,W1D 6LH,,,https://www.openstreetmap.org/node/13462905166
https://www.estiatoriomilos.com/location/london/,Milos,Westminster,Greek,london@estiatoriomilos.com,1,+44 20 7839 2080,1 Regent Street,SW1Y 4NR,,,https://www.openstreetmap.org/node/4545435689
https://www.misterlasagna.co.uk/,Mister Lasagna,Westminster,Takeaway,infolasagneriaitaliana@gmail.com,1,,5 Air Street,,,,https://www.openstreetmap.org/node/5683731023
https://www.mnky-hse.com/,MNKY HSE,Westminster,Restaurant,,1,,10 Dover Street,,,,https://www.openstreetmap.org/node/5714712977
https://www.monkeyandmethai.co.uk/,Monkey & Me,Westminster,Asian,info@monkeyandmethai.co.uk,1,,114-115 Crawford Street,,,,https://www.openstreetmap.org/node/6362179973
http://montpelianorestaurant.com/,Montpeliano,Westminster,Italian,,1,+44 20 7589 0032,13 Montpelier Street,,,,https://www.openstreetmap.org/node/7947207091
http://www.nationalhalalburgerday.co.uk/moor-hitch/,Moor & Hitch,Westminster,Burger,,1,+44 20 3220 0082,96 Queensway,,,,https://www.openstreetmap.org/node/7041353783
https://morenalondon.com/,Morena,Westminster,Restaurant,reservations@morenalondon.com,1,+44 20 3488 6490,10-11 Eccleston Yards,,,,https://www.openstreetmap.org/way/544996362
https://moroccansahararestaurant.jimdo.com/,Moroccan Sahara Restaurant,Westminster,Restaurant,,1,+44 20 7792 0770,39 Hereford Road,,,,https://www.openstreetmap.org/node/582764943
https://www.morpetharms.co.uk/,Morpeth Arms,Westminster,Pub,,1,,58 Millbank,SW1P 4RW,,,https://www.openstreetmap.org/way/112544263
https://www.mortarpestle.co.uk/,Mortar + Pestle,Westminster,Asian,,1,,59 Park Road,,,,https://www.openstreetmap.org/node/6450178025
https://mosob.co.uk/,Mosob,Westminster,Restaurant,,1,+44 20 7266 2012,339 Harrow Road,W9 2HP,,,https://www.openstreetmap.org/node/715707706
https://stjohnswood.motcombsrestaurants.co.uk/,Motcombs,Westminster,Breakfast,,1,,3 Circus Road,NW6 6NX,,,https://www.openstreetmap.org/node/12314226414
https://www.mothermash.co.uk/,MotherMash,Westminster,Restaurant,,1,,4 New Row,,,,https://www.openstreetmap.org/node/821344571
https://mountainbeakstreet.com,Mountain,Westminster,Restaurant,bookings@mountainbeakstreet.com,1,,16-18 Beak Street,W1F 9RD,,,https://www.openstreetmap.org/way/217876210
https://www.mowglistreetfood.com,Mowgli Street Food,Westminster,Food truck; Indian,,1,+44 1865 240662,5 Charlotte Street,W1T 1RE,,,https://www.openstreetmap.org/way/226909124
https://www.mrchow.com/,Mr Chow,Westminster,Asian; Chinese,,1,,151 Knightsbridge,SW1X 7PA,,,https://www.openstreetmap.org/node/2148895426
https://www.mr-foggs.com/mr-foggs-hat-tavern/,Mr Fogg's Hat Tavern,Westminster,Deli; Pub,hattavern@mr-foggs.com,1,+44 20 7590 3608,22 Great Chapel Street,W1F 8FR,,,https://www.openstreetmap.org/way/477968049
https://www.mr-foggs.com/house-of-botanicals/,Mr Fogg's House of Botanicals,Westminster,Bar,botanicals@mr-foggs.com,1,+44 20 3667 1445,48 Newman Street,W1T 1QQ,,,https://www.openstreetmap.org/way/98535843
https://www.mrfrancatelli.co.uk/,Mr Francatelli,Westminster,Italian,info@mrfrancatelli.co.uk,1,+44 20 34355489,48a Rochester Row,SW1P 1JU,,,https://www.openstreetmap.org/way/112682095
https://www.mrportersteakhouse.com/london,"MR PORTER Steakhouse, Bar & Lounge London",Westminster,Steak,,1,,22 Park Lane,W1K 1BE,,,https://www.openstreetmap.org/node/12765655162
https://www.mukbangpocha.co.uk/,Mukbang Pocha,Westminster,Asian; Korean,,1,+44 20 3987 5570,10 Golden Square,,https://www.facebook.com/MukbangPocha/,https://www.instagram.com/mukbangpocha,https://www.openstreetmap.org/node/5520355399
https://www.mumtaz-london.co.uk/,Mumtaz Restaurant,Westminster,Indian,,1,,4-10 Park Road,,,,https://www.openstreetmap.org/node/6417301374
https://www.muranolondon.com/,Murano,Westminster,Restaurant,enquiries@muranolondon.com,1,,20 Queen Street,,,,https://www.openstreetmap.org/way/340427515
https://www.murgerhan.com/,Murger Han,Westminster,Asian; Chinese,info@murgerhan.com,1,+44 20 7734 0300,8a Sackville Street,,,,https://www.openstreetmap.org/node/5680946881
https://www.myplacesoho.com/,My Place,Westminster,Restaurant,contact@myplacesoho.com,1,,21 Berwick Street,W1F 0PZ,,,https://www.openstreetmap.org/way/156620036
https://www.mykonoss.co.uk/,Mykonoss Victoria,Westminster,Breakfast; Deli; Greek; Halal,,1,+44 20 7967 3225,No: 63 Wilton Road,SW1V 1DE,,,https://www.openstreetmap.org/node/12296564319
http://www.myungga.co.uk/,Myung Ga,Westminster,Asian; Korean,,1,,15 Beak Street,,,,https://www.openstreetmap.org/node/1115431267
https://www.naclondon.co.uk/,Nac,Westminster,Restaurant,reservations@naclondon.co.uk,1,,41 North Audley Street,,,,https://www.openstreetmap.org/way/342715784
https://nagare.co.uk/,Nagare Coffee,Westminster,Cafe,,1,,2 Newburgh Street,W1F 7RD,,,https://www.openstreetmap.org/node/13208980001
https://namaiki.co.uk/,Namaiki,Westminster,Asian; Sushi,info@namaiki.co.uk,1,+44 7502 868876,14 Broadwick Street,W1F 8HP,,,https://www.openstreetmap.org/way/156620023
https://www.nandos.co.uk/restaurants/victoria-cardinal-place,Nando's,Westminster,Restaurant,,1,,17 Cardinal Walk,SW1E 5JE,,,https://www.openstreetmap.org/node/341233650
https://www.nandos.co.uk/restaurants/berners-street,Nando's,Westminster,Restaurant,,1,,2 Berners Street,W1T 3LF,,,https://www.openstreetmap.org/node/384759682
https://www.nandos.co.uk/restaurants/bayswater,Nando's,Westminster,Restaurant,,1,+44 20 7313 9506,,,,,https://www.openstreetmap.org/node/511169214
https://www.nandos.co.uk/restaurants/baker-street,Nando's,Westminster,Restaurant,,1,,113 Baker Street,W1U 6RS,,,https://www.openstreetmap.org/node/1169048002
https://www.nandos.co.uk/restaurants/glasshouse-street,Nando's,Westminster,Restaurant,,1,,46 Glasshouse Street,W1B 5DR,,,https://www.openstreetmap.org/node/1235254620
https://www.nandos.co.uk/restaurants/paddington,Nando's,Westminster,Restaurant,,1,,24-26 Spring Street,W2 1JA,,,https://www.openstreetmap.org/node/2779057301
https://www.nandos.co.uk/restaurants/soho,Nando's,Westminster,Restaurant,,1,,10 Frith Street,,,,https://www.openstreetmap.org/node/4880873822
https://www.nandos.co.uk/restaurants/great-portland-street-london,Nando's,Westminster,Restaurant,,1,,190 Great Portland Street,,,,https://www.openstreetmap.org/way/432466130
https://www.nandos.co.uk/restaurants/victoria-wilton-road,Nando's,Westminster,Restaurant,,1,,107-108 Wilton Road,SW1V 1DE,,,https://www.openstreetmap.org/way/449102842
https://www.nandos.co.uk/restaurants/covent-garden,Nando's,Westminster,Restaurant,,1,,67-68 Chandos Place,WC2N 4HG,,,https://www.openstreetmap.org/way/487935637
https://www.nandos.co.uk/restaurants/st-christophers-place,Nando's,Westminster,Restaurant,,1,,16-18 James Street,,,,https://www.openstreetmap.org/way/665224758
http://www.nanis.co.uk/,Nanis Cafe,Westminster,Cafe,,1,,134 Great Portland Street,W1W 6PX,,,https://www.openstreetmap.org/way/345140323
https://www.88dragons.co.uk/,Napoli Express,Westminster,Asian; Sushi,,1,+44 20 8968 2936,69 Fernhead Road,,,,https://www.openstreetmap.org/node/6763093726
https://www.neat-burger.com/pages/store-princes-st,Neat,Westminster,Burger; Deli,,1,,,,,,https://www.openstreetmap.org/node/6773156488
https://www.greatukpubs.co.uk/nell-of-old-drury-covent-garden,Nell of Old Drury,Westminster,Pub,stonegatepress@stonegategroup.co.uk,1,,Catherine Street,WC2B 5JS,,,https://www.openstreetmap.org/way/986920651
https://nepnep.co.uk/,Nep Nep,Westminster,Asian,,1,,20 Lisson Grove,,,,https://www.openstreetmap.org/way/1023575584
https://www.caffenero.com/uk/stores/victoria-central,Nero Express,Westminster,Breakfast,,1,+44 7826 931050,Victoria Place,SW1W 9SJ,,,https://www.openstreetmap.org/node/2466428731
https://www.caffenero.com/uk/stores/charing-cross,Nero Express,Westminster,Breakfast,,1,+44 20 3272 0055,,,,,https://www.openstreetmap.org/node/4329962743
https://www.caffenero.com/uk/stores/edgware-road-tube-station,Nero Express,Westminster,Breakfast,,1,,,,,,https://www.openstreetmap.org/node/5894785000
https://www.caffenero.com/uk/stores/paddington,Nero Express,Westminster,Breakfast,,1,,,,,,https://www.openstreetmap.org/node/6860995416
https://www.caffenero.com/uk/stores/victoria-platform-18,Nero Express,Westminster,Breakfast,,1,+44 7826 931050,,,,,https://www.openstreetmap.org/node/7169296537
https://www.nessasoho.com/,Nessa Soho,Westminster,Cafe,hello@nessasoho.com,1,,86 Brewer Street,,,,https://www.openstreetmap.org/node/11112726105
https://www.thenewmanarms.co.uk/,Newman Arms,Westminster,Pub,info@thenewmanarms.co.uk,1,+44 20 7636 1127,23 Rathbone Street,W1T 1NG,,,https://www.openstreetmap.org/way/648689210
https://www.instagram.com/niu_taiwanese_beef_noodles/,NIU,Westminster,Chinese,,1,,19 Catherine Street,WC2B 5JS,,,https://www.openstreetmap.org/node/11739978055
http://nkora.co.uk,Nkora,Westminster,Cafe,,1,+44 20 7734 6177,14 Old Burlington Street,W1S 2JR,,nkoracoffee,https://www.openstreetmap.org/node/456718344
https://www.nofortynine.co.uk,No. Forty-Nine,Westminster,Restaurant,hello@nofortynine.co.uk,1,,49 St John's Wood High Street,,,,https://www.openstreetmap.org/node/13918481501
https://noblerot.co.uk/restaurant/soho,Noble Rot,Westminster,Restaurant,hello@noblerot.co.uk,1,,2 Greek Street,W1D 4NB,,,https://www.openstreetmap.org/way/279171107
https://noblerot.co.uk/,Noble Rot Mayfair,Westminster,Restaurant,mayfair@noblerot.co.uk,1,+44 20 7101 6770,5 Trebeck Street,W1J 7LT,noblerotmag,noblerotmayfair,https://www.openstreetmap.org/node/5943700601
https://www.noburestaurants.com/,Nobu,Westminster,Asian; Sushi,downtown@noburestaurants.com,1,,15a Berkeley Street,,,,https://www.openstreetmap.org/node/5724481760
https://noorjahan2.com/,Noorjahan II,Westminster,Indian,,1,+44 20 7402 2332,26 Sussex Place,W2 2TH,,,https://www.openstreetmap.org/node/2766801640
http://www.nopi-restaurant.com/,Nopi,Westminster,Restaurant,,1,,21-22 Warwick Street,W1B 5NE,,,https://www.openstreetmap.org/node/2284618587
https://www.normahs.co.uk/,Normah's,Westminster,Asian; Halal,normahinfo@gmail.com,1,+44 7771630828,23-25 Queensway,W2 4QJ,,,https://www.openstreetmap.org/node/6762320788
http://notes-uk.co.uk/,Notes,Westminster,Breakfast,,1,,391 Oxford Street,W1C 2JS,,,https://www.openstreetmap.org/node/5111050924
https://notescoffee.com,Notes,Westminster,Breakfast,bookings@notescoffee.com,1,,31 St Martin's Lane,WC2N 4ER,,,https://www.openstreetmap.org/way/151297119
https://www.nottopastabars.com/notto-piccadilly/,Notto,Westminster,Restaurant,contact@nottopiccadilly.com,1,+44 20 3034 2190,198 Piccadilly,W1J 9EZ,,,https://www.openstreetmap.org/way/290321022
https://noura.co.uk/,Noura,Westminster,Restaurant,nouramayfair@noura.co.uk,1,+44 20 7235 9444,16 Hobart Place,SW1W 0HH,,,https://www.openstreetmap.org/node/2833584401
https://www.noura.co.uk/mayfair-lounge/,Noura,Westminster,Restaurant,nouramayfair@noura.co.uk,1,+44 20 7495 4396,16 Curzon Street,W1J 5HP,,,https://www.openstreetmap.org/way/77002328
https://www.novikovrestaurant.co.uk/,Novikov,Westminster,Asian; Italian,reservations@novikovrestaurant.co.uk,1,,50а Berkeley Street,,,,https://www.openstreetmap.org/node/4470013189
https://www.eatnua.com/home/,Nua,Westminster,Asian,contact@eatnua.com,1,+44 20 3089 3346,55 Cleveland Street,W1T 4JL,eatnua,eatnua,https://www.openstreetmap.org/node/1154262366
https://osolemio.has.restaurant/,O Sole Mio,Westminster,Italian,,1,+44 20 7976 6887,35 Belgrave Road,SW1V 2BB,,,https://www.openstreetmap.org/way/242280553
https://www.oneills.co.uk/carnaby-street/,O'Neills,Westminster,Pub,,1,,37-38 Great Marlborough Street,W1F 7JB,,,https://www.openstreetmap.org/way/54666911
https://www.ogniskorestaurant.co.uk/,Ognisko Restaurant,Westminster,Restaurant,events@ogniskorestaurant.co.uk,1,+44 20 7589 4635,55 Exhibition Road,SW7 2PN,,,https://www.openstreetmap.org/node/6036818763
http://www.ohisama.co.uk/,OHISAMA Sushi,Westminster,Asian; Sushi,,1,,39 Paddington Street,,,,https://www.openstreetmap.org/way/235395317
https://www.oitarestaurant.com/soho,Oita,Westminster,Asian; Japanese,,1,,47 Gerrard Street,W1D 5QJ,,,https://www.openstreetmap.org/node/13550924166
https://www.okarestaurant.co.uk/,Oka,Westminster,Asian; Japanese,kingly@okarestaurant.co.uk,1,+44 20 7734 3556,Kingly Court,W1B 5PW,,,https://www.openstreetmap.org/node/5009334242
https://okarestaurant.co.uk/marylebone/,OKA Restaurant,Westminster,Restaurant,enquiry@okarestaurant.co.uk,1,,19 New Cavendish Street,W1G 9TZ,,,https://www.openstreetmap.org/node/3531929143
https://oldqueenstreet.com/,Old Queen Street Cafe,Westminster,Restaurant,events@oldqueenstreet.com,1,,6 Old Queen Street,SW1H 9HP,,,https://www.openstreetmap.org/way/531242104
https://oleandsteen.co.uk/,Ole & Steen,Westminster,Bakery,,1,+44 20 3948 4000,71-73 Wigmore Street,W1U 1QA,,,https://www.openstreetmap.org/node/6222572321
https://www.olivorestaurants.com/olivomare,Olivomare,Westminster,Italian,,1,+44 20 7730 9022,10 Lower Belgrave Street,SW1W 0LJ,https://facebook.com/pages/Olivo-Restaurants-Shops/333493482686,olivorestaurants,https://www.openstreetmap.org/node/12636363801
http://ooo-koffee.com/,Omotesando Koffee,Westminster,Breakfast,,1,,8 Newman Street,W1T 1PB,,,https://www.openstreetmap.org/node/6384451253
https://www.guoman.com/the-royal-horseguards/restaurants-and-bars/one-twenty-one-two-restaurant,One Twenty One Two,Westminster,Restaurant,,1,+44 20 3343 4270,2 Whitehall Court,SW1A 2EJ,,,https://www.openstreetmap.org/node/11052596811
https://www.opso.co.uk/,OPSO,Westminster,Greek,reservations@opso.co.uk,1,+44 20 7935 0551,10 Paddington Street,W1U 5QL,,,https://www.openstreetmap.org/way/148871637
https://www.orrery-restaurant.co.uk/,Orrery,Westminster,French,,1,,,,,,https://www.openstreetmap.org/node/6288330983
https://www.oree.co.uk,Orée,Westminster,French,wellington@oreebakeries.co.uk,1,+44 20 4580 1467,44 Wellington Street,WC2B 5JD,,oreeboulangeries,https://www.openstreetmap.org/way/257269034
https://www.oshpaz.co.uk/,Oshpaz,Westminster,Asian,reservations@oshpaz.co.uk,1,,7 Regent Street,SW1Y 4LR,,,https://www.openstreetmap.org/node/12326678001
https://oslocourtrestaurant.co.uk/,Oslo Court,Westminster,French,oslorestaurant@gmail.com,1,,Charlbert Street,NW8 7EN,,,https://www.openstreetmap.org/node/9459156175
http://www.osteriadellangolo.co.uk/default2.html,Osteria Dell'Angolo,Westminster,Italian,,1,,47 Marsham Street,SW1P 3DR,,,https://www.openstreetmap.org/node/1334631313
https://ottolenghi.co.uk/restaurants/marylebone,Ottolenghi,Westminster,Restaurant,marylebone@ottolenghi.co.uk,1,+44 20 3148 1040,63-65 Marylebone Lane,,,,https://www.openstreetmap.org/node/6298762613
https://www.oystermen.co.uk/,Oystermen,Westminster,Seafood,reservations@oystermen.co.uk,1,,32 Henrietta Street,WC2E 8NA,,,https://www.openstreetmap.org/way/670350867
https://www.pachamamalondon.com/,Pachamama,Westminster,Restaurant,hello@pachamamalondon.com,1,,18 Thayer Street,,,,https://www.openstreetmap.org/node/3730599389
http://www.pakhtoonuk.com/,Pakhtoon,Westminster,Halal; Indian,,1,+44 20 7706 1444,7 Edgware Road,W2 2ER,,,https://www.openstreetmap.org/node/13385797088
http://www.palmcourtbrasserie.co.uk,Palm Court Brasserie,Westminster,French,,1,+44 20 7240 2939,39 King Street,WC2E 8JS,,,https://www.openstreetmap.org/node/968780398
https://www.panaderabakery.com/,Panadera,Westminster,Asian; Breakfast,info@panaderabakery.com,1,+44 20 3904 4093,7 Picton Place,W1U 1BN,,panaderabakery_,https://www.openstreetmap.org/way/217955524
https://www.papajohns.co.uk/stores/maida-vale,Papa John's,Westminster,Pizza,,1,+44 20 7121 0210,358 Harrow Road,,,,https://www.openstreetmap.org/node/3176544261
https://www.pardisrestaurant.co.uk/,Pardis Restaurant,Westminster,Restaurant,pardisw2@gmail.com,1,+44 20 7402 8933,29 Connaught Street,,,,https://www.openstreetmap.org/node/6953176716
https://parkchinois.com/,Park Chinois,Westminster,Asian; Chinese,reservations@parkchinois.com,1,+44 20 3327 8888,17 Berkeley Street,,,,https://www.openstreetmap.org/node/5724541750
https://www.parkcornerbrasserie.com/,Park Corner Brasserie,Westminster,French,,1,+44 20 7208 4127,22 Park Lane,W1K 1BE,,,https://www.openstreetmap.org/node/11307567087
https://www.pastaio.london/,Pastaio,Westminster,Italian,,1,,19 Ganton Street,W1F 7BU,,,https://www.openstreetmap.org/node/313349031
http://www.pataralondon.com,Patara,Westminster,Asian,,1,+44 20 7437 1071,15 Greek Street,W1D 4DP,,,https://www.openstreetmap.org/way/279322546
https://www.paul-uk.com/,Paul,Westminster,Bakery,,5,+44 20 3978 5507,29 Bedford Street,WC2E 9ED,,,https://www.openstreetmap.org/node/821344049
https://www.paulettelondon.com/,Paulette,Westminster,French,bookings@paulettelondon.com,1,+44 20 7286 2715,18 Formosa Street,W9 1EE,,,https://www.openstreetmap.org/node/6699678257
https://www.greeneking-pubs.co.uk/pubs/greater-london/paxtons-head/,Paxton’s Head,Westminster,Pub,7225@greeneking.co.uk,1,,153 Knightsbridge,,,,https://www.openstreetmap.org/way/633865298
https://pearlliang.co.uk/,Pearl Liang,Westminster,Asian; Chinese,info@pearlliang.co.uk,1,,8 Sheldon Square,W2 6EZ,,,https://www.openstreetmap.org/node/521689913
https://www.peggyporschen.com/,Peggy Porschen Belgravia,Westminster,Cafe,hello@peggyporschen.com,1,+44 20 7730 1316,116 Ebury Street,SW1W 9QQ,,,https://www.openstreetmap.org/way/159402316
https://pelicanstate.co.uk/,Pelican State,Westminster,Seafood,,1,,92 Wigmore Street,W1U 3RB,,,https://www.openstreetmap.org/node/1262645658
https://www.pret.co.uk/en-GB/shop-finder/l/london/marylebone-road/10578,Petit Pret,Westminster,Breakfast,,1,+44 20 7486 2023,"5-5a Station Approach, Marylebone Road",NW1 5LA,,,https://www.openstreetmap.org/way/1410141049
http://peyoterestaurant.com/,Peyote,Westminster,Restaurant,,1,+44 20 7409 1300,14 Cork Street,W1S 3NS,,,https://www.openstreetmap.org/node/456214655
https://philippeconticini.co.uk/,Philippe Conticini,Westminster,Bakery,,1,,,,,,https://www.openstreetmap.org/way/111490410
https://www.phocafe.co.uk,Pho,Westminster,Asian,bakerstreet@phocafe.co.uk,1,+44 20 8161 0490,102 Baker Street,W1U 6TW,,,https://www.openstreetmap.org/node/6338253687
https://www.phocafe.co.uk/locations/soho,Pho,Westminster,Asian,bakerstreet@phocafe.co.uk,1,,163-165 Wardour Street,W1F 8WL,,,https://www.openstreetmap.org/way/275127236
https://www.greeneking.co.uk/pubs/greater-london/phoenix,Phoenix,Westminster,Pub,,1,,51 Moscow Road,W2 4AL,,,https://www.openstreetmap.org/way/107155373
https://www.phoenixpalace.co.uk/,Phoenix palace,Westminster,Asian; Chinese,,1,+44 20 7486 3515,5 Glentworth Street,NW1 5PG,,,https://www.openstreetmap.org/node/4693256690
https://pickleandtoast.com/,Pickle & Toast,Westminster,Takeaway,info@pickleandtoast.com,1,,,W1F 0TD,,,https://www.openstreetmap.org/way/157779696
https://www.piggyspiccadilly.co.uk/,Piggy's,Westminster,Cafe,orders@piggyspiccadilly.co.uk,1,,1 Air Street,,,,https://www.openstreetmap.org/node/5683731024
https://www.pingpongdimsum.com/soho/,Ping Pong,Westminster,Asian; Chinese,,1,,45 Great Marlborough Street,W1F 7JL,,,https://www.openstreetmap.org/way/475721753
https://www.pizza2night.co.uk/,Pizza 2 Night,Westminster,Pizza,pizza2nightkent@gmail.com,1,,433 Harrow Road,,,,https://www.openstreetmap.org/node/6813682510
https://www.pizzagogo.co.uk/stores/bayswater,Pizza GoGo,Westminster,Pizza,,1,+44 20 7229 4646,218 Queensway,,,,https://www.openstreetmap.org/node/2954113033
https://www.pizzahut.co.uk/restaurants/find/details/leicestersquare,Pizza Hut,Westminster,Pizza,,1,+44 20 7930 9114,19 Leicester Square,WC2H 7LE,,,https://www.openstreetmap.org/node/348857103
https://www.pizzahut.co.uk/restaurants/find/details/marblearch,Pizza Hut,Westminster,Pizza,,1,+44 20 7493 6427,523 Oxford Street,W1C 2QJ,,,https://www.openstreetmap.org/node/1396900452
https://www.pizzahut.co.uk/restaurants/find/details/strand,Pizza Hut,Westminster,Pizza,,1,,56/59 Strand,WC2N 5LR,,,https://www.openstreetmap.org/way/72140257
https://www.pizzahut.co.uk/restaurants/find/details/piccadilly,Pizza Hut,Westminster,Pizza,,1,+44 20 7287 8560,29-31 Regent Street,SW1Y 4ND,,,https://www.openstreetmap.org/way/290406002
https://www.pizzahut.co.uk/huts/uk-1/7569-westbourne-park/,Pizza Hut Delivery,Westminster,Pizza,,1,+44 20 7286 1313,341A Harrow Road,W9 3RA,,,https://www.openstreetmap.org/node/3412464193
https://www.pizzahut.co.uk/huts/uk-1/7516-pimlico/,Pizza Hut Delivery,Westminster,Pizza,,1,+44 20 7976 5722,113 Lupus Street,SW1V 3EN,,,https://www.openstreetmap.org/node/5253652521
https://www.pizzahut.co.uk/huts/uk-1/7575-edgware-road/,Pizza Hut Delivery,Westminster,Pizza,,1,+44 20 7723 8883,454 Edgware Road,,,,https://www.openstreetmap.org/node/6498443446
https://thepizzaandkebabcentre.co.uk/,Pizza Kebab Chicken Centre,Westminster,Pizza,,1,+44 20 7289 8255,368 Harrow Road,,,,https://www.openstreetmap.org/node/6743935990
https://www.littlepersia.co.uk/,Pizza Pilgrims,Westminster,Pizza,,1,,40 Queensway,,,,https://www.openstreetmap.org/node/534672187
https://www.pizzapilgrims.co.uk/,Pizza Pilgrims,Westminster,Pizza,deanst@pizzapilgrims.co.uk,2,+44 20 7437 3559,11 Dean Street,W1D 3RP,,,https://www.openstreetmap.org/way/288392850
https://www.pizzaexpress.com/london-pimlico,PizzaExpress,Westminster,Pizza,,1,,46 Moreton Street,SW1V 2PB,,,https://www.openstreetmap.org/node/262565828
https://www.pizzaexpress.com/london-baker-street,PizzaExpress,Westminster,Pizza,,1,,131-133 Baker Street,W1U 6SE,,,https://www.openstreetmap.org/node/299523381
https://www.pizzaexpress.com/london-450-strand,PizzaExpress,Westminster,Pizza,,1,+44 20 7930 8205,450 The Strand,WC2R 0RG,,,https://www.openstreetmap.org/node/348018690
https://www.pizzaexpress.com/london-haymarket,PizzaExpress,Westminster,Pizza,,1,,25 Haymarket,SW1Y 4EN,,,https://www.openstreetmap.org/node/595303504
https://www.pizzaexpress.com/london-millbank,PizzaExpress,Westminster,Pizza,,1,,25 Millbank,SW1P 4QP,,,https://www.openstreetmap.org/node/1282224673
https://www.pizzaexpress.com/london-paddington,PizzaExpress,Westminster,Pizza,,1,,,,,,https://www.openstreetmap.org/node/6853206779
https://www.pizzaexpress.com/london-barrett-street,PizzaExpress,Westminster,Pizza,,1,,21-22 Barrett Street,,,,https://www.openstreetmap.org/way/107039273
https://www.pizzaexpress.com/london-victoria-street,PizzaExpress,Westminster,Pizza,,1,,154 Victoria Street,SW1E 5LB,,,https://www.openstreetmap.org/way/203884503
https://www.pizzaexpress.com/london-dean-street,PizzaExpress,Westminster,Pizza,,1,+44 20 7437 9595,10 Dean Street,,,,https://www.openstreetmap.org/way/288392849
https://www.pizzaexpress.com/london-aldwych,PizzaExpress,Westminster,Pizza,,1,+44 20 7836 7716,147 Strand,WC2R 1JA,,,https://www.openstreetmap.org/way/372842254
https://www.pizzaexpress.com/london-st-martins-lane/,PizzaExpress,Westminster,Pizza,,1,,80-81 St Martin's Lane,WC2N 4AA,,,https://www.openstreetmap.org/way/566157044
https://www.pizzaexpress.com/st-johns-wood-abbey-road,PizzaExpress,Westminster,Pizza,,1,,39 Abbey Road,NW8 0AA,,,https://www.openstreetmap.org/way/704189475
https://www.pizzaexpress.com/london-bow-street,PizzaExpress,Westminster,Pizza,,1,+44 20 7240 3443,9 Bow Street,WC2E 7AH,,,https://www.openstreetmap.org/way/987016401
http://www.lse.ac.uk/intranet/LSEServices/cateringServices/restaurantsAndCafes/PlazaCafe.aspx,Plaza Café,Westminster,Breakfast,,1,,John Watkins Plaza,,,,https://www.openstreetmap.org/way/310159572
https://www.pochawagrill.com/,Pochawa Grill 포차와 그릴,Westminster,Asian; Korean,,1,,29 Wardour Street,W1D 6PS,,,https://www.openstreetmap.org/node/13550924150
https://www.poilane.com,Poilâne,Westminster,Bakery,,1,+44 20 7808 4910,46 Elizabeth Street,SW1W 9PA,,,https://www.openstreetmap.org/way/545148144
https://www.a-zstore.co.uk/,Poke House,Westminster,Asian; Japanese,,1,+44 20 7629 5088,32 Maddox Street,,,,https://www.openstreetmap.org/node/5634018813
https://www.polpo.co.uk/,Polpo,Westminster,Italian,,1,+44 20 7734 4479,41 Beak Street,W1F 9SB,,,https://www.openstreetmap.org/node/3650913572
https://poncho8.com/store/paddington/,Poncho 8,Westminster,Mexican,,1,+44 20 7121 0325,12 Sheldon Square,,,,https://www.openstreetmap.org/node/6854650636
https://www.popina.co.uk/,Popina,Westminster,Cafe,,1,+44 20 7629 8883,83 Duke Street,W1K 5PF,,,https://www.openstreetmap.org/node/5527019921
https://poppiesfishandchips.co.uk/,Poppie's Fish and Chips,Westminster,Seafood,info@poppiesfishandchips.co.uk,1,,Compton Street,W1D 6HW,,,https://www.openstreetmap.org/node/4439711101
https://portlandrestaurant.co.uk/,Portland,Westminster,Restaurant,info@portlandrestaurant.co.uk,1,,113 Great Portland Street,,,,https://www.openstreetmap.org/way/183024350
http://www.pret.com,Pret A Manger,Westminster,Deli,,2,+44 20 7932 5345,7-8 St Martin's Place,WC2N 4JH,,,https://www.openstreetmap.org/node/339925397
https://locations.pret.co.uk/london/49-tothill-street,Pret A Manger,Westminster,Deli,,1,,49 Tothill Street,SW1H 9LQ,,,https://www.openstreetmap.org/node/431358018
https://locations.pret.co.uk/london/18-hanover-street,Pret A Manger,Westminster,Deli,,1,,18 Hanover Street,W1S 1YN,,,https://www.openstreetmap.org/node/452239369
https://locations.pret.co.uk/london/29-33-kingsway,Pret A Manger,Westminster,Deli,,1,,29 Kingsway,WC2B 6UF,,,https://www.openstreetmap.org/node/455705612
https://locations.pret.co.uk/london/77-78-st-martin's-lane,Pret A Manger,Westminster,Deli,,1,,77-78 St Martin's Lane,WC2N 4AA,,,https://www.openstreetmap.org/node/475974425
https://locations.pret.co.uk/london/298-regent-street,Pret A Manger,Westminster,Deli,,1,+44 20 7932 5219,298 Regent Street,W1B 3AP,,,https://www.openstreetmap.org/node/595259850
https://www.pret.co.uk/en-GB/shop-finder/l/london/9-argyll-street/10682,Pret A Manger,Westminster,Deli,,1,+44 20 3937 7831,9 Argyll Street,W1F 7TQ,,,https://www.openstreetmap.org/node/799284867
https://locations.pret.co.uk/london/49-eastcastle-street,Pret A Manger,Westminster,Deli,,1,,49 Eastcastle Street,W1W 8DZ,,,https://www.openstreetmap.org/node/1228112079
https://locations.pret.co.uk/london/unit-5-marylebone-station,Pret A Manger,Westminster,Deli,,1,,76-78 Melcombe Place,NW1 6JJ,,,https://www.openstreetmap.org/node/1251964294
https://locations.pret.co.uk/london/92-buckingham-palace-road,Pret A Manger,Westminster,Deli,,1,,92 Buckingham Palace Road,SW1W 0SS,,,https://www.openstreetmap.org/node/1794936406
https://locations.pret.co.uk/london/32-avery-row,Pret A Manger,Westminster,Deli,,1,,32 Avery Row,W1K 4BE,,,https://www.openstreetmap.org/node/1988788101
https://www.pret.co.uk/en-GB/shop-finder/l/london/211-213-baker-street/10273,Pret A Manger,Westminster,Deli,,1,+44 20 7487 2712,211-213 Baker Street,NW1 6UY,,,https://www.openstreetmap.org/node/1988854945
https://locations.pret.co.uk/london/5-11-mortimer-street,Pret A Manger,Westminster,Deli,,1,+44 20 7323 0832,5-11 Mortimer Street,W1T 3HS,,,https://www.openstreetmap.org/node/2657526581
https://locations.pret.co.uk/london/2-4-circus-road,Pret A Manger,Westminster,Deli,,1,+44 20 7483 3433,2-4 Circus Road,NW8 6PG,,,https://www.openstreetmap.org/node/4106677412
https://locations.pret.co.uk/london/35-frith-street,Pret A Manger,Westminster,Deli,,1,,35 Frith Street,W1D 5LQ,,,https://www.openstreetmap.org/node/4550756142
https://locations.pret.co.uk/london/7-9-queensway,Pret A Manger,Westminster,Deli,,1,+44 20 7221 0656,7-9 Queensway,W2 4QJ,,,https://www.openstreetmap.org/node/4994264046
https://locations.pret.co.uk/london/7-8-rathbone-place,Pret A Manger,Westminster,Deli,,1,,7-8 Rathbone Place,W1T 1HN,,,https://www.openstreetmap.org/node/6085960000
https://www.pret.co.uk/en-GB/shop-finder/l/london/76-edgware-road/10492,Pret A Manger,Westminster,Deli,,1,,76 Edgware Road,,,,https://www.openstreetmap.org/node/6371429623
https://locations.pret.co.uk/london/5-pall-mall-east,Pret A Manger,Westminster,Deli,,1,+44 20 7839 3995,5 Pall Mall East,SW1Y 5BA,,,https://www.openstreetmap.org/node/9122346480
https://www.pret.co.uk/en-GB/shop-finder/l/london/38-piccadilly/10802,Pret A Manger,Westminster,Deli,,1,+44 207 287 6007,,,,,https://www.openstreetmap.org/node/13248556738
https://locations.pret.co.uk/london/25-villiers-street,Pret A Manger,Westminster,Deli,,1,,25 Villiers Street,WC2N 6ND,,,https://www.openstreetmap.org/way/71408539
https://locations.pret.co.uk/london/120-125-strand,Pret A Manger,Westminster,Deli,,1,,125-130 Strand,WC2R 0AP,,,https://www.openstreetmap.org/way/148523747
https://locations.pret.co.uk/london/7-berkeley-square,Pret A Manger,Westminster,Deli,,1,,7 Berkeley Square,W1J 6ES,,,https://www.openstreetmap.org/way/211547739
https://www.pret.co.uk/en-GB/shop-finder/l/london/35-broadwick-street/59,Pret A Manger,Westminster,Deli,,1,,35 Broadwick Street,W1F 0DH,,,https://www.openstreetmap.org/way/273720734
https://locations.pret.co.uk/london/13-hanover-square,Pret A Manger,Westminster,Deli,,1,,13 Hanover Square,W1S 1HN,,,https://www.openstreetmap.org/way/291263225
https://locations.pret.co.uk/london/136-great-portland-street,Pret A Manger,Westminster,Deli,,1,,136 Great Portland Street,W1W 6PY,,,https://www.openstreetmap.org/way/345140327
https://locations.pret.co.uk/london/retail-unit-2,Pret A Manger,Westminster,Deli,,1,,2 Regent Street,SW1Y 4PE,,,https://www.openstreetmap.org/way/675836571
https://www.preto.co.uk/restaurant/queensway,Preto Queensway,Westminster,Restaurant,info@preto.co.uk,1,+44 20 7243 6446,117 Queensway,,,,https://www.openstreetmap.org/node/7107655967
https://www.prezzo.co.uk/restaurants/london-northumberland-avenue/,Prezzo,Westminster,Italian,,1,+44 20 7930 4288,31-32 Northumberland Avenue,WC2N 5BW,,,https://www.openstreetmap.org/node/559522541
https://www.prezzorestaurants.co.uk/restaurant/london---st.-martins-lane/,Prezzo,Westminster,Italian,,1,,116 St Martin's Lane,WC2N 4BF,,,https://www.openstreetmap.org/node/2501420387
https://www.prezzorestaurants.co.uk/restaurant/london---glasshouse-street/,Prezzo,Westminster,Italian,,1,,,,,,https://www.openstreetmap.org/node/3357928861
https://www.craftunionpubs.com/pride-of-pimlico,Pride of Pimlico,Westminster,Pub,,1,,85 Tachbrook Street,SW1V 2QA,,,https://www.openstreetmap.org/node/271516102
https://www.prince-alfred.co.uk/,Prince Alfred,Westminster,Pub,manager@prince-alfred.co.uk,1,+44 20 7229 1474,112 Queensway,W2 3RR,,,https://www.openstreetmap.org/way/753467777
https://www.princeofwalespaddington.co.uk/index,Prince of Wales,Westminster,Asian; Pub,info@princeofwalespaddington.co.uk,1,,2 Cleveland Terrace,W2 6LH,,,https://www.openstreetmap.org/way/42030132
https://www.nicholsonspubs.co.uk/restaurants/london/theprincessofwalescharingcrosslondon,Princess of Wales,Westminster,Pub,,1,,27 Villiers Street,WC2N 6ND,,,https://www.openstreetmap.org/way/71408542
http://www.princi.com/,Princi,Westminster,Pizza,,1,,135 Wardour Street,,,,https://www.openstreetmap.org/way/274458677
http://www.prixfixe.net/,Prix Fixe,Westminster,French,,1,+44 20 7734 5976,39 Dean Street,W1D 4PU,,,https://www.openstreetmap.org/node/13571511910
http://Proseccocafe.com,Prosecco Café,Westminster,Italian,,1,,26 Frith Street,W1D 5LD,,,https://www.openstreetmap.org/node/12241524301
https://www.greeneking.co.uk/pubs/greater-london/punch-and-judy,Punch & Judy,Westminster,Pub,,1,+44 20 7379 0923,40 The Market,WC2E 8RF,,,https://www.openstreetmap.org/node/566313869
https://www.pure.co.uk/shops/bakerstreet/,Pure,Westminster,Breakfast,hello@pure.co.uk,1,,72 Baker Street,,,,https://www.openstreetmap.org/way/148032559
https://www.puteraputeri.co.uk/,Putera Puteri,Westminster,Asian,,1,+44 20 7727 3444,177-179 Queensway,,,,https://www.openstreetmap.org/node/4394784822
http://qbeefnoodles.co.uk,Q Beef Noodles,Westminster,Asian; Chinese,,1,,24 Romilly Street,,,,https://www.openstreetmap.org/node/13772164701
https://qimacafe.com/,Qima Cafe Covent Garden,Westminster,Cafe,info@qimacafe.com,1,+44 20 7209 8200,21-22 New Row,WC2N 4LE,,,https://www.openstreetmap.org/node/12633421801
https://queensarmskilburn.co.uk/,Queens Arms,Westminster,Pub,queenarms@gmail.com,1,,1 Kilburn High Road,NW6 5SE,,,https://www.openstreetmap.org/way/109187435
https://www.quovadissoho.co.uk/,Quo Vadis,Westminster,Restaurant,reception@quovadissoho.co.uk,1,+44 20 7437 9585,26-29 Dean Street,W1D 3LL,,,https://www.openstreetmap.org/way/288394416
https://www.royalacademy.org.uk/eating-and-drinking,RA Cafe,Westminster,Cafe,tickets@royalacademy.org.uk,1,,,,,,https://www.openstreetmap.org/node/6868185118
https://www.ramoramen.com/,Ramo Ramen,Westminster,Asian; Japanese,info@ramoramen.com,1,+44 20 7434 3777,28 Brewer Street,,ramoramenldn,ramoramen,https://www.openstreetmap.org/node/2938969701
https://www.randallandaubin.co.uk/,Randall & Aubin,Westminster,Restaurant,,1,+44 20 7287 4447,16 Brewer Street,,,,https://www.openstreetmap.org/node/2905981401
https://www.maroush.com/restaurant/ranoush-edgware-road/,Ranoush Juice,Westminster,Takeaway,bookings@maroush.com,1,+44 20 7723 5929,43 Edgware Road,W2 2JE,,,https://www.openstreetmap.org/way/350999687
https://www.rasasayangfood.com,Rasa Sayang,Westminster,Asian,,1,+44 20 7734 1382,5 Macclesfield Street,W1D 6AY,,,https://www.openstreetmap.org/node/13550924157
http://www.cinnamonspice.co.uk/,Rayyan,Westminster,Indian,,1,,12-14 Glentworth Street,,,,https://www.openstreetmap.org/node/4937210325
https://www.reddogsaloon.co.uk/,Red Dog Saloon,Westminster,BBQ,info@reddogsaloon.co.uk,1,,20 Berwick Street,W1F 0PY,,,https://www.openstreetmap.org/way/156620043
https://www.redemptionroasters.com/,Redemption Roasters,Westminster,Breakfast,,1,,40 Drury Lane,WC2B 5RR,,,https://www.openstreetmap.org/way/98535846
https://www.reformsocialgrill.co.uk/,Reform Social & Grill,Westminster,Restaurant,,1,,Mandeville Place,,,,https://www.openstreetmap.org/node/6296952615
https://regencycafe.co.uk/,Regency Cafe,Westminster,Breakfast; Seafood,,1,+44 20 7821 6596,17-19 Regency Street,SW1P 4BY,,,https://www.openstreetmap.org/way/100822479
https://www.benugo.com/partnerships/public-spaces/parks/regents-park/regents-bar-and-kitchen,Regent's Bar & Kitchen,Westminster,Restaurant,theregentspark@benugo.com,1,,Inner Circle,NW1 4NU,,,https://www.openstreetmap.org/way/115640262
https://relishsandwich.co.uk/html/,Relish,Westminster,Deli,,1,+44 20 7828 0628,8 John Islip Street,SW1P 4PY,,,https://www.openstreetmap.org/node/385560847
https://yoshino.net/,Restaurant Yoshino,Westminster,Asian; Japanese,,1,+44 20 7287 6622,3 Piccadilly Place,,,,https://www.openstreetmap.org/node/5683731025
https://reubensrestaurant.com/,Reubens,Westminster,Restaurant,,1,,79 Baker Street,,,,https://www.openstreetmap.org/node/3049539966
https://www.richoux.co.uk/,Richoux,Westminster,Restaurant,enquiries@richoux.co.uk,1,,41 South Audley Street,,,,https://www.openstreetmap.org/node/452417445
https://www.frescobaldi.london/,Ristorante Frescobaldi,Westminster,Italian,,1,+44 20 3693 3435,15 New Burlington Place,W1S 2HX,,,https://www.openstreetmap.org/node/5655220885
https://ritu.london,Ritu,Westminster,Restaurant,,1,+44 20 7624 2921,1 Blenheim Terrace,,,,https://www.openstreetmap.org/node/6612064847
https://robata.co.uk/,ROBATA,Westminster,Asian; Japanese,,1,+44 20 7287 5766,56 Old Compton Street,W1D 4UE,robata.soho,robata.soho,https://www.openstreetmap.org/way/157779667
https://www.rococochocolates.com/pages/belgravia,Rococo Chocolates,Westminster,Cafe,5motcombstreet@rococochocolates.com,1,+44 20 7245 0993,5 Motcomb Street,SW1X 8JU,,,https://www.openstreetmap.org/way/530700233
https://rodeo.co.uk/pages/stores/rodeo-doughnuts-charing-cross-store,Rodeo,Westminster,Donuts,,1,,17,WC2N 6NG,,,https://www.openstreetmap.org/way/369239198
https://www.preto.co.uk/,Rodizio Preto,Westminster,Restaurant,info@preto.co.uk,1,+44 20 7287 5995,69-73 Shaftesbury Avenue,W1D 6LN,,,https://www.openstreetmap.org/way/993516051
https://www.rokarestaurant.com/home-aldwych,ROKA,Westminster,Asian; Japanese,,1,+44 20 7294 7636,,,,,https://www.openstreetmap.org/node/3685937548
https://www.rokarestaurant.com/,Roka,Westminster,Asian; Japanese,,1,,30 North Audley Street,,,,https://www.openstreetmap.org/way/342715789
https://www.roketsu.co.uk/,Roketsu,Westminster,Asian; Japanese,info@roketsu.co.uk,1,+44 20 3149 1227,12 New Quebec Street,,,,https://www.openstreetmap.org/node/11783224687
https://rosasthai.com/locations/rosas-thai-restaurant-delivery-takeaway-baker-street,Rosa's Thai Cafe,Westminster,Asian,bakerstreet@rosasthai.com,1,,100 Baker Street,,,,https://www.openstreetmap.org/node/6338253688
https://www.rosasthaicafe.com/locations/rosas-thai-restaurant-delivery-takeaway-queensway,Rosa's Thai Cafe,Westminster,Asian,bakerstreet@rosasthai.com,1,+44 20 3687 0170,36 Queensway,W2 3RX,,,https://www.openstreetmap.org/node/8590337320
https://www.rosasthaicafe.com/,Rosa's Thai Cafe,Westminster,Asian,bakerstreet@rosasthai.com,1,+44 20 7287 9617,23a Ganton Street,W1F 9BW,,,https://www.openstreetmap.org/way/582220950
https://www.greeneking-pubs.co.uk/pubs/greater-london/rose-crown/,Rose & Crown,Westminster,Pub,7242@greeneking.co.uk,1,,2 Old Park Lane,W1K 1QN,,,https://www.openstreetmap.org/way/631474504
https://www.facebook.com/rosettafarmlondon,Rosetta,Westminster,Cafe,,1,,38 William IV Street,WC2B 4DD,,,https://www.openstreetmap.org/node/11222481638
https://www.rotichai.com/,Roti Chai (Dining Room),Westminster,Indian,,1,,3 Portman Mews South,,,,https://www.openstreetmap.org/node/5509518521
https://www.greeneking.co.uk/pubs/greater-london/round-table,Round Table,Westminster,Pub,,1,,26-27 St Martin's Court,WC2N 4AL,,,https://www.openstreetmap.org/node/691636621
https://ottolenghi.co.uk/,ROVI,Westminster,Restaurant,,1,,59 Wells Street,W1A 3AE,,,https://www.openstreetmap.org/node/5963785894
https://www.royalchinagroup.co.uk/restaurants/baker-street/,Royal China Baker Street,Westminster,Asian; Chinese,,1,,24-26 Baker Street,,,,https://www.openstreetmap.org/node/6312152707
https://www.theroyalgeorgewc2.co.uk/,Royal George,Westminster,Pub,enquiry@theroyalgeorgewc2.co.uk,1,+44 20 7734 8837,133 Charing Cross Road,WC2H 0EA,,,https://www.openstreetmap.org/node/565470149
https://www.royalindiacoventgarden.co.uk/,Royal India,Westminster,Indian,,1,+44 20 7379 1099,3-7 Endell Street,WC2H 9BD,,,https://www.openstreetmap.org/way/559946386
https://rules.co.uk/,Rules,Westminster,Restaurant,pr@rules.co.uk,1,+44 20 7836 5314,34-35 Maiden Lane,WC2E 7LB,,,https://www.openstreetmap.org/way/558928361
https://www.therumkitchen.com/,Rum Kitchen,Westminster,Restaurant,carnaby@therumkitchen.com,1,+44 20 3668 2537,Kingly Court,W1B 5PW,,,https://www.openstreetmap.org/node/4668146656
https://www.rupert-street.com/london,Rupert Street,Westminster,Pub,,1,+44 20 7494 3059,50 Rupert Street,W1D 6DR,https://www.facebook.com/RupertStreetBar/,https://www.instagram.com/rupert_street_bar/,https://www.openstreetmap.org/node/348874860
https://rustic-coffee.com/,Rustic Coffee,Westminster,Cafe,,1,,353 Harrow Road,W9 3NA,,,https://www.openstreetmap.org/node/11139534514
https://www.saborrestaurants.co.uk/,Sabor,Westminster,Spanish,info@saborrestaurants.co.uk,1,,35-37 Heddon Street,W1B 4BR,,,https://www.openstreetmap.org/node/5658200133
https://www.sacredgrounds.co.uk/,Sacred Grounds,Westminster,Breakfast,contact@sacredgrounds.co.uk,1,,54 Dean Street,W1D 6AE,,,https://www.openstreetmap.org/node/12123977431
https://www.sadaf-restaurant.co.uk/,Sadaf,Westminster,Restaurant,,1,+44 20 7693 2094,27 Westbourne Grove,W2 4UA,,,https://www.openstreetmap.org/node/511172303
https://www.sagarrestaurant.co.uk/,Sagar,Westminster,Indian,info@sagarrestaurant.co.uk,1,,Catherine Street,WC2B 5JS,,,https://www.openstreetmap.org/way/986920652
https://www.sahara-restaurant.co.uk/,Sahara,Westminster,Restaurant,info@sahara-restaurant.co.uk,1,+44 20 7722 8555,7 St John's Wood High Street,,,,https://www.openstreetmap.org/node/6535716225
https://www.sakurado.co.uk/,Sakurado,Westminster,Bakery,,1,,66 Shaftesbury Avenue,W1D 6LX,,,https://www.openstreetmap.org/node/4878433518
https://www.sandys.uk.com/,Sandy's,Westminster,Italian,,1,,14 Seymour Place,,,,https://www.openstreetmap.org/node/2305429444
https://sannin-restaurant.co.uk/,Sannin,Westminster,Restaurant,,1,+44 20 7723 2500,71 Edgware Road,,,,https://www.openstreetmap.org/way/351004163
https://www.santamariapizzeria.com/,Santa Maria,Westminster,Pizza,info@santamariapizzeria.com,1,+44 20 7436 9963,160 New Cavendish Street,W1W 6YR,,,https://www.openstreetmap.org/node/6172604060
https://santanata.com/,Santa Nata,Westminster,Cafe,,1,+44 20 7379 9507,7 New Row,WC2N 4LH,,,https://www.openstreetmap.org/node/821344552
https://santoriniw2.com/,Santorini Restaurant,Westminster,Greek,,1,+44 20 7727 7112,10 Moscow Road,W2 4BT,,,https://www.openstreetmap.org/node/5174419723
https://saracafe.co.uk/,Sara Cafe Shisha,Westminster,Cafe,,1,,13a Crawford Street,W1U 6BZ,,,https://www.openstreetmap.org/node/1340967807
https://www.sarastro-restaurant.com/,Sarastro Restaurant,Westminster,Restaurant,reservations@sarastro-restaurant.com,1,,126 Drury Lane,WC2B 5SU,,,https://www.openstreetmap.org/way/986952076
https://www.sartorirestaurant.com/,Sartori,Westminster,Italian,,1,,15 Great Newport Street,WC2H 7JE,,,https://www.openstreetmap.org/node/2108540691
https://www.sartoria-restaurant.co.uk/,Sartoria,Westminster,Italian,sartoriareservations@danddlondon.com,1,+44 20 7534 7000,20 Savile Row,,,,https://www.openstreetmap.org/node/4191567196
http://www.satay-house.co.uk/,Satay House,Westminster,Asian,,1,+44 20 7723 6763,13 Sale Place,,,,https://www.openstreetmap.org/node/6875121328
https://www.savoytap.co.uk/,Savoy Tap,Westminster,Pub,info@savoytap.co.uk,1,+44 20 7836 9738,2 Savoy Street,WC2R 0BA,,,https://www.openstreetmap.org/way/244895533
https://www.greeneking.co.uk/pubs/greater-london/sawyers-arms,Sawyers Arms,Westminster,Pub,,1,,8-9 London Street,W2 1HL,,,https://www.openstreetmap.org/way/155488603
https://scandikitchen.co.uk/,ScandiKitchen Cafe & Shop - Victoria,Westminster,Breakfast; Deli,sales@scandikitchen.co.uk,2,,42,,,,https://www.openstreetmap.org/node/13062175201
https://www.daisygreenfood.com/location-scarlett,Scarlett Green,Westminster,Restaurant,reservations@daisygreenfood.com,1,+44 20 3653 2010,4 Noel Street,W1F 8GB,,,https://www.openstreetmap.org/node/5921219885
https://www.caprice-holdings.co.uk/,Scott's,Westminster,Seafood,crm@caprice-holdings.co.uk,1,,20-22 Mount Street,,,,https://www.openstreetmap.org/node/452416571
https://www.seashellrestaurant.co.uk/,Seashell of Lisson Grove,Westminster,Seafood,bookings@seashellrestaurant.co.uk,1,,49-51 Lisson Grove,,,,https://www.openstreetmap.org/node/4522284989
https://www.senor-ceviche.com/,Senor Cevice,Westminster,Restaurant,hola@senor-ceviche.com,1,+44 20 7842 8540,Kingly Court,W1B 5PW,,,https://www.openstreetmap.org/node/4668146653
https://www.seventeenrestaurant.co.uk/,Seventeen,Westminster,Asian,,1,+44 20 7985 0006,60 Porchester Road,,,,https://www.openstreetmap.org/node/6981977192
https://www.sexyfish.com/,Sexy Fish,Westminster,Seafood,,1,,Berkeley Square,W1J 6BR,,,https://www.openstreetmap.org/way/549450233
https://shakaraldn.com/,SHAKARA,Westminster,Restaurant,info@shakaraldn.com,1,+44 7437 569667,66 Baker Street,W1U 7DJ,,,https://www.openstreetmap.org/node/12411817999
https://shakeshack.com/location/london-argyll-street#/,Shake Shack,Westminster,Burger,,1,+44 1923 886 218,10 Argyll Street,W1F 7TQ,,,https://www.openstreetmap.org/node/799284563
https://www.shakeshukarestaurant.co.uk/,ShakeShuka,Westminster,Restaurant,shakeshuka@shakeshukarestaurant.co.uk,1,,134 Marylebone Road,,,,https://www.openstreetmap.org/node/1614146307
https://www.greeneking-pubs.co.uk/pubs/greater-london/shepherds-tavern/,Shepherds Tavern,Westminster,Pub,,1,,50 Hertford Street,,,,https://www.openstreetmap.org/node/489826802
https://www.shezan.co.uk/,Shezan,Westminster,Indian,,1,,16 Cheval Place,,,,https://www.openstreetmap.org/node/6002002173
https://shoryuramen.com/,Shoryu,Westminster,Asian; Japanese,shoryu.carnaby@shoryuramen.com,3,,8 Regent Street,SW1Y 4LR,,,https://www.openstreetmap.org/node/3559650802
https://www.eatatsiciliy.com,Sicily,Westminster,Italian,,1,+44 20 7730 5498,2A Elizabeth Street,SW1W 9RB,,,https://www.openstreetmap.org/way/544931853
https://signorsassi.co.uk/,Signor Sassi,Westminster,Restaurant,,1,,14 Knightsbridge Green,,,,https://www.openstreetmap.org/node/3357922874
https://www.greeneking.co.uk/pubs/greater-london/silver-cross,Silver Cross,Westminster,Pub,,1,,33 Whitehall,SW1A 2BX,,,https://www.openstreetmap.org/way/547522392
https://www.simitsarayi.com/,Simit Sarayi,Westminster,Cafe,,1,+44 20 7734 4302,1 Piccadilly Circus,W1J 0DA,,,https://www.openstreetmap.org/node/4335717804
https://www.simplehealthkitchen.com/,Simple Health Kitchen,Westminster,Restaurant,,1,,48 Baker Street,,,,https://www.openstreetmap.org/way/148008537
https://www.simpsonsinthestrand.co.uk/,Simpson's-in-the-Strand,Westminster,Restaurant,granddivanreservations@simpsonsinthestrand.co.uk,1,+44 20 7836 9112,100 Strand,WC2R 0EW,,,https://www.openstreetmap.org/node/554138077
https://www.singapulah.co.uk/,Singapulah,Westminster,Asian,,1,+44 20 3583 5815,53 Shaftesbury Avenue,W1D 6LB,,,https://www.openstreetmap.org/node/624061059
https://sketch.london/,Sketch,Westminster,Restaurant,info@sketch.london,1,+44 20 7659 4500,9 Conduit Street,W1S 2XD,,,https://www.openstreetmap.org/node/259774384
http://www.giraffe.net/burgers/location/james-street,Slim Chickens,Westminster,Takeaway,,1,,35 James Street,W1U 1EA,,,https://www.openstreetmap.org/way/217955525
https://smacklobster.com/,Smack Lobster Roll,Westminster,Seafood,,1,,58 Dean Street,W1D 6AL,,,https://www.openstreetmap.org/way/350073264
https://www.smithsbarandgrill.co.uk/,Smiths Bar and Grill,Westminster,Restaurant,reservations@smithsbarandgrill.co.uk,1,+44 20 7286 9458,25 Sheldon Square,W2 6EY,,,https://www.openstreetmap.org/node/2343155745
https://smokyboys.com/restaurants/marylebone/,Smoky Boys,Westminster,American; Halal,,1,+44 20 3158 5085,41-43 Lisson Grove,NW1 6UB,https://www.facebook.com/smokyboysrestaurant/,https://www.instagram.com/smokyboys,https://www.openstreetmap.org/node/6462943320
https://www.snowflakegelato.co.uk/,Snowflake Gelato,Westminster,Ice cream,,1,,44 Edgware Road,W2 2EH,,,https://www.openstreetmap.org/node/4056807329
https://www.sorestaurant.com/,So Japanese,Westminster,Asian; Japanese,,1,,4 Warwick Street,,,,https://www.openstreetmap.org/node/5502420530
https://www.socialimpactcoffee.org/,Social Impact Coffee,Westminster,Breakfast,info@socialimpactcoffee.org,1,,5,,,,https://www.openstreetmap.org/node/6853212489
https://www.sofra.co.uk/,Sofra,Westminster,Restaurant,,1,,18 Shepherd Street,W1J 7JG,,,https://www.openstreetmap.org/node/622553492
https://oxford.sofra.co.uk/,Sofra,Westminster,Restaurant,,1,,1 St. Christopher's Place,W1U 1LT,,,https://www.openstreetmap.org/way/217843110
http://www.sohocoffee.co.uk,Soho Coffee Co.,Westminster,Cafe,,1,+44 20 3358 6777,10 Grosvenor Street,,,,https://www.openstreetmap.org/node/5756877171
http://sohocoffee.com/strand-london,Soho Coffee Co.,Westminster,Breakfast,,1,+44 20 8090 1333,215 Strand,WC2R 1AP,,,https://www.openstreetmap.org/way/161420157
https://grind.co.uk/sohogrind/,Soho Grind,Westminster,Cafe,hello@grind.co.uk,1,,19 Beak Street,,,,https://www.openstreetmap.org/node/3058754844
https://www.soorrestaurant.co.uk/,Soor,Westminster,Restaurant,,1,,361 Harrow Road,,,,https://www.openstreetmap.org/node/6814169333
https://www.sophiessteakhouse.com/soho,Sophie's,Westminster,Restaurant,soho@sophiessteakhouse.com,1,+44 20 7836 8836,42-44 Great Windmill Street,W1D 7NB,,,https://www.openstreetmap.org/node/5959693686
https://www.soukrestaurant.co.uk/,Souk Bazaar,Westminster,Restaurant,info@soukrestaurant.co.uk,1,,27 Litchfield Street,WC2H 9NJ,,,https://www.openstreetmap.org/way/349340731
https://www.soutine.co.uk/,Soutine,Westminster,French,reservations@soutine.co.uk,1,+44 20 3926 8448,60 St John's Wood High Street,NW8 7SH,,,https://www.openstreetmap.org/node/6542260740
https://www.spaghettihouse.co.uk/,Spaghetti House,Westminster,Italian,info@spaghettihouse.co.uk,2,,12 Woodstock Street,W1C 2AF,,,https://www.openstreetmap.org/way/249211266
https://speedboatbar.co.uk/,Speedboat Bar,Westminster,Asian,info@speedboatbar.co.uk,1,,30 Rupert Street,W1D 6DL,,,https://www.openstreetmap.org/node/4865627308
https://www.sportsbarandgrill.co.uk/marylebone,Sports Bar & Grill,Westminster,Pub,,1,,76 Melcombe Place,NW1 6JJ,,,https://www.openstreetmap.org/way/193375861
https://www.sportsbarandgrill.co.uk/victoria,Sports Bar and Grill,Westminster,Pub,stonegatepress@stonegategroup.co.uk,1,,,,,,https://www.openstreetmap.org/node/3688619646
https://www.greeneking-pubs.co.uk/pubs/greater-london/spread-eagle/,Spread Eagle,Westminster,Pub,7254@greeneking.co.uk,1,+44 20 7629 4695,8 Woodstock Street,,,,https://www.openstreetmap.org/node/452240939
https://www.spudbrosexpress.com,SpudBros,Westminster,Restaurant,support@spudbrosexpress.com,1,,4 Princes Street,W1B 2LB,,,https://www.openstreetmap.org/way/291293252
https://www.srisuwoon.com/,Sri Suwoon Thai Restaurant,Westminster,Asian,,1,+44 20 7828 0321,44 Hugh Street,SW1V 4EP,,,https://www.openstreetmap.org/way/440531409
https://www.craft-pubs.co.uk/stjamestavern,St James Tavern,Westminster,Pub,,1,+44 20 7437 5009,45 Great Windmill Street,,,,https://www.openstreetmap.org/way/572503114
https://www.ststephenstavern.co.uk/,St Stephen's Tavern,Westminster,Pub,,1,,10 Bridge Street,SW1A 2JR,,,https://www.openstreetmap.org/node/267432002
https://stgeorgecoffee.co.uk/,St. George London,Westminster,French,,1,,112 St Martin's Lane,,,,https://www.openstreetmap.org/node/12252642901
https://www.nicholsonspubs.co.uk/restaurants/london/thestgeorgestavernvictorialondon,St. Georges Tavern,Westminster,Pub,,1,,14 Belgrave Road,SW1V 1QD,,,https://www.openstreetmap.org/way/242294516
https://www.royalparks.org.uk/visit/parks/st-jamess-park/st-jamess-cafe,St. James’s Café,Westminster,Cafe,,1,,The Mall,,,,https://www.openstreetmap.org/way/65489538
https://thestablehand.co.uk/,Stablehand,Westminster,French; Pub,contact@thestablehand.co.uk,1,+4420 7402 0083,4 Bathurst Street,W2 2SD,,,https://www.openstreetmap.org/way/517877764
https://www.starbucks.com/store-locator/store/2609/embankment-1-3-villiers-street-london-eng-wc-2-n-6-nn-gb,Starbucks,Westminster,Breakfast,,1,,,,,,https://www.openstreetmap.org/node/295971749
https://www.starbucks.co.uk/,Starbucks,Westminster,Breakfast,,1,,14 Villiers Street,,,,https://www.openstreetmap.org/node/849735707
https://www.starbucks.com/store-locator/store/2508/victoria-buckingham-palace-r-98-buckingham-palace-road-london-eng-sw-1-w-0-ss-g,Starbucks,Westminster,Breakfast,,1,+44 20 7259 0347,98 Buckingham Palace Road,SW1W 0SS,,,https://www.openstreetmap.org/node/1232048577
https://www.starbucks.com/store-locator/store/92305/london-victoria-stn-platform-victoria-station-platform-2-unit-3-b-15-victoria-s,Starbucks,Westminster,Breakfast,,1,,Terminus Place,SW1V 1JT,,,https://www.openstreetmap.org/node/2497930244
https://www.starbucks.co.uk/store-locator/store/2378/great-portland-street-159-great-portland-street-london-eng-w-1-n-5-fd-gb,Starbucks,Westminster,Breakfast,,1,+44 20 7636 2038,159 Great Portland Street,W1W 5PA,,,https://www.openstreetmap.org/node/2778358255
https://www.starbucks.com/store-locator/store/1007011/marylebone-station-marylebone-railway-station-london-eng-nwe-16-jj-gb,Starbucks,Westminster,Breakfast,,1,,,,,,https://www.openstreetmap.org/node/3509620062
https://www.starbucks.com/store-locator/store/113879/london-victoria-stn-victoria-victoria-station-frontage-unit-38-15-victoria-st-l,Starbucks,Westminster,Breakfast,,1,,,,,,https://www.openstreetmap.org/node/3688619643
https://www.starbucks.co.uk/store-locator/12038-10588,Starbucks,Westminster,Breakfast,,1,+44 20 7586 4365,79 St John's Wood High Street,NW8 7NL,,,https://www.openstreetmap.org/node/4106677413
https://www.starbucks.com/store-locator/store/2363/baker-street-porter-street-126-baker-street-london-eng-w-1-m-1-fh-gb,Starbucks,Westminster,Breakfast,,1,,126 Baker Street,,,,https://www.openstreetmap.org/node/6340270793
https://www.starbucks.com/store-locator/store/2729/maida-vale-randolph-ave-168-170-randolph-avenue-london-eng-w-9-1-pe-gb,Starbucks,Westminster,Breakfast,,1,,168-170 Randolph Avenue,,,,https://www.openstreetmap.org/node/6658157974
https://www.starbucks.com/store-locator/store/2783/edgware-road-207-edgware-road-london-eng-w-2-1-es-gb,Starbucks,Westminster,Breakfast,,1,+44 20 7706 4230,207 Edgware Road,W2 1ES,,,https://www.openstreetmap.org/node/6872564434
https://www.starbucks.co.uk/store-locator/store/1014291/victoria-coach-station-unit-2-1-departures-terminal-gate-11-london-eng-sw,Starbucks,Westminster,Breakfast,,1,,,,,,https://www.openstreetmap.org/node/6946467413
https://www.starbucks.com/store-locator/store/2626/london-james-street-14-james-street-london-eng-w-1-u-1-ef-gb,Starbucks,Westminster,Breakfast,,1,,14 James Street,W1U 1EF,,,https://www.openstreetmap.org/way/217841717
https://www.starbucks.com/store-locator/store/2379/cavendish-square-33-cavendish-square-london-eng-w-1-g-0-pw-gb,Starbucks,Westminster,Breakfast,,1,,33 Cavendish Square,W1G 0LU,,,https://www.openstreetmap.org/way/244772125
https://www.starbucks.com/store-locator/store/2526/covent-garden-russell-st-10-russell-street-london-eng-wc-2-b-5-hz-gb,Starbucks,Westminster,Breakfast,,1,,10 Russell Street,WC2B 5HZ,,,https://www.openstreetmap.org/way/257262446
https://www.starbucks.com/store-locator/store/2364/wardour-street-hollen-street-170-wardour-street-london-eng-w-1-v-4-la-gb,Starbucks,Westminster,Breakfast,,1,,170 Wardour Street,W1F 8ZX,,,https://www.openstreetmap.org/way/477794244
http://staxdiner.com/,Stax Diner,Westminster,American,info@staxburgers.co.uk,1,+44 20 7734 3190,Kingly Court,W1B 5PW,,,https://www.openstreetmap.org/node/4668146652
http://www.steakand.co.uk/,Steak & Co.,Westminster,Steak,,1,,24 Haymarket,SW1Y 4DG,,,https://www.openstreetmap.org/node/595303064
https://www.steakandcompany.co.uk/,Steak and Company,Westminster,Steak,info@steakandcompany.co.uk,1,,3-5 Irving Street,WC2H 0HA,,,https://www.openstreetmap.org/way/995954601
https://www.berlininkensington.stein-s.com/,Stein's Berlin,Westminster,Restaurant,berlininkensington@stein-s.com,1,,51 Princes Gate,,,,https://www.openstreetmap.org/node/6036818762
https://stem-byneo.co.uk/,Stem,Westminster,Restaurant,,1,,5 Princes Street,W1B 2LF,,,https://www.openstreetmap.org/way/291293258
https://stksteakhouse.com/venues/london-strand/,STK Steakhouse,Westminster,Steak,,1,,,,,,https://www.openstreetmap.org/node/6386585285
http://Stoneandgrill.co.uk,Stone & Grill,Westminster,Restaurant,stonegrillvictoria@gmail.com,1,+44 20 7460 6055,52 Wilton Road,SW1V 1DE,,,https://www.openstreetmap.org/node/11642801669
https://www.gordonramsayrestaurants.com/en/uk/street-burger/locations/charing-cross-road,Street Burger,Westminster,Burger,,1,,24 Charing Cross Road,WC2H 0HX,,,https://www.openstreetmap.org/way/995954627
https://www.stuzzico.co.uk/,Stuzzico...,Westminster,Cafe,,1,+44 20 7262 9122,24 Kendal Street,W2 2AW,,,https://www.openstreetmap.org/node/647402078
https://restaurants.subway.com/united-kingdom/en/london/5-harewood-place,Subway,Westminster,Deli,,1,,5 Harewood Place,W1S 1BY,,,https://www.openstreetmap.org/node/452234988
https://restaurants.subway.com/united-kingdom/en/london/66-queensway,Subway,Westminster,Deli,,1,,66 Queensway,W2 3RL,,,https://www.openstreetmap.org/node/534670543
https://restaurants.subway.com/united-kingdom/en/london/3-adelaide-street,Subway,Westminster,Deli,,1,,3 Adelaide Street,WC2N 4HZ,,,https://www.openstreetmap.org/node/2376918898
https://restaurants.subway.com/united-kingdom/en/london/3-4-sedley-place,Subway,Westminster,Deli,,1,,,,,,https://www.openstreetmap.org/node/2379057663
https://restaurants.subway.com/united-kingdom/en/london/19-lansdowne-row,Subway,Westminster,Deli,,1,,,,,,https://www.openstreetmap.org/node/2548716124
https://restaurants.subway.com/united-kingdom/en/london/39-strutton-ground,Subway,Westminster,Deli,,1,,39 Strutton Ground,SW1P 2HR,,,https://www.openstreetmap.org/node/2604572081
https://restaurants.subway.com/united-kingdom/en/london/205-207-baker-street,Subway,Westminster,Deli,,1,+44 20 7935 4069,205-207 Baker Street,NW1 6UY,,,https://www.openstreetmap.org/node/4070091890
https://restaurants.subway.com/united-kingdom/en/london/147-praed-street,Subway,Westminster,Deli,,1,,147 Praed Street,W2 1RL,,,https://www.openstreetmap.org/way/155494933
https://restaurants.subway.com/united-kingdom/en/london/19-20-embankment-place,Subway,Westminster,Deli,,1,,19 Lansdowne Row,,,,https://www.openstreetmap.org/way/339627283
https://www.sunand13cantons.co.uk/,Sun and 13 Cantons,Westminster,Pub,,1,,21 Great Pulteney Street,,,,https://www.openstreetmap.org/way/153698493
https://www.sundayinbk.co.uk/restaurant-marylebone/,Sunday in Brooklyn,Westminster,American,enquiries@sundayinbk.co.uk,1,+44 20 76301030,10-12 James Street,W1U 1EE,,,https://www.openstreetmap.org/way/217841725
https://www.supernovaburger.com/,Supernova,Westminster,Burger,,1,,25 Peter Street,W1F 0AH,,,https://www.openstreetmap.org/way/479854344
https://www.sushiatelier.co.uk/,Sushi Atelier,Westminster,Asian; Sushi,,1,,114 Great Portland Street,W1W 6PH,,,https://www.openstreetmap.org/way/345140322
https://thesushico.co.uk/,Sushi Co,Westminster,Asian; Japanese; Sushi,,1,+44 20 3089 4988,Upper Tachbrook Street,SW1V 1SW,,,https://www.openstreetmap.org/node/12105917502
http://sushikyu.com,Sushi Kyu,Westminster,Asian; Sushi,info@sushikyu.com,1,+44 20 4549 5888,30 Brewer Street,W1F 0SS,,sushikyu.soho,https://www.openstreetmap.org/node/13849335901
https://sushi-murasaki.co.uk/,Sushi Murasaki,Westminster,Asian; Sushi,,1,+44 20 3417 8130,12 Lauderdale Parade,,,,https://www.openstreetmap.org/way/156619431
https://www.mysushishop.co.uk/en/all-categories,Sushi Shop,Westminster,Asian; Sushi,,1,,67 Weymouth Street,,,,https://www.openstreetmap.org/node/3515200863
https://www.mysushishop.co.uk/en/store/nothing-hill,Sushi Shop,Westminster,Asian; Sushi,,1,,72 Westbourne Grove,,,,https://www.openstreetmap.org/node/7059213713
https://www.sushisamba.com/locations/uk/london-covent-garden,SushiSamba Covent Garden,Westminster,Asian; Japanese; Sushi,cgevents@sushisamba.com,1,+44 20 3053 0000,,,,,https://www.openstreetmap.org/node/6825222287
https://www.sussex-restaurant.com/,Sussex,Westminster,Restaurant,info@sussex-restaurant.com,1,+44 20 3923 7770,63-64 Frith Street,W1D 3JW,,,https://www.openstreetmap.org/node/7795005285
https://www.chezantoinette.co.uk/suzette/?gad_campaignid=21512260997&wbraid=ClMKCAjwmdLSBhB_EkMAHb5gRJhf7Uo6hnfQmntCIga5lDFuEmNkBCCzkerYfFwKlCLCav9peSzvFMeYvpQRLPnFiP-NKTSoz8jimAlMV665GgIL4Q,Suzette Garden,Westminster,Cafe,bonjour@chezantoinette.co.uk,1,,5 Seaforth Place,SW1E 6AB,,,https://www.openstreetmap.org/node/14014754401
https://tabxtab.com/,TABxTAB,Westminster,Cafe,reservations@tabxtab.com,1,,14-16 Westbourne Grove,,https://www.facebook.com/TABxTABLondon,,https://www.openstreetmap.org/node/7062214208
https://locations.tacobell.co.uk/london/187-baker-street.html,Taco Bell,Westminster,Halal; Mexican; Tacos,,1,,187 Baker Street,NW1 6UY,,,https://www.openstreetmap.org/node/1988863233
https://www.takalondon.com/,Taka,Westminster,Asian; Japanese,marylebone@takalondon.com,2,,18 Shepherd Market,,,,https://www.openstreetmap.org/node/5941022582
https://Tamarind,Tamarind,Westminster,Indian,,1,,22 Queen Street,,,,https://www.openstreetmap.org/way/340427517
http://tamarindkitchen.co.uk/,Tamarind Kitchen,Westminster,Indian,,1,+44 20 7287 4243,167-169 Wardour Street,,,,https://www.openstreetmap.org/node/5470318115
https://tampopo.co.uk/fitzrovia/,Tampopo,Westminster,Asian,,1,+44 20 7323 0860,3-5 Rathbone Place,W1T 1HJ,,,https://www.openstreetmap.org/node/699785451
https://www.tangrarestaurant.com/,TANGRA,Westminster,Asian,,1,+44 20 8051 0296,17 Frith Street,W1D 4RG,,,https://www.openstreetmap.org/node/12912822364
https://www.taotaoju.co.uk/,Tao Tao Ju,Westminster,Asian; Chinese,info.taotaoju@gmail.com,1,+44 20 7367 0083,15 Lisle Street,WC2H 7BE,,,https://www.openstreetmap.org/way/995869097
http://www.taorminarestaurant.co.uk/,Taormina,Westminster,Italian,,1,+44 20 7262 2090,19 Craven Terrace,W2 3QH,,,https://www.openstreetmap.org/node/1239890500
http://www.tapasbrindisa.com,Tapas Brindisa,Westminster,Spanish,,1,+44 20 7534 1690,46 Broadwick Street,W1F 7AF,,,https://www.openstreetmap.org/way/273697638
https://tarorestaurants.uk/,Taro,Westminster,Asian; Japanese,,1,+44 20 7734 5826,61 Brewer Street,,,,https://www.openstreetmap.org/node/2525508671
https://tasteofindiauk.com/,Taste of India,Westminster,Indian,info@tasteofindiauk.com,1,,51 Queensway,W2 4QH,,,https://www.openstreetmap.org/node/4790853007
https://www.greeneking-pubs.co.uk/pubs/greater-london/tattersalls-tavern/,Tattersalls Tavern,Westminster,Pub,7263@greeneking.co.uk,1,,,,,,https://www.openstreetmap.org/node/295466191
https://www.taylor-st.com/,Taylor St. Baristas,Westminster,Cafe,,1,+44 20 7629 3163,22 Brook's Mews,,,,https://www.openstreetmap.org/node/5757685914
http://tazakebab.com/,Taza,Westminster,Deli; Halal,,1,+44 20 7727 7420,35a Queensway,,,,https://www.openstreetmap.org/node/5005616622
https://www.sterminshotel.co.uk/eating-drinking/afternoon-tea/,Tea Lounge at St. Ermin's,Westminster,Restaurant,reservations@sterminshotel.co.uk,1,+44 20 7222 7888,2 Caxton Street,SW1H 0QW,,,https://www.openstreetmap.org/node/12996594395
https://temperrestaurant.com/,Temper,Westminster,Restaurant,reservationsmanager@temperrestaurant.com,1,,25 Broadwick St,,https://www.facebook.com/temperrestaurant/,,https://www.openstreetmap.org/node/5036334995
http://www.templebrewhouse.com/,Temple Brew House,Westminster,Pub,info@templebrewhouse.com,1,+44 20 7936 2536,46 Essex Street,WC2R 3JF,,,https://www.openstreetmap.org/way/428744489
http://www.terroirswinebar.com,Terroirs,Westminster,French,enquiries@terroirswinebar.com,1,+44 20 7036 0660,5 William IV Street,WC2N 4DW,,,https://www.openstreetmap.org/node/2542069882
https://thairicegroup.co.uk/Menu/3031/thai-rice-restaurant-uk-elgin-avenue,Thai Rice,Westminster,Asian,,1,+44 20 7328 8883,239 Elgin Avenue,,,,https://www.openstreetmap.org/node/6658157978
https://www.theadamandevew1.co.uk/,The Adam & Eve,Westminster,Pub,,1,+44 20 7636 0717,77A Wells Street,W1T 3QQ,,,https://www.openstreetmap.org/node/271949863
https://www.admiraltytrafalgar.co.uk/,The Admiralty,Westminster,Pub,,1,,66 Trafalgar Square,WC2N 5DS,,,https://www.openstreetmap.org/node/581058547
https://www.greeneking-pubs.co.uk/pubs/greater-london/albert/,The Albert,Westminster,Pub,7161@greeneking.co.uk,1,+44 20 7222 5577,52 Victoria Street,SW1H 0NP,,,https://www.openstreetmap.org/way/161490892
http://murakami.london,The Alchemist,Westminster,Asian; Japanese,,1,+44 20 3417 6966,63-66 St Martin's Lane,WC2N 4JS,,,https://www.openstreetmap.org/node/3887905010
https://www.the-araki.com/,The Araki,Westminster,Asian; Sushi,,1,+44 20 7287 2481,12 New Burlington Street,W1S 3BH,,,https://www.openstreetmap.org/node/5150570900
https://www.nicholsonspubs.co.uk/restaurants/london/theargyllarmsoxfordcircuslondon,The Argyll Arms,Westminster,Pub,,1,,18 Argyll Street,,,,https://www.openstreetmap.org/node/499350848
https://www.barleymowlondon.co.uk/,The Barley Mow,Westminster,Pub,,1,,8 Dorset Street,W1U 6QW,,,https://www.openstreetmap.org/way/148011247
https://www.nicholsonspubs.co.uk/restaurants/london/thebearandstaffleicestersquarelondon,The Bear & Staff,Westminster,Pub,,1,,,,,,https://www.openstreetmap.org/way/249340692
https://www.thebengal.co.uk/,The Bengal,Westminster,Indian,thebengal62@yahoo.co.uk,1,+44 20 7229 1640,62A Porchester Road,W2 6ET,,,https://www.openstreetmap.org/node/521716075
https://www.jdwetherspoon.com/pubs/the-benjamin-franklin-london/,The Benjamin Franklin,Westminster,Pub,,1,,11 The Strand,WC2N 5HR,,,https://www.openstreetmap.org/way/38325241
https://www.theblueposts.net/,The Blue Posts,Westminster,Pub,general@theblueposts.net,1,+44 20 7437 5008,22 Berwick Street,W1F 0QA,,,https://www.openstreetmap.org/way/156620042
https://www.greeneking.co.uk/pubs/greater-london/blue-posts,The Blue Posts,Westminster,Pub,,1,,,W1B 5PX,,,https://www.openstreetmap.org/way/273610363
https://thebreakfastclubcafes.com,The Breakfast Club,Westminster,American; Breakfast,,1,,18 Old Compton Street,,,,https://www.openstreetmap.org/node/5427102546
http://www.thebreakfastclubsoho.com,The Breakfast Club,Westminster,American; Breakfast,,1,,33 D'Arblay Street,,,,https://www.openstreetmap.org/way/477968033
https://www.thebridgehouselittlevenice.co.uk/#,The Bridge House,Westminster,Pub,,1,,13 Westbourne Terrace Road,,,,https://www.openstreetmap.org/node/2261572101
https://www.buddhabarlondon.com/,The Buddha Bar,Westminster,Asian,,1,,145 Knightsbridge,SW1X 7PA,,,https://www.openstreetmap.org/node/2148897828
https://burlingtonarms.com/,The Burlington Arms,Westminster,Pub,hello@burlingtonarms.com,1,,21 Old Burlington Street,W1S 2JL,,,https://www.openstreetmap.org/way/592220489
https://www.clifton.co.uk/london-nursery-garden-centre/cafe,The Café at Clifton Nurseries,Westminster,Cafe,cafe@clifton.co.uk,1,+44 20 7432 1867,,,,,https://www.openstreetmap.org/way/242819424
https://www.foyles.co.uk/shops/shops-london-charing-cross-cafe,The Café at Foyles,Westminster,Cafe,,1,,107 Charing Cross Road,WC2H 0DT,,,https://www.openstreetmap.org/node/11361621056
https://www.nicholsonspubs.co.uk/restaurants/london/thecambridgecambridgecircuslondon,The Cambridge,Westminster,Pub,,1,,Charing Cross Road,WC2H 0DP,,,https://www.openstreetmap.org/way/157767121
http://www.courthouse-hotel.com/restaurantsandbars-en.html,The Carnaby,Westminster,Restaurant,,1,,19-21 Great Marlborough Street,W1F 7HH,,,https://www.openstreetmap.org/node/799284723
https://www.thecarpentersarmspub.co.uk/,The Carpenters Arms,Westminster,Pub,hello@thecarpentersarmspub.co.uk,1,,12 Great Cumberland Mews,,,,https://www.openstreetmap.org/way/678633914
https://www.35newcavendish.co.uk/,The Cavendish,Westminster,Restaurant,info@35newcavendish.co.uk,1,,35 New Cavendish Street,,,,https://www.openstreetmap.org/way/148890698
https://www.thecedarrestaurant.co.uk/,The Cedar,Westminster,Restaurant,info@thecedarrestaurant.co.uk,1,+44 20 8964 2011,65 Fernhead Road,,,,https://www.openstreetmap.org/node/6763093725
https://www.thechampionpub.co.uk/,The Champion,Westminster,Pub,,1,+44 20 7323 1228,12-13 Wells Street,W1T 3PA,,,https://www.openstreetmap.org/way/651644530
https://thechandos.co.uk/,The Chandos,Westminster,Pub,info@thechandos.co.uk,1,+44 20 7836 1401,29 St Martin's Lane,WC2N 4ER,,,https://www.openstreetmap.org/way/142300246
http://www.cinnamonclub.com/,The Cinnamon Club,Westminster,Indian,,1,+44 20 7222 2555,30 Great Smith Street,SW1P 3BU,https://www.facebook.com/Cinnamonclub,,https://www.openstreetmap.org/node/292384037
https://www.nicholsonspubs.co.uk/restaurants/london/theclachankinglystreetlondon,The Clachan,Westminster,Pub,,1,,34 Kingly Street,W1B 5QH,,,https://www.openstreetmap.org/way/272198116
http://www.theclarencewhitehall.co.uk,The Clarence,Westminster,Pub,,1,+44 20 7930 4808,53 Whitehall,SW1A 2HP,,,https://www.openstreetmap.org/way/140515796
https://www.nicholsonspubs.co.uk/restaurants/london/theclarencemayfairlondon,The Clarence,Westminster,Pub,,1,,4 Dover Street,,,,https://www.openstreetmap.org/way/166891510
https://www.theclevelandarms.com/,The Cleveland Arms,Westminster,Pub,,1,+44 20 7706 1759,28 Chilworth Street,W2 6DT,,,https://www.openstreetmap.org/way/130524644
https://thecliftonnw8.com/,The Clifton,Westminster,Pub,,1,,96 Clifton Hill,NW8 0JT,,,https://www.openstreetmap.org/way/366223826
https://www.coachandhorsesoldcompton.co.uk/,The Coach & Horses,Westminster,Pub,,1,+44 20 7434 4294,2 Old Compton Street,W1D 4TA,,,https://www.openstreetmap.org/way/157771389
https://www.coachandhorsessoho.pub/,The Coach and Horses,Westminster,Pub,,1,+44 20 7437 5920,29 Greek Street,W1D 5DH,,,https://www.openstreetmap.org/way/279533213
https://www.thecoachmakersarms.co.uk/,The Coach Makers Arms,Westminster,Pub,reservations@thecoachmakersarms.co.uk,1,,88 Marylebone Lane,W1U 2PY,,,https://www.openstreetmap.org/way/134708046
https://www.nicholsonspubs.co.uk/restaurants/london/thecoalholestrandlondon,The Coal Hole,Westminster,Pub,,1,,91-92 Strand,WC2R 0DW,,,https://www.openstreetmap.org/way/559282490
https://www.cockandbottlew11.com/,The Cock and Bottle,Westminster,Pub,,1,,17 Needham Road,W11 2RP,,,https://www.openstreetmap.org/way/363039919
https://us.leica-camera.com/Stores-Dealers/Leica-Stores-Worldwide/Leica-Store-London-Mayfair,The Cocochine,Westminster,Restaurant,london.mayfair@leica-camera.com,1,,27 Bruton Place,,,,https://www.openstreetmap.org/node/5740191354
https://www.the-connaught.co.uk/restaurants-bars/the-connaught-grill/,The Connaught Grill,Westminster,Steak,info@the-connaught.co.uk,1,+442071078852,16 Carlos Place,W1K 2AL,,,https://www.openstreetmap.org/node/12617974399
https://www.constitutionpimlico.co.uk/,The Constitution,Westminster,Pub,info@constitutionpimlico.co.uk,1,,42 Churton Street,SW1V 2LP,,,https://www.openstreetmap.org/way/447309968
https://www.royalparks.org.uk/parks/hyde-park/food-and-drink/park-sports-cafe,The Courts Café at Hyde Park,Westminster,Cafe,hyde@parksports.co.uk,1,+44 20 7224 1625,,,,,https://www.openstreetmap.org/node/1696895509
http://thecowlondon.co.uk/,The Cow,Westminster,Pub,,1,,89 Westbourne Park Road,W2 5QH,,,https://www.openstreetmap.org/way/121101761
https://www.nicholsonspubs.co.uk/restaurants/london/thecrownbrewerstreetlondon,The Crown,Westminster,Pub,,1,,,,,,https://www.openstreetmap.org/node/466926232
https://www.thedelaunay.com/,The Delaunay,Westminster,Restaurant,reservations@thedelaunay.com,1,,55 Aldwych,WC2B 4BB,https://www.facebook.com/thedelaunay/,,https://www.openstreetmap.org/node/1962961372
https://delhibrasserie.com/,The Delhi Brasserie,Westminster,French; Indian,info@delhibrasserie.com,1,,44 Frith Street,W1D 4SB,,,https://www.openstreetmap.org/way/157771369
https://devonshiresoho.co.uk,The Devonshire,Westminster,Restaurant,enquiries@devonshiresoho.co.uk,1,,17 Denman Street,W1D 7HW,,,https://www.openstreetmap.org/way/153661827
https://www.nicholsonspubs.co.uk/restaurants/london/thedogandducksoholondon,The Dog and Duck,Westminster,Pub,,1,,18 Bateman Street,W1D 3AJ,,,https://www.openstreetmap.org/way/279570944
https://www.thechaptercollection.co.uk/duchess-marylebone,The Duchess,Westminster,Pub,theduchess.marylebone@thechaptercollection.co.uk,1,,39 Duke Street,W1U 1LP,,,https://www.openstreetmap.org/way/159039182
https://theduckandrice.com/,The Duck and Rice,Westminster,Asian; Chinese,reservations@theduckandrice.com,1,+44 20 3327 7888,90 Berwick Street,W1F 0QB,,,https://www.openstreetmap.org/way/478967748
https://thedukew1h.co.uk/,The Duke of Wellington,Westminster,Pub,info@thedukew1h.co.uk,1,,94A Crawford Street,W1H 2HQ,,,https://www.openstreetmap.org/node/10582361575
https://www.thedukeofyork.com/,The Duke Of York,Westminster,Pub,,1,,2 St. Ann's Terrace,NW8 6PJ,,,https://www.openstreetmap.org/way/698319681
https://www.nicholsonspubs.co.uk/restaurants/london/thefeatherswestminsterlondon,The Feathers,Westminster,Pub,,1,,18-20 Broadway,SW1H 0BH,,,https://www.openstreetmap.org/way/529667796
https://www.nicholsonspubs.co.uk/restaurants/london/theflyinghorseoxfordstreetlondon,The Flying Horse,Westminster,Pub,,1,,,,,,https://www.openstreetmap.org/node/26699558
https://www.craftunionpubs.com/frankfort-arms-paddington,The Frankfort Arms,Westminster,Pub,stonegatepress@stonegategroup.co.uk,1,,518 Harrow Road,W9 3QA,,,https://www.openstreetmap.org/way/361341226
https://www.frontlineclub.com/restaurant/,The Frontline Club,Westminster,Restaurant,reception@frontlineclub.com,1,+44 20 7479 8960,13 Norfolk Place,W2 1QJ,,,https://www.openstreetmap.org/way/155494956
http://www.lse.ac.uk/intranet/LSEServices/cateringServices/restaurantsAndCafes/garrick.aspx,The Garrick,Westminster,Cafe,,1,,69 Aldwych,WC2B 4RR,,,https://www.openstreetmap.org/node/256497884
https://www.greeneking.co.uk/pubs/greater-london/garrick-arms,The Garrick Arms,Westminster,Pub,,1,,8-10 Charing Cross Road,WC2H 0HG,,,https://www.openstreetmap.org/way/168980864
http://www.georgeinthestrand.com/,The George,Westminster,Pub,enquiries@georgeinthestrand.com,1,+44 20 7353 9638,213 Strand,WC2R 1AP,,,https://www.openstreetmap.org/way/161420189
http://www.lse.ac.uk/intranet/LSEServices/cateringServices/restaurantsAndCafes/georgeIVPub.aspx,The George IV,Westminster,Pub,,1,+44 20 7955 7743,31 Portugal Street,WC2A 2HF,,,https://www.openstreetmap.org/node/255747947
https://www.greeneking.co.uk/pubs/greater-london/glass-blower,The Glassblower,Westminster,Pub,,1,,,W1B 5DW,,,https://www.openstreetmap.org/way/107803104
https://www.greeneking.co.uk/pubs/greater-london/globe,The Globe,Westminster,Pub,,1,,43-47 Marylebone Road,NW1 5JY,,,https://www.openstreetmap.org/way/148155199
https://www.theglobemarylebone.co.uk/,The Globe,Westminster,Pub,,1,,47 Lisson Grove,NW1 6UB,,,https://www.openstreetmap.org/way/688991974
https://www.greeneking-pubs.co.uk/pubs/greater-london/goat-tavern-mayfair/,The Goat Tavern,Westminster,Pub,7194@greeneking.co.uk,1,,3 Stafford Street,,,,https://www.openstreetmap.org/way/290081133
https://www.goldenhindrestaurant.com/,The Golden Hind,Westminster,Seafood,,1,+44 20 7486 3644,73 Marylebone Lane,W1U 2PN,,,https://www.openstreetmap.org/way/400735302
https://www.greeneking.co.uk/pubs/greater-london/golden-lion-st-james-s,The Golden Lion,Westminster,Pub,,1,,,,,,https://www.openstreetmap.org/node/675803384
https://www.thegoodegg.co/,The Good Egg,Westminster,Restaurant,margate@thegoodegg.co,1,,Kingly Court,,,,https://www.openstreetmap.org/node/5568368540
http://www.thegreenmanw1.co.uk/,The Green Man,Westminster,Pub,,1,+44 20 7580 9087,36 Riding House Street,W1W 7EP,,,https://www.openstreetmap.org/way/431545353
https://www.greeneking.co.uk/pubs/greater-london/greencoat-boy,The Greencoat Boy,Westminster,Pub,,1,,,,,,https://www.openstreetmap.org/way/130873539
https://www.greeneking-pubs.co.uk/pubs/greater-london/green-man/,The Greene Man,Westminster,Pub,7198@greeneking.co.uk,1,+44 20 7387 6977,383 Euston Road,NW1 3AU,,,https://www.openstreetmap.org/way/108251970
https://www.greenhouserestaurant.co.uk/,The Greenhouse,Westminster,Restaurant,,1,,27a,,,,https://www.openstreetmap.org/node/659653086
https://www.grenadierbelgravia.com,The Grenadier,Westminster,Pub,info@grenadierpub.co.uk,1,+44 20 3205 2915,18 Wilton Row,SW1X 7NR,,,https://www.openstreetmap.org/node/13235500301
https://www.theguinea.co.uk/,The Guinea,Westminster,Pub,,1,,30 Bruton Place,,,,https://www.openstreetmap.org/way/605452758
https://gunmakershouse.co.uk/,The Gunmakers,Westminster,Pub,,1,,33 Aybrook Street,W1U 4AP,,,https://www.openstreetmap.org/way/235396553
https://www.hardrockcafe.com/location/piccadilly-circus/,The Hard Rock Cafe,Westminster,Burger; Ice cream,piccadilly_circus_social@hardrock.com,1,,225/229 Piccadilly,W1J 9HR,,,https://www.openstreetmap.org/node/8476348621
https://www.harpcoventgarden.com/,The Harp,Westminster,Pub,,1,+44 20 7836 0291,47 Chandos Place,WC2N 4HS,HarpCoventGarden,theharpcoventgarden,https://www.openstreetmap.org/way/558503742
https://www.haydennottinghill.com/,The Hayden,Westminster,Burger; Pub,,1,,,,,,https://www.openstreetmap.org/node/7099537759
https://theheromaidavale.co.uk/,The Hero,Westminster,Pub,,1,+44 20 3960 9109,55 Shirland Road,W9 2JD,,,https://www.openstreetmap.org/way/98535839
https://www.theheronpaddington.com/,The Heron,Westminster,Pub,theheronbar@gmail.com,1,+44 20 7724 8463,Norfolk Crescent,W2 2DN,,,https://www.openstreetmap.org/way/739710241
https://www.horseandgroombelgravia.co.uk,The Horse and Groom,Westminster,Pub,afrimneliderjan@gmail.com,1,,7 Groom Place,,,,https://www.openstreetmap.org/way/551566816
https://www.horseandguardsman.co.uk/,The Horse and Guardsman,Westminster,Pub,,1,,16-18 Whitehall,SW1A 2DY,,,https://www.openstreetmap.org/way/140469340
https://www.royalparks.org.uk/parks/the-regents-park/things-to-see-and-do/the-hub-sports-facility/the-hub-cafe,The Hub Cafe,Westminster,Cafe,,1,,,,,,https://www.openstreetmap.org/way/938763474
https://www.greeneking.co.uk/pubs/greater-london/imperial,The Imperial,Westminster,Pub,,1,,5 Leicester Street,WC2H 7BL,,,https://www.openstreetmap.org/node/13550924140
https://www.irondukemayfair.co.uk/,The Iron Duke,Westminster,Pub,,1,,11 Avery Row,W1K 4AN,,,https://www.openstreetmap.org/way/608184600
https://theivycafemarylebone.com,The Ivy,Westminster,Restaurant,,1,+44 20 3301 0400,96 Marylebone Lane,W1U 2QA,,,https://www.openstreetmap.org/node/1488980615
https://theivysohobrasserie.com/,The Ivy,Westminster,Restaurant,,1,+44 20 3301 1166,26-28 Broadwick Street,W1F 8JB,,,https://www.openstreetmap.org/node/4849928822
https://theivystjohnswood.com/,The Ivy St. John's Wood,Westminster,Restaurant,,1,+44 20 3096 9444,120 St John's Wood High Street,NW8 7SG,,,https://www.openstreetmap.org/way/696192225
https://jackalopelondon.com/#firstPage,The Jackalope,Westminster,Pub,info@jackalopelondon.com,1,,43 Weymouth Mews,W1G 7EQ,,,https://www.openstreetmap.org/way/147997976
https://www.tkrc.co.uk/location/poland-street-the-kati-roll-company-london/,The Kati Roll Company,Westminster,Indian,,1,+44 20 7287 4787,24 Poland Street,W1F 8QL,https://www.facebook.com/TheKatiRollCompany/,,https://www.openstreetmap.org/way/475721717
https://www.thekingandqueenpub.com/,The King & Queen,Westminster,Pub,,1,,1 Foley Street,W1W 6DL,,,https://www.openstreetmap.org/way/659258969
https://www.nicholsonspubs.co.uk/restaurants/london/thekingsheadmayfairlondon,The King's Head,Westminster,Pub,,1,,10 Stafford Street,W1S 4RX,,,https://www.openstreetmap.org/way/289953461
https://www.greeneking-pubs.co.uk/pubs/greater-london/kings-arms-mayfair,The Kings Arms,Westminster,Pub,7209@greeneking.co.uk,1,+44 20 7629 0416,2 Shepherd Market,,,,https://www.openstreetmap.org/node/289996602
https://www.lambandflagcoventgarden.co.uk/,The Lamb and Flag,Westminster,Pub,,1,+44 20 7497 9504,33 Rose Street,WC2E 9EB,,,https://www.openstreetmap.org/way/565171598
https://www.thelarrik.com/,The Larrik,Westminster,Pub,info@thelarrik.com,1,,32 Crawford Place,W1H 5NN,,,https://www.openstreetmap.org/way/680918475
https://laughinghalibut.co.uk,The Laughing Halibut,Westminster,Seafood,thelaughinghalibut@gmail.com,1,+44 20 7799 2844,38 Strutton Ground,SW1P 2HR,,,https://www.openstreetmap.org/way/113115208
https://www.greeneking.co.uk/pubs/greater-london/leicester-arms,The Leicester Arms,Westminster,Pub,,1,,44 Glasshouse Street,,,,https://www.openstreetmap.org/node/452215462
https://littleredpepper.co.uk,The Little Red Pepper,Westminster,Italian,reservations@littleredpepper.co.uk,1,+44 20 4618 4690,8 Formosa Street,W9 1EE,,,https://www.openstreetmap.org/node/6698552094
http://www.thelittlesquare.co.uk/,The Little Square,Westminster,Restaurant,,1,+44 20 7355 2101,3 Shepherd Market,W1J 7PB,,,https://www.openstreetmap.org/node/622537358
https://www.crafted-social.co.uk/long-acre-covent-garden,The Long Acre,Westminster,Pub,stonegatepress@stonegategroup.co.uk,1,+44 20 7395 1200,1 Upper St Martin's Lane,WC2H 9NY,,,https://www.openstreetmap.org/way/175158234
https://luckysaint.co/pages/the-lucky-saint-pub-london-w1,The Lucky Saint,Westminster,Pub,info@luckysaint.co,1,,58 Devonshire Street,W1W 5EA,,,https://www.openstreetmap.org/way/110753811
http://www.lyricsoho.co.uk,The Lyric,Westminster,Pub,,1,,37 Great Windmill Street,,,,https://www.openstreetmap.org/way/249343304
https://www.madbishopandbear.co.uk/,The Mad Bishop & Bear,Westminster,Pub,,1,,,,,,https://www.openstreetmap.org/node/10895507318
https://mangotree.org.uk/,The Mango Tree,Westminster,Restaurant,,1,+44 20 7823 1888,46 Grosvenor Place,SW1X 7EQ,,,https://www.openstreetmap.org/node/452409767
https://www.greeneking.co.uk/pubs/greater-london/maple-leaf,The Maple Leaf,Westminster,Pub,,1,+44 20 7240 2843,41 Maiden Lane,WC2E 7LJ,,,https://www.openstreetmap.org/way/100013433
https://www.themarquiscoventgarden.co.uk/,The Marquis,Westminster,Pub,themarquis@mspubs.co.uk,1,+44 20 7379 0367,51-52 Chandos Place,WC2N 4HS,themarquiswc2n,the_marquis_covent_garden,https://www.openstreetmap.org/way/558503751
http://marylebonekitchen.com/,The Marylebone Kitchen,Westminster,Cafe,,1,,106 York Street,,,,https://www.openstreetmap.org/node/6387260853
https://www.greeneking-pubs.co.uk/pubs/greater-london/masons-arms-mayfair/,The Mason Arms,Westminster,Pub,1651@greeneking.co.uk,1,+44 20 7491 7809,38 Maddox Street,W1S 1PY,,,https://www.openstreetmap.org/way/589641506
https://www.mayfairchippy.com/,The Mayfair Chippy,Westminster,Seafood,,1,,14 North Audley Street,W1K 6WE,,,https://www.openstreetmap.org/way/342745880
https://www.jdwetherspoon.com/pubs/all-pubs/england/london/the-metropolitan-bar-marylebone,The Metropolitan Bar,Westminster,Burger; Pub,,1,+44 20 7486 3489,"7 Station Approach, Marylebone Road",NW1 5LD,,,https://www.openstreetmap.org/way/148305760
https://www.mitrelancastergate.com/,The Mitre,Westminster,Pub,,1,+44 20 7262 5240,24 Craven Terrace,W2 3QH,,,https://www.openstreetmap.org/way/107063289
https://themonkeypuzzlepub.co.uk/,The Monkey Puzzle,Westminster,Pub,gary@themonkeypuzzlepub.co.uk,1,+44 20 7723 0143,30 Southwick Street,W2 1JQ,The-Monkey-Puzzle-219528061409967,monkeypuzzlepub,https://www.openstreetmap.org/node/15262028
https://monocle.com/monocle-shops-and-cafes/,The Monocle Café,Westminster,Cafe,londonshop@monocle.com,1,+44 20 7135 2040,18 Chiltern Street,W1U 7QA,,,https://www.openstreetmap.org/node/6328300466
https://www.jdwetherspoon.com/pubs/all-pubs/england/london/the-montagu-pyke-west-end,The Montagu Pyke,Westminster,Pub,,1,,,,,,https://www.openstreetmap.org/way/279322556
https://www.jdwetherspoon.com/pubs/all-pubs/england/london/the-moon-under-water-west-end,The Moon Under Water,Westminster,Pub,,1,+44 20 7839 2837,28 Leicester Square,WC2H 7LE,,,https://www.openstreetmap.org/node/348817410
https://www.nelliedeansoho.co.uk/,The Nellie Dean of Soho,Westminster,Pub,thenelliedean@gmail.com,1,+44 20 7734 2572,89 Dean Street,W1D 3SU,,,https://www.openstreetmap.org/way/288392846
https://www.greeneking.co.uk/pubs/Greater-London/new-explorer,The New Explorer,Westminster,Pub,,1,+44 20 7491 0467,23 Great Castle Street,W1G 0JA,,,https://www.openstreetmap.org/way/244772128
http://www.newinnlondon.co.uk/,The New Inn,Westminster,Restaurant,,1,,2 Allitsen Road,NW8 6LA,,,https://www.openstreetmap.org/node/293748563
https://theoaklondon.com/,The Oak,Westminster,Italian,hello@thegoodoak.com,1,+44 20 7221 3355,137 Westbourne Park Road,W2 5QL,,,https://www.openstreetmap.org/way/122814326
http://www.oldbankofengland.co.uk/,The Old Bank of England,Westminster,Pub,,1,+44 20 7430 2255,194 Fleet Street,EC4A 2LT,,,https://www.openstreetmap.org/way/99275253
https://www.greeneking.co.uk/pubs/greater-london/old-star,The Old Star,Westminster,Pub,,1,,66 Broadway,,,,https://www.openstreetmap.org/way/321967936
https://www.thefootmanmayfair.com/,The Only Running Footman,Westminster,Pub,events@thefootmanmayfair.com,1,,5 Charles Street,W1J 5DF,,,https://www.openstreetmap.org/way/299039550
https://www.theorange.co.uk/,The Orange,Westminster,Pub,reservations@theorange.co.uk,1,,37-39 Pimlico Road,SW1W 8NE,,,https://www.openstreetmap.org/way/147249462
https://www.theoxfordmarket.co.uk/,The Oxford Market,Westminster,Bar,,1,+44 20 7079 2020,11-13 Market Place,W1W 8AH,,,https://www.openstreetmap.org/way/244772122
https://www.theparkrestaurant.com/,The Park,Westminster,American; Breakfast,reservations@theparkrestaurant.com,1,+44 20 3959 9000,2 Queensway,W2 3RX,,,https://www.openstreetmap.org/node/12786260255
https://www.thepeppermint.co.uk/,The Peppermint,Westminster,Cafe,,1,+44 20 7289 0089,294 Elgin Avenue,,,,https://www.openstreetmap.org/node/6660711712
https://www.greeneking.co.uk/pubs/greater-london/colonies,The Pineapple,Westminster,Pub,,1,,25 Wilfred Street,SW1E 6PR,,,https://www.openstreetmap.org/node/169384510
https://www.greeneking.co.uk/pubs/greater-london/plumbers-arms,The Plumbers Arms,Westminster,Pub,,1,,14 Lower Belgrave Street,SW1W 0LN,,,https://www.openstreetmap.org/way/159407057
https://www.theporchester.co.uk/,The Porchester,Westminster,Pub,,1,+44 20 7229 2886,88 Bishop's Bridge Road,W2 5AA,,,https://www.openstreetmap.org/way/192794418
https://www.nicholsonspubs.co.uk/restaurants/london/theporcupineleicestersquarelondon,The Porcupine,Westminster,Pub,,1,,48 Charing Cross Road,WC2H 0BS,,,https://www.openstreetmap.org/way/175157358
https://porterhouse.london/,The Porterhouse,Westminster,Pub,enquiries@porterhouse.london,1,,21-22 Maiden Lane,WC2E 7NA,porterhouselondon,porterhouselondon,https://www.openstreetmap.org/way/99952313
https://www.theportmanmarylebone.com/,The Portman,Westminster,Pub,,1,,51 Upper Berkeley Street,W1H 7QW,,,https://www.openstreetmap.org/way/678633921
https://theportraitrestaurant.com/,The Portrait Restaurant,Westminster,Restaurant,reservations@theportraitrestaurant.co.uk,1,+44 20 3872 7610,2 St. Martin's Place,WC2H 0HE,,,https://www.openstreetmap.org/node/12087774907
https://www.theprideofpaddington.co.uk/,The Pride of Paddington,Westminster,Pub,,1,+44 20 7402 2156,1-3 Craven Road,W2 3BP,,,https://www.openstreetmap.org/way/739178496
https://www.theprincebonapartew2.co.uk/,The Prince Bonaparte,Westminster,Pub,info@theprincebonapartew2.co.uk,1,+44 20 7313 9491,80 Chepstow Road,W2 5BE,742068432520112,bonapartew2,https://www.openstreetmap.org/way/756311627
https://www.theprince-edward.co.uk/,The Prince Edward,Westminster,Pub,,1,+44 20 7727 2221,73 Prince's Square,,,,https://www.openstreetmap.org/way/621622012
https://www.greeneking.co.uk/pubs/greater-london/prince-of-wales,The Prince of Wales,Westminster,Pub,,1,,150-151 Drury Lane,WC2B 5TD,,,https://www.openstreetmap.org/node/312156665
https://www.theprinceregentw1.co.uk/,The Prince Regent,Westminster,Pub,,1,,71 Marylebone High Street,W1U 5JN,,princeregentw1,https://www.openstreetmap.org/way/148878074
https://www.punchbowllondon.com/,The Punch Bowl,Westminster,Pub,info@butcombe.com,1,,41 Farm Street,W1J 5RP,,,https://www.openstreetmap.org/way/237795434
https://www.queensheadpiccadilly.com/,The Queen's Head,Westminster,Pub,bookings@queensheadpiccadilly.com,1,+44 20 7437 1540,,,,,https://www.openstreetmap.org/way/572506209
https://www.therajdootindian.com/,The Rajdoot,Westminster,Indian,,1,,49 Paddington Street,W1U 4HW,,,https://www.openstreetmap.org/way/148871656
https://www.therealgreek.com/restaurants/soho/,The Real Greek,Westminster,Greek,soho@therealgreek.com,1,+44 20 7287 6805,50 Berwick Street,W1F 8SJ,,,https://www.openstreetmap.org/node/4601342802
https://www.therealgreek.com/marylebone/,The Real Greek,Westminster,Greek,,1,,56 Paddington Street,W1U 4HY,,,https://www.openstreetmap.org/way/148871658
https://www.redlionmayfair.co.uk/,The Red Lion,Westminster,Pub,,1,,Duke of York Street,,,,https://www.openstreetmap.org/node/675867856
https://www.redlionwestminster.co.uk/,The Red Lion,Westminster,Pub,,1,+44 20 7930 5826,48 Parliament Square,SW1A 2NH,,TheRedLionWestminster,https://www.openstreetmap.org/way/547238388
https://www.theresidencynottinghill.com/,The Residency,Westminster,Restaurant,,1,,50 Westbourne Grove,,,,https://www.openstreetmap.org/node/7059213758
https://www.retrobarlondon.co.uk/london,The Retro Bar,Westminster,Pub,,1,+44 20 7839 8760,2 George Court,WC2N 6HH,,,https://www.openstreetmap.org/node/303585906
https://www.royalparks.org.uk/parks/hyde-park/food-and-drink/lido-bar-and-cafe,The Rooftop,Westminster,Cafe,,2,,,,,,https://www.openstreetmap.org/node/8750049317
https://www.roundhousecoventgarden.co.uk/,The Round House,Westminster,Pub,,1,,1 Garrick Street,WC2E 9AR,,,https://www.openstreetmap.org/way/183362087
https://www.theroyaloakw1.com/,The Royal Oak,Westminster,Pub,,1,,74-76 York Street,W1H 1QN,,,https://www.openstreetmap.org/way/202339356
https://www.greeneking.co.uk/pubs/greater-london/salisbury,The Salisbury,Westminster,Pub,,1,,90 St Martin's Lane,WC2N 4AP,,,https://www.openstreetmap.org/way/151297126
https://www.sanctuaryhousehotel.co.uk/,The Sanctuary House,Westminster,Pub,,1,,33 Tothill Street,SW1H 9LA,,,https://www.openstreetmap.org/way/544897741
https://www.thesavanna.co.uk,the Savanna,Westminster,Deli,example@gmail.com,1,,,,,,https://www.openstreetmap.org/node/10622738686
https://www.redfort.co.uk/,The Seafood Bar,Westminster,Seafood,,1,,77 Dean Street,W1D 3SH,,,https://www.openstreetmap.org/way/184421885
https://www.greeneking.co.uk/pubs/greater-london/shakespeare,The Shakespeare,Westminster,Pub,,1,,91 - 99 Buckingham Palace Road,,,,https://www.openstreetmap.org/way/203984283
https://www.greeneking.co.uk/pubs/greater-london/shakespeares-head,The Shakespeare's Head,Westminster,Pub,,1,,29 Great Marlborough Street,,,,https://www.openstreetmap.org/way/272198115
https://www.shastonarms.co.uk/,The Shaston Arms,Westminster,Pub,,1,,4-6 Ganton Street,W1F 7QL,,,https://www.openstreetmap.org/way/272084523
https://www.greeneking-pubs.co.uk/pubs/greater-london/sherlock-holmes/,The Sherlock Holmes,Westminster,Pub,7967@greeneking.co.uk,1,,10-11 Northumberland Street,WC2N 5DB,,,https://www.openstreetmap.org/way/140517896
https://www.shipsoho.co.uk/,The Ship,Westminster,Pub,,1,,116 Wardour Street,W1F 0TT,,,https://www.openstreetmap.org/way/157779664
https://www.theshipfitzrovia.com/,The Ship,Westminster,Pub,,1,,134 New Cavendish Street,,,,https://www.openstreetmap.org/way/659467810
https://www.jdwetherspoon.com/pubs/the-sir-alexander-fleming-paddington/,The Sir Alexander Fleming,Westminster,Burger; Pub,,1,,5 Merchant Square,W2 1AS,,,https://www.openstreetmap.org/node/3895190286
https://www.thesoak.co.uk/,The Soak,Westminster,Restaurant,hello@thesoak.co.uk,1,,,,,,https://www.openstreetmap.org/node/13936897328
https://www.thesocial.com/,The Social,Westminster,American,theoffice@thesocial.com,1,+44 20 7636 4992,5 Little Portland Street,W1W 7JD,,,https://www.openstreetmap.org/node/3358823520
https://www.greatukpubs.co.uk/speaker-victoria,The Speaker,Westminster,Pub,,1,,46 Great Peter Street,SW1P 2HA,,,https://www.openstreetmap.org/way/1211583959
https://www.spiceoflifesoho.com/,The Spice of Life,Westminster,Pub,,1,+44 20 7437 7013,6 Moor Street,W1D 5NA,,,https://www.openstreetmap.org/way/157767122
https://www.squarerestaurant.com/,The Square,Westminster,Restaurant,,1,+44 20 7495 7100,6-10 Bruton Street,,,,https://www.openstreetmap.org/node/1167941975
https://www.star-tavern-belgravia.co.uk/,The Star Tavern,Westminster,Pub,,1,,6 Belgrave Mews West,SW1X 8HT,,,https://www.openstreetmap.org/node/27718642
https://www.thesummerhouse.co/,The Summerhouse,Westminster,Seafood,info@thesummerhouse.co,1,,Blomfield Road,,,,https://www.openstreetmap.org/way/123186058
http://www.sussexarms.com/,The Sussex Arms,Westminster,Pub,,1,+44 20 7723 1026,21 London Street,W2 1HL,,,https://www.openstreetmap.org/way/155488605
https://www.swanhydepark.co.uk/,The Swan,Westminster,Pub,,1,,66 Bayswater Road,W2 3PH,,,https://www.openstreetmap.org/way/749323368
https://www.thetattershallcastle.co.uk/,The Tattershall Castle,Westminster,Pub,,1,,Victoria Embankment,SW1A 2HR,,,https://www.openstreetmap.org/way/31200563
https://www.theodore-bullfrog.co.uk/,The Theodore Bullfrog,Westminster,Pub,,1,+44 20 7839 2697,26-30 John Adam Street,WC2N 6HL,,,https://www.openstreetmap.org/way/68807961
https://www.cubitthouse.co.uk/the-thomas-cubitt-belgravia/,The Thomas Cubitt,Westminster,Pub,reservations@cubitthouse.co.uk,1,,44 Elizabeth Street,SW1W 9PA,,,https://www.openstreetmap.org/way/547171167
https://www.nicholsonspubs.co.uk/restaurants/london/thethreegreyhoundssoholondon,The Three Greyhounds,Westminster,Pub,,1,,,,,,https://www.openstreetmap.org/node/4467119633
https://www.greeneking.co.uk/pubs/greater-london/three-tuns,The Three Tuns,Westminster,Pub,,1,,1 Portman Mews South,W1H 6HP,,,https://www.openstreetmap.org/way/208892606
https://www.thetoucansoho.co.uk/,The Toucan,Westminster,Pub,info@thetoucansoho.co.uk,1,+44 20 7437 4123,19 Carlisle Street,W1D 3BY,,,https://www.openstreetmap.org/way/288392857
https://www.union-tavern.co.uk/,The Union Tavern,Westminster,Pub,,1,,45 Woodfield Road,W9 2BA,,,https://www.openstreetmap.org/way/361094607
https://thevegboxcafe.co.uk,The Veg Box,Westminster,Cafe,enquiries@thevegboxcafe.co.uk,1,,136 Marylebone Road,,,,https://www.openstreetmap.org/node/4803496604
https://www.greeneking.co.uk/pubs/greater-london/victoria,The Victoria,Westminster,Pub,,1,,1 Lower Belgrave Street,SW1W 0NR,,,https://www.openstreetmap.org/node/295905003
https://www.victoriapaddington.co.uk/,The Victoria,Westminster,Pub,,1,,10a Strathearn Place,W2 2NH,,,https://www.openstreetmap.org/way/744634826
https://www.thevolunteernw1.co.uk/,The Volunteer,Westminster,Pub,,1,,245-247 Baker Street,,,,https://www.openstreetmap.org/node/49311908
https://www.royalparks.org.uk/visit/parks/regents-park-primrose-hill/waterside-cafe,The Waterside Café,Westminster,Bakery; Burger,,1,,,,,,https://www.openstreetmap.org/way/230384100
https://www.thewaterway.co.uk/,The Waterway,Westminster,Pub,info@thewaterway.co.uk,1,+44 20 7266 3557,54 Formosa Street,W9 2JU,,,https://www.openstreetmap.org/node/3154333461
https://www.nicholsonspubs.co.uk/restaurants/london/thewellingtonstrandlondon,The Wellington,Westminster,Pub,,1,+44 20 7836 2789,351 Strand,WC2R 0HS,nicholsonspubs,nicholsonspubs,https://www.openstreetmap.org/way/244895534
https://www.thewestbourne.com/,The Westbourne,Westminster,Pub,,1,+44 20 7221 5400,101 Westbourne Park Villas,W2 5ED,,,https://www.openstreetmap.org/way/121101785
https://www.nicholsonspubs.co.uk/restaurants/london/thewhitelioncoventgardenlondon,The White Lion,Westminster,Pub,,1,,24 James Street,WC2E 8NS,,,https://www.openstreetmap.org/way/173544268
https://www.nicholsonspubs.co.uk/restaurants/london/thewhiteswanlondon,The White Swan,Westminster,Pub,,1,,14 New Row,WC2N 4LF,,,https://www.openstreetmap.org/node/305760823
https://www.jdwetherspoon.com/pubs/all-pubs/england/london/the-willow-walk-victoria,The Willow Walk,Westminster,Pub,,1,+44 20 7828 2953,25 Wilton Road,SW1V 1LW,,,https://www.openstreetmap.org/node/385560795
https://www.youngs.co.uk/,The Windmill,Westminster,Pub,enquiries@youngs.co.uk,1,,6-8 Mill Street,,,,https://www.openstreetmap.org/node/259774404
https://www.thewolseley.com/,The Wolseley,Westminster,Restaurant,,1,+44 20 7499 6996,157-160 Piccadilly,W1J 9EB,,,https://www.openstreetmap.org/way/289859695
https://www.theorandall.com/,Theo Randall,Westminster,Italian,reservations@theorandall.com,1,+44 20 7318 8747,1 Hamilton Place,W1J 7QY,,,https://www.openstreetmap.org/node/13254887541
https://www.greeneking.co.uk/pubs/greater-london/three-crowns,Three Crowns,Westminster,Pub,,1,,Babmaes Street,,,,https://www.openstreetmap.org/node/675942580
https://threefalcons.com/,Three Falcons Indian Gastropub,Westminster,Indian; Pub,reservations@threefalcons.com,1,,Orchardson Street,NW8 8NG,,threefalcons,https://www.openstreetmap.org/node/12599552601
https://london.tigertiger.co.uk/,Tiger Tiger,Westminster,Restaurant,,1,,29 Haymarket,SW1Y 4SP,,,https://www.openstreetmap.org/node/2403511275
https://www.tintico.co.uk,Tintico,Westminster,Cafe,hello@tintico.co.uk,1,,57 Greek Street,W1D 3DY,,,https://www.openstreetmap.org/node/13571511986
https://www.titurestaurant.com/,Titu,Westminster,Asian,reservations@titurestaurant.com,1,,1 Shepherd Street,W1J 7HJ,,,https://www.openstreetmap.org/node/603756842
https://www.tokimeite.com/,Tokimeite,Westminster,Asian; Japanese,,1,,23 Conduit Street,W1S 2XS,,,https://www.openstreetmap.org/node/5643141168
https://www.tomtomcoffee.co.uk/coffee-house/,TomTom Coffee House,Westminster,Cafe,coffee@tomtomcoffee.co.uk,1,+44 20 7730 1771,114 Ebury Street,SW1W 9QD,https://www.facebook.com/tomtomcoffeehouse/,https://www.instagram.com/tomtomcoffee/,https://www.openstreetmap.org/node/443029946
https://www.tonkotsu.co.uk/,Tonkotsu,Westminster,Asian; Japanese,,1,+44 20 7437 0071,64 Dean Street,W1D 4QG,,,https://www.openstreetmap.org/way/157771312
https://topspizza.co.uk/maidavale,Tops Pizza,Westminster,Pizza,,1,,8 Great Western Road,,,,https://www.openstreetmap.org/node/6814570588
https://www.tortilla.co.uk/restaurants/oxford-circus,Tortilla,Westminster,Mexican,oxfordcircus@tortilla.co.uk,1,+44 20 7637 2800,6 Market Place,W1W 8AH,,,https://www.openstreetmap.org/node/787474861
https://tosseduk.com/,Tossed,Westminster,Takeaway,,1,,10 Sheldon Square,,,,https://www.openstreetmap.org/node/5840098371
https://tozirestaurant.co.uk/,Tozi,Westminster,Italian,reservations@tozirestaurant.co.uk,1,+44 20 7769 9771,8 Gillingham Street,,,,https://www.openstreetmap.org/node/5200361721
https://www.greeneking.co.uk/pubs/greater-london/travellers-tavern,Travellers Tavern,Westminster,Pub,,1,+44 20 7730 3957,4 Elizabeth Street,SW1W 9RB,,,https://www.openstreetmap.org/node/3223507051
https://www.trishnalondon.com/,Trishna,Westminster,Indian,info@trishnalondon.com,1,,15-17 Blandford Street,W1U 3DG,,,https://www.openstreetmap.org/node/2434621102
http://tsiakkos.co.uk/,Tsiakkos & Charcoal,Westminster,Greek,tsiakkoscharcoal@gmail.com,1,+44 20 7286 7896,5 Marylands Road,W9 2DU,,,https://www.openstreetmap.org/node/6739984320
http://tsujiri.co.uk,TSUJIRI Matcha House,Westminster,Cafe,,1,,33 Newport Court,,,,https://www.openstreetmap.org/node/5452221322
https://www.instagram.com/ttine_zeytoon/,Ttine wa Zeytoon,Westminster,Deli,,1,,,,,,https://www.openstreetmap.org/node/9433105252
https://turiecafe.co.uk/,Turie,Westminster,Cafe,,1,,39 Lisson Grove,,,,https://www.openstreetmap.org/node/6463192830
https://turmerickitchen.co.uk/,Turmeric Kitchen,Westminster,Indian,paddington@turmerickitchen.co.uk,1,,,W2 3YU,,,https://www.openstreetmap.org/node/12056271969
http://www.twistkitchen.co.uk/,Twist,Westminster,Restaurant,,1,,42 Crawford Street,,,,https://www.openstreetmap.org/way/679732905
https://www.greeneking.co.uk/pubs/greater-london/two-chairmen,Two Chairmen,Westminster,Pub,,1,,39 Dartmouth Street,SW1H 9BP,,,https://www.openstreetmap.org/way/531373357
https://twopointthai.co.uk/,Two Point Thai,Westminster,Asian,,1,,26 Crawford Street,W1H 1LL,,,https://www.openstreetmap.org/way/679634687
https://uglydumpling.co.uk/,Ugly Dumpling,Westminster,Asian,reservations@uglydumpling.co.uk,2,,1 Newburgh Street,W1F 7RB,,,https://www.openstreetmap.org/way/223406956
https://www.umurestaurant.com/,Umu,Westminster,Asian; Japanese,reception@umurestaurant.com,1,,14-16 Bruton Place,,,,https://www.openstreetmap.org/node/5742592713
https://unicogelatocaffe.co.uk/,Unico Gelato,Westminster,Ice cream,,1,,138 St John's Wood High Street,,,,https://www.openstreetmap.org/node/6536308696
https://urbangreens.co.uk/,Urban Greens,Westminster,Takeaway,,1,,20 Palmer Street,SW1H 0PH,,,https://www.openstreetmap.org/way/700827715
https://www.vantra.co.uk/,Vantra Loungevity,Westminster,Restaurant,info@vantra.co.uk,1,+44 20 7287 5222,5 Wardour Street,W1D 6PB,,,https://www.openstreetmap.org/node/5483789422
https://fi.vapiano.com/en/restaurants/vapiano-soho-84-wardour-street-w1f-2/,Vapiano,Westminster,Italian,,1,+44 20 7440 0070,84 Wardour Street,W1F 0TQ,,,https://www.openstreetmap.org/node/2976988603
https://uk.vapiano.com/restaurant/vapiano-paddington/,Vapiano,Westminster,Italian,,1,+442070627743,50 Eastbourne Terrace,W2 6LG,,,https://www.openstreetmap.org/node/11673171657
https://uk.vapiano.com/en/restaurants/vapiano-lwiw-12a-hnatiuka-str/,Vapiano,Westminster,Italian,,1,+44 20 7268 0080,19-21 Great Portland Street,W1W 8QB,,,https://www.openstreetmap.org/way/110459439
https://vasinikopizza.co.uk/,Vasiniko,Westminster,Pizza,,1,+44 20 7836 8628,"9 Burleigh Street, Covent Garden, WC2E 7PW",,,,https://www.openstreetmap.org/node/11642388109
https://www.veeraswamy.com/,Veeraswamy,Westminster,Indian,,1,,99-101 Regent Street,W1B 4EZ,,,https://www.openstreetmap.org/node/623366167
https://uk.venchi.com/venchi-chocolate-and-gelato-london-covent-garden,Venchi,Westminster,Ice cream,,1,,,,,,https://www.openstreetmap.org/node/3706217491
https://www.verderame.co.uk/,Verderame Ristorante Italiano,Westminster,Italian,,1,+44 20 3441 6972,84 Westbourne Grove,,https://www.facebook.com/Verderame-Restaurant-112634806912317/,,https://www.openstreetmap.org/node/7056122812
https://www.royalalberthall.com/your-visit/food-and-drink/dining/verdi-italian-kitchen/,Verdi,Westminster,Italian,,1,,,,,,https://www.openstreetmap.org/node/5299108171
https://vietnamfood.co.uk/vietfood/,Viet Food,Westminster,Asian,info@vietnamfood.co.uk,1,+44 20 7494 4555,34-36 Wardour Street,W1D 6EY,,,https://www.openstreetmap.org/way/993516028
http://vietsoho.co.uk/,Viet Pho,Westminster,Asian,,1,,34 Greek Street,,,,https://www.openstreetmap.org/way/349935006
https://www.vinoteca.co.uk/locations/marylebone,Vinoteca Marylebone,Westminster,Italian,,1,,13 Seymour Place,,,,https://www.openstreetmap.org/node/452168077
https://vivafalafel.co.uk/,Viva Falafel,Westminster,Takeaway,,1,,Pitch 1719 Lumley Street,W1K 6JE,,,https://www.openstreetmap.org/node/13266688001
https://www.cafevolonte.co.uk/,Volonté,Westminster,Cafe,management@cafevolonte.co.uk,1,,10 Mortimer Street,W1T 3JJ,,,https://www.openstreetmap.org/node/4715903696
https://www.instagram.com/w10coffee?igsh=a3pha20wYndhajU1,W10 Coffee,Westminster,Cafe,,1,+44 7450 372927,427-429 Harrow Road,,,,https://www.openstreetmap.org/node/1571201518
https://wacafe.co.uk/,WA café,Westminster,Asian; Bakery; Breakfast; Deli; Japanese,info@wacafe.co.uk,1,,5 New Row,WC2N 4LH,,,https://www.openstreetmap.org/node/6029728385
https://wafflemeister.com/,Wafflemeister,Westminster,Bakery,info@wafflemeister.com,1,+44 20 7629 8178,369 Oxford Street,W1C 2JW,,,https://www.openstreetmap.org/way/802152476
https://www.wagamama.com/restaurants/london/wigmore-street-bond-street,Wagamama,Westminster,Asian,press@wagamama.com,1,,101a Wigmore Street,,,,https://www.openstreetmap.org/node/852122502
https://www.wagamama.com/restaurants/london/victoria,Wagamama,Westminster,Asian,press@wagamama.com,1,+44 20 7828 0561,5 Cardinal Walk,SW1E 5JE,,,https://www.openstreetmap.org/node/2930011425
https://www.wagamama.com/restaurants/london/paddington,Wagamama,Westminster,Asian,press@wagamama.com,1,,3 Sheldon Square,,,,https://www.openstreetmap.org/node/9062094518
https://www.wagamama.com/restaurants/london/marblearch,Wagamama,Westminster,Asian,press@wagamama.com,1,,,,,,https://www.openstreetmap.org/node/10075547954
https://www.wagamama.com/restaurants/london/bedford-street-covent-garden,Wagamama,Westminster,Asian,press@wagamama.com,1,,17 Bedford Street,,,,https://www.openstreetmap.org/way/68155984
https://www.wagamama.com/restaurants/london/great-marlborough-street,Wagamama,Westminster,Asian,press@wagamama.com,1,+44 20 3794 4338,42 Great Marlborough Street,W1F 7JL,,,https://www.openstreetmap.org/way/475721747
http://www.wahaca.co.uk/locations/great-portland-st/,Wahaca,Westminster,Mexican,,1,+44 20 3002 8784,26-28 Great Portland Street,W1W 8QT,,,https://www.openstreetmap.org/node/691084120
https://www.thewarrington.co,Warrington,Westminster,Pub,warringtonhotel@ewehospitality.co.uk,1,+44 20 7286 8282,93 Warrington Crescent,W9 1EH,,,https://www.openstreetmap.org/way/154952350
http://www.capitalpubcompany.com/the-warwick-castle/,Warwick Castle,Westminster,Pub,,1,,6 Warwick Place,W9 2PX,,,https://www.openstreetmap.org/way/155001536
https://www.wasabi.uk.com/,Wasabi,Westminster,Asian; Japanese,enquiries@wasabi.uk.com,3,,56-58 Brompton Road,,,,https://www.openstreetmap.org/node/3357929237
https://watchhouse.com,WatchHouse,Westminster,Breakfast,hello@watchhouse.com,3,,60 Seymour Street,W1H 7JH,,,https://www.openstreetmap.org/node/2305425761
https://watchhouse.com/blogs/locations/marylebone,WatchHouse,Westminster,Breakfast,hello@watchhouse.com,1,+44 20 3988 4648,32-34 New Cavendish Street,W1G 8UE,,,https://www.openstreetmap.org/node/6292682449
https://waxyoconnorslondon.co.uk,Waxy O'Connor's London,Westminster,Pub,,1,+442072870255,14-16 Rupert Street,,,,https://www.openstreetmap.org/node/11926973569
https://www.c-h-w.com/wesleys-cafe,Wesley’s Café,Westminster,Cafe,,1,,Storey's Gate,SW1H 9NH,,,https://www.openstreetmap.org/node/11664110171
https://www.jdwetherspoon.com/pubs/all-pubs/england/london/wetherspoons-victoria-station-concourse,Wetherspoons,Westminster,Breakfast; Burger; Pub,,1,,,,,,https://www.openstreetmap.org/node/618653525
https://www.thelondoner.com/restaurants-bars/whitcombs,Whitcombs,Westminster,Restaurant,reservations@thelondoner.com,1,,38 Leicester Square,WC2H 7DX,,,https://www.openstreetmap.org/node/10065176317
https://www.nicholsonspubs.co.uk/restaurants/london/thewhitehorsecarnabystreetlondon,White Horse,Westminster,Pub,,1,,16 Newburgh Street,,,,https://www.openstreetmap.org/way/272299419
https://whitemulberries.com/pages/marylebone-village,White Mulberries,Westminster,Bakery; Breakfast; Deli,info@whitemulberries.com,1,,54 Paddington Street,W1U 4HU,,whitemulberries,https://www.openstreetmap.org/node/13734805701
https://white-pine.co.uk/,White Pine,Westminster,Cafe,hello@white-pine.co.uk,1,,35-36 Rathbone Place,W1T 1JN,,,https://www.openstreetmap.org/node/6089238894
https://whyteandbrown.com/,Whyte & Brown,Westminster,Restaurant,,1,+44 20 3747 9820,Kingly Court,W1B 5PW,,,https://www.openstreetmap.org/node/4209591093
https://www.thebalconlondon.com/,Wild Honey,Westminster,Restaurant,,1,,8 Pall Mall,SW1Y 5NG,,,https://www.openstreetmap.org/node/4614334125
https://www.wildhoneyrestaurant.co.uk/,Wild Honey,Westminster,Restaurant,,1,,12 St George Street,,,,https://www.openstreetmap.org/way/591177138
https://wildwoodrestaurants.co.uk/restaurant/covent-garden/,Wildwood,Westminster,Halal; Italian; Pizza; Steak,customercare@wildwoodrestaurants.co.uk,1,,35 Bow Street,WC2E 7AU,,,https://www.openstreetmap.org/way/986906888
https://shop.wingmans.co.uk/,Wingmans,Westminster,Restaurant,,1,+44 20 7437 7284,29-31 Old Compton Street,W1D 5JS,wingmanschicken,wingmanschicken,https://www.openstreetmap.org/node/639111707
https://wokandfire.co.uk/,Wok and Fire,Westminster,Asian; Chinese; Halal,,1,,33 Haymarket,,,,https://www.openstreetmap.org/node/13039854810
https://www.woktowalk.com/uk/restaurants/,Wok to Walk,Westminster,Asian; Chinese,,1,,129 Baker Street,,,,https://www.openstreetmap.org/node/6346469084
https://workshopcoffee.com/,Workshop Coffee Co,Westminster,Breakfast,marylebone@workshopcoffee.com,1,,1 Barrett Street,,,,https://www.openstreetmap.org/node/4103049892
https://www.xierlondon.com/,XR,Westminster,Restaurant,,1,,13-14 Thayer Street,,,,https://www.openstreetmap.org/node/6303191529
https://yakiniku-like.co.uk,YAKINIKU LIKE!!,Westminster,Asian; Japanese,,1,+44 20 3375 3808,47 Greek Street,W1D 4EE,,,https://www.openstreetmap.org/node/13571496071
https://www.yalla-yalla.co.uk/,Yalla Yalla,Westminster,Restaurant,reservations@yalla-yalla.co.uk,2,,,W1F 0HA,,,https://www.openstreetmap.org/way/480012224
https://www.yamabahce.com/,Yamabahçe,Westminster,Restaurant,,1,+44 20 7935 8480,26 James Street,W1U 1EN,,,https://www.openstreetmap.org/way/107039275
https://www.yazusushi.co.uk/,Yazu Sushi,Westminster,Asian; Sushi,,1,,46 Curzon Street,,,,https://www.openstreetmap.org/way/626960769
https://www.yegrapesmayfair.co.uk/,Ye Grapes,Westminster,Pub,yegrapesmayfair@yahoo.com,1,+44 20 7629 4989,16 Shepherd Market,W1J 7QQ,,,https://www.openstreetmap.org/way/629171088
https://www.vinoteca.co.uk/locations/soho,yeni,Westminster,Restaurant,,1,+44 20 3544 7411,53-55 Beak Street,,,,https://www.openstreetmap.org/node/13577345336
https://london.yeotown.com/,Yeotown Paddington,Westminster,Restaurant,queensgardens@yeotown.com,1,+44 20 7298 8799,,,,,https://www.openstreetmap.org/node/13279487994
https://yiqipanasia.co.uk,YiQi,Westminster,Asian,info@yiqipanasia.co.uk,1,,14 Lisle Street,WC2H 7BE,,,https://www.openstreetmap.org/node/13550924144
https://www.yminglondon.com/,Yming,Westminster,Restaurant,,1,+44 20 7734 2721,35-36 Greek Street,W1D 5DL,,,https://www.openstreetmap.org/way/349935008
https://yole.com/uk,Yolé,Westminster,Ice cream,,1,,74 Shaftesbury Avenue,W1D 6NA,,,https://www.openstreetmap.org/node/4221152196
https://youmesushi.com/,You Me Sushi,Westminster,Asian; Sushi,,1,,156 Marylebone Road,,,,https://www.openstreetmap.org/node/6432086178
https://zata.uk/,Za'ta,Westminster,Restaurant,info@zata.uk,1,,,,,,https://www.openstreetmap.org/node/10594929753
https://www.choccywoccydoodah.com/,Zahter,Westminster,Restaurant,,1,,30 - 32 Foubert's Place,W1F 7PS,,,https://www.openstreetmap.org/way/223406957
https://www.zanchi.co.uk/,Zanchi,Westminster,Asian; Korean,info@zanchi.co.uk,1,+44 207 723 5555,113-115 Praed Street,W2 1RL,,,https://www.openstreetmap.org/way/155494930
http://www.zaynarestaurant.co.uk/,Zayna,Westminster,Indian,info@zaynarestaurant.co.uk,1,+44 20 7723 2229,25 New Quebec Street,W1H 7SF,,,https://www.openstreetmap.org/node/452169201
https://www.zizzi.co.uk/italian/restaurants/victoria,Zizzi,Westminster,Italian,feedback@zizzi.co.uk,1,+44 20 7821 0402,15 Cardinal Walk,SW1E 5JE,,,https://www.openstreetmap.org/node/341233197
https://www.zizzi.co.uk/italian/restaurants/wigmore-street-near-oxford-street,Zizzi,Westminster,Italian,feedback@zizzi.co.uk,1,,110-116 Wigmore Street,W1U 3RU,,,https://www.openstreetmap.org/node/1266124433
https://www.zizzi.co.uk/italian/restaurants/paddington-central,Zizzi,Westminster,Italian,feedback@zizzi.co.uk,1,+44 20 7286 4770,17 Sheldon Square,W2 6EP,,,https://www.openstreetmap.org/node/2343155743
https://www.zizzi.co.uk/italian/restaurants/bow-street-covent-garden,Zizzi,Westminster,Italian,feedback@zizzi.co.uk,1,,19-20 Bow Street,WC2E 7AW,,,https://www.openstreetmap.org/node/3815512368
https://www.zizzi.co.uk/italian/restaurants/the-strand-west-end,Zizzi,Westminster,Italian,feedback@zizzi.co.uk,1,,75-76 Strand,WC2R 0DW,,,https://www.openstreetmap.org/way/72140300
https://www.zoilo.co.uk/,Zoilo,Westminster,Restaurant,info@zoilo.co.uk,1,,9 Duke Street,,,,https://www.openstreetmap.org/node/6299031592
https://zonzorestaurant.com,Zonzo,Westminster,Pizza,info@zonzorestaurant.com,1,+44 20 7723 9777,342 Edgware Road,W2 1EA,,,https://www.openstreetmap.org/way/367087931
https://zumarestaurant.com/,Zuma,Westminster,Asian; Japanese,,1,,5 Raphael Street,SW7 1DL,,,https://www.openstreetmap.org/node/4376085104
https://sushinoya.uk,すしの家 Sushinoya,Westminster,Asian; Sushi,,1,,62 Shaftesbury Avenue,W1D 6LT,,,https://www.openstreetmap.org/node/4852113227
http://www.theeightrestaurant.co.uk/,八大八小 The Eight,Westminster,Asian; Chinese,,1,,68 Shaftesbury Avenue,W1D 6LY,,,https://www.openstreetmap.org/node/4876142204
http://www.beijingdumpling.co.uk,北京 Beijing Dumpling,Westminster,Asian; Chinese,,1,+44 20 7287 6888,23 Lisle Street,WC2H 7BA,,,https://www.openstreetmap.org/way/995869086
https://sanhaolondon.com/,叁號麵館 Sanhao,Westminster,Asian; Chinese,info@sanhaolondon.com,1,,3 Gerrard Street,,,,https://www.openstreetmap.org/node/13462905160
https://chengduchengdu.co.uk/,成都成都 Chengdu Chengdu,Westminster,Chinese,,1,,4 Leicester Street,WC2H 7BL,,,https://www.openstreetmap.org/node/4875921414
https://www.tokyodiner.com/,東京ダイナー Tokyo Diner,Westminster,American; Asian; Japanese; Sushi,office@tokyodiner.com,1,+44 20 7287 8777,2 Newport Place,WC2H 7JJ,https://www.facebook.com/profile.php?id=100067149166212,https://www.instagram.com/tokyo.diner.london/https://www.instagram.com/tokyo.diner.london/,https://www.openstreetmap.org/node/13550939106
https://www.bubbleology.co.uk/,沪上阿姨 Auntea Jenny,Westminster,Cafe,,1,+44 20 7494 4231,49 Rupert Street,W1D 7PF,,,https://www.openstreetmap.org/node/2102786811
https://chinatown.co.uk/en/restaurant/london-chinatown-restaurant/,翠亨邨 London Chinatown,Westminster,Asian; Chinese,,1,,27 Gerrard Street,W1D 6JN,,,https://www.openstreetmap.org/node/13550924182
https://realbeijngfoodhouse.com/,风味食堂 Real Beijing Food House,Westminster,Asian; Chinese,,1,,46 Gerrard Street,W1D 5QH,,,https://www.openstreetmap.org/node/13550924172
http://www.meetfresh.com.tw/,鮮芋仙 Meet Fresh,Westminster,Ice cream,,1,,100-102 Shaftesbury Avenue,W1D 5EE,,,https://www.openstreetmap.org/way/349937277
