email,name,borough,categories,website,other_emails,email_source,locations,phone,address,postcode,osm_url
info@10greekstreet.com,10 Greek Street,Westminster,Greek,https://www.10greekstreet.com/,,venue website,1,,10 Greek Street,,https://www.openstreetmap.org/way/279322538
info@kitchenatholmes.co.uk,106 Baker Street,Westminster,Bakery; Deli,https://www.106bakerst.co.uk/,,venue website,1,,106 Baker Street,W1U 6TW,https://www.openstreetmap.org/node/6338252684
reservations.thefranklin@starhotels.com,190 Queen’s Gate,Westminster,Restaurant,https://www.starhotelscollezione.com/en/our-hotels/the-gore-london/dining/190-queens-gate.html,reservations.thegore@starhotels.com; reservations.thepelham@starhotels.com; thefranklin@starhotels.com; thegore@starhotels.com; thepelham@starhotels.com; restaurant.thegore@starhotels.com; reception.thegore@starhotels.com,venue website,1,,,,https://www.openstreetmap.org/node/6050608742
info@2veneti.com,2 Veneti,Westminster,Italian,https://www.2veneti.com/,,venue website,1,,10 Wigmore Street,,https://www.openstreetmap.org/way/364348784
reservations@74duke.com,74 Duke,Westminster,Restaurant,https://www.74duke.com/,,venue website,1,,74 Duke Street,W1K 6JZ,https://www.openstreetmap.org/node/462025223
info@awong.co.uk,A. Wong,Westminster,Asian; Chinese,https://awong.co.uk/,,openstreetmap,1,+44 20 7828 8931,70-71 Wilton Road,SW1V 1DE,https://www.openstreetmap.org/way/449059442
info@angussteakhouse.co.uk,Aberdeen Steak House,Westminster,Steak,https://www.angussteakhouse.co.uk,book.leicestersquare@angussteakhouse.co.uk; book.oxfordcircus@angussteakhouse.co.uk,openstreetmap,1,+44 20 7706 4879,163-165 Praed Street,W2 1RH,https://www.openstreetmap.org/way/155488586
getintouch@abokado.com,Abokado,Westminster,Asian; Japanese,https://abokado.com/,,venue website,1,,3 Broadway,SW1H 0AZ,https://www.openstreetmap.org/node/2414012807
coventgarden@abuelocafe.co.uk,Abuelo,Westminster,Cafe,https://www.abuelocafe.co.uk/,marylebone@abuelocafe.co.uk,venue website,1,,26 Southampton Street,WC2E 7RS,https://www.openstreetmap.org/node/11222511937
info@akoko.co.uk,Akoko,Westminster,Restaurant,https://akoko.co.uk/,,venue website,1,+44 20 7323 0593,21 Berners Street,W1T 3LP,https://www.openstreetmap.org/node/691728906
info@alarez.co.uk,Al Arez,Westminster,Restaurant,https://www.alarez.co.uk/,,venue website,3,+44 20 7262 4833,101-103 Edgware Road,,https://www.openstreetmap.org/way/351025496
booking.albasha@gmail.com,Al Basha,Westminster,Restaurant,https://www.albasha.uk/,albashasw1@gmail.com,venue website,1,,48 Knightsbridge,,https://www.openstreetmap.org/node/5980616505
mail@alhamrarestaurant.co.uk,Al Hamra,Westminster,Restaurant,https://alhamrarestaurant.co.uk/,,venue website,1,,31-33,,https://www.openstreetmap.org/node/622552061
hello@alounakrestaurant.co.uk,Alounak Express,Westminster,Cafe,https://alounakrestaurant.co.uk/home-westbournegrove?view=featured,,venue website,1,+44 20 7229 0416,44 Westbourne Grove,W2 5SH,https://www.openstreetmap.org/way/368374524
info@ambassadorsclubhouse.com,Ambassador's Clubhouse,Westminster,Indian,https://ambassadorsclubhouse.com/,,openstreetmap,1,+44 20 3319 8100,25 Heddon Street,W1B 4BH,https://www.openstreetmap.org/node/12677622201
info@amjadia.co.uk,Amjadia,Westminster,Indian,https://www.amjadia.co.uk/,,venue website,1,,15 Picton Place,W1U 1BW,https://www.openstreetmap.org/way/217965546
enquiries@andrewedmunds.com,Andrew Edmunds,Westminster,Restaurant,https://www.andrewedmunds.com/,,venue website,1,,46 Lexington Street,W1F 0LP,https://www.openstreetmap.org/way/273697611
contact@anglothai.co.uk,Anglo Thai,Westminster,Asian,https://anglothai.co.uk/,press@anglothai.co.uk,openstreetmap,1,+44203 307 8800,22-24 Seymour Place,W1H 7NL,https://www.openstreetmap.org/node/5328197698
book.leicestersquare@angussteakhouse.co.uk,Angus Steak House,Westminster,Steak,https://www.angussteakhouse.co.uk/,book.oxfordcircus@angussteakhouse.co.uk; info@angussteakhouse.co.uk,venue website,1,,20 Cranbourn Street,WC2H 7LU,https://www.openstreetmap.org/node/1567761397
contact@antidotewinebar.com,Antidote,Westminster,French,https://www.antidotewinebar.com/,,venue website,1,+44 20 7287 8488,12A Newburgh Street,W1F 7RR,https://www.openstreetmap.org/way/272019364
hello@apricityrestaurant.com,Apricity,Westminster,Restaurant,https://www.apricityrestaurant.com/menus,,venue website,1,+44 20 8017 2780,68 Duke Street,W1K 6JU,https://www.openstreetmap.org/node/462025222
hello@arambyimad.co.uk,Aram by Imad,Westminster,Restaurant,https://www.arambyimad.co.uk/,,venue website,1,,,,https://www.openstreetmap.org/node/751735206
reservations@arlington.london,Arlington,Westminster,Restaurant,https://www.arlington.london/,,openstreetmap,1,+44 20 3856 1000,20 Arlington Street,SW1A 1RJ,https://www.openstreetmap.org/node/6821298285
marylebone@arrocoffee.com,Arro Coffee - The Temple of Coffee,Westminster,Bakery; Breakfast; Italian,https://www.arrocoffee.com,info@arrocoffee.com; orders@arrocoffee.com,openstreetmap,1,,67 Chiltern Street,W1U 6NJ,https://www.openstreetmap.org/way/235395296
info@arrocoffee.com,ARRO London,Westminster,Cafe,https://www.arrocoffee.com/,orders@arrocoffee.com,venue website,1,,145 Oxford Street,,https://www.openstreetmap.org/node/10135523820
admin@assaggi.co.uk,Assaggi,Westminster,Italian,https://assaggi.co.uk/,,venue website,1,+44 20 7792 5501,39 Chepstow Place,,https://www.openstreetmap.org/node/7104637364
roastery@the-attendant.com,Attendant,Westminster,Breakfast,https://the-attendant.com/,,venue website,1,+44 20 7637 3794,27A Foley Street,W1W 6DY,https://www.openstreetmap.org/way/276146744
events@aubaine.co.uk,Aubaine,Westminster,French,https://aubaine.co.uk/locations/heddon-street/,,venue website,1,,4 Heddon Street,W1B 4BS,https://www.openstreetmap.org/node/266481949
hydepark@aubaine.co.uk,Aubaine,Westminster,French,https://www.aubaine.co.uk/,events@aubaine.co.uk,openstreetmap,1,+44 20 3773 3930,129 Bayswater Road,,https://www.openstreetmap.org/node/4855558090
contact@augustusharris.com,Augustus Harris,Westminster,Restaurant,https://www.augustusharris.com/,,venue website,1,,,WC2B 5JT,https://www.openstreetmap.org/way/986920653
contact@bigmammagroup.com,Ave Mario,Westminster,Italian,https://www.bigmammagroup.com/en/trattorias/ave-mario,jean.naudy@gmail.com,venue website,1,+44 20 4578 4370,15 Henrietta Street,WC2E 8QG,https://www.openstreetmap.org/node/11163348205
hello@avobar.co.uk,Avobar,Westminster,Restaurant,https://www.avobar.co.uk/,,venue website,2,,23-24 Henrietta Street,,https://www.openstreetmap.org/node/5943495285
reservations@babborestaurant.co.uk,Babbo,Westminster,Italian,https://babborestaurant.co.uk,,venue website,1,,29-31 St John's Wood High Street,NW8 7NH,https://www.openstreetmap.org/node/6535716234
media@badiani1932.com,Badiani,Westminster,Ice cream,https://www.badiani1932.com/,,venue website,1,,2 Mercer Walk,WC2H 9FA,https://www.openstreetmap.org/way/485638353
eat@bagelfactory.co.uk,Bagel Factory,Westminster,Bagels; Bakery,https://www.bagelfactory.co.uk/locations,,venue website,2,+44 20 7706 1711,175 Praed Street,W2 1RH,https://www.openstreetmap.org/node/2273789386
info@bageriet.co.uk,Bageriet,Westminster,Bakery,https://www.bageriet.co.uk/,,openstreetmap,1,+44 20 7240 0000,24 Rose Street,WC2E 9EA,https://www.openstreetmap.org/way/565171601
info@bakeandcake.co.uk,Bake & Cake,Westminster,Bakery,https://www.bakeandcake.co.uk,,openstreetmap,1,+44 20 7724 2626,350-352 Edgware Road,W2 1EA,https://www.openstreetmap.org/way/288304679
balansno60@balans.co.uk,Balans Soho Society,Westminster,Restaurant,https://www.balans.co.uk,,venue website,1,,60-62 Old Compton Street,,https://www.openstreetmap.org/node/5460436160
balansno34@balans.co.uk,Balans Soho Society Cafe,Westminster,Cafe,https://www.balans.co.uk/,balansno60@balans.co.uk,openstreetmap,1,+44 20 7439 3309,34 Old Compton Street,W1D 4UG,https://www.openstreetmap.org/node/13571511903
bath@bananatree.co.uk,Banana Tree,Westminster,Asian,https://bananatree.co.uk/restaurants/westbourne-grove/,battersea@bananatree.co.uk; birminghambullring@bananatree.co.uk; cardiff@bananatree.co.uk; chelmsford@bananatree.co.uk; coventgarden@bananatree.co.uk; greenwich@bananatree.co.uk; haywardsheath@bananatree.co.uk; henley@bananatree.co.uk; islington@bananatree.co.uk; maidavale@bananatree.co.uk; miltonkeynes@bananatree.co.uk; theo2@bananatree.co.uk; oxford@bananatree.co.uk; portsmouth@bananatree.co.uk; salford@bananatree.co.uk; soho@bananatree.co.uk; stevenage@bananatree.co.uk; westhampstead@bananatree.co.uk; windsor@bananatree.co.uk,venue website,1,,21-23 Westbourne Grove,W2 4UA,https://www.openstreetmap.org/node/3547298142
soho@bananatree.co.uk,Banana Tree,Westminster,Asian,https://bananatree.co.uk/restaurants/soho/,bath@bananatree.co.uk; battersea@bananatree.co.uk; birminghambullring@bananatree.co.uk; cardiff@bananatree.co.uk; chelmsford@bananatree.co.uk; coventgarden@bananatree.co.uk; greenwich@bananatree.co.uk; haywardsheath@bananatree.co.uk; henley@bananatree.co.uk; islington@bananatree.co.uk; maidavale@bananatree.co.uk; miltonkeynes@bananatree.co.uk; theo2@bananatree.co.uk; oxford@bananatree.co.uk; portsmouth@bananatree.co.uk; salford@bananatree.co.uk; stevenage@bananatree.co.uk; westhampstead@bananatree.co.uk; windsor@bananatree.co.uk,openstreetmap,1,+44 20 7437 1351,103-109 Wardour Street,W1F 0UG,https://www.openstreetmap.org/node/3753629930
coventgarden@bananatree.co.uk,Banana Tree,Westminster,Asian,https://bananatree.co.uk/restaurants/covent-garden/,bath@bananatree.co.uk; battersea@bananatree.co.uk; birminghambullring@bananatree.co.uk; cardiff@bananatree.co.uk; chelmsford@bananatree.co.uk; greenwich@bananatree.co.uk; haywardsheath@bananatree.co.uk; henley@bananatree.co.uk; islington@bananatree.co.uk; maidavale@bananatree.co.uk; miltonkeynes@bananatree.co.uk; theo2@bananatree.co.uk; oxford@bananatree.co.uk; portsmouth@bananatree.co.uk; salford@bananatree.co.uk; soho@bananatree.co.uk; stevenage@bananatree.co.uk; westhampstead@bananatree.co.uk; windsor@bananatree.co.uk,venue website,1,,34 Wellington Street,WC2E 7BD,https://www.openstreetmap.org/way/196657743
maidavale@bananatree.co.uk,Banana Tree,Westminster,Restaurant,https://bananatree.co.uk/restaurants/maida-vale/,bath@bananatree.co.uk; battersea@bananatree.co.uk; birminghambullring@bananatree.co.uk; cardiff@bananatree.co.uk; chelmsford@bananatree.co.uk; coventgarden@bananatree.co.uk; greenwich@bananatree.co.uk; haywardsheath@bananatree.co.uk; henley@bananatree.co.uk; islington@bananatree.co.uk; miltonkeynes@bananatree.co.uk; theo2@bananatree.co.uk; oxford@bananatree.co.uk; portsmouth@bananatree.co.uk; salford@bananatree.co.uk; soho@bananatree.co.uk; stevenage@bananatree.co.uk; westhampstead@bananatree.co.uk; windsor@bananatree.co.uk,venue website,1,,166 Randolph Avenue,,https://www.openstreetmap.org/way/708829139
host@bancone.co.uk,Bancone,Westminster,Italian,https://www.bancone.co.uk/,,venue website,2,+44 20 3034 0820,,,https://www.openstreetmap.org/node/9268802817
hello@banhmibay.co.uk,Banh Mi Bay,Westminster,Asian,https://www.banhmibay.co.uk/,,openstreetmap,1,+44 20 3609 4830,21 Rathbone Street,W1T 1NF,https://www.openstreetmap.org/node/6089646650
westminster.reservations@bankrestaurants.com,Bank Restaurant & Bar,Westminster,Restaurant,https://www.individualrestaurants.com/,enquiries@individualrestaurants.com,openstreetmap,1,+44 20 7630 6644,45 Buckingham Gate,SW1E 6BS,https://www.openstreetmap.org/node/169368767
info@baolondon.com,Bao,Westminster,Chinese,https://baolondon.com/restaurant/bao-soho/,nancy@baolondon.com,venue website,1,,53 Lexington Street,W1F 9AS,https://www.openstreetmap.org/node/13577345322
reservations@bardostjames.com,Bardo St James's,Westminster,Italian; Pizza,https://www.bardostjames.com,,venue website,1,+44 20 3828 2487,4 Suffolk Place,SW1Y 4HX,https://www.openstreetmap.org/node/10869494217
info@barrafina.co.uk,Barrafina Drury Lane,Westminster,Restaurant,https://www.barrafina.co.uk/,,openstreetmap,1,,,,https://www.openstreetmap.org/node/3815512761
marylebone@bayley-sage.co.uk,Bayley & Sage,Westminster,Deli,https://bayley-sage.co.uk/stores/marylebone/,,venue website,1,+44 207 9522 269,33-34 Marylebone High Street,W1U 4QD,https://www.openstreetmap.org/node/4839157842
admin@bbarlondon.com,Bbar,Westminster,Pub,https://www.bbarlondon.com/,,venue website,1,,43 Buckingham Palace Road,SW1W 0PP,https://www.openstreetmap.org/node/295905009
reservations@bebebob.com,Bebe Bob,Westminster,Restaurant,https://bebebob.com/,bebebob.privatediningandevents@bebebob.com,venue website,2,,37 Golden Square,,https://www.openstreetmap.org/node/12162371855
info@belgraverestaurant.com,Belgrave,Westminster,Restaurant,https://belgraverestaurant.com/,honey@belgraverestaurant.com,venue website,1,+44 20 7624 4242,1 Belgrave Gardens,,https://www.openstreetmap.org/node/6629510928
queensway55@bellaitalia.co.uk,Bella Italia,Westminster,Italian,https://www.bellaitalia.co.uk/restaurants/london/queensway-55,ashton@bellaitalia.co.uk; basildon@bellaitalia.co.uk; birmingham@bellaitalia.co.uk; blackpoolvictoriastreet@bellaitalia.co.uk; bluewater@bellaitalia.co.uk; bolton@bellaitalia.co.uk; brighton@bellaitalia.co.uk; bristolbaldwin@bellaitalia.co.uk; bristolcribbs@bellaitalia.co.uk; bristolabbeywood@bellaitalia.co.uk; bristolaspects@bellaitalia.co.uk; burton@bellaitalia.co.uk; cambridgeleisure@bellaitalia.co.uk; castleford@bellaitalia.co.uk; elveden@bellaitalia.co.uk; longleat@bellaitalia.co.uk; sherwood@bellaitalia.co.uk; whinfell@bellaitalia.co.uk; cheshireoaks@bellaitalia.co.uk; chester@bellaitalia.co.uk; coventry@bellaitalia.co.uk; cranbournst@bellaitalia.co.uk; croydon@bellaitalia.co.uk; dudley@bellaitalia.co.uk; edinburghhanover@bellaitalia.co.uk; edinburghnb@bellaitalia.co.uk; exeter@bellaitalia.co.uk; gatesheadmetro@bellaitalia.co.uk; glasgowsauchiehall@bellaitalia.co.uk; hempstead@bellaitalia.co.uk; huntingdon@bellaitalia.co.uk; inverness@bellaitalia.co.uk; irvingst@bellaitalia.co.uk; jersey@bellaitalia.co.uk; lakeside@bellaitalia.co.uk; lancaster@bellaitalia.co.uk; leedsbriggate@bellaitalia.co.uk; leedswhiterose@bellaitalia.co.uk; leicestermeridian@bellaitalia.co.uk; liverpool@bellaitalia.co.uk; mansfield@bellaitalia.co.uk; miltonkeynes@bellaitalia.co.uk; mkstadium@bellaitalia.co.uk; eldonsquare@bellaitalia.co.uk; northampton@bellaitalia.co.uk; redlionst@bellaitalia.co.uk; riverside@bellaitalia.co.uk; cornerhouse@bellaitalia.co.uk; oxford@bellaitalia.co.uk; paddington@bellaitalia.co.uk; peterborough@bellaitalia.co.uk; portsmouthgwquays@bellaitalia.co.uk; queensway108@bellaitalia.co.uk; readingoracle@bellaitalia.co.uk; salfordquays@bellaitalia.co.uk; shaftesburyave@bellaitalia.co.uk; sheffield@bellaitalia.co.uk; sheffieldstpauls@bellaitalia.co.uk; sthkensington@bellaitalia.co.uk; hanover@bellaitalia.co.uk; stmartins@bellaitalia.co.uk; stevenage@bellaitalia.co.uk; telford@bellaitalia.co.uk; strand@bellaitalia.co.uk; walsall@bellaitalia.co.uk; wellingtonst@bellaitalia.co.uk; witney@bellaitalia.co.uk; wolverhampton@bellaitalia.co.uk; york@bellaitalia.co.uk; yorkcliftonmoor@bellaitalia.co.uk,venue website,1,+44 20 7792 2880,55 Queensway,W2 4QH,https://www.openstreetmap.org/node/281426069
queensway108@bellaitalia.co.uk,Bella Italia,Westminster,Italian,https://www.bellaitalia.co.uk/restaurants/london/queensway-110,ashton@bellaitalia.co.uk; basildon@bellaitalia.co.uk; birmingham@bellaitalia.co.uk; blackpoolvictoriastreet@bellaitalia.co.uk; bluewater@bellaitalia.co.uk; bolton@bellaitalia.co.uk; brighton@bellaitalia.co.uk; bristolbaldwin@bellaitalia.co.uk; bristolcribbs@bellaitalia.co.uk; bristolabbeywood@bellaitalia.co.uk; bristolaspects@bellaitalia.co.uk; burton@bellaitalia.co.uk; cambridgeleisure@bellaitalia.co.uk; castleford@bellaitalia.co.uk; elveden@bellaitalia.co.uk; longleat@bellaitalia.co.uk; sherwood@bellaitalia.co.uk; whinfell@bellaitalia.co.uk; cheshireoaks@bellaitalia.co.uk; chester@bellaitalia.co.uk; coventry@bellaitalia.co.uk; cranbournst@bellaitalia.co.uk; croydon@bellaitalia.co.uk; dudley@bellaitalia.co.uk; edinburghhanover@bellaitalia.co.uk; edinburghnb@bellaitalia.co.uk; exeter@bellaitalia.co.uk; gatesheadmetro@bellaitalia.co.uk; glasgowsauchiehall@bellaitalia.co.uk; hempstead@bellaitalia.co.uk; huntingdon@bellaitalia.co.uk; inverness@bellaitalia.co.uk; irvingst@bellaitalia.co.uk; jersey@bellaitalia.co.uk; lakeside@bellaitalia.co.uk; lancaster@bellaitalia.co.uk; leedsbriggate@bellaitalia.co.uk; leedswhiterose@bellaitalia.co.uk; leicestermeridian@bellaitalia.co.uk; liverpool@bellaitalia.co.uk; mansfield@bellaitalia.co.uk; miltonkeynes@bellaitalia.co.uk; mkstadium@bellaitalia.co.uk; eldonsquare@bellaitalia.co.uk; northampton@bellaitalia.co.uk; redlionst@bellaitalia.co.uk; riverside@bellaitalia.co.uk; cornerhouse@bellaitalia.co.uk; oxford@bellaitalia.co.uk; paddington@bellaitalia.co.uk; peterborough@bellaitalia.co.uk; portsmouthgwquays@bellaitalia.co.uk; queensway55@bellaitalia.co.uk; readingoracle@bellaitalia.co.uk; salfordquays@bellaitalia.co.uk; shaftesburyave@bellaitalia.co.uk; sheffield@bellaitalia.co.uk; sheffieldstpauls@bellaitalia.co.uk; sthkensington@bellaitalia.co.uk; hanover@bellaitalia.co.uk; stmartins@bellaitalia.co.uk; stevenage@bellaitalia.co.uk; telford@bellaitalia.co.uk; strand@bellaitalia.co.uk; walsall@bellaitalia.co.uk; wellingtonst@bellaitalia.co.uk; witney@bellaitalia.co.uk; wolverhampton@bellaitalia.co.uk; york@bellaitalia.co.uk; yorkcliftonmoor@bellaitalia.co.uk,venue website,1,+44 20 7229 2439,108-110 Queensway,,https://www.openstreetmap.org/node/534651597
cranbournst@bellaitalia.co.uk,Bella Italia,Westminster,Italian,https://www.bellaitalia.co.uk/restaurants/london/cranbourn-street,ashton@bellaitalia.co.uk; basildon@bellaitalia.co.uk; birmingham@bellaitalia.co.uk; blackpoolvictoriastreet@bellaitalia.co.uk; bluewater@bellaitalia.co.uk; bolton@bellaitalia.co.uk; brighton@bellaitalia.co.uk; bristolbaldwin@bellaitalia.co.uk; bristolcribbs@bellaitalia.co.uk; bristolabbeywood@bellaitalia.co.uk; bristolaspects@bellaitalia.co.uk; burton@bellaitalia.co.uk; cambridgeleisure@bellaitalia.co.uk; castleford@bellaitalia.co.uk; elveden@bellaitalia.co.uk; longleat@bellaitalia.co.uk; sherwood@bellaitalia.co.uk; whinfell@bellaitalia.co.uk; cheshireoaks@bellaitalia.co.uk; chester@bellaitalia.co.uk; coventry@bellaitalia.co.uk; croydon@bellaitalia.co.uk; dudley@bellaitalia.co.uk; edinburghhanover@bellaitalia.co.uk; edinburghnb@bellaitalia.co.uk; exeter@bellaitalia.co.uk; gatesheadmetro@bellaitalia.co.uk; glasgowsauchiehall@bellaitalia.co.uk; hempstead@bellaitalia.co.uk; huntingdon@bellaitalia.co.uk; inverness@bellaitalia.co.uk; irvingst@bellaitalia.co.uk; jersey@bellaitalia.co.uk; lakeside@bellaitalia.co.uk; lancaster@bellaitalia.co.uk; leedsbriggate@bellaitalia.co.uk; leedswhiterose@bellaitalia.co.uk; leicestermeridian@bellaitalia.co.uk; liverpool@bellaitalia.co.uk; mansfield@bellaitalia.co.uk; miltonkeynes@bellaitalia.co.uk; mkstadium@bellaitalia.co.uk; eldonsquare@bellaitalia.co.uk; northampton@bellaitalia.co.uk; redlionst@bellaitalia.co.uk; riverside@bellaitalia.co.uk; cornerhouse@bellaitalia.co.uk; oxford@bellaitalia.co.uk; paddington@bellaitalia.co.uk; peterborough@bellaitalia.co.uk; portsmouthgwquays@bellaitalia.co.uk; queensway108@bellaitalia.co.uk; queensway55@bellaitalia.co.uk; readingoracle@bellaitalia.co.uk; salfordquays@bellaitalia.co.uk; shaftesburyave@bellaitalia.co.uk; sheffield@bellaitalia.co.uk; sheffieldstpauls@bellaitalia.co.uk; sthkensington@bellaitalia.co.uk; hanover@bellaitalia.co.uk; stmartins@bellaitalia.co.uk; stevenage@bellaitalia.co.uk; telford@bellaitalia.co.uk; strand@bellaitalia.co.uk; walsall@bellaitalia.co.uk; wellingtonst@bellaitalia.co.uk; witney@bellaitalia.co.uk; wolverhampton@bellaitalia.co.uk; york@bellaitalia.co.uk; yorkcliftonmoor@bellaitalia.co.uk,venue website,1,,,,https://www.openstreetmap.org/node/4736199921
strand@bellaitalia.co.uk,Bella Italia,Westminster,Italian,https://www.bellaitalia.co.uk/restaurants/london/the-strand,ashton@bellaitalia.co.uk; basildon@bellaitalia.co.uk; birmingham@bellaitalia.co.uk; blackpoolvictoriastreet@bellaitalia.co.uk; bluewater@bellaitalia.co.uk; bolton@bellaitalia.co.uk; brighton@bellaitalia.co.uk; bristolbaldwin@bellaitalia.co.uk; bristolcribbs@bellaitalia.co.uk; bristolabbeywood@bellaitalia.co.uk; bristolaspects@bellaitalia.co.uk; burton@bellaitalia.co.uk; cambridgeleisure@bellaitalia.co.uk; castleford@bellaitalia.co.uk; elveden@bellaitalia.co.uk; longleat@bellaitalia.co.uk; sherwood@bellaitalia.co.uk; whinfell@bellaitalia.co.uk; cheshireoaks@bellaitalia.co.uk; chester@bellaitalia.co.uk; coventry@bellaitalia.co.uk; cranbournst@bellaitalia.co.uk; croydon@bellaitalia.co.uk; dudley@bellaitalia.co.uk; edinburghhanover@bellaitalia.co.uk; edinburghnb@bellaitalia.co.uk; exeter@bellaitalia.co.uk; gatesheadmetro@bellaitalia.co.uk; glasgowsauchiehall@bellaitalia.co.uk; hempstead@bellaitalia.co.uk; huntingdon@bellaitalia.co.uk; inverness@bellaitalia.co.uk; irvingst@bellaitalia.co.uk; jersey@bellaitalia.co.uk; lakeside@bellaitalia.co.uk; lancaster@bellaitalia.co.uk; leedsbriggate@bellaitalia.co.uk; leedswhiterose@bellaitalia.co.uk; leicestermeridian@bellaitalia.co.uk; liverpool@bellaitalia.co.uk; mansfield@bellaitalia.co.uk; miltonkeynes@bellaitalia.co.uk; mkstadium@bellaitalia.co.uk; eldonsquare@bellaitalia.co.uk; northampton@bellaitalia.co.uk; redlionst@bellaitalia.co.uk; riverside@bellaitalia.co.uk; cornerhouse@bellaitalia.co.uk; oxford@bellaitalia.co.uk; paddington@bellaitalia.co.uk; peterborough@bellaitalia.co.uk; portsmouthgwquays@bellaitalia.co.uk; queensway108@bellaitalia.co.uk; queensway55@bellaitalia.co.uk; readingoracle@bellaitalia.co.uk; salfordquays@bellaitalia.co.uk; shaftesburyave@bellaitalia.co.uk; sheffield@bellaitalia.co.uk; sheffieldstpauls@bellaitalia.co.uk; sthkensington@bellaitalia.co.uk; hanover@bellaitalia.co.uk; stmartins@bellaitalia.co.uk; stevenage@bellaitalia.co.uk; telford@bellaitalia.co.uk; walsall@bellaitalia.co.uk; wellingtonst@bellaitalia.co.uk; witney@bellaitalia.co.uk; wolverhampton@bellaitalia.co.uk; york@bellaitalia.co.uk; yorkcliftonmoor@bellaitalia.co.uk,venue website,1,+44 20 7839 6005,65-72 Strand,WC2N 5LR,https://www.openstreetmap.org/way/72140289
wellingtonst@bellaitalia.co.uk,Bella Italia,Westminster,Italian,https://www.bellaitalia.co.uk/restaurants/london/wellington-street,ashton@bellaitalia.co.uk; basildon@bellaitalia.co.uk; birmingham@bellaitalia.co.uk; blackpoolvictoriastreet@bellaitalia.co.uk; bluewater@bellaitalia.co.uk; bolton@bellaitalia.co.uk; brighton@bellaitalia.co.uk; bristolbaldwin@bellaitalia.co.uk; bristolcribbs@bellaitalia.co.uk; bristolabbeywood@bellaitalia.co.uk; bristolaspects@bellaitalia.co.uk; burton@bellaitalia.co.uk; cambridgeleisure@bellaitalia.co.uk; castleford@bellaitalia.co.uk; elveden@bellaitalia.co.uk; longleat@bellaitalia.co.uk; sherwood@bellaitalia.co.uk; whinfell@bellaitalia.co.uk; cheshireoaks@bellaitalia.co.uk; chester@bellaitalia.co.uk; coventry@bellaitalia.co.uk; cranbournst@bellaitalia.co.uk; croydon@bellaitalia.co.uk; dudley@bellaitalia.co.uk; edinburghhanover@bellaitalia.co.uk; edinburghnb@bellaitalia.co.uk; exeter@bellaitalia.co.uk; gatesheadmetro@bellaitalia.co.uk; glasgowsauchiehall@bellaitalia.co.uk; hempstead@bellaitalia.co.uk; huntingdon@bellaitalia.co.uk; inverness@bellaitalia.co.uk; irvingst@bellaitalia.co.uk; jersey@bellaitalia.co.uk; lakeside@bellaitalia.co.uk; lancaster@bellaitalia.co.uk; leedsbriggate@bellaitalia.co.uk; leedswhiterose@bellaitalia.co.uk; leicestermeridian@bellaitalia.co.uk; liverpool@bellaitalia.co.uk; mansfield@bellaitalia.co.uk; miltonkeynes@bellaitalia.co.uk; mkstadium@bellaitalia.co.uk; eldonsquare@bellaitalia.co.uk; northampton@bellaitalia.co.uk; redlionst@bellaitalia.co.uk; riverside@bellaitalia.co.uk; cornerhouse@bellaitalia.co.uk; oxford@bellaitalia.co.uk; paddington@bellaitalia.co.uk; peterborough@bellaitalia.co.uk; portsmouthgwquays@bellaitalia.co.uk; queensway108@bellaitalia.co.uk; queensway55@bellaitalia.co.uk; readingoracle@bellaitalia.co.uk; salfordquays@bellaitalia.co.uk; shaftesburyave@bellaitalia.co.uk; sheffield@bellaitalia.co.uk; sheffieldstpauls@bellaitalia.co.uk; sthkensington@bellaitalia.co.uk; hanover@bellaitalia.co.uk; stmartins@bellaitalia.co.uk; stevenage@bellaitalia.co.uk; telford@bellaitalia.co.uk; strand@bellaitalia.co.uk; walsall@bellaitalia.co.uk; witney@bellaitalia.co.uk; wolverhampton@bellaitalia.co.uk; york@bellaitalia.co.uk; yorkcliftonmoor@bellaitalia.co.uk,venue website,1,,28 Wellington Street,WC2E 7PS,https://www.openstreetmap.org/way/99952300
paddington@bellaitalia.co.uk,Bella Italia,Westminster,Italian,https://www.bellaitalia.co.uk/restaurants/london/paddington,ashton@bellaitalia.co.uk; basildon@bellaitalia.co.uk; birmingham@bellaitalia.co.uk; blackpoolvictoriastreet@bellaitalia.co.uk; bluewater@bellaitalia.co.uk; bolton@bellaitalia.co.uk; brighton@bellaitalia.co.uk; bristolbaldwin@bellaitalia.co.uk; bristolcribbs@bellaitalia.co.uk; bristolabbeywood@bellaitalia.co.uk; bristolaspects@bellaitalia.co.uk; burton@bellaitalia.co.uk; cambridgeleisure@bellaitalia.co.uk; castleford@bellaitalia.co.uk; elveden@bellaitalia.co.uk; longleat@bellaitalia.co.uk; sherwood@bellaitalia.co.uk; whinfell@bellaitalia.co.uk; cheshireoaks@bellaitalia.co.uk; chester@bellaitalia.co.uk; coventry@bellaitalia.co.uk; cranbournst@bellaitalia.co.uk; croydon@bellaitalia.co.uk; dudley@bellaitalia.co.uk; edinburghhanover@bellaitalia.co.uk; edinburghnb@bellaitalia.co.uk; exeter@bellaitalia.co.uk; gatesheadmetro@bellaitalia.co.uk; glasgowsauchiehall@bellaitalia.co.uk; hempstead@bellaitalia.co.uk; huntingdon@bellaitalia.co.uk; inverness@bellaitalia.co.uk; irvingst@bellaitalia.co.uk; jersey@bellaitalia.co.uk; lakeside@bellaitalia.co.uk; lancaster@bellaitalia.co.uk; leedsbriggate@bellaitalia.co.uk; leedswhiterose@bellaitalia.co.uk; leicestermeridian@bellaitalia.co.uk; liverpool@bellaitalia.co.uk; mansfield@bellaitalia.co.uk; miltonkeynes@bellaitalia.co.uk; mkstadium@bellaitalia.co.uk; eldonsquare@bellaitalia.co.uk; northampton@bellaitalia.co.uk; redlionst@bellaitalia.co.uk; riverside@bellaitalia.co.uk; cornerhouse@bellaitalia.co.uk; oxford@bellaitalia.co.uk; peterborough@bellaitalia.co.uk; portsmouthgwquays@bellaitalia.co.uk; queensway108@bellaitalia.co.uk; queensway55@bellaitalia.co.uk; readingoracle@bellaitalia.co.uk; salfordquays@bellaitalia.co.uk; shaftesburyave@bellaitalia.co.uk; sheffield@bellaitalia.co.uk; sheffieldstpauls@bellaitalia.co.uk; sthkensington@bellaitalia.co.uk; hanover@bellaitalia.co.uk; stmartins@bellaitalia.co.uk; stevenage@bellaitalia.co.uk; telford@bellaitalia.co.uk; strand@bellaitalia.co.uk; walsall@bellaitalia.co.uk; wellingtonst@bellaitalia.co.uk; witney@bellaitalia.co.uk; wolverhampton@bellaitalia.co.uk; york@bellaitalia.co.uk; yorkcliftonmoor@bellaitalia.co.uk,venue website,1,,16 London Street,W2 1HL,https://www.openstreetmap.org/way/155488595
stmartins@bellaitalia.co.uk,Bella Italia,Westminster,Italian,https://www.bellaitalia.co.uk/restaurants/london/st-martins-lane,ashton@bellaitalia.co.uk; basildon@bellaitalia.co.uk; birmingham@bellaitalia.co.uk; blackpoolvictoriastreet@bellaitalia.co.uk; bluewater@bellaitalia.co.uk; bolton@bellaitalia.co.uk; brighton@bellaitalia.co.uk; bristolbaldwin@bellaitalia.co.uk; bristolcribbs@bellaitalia.co.uk; bristolabbeywood@bellaitalia.co.uk; bristolaspects@bellaitalia.co.uk; burton@bellaitalia.co.uk; cambridgeleisure@bellaitalia.co.uk; castleford@bellaitalia.co.uk; elveden@bellaitalia.co.uk; longleat@bellaitalia.co.uk; sherwood@bellaitalia.co.uk; whinfell@bellaitalia.co.uk; cheshireoaks@bellaitalia.co.uk; chester@bellaitalia.co.uk; coventry@bellaitalia.co.uk; cranbournst@bellaitalia.co.uk; croydon@bellaitalia.co.uk; dudley@bellaitalia.co.uk; edinburghhanover@bellaitalia.co.uk; edinburghnb@bellaitalia.co.uk; exeter@bellaitalia.co.uk; gatesheadmetro@bellaitalia.co.uk; glasgowsauchiehall@bellaitalia.co.uk; hempstead@bellaitalia.co.uk; huntingdon@bellaitalia.co.uk; inverness@bellaitalia.co.uk; irvingst@bellaitalia.co.uk; jersey@bellaitalia.co.uk; lakeside@bellaitalia.co.uk; lancaster@bellaitalia.co.uk; leedsbriggate@bellaitalia.co.uk; leedswhiterose@bellaitalia.co.uk; leicestermeridian@bellaitalia.co.uk; liverpool@bellaitalia.co.uk; mansfield@bellaitalia.co.uk; miltonkeynes@bellaitalia.co.uk; mkstadium@bellaitalia.co.uk; eldonsquare@bellaitalia.co.uk; northampton@bellaitalia.co.uk; redlionst@bellaitalia.co.uk; riverside@bellaitalia.co.uk; cornerhouse@bellaitalia.co.uk; oxford@bellaitalia.co.uk; paddington@bellaitalia.co.uk; peterborough@bellaitalia.co.uk; portsmouthgwquays@bellaitalia.co.uk; queensway108@bellaitalia.co.uk; queensway55@bellaitalia.co.uk; readingoracle@bellaitalia.co.uk; salfordquays@bellaitalia.co.uk; shaftesburyave@bellaitalia.co.uk; sheffield@bellaitalia.co.uk; sheffieldstpauls@bellaitalia.co.uk; sthkensington@bellaitalia.co.uk; hanover@bellaitalia.co.uk; stevenage@bellaitalia.co.uk; telford@bellaitalia.co.uk; strand@bellaitalia.co.uk; walsall@bellaitalia.co.uk; wellingtonst@bellaitalia.co.uk; witney@bellaitalia.co.uk; wolverhampton@bellaitalia.co.uk; york@bellaitalia.co.uk; yorkcliftonmoor@bellaitalia.co.uk,venue website,1,,70 St Martin's Lane,WC2N 4JS,https://www.openstreetmap.org/way/566157055
shaftesburyave@bellaitalia.co.uk,Bella Italia,Westminster,Italian,https://www.bellaitalia.co.uk/restaurants/london/shaftesbury-avenue,ashton@bellaitalia.co.uk; basildon@bellaitalia.co.uk; birmingham@bellaitalia.co.uk; blackpoolvictoriastreet@bellaitalia.co.uk; bluewater@bellaitalia.co.uk; bolton@bellaitalia.co.uk; brighton@bellaitalia.co.uk; bristolbaldwin@bellaitalia.co.uk; bristolcribbs@bellaitalia.co.uk; bristolabbeywood@bellaitalia.co.uk; bristolaspects@bellaitalia.co.uk; burton@bellaitalia.co.uk; cambridgeleisure@bellaitalia.co.uk; castleford@bellaitalia.co.uk; elveden@bellaitalia.co.uk; longleat@bellaitalia.co.uk; sherwood@bellaitalia.co.uk; whinfell@bellaitalia.co.uk; cheshireoaks@bellaitalia.co.uk; chester@bellaitalia.co.uk; coventry@bellaitalia.co.uk; cranbournst@bellaitalia.co.uk; croydon@bellaitalia.co.uk; dudley@bellaitalia.co.uk; edinburghhanover@bellaitalia.co.uk; edinburghnb@bellaitalia.co.uk; exeter@bellaitalia.co.uk; gatesheadmetro@bellaitalia.co.uk; glasgowsauchiehall@bellaitalia.co.uk; hempstead@bellaitalia.co.uk; huntingdon@bellaitalia.co.uk; inverness@bellaitalia.co.uk; irvingst@bellaitalia.co.uk; jersey@bellaitalia.co.uk; lakeside@bellaitalia.co.uk; lancaster@bellaitalia.co.uk; leedsbriggate@bellaitalia.co.uk; leedswhiterose@bellaitalia.co.uk; leicestermeridian@bellaitalia.co.uk; liverpool@bellaitalia.co.uk; mansfield@bellaitalia.co.uk; miltonkeynes@bellaitalia.co.uk; mkstadium@bellaitalia.co.uk; eldonsquare@bellaitalia.co.uk; northampton@bellaitalia.co.uk; redlionst@bellaitalia.co.uk; riverside@bellaitalia.co.uk; cornerhouse@bellaitalia.co.uk; oxford@bellaitalia.co.uk; paddington@bellaitalia.co.uk; peterborough@bellaitalia.co.uk; portsmouthgwquays@bellaitalia.co.uk; queensway108@bellaitalia.co.uk; queensway55@bellaitalia.co.uk; readingoracle@bellaitalia.co.uk; salfordquays@bellaitalia.co.uk; sheffield@bellaitalia.co.uk; sheffieldstpauls@bellaitalia.co.uk; sthkensington@bellaitalia.co.uk; hanover@bellaitalia.co.uk; stmartins@bellaitalia.co.uk; stevenage@bellaitalia.co.uk; telford@bellaitalia.co.uk; strand@bellaitalia.co.uk; walsall@bellaitalia.co.uk; wellingtonst@bellaitalia.co.uk; witney@bellaitalia.co.uk; wolverhampton@bellaitalia.co.uk; york@bellaitalia.co.uk; yorkcliftonmoor@bellaitalia.co.uk,venue website,1,,61-63 Shaftesbury Avenue,W1D 6LQ,https://www.openstreetmap.org/way/993516047
irvingst@bellaitalia.co.uk,Bella Italia,Westminster,Italian,https://www.bellaitalia.co.uk/restaurants/london/irving-street,ashton@bellaitalia.co.uk; basildon@bellaitalia.co.uk; birmingham@bellaitalia.co.uk; blackpoolvictoriastreet@bellaitalia.co.uk; bluewater@bellaitalia.co.uk; bolton@bellaitalia.co.uk; brighton@bellaitalia.co.uk; bristolbaldwin@bellaitalia.co.uk; bristolcribbs@bellaitalia.co.uk; bristolabbeywood@bellaitalia.co.uk; bristolaspects@bellaitalia.co.uk; burton@bellaitalia.co.uk; cambridgeleisure@bellaitalia.co.uk; castleford@bellaitalia.co.uk; elveden@bellaitalia.co.uk; longleat@bellaitalia.co.uk; sherwood@bellaitalia.co.uk; whinfell@bellaitalia.co.uk; cheshireoaks@bellaitalia.co.uk; chester@bellaitalia.co.uk; coventry@bellaitalia.co.uk; cranbournst@bellaitalia.co.uk; croydon@bellaitalia.co.uk; dudley@bellaitalia.co.uk; edinburghhanover@bellaitalia.co.uk; edinburghnb@bellaitalia.co.uk; exeter@bellaitalia.co.uk; gatesheadmetro@bellaitalia.co.uk; glasgowsauchiehall@bellaitalia.co.uk; hempstead@bellaitalia.co.uk; huntingdon@bellaitalia.co.uk; inverness@bellaitalia.co.uk; jersey@bellaitalia.co.uk; lakeside@bellaitalia.co.uk; lancaster@bellaitalia.co.uk; leedsbriggate@bellaitalia.co.uk; leedswhiterose@bellaitalia.co.uk; leicestermeridian@bellaitalia.co.uk; liverpool@bellaitalia.co.uk; mansfield@bellaitalia.co.uk; miltonkeynes@bellaitalia.co.uk; mkstadium@bellaitalia.co.uk; eldonsquare@bellaitalia.co.uk; northampton@bellaitalia.co.uk; redlionst@bellaitalia.co.uk; riverside@bellaitalia.co.uk; cornerhouse@bellaitalia.co.uk; oxford@bellaitalia.co.uk; paddington@bellaitalia.co.uk; peterborough@bellaitalia.co.uk; portsmouthgwquays@bellaitalia.co.uk; queensway108@bellaitalia.co.uk; queensway55@bellaitalia.co.uk; readingoracle@bellaitalia.co.uk; salfordquays@bellaitalia.co.uk; shaftesburyave@bellaitalia.co.uk; sheffield@bellaitalia.co.uk; sheffieldstpauls@bellaitalia.co.uk; sthkensington@bellaitalia.co.uk; hanover@bellaitalia.co.uk; stmartins@bellaitalia.co.uk; stevenage@bellaitalia.co.uk; telford@bellaitalia.co.uk; strand@bellaitalia.co.uk; walsall@bellaitalia.co.uk; wellingtonst@bellaitalia.co.uk; witney@bellaitalia.co.uk; wolverhampton@bellaitalia.co.uk; york@bellaitalia.co.uk; yorkcliftonmoor@bellaitalia.co.uk,venue website,1,,10 Irving Street,WC2H 7AT,https://www.openstreetmap.org/way/995954604
reservations@bentleys.org,Bentley's,Westminster,Seafood,https://www.bentleys.org/,,venue website,1,,,W1B 4DG,https://www.openstreetmap.org/way/290306916
orders@benugo.com,Benugo,Westminster,Cafe,https://www.benugo.com/,,venue website,1,,,,https://www.openstreetmap.org/way/340427500
info@letsgotobibis.co.uk,Bibi's,Westminster,Cafe,https://letsgotobibis.co.uk/,,venue website,2,,14/14A Golden Square,W1F 9JG,https://www.openstreetmap.org/node/594876703
biryaniguys@outlook.com,Biryani Guys,Westminster,Indian,https://biryaniguys.co.uk,,venue website,1,+447923373248,49 Bedford Street,WC2E 9HA,https://www.openstreetmap.org/node/13058863701
b1@bistro1.co.uk,Bistro1,Westminster,French,https://www.bistro1.co.uk/,,venue website,1,,27 Frith Street,W1D 5LE,https://www.openstreetmap.org/node/13968960250
l.blakey@blacksheepcoffee.co.uk,Black Sheep Coffee,Westminster,Breakfast,https://blacksheepcoffee.co.uk/blogs/locations/strand,press@blacksheepcoffee.co.uk,venue website,5,,425,WC2R 0QE,https://www.openstreetmap.org/node/2536636334
reservations@theblacklock.com,Blacklock,Westminster,Steak,https://theblacklock.com/,hello@theblacklock.com,openstreetmap,1,,24 Great Windmill Street,W1D 7LG,https://www.openstreetmap.org/node/4302224814
hello@theblacklock.com,Blacklock Chop House,Westminster,Burger; Steak,https://theblacklock.com/,,venue website,1,+44 20 3034 1394,16a Bedford Street,WC2E 9HE,https://www.openstreetmap.org/node/10589926005
partnerships@blankstreet.com,Blank Street Coffee,Westminster,Breakfast,https://www.blankstreet.com/,press@blankstreet.com,venue website,2,,159 Praed Street,W2 1RL,https://www.openstreetmap.org/node/6899653216
hello@bleecker.co.uk,Bleecker,Westminster,Burger; Halal,https://www.bleecker.co.uk/locations/baker-street/,,openstreetmap,1,,195 Baker Street,NW1 6UY,https://www.openstreetmap.org/node/6424675171
liam@bleecker.co.uk,Bleecker,Westminster,Burger,https://bleeckerburger.co.uk/,,openstreetmap,1,,205 Victoria Street,SW1E 5NE,https://www.openstreetmap.org/way/140334140
reservations@blueboarlondon.com,Blue Boar,Westminster,Steak,https://blueboarlondon.com/,,venue website,1,,41-47 Tothill Street,,https://www.openstreetmap.org/way/674563178
info@boccadilupo.com,Bocca Di Lupo,Westminster,Italian,https://www.boccadilupo.com/,,venue website,1,,12 Archer Street,,https://www.openstreetmap.org/way/570606952
reservations@bocconcinorestaurant.co.uk,Bocconcino Mayfair,Westminster,Italian,https://bocconcinorestaurant.co.uk/mayfair,,openstreetmap,1,+44 20 7499 4510,Berkeley Street,W1J 8ED,https://www.openstreetmap.org/node/12644933201
info@bombaybustle.com,Bombay Bustle,Westminster,Indian,https://www.bombaybustle.com/,,venue website,1,+44 20 7290 4470,29 Maddox Street,,https://www.openstreetmap.org/node/5636440979
info@bombay-palace.co.uk,Bombay Palace,Westminster,Indian,https://www.bombay-palace.co.uk/,,venue website,1,+44 20 7723 8855,50 Connaught Street,W2 2AA,https://www.openstreetmap.org/node/5046858993
hello@bonedaddies.com,Bone Daddies,Westminster,Asian; Japanese,https://bonedaddies.com/location/leicester-square/,enquiries@bonedaddies.com; communications@bonedaddies.com; people@bonedaddies.com; leicestersq@bonedaddies.com,venue website,1,,35 Cranbourn Street,WC2H 7AD,https://www.openstreetmap.org/node/12712976283
shackfuyu@bonedaddies.com,Bone Daddies,Westminster,Asian; Japanese,https://www.bonedaddies.com/restaurant/shackfuyu/,,venue website,1,+44 20 7734 7492,14a Old Compton Street,W1D 4TH,https://www.openstreetmap.org/way/157771346
hello@bonnebouche.co.uk,Bonne Bouche,Westminster,Bakery,https://www.bonnebouche.co.uk/,ian@bonnebouche.co.uk; bonnebouchemarketing@gmail.com,venue website,2,,131 Praed Street,W2 1RL,https://www.openstreetmap.org/way/155494889
info@botwa.co.uk,Botwa restaurant Notting Hill,Westminster,Asian,https://botwa.co.uk/,,openstreetmap,1,+447709190000,115 Westbourne Grove,W2 4UP,https://www.openstreetmap.org/node/13005551001
reservations@brasseriezedel.com,Brasserie Zedel,Westminster,French,https://www.brasseriezedel.com/brasserie-zedel,,venue website,1,+44 20 7734 4888,20 Sherwood Street,W1F 7ED,https://www.openstreetmap.org/node/2905800601
bakingtogether@breadahead.com,Bread Ahead,Westminster,Bakery,https://www.breadahead.com/,,venue website,1,,21 Beak Street,W1F 9RP,https://www.openstreetmap.org/node/5507577921
bookings@brewdog.com,Brewdog Paddington,Westminster,Pub,https://drink.brewdog.com/uk/paddington,hello@brewdog.com,venue website,1,,Unit 1 West End Quay,W2 1JX,https://www.openstreetmap.org/node/2492718707
info@briciole.co.uk,Briciole,Westminster,Italian,https://briciole.co.uk/,,venue website,1,,20 Homer Street,,https://www.openstreetmap.org/node/2506478282
info@bubblewrapwaffle.com,Bubblewrap Waffle,Westminster,Ice cream,https://www.bubblewrapwaffle.com/,,venue website,1,,24 Wardour Street,W1D 6QJ,https://www.openstreetmap.org/node/4846261123
chinatown@bun.house,Bun House,Westminster,Asian; Chinese,https://bun.house/,disco@bun.house,venue website,1,,26-27 Lisle Street,WC2H 7BA,https://www.openstreetmap.org/way/995869079
soho@burgerandbeyond.co.uk,Burger & Beyond,Westminster,Burger,https://www.burgerandbeyond.co.uk/,borough@burgerandbeyond.co.uk; shoreditch@burgerandbeyond.co.uk; brighton@burgerandbeyond.co.uk; marketing@burgerandbeyond.co.uk,openstreetmap,1,,10 Old Compton Street,W1D 4TH,https://www.openstreetmap.org/way/157771413
events@burgerandlobster.com,Burger & Lobster,Westminster,Burger; Seafood,https://www.burgerandlobster.com/,,venue website,4,+44 20 7409 1699,29 Clarges Street,W1J 7EF,https://www.openstreetmap.org/node/2251078681
bond.street@burgerandlobster.com,Burger & Lobster,Westminster,Burger; Seafood,https://www.burgerandlobster.com,events@burgerandlobster.com,openstreetmap,1,+44 20 7495 8514,26 Binney Street,W1K 5BN,https://www.openstreetmap.org/node/4828959852
info@byronhamburgers.com,Byron,Westminster,Burger,https://www.byronhamburgers.com,,venue website,1,,33-35 Wellington Street,WC2E 7BN,https://www.openstreetmap.org/node/351771443
info@berut.co.uk,Bĕrūt Bistro,Westminster,French,https://www.berut.co.uk/,,openstreetmap,1,+44 20 3457 6243,32 Paddington Street,W1U 4HE,https://www.openstreetmap.org/node/6339009273
cafelaville.fr@gmail.com,Cafe Laville,Westminster,Restaurant,https://www.cafelaville.co.uk,,venue website,1,+44 20 7706 2620,453 Edgware Road,W2 1TH,https://www.openstreetmap.org/way/1089919603
marylebone@cafemurano.co.uk,Cafe Murano,Westminster,Italian,https://www.cafemurano.co.uk/restaurants/marylebone/,,openstreetmap,1,+44 20 3848 9428,52-55 Dorset Street,W1U 7NQ,https://www.openstreetmap.org/node/6326648144
info@cafe-pacifico.com,Cafe Pacifico,Westminster,Mexican,https://www.cafe-pacifico.com,,openstreetmap,1,,5 Langley Street,WC2H 9JA,https://www.openstreetmap.org/node/659039058
info@spreadscafedeli.co.uk,Cafe Spreads,Westminster,Cafe,,,openstreetmap,1,+44 20 7976 1630,15A Pall Mall,SW1Y 5LU,https://www.openstreetmap.org/node/4099966085
cafevictorialtd@gmail.com,Cafe Victoria,Westminster,Cafe,,,openstreetmap,1,+44 20 7828 2168,8A Artillery Row,SW1P 1RZ,https://www.openstreetmap.org/node/8940798146
soho@cafevins.com,Cafe Vins,Westminster,Cafe,https://www.cafevins.com/,,venue website,1,,1 Marlborough Court,W1F 7RU,https://www.openstreetmap.org/way/272299395
office@caldesi.com,Caffe Caldesi,Westminster,Italian,https://www.caldesi.com/,lacucina@caldesi.com,venue website,1,+44 20 7487 0753,118 Marylebone Lane,W1U 2QF,https://www.openstreetmap.org/way/249219836
trafalgersquare@caffeconcerto.co.uk,Caffe Concerto,Westminster,Cafe,https://www.caffeconcerto.co.uk/,,openstreetmap,1,+44 20 7494 6851,4-5 Northumberland Avenue,WC2N 5BW,https://www.openstreetmap.org/way/550944275
caffeinmayfair@gmail.com,Caffe In,Westminster,Cafe,,,openstreetmap,1,+44 20 7493 6400,3 Shepherd Street,,https://www.openstreetmap.org/node/5938937293
hello@cafeciel.co.uk,Café Ciel,Westminster,Cafe,https://cafeciel.co.uk/,,venue website,1,,7 Horse Guards Avenue,SW1A 2EU,https://www.openstreetmap.org/way/1457455332
info@cafedenata.com,Café de Nata,Westminster,Bakery,https://www.cafedenata.com/,,venue website,1,,25 Old Compton Street,W1D 5JN,https://www.openstreetmap.org/way/1072571806
reservations@caravanrestaurants.co.uk,Caravan,Westminster,Breakfast,https://caravanrestaurants.co.uk/fitzrovia.php,,venue website,1,,,,https://www.openstreetmap.org/node/9730262231
hello@carltontavern.co.uk,Carlton Tavern,Westminster,Pub,https://carltontavern.co.uk/,,openstreetmap,1,+44 20 7625 4760,33 Carlton Vale,NW6 5EU,https://www.openstreetmap.org/way/112528246
info@carousel-london.com,Carousel,Westminster,Restaurant,https://carousel-london.com/,,openstreetmap,1,+44 20 7487 5564,19-23 Charlotte Street,W1T 1RL,https://www.openstreetmap.org/way/226909126
bookings@casamalevo.com,Casa Malevo,Westminster,Restaurant,https://casamalevo.com/,,venue website,1,+44 20 7402 1988,23 Connaught Street,,https://www.openstreetmap.org/node/6953176713
reservations@caskpubandkitchen.com,Cask,Westminster,Burger; Pub,https://www.caskpubandkitchen.com/,martin@caskpubandkitchen.com; peter@caskpubandkitchen.com; james@caskpubandkitchen.com; ben@caskpubandkitchen.com; freya@caskpubandkitchen.com,venue website,1,,6 Charlwood Street,SW1V 2EE,https://www.openstreetmap.org/node/271387709
info@caxtongrill.co.uk,Caxton Grill,Westminster,Restaurant,https://www.caxtongrill.co.uk/,,venue website,1,+44 800 6521498,2 Caxton Street,SW1H 0QW,https://www.openstreetmap.org/node/2507612246
reservations@centanninw8.co.uk,Cent Anni,Westminster,Restaurant,https://www.centanni.co.uk/st-johns-wood,,openstreetmap,1,+44 20 7625 1222,21 Loudoun Road,NW8 0NB,https://www.openstreetmap.org/way/365916815
kensington@chakra.restaurant,Chakra Little Venice,Westminster,Indian,https://www.chakra.restaurant/,,venue website,1,+44 20 3149 9697,14 Formosa Street,W9 1EE,https://www.openstreetmap.org/node/6699678255
chequers@xln.co.uk,Chequers Sandwich Bar,Westminster,Deli,,,openstreetmap,1,+44 20 7836 6000,47 Bedford Street,WC2E 9HA,https://www.openstreetmap.org/way/558576332
hello@chestnutbakery.com,Chestnut Bakery,Westminster,Bakery,https://www.chestnutbakery.com/,joinus@chestnutbakery.com,venue website,2,,162 Piccadilly,W1J 9ED,https://www.openstreetmap.org/way/290150381
coventgarden@chezantoinette.co.uk,Chez Antoinette,Westminster,French,https://www.chezantoinette.co.uk/,bonjour@chezantoinette.co.uk,venue website,1,+44 20 7240 9072,Covent Garden Piazza,,https://www.openstreetmap.org/node/4191784997
info@chickencottage.com,Chicken Cottage,Westminster,Takeaway,https://chickencottage.com/chicken-cottage-paddington-praed-street/,,venue website,1,,135 Praed Street,W2 1RL,https://www.openstreetmap.org/way/155494892
hello@chickenshop.com,Chicken Shop,Westminster,Halal,https://chickenshop.com/,,venue website,1,+44 7983 358020,187 Wardour Street,,https://www.openstreetmap.org/way/159483961
hello@thedelis.co.uk,Chiltern Street Deli,Westminster,Deli,https://www.thedelis.co.uk,,openstreetmap,1,,27 Chiltern Street,W1U 7PJ,https://www.openstreetmap.org/node/2434611708
info@speak.co.uk,Chin Chin Dessert Club,Westminster,Ice cream,https://www.speak.co.uk/,jasmine.chambers@speak.co.uk,venue website,1,,54 Greek Street,W1D 3DS,https://www.openstreetmap.org/node/13571511982
knightsbridge@chisourestaurant.com,Chisou Sushi & Izakaya,Westminster,Asian; Japanese; Sushi,https://chisourestaurant.com/,mayfair@chisourestaurant.com,venue website,1,+44 20 7629 3931,22-23 Woodstock Street,,https://www.openstreetmap.org/way/338388743
reservations@christophersgrill.com,Christopher's,Westminster,American,https://www.christophersgrill.com/,,venue website,1,,18 Wellington Street,WC2E 7DD,https://www.openstreetmap.org/way/196657752
info@chucsrestaurants.com,Chucs,Westminster,Restaurant,https://www.chucsrestaurants.com/restaurant/chucs-belgravia/,,venue website,2,+44 20 3827 3000,18A Ebury Street,SW1W 0LS,https://www.openstreetmap.org/way/545713358
hello@cinderrestaurant.co.uk,Cinder,Westminster,Restaurant,https://www.cinderrestaurant.co.uk/,,venue website,1,+44 20 36678500,5 St John's Wood High Street,NW8 7NG,https://www.openstreetmap.org/node/6535716224
info@clipstonerestaurant.co.uk,Clipstone,Westminster,Restaurant,https://clipstonerestaurant.co.uk/,,openstreetmap,1,+44 20 7637 0871,5 Clipstone Street,W1W 6BB,https://www.openstreetmap.org/node/4696258590
enquiries@closmaggiore.com,Clos Maggiore,Westminster,Italian,https://www.closmaggiore.com/,events@closmaggiore.com; bespokeevents@closmaggiore.com,venue website,1,+44 20 7379 9696,33 King Street,WC2E 8JD,https://www.openstreetmap.org/node/972954121
7174@greeneking.co.uk,Coach and Horses,Westminster,Pub,https://www.greeneking-pubs.co.uk/pubs/greater-london/coach-horses-mayfair,,venue website,1,,5 Bruton Street,W1J 6PT,https://www.openstreetmap.org/way/338696812
info@ichibanya.uk,CoCo Ichibanya,Westminster,Asian; Indian; Japanese,https://ichibanya.uk/,,venue website,1,,39 James Street,W1U 1EB,https://www.openstreetmap.org/node/3730599391
hello@mycocotte.uk,Cocotte,Westminster,Restaurant,https://www.mycocotte.uk/,,venue website,1,+44 20 3220 0076,95 Westbourne Grove,W2 4UW,https://www.openstreetmap.org/node/610923040
info@coffeeisland.co.uk,Coffee Island,Westminster,Breakfast,https://www.coffeeisland.co.uk/,customers@coffeeisland.co.uk,venue website,2,+44 20 7836 3007,5 Upper St Martin's Lane,,https://www.openstreetmap.org/node/4837173722
colbehlondon@gmail.com,Colbeh,Westminster,Restaurant,https://www.colbeh.co.uk/,,venue website,1,+44 20 7706 4888,6 Porchester Place,W2 2BS,https://www.openstreetmap.org/node/647512849
info@commonbreads.com,Common Breads,Westminster,Cafe,https://www.commonbreads.com/,catering@commonbreads.com,venue website,1,,,,https://www.openstreetmap.org/node/13084910787
reservations@crockersfolly.com,Crocker's Folly,Westminster,Restaurant,https://www.crockersfolly.com/,,openstreetmap,1,+44 20 7289 9898,24 Aberdeen Place,NW8 8JR,https://www.openstreetmap.org/way/364962956
hello@cromelondon.com,Crome London,Westminster,Breakfast,https://www.cromelondon.com/,alexandria@cromelondon.com,venue website,1,,36 James Street,W1U 1ES,https://www.openstreetmap.org/way/217979777
contact@cuppluslid.com,Cup+Lid,Westminster,Cafe,https://www.cuppluslid.com/,,venue website,1,,10 Gee's Court,,https://www.openstreetmap.org/way/217841714
info@caytrerestaurant.co.uk,Cây Tre,Westminster,Asian,https://www.caytrerestaurant.co.uk/locations/soho,,venue website,1,+44 20 7317 9118,42-43 Dean Street,W1D 4QA,https://www.openstreetmap.org/node/13571511912
info@the-berkeley.co.uk,Cédric Grolet at The Berkeley,Westminster,Bakery,https://www.the-berkeley.co.uk/restaurants-bars/cedric-grolet-at-the-berkeley/?utm_source=google&utm_medium=organic&utm_campaign=local_gmb,cgenquiries@the-berkeley.co.uk; cedricgrolet@the-berkeley.co.uk,venue website,1,,,,https://www.openstreetmap.org/node/10091714836
stmartinslane@cote.co.uk,Côte Brasserie,Westminster,French,https://www.cote.co.uk/restaurant/st-martins-lane/,,venue website,1,+44 20 7379 9747,50-51 St Martin's Lane,WC2N 4EA,https://www.openstreetmap.org/way/160683909
info@d1coffee.co.uk,D1 Coffee,Westminster,Cafe,https://d1coffee.co.uk,,openstreetmap,1,,1d Aberdeen Place,,https://www.openstreetmap.org/node/4488489852
reservations@darjeeling-express.com,Darjeeling Express,Westminster,Indian,https://www.darjeeling-express.com/,info@darjeeling-express.com,openstreetmap,1,+44 20 33753772,Kingly Court,W1B 5PW,https://www.openstreetmap.org/node/10735133507
info@davy.co.uk,Davy's,Westminster,Pub,https://www.davy.co.uk/,,venue website,1,+44 20 7839 8831,Crown Passage,SW1Y 6QY,https://www.openstreetmap.org/node/675808547
info@deltapizza.net,Delta Pizza,Westminster,Pizza,https://deltapizza.co.uk,,openstreetmap,1,+44 20 7724 8090,123 Boscobel Street,NW8 8PS,https://www.openstreetmap.org/way/360387974
shop@departmentofcoffee.com,Department of Coffee and Social Affairs,Westminster,Cafe,https://www.departmentofcoffee.com/,,venue website,1,,3 Lowndes Court,W1F 7HD,https://www.openstreetmap.org/way/272299415
info@thedevonshirepub.co.uk,Devonshire Arms,Westminster,Pub,https://thedevonshirepub.co.uk/,,venue website,1,,7 Duke Street,W1U 3EE,https://www.openstreetmap.org/way/110479652
info@dhaba49.com,Dhaba@49,Westminster,Indian,https://dhaba49.com/,,venue website,1,+44 20 3489 2424,49 Chippenham Road,W9 2AH,https://www.openstreetmap.org/node/2639537232
reservations@dinings.co.uk,Dinings,Westminster,Asian; Japanese,https://dinings.co.uk/,info@dinings.co.uk,venue website,1,,22 Harcourt Street,,https://www.openstreetmap.org/node/371188295
info@dirty-bones.com,Dirty Bones,Westminster,BBQ,https://dirty-bones.com/,,venue website,2,+44 20 7920 6434,Kingly Court,W1B 5PW,https://www.openstreetmap.org/node/4668146655
info@diwanrestaurant.co.uk,Diwan,Westminster,Restaurant,https://diwanrestaurant.co.uk/,,venue website,1,,31 Thayer Street,,https://www.openstreetmap.org/way/350328152
reservations@donpepe.co.uk,Don Pepe,Westminster,Spanish,https://www.donpepe.co.uk/,,venue website,1,+44 20 7262 3834,99 Frampton Street,,https://www.openstreetmap.org/node/6497046109
info@doniarestaurant.com,Donia,Westminster,Asian,https://www.doniarestaurant.com/,,venue website,1,,2.14 Kingly Court,W1B 5PW,https://www.openstreetmap.org/node/12593321501
squad@donutelier.co.uk,Donutelier,Westminster,Donuts,https://donutelier.co.uk/,,venue website,1,,48-50 Charing Cross Road,WC2H 0BB,https://www.openstreetmap.org/node/4821896129
info@drunch.co.uk,Drunch,Westminster,Restaurant,https://www.drunch.co.uk/oxford-circus,,venue website,2,+447519282898,71 Great Titchfield Street,W1W 6RB,https://www.openstreetmap.org/way/40835928
restaurant@ducksoupsoho.co.uk,Ducksoup,Westminster,Asian,https://www.ducksoupsoho.co.uk/,,venue website,1,+44 20 7287 4599,41 Dean Street,W1D 4PY,https://www.openstreetmap.org/node/13571511911
info@thedukeofargyll.co.uk,Duke of Argyll,Westminster,Pub,https://thedukeofargyll.co.uk/,contact-info@thedukeofargyll.co.uk,venue website,1,+44 20 7437 6819,37 Brewer Street,W1F 0RY,https://www.openstreetmap.org/node/12988179262
thedukew1@hotmail.co.uk,Duke of Wellington,Westminster,Pub,https://www.dukeofwellingtonsoho.co.uk/london,,openstreetmap,1,+44 20 7439 1274,77 Wardour Street,W1D 6QA,https://www.openstreetmap.org/way/157779556
7184@greeneking.co.uk,Duke of York,Westminster,Pub,https://www.greeneking-pubs.co.uk/pubs/greater-london/duke-of-york,,venue website,1,+44 20 7629 0319,8 Dering Street,,https://www.openstreetmap.org/way/249211263
enquiries.ekstedt@greatscotlandyard.com,Ekstedt at The Yard,Westminster,Restaurant,https://www.ekstedtattheyard.com/,,openstreetmap,1,+44 20 7925 4749,3-5 Great Scotland Yard,SW1A 2HN,https://www.openstreetmap.org/node/12241232962
dine@elpirata.co.uk,El Pirata,Westminster,Spanish,https://www.elpirata.co.uk/,,venue website,1,,5 Down Street,W1J 7AQ,https://www.openstreetmap.org/node/2581331174
info@theelgin.com,Elgin,Westminster,Pub,https://www.theelgin.com/,events@theelgin.com,openstreetmap,1,+44 20 7625 5511,255 Elgin Avenue,W9 1NJ,https://www.openstreetmap.org/way/360905405
info@engawa.london,Engawa,Westminster,Asian; Japanese,https://www.engawa.london/,,venue website,1,+44 20 7287 5724,,,https://www.openstreetmap.org/node/3552157993
belsizepark@euphorium.uk.com,Euphorium,Westminster,Cafe,https://euphorium.uk.com/,hampsteadheath@euphorium.uk.com; highbury@euphorium.uk.com,venue website,1,+44 20 3637 8386,23 Barrett Street,W1U 1BF,https://www.openstreetmap.org/way/107039267
info@fallowrestaurant.com,Fallow,Westminster,Restaurant,https://fallowrestaurant.com/,,venue website,1,+44 20 8017 1788,52 Haymarket,SW1Y 4RP,https://www.openstreetmap.org/node/11049433805
hello@farmacylondon.com,Farmacy,Westminster,Restaurant,https://www.farmacylondon.com/,,venue website,1,,74 Westbourne Grove,W2 5SH,https://www.openstreetmap.org/node/535956143
soho@fathippo.co.uk,Fat Hippo Soho,Westminster,Burger,https://fathippo.co.uk/locations/soho/,birmingham@fathippo.co.uk; cardiff@fathippo.co.uk; durham@fathippo.co.uk; edinburgh@fathippo.co.uk; glasgow@fathippo.co.uk; headingley@fathippo.co.uk; leeds@fathippo.co.uk; liverpool@fathippo.co.uk; newcastle@fathippo.co.uk; jesmond@fathippo.co.uk; nottingham@fathippo.co.uk; york@fathippo.co.uk,openstreetmap,1,+442080502896,68-70 Wardour Street,W1F 0TB,https://www.openstreetmap.org/node/11786344696
info@festok.london,Festok,Westminster,Ice cream,https://www.festok.london/,,venue website,1,,14A St. Christopher's Place,W1U 1NH,https://www.openstreetmap.org/way/664789308
bookings@feya.co.uk,Feya cafe,Westminster,Cafe,https://www.feya.co.uk/,info@feya.co.uk; events@feya.co.uk; sporadic@feya.co.uk; pr@feya.co.uk,venue website,1,,23 James Street,,https://www.openstreetmap.org/node/5943462689
hello.firebirdlondon@gmail.com,Firebird,Westminster,Restaurant,https://firebirdlondon.co.uk,hello@firebirdlondon.co.uk,openstreetmap,1,+44 7713 737813,29 Poland Street,W1F 8QR,https://www.openstreetmap.org/way/475721710
enquires@firecracker.uk.com,Firecracker,Westminster,Asian,https://www.firecracker.uk.com/,,venue website,1,+44 20 7222 4680,44 Horseferry Road,SW1P 2AF,https://www.openstreetmap.org/node/2791243229
reservations@fischers.co.uk,Fischer's,Westminster,Restaurant,https://www.fischers.co.uk/,,venue website,1,+44 20 7466 5501,50 Marylebone High Street,W1U 5HN,https://www.openstreetmap.org/node/4690917091
coventgarden@fishworks.co.uk,Fish Works,Westminster,Seafood,https://www.fishworks.co.uk/,,venue website,2,+44 20 7240 4999,2-4 Catherine Street,WC2B 5JS,https://www.openstreetmap.org/way/81071477
sustainability@flatironsteak.co.uk,Flat Iron,Westminster,Steak,https://flatironsteak.co.uk/restaurant/marylebone/,,venue website,5,,42-44 James Street,W1U 1EY,https://www.openstreetmap.org/node/12927926966
flatwhiteberwick@gmail.com,Flat White,Westminster,Breakfast,https://www.flatwhitesoho.co.uk/,,venue website,1,+44 20 7734 0370,17 Berwick Street,W1F 0PT,https://www.openstreetmap.org/way/156620024
paddington@flavorsofindia.co.uk,Flavors Of India,Westminster,Indian,https://www.flavorsofindia.co.uk/,hounslow@flavorsofindia.co.uk,venue website,1,,46 Gloucester Terrace,,https://www.openstreetmap.org/way/344137356
info@flocafe.gr,Flocafe,Westminster,Cafe,https://www.flocafe.gr/en/,,venue website,1,,40 South Molton Street,,https://www.openstreetmap.org/node/5776254460
reservations@foleysrestaurant.co.uk,Foley's,Westminster,Restaurant,https://foleysrestaurant.co.uk/,,venue website,1,,23 Foley Street,,https://www.openstreetmap.org/node/6172166086
roastery@formative.coffee,Formative Coffee,Westminster,Cafe,https://formative.coffee/,,venue website,1,,4 Butler Place,SW1H 0RH,https://www.openstreetmap.org/way/677885020
info@fortydeanstreet.com,Forty Dean Street,Westminster,Italian,https://www.fortydeanstreet.com/,,venue website,1,+44 20 7734 1853,40 Dean Street,W1D 4PX,https://www.openstreetmap.org/node/13571511909
info@fs-restaurants.co.uk,Four Seasons,Westminster,Asian; Chinese,https://www.fs-restaurants.co.uk/,,venue website,4,+44 20 7229 4320,84 Queensway,W2 3RL,https://www.openstreetmap.org/node/534670197
info@fowlrestaurant.com,FOWL,Westminster,Restaurant,https://fowlrestaurant.com/,,venue website,1,,3 Norris Street,SW1Y 4RJ,https://www.openstreetmap.org/node/4888948829
info@freejswalieh.com,Freej Swalieh,Westminster,Restaurant,https://www.freejswalieh.com/,,venue website,1,,86 Brompton Road,SW3 1ER,https://www.openstreetmap.org/node/3357928868
frenchhousereservations@gmail.com,French House,Westminster,French; Pub,https://www.frenchhousesoho.com/,enquiries@frenchhousesoho.com,openstreetmap,1,,49 Dean Street,W1D 5BG,https://www.openstreetmap.org/way/280985110
reservations@frenchiecoventgarden.com,Frenchie Covent Garden,Westminster,French,https://frenchiecoventgarden.com/,,openstreetmap,1,+44 20 7836 4422,16 Henrietta Street,WC2E 8QH,https://www.openstreetmap.org/node/969138215
info@frogbyadamhandling.com,Frog by Adam Handling,Westminster,Restaurant,https://www.frogbyadamhandling.com/,,openstreetmap,1,+44 20 7199 8370,34-38 Southampton Street,WC2E 7HG,https://www.openstreetmap.org/node/5943507485
enquiries@fuwafuwa.co.uk,Fuwa Fuwa Cafe,Westminster,Asian; Breakfast; Japanese,https://www.fuwafuwa.co.uk/,work@fuwafuwa.co.uk; franchise@fuwafuwa.co.uk,venue website,1,,57a Dean Street,W1D 6AJ,https://www.openstreetmap.org/node/13927689501
reservations@galvinatwindows.com,Galvin at Windows,Westminster,French,https://www.galvinatwindows.com/,,openstreetmap,1,+44 20 7208 4021,22 Park Lane,W1K 1BE,https://www.openstreetmap.org/node/5970915399
info@gauchorestaurants.com,Gaucho,Westminster,Restaurant,https://www.gauchorestaurants.com/restaurants/chancery-lane/,enquiries@gauchorestaurants.com,venue website,1,,,,https://www.openstreetmap.org/node/4757924037
press@gdk.com,German Doner Kebab,Westminster,Takeaway,https://www.germandonerkebab.com,,venue website,1,,68-69 St Martin's Lane,WC2N 4JS,https://www.openstreetmap.org/node/600928930
privatedining@goodmanrestaurants.com,Goodman,Westminster,Steak,https://www.goodmanrestaurants.com/,,venue website,1,+44 20 7499 3776,26 Maddox Street,,https://www.openstreetmap.org/node/271949508
whitehall@caffeconcerto.co.uk,Grand Caffe Concerto,Westminster,Restaurant,https://www.caffeconcerto.co.uk/,,openstreetmap,1,+44 20 7494 6846,43 Whitehall,SW1A 2BX,https://www.openstreetmap.org/way/547522397
info@grangerandco.com,Granger & Co.,Westminster,Breakfast,https://grangerandco.com/marylebone,reservations@grangerandco.com; press@grangerandco.com,openstreetmap,1,+44 2080797120,105 Marylebone High Street,W1U 4RS,https://www.openstreetmap.org/way/148894834
reservations@grassosoho.com,Grasso,Westminster,Italian,https://grassosoho.com/,,venue website,1,,81 Dean Street,,https://www.openstreetmap.org/node/11971987232
contact@grumblesrestaurant.co.uk,Grumbles,Westminster,Restaurant,https://www.grumblesrestaurant.co.uk,,openstreetmap,1,+44 20 7834 0149,35 Churton Street,SW1V 2LT,https://www.openstreetmap.org/way/332950906
customerservice@guillam.co.uk,Guillam Coffee House,Westminster,Cafe,https://www.guillam.co.uk/,,venue website,1,,31 St Petersburgh Place,W2 4LA,https://www.openstreetmap.org/node/9438199703
info@guinness.com,Guinness Open Gate Brewery London,Westminster,Pub,https://opengatelondon.guinness.com/en,,venue website,1,,1 Mercer Walk,,https://www.openstreetmap.org/way/485638354
halfwaytoheaven.london@stonegatepubs.com,Halfway II Heaven,Westminster,Pub,https://www.halfway2heaven.net/london,,openstreetmap,1,+44 20 7484 0736,7 Duncannon Street,WC2N 4JF,https://www.openstreetmap.org/node/246519847
bookings@happyrestaurants.com,HAPPY,Westminster,Burger; Seafood,https://happyrestaurants.com/,info@happyrestaurants.com,venue website,1,+44 20 3883 7874,25-29 Coventry Street,W1D 7AG,https://www.openstreetmap.org/node/348905523
happyskylondon@gmail.com,Happy Sky Japanese Bakery,Westminster,Bakery; Japanese,https://www.happyskylondon.com/,,venue website,1,,40 Hanway Street,W1T 1UT,https://www.openstreetmap.org/node/13253762166
london_reception@hardrock.com,Hard Rock Cafe,Westminster,American,https://cafe.hardrock.com/london/,london_social@hardrock.com; london_events@hardrock.com; london.events@hardrock.com; giada.sisti@hardrock.com,openstreetmap,1,+44 20 7514 1700,150 Old Park Lane,W1K 1QZ,https://www.openstreetmap.org/node/540705964
appsupport@harrisandhoole.co.uk,Harris + Hoole,Westminster,Breakfast,https://www.harrisandhoole.co.uk/,,venue website,1,,136-138 New Cavendish Street,,https://www.openstreetmap.org/node/6174356688
reception@harrysbar.co.uk,Harry's Bar,Westminster,Italian,https://www.harrysbar.co.uk/,membership@harrysbar.co.uk,venue website,1,+44 20 7408 0844,26 South Audley Street,W1K 2PD,https://www.openstreetmap.org/way/342206344
info@hatchbistro.com,Hatch 77,Westminster,Restaurant,https://hatchbistro.com/pimlico/,,venue website,1,,77 Wilton Road,SW1V 1DE,https://www.openstreetmap.org/way/447844767
airstreet@thehawksmoor.com,Hawksmoor,Westminster,Steak,https://thehawksmoor.com/,,venue website,1,,5A Air Street,W1J 0AD,https://www.openstreetmap.org/node/2398143004
heddonstreetkitchen@gordonramsay.com,Heddon Street Kitchen,Westminster,Restaurant,https://www.gordonramsayrestaurants.com/heddon-street-kitchen/,,openstreetmap,1,+44 20 7592 1212,3-9 Heddon Street,W1B 4BD,https://www.openstreetmap.org/way/96237041
staff.yokocho@japancentre.com,Heddon Yokocho,Westminster,Asian; Japanese,https://www.sakaguralondon.com,,openstreetmap,1,+44 20 3405 7230,8 Heddon Street,,https://www.openstreetmap.org/node/5658171070
hello@heistbank.com,Heist Bank,Westminster,Pizza; Pub,https://www.heistbank.com/,events@heistbank.com,venue website,1,+44 20 7723 8080,5 North Wharf Road,W2 1LA,https://www.openstreetmap.org/node/4810177421
eat@henriettahotel.com,Henrietta Bistro,Westminster,French,https://www.henriettahotel.com/,sleep@henriettahotel.com,openstreetmap,1,+44 20 3794 5314,14-15 Henrietta Street,WC2E 8QH,https://www.openstreetmap.org/node/7176248885
reservations@hide.co.uk,HIDE,Westminster,Restaurant,https://www.hide.co.uk/,info@hide.co.uk,venue website,1,,85 - 87 Piccadilly,W1J 7NB,https://www.openstreetmap.org/node/540705941
info@hobsonsfishandchips.com,Hobson's Fish & Chips,Westminster,Seafood,https://hobsonsfishandchips.com,,venue website,2,+44 20 7287 3704,27-28 St. Anne's Court,W1F 0BN,https://www.openstreetmap.org/way/275102864
bookings@hongkongbuffet.org.uk,Hong Kong Buffet,Westminster,Asian; Chinese,https://hongkongbuffet.org.uk,,venue website,1,+44 20 7434 4127,16 Lisle Street,WC2H 7BE,https://www.openstreetmap.org/way/995869096
reservations@hopperslondon.com,Hoppers,Westminster,Indian,https://www.hopperslondon.com,,openstreetmap,1,+44 20 3319 8110,77 Wigmore Street,W1U 1QE,https://www.openstreetmap.org/node/5285614573
hello@humblechickenuk.com,Humble Chicken,Westminster,Asian; Japanese,https://humblechickenuk.com/,,openstreetmap,1,,54 Frith Street,W1D 4SL,https://www.openstreetmap.org/way/280997365
pimlico@iberiarestaurant.co.uk,Iberia Georgian Restaurant,Westminster,Restaurant,https://www.iberiarestaurant.co.uk/,islington@iberiarestaurant.co.uk,openstreetmap,1,+44 20 78211771,3 Lupus Street,SW1V 3AS,https://www.openstreetmap.org/way/542749860
info@ica.art,ICA Café Bar,Westminster,Cafe,https://www.ica.art/,'comms@ica.art,openstreetmap,1,,,,https://www.openstreetmap.org/node/5039987594
kenichi_ikeda@hotmail.co.uk,Ikeda,Westminster,Asian; Japanese,https://www.ikedarestaurant.com/,,venue website,1,,30 Brook Street,,https://www.openstreetmap.org/node/5780658521
ilblandfords@gmail.com,Il Blandford`s,Westminster,Italian,https://www.ilblandfords.co.uk/,,venue website,1,,65 Chiltern Street,,https://www.openstreetmap.org/node/852122514
hello@imadssyriankitchen.co.uk,Imad's Syrian Kitchen,Westminster,Restaurant,https://www.imadssyriankitchen.co.uk/,,venue website,1,+44 20 7434 2448,Kingly Court,W1B 5PW,https://www.openstreetmap.org/node/5009334241
reservations@inamo-restaurant.com,Inamo,Westminster,Asian,http://www.inamo-coventgarden.com,,openstreetmap,1,,11-14 Hanover Place,WC2E 9JP,https://www.openstreetmap.org/way/559946418
landlord@inn1888marylebone.co.uk,Inn 1888,Westminster,Pub,https://inn1888marylebone.co.uk/,,venue website,1,,21a Devonshire Street,W1G 6PD,https://www.openstreetmap.org/way/671497302
hello@irenebakery.co.uk,Irene,Westminster,Bakery,https://www.irenebakery.co.uk,,openstreetmap,1,+44 20 3489 8065,82 Bell Street,,https://www.openstreetmap.org/node/6466081175
reservations@isabelw1.london,Isabel,Westminster,Restaurant,https://www.isabelw1.london/,,venue website,1,+44 20 3096 9292,26 Albemarle Street,,https://www.openstreetmap.org/way/339608801
aloha@islandpoke.co.uk,Island Poké,Westminster,Takeaway,https://islandpoke.co.uk/,,venue website,1,,8 Kingly Street,W1B 5PQ,https://www.openstreetmap.org/node/5111046410
marketing@bistroistanbul.com,Istanbul Cafe & Bistro,Westminster,American; Breakfast; French; Halal; Seafood,https://bistroistanbul.com/,,venue website,1,+44 20 7580 9142,Great Portland Street,W1W 5PW,https://www.openstreetmap.org/node/4327900878
hello@itsallgreektome.london,It's All Greek to Me,Westminster,Greek,https://itsallgreektome.london/,,venue website,1,+44 20 7402 5505,101 Praed Street,,https://www.openstreetmap.org/node/6884120302
primrose@itsbagels.com,It's Bagels,Westminster,Bagels,https://www.itsbagels.com/,nottinghill@itsbagels.com; soho@itsbagels.com,venue website,1,,8 D'Arblay Street,W1F 8DP,https://www.openstreetmap.org/way/477053979
kensington@colicci.co.uk,Italian Gardens Cafe,Westminster,Breakfast; Italian,https://www.colicci.co.uk/italian-gardens-cafe,,venue website,1,,,,https://www.openstreetmap.org/way/520778269
appfeedback@itsu.com,itsu,Westminster,Asian,https://www.itsu.com/location/london/hanover-square/,julian.metcalfe@itsu.com; harry.housen@itsu.com; tom.sugarman@itsu.com; greg.thorp@itsu.com; tom.springett@itsu.com; kinga.buda@itsu.com; annabel.mackie@itsu.com; media@itsu.com,venue website,14,,,,https://www.openstreetmap.org/node/452240116
info@jaffacorner.co.uk,Jaffa Corner,Westminster,Cafe,https://jaffacorner.co.uk/,,venue website,1,+44 20 7706 8118,195-197 Edgware Road,W2 1EY,https://www.openstreetmap.org/node/6873711108
info@jamaicapatty.co.uk,Jamaica Patty Co,Westminster,Takeaway,https://jamaicapatty.co.uk/,,openstreetmap,1,+44 20 7836 3334,26 New Row,WC2N 4LA,https://www.openstreetmap.org/node/3446766698
reservations@jamieolivercatherinest.com,Jamie Oliver Catherine St,Westminster,Restaurant,https://www.jamieolivercatherinest.com/,events@jamieolivercatherinest.com,venue website,1,+44 20 3084 7565,6 Catherine Street,WC2B 5JY,https://www.openstreetmap.org/node/11991996950
contact@jikonilondon.com,Jikoni,Westminster,Restaurant,https://jikonilondon.com/,,venue website,1,,19-21 Blandford Street,,https://www.openstreetmap.org/node/6313634653
reservations@daisygreenfood.com,Johnny Green,Westminster,Restaurant,https://www.daisygreenfood.com/location-johnny,,venue website,2,+44 20 3649 4554,87 Allitsen Road,NW8 7AS,https://www.openstreetmap.org/node/6545257221
info@jrkkitchen.co.uk,JRK Kitchen,Westminster,Restaurant,https://jrkkitchen.co.uk/,,venue website,1,+44 20 7221 9111,29-31 Porchester Road,,https://www.openstreetmap.org/node/7047620062
thejuggedhare@fullers.co.uk,Jugged Hare,Westminster,Pub,https://www.juggedharevictoria.co.uk/,,openstreetmap,1,+44 20 7828 1543,172 Vauxhall Bridge Road,SW1V 1DX,https://www.openstreetmap.org/way/116957518
musterihizmetleri@kahvedunyasi.com,Kahve Dünyası,Westminster,Breakfast,https://www.kahvedunyasi.co.uk/,,venue website,1,,200 Piccadilly,W1J 9HU,https://www.openstreetmap.org/way/290321024
reservations@kaimayfair.co.uk,Kai Mayfair,Westminster,Asian; Chinese,https://www.kaimayfair.co.uk/,newsletters@kaimayfair.co.uk,venue website,1,+44 20 7493 8988,65 South Audley Street,,https://www.openstreetmap.org/node/5855830148
contact@katsute100.com,Katsute100,Westminster,Cafe,https://www.katsute100.com/,,venue website,1,,19-21 Long Acre,WC2E 9LZ,https://www.openstreetmap.org/node/11345499803
kazan.sw1@gmail.com,Kazan,Westminster,Restaurant,https://www.kazan-restaurant.com,,openstreetmap,1,+44 20 7233 7100,93-94 Wilton Road,SW1V 1DW,https://www.openstreetmap.org/way/272593912
reservation@kibelerestaurant.com,Kibele Restaurant & Bar,Westminster,Breakfast; Halal; Seafood; Steak,https://www.kibele.co.uk/,,openstreetmap,1,+44 20 7436 0600,175-177 Great Portland Street,W1W 5PJ,https://www.openstreetmap.org/node/2778336243
kikumayfair@kikurestaurant.co.uk,Kiku,Westminster,Asian; Japanese,https://www.kikurestaurant.co.uk/,,venue website,1,+44 20 7499 4208,17 Half Moon Street,W1J 7BE,https://www.openstreetmap.org/node/690719946
info@kissthehippo.com,Kiss the Hippo,Westminster,Breakfast,https://kissthehippo.com/,,venue website,2,+44 20 7580 2547,51 Margaret Street,W1W 8SG,https://www.openstreetmap.org/node/3637713284
bookings@kittyfishers.com,Kitty Fisher's,Westminster,Seafood,https://www.kittyfishers.com/,info@kittyfishers.com; work@kittyfishers.com,venue website,1,+44 20 3302 1661,10 Shepherd Market,W1J 7QF,https://www.openstreetmap.org/node/622535978
contact@kolrestaurant.com,KOL,Westminster,Mexican,https://kolrestaurant.com/,,venue website,1,+44 20 3829 6888,9 Seymour Street,W1H 7BA,https://www.openstreetmap.org/node/8027864390
hello@kolamba.co.uk,Kolamba,Westminster,Indian,https://kolamba.co.uk/,joinus@kolamba.co.uk,venue website,1,+44 20 3815 4201,21 Kingly Street,,https://www.openstreetmap.org/way/583080639
info@kottasushi.co.uk,Kotta Sushi,Westminster,Asian; Japanese; Sushi,http://www.kottasushi.co.uk,,openstreetmap,1,+44 20 7624 1031,1 Violet Hill,NW8 9EB,https://www.openstreetmap.org/node/9010216119
bar@koya.co.uk,Koya,Westminster,Asian; Japanese,https://www.koya.co.uk/,office@koya.co.uk; koyamail@koya.co.uk,openstreetmap,1,,50 Frith Street,W1D 4SQ,https://www.openstreetmap.org/way/280997373
hello@kricket.co.uk,Kricket,Westminster,Indian,https://kricket.co.uk/soho/,,venue website,1,,12 Denman Street,,https://www.openstreetmap.org/node/5500146392
customercare@krispykreme.co.uk,Krispy Kreme,Westminster,Donuts,https://shops.krispykreme.co.uk/victoria,,venue website,2,,,,https://www.openstreetmap.org/node/2499611131
soho@keudeli.co.uk,Kêu,Westminster,Asian,https://keudeli.co.uk,,openstreetmap,1,+44 20 7439 8188,9 Poland Street,W1F 8PY,https://www.openstreetmap.org/way/477598222
info@anticapizzeriadamichele.co.uk,L'Antica Pizzeria da Michele,Westminster,Pizza,https://www.anticapizzeriadamichele.co.uk/,,openstreetmap,2,+44 20 7935 6458,199 Baker Street,NW1 6UY,https://www.openstreetmap.org/node/6424675172
info@lescargotrestaurant.co.uk,L'Escargot,Westminster,French,https://www.lescargot.co.uk/,info@lescargot.co.uk; events@lescargot.co.uk,openstreetmap,1,+44 20 7439 7474,48 Greek Street,W1D 4EF,https://www.openstreetmap.org/node/13571496072
reservations@labrasseria.com,La Brasseria Milanese,Westminster,Italian,https://www.labrasseria.com/,,venue website,1,,42 Marylebone High Street,,https://www.openstreetmap.org/way/148871605
online@lafromagerie.co.uk,La Fromagerie,Westminster,Deli,https://www.lafromagerie.co.uk/,marylebone@lafromagerie.co.uk,venue website,1,+44 20 7935 0341,2-6 Moxon Street,W1U 4EW,https://www.openstreetmap.org/way/276055548
lamasseriauk@gmail.com,La Masseria,Westminster,Italian,,,openstreetmap,1,+44 20 7535 8575,69 Upper Berkeley Street,W1H 7QZ,https://www.openstreetmap.org/node/452168104
shop@lavellecoffee.com,Lavelle,Westminster,Cafe,https://lavellecoffee.com/menu,,venue website,1,,38 Rathbone Place,,https://www.openstreetmap.org/node/12798084428
info@eatlebab.com,Le Bab,Westminster,Restaurant,https://www.eatlebab.com/,,openstreetmap,2,+44 20 7439 9222,Kingly Court,W1B 5PW,https://www.openstreetmap.org/node/4668146654
city@relaisdevenise.com,Le Relais De Venise L'Entrecote,Westminster,French,https://www.relaisdevenise.com/,,venue website,1,+44 20 7486 0878,120 Marylebone Lane,,https://www.openstreetmap.org/node/6292630630
feedme@lebaneats.co.uk,LebanEats,Westminster,Restaurant,https://www.lebaneats.co.uk/,,venue website,1,,18 Lansdowne Row,,https://www.openstreetmap.org/way/339627270
strand@leon.co,LEON,Westminster,Burger; Deli,https://leon.co/restaurants/regent-street/,,venue website,4,,275 Regent Street,W1B 2HB,https://www.openstreetmap.org/node/661145887
hello@liveli.co.uk,Li Veli,Westminster,Restaurant,https://www.liveli.co.uk/,,venue website,1,+44 20 7240 8163,69 Long Acre,WC2E 9JS,https://www.openstreetmap.org/way/988767806
events@linastores.co.uk,Lina Stores,Westminster,Italian,https://www.linastores.co.uk,,venue website,2,+44 20 3929 0068,51 Greek Street,W1D 4EH,https://www.openstreetmap.org/node/13571496075
reservations@litamarylebone.com,Lita Marylebone,Westminster,Restaurant,https://litamarylebone.com,enquiries@litamarylebone.com,venue website,1,,7-9 Paddington Street,W1U 5QH,https://www.openstreetmap.org/node/10069143844
info@littleitalysoho.co.uk,Little Italy,Westminster,Restaurant,https://littleitalysoho.co.uk/,,venue website,1,+44 20 7734 4737,21 Frith Street,W1D 4RN,https://www.openstreetmap.org/node/639122288
info@locandalocatelli.com,Locanda Locatelli,Westminster,Restaurant,http://www.locandalocatelli.com/,,openstreetmap,1,+44 20 7935 9088,8 Seymour Street,W1H 7JZ,https://www.openstreetmap.org/node/2305803802
locomexicanovictoria@gmail.com,Loco Mexicano,Westminster,Mexican,https://www.locomexicano.co.uk/,,venue website,1,+44 20 7931 7325,"64-65 Wilton Rd, Victoria, London",,https://www.openstreetmap.org/node/10858720672
info@lowlander.com,Lowlander Grand Cafe,Westminster,Restaurant,https://www.lowlander.com/,,openstreetmap,1,+44 20 7379 7446,36 Drury Lane,WC2B 5RR,https://www.openstreetmap.org/way/98535866
info@mahal.co.uk,Mahal,Westminster,Indian,https://mahal.co.uk/,,venue website,1,,138 Edgware Road,W2 2DZ,https://www.openstreetmap.org/node/519175230
info@mandiralondon.com,Mandira,Westminster,Cafe,http://www.mandiralondon.com/,,openstreetmap,1,,78B Long Acre,WC2E 9NG,https://www.openstreetmap.org/node/5180399561
editor@thenudge.com,mareida,Westminster,Restaurant,https://thenudge.com/london-restaurants/mareida/,advertising@thenudge.com; members@thenudge.com; neil@thenudge.com; partnerships@thenudge.com,venue website,1,,160 Great Portland Street,W1W 5QA,https://www.openstreetmap.org/node/13381986348
info@maresco.co.uk,Maresco,Westminster,Spanish,https://www.maresco.co.uk/,,venue website,1,,45 Berwick Street,W1F 8SF,https://www.openstreetmap.org/way/159482792
events@markethalls.co.uk,Market Hall Victoria,Westminster,Food court,https://markethalls.co.uk/venue/victoria/,victoria@markethalls.co.uk; victoriateam@markethalls.co.uk; press@markethalls.co.uk,venue website,1,,191 Victoria Street,SW1E 5NE,https://www.openstreetmap.org/node/11435202983
bookings@maroush.com,Maroush,Westminster,Restaurant,https://www.maroush.com/,,venue website,3,,68 Edgware Road,,https://www.openstreetmap.org/node/514781909
coventgarden@masalazone.com,Masala Zone,Westminster,Indian,https://www.masalazone.com/locations/covent-garden/,,venue website,1,,48 Floral Street,WC2E 9DS,https://www.openstreetmap.org/way/559946419
bookings@maset.london,Maset,Westminster,French,https://www.maset.london/,,openstreetmap,1,+44 20 3822 0808,40-42 Chiltern Street,W1U 7QN,https://www.openstreetmap.org/node/12971974585
aloha@mauipoke.co.uk,Maui Poke,Westminster,Restaurant,https://www.mauipoke.co.uk/,,venue website,1,,20A Gosfield Street,W1W 6HF,https://www.openstreetmap.org/way/432267240
bookings@maxwells.co.uk,Maxwell‘s Bar & Grill,Westminster,American; Burger,https://www.maxwells.co.uk/,,venue website,1,+44 20 7836 0303,34 King Street,,https://www.openstreetmap.org/node/6573224785
reservations@mayfairkitchen.co.uk,May Fair Kitchen,Westminster,Restaurant,https://www.mayfairkitchen.co.uk/,groupsdining@mayfairkitchen.co.uk,venue website,1,,,,https://www.openstreetmap.org/node/5921940110
contact@mayfairgarden.co.uk,Mayfair Garden,Westminster,Asian; Chinese,https://mayfairgarden.co.uk/,,venue website,1,,8-10 North Audley Street,W1K 6ZD,https://www.openstreetmap.org/node/1342102318
01495@uk.mcd.com,McDonald's,Westminster,Burger,https://www.mcdonalds.com/gb/en-gb/location/city-of-westminster/leicester-square/48-leicester-square/8261495.html,,openstreetmap,1,+44 20 7930 9442,48 Leicester Square,WC2H 7LU,https://www.openstreetmap.org/node/5060805697
info@meatliquor.com,Meat Liquor,Westminster,Burger,https://meatliquor.com/restaurant/meatliquor-w1/,w1@meatliquor.com; howdy@meatliquor.com,openstreetmap,1,+44 20 7224 4239,37-38 Margaret Street,W1G 0JF,https://www.openstreetmap.org/way/110457625
kopitiam@medsalleh.co.uk,Med Salleh Kopitiam,Westminster,Asian,https://medsalleh.co.uk,,openstreetmap,1,+44 20 7792 2140,35-39 Inverness Terrace,W2 3JS,https://www.openstreetmap.org/node/7038433901
reservations@meraki-restaurant.com,Meraki,Westminster,Greek,https://meraki-restaurant.com/,,venue website,1,,80-82 Great Titchfield Street,W1W 7QT,https://www.openstreetmap.org/way/659512499
info@mercatometropolitano.com,Mercato Mayfair,Westminster,Food court,https://mercatometropolitano.com/mercato-mayfair,,venue website,1,,13 North Audley Street,W1K 6ZA,https://www.openstreetmap.org/node/12185001162
info@mielorestaurant.com,Mielo,Westminster,Restaurant,https://mielorestaurant.com,,openstreetmap,1,+44 20 7935 2252,35-38 Paddington Street,W1U 4HQ,https://www.openstreetmap.org/way/148032594
hello@mildreds.com,Mildreds,Westminster,Restaurant,https://www.mildreds.com/victoria/,,openstreetmap,2,+442080500164,128 Wilton Road,SW1V 1JZ,https://www.openstreetmap.org/node/1290648033
hello@mildreds.co.uk,Mildreds,Westminster,Restaurant,https://www.mildreds.co.uk/locations/covent-garden/,hello@mildreds.com,venue website,1,+44 20 8066 8393,79 St Martin's Lane,WC2N 4AA,https://www.openstreetmap.org/way/146481555
london@estiatoriomilos.com,Milos,Westminster,Greek,https://www.estiatoriomilos.com/location/london/,,venue website,1,+44 20 7839 2080,1 Regent Street,SW1Y 4NR,https://www.openstreetmap.org/node/4545435689
infolasagneriaitaliana@gmail.com,Mister Lasagna,Westminster,Takeaway,https://www.misterlasagna.co.uk/,,venue website,1,,5 Air Street,,https://www.openstreetmap.org/node/5683731023
info@monkeyandmethai.co.uk,Monkey & Me,Westminster,Asian,https://www.monkeyandmethai.co.uk/,,venue website,1,,114-115 Crawford Street,,https://www.openstreetmap.org/node/6362179973
reservations@morenalondon.com,Morena,Westminster,Restaurant,https://morenalondon.com/,hello@morenalondon.com,venue website,1,+44 20 3488 6490,10-11 Eccleston Yards,,https://www.openstreetmap.org/way/544996362
bookings@mountainbeakstreet.com,Mountain,Westminster,Restaurant,https://mountainbeakstreet.com,press@mountainbeakstreet.com,venue website,1,,16-18 Beak Street,W1F 9RD,https://www.openstreetmap.org/way/217876210
hattavern@mr-foggs.com,Mr Fogg's Hat Tavern,Westminster,Deli; Pub,https://www.mr-foggs.com/mr-foggs-hat-tavern/,,openstreetmap,1,+44 20 7590 3608,22 Great Chapel Street,W1F 8FR,https://www.openstreetmap.org/way/477968049
botanicals@mr-foggs.com,Mr Fogg's House of Botanicals,Westminster,Bar,https://www.mr-foggs.com/house-of-botanicals/,,venue website,1,+44 20 3667 1445,48 Newman Street,W1T 1QQ,https://www.openstreetmap.org/way/98535843
info@mrfrancatelli.co.uk,Mr Francatelli,Westminster,Italian,https://www.mrfrancatelli.co.uk/,,openstreetmap,1,+44 20 34355489,48a Rochester Row,SW1P 1JU,https://www.openstreetmap.org/way/112682095
enquiries@muranolondon.com,Murano,Westminster,Restaurant,https://www.muranolondon.com/,,venue website,1,,20 Queen Street,,https://www.openstreetmap.org/way/340427515
info@murgerhan.com,Murger Han,Westminster,Asian; Chinese,https://www.murgerhan.com/,,venue website,1,+44 20 7734 0300,8a Sackville Street,,https://www.openstreetmap.org/node/5680946881
contact@myplacesoho.com,My Place,Westminster,Restaurant,https://www.myplacesoho.com/,,venue website,1,,21 Berwick Street,W1F 0PZ,https://www.openstreetmap.org/way/156620036
reservations@naclondon.co.uk,Nac,Westminster,Restaurant,https://www.naclondon.co.uk/,,venue website,1,,41 North Audley Street,,https://www.openstreetmap.org/way/342715784
info@namaiki.co.uk,Namaiki,Westminster,Asian; Sushi,https://namaiki.co.uk/,,venue website,1,+44 7502 868876,14 Broadwick Street,W1F 8HP,https://www.openstreetmap.org/way/156620023
stonegatepress@stonegategroup.co.uk,Nell of Old Drury,Westminster,Pub,https://www.greatukpubs.co.uk/nell-of-old-drury-covent-garden,,venue website,4,,Catherine Street,WC2B 5JS,https://www.openstreetmap.org/way/986920651
hello@nessasoho.com,Nessa Soho,Westminster,Cafe,https://www.nessasoho.com/,,venue website,1,,86 Brewer Street,,https://www.openstreetmap.org/node/11112726105
info@thenewmanarms.co.uk,Newman Arms,Westminster,Pub,https://www.thenewmanarms.co.uk/,,venue website,1,+44 20 7636 1127,23 Rathbone Street,W1T 1NG,https://www.openstreetmap.org/way/648689210
hello@nofortynine.co.uk,No. Forty-Nine,Westminster,Restaurant,https://www.nofortynine.co.uk,,venue website,1,,49 St John's Wood High Street,,https://www.openstreetmap.org/node/13918481501
hello@noblerot.co.uk,Noble Rot,Westminster,Restaurant,https://noblerot.co.uk/restaurant/soho,soho@noblerot.co.uk; lambsconduit@noblerot.co.uk; mayfair@noblerot.co.uk; sohoprivatedining@noblerot.co.uk; naomi@noblerot.co.uk; press@noblerot.co.uk,venue website,1,,2 Greek Street,W1D 4NB,https://www.openstreetmap.org/way/279171107
mayfair@noblerot.co.uk,Noble Rot Mayfair,Westminster,Restaurant,https://noblerot.co.uk/,hello@noblerot.co.uk; lambsconduit@noblerot.co.uk; soho@noblerot.co.uk; martha@noblerot.co.uk; ollie@noblerot.co.uk; terri@noblerot.co.uk; emma@noblerot.co.uk; adampfk@outlook.com; marbelbe@yahoo.com; smpbreen@gmail.com; rafaelarus60@gmail.com; kabirujethro@gmail.com; harshilborad7751@gmail.com; kate@noblerot.co.uk; benjamingrthomas@gmail.com; megan@noblerot.co.uk; kelly@noblerot.co.uk; ana@noblerot.co.uk; jacobdp@hotmail.co.uk; marleywise13@gmail.com; mattjharris1@gmail.com; howardhannahmae@gmail.com; grace_laughlin@yahoo.com; terrykandylis@gmail.com; adamtorok096@gmail.com; declan@noblerot.co.uk; jonahcalkin@gmail.com; scdfleet@gmail.com; ydiggswilliams@gmail.com; adam@noblerot.co.uk; robertmccreery1@hotmail.com; asya0007@gmail.com; guywhitelam@gmail.com; tomgreenhalgh@outlook.com; georgescball@gmail.com; kittyfecotton8@gmail.com; gracebailey3015@gmail.com; darcyce1996@gmail.com; kwame161994@gmail.com; jackscpepper@gmail.com; awireebenezer@gmail.com; benjidavis01@gmail.com; wcra80958@gmail.com; chloejanewatt@gmail.com; naomi@noblerot.co.uk; thomas.upex@gmail.com; bronte.agostino@gmail.com; ryan.mozzie@gmail.com; s.aron96@icloud.com; finnegan.baldwin@gmail.com; williamhr.edwards@gmail.com; el.j.burt@btinternet.com; maya.ager@icloud.com; theo.millar123@gmail.com; erika.cos97@gmail.com; maximilian.jgrilli@gmail.com; evan.d.solomon@gmail.com; madeleine.capstick@gmail.com; miss.rachel.able@gmail.com; as.burlats@gmail.com; ava.bradbury98@gmail.com; ryan.goodale01@gmail.com; carlo.lavarini@outlook.com; press@noblerot.co.uk,openstreetmap,1,+44 20 7101 6770,5 Trebeck Street,W1J 7LT,https://www.openstreetmap.org/node/5943700601
downtown@noburestaurants.com,Nobu,Westminster,Asian; Sushi,https://www.noburestaurants.com/,,venue website,1,,15a Berkeley Street,,https://www.openstreetmap.org/node/5724481760
normahinfo@gmail.com,Normah's,Westminster,Asian; Halal,https://www.normahs.co.uk/,spicy@gmail.com,venue website,1,+44 7771630828,23-25 Queensway,W2 4QJ,https://www.openstreetmap.org/node/6762320788
bookings@notescoffee.com,Notes,Westminster,Breakfast,https://notescoffee.com,,venue website,1,,31 St Martin's Lane,WC2N 4ER,https://www.openstreetmap.org/way/151297119
contact@nottopiccadilly.com,Notto,Westminster,Restaurant,https://www.nottopastabars.com/notto-piccadilly/,,openstreetmap,1,+44 20 3034 2190,198 Piccadilly,W1J 9EZ,https://www.openstreetmap.org/way/290321022
nouramayfair@noura.co.uk,Noura,Westminster,Restaurant,https://noura.co.uk/,nourakingston@noura.co.uk; deli@noura.co.uk,venue website,2,+44 20 7235 9444,16 Hobart Place,SW1W 0HH,https://www.openstreetmap.org/node/2833584401
reservations@novikovrestaurant.co.uk,Novikov,Westminster,Asian; Italian,https://www.novikovrestaurant.co.uk/,,venue website,1,,50а Berkeley Street,,https://www.openstreetmap.org/node/4470013189
contact@eatnua.com,Nua,Westminster,Asian,https://www.eatnua.com/home/,contact-wycombe@eatnua.com; contact-reading@eatnua.com; reservation-kingston@eatnua.com; reservation-watford@eatnua.com; -wycombe@eatnua.com; reservation@eatnua.com; reservation-wycombe@eatnua.com; reservation-reading@eatnua.com,openstreetmap,1,+44 20 3089 3346,55 Cleveland Street,W1T 4JL,https://www.openstreetmap.org/node/1154262366
events@ogniskorestaurant.co.uk,Ognisko Restaurant,Westminster,Restaurant,https://www.ogniskorestaurant.co.uk/,,venue website,1,+44 20 7589 4635,55 Exhibition Road,SW7 2PN,https://www.openstreetmap.org/node/6036818763
kingly@okarestaurant.co.uk,Oka,Westminster,Asian; Japanese,https://www.okarestaurant.co.uk/,enquiry@okarestaurant.co.uk,openstreetmap,1,+44 20 7734 3556,Kingly Court,W1B 5PW,https://www.openstreetmap.org/node/5009334242
enquiry@okarestaurant.co.uk,OKA Restaurant,Westminster,Restaurant,https://okarestaurant.co.uk/marylebone/,marylebone@okarestaurant.co.uk; kingly@okarestaurant.co.uk,venue website,1,,19 New Cavendish Street,W1G 9TZ,https://www.openstreetmap.org/node/3531929143
events@oldqueenstreet.com,Old Queen Street Cafe,Westminster,Restaurant,https://oldqueenstreet.com/,,venue website,1,,6 Old Queen Street,SW1H 9HP,https://www.openstreetmap.org/way/531242104
reservations@opso.co.uk,OPSO,Westminster,Greek,https://www.opso.co.uk/,,venue website,1,+44 20 7935 0551,10 Paddington Street,W1U 5QL,https://www.openstreetmap.org/way/148871637
wellington@oreebakeries.co.uk,Orée,Westminster,French,https://www.oree.co.uk,,openstreetmap,1,+44 20 4580 1467,44 Wellington Street,WC2B 5JD,https://www.openstreetmap.org/way/257269034
reservations@oshpaz.co.uk,Oshpaz,Westminster,Asian,https://www.oshpaz.co.uk/,info@oshpaz.co.uk; press@oshpaz.co.uk,venue website,1,,7 Regent Street,SW1Y 4LR,https://www.openstreetmap.org/node/12326678001
oslorestaurant@gmail.com,Oslo Court,Westminster,French,https://oslocourtrestaurant.co.uk/,,venue website,1,,Charlbert Street,NW8 7EN,https://www.openstreetmap.org/node/9459156175
marylebone@ottolenghi.co.uk,Ottolenghi,Westminster,Restaurant,https://ottolenghi.co.uk/restaurants/marylebone,,venue website,1,+44 20 3148 1040,63-65 Marylebone Lane,,https://www.openstreetmap.org/node/6298762613
reservations@oystermen.co.uk,Oystermen,Westminster,Seafood,https://www.oystermen.co.uk/,,venue website,1,,32 Henrietta Street,WC2E 8NA,https://www.openstreetmap.org/way/670350867
hello@pachamamalondon.com,Pachamama,Westminster,Restaurant,https://www.pachamamalondon.com/,,venue website,1,,18 Thayer Street,,https://www.openstreetmap.org/node/3730599389
info@panaderabakery.com,Panadera,Westminster,Asian; Breakfast,https://www.panaderabakery.com/,,openstreetmap,1,+44 20 3904 4093,7 Picton Place,W1U 1BN,https://www.openstreetmap.org/way/217955524
pardisw2@gmail.com,Pardis Restaurant,Westminster,Restaurant,https://www.pardisrestaurant.co.uk/,,venue website,1,+44 20 7402 8933,29 Connaught Street,,https://www.openstreetmap.org/node/6953176716
reservations@parkchinois.com,Park Chinois,Westminster,Asian; Chinese,https://parkchinois.com/,,venue website,1,+44 20 3327 8888,17 Berkeley Street,,https://www.openstreetmap.org/node/5724541750
bookings@paulettelondon.com,Paulette,Westminster,French,https://www.paulettelondon.com/,,openstreetmap,1,+44 20 7286 2715,18 Formosa Street,W9 1EE,https://www.openstreetmap.org/node/6699678257
7225@greeneking.co.uk,Paxton’s Head,Westminster,Pub,https://www.greeneking-pubs.co.uk/pubs/greater-london/paxtons-head/,,venue website,1,,153 Knightsbridge,,https://www.openstreetmap.org/way/633865298
info@pearlliang.co.uk,Pearl Liang,Westminster,Asian; Chinese,https://pearlliang.co.uk/,,venue website,1,,8 Sheldon Square,W2 6EZ,https://www.openstreetmap.org/node/521689913
hello@peggyporschen.com,Peggy Porschen Belgravia,Westminster,Cafe,https://www.peggyporschen.com/,,venue website,1,+44 20 7730 1316,116 Ebury Street,SW1W 9QQ,https://www.openstreetmap.org/way/159402316
bakerstreet@phocafe.co.uk,Pho,Westminster,Asian,https://www.phocafe.co.uk,balham@phocafe.co.uk; battersea@phocafe.co.uk; birmingham@phocafe.co.uk; bluewater@phocafe.co.uk; borough@phocafe.co.uk; bournemouth@phocafe.co.uk; brighton@phocafe.co.uk; bristol@phocafe.co.uk; brunswick@phocafe.co.uk; cambridge@phocafe.co.uk; canarywharf@phocafe.co.uk; canterbury@phocafe.co.uk; cardiff@phocafe.co.uk; cheltenham@phocafe.co.uk; cheshireoaks@phocafe.co.uk; chiswick@phocafe.co.uk; cg@phocafe.co.uk; ealing@phocafe.co.uk; edinburgh@phocafe.co.uk; lothianroad@phocafe.co.uk; exeter@phocafe.co.uk; fulham@phocafe.co.uk; glasgow@phocafe.co.uk; greenwich@phocafe.co.uk; guildford@phocafe.co.uk; harborne@phocafe.co.uk; islington@phocafe.co.uk; kingston@phocafe.co.uk; leeds@phocafe.co.uk; leicester@phocafe.co.uk; lincoln@phocafe.co.uk; liverpool@phocafe.co.uk; liverpoolcastlest@phocafe.co.uk; manchester@phocafe.co.uk; miltonkeynes@phocafe.co.uk; newcastle@phocafe.co.uk; norwich@phocafe.co.uk; nottingham@phocafe.co.uk; oxford@phocafe.co.uk; portsmouth@phocafe.co.uk; reading@phocafe.co.uk; sheffield@phocafe.co.uk; soho@phocafe.co.uk; spitalfields@phocafe.co.uk; stalbans@phocafe.co.uk; stratford@phocafe.co.uk; tunbridgewells@phocafe.co.uk; wiltonroad@phocafe.co.uk; thecut@phocafe.co.uk; westfield@phocafe.co.uk; wimbledon@phocafe.co.uk; york@phocafe.co.uk,venue website,2,+44 20 8161 0490,102 Baker Street,W1U 6TW,https://www.openstreetmap.org/node/6338253687
info@pickleandtoast.com,Pickle & Toast,Westminster,Takeaway,https://pickleandtoast.com/,,venue website,1,,,W1F 0TD,https://www.openstreetmap.org/way/157779696
orders@piggyspiccadilly.co.uk,Piggy's,Westminster,Cafe,https://www.piggyspiccadilly.co.uk/,,venue website,1,,1 Air Street,,https://www.openstreetmap.org/node/5683731024
pizza2nightkent@gmail.com,Pizza 2 Night,Westminster,Pizza,https://www.pizza2night.co.uk/,,venue website,1,,433 Harrow Road,,https://www.openstreetmap.org/node/6813682510
deanst@pizzapilgrims.co.uk,Pizza Pilgrims,Westminster,Pizza,https://www.pizzapilgrims.co.uk/,events@pizzapilgrims.co.uk; brighton@pizzapilgrims.co.uk; masterclass@pizzapilgrims.co.uk,openstreetmap,1,+44 20 7437 3559,11 Dean Street,W1D 3RP,https://www.openstreetmap.org/way/288392850
events@pizzapilgrims.co.uk,Pizza Pilgrims,Westminster,Pizza,https://www.pizzapilgrims.co.uk/,brighton@pizzapilgrims.co.uk; masterclass@pizzapilgrims.co.uk,venue website,1,+44 20 7287 2200,11 Kingly Street,W1B 5PW,https://www.openstreetmap.org/way/303385361
info@poppiesfishandchips.co.uk,Poppie's Fish and Chips,Westminster,Seafood,https://poppiesfishandchips.co.uk/,,venue website,1,,Compton Street,W1D 6HW,https://www.openstreetmap.org/node/4439711101
info@portlandrestaurant.co.uk,Portland,Westminster,Restaurant,https://portlandrestaurant.co.uk/,,venue website,1,,113 Great Portland Street,,https://www.openstreetmap.org/way/183024350
info@preto.co.uk,Preto Queensway,Westminster,Restaurant,https://www.preto.co.uk/restaurant/queensway,,venue website,2,+44 20 7243 6446,117 Queensway,,https://www.openstreetmap.org/node/7107655967
manager@prince-alfred.co.uk,Prince Alfred,Westminster,Pub,https://www.prince-alfred.co.uk/,,venue website,1,+44 20 7229 1474,112 Queensway,W2 3RR,https://www.openstreetmap.org/way/753467777
info@princeofwalespaddington.co.uk,Prince of Wales,Westminster,Asian; Pub,https://www.princeofwalespaddington.co.uk/index,,venue website,1,,2 Cleveland Terrace,W2 6LH,https://www.openstreetmap.org/way/42030132
hello@pure.co.uk,Pure,Westminster,Breakfast,https://www.pure.co.uk/shops/bakerstreet/,,venue website,1,,72 Baker Street,,https://www.openstreetmap.org/way/148032559
info@qimacafe.com,Qima Cafe Covent Garden,Westminster,Cafe,https://qimacafe.com/,,venue website,1,+44 20 7209 8200,21-22 New Row,WC2N 4LE,https://www.openstreetmap.org/node/12633421801
queenarms@gmail.com,Queens Arms,Westminster,Pub,https://queensarmskilburn.co.uk/,,venue website,1,,1 Kilburn High Road,NW6 5SE,https://www.openstreetmap.org/way/109187435
reception@quovadissoho.co.uk,Quo Vadis,Westminster,Restaurant,https://www.quovadissoho.co.uk/,info@quovadissoho.co.uk,openstreetmap,1,+44 20 7437 9585,26-29 Dean Street,W1D 3LL,https://www.openstreetmap.org/way/288394416
tickets@royalacademy.org.uk,RA Cafe,Westminster,Cafe,https://www.royalacademy.org.uk/eating-and-drinking,,venue website,1,,,,https://www.openstreetmap.org/node/6868185118
info@ramoramen.com,Ramo Ramen,Westminster,Asian; Japanese,https://www.ramoramen.com/,,openstreetmap,1,+44 20 7434 3777,28 Brewer Street,,https://www.openstreetmap.org/node/2938969701
info@reddogsaloon.co.uk,Red Dog Saloon,Westminster,BBQ,https://www.reddogsaloon.co.uk/,liverpool@reddogsaloon.co.uk; hoxton@reddogsaloon.co.uk; soho@reddogsaloon.co.uk; nottingham@reddogsaloon.co.uk; southampton@reddogsaloon.co.uk,venue website,1,,20 Berwick Street,W1F 0PY,https://www.openstreetmap.org/way/156620043
theregentspark@benugo.com,Regent's Bar & Kitchen,Westminster,Restaurant,https://www.benugo.com/partnerships/public-spaces/parks/regents-park/regents-bar-and-kitchen,,venue website,1,,Inner Circle,NW1 4NU,https://www.openstreetmap.org/way/115640262
enquiries@richoux.co.uk,Richoux,Westminster,Restaurant,https://www.richoux.co.uk/,,venue website,1,,41 South Audley Street,,https://www.openstreetmap.org/node/452417445
5motcombstreet@rococochocolates.com,Rococo Chocolates,Westminster,Cafe,https://www.rococochocolates.com/pages/belgravia,wholesale@rococochocolates.com; customerservice@rococochocolates.com; press@rococochocolates.com,openstreetmap,1,+44 20 7245 0993,5 Motcomb Street,SW1X 8JU,https://www.openstreetmap.org/way/530700233
info@roketsu.co.uk,Roketsu,Westminster,Asian; Japanese,https://www.roketsu.co.uk/,,openstreetmap,1,+44 20 3149 1227,12 New Quebec Street,,https://www.openstreetmap.org/node/11783224687
bakerstreet@rosasthai.com,Rosa's Thai Cafe,Westminster,Asian,https://rosasthai.com/locations/rosas-thai-restaurant-delivery-takeaway-baker-street,,venue website,3,,100 Baker Street,,https://www.openstreetmap.org/node/6338253688
7242@greeneking.co.uk,Rose & Crown,Westminster,Pub,https://www.greeneking-pubs.co.uk/pubs/greater-london/rose-crown/,,venue website,1,,2 Old Park Lane,W1K 1QN,https://www.openstreetmap.org/way/631474504
enquiry@theroyalgeorgewc2.co.uk,Royal George,Westminster,Pub,https://www.theroyalgeorgewc2.co.uk/,,openstreetmap,1,+44 20 7734 8837,133 Charing Cross Road,WC2H 0EA,https://www.openstreetmap.org/node/565470149
pr@rules.co.uk,Rules,Westminster,Restaurant,https://rules.co.uk/,,venue website,1,+44 20 7836 5314,34-35 Maiden Lane,WC2E 7LB,https://www.openstreetmap.org/way/558928361
carnaby@therumkitchen.com,Rum Kitchen,Westminster,Restaurant,https://www.therumkitchen.com/,,openstreetmap,1,+44 20 3668 2537,Kingly Court,W1B 5PW,https://www.openstreetmap.org/node/4668146656
info@saborrestaurants.co.uk,Sabor,Westminster,Spanish,https://www.saborrestaurants.co.uk/,events@saborrestaurants.co.uk,venue website,1,,35-37 Heddon Street,W1B 4BR,https://www.openstreetmap.org/node/5658200133
contact@sacredgrounds.co.uk,Sacred Grounds,Westminster,Breakfast,https://www.sacredgrounds.co.uk/,,venue website,1,,54 Dean Street,W1D 6AE,https://www.openstreetmap.org/node/12123977431
info@sagarrestaurant.co.uk,Sagar,Westminster,Indian,https://www.sagarrestaurant.co.uk/,,venue website,1,,Catherine Street,WC2B 5JS,https://www.openstreetmap.org/way/986920652
info@sahara-restaurant.co.uk,Sahara,Westminster,Restaurant,https://www.sahara-restaurant.co.uk/,,venue website,1,+44 20 7722 8555,7 St John's Wood High Street,,https://www.openstreetmap.org/node/6535716225
info@santamariapizzeria.com,Santa Maria,Westminster,Pizza,https://www.santamariapizzeria.com/,,venue website,1,+44 20 7436 9963,160 New Cavendish Street,W1W 6YR,https://www.openstreetmap.org/node/6172604060
reservations@sarastro-restaurant.com,Sarastro Restaurant,Westminster,Restaurant,https://www.sarastro-restaurant.com/,info@sarastro-restaurant.com,venue website,1,,126 Drury Lane,WC2B 5SU,https://www.openstreetmap.org/way/986952076
sartoriareservations@danddlondon.com,Sartoria,Westminster,Italian,https://www.sartoria-restaurant.co.uk/,,openstreetmap,1,+44 20 7534 7000,20 Savile Row,,https://www.openstreetmap.org/node/4191567196
info@savoytap.co.uk,Savoy Tap,Westminster,Pub,https://www.savoytap.co.uk/,,venue website,1,+44 20 7836 9738,2 Savoy Street,WC2R 0BA,https://www.openstreetmap.org/way/244895533
sales@scandikitchen.co.uk,ScandiKitchen Cafe & Shop - Victoria,Westminster,Breakfast; Deli,https://scandikitchen.co.uk/,iwantfood@scandikitchen.co.uk; shop@scandikitchen.co.uk,venue website,2,,42,,https://www.openstreetmap.org/node/13062175201
crm@caprice-holdings.co.uk,Scott's,Westminster,Seafood,https://www.caprice-holdings.co.uk/,pr@caprice-holdings.co.uk,venue website,1,,20-22 Mount Street,,https://www.openstreetmap.org/node/452416571
bookings@seashellrestaurant.co.uk,Seashell of Lisson Grove,Westminster,Seafood,https://www.seashellrestaurant.co.uk/,,venue website,1,,49-51 Lisson Grove,,https://www.openstreetmap.org/node/4522284989
hola@senor-ceviche.com,Senor Cevice,Westminster,Restaurant,https://www.senor-ceviche.com/,,openstreetmap,1,+44 20 7842 8540,Kingly Court,W1B 5PW,https://www.openstreetmap.org/node/4668146653
info@shakaraldn.com,SHAKARA,Westminster,Restaurant,https://shakaraldn.com/,reservations@shakaraldn.com,openstreetmap,1,+44 7437 569667,66 Baker Street,W1U 7DJ,https://www.openstreetmap.org/node/12411817999
shakeshuka@shakeshukarestaurant.co.uk,ShakeShuka,Westminster,Restaurant,https://www.shakeshukarestaurant.co.uk/,,venue website,1,,134 Marylebone Road,,https://www.openstreetmap.org/node/1614146307
shoryu.carnaby@shoryuramen.com,Shoryu,Westminster,Asian; Japanese,https://shoryuramen.com/,shoryu.coventgarden@shoryuramen.com; shoryu.regent@shoryuramen.com; shoryu.soho@shoryuramen.com; shoryu.shoreditch@shoryuramen.com; shoryu.worldfoodcourt@shoryuramen.com; shoryu.oxford@shoryuramen.com; shoryu.manchester@shoryuramen.com; shoryu.stratford@shoryuramen.com; press@shoryuramen.com,venue website,2,,8 Regent Street,SW1Y 4LR,https://www.openstreetmap.org/node/3559650802
shoryu.soho@shoryuramen.com,Shoryu,Westminster,Asian; Japanese,https://shoryuramen.com/,shoryu.carnaby@shoryuramen.com; shoryu.coventgarden@shoryuramen.com; shoryu.regent@shoryuramen.com; shoryu.shoreditch@shoryuramen.com; shoryu.worldfoodcourt@shoryuramen.com; shoryu.oxford@shoryuramen.com; shoryu.manchester@shoryuramen.com; shoryu.stratford@shoryuramen.com; press@shoryuramen.com,openstreetmap,1,,2-3 Denman Street,W1D 7HA,https://www.openstreetmap.org/node/4302224816
granddivanreservations@simpsonsinthestrand.co.uk,Simpson's-in-the-Strand,Westminster,Restaurant,https://www.simpsonsinthestrand.co.uk/,romanosreservations@simpsonsinthestrand.co.uk,venue website,1,+44 20 7836 9112,100 Strand,WC2R 0EW,https://www.openstreetmap.org/node/554138077
info@sketch.london,Sketch,Westminster,Restaurant,https://sketch.london/,,venue website,1,+44 20 7659 4500,9 Conduit Street,W1S 2XD,https://www.openstreetmap.org/node/259774384
reservations@smithsbarandgrill.co.uk,Smiths Bar and Grill,Westminster,Restaurant,https://www.smithsbarandgrill.co.uk/,,venue website,1,+44 20 7286 9458,25 Sheldon Square,W2 6EY,https://www.openstreetmap.org/node/2343155745
info@socialimpactcoffee.org,Social Impact Coffee,Westminster,Breakfast,https://www.socialimpactcoffee.org/,,venue website,1,,5,,https://www.openstreetmap.org/node/6853212489
hello@grind.co.uk,Soho Grind,Westminster,Cafe,https://grind.co.uk/sohogrind/,soho@grind.co.uk; press@grind.co.uk,venue website,1,,19 Beak Street,,https://www.openstreetmap.org/node/3058754844
soho@sophiessteakhouse.com,Sophie's,Westminster,Restaurant,https://www.sophiessteakhouse.com/soho,,venue website,1,+44 20 7836 8836,42-44 Great Windmill Street,W1D 7NB,https://www.openstreetmap.org/node/5959693686
info@soukrestaurant.co.uk,Souk Bazaar,Westminster,Restaurant,https://www.soukrestaurant.co.uk/,,venue website,1,,27 Litchfield Street,WC2H 9NJ,https://www.openstreetmap.org/way/349340731
reservations@soutine.co.uk,Soutine,Westminster,French,https://www.soutine.co.uk/,,venue website,1,+44 20 3926 8448,60 St John's Wood High Street,NW8 7SH,https://www.openstreetmap.org/node/6542260740
info@spaghettihouse.co.uk,Spaghetti House,Westminster,Italian,https://www.spaghettihouse.co.uk/,,venue website,2,,12 Woodstock Street,W1C 2AF,https://www.openstreetmap.org/way/249211266
info@speedboatbar.co.uk,Speedboat Bar,Westminster,Asian,https://speedboatbar.co.uk/,,venue website,1,,30 Rupert Street,W1D 6DL,https://www.openstreetmap.org/node/4865627308
7254@greeneking.co.uk,Spread Eagle,Westminster,Pub,https://www.greeneking-pubs.co.uk/pubs/greater-london/spread-eagle/,,venue website,1,+44 20 7629 4695,8 Woodstock Street,,https://www.openstreetmap.org/node/452240939
support@spudbrosexpress.com,SpudBros,Westminster,Restaurant,https://www.spudbrosexpress.com,,venue website,1,,4 Princes Street,W1B 2LB,https://www.openstreetmap.org/way/291293252
contact@thestablehand.co.uk,Stablehand,Westminster,French; Pub,https://thestablehand.co.uk/,,venue website,1,+4420 7402 0083,4 Bathurst Street,W2 2SD,https://www.openstreetmap.org/way/517877764
info@staxburgers.co.uk,Stax Diner,Westminster,American,http://staxdiner.com/,,openstreetmap,1,+44 20 7734 3190,Kingly Court,W1B 5PW,https://www.openstreetmap.org/node/4668146652
info@steakandcompany.co.uk,Steak and Company,Westminster,Steak,https://www.steakandcompany.co.uk/,,venue website,1,,3-5 Irving Street,WC2H 0HA,https://www.openstreetmap.org/way/995954601
berlininkensington@stein-s.com,Stein's Berlin,Westminster,Restaurant,https://www.berlininkensington.stein-s.com/,,venue website,1,,51 Princes Gate,,https://www.openstreetmap.org/node/6036818762
stonegrillvictoria@gmail.com,Stone & Grill,Westminster,Restaurant,http://Stoneandgrill.co.uk,,openstreetmap,1,+44 20 7460 6055,52 Wilton Road,SW1V 1DE,https://www.openstreetmap.org/node/11642801669
enquiries@sundayinbk.co.uk,Sunday in Brooklyn,Westminster,American,https://www.sundayinbk.co.uk/restaurant-marylebone/,,venue website,1,+44 20 76301030,10-12 James Street,W1U 1EE,https://www.openstreetmap.org/way/217841725
info@sushikyu.com,Sushi Kyu,Westminster,Asian; Sushi,http://sushikyu.com,,openstreetmap,1,+44 20 4549 5888,30 Brewer Street,W1F 0SS,https://www.openstreetmap.org/node/13849335901
cgevents@sushisamba.com,SushiSamba Covent Garden,Westminster,Asian; Japanese; Sushi,https://www.sushisamba.com/locations/uk/london-covent-garden,,venue website,1,+44 20 3053 0000,,,https://www.openstreetmap.org/node/6825222287
info@sussex-restaurant.com,Sussex,Westminster,Restaurant,https://www.sussex-restaurant.com/,,venue website,1,+44 20 3923 7770,63-64 Frith Street,W1D 3JW,https://www.openstreetmap.org/node/7795005285
bonjour@chezantoinette.co.uk,Suzette Garden,Westminster,Cafe,https://www.chezantoinette.co.uk/suzette/?gad_campaignid=21512260997&wbraid=ClMKCAjwmdLSBhB_EkMAHb5gRJhf7Uo6hnfQmntCIga5lDFuEmNkBCCzkerYfFwKlCLCav9peSzvFMeYvpQRLPnFiP-NKTSoz8jimAlMV665GgIL4Q,coventgarden@chezantoinette.co.uk,venue website,1,,5 Seaforth Place,SW1E 6AB,https://www.openstreetmap.org/node/14014754401
reservations@tabxtab.com,TABxTAB,Westminster,Cafe,https://tabxtab.com/,hello@tabxtab.com,venue website,1,,14-16 Westbourne Grove,,https://www.openstreetmap.org/node/7062214208
marylebone@takalondon.com,Taka,Westminster,Asian; Japanese,https://www.takalondon.com/,,venue website,2,,18 Shepherd Market,,https://www.openstreetmap.org/node/5941022582
info.taotaoju@gmail.com,Tao Tao Ju,Westminster,Asian; Chinese,https://www.taotaoju.co.uk/,,venue website,1,+44 20 7367 0083,15 Lisle Street,WC2H 7BE,https://www.openstreetmap.org/way/995869097
info@tasteofindiauk.com,Taste of India,Westminster,Indian,https://tasteofindiauk.com/,,venue website,1,,51 Queensway,W2 4QH,https://www.openstreetmap.org/node/4790853007
7263@greeneking.co.uk,Tattersalls Tavern,Westminster,Pub,https://www.greeneking-pubs.co.uk/pubs/greater-london/tattersalls-tavern/,,venue website,1,,,,https://www.openstreetmap.org/node/295466191
reservations@sterminshotel.co.uk,Tea Lounge at St. Ermin's,Westminster,Restaurant,https://www.sterminshotel.co.uk/eating-drinking/afternoon-tea/,tealounge@sterminshotel.co.uk,venue website,1,+44 20 7222 7888,2 Caxton Street,SW1H 0QW,https://www.openstreetmap.org/node/12996594395
reservationsmanager@temperrestaurant.com,Temper,Westminster,Restaurant,https://temperrestaurant.com/,,venue website,1,,25 Broadwick St,,https://www.openstreetmap.org/node/5036334995
info@templebrewhouse.com,Temple Brew House,Westminster,Pub,http://www.templebrewhouse.com/,,openstreetmap,1,+44 20 7936 2536,46 Essex Street,WC2R 3JF,https://www.openstreetmap.org/way/428744489
enquiries@terroirswinebar.com,Terroirs,Westminster,French,http://www.terroirswinebar.com,,openstreetmap,1,+44 20 7036 0660,5 William IV Street,WC2N 4DW,https://www.openstreetmap.org/node/2542069882
7161@greeneking.co.uk,The Albert,Westminster,Pub,https://www.greeneking-pubs.co.uk/pubs/greater-london/albert/,,venue website,1,+44 20 7222 5577,52 Victoria Street,SW1H 0NP,https://www.openstreetmap.org/way/161490892
thebeehive.info@btconnect.com,The Beehive,Westminster,Pub,,,openstreetmap,1,+44 20 7486 8037,126 Crawford Street,W1U 6BF,https://www.openstreetmap.org/way/300860985
thebengal62@yahoo.co.uk,The Bengal,Westminster,Indian,https://www.thebengal.co.uk/,,venue website,1,+44 20 7229 1640,62A Porchester Road,W2 6ET,https://www.openstreetmap.org/node/521716075
general@theblueposts.net,The Blue Posts,Westminster,Pub,https://www.theblueposts.net/,,venue website,1,+44 20 7437 5008,22 Berwick Street,W1F 0QA,https://www.openstreetmap.org/way/156620042
hello@burlingtonarms.com,The Burlington Arms,Westminster,Pub,https://burlingtonarms.com/,,venue website,1,,21 Old Burlington Street,W1S 2JL,https://www.openstreetmap.org/way/592220489
cafe@clifton.co.uk,The Café at Clifton Nurseries,Westminster,Cafe,https://www.clifton.co.uk/london-nursery-garden-centre/cafe,,venue website,1,+44 20 7432 1867,,,https://www.openstreetmap.org/way/242819424
hello@thecarpentersarmspub.co.uk,The Carpenters Arms,Westminster,Pub,https://www.thecarpentersarmspub.co.uk/,,venue website,1,,12 Great Cumberland Mews,,https://www.openstreetmap.org/way/678633914
info@35newcavendish.co.uk,The Cavendish,Westminster,Restaurant,https://www.35newcavendish.co.uk/,,venue website,1,,35 New Cavendish Street,,https://www.openstreetmap.org/way/148890698
info@thecedarrestaurant.co.uk,The Cedar,Westminster,Restaurant,https://www.thecedarrestaurant.co.uk/,,venue website,1,+44 20 8964 2011,65 Fernhead Road,,https://www.openstreetmap.org/node/6763093725
info@thechandos.co.uk,The Chandos,Westminster,Pub,https://thechandos.co.uk/,contact-info@thechandos.co.uk,openstreetmap,1,+44 20 7836 1401,29 St Martin's Lane,WC2N 4ER,https://www.openstreetmap.org/way/142300246
reservations@thecoachmakersarms.co.uk,The Coach Makers Arms,Westminster,Pub,https://www.thecoachmakersarms.co.uk/,reservations@cubitthouse.co.uk; events@cubitthouse.co.uk; johnsmith@hotmail.com,venue website,1,,88 Marylebone Lane,W1U 2PY,https://www.openstreetmap.org/way/134708046
london.mayfair@leica-camera.com,The Cocochine,Westminster,Restaurant,https://us.leica-camera.com/Stores-Dealers/Leica-Stores-Worldwide/Leica-Store-London-Mayfair,,venue website,1,,27 Bruton Place,,https://www.openstreetmap.org/node/5740191354
info@the-connaught.co.uk,The Connaught Grill,Westminster,Steak,https://www.the-connaught.co.uk/restaurants-bars/the-connaught-grill/,,venue website,1,+442071078852,16 Carlos Place,W1K 2AL,https://www.openstreetmap.org/node/12617974399
info@constitutionpimlico.co.uk,The Constitution,Westminster,Pub,https://www.constitutionpimlico.co.uk/,,venue website,1,,42 Churton Street,SW1V 2LP,https://www.openstreetmap.org/way/447309968
hyde@parksports.co.uk,The Courts Café at Hyde Park,Westminster,Cafe,https://www.royalparks.org.uk/parks/hyde-park/food-and-drink/park-sports-cafe,,openstreetmap,1,+44 20 7224 1625,,,https://www.openstreetmap.org/node/1696895509
reservations@thedelaunay.com,The Delaunay,Westminster,Restaurant,https://www.thedelaunay.com/,,venue website,1,,55 Aldwych,WC2B 4BB,https://www.openstreetmap.org/node/1962961372
info@delhibrasserie.com,The Delhi Brasserie,Westminster,French; Indian,https://delhibrasserie.com/,,venue website,1,,44 Frith Street,W1D 4SB,https://www.openstreetmap.org/way/157771369
enquiries@devonshiresoho.co.uk,The Devonshire,Westminster,Restaurant,https://devonshiresoho.co.uk,privateevents@devonshiresoho.co.uk; press@devonshiresoho.co.uk,venue website,1,,17 Denman Street,W1D 7HW,https://www.openstreetmap.org/way/153661827
theduchess.marylebone@thechaptercollection.co.uk,The Duchess,Westminster,Pub,https://www.thechaptercollection.co.uk/duchess-marylebone,,venue website,1,,39 Duke Street,W1U 1LP,https://www.openstreetmap.org/way/159039182
reservations@theduckandrice.com,The Duck and Rice,Westminster,Asian; Chinese,https://theduckandrice.com/,,openstreetmap,1,+44 20 3327 7888,90 Berwick Street,W1F 0QB,https://www.openstreetmap.org/way/478967748
info@thedukew1h.co.uk,The Duke of Wellington,Westminster,Pub,https://thedukew1h.co.uk/,,venue website,1,,94A Crawford Street,W1H 2HQ,https://www.openstreetmap.org/node/10582361575
reception@frontlineclub.com,The Frontline Club,Westminster,Restaurant,https://www.frontlineclub.com/restaurant/,privatedining@frontlineclub.com,venue website,1,+44 20 7479 8960,13 Norfolk Place,W2 1QJ,https://www.openstreetmap.org/way/155494956
enquiries@georgeinthestrand.com,The George,Westminster,Pub,http://www.georgeinthestrand.com/,,openstreetmap,1,+44 20 7353 9638,213 Strand,WC2R 1AP,https://www.openstreetmap.org/way/161420189
7194@greeneking.co.uk,The Goat Tavern,Westminster,Pub,https://www.greeneking-pubs.co.uk/pubs/greater-london/goat-tavern-mayfair/,,venue website,1,,3 Stafford Street,,https://www.openstreetmap.org/way/290081133
margate@thegoodegg.co,The Good Egg,Westminster,Restaurant,https://www.thegoodegg.co/,stokey@thegoodegg.co; tokey@thegoodegg.co,venue website,1,,Kingly Court,,https://www.openstreetmap.org/node/5568368540
7198@greeneking.co.uk,The Greene Man,Westminster,Pub,https://www.greeneking-pubs.co.uk/pubs/greater-london/green-man/,,venue website,1,+44 20 7387 6977,383 Euston Road,NW1 3AU,https://www.openstreetmap.org/way/108251970
info@grenadierpub.co.uk,The Grenadier,Westminster,Pub,https://www.grenadierbelgravia.com,info@grenadierbelgravia.com,openstreetmap,1,+44 20 3205 2915,18 Wilton Row,SW1X 7NR,https://www.openstreetmap.org/node/13235500301
piccadilly_circus_social@hardrock.com,The Hard Rock Cafe,Westminster,Burger; Ice cream,https://www.hardrockcafe.com/location/piccadilly-circus/,london_events@hardrock.com; piccadillycircus.jobs@hardrock.com; piccadillycircus.merch@hardrock.com,venue website,1,,225/229 Piccadilly,W1J 9HR,https://www.openstreetmap.org/node/8476348621
theheronbar@gmail.com,The Heron,Westminster,Pub,https://www.theheronpaddington.com/,,venue website,1,+44 20 7724 8463,Norfolk Crescent,W2 2DN,https://www.openstreetmap.org/way/739710241
afrimneliderjan@gmail.com,The Horse and Groom,Westminster,Pub,https://www.horseandgroombelgravia.co.uk,,venue website,1,,7 Groom Place,,https://www.openstreetmap.org/way/551566816
info@jackalopelondon.com,The Jackalope,Westminster,Pub,https://jackalopelondon.com/#firstPage,,venue website,1,,43 Weymouth Mews,W1G 7EQ,https://www.openstreetmap.org/way/147997976
7209@greeneking.co.uk,The Kings Arms,Westminster,Pub,https://www.greeneking-pubs.co.uk/pubs/greater-london/kings-arms-mayfair,,venue website,1,+44 20 7629 0416,2 Shepherd Market,,https://www.openstreetmap.org/node/289996602
info@thelarrik.com,The Larrik,Westminster,Pub,https://www.thelarrik.com/,,venue website,1,,32 Crawford Place,W1H 5NN,https://www.openstreetmap.org/way/680918475
thelaughinghalibut@gmail.com,The Laughing Halibut,Westminster,Seafood,https://laughinghalibut.co.uk,,venue website,1,+44 20 7799 2844,38 Strutton Ground,SW1P 2HR,https://www.openstreetmap.org/way/113115208
reservations@littleredpepper.co.uk,The Little Red Pepper,Westminster,Italian,https://littleredpepper.co.uk,,venue website,1,+44 20 4618 4690,8 Formosa Street,W9 1EE,https://www.openstreetmap.org/node/6698552094
info@luckysaint.co,The Lucky Saint,Westminster,Pub,https://luckysaint.co/pages/the-lucky-saint-pub-london-w1,,venue website,1,,58 Devonshire Street,W1W 5EA,https://www.openstreetmap.org/way/110753811
themarquis@mspubs.co.uk,The Marquis,Westminster,Pub,https://www.themarquiscoventgarden.co.uk/,,openstreetmap,1,+44 20 7379 0367,51-52 Chandos Place,WC2N 4HS,https://www.openstreetmap.org/way/558503751
1651@greeneking.co.uk,The Mason Arms,Westminster,Pub,https://www.greeneking-pubs.co.uk/pubs/greater-london/masons-arms-mayfair/,,venue website,1,+44 20 7491 7809,38 Maddox Street,W1S 1PY,https://www.openstreetmap.org/way/589641506
gary@themonkeypuzzlepub.co.uk,The Monkey Puzzle,Westminster,Pub,https://themonkeypuzzlepub.co.uk/,,openstreetmap,1,+44 20 7723 0143,30 Southwick Street,W2 1JQ,https://www.openstreetmap.org/node/15262028
londonshop@monocle.com,The Monocle Café,Westminster,Cafe,https://monocle.com/monocle-shops-and-cafes/,paris@monocle.com; zurichshop@monocle.com; meranoshop@monocle.com; torontoshop@monocle.com; tokyoshop@monocle.com; hkshop@monocle.com; ma@monocle.com; rk@monocle.com,venue website,1,+44 20 7135 2040,18 Chiltern Street,W1U 7QA,https://www.openstreetmap.org/node/6328300466
thenelliedean@gmail.com,The Nellie Dean of Soho,Westminster,Pub,https://www.nelliedeansoho.co.uk/,,venue website,1,+44 20 7734 2572,89 Dean Street,W1D 3SU,https://www.openstreetmap.org/way/288392846
hello@thegoodoak.com,The Oak,Westminster,Italian,https://theoaklondon.com/,,venue website,1,+44 20 7221 3355,137 Westbourne Park Road,W2 5QL,https://www.openstreetmap.org/way/122814326
events@thefootmanmayfair.com,The Only Running Footman,Westminster,Pub,https://www.thefootmanmayfair.com/,,venue website,1,,5 Charles Street,W1J 5DF,https://www.openstreetmap.org/way/299039550
reservations@theorange.co.uk,The Orange,Westminster,Pub,https://www.theorange.co.uk/,reservations@cubitthouse.co.uk; events@cubitthouse.co.uk; johnsmith@hotmail.com,venue website,1,,37-39 Pimlico Road,SW1W 8NE,https://www.openstreetmap.org/way/147249462
reservations@theparkrestaurant.com,The Park,Westminster,American; Breakfast,https://www.theparkrestaurant.com/,,openstreetmap,1,+44 20 3959 9000,2 Queensway,W2 3RX,https://www.openstreetmap.org/node/12786260255
enquiries@porterhouse.london,The Porterhouse,Westminster,Pub,https://porterhouse.london/,,venue website,1,,21-22 Maiden Lane,WC2E 7NA,https://www.openstreetmap.org/way/99952313
reservations@theportraitrestaurant.co.uk,The Portrait Restaurant,Westminster,Restaurant,https://theportraitrestaurant.com/,,openstreetmap,1,+44 20 3872 7610,2 St. Martin's Place,WC2H 0HE,https://www.openstreetmap.org/node/12087774907
info@theprincebonapartew2.co.uk,The Prince Bonaparte,Westminster,Pub,https://www.theprincebonapartew2.co.uk/,,venue website,1,+44 20 7313 9491,80 Chepstow Road,W2 5BE,https://www.openstreetmap.org/way/756311627
info@butcombe.com,The Punch Bowl,Westminster,Pub,https://www.punchbowllondon.com/,,venue website,1,,41 Farm Street,W1J 5RP,https://www.openstreetmap.org/way/237795434
bookings@queensheadpiccadilly.com,The Queen's Head,Westminster,Pub,https://www.queensheadpiccadilly.com/,,venue website,1,+44 20 7437 1540,,,https://www.openstreetmap.org/way/572506209
soho@therealgreek.com,The Real Greek,Westminster,Greek,https://www.therealgreek.com/restaurants/soho/,anastasia.abazi@therealgreek.com,venue website,1,+44 20 7287 6805,50 Berwick Street,W1F 8SJ,https://www.openstreetmap.org/node/4601342802
example@gmail.com,the Savanna,Westminster,Deli,https://www.thesavanna.co.uk,media@thesavanna.co.uk; customerservice@thesavanna.co.uk,venue website,1,,,,https://www.openstreetmap.org/node/10622738686
7967@greeneking.co.uk,The Sherlock Holmes,Westminster,Pub,https://www.greeneking-pubs.co.uk/pubs/greater-london/sherlock-holmes/,,venue website,1,,10-11 Northumberland Street,WC2N 5DB,https://www.openstreetmap.org/way/140517896
hello@thesoak.co.uk,The Soak,Westminster,Restaurant,https://www.thesoak.co.uk/,,venue website,1,,,,https://www.openstreetmap.org/node/13936897328
theoffice@thesocial.com,The Social,Westminster,American,https://www.thesocial.com/,,venue website,1,+44 20 7636 4992,5 Little Portland Street,W1W 7JD,https://www.openstreetmap.org/node/3358823520
info@thesummerhouse.co,The Summerhouse,Westminster,Seafood,https://www.thesummerhouse.co/,,venue website,1,,Blomfield Road,,https://www.openstreetmap.org/way/123186058
reservations@cubitthouse.co.uk,The Thomas Cubitt,Westminster,Pub,https://www.cubitthouse.co.uk/the-thomas-cubitt-belgravia/,events@cubitthouse.co.uk; johnsmith@hotmail.com,venue website,1,,44 Elizabeth Street,SW1W 9PA,https://www.openstreetmap.org/way/547171167
info@thetoucansoho.co.uk,The Toucan,Westminster,Pub,https://www.thetoucansoho.co.uk/,,venue website,1,+44 20 7437 4123,19 Carlisle Street,W1D 3BY,https://www.openstreetmap.org/way/288392857
enquiries@thevegboxcafe.co.uk,The Veg Box,Westminster,Cafe,https://thevegboxcafe.co.uk,,venue website,1,,136 Marylebone Road,,https://www.openstreetmap.org/node/4803496604
info@thewaterway.co.uk,The Waterway,Westminster,Pub,https://www.thewaterway.co.uk/,,venue website,1,+44 20 7266 3557,54 Formosa Street,W9 2JU,https://www.openstreetmap.org/node/3154333461
enquiries@youngs.co.uk,The Windmill,Westminster,Pub,https://www.youngs.co.uk/,events@youngs.co.uk; shareholder@youngs.co.uk; feedback@youngs.co.uk; pressenquiries@youngs.co.uk,venue website,1,,6-8 Mill Street,,https://www.openstreetmap.org/node/259774404
reservations@theorandall.com,Theo Randall,Westminster,Italian,https://www.theorandall.com/,,venue website,1,+44 20 7318 8747,1 Hamilton Place,W1J 7QY,https://www.openstreetmap.org/node/13254887541
reservations@threefalcons.com,Three Falcons Indian Gastropub,Westminster,Indian; Pub,https://threefalcons.com/,gauravparwani@threefalcons.com,venue website,1,,Orchardson Street,NW8 8NG,https://www.openstreetmap.org/node/12599552601
hello@tintico.co.uk,Tintico,Westminster,Cafe,https://www.tintico.co.uk,veronica@tintico.co.uk,venue website,1,,57 Greek Street,W1D 3DY,https://www.openstreetmap.org/node/13571511986
reservations@titurestaurant.com,Titu,Westminster,Asian,https://www.titurestaurant.com/,,venue website,1,,1 Shepherd Street,W1J 7HJ,https://www.openstreetmap.org/node/603756842
coffee@tomtomcoffee.co.uk,TomTom Coffee House,Westminster,Cafe,https://www.tomtomcoffee.co.uk/coffee-house/,,openstreetmap,1,+44 20 7730 1771,114 Ebury Street,SW1W 9QD,https://www.openstreetmap.org/node/443029946
oxfordcircus@tortilla.co.uk,Tortilla,Westminster,Mexican,https://www.tortilla.co.uk/restaurants/oxford-circus,,venue website,1,+44 20 7637 2800,6 Market Place,W1W 8AH,https://www.openstreetmap.org/node/787474861
reservations@tozirestaurant.co.uk,Tozi,Westminster,Italian,https://tozirestaurant.co.uk/,,venue website,1,+44 20 7769 9771,8 Gillingham Street,,https://www.openstreetmap.org/node/5200361721
info@trishnalondon.com,Trishna,Westminster,Indian,https://www.trishnalondon.com/,,venue website,1,,15-17 Blandford Street,W1U 3DG,https://www.openstreetmap.org/node/2434621102
tsiakkoscharcoal@gmail.com,Tsiakkos & Charcoal,Westminster,Greek,http://tsiakkos.co.uk/,,openstreetmap,1,+44 20 7286 7896,5 Marylands Road,W9 2DU,https://www.openstreetmap.org/node/6739984320
paddington@turmerickitchen.co.uk,Turmeric Kitchen,Westminster,Indian,https://turmerickitchen.co.uk/,pinner@turmerickitchen.co.uk,venue website,1,,,W2 3YU,https://www.openstreetmap.org/node/12056271969
reservations@uglydumpling.co.uk,Ugly Dumpling,Westminster,Asian,https://uglydumpling.co.uk/,info@uglydumpling.co.uk; fitzrovia@uglydumpling.co.uk; brixton@uglydumpling.co.uk,venue website,2,,1 Newburgh Street,W1F 7RB,https://www.openstreetmap.org/way/223406956
reception@umurestaurant.com,Umu,Westminster,Asian; Japanese,https://www.umurestaurant.com/,,venue website,1,,14-16 Bruton Place,,https://www.openstreetmap.org/node/5742592713
info@vantra.co.uk,Vantra Loungevity,Westminster,Restaurant,https://www.vantra.co.uk/,,venue website,1,+44 20 7287 5222,5 Wardour Street,W1D 6PB,https://www.openstreetmap.org/node/5483789422
info@vietnamfood.co.uk,Viet Food,Westminster,Asian,https://vietnamfood.co.uk/vietfood/,,venue website,1,+44 20 7494 4555,34-36 Wardour Street,W1D 6EY,https://www.openstreetmap.org/way/993516028
management@cafevolonte.co.uk,Volonté,Westminster,Cafe,https://www.cafevolonte.co.uk/,,venue website,1,,10 Mortimer Street,W1T 3JJ,https://www.openstreetmap.org/node/4715903696
info@wacafe.co.uk,WA café,Westminster,Asian; Bakery; Breakfast; Deli; Japanese,https://wacafe.co.uk/,,venue website,1,,5 New Row,WC2N 4LH,https://www.openstreetmap.org/node/6029728385
info@wafflemeister.com,Wafflemeister,Westminster,Bakery,https://wafflemeister.com/,,venue website,1,+44 20 7629 8178,369 Oxford Street,W1C 2JW,https://www.openstreetmap.org/way/802152476
press@wagamama.com,Wagamama,Westminster,Asian,https://www.wagamama.com/restaurants/london/wigmore-street-bond-street,,venue website,6,,101a Wigmore Street,,https://www.openstreetmap.org/node/852122502
warringtonhotel@ewehospitality.co.uk,Warrington,Westminster,Pub,https://www.thewarrington.co,,openstreetmap,1,+44 20 7286 8282,93 Warrington Crescent,W9 1EH,https://www.openstreetmap.org/way/154952350
enquiries@wasabi.uk.com,Wasabi,Westminster,Asian; Japanese,https://www.wasabi.uk.com/,purchasing@wasabi.uk.com,venue website,3,,56-58 Brompton Road,,https://www.openstreetmap.org/node/3357929237
hello@watchhouse.com,WatchHouse,Westminster,Breakfast,https://watchhouse.com,,venue website,3,,60 Seymour Street,W1H 7JH,https://www.openstreetmap.org/node/2305425761
hanover@watchhouse.com,WatchHouse Hanover,Westminster,Breakfast,https://watchhouse.com/,hello@watchhouse.com,openstreetmap,1,+44 20 3146 4564,2-3 Medici Courtyard,W1S 1BR,https://www.openstreetmap.org/node/9966313529
reservations@thelondoner.com,Whitcombs,Westminster,Restaurant,https://www.thelondoner.com/restaurants-bars/whitcombs,press@thelondoner.com,venue website,1,,38 Leicester Square,WC2H 7DX,https://www.openstreetmap.org/node/10065176317
info@whitemulberries.com,White Mulberries,Westminster,Bakery; Breakfast; Deli,https://whitemulberries.com/pages/marylebone-village,,openstreetmap,1,,54 Paddington Street,W1U 4HU,https://www.openstreetmap.org/node/13734805701
hello@white-pine.co.uk,White Pine,Westminster,Cafe,https://white-pine.co.uk/,,venue website,1,,35-36 Rathbone Place,W1T 1JN,https://www.openstreetmap.org/node/6089238894
customercare@wildwoodrestaurants.co.uk,Wildwood,Westminster,Halal; Italian; Pizza; Steak,https://wildwoodrestaurants.co.uk/restaurant/covent-garden/,,venue website,1,,35 Bow Street,WC2E 7AU,https://www.openstreetmap.org/way/986906888
marylebone@workshopcoffee.com,Workshop Coffee Co,Westminster,Breakfast,https://workshopcoffee.com/,academy@workshopcoffee.com,openstreetmap,1,,1 Barrett Street,,https://www.openstreetmap.org/node/4103049892
reservations@yalla-yalla.co.uk,Yalla Yalla,Westminster,Restaurant,https://www.yalla-yalla.co.uk/,,venue website,2,,,W1F 0HA,https://www.openstreetmap.org/way/480012224
yegrapesmayfair@yahoo.com,Ye Grapes,Westminster,Pub,https://www.yegrapesmayfair.co.uk/,,venue website,1,+44 20 7629 4989,16 Shepherd Market,W1J 7QQ,https://www.openstreetmap.org/way/629171088
queensgardens@yeotown.com,Yeotown Paddington,Westminster,Restaurant,https://london.yeotown.com/,welcome@yeotown.com; sussexgardens@yeotown.com; madeira@yeotown.com,venue website,1,+44 20 7298 8799,,,https://www.openstreetmap.org/node/13279487994
info@yiqipanasia.co.uk,YiQi,Westminster,Asian,https://yiqipanasia.co.uk,,venue website,1,,14 Lisle Street,WC2H 7BE,https://www.openstreetmap.org/node/13550924144
info@zata.uk,Za'ta,Westminster,Restaurant,https://zata.uk/,,venue website,1,,,,https://www.openstreetmap.org/node/10594929753
info@zanchi.co.uk,Zanchi,Westminster,Asian; Korean,https://www.zanchi.co.uk/,,venue website,1,+44 207 723 5555,113-115 Praed Street,W2 1RL,https://www.openstreetmap.org/way/155494930
info@zaynarestaurant.co.uk,Zayna,Westminster,Indian,http://www.zaynarestaurant.co.uk/,,openstreetmap,1,+44 20 7723 2229,25 New Quebec Street,W1H 7SF,https://www.openstreetmap.org/node/452169201
feedback@zizzi.co.uk,Zizzi,Westminster,Italian,https://www.zizzi.co.uk/italian/restaurants/victoria,,venue website,5,+44 20 7821 0402,15 Cardinal Walk,SW1E 5JE,https://www.openstreetmap.org/node/341233197
info@zoilo.co.uk,Zoilo,Westminster,Restaurant,https://www.zoilo.co.uk/,orders@zoilo.co.uk,venue website,1,,9 Duke Street,,https://www.openstreetmap.org/node/6299031592
info@zonzorestaurant.com,Zonzo,Westminster,Pizza,https://zonzorestaurant.com,,openstreetmap,1,+44 20 7723 9777,342 Edgware Road,W2 1EA,https://www.openstreetmap.org/way/367087931
info@sanhaolondon.com,叁號麵館 Sanhao,Westminster,Asian; Chinese,https://sanhaolondon.com/,,venue website,1,,3 Gerrard Street,,https://www.openstreetmap.org/node/13462905160
office@tokyodiner.com,東京ダイナー Tokyo Diner,Westminster,American; Asian; Japanese; Sushi,https://www.tokyodiner.com/,,venue website,1,+44 20 7287 8777,2 Newport Place,WC2H 7JJ,https://www.openstreetmap.org/node/13550939106
