website,website_type,name,borough,area,categories,email,locations,phone,address,postcode,source,osm_url
https://www.rougamo.co.uk,own site,1+1 Rougamo,Camden,Holborn,Asian; Chinese,,1,,58-59 Red Lion Street,WC1R 4PD,openstreetmap,https://www.openstreetmap.org/node/893489187
https://28churchrow.com,own site,28 Church Row,Camden,Hampstead,Restaurant,hello@28churchrow.com,2,,28 Church Row,NW3 6UP,openstreetmap,https://www.openstreetmap.org/node/9311504917
https://3gorges.co.uk,own site,3 Gorges,Camden,Fitzrovia,Asian; Chinese,info@3gorges.co.uk,1,,36 Goodge Street,W1T 2QN,openstreetmap,https://www.openstreetmap.org/node/3224663477
https://www.3locksbeer.com/,own site,3 Locks Brewing Company,Camden,Camden Town,Pub,info@3locksbeer.com,1,,,,openstreetmap,https://www.openstreetmap.org/node/11045432726
https://64goodgestreet.co.uk/,"own site (found by name, postcode verified)",64 Goodge Street,Camden,Fitzrovia,Restaurant,info@64goodgestreet.co.uk,1,,64 Goodge Street,W1T 4NF,openstreetmap,https://www.openstreetmap.org/way/118806520
https://www.84west.co.uk/index.html,own site,84 West Brasserie & Grill,Camden,West Hampstead,French,,1,+44 20 8452 4689,82-84 Cricklewood Broadway,NW2 3EL,openstreetmap,https://www.openstreetmap.org/node/411096510
https://www.abeno.co.uk/,own site,Abeno,Camden,Bloomsbury,Asian; Japanese,office@abeno.co.uk,1,+44 20 7405 3211,47 Museum Street,WC1A 1LY,openstreetmap,https://www.openstreetmap.org/way/554358272
https://www.acesandeightssaloonbar.com/,own site,Aces and Eights Saloon Bar,Camden,Kentish Town,Pizza; Pub,bookings@acesandeightssaloonbar.com,1,,156-158 Fortess Road,NW5 2HP,openstreetmap,https://www.openstreetmap.org/node/25744507
https://montaguehotel.com/dining-and-drinks/afternoon-tea,own site,Afternoon Tea at The Montague on The Gardens,Camden,Bloomsbury,Cafe,bookmt@montaguehotel.com,1,+44 20 7637 1001,,,openstreetmap,https://www.openstreetmap.org/node/6515246385
https://www.airstudios.com/,"own site (found by name, postcode verified)",Air Studios,Camden,Belsize Park,Restaurant,info@airstudios.com,1,,"Lyndhurst Hall, Lyndhurst Road",NW3 5NG,food standards agency,https://ratings.food.gov.uk/business/425581
https://www.algranocoffeehouse.co.uk/,"own site (found by name, postcode verified)",Al Grano Coffee House,Camden,Somers Town,Cafe,info@algranocoffeehouse.co.uk,1,,17 Chalton Street,NW1 1JD,openstreetmap,https://www.openstreetmap.org/node/13506319796
https://www.albertini.co.uk/,own site,Albertini Restaurant,Camden,Somers Town,Italian,evgenia.osmani@yahoo.com,1,+44 20 7387 4723,16-20 Chalton Street,NW1 1JH,openstreetmap,https://www.openstreetmap.org/way/292167643
https://albionsrestaurant.co.uk/,own site,Albion's Restaurant,Camden,Camden Town,Restaurant,info@albionsrestaurant.co.uk,1,+44 20 3490 8970,117 Kentish Town Road,NW1 8PB,openstreetmap,https://www.openstreetmap.org/way/846248029
http://www.alexanderthegreatgreekrestaurant.co.uk/,own site,Alexander The Great,Camden,Camden Town,Greek,alexanderthegreatrestaurant@gmail.com,1,+44 207 388 1111,8 Plender Street,NW1 0JT,openstreetmap,https://www.openstreetmap.org/way/226067816
https://alicehouse.co.uk/,"own site (found by name, postcode verified)",Alice House,Camden,West Hampstead,Pub,info@alicehouse.co.uk,1,+44 20 7431 8818,283-285 West End Lane,NW6 1RD,openstreetmap,https://www.openstreetmap.org/node/630503145
https://www.allstarlanes.co.uk/,"own site (found by name, postcode verified)",All Star Lanes,Camden,Bloomsbury,Restaurant,info@allstarlanes.co.uk,2,,"Victoria House, 37-63 Southampton Row",WC1B 4DA,food standards agency,https://ratings.food.gov.uk/business/1214109
https://almacafe.co.uk/,own site,Alma,Camden,Primrose Hill,Cafe,,3,,36 Primrose Hill Road,NW3 3AD,openstreetmap,https://www.openstreetmap.org/way/119303824
https://www.almasrestaurant.co.uk,own site,Almas,Camden,Swiss Cottage,Restaurant,,1,,96 Boundary Road,,openstreetmap,https://www.openstreetmap.org/way/283219954
https://altonapoli.co.uk/,"own site (found by name, postcode verified)",Altonapoli,Camden,King's Cross,Italian,contact@altonapoli.co.uk,1,,9 Euston Road,NW1 2SA,openstreetmap,https://www.openstreetmap.org/node/684666407
https://www.amalfilounge.com/,"own site (found by name, postcode verified)",AMALFI LOUNGE,Camden,St Giles,Restaurant,contact@amalfilounge.com,1,,59 Endell Street,WC2H 9AJ,food standards agency,https://ratings.food.gov.uk/business/1832058
https://www.theambassadorstheatre.co.uk/,"own site (found by name, postcode verified)",Ambassadors Theatre,Camden,St Giles,Pub,,1,,"Ambassadors Theatre, West Street",WC2H 9ND,food standards agency,https://ratings.food.gov.uk/business/1670113
https://www.amelia.london,own site,Amelia,Camden,St Giles,Bakery; Breakfast,,3,,9 Monmouth Street,WC2H 9DA,openstreetmap,https://www.openstreetmap.org/node/13070421414
https://www.amelieswinehouse.co.uk/,"own site (found by name, postcode verified)",Amelie's Wine House,Camden,Bloomsbury,Pub,office@amelieswinehouse.co.uk,1,,37 Store Street,WC1E 7BS,food standards agency,https://ratings.food.gov.uk/business/1453231
https://www.amorino.com/en/stores/amorino-west-end,own site,Amorino,Camden,West Hampstead,Ice cream,info.am.jvhn@gmail.com,1,,,,openstreetmap,https://www.openstreetmap.org/node/12779845063
https://www.amorino.com/en/stores/london-tottenham,own site,Amorino,Camden,Fitzrovia,Ice cream,info.am.jvhn@gmail.com,1,,28 Tottenham Court Road,W1T 1BJ,openstreetmap,https://www.openstreetmap.org/way/425222126
https://andromedarestaurant.co.uk/,"own site (found by name, phone verified)",Andromeda Restaurant,Camden,Camden Town,Restaurant,info@andromedarestaurant.co.uk,1,+44 20 7388 4121,88 Plender Street,,openstreetmap,https://www.openstreetmap.org/way/225465165
https://www.andystaverna.co.uk,own site,Andy's Taverna,Camden,Camden Town,Greek,,1,+44 20 7485 9718,23 Pratt Street,NW1 0BG,openstreetmap,https://www.openstreetmap.org/way/458856249
https://www.anglorestaurant.com/,own site,Anglo,Camden,Clerkenwell,Restaurant,,1,+44 207 430 1503,30 St Cross Street,EC1N 8UH,openstreetmap,https://www.openstreetmap.org/node/2002818970
https://uk.angloamerican.com/,"own site (found by name, postcode verified)",ANGLO AMERICAN,Camden,Clerkenwell,American,cropnutrients.info@angloamerican.com,1,,17 Charterhouse Street,EC1N 6RA,food standards agency,https://ratings.food.gov.uk/business/1334972
https://antalyarestaurant.co.uk/,own site,Antalya Restaurant,Camden,Bloomsbury,Steak,booking@antalyarestaurant.co.uk,1,+44 2075805355,103-105 Southampton Row,WC1B 4HH,openstreetmap,https://www.openstreetmap.org/node/6113971524
https://www.arabicalondon.com/,own site,Arabica,Camden,Somers Town,Restaurant,pr@arabicalondon.com,2,,7 Lewis Cubitt Walk,,openstreetmap,https://www.openstreetmap.org/node/9907983157
https://www.arcade-london.com/,"own site (found by name, postcode verified)",Arcade Food Hall,Camden,Bloomsbury,Restaurant,events@arcade-london.com,2,,"Centre Point, 101-103 New Oxford Street",WC1A 1DB,food standards agency,https://ratings.food.gov.uk/business/1487630
https://www.bloomsburylondon.com/tenants/arcana-coffee,own site,Arcana Coffee,Camden,Bloomsbury,Breakfast,hello@bloomsburylondon.com,1,,20-21 Bloomsbury Way,WC1A 2SN,openstreetmap,https://www.openstreetmap.org/node/12852799706
https://www.arvocafe.co.uk/,own site,Arvo,Camden,Primrose Hill,Cafe,,1,,57 Regent's Park Road,NW1 8XD,openstreetmap,https://www.openstreetmap.org/node/931673388
https://assenheims.co.uk/,"own site (found by name, postcode verified)",Assenheims,Camden,Covent Garden,Restaurant,,3,,67 Kingsway,WC2B 6TD,food standards agency,https://ratings.food.gov.uk/business/1873725
http://authentique-epicerie.com/,own site,Authentique Epicerie  & Bar,Camden,Kentish Town,French,contact@authentique-epicerie.com,1,,114-116 Fortess Road,NW5 2HL,openstreetmap,https://www.openstreetmap.org/node/9519529078
https://www.ayyylounge.com/,"own site (found by name, postcode verified)",AYYY LOUNGE,Camden,Camden Town / Chalk Farm / Euston / King's Cross / Primrose Hill / Somers Town,Restaurant,ayyylounge@gmail.com,1,,"Unit 1, 109 Camden High Street",NW1 7JN,food standards agency,https://ratings.food.gov.uk/business/1934390
https://adorefritto.com/,"own site (found by name, postcode verified)",A’DO’RE Fritto,Camden,Camden Town,Restaurant,info@adorefritto.com,1,,"Unit M 196 Hawley Wharf, Water Lane",NW1 8JZ,food standards agency,https://ratings.food.gov.uk/business/1403614
https://www.bbagel.co.uk/,own site,B Bagel,Camden,Camden Town,Bagels,,3,,136-138 Camden High Street,NW1 0LU,openstreetmap,https://www.openstreetmap.org/node/13900759101
http://www.baba-tang.com/,own site,Baba Tang,Camden,King's Cross,Restaurant,kingscross@baba-tang.com,1,+442078333455,109 King's Cross Road,WC1X 9LR,openstreetmap,https://www.openstreetmap.org/node/12407179207
https://www.babelbeerhouse.com/,own site,Babel Beerhouse,Camden,King's Cross,Pub,,1,+44 20 8161 4446,1 Lewis Cubitt Walk,N1C 4DL,openstreetmap,https://www.openstreetmap.org/node/8821717717
https://babuji.co.uk,own site,Babuji,Camden,Kentish Town,Indian,hello@babuji.co.uk,1,+44 20 7485 5566,343 Kentish Town Road,NW5 2TJ,openstreetmap,https://www.openstreetmap.org/way/291698467
https://balady.co.uk/,own site,Balady,Camden,Clerkenwell,Takeaway,,1,,39-41 Leather Lane,EC1N 7TJ,openstreetmap,https://www.openstreetmap.org/node/5115881629
https://balibalirestaurant.com/,"own site (found by name, postcode verified)",Bali Bali,Camden,St Giles,Restaurant,,1,,150 Shaftesbury Avenue,WC2H 8HL,openstreetmap,https://www.openstreetmap.org/node/6016243285
https://www.bambooinnlondon.co.uk/,"own site (found by name, postcode verified)",Bamboo Inn,Camden,King's Cross,Asian,,1,,3 Euston Road,NW1 2SA,openstreetmap,https://www.openstreetmap.org/node/684667920
https://bananatree.co.uk/,chain site (same name as 8 mapped branches),Banana Tree,Camden,West Hampstead,Restaurant,bath@bananatree.co.uk,1,,237-239 West End Lane,NW6 1XN,food standards agency,https://ratings.food.gov.uk/business/1803464
https://bandofburgers.co.uk/,chain site (same name as 4 mapped branches),Band of Burgers,Camden,Camden Town,Burger,,7,,23 Camden High Street,NW1 7JE,openstreetmap,https://www.openstreetmap.org/way/225442603
https://banhmiaha.co.uk/,"own site (found by name, postcode verified)",Banh Mi Aha,Camden,Holborn,Takeaway,info@banhmiaha.co.uk,2,,39 Lamb's Conduit Street,WC1N 3NG,food standards agency,https://ratings.food.gov.uk/business/1450081
https://www.banhmibay.co.uk/,"own site (found by name, postcode verified)",Banh Mi Bay,Camden,Holborn,Asian,hello@banhmibay.co.uk,3,,4-6 Theobalds Road,WC1X 8PN,openstreetmap,https://www.openstreetmap.org/node/9244269117
https://camdenartcentre.org/come-visit-us/cafe,own site,Bar Bicicletta,Camden,West Hampstead,Italian,info@camdenartcentre.org,1,,,,openstreetmap,https://www.openstreetmap.org/way/1379155816
http://www.barracocafe.co.uk/,own site,Barraco,Camden,Kilburn,Restaurant,,1,,Kingsgate Place,NW6 4TA,openstreetmap,https://www.openstreetmap.org/node/727367499
https://www.barrafina.co.uk/restaurants/coal-drops-yard,own site,Barrafina,Camden,Somers Town,Spanish,info@barrafina.co.uk,1,,,,openstreetmap,https://www.openstreetmap.org/node/6082053667
https://barrafina.co.uk/,chain site (same name as 4 mapped branches),Barrafina,Camden,King's Cross,Restaurant,info@barrafina.co.uk,4,,Unit 27 Coal Drops Yard,N1C 4AB,food standards agency,https://ratings.food.gov.uk/business/1803453
https://baskstreetboys.com/,"own site (found by name, postcode verified)",BASK STREET BOYS LTD,Camden,Covent Garden / Holborn / St Giles,Restaurant,baskstreetboys@gmail.com,2,,"CA4 Seven Dials Market, Earlham Street",WC2H 9LX,food standards agency,https://ratings.food.gov.uk/business/1884348
https://www.batchd.co.uk,own site,Batch'd,Camden,Camden Town,Breakfast; Donuts; Ice cream,hello@batchd.co.uk,2,,115-117 Water Lane,NW1 8JZ,openstreetmap,https://www.openstreetmap.org/node/12704560739
https://www.bellylondon.com/,own site,Belly,Camden,Camden Town,Asian; French,belly@mgnhw.com,1,,157 Kentish Town Road,NW1 8PD,openstreetmap,https://www.openstreetmap.org/way/856859700
https://bensfishandchips.co.uk/,"own site (found by name, postcode verified)",Ben's Fish and Chips,Camden,St Giles,Seafood,,1,,200 Shaftesbury Avenue,WC2H 8JL,openstreetmap,https://www.openstreetmap.org/node/5009891423
https://benchbistro.com/,"own site (found by name, postcode verified)",BENCH BISTRO,Camden,King's Cross,French,,1,,229 Gray's Inn Road,WC1X 8RH,food standards agency,https://ratings.food.gov.uk/business/1868012
https://www.bentoyalondon.co.uk/,"own site (found by name, postcode verified)",bento-ya,Camden,Fitzrovia,Takeaway,info@bentoyalondon.co.uk,1,,11 Warren Street,W1T 5LG,openstreetmap,https://www.openstreetmap.org/way/292612524
https://www.benugo.com/sites/cafes/benugo-st-pancras/,own site,Benugo,Camden,King's Cross,Cafe,stpancras@benugo.com,1,,,N1C 4QP,openstreetmap,https://www.openstreetmap.org/node/647052117
https://benugo.com/,chain site (same name as 4 mapped branches),BENUGO,Camden,Primrose Hill,Restaurant,orders@benugo.com,17,,"Primrose Hill Cafe Primrose Hill, Prince Albert Road",NW8 7LS,food standards agency,https://ratings.food.gov.uk/business/1241722
https://www.benugo.com/sites/cafes/benugo-st-pancras-espresso-bar/,own site,Benugo St Pancras Espresso Bar,Camden,King's Cross,Cafe,stpancras@benugo.com,1,,The Grand Terrace,NW1 2QL,openstreetmap,https://www.openstreetmap.org/node/6278380639
https://www.berberepizzeria.co.uk/kentish-town/,own site,Berberè,Camden,Kentish Town,Pizza,,1,+44 20 3417 7130,300 Kentish Town Road,NW5 2TG,openstreetmap,https://www.openstreetmap.org/way/1121187298
https://www.biwon.co.uk/,"own site (found by name, postcode verified)",Bi Won,Camden,Bloomsbury,Asian; Korean,,1,,24 Coptic Street,WC1A 1NT,openstreetmap,https://www.openstreetmap.org/way/157757461
http://bibimbabcafe.com/,"own site (found by name, postcode verified)",Bibimbab Cafe,Camden,Bloomsbury,Restaurant,manager@bibimbabcafe.com,1,,37 Museum Street,WC1A 1LP,openstreetmap,https://www.openstreetmap.org/way/553157391
https://bills-website.co.uk/,chain site (same name as 9 mapped branches),Bill's,Camden,Covent Garden,Restaurant,,6,,44 Kingsway,,openstreetmap,https://www.openstreetmap.org/node/5046216221
https://www.bintangrestaurant.co.uk/,"own site (found by name, postcode verified)",Bintang,Camden,Camden Town,Restaurant,bintangnw1@gmail.com,1,,93 Kentish Town Road,NW1 8NY,openstreetmap,https://www.openstreetmap.org/way/845858072
https://blacksheepcoffee.co.uk/blogs/locations/regents-place,own site,Black Sheep Coffee,Camden,Somers Town,Breakfast,l.blakey@blacksheepcoffee.co.uk,1,,338 Euston Road,NW1 3BG,openstreetmap,https://www.openstreetmap.org/node/6322807785
https://blacksheepcoffee.co.uk/blogs/locations/kings-cross,own site,Black Sheep Coffee,Camden,King's Cross,Breakfast,l.blakey@blacksheepcoffee.co.uk,1,,Euston Road,N1C 4DE,openstreetmap,https://www.openstreetmap.org/node/9392264261
https://blacksheepcoffee.co.uk/blogs/locations/smarts-place,own site,Black Sheep Coffee,Camden,St Giles,Breakfast,l.blakey@blacksheepcoffee.co.uk,1,,1 Smart's Place,,openstreetmap,https://www.openstreetmap.org/node/13164556369
https://blacksheepcoffee.co.uk/blogs/locations/goodge-street,own site,Black Sheep Coffee,Camden,Fitzrovia,Breakfast,l.blakey@blacksheepcoffee.co.uk,1,,5-7 Goodge Street,W1T 2PD,openstreetmap,https://www.openstreetmap.org/way/424297804
https://blacklist-lounge.com/,own site,Blacklist Lounge,Camden,Camden Town,Restaurant,info@blacklist-lounge.co.uk,1,+44 20 8728 7162,9 Camden High Street,NW1 7JE,openstreetmap,https://www.openstreetmap.org/way/225442611
https://www.blankstreet.com/en-US,"own site (found by name, postcode verified)",Blank Street,Camden,Camden Town,Restaurant,partnerships@blankstreet.com,21,,"Basement and Garden Floors, 10 Chalk Farm Road",NW1 8AG,food standards agency,https://ratings.food.gov.uk/business/1567464
https://blankstreet.com/,chain site (same name as 7 mapped branches),Blank Street Coffee,Camden,St Giles,Breakfast,partnerships@blankstreet.com,23,,136 Charing Cross Road,WC2H 0LA,openstreetmap,https://www.openstreetmap.org/node/401529164
https://www.blankstreet.com/locations/london/LGZQ6Y7AEEV9D-st-pancras,own site,Blank Street Coffee,Camden,King's Cross,Breakfast,partnerships@blankstreet.com,1,,Unit 47A Pancras Road,N1C 4QP,openstreetmap,https://www.openstreetmap.org/node/4156455196
https://www.bloomsburycafe10.co.uk/,"own site (found by name, postcode verified)",Bloomsbury Cafe 10,Camden,Bloomsbury,Restaurant,,1,,10 Bloomsbury Way,WC1A 2SL,food standards agency,https://ratings.food.gov.uk/business/1560468
https://studentsunionucl.org/eat-drink-shop/cafes/bloomsbury-cafe,own site,Bloomsbury Café,Camden,St Pancras,Cafe,,1,,15 Gordon Street,WC1H 0AY,openstreetmap,https://www.openstreetmap.org/node/644625847
https://www.bloomsburycoffeehouse.co.uk/,own site,Bloomsbury Coffee House,Camden,St Pancras,Cafe,,1,,20 Tavistock Place,WC1H 9RE,openstreetmap,https://www.openstreetmap.org/node/4919033421
https://www.bloomsburystreetkitchen.com/,"own site (found by name, postcode verified)",Bloomsbury Street Kitchen,Camden,Bloomsbury,Restaurant,,1,,9 Bloomsbury Street,WC1B 3QD,food standards agency,https://ratings.food.gov.uk/business/1784227
https://www.bloomsburytavern.co.uk/,"own site (found by name, postcode verified)",Bloomsbury Tavern,Camden,St Giles,Pub,,1,,236 Shaftesbury Avenue,WC2H 8EG,food standards agency,https://ratings.food.gov.uk/business/423819
https://www.blossomhouseschool.co.uk/,"own site (found by name, postcode verified)",BLOSSOM HOUSE SCHOOL,Camden,Somers Town,Restaurant,mpadmissions@blossomhouseschool.co.uk,1,,"St Aloysius Junior School, Aldenham Street",NW1 1PS,food standards agency,https://ratings.food.gov.uk/business/1746389
https://bluemoonthaicafe.com/,"own site (found by name, postcode verified)",Blue Moon Thai Cafe,Camden,Kentish Town,Restaurant,,1,,134 Fortess Road,NW5 2HP,food standards agency,https://ratings.food.gov.uk/business/1850331
https://bobabar.co.uk/,"own site (found by name, postcode verified)",BOBA BAR,Camden,Swiss Cottage,Takeaway,orders@bobabar.co.uk,1,,"10-12 New College Parade, Finchley Road",NW3 5EP,food standards agency,https://ratings.food.gov.uk/business/1251747
https://bobbyf.co.uk/,"own site (found by name, postcode verified)",Bobby Fitzpatrick,Camden,West Hampstead,Restaurant,events@bobbyf.co.uk,1,,273 West End Lane,NW6 1QS,food standards agency,https://ratings.food.gov.uk/business/960483
https://bobocharlotte.com/,own site,Bobo Social,Camden,Fitzrovia,Burger,,1,+44 20 7636 9310,95 Charlotte Street,W1T 4PZ,openstreetmap,https://www.openstreetmap.org/way/346670669
https://bohemiahouse.london/,"own site (found by name, postcode verified)",Bohemia House,Camden,Kilburn,Restaurant,davnem@gmail.com,1,,74 West End Lane,NW6 2LX,openstreetmap,https://www.openstreetmap.org/way/71218655
http://bombayflame.com,own site,Bombay Flame,Camden,Kilburn,Indian,info@bombayflame.com,1,+44 20 7625 5522,74 Kingsgate Road,NW6 4TE,openstreetmap,https://www.openstreetmap.org/way/237284936
https://bombaynightsrestaurants.co.uk,own site,Bombay Nights,Camden,West Hampstead,Indian,,1,+44 2074 350163,90 Fortune Green Road,NW6 1DS,openstreetmap,https://www.openstreetmap.org/node/11511905165
https://www.bombayno1.com/,"own site (found by name, postcode verified)",Bombay No1,Camden,Somers Town,Restaurant,bombaynum1@gmail.com,1,,48 Eversholt Street,NW1 1DA,food standards agency,https://ratings.food.gov.uk/business/1945697
https://bonedaddies.com/,chain site (same name as 4 mapped branches),Bone Daddies,Camden,St Giles,Asian; Japanese,hello@bonedaddies.com,6,,,,openstreetmap,https://www.openstreetmap.org/node/3687971010
https://bonzailondon.co.uk/,"own site (found by name, postcode verified)",BONZAI LONDON,Camden,Somers Town,Restaurant,,1,,7 Stanhope Parade,NW1 3RD,food standards agency,https://ratings.food.gov.uk/business/1660831
https://www.bradanddills.com/,"own site (found by name, postcode verified)",BRAD AND DILLS,Camden,Belsize Park,Restaurant,hello@bradanddills.com,1,,"Belle Vue Apartments, Rowland Hill Street",NW3 2AQ,food standards agency,https://ratings.food.gov.uk/business/1884376
https://www.braziliangourmet.co.uk/,own site,Brazilian Gourmet,Camden,Fitzrovia,Restaurant,info@braziliangourmet.co.uk,1,+44 20 7018 0879,70 Cleveland Street,W1T 6LY,openstreetmap,https://www.openstreetmap.org/way/435928163
https://drink.brewdog.com/uk/brewdog-seven-dials,own site,Brewdog,Camden,St Giles,Pub,,1,+44 20 7836 3119,142 Shaftesbury Avenue,WC2H 8HJ,openstreetmap,https://www.openstreetmap.org/way/347393523
https://briochebloom.com/,"own site (found by name, postcode verified)",BRIOCHE BLOOM,Camden,Primrose Hill,Restaurant,,1,,114 Boundary Road,NW8 0RH,food standards agency,https://ratings.food.gov.uk/business/1850307
https://www.brondesage.co.uk/,"own site (found by name, postcode verified)",Brondes Age,Camden,Kilburn,Pub,brondesagelondon@gmail.com,1,,328 Kilburn High Road,NW6 2QN,food standards agency,https://ratings.food.gov.uk/business/1097469
https://broskilounge.com/,"own site (found by name, postcode verified)",Broski Lounge,Camden,Fitzrovia,Restaurant,broski112@yahoo.com,1,,112 Whitfield Street,W1T 5EE,food standards agency,https://ratings.food.gov.uk/business/1316490
https://brunchandcrunch.co.uk/,"own site (found by name, postcode verified)",Brunch & Crunch,Camden,Fitzrovia,Breakfast,,1,,23 Warren Street,W1T 5LX,openstreetmap,https://www.openstreetmap.org/way/420411262
https://www.bubala.co.uk/kings-cross,own site,Bubala,Camden,King's Cross,Restaurant,reservations@bubala.co.uk,1,,,N1C 4ED,openstreetmap,https://www.openstreetmap.org/node/12855042934
https://www.crafted-social.co.uk/bucks-head-camden,own site,Bucks Head,Camden,Camden Town,Pub,,1,,202 Camden High Street,NW1 8QR,openstreetmap,https://www.openstreetmap.org/node/14206898648
https://www.bukburger.com/,own site,BUK,Camden,Chalk Farm,Burger,,1,+44 20 7482 0438,8 Ferdinand Street,NW1 8ER,openstreetmap,https://www.openstreetmap.org/node/9072146714
https://thebullandlast.co.uk,own site,Bull & Last,Camden,Gospel Oak,Pub,enquiries@thebullandlast.co.uk,1,+4420 726 73641,168 Highgate Road,,openstreetmap,https://www.openstreetmap.org/way/117607358
https://www.bunga90.com/,"own site (found by name, postcode verified)",Bunga Bunga,Camden,St Giles,Restaurant,wazzup@bunga90.com,1,,167 Drury Lane,WC2B 5PG,food standards agency,https://ratings.food.gov.uk/business/1019585
https://www.bunsik.co.uk/,"own site (found by name, postcode verified)",BUNSIK,Camden,Camden Town,Restaurant,,3,,230 Camden High Street,NW1 8QS,food standards agency,https://ratings.food.gov.uk/business/1560474
https://burgerandbeyond.co.uk,own site,Burger & Beyond,Camden,Camden Town,Burger,borough@burgerandbeyond.co.uk,7,,,,openstreetmap,https://www.openstreetmap.org/node/12765938430
https://burgerbites.co.uk/,own site,Burger Bites,Camden,Chalk Farm,Burger,hello@bitemeburgers.co.uk,1,,72-73 Chalk Farm Road,NW1 8AN,openstreetmap,https://www.openstreetmap.org/way/373710181
https://locations.burgerking.co.uk/london/117-kingsway,own site,Burger King,Camden,Holborn,Burger,,1,,117 Kingsway,WC2B 6PP,openstreetmap,https://www.openstreetmap.org/node/338507380
https://locations.burgerking.co.uk/london/27-29-euston-road,own site,Burger King,Camden,King's Cross,Burger,,1,,27-29 Euston Road,NW1 2SD,openstreetmap,https://www.openstreetmap.org/node/554975954
https://locations.burgerking.co.uk/london/barrier-line-euston-station,own site,Burger King,Camden,Somers Town,Burger,,1,,Eversholt Street,NW1 2DU,openstreetmap,https://www.openstreetmap.org/node/681199392
https://www.burghhouse.org.uk/,own site,Burgh House and Hampstead Museum,Camden,Hampstead,Restaurant,,1,,New End Square,NW3 1LT,openstreetmap,https://www.openstreetmap.org/way/77250946
https://www.busaba.com/,own site,Busaba,Camden,Bloomsbury,Asian,,6,,22 Store Street,WC1E 7DF,openstreetmap,https://www.openstreetmap.org/node/317291386
https://buvette-london.com,own site,Buvette,Camden,St Giles,French,,1,,2 Neal's Yard,WC2H 9DP,openstreetmap,https://www.openstreetmap.org/way/566375756
https://www.cabana-brasil.com/covent-garden,own site,Cabana,Camden,St Giles,Restaurant,,1,+44 20 7632 9630,7 Central St Giles Piazza,WC2H 8AB,openstreetmap,https://www.openstreetmap.org/way/364431773
https://cafeeastpho.com/,"own site (found by name, postcode verified)",CAFE EAST PHO,Camden,Bloomsbury,Restaurant,,1,,31-33 Bloomsbury Way,WC1A 2SA,food standards agency,https://ratings.food.gov.uk/business/1824252
https://cafepalestina.co.uk/,"own site (found by name, postcode verified)",Cafe Palestina,Camden,Kentish Town,Restaurant,info@cafepalestina.co.uk,2,,53 Fortess Road,NW5 1AD,food standards agency,https://ratings.food.gov.uk/business/1045543
https://whamlondon.com,own site,Cafe Wham,Camden,Chalk Farm,Breakfast,whamcamden@gmail.com,1,+44 7833 209928,29 Chalk farm road,,openstreetmap,https://www.openstreetmap.org/node/13992348266
https://cafebotanical.com/,own site,Cafebotanical,Camden,Bloomsbury,Breakfast,,1,,136 High Holborn,WC1V 6PX,openstreetmap,https://www.openstreetmap.org/node/13110583681
https://www.caffenero.com/uk/stores/kingsway,own site,Caffè Nero,Camden,Covent Garden,Breakfast,,1,,77D Kingsway,WC2B 6SR,openstreetmap,https://www.openstreetmap.org/node/338507462
https://www.caffenero.com/uk/stores/theobalds-rd,own site,Caffè Nero,Camden,Holborn,Breakfast,,1,,54 Theobalds Road,WC1X 8NW,openstreetmap,https://www.openstreetmap.org/node/647875599
https://www.caffenero.com/uk/stores/southampton-row,own site,Caffè Nero,Camden,Bloomsbury,Breakfast,,1,,,,openstreetmap,https://www.openstreetmap.org/node/4194381991
https://www.caffenero.com/uk/stores/euston-colonade,own site,Caffè Nero,Camden,Somers Town,Breakfast,,1,,Eversholt Street,NW1 2DU,openstreetmap,https://www.openstreetmap.org/node/4270686799
https://www.caffenero.com/uk/stores/62-tottenham-court-road,own site,Caffè Nero,Camden,Fitzrovia,Breakfast,,1,,62 Tottenham Court Road,W1T 2ER,openstreetmap,https://www.openstreetmap.org/node/6372063578
https://www.caffenero.com/uk/stores/central-st-giles,own site,Caffè Nero,Camden,St Giles,Breakfast,,1,,,,openstreetmap,https://www.openstreetmap.org/node/7277575658
https://www.caffenero.com/uk/stores/west-hampstead,own site,Caffè Nero,Camden,West Hampstead,Breakfast,,1,,,,openstreetmap,https://www.openstreetmap.org/node/9391872629
https://www.caffenero.com/uk/stores/hampstead,own site,Caffè Nero,Camden,Hampstead,Breakfast,,1,,1 Hampstead High Street,NW3 1PR,openstreetmap,https://www.openstreetmap.org/node/9812333926
https://www.caffenero.com/uk/stores/finchley-road,own site,Caffè Nero,Camden,Swiss Cottage,Breakfast,,1,,Finchley Road,,openstreetmap,https://www.openstreetmap.org/node/9828258104
https://www.caffenero.com/uk/stores/tcr-warren-st,own site,Caffè Nero,Camden,Fitzrovia,Breakfast,,1,,126 Tottenham Court Road,W1T 5AT,openstreetmap,https://www.openstreetmap.org/way/294873225
https://www.caffenero.com/uk/stores/seven-dials,own site,Caffè Nero,Camden,St Giles,Breakfast,,1,,30 Earlham Street,WC2H 9LX,openstreetmap,https://www.openstreetmap.org/way/349913645
https://caffetropea.co.uk/,"own site (found by name, postcode verified)",Caffè Tropea,Camden,Bloomsbury,Italian,info@caffetropea.co.uk,1,,Russell Square,WC1B 5EH,openstreetmap,https://www.openstreetmap.org/way/75302749
https://www.cafechula.co.uk/,own site,Café Chula,Camden,Camden Town,Mexican,hello@camdenlockside.co.uk,1,,75–89 Camden Lock Place,NW1 8AF,openstreetmap,https://www.openstreetmap.org/node/4321451979
https://www.cafedenata.com/,"own site (found by name, postcode verified)",Café de Nata,Camden,Camden Town,Bakery,info@cafedenata.com,6,,209-210 Chalk Farm Road,NW1 8AB,openstreetmap,https://www.openstreetmap.org/node/4440565062
https://www.cafe-deco.co.uk,own site,Café Deco,Camden,Bloomsbury,Cafe,hello@cafe-deco.co.uk,1,+44 20 8091 2108,43 Store Street,WC1E 7DB,openstreetmap,https://www.openstreetmap.org/way/392671913
https://www.cafe-koko.co.uk/,"own site (found by name, postcode verified)",Café KOKO,Camden,Somers Town,Restaurant,,1,,"Ground Floor, 74 Crowndale Road",NW1 1TP,food standards agency,https://ratings.food.gov.uk/business/1763258
https://www.cordonbleu.edu/london/cafe-le-cordon-bleu/en,own site,Café Le Cordon Bleu,Camden,Bloomsbury,French,london@cordonbleu.edu,1,,,,openstreetmap,https://www.openstreetmap.org/node/2904553101
https://www.caliendos.co.uk,own site,Caliendo's Gelato,Camden,Kentish Town,Ice cream,gelato@caliendos.co.uk,1,+44 20 7482 2791,182 Kentish Town Road,NW5 2AE,openstreetmap,https://www.openstreetmap.org/way/845842090
https://www.camdenbakery.com/,"own site (found by name, postcode verified)",Camden Bakery,Camden,Camden Town,Bakery,info@camdenbakery.com,1,,94 Camden High Street,NW1 0LT,food standards agency,https://ratings.food.gov.uk/business/950012
https://camdenbbq.co.uk/,"own site (found by name, postcode verified)",CAMDEN BBQ,Camden,Chalk Farm,BBQ,info@camdenbbq.co.uk,1,,18 Chalk Farm Road,NW1 8AG,food standards agency,https://ratings.food.gov.uk/business/1567470
https://camdentownbrewery.com/pages/visit-us,own site,Camden Beer Hall,Camden,Kentish Town,Burger; Pub,,1,,55-59 Wilkin Street Mews,NW5 3NN,openstreetmap,https://www.openstreetmap.org/node/4285984291
https://camdencocktailclub.com/,"own site (found by name, postcode verified)",Camden Cocktail Club,Camden,Camden Town,Restaurant,info@camdencocktailclub.com,1,,"Unit 48 West Yard Camden Lock Market First Floor, Camden Lock Place",NW1 8AF,food standards agency,https://ratings.food.gov.uk/business/1873738
https://www.maharanicamden.co.uk/,own site,Camden Maharani,Camden,Camden Town,Indian,,1,,109 Camden High Street,NW1 7JN,openstreetmap,https://www.openstreetmap.org/way/457644922
https://www.cameramuseum.uk/,"own site (found by name, postcode verified)",Camera Museum,Camden,Bloomsbury,Cafe,cameramuseumuk@gmail.com,1,,44 Museum Street,WC1A 1LY,openstreetmap,https://www.openstreetmap.org/node/5350044732
https://cantinacabana.uk/,"own site (found by name, postcode verified)",CANTINA CABANA,Camden,Camden Town / Chalk Farm / Euston / King's Cross / Primrose Hill / Somers Town,Mexican,,1,,"Unit M 198"" Second Floor, Water Lane. Hawley Wharf",NW1 8AA,food standards agency,https://ratings.food.gov.uk/business/1824253
http://cantonelement.co.uk/,"own site (found by name, postcode verified)",Canton Element,Camden,Holborn,Restaurant,contact@cantonelement.co.uk,1,,48 Red Lion Street,WC1R 4PF,food standards agency,https://ratings.food.gov.uk/business/842161
http://www.caravankingscross.co.uk/,own site,Caravan,Camden,King's Cross,Breakfast,,1,+44 20 7101 7661,1 Granary Square,N1C 4AA,openstreetmap,https://www.openstreetmap.org/node/2300722786
https://caravanrestaurants.co.uk/,chain site (same name as 6 mapped branches),Caravan,Camden,St Pancras,Breakfast,,5,,,,openstreetmap,https://www.openstreetmap.org/node/12651903739
https://www.carluccios.com/pages/restaurants/carluccios-st-pancras,own site,Carluccio's,Camden,King's Cross,Italian,stpancras@carluccios.co.uk,1,+44 20 3906 2097,First Floor Pancras Road,N1C 4QL,openstreetmap,https://www.openstreetmap.org/node/2850205346
https://www.casajako.com/,"own site (found by name, postcode verified)","Casa Jako,",Camden,Holborn,Restaurant,info@casajako.com,1,,29-30 High Holborn,WC1V 6AZ,food standards agency,https://ratings.food.gov.uk/business/1905002
https://www.casajardim.co.uk/,"own site (found by name, postcode verified)",Casa Jardim,Camden,St Pancras,Cafe,casajardimcafe@gmail.com,1,,3-5 Woburn Walk,WC1H 0JJ,openstreetmap,https://www.openstreetmap.org/node/9172365417
https://www.casatualondon.com/,own site,Casa Tua,Camden,King's Cross,Breakfast; Italian,casatuacamden@gmail.com,1,+44 207 833 1483,106 Cromer Street,WC1H 8BZ,openstreetmap,https://www.openstreetmap.org/node/4227764089
https://catalinas.co.uk/,"own site (found by name, postcode verified)",Catalina's,Camden,Fitzrovia,Cafe,bookings@catalinas.co.uk,1,,72 Cleveland Street,W1T 6LZ,openstreetmap,https://www.openstreetmap.org/way/435928165
https://chamisse.com/,own site,Chamisse,Camden,Holborn,Restaurant,info@chamisse.com,1,+44 20 7430 0799,55 Gray's Inn Road,WC1X 8PP,openstreetmap,https://www.openstreetmap.org/node/10247694982
https://www.chayan.uk/,"own site (found by name, postcode verified)",CHAYAN,Camden,St Giles,Takeaway,info@chayan.uk,3,,237 Shaftesbury Avenue,WC2H 8EH,food standards agency,https://ratings.food.gov.uk/business/1635477
https://www.chettinadrestaurant.com/,own site,Chettinad,Camden,Fitzrovia,Indian,,1,+44 20 3556 1229,16 Percy Street,W1T 1DT,openstreetmap,https://www.openstreetmap.org/way/425428379
https://chipotpot.co.uk/,"own site (found by name, postcode verified)",CHI POT POT,Camden,Holborn,Restaurant,info@chipotpot.co.uk,1,,25 Boswell Street,WC1N 3BW,food standards agency,https://ratings.food.gov.uk/business/1945688
https://www.chicknsours.co.uk/,"own site (found by name, postcode verified)",Chick n Sours,Camden,King's Cross,Takeaway,hello@chicknsours.co.uk,2,,257-259 Pentonville Road,N1 9NL,food standards agency,https://ratings.food.gov.uk/business/1891420
https://chickenshop.com/,chain site (same name as 3 mapped branches),Chicken Shop,Camden,Camden Town,Halal,hello@chickenshop.com,7,,159 Camden High Street,,openstreetmap,https://www.openstreetmap.org/node/2866270797
https://www.chilango.co.uk/,own site,Chilango,Camden,Holborn,Mexican,chancery@chilango.co.uk,2,,76 Chancery Lane,WC2A 1AA,openstreetmap,https://www.openstreetmap.org/way/421386550
https://chinchinicecream.com/,"own site (found by name, postcode verified)",CHIN CHIN ICE CREAM,Camden,St Giles,Ice cream,party@chinchinicecream.com,1,,"Earlham Street Market, Earlham Street",WC2H 9LX,food standards agency,https://ratings.food.gov.uk/business/1873721
http://www.chinchinlabs.com/,own site,Chin Chin Labs,Camden,Camden Town,Ice cream,party@chinchinicecream.com,1,,49–50 Camden Lock Place,NW1 8AF,openstreetmap,https://www.openstreetmap.org/node/4321207426
https://locations.chipotle.co.uk/gb/london/208-west-end-lane,own site,Chipotle,Camden,West Hampstead,Mexican,,1,+44 20 7487 2559,208 West End Lane,NW6 1UY,openstreetmap,https://www.openstreetmap.org/node/615937288
https://www.churroslondon.com/,"own site (found by name, postcode verified)",Churros Camden,Camden,Chalk Farm,Takeaway,mail@churroslondon.com,1,,"735 The Stables Market, Chalk Farm Road",NW1 8AH,food standards agency,https://ratings.food.gov.uk/business/998757
http://www.ciaobellarestaurant.co.uk/,own site,Ciao Bella,Camden,Holborn,Italian,info@ciaobellarestaurant.co.uk,1,+44 20 7242 4119,86-90 Lamb's Conduit Street,WC1N 3LZ,openstreetmap,https://www.openstreetmap.org/way/112564606
https://www.cinderrestaurant.co.uk/,"own site (found by name, postcode verified)",CINDER RESTAURANT,Camden,Belsize Park,Restaurant,hello@cinderrestaurant.co.uk,2,,66 Belsize Lane,NW3 5BJ,food standards agency,https://ratings.food.gov.uk/business/1363442
https://cinquecentopizzeria.com,own site,Cinquecento,Camden,Primrose Hill,Pizza,,3,,73 Haverstock Hill,NW3 4SL,openstreetmap,https://www.openstreetmap.org/way/1314165375
https://www.eatcitro.com/,own site,Citro,Camden,Highgate,Italian,info@eatcitro.com,1,+447840917586,15a Swain's Lane,N6 6QX,openstreetmap,https://www.openstreetmap.org/node/6985868787
https://cittieofyorkeholborn.co.uk/,own site,Cittie of Yorke,Camden,Holborn,Pub,info@cittieofyorkeholborn.co.uk,1,+44 20 7242 7670,22-23 High Holborn,WC1V 6BS,openstreetmap,https://www.openstreetmap.org/way/75422589
https://www.cleanersandcoffee.com/,"own site (found by name, postcode verified)",Cleaners & Coffee,Camden,Somers Town,Restaurant,customerservice@cleanersandcoffee.com,1,,2 Crowndale Road,NW1 1TT,food standards agency,https://ratings.food.gov.uk/business/1500547
https://coaloffice.com/,own site,Coal Office,Camden,King's Cross,Restaurant,hello@coaloffice.com,1,+44 20 3848 6085,2 Bagley Walk,N1C 4PQ,openstreetmap,https://www.openstreetmap.org/node/6142124767
https://www.cocodimama.co.uk/locations/london-holborn,own site,Coco di Mama,Camden,Holborn,Italian,,1,,124 High Holborn,WC1V 6AN,openstreetmap,https://www.openstreetmap.org/node/264515393
http://www.cocororestaurant.co.uk,own site,CoCoRo,Camden,Bloomsbury,Asian; Japanese,eat@cocororestaurant.co.uk,2,+44 20 7436 0550,25 Coptic Street,WC1A 1NT,openstreetmap,https://www.openstreetmap.org/way/555577072
https://www.cocorobloomsbury.co.uk/,"own site (found by name, postcode verified)",Cocoro Bloomsbury,Camden,Bloomsbury,Restaurant,,1,,25 Coptic Street,WC1A 1NT,food standards agency,https://ratings.food.gov.uk/business/586841
https://coffeewaybistro.co.uk/,own site,Coffee Way Bistro,Camden,Kentish Town,Breakfast; French,,1,,181 York Way,N7 9LN,openstreetmap,https://www.openstreetmap.org/node/9410502460
https://colonelsaab.co.uk/,own site,Colonel Saab,Camden,Bloomsbury,Indian,,2,,,WC1V 7BD,openstreetmap,https://www.openstreetmap.org/node/1124768316
http://cookiesandscream.com/,own site,Cookies & Scream,Camden,Camden Town,Bakery,,2,,Unit L1 Camden Lock Place,NW1 8AL,openstreetmap,https://www.openstreetmap.org/node/4440565052
https://www.coopersarmskilburn.co.uk/,own site,Coopers Arms,Camden,Kilburn,Pub,,1,+44 20 7644 9951,164 Kilburn High Road,NW6 4JD,openstreetmap,https://www.openstreetmap.org/way/123092742
https://www.costa.co.uk/stores/london-holborn-chancery-ln,own site,Costa,Camden,Holborn,Breakfast,,1,+44 333 003 5883,5 High Holborn,,openstreetmap,https://www.openstreetmap.org/node/13742320776
https://creamscafe.com/,chain site (same name as 18 mapped branches),Creams,Camden,King's Cross,Ice cream,,5,,327,WC1X 8PX,openstreetmap,https://www.openstreetmap.org/node/12944833570
https://www.creamscafe.com/our-stores/kentish-town/,own site,Creams,Camden,Kentish Town,Ice cream,kentishtown@creamscafe.com,1,,246-248 Kentish Town Road,NW5 2AB,openstreetmap,https://www.openstreetmap.org/way/878202920
https://www.crepesalacarte.co.uk/,"own site (found by name, postcode verified)",Crepes A La Carte,Camden,Camden Town,Takeaway,crepesalacartelondon@gmail.com,1,,112 Kentish Town Road,NW1 9PX,food standards agency,https://ratings.food.gov.uk/business/1059172
https://www.thecrownandanchornw1.co.uk/,own site,Crown & Anchor,Camden,Somers Town,Pub,,1,+44 20 7383 2681,137 Drummond Street,NW1 2HL,openstreetmap,https://www.openstreetmap.org/way/337127150
https://eatcrudo.com/,own site,Crudo Covent Garden,Camden,St Giles,Restaurant,hola@eatcrudo.com,1,,36 Monmouth Street,,openstreetmap,https://www.openstreetmap.org/node/13883045301
https://www.sevendialsmarket.com/vendor/cucumber-alley/,own site,Cucumber Alley,Camden,St Giles,Food court,megan@sevendialsmarket.com,1,,,,openstreetmap,https://www.openstreetmap.org/node/7291767085
https://www.curledleaf.co.uk,own site,Curled Leaf,Camden,West Hampstead,Cafe,,1,+44 2077 946296,98 Mill Lane,NW6 1NQ,openstreetmap,https://www.openstreetmap.org/node/11518577203
https://daakoo.co.uk/,"own site (found by name, postcode verified)",DAAKOO,Camden,West Hampstead,Takeaway,info@daakoo.co.uk,1,,104 West End Lane,NW6 2LS,food standards agency,https://ratings.food.gov.uk/business/1363447
https://www.daddydonkey.co.uk/,own site,Daddy Donkey,Camden,Clerkenwell,Mexican,info@daddydonkey.co.uk,1,+44 20 7404 4173,50b Leather Lane,EC1N 7TP,openstreetmap,https://www.openstreetmap.org/node/4262451640
https://www.daisygreenfood.com/,"own site (found by name, postcode verified)",DAISY GREEN FOOD LTD,Camden,Gospel Oak,Restaurant,reservations@daisygreenfood.com,2,,"Parliament Hill Fields, Highgate Road",NW5 1QR,food standards agency,https://ratings.food.gov.uk/business/1934408
https://daisyslondon.com/,"own site (found by name, postcode verified)",DAISY'S,Camden,Holborn,Restaurant,,1,,16 Mount Pleasant,WC1X 0BU,food standards agency,https://ratings.food.gov.uk/business/1942048
https://dallowayterrace.com/,own site,Dalloway Terrace,Camden,Bloomsbury,Restaurant,info@dallowayterrace.com,1,+44 20 7347 1221,16-22 Great Russell Street,WC1B 3NN,openstreetmap,https://www.openstreetmap.org/node/5595288322
https://damnyankee.co.uk/,"own site (found by name, postcode verified)",DAMN YANKEE,Camden,St Giles,Restaurant,hello@damnyankee.co.uk,1,,175 Drury Lane,WC2B 5QF,food standards agency,https://ratings.food.gov.uk/business/1755290
https://dapur.co.uk/,own site,Dapur,Camden,Holborn,Asian,holborn@dapur.co.uk,1,+44 20 7405 4659,13 Lambs Conduit Passage,WC1R 4RH,openstreetmap,https://www.openstreetmap.org/node/12654088702
https://www.dartmoutharms.co.uk/,"own site (found by name, postcode verified)",Dartmouth Arms,Camden,Gospel Oak,Pub,hello@dartmoutharms.co.uk,1,+44 20 7267 1605,35 York Rise,NW5 1SP,openstreetmap,https://www.openstreetmap.org/node/2636979676
https://dezamore.co.uk/,"own site (found by name, postcode verified)",DEZ AMORE,Camden,Chalk Farm,Restaurant,hello@dezamore.co.uk,3,,"Italian Alley 4 Ground Floor The Stables Market, Chalk Farm Road",NW1 8AH,food standards agency,https://ratings.food.gov.uk/business/1485765
https://www.didisjuicebar.com/,"own site (found by name, postcode verified)",DIDI'S JUICE BAR,Camden,Belsize Park,Takeaway,hello@didisjuicebar.com,1,,199 Haverstock Hill,NW3 4QG,food standards agency,https://ratings.food.gov.uk/business/1593933
https://dintaifung-uk.com/,own site,Din Tai Fung,Camden,St Giles,Asian; Chinese,,1,,11 St Giles Square,WC2H 8AP,openstreetmap,https://www.openstreetmap.org/node/10271039855
https://www.dishoom.com/kings-cross/,own site,Dishoom,Camden,King's Cross,Indian,,1,+44 20 7420 9321,5 Stable Street,N1C 4AB,openstreetmap,https://www.openstreetmap.org/node/3501612811
https://www.diwanalondon.com/,"own site (found by name, postcode verified)",Diwana,Camden,Somers Town,Indian,dbhkltd@gmail.com,1,+44 20 7387 5556,121-123 Drummond Street,NW1 2HL,openstreetmap,https://www.openstreetmap.org/way/429377502
https://nederlander.co.uk/dominion,"own site (found by name, postcode verified)",Dominion Theatre,Camden,Fitzrovia,Pub,aldwych.boxoffice@nederlander.co.uk,1,,"The Dominion Theatre, 268-269 Tottenham Court Road",W1T 7AQ,food standards agency,https://ratings.food.gov.uk/business/426465
https://dominiquescafe.co.uk/,own site,Dominique's,Camden,Belsize Park,Breakfast; Ice cream,,1,+44 20 7431 9929,19 South End Road,NW3 2PT,openstreetmap,https://www.openstreetmap.org/way/67555366
https://www.dominos.co.uk/pizza-near-me/london/166-finchley-road,own site,Domino's,Camden,Swiss Cottage,Pizza,,1,,Finchley Road,NW3 6BP,openstreetmap,https://www.openstreetmap.org/way/548327124
https://www.dominos.co.uk/pizza-near-me/london/194-kentish-town-road,own site,Domino's,Camden,Kentish Town,Pizza,,1,,194 Kentish Town Road,NW5 2AE,openstreetmap,https://www.openstreetmap.org/way/864003577
https://drakeandmorgan.co.uk/kings-cross/,own site,Drake & Morgan,Camden,King's Cross,Breakfast,,1,,6 Pancras Square,N1C 4AG,openstreetmap,https://www.openstreetmap.org/node/3858559711
https://www.drummondvilla.co.uk/,own site,Drummond Villa,Camden,Somers Town,Indian,drummondvilla@gmail.com,1,+44 20 7388 2699,118 Drummond Street,NW1 2HN,openstreetmap,https://www.openstreetmap.org/way/337134172
https://drury188189.co.uk/,own site,Drury 188-189,Camden,St Giles,Cafe,esra@drury188198.co.uk,3,+44 20 7404 7664,188-189 Drury Lane,WC2B 5QD,openstreetmap,https://www.openstreetmap.org/way/278118729
https://www.dukeofstalbans.com/,own site,Duke of St. Albans,Camden,Gospel Oak,Pub,nell@dukeofstalbans.com,1,,15 Highgate Road,NW5 1QX,openstreetmap,https://www.openstreetmap.org/node/98170592
https://www.earlybeescoffee.com/,"own site (found by name, postcode verified)",EARLY BEES COFFEE,Camden,Bloomsbury / Holborn / King's Cross / St Pancras,Restaurant,,3,,"UNIT 1B, 100-110 HIGH HOLBORN",WC1V 6QL,food standards agency,https://ratings.food.gov.uk/business/1813668
https://www.eastwestlondon.com/,"own site (found by name, postcode verified)",East West,Camden,Kentish Town,Restaurant,bookings@eastwestlondon.com,3,,135 Fortess Road,NW5 2HR,food standards agency,https://ratings.food.gov.uk/business/1251783
https://www.eattokyo.co.uk/holborn,own site,Eat Tokyo,Camden,Holborn,Asian; Japanese,,1,+44 20 7242 3490,50 Red Lion Street,WC1R 4PF,openstreetmap,https://www.openstreetmap.org/node/2003050753
https://www.eggslut.uk/,own site,Eggslut,Camden,Fitzrovia,Burger,ask@eggslut.uk,4,+44 20 3673 6762,19 Percy Street,W1T 1DY,openstreetmap,https://www.openstreetmap.org/way/425428374
https://www.ekinrestaurant.co.uk/,"own site (found by name, phone verified)",Ekin,Camden,Kilburn,Restaurant,,2,+44 20 7624 7570,240 Belsize Road,,openstreetmap,https://www.openstreetmap.org/way/108077485
https://www.tacoselpastor.co.uk,own site,El Pastor,Camden,King's Cross,Mexican,,2,,,N1C 4DQ,openstreetmap,https://www.openstreetmap.org/node/7787693077
https://electricshuffle.com/uk/london/kingscross,own site,Electric Shuffle,Camden,King's Cross,Bar,press@electricshuffle.com,1,,1 Lewis Cubitt Park,N1C 4EJ,openstreetmap,https://www.openstreetmap.org/node/12855041571
https://elmontaserbakery.co.uk/,"own site (found by name, postcode verified)",ELMONTASER BAKERY,Camden,Primrose Hill,Bakery,order@elmontaserbakery.co.uk,1,,71 Quickswood,NW3 3RT,food standards agency,https://ratings.food.gov.uk/business/1320237
https://elsabistro.co.uk/,own site,Elsa Bistro and Wine House,Camden,Fitzrovia,French,hello@elsabistro.co.uk,2,+44 7498 905392,10 Charlotte Street,W1T 2LT,openstreetmap,https://www.openstreetmap.org/way/122020338
https://www.elyseerestaurant.com/,own site,Elysée,Camden,Fitzrovia,Greek,info@elyseerestaurant.com,1,,13 Percy Street,W1T 1DP,openstreetmap,https://www.openstreetmap.org/way/425428388
https://www.englandslanecafe.com/,"own site (found by name, postcode verified)",Englands Lane Cafe,Camden,Belsize Park,Restaurant,hello@englandslanecafe.com,1,,2 & 2a England's Lane,NW3 4TG,food standards agency,https://ratings.food.gov.uk/business/1229825
https://www.engocha.co.uk/,"own site (found by name, postcode verified)",Engocha,Camden,Kentish Town,Cafe,,1,,143 Fortess Road,NW5 2HR,openstreetmap,https://www.openstreetmap.org/way/1035347429
https://www.epicuruscamden.co.uk/,"own site (found by name, postcode verified)",EPICURUS CAMDEN,Camden,Chalk Farm,Restaurant,hello@epicuruscamden.co.uk,1,,"Unit 90 The North Yard.  The Stables Market, Chalk Farm Road",NW1 8AH,food standards agency,https://ratings.food.gov.uk/business/1648449
https://www.escapemornington.co.uk/,own site,Escape Sports Bar & Restaurant,Camden,Somers Town,Pub,,1,+44 207 387 2988,2 Lidlington Place,NW1 2JU,openstreetmap,https://www.openstreetmap.org/node/293754855
https://ethouse.co.uk/,"own site (found by name, postcode verified)",ET HOUSE - SWISS COTTAGE,Camden,West Hampstead,Restaurant,,1,,65 Fairfax Road,NW6 4EE,food standards agency,https://ratings.food.gov.uk/business/1728471
https://www.eustonflyer.co.uk/,own site,Euston Flyer,Camden,King's Cross,Pub,,1,,83-87 Euston Road,NW1 2RA,openstreetmap,https://www.openstreetmap.org/node/332118048
http://eustontap.com,own site,Euston Tap,Camden,Somers Town,Pub,info@eustontap.com,1,+44 20 3137 8837,190 Euston Road,NW1 2EF,openstreetmap,https://www.openstreetmap.org/way/93710880
https://fabrique.co.uk/,chain site (same name as 3 mapped branches),Fabrique,Camden,Holborn,Bakery,info@fabrique.co.uk,7,,239 High Holborn,,openstreetmap,https://www.openstreetmap.org/node/338507316
https://www.farmerj.com/location/tottenham-court-road/,own site,Farmer J,Camden,Fitzrovia,Takeaway,,1,,237-238 Tottenham Court Road,W1T 7QP,openstreetmap,https://www.openstreetmap.org/way/1446233898
https://www.farmhousekitchen.uk/,"own site (found by name, postcode verified)",Farmhouse Kitchen,Camden,Fitzrovia,Cafe,tom@farmhousekitchen.uk,1,,35 Conway Street,W1T 6BW,openstreetmap,https://www.openstreetmap.org/node/3011417281
https://www.fengshang.co.uk/,own site,Feng Shang,Camden,Chalk Farm,Asian; Chinese,info@fengshang.co.uk,1,+44 20 7485 8137,,NW1 7SS,openstreetmap,https://www.openstreetmap.org/way/213504665
https://fiena.co.uk/,"own site (found by name, postcode verified)",Fiena Café,Camden,King's Cross,Cafe,info@fiena.co.uk,1,,4 Leigh Street,WC1H 9QX,openstreetmap,https://www.openstreetmap.org/way/136894922
https://figandwalnutkitchen.co.uk/,"own site (found by name, postcode verified)",fig & walnut,Camden,St Pancras,Restaurant,,1,,75-77 Marchmont Street,WC1N 1AP,openstreetmap,https://www.openstreetmap.org/way/802707390
https://fishplaice.london/,"own site (found by name, postcode verified)",Fish Plaice,Camden,Bloomsbury,Seafood,,1,,32 Museum Street,WC1A 1LH,openstreetmap,https://www.openstreetmap.org/way/553157395
https://fitzroviahospital.com/,"own site (found by name, postcode verified)",FITZROVIA HOSPITAL,Camden,Fitzrovia,Restaurant,enquiries@fitzroviahospital.com,1,,13-14 Fitzroy Square,W1T 6AH,food standards agency,https://ratings.food.gov.uk/business/1436645
https://fitzroytavern.co.uk/,own site (Wikidata),Fitzroy Tavern,Camden,Fitzrovia,Pub,info@fitzroytavern.co.uk,1,+44 20 7580 3714,16 Charlotte Street,W1T 2LY,openstreetmap,https://www.openstreetmap.org/way/138339524
https://restaurants.fiveguys.co.uk/greater-london/287/297-pentonville-rd,own site,Five Guys,Camden,King's Cross,Burger,,1,,287-297 Pentonville Road,N1 9NP,openstreetmap,https://www.openstreetmap.org/node/4222517429
https://restaurants.fiveguys.co.uk/greater-london/266-tottenham-court-road,own site,Five Guys,Camden,Fitzrovia,Burger,,1,,266 Tottenham Court Road,W1T 7RQ,openstreetmap,https://www.openstreetmap.org/way/294640990
https://restaurants.fiveguys.co.uk/greater-london/32-parkway,own site,Five Guys,Camden,Camden Town,Burger,,1,,32 Parkway,NW1 7AH,openstreetmap,https://www.openstreetmap.org/way/451762724
https://flaminspice.com/,"own site (found by name, postcode verified)",Flamin Spice,Camden,Camden Town,Takeaway,,1,,35 Pratt Street,NW1 0BG,food standards agency,https://ratings.food.gov.uk/business/1657212
https://flatironsteak.co.uk/,chain site (same name as 4 mapped branches),Flat Iron,Camden,St Giles,Restaurant,sustainability@flatironsteak.co.uk,11,,9 Denmark Street,WC2H 8LS,food standards agency,https://ratings.food.gov.uk/business/943069
https://flatironsteak.co.uk/restaurant/tottenham-court-road/,own site,Flat Iron Tottenham Court Road,Camden,St Giles,Steak,sustainability@flatironsteak.co.uk,1,,9 Denmark Street,WC2H 8LS,openstreetmap,https://www.openstreetmap.org/node/5857437388
https://fongskitchenonline.co.uk/,own site,Fong's Kitchen,Camden,Gospel Oak,Asian; Chinese,,1,+44 20 7485 3346,,,openstreetmap,https://www.openstreetmap.org/node/13593770236
https://www.fortitudebakehouse.com,own site,Fortitude,Camden,Bloomsbury,Cafe,,2,,35 Colonnade,WC1N 1JA,openstreetmap,https://www.openstreetmap.org/node/5456244922
https://www.fortnumandmason.com/st-pancras,own site,Fortnum & Mason,Camden,King's Cross,Deli,,1,+44 20 7734 8040,Pancras Road,N1C 4QP,openstreetmap,https://www.openstreetmap.org/node/3310086158
https://fortunecafe.co.uk,own site,Fortune Café,Camden,West Hampstead,Cafe,info@fortunecafe.co.uk,1,+44 20 3874 8033,110 Fortune Green Road,NW6 1DH,openstreetmap,https://www.openstreetmap.org/node/11510909813
https://www.francomanca.co.uk/restaurants/belsize-park/,own site,Franco Manca,Camden,Belsize Park,Pizza,,1,+44 20 7794 2773,216 Haverstock Hill,NW3 2AE,openstreetmap,https://www.openstreetmap.org/node/800600510
https://www.francomanca.co.uk/restaurants/russell-square/,own site,Franco Manca,Camden,Bloomsbury,Pizza,,1,+44 20 3026 8618,4 Bernard Street,WC1N 1LJ,openstreetmap,https://www.openstreetmap.org/node/4842270130
https://www.francomanca.co.uk/restaurants/kentish-town/,own site,Franco Manca,Camden,Kentish Town,Pizza,,1,,337 Kentish Town Road,,openstreetmap,https://www.openstreetmap.org/way/291698473
https://francomanca.co.uk/,chain site (same name as 37 mapped branches),FRANCO MANCA,Camden,Bloomsbury,Restaurant,,7,,82 New Oxford Street,WC1A 1HB,food standards agency,https://ratings.food.gov.uk/business/1763241
https://fratellipizzeria.co.uk/,own site,Fratelli Pizzeria,Camden,Kentish Town,Pizza,,1,,227 Brecknock Road,N19 5AA,openstreetmap,https://www.openstreetmap.org/node/9517032249
https://frenchtacos.co.uk/,"own site (found by name, postcode verified)",FRENCH TACOS UK (KENTISH TOWN),Camden,Kentish Town,French; Tacos,info@frenchtacos.co.uk,3,,"Unit36Jml House, Regis Road",NW5 3EW,food standards agency,https://ratings.food.gov.uk/business/1891432
https://freshandorganic.uk/,"own site (found by name, postcode verified)",Fresh And Organic,Camden,St Giles,Restaurant,,1,,174 Drury Lane,WC2B 5QF,food standards agency,https://ratings.food.gov.uk/business/1109858
https://fridacamden.com/,"own site (found by name, postcode verified)",Frida Camden,Camden,Camden Town,Restaurant,info@fridacamden.com,1,,40 Camden High Street,NW1 0JH,food standards agency,https://ratings.food.gov.uk/business/1036598
https://www.greeneking.co.uk/pubs/greater-london/friend-at-hand,own site,Friend at Hand,Camden,Bloomsbury,Pub,,1,+44 20 7837 5524,2-4 Herbrand Street,WC1N 1HX,openstreetmap,https://www.openstreetmap.org/node/2316821043
https://fushanrestaurant.com/,"own site (found by name, postcode verified)",Fushan Restaurant,Camden,Bloomsbury,Restaurant,hello@fushanrestaurant.com,1,,44 New Oxford Street,WC1A 1ES,openstreetmap,https://www.openstreetmap.org/way/377067561
https://gails.com/pages/swains-lane,own site,GAIL's,Camden,Highgate,Bakery,,1,+44 20 8348 5293,21 Swain's Lane,N6 6QX,openstreetmap,https://www.openstreetmap.org/node/5552343719
https://gails.com/pages/kings-cross,own site,GAIL's,Camden,King's Cross,Bakery,,1,,12 Handyside Street,N1C 4DN,openstreetmap,https://www.openstreetmap.org/node/9379765858
https://gails.com/pages/holborn,own site,GAIL's,Camden,Holborn,Bakery,,1,,262 High Holborn,,openstreetmap,https://www.openstreetmap.org/node/10822472804
https://gails.com/pages/euston,own site,GAIL's,Camden,St Pancras,Bakery,,1,,,,openstreetmap,https://www.openstreetmap.org/node/11811065252
https://gails.com/pages/st-pancras,own site,GAIL's,Camden,King's Cross,Bakery,,1,+44 20 4546 8173,,N1C 4QP,openstreetmap,https://www.openstreetmap.org/node/12589665922
https://gails.com/pages/south-end-green,own site,GAIL's,Camden,Belsize Park,Bakery,,1,,1 South End Road,NW3 2PT,openstreetmap,https://www.openstreetmap.org/way/67555362
https://gails.com/pages/hampstead,own site,GAIL's,Camden,Hampstead,Bakery,,1,,64 Hampstead High Street,NW3 1QH,openstreetmap,https://www.openstreetmap.org/way/199398427
https://gails.com/pages/kentish-town,own site,GAIL's,Camden,Kentish Town,Bakery,,1,,204 Kentish Town Road,NW5 2AD,openstreetmap,https://www.openstreetmap.org/way/275448324
https://gails.com/pages/brunswick-centre,own site,GAIL's,Camden,St Pancras,Bakery,,1,,48-50 Brunswick Centre,WC1N 1AE,openstreetmap,https://www.openstreetmap.org/way/291643503
https://gails.com/pages/bloomsbury,own site,GAIL's,Camden,Bloomsbury,Bakery,,1,,11-13 Bayley Street,WC1B 3HD,openstreetmap,https://www.openstreetmap.org/way/294646436
https://gails.com/pages/belsize-park,own site,GAIL's,Camden,Belsize Park,Bakery,,1,,167 Haverstock Hill Haverstock Hill,NW3 4QT,openstreetmap,https://www.openstreetmap.org/way/1105250386
https://galvinrestaurants.com/restaurant/galvin-bar-and-grill/,own site,Galvin Bar & Grill,Camden,Bloomsbury,Restaurant,elise@galvinrestaurants.com,1,,1-8 Russell Square,WC1B 5BE,openstreetmap,https://www.openstreetmap.org/node/9513436817
https://gatehouselaw.co.uk/,"own site (found by name, postcode verified)",GATE HOUSE CHAMBERS,Camden,Holborn,Restaurant,steam@gatehouselaw.co.uk,1,,1 Lady Hale Gate,WC1X 8BS,food standards agency,https://ratings.food.gov.uk/business/1755288
https://geamos.co.uk/,"own site (found by name, postcode verified)",Geamos,Camden,Primrose Hill,Restaurant,info@geamos.co.uk,1,,122 Boundary Road,NW8 0RH,openstreetmap,https://www.openstreetmap.org/way/792327526
https://gebetaethiopianrestaurant.com/,"own site (found by name, postcode verified)",Gebeta Ethiopian Restaurant,Camden,Clerkenwell,Restaurant,gebetacatering@gmail.com,1,,51 Leather Lane,EC1N 7TJ,food standards agency,https://ratings.food.gov.uk/business/1425462
https://www.germangymnasium.com/,own site,German Gymnasium,Camden,King's Cross,Restaurant,reservations@germangymnasium.com,1,+44 20 7287 8000,1 King's Boulevard,N1C 4BU,openstreetmap,https://www.openstreetmap.org/way/46821178
http://gigglingangel.uk/,"own site (found by name, postcode verified)",Giggling Angel,Camden,Kilburn,Breakfast,info@gigglingangel.uk,1,+44 7912 352766,338b Kilburn High Road,NW6 2QN,openstreetmap,https://www.openstreetmap.org/way/75640206
https://www.gigsfishandchips.com/,own site,Gigs,Camden,Fitzrovia,Seafood,info@gigsrestaurant.com,1,+44 20 7636 1424,12 Tottenham Street,W1T 4RE,openstreetmap,https://www.openstreetmap.org/way/348812067
https://glasscoffee.co.uk/,"own site (found by name, postcode verified)",Glass Coffee,Camden,Camden Town,Takeaway,,1,,"Unit 215 Buck Street Market, 180-188 Camden High Street",NW1 8QP,food standards agency,https://ratings.food.gov.uk/business/1420397
https://gnocchi-bar.co.uk/,"own site (found by name, postcode verified)",GNOCCHI BAR,Camden,Camden Town / Chalk Farm / Euston / King's Cross / Primrose Hill / Somers Town,Restaurant,,2,,"Arch S12, Water Lane",NW1 8JY,food standards agency,https://ratings.food.gov.uk/business/1768451
https://gokyuzurestaurant.co.uk/,chain site (same name as 4 mapped branches),GOKYUZU,Camden,Kentish Town,Restaurant,info@gokyuzurestaurant.co.uk,1,,339 Kentish Town Road,NW5 2TJ,food standards agency,https://ratings.food.gov.uk/business/1560490
https://goldenvalleycamden.co.uk/,own site,Golden Valley,Camden,Kentish Town,Asian; Chinese,,1,,177 York Way,N7 9LN,openstreetmap,https://www.openstreetmap.org/node/9410502462
https://studentsunionucl.org/eat-drink-shop/cafes/gordons-cafe,own site,Gordon's Café,Camden,St Pancras,Cafe,,1,,25 Gordon Street,WC1H 0AY,openstreetmap,https://www.openstreetmap.org/node/1043301728
https://www.gbk.co.uk/,own site,Gourmet Burger Kitchen,Camden,West Hampstead,Burger,,2,+44 20 7794 5455,331 West End Lane,,openstreetmap,https://www.openstreetmap.org/node/642231651
https://gourmetsushi.co.uk/,"own site (found by name, postcode verified)",GOURMET SUSHI LIMITED,Camden,Bloomsbury,Sushi,,3,,76 Southampton Row,WC1B 4AR,food standards agency,https://ratings.food.gov.uk/business/1670133
https://govindas.london/,"own site (found by name, postcode verified)",GOVINDAS,Camden,Holborn,Restaurant,info@govindas.london,2,,57 Theobald's Road,WC1X 8SP,food standards agency,https://ratings.food.gov.uk/business/1934377
https://www.gracieshampstead.com/,"own site (found by name, postcode verified)",GRACIE'S HAMPSTEAD,Camden,Belsize Park / Frognal / Gospel Oak / Hampstead / North End / Primrose Hill / Swiss Cottage,Restaurant,info@gracieshampstead.com,1,,294 Hampstead High Street,NW3 1QA,food standards agency,https://ratings.food.gov.uk/business/1924315
https://www.granarysquarebrasserie.com/,own site,Granary Square Brasserie,Camden,King's Cross,French,,1,,1-3 Stable Street,N1C 4AB,openstreetmap,https://www.openstreetmap.org/node/2713224951
https://grangerandco.com,own site,Granger & Co.,Camden,King's Cross,Restaurant,info@grangerandco.com,4,+44 20 3058 2567,7 Pancras Square,N1C 4AG,openstreetmap,https://www.openstreetmap.org/node/4270651266
https://www.greenberrycafe.co.uk/,own site,Greenberry,Camden,Primrose Hill,Cafe,reservations@greenberrycafe.co.uk,1,+44 20 7483 3765,101 Regent's Park Road,NW1 8UR,openstreetmap,https://www.openstreetmap.org/way/1028386432
https://www.guanabanarestaurant.com/,"own site (found by name, postcode verified)",Guanabana,Camden,Camden Town,Restaurant,bookings@guanabanarestaurant.com,1,,85 Kentish Town Road,NW1 8NY,openstreetmap,https://www.openstreetmap.org/way/85258716
https://guilinramenhouse.co.uk/,"own site (found by name, postcode verified)",GUILIN RAMEN HOUSE,Camden,Fitzrovia,Japanese,,1,,64 Grafton Way,W1T 5DP,food standards agency,https://ratings.food.gov.uk/business/1726428
https://guptas.co.uk/,"own site (found by name, postcode verified)",Guptas,Camden,Somers Town,Takeaway,contact@guptas.co.uk,1,,100 Drummond Street,NW1 2HN,food standards agency,https://ratings.food.gov.uk/business/426261
https://hakkasan.com/locations/hakkasan-hanway-place/,own site,Hakkasan,Camden,Fitzrovia,Chinese,,1,+44 20 7927 7000,8 Hanway Place,W1T 1HD,openstreetmap,https://www.openstreetmap.org/node/699779199
https://halfcup.co.uk/,own site,Half Cup,Camden,King's Cross,Breakfast,hello@halfcup.co.uk,2,+44 20 8617 7835,100-102 Judd Street,WC1H 9NT,openstreetmap,https://www.openstreetmap.org/node/3080553851
http://www.hankang.co.uk/hankang.html,own site,Han Kang,Camden,Fitzrovia,Asian; Korean,,1,+44 20 7637 1410,16 Hanway Street,W1T 1UE,openstreetmap,https://www.openstreetmap.org/node/699782222
https://hansandgretel.co.uk/,"own site (found by name, postcode verified)",Hans and Gretel,Camden,Chalk Farm,Takeaway,info@hansandgretel.co.uk,1,,"91 The Stables Market, Chalk Farm Road",NW1 8AH,food standards agency,https://ratings.food.gov.uk/business/1214134
https://happyface.pizza,own site,Happy Face Pizza,Camden,King's Cross,Pizza,,1,,14 Handyside Street,N1C 4DN,openstreetmap,https://www.openstreetmap.org/node/6911445714
https://happylambuk.com/restaurants/holborn/,own site,Happy Lamb Hot Pot,Camden,Bloomsbury,Restaurant,bayswaterhotpot@gmail.com,1,,2 New Oxford Street,WC1A 1AD,openstreetmap,https://www.openstreetmap.org/node/6652243316
https://harrysdolcevita.com/restaurants/harrys-kings-cross/,own site,Harry's,Camden,King's Cross,Italian,,1,+44 20 4525 0874,3 King's Boulevard,N1C 4BU,openstreetmap,https://www.openstreetmap.org/node/3811097648
https://www.castlehaven.org.uk/,own site,Haven Youth Cafe,Camden,Camden Town,Cafe,info@castlehaven.org.uk,1,+44 20 7681 8643,23 Castlehaven Road,,openstreetmap,https://www.openstreetmap.org/node/931637161
https://thehawksmoor.com/locations/st-pancras,own site,Hawksmoor,Camden,King's Cross,Steak,stpancras@thehawksmoor.com,1,,Euston Road,NW1 2AR,openstreetmap,https://www.openstreetmap.org/node/4173541030
https://haylaz.uk/,own site,Haylaz Brasserie & Tapas,Camden,Kentish Town,French; Spanish,,1,+44 20 3601 1900,153 Fortess Road,NW5 2HR,openstreetmap,https://www.openstreetmap.org/node/13094555323
https://hazararestaurant.com/,"own site (found by name, postcode verified)",Hazara Restaurant,Camden,Belsize Park,Restaurant,,1,,44-46 Belsize Lane,NW3 5AR,food standards agency,https://ratings.food.gov.uk/business/653482
https://heathstreetkitchen.com/,"own site (found by name, postcode verified)",Heath Street Kitchen,Camden,Hampstead,Restaurant,,1,,20b Heath Street,NW3 6TE,food standards agency,https://ratings.food.gov.uk/business/1542731
http://www.herculespillars.co.uk/,own site,Hercules Pillars,Camden,Covent Garden,Pub,,1,,18 Great Queen Street,WC2B 5DG,openstreetmap,https://www.openstreetmap.org/way/277929202
https://www.hiba-express.co.uk/hiba-express/,own site,Hiba Express,Camden,Holborn,Halal,hibaexpress@gmail.com,1,+44 20 7831 5171,113 High Holborn,WC1V 6JQ,openstreetmap,https://www.openstreetmap.org/node/10804707265
https://www.hiba-express.co.uk/hiba-street/,own site,Hiba Street,Camden,Fitzrovia,Halal,,1,+44 20 7636 6735,10 Tottenham Street,W1T 4RD,openstreetmap,https://www.openstreetmap.org/way/348812071
https://hidencurry.com/,own site,Hiden,Camden,King's Cross,Indian,info@hidencurry.com,2,,Coal Drops Yard,N1C 4DR,openstreetmap,https://www.openstreetmap.org/node/8749776418
https://www.hiro100.com,own site,Hiro,Camden,Swiss Cottage,Asian; Chinese,,1,,100 Boundary Road,,openstreetmap,https://www.openstreetmap.org/way/792327537
https://www.hokolondon.co/hoko-wonton-noodles-seven-dials-market,own site,HOKO Wonton Noodles,Camden,St Giles,Asian; Chinese,info@hokolondon.co,1,,35 Earlham Street,WC2H 9LX,openstreetmap,https://www.openstreetmap.org/node/13917542391
https://www.rosewoodhotels.com/en/london/dining/holborn-dining-room,own site,Holborn Dining Room,Camden,Holborn,Restaurant,london@rosewoodhotels.com,1,+44 20 3747 8633,252 High Holborn,WC1V 7EN,openstreetmap,https://www.openstreetmap.org/node/703362628
https://www.homeslicepizza.co.uk/,own site,Homeslice,Camden,St Giles,Pizza,nealsyard@homeslicepizza.co.uk,4,+44 20 3151 7488,13 Neal's Yard,WC2H 9DP,openstreetmap,https://www.openstreetmap.org/way/175155039
https://www.honestburgers.co.uk/locations/holborn/,own site,Honest Burger,Camden,Covent Garden,Burger,contact@honestburgers.co.uk,1,+44 20 3893 5085,6 Great Queen Street,WC2B 5DG,openstreetmap,https://www.openstreetmap.org/way/277929213
https://www.honestburgers.co.uk/,own site,Honest Burgers,Camden,Camden Town,Burger,contact@honestburgers.co.uk,22,+44 20 8617 3949,Unit 34a Camden Lock Place,NW1 8AF,openstreetmap,https://www.openstreetmap.org/node/2840839739
https://honeyandco.co.uk/,"own site (found by name, postcode verified)",HONEY & CO,Camden,Holborn,Takeaway,,2,,47 Lamb's Conduit Street,WC1N 3NG,food standards agency,https://ratings.food.gov.uk/business/1640858
https://www.hollandesquire.com/,own site,Honey & Co Studio,Camden,Holborn,Bakery,,1,,47 Lamb's Conduit Street,,openstreetmap,https://www.openstreetmap.org/node/7549940579
https://honeyandco.co.uk/places/honey-co/,own site,Honey & Co.,Camden,Holborn,Restaurant,bookings@honeyandco.co.uk,1,,54 Lamb's Conduit Street,,openstreetmap,https://www.openstreetmap.org/node/7549942988
https://honeyandco.co.uk/places/honey-co-daily/,own site,Honey & Co. Daily,Camden,Bloomsbury,Breakfast,bookings@honeyandco.co.uk,1,,19-21 Store Street,WC1E 7DB,openstreetmap,https://www.openstreetmap.org/node/1724405555
https://www.hoodwood.co.uk/,"own site (found by name, postcode verified)",HOOD WOOD,Camden,Camden Town,Restaurant,,1,,81 Kentish Town Road,NW1 8NY,food standards agency,https://ratings.food.gov.uk/business/1803450
https://www.hoppercoffeehouse.com/,own site,Hopper Coffee,Camden,Holborn,Breakfast,,2,,81b Gray's Inn Road,WC1X 8TP,openstreetmap,https://www.openstreetmap.org/node/4420467413
https://www.horseandwig.com/,own site,Horse and Wig,Camden,Holborn,Pub,horseandwig@gmail.com,1,,14 Fulwood Place,WC1V 6HZ,openstreetmap,https://www.openstreetmap.org/node/338504993
https://www.hotstonelondon.com,own site,Hot Stone Steak And Sushi Bar,Camden,Fitzrovia,Asian; Japanese; Steak; Sushi,,1,+44 20 7419 0305,3 Windmill Street,W1T 2HY,openstreetmap,https://www.openstreetmap.org/node/13970751991
https://www.hudsons-house.co.uk/,"own site (found by name, postcode verified)",HUDSON'S HOUSE,Camden,Bloomsbury,Restaurant,hello@hudsons-house.co.uk,1,,"St Giles Hotel, 12 Bedford Avenue",WC1B 3GH,food standards agency,https://ratings.food.gov.uk/business/1918520
https://huslondon.co.uk,own site,HUS London,Camden,Holborn,Asian; Chinese,loteezofoodltd@gmail.com,1,+44 20 3093 4160,10 Gate Street,WC2A 3HP,openstreetmap,https://www.openstreetmap.org/way/153485392
https://icco.co.uk/,own site,Icco,Camden,Fitzrovia,Italian; Pizza,info@icco.co.uk,3,+44 20 7580 9688,46 Goodge Street,W1T 4LU,openstreetmap,https://www.openstreetmap.org/node/553311934
https://ilsugo.co.uk/,"own site (found by name, postcode verified)",Il Sugo,Camden,Camden Town,Italian,info@ilsugo.co.uk,1,,1-3 Pratt Street,NW1 0AE,openstreetmap,https://www.openstreetmap.org/way/281133709
https://imagination.com/,"own site (found by name, postcode verified)",IMAGINATION,Camden,Bloomsbury,Restaurant,info@imagination.com,1,,25-27 Store Street,WC1E 7BL,food standards agency,https://ratings.food.gov.uk/business/1734693
https://www.indianloungelondon.co.uk/,"own site (found by name, postcode verified)",Indian Lounge,Camden,King's Cross,Halal; Indian,info@indianloungelondon.co.uk,1,,343 Gray's Inn Road,WC1X 8PX,openstreetmap,https://www.openstreetmap.org/node/12944833568
https://inebytaku.com/,"own site (found by name, postcode verified)",INE BY TAKU,Camden,Hampstead,Restaurant,reservations@inebytaku.com,2,,16 Hampstead High Street,NW3 1PX,food standards agency,https://ratings.food.gov.uk/business/1722407
https://interamericancoffee.de/,"own site (found by name, postcode verified)",INTER AMERICAN COFFEE LTD,Camden,Clerkenwell,American,,1,,"Zeppelin Building, 59-61 Farringdon Road",EC1M 3JB,food standards agency,https://ratings.food.gov.uk/business/1934441
https://www.intermission.coffee/,own site,Intermission,Camden,West Hampstead,Bakery; Breakfast; Deli,info@intermission.coffee,1,,Unit 2 West Hampstead Square,NW6 2BR,openstreetmap,https://www.openstreetmap.org/node/9043777883
https://www.intrepidbakers.uk/,"own site (found by name, postcode verified)",Intrepid Bakers,Camden,Kentish Town,Bakery; Breakfast,nw5@intrepidbakers.uk,1,,163 Fortess Road,NW5 2HR,openstreetmap,https://www.openstreetmap.org/way/1372794545
https://www.irisavenue.com/,"own site (found by name, postcode verified)",Iris Avenue,Camden,Bloomsbury,Restaurant,hello@irisavenue.com,1,,32 Store Street,WC1E 7BS,food standards agency,https://ratings.food.gov.uk/business/1267266
https://www.itsbagels.com/location/primrose-hill/,own site,It's Bagels,Camden,Primrose Hill,Bagels,primrose@itsbagels.com,1,,65 Regent's Park Road,NW1 8XD,openstreetmap,https://www.openstreetmap.org/node/931673383
https://www.itadakizen-uk.com/,own site,Itadaki-zen,Camden,King's Cross,Asian; Japanese,,1,+44 20 7278 3573,139 King's Cross Road,,openstreetmap,https://www.openstreetmap.org/way/100264370
https://www.itsu.com/location/central-london/high-holborn/,own site,itsu,Camden,Holborn,Asian,appfeedback@itsu.com,1,,236 High Holborn,WC1V 7DN,openstreetmap,https://www.openstreetmap.org/node/338507317
https://www.itsu.com/location/central-london/euston-station/,own site,itsu,Camden,St Pancras,Asian,appfeedback@itsu.com,1,,,,openstreetmap,https://www.openstreetmap.org/node/3526710804
https://www.itsu.com/location/north-london/hampstead/,own site,itsu,Camden,Hampstead,Asian,appfeedback@itsu.com,1,,58-62 Heath Street,NW3 1EN,openstreetmap,https://www.openstreetmap.org/way/200074883
https://www.itsu.com/location/central-london/great-queen-street/,own site,itsu,Camden,Covent Garden,Asian,appfeedback@itsu.com,1,,41-44 Great Queen Street,WC2B 5AD,openstreetmap,https://www.openstreetmap.org/way/277929209
https://www.itsu.com/location/central-london/brunswick-centre/,own site,itsu,Camden,St Pancras,Asian,appfeedback@itsu.com,1,,16 Brunswick Centre,WC1N 1AE,openstreetmap,https://www.openstreetmap.org/way/291647533
https://www.itsu.com/location/central-london/tottenham-court-road/,own site,itsu,Camden,Fitzrovia,Asian,appfeedback@itsu.com,1,,103 Tottenham Court Road,W1T 4TT,openstreetmap,https://www.openstreetmap.org/way/294886288
https://www.itsu.com/location/central-london/regents-place/,own site,itsu,Camden,Somers Town,Asian,appfeedback@itsu.com,1,,15-20 Hampstead Road,NW1 3JA,openstreetmap,https://www.openstreetmap.org/way/428865316
https://www.itsbagels.com/,own site,It’s Bagels,Camden,Hampstead,Bagels; Bakery,primrose@itsbagels.com,2,,,,openstreetmap,https://www.openstreetmap.org/node/14002322001
https://jacobtheangel.co.uk,own site,Jacob the Angel,Camden,St Giles,Cafe,hello@jacobtheangel.co.uk,1,,16A Neal's Yard,WC2H 9DP,openstreetmap,https://www.openstreetmap.org/node/5522707324
https://jamonjamon.uk.com/,own site,Jamon Jamon,Camden,Camden Town,Spanish,soho@jamonjamonrestaurants.com,1,,38 Parkway,NW1 7AH,openstreetmap,https://www.openstreetmap.org/way/451762732
https://japes.uk/,own site,Japes,Camden,Camden Town,Pizza,camden@japes.uk,2,+447510162612,25 Parkway,NW1 7PG,openstreetmap,https://www.openstreetmap.org/node/14206898660
https://jichickens.com/,own site,Ji Chickens,Camden,St Giles,Asian; Chinese,jibrighton001@gmail.com,1,,232 Shaftesbury Avenue,WC2H 8EG,openstreetmap,https://www.openstreetmap.org/way/157757477
https://www.jinlirestaurant.com,own site,Jinli,Camden,Camden Town,Asian; Chinese,,1,,14-16 Camden High Street,NW1 0JH,openstreetmap,https://www.openstreetmap.org/way/226063407
https://orders.joejuice.com/store/1602ef0d-db7a-4074-9f5c-82a20df839df,own site,Joe & The Juice,Camden,Primrose Hill,Breakfast,,1,,142 Regent's Park Road,NW1 8XL,openstreetmap,https://www.openstreetmap.org/way/1119447377
https://joliecorner.co.uk/,"own site (found by name, postcode verified)",JOLIE CORNER,Camden,Chalk Farm,Restaurant,hello@joliecorner.co.uk,1,,67 Gloucester Avenue,NW1 8LD,food standards agency,https://ratings.food.gov.uk/business/1798558
https://www.junctiontavern.co.uk/,own site,Junction Tavern,Camden,Kentish Town,Pub,stonegatepress@stonegategroup.co.uk,1,+44 20 7485 9400,101 Fortess Road,NW5 1AG,openstreetmap,https://www.openstreetmap.org/way/110512372
https://jungla.co.uk/,"own site (found by name, postcode verified)",Jungla,Camden,Camden Town,Restaurant,,1,,22 Inverness Street,NW1 7HJ,food standards agency,https://ratings.food.gov.uk/business/1876662
https://theforgecamden.co.uk/restaurant-bookings/,own site,Jungla London,Camden,Camden Town,Restaurant,,1,+447519296738,3-7 Delancey Street,NW1 7NL,openstreetmap,https://www.openstreetmap.org/node/11865909931
https://www.kairos.london/,"own site (found by name, postcode verified)",KAIROS,Camden,Fitzrovia,Restaurant,membership@kairos.london,1,,84 Tottenham Court Road,W1T 4TG,food standards agency,https://ratings.food.gov.uk/business/1708611
https://kakkikatsu.com/,"own site (found by name, postcode verified)",Kakki Katsu,Camden,Chalk Farm,Takeaway,info@kakkikatsu.com,1,,123 Castlehaven Road,NW1 8SJ,food standards agency,https://ratings.food.gov.uk/business/1097404
https://www.kamilondon.com/,own site,Kami,Camden,Kentish Town,Asian; Japanese; Sushi,info@kamilondon.com,2,+44 20 7485 7078,8 Fortess Road,NW5 2ES,openstreetmap,https://www.openstreetmap.org/node/931661451
https://www.kanada-ya.com/,own site,Kanada-Ya,Camden,St Giles,Asian; Japanese,,4,,64 St Giles High Street,WC2H 8LE,openstreetmap,https://www.openstreetmap.org/way/153690425
https://www.karmabread.co.uk/,"own site (found by name, postcode verified)",Karma Bread,Camden,Belsize Park,Bakery,,1,,13 South End Road,NW3 2PT,openstreetmap,https://www.openstreetmap.org/way/67555379
http://www.kerbfood.com/markets/camden/,own site,KERB - West Yard,Camden,Camden Town,Takeaway,,1,,,,openstreetmap,https://www.openstreetmap.org/node/4547167890
https://www.kerbfood.com/markets/holborn/,own site,Kerb Holborn,Camden,Holborn,Food court,,1,,Hand Court,,openstreetmap,https://www.openstreetmap.org/node/12544242401
https://www.kfc.co.uk/kfc-near-me/camden-high-street,own site,KFC,Camden,Camden Town,Takeaway,,1,,239 Camden High Street,NW1 7BU,openstreetmap,https://www.openstreetmap.org/node/260283878
https://www.kfc.co.uk/kfc-near-me/hampstead-haverstock-hill,own site,KFC,Camden,Belsize Park,Takeaway,,1,,,,openstreetmap,https://www.openstreetmap.org/node/800600494
https://www.kfc.co.uk/kfc-near-me/london-southampton-row,own site,KFC,Camden,Bloomsbury,Takeaway,,1,,74 Southampton Row,WC1B 4AR,openstreetmap,https://www.openstreetmap.org/node/6593513485
https://www.kfc.co.uk/kfc-near-me/swiss-cottage-finchley-road,own site,KFC,Camden,Swiss Cottage,Takeaway,,1,,149 Finchley Road,NW3 6JH,openstreetmap,https://www.openstreetmap.org/node/9683179645
https://www.kfc.co.uk/kfc-near-me/mornington-crescent,own site,KFC,Camden,Camden Town,Halal,,1,+44 20 7388 2111,53 Camden High Street,NW1 7JH,openstreetmap,https://www.openstreetmap.org/way/226063409
https://www.kfc.co.uk/kfc-near-me/tottenham-court-road,own site,KFC,Camden,Fitzrovia,Takeaway,,1,,71 Tottenham Court Road,W1T 2HD,openstreetmap,https://www.openstreetmap.org/way/230342292
https://www.kfc.co.uk/kfc-near-me/london-farringdon-road,own site,KFC,Camden,Clerkenwell,Takeaway,,1,,37 Farringdon Road,EC1M 3JB,openstreetmap,https://www.openstreetmap.org/way/510879386
https://kiki-restaurant-happy.com/,own site,Kiki,Camden,Kentish Town,Asian; Japanese,,1,+44 20 3952 4025,253 Kentish Town Road,NW5 2JT,openstreetmap,https://www.openstreetmap.org/way/291687176
https://www.kikuchisushi.com/,own site,Kikuchi,Camden,Fitzrovia,Asian; Japanese,info@kikuchisushi.com,1,+44 20 7637 7720,14 Hanway Street,W1T 1UD,openstreetmap,https://www.openstreetmap.org/node/388116720
https://killbean.co.uk/,"own site (found by name, postcode verified)",KILL BEAN,Camden,Kilburn,Restaurant,yanyixu@killbean.co.uk,1,,207 Belsize Road,NW6 4AA,food standards agency,https://ratings.food.gov.uk/business/1904988
https://kimchee.uk.com/,own site,Kimchee,Camden,King's Cross,Asian; Korean,kimchee_pancras@kimchee.uk.com,1,,2 Pancras square,N1C 4AG,openstreetmap,https://www.openstreetmap.org/node/4751839926
https://www.kinstreetfood.com/,own site,KIN,Camden,Holborn,Asian,hello@kinstreetfood.com,1,,88 Leather Lane,,openstreetmap,https://www.openstreetmap.org/node/5312134122
https://www.kingscrosstandoori.co.uk/,own site,Kings Cross Tandoori,Camden,King's Cross,Indian,info@kingscrosstandoori.co.uk,1,,341 Gray’s Inn Road,WC1X 8PX,openstreetmap,https://www.openstreetmap.org/node/12944833574
https://www.kinkally.co.uk/,"own site (found by name, postcode verified)",KINKALLY,Camden,Fitzrovia,Restaurant,twist@kinkally.co.uk,1,,"Ground & Basement, 43-45 Charlotte Street",W1T 1RS,food standards agency,https://ratings.food.gov.uk/business/1608853
https://kintan.uk/,own site,Kintan,Camden,Holborn,Asian; Japanese,,2,,34 High Holborn,WC1V 6AA,openstreetmap,https://www.openstreetmap.org/node/4293144289
https://kitchenconfidential.co.uk/,"own site (found by name, postcode verified)",KITCHEN CONFIDENTIAL,Camden,Kentish Town,Takeaway,,1,,71-73 Torriano Avenue,NW5 2SG,food standards agency,https://ratings.food.gov.uk/business/1960309
https://kitchentablelondon.co.uk/,own site,Kitchen Table,Camden,Fitzrovia,Restaurant,info@kitchentablelondon.co.uk,1,,70 Charlotte Street,W1T 4QG,openstreetmap,https://www.openstreetmap.org/node/11708224569
https://konceptcoffee.com/,"own site (found by name, postcode verified)",Koncept Coffee,Camden,Kentish Town,Restaurant,hello@konceptcoffee.com,1,,31 Highgate Road,NW5 1EB,food standards agency,https://ratings.food.gov.uk/business/1924313
https://konditor.co.uk/,"own site (found by name, postcode verified)",Konditor & Cook,Camden,Holborn,Cafe,,4,,46 Gray's Inn Road,WC1X 8LR,openstreetmap,https://www.openstreetmap.org/node/4880158822
https://www.kossoffs.com,own site,Kosoffs Bakery,Camden,Kentish Town,Bakery,contact@kossoffs.com,1,+44 20 7424 9799,259 Kentish Town Road,NW5 2JT,openstreetmap,https://www.openstreetmap.org/way/291687173
https://kungfood.co.uk/,own site,Kung Food,Camden,Clerkenwell,Takeaway,,1,+44 20 7713 6338,158 Clerkenwell Road,EC1R 5DU,openstreetmap,https://www.openstreetmap.org/node/4986934923
http://la-cage-imaginaire.co.uk/,own site,La Cage Imaginaire,Camden,Hampstead,French,,1,,16 Flask Walk,NW3 1HE,openstreetmap,https://www.openstreetmap.org/node/1311722489
https://lacasettacafe.com/,"own site (found by name, postcode verified)",La Casetta Cafe,Camden,Clerkenwell,Italian; Pizza,info@lacasettacafe.com,1,,160 Clerkenwell Road,EC1R 5DU,openstreetmap,https://www.openstreetmap.org/node/4986947821
https://www.compagniewinebar.com/london,own site,La Compagnie,Camden,St Giles,Restaurant,,1,,8-10 Neal's Yard,,openstreetmap,https://www.openstreetmap.org/node/4348379090
https://www.lacreperiedehampstead.com/,"own site (found by name, postcode verified)",La Creperie De Hampstead,Camden,Hampstead,Food truck; French,,2,,77A Hampstead High Street,NW3 1RE,food standards agency,https://ratings.food.gov.uk/business/424241
https://ladolcelondon.com/,"own site (found by name, postcode verified)",LA DOLCE LONDON,Camden,St Pancras,Takeaway,,1,,76 Marchmont Street,WC1N 1AG,food standards agency,https://ratings.food.gov.uk/business/1708610
https://www.lagaffe.co.uk/,"own site (found by name, postcode verified)",La Gaffe,Camden,Hampstead,Italian,info@lagaffe.co.uk,1,,107-111 Heath Street,NW3 6SS,openstreetmap,https://www.openstreetmap.org/node/4686588217
https://lapatagonia.co.uk,own site,La Patagonia,Camden,Camden Town,Restaurant,mail@lapatagonia.co.uk,1,+44 20 7388 9861,31 Camden High Street,NW1 7JE,openstreetmap,https://www.openstreetmap.org/way/225442608
https://lacucinadidaffy2.com/,"own site (found by name, postcode verified)",LACUCINA DI DAFFY 2 LTD,Camden,Holborn,Restaurant,,1,,10 Theobald's Road,WC1X 8PN,food standards agency,https://ratings.food.gov.uk/business/1579338
https://www.laduree.co.uk/laduree-st-pancras.html,own site,Ladurée,Camden,King's Cross,Bakery,ladureestpancras@laduree.com,1,+44 7747 465965,,N1C 4QP,openstreetmap,https://www.openstreetmap.org/node/5711218574
https://www.lalibelarestaurant.co.uk/,own site,Lalibella,Camden,Kentish Town,Restaurant,,1,+44 20 7284 0600,137 Fortess Road,NW5 2HR,openstreetmap,https://www.openstreetmap.org/way/1035347430
https://lambandco.london/,"own site (found by name, postcode verified)",Lamb & Co,Camden,Holborn,Restaurant,,1,,8 Lamb's Conduit Passage,WC1R 4RG,food standards agency,https://ratings.food.gov.uk/business/1918482
https://lantana.co.uk/,own site,Lantana,Camden,Fitzrovia,Breakfast,,1,+44 20 7637 3347,13 Charlotte Place,W1T 1SN,openstreetmap,https://www.openstreetmap.org/node/3520755723
https://lantanacafe.co.uk/lantana-cafe-camden/,own site,Lantana Café,Camden,Camden Town,Cafe,,1,,"45 Middle Yard, Camden Lock Place",NW1 8AF,openstreetmap,https://www.openstreetmap.org/node/4321358785
https://lantanacafe.co.uk/lantana-dl78/,own site,Lantana DL78,Camden,Fitzrovia,Cafe,,1,,78 Charlotte Street,W1T 4QS,openstreetmap,https://www.openstreetmap.org/node/9174368873
https://www.lauderdalehouse.org.uk/,"own site (found by name, postcode verified)",Lauderdale House,Camden,Highgate,Restaurant,,1,,"Lauderdale House, Highgate Hill",N6 5HG,food standards agency,https://ratings.food.gov.uk/business/424006
https://www.lepainquotidien.com/us/en,"own site (found by name, postcode verified)",Le Pain Quotidien,Camden,King's Cross,Breakfast,ukcatering@lepainquotidien.com,1,,Euston Road,N1C 4QL,openstreetmap,https://www.openstreetmap.org/node/2458237027
https://lebanesegarden.co.uk/,"own site (found by name, postcode verified)",LEBANESE GARDEN,Camden,Holborn,Restaurant,,1,,250 Gray's Inn Road,WC1X 8JR,food standards agency,https://ratings.food.gov.uk/business/1740075
https://www.lemonia.co.uk/,own site,Lemonia,Camden,Primrose Hill,Greek,,1,+44 20 7586 7454,,,openstreetmap,https://www.openstreetmap.org/node/265649514
https://leon.co/,chain site (same name as 14 mapped branches),LEON,Camden,King's Cross,Burger; Deli,strand@leon.co,17,,6 Pancras Square,N1C 4AG,openstreetmap,https://www.openstreetmap.org/node/4620415278
https://levant-kitchen.co.uk/,"own site (found by name, postcode verified)",Levant Kitchen,Camden,Holborn,Restaurant,hello@levant-kitchen.co.uk,1,,90-92 Gray's Inn Road,WC1X 8AA,food standards agency,https://ratings.food.gov.uk/business/1047559
https://leventborek.co.uk/,"own site (found by name, postcode verified)",LEVENT BOREK,Camden,Fitzrovia,Restaurant,john.doe@gmail.com,3,,56 Goodge Street,W1T 4NB,food standards agency,https://ratings.food.gov.uk/business/1844546
https://www.leverandbloomcoffee.co.uk/,own site,Lever & Bloom Coffee,Camden,St Giles,Cafe,hello@leverandbloomcoffee.co.uk,2,,222 Shaftesbury Avenue,,openstreetmap,https://www.openstreetmap.org/way/157759515
https://lexpresscoffee.com/,"own site (found by name, postcode verified)",LEXPRESS COFFEE,Camden,Somers Town,Restaurant,cateringeuston@hotmail.co.uk,1,,154 Drummond Street,NW1 3HP,food standards agency,https://ratings.food.gov.uk/business/1803432
https://www.linastores.co.uk/,own site,Lina Stores,Camden,King's Cross,Italian,events@linastores.co.uk,10,,20 Stable Street,N1C 4DR,openstreetmap,https://www.openstreetmap.org/node/7006445047
https://www.thelionandunicornnw5.co.uk/,own site,Lion and Unicorn,Camden,Kentish Town,Pub,lionandunicorn@youngs.co.uk,1,+44 20 7267 2304,42-44 Gaisford Street,NW5 2ED,openstreetmap,https://www.openstreetmap.org/way/1238736065
https://www.littlesichuan.co.uk/,"own site (found by name, postcode verified)",Little Sichuan,Camden,Swiss Cottage,Chinese,,1,,"4-6 Northways Parade, Finchley Road",NW3 5EN,food standards agency,https://ratings.food.gov.uk/business/1722428
https://www.living-room.club/,own site,Living Room Club,Camden,Camden Town,Cafe,,1,,Camden Road,NW1 9LR,openstreetmap,https://www.openstreetmap.org/way/364255499
https://www.londonreviewbookshop.co.uk,own site,London Review Cake Shop,Camden,Bloomsbury,Bakery,,1,+44 20 7269 9045,14 Bury Place,WC1A 2JL,openstreetmap,https://www.openstreetmap.org/node/2622503278
https://swainslane.londonshellco.com/,own site,London Shell Co,Camden,Gospel Oak,Seafood,bookings@londonshellco.com,1,+44 20 45688586,Unit 4 Swain's Lane,,openstreetmap,https://www.openstreetmap.org/node/9986053363
https://www.thelordstanley.com,own site,Lord Stanley,Camden,Camden Town,Pub,info@thelordstanley.com,1,+44 20 7284 3266,51 Camden Park Road,NW1 9BH,openstreetmap,https://www.openstreetmap.org/way/1240322213
https://gritchiepubs.com/contact/,own site,Lore of the Land,Camden,Fitzrovia,Pub,hello@loreoftheland.com,1,,4 Conway Street,W1T 6BB,openstreetmap,https://www.openstreetmap.org/way/745483505
http://louis-patisserie.com/,"own site (found by name, postcode verified)",Louis Patisserie,Camden,Hampstead,Bakery,bakery@louis-patisserie.com,1,,32 Heath Street,NW3 6TE,food standards agency,https://ratings.food.gov.uk/business/960480
https://lowlu.com/,"own site (found by name, postcode verified)",LOWLU LIMITED,Camden,Kentish Town,Restaurant,,1,,44 Caversham Road,NW5 2DS,food standards agency,https://ratings.food.gov.uk/business/1918491
https://www.luceelimoni.com/,"own site (found by name, postcode verified)",Luce E Limoni,Camden,Holborn,Restaurant,flavours@luceelimoni.com,1,,91-93 Gray's Inn Road,WC1X 8TX,food standards agency,https://ratings.food.gov.uk/business/688203
https://lume.london/,own site,Lume London,Camden,Primrose Hill,Italian,ciao@lume.london,1,+44 20 7449 9556,38 Primrose Hill Road,NW3 3AD,openstreetmap,https://www.openstreetmap.org/way/110608819
https://www.lumilondon.co.uk/,own site,Lumi,Camden,Camden Town,Breakfast,lumicamden@gmail.com,1,+44 20 7693 5493,82 Camden High Street,NW1 0LT,openstreetmap,https://www.openstreetmap.org/way/452856400
https://luso.restaurant/,own site,Luso,Camden,Bloomsbury,Restaurant,contact@luso.restaurant,1,+442038309888,30 Charlotte Street,,openstreetmap,https://www.openstreetmap.org/way/138339531
http://www.thelytteltonarmscamden.co.uk/,own site,Lyttelton Arms,Camden,Camden Town,Pub,,1,,1 Camden High Street,NW1 7JE,openstreetmap,https://www.openstreetmap.org/way/225442626
https://www.mapetitejamaica.com/,"own site (found by name, postcode verified)",Ma Petite Jamaica,Camden,Camden Town,Restaurant,,3,,4 Inverness Street,NW1 7HJ,food standards agency,https://ratings.food.gov.uk/business/1251764
https://madeinbrasil.co.uk/,own site,Made in Brasil,Camden,Camden Town,Restaurant,bookings@madeinbrasil.co.uk,1,+44 20 7482 0777,12 Inverness Street,NW1 7HJ,openstreetmap,https://www.openstreetmap.org/node/931633668
https://www.magicfalafel.co.uk/,"own site (found by name, postcode verified)",Magic Falafel,Camden,Chalk Farm,Takeaway,hello@magicfalafel.co.uk,1,,Chalk Farm Road,NW1 8AH,openstreetmap,https://www.openstreetmap.org/node/5312201223
https://www.maisushi.co.uk/,own site,Mai Sushi,Camden,Somers Town,Asian; Japanese; Sushi,info@maisushi.co.uk,1,+44 20 7838 7444,36-38 Chalton Street,NW1 1JB,openstreetmap,https://www.openstreetmap.org/node/3625870092
https://www.maldenspice.com/,"own site (found by name, postcode verified)",Malden Spice,Camden,Gospel Oak,Takeaway,info@maldenspice.com,1,,139 Malden Road,NW5 4HS,food standards agency,https://ratings.food.gov.uk/business/1784209
https://www.bbk.ac.uk/about-us/sustainability-at-birkbeck/sustainable-catering,own site,Malet Street Coffee Company,Camden,Bloomsbury,Breakfast,disability@bbk.ac.uk,1,,,,openstreetmap,https://www.openstreetmap.org/node/5415089300
https://www.mamapho.co.uk/,"own site (found by name, postcode verified)",Mama Pho,Camden,St Pancras,Asian,,1,,53 Marchmont Street,WC1N 1AP,openstreetmap,https://www.openstreetmap.org/way/290457611
https://www.mamaskubo.com/,own site,Mama's Kubo,Camden,Hampstead,Asian,mamaskubo@gmail.com,1,+44 20 8062 6941,250 Finchley Road,NW3 6DN,openstreetmap,https://www.openstreetmap.org/node/12598255301
https://mammasantissimauk.com/en,own site,Mamma Santissima,Camden,Primrose Hill,Pizza,fra.cavaliere@hotmail.com,1,+442079168716;+447450407561,98 Boundary Road,NW8 0RH,openstreetmap,https://www.openstreetmap.org/way/283219955
https://mangio.co.uk/,"own site (found by name, postcode verified)",MANGIO,Camden,Bloomsbury,Restaurant,info@mangio.co.uk,1,,69 Russell Square,WC1B 5BA,food standards agency,https://ratings.food.gov.uk/business/1427541
http://www.manitobatigella.com,own site,Manitoba Tigella,Camden,Bloomsbury,Italian,hello@manitobatigella.com,1,+44 20 7436 8231,82 New Oxford Street,WC1A 1HB,openstreetmap,https://www.openstreetmap.org/node/6224687785
https://mannav.com/,own site,manna,Camden,Primrose Hill,Restaurant,cooking@mannav.com,1,,4 Erskine Road,,openstreetmap,https://www.openstreetmap.org/node/4482497191
https://www.mapstudiocafe.com,own site,Map Studio Café,Camden,Kentish Town,Breakfast,info@mapmusic.net,1,+44 20 7916 0544,46 Grafton Road,NW5 3DU,openstreetmap,https://www.openstreetmap.org/way/38503325
https://marestreetmarket.com/kings-cross-home/,"own site (found by name, postcode verified)",Mare Street Market Kings Cross,Camden,King's Cross,Restaurant,hackney@marestreetmarket.com,1,,"Unit 1 P2, 2-8 Lewis Cubitt Square",N1C 4DY,food standards agency,https://ratings.food.gov.uk/business/1705852
https://www.themarquiscornwalliswc1.co.uk/,own site,Marquis Cornwallis,Camden,St Pancras,Pub,,1,,31 Marchmont Street,WC1N 1AP,openstreetmap,https://www.openstreetmap.org/way/290457617
https://www.marywardhouse.com/,"own site (found by name, postcode verified)",Mary Ward House,Camden,St Pancras,Restaurant,info@marywardhouse.com,1,,"Mary Ward House, 5-7 Tavistock Place",WC1H 9SN,food standards agency,https://ratings.food.gov.uk/business/807691
https://www.masakali.co.uk/,"own site (found by name, postcode verified)",MASAKALI,Camden,Somers Town,Restaurant,masakalirestaurants@gmail.com,1,,48 Stanhope Street,NW1 3EX,food standards agency,https://ratings.food.gov.uk/business/1884374
https://masalaessence.co.uk/,"own site (found by name, postcode verified)",Masala Essence (Previously known as Depa Tandoori),Camden,St Pancras,Indian,info@masalaessence.co.uk,1,,4 Leigh Street,WC1H 9EW,food standards agency,https://ratings.food.gov.uk/business/1813666
https://master-wei.com,own site,Master Wei Xi'An,Camden,Bloomsbury,Asian; Chinese,,2,+44 20 7209 6888,13 Cosmo Place,WC1N 3AP,openstreetmap,https://www.openstreetmap.org/node/12406028801
https://matchado.co.uk/,"own site (found by name, postcode verified)",MATCHADO,Camden,Bloomsbury / Holborn / King's Cross / St Pancras,Restaurant,contact@matchado.co.uk,5,,"UNIT 3, Sicilian Avenue",WC1A 2QH,food standards agency,https://ratings.food.gov.uk/business/1934368
https://www.mauipoke.co.uk/,"own site (found by name, postcode verified)",Maui Poke,Camden,Holborn,Restaurant,aloha@mauipoke.co.uk,3,,61 Red Lion Street,WC1R 4PD,openstreetmap,https://www.openstreetmap.org/node/893489172
https://www.mcdonalds.com/gb/en-gb/location/holborn/holborn/112-high-holborn/8260228.html,own site,McDonald's,Camden,Holborn,Burger,,1,+44 20 7404 0162,112 High Holborn,WC1V 6JS,openstreetmap,https://www.openstreetmap.org/node/264515707
https://www.mcdonalds.com/gb/en-gb/location/swiss-cottage/swiss-cottage/4-harben-parade-right/8260042.html,own site,McDonald's,Camden,Swiss Cottage,Burger,,1,+44 20 7722 7084,4 Harben Parade,NW3 6JP,openstreetmap,https://www.openstreetmap.org/node/676855031
https://www.mcdonalds.com/gb/en-gb/location/westminster/cambridge-circus/24-cambridge-circus/8261457.html,own site,McDonald's,Camden,St Giles,Burger,,1,+44 20 3077 1189,,,openstreetmap,https://www.openstreetmap.org/way/157767115
https://www.mcdonalds.com/gb/en-gb/location/kentish-town/kentish-town/295-kentish-town-road/8260023.html,own site,McDonald's,Camden,Kentish Town,Burger,,1,+44 20 7267 8002,295 Kentish Town Road,NW5 2TJ,openstreetmap,https://www.openstreetmap.org/way/291687183
https://www.mcdonalds.com/gb/en-gb/location/camden/warren-street/134-tottenham-court-road/8260044.html,own site,McDonald's,Camden,Fitzrovia,Burger,,1,+44 20 7388 9026,134 Tottenham Court Road,W1T 5BA,openstreetmap,https://www.openstreetmap.org/way/294873227
https://www.mcdonalds.com/gb/en-gb/location/camden/camden/112-high-street/8260419.html,own site,McDonald's,Camden,Camden Town,Burger,,1,+44 20 7267 7570,112 Camden High Street,NW1 0LU,openstreetmap,https://www.openstreetmap.org/way/452786938
https://www.meetingnoodles.com/,"own site (found by name, postcode verified)",Meeting Noodles,Camden,Holborn,Restaurant,,1,,35 Grays Inn Road,WC1X 8PG,openstreetmap,https://www.openstreetmap.org/node/4899105471
https://meileaf.com/,own site,Mei Leaf Teahouse,Camden,Camden Town,Cafe,,1,+44 20 7388 6704,99-105 Camden High Street,NW1 7JN,openstreetmap,https://www.openstreetmap.org/way/457644925
https://london.mestizomx.com/,own site,Mestizo,Camden,Somers Town,Mexican,eat@mestizomx.com,1,+442073874064,103 Hampstead Road,NW1 3EL,openstreetmap,https://www.openstreetmap.org/node/2905544437
https://www.mialounge.co.uk/,"own site (found by name, postcode verified)",Mia Lounge,Camden,Swiss Cottage,Restaurant,mialounge@hotmail.com,1,,135 Finchley Road,NW3 6JH,food standards agency,https://ratings.food.gov.uk/business/1489109
http://www.restaurant-michaelnadra.co.uk/primrose/,own site,Michael Nadra,Camden,Chalk Farm,Restaurant,primrose@restaurant-michaelnadra.co.uk,1,,42 Gloucester Avenue,NW1 8JD,openstreetmap,https://www.openstreetmap.org/node/434557518
https://mielbakery.co.uk,own site,Miel,Camden,Fitzrovia,Bakery,hello@mielbakery.co.uk,2,,60 Warren Street,W1T 5NU,openstreetmap,https://www.openstreetmap.org/way/426232597
https://www.atariya.co.uk,own site,Mikuniya,Camden,Swiss Cottage,Asian; Sushi,enquiries@atariya.co.uk,1,+44 20 7328 5338,75 Fairfax Road,,openstreetmap,https://www.openstreetmap.org/node/4677251801
https://www.mildreds.com/camden/,own site,Mildreds,Camden,Camden Town,Restaurant,hello@mildreds.com,1,,9-11 Jamestown Road,NW1 7BW,openstreetmap,https://www.openstreetmap.org/node/4609542608
https://www.miletocaffe.com/,"own site (found by name, postcode verified)",MILETO CAFFE,Camden,Belsize Park / Frognal / Gospel Oak / Hampstead / North End / Primrose Hill / Swiss Cottage,Takeaway,hampstead@miletocaffe.com,1,,"The Pears Building, Rosslyn Hill",NW3 2PP,food standards agency,https://ratings.food.gov.uk/business/1608829
https://mimibelsize.co.uk/,"own site (found by name, postcode verified)",Mimi | Belsize,Camden,Belsize Park,Restaurant,reservations@mimibelsize.co.uk,1,,12A Belsize Terrace,NW3 4AX,openstreetmap,https://www.openstreetmap.org/way/838373838
https://mimmolabufala.com/,"own site (found by name, postcode verified)",Mimmo La Bufala,Camden,Hampstead,Italian,,1,,45a South End Road,NW3 2QB,openstreetmap,https://www.openstreetmap.org/way/67555358
https://minemane.co.uk/,"own site (found by name, postcode verified)",MINE MANE,Camden,St Pancras,Restaurant,info@minemane.co.uk,2,,59 Marchmont Street,WC1N 1AP,food standards agency,https://ratings.food.gov.uk/business/1597365
https://www.rosewoodhotels.com/en/london/dining/mirror-room,own site,Mirror Room,Camden,Holborn,Restaurant,london@rosewoodhotels.com,1,+44 20 3747 8620,252 High Holborn,WC1V 7EN,openstreetmap,https://www.openstreetmap.org/node/13137881010
https://www.monplaisir.co.uk/,own site,Mon Plaisir,Camden,St Giles,French,info@monplaisir.co.uk,1,+44 20 7836 7243,21 Monmouth Street,WC2H 9DD,openstreetmap,https://www.openstreetmap.org/node/13809152817
https://www.monmouthcoffee.co.uk/,own site,Monmouth Coffee Company,Camden,St Giles,Breakfast; Deli,beans@monmouthcoffee.co.uk,3,+44 20 7232 3010,27 Monmouth Street,WC2H 9EU,openstreetmap,https://www.openstreetmap.org/node/12920922057
https://www.monmouthkitchen.com/,"own site (found by name, postcode verified)",Monmouth Kitchen,Camden,St Giles,Restaurant,,1,,20 Mercer Street,WC2H 9HD,openstreetmap,https://www.openstreetmap.org/node/5454295810
https://www.monsoonindiancuisine.co.uk/,own site,Monsoon,Camden,Gospel Oak,Indian,,1,+44 20 7284 1700,"24 York Rise, Highgate",NW5 1ST,openstreetmap,https://www.openstreetmap.org/node/6598532285
https://www.morsolondon.co.uk/,own site,Morso,Camden,Primrose Hill,Italian,abbeyroad@morsolondon.co.uk,1,+44 20 7624 7412,130 Boundary Road,NW8 0RH,openstreetmap,https://www.openstreetmap.org/way/792327522
https://www.mortyandbobs.com/,"own site (found by name, postcode verified)",Morty & Bob's,Camden,King's Cross,Deli,coaldropsyard@mortyandbobs.com,1,,Coal Drops Yard,N1C 4DQ,openstreetmap,https://www.openstreetmap.org/node/6082053676
https://muang-thai.co.uk/,"own site (found by name, postcode verified)",Muang Thai,Camden,Chalk Farm,Asian,sales@muang-thai.co.uk,1,+44 20 7916 0653,71 Chalk Farm Road,NW1 8AN,openstreetmap,https://www.openstreetmap.org/way/373710195
http://www.mugenholdings.com/,own site,Mugen,Camden,Clerkenwell,Asian; Japanese,,1,+44 20 7404 9665,9-15 Leather Lane,EC1N 7ST,openstreetmap,https://www.openstreetmap.org/node/338463558
https://www.murgerhan.com/,own site,Murger Han,Camden,Somers Town,Restaurant,info@murgerhan.com,2,,62 Eversholt Street,,openstreetmap,https://www.openstreetmap.org/node/3357569142
https://www.greeneking.co.uk/pubs/greater-london/museum-tavern,own site,Museum Tavern,Camden,Bloomsbury,Pub,,1,,49 Great Russell Street,WC1B 3BA,openstreetmap,https://www.openstreetmap.org/way/553157392
https://www.mustandlees.co.uk/,"own site (found by name, postcode verified)",MUST AND LEES LTD,Camden,Fitzrovia,Restaurant,bookings@mustandlees.co.uk,2,,57 Warren Street,W1T 5NR,food standards agency,https://ratings.food.gov.uk/business/1660845
https://www.walkersquay.com/,own site,My Fair Lady floating restaurant,Camden,Camden Town,Restaurant,info@walkersquay.com,1,,250 Camden High Street,NW1 8QS,openstreetmap,https://www.openstreetmap.org/node/8062108410
https://myolddutch.com/,own site,My Old Dutch,Camden,Holborn,Restaurant,info@myolddutch.com,3,+44 20 7242 5200,131-132 High Holborn,WC1V 6PS,openstreetmap,https://www.openstreetmap.org/way/157748200
https://mythsandflames.co.uk/,"own site (found by name, postcode verified)",Myths & Flames,Camden,Chalk Farm,Greek,,1,,43 Chalk Farm Road,NW1 8AJ,openstreetmap,https://www.openstreetmap.org/way/373706258
https://nfamilyclub.com/,"own site (found by name, postcode verified)",N FAMILY CLUB,Camden,Kentish Town,Restaurant,manager.bradleyclose@nfamilyclub.com,4,,30 Leighton Road,NW5 2QE,food standards agency,https://ratings.food.gov.uk/business/1612236
https://namaastehighgate.co.uk/,"own site (found by name, postcode verified)",Namaaste Highgate,Camden,Highgate,Restaurant,info@namaastehighgate.co.uk,1,,4 South Grove,N6 6BS,food standards agency,https://ratings.food.gov.uk/business/1390664
http://www.namaastekitchen.co.uk,own site,Namaaste Kitchen,Camden,Camden Town,Indian,info@namaastekitchen.co.uk,1,+44 20 7485 5977,64 Parkway,NW1 7AH,openstreetmap,https://www.openstreetmap.org/way/451762737
https://namasteholborn.com,own site,Namaste Holborn,Camden,Holborn,Indian,sales@namasteholborn.com,1,+44 20 7242 2434,33 Boswell Street,WC1N 3BP,openstreetmap,https://www.openstreetmap.org/node/309114626
https://www.nandos.co.uk/restaurants/holborn,own site,Nando's,Camden,St Giles,Restaurant,,1,,Southampton Place,,openstreetmap,https://www.openstreetmap.org/node/1218966870
https://www.nandos.co.uk/restaurants/swiss-cottage,own site,Nando's,Camden,Swiss Cottage,Restaurant,,1,,,,openstreetmap,https://www.openstreetmap.org/node/2883371101
https://www.nandos.co.uk/restaurants/west-hampstead,own site,Nando's,Camden,West Hampstead,Restaurant,,1,,,,openstreetmap,https://www.openstreetmap.org/node/11783345163
https://www.nandos.co.uk/restaurants/euston,own site,Nando's,Camden,Somers Town,Restaurant,,1,,Eversholt Street,NW1 2DU,openstreetmap,https://www.openstreetmap.org/way/239228135
https://www.nandos.co.uk/restaurants/kilburn,own site,Nando's,Camden,Kilburn,Restaurant,,1,,308 Kilburn High Road,,openstreetmap,https://www.openstreetmap.org/way/265695420
https://www.nandos.co.uk/restaurants/brunswick,own site,Nando's,Camden,St Pancras,Restaurant,,1,,23 Brunswick Centre,WC1N 1AF,openstreetmap,https://www.openstreetmap.org/way/291650390
https://www.nandos.co.uk/restaurants/kentish-town,own site,Nando's,Camden,Kentish Town,Restaurant,,1,,227-229 Kentish Town Road,NW5 2JU,openstreetmap,https://www.openstreetmap.org/way/291687161
https://www.nandos.co.uk/restaurants/camden,own site,Nando's,Camden,Chalk Farm,Restaurant,,1,,57-58 Chalk Farm Road,NW1 8AN,openstreetmap,https://www.openstreetmap.org/way/373710196
https://www.nappadori.co.uk/,"own site (found by name, postcode verified)",NAPPA DORI,Camden,St Giles,Restaurant,ula@gmail.com,1,,15 Monmouth Street,WC2H 9DA,food standards agency,https://ratings.food.gov.uk/business/1411783
https://natural-natural.shop/pages/ourshops,own site,Natural Natural,Camden,West Hampstead,Asian; Deli; Japanese,finchleyroad@natural-natural.co.uk,1,+44 20 7624 5734,1 Goldhurst Terrace,NW6 3HX,openstreetmap,https://www.openstreetmap.org/node/1171822018
https://nealstreetespresso.com/,"own site (found by name, postcode verified)",Neal Street Espresso,Camden,St Giles,Restaurant,info@nealstreetespresso.com,1,,34 Neal Street,WC2H 9PS,food standards agency,https://ratings.food.gov.uk/business/1853785
https://www.caffenero.com/uk/stores/kings-cross-central,own site,Nero Express,Camden,King's Cross,Breakfast,,1,,,,openstreetmap,https://www.openstreetmap.org/way/416601704
https://neverforeverkt.com,own site,Never For Ever,Camden,Gospel Oak,Pub,hello@neverforeverkt.com,1,+44 20 7267 7007,79 Highgate Road,NW5 1TL,openstreetmap,https://www.openstreetmap.org/node/2561724243
https://newmilanopizza.com/,"own site (found by name, postcode verified)",New Milano Pizza,Camden,Camden Town,Burger; Italian; Pizza,,1,+44 20 3556 2247,128 Kentish Town Road,NW1 9QB,openstreetmap,https://www.openstreetmap.org/way/474249416
https://www.newyorkcafe.co.uk/,"own site (found by name, postcode verified)",New York Cafe Ltd,Camden,Hampstead,Restaurant,,1,,84 Heath Street,NW3 1DN,food standards agency,https://ratings.food.gov.uk/business/1222886
https://www.newyorkpizzacamden.co.uk/,own site,New York Pizza,Camden,Camden Town,Italian; Pizza,,1,,99A Kentish Town Road,NW1 8PB,openstreetmap,https://www.openstreetmap.org/way/846248037
https://www.newmarkethotel.co.uk/,own site,Newmarket Ale House / Canecão,Camden,Camden Town,Pub,,1,,17 York Way,N7 9QG,openstreetmap,https://www.openstreetmap.org/node/313181168
https://nextgenboba.com/,"own site (found by name, postcode verified)",NEXT GEN BOBA,Camden,Kentish Town,Restaurant,info@nextgenboba.com,1,,"Unit 4 Kentish Town Industrial Estate, Regis Road",NW5 3EW,food standards agency,https://ratings.food.gov.uk/business/1595693
https://www.ngonngon.co.uk/,own site,Ngon Ngon,Camden,Clerkenwell,Asian,info@ngonngon.co.uk,1,,144 Clerkenwell Road,EC1R 5DP,openstreetmap,https://www.openstreetmap.org/way/571479656
https://noblerot.co.uk/,own site,Noble Rot,Camden,Holborn,Restaurant,reservations@noblerot.co.uk,3,+44 20 7242 8963,51 Lamb's Conduit Street,WC1N 3NB,openstreetmap,https://www.openstreetmap.org/node/7549940581
https://nojolondon.co.uk/,own site,Nojo,Camden,Chalk Farm,Bakery,love@nojolondon.co.uk,1,,Unit 730 Chalk Farm Road,,openstreetmap,https://www.openstreetmap.org/node/4699035791
https://nonarestaurant.com/,"own site (found by name, postcode verified)",Nona,Camden,Kilburn,Restaurant,,1,,9 Fairhazel Gardens,NW6 3QE,food standards agency,https://ratings.food.gov.uk/business/1676118
https://nonnaselena.com/,own site,Nonna Selena Pizzeria,Camden,St Pancras,Pizza,,1,+44 20 7837 4748,18 Woburn Place,WC1H 0LN,openstreetmap,https://www.openstreetmap.org/node/2400930995
https://www.nonos.co.uk/,"own site (found by name, postcode verified)",NONOS,Camden,King's Cross,Takeaway,contact@nonos.co.uk,2,,112 Judd Street,WC1H 9NT,food standards agency,https://ratings.food.gov.uk/business/1363437
https://norfolkarms.co.uk/,own site,Norfolk Arms,Camden,St Pancras,Pub,info@norfolkarms.co.uk,1,+44 20 7388 3937,28 Leigh Street,WC1H 9EP,openstreetmap,https://www.openstreetmap.org/way/100267362
https://normalondon.com/,"own site (found by name, postcode verified)",Norma,Camden,Fitzrovia,Restaurant,reservations@normalondon.com,1,,8 Charlotte Street,W1T 2LS,openstreetmap,https://www.openstreetmap.org/way/122020337
https://www.northseafishrestaurant.co.uk/,own site,North Sea Fish,Camden,St Pancras,Seafood,info@northseafishrestaurant.co.uk,1,+44 20 7387 5892,7-8 Leigh Street,WC1H 9EW,openstreetmap,https://www.openstreetmap.org/node/874743737
https://nostimo.london/,"own site (found by name, postcode verified)",Nostimo,Camden,St Pancras,Restaurant,info@nostimo.london,1,,9 Brunswick Centre,WC1N 1AF,food standards agency,https://ratings.food.gov.uk/business/1241734
http://notes-uk.co.uk/,own site,Notes,Camden,King's Cross,Breakfast,bookings@notes-uk.co.uk,2,+44 20 3479 1576,1 Pancras Square,N1C 4AG,openstreetmap,https://www.openstreetmap.org/node/3811097649
https://www.noxybrothers.com/,"own site (found by name, postcode verified)",Noxy Brothers ( New Oxford Street ),Camden,Bloomsbury / Holborn / King's Cross / St Pancras,Restaurant,info@noxybrothers.com,3,,"GSK Ground Floor Unit 6, 79 New Oxford Street",WC1A 1DG,food standards agency,https://ratings.food.gov.uk/business/1809044
https://ofurnpizzeria.com/,"own site (found by name, postcode verified)",O Furn Pizzeria,Camden,Camden Town,Pizza,jb007@gmail.com,1,,79 Camden High Street,NW1 7JL,food standards agency,https://ratings.food.gov.uk/business/576927
https://www.otinorestaurant.co.uk/,"own site (found by name, postcode verified)",O Tino,Camden,Camden Town,Restaurant,otinorestaurant@gmail.com,2,,1 Plender Street,NW1 0JS,food standards agency,https://ratings.food.gov.uk/business/425789
https://www.octobergallery.co.uk/,"own site (found by name, postcode verified)",October Gallery,Camden,Bloomsbury,Restaurant,gallery@octobergallery.co.uk,1,,24 Old Gloucester Street,WC1N 3AL,food standards agency,https://ratings.food.gov.uk/business/667790
https://oddonos.com/,chain site (same name as 3 mapped branches),Oddono’s Gelati,Camden,Hampstead,Ice cream,info@oddonos.com,5,,8 Flask Walk,NW3 1HE,food standards agency,https://ratings.food.gov.uk/business/704066
https://ohlalamacarons.com/,"own site (found by name, postcode verified)",OH LA LA MACARONS,Camden,Clerkenwell,Takeaway,bookings@ohlalamacarons.com,2,,5 Kirby Street,EC1N 8TS,food standards agency,https://ratings.food.gov.uk/business/1608846
https://okarestaurant.co.uk/,"own site (found by name, postcode verified)",OKA Restaurant,Camden,Primrose Hill,Restaurant,enquiry@okarestaurant.co.uk,4,,71 Regent's Park Road,NW1 8UY,openstreetmap,https://www.openstreetmap.org/node/931673367
https://okanlondon.com/,chain site (same name as 3 mapped branches),Okan,Camden,King's Cross,Restaurant,info@okanlondon.com,3,,"UNIT 111LOWER STABLE STREET, Coal Drops Yard KINGS CROSS",N1C 4DQ,food standards agency,https://ratings.food.gov.uk/business/1676092
https://www.oldnickholborn.co.uk/,own site,Old Nick,Camden,Holborn,Pub,,1,+44 20 7430 9503,20-22 Sandland Street,WC1R 4PZ,openstreetmap,https://www.openstreetmap.org/way/421566584
http://www.oldpostofficebakery.co.uk/,own site,Old Post Office Bakery,Camden,Camden Town,Bakery,enquiries@oldpostofficebakery.co.uk,1,,,,openstreetmap,https://www.openstreetmap.org/node/6763901763
https://oleandsteen.co.uk/,chain site (same name as 6 mapped branches),Ole & Steen,Camden,St Giles,Bakery; Breakfast,,17,,41 Neal Street,,openstreetmap,https://www.openstreetmap.org/node/4782807142
https://oleandsteen.co.uk/stores,own site,Ole & Steen,Camden,Hampstead,Bakery,canarywharf@oleandsteen.co.uk,1,,38;40 Hampstead High Street,NW3 1QE,openstreetmap,https://www.openstreetmap.org/way/199550680
https://oleandsteen.co.uk/store/44141-tottenham-court-road,own site,Ole & Steen,Camden,Bloomsbury,Bakery,tottenhamcourtroad@oleandsteen.co.uk,1,+44 20 3948 4888,1 Bedford Avenue,WC1B 3AU,openstreetmap,https://www.openstreetmap.org/way/522063366
https://www.oliversfishandchips.com/,own site,Oliver's Fish & Chips,Camden,Primrose Hill,Seafood,admin@oliversfishandchips.com,1,,95 Haverstock Hill,NW3 4RL,openstreetmap,https://www.openstreetmap.org/way/1312813836
https://oodleswok.co.uk/,"own site (found by name, postcode verified)",OODLES CHINESE,Camden,Holborn,Chinese,info@oodleswok.co.uk,2,,"Ground Floor Unit 4, 16 Procter Street",WC1V 6NX,food standards agency,https://ratings.food.gov.uk/business/1390652
https://www.origincoffee.co.uk,own site,Origin,Camden,King's Cross,Breakfast,info@origincoffee.co.uk,1,+44 20 7387 8684,65 Euston Road,NW1 2DB,openstreetmap,https://www.openstreetmap.org/node/4929337118
https://oseyo.co.uk/stores/tottenham-court-road/,own site,Oseyo,Camden,Fitzrovia,Asian; Deli; Korean,,1,,Totteham Court Roaf,,openstreetmap,https://www.openstreetmap.org/node/13970335665
https://osteriaovada.com/,"own site (found by name, postcode verified)",Osteria Ovada,Camden,Swiss Cottage,Italian,osteria.ovada@gmail.com,1,,4 Rosemont Road,NW3 6NE,food standards agency,https://ratings.food.gov.uk/business/1016130
https://ottolenghi.co.uk/,chain site (same name as 5 mapped branches),Ottolenghi,Camden,Hampstead,Restaurant,catering@ottolenghi.co.uk,8,,34 Rosslyn Hill,,openstreetmap,https://www.openstreetmap.org/way/126219062
https://ousia.co.uk/,own site,Ousia,Camden,Fitzrovia,Greek,,1,,40 Charlotte Street,W1T 2NW,openstreetmap,https://www.openstreetmap.org/way/349295184
https://www.oviscoffees.co.uk/,"own site (found by name, postcode verified)",OVIS COFFEES,Camden,St Giles,Restaurant,info@oviscoffees.co.uk,1,,"R09, 16 St Giles High Street",WC2H 8LQ,food standards agency,https://ratings.food.gov.uk/business/1763234
https://www.paddycakes.uk/,own site,Paddy Cakes,Camden,Kentish Town,Bakery,orders@paddycakes.uk,1,,129 Fortess Road,NW5 2HR,openstreetmap,https://www.openstreetmap.org/way/1372794531
https://palikitchen.co.uk/,"own site (found by name, postcode verified)",PALI  KITCHEN,Camden,Clerkenwell,Restaurant,info@palikitchen.co.uk,4,,10 Leather Lane,EC1N 7SS,food standards agency,https://ratings.food.gov.uk/business/1962524
https://www.panecunzato.com/,"own site (found by name, postcode verified)",Pane Cunzato,Camden,Bloomsbury,Restaurant,info@panecunzato.com,1,,49 Museum Street,WC1A 1LY,food standards agency,https://ratings.food.gov.uk/business/1063492
https://paolinathai.com/,own site,Paolina Thai Cafe,Camden,King's Cross,Asian,,1,+44 20 7278 8176,181 King's Cross Road,WC1X 9BZ,openstreetmap,https://www.openstreetmap.org/node/7154092635
https://www.papajohns.co.uk/stores/camden-town,own site,Papa John's,Camden,Camden Town,Pizza,,1,+44 20 7387 8999,51A Camden High Street,NW1 7JH,openstreetmap,https://www.openstreetmap.org/way/226063413
https://www.papajohns.co.uk/stores/west-hampstead,own site,Papa John's,Camden,West Hampstead,Pizza,,1,+44 20 7624 0197,177 West End Lane,NW6 2LH,openstreetmap,https://www.openstreetmap.org/way/473654292
https://www.papajohns.co.uk/stores/farringdon,own site,Papa John's,Camden,Clerkenwell,Pizza,,1,+44 20 7242 2233,65 Farringdon Road,EC1M 3JB,openstreetmap,https://www.openstreetmap.org/way/572711411
https://www.daisygreenfood.com/location-parliament-hill,own site,Parliament Hill Café,Camden,Gospel Oak,Cafe,reservations@daisygreenfood.com,1,,,,openstreetmap,https://www.openstreetmap.org/way/97209494
https://www.parrillan.co.uk/,own site,Parrillan,Camden,Somers Town,Spanish,byreservations@parrillan.co.uk,2,,,,openstreetmap,https://www.openstreetmap.org/way/834245600
https://www.parsonslondon.co.uk/,"own site (found by name, postcode verified)",Parsons,Camden,St Giles,Restaurant,reservations@parsonslondon.co.uk,1,,39 Endell Street,WC2H 9BA,food standards agency,https://ratings.food.gov.uk/business/1049953
https://pastino.co.uk/,"own site (found by name, postcode verified)",Pastino,Camden,Fitzrovia,Italian,info@pastino.co.uk,1,,92 Tottenham Court Road,W1T 4TL,openstreetmap,https://www.openstreetmap.org/way/294894094
https://pataralondon.com/,chain site (same name as 3 mapped branches),Patara,Camden,Hampstead,Asian,,6,,Hampstead High Street,NW3 1RE,openstreetmap,https://www.openstreetmap.org/way/199398428
https://www.patisseriedeuxamis.co.uk/,"own site (found by name, postcode verified)",Patisserie Deux Amis,Camden,King's Cross,Bakery,delectables@patisseriedeuxamis.co.uk,1,,65 Judd Street,WC1H 9QT,openstreetmap,https://www.openstreetmap.org/node/2624165040
https://www.patronrestaurant.com/,"own site (found by name, postcode verified)",Patron,Camden,Kentish Town,Restaurant,,1,,26 Fortess Road,NW5 2HB,food standards agency,https://ratings.food.gov.uk/business/985333
https://www.patronlondon.com/,own site,Patron Cave à Manger,Camden,Kentish Town,French,info@patronlondon.com,1,,26 Fortess Road,NW5 2HB,openstreetmap,https://www.openstreetmap.org/node/931648860
https://paul-uk.com/,chain site (same name as 18 mapped branches),Paul,Camden,King's Cross,Bakery,,28,,Unit 2 The Arcade,N1C 4QL,openstreetmap,https://www.openstreetmap.org/node/3310086154
https://www.jdwetherspoon.com/pubs/all-pubs/england/london/penderels-oak-holborn,own site,Penderel's Oak,Camden,Holborn,Pub,,1,+44 20 7242 5669,283-288 High Holborn,WC1V 7HP,openstreetmap,https://www.openstreetmap.org/way/1194233515
https://peopleandneighbours.com/,"own site (found by name, postcode verified)",PEOPLE & NEIGHBOURS,Camden,West Hampstead,Restaurant,,1,,"6-8 Broadwell Parade, Broadhurst Gardens",NW6 3BQ,food standards agency,https://ratings.food.gov.uk/business/1942064
https://www.pesantissimo.com/,own site,Pesantissimo,Camden,Primrose Hill,Pizza,info@pesantissimo.com,1,+442075869100,148 Regent's Park Road,NW1 8XN,openstreetmap,https://www.openstreetmap.org/way/1028386454
https://pezzofoodgroup.co.uk/,"own site (found by name, postcode verified)",Pezzo Food Group,Camden,Camden Town / Chalk Farm / Euston / King's Cross / Primrose Hill / Somers Town,Restaurant,redfeathersolutionrfs@gmail.com,1,,Unit D01 Camden Market,NW1 8AH,food standards agency,https://ratings.food.gov.uk/business/1798539
https://www.phohusons.co.uk/,"own site (found by name, postcode verified)",Pho Husons,Camden,Bloomsbury,Asian,phohusons@gmail.com,1,,11 Great Russell Street,WC1B 3NH,openstreetmap,https://www.openstreetmap.org/way/424839912
https://www.piccolahampstead.com/,"own site (found by name, phone verified)",Piccola,Camden,Hampstead,Italian,hello@piccolahampstead.com,1,+44 20 7431 3274,,,openstreetmap,https://www.openstreetmap.org/way/199398436
https://www.pied-a-terre.co.uk/,own site,Pied a Terre,Camden,Fitzrovia,French,,1,,34 Charlotte Street,W1T 2NH,openstreetmap,https://www.openstreetmap.org/way/138339566
https://pizzadirect.co/,own site,Pizza Direct,Camden,Kentish Town,Pizza,888bme@gmail.com,1,,179 York Way,N7 9LN,openstreetmap,https://www.openstreetmap.org/node/9410502461
https://www.pizzahut.co.uk/huts/uk-1/7537-kentish-town/,own site,Pizza Hut Delivery,Camden,Kentish Town,Pizza,,1,+44 20 7284 4080,120 Fortess Road,,openstreetmap,https://www.openstreetmap.org/node/931634427
https://pizzainnkilburn.co.uk/,"own site (found by name, postcode verified)",PIZZA INN,Camden,Kilburn,Pizza,rashidrasul77@hotmail.com,1,,278 Kilburn High Road,NW6 2BY,food standards agency,https://ratings.food.gov.uk/business/1759045
https://www.pizzapilgrims.co.uk/pizzerias/euston/,own site,Pizza Pilgrims,Camden,Somers Town,Pizza,events@pizzapilgrims.co.uk,1,,24 Eversholt Street,NW1 1AD,openstreetmap,https://www.openstreetmap.org/node/11784001052
https://pizzapilgrims.co.uk/,chain site (same name as 13 mapped branches),PIZZA PILGRIMS,Camden,Camden Town,Pizza,events@pizzapilgrims.co.uk,13,,40-42 Parkway,NW1 7AH,food standards agency,https://ratings.food.gov.uk/business/1251802
https://pizzasophia.com/,own site,Pizza Sophia,Camden,St Pancras,Pizza,info@pizzasophia.com,1,+44 20 7833 8556,50 Tavistock Place,WC1H 9RG,openstreetmap,https://www.openstreetmap.org/way/444832143
https://www.pizzaexpress.com/london-high-holborn,own site,PizzaExpress,Camden,Holborn,Pizza,,1,,99 High Holborn,WC1V 6LF,openstreetmap,https://www.openstreetmap.org/node/264515720
https://www.pizzaexpress.com/london-euston-road,own site,PizzaExpress,Camden,King's Cross,Pizza,,1,,93 Euston Road,NW1 2RA,openstreetmap,https://www.openstreetmap.org/node/332117740
https://www.pizzaexpress.com/belsize-park-haverstock-hill,own site,PizzaExpress,Camden,Belsize Park,Pizza,,1,,194a Haverstock Hill,,openstreetmap,https://www.openstreetmap.org/node/800600547
https://www.pizzaexpress.com/camden-parkway,own site,PizzaExpress,Camden,Camden Town,Pizza,,1,,85-87 Parkway,NW1 7PP,openstreetmap,https://www.openstreetmap.org/way/211489922
https://www.pizzaexpress.com/london-coptic-street,own site,PizzaExpress,Camden,Bloomsbury,Pizza,,1,,30 Coptic Street,WC1A 1NS,openstreetmap,https://www.openstreetmap.org/way/555577068
https://planburrito.co.uk/,own site,Plan Burrito,Camden,Bloomsbury,Mexican,,1,+44 7908 527580,156 Southampton Row,WC1B 5AR,openstreetmap,https://www.openstreetmap.org/node/11622982577
https://plazakhaogaeng.com/,own site,Plaza Kgao Gaeng,Camden,Bloomsbury,Asian,hello@plazakhaogaeng.com,3,,103-105 New Oxford Street,WC1A 1DB,openstreetmap,https://www.openstreetmap.org/node/11249216838
https://popeyesuk.com/restaurants/kilburn,own site,Popeyes,Camden,Kilburn,Takeaway,,1,,122-126 Kilburn High Road,NW6 4HY,openstreetmap,https://www.openstreetmap.org/way/296629047
https://poppiesfishandchips.co.uk/,"own site (found by name, postcode verified)",Poppies Fish and Chips,Camden,Camden Town,Seafood,info@poppiesfishandchips.co.uk,4,,30 Hawley Crescent,NW1 8NP,food standards agency,https://ratings.food.gov.uk/business/740230
https://poppiesfishandchips.co.uk/poppies-camden/,own site,Poppies of Camden,Camden,Camden Town,Seafood,info@poppiesfishandchips.co.uk,1,+44 20 7267 0440,,,openstreetmap,https://www.openstreetmap.org/node/3138186730
http://www.porkys.co.uk,own site,Porky's BBQ,Camden,Chalk Farm,BBQ,,1,+44 20 7428 0998,18 Chalk Farm Road,NW1 8AG,openstreetmap,https://www.openstreetmap.org/way/881154830
http://www.portobellojuice.com/,own site,Portobello Juice,Camden,Kentish Town,Takeaway,admin@portobellojuice.com,2,,183 York Way,N7 9LN,openstreetmap,https://www.openstreetmap.org/node/9407958870
https://locations.pret.co.uk/london/117-euston-road,own site,Pret A Manger,Camden,King's Cross,Deli,,1,,117 Euston Road,NW1 2SX,openstreetmap,https://www.openstreetmap.org/node/332117631
https://locations.pret.co.uk/london/8b-leather-lane,own site,Pret A Manger,Camden,Clerkenwell,Deli,,1,,8b Leather Lane,EC1N 7RA,openstreetmap,https://www.openstreetmap.org/node/338472536
https://locations.pret.co.uk/london/240-241-high-holborn,own site,Pret A Manger,Camden,Holborn,Deli,,1,,240 High Holborn,WC1V 7DN,openstreetmap,https://www.openstreetmap.org/node/338507315
https://locations.pret.co.uk/london/157-camden-high-street,own site,Pret A Manger,Camden,Camden Town,Deli,,1,,157 Camden High Street,NW1 7JY,openstreetmap,https://www.openstreetmap.org/node/390924493
https://locations.pret.co.uk/london/125-high-holborn,own site,Pret A Manger,Camden,Holborn,Deli,,1,,125 High Holborn,WC1V 6AN,openstreetmap,https://www.openstreetmap.org/node/13030340015
https://locations.pret.co.uk/london/219-finchley-road,own site,Pret A Manger,Camden,Swiss Cottage,Deli,,1,+44 20 7372 3010,219 Finchley Road,NW3 6LP,openstreetmap,https://www.openstreetmap.org/way/122009328
https://locations.pret.co.uk/london/341-kentish-town-road,own site,Pret A Manger,Camden,Kentish Town,Deli,,1,,341 Kentish Town Road,NW5 2TJ,openstreetmap,https://www.openstreetmap.org/way/291698472
https://locations.pret.co.uk/london/67-tottenham-court-road,own site,Pret A Manger,Camden,Fitzrovia,Deli,,1,,67 Tottenham Court Road,W1T 2EY,openstreetmap,https://www.openstreetmap.org/way/294894101
https://primrose-bakery.co.uk,own site,Primrose Bakery,Camden,Chalk Farm,Bakery,primrosehill@primrose-bakery.co.uk,2,,,,openstreetmap,https://www.openstreetmap.org/node/5096003079
https://www.theprinceofwalesfeathersw1.co.uk/,own site,Prince of Wales Feathers,Camden,Fitzrovia,Pub,,1,+44 20 7383 4849,8 Warren Street,W1T 5LD,openstreetmap,https://www.openstreetmap.org/way/427341994
http://princesslouisepub.co.uk/,own site (Wikidata),Princess Louise,Camden,Holborn,Pub,,1,+44 20 7405 8816,208 High Holborn,WC1V 7EP,openstreetmap,https://www.openstreetmap.org/way/97237916
https://studentsunionucl.org/eat-drink-shop/cafes/print-room-cafe,own site,Print Room Café,Camden,St Pancras,Cafe,,1,,Gower Street,WC1E 6BT,openstreetmap,https://www.openstreetmap.org/node/720890821
http://www.pritchardandure.com/,own site,Pritchard & Ure,Camden,Camden Town,Restaurant,pritchardandure@gmail.com,1,,2 Barker Drive,NW1 0JW,openstreetmap,https://www.openstreetmap.org/node/12486844165
https://punjab.co.uk/,"own site (found by name, postcode verified)",Punjab,Camden,St Giles,Indian,info@punjab.co.uk,1,,80 Neal Street,WC2H 9PA,openstreetmap,https://www.openstreetmap.org/way/566375745
https://purezza.co.uk/locations/camden/,own site,Purezza,Camden,Camden Town,Pizza,,1,,45-47 Parkway,NW1 7PN,openstreetmap,https://www.openstreetmap.org/way/232387703
https://qimacafe.com/,"own site (found by name, postcode verified)",QIMA CAFE,Camden,Fitzrovia,Cafe,info@qimacafe.com,2,,20-21 Warren Street,W1T 5LT,openstreetmap,https://www.openstreetmap.org/way/420120040
https://www.quartieri.co.uk/,"own site (found by name, postcode verified)",Quartieri,Camden,Kilburn,Pizza,,1,,300,NW6 2DB,openstreetmap,https://www.openstreetmap.org/way/473654236
https://www.quillsbrunchbar.co.uk/,own site,Quills,Camden,King's Cross,Breakfast; Deli,,1,+44 7304 059671,149 King's Cross Road,WC1X 9BN,openstreetmap,https://www.openstreetmap.org/node/6591730288
https://www.ramorefreshfood.co.uk/,"own site (found by name, postcode verified)",RAMORE FRESH FOOD,Camden,Camden Town,Restaurant,info@ramorefreshfood.co.uk,1,,16 Inverness Street,NW1 7HJ,food standards agency,https://ratings.food.gov.uk/business/1891424
https://ravelsbistro.com/,"own site (found by name, postcode verified)",Ravels Bistro,Camden,Gospel Oak,French,bistroravels@hotmail.com,1,,4 Fleet Road,NW3 2QS,food standards agency,https://ratings.food.gov.uk/business/1043941
https://www.redemptionroasters.com,own site,Redemption Roasters,Camden,King's Cross,Breakfast,,13,,Stable Street,N1C 4AQ,openstreetmap,https://www.openstreetmap.org/node/7131596085
https://regentsnatural.co.uk/,"own site (found by name, postcode verified)",Regent's Natural,Camden,Somers Town,Bakery,info@regentsnatural.co.uk,1,,1 Albany Street,NW1 4BU,openstreetmap,https://www.openstreetmap.org/node/2216576544
https://remedykitchen.co.uk,own site,Remedy Kitchen,Camden,Primrose Hill,Restaurant,healthy@remedykitchen.co.uk,1,,83 Haverstock Hill,NW3 4RL,openstreetmap,https://www.openstreetmap.org/way/1312813845
https://ripekitchen.co.uk/,own site,Ripe Kitchen,Camden,Primrose Hill,Breakfast; Deli,info@ripekitchen.co.uk,1,,136 Regent's Park Road,NW1 8XL,openstreetmap,https://www.openstreetmap.org/way/1119447380
https://www.rockandsoleplaice.com/,own site,Rock & Sole Plaice,Camden,St Giles,Seafood,reservations@rockandsoleplaice.com,1,,47 Endell Street,WC2H 9AJ,openstreetmap,https://www.openstreetmap.org/way/148511933
https://rogerskitchen.co.uk/,"own site (found by name, phone verified)",Roger's Kitchen,Camden,Camden Town,Restaurant,info@rogerskitchen.co.uk,1,+44 20 8066 0747,71 Camden Road,,openstreetmap,https://www.openstreetmap.org/way/104112036
https://www.roguesquarter.com/,own site,Rogues Quarter,Camden,Gospel Oak,Breakfast; Spanish,roguesquarterlondon@gmail.com,1,+442079164219,155-157 Queen's Crescent,NW5 4EA,openstreetmap,https://www.openstreetmap.org/node/11162687030
https://www.rosasthaicafe.com/locations/westhampstead,own site,Rosa's Thai Cafe,Camden,West Hampstead,Asian,bakerstreet@rosasthai.com,1,+44 20 3773 1568,152 West End Lane,NW6 1SD,openstreetmap,https://www.openstreetmap.org/node/1313298816
https://rosasthai.com/,"own site (found by name, postcode verified)",Rosa's Thai Cafe,Camden,St Giles,Asian,bakerstreet@rosasthai.com,6,,26 Earlham Street,WC2H 9LN,openstreetmap,https://www.openstreetmap.org/node/12920922052
https://www.rosenrose.co.uk/,own site,Rose & Rose,Camden,Hampstead,Cafe,,2,,,,openstreetmap,https://www.openstreetmap.org/node/14182480066
https://rossella.co.uk/,"own site (found by name, postcode verified)",Rossella,Camden,Gospel Oak,Restaurant,contact@rossella.co.uk,2,,103 Highgate Road,NW5 1TR,food standards agency,https://ratings.food.gov.uk/business/1513607
https://rossodisera.co.uk/,own site,Rossodisera,Camden,St Giles,Italian,info@rossodisera.co.uk,1,+44 20 7240 3683,5 Monmouth Street,WC2H 9DA,openstreetmap,https://www.openstreetmap.org/node/6029527787
https://roti.co.uk/,"own site (found by name, postcode verified)",ROTI,Camden,Kentish Town,Takeaway,,1,,"PODS 28 & 29 Jml EAST SIDE, Regis Road",NW5 3EW,food standards agency,https://ratings.food.gov.uk/business/1918480
https://rotiking.com/location/euston/,own site,Roti King,Camden,Somers Town,Asian,hello@rotiking.com,1,+44 20 7387 2518,40 Doric Way,NW1 1LH,openstreetmap,https://www.openstreetmap.org/node/3378994793
https://www.greeneking-pubs.co.uk/pubs/greater-london/royal-george/,own site,Royal George,Camden,Somers Town,Pub,7244@greeneking.co.uk,1,,8-14 Eversholt Street,NW1 1DG,openstreetmap,https://www.openstreetmap.org/way/125751676
https://www.rubyviolet.co.uk/,own site,Ruby Violet,Camden,King's Cross,Ice cream,,1,,3 Wharf Road,N1C 4BZ,openstreetmap,https://www.openstreetmap.org/node/5057389641
https://www.rudyspizza.co.uk/pizzerias/tottenham-court-road,own site,Rudy's Pizza Napoletana,Camden,Fitzrovia,Pizza,tottenhamcourtroad@rudyspizza.co.uk,1,,53-54 Tottenham Court Road,W1T 2EJ,openstreetmap,https://www.openstreetmap.org/way/530393384
https://www.rumkitchen.co.uk/,"own site (found by name, postcode verified)",RUM KITCHEN,Camden,Camden Town,Restaurant,,1,,6 Inverness Street,NW1 7HJ,food standards agency,https://ratings.food.gov.uk/business/1960278
http://www.sagarveg.co.uk/,own site,Sagar,Camden,Fitzrovia,Indian,,2,,17 Percy Street,W1T 1DU,openstreetmap,https://www.openstreetmap.org/way/425428410
https://salaam-namaste.co.uk/,own site,Salaam Namaste,Camden,Holborn,Indian,info@salaam-namaste.co.uk,1,+44 20 7405 3697,68 Millman Street,WC1N 3EF,openstreetmap,https://www.openstreetmap.org/node/5838769586
https://www.bar-salsa.com/soho,own site,Salsa!,Camden,St Giles,Spanish,,1,,,,openstreetmap,https://www.openstreetmap.org/node/401529148
https://www.saltandpepper.london/,"own site (found by name, postcode verified)",Salt & Pepper,Camden,Bloomsbury,Cafe,londonsaltandpepper@gmail.com,1,,5 Bloomsbury Street,WC1B 3QE,openstreetmap,https://www.openstreetmap.org/way/424281013
https://www.saltyardgroup.co.uk/restaurants/salt-yard,"own site (found by name, postcode verified)",Salt Yard,Camden,Fitzrovia,Spanish,,1,,54 Goodge Street,W1T 4NA,openstreetmap,https://www.openstreetmap.org/way/118806492
https://www.salvino.co.uk/,own site,Salvino,Camden,Kentish Town,Deli,,1,+44 20 7267 5305,47 Brecknock Road,N7 0BT,openstreetmap,https://www.openstreetmap.org/way/864126692
https://sandwichclubeuston.co.uk/,"own site (found by name, postcode verified)",SANDWICH CLUB EUSTON,Camden,Somers Town,Restaurant,,1,,102 Drummond Street,NW1 2HN,food standards agency,https://ratings.food.gov.uk/business/1775474
https://sandwichsandwich.co.uk/locations/tottenham-court-road/,own site,Sandwich Sandwich,Camden,Fitzrovia,Deli,orders@sandwichsandwich.co.uk,1,,27 Tottenham Court Road,W1T 1BJ,openstreetmap,https://www.openstreetmap.org/way/425222124
https://www.sarracinorestaurant.com/,own site,Sarracino,Camden,West Hampstead,Italian,info@sarracinorestaurant.com,1,+44 20 7624 3886,186 Broadhurst Gardens,NW6 3AY,openstreetmap,https://www.openstreetmap.org/way/473654307
https://www.sarumhallschool.co.uk/,"own site (found by name, postcode verified)",Sarum Hall School,Camden,Belsize Park / Frognal / Gospel Oak / Hampstead / North End / Primrose Hill / Swiss Cottage,Restaurant,admissions@sarumhallschool.co.uk,1,,"Eton AveBelsize ParkLondon, Eton Avenue",NW3 3EL,food standards agency,https://ratings.food.gov.uk/business/1751400
https://www.savoir.co.uk/,own site,Savoir Faire,Camden,Bloomsbury,French,,1,+44 20 7436 0707,42 New Oxford Street,WC1A 1EP,openstreetmap,https://www.openstreetmap.org/way/157757540
https://scala.co.uk/,"own site (found by name, postcode verified)",Scala,Camden,King's Cross,Pub,,1,,275-277 Pentonville Road,N1 9NL,food standards agency,https://ratings.food.gov.uk/business/424600
https://www.scoffandbanter.com/,own site,Scoff & Banter,Camden,St Giles,Restaurant,kensington@scoffandbanter.com,2,,,,openstreetmap,https://www.openstreetmap.org/node/970857052
https://stpancrasbysearcys.co.uk/brasserie/,own site,Searcy's,Camden,King's Cross,Restaurant,stpancrasreception@searcys.co.uk,1,+44 20 7870 9900,The Grand Terrace,N1C 4QL,openstreetmap,https://www.openstreetmap.org/node/3711917737
https://senviet.has.restaurant/,own site,Sen Viet,Camden,King's Cross,Asian,,1,+44 20 7278 2881,119 King's Cross Road,WC1X 9NH,openstreetmap,https://www.openstreetmap.org/node/2164411603
https://www.sevendialsmarket.com,own site,Seven Dials Market,Camden,St Giles,Food court,events@sevendialsmarket.com,1,,Earlham Street,WC2H 9AU,openstreetmap,https://www.openstreetmap.org/node/438170659
https://shaftesburytheatre.co.uk/,"own site (found by name, postcode verified)",Shaftesbury Theatre,Camden,St Giles,Restaurant,,2,,210 Shaftesbury Avenue,WC2H 8DP,food standards agency,https://ratings.food.gov.uk/business/424374
https://www.shakeshack.co.uk/locations/kings-cross-st-pancras,own site,Shake Shack,Camden,Somers Town,Burger,,1,+44 1923 886227,,,openstreetmap,https://www.openstreetmap.org/node/647051380
https://www.shakeshack.com,own site,Shake Shack,Camden,Bloomsbury,Burger,,4,+44 1925 555 171,80 New Oxford Street,WC1A 1HB,openstreetmap,https://www.openstreetmap.org/node/4259375230
https://www.jdwetherspoon.com/pubs/all-pubs/england/london/shakespeares-head-holborn,own site,Shakespeare's Head,Camden,Holborn,Pub,,1,+44 20 7404 8846,64-68 Kingsway,WC2B 6AH,openstreetmap,https://www.openstreetmap.org/way/277929219
https://shanghaifamily.co.uk/,own site,Shanghai Family,Camden,Bloomsbury,Asian; Chinese,,1,,40 New Oxford Street,WC1A 1EP,openstreetmap,https://www.openstreetmap.org/way/157757463
https://shepherdfoods.co.uk/,own site,Shepherd Foods,Camden,Primrose Hill,Deli,,1,,59-61 Regent's Park Road,NW1 8XD,openstreetmap,https://www.openstreetmap.org/node/931673380
https://www.shibainuswithlove.com/,own site,Shiba Inus With Love,Camden,Fitzrovia,Cafe,,1,,2-4 Whitfield Street,W1T 2RB,openstreetmap,https://www.openstreetmap.org/way/425651105
https://www.shoryuramen.com/,own site,Shoryu,Camden,Bloomsbury,Asian; Japanese,shoryu.carnaby@shoryuramen.com,8,,84 New Oxford Street,WC1A 1HB,openstreetmap,https://www.openstreetmap.org/node/4259375231
https://www.shoyurestaurant.co.uk/,"own site (found by name, postcode verified)",SHOYU RESTAURANT,Camden,Holborn,Restaurant,info@shoyurestaurant.co.uk,1,,18 Procter Street,WC1V 6NX,food standards agency,https://ratings.food.gov.uk/business/1676108
https://shuffleboardbars.com/london/,own site,Shuffleboard Bar London,Camden,King's Cross,Pub,london@shuffleboardbars.com,1,,37 Tavistock Place,,openstreetmap,https://www.openstreetmap.org/node/10937912505
http://sichuangrand.com/,"own site (found by name, postcode verified)",SICHUAN GRAND,Camden,Bloomsbury,Chinese,sichuangrandholborninfo@gmail.com,2,,31-33 Bloomsbury Way,WC1A 2SA,food standards agency,https://ratings.food.gov.uk/business/1653952
https://simitsarayi.com/,chain site (same name as 3 mapped branches),Simit Sarayi,Camden,Bloomsbury,Restaurant,info@simitsarayi.com,3,,,,openstreetmap,https://www.openstreetmap.org/node/5295355691
https://www.simmonsbar.co.uk/,own site,Simmons,Camden,Camden Town,Pub,info@simmonsbar.co.uk,1,,7 Camden High Street,NW1 7JE,openstreetmap,https://www.openstreetmap.org/way/225442612
https://simplehealthkitchen.com/,"own site (found by name, postcode verified)",SIMPLE HEALTH KITCHEN,Camden,Fitzrovia,Restaurant,,3,,67 Whitfield Street,W1T 4DE,food standards agency,https://ratings.food.gov.uk/business/1934380
https://www.singaporegarden.co.uk/,"own site (found by name, phone verified)",Singapore Garden,Camden,Swiss Cottage,Restaurant,,1,+44 20 7328 5314,83 Fairfax Road,,openstreetmap,https://www.openstreetmap.org/node/4160209791
https://www.nicholsonspubs.co.uk/restaurants/london/thesirchristopherhattonhattongardenlondon,own site,Sir Christopher Hatton,Camden,Clerkenwell,Pub,,1,+44 20 7404 9436,4 Leather Lane,EC1N 7RA,openstreetmap,https://www.openstreetmap.org/node/338472534
https://www.sircc.pub,own site,Sir Colin Campbell,Camden,Kilburn,Pub,manager@sircc.pub,1,+44 20 3021 1831,264-266 Kilburn High Road,NW6 2BY,openstreetmap,https://www.openstreetmap.org/way/579402933
https://www.sixbynico.co.uk/,"own site (found by name, postcode verified)",Six by Nico,Camden,Fitzrovia,Restaurant,vouchers@sixbynico.co.uk,1,,41 Charlotte Street,W1T 1RR,openstreetmap,https://www.openstreetmap.org/way/182651296
https://skinnersarmslondon.com/,own site,Skinners Arms,Camden,King's Cross,Pub,skinnersarms@douglasinns.co.uk,1,+442078376521,114 Judd Street,WC1H 9NT,openstreetmap,https://www.openstreetmap.org/node/298347049
https://skzo.co.uk/,"own site (found by name, postcode verified)",SKZO,Camden,Bloomsbury,Restaurant,,1,,6 Store Street,WC1E 7DQ,food standards agency,https://ratings.food.gov.uk/business/1805032
https://www.smartodds.co.uk/,"own site (found by name, postcode verified)",Smart Odds LTD,Camden,Gospel Oak,Restaurant,office@smartodds.co.uk,1,,"Offices And Premises At Suite 540 Highgate Studios, 53-79 Highgate Road",NW5 1TL,food standards agency,https://ratings.food.gov.uk/business/1097430
https://thesmugglerstavern.co.uk/,own site,Smuggler's Tavern,Camden,Fitzrovia,Pub,info@thesmugglerstavern.co.uk,1,+44 20 7388 8686,28 Warren Street,,openstreetmap,https://www.openstreetmap.org/way/420411288
https://sohocoffee.com/,"own site (found by name, postcode verified)",Soho Coffee,Camden,Swiss Cottage,Restaurant,,3,,"The O2 Centre, 255 Finchley Road",NW3 6LU,food standards agency,https://ratings.food.gov.uk/business/1788789
https://www.thesomerstowncoffeehouse.co.uk/,own site,Somers Town Coffee House,Camden,Somers Town,Breakfast; Burger; Pub; Seafood; Steak,,1,,60 Chalton Street,NW1 1HS,openstreetmap,https://www.openstreetmap.org/way/1010697200
https://sourdoughsophia.co.uk/,"own site (found by name, postcode verified)",Sourdough Sophia,Camden,Highgate,Restaurant,hello@sourdoughsophia.co.uk,5,,3 Highgate West Hill,N6 6JS,food standards agency,https://ratings.food.gov.uk/business/1832036
https://spaghettihouse.co.uk/,chain site (same name as 6 mapped branches),Spaghetti House,Camden,Kentish Town,Italian,info@spaghettihouse.co.uk,4,,169 Fortess Road,NW5 2HR,openstreetmap,https://www.openstreetmap.org/node/1842096025
https://www.spagnoletti.co.uk,own site,Spagnoletti,Camden,King's Cross,Breakfast; Italian,,1,+44 20 7843 2221,23-27 Euston Road,NW1 2SD,openstreetmap,https://www.openstreetmap.org/node/9917491119
http://www.speedyscafe.co.uk/,own site,Speedy's,Camden,Somers Town,Deli,,1,,187 North Gower Street,NW1 2NJ,openstreetmap,https://www.openstreetmap.org/node/2972228374
https://www.spicedeli.co.uk/,own site,Spice Deli,Camden,West Hampstead,Asian; Deli; Indian,kim@spicedeli.co.uk,1,,11 Goldhurst Terrace,NW6 3HX,openstreetmap,https://www.openstreetmap.org/node/13879037544
https://spiceofhaverstock.com,own site,Spice of Haverstock,Camden,Primrose Hill,Indian,,1,,89 Haverstock Hill,NW3 4RL,openstreetmap,https://www.openstreetmap.org/way/1312813839
https://www.spierssalads.com/,own site,Spier's Salads,Camden,Bloomsbury,Takeaway,spierssalads@gmail.com,1,+44 7817754963,Bloomsbury Square,,openstreetmap,https://www.openstreetmap.org/node/1659659969
https://www.spiritland.com/,own site,Spiritland,Camden,King's Cross,Bar,,1,+44 20 3319 0050,9 - 10 Stable Street,N1C 4AB,openstreetmap,https://www.openstreetmap.org/node/6082105350
https://www.stagcity.co.uk/,"own site (found by name, postcode verified)",Stag City,Camden,Swiss Cottage,Restaurant,,1,,291 Finchley Road,NW3 6ND,food standards agency,https://ratings.food.gov.uk/business/1181584
https://www.starbucks.com/store-locator/store/2564/new-oxford-street-112-116-new-oxford-street-london-eng-wc-1-a-1-hh-g,own site,Starbucks,Camden,St Giles,Breakfast,press@starbucks.com,1,,,,openstreetmap,https://www.openstreetmap.org/node/388116719
https://www.starbucks.com/store-locator/store/2775/hampstead-west-end-lane-201-a-west-end-lane-london-eng-nw-6-2-lj-gb,own site,Starbucks,Camden,West Hampstead,Breakfast,press@starbucks.com,1,,,,openstreetmap,https://www.openstreetmap.org/node/392032917
https://www.starbucks.com/store-locator/store/2828/st-pancras-international-stati-st-pancras-international-station-london-eng-nw-1-2,own site,Starbucks,Camden,Somers Town,Breakfast,press@starbucks.com,1,,,,openstreetmap,https://www.openstreetmap.org/node/647004373
https://www.starbucks.com/store-locator/store/2790/euston-tower-unit-1-a-euston-tower-podium-regents-place-london-,own site,Starbucks,Camden,Somers Town,Breakfast,press@starbucks.com,1,,286 Euston Road,NW1 3DP,openstreetmap,https://www.openstreetmap.org/node/874743647
https://www.starbucks.com/store-locator/store/2676/great-russell-street-51-great-russell-street-london-eng-wc-1-b-3-ba-gb,own site,Starbucks,Camden,St Giles,Breakfast,press@starbucks.com,1,,,,openstreetmap,https://www.openstreetmap.org/node/2536905242
https://www.starbucks.com/store-locator/store/1025615/euston-station-upstairs-balcon-euston-station-london-eng-nw-12-du-gb,own site,Starbucks,Camden,St Pancras,Breakfast,press@starbucks.com,1,,,,openstreetmap,https://www.openstreetmap.org/node/4638026918
https://www.starbucks.com/store-locator/store/1019950/5-warren-street-5-warren-street-london-eng-w-1-t-5-la-gb,own site,Starbucks,Camden,Fitzrovia,Breakfast,press@starbucks.com,1,,5 Warren Street,W1T 5LA,openstreetmap,https://www.openstreetmap.org/node/9807642044
https://www.starbucks.com/store-locator/store/2506/hampstead-south-end-road-5-7-south-end-road-london-eng-nw-3-2-pt-gb,own site,Starbucks,Camden,Belsize Park,Breakfast,press@starbucks.com,1,,5-7 South End Road,NW3 2PT,openstreetmap,https://www.openstreetmap.org/way/67555384
https://www.starbucks.com/store-locator/store/3126/brunswick-centre-brunswick-centre-london-eng-wc-1-n-1-aw-gb,own site,Starbucks,Camden,St Pancras,Breakfast,press@starbucks.com,1,,,,openstreetmap,https://www.openstreetmap.org/way/291651298
https://www.starbucks.com/store-locator/store/87135/kings-cross-station-concour-euston-road-london-eng-n-1-9-al-gb,own site,Starbucks,Camden,King's Cross,Breakfast,press@starbucks.com,1,,,,openstreetmap,https://www.openstreetmap.org/way/416601724
https://www.starbucks.com/store-locator/store/2652/camden-parkway-4-6-parkway-camden-london-eng-nw-1-7-aa-gb,own site,Starbucks,Camden,Camden Town,Breakfast,press@starbucks.com,1,,4-6 Parkway,NW1 7AA,openstreetmap,https://www.openstreetmap.org/way/451762755
https://www.starbucks.com/store-locator/store/3101/tottenham-court-road-capper-st-175-tottenham-court-road-london-eng-w-1-t-7-nu-gb,own site,Starbucks,Camden,Fitzrovia,Breakfast,press@starbucks.com,1,,175-176 Tottenham Court Road,W1T 7NX,openstreetmap,https://www.openstreetmap.org/way/750084166
https://www.starbucks.com/store-locator/store/2562/belsize-park-englands-lane-57-englands-lane-belsize-park-london-eng-nw-3-4-yd,own site,Starbucks,Camden,Belsize Park,Breakfast,press@starbucks.com,1,,55-57 England's Lane,,openstreetmap,https://www.openstreetmap.org/way/1018329288
https://staxburgers.com/,"own site (found by name, postcode verified)",STAX BURGERS,Camden,Chalk Farm,Burger,hello@staxburgers.com,1,,"Camden  Stables Market Italian Alley 3 Ground Floor, Chalk Farm Road",NW1 8AH,food standards agency,https://ratings.food.gov.uk/business/1938703
https://www.steakandlobster.com/,"own site (found by name, postcode verified)",Steak and Lobster,Camden,Fitzrovia,Seafood; Steak,warrenstreet@steakandlobster.com,1,+44 207 666 5430,130 Tottenham Court Road,W1T 5AY,openstreetmap,https://www.openstreetmap.org/node/14212564321
https://www.storestespresso.co.uk/,own site,Store Street Espresso,Camden,St Pancras,Breakfast,storestreetespresso@gmail.com,5,,54 Tavistock Place,WC1H 9RG,openstreetmap,https://www.openstreetmap.org/way/257090286
https://www.storrd.com/,"own site (found by name, postcode verified)",Storrd Ltd,Camden,Camden Town,Restaurant,help@storrd.com,1,,"Unit 3, 10 Jamestown Road",NW1 7BY,food standards agency,https://ratings.food.gov.uk/business/1873740
https://gordonramsayrestaurants.com/,chain site (same name as 3 mapped branches),Street Pizza,Camden,Camden Town,Pizza,,2,,127 Parkway,,openstreetmap,https://www.openstreetmap.org/way/770081315
https://studio48london.co.uk/,"own site (found by name, postcode verified)",STUDIO 48 LONDON,Camden,Chalk Farm,Restaurant,info@studio48london.co.uk,1,,48 Chalk Farm Road,NW1 8AJ,food standards agency,https://ratings.food.gov.uk/business/1708605
https://studiogauthier.co.uk,own site,Studio Gauthier,Camden,Fitzrovia,Asian; Sushi,info@studiogauthier.co.uk,1,+44 7759 155344,21 Stephen Street,W1T 1LN,openstreetmap,https://www.openstreetmap.org/node/11389558842
https://restaurants.subway.com/united-kingdom/en/london/311-grays-inn-road,own site,Subway,Camden,King's Cross,Deli,,1,,311 Gray's Inn Road,WC1X 8PX,openstreetmap,https://www.openstreetmap.org/node/3077922105
https://restaurants.subway.com/united-kingdom/en/london/141-finchley-road,own site,Subway,Camden,Swiss Cottage,Deli,,1,+44 20 7431 2474,141 Finchley Road,NW3 6JH,openstreetmap,https://www.openstreetmap.org/node/9683179647
https://restaurants.subway.com/united-kingdom/en/london/233-finchley-road,own site,Subway,Camden,Swiss Cottage,Deli,,1,,233 Finchley Road,NW3 6LS,openstreetmap,https://www.openstreetmap.org/way/238006675
https://restaurants.subway.com/united-kingdom/en/london/109-tottenham-court-road,own site,Subway,Camden,Fitzrovia,Deli,,1,,109 Tottenham Court Road,W1T 5AD,openstreetmap,https://www.openstreetmap.org/way/294886274
https://restaurants.subway.com/united-kingdom/en/london/95-leather-lane,own site,Subway,Camden,Clerkenwell,Deli,,1,,95 Leather Lane,EC1N 7TS,openstreetmap,https://www.openstreetmap.org/way/571479630
https://www.superettestore.com/,own site,Superette,Camden,Gospel Oak,Deli,,2,,,,openstreetmap,https://www.openstreetmap.org/node/9986053364
https://www.superstarbbq.co.uk/,own site,SuperStar BBQ,Camden,St Giles,BBQ,info@superstarbbq.co.uk,1,,,,openstreetmap,https://www.openstreetmap.org/way/364431785
https://survivorsfood.co.uk/restaurants/camden/,own site,Survivor,Camden,Camden Town,Restaurant,,1,,98 Arlington Road,NW1 7HT,openstreetmap,https://www.openstreetmap.org/way/849795173
https://www.sushidog.co.uk/,"own site (found by name, postcode verified)",SUSHI DOG LIMITED,Camden,Camden Town,Sushi,,5,,"Unit L Camden (Buck Street) Market, 192-198 Camden High Street",NW1 8QP,food standards agency,https://ratings.food.gov.uk/business/1962530
http://www.sushihiroba.co.uk/,own site,Sushi Hiroba,Camden,Holborn,Asian; Japanese; Sushi,,1,+44 20 7430 1888,50-54 Kingsway,WC2B 6EP,openstreetmap,https://www.openstreetmap.org/node/338507460
https://www.sushisalsacamden.co.uk/,own site,Sushi Salsa,Camden,Camden Town,Asian; Japanese; Sushi,info@sushisalsacamden.co.uk,1,+44 20 7482 7088,3A Camden Wharf Jamestown Road,NW1 7BY,openstreetmap,https://www.openstreetmap.org/node/4488591250
https://mysushishop.co.uk/,chain site (same name as 3 mapped branches),Sushi Shop,Camden,Hampstead,Asian; Sushi,,4,,Hampstead High Street,NW3 1QH,openstreetmap,https://www.openstreetmap.org/way/199398440
https://www.sushiwaka.co.uk/,own site,Sushi Waka,Camden,Camden Town,Asian; Japanese; Sushi,,1,+44 20 7482 2036,75 Parkway,NW1 7PP,openstreetmap,https://www.openstreetmap.org/way/211490318
https://easy.coffee/,own site,SushiDog,Camden,St Giles,Asian; Japanese; Sushi,,2,,1 Tower Street,WC2H 9NP,openstreetmap,https://www.openstreetmap.org/way/349913643
https://www.swider.co.uk/,"own site (found by name, postcode verified)",SWIDER,Camden,Fitzrovia,Restaurant,contact@swider.co.uk,1,,31b Goodge Street,W1T 2PR,food standards agency,https://ratings.food.gov.uk/business/1981221
https://swissbutter.com/,own site,Swiss Butter,Camden,Bloomsbury,Steak,,1,+44 20 3685 2741,114-118 Southampton Row,,openstreetmap,https://www.openstreetmap.org/node/13061519062
https://www.cheesewheellondon.com/,"own site (found by name, postcode verified)",T/A The Cheese Wheel,Camden,Camden Town,Takeaway,info@cheesewheellondon.com,1,,"Unit 29 West Yard, Camden Lock Place",NW1 8AF,food standards agency,https://ratings.food.gov.uk/business/1487623
https://www.taminilebanesebakery.com/,own site,Ta'Mini Lebanese Bakery,Camden,St Pancras,Bakery,,1,,70 Marchmont Street,WC1N 1AB,openstreetmap,https://www.openstreetmap.org/node/11343549362
https://www.tabacbar.co.uk/,"own site (found by name, postcode verified)",TABAC BAR LTD,Camden,Kentish Town,Takeaway,info@tabacbar.co.uk,1,,16 Fortess Road,NW5 2EU,food standards agency,https://ratings.food.gov.uk/business/1285502
https://locations.tacobell.co.uk/london/122-high-street--camden.html,own site,Taco Bell,Camden,Camden Town,Mexican; Tacos,,1,,,,openstreetmap,https://www.openstreetmap.org/node/11203230674
https://www.takagiyalondon.com,own site,Takagiya,Camden,West Hampstead,Asian; Japanese,info@takagiyalondon.com,1,+44 2074 190558,102 Fortune Green Road,NW6 1DS,openstreetmap,https://www.openstreetmap.org/node/11510836823
http://www.tappingtheadmiral.com/,own site,Tapping the Admiral,Camden,Chalk Farm,Pub,tappingtheadmiral@gmail.com,1,+44 20 7267 6118,77 Castle Road,,openstreetmap,https://www.openstreetmap.org/way/850126738
https://tarimuyghurrestaurant.co.uk,own site,Tarim,Camden,Holborn,Asian; Chinese,,1,+44 2036 206 859,35 Theobalds Road,WC1X 8SP,openstreetmap,https://www.openstreetmap.org/node/13858993853
https://tarosushi.co.uk/,own site,Taro,Camden,Swiss Cottage,Asian; Sushi,,1,,293 Finchley Road,NW3 6DT,openstreetmap,https://www.openstreetmap.org/way/548327115
https://www.tasrestaurants.co.uk/,own site,Tas Restaurant,Camden,Bloomsbury,Restaurant,,1,+44 20 7637 1333,22 Bloomsbury Street,WC1B 3QJ,openstreetmap,https://www.openstreetmap.org/way/555832955
https://cqcuisine.com/,own site,Taste of ChongQing,Camden,St Pancras,Asian; Chinese,,1,+44 20 7631 0888,40-42 Woburn Place,WC1H 0JR,openstreetmap,https://www.openstreetmap.org/node/13318523801
http://taste-of-siam.co.uk/,own site,Taste of Siam,Camden,Camden Town,Asian,,1,,41 Camden High Street,NW1 7JH,openstreetmap,https://www.openstreetmap.org/way/226063419
https://templeofseitan.co.uk/,own site,Temple of Seitan,Camden,Camden Town,Burger,info@templeofseitan.co.uk,2,,43 Parkway,NW1 7PN,openstreetmap,https://www.openstreetmap.org/way/232387694
https://www.teohotpot.co.uk/,"own site (found by name, postcode verified)",TEO HOT POT,Camden,Bloomsbury,Restaurant,,1,,"Chesterford House, 28 Store Street",WC1E 7BS,food standards agency,https://ratings.food.gov.uk/business/1759042
https://www.terramodernalondon.com/,own site,Terra Moderna,Camden,Belsize Park,Restaurant,info@terramodernalondon.com,1,+44 20 4568 8525,2B England's Lane,NW3 4TG,openstreetmap,https://www.openstreetmap.org/way/1018791605
https://terroni.co.uk,own site,Terroni of Clerkenwell,Camden,Clerkenwell,Deli; Italian,info@terroni.co.uk,1,+44 20 7837 1712,138-140 Clerkenwell Road,EC1R 5DL,openstreetmap,https://www.openstreetmap.org/way/570681902
https://tetaslebanese.co.uk/,own site,Teta's,Camden,Belsize Park,Restaurant,,1,,,,openstreetmap,https://www.openstreetmap.org/node/9458719528
http://thaimetro.co.uk/,own site,Thai Metro,Camden,Fitzrovia,Restaurant,,1,+44 20 7436 4201,38 Charlotte Street,W1T 2NN,openstreetmap,https://www.openstreetmap.org/way/349295183
https://www.thaisq.com/,own site,Thai Square,Camden,St Giles,Asian,coventgarden@thaisq.com,9,+44 20 7836 7600,166-170 Shaftesbury Avenue,WC2H 8JB,openstreetmap,https://www.openstreetmap.org/node/9346808426
https://www.abbey-tavern.com/,"own site (found by name, postcode verified)",The Abbey Tavern,Camden,Camden Town,Pub,info@abbey-tavern.com,1,,124 Kentish Town Road,NW1 9QB,openstreetmap,https://www.openstreetmap.org/way/474249421
https://www.theafterschoolcookieclub.com/,"own site (found by name, postcode verified)",The After School Cookie Club,Camden,Camden Town / Chalk Farm / Euston / King's Cross / Primrose Hill / Somers Town,Takeaway,hello@theafterschoolcookieclub.com,2,,"Unit 68 Ground Floor, Camden Lock Place Market",NW1 8AF,food standards agency,https://ratings.food.gov.uk/business/1891440
https://locipubs.com/alliance/,own site,The Alliance,Camden,West Hampstead,Pub,info@thealliancenw6.com,1,+44 2077 942860,40-42 Mill Lane,NW6 1NR,openstreetmap,https://www.openstreetmap.org/way/1238928087
https://www.greeneking-pubs.co.uk/pubs/greater-london/assembly-house/,own site,The Assembly House,Camden,Kentish Town,Pub,6018@greeneking.co.uk,1,,292-294 Kentish Town Road,NW5 2TG,openstreetmap,https://www.openstreetmap.org/way/973132221
https://bananatree.co.uk/restaurants/west-hampstead/,own site,The Banana Tree Canteen,Camden,West Hampstead,Restaurant,westhampstead@bananatree.co.uk,1,,,,openstreetmap,https://www.openstreetmap.org/node/630502026
https://www.thebarbary.co.uk/,own site,The Barbary,Camden,St Giles,Restaurant,hello@thebarbary.co.uk,1,,16 Neal's Yard,WC2H 9DP,openstreetmap,https://www.openstreetmap.org/node/4348379097
https://www.jdwetherspoon.com/pubs/the-barrel-vault-camden/,own site,The Barrel Vault,Camden,King's Cross,Breakfast; Burger; Indian; Italian; Pub,,1,+44 20 7837 5151,"Unit 23 The Circle, Saint Pancras Station",N1C 4QP,openstreetmap,https://www.openstreetmap.org/node/646585258
https://www.jdwetherspoon.com/pubs/all-pubs/england/london/the-barrel-vault-st-pancras,own site (Wikidata),The Barrel Vault,Camden,King's Cross,Pub,,1,,"Unit 23 St Pancras International Station, Pancras Road",NW1 2QL,food standards agency,https://ratings.food.gov.uk/business/1085452
https://www.jdwetherspoon.com/pubs/all-pubs/england/london/the-beaten-docket-cricklewood,own site,The Beaten Docket,Camden,West Hampstead,Pub,,1,,Cricklewood Broadway,,openstreetmap,https://www.openstreetmap.org/node/411115268
https://www.thebetjemanarms.co.uk/,own site,The Betjeman Arms,Camden,King's Cross,Pub,betjemanarms@youngs.co.uk,1,+44 20 3040 7158,Unit 53,N1C 4QL,openstreetmap,https://www.openstreetmap.org/node/1116251530
https://www.bigchillbar.com/,own site,The Big Chill House,Camden,King's Cross,Pub,,1,+44 20 7427 2540,257-259 Pentonville Road,N1 9NL,openstreetmap,https://www.openstreetmap.org/way/85817497
http://www.theblackcap.com/,own site (Wikidata),The Black Cap,Camden,Camden Town,Pub,,1,,171 Camden High Street,NW1 7JY,openstreetmap,https://www.openstreetmap.org/node/294001546
https://www.ourblackheart.com/,own site,The Black Heart,Camden,Camden Town,Pub,life@ourblackheart.com,1,+44 20 7428 9730,2-3 Greenland Place,NW1 0AP,openstreetmap,https://www.openstreetmap.org/node/293390260
https://blacklionkilburn.co.uk/,own site,The Black Lion,Camden,Kilburn,Indian; Pub,manager@blacklionkilburn.co.uk,1,,274 Kilburn High Road,NW6 2BY,openstreetmap,https://www.openstreetmap.org/way/172055438
https://www.theblackpenny.com/,own site,The Black Penny,Camden,Covent Garden,Breakfast,hello@theblackpenny.com,3,+44 20 7242 2580,34 Great Queen Street,WC2B 5AA,openstreetmap,https://www.openstreetmap.org/way/148522897
https://www.thebountifulcow.co.uk/,"own site (found by name, postcode verified)",The Bountiful Cow,Camden,Holborn,Pub; Steak,template.placeholder@gmail.com,1,+44 20 7404 0200,51 Eagle Street,WC1R 4AP,openstreetmap,https://www.openstreetmap.org/way/421882353
https://thebreakfastclubcafes.com/,chain site (same name as 5 mapped branches),The Breakfast Club,Camden,King's Cross,American; Breakfast,,10,,,,openstreetmap,https://www.openstreetmap.org/node/3310086156
https://thebullsteakexpert.co.uk/,own site,The Bull,Camden,Holborn,Steak,,1,+44 20 7430 2880,54 Red Lion Street,WC1R 4PD,openstreetmap,https://www.openstreetmap.org/node/893489155
http://www.bullandgatenw5.co.uk/,own site,The Bull & Gate,Camden,Kentish Town,Pub,bullandgate@youngs.co.uk,1,+44 20 3437 0905,389 Kentish Town Road,NW5 2TJ,openstreetmap,https://www.openstreetmap.org/way/449266220
https://www.postalmuseum.org/,own site,The Café,Camden,Holborn,Cafe,bookings@postalmuseum.org,1,,Phoenix Place,,openstreetmap,https://www.openstreetmap.org/node/5207251548
https://lwtheatres.co.uk/theatres/cambridge/,"own site (found by name, postcode verified)",The Cambridge Theatre,Camden,St Giles,Pub,customer.relations@lwtheatres.co.uk,1,,"Cambridge Theatre, Earlham Street",WC2H 9HU,food standards agency,https://ratings.food.gov.uk/business/424154
https://camdenassembly.com/,own site,The Camden Assembly,Camden,Chalk Farm,Bar,info@camdenassembly.com,1,+44 20 7424 0800,49 Chalk Farm Road,NW1 8AN,openstreetmap,https://www.openstreetmap.org/way/373710180
https://www.thecamdenclub.co.uk/,"own site (found by name, postcode verified)",The Camden Club,Camden,Chalk Farm,Restaurant,bookings@thecamdenclub.co.uk,1,,72-73 Chalk Farm Road,NW1 8AN,food standards agency,https://ratings.food.gov.uk/business/1670136
https://www.camdenhead.com/,own site,The Camden Head,Camden,Camden Town,Pub,,1,,100 Camden High Street,NW1 0LU,openstreetmap,https://www.openstreetmap.org/way/281133713
https://www.jdwetherspoon.com/pubs/all-pubs/england/london/the-captain-flinders,own site,The Captain Flinders,Camden,Somers Town,Pub,,1,,34-38 Eversholt Street,,openstreetmap,https://www.openstreetmap.org/node/11445942141
https://www.thecheesebar.com/,"own site (found by name, postcode verified)",The Cheese Bar,Camden,Chalk Farm,Restaurant,info@thecheesebar.com,1,,"93-94 The Stables Market, Chalk Farm Road",NW1 8AH,food standards agency,https://ratings.food.gov.uk/business/1206090
https://www.clerkandwell.co.uk/,own site,The Clerk & Well,Camden,Clerkenwell,Pub,,1,+44 20 7837 8548,156 Clerkenwell Road,EC1R 5DU,openstreetmap,https://www.openstreetmap.org/way/70298958
https://www.crafted-social.co.uk/college-arms-bloomsbury,own site,The College Arms,Camden,Bloomsbury,Pub,stonegatepress@stonegategroup.co.uk,1,+44 20 7436 4697,18 Store Street,WC1E 7DH,openstreetmap,https://www.openstreetmap.org/way/422540678
https://thecolonelfawcett.co.uk/,own site,The Colonel Fawcett,Camden,Camden Town,Pub,info@thecolonelfawcett.co.uk,1,,1 Randolph Street,NW1 0SS,openstreetmap,https://www.openstreetmap.org/node/49314952
https://www.theconstitutioncamden.co.uk/,own site (Wikidata),The Constitution,Camden,Camden Town,Pub,,1,,,,openstreetmap,https://www.openstreetmap.org/way/1009113808
https://www.thecoralroom.co.uk/,own site,The Coral Room,Camden,Bloomsbury,Cafe,reservations@thecoralroom.co.uk,1,,16-22 Great Russell Street,WC1B 3NN,openstreetmap,https://www.openstreetmap.org/node/6943877038
https://www.thecraftbeerco.com/,"own site (found by name, postcode verified)",The Craft Beer Co ( Covent Garden ) Ltd,Camden,Bloomsbury,Pub,hello@thecraftbeerco.com,2,,168 High Holborn,WC1V 7AA,food standards agency,https://ratings.food.gov.uk/business/993196
http://www.thecraftbeerco.com/clerkenwell/,own site,The Craft Beer Co.,Camden,Clerkenwell,Pub,hello@thecraftbeerco.com,1,,82 Leather Lane,EC1N 7TR,openstreetmap,https://www.openstreetmap.org/way/257148829
https://www.greeneking.co.uk/pubs/greater-london/crown,own site,The Crown,Camden,St Giles,Pub,,1,,43 Monmouth Street,WC2H 9DD,openstreetmap,https://www.openstreetmap.org/node/12920922056
https://www.thedolphin-pub.com/,own site,The Dolphin,Camden,King's Cross,Pub,,1,+442079163191,47 Tonbridge Street,WC1H 9DW,openstreetmap,https://www.openstreetmap.org/node/833772427
https://www.doric-arch.co.uk/,own site,The Doric Arch,Camden,Somers Town,Pub,,1,,Eversholt Street,NW1 2HS,openstreetmap,https://www.openstreetmap.org/node/294659404
https://thedublincastle.com/,"own site (found by name, postcode verified)",The Dublin Castle,Camden,Camden Town,Pub,,1,,94 Parkway,NW1 7AN,openstreetmap,https://www.openstreetmap.org/way/451762775
https://www.crafted-social.co.uk/earl-of-camden,own site,The Earl of Camden,Camden,Camden Town,Pub,,1,,55 Parkway,NW1 7PN,openstreetmap,https://www.openstreetmap.org/way/451564160
https://electricballroom.co.uk/,"own site (found by name, postcode verified)",The Electric Ballroom,Camden,Camden Town,Pub,admin@electricballroom.co.uk,1,,184 Camden High Street,NW1 8QP,food standards agency,https://ratings.food.gov.uk/business/424874
https://www.elephantsheadcamden.com/,own site,The Elephant's Head,Camden,Camden Town,Pub,info@elephantsheadcamden.com,1,,224 Camden High Street,NW1 8QR,openstreetmap,https://www.openstreetmap.org/node/14206898649
https://www.theengineerprimrosehill.co.uk/,own site,The Engineer,Camden,Chalk Farm,Pub,,1,,65 Gloucester Avenue,NW1 8JH,openstreetmap,https://www.openstreetmap.org/way/516912955
https://camdenenterprise.com/,own site,The Enterprise,Camden,Primrose Hill,Pub,booktable@camdenenterprise.com,1,+44 20 7485 2659,2 Haverstock Hill,NW3 2BL,openstreetmap,https://www.openstreetmap.org/way/373710205
http://www.the-enterprise.co.uk/,own site,The Enterprise,Camden,Holborn,Pub,,1,+44 20 7404 8461,38 Red Lion Street,WC1R 4PN,openstreetmap,https://www.openstreetmap.org/way/527245738
https://www.thefiddlerselbow.co.uk/,own site,The Fiddler's Elbow,Camden,Kentish Town,Pub,elbowgigs@hotmail.co.uk,1,,1 Malden Road,NW5 3HS,openstreetmap,https://www.openstreetmap.org/way/929791965
https://www.thefieldsbeneath.com,own site,The Fields Beneath,Camden,Kentish Town,Breakfast,kentishtown@thefieldsbeneath.com,1,+44 20 7424 8838,52A Prince of Wales Road,NW5 3LN,openstreetmap,https://www.openstreetmap.org/way/972694800
https://www.greeneking.co.uk/pubs/greater-london/fitzrovia,own site,The Fitzrovia,Camden,Fitzrovia,Pub,,1,,18 Goodge Street,W1T 2QD,openstreetmap,https://www.openstreetmap.org/way/188549801
http://www.theflaskhampstead.co.uk,own site (Wikidata),The Flask,Camden,Hampstead,Pub,,1,,,,openstreetmap,https://www.openstreetmap.org/node/311188199
https://www.theflaskhighgate.com/,own site,The Flask,Camden,Highgate,Pub,,1,+44 20 8348 7346,77 Highgate West Hill,N6 6BU,openstreetmap,https://www.openstreetmap.org/way/810341396
https://www.fleettavern.com/,own site,The Fleet Tavern,Camden,Belsize Park,Pub,,1,,154-156 Fleet Road,NW3 2QX,openstreetmap,https://www.openstreetmap.org/node/596791858
https://www.freemasonsarms.co.uk/,own site,The Freemasons Arms,Camden,Hampstead,Pub,,1,,,,openstreetmap,https://www.openstreetmap.org/way/131196049
https://thefryersdelight.co.uk/,"own site (found by name, postcode verified)",The Fryer's Delight,Camden,Holborn,Seafood,,1,,19 Theobalds Road,WC1X 8SL,openstreetmap,https://www.openstreetmap.org/node/11611015396
https://www.thegardengatehampstead.co.uk/,own site,The Garden Gate,Camden,Belsize Park,Pub,,1,+44 20 7435 4938,14 South End Road,NW3 2QE,openstreetmap,https://www.openstreetmap.org/way/1240005017
https://thegatehousen6.com/,own site,The Gatehouse,Camden,Highgate,Pub,contact@thegatehousen6.com,1,+44 20 8340 8054,1 North Road,N6 4BD,openstreetmap,https://www.openstreetmap.org/way/416068944
https://staygenerator.com/hostels/london,"own site (found by name, postcode verified)",The Generator Ltd (Restaurant),Camden,St Pancras,Restaurant,askus@staygenerator.com,1,,37 Tavistock Place,WC1H 9SE,food standards agency,https://ratings.food.gov.uk/business/425359
https://www.greeneking.co.uk/pubs/greater-london/george,own site,The George,Camden,Belsize Park,Pub,,1,,,,openstreetmap,https://www.openstreetmap.org/node/292183282
https://www.thegipsyqueennw5.co.uk/,own site,The Gipsy Queen,Camden,Gospel Oak,Pizza; Pub,,1,,166 Malden Road,NW5 4BS,openstreetmap,https://www.openstreetmap.org/way/99475943
https://www.giraffe.net/,own site,The Giraffe Cafe,Camden,Hampstead,Cafe,,3,,46 Rosslyn Hill,NW3 1NH,openstreetmap,https://www.openstreetmap.org/way/129337423
https://www.thegoodmews.co.uk/,own site,The Good Mews,Camden,Kentish Town,Breakfast,ross@thegoodmews.co.uk,1,+44 7928 237555,230A Kentish Town Road,NW5 2AB,openstreetmap,https://www.openstreetmap.org/way/878202956
https://www.thegoodmixer.co.uk/,"own site (found by name, postcode verified)",The Good Mixer,Camden,Camden Town,Pub,,1,,28-30 Inverness Street,NW1 7HJ,food standards agency,https://ratings.food.gov.uk/business/425792
https://www.thegraftonnw5.co.uk,own site,The Grafton,Camden,Kentish Town,Pub,info@thegraftonnw5.co.uk,1,,20 Prince of Wales Road,NW5 3LG,openstreetmap,https://www.openstreetmap.org/way/339202679
https://www.graftonarms.co.uk/,own site,The Grafton Arms,Camden,Fitzrovia,Pub,,1,,72 Grafton Way,W1T 5DU,openstreetmap,https://www.openstreetmap.org/node/257937397
https://thegreatthaigrabandgo.co.uk/,"own site (found by name, postcode verified)",The Great Thai Grab and Go,Camden,St Giles,Restaurant,thegreatthai53@gmail.com,2,,"Unit R07 Centre Point, 7 Earnshaw Street",WC2H 8AJ,food standards agency,https://ratings.food.gov.uk/business/1763262
https://harrisonbar.co.uk/,own site,The Harrison,Camden,King's Cross,Pub,harrisonbar@hotmail.com,1,,28 Harrison Street,WC1H 8JF,openstreetmap,https://www.openstreetmap.org/way/275292695
https://www.thehatandtun.com,own site,The Hat and Tun,Camden,Clerkenwell,Pub,info@thehatandtun.com,1,+44 20 7242 4747,3 Hatton Wall,EC1N 8HX,openstreetmap,https://www.openstreetmap.org/way/572670795
https://thehaverstocktavern.co.uk,own site,The Haverstock Tavern,Camden,Primrose Hill,Pub,,1,,94 Haverstock Hill,NW3 2BD,openstreetmap,https://www.openstreetmap.org/way/942555974
http://www.thehawleyarms.co.uk/,own site,The Hawley Arms,Camden,Camden Town,Pub,hawleylivemusic@gmail.com,1,,Castlehaven Road,,openstreetmap,https://www.openstreetmap.org/way/814956451
https://www.hollybushhampstead.co.uk/,own site,The Holly Bush,Camden,Hampstead,Pub,,1,,Holly Mount,NW3 6SG,openstreetmap,https://www.openstreetmap.org/way/110467983
http://www.houseofho.co.uk/,own site,The House of Ho,Camden,Fitzrovia,Asian,,1,+44 20 7323 9130,1 Percy Street,W1T 1DB,openstreetmap,https://www.openstreetmap.org/way/425428416
https://studentsunionucl.org/eat-drink-shop/bars/huntley,own site,The Huntley,Camden,St Pancras,Pub,,1,,134-136 Gower Street,WC1E 6BP,openstreetmap,https://www.openstreetmap.org/way/847530472
https://www.jdwetherspoon.com/pubs/all-pubs/england/london/the-ice-wharf-camden,own site,The Ice Wharf,Camden,Camden Town,Pub,,1,+44 20 7428 3770,Jamestown Road,NW1 7BY,openstreetmap,https://www.openstreetmap.org/node/6677415686
https://studentsunionucl.org/eat-drink-shop/bars/institute-bar,own site,The Institute Bar,Camden,Bloomsbury,Pizza,,1,,20 Bedford Way,WC1H 0AL,openstreetmap,https://www.openstreetmap.org/node/5373783084
https://theitalians.co.uk/home,"own site (found by name, postcode verified)",The Italians,Camden,Fitzrovia,Italian,info@theitalians.co.uk,1,,2 Charlotte Street,W1T 2LW,openstreetmap,https://www.openstreetmap.org/way/122020336
https://www.jackhornerpub.co.uk/,own site,The Jack Horner,Camden,Fitzrovia,Pub,,1,,236 Tottenham Court Road,W1T 7QN,openstreetmap,https://www.openstreetmap.org/way/294646443
https://thejazzcafelondon.com/,own site (Wikidata),The Jazz Cafe,Camden,Camden Town,Restaurant,,1,,5 Parkway,NW1 7PG,food standards agency,https://ratings.food.gov.uk/business/901331
https://thejeremybentham.co.uk/,own site,The Jeremy Bentham,Camden,St Pancras,Pub,,1,,31 University Street,WC1E 6JL,openstreetmap,https://www.openstreetmap.org/way/79504992
https://www.theladyottoline.com/,own site,The Lady Ottoline,Camden,Holborn,Pub,,1,,11a Northington Street,WC1N 2JF,openstreetmap,https://www.openstreetmap.org/node/7590593053
https://www.thelamblondon.com/,own site,The Lamb,Camden,Holborn,Pub,,1,+44 20 7405 0713,94 Lambs Conduit Street,WC1N 3LZ,openstreetmap,https://www.openstreetmap.org/way/112564610
https://www.thelibratc.com/,own site,The Libra Theatre Cafe,Camden,Chalk Farm,Cafe,thelibracontact@gmail.com,1,,,,openstreetmap,https://www.openstreetmap.org/node/13929218770
https://thelighterman.co.uk/,own site,The Lighterman,Camden,King's Cross,Pub,reservations@thelighterman.co.uk,1,+44 20 3846 3400,3 Granary Square,N1C 4BH,openstreetmap,https://www.openstreetmap.org/way/427900370
https://www.lbpedlar.com/,own site,The Little Bread Pedlar,Camden,Primrose Hill,Bakery,enquiries@lbpedlar.com,3,,91 Regent's Park Road,NW1 8UT,openstreetmap,https://www.openstreetmap.org/way/1028386437
https://www.tlocoffee.com/,own site,The Little One,Camden,Primrose Hill,Cafe,hello@tlocoffee.co.uk,1,,115a Regent's Park Road,NW1 8UR,openstreetmap,https://www.openstreetmap.org/node/8240843870
http://www.lock-tavern.co.uk,own site,The Lock Tavern,Camden,Chalk Farm,Pub,,1,,35 Chalk Farm Road,NW1 8AJ,openstreetmap,https://www.openstreetmap.org/way/79813535
https://www.imperialhotels.co.uk/royal-national-hotel/restaurant/the-london-pub/,own site,The London Pub,Camden,St Pancras,Restaurant,info@imperialhotels.co.uk,1,+44 20 7692 3619,,,openstreetmap,https://www.openstreetmap.org/node/2624195137
https://www.greeneking.co.uk/pubs/greater-london/lucas-arms,own site,The Lucas Arms,Camden,King's Cross,Pub; Seafood,,1,,245a Gray's Inn Road,WC1X 8QY,openstreetmap,https://www.openstreetmap.org/node/281455014
https://themacfactory.co.uk/,"own site (found by name, postcode verified)",The Mac factory,Camden,Camden Town,Takeaway,,1,,"Unit 15 West Yard, Camden Lock Place",NW1 8AF,food standards agency,https://ratings.food.gov.uk/business/939491
https://www.themagdala.co.uk/,own site,The Magdala,Camden,Hampstead,Pub,hello@themagdala.co.uk,1,+442074338322,2a South Hill Park,NW3 2SB,openstreetmap,https://www.openstreetmap.org/node/596791860
https://www.greeneking.co.uk/pubs/greater-london/marlborough-arms,own site,The Marlborough Arms,Camden,Bloomsbury,Pub,,1,,36 Torrington Place,WC1E 7HJ,openstreetmap,https://www.openstreetmap.org/node/49319602
https://themillhousecafe.com/,own site,The Mill House,Camden,West Hampstead,Cafe,,1,+442072099386,37 Mill Lane,NW6 1NB,openstreetmap,https://www.openstreetmap.org/node/11333189469
https://www.theninthlondon.com/,own site,The Ninth,Camden,Fitzrovia,French,bookings@theninthlondon.com,1,,22 Charlotte Street,W1T 2NB,openstreetmap,https://www.openstreetmap.org/node/12265896702
https://www.northumberland-arms.com/,own site,The Northumberland Arms,Camden,Fitzrovia,Pub,info@northumberland-arms.com,1,,119 Tottenham Court Road,W1T 5AW,openstreetmap,https://www.openstreetmap.org/way/294886276
https://www.theobservatory.org,own site,The Observatory,Camden,St Pancras,Breakfast,,1,,64 Marchmont Street,WC1N 1AB,openstreetmap,https://www.openstreetmap.org/node/6087676263
https://www.greatukpubs.co.uk/old-bell-kilburn,own site,The Old Bell,Camden,Kilburn,Pub,,1,,Kilburn High Road,NW6 5UA,openstreetmap,https://www.openstreetmap.org/way/98612270
https://www.thebullandbush.co.uk/,own site,The Old Bull & Bush,Camden,North End,Pub,,1,,,,openstreetmap,https://www.openstreetmap.org/way/514560030
https://www.samuelsmithsbrewery.co.uk/,own site,The Old Crown Pub,Camden,Bloomsbury,Pub,sales@samuelsmithsbrewery.co.uk,1,,33 New Oxford Street,WC1A 1BH,openstreetmap,https://www.openstreetmap.org/way/157757561
https://www.theoldfarmhousepub.com/,own site,The Old Farmhouse,Camden,Kentish Town,Italian; Pub,info@theoldfarmhousepub.com,1,,289-291 Kentish Town Road,NW5 2JS,openstreetmap,https://www.openstreetmap.org/way/291687162
https://www.craftunionpubs.com/old-oak-hampstead,own site,The Old Oak,Camden,Gospel Oak,Pub,,1,,1 Mansfield Road,,openstreetmap,https://www.openstreetmap.org/way/451645113
https://www.theoldwhitebearhampstead.co.uk/,own site,The Old White Bear,Camden,Hampstead,Pub,info@theoldwhitebearhampstead.co.uk,1,,1 Well Road,NW3 1LJ,openstreetmap,https://www.openstreetmap.org/way/1248129184
https://www.youngs.co.uk/pub-detail.asp?PubID=432,own site,The One Tun,Camden,Fitzrovia,Pub,enquiries@youngs.co.uk,8,,58-60 Goodge Street,W1T 4ND,openstreetmap,https://www.openstreetmap.org/way/118806519
https://oxfordarmscamden.co.uk,own site,The Oxford Arms,Camden,Camden Town,Pub,info@oxfordarmscamden.co.uk,1,+44 20 7267 4945,265 Camden High Street,NW1 7BU,openstreetmap,https://www.openstreetmap.org/node/26610590
https://theparakeetpub.com,own site,The Parakeet,Camden,Kentish Town,Pub,info@theparakeetpub.com,1,+44 20 4599 6302,256 Kentish Town Road,NW5 2AA,openstreetmap,https://www.openstreetmap.org/way/941142501
https://www.parcelyard.co.uk/,own site,The Parcel Yard,Camden,King's Cross,Pub,,1,,"Shared Service Yard, Goods Yard",N1C 4AH,openstreetmap,https://www.openstreetmap.org/way/416601731
http://www.theperseverance.co.uk/,own site (Wikidata),The Perseverance,Camden,Holborn,Pub,hello@theperseverance.co.uk,1,,63 Lamb's Conduit Street,,openstreetmap,https://www.openstreetmap.org/node/7549942987
https://www.rosewoodhotels.com/en/london/dining/the-pie-room,own site,The Pie Hole,Camden,Holborn,Restaurant,london@rosewoodhotels.com,1,,252 High Holborn,WC1V 7EN,openstreetmap,https://www.openstreetmap.org/node/13137881011
https://www.thepineapplepubnw5.com/,own site,The Pineapple,Camden,Kentish Town,Asian; Pub,manager@thepineapplepubnw5.com,1,+44 20 7284 4631,51 Leverton Street,NW5 2NX,openstreetmap,https://www.openstreetmap.org/node/192399976
https://www.greeneking.co.uk/pubs/greater-london/plough,own site,The Plough,Camden,Bloomsbury,Pub,,1,+44 20 7636 7964,27 Museum Street,WC1A 1LH,openstreetmap,https://www.openstreetmap.org/way/553157400
https://www.princealbert.pub/,own site,The Prince Albert,Camden,Camden Town,Pub,hello@princealbert.pub,1,,,,openstreetmap,https://www.openstreetmap.org/way/1009113811
https://www.lovetheprincess.com,own site,The Princess of Wales,Camden,Primrose Hill,Pub,info@lovetheprincess.com,1,+44 20 7722 0354,22 Chalcot Road,,openstreetmap,https://www.openstreetmap.org/way/520149634
http://www.purpleturtlecamden.co.uk,own site,The Purple Turtle,Camden,Somers Town,Pub,,1,,65 Crowndale Road,NW1 1TN,openstreetmap,https://www.openstreetmap.org/way/225785469
https://www.thequeencharlotte.co.uk/,"own site (found by name, postcode verified)",The Queen Charlotte,Camden,Fitzrovia,Pub,hello@thequeencharlotte.co.uk,1,+44 20 7323 9361,43 Goodge Street,W1T 1TA,openstreetmap,https://www.openstreetmap.org/way/98535852
https://www.queensheadlondon.com/,own site,The Queen's Head,Camden,King's Cross,Pub,,1,+44 20 7713 5772,66 Acton Street,WC1X 9NB,openstreetmap,https://www.openstreetmap.org/node/1215861506
https://queenslarder.co.uk/,"own site (found by name, postcode verified)",The Queen's Larder,Camden,Bloomsbury,Pub,ana@queenslarder.co.uk,1,,,WC1N 3AR,openstreetmap,https://www.openstreetmap.org/node/29039088
https://www.thequeensheadholborn.com/,own site (Wikidata),The Queens Head,Camden,Holborn,Pub,hello@thequeensheadholborn.com,1,,64 Theobalds Road,WC1X 8SF,openstreetmap,https://www.openstreetmap.org/node/7550093574
https://www.greeneking.co.uk/pubs/greater-london/railway-west-hampstead,own site,The Railway,Camden,West Hampstead,Pub,,1,,100 West End Lane,NW6 2LU,openstreetmap,https://www.openstreetmap.org/way/239482111
https://www.therefugeehelpcentre.co.uk/,"own site (found by name, postcode verified)",The Refugee Help Centre,Camden,Bloomsbury,Takeaway,theregugeehelpcentre@gmail.com,1,,32 Bloomsbury Street,WC1B 3QJ,food standards agency,https://ratings.food.gov.uk/business/1918498
https://www.greeneking.co.uk/pubs/greater-london/rising-sun,own site,The Rising Sun,Camden,Fitzrovia,Pub,,1,,46 Tottenham Court Road,W1T 2ED,openstreetmap,https://www.openstreetmap.org/way/422540681
https://www.roseandcrownkentishtown.com/,own site,The Rose & Crown,Camden,Kentish Town,Pub,bookings@roseandcrownkentishtown.com,1,+44 20 7267 4305,71-73 Torriano Avenue,NW5 2SG,openstreetmap,https://www.openstreetmap.org/way/107827281
https://rugbytavern.co.uk/,"own site (found by name, postcode verified)",The Rugby Tavern,Camden,Holborn,Pub,enquiries@rugbytavern.co.uk,1,,19 Great James Street,WC1N 3ES,openstreetmap,https://www.openstreetmap.org/node/7550117864
https://www.saladproject.co.uk/,"own site (found by name, postcode verified)",The Salad Project,Camden,Fitzrovia,Restaurant,hello@saladproject.co.uk,9,,23-24 Tottenham Court Road,W1T 1BJ,openstreetmap,https://www.openstreetmap.org/way/425013536
http://www.thesevenstars1602.co.uk/,own site,The Seven Stars,Camden,Holborn,Pub,,1,+44 20 7242 8521,53–54 Carey Street,WC2A 2JB,openstreetmap,https://www.openstreetmap.org/way/185312889
https://sheephavenbaycamden.co.uk/,own site,The Sheephaven Bay,Camden,Camden Town,Pub,bookings@thesheephavenbaycamden.com,1,+44 20 7380 1323,2 Mornington Street,NW1 7QD,openstreetmap,https://www.openstreetmap.org/way/946022259
https://www.signalboxeuston.co.uk/,own site,The Signal Box,Camden,Somers Town,Pub,,1,,Eversholt Street,NW1 2HS,openstreetmap,https://www.openstreetmap.org/node/6381240591
https://www.jdwetherspoon.com/pubs/all-pubs/england/london/the-sir-john-oldcastle-farringdon,own site,The Sir John Oldcastle,Camden,Clerkenwell,Pub,,1,+44 20 7242 1013,29-35 Farringdon Road,EC1M 3JF,openstreetmap,https://www.openstreetmap.org/way/569138325
http://www.thesouthamptonarms.co.uk/,own site,The Southampton Arms,Camden,Gospel Oak,Pub,,1,,139 Highgate Road,NW5 1LE,openstreetmap,https://www.openstreetmap.org/way/117861610
http://www.capitalpubcompany.com/our-pubs/the-square-pig/,own site,The Square Pig and Pen,Camden,Holborn,Pub,,1,+44 20 7691 3144,30-32 Procter Street,WC1V 6NX,openstreetmap,https://www.openstreetmap.org/way/421882356
http://www.thestagnw3.com/,own site,The Stag,Camden,Gospel Oak,Pub,,1,,67 Fleet Road,NW3 2QU,openstreetmap,https://www.openstreetmap.org/way/840360163
http://searcyskenwoodhouse.co.uk,own site,The Steward's Room,Camden,North End,Cafe,kenwood@searcys.co.uk,1,+44 20 8348 4073,,,openstreetmap,https://www.openstreetmap.org/node/331925869
https://www.greeneking.co.uk/pubs/greater-london/swan,own site,The Swan,Camden,Bloomsbury,Pub,,1,,,,openstreetmap,https://www.openstreetmap.org/node/25475914
https://thetopsecretcomedyclub.co.uk/,"own site (found by name, postcode verified)",The Top Secret Comedy Club,Camden,St Giles,Pub,info@thetopsecretcomedyclub.co.uk,1,,170 Drury Lane,WC2B 5PD,food standards agency,https://ratings.food.gov.uk/business/1085450
https://www.greeneking.co.uk/pubs/greater-london/two-brewers,own site,The Two Brewers,Camden,St Giles,Pub,,1,,40 Monmouth Street,WC2H 9EP,openstreetmap,https://www.openstreetmap.org/node/12920922063
http://www.thewashingtonhampstead.co.uk/,own site,The Washington,Camden,Belsize Park,Pub,,1,+44 20 7722 8842,50 England's Lane,NW3 4UE,openstreetmap,https://www.openstreetmap.org/way/409316355
http://thewaterratsvenue.london,own site (Wikidata),The Water Rats,Camden,King's Cross,Pub,,1,,328 Gray's Inn Road,WC1X 8BZ,openstreetmap,https://www.openstreetmap.org/node/430432974
https://www.thewellwalktheatre.com/,"own site (found by name, postcode verified)",THE WELL WALK THEATRE,Camden,Hampstead,Restaurant,,1,,49 Willow Road,NW3 1TS,food standards agency,https://ratings.food.gov.uk/business/1726431
https://thewellshampstead.co.uk/,own site,The Wells Tavern,Camden,Hampstead,Pub,info@thewellshampstead.co.uk,1,+44 20 7794 3785,30 Well Walk,NW3 1BX,openstreetmap,https://www.openstreetmap.org/way/553138189
https://www.thewetfishcafe.co.uk/,"own site (found by name, postcode verified)",The Wet Fish Cafe,Camden,West Hampstead,Seafood,team@thewetfishcafe.co.uk,1,,242 West End Lane,NW6 1LG,food standards agency,https://ratings.food.gov.uk/business/424666
http://www.theworldsend.co.uk/,own site (Wikidata),The World's End,Camden,Camden Town,Pub,gm@theworldsend.co.uk,1,,174 Camden High Street,NW1 0NE,openstreetmap,https://www.openstreetmap.org/node/296891969
https://www.yorkshiregrey.com/,own site,The Yorkshire Grey,Camden,Holborn,Pub,,1,,2 Theobald's Road,WC1X 8PN,openstreetmap,https://www.openstreetmap.org/node/380568360
https://www.thengacafe.com/,own site,Thenga,Camden,King's Cross,Indian,,1,+44 20 3817 9919,120 Cromer Street,WC1H 8BS,openstreetmap,https://www.openstreetmap.org/node/4056131599
https://thirteenldn.com/,"own site (found by name, postcode verified)",THIRTEEN LDN,Camden,St Giles,Pub,enquiries@thirteenldn.com,1,,"03-Jan, Denmark Street",WC2H 8LP,food standards agency,https://ratings.food.gov.uk/business/1579336
https://www.timeartcafe.com,own site,Time Art Cafe,Camden,Primrose Hill,Cafe,,1,,76 Haverstock Hill,NW3 2BE,openstreetmap,https://www.openstreetmap.org/way/942555965
https://www.tinseltown.co.uk/,own site,Tinseltown,Camden,Hampstead,American,info@tinseltown.co.uk,1,,Heath Street,NW3 1DR,openstreetmap,https://www.openstreetmap.org/way/200082636
https://tish.london/,"own site (found by name, postcode verified)",Tish,Camden,Belsize Park,Restaurant,eat@tish.london,1,,196-198 Haverstock Hill,NW3 2AG,openstreetmap,https://www.openstreetmap.org/node/800600522
https://tohomefromlondon.com/,"own site (found by name, postcode verified)",TO HOME FROM LONDON,Camden,Camden Town,Restaurant,souvenirs@tohomefromlondon.com,1,,"Arch 16, 3 Water Lane",NW1 8NZ,food standards agency,https://ratings.food.gov.uk/business/1403591
https://tokyoretro.co.uk/,"own site (found by name, postcode verified)",TOKYO RETRO,Camden,Camden Town,Restaurant,,1,,11-13 Camden High Street,NW1 7JE,food standards agency,https://ratings.food.gov.uk/business/1670125
https://www.tommyssandwiches.com/,"own site (found by name, postcode verified)",TOMMY'S SANDWICHES,Camden,King's Cross,Restaurant,hello@tommyssandwiches.com,1,,201 King's Cross Road,WC1X 9DB,food standards agency,https://ratings.food.gov.uk/business/1841684
https://www.tongueandbrisket.com/,"own site (found by name, postcode verified)",Tongue & Brisket,Camden,Clerkenwell,Restaurant,,1,,24-26 Leather Lane,EC1N 7SU,openstreetmap,https://www.openstreetmap.org/way/257148827
https://tonkincafe.com/,"own site (found by name, postcode verified)",Tonkin Cafe,Camden,Clerkenwell,Restaurant,admin@tonkincafe.com,1,,29 Leather Lane,EC1N 7TE,food standards agency,https://ratings.food.gov.uk/business/1784194
https://tonkotsu.co.uk/,chain site (same name as 7 mapped branches),Tonkotsu,Camden,Kentish Town,Asian; Japanese,,15,,323 Kentish Town Road,NW5 2TJ,openstreetmap,https://www.openstreetmap.org/way/291698471
https://tooktooklondon.co.uk/,"own site (found by name, postcode verified)",Took Took,Camden,West Hampstead,Restaurant,info@tooktooklondon.co.uk,1,,221 West End Lane,NW6 1XJ,food standards agency,https://ratings.food.gov.uk/business/759349
https://topwokcricklewood.co.uk/,"own site (found by name, postcode verified)",Top Wok Cricklewood,Camden,West Hampstead,Chinese,,1,,74 Cricklewood Broadway,NW2 3EP,food standards agency,https://ratings.food.gov.uk/business/1853789
https://www.tortilla.co.uk/restaurants/kings-cross,own site,Tortilla,Camden,King's Cross,Mexican,kingscross@tortilla.co.uk,1,,6 Pancras Square,N1C 4AG,openstreetmap,https://www.openstreetmap.org/node/4620415277
https://www.tortilla.co.uk/restaurants/russell-square,own site,Tortilla,Camden,Bloomsbury,Mexican,russellsq@tortilla.co.uk,1,+44 20 7837 5485,5 Bernard Street,WC1N 1LJ,openstreetmap,https://www.openstreetmap.org/node/4960301222
https://tosseduk.com/,chain site (same name as 3 mapped branches),Tossed,Camden,Holborn,Takeaway,,15,,4 Gray's Inn Road,WC1X 8HG,openstreetmap,https://www.openstreetmap.org/node/12542867435
https://towncafe.co.uk/,"own site (found by name, postcode verified)",Town Cafe,Camden,Camden Town,Restaurant,info@towncafe.co.uk,1,,140 Kentish Town Road,NW1 9QB,food standards agency,https://ratings.food.gov.uk/business/1938707
https://www.trade-made.co.uk/,own site,TRADE Highgate,Camden,Highgate,Cafe,,3,,1 Swain's Lane,N6 6AG,openstreetmap,https://www.openstreetmap.org/node/12369411178
https://trattoriaverdi.co.uk/,"own site (found by name, postcode verified)",Trattoria Verdi,Camden,Bloomsbury,Italian,,1,,110 Southampton Row,WC1B 4BL,food standards agency,https://ratings.food.gov.uk/business/423728
https://www.treatz.co.uk/,"own site (found by name, postcode verified)",Treatz,Camden,Camden Town,Restaurant,,3,,5 Jamestown Road,NW1 7BW,food standards agency,https://ratings.food.gov.uk/business/1051594
https://www.triokitchen.uk/,"own site (found by name, postcode verified)",TRIO KITCHEN,Camden,Primrose Hill,Restaurant,support@triokitchen.uk,1,,100 Boundary Road,NW8 0RH,food standards agency,https://ratings.food.gov.uk/business/1899856
https://turkuazbrasserie.co.uk/,"own site (found by name, postcode verified)",Turkuaz Brasserie,Camden,Highgate,French,info@turkuazbrasserie.co.uk,1,,6 South Grove,N6 6BS,food standards agency,https://ratings.food.gov.uk/business/1813669
https://www.turpanuyghur.com/,own site,Turpan,Camden,St Giles,Asian,info@turpanuyghur.com,1,+44 20 7636 9949,108 Great Russell Street,,openstreetmap,https://www.openstreetmap.org/way/424560494
https://turtlebay.co.uk/,chain site (same name as 3 mapped branches),Turtle Bay,Camden,Camden Town,Restaurant,,7,,,,openstreetmap,https://www.openstreetmap.org/node/12066734621
https://tuttis.co.uk/,own site,Tutti's,Camden,Holborn,Cafe,contact@tuttis.co.uk,1,,68 Lamb's Conduit Street,,openstreetmap,https://www.openstreetmap.org/node/7549942997
https://udoncafe.co.uk,own site,Udon Cafe,Camden,Swiss Cottage,Asian; Japanese,udonafeuk@gmail.com,1,+44 20 7435 1080; +44 7555 562500,106C Finchley Road,,openstreetmap,https://www.openstreetmap.org/node/7419534224
https://underbelly.co.uk/,"own site (found by name, postcode verified)",UNDERBELLY LTD,Camden,Clerkenwell,Takeaway,enquiries@underbelly.co.uk,1,,"4th Floor, 36-38 Hatton Garden",EC1N 8EB,food standards agency,https://ratings.food.gov.uk/business/1245965
https://studentsunionucl.org/eat-drink-shop/cafes/union-streat-kitchen,own site,Union StrEAT Kitchen,Camden,St Pancras,Breakfast,,1,,134-136 Gower Street,WC1E 6BP,openstreetmap,https://www.openstreetmap.org/way/953962865
https://unison.org.uk/,"own site (found by name, postcode verified)",Unison,Camden,Somers Town,Restaurant,,1,,"Unison Centre, 130 Euston Road",NW1 2AY,food standards agency,https://ratings.food.gov.uk/business/667816
https://urbanbaristas.co.uk/,chain site (same name as 5 mapped branches),Urban Baristas,Camden,Fitzrovia,Breakfast,mllegeorgesand@gmail.com,24,,24 Warren Street,,openstreetmap,https://www.openstreetmap.org/way/420411289
https://urumchi.co.uk/,own site,Urumchi,Camden,Bloomsbury,Restaurant,infourumchi@gmail.com,1,,9 Cosmo Place,WC1N 3AP,openstreetmap,https://www.openstreetmap.org/way/800170194
https://www.uzumakilondon.com/,own site,Uzumaki,Camden,Bloomsbury,Asian; Japanese,hello@uzumakilondon.com,1,,107 Great Russell Street,WC1B 3NA,openstreetmap,https://www.openstreetmap.org/way/424560502
https://www.vavi.uk/,"own site (found by name, postcode verified)",Vavi,Camden,St Pancras,Spanish,,1,,55 Marchmont Street,WC1N 1AP,openstreetmap,https://www.openstreetmap.org/way/290457610
https://veganplanet.uk/,own site,Vegan Planet,Camden,Camden Town,Asian; Chinese,,1,+44 20 7482 0656,11 Parkway,,openstreetmap,https://www.openstreetmap.org/node/13031943973
https://vermuteria.cc,own site,Vermuteria,Camden,King's Cross,Cafe,info@vermuteria.cc,1,,38-39 Coal Drops Yard,N1C 4DQ,openstreetmap,https://www.openstreetmap.org/node/6082053666
https://vieteat.co.uk/,"own site (found by name, postcode verified)",Vieteat,Camden,Holborn,Asian,info@vieteat.co.uk,1,+44 20 7404 4138,48 Kingsway,WC2B 6EP,openstreetmap,https://www.openstreetmap.org/node/4776826411
https://vinaida.london/,"own site (found by name, postcode verified)",VINAIDA,Camden,Belsize Park,Restaurant,contact@vinaida.london,1,,58 Belsize Lane,NW3 5AR,food standards agency,https://ratings.food.gov.uk/business/1942057
https://www.voncrumb.co.uk/,own site,Von Crumb,Camden,Belsize Park,Cafe,info@voncrumb.co.uk,1,+447312159450,202 Haverstock Hill,NW3 2AG,openstreetmap,https://www.openstreetmap.org/node/800600491
https://www.wagamama.com/restaurants/london/camden,own site,Wagamama,Camden,Camden Town,Asian,press@wagamama.com,1,,,,openstreetmap,https://www.openstreetmap.org/node/300500878
https://www.wagamama.com/restaurants/london/holborn,own site,Wagamama,Camden,Holborn,Asian,press@wagamama.com,1,,123 Kingsway,WC2B 6PQ,openstreetmap,https://www.openstreetmap.org/node/2400922121
https://www.wagamama.com/restaurants/london/hampstead,own site,Wagamama,Camden,Hampstead,Asian,press@wagamama.com,1,,58-62 Heath Street,NW3 1EN,openstreetmap,https://www.openstreetmap.org/way/200074888
https://wahaca.co.uk/,chain site (same name as 6 mapped branches),Wahaca,Camden,Kentish Town,Restaurant,,10,,276 Kentish Town Road,NW5 2AA,food standards agency,https://ratings.food.gov.uk/business/978062
https://www.walkmisu.com/,"own site (found by name, postcode verified)",Walkmisu',Camden,Bloomsbury,Bakery,walkmisu@gmail.com,1,+44 7932 256876,Russell Square,WC1B 5AR,openstreetmap,https://www.openstreetmap.org/node/11622982576
https://www.wasabi.uk.com/,own site,Wasabi,Camden,Somers Town,Asian; Japanese,enquiries@wasabi.uk.com,32,,350 Euston Road,NW1 3AX,openstreetmap,https://www.openstreetmap.org/node/874743654
https://www.watchhouse.com,own site,WatchHouse,Camden,St Giles,Breakfast,hello@watchhouse.com,26,,7 Upper St Martin's Lane,WC2H 9DL,openstreetmap,https://www.openstreetmap.org/node/11964292769
https://uklocations.wendys.com/london/189-191-camden-high-street,own site,Wendy's,Camden,Camden Town,Burger,,1,+44 20 7482 4121,189-191 Camden High Street,NW1 7BP,openstreetmap,https://www.openstreetmap.org/way/451762744
https://www.werewolfbeer.com/,own site,Werewolf Beer,Camden,Camden Town,Pub,admin@werewolfbeer.com,1,,87 Randolph Street,NW1 0SR,openstreetmap,https://www.openstreetmap.org/node/11545207226
https://www.history.ac.uk/events/room-hire/common-room,own site,Weston Common Room and Café,Camden,Bloomsbury,Breakfast,,1,,Malet Street,WC1E 7HU,openstreetmap,https://www.openstreetmap.org/node/4905696281
http://abokado.com/,own site,Whipped,Camden,Covent Garden,Cafe,getintouch@abokado.com,2,,160 Drury Lane,,openstreetmap,https://www.openstreetmap.org/way/277929196
https://www.wildlondon.org.uk/cafes,own site,Wildlife Trust Camley Cafe,Camden,Somers Town,Cafe,events@wildlondon.org.uk,1,,,,openstreetmap,https://www.openstreetmap.org/node/9711311850
https://wildwoodrestaurants.co.uk/restaurant/seven-dials/,own site,Wildwood,Camden,St Giles,Italian; Pizza; Steak,customercare@wildwoodrestaurants.co.uk,1,,184 Shaftesbury Avenue,WC2H 8JB,openstreetmap,https://www.openstreetmap.org/way/566375746
https://wingwing.co.uk/,"own site (found by name, postcode verified)",Wing Wing,Camden,St Pancras,Restaurant,info@wingwing.co.uk,2,,30 Woburn Place,WC1H 0JR,food standards agency,https://ratings.food.gov.uk/business/1085445
http://www.wiredco.london/,own site,Wired Co.,Camden,West Hampstead,Cafe,,1,,194 Broadhurst Gardens,NW6 3AY,openstreetmap,https://www.openstreetmap.org/node/4677251727
https://wokandfire.co.uk/,own site,Wok and Fire,Camden,Camden Town,Asian; Chinese,,2,,17 Camden High Street,,openstreetmap,https://www.openstreetmap.org/way/225442609
https://www.woktowalk.com/,own site,Wok to Walk,Camden,Fitzrovia,Asian; Chinese,,1,+44 20 7631 3589,45 Goodge Street,W1T 1TB,openstreetmap,https://www.openstreetmap.org/way/346087778
https://woodyscamden.com/,"own site (found by name, postcode verified)",Woody's Camden,Camden,Camden Town,Restaurant,,1,,1A-3 Camden Road,NW1 9LG,food standards agency,https://ratings.food.gov.uk/business/1054015
https://www.woolleys.co.uk/,"own site (found by name, postcode verified)",Woolleys,Camden,Holborn,Restaurant,info@woolleys.co.uk,1,,"Mezo Limited T/A Woolleys, 33 Theobald's Road",WC1X 8SP,food standards agency,https://ratings.food.gov.uk/business/424405
https://yacobskitchen.co.uk,own site,Yacob's Kitchen,Camden,Primrose Hill,Restaurant,info@yacobskitchen.co.uk,1,,82 Haverstock Hill,NW3 2BE,openstreetmap,https://www.openstreetmap.org/way/942555968
https://yamas.london/,"own site (found by name, postcode verified)",Yamas,Camden,Camden Town,Pizza,info@yamas.london,1,,42 Camden High Street,NW1 0JH,openstreetmap,https://www.openstreetmap.org/way/225465179
https://yatrieuston.com/,own site,Yatri,Camden,Somers Town,Indian,yatrilondon@gmail.com,1,+44 20 7693 7278,3-9 Chalton Street,NW1 1JD,openstreetmap,https://www.openstreetmap.org/way/132319666
https://www.yeoldemitreholborn.co.uk/,own site,Ye Olde Mitre,Camden,Clerkenwell,Pub,,1,,1 Ely Court,EC1N 6SJ,openstreetmap,https://www.openstreetmap.org/way/420644092
https://yokoya.co.uk/,own site,Yokoya,Camden,Camden Town,Asian; Japanese,reservations@kaisekiyokoya.co.uk,1,+44 20 7388 8595,9A Delancey Street,,openstreetmap,https://www.openstreetmap.org/node/294102721
https://yorkshireburrito.com/,"own site (found by name, postcode verified)",Yorkshire Burrito,Camden,Camden Town,Mexican,,5,,"Unit 3.22 Camden (Buck Street) Market, 192-198 Camden High Street",NW1 8QP,food standards agency,https://ratings.food.gov.uk/business/1605011
https://yumtea.co.uk/,"own site (found by name, postcode verified)",YUM TEA,Camden,Holborn,Restaurant,,2,,230 High Holborn,WC1V 7DA,food standards agency,https://ratings.food.gov.uk/business/1798552
https://zararestaurant.co.uk/,"own site (found by name, postcode verified)",Zara,Camden,Belsize Park,Restaurant,info@zararestaurant.co.uk,1,,11 South End Road,NW3 2PT,openstreetmap,https://www.openstreetmap.org/way/67555372
http://www.zero75.co.uk/,own site,"Zero, 75",Camden,Kilburn,Spanish,,1,+44 20 7625 4377,201 Belsize Road,NW6 4AA,openstreetmap,https://www.openstreetmap.org/way/108077531
https://zipbablondon.com/,"own site (found by name, postcode verified)",Zipbab Limited,Camden,Holborn,Restaurant,zipbablondon@gmail.com,1,,51 Red Lion Street,WC1R 4PF,food standards agency,https://ratings.food.gov.uk/business/1043942
https://www.zizzi.co.uk/italian/restaurants/st-giles,own site,Zizzi,Camden,St Giles,Italian,feedback@zizzi.co.uk,1,,,,openstreetmap,https://www.openstreetmap.org/way/364431786
https://www.zodiacbarlondon.com/,"own site (found by name, postcode verified)",Zodiac Bar,Camden,Somers Town,Pub,,1,,119 Hampstead Road,NW1 3EE,food standards agency,https://ratings.food.gov.uk/business/1534835
https://www.zoyalounge.co.uk,own site,Zoya Grill & Lounge,Camden,King's Cross,Halal; Indian,info@zoyalounge.co.uk,1,,329-331,WC1X 8PX,openstreetmap,https://www.openstreetmap.org/node/12944833576
