email,name,borough,area,categories,website,other_emails,email_source,source,locations,phone,address,postcode,osm_url
hello@28churchrow.com,28 Church Row,Camden,Hampstead,Restaurant,https://28churchrow.com,,venue website,openstreetmap,2,,28 Church Row,NW3 6UP,https://www.openstreetmap.org/node/9311504917
info@3gorges.co.uk,3 Gorges,Camden,Fitzrovia,Asian; Chinese,https://3gorges.co.uk,reservation@3gorges.co.uk,venue website,openstreetmap,1,,36 Goodge Street,W1T 2QN,https://www.openstreetmap.org/node/3224663477
info@3locksbeer.com,3 Locks Brewing Company,Camden,Camden Town,Pub,https://www.3locksbeer.com/,,venue website,openstreetmap,1,,,,https://www.openstreetmap.org/node/11045432726
info@64goodgestreet.co.uk,64 Goodge Street,Camden,Fitzrovia,Restaurant,https://64goodgestreet.co.uk/,,venue website,openstreetmap,1,,64 Goodge Street,W1T 4NF,https://www.openstreetmap.org/way/118806520
office@abeno.co.uk,Abeno,Camden,Bloomsbury,Asian; Japanese,https://www.abeno.co.uk/,,venue website,openstreetmap,1,+44 20 7405 3211,47 Museum Street,WC1A 1LY,https://www.openstreetmap.org/way/554358272
bookings@acesandeightssaloonbar.com,Aces and Eights Saloon Bar,Camden,Kentish Town,Pizza; Pub,https://www.acesandeightssaloonbar.com/,martyn.bonanza@acesandeightssaloonbar.com,venue website,openstreetmap,1,,156-158 Fortess Road,NW5 2HP,https://www.openstreetmap.org/node/25744507
bookmt@montaguehotel.com,Afternoon Tea at The Montague on The Gardens,Camden,Bloomsbury,Cafe,https://montaguehotel.com/dining-and-drinks/afternoon-tea,,venue website,openstreetmap,1,+44 20 7637 1001,,,https://www.openstreetmap.org/node/6515246385
info@algranocoffeehouse.co.uk,Al Grano Coffee House,Camden,Somers Town,Cafe,https://www.algranocoffeehouse.co.uk/,,venue website,openstreetmap,1,,17 Chalton Street,NW1 1JD,https://www.openstreetmap.org/node/13506319796
evgenia.osmani@yahoo.com,Albertini Restaurant,Camden,Somers Town,Italian,https://www.albertini.co.uk/,,venue website,openstreetmap,1,+44 20 7387 4723,16-20 Chalton Street,NW1 1JH,https://www.openstreetmap.org/way/292167643
info@albionsrestaurant.co.uk,Albion's Restaurant,Camden,Camden Town,Restaurant,https://albionsrestaurant.co.uk/,,venue website,openstreetmap,1,+44 20 3490 8970,117 Kentish Town Road,NW1 8PB,https://www.openstreetmap.org/way/846248029
alexanderthegreatrestaurant@gmail.com,Alexander The Great,Camden,Camden Town,Greek,http://www.alexanderthegreatgreekrestaurant.co.uk/,,venue website,openstreetmap,1,+44 207 388 1111,8 Plender Street,NW1 0JT,https://www.openstreetmap.org/way/226067816
info@alicehouse.co.uk,Alice House,Camden,West Hampstead,Pub,https://alicehouse.co.uk/,qp@alicehouse.co.uk,venue website,openstreetmap,1,+44 20 7431 8818,283-285 West End Lane,NW6 1RD,https://www.openstreetmap.org/node/630503145
info@allstarlanes.co.uk,All Star Lanes,Camden,Bloomsbury,Restaurant,https://www.allstarlanes.co.uk/,,venue website,food standards agency,2,,"Victoria House, 37-63 Southampton Row",WC1B 4DA,https://ratings.food.gov.uk/business/1214109
contact@altonapoli.co.uk,Altonapoli,Camden,King's Cross,Italian,https://altonapoli.co.uk/,,venue website,openstreetmap,1,,9 Euston Road,NW1 2SA,https://www.openstreetmap.org/node/684666407
contact@amalfilounge.com,AMALFI LOUNGE,Camden,St Giles,Restaurant,https://www.amalfilounge.com/,,venue website,food standards agency,1,,59 Endell Street,WC2H 9AJ,https://ratings.food.gov.uk/business/1832058
office@amelieswinehouse.co.uk,Amelie's Wine House,Camden,Bloomsbury,Pub,https://www.amelieswinehouse.co.uk/,,venue website,food standards agency,1,,37 Store Street,WC1E 7BS,https://ratings.food.gov.uk/business/1453231
info.am.jvhn@gmail.com,Amorino,Camden,West Hampstead,Ice cream,https://www.amorino.com/en/stores/amorino-west-end,amorinosaintraphael@gmail.com; sofifoyo@gmail.com; monicanotani@gmail.com; pkafka@amorino.com; cajuam21@gmail.com; gaetanogiverny@gmail.com; guillaumehauck@gmail.com; chartres@amorino.com; qwartz@amorino.com; marksawall@aol.com; bandol@amorino.com; laciotat@amorino.com; clermont-ferrand@amorino.com; gaetanovillefontaine@gmail.com; amorinogrenette@gmail.com; vamorino9@gmail.com; gaetanomiramas@gmail.com; gaetanolavallee@gmail.com; vishal_kakar@yahoo.com; amorinothiais@gmail.com; cfriederich67@gmail.com; mexico@amorino.com; recrutementb2s@amorino.com; lauragiroamorino@hotmail.com; sz@amorino.com; amorinohouston@gmail.com; gaelpatavia@gmail.com; r_tajouri@me.com; angers@amorino.com; amorino101gm@gmail.com; gillsmedia@gmail.com; recrutamentoamorinolisboa@gmail.com; stalbans.amorino@gmail.com; amorino.paris.kleber@gmail.com; operations.belgique@amorino.com; andrea.berger@amorino.com; amorino.niort79@gmail.com; amorino.canterbury@gmail.com; amorino.lepuyenvelay@gmail.com; amorino.gp@gmail.com; annemasse.amorino@gmail.com; morges.gare@amorino.com; amorino.palavas@gmail.com; sachin.gupta7@gmail.com; amorino.besancon@gmail.com; constantin.cronenberg@amorino.com; mustafa.celik@amorino.com; fortworth.clearfork@amorino.com; amorino.carcassonne@gmail.com; amorino.avignon84@gmail.com; laurent.renard1@hotmail.com; oleti.amorino@gmail.com; olivia.govin@amorino.com; amorino.royale@gmail.com; amorino.nimes@gmail.com; rh.amorino@gmail.com; amorino.montpellier.triangle@gmail.com; nantes.amorino@gmail.com; amorino.montpellier.loge@gmail.com; plano.legacywest@amorino.com; reims.erlon@amorino.com; raleigh.davie@amorino.com; hr.firenze@amorino.com; rouen.horloge@amorino.com; amorino.sete@gmail.com; london.camden@amorino.com; vilamoura.marina@amorino.com; toulouse.capitole@amorino.com; luca.sereni@amorino.com; hr.uk@amorino.com; t.rh@amorino.com; amorino.chamonix@amorino.com; elisabetta.sereni@amorino.com; jean.christophe@amorino.com; mohd.alteree@gmail.com; christopher.roldan@amorino.com; muriel.amorino@gmail.com; cyril.pansu@amorino.com; amorino.lyon@gmail.com; a2c.amorino@gmail.com,venue website,openstreetmap,4,,,,https://www.openstreetmap.org/node/12779845063
info@andromedarestaurant.co.uk,Andromeda Restaurant,Camden,Camden Town,Restaurant,https://andromedarestaurant.co.uk/,,venue website,openstreetmap,1,+44 20 7388 4121,88 Plender Street,,https://www.openstreetmap.org/way/225465165
cropnutrients.info@angloamerican.com,ANGLO AMERICAN,Camden,Clerkenwell,American,https://uk.angloamerican.com/,,venue website,food standards agency,1,,17 Charterhouse Street,EC1N 6RA,https://ratings.food.gov.uk/business/1334972
booking@antalyarestaurant.co.uk,Antalya Restaurant,Camden,Bloomsbury,Steak,https://antalyarestaurant.co.uk/,,openstreetmap,openstreetmap,1,+44 2075805355,103-105 Southampton Row,WC1B 4HH,https://www.openstreetmap.org/node/6113971524
pr@arabicalondon.com,Arabica,Camden,Somers Town,Restaurant,https://www.arabicalondon.com/,,venue website,openstreetmap,2,,7 Lewis Cubitt Walk,,https://www.openstreetmap.org/node/9907983157
events@arcade-london.com,Arcade Food Hall,Camden,Bloomsbury,Restaurant,https://www.arcade-london.com/,cg@arcade-london.com; bps@arcade-london.com; tcr@arcade-london.com,venue website,food standards agency,1,,"Centre Point, 101-103 New Oxford Street",WC1A 1DB,https://ratings.food.gov.uk/business/1487630
hello@bloomsburylondon.com,Arcana Coffee,Camden,Bloomsbury,Breakfast,https://www.bloomsburylondon.com/tenants/arcana-coffee,,venue website,openstreetmap,1,,20-21 Bloomsbury Way,WC1A 2SN,https://www.openstreetmap.org/node/12852799706
contact@authentique-epicerie.com,Authentique Epicerie  & Bar,Camden,Kentish Town,French,http://authentique-epicerie.com/,,venue website,openstreetmap,1,,114-116 Fortess Road,NW5 2HL,https://www.openstreetmap.org/node/9519529078
ayyylounge@gmail.com,AYYY LOUNGE,Camden,Camden Town / Chalk Farm / Euston / King's Cross / Primrose Hill / Somers Town,Restaurant,https://www.ayyylounge.com/,,venue website,food standards agency,1,,"Unit 1, 109 Camden High Street",NW1 7JN,https://ratings.food.gov.uk/business/1934390
info@adorefritto.com,A’DO’RE Fritto,Camden,Camden Town,Restaurant,https://adorefritto.com/,,venue website,food standards agency,1,,"Unit M 196 Hawley Wharf, Water Lane",NW1 8JZ,https://ratings.food.gov.uk/business/1403614
kingscross@baba-tang.com,Baba Tang,Camden,King's Cross,Restaurant,http://www.baba-tang.com/,queenspark@baba-tang.com,venue website,openstreetmap,1,+442078333455,109 King's Cross Road,WC1X 9LR,https://www.openstreetmap.org/node/12407179207
hello@babuji.co.uk,Babuji,Camden,Kentish Town,Indian,https://babuji.co.uk,,venue website,openstreetmap,1,+44 20 7485 5566,343 Kentish Town Road,NW5 2TJ,https://www.openstreetmap.org/way/291698467
bath@bananatree.co.uk,Banana Tree,Camden,West Hampstead,Restaurant,https://bananatree.co.uk/,battersea@bananatree.co.uk; birminghambullring@bananatree.co.uk; cardiff@bananatree.co.uk; chelmsford@bananatree.co.uk; coventgarden@bananatree.co.uk; greenwich@bananatree.co.uk; haywardsheath@bananatree.co.uk; henley@bananatree.co.uk; islington@bananatree.co.uk; maidavale@bananatree.co.uk; miltonkeynes@bananatree.co.uk; theo2@bananatree.co.uk; oxford@bananatree.co.uk; portsmouth@bananatree.co.uk; salford@bananatree.co.uk; soho@bananatree.co.uk; stevenage@bananatree.co.uk; westhampstead@bananatree.co.uk; windsor@bananatree.co.uk,venue website,food standards agency,2,,237-239 West End Lane,NW6 1XN,https://ratings.food.gov.uk/business/1803464
info@banhmiaha.co.uk,Banh Mi Aha,Camden,Holborn,Takeaway,https://banhmiaha.co.uk/,,venue website,food standards agency,1,,39 Lamb's Conduit Street,WC1N 3NG,https://ratings.food.gov.uk/business/1450081
hello@banhmibay.co.uk,Banh Mi Bay,Camden,Holborn,Asian,https://www.banhmibay.co.uk/,,venue website,openstreetmap,3,,4-6 Theobalds Road,WC1X 8PN,https://www.openstreetmap.org/node/9244269117
admin.aberdeen@bannatyne.co.uk,Bannatyne Health Club,Camden,Kilburn,Pub,https://www.bannatyne.co.uk/,admin.ashford@bannatyne.co.uk; admin.ayr@bannatyne.co.uk; admin.banbury@bannatyne.co.uk; admin.barnsley@bannatyne.co.uk; admin.belfast@bannatyne.co.uk; admin.brindley@bannatyne.co.uk; admin.blackpool@bannatyne.co.uk; admin.braintree@bannatyne.co.uk; admin.bristol@bannatyne.co.uk; admin.broadstairs@bannatyne.co.uk; admin.burtonontrent@bannatyne.co.uk; admin.burystedmunds@bannatyne.co.uk; admin.cardiff@bannatyne.co.uk; admin.carlisle@bannatyne.co.uk; admin.chafford@bannatyne.co.uk; admin.chesterlestreet@bannatyne.co.uk; admin.chingford@bannatyne.co.uk; admin.colchester@bannatyne.co.uk; admin.kingsfordpark@bannatyne.co.uk; admin.cookridge@bannatyne.co.uk; admin.coulby@bannatyne.co.uk; admin.crewe@bannatyne.co.uk; admin.darlington@bannatyne.co.uk; admin.dumfries@bannatyne.co.uk; admin.dunfermline@bannatyne.co.uk; admin.durham@bannatyne.co.uk; admin.eastbourne@bannatyne.co.uk; admin.edinburgh@bannatyne.co.uk; admin.newcraighall@bannatyne.co.uk; admin.fairfield@bannatyne.co.uk; admin.falkirk@bannatyne.co.uk; admin.folkestone@bannatyne.co.uk; admin.grovepark@bannatyne.co.uk; admin.hastings@bannatyne.co.uk; admin.humberston@bannatyne.co.uk; admin.ingleby@bannatyne.co.uk; admin.inverness@bannatyne.co.uk; admin.leicester@bannatyne.co.uk; admin.livingston@bannatyne.co.uk; admin.lowestoft@bannatyne.co.uk; admin.luton@bannatyne.co.uk; admin.maidavale@bannatyne.co.uk; admin.mansfield@bannatyne.co.uk; admin.miltonkeynes@bannatyne.co.uk; admin.newport@bannatyne.co.uk; admin.norwich@bannatyne.co.uk; admin.norwichwest@bannatyne.co.uk; admin.orpington@bannatyne.co.uk; admin.perth@bannatyne.co.uk; admin.peterborough@bannatyne.co.uk; admin.rotherham@bannatyne.co.uk; admin.shrewsbury@bannatyne.co.uk; admin.skelmersdale@bannatyne.co.uk; admin.solihull@bannatyne.co.uk; admin.stepps@bannatyne.co.uk; admin.suttoncoldfield@bannatyne.co.uk; admin.tamworth@bannatyne.co.uk; admin.wakefield@bannatyne.co.uk; admin.wellingborough@bannatyne.co.uk; admin.weybridge@bannatyne.co.uk; admin.wildmoor@bannatyne.co.uk; admin.worksop@bannatyne.co.uk; admin.york@bannatyne.co.uk; sales.aberdeen@bannatyne.co.uk; sales.ashford@bannatyne.co.uk; sales.ayr@bannatyne.co.uk; sales.banbury@bannatyne.co.uk; sales.barnsley@bannatyne.co.uk; sales.belfast@bannatyne.co.uk; sales.brindley@bannatyne.co.uk; sales.blackpool@bannatyne.co.uk; sales.braintree@bannatyne.co.uk; sales.bristol@bannatyne.co.uk; sales.broadstairs@bannatyne.co.uk; sales.burtonontrent@bannatyne.co.uk; sales.burystedmunds@bannatyne.co.uk; sales.cardiff@bannatyne.co.uk; sales.carlisle@bannatyne.co.uk; sales.chafford@bannatyne.co.uk; sales.chesterlestreet@bannatyne.co.uk; sales.chingford@bannatyne.co.uk; sales.colchester@bannatyne.co.uk; sales.kingsfordpark@bannatyne.co.uk; sales.cookridge@bannatyne.co.uk; sales.coulby@bannatyne.co.uk; sales.crewe@bannatyne.co.uk; sales.darlington@bannatyne.co.uk; sales.dumfries@bannatyne.co.uk; sales.dunfermline@bannatyne.co.uk; sales.durham@bannatyne.co.uk; sales.eastbourne@bannatyne.co.uk; sales.eastbourne+1@bannatyne.co.uk; sales.edinburgh@bannatyne.co.uk; sales.newcraighall@bannatyne.co.uk; sales.fairfield@bannatyne.co.uk; sales.falkirk@bannatyne.co.uk; sales.folkestone@bannatyne.co.uk; sales.grovepark@bannatyne.co.uk; sales.hastings@bannatyne.co.uk; sales.humberston@bannatyne.co.uk; sales.ingleby@bannatyne.co.uk; sales.inverness@bannatyne.co.uk; sales.leeds@bannatyne.co.uk; sales.leicester@bannatyne.co.uk; sales.livingston@bannatyne.co.uk; sales.lowestoft@bannatyne.co.uk; sales.luton@bannatyne.co.uk; sales.maidavale@bannatyne.co.uk; sales.mansfield@bannatyne.co.uk; sales.miltonkeynes@bannatyne.co.uk; sales.newport@bannatyne.co.uk; sales.norwich@bannatyne.co.uk; sales.norwichwest@bannatyne.co.uk; sales.orpington@bannatyne.co.uk; sales.perth@bannatyne.co.uk; sales.peterborough@bannatyne.co.uk; sales.rotherham@bannatyne.co.uk; sales.shrewsbury@bannatyne.co.uk; sales.skelmersdale@bannatyne.co.uk; sales.skelmersdale+1@bannatyne.co.uk; sales.solihull@bannatyne.co.uk; sales.stepps@bannatyne.co.uk; sales.suttoncoldfield@bannatyne.co.uk; sales.tamworth@bannatyne.co.uk; sales.wakefield@bannatyne.co.uk; sales.wellingborough@bannatyne.co.uk; sales.weybridge@bannatyne.co.uk; sales.wildmoor@bannatyne.co.uk; sales.worksop@bannatyne.co.uk; sales.york@bannatyne.co.uk; memberships@bannatyne.co.uk; gm.aberdeen@bannatyne.co.uk; gm.ashford@bannatyne.co.uk; gm.ayr@bannatyne.co.uk; gm.banbury@bannatyne.co.uk; gm.barnsley@bannatyne.co.uk; gm.belfast@bannatyne.co.uk; gm.brindley@bannatyne.co.uk; gm.blackpool@bannatyne.co.uk; gm.braintree@bannatyne.co.uk; gm.bristol@bannatyne.co.uk; gm.broadstairs@bannatyne.co.uk; gm.burtonontrent@bannatyne.co.uk; gm.burystedmunds@bannatyne.co.uk; gm.cardiff@bannatyne.co.uk; gm.carlisle@bannatyne.co.uk; gm.chafford@bannatyne.co.uk; gm.chesterlestreet@bannatyne.co.uk; gm.chingford@bannatyne.co.uk; gm.colchester@bannatyne.co.uk; gm.kingsfordpark@bannatyne.co.uk; gm.cookridge@bannatyne.co.uk; gm.coulby@bannatyne.co.uk; gm.crewe@bannatyne.co.uk; gm.darlington@bannatyne.co.uk; gm.dumfries@bannatyne.co.uk; gm.dunfermline@bannatyne.co.uk; gm.durham@bannatyne.co.uk; gm.eastbourne@bannatyne.co.uk; gm.edinburgh@bannatyne.co.uk; gm.newcraighall@bannatyne.co.uk; gm.fairfield@bannatyne.co.uk; gm.falkirk@bannatyne.co.uk; gm.folkestone@bannatyne.co.uk; gm.grovepark@bannatyne.co.uk; gm.hastings@bannatyne.co.uk; gm.humberston@bannatyne.co.uk; gm.ingleby@bannatyne.co.uk; hm.inverness@bannatyne.co.uk; gm.leicester@bannatyne.co.uk; gm.livingston@bannatyne.co.uk; gm.lowestoft@bannatyne.co.uk; gm.luton@bannatyne.co.uk; gm.maidavale@bannatyne.co.uk; gm.mansfield@bannatyne.co.uk; gm.miltonkeynes@bannatyne.co.uk; gm.newport@bannatyne.co.uk; gm.norwich@bannatyne.co.uk; gm.norwichwest@bannatyne.co.uk; gm.orpington@bannatyne.co.uk; gm.perth@bannatyne.co.uk; gm.peterborough@bannatyne.co.uk; gm.rotherham@bannatyne.co.uk; gm.shrewsbury@bannatyne.co.uk; gm.skelmersdale@bannatyne.co.uk; gm.solihull@bannatyne.co.uk; gm.stepps@bannatyne.co.uk; gm.suttoncoldfield@bannatyne.co.uk; gm.tamworth@bannatyne.co.uk; gm.wakefield@bannatyne.co.uk; gm.wellingborough@bannatyne.co.uk; gm.weybridge@bannatyne.co.uk; gm.wildmoor@bannatyne.co.uk; gm.worksop@bannatyne.co.uk; gm.york@bannatyne.co.uk,venue website,food standards agency,1,,4 Greville Road,NW6 5HZ,https://ratings.food.gov.uk/business/1251892
info@camdenartcentre.org,Bar Bicicletta,Camden,West Hampstead,Italian,https://camdenartcentre.org/come-visit-us/cafe,hires@camdenartcentre.org,venue website,openstreetmap,1,,,,https://www.openstreetmap.org/way/1379155816
info@barrafina.co.uk,Barrafina,Camden,Somers Town,Spanish,https://www.barrafina.co.uk/restaurants/coal-drops-yard,events@barrafina.co.uk,venue website,openstreetmap,7,,,,https://www.openstreetmap.org/node/6082053667
hello@batchd.co.uk,Batch'd,Camden,Camden Town,Breakfast; Donuts; Ice cream,https://www.batchd.co.uk,,venue website,openstreetmap,2,,115-117 Water Lane,NW1 8JZ,https://www.openstreetmap.org/node/12704560739
kingsx@beerandburgerstore.com,Beer + Burger,Camden,King's Cross,Burger,https://beerandburgerstore.com/,hello@beerandburgerstore.com; dalston@beerandburgerstore.com; walthamstow@beerandburgerstore.com; willesden@beerandburgerstore.com,openstreetmap,openstreetmap,1,+44 20 3963 5795,1 York Way,N1C 4AS,https://www.openstreetmap.org/node/3931711557
belly@mgnhw.com,Belly,Camden,Camden Town,Asian; French,https://www.bellylondon.com/,,openstreetmap,openstreetmap,1,,157 Kentish Town Road,NW1 8PD,https://www.openstreetmap.org/way/856859700
info@bentoyalondon.co.uk,bento-ya,Camden,Fitzrovia,Takeaway,https://www.bentoyalondon.co.uk/,,venue website,openstreetmap,1,,11 Warren Street,W1T 5LG,https://www.openstreetmap.org/way/292612524
stpancras@benugo.com,Benugo,Camden,King's Cross,Cafe,https://www.benugo.com/sites/cafes/benugo-st-pancras/,,openstreetmap,openstreetmap,2,,,N1C 4QP,https://www.openstreetmap.org/node/647052117
orders@benugo.com,BENUGO,Camden,Primrose Hill,Restaurant,https://benugo.com/,,venue website,food standards agency,17,,"Primrose Hill Cafe Primrose Hill, Prince Albert Road",NW8 7LS,https://ratings.food.gov.uk/business/1241722
manager@bibimbabcafe.com,Bibimbab Cafe,Camden,Bloomsbury,Restaurant,http://bibimbabcafe.com/,,venue website,openstreetmap,1,,37 Museum Street,WC1A 1LP,https://www.openstreetmap.org/way/553157391
bintangnw1@gmail.com,Bintang,Camden,Camden Town,Restaurant,https://www.bintangrestaurant.co.uk/,,venue website,openstreetmap,1,,93 Kentish Town Road,NW1 8NY,https://www.openstreetmap.org/way/845858072
info@blacklist-lounge.co.uk,Blacklist Lounge,Camden,Camden Town,Restaurant,https://blacklist-lounge.com/,,openstreetmap,openstreetmap,1,+44 20 8728 7162,9 Camden High Street,NW1 7JE,https://www.openstreetmap.org/way/225442611
partnerships@blankstreet.com,Blank Street,Camden,Camden Town,Restaurant,https://www.blankstreet.com/en-US,press@blankstreet.com,venue website,food standards agency,47,,"Basement and Garden Floors, 10 Chalk Farm Road",NW1 8AG,https://ratings.food.gov.uk/business/1567464
mpadmissions@blossomhouseschool.co.uk,BLOSSOM HOUSE SCHOOL,Camden,Somers Town,Restaurant,https://www.blossomhouseschool.co.uk/,,venue website,food standards agency,1,,"St Aloysius Junior School, Aldenham Street",NW1 1PS,https://ratings.food.gov.uk/business/1746389
events@bobbyf.co.uk,Bobby Fitzpatrick,Camden,West Hampstead,Restaurant,https://bobbyf.co.uk/,bobby@bobbyf.co.uk,venue website,food standards agency,1,,273 West End Lane,NW6 1QS,https://ratings.food.gov.uk/business/960483
davnem@gmail.com,Bohemia House,Camden,Kilburn,Restaurant,https://bohemiahouse.london/,,venue website,openstreetmap,1,,74 West End Lane,NW6 2LX,https://www.openstreetmap.org/way/71218655
info@bombayflame.com,Bombay Flame,Camden,Kilburn,Indian,http://bombayflame.com,,openstreetmap,openstreetmap,1,+44 20 7625 5522,74 Kingsgate Road,NW6 4TE,https://www.openstreetmap.org/way/237284936
bombaynum1@gmail.com,Bombay No1,Camden,Somers Town,Restaurant,https://www.bombayno1.com/,,venue website,food standards agency,1,,48 Eversholt Street,NW1 1DA,https://ratings.food.gov.uk/business/1945697
hello@bonedaddies.com,Bone Daddies,Camden,St Giles,Asian; Japanese,https://bonedaddies.com/,communications@bonedaddies.com; people@bonedaddies.com,venue website,openstreetmap,7,,,,https://www.openstreetmap.org/node/3687971010
bookingoffice.stpancras@autographhotels.com,Booking Office 1869,Camden,King's Cross,Restaurant,,,openstreetmap,openstreetmap,1,+44 20 7841 3566,,NW1 2AR,https://www.openstreetmap.org/node/4254799301
info@braziliangourmet.co.uk,Brazilian Gourmet,Camden,Fitzrovia,Restaurant,https://www.braziliangourmet.co.uk/,,openstreetmap,openstreetmap,1,+44 20 7018 0879,70 Cleveland Street,W1T 6LY,https://www.openstreetmap.org/way/435928163
brondesagelondon@gmail.com,Brondes Age,Camden,Kilburn,Pub,https://www.brondesage.co.uk/,,venue website,food standards agency,1,,328 Kilburn High Road,NW6 2QN,https://ratings.food.gov.uk/business/1097469
broski112@yahoo.com,Broski Lounge,Camden,Fitzrovia,Restaurant,https://broskilounge.com/,,venue website,food standards agency,1,,112 Whitfield Street,W1T 5EE,https://ratings.food.gov.uk/business/1316490
reservations@bubala.co.uk,Bubala,Camden,King's Cross,Restaurant,https://www.bubala.co.uk/kings-cross,,venue website,openstreetmap,1,,,N1C 4ED,https://www.openstreetmap.org/node/12855042934
enquiries@thebullandlast.co.uk,Bull & Last,Camden,Gospel Oak,Pub,https://thebullandlast.co.uk,,openstreetmap,openstreetmap,1,+4420 726 73641,168 Highgate Road,,https://www.openstreetmap.org/way/117607358
wazzup@bunga90.com,Bunga Bunga,Camden,St Giles,Restaurant,https://www.bunga90.com/,,venue website,food standards agency,1,,167 Drury Lane,WC2B 5PG,https://ratings.food.gov.uk/business/1019585
borough@burgerandbeyond.co.uk,Burger & Beyond,Camden,Camden Town,Burger,https://burgerandbeyond.co.uk,shoreditch@burgerandbeyond.co.uk; soho@burgerandbeyond.co.uk; brighton@burgerandbeyond.co.uk; marketing@burgerandbeyond.co.uk,venue website,openstreetmap,6,,,,https://www.openstreetmap.org/node/12765938430
hello@bitemeburgers.co.uk,Burger Bites,Camden,Chalk Farm,Burger,https://burgerbites.co.uk/,,venue website,openstreetmap,1,,72-73 Chalk Farm Road,NW1 8AN,https://www.openstreetmap.org/way/373710181
info@cafepalestina.co.uk,Cafe Palestina,Camden,Kentish Town,Restaurant,https://cafepalestina.co.uk/,online@cafepalestina.co.uk,venue website,food standards agency,2,,53 Fortess Road,NW5 1AD,https://ratings.food.gov.uk/business/1045543
whamcamden@gmail.com,Cafe Wham,Camden,Chalk Farm,Breakfast,https://whamlondon.com,,venue website,openstreetmap,1,+44 7833 209928,29 Chalk farm road,,https://www.openstreetmap.org/node/13992348266
info@caffetropea.co.uk,Caffè Tropea,Camden,Bloomsbury,Italian,https://caffetropea.co.uk/,sales@caffetropea.co.uk,venue website,openstreetmap,1,,Russell Square,WC1B 5EH,https://www.openstreetmap.org/way/75302749
hello@camdenlockside.co.uk,Café Chula,Camden,Camden Town,Mexican,https://www.cafechula.co.uk/,events@camdenlockside.co.uk,venue website,openstreetmap,1,,75–89 Camden Lock Place,NW1 8AF,https://www.openstreetmap.org/node/4321451979
info@cafedenata.com,Café de Nata,Camden,Camden Town,Bakery,https://www.cafedenata.com/,,venue website,openstreetmap,6,,209-210 Chalk Farm Road,NW1 8AB,https://www.openstreetmap.org/node/4440565062
hello@cafe-deco.co.uk,Café Deco,Camden,Bloomsbury,Cafe,https://www.cafe-deco.co.uk,,openstreetmap,openstreetmap,1,+44 20 8091 2108,43 Store Street,WC1E 7DB,https://www.openstreetmap.org/way/392671913
london@cordonbleu.edu,Café Le Cordon Bleu,Camden,Bloomsbury,French,https://www.cordonbleu.edu/london/cafe-le-cordon-bleu/en,info@cordonbleu.edu; australia@cordonbleu.edu; ateneodemanila@cordonbleu.edu; paris@cordonbleu.edu; saopaulo@cordonbleu.edu; shanghai@cordonbleu.edu; istanbul@cordonbleu.edu; nz@cordonbleu.edu; liban@cordonbleu.edu; riodejaneiro@cordonbleu.edu; madrid@cordonbleu.edu; howtoapplyusa@cordonbleu.edu; thailand@cordonbleu.edu; peru@cordonbleu.edu; seoul_admissions@cordonbleu.edu; malaysia@cordonbleu.edu; taiwan-nkuht@cordonbleu.edu; online@cordonbleu.edu; riyadh@cordonbleu.edu; mexico@cordonbleu.edu; ottawa@cordonbleu.edu,openstreetmap,openstreetmap,1,,,,https://www.openstreetmap.org/node/2904553101
gelato@caliendos.co.uk,Caliendo's Gelato,Camden,Kentish Town,Ice cream,https://www.caliendos.co.uk,,venue website,openstreetmap,1,+44 20 7482 2791,182 Kentish Town Road,NW5 2AE,https://www.openstreetmap.org/way/845842090
info@camdenbakery.com,Camden Bakery,Camden,Camden Town,Bakery,https://www.camdenbakery.com/,,venue website,food standards agency,1,,94 Camden High Street,NW1 0LT,https://ratings.food.gov.uk/business/950012
info@camdenbbq.co.uk,CAMDEN BBQ,Camden,Chalk Farm,BBQ,https://camdenbbq.co.uk/,,venue website,food standards agency,1,,18 Chalk Farm Road,NW1 8AG,https://ratings.food.gov.uk/business/1567470
info@camdencocktailclub.com,Camden Cocktail Club,Camden,Camden Town,Restaurant,https://camdencocktailclub.com/,,venue website,food standards agency,1,,"Unit 48 West Yard Camden Lock Market First Floor, Camden Lock Place",NW1 8AF,https://ratings.food.gov.uk/business/1873738
cameramuseumuk@gmail.com,Camera Museum,Camden,Bloomsbury,Cafe,https://www.cameramuseum.uk/,,venue website,openstreetmap,1,,44 Museum Street,WC1A 1LY,https://www.openstreetmap.org/node/5350044732
contact@cantonelement.co.uk,Canton Element,Camden,Holborn,Restaurant,http://cantonelement.co.uk/,,venue website,food standards agency,1,,48 Red Lion Street,WC1R 4PF,https://ratings.food.gov.uk/business/842161
stpancras@carluccios.co.uk,Carluccio's,Camden,King's Cross,Italian,https://www.carluccios.com/pages/restaurants/carluccios-st-pancras,,openstreetmap,openstreetmap,1,+44 20 3906 2097,First Floor Pancras Road,N1C 4QL,https://www.openstreetmap.org/node/2850205346
info@casajako.com,"Casa Jako,",Camden,Holborn,Restaurant,https://www.casajako.com/,,venue website,food standards agency,1,,29-30 High Holborn,WC1V 6AZ,https://ratings.food.gov.uk/business/1905002
casatuacamden@gmail.com,Casa Tua,Camden,King's Cross,Breakfast; Italian,https://www.casatualondon.com/,casatuakx@gmail.com; casatuadelizie@gmail.com,venue website,openstreetmap,1,+44 207 833 1483,106 Cromer Street,WC1H 8BZ,https://www.openstreetmap.org/node/4227764089
bookings@catalinas.co.uk,Catalina's,Camden,Fitzrovia,Cafe,https://catalinas.co.uk/,impallari@gmail.com,venue website,openstreetmap,1,,72 Cleveland Street,W1T 6LZ,https://www.openstreetmap.org/way/435928165
info@chamisse.com,Chamisse,Camden,Holborn,Restaurant,https://chamisse.com/,,venue website,openstreetmap,1,+44 20 7430 0799,55 Gray's Inn Road,WC1X 8PP,https://www.openstreetmap.org/node/10247694982
info@chayan.uk,CHAYAN,Camden,St Giles,Takeaway,https://www.chayan.uk/,chayan_nottingham@outlook.com,venue website,food standards agency,3,,237 Shaftesbury Avenue,WC2H 8EH,https://ratings.food.gov.uk/business/1635477
info@chipotpot.co.uk,CHI POT POT,Camden,Holborn,Restaurant,https://chipotpot.co.uk/,,venue website,food standards agency,1,,25 Boswell Street,WC1N 3BW,https://ratings.food.gov.uk/business/1945688
hello@chicknsours.co.uk,Chick n Sours,Camden,King's Cross,Takeaway,https://www.chicknsours.co.uk/,,venue website,food standards agency,1,,257-259 Pentonville Road,N1 9NL,https://ratings.food.gov.uk/business/1891420
hello@chickenshop.com,Chicken Shop,Camden,Camden Town,Halal,https://chickenshop.com/,,venue website,openstreetmap,7,,159 Camden High Street,,https://www.openstreetmap.org/node/2866270797
chancery@chilango.co.uk,Chilango,Camden,Holborn,Mexican,https://www.chilango.co.uk/,islington@chilango.co.uk,venue website,openstreetmap,2,,76 Chancery Lane,WC2A 1AA,https://www.openstreetmap.org/way/421386550
party@chinchinicecream.com,CHIN CHIN ICE CREAM,Camden,St Giles,Ice cream,https://chinchinicecream.com/,,venue website,food standards agency,2,,"Earlham Street Market, Earlham Street",WC2H 9LX,https://ratings.food.gov.uk/business/1873721
mail@churroslondon.com,Churros Camden,Camden,Chalk Farm,Takeaway,https://www.churroslondon.com/,,venue website,food standards agency,1,,"735 The Stables Market, Chalk Farm Road",NW1 8AH,https://ratings.food.gov.uk/business/998757
info@ciaobellarestaurant.co.uk,Ciao Bella,Camden,Holborn,Italian,http://www.ciaobellarestaurant.co.uk/,,venue website,openstreetmap,1,+44 20 7242 4119,86-90 Lamb's Conduit Street,WC1N 3LZ,https://www.openstreetmap.org/way/112564606
info@eatcitro.com,Citro,Camden,Highgate,Italian,https://www.eatcitro.com/,,openstreetmap,openstreetmap,1,+447840917586,15a Swain's Lane,N6 6QX,https://www.openstreetmap.org/node/6985868787
info@cittieofyorkeholborn.co.uk,Cittie of Yorke,Camden,Holborn,Pub,https://cittieofyorkeholborn.co.uk/,contact-info@cittieofyorkeholborn.co.uk,venue website,openstreetmap,1,+44 20 7242 7670,22-23 High Holborn,WC1V 6BS,https://www.openstreetmap.org/way/75422589
customerservice@cleanersandcoffee.com,Cleaners & Coffee,Camden,Somers Town,Restaurant,https://www.cleanersandcoffee.com/,,venue website,food standards agency,1,,2 Crowndale Road,NW1 1TT,https://ratings.food.gov.uk/business/1500547
hello@coaloffice.com,Coal Office,Camden,King's Cross,Restaurant,https://coaloffice.com/,,openstreetmap,openstreetmap,1,+44 20 3848 6085,2 Bagley Walk,N1C 4PQ,https://www.openstreetmap.org/node/6142124767
eat@cocororestaurant.co.uk,CoCoRo,Camden,Bloomsbury,Asian; Japanese,http://www.cocororestaurant.co.uk,,venue website,openstreetmap,2,+44 20 7436 0550,25 Coptic Street,WC1A 1NT,https://www.openstreetmap.org/way/555577072
kentishtown@creamscafe.com,Creams,Camden,Kentish Town,Ice cream,https://www.creamscafe.com/our-stores/kentish-town/,,venue website,openstreetmap,1,,246-248 Kentish Town Road,NW5 2AB,https://www.openstreetmap.org/way/878202920
crepesalacartelondon@gmail.com,Crepes A La Carte,Camden,Camden Town,Takeaway,https://www.crepesalacarte.co.uk/,,venue website,food standards agency,1,,112 Kentish Town Road,NW1 9PX,https://ratings.food.gov.uk/business/1059172
hola@eatcrudo.com,Crudo Covent Garden,Camden,St Giles,Restaurant,https://eatcrudo.com/,,venue website,openstreetmap,1,,36 Monmouth Street,,https://www.openstreetmap.org/node/13883045301
megan@sevendialsmarket.com,Cucumber Alley,Camden,St Giles,Food court,https://www.sevendialsmarket.com/vendor/cucumber-alley/,,venue website,openstreetmap,1,,,,https://www.openstreetmap.org/node/7291767085
info@daakoo.co.uk,DAAKOO,Camden,West Hampstead,Takeaway,https://daakoo.co.uk/,,venue website,food standards agency,1,,104 West End Lane,NW6 2LS,https://ratings.food.gov.uk/business/1363447
info@daddydonkey.co.uk,Daddy Donkey,Camden,Clerkenwell,Mexican,https://www.daddydonkey.co.uk/,,venue website,openstreetmap,1,+44 20 7404 4173,50b Leather Lane,EC1N 7TP,https://www.openstreetmap.org/node/4262451640
info@dallowayterrace.com,Dalloway Terrace,Camden,Bloomsbury,Restaurant,https://dallowayterrace.com/,,venue website,openstreetmap,1,+44 20 7347 1221,16-22 Great Russell Street,WC1B 3NN,https://www.openstreetmap.org/node/5595288322
hello@damnyankee.co.uk,DAMN YANKEE,Camden,St Giles,Restaurant,https://damnyankee.co.uk/,,venue website,food standards agency,1,,175 Drury Lane,WC2B 5QF,https://ratings.food.gov.uk/business/1755290
holborn@dapur.co.uk,Dapur,Camden,Holborn,Asian,https://dapur.co.uk/,,openstreetmap,openstreetmap,1,+44 20 7405 4659,13 Lambs Conduit Passage,WC1R 4RH,https://www.openstreetmap.org/node/12654088702
hello@dezamore.co.uk,DEZ AMORE,Camden,Chalk Farm,Restaurant,https://dezamore.co.uk/,,venue website,food standards agency,2,,"Italian Alley 4 Ground Floor The Stables Market, Chalk Farm Road",NW1 8AH,https://ratings.food.gov.uk/business/1485765
dbhkltd@gmail.com,Diwana,Camden,Somers Town,Indian,https://www.diwanalondon.com/,,venue website,openstreetmap,1,+44 20 7387 5556,121-123 Drummond Street,NW1 2HL,https://www.openstreetmap.org/way/429377502
aldwych.boxoffice@nederlander.co.uk,Dominion Theatre,Camden,Fitzrovia,Pub,https://nederlander.co.uk/dominion,,venue website,food standards agency,2,,"The Dominion Theatre, 268-269 Tottenham Court Road",W1T 7AQ,https://ratings.food.gov.uk/business/426465
drummondvilla@gmail.com,Drummond Villa,Camden,Somers Town,Indian,https://www.drummondvilla.co.uk/,,venue website,openstreetmap,1,+44 20 7388 2699,118 Drummond Street,NW1 2HN,https://www.openstreetmap.org/way/337134172
esra@drury188198.co.uk,Drury 188-189,Camden,St Giles,Cafe,https://drury188189.co.uk/,,openstreetmap,openstreetmap,1,+44 20 7404 7664,188-189 Drury Lane,WC2B 5QD,https://www.openstreetmap.org/way/278118729
nell@dukeofstalbans.com,Duke of St. Albans,Camden,Gospel Oak,Pub,https://www.dukeofstalbans.com/,,venue website,openstreetmap,1,,15 Highgate Road,NW5 1QX,https://www.openstreetmap.org/node/98170592
bookings@eastwestlondon.com,East West,Camden,Kentish Town,Restaurant,https://www.eastwestlondon.com/,hello@eastwestlondon.com,venue website,food standards agency,3,,135 Fortess Road,NW5 2HR,https://ratings.food.gov.uk/business/1251783
ask@eggslut.uk,Eggslut,Camden,Fitzrovia,Burger,https://www.eggslut.uk/,,venue website,openstreetmap,3,+44 20 3673 6762,19 Percy Street,W1T 1DY,https://www.openstreetmap.org/way/425428374
press@electricshuffle.com,Electric Shuffle,Camden,King's Cross,Bar,https://electricshuffle.com/uk/london/kingscross,,venue website,openstreetmap,1,,1 Lewis Cubitt Park,N1C 4EJ,https://www.openstreetmap.org/node/12855041571
hello@elsabistro.co.uk,Elsa Bistro and Wine House,Camden,Fitzrovia,French,https://elsabistro.co.uk/,,venue website,openstreetmap,2,+44 7498 905392,10 Charlotte Street,W1T 2LT,https://www.openstreetmap.org/way/122020338
info@elyseerestaurant.com,Elysée,Camden,Fitzrovia,Greek,https://www.elyseerestaurant.com/,,venue website,openstreetmap,1,,13 Percy Street,W1T 1DP,https://www.openstreetmap.org/way/425428388
hello@epicuruscamden.co.uk,EPICURUS CAMDEN,Camden,Chalk Farm,Restaurant,https://www.epicuruscamden.co.uk/,,venue website,food standards agency,1,,"Unit 90 The North Yard.  The Stables Market, Chalk Farm Road",NW1 8AH,https://ratings.food.gov.uk/business/1648449
info@eustontap.com,Euston Tap,Camden,Somers Town,Pub,http://eustontap.com,,venue website,openstreetmap,1,+44 20 3137 8837,190 Euston Road,NW1 2EF,https://www.openstreetmap.org/way/93710880
info@fabrique.co.uk,Fabrique,Camden,Holborn,Bakery,https://fabrique.co.uk/,,venue website,openstreetmap,7,,239 High Holborn,,https://www.openstreetmap.org/node/338507316
tom@farmhousekitchen.uk,Farmhouse Kitchen,Camden,Fitzrovia,Cafe,https://www.farmhousekitchen.uk/,,venue website,openstreetmap,1,,35 Conway Street,W1T 6BW,https://www.openstreetmap.org/node/3011417281
info@fengshang.co.uk,Feng Shang,Camden,Chalk Farm,Asian; Chinese,https://www.fengshang.co.uk/,,venue website,openstreetmap,1,+44 20 7485 8137,,NW1 7SS,https://www.openstreetmap.org/way/213504665
info@fiena.co.uk,Fiena Café,Camden,King's Cross,Cafe,https://fiena.co.uk/,,venue website,openstreetmap,1,,4 Leigh Street,WC1H 9QX,https://www.openstreetmap.org/way/136894922
enquiries@fitzroviahospital.com,FITZROVIA HOSPITAL,Camden,Fitzrovia,Restaurant,https://fitzroviahospital.com/,reception@fitzroviahospital.com,venue website,food standards agency,1,,13-14 Fitzroy Square,W1T 6AH,https://ratings.food.gov.uk/business/1436645
info@fitzroytavern.co.uk,Fitzroy Tavern,Camden,Fitzrovia,Pub,https://fitzroytavern.co.uk/,contact-info@fitzroytavern.co.uk,venue website,openstreetmap,1,+44 20 7580 3714,16 Charlotte Street,W1T 2LY,https://www.openstreetmap.org/way/138339524
sustainability@flatironsteak.co.uk,Flat Iron,Camden,St Giles,Restaurant,https://flatironsteak.co.uk/,,venue website,food standards agency,26,,9 Denmark Street,WC2H 8LS,https://ratings.food.gov.uk/business/943069
info@fortunecafe.co.uk,Fortune Café,Camden,West Hampstead,Cafe,https://fortunecafe.co.uk,,venue website,openstreetmap,1,+44 20 3874 8033,110 Fortune Green Road,NW6 1DH,https://www.openstreetmap.org/node/11510909813
info@frenchtacos.co.uk,FRENCH TACOS UK (KENTISH TOWN),Camden,Kentish Town,French; Tacos,https://frenchtacos.co.uk/,,venue website,food standards agency,3,,"Unit36Jml House, Regis Road",NW5 3EW,https://ratings.food.gov.uk/business/1891432
info@fridacamden.com,Frida Camden,Camden,Camden Town,Restaurant,https://fridacamden.com/,,venue website,food standards agency,1,,40 Camden High Street,NW1 0JH,https://ratings.food.gov.uk/business/1036598
hello@fushanrestaurant.com,Fushan Restaurant,Camden,Bloomsbury,Restaurant,https://fushanrestaurant.com/,,venue website,openstreetmap,1,,44 New Oxford Street,WC1A 1ES,https://www.openstreetmap.org/way/377067561
elise@galvinrestaurants.com,Galvin Bar & Grill,Camden,Bloomsbury,Restaurant,https://galvinrestaurants.com/restaurant/galvin-bar-and-grill/,privatedining.city@galvinrestaurants.com,venue website,openstreetmap,3,,1-8 Russell Square,WC1B 5BE,https://www.openstreetmap.org/node/9513436817
steam@gatehouselaw.co.uk,GATE HOUSE CHAMBERS,Camden,Holborn,Restaurant,https://gatehouselaw.co.uk/,patrick.sarson@gatehouselaw.co.uk; natasha.devlin@gatehouselaw.co.uk; adam.macdonald@gatehouselaw.co.uk,venue website,food standards agency,1,,1 Lady Hale Gate,WC1X 8BS,https://ratings.food.gov.uk/business/1755288
gebetacatering@gmail.com,Gebeta Ethiopian Restaurant,Camden,Clerkenwell,Restaurant,https://gebetaethiopianrestaurant.com/,,venue website,food standards agency,1,,51 Leather Lane,EC1N 7TJ,https://ratings.food.gov.uk/business/1425462
reservations@germangymnasium.com,German Gymnasium,Camden,King's Cross,Restaurant,https://www.germangymnasium.com/,reservationsgg@germangymnasium.com,openstreetmap,openstreetmap,1,+44 20 7287 8000,1 King's Boulevard,N1C 4BU,https://www.openstreetmap.org/way/46821178
info@gigglingangel.uk,Giggling Angel,Camden,Kilburn,Breakfast,http://gigglingangel.uk/,,venue website,openstreetmap,1,+44 7912 352766,338b Kilburn High Road,NW6 2QN,https://www.openstreetmap.org/way/75640206
info@gigsrestaurant.com,Gigs,Camden,Fitzrovia,Seafood,https://www.gigsfishandchips.com/,,openstreetmap,openstreetmap,1,+44 20 7636 1424,12 Tottenham Street,W1T 4RE,https://www.openstreetmap.org/way/348812067
info@gokyuzurestaurant.co.uk,GOKYUZU,Camden,Kentish Town,Restaurant,https://gokyuzurestaurant.co.uk/,greenlanes@gokyuzurestaurant.co.uk; parkroyal@gokyuzurestaurant.co.uk; kentishtown@gokyuzurestaurant.co.uk; chingford@gokyuzurestaurant.co.uk; walthamstow@gokyuzurestaurant.co.uk; finchley@gokyuzurestaurant.co.uk,venue website,food standards agency,1,,339 Kentish Town Road,NW5 2TJ,https://ratings.food.gov.uk/business/1560490
info@govindas.london,GOVINDAS,Camden,Holborn,Restaurant,https://govindas.london/,holborn@govindas.london,venue website,food standards agency,2,,57 Theobald's Road,WC1X 8SP,https://ratings.food.gov.uk/business/1934377
info@grangerandco.com,Granger & Co.,Camden,King's Cross,Restaurant,https://grangerandco.com,press@grangerandco.com,openstreetmap,openstreetmap,6,+44 20 3058 2567,7 Pancras Square,N1C 4AG,https://www.openstreetmap.org/node/4270651266
reservations@greenberrycafe.co.uk,Greenberry,Camden,Primrose Hill,Cafe,https://www.greenberrycafe.co.uk/,info@greenberrycafe.co.uk,openstreetmap,openstreetmap,1,+44 20 7483 3765,101 Regent's Park Road,NW1 8UR,https://www.openstreetmap.org/way/1028386432
bookings@guanabanarestaurant.com,Guanabana,Camden,Camden Town,Restaurant,https://www.guanabanarestaurant.com/,info@guanabanarestaurant.com,venue website,openstreetmap,1,,85 Kentish Town Road,NW1 8NY,https://www.openstreetmap.org/way/85258716
contact@guptas.co.uk,Guptas,Camden,Somers Town,Takeaway,https://guptas.co.uk/,,venue website,food standards agency,1,,100 Drummond Street,NW1 2HN,https://ratings.food.gov.uk/business/426261
hello@halfcup.co.uk,Half Cup,Camden,King's Cross,Breakfast,https://halfcup.co.uk/,kingscross@halfcup.co.uk; bartssquare@halfcup.co.uk; businessbay@halfcup.co.uk,venue website,openstreetmap,2,+44 20 8617 7835,100-102 Judd Street,WC1H 9NT,https://www.openstreetmap.org/node/3080553851
info@hansandgretel.co.uk,Hans and Gretel,Camden,Chalk Farm,Takeaway,https://hansandgretel.co.uk/,cv@hansandgretel.co.uk; franchise@hansandgretel.co.uk,venue website,food standards agency,1,,"91 The Stables Market, Chalk Farm Road",NW1 8AH,https://ratings.food.gov.uk/business/1214134
bayswaterhotpot@gmail.com,Happy Lamb Hot Pot,Camden,Bloomsbury,Restaurant,https://happylambuk.com/restaurants/holborn/,edinburgh.happylamb@gmail.com,venue website,openstreetmap,1,,2 New Oxford Street,WC1A 1AD,https://www.openstreetmap.org/node/6652243316
info@castlehaven.org.uk,Haven Youth Cafe,Camden,Camden Town,Cafe,https://www.castlehaven.org.uk/,selina@castlehaven.org.uk; healthhaven@castlehaven.org.uk; beatrix@castlehaven.org.uk; environmentalteam@castlehaven.org.uk,venue website,openstreetmap,1,+44 20 7681 8643,23 Castlehaven Road,,https://www.openstreetmap.org/node/931637161
stpancras@thehawksmoor.com,Hawksmoor,Camden,King's Cross,Steak,https://thehawksmoor.com/locations/st-pancras,,venue website,openstreetmap,1,,Euston Road,NW1 2AR,https://www.openstreetmap.org/node/4173541030
hibaexpress@gmail.com,Hiba Express,Camden,Holborn,Halal,https://www.hiba-express.co.uk/hiba-express/,,openstreetmap,openstreetmap,1,+44 20 7831 5171,113 High Holborn,WC1V 6JQ,https://www.openstreetmap.org/node/10804707265
info@hidencurry.com,Hiden,Camden,King's Cross,Indian,https://hidencurry.com/,,venue website,openstreetmap,2,,Coal Drops Yard,N1C 4DR,https://www.openstreetmap.org/node/8749776418
info@hokolondon.co,HOKO Wonton Noodles,Camden,St Giles,Asian; Chinese,https://www.hokolondon.co/hoko-wonton-noodles-seven-dials-market,hello@hokolondon.co; bricklane@hokolondon.co; bethnalgreen@hokolondon.co,venue website,openstreetmap,3,,35 Earlham Street,WC2H 9LX,https://www.openstreetmap.org/node/13917542391
london@rosewoodhotels.com,Holborn Dining Room,Camden,Holborn,Restaurant,https://www.rosewoodhotels.com/en/london/dining/holborn-dining-room,london.restaurants@rosewoodhotels.com,venue website,openstreetmap,3,+44 20 3747 8633,252 High Holborn,WC1V 7EN,https://www.openstreetmap.org/node/703362628
nealsyard@homeslicepizza.co.uk,Homeslice,Camden,St Giles,Pizza,https://www.homeslicepizza.co.uk/,info@homeslicepizza.co.uk,openstreetmap,openstreetmap,1,+44 20 3151 7488,13 Neal's Yard,WC2H 9DP,https://www.openstreetmap.org/way/175155039
contact@honestburgers.co.uk,Honest Burger,Camden,Covent Garden,Burger,https://www.honestburgers.co.uk/locations/holborn/,shop@honestburgers.co.uk; bakerstreet@honestburgers.co.uk; bank@honestburgers.co.uk; borough@honestburgers.co.uk; brewerst@honestburgers.co.uk; brighton@honestburgers.co.uk; bristol@honestburgers.co.uk; bristol-cabot-circus@honestburgers.co.uk; bristol-cribbs-causeway@honestburgers.co.uk; brixton@honestburgers.co.uk; cambridge@honestburgers.co.uk; camden@honestburgers.co.uk; cardiff@honestburgers.co.uk; chiswick@honestburgers.co.uk; clapham@honestburgers.co.uk; coventgarden@honestburgers.co.uk; dalston@honestburgers.co.uk; ealing@honestburgers.co.uk; dulwich@honestburgers.co.uk; finsburypark@honestburgers.co.uk; greenwich@honestburgers.co.uk; hammersmith@honestburgers.co.uk; holborn@honestburgers.co.uk; kingscross@honestburgers.co.uk; kingston-upon-thames@honestburgers.co.uk; garrickst@honestburgers.co.uk; liverpool@honestburgers.co.uk; tooleyst@honestburgers.co.uk; manchester@honestburgers.co.uk; soho@honestburgers.co.uk; old-brompton-road@honestburgers.co.uk; oldstreet@honestburgers.co.uk; oxfordcircus@honestburgers.co.uk; peckham@honestburgers.co.uk; portobello@honestburgers.co.uk; reading@honestburgers.co.uk; southbank@honestburgers.co.uk; southkensington@honestburgers.co.uk; spitalfields@honestburgers.co.uk; stkatharinedocks@honestburgers.co.uk; tooting@honestburgers.co.uk; warrenst@honestburgers.co.uk; waterloo@honestburgers.co.uk; westfield-shepherds-bush@honestburgers.co.uk; wimbledon@honestburgers.co.uk; windsor@honestburgers.co.uk,venue website,openstreetmap,38,+44 20 3893 5085,6 Great Queen Street,WC2B 5DG,https://www.openstreetmap.org/way/277929213
bookings@honeyandco.co.uk,Honey & Co.,Camden,Holborn,Restaurant,https://honeyandco.co.uk/places/honey-co/,,venue website,openstreetmap,2,,54 Lamb's Conduit Street,,https://www.openstreetmap.org/node/7549942988
horseandwig@gmail.com,Horse and Wig,Camden,Holborn,Pub,https://www.horseandwig.com/,,venue website,openstreetmap,1,,14 Fulwood Place,WC1V 6HZ,https://www.openstreetmap.org/node/338504993
hello@hudsons-house.co.uk,HUDSON'S HOUSE,Camden,Bloomsbury,Restaurant,https://www.hudsons-house.co.uk/,,venue website,food standards agency,1,,"St Giles Hotel, 12 Bedford Avenue",WC1B 3GH,https://ratings.food.gov.uk/business/1918520
loteezofoodltd@gmail.com,HUS London,Camden,Holborn,Asian; Chinese,https://huslondon.co.uk,,venue website,openstreetmap,1,+44 20 3093 4160,10 Gate Street,WC2A 3HP,https://www.openstreetmap.org/way/153485392
info@icco.co.uk,Icco,Camden,Fitzrovia,Italian; Pizza,https://icco.co.uk/,,venue website,openstreetmap,3,+44 20 7580 9688,46 Goodge Street,W1T 4LU,https://www.openstreetmap.org/node/553311934
info@ilsugo.co.uk,Il Sugo,Camden,Camden Town,Italian,https://ilsugo.co.uk/,,venue website,openstreetmap,1,,1-3 Pratt Street,NW1 0AE,https://www.openstreetmap.org/way/281133709
info@imagination.com,IMAGINATION,Camden,Bloomsbury,Restaurant,https://imagination.com/,,venue website,food standards agency,1,,25-27 Store Street,WC1E 7BL,https://ratings.food.gov.uk/business/1734693
info@indianloungelondon.co.uk,Indian Lounge,Camden,King's Cross,Halal; Indian,https://www.indianloungelondon.co.uk/,,venue website,openstreetmap,1,,343 Gray's Inn Road,WC1X 8PX,https://www.openstreetmap.org/node/12944833568
reservations@inebytaku.com,INE BY TAKU,Camden,Hampstead,Restaurant,https://inebytaku.com/,,venue website,food standards agency,2,,16 Hampstead High Street,NW3 1PX,https://ratings.food.gov.uk/business/1722407
info@intermission.coffee,Intermission,Camden,West Hampstead,Bakery; Breakfast; Deli,https://www.intermission.coffee/,hello@intermission.coffee,openstreetmap,openstreetmap,1,,Unit 2 West Hampstead Square,NW6 2BR,https://www.openstreetmap.org/node/9043777883
nw5@intrepidbakers.uk,Intrepid Bakers,Camden,Kentish Town,Bakery; Breakfast,https://www.intrepidbakers.uk/,,venue website,openstreetmap,1,,163 Fortess Road,NW5 2HR,https://www.openstreetmap.org/way/1372794545
hello@irisavenue.com,Iris Avenue,Camden,Bloomsbury,Restaurant,https://www.irisavenue.com/,,venue website,food standards agency,1,,32 Store Street,WC1E 7BS,https://ratings.food.gov.uk/business/1267266
primrose@itsbagels.com,It's Bagels,Camden,Primrose Hill,Bagels,https://www.itsbagels.com/location/primrose-hill/,,venue website,openstreetmap,3,,65 Regent's Park Road,NW1 8XD,https://www.openstreetmap.org/node/931673383
hello@jacobtheangel.co.uk,Jacob the Angel,Camden,St Giles,Cafe,https://jacobtheangel.co.uk,,venue website,openstreetmap,1,,16A Neal's Yard,WC2H 9DP,https://www.openstreetmap.org/node/5522707324
soho@jamonjamonrestaurants.com,Jamon Jamon,Camden,Camden Town,Spanish,https://jamonjamon.uk.com/,belsizepark@jamonjamonrestaurants.com,venue website,openstreetmap,1,,38 Parkway,NW1 7AH,https://www.openstreetmap.org/way/451762732
camden@japes.uk,Japes,Camden,Camden Town,Pizza,https://japes.uk/,cheltenham@japes.uk; greenwich@japes.uk; soho@japes.uk; stalbans@japes.uk,venue website,openstreetmap,1,+447510162612,25 Parkway,NW1 7PG,https://www.openstreetmap.org/node/14206898660
jibrighton001@gmail.com,Ji Chickens,Camden,St Giles,Asian; Chinese,https://jichickens.com/,jibristol5@gmail.com; jichickens@gmail.com,venue website,openstreetmap,2,,232 Shaftesbury Avenue,WC2H 8EG,https://www.openstreetmap.org/way/157757477
hello@joliecorner.co.uk,JOLIE CORNER,Camden,Chalk Farm,Restaurant,https://joliecorner.co.uk/,,venue website,food standards agency,1,,67 Gloucester Avenue,NW1 8LD,https://ratings.food.gov.uk/business/1798558
membership@kairos.london,KAIROS,Camden,Fitzrovia,Restaurant,https://www.kairos.london/,,venue website,food standards agency,1,,84 Tottenham Court Road,W1T 4TG,https://ratings.food.gov.uk/business/1708611
info@kakkikatsu.com,Kakki Katsu,Camden,Chalk Farm,Takeaway,https://kakkikatsu.com/,,venue website,food standards agency,1,,123 Castlehaven Road,NW1 8SJ,https://ratings.food.gov.uk/business/1097404
info@kamilondon.com,Kami,Camden,Kentish Town,Asian; Japanese; Sushi,https://www.kamilondon.com/,,venue website,openstreetmap,2,+44 20 7485 7078,8 Fortess Road,NW5 2ES,https://www.openstreetmap.org/node/931661451
info@kikuchisushi.com,Kikuchi,Camden,Fitzrovia,Asian; Japanese,https://www.kikuchisushi.com/,,venue website,openstreetmap,1,+44 20 7637 7720,14 Hanway Street,W1T 1UD,https://www.openstreetmap.org/node/388116720
yanyixu@killbean.co.uk,KILL BEAN,Camden,Kilburn,Restaurant,https://killbean.co.uk/,,venue website,food standards agency,1,,207 Belsize Road,NW6 4AA,https://ratings.food.gov.uk/business/1904988
kimchee_pancras@kimchee.uk.com,Kimchee,Camden,King's Cross,Asian; Korean,https://kimchee.uk.com/,,venue website,openstreetmap,1,,2 Pancras square,N1C 4AG,https://www.openstreetmap.org/node/4751839926
hello@kinstreetfood.com,KIN,Camden,Holborn,Asian,https://www.kinstreetfood.com/,,venue website,openstreetmap,1,,88 Leather Lane,,https://www.openstreetmap.org/node/5312134122
info@kingscrosstandoori.co.uk,Kings Cross Tandoori,Camden,King's Cross,Indian,https://www.kingscrosstandoori.co.uk/,,venue website,openstreetmap,1,,341 Gray’s Inn Road,WC1X 8PX,https://www.openstreetmap.org/node/12944833574
twist@kinkally.co.uk,KINKALLY,Camden,Fitzrovia,Restaurant,https://www.kinkally.co.uk/,,venue website,food standards agency,1,,"Ground & Basement, 43-45 Charlotte Street",W1T 1RS,https://ratings.food.gov.uk/business/1608853
info@kitchentablelondon.co.uk,Kitchen Table,Camden,Fitzrovia,Restaurant,https://kitchentablelondon.co.uk/,,openstreetmap,openstreetmap,1,,70 Charlotte Street,W1T 4QG,https://www.openstreetmap.org/node/11708224569
info@kiyotosushi.co.uk,KIYOTO SUSHI,Camden,West Hampstead,Sushi,https://www.kiyotosushi.co.uk/,,venue website,food standards agency,2,,335 West End Lane,NW6 1RS,https://ratings.food.gov.uk/business/1251736
hello@konceptcoffee.com,Koncept Coffee,Camden,Kentish Town,Restaurant,https://konceptcoffee.com/,,venue website,food standards agency,1,,31 Highgate Road,NW5 1EB,https://ratings.food.gov.uk/business/1924313
contact@kossoffs.com,Kosoffs Bakery,Camden,Kentish Town,Bakery,https://www.kossoffs.com,,venue website,openstreetmap,1,+44 20 7424 9799,259 Kentish Town Road,NW5 2JT,https://www.openstreetmap.org/way/291687173
info@lacasettacafe.com,La Casetta Cafe,Camden,Clerkenwell,Italian; Pizza,https://lacasettacafe.com/,,venue website,openstreetmap,1,,160 Clerkenwell Road,EC1R 5DU,https://www.openstreetmap.org/node/4986947821
info@lagaffe.co.uk,La Gaffe,Camden,Hampstead,Italian,https://www.lagaffe.co.uk/,,venue website,openstreetmap,1,,107-111 Heath Street,NW3 6SS,https://www.openstreetmap.org/node/4686588217
mail@lapatagonia.co.uk,La Patagonia,Camden,Camden Town,Restaurant,https://lapatagonia.co.uk,marketing.lapatagonia@gmail.com,openstreetmap,openstreetmap,1,+44 20 7388 9861,31 Camden High Street,NW1 7JE,https://www.openstreetmap.org/way/225442608
ladureestpancras@laduree.com,Ladurée,Camden,King's Cross,Bakery,https://www.laduree.co.uk/laduree-st-pancras.html,,openstreetmap,openstreetmap,1,+44 7747 465965,,N1C 4QP,https://www.openstreetmap.org/node/5711218574
ukcatering@lepainquotidien.com,Le Pain Quotidien,Camden,King's Cross,Breakfast,https://www.lepainquotidien.com/us/en,france@lepainquotidien.com,venue website,openstreetmap,1,,Euston Road,N1C 4QL,https://www.openstreetmap.org/node/2458237027
strand@leon.co,LEON,Camden,King's Cross,Burger; Deli,https://leon.co/,,venue website,openstreetmap,31,,6 Pancras Square,N1C 4AG,https://www.openstreetmap.org/node/4620415278
hello@levant-kitchen.co.uk,Levant Kitchen,Camden,Holborn,Restaurant,https://levant-kitchen.co.uk/,,venue website,food standards agency,1,,90-92 Gray's Inn Road,WC1X 8AA,https://ratings.food.gov.uk/business/1047559
john.doe@gmail.com,LEVENT BOREK,Camden,Fitzrovia,Restaurant,https://leventborek.co.uk/,,venue website,food standards agency,5,,56 Goodge Street,W1T 4NB,https://ratings.food.gov.uk/business/1844546
hello@leverandbloomcoffee.co.uk,Lever & Bloom Coffee,Camden,St Giles,Cafe,https://www.leverandbloomcoffee.co.uk/,,openstreetmap,openstreetmap,2,,222 Shaftesbury Avenue,,https://www.openstreetmap.org/way/157759515
cateringeuston@hotmail.co.uk,LEXPRESS COFFEE,Camden,Somers Town,Restaurant,https://lexpresscoffee.com/,,venue website,food standards agency,1,,154 Drummond Street,NW1 3HP,https://ratings.food.gov.uk/business/1803432
events@linastores.co.uk,Lina Stores,Camden,King's Cross,Italian,https://www.linastores.co.uk/,,venue website,openstreetmap,10,,20 Stable Street,N1C 4DR,https://www.openstreetmap.org/node/7006445047
lionandunicorn@youngs.co.uk,Lion and Unicorn,Camden,Kentish Town,Pub,https://www.thelionandunicornnw5.co.uk/,,openstreetmap,openstreetmap,1,+44 20 7267 2304,42-44 Gaisford Street,NW5 2ED,https://www.openstreetmap.org/way/1238736065
info@loafff.com,Loaf,Camden,Clerkenwell,Cafe,https://www.instagram.com/loaf.uk,,openstreetmap,openstreetmap,1,+44 7860 934760,166-168 Clerkenwell Road,EC1R 5DE,https://www.openstreetmap.org/way/469420975
bookings@londonshellco.com,London Shell Co,Camden,Gospel Oak,Seafood,https://swainslane.londonshellco.com/,swains@londonshellco.com,venue website,openstreetmap,1,+44 20 45688586,Unit 4 Swain's Lane,,https://www.openstreetmap.org/node/9986053363
administrator@londonwelsh.org,London Welsh Bar,Camden,King's Cross,Pub,,,openstreetmap,openstreetmap,1,+44 20 7837 3722,157-163 Gray's Inn Road,WC1X 8UE,https://www.openstreetmap.org/node/7929807779
info@thelordstanley.com,Lord Stanley,Camden,Camden Town,Pub,https://www.thelordstanley.com,,openstreetmap,openstreetmap,1,+44 20 7284 3266,51 Camden Park Road,NW1 9BH,https://www.openstreetmap.org/way/1240322213
hello@loreoftheland.com,Lore of the Land,Camden,Fitzrovia,Pub,https://gritchiepubs.com/contact/,,venue website,openstreetmap,1,,4 Conway Street,W1T 6BB,https://www.openstreetmap.org/way/745483505
bakery@louis-patisserie.com,Louis Patisserie,Camden,Hampstead,Bakery,http://louis-patisserie.com/,,venue website,food standards agency,1,,32 Heath Street,NW3 6TE,https://ratings.food.gov.uk/business/960480
flavours@luceelimoni.com,Luce E Limoni,Camden,Holborn,Restaurant,https://www.luceelimoni.com/,,venue website,food standards agency,1,,91-93 Gray's Inn Road,WC1X 8TX,https://ratings.food.gov.uk/business/688203
ciao@lume.london,Lume London,Camden,Primrose Hill,Italian,https://lume.london/,,openstreetmap,openstreetmap,1,+44 20 7449 9556,38 Primrose Hill Road,NW3 3AD,https://www.openstreetmap.org/way/110608819
lumicamden@gmail.com,Lumi,Camden,Camden Town,Breakfast,https://www.lumilondon.co.uk/,,openstreetmap,openstreetmap,1,+44 20 7693 5493,82 Camden High Street,NW1 0LT,https://www.openstreetmap.org/way/452856400
contact@luso.restaurant,Luso,Camden,Bloomsbury,Restaurant,https://luso.restaurant/,press@luso.restaurant,venue website,openstreetmap,1,+442038309888,30 Charlotte Street,,https://www.openstreetmap.org/way/138339531
bookings@madeinbrasil.co.uk,Made in Brasil,Camden,Camden Town,Restaurant,https://madeinbrasil.co.uk/,,venue website,openstreetmap,1,+44 20 7482 0777,12 Inverness Street,NW1 7HJ,https://www.openstreetmap.org/node/931633668
info@maisushi.co.uk,Mai Sushi,Camden,Somers Town,Asian; Japanese; Sushi,https://www.maisushi.co.uk/,,venue website,openstreetmap,1,+44 20 7838 7444,36-38 Chalton Street,NW1 1JB,https://www.openstreetmap.org/node/3625870092
disability@bbk.ac.uk,Malet Street Coffee Company,Camden,Bloomsbury,Breakfast,https://www.bbk.ac.uk/about-us/sustainability-at-birkbeck/sustainable-catering,,venue website,openstreetmap,1,,,,https://www.openstreetmap.org/node/5415089300
mamaskubo@gmail.com,Mama's Kubo,Camden,Hampstead,Asian,https://www.mamaskubo.com/,,openstreetmap,openstreetmap,1,+44 20 8062 6941,250 Finchley Road,NW3 6DN,https://www.openstreetmap.org/node/12598255301
fra.cavaliere@hotmail.com,Mamma Santissima,Camden,Primrose Hill,Pizza,https://mammasantissimauk.com/en,,venue website,openstreetmap,1,+442079168716;+447450407561,98 Boundary Road,NW8 0RH,https://www.openstreetmap.org/way/283219955
info@mangio.co.uk,MANGIO,Camden,Bloomsbury,Restaurant,https://mangio.co.uk/,,venue website,food standards agency,1,,69 Russell Square,WC1B 5BA,https://ratings.food.gov.uk/business/1427541
hello@manitobatigella.com,Manitoba Tigella,Camden,Bloomsbury,Italian,http://www.manitobatigella.com,kamla.utz@jakestyler.com,openstreetmap,openstreetmap,1,+44 20 7436 8231,82 New Oxford Street,WC1A 1HB,https://www.openstreetmap.org/node/6224687785
cooking@mannav.com,manna,Camden,Primrose Hill,Restaurant,https://mannav.com/,,venue website,openstreetmap,1,,4 Erskine Road,,https://www.openstreetmap.org/node/4482497191
info@mapmusic.net,Map Studio Café,Camden,Kentish Town,Breakfast,https://www.mapstudiocafe.com,maprecordingstudio@gmail.com; mapstudioevents@gmail.com; thearterymusic@gmail.com,openstreetmap,openstreetmap,1,+44 20 7916 0544,46 Grafton Road,NW5 3DU,https://www.openstreetmap.org/way/38503325
hackney@marestreetmarket.com,Mare Street Market Kings Cross,Camden,King's Cross,Restaurant,https://marestreetmarket.com/kings-cross-home/,hackneyevents@marestreetmarket.com; kingscross@marestreetmarket.com; kxevents@marestreetmarket.com,venue website,food standards agency,2,,"Unit 1 P2, 2-8 Lewis Cubitt Square",N1C 4DY,https://ratings.food.gov.uk/business/1705852
info@marywardhouse.com,Mary Ward House,Camden,St Pancras,Restaurant,https://www.marywardhouse.com/,,venue website,food standards agency,1,,"Mary Ward House, 5-7 Tavistock Place",WC1H 9SN,https://ratings.food.gov.uk/business/807691
masakalirestaurants@gmail.com,MASAKALI,Camden,Somers Town,Restaurant,https://www.masakali.co.uk/,,venue website,food standards agency,1,,48 Stanhope Street,NW1 3EX,https://ratings.food.gov.uk/business/1884374
info@masalaessence.co.uk,Masala Essence (Previously known as Depa Tandoori),Camden,St Pancras,Indian,https://masalaessence.co.uk/,,venue website,food standards agency,1,,4 Leigh Street,WC1H 9EW,https://ratings.food.gov.uk/business/1813666
contact@matchado.co.uk,Matchado,Camden,King's Cross,Takeaway,https://matchado.co.uk/,wholesale@matchado.co.uk,venue website,food standards agency,2,,119 Lower Stable Street,N1C 4DR,https://ratings.food.gov.uk/business/1784221
aloha@mauipoke.co.uk,Maui Poke,Camden,Holborn,Restaurant,https://www.mauipoke.co.uk/,,venue website,openstreetmap,3,,61 Red Lion Street,WC1R 4PD,https://www.openstreetmap.org/node/893489172
eat@mestizomx.com,Mestizo,Camden,Somers Town,Mexican,https://london.mestizomx.com/,,openstreetmap,openstreetmap,1,+442073874064,103 Hampstead Road,NW1 3EL,https://www.openstreetmap.org/node/2905544437
primrose@restaurant-michaelnadra.co.uk,Michael Nadra,Camden,Chalk Farm,Restaurant,http://www.restaurant-michaelnadra.co.uk/primrose/,,venue website,openstreetmap,1,,42 Gloucester Avenue,NW1 8JD,https://www.openstreetmap.org/node/434557518
hello@mielbakery.co.uk,Miel,Camden,Fitzrovia,Bakery,https://mielbakery.co.uk,,openstreetmap,openstreetmap,2,,60 Warren Street,W1T 5NU,https://www.openstreetmap.org/way/426232597
enquiries@atariya.co.uk,Mikuniya,Camden,Swiss Cottage,Asian; Sushi,https://www.atariya.co.uk,,venue website,openstreetmap,1,+44 20 7328 5338,75 Fairfax Road,,https://www.openstreetmap.org/node/4677251801
hello@mildreds.com,Mildreds,Camden,Camden Town,Restaurant,https://www.mildreds.com/camden/,,venue website,openstreetmap,6,,9-11 Jamestown Road,NW1 7BW,https://www.openstreetmap.org/node/4609542608
info@minemane.co.uk,MINE MANE,Camden,St Pancras,Restaurant,https://minemane.co.uk/,,venue website,food standards agency,2,,59 Marchmont Street,WC1N 1AP,https://ratings.food.gov.uk/business/1597365
info@monplaisir.co.uk,Mon Plaisir,Camden,St Giles,French,https://www.monplaisir.co.uk/,,venue website,openstreetmap,1,+44 20 7836 7243,21 Monmouth Street,WC2H 9DD,https://www.openstreetmap.org/node/13809152817
beans@monmouthcoffee.co.uk,Monmouth Coffee Company,Camden,St Giles,Breakfast; Deli,https://www.monmouthcoffee.co.uk/,,venue website,openstreetmap,4,+44 20 7232 3010,27 Monmouth Street,WC2H 9EU,https://www.openstreetmap.org/node/12920922057
abbeyroad@morsolondon.co.uk,Morso,Camden,Primrose Hill,Italian,https://www.morsolondon.co.uk/,,venue website,openstreetmap,1,+44 20 7624 7412,130 Boundary Road,NW8 0RH,https://www.openstreetmap.org/way/792327522
coaldropsyard@mortyandbobs.com,Morty & Bob's,Camden,King's Cross,Deli,https://www.mortyandbobs.com/,westfield@mortyandbobs.com; salva@mortyandbobs.com,venue website,openstreetmap,1,,Coal Drops Yard,N1C 4DQ,https://www.openstreetmap.org/node/6082053676
mrpiadinauk@gmail.com,Mr Piadina,Camden,Camden Town,Restaurant,https://www.facebook.com/MrPiadina/,,openstreetmap,openstreetmap,1,,Camden Lock Place,,https://www.openstreetmap.org/node/4540018490
sales@muang-thai.co.uk,Muang Thai,Camden,Chalk Farm,Asian,https://muang-thai.co.uk/,,venue website,openstreetmap,1,+44 20 7916 0653,71 Chalk Farm Road,NW1 8AN,https://www.openstreetmap.org/way/373710195
info@murgerhan.com,Murger Han,Camden,Somers Town,Restaurant,https://www.murgerhan.com/,,venue website,openstreetmap,2,,62 Eversholt Street,,https://www.openstreetmap.org/node/3357569142
bookings@mustandlees.co.uk,MUST AND LEES LTD,Camden,Fitzrovia,Restaurant,https://www.mustandlees.co.uk/,charlie@mustandlees.co.uk,venue website,food standards agency,2,,57 Warren Street,W1T 5NR,https://ratings.food.gov.uk/business/1660845
info@walkersquay.com,My Fair Lady floating restaurant,Camden,Camden Town,Restaurant,https://www.walkersquay.com/,,venue website,openstreetmap,1,,250 Camden High Street,NW1 8QS,https://www.openstreetmap.org/node/8062108410
info@myolddutch.com,My Old Dutch,Camden,Holborn,Restaurant,https://myolddutch.com/,,venue website,openstreetmap,3,+44 20 7242 5200,131-132 High Holborn,WC1V 6PS,https://www.openstreetmap.org/way/157748200
manager.bradleyclose@nfamilyclub.com,N FAMILY CLUB,Camden,Kentish Town,Restaurant,https://nfamilyclub.com/,manager.balham@nfamilyclub.com; manager.barnet@nfamilyclub.com; manager.battersea@nfamilyclub.com; manager.beckenham@nfamilyclub.com; manager.bishopsstortford@nfamilyclub.com; manager.blackheath@nfamilyclub.com; manager.tulsehill@nfamilyclub.com; manager.buckhursthill@nfamilyclub.com; manager.bushey@nfamilyclub.com; manager.camberwell@nfamilyclub.com; manager.cambridge@nfamilyclub.com; manager.chertsey@nfamilyclub.com; manager.cobham@nfamilyclub.com; manager.codsall@nfamilyclub.com; manager.dollishill@nfamilyclub.com; manager.eastdulwich@nfamilyclub.com; manager.foresthill@nfamilyclub.com; manager.godalming@nfamilyclub.com; manager.greenwich@nfamilyclub.com; manager.guildford@nfamilyclub.com; manager.hackneydowns@nfamilyclub.com; manager.harborne@nfamilyclub.com; manager.highgate@nfamilyclub.com; manager.hove@nfamilyclub.com; manager.jewelleryquarter@nfamilyclub.com; manager.kentishtown@nfamilyclub.com; manager.kingston@nfamilyclub.com; manager.leatherhead@nfamilyclub.com; manager.leytonstone@nfamilyclub.com; manager.marestreet@nfamilyclub.com; manager.maidavale@nfamilyclub.com; manager.maidenhead@nfamilyclub.com; manager.moseley@nfamilyclub.com; manager.ockham@nfamilyclub.com; manager.olympicpark@nfamilyclub.com; manager.reading@nfamilyclub.com; manager.redhill@nfamilyclub.com; manager.churchstreet@nfamilyclub.com; manager.defoeroad@nfamilyclub.com; manager.streatham@nfamilyclub.com; manager.tunbridgewells@nfamilyclub.com; manager.tunbridgewellsstjohns@nfamilyclub.com; manager.queensroad@nfamilyclub.com; manager.twickenhamwest@nfamilyclub.com; manager.upminster@nfamilyclub.com; manager.walthamstow@nfamilyclub.com; manager.wandsworth@nfamilyclub.com; manager.woodchurchroad@nfamilyclub.com; manager.weybridge@nfamilyclub.com; manager.whetstone@nfamilyclub.com; manager.wimbledon@nfamilyclub.com,venue website,food standards agency,3,,30 Leighton Road,NW5 2QE,https://ratings.food.gov.uk/business/1612236
info@namaastekitchen.co.uk,Namaaste Kitchen,Camden,Camden Town,Indian,http://www.namaastekitchen.co.uk,,venue website,openstreetmap,1,+44 20 7485 5977,64 Parkway,NW1 7AH,https://www.openstreetmap.org/way/451762737
sales@namasteholborn.com,Namaste Holborn,Camden,Holborn,Indian,https://namasteholborn.com,,openstreetmap,openstreetmap,1,+44 20 7242 2434,33 Boswell Street,WC1N 3BP,https://www.openstreetmap.org/node/309114626
ula@gmail.com,NAPPA DORI,Camden,St Giles,Restaurant,https://www.nappadori.co.uk/,,venue website,food standards agency,1,,15 Monmouth Street,WC2H 9DA,https://ratings.food.gov.uk/business/1411783
finchleyroad@natural-natural.co.uk,Natural Natural,Camden,West Hampstead,Asian; Deli; Japanese,https://natural-natural.shop/pages/ourshops,,openstreetmap,openstreetmap,1,+44 20 7624 5734,1 Goldhurst Terrace,NW6 3HX,https://www.openstreetmap.org/node/1171822018
info@nealstreetespresso.com,Neal Street Espresso,Camden,St Giles,Restaurant,https://nealstreetespresso.com/,,venue website,food standards agency,1,,34 Neal Street,WC2H 9PS,https://ratings.food.gov.uk/business/1853785
hello@neverforeverkt.com,Never For Ever,Camden,Gospel Oak,Pub,https://neverforeverkt.com,events@neverforeverkt.com,openstreetmap,openstreetmap,1,+44 20 7267 7007,79 Highgate Road,NW5 1TL,https://www.openstreetmap.org/node/2561724243
info@nextgenboba.com,NEXT GEN BOBA,Camden,Kentish Town,Restaurant,https://nextgenboba.com/,,venue website,food standards agency,1,,"Unit 4 Kentish Town Industrial Estate, Regis Road",NW5 3EW,https://ratings.food.gov.uk/business/1595693
info@ngonngon.co.uk,Ngon Ngon,Camden,Clerkenwell,Asian,https://www.ngonngon.co.uk/,,venue website,openstreetmap,1,,144 Clerkenwell Road,EC1R 5DP,https://www.openstreetmap.org/way/571479656
reservations@noblerot.co.uk,Noble Rot,Camden,Holborn,Restaurant,https://noblerot.co.uk/,hello@noblerot.co.uk; lambsconduit@noblerot.co.uk; soho@noblerot.co.uk; mayfair@noblerot.co.uk; martha@noblerot.co.uk; ollie@noblerot.co.uk; terri@noblerot.co.uk; emma@noblerot.co.uk; adampfk@outlook.com; marbelbe@yahoo.com; smpbreen@gmail.com; rafaelarus60@gmail.com; kabirujethro@gmail.com; harshilborad7751@gmail.com; kate@noblerot.co.uk; benjamingrthomas@gmail.com; megan@noblerot.co.uk; kelly@noblerot.co.uk; ana@noblerot.co.uk; jacobdp@hotmail.co.uk; marleywise13@gmail.com; mattjharris1@gmail.com; howardhannahmae@gmail.com; grace_laughlin@yahoo.com; terrykandylis@gmail.com; adamtorok096@gmail.com; declan@noblerot.co.uk; jonahcalkin@gmail.com; scdfleet@gmail.com; ydiggswilliams@gmail.com; adam@noblerot.co.uk; robertmccreery1@hotmail.com; asya0007@gmail.com; guywhitelam@gmail.com; tomgreenhalgh@outlook.com; georgescball@gmail.com; kittyfecotton8@gmail.com; gracebailey3015@gmail.com; darcyce1996@gmail.com; kwame161994@gmail.com; jackscpepper@gmail.com; awireebenezer@gmail.com; benjidavis01@gmail.com; wcra80958@gmail.com; chloejanewatt@gmail.com; naomi@noblerot.co.uk; thomas.upex@gmail.com; bronte.agostino@gmail.com; ryan.mozzie@gmail.com; s.aron96@icloud.com; finnegan.baldwin@gmail.com; williamhr.edwards@gmail.com; el.j.burt@btinternet.com; maya.ager@icloud.com; theo.millar123@gmail.com; erika.cos97@gmail.com; maximilian.jgrilli@gmail.com; evan.d.solomon@gmail.com; madeleine.capstick@gmail.com; miss.rachel.able@gmail.com; as.burlats@gmail.com; ava.bradbury98@gmail.com; ryan.goodale01@gmail.com; carlo.lavarini@outlook.com; press@noblerot.co.uk,openstreetmap,openstreetmap,1,+44 20 7242 8963,51 Lamb's Conduit Street,WC1N 3NB,https://www.openstreetmap.org/node/7549940581
love@nojolondon.co.uk,Nojo,Camden,Chalk Farm,Bakery,https://nojolondon.co.uk/,,venue website,openstreetmap,1,,Unit 730 Chalk Farm Road,,https://www.openstreetmap.org/node/4699035791
contact@nonos.co.uk,NONOS,Camden,King's Cross,Takeaway,https://www.nonos.co.uk/,,venue website,food standards agency,2,,112 Judd Street,WC1H 9NT,https://ratings.food.gov.uk/business/1363437
info@norfolkarms.co.uk,Norfolk Arms,Camden,St Pancras,Pub,https://norfolkarms.co.uk/,,openstreetmap,openstreetmap,1,+44 20 7388 3937,28 Leigh Street,WC1H 9EP,https://www.openstreetmap.org/way/100267362
reservations@normalondon.com,Norma,Camden,Fitzrovia,Restaurant,https://normalondon.com/,,venue website,openstreetmap,1,,8 Charlotte Street,W1T 2LS,https://www.openstreetmap.org/way/122020337
info@northseafishrestaurant.co.uk,North Sea Fish,Camden,St Pancras,Seafood,https://www.northseafishrestaurant.co.uk/,,openstreetmap,openstreetmap,1,+44 20 7387 5892,7-8 Leigh Street,WC1H 9EW,https://www.openstreetmap.org/node/874743737
info@nostimo.london,Nostimo,Camden,St Pancras,Restaurant,https://nostimo.london/,,venue website,food standards agency,1,,9 Brunswick Centre,WC1N 1AF,https://ratings.food.gov.uk/business/1241734
bookings@notes-uk.co.uk,Notes,Camden,King's Cross,Breakfast,http://notes-uk.co.uk/,bookings@notescoffee.com,venue website,openstreetmap,2,+44 20 3479 1576,1 Pancras Square,N1C 4AG,https://www.openstreetmap.org/node/3811097649
jb007@gmail.com,O Furn Pizzeria,Camden,Camden Town,Pizza,https://ofurnpizzeria.com/,,venue website,food standards agency,1,,79 Camden High Street,NW1 7JL,https://ratings.food.gov.uk/business/576927
otinorestaurant@gmail.com,O Tino,Camden,Camden Town,Restaurant,https://www.otinorestaurant.co.uk/,reservation.otino@gmail.com,venue website,food standards agency,2,,1 Plender Street,NW1 0JS,https://ratings.food.gov.uk/business/425789
gallery@octobergallery.co.uk,October Gallery,Camden,Bloomsbury,Restaurant,https://www.octobergallery.co.uk/,,venue website,food standards agency,1,,24 Old Gloucester Street,WC1N 3AL,https://ratings.food.gov.uk/business/667790
info@oddonos.com,Oddono’s Gelati,Camden,Hampstead,Ice cream,https://oddonos.com/,,venue website,food standards agency,6,,8 Flask Walk,NW3 1HE,https://ratings.food.gov.uk/business/704066
bookings@ohlalamacarons.com,OH LA LA MACARONS,Camden,Clerkenwell,Takeaway,https://ohlalamacarons.com/,,venue website,food standards agency,1,,5 Kirby Street,EC1N 8TS,https://ratings.food.gov.uk/business/1608846
info@okanlondon.com,Okan,Camden,King's Cross,Restaurant,https://okanlondon.com/,,venue website,food standards agency,3,,"UNIT 111LOWER STABLE STREET, Coal Drops Yard KINGS CROSS",N1C 4DQ,https://ratings.food.gov.uk/business/1676092
enquiries@oldpostofficebakery.co.uk,Old Post Office Bakery,Camden,Camden Town,Bakery,http://www.oldpostofficebakery.co.uk/,,venue website,openstreetmap,1,,,,https://www.openstreetmap.org/node/6763901763
canarywharf@oleandsteen.co.uk,Ole & Steen,Camden,Hampstead,Bakery,https://oleandsteen.co.uk/stores,chiswick@oleandsteen.co.uk; ecclestonplace@oleandsteen.co.uk; greenwich@oleandsteen.co.uk; guildford@oleandsteen.co.uk; hampstead@oleandsteen.co.uk; jubileeplace@oleandsteen.co.uk; kensingtonhighstreet@oleandsteen.co.uk; kingston@oleandsteen.co.uk; leicestersquare@oleandsteen.co.uk; londonbridge@oleandsteen.co.uk; moorgate@oleandsteen.co.uk; northcoteroad@oleandsteen.co.uk; nottinghill@oleandsteen.co.uk; oxfordcircus@oleandsteen.co.uk; oxfordwestgate@oleandsteen.co.uk; richmond@oleandsteen.co.uk; sevendials@oleandsteen.co.uk; southkensington@oleandsteen.co.uk; stjames@oleandsteen.co.uk; strand@oleandsteen.co.uk; tottenhamcourtroad@oleandsteen.co.uk; victorianova@oleandsteen.co.uk; westfieldwhitecity@oleandsteen.co.uk; wigmore@oleandsteen.co.uk; windsor@oleandsteen.co.uk,venue website,openstreetmap,1,,38;40 Hampstead High Street,NW3 1QE,https://www.openstreetmap.org/way/199550680
tottenhamcourtroad@oleandsteen.co.uk,Ole & Steen,Camden,Bloomsbury,Bakery,https://oleandsteen.co.uk/store/44141-tottenham-court-road,,openstreetmap,openstreetmap,1,+44 20 3948 4888,1 Bedford Avenue,WC1B 3AU,https://www.openstreetmap.org/way/522063366
admin@oliversfishandchips.com,Oliver's Fish & Chips,Camden,Primrose Hill,Seafood,https://www.oliversfishandchips.com/,,venue website,openstreetmap,1,,95 Haverstock Hill,NW3 4RL,https://www.openstreetmap.org/way/1312813836
info@oodleswok.co.uk,OODLES CHINESE,Camden,Holborn,Chinese,https://oodleswok.co.uk/,,venue website,food standards agency,2,,"Ground Floor Unit 4, 16 Procter Street",WC1V 6NX,https://ratings.food.gov.uk/business/1390652
info@origincoffee.co.uk,Origin,Camden,King's Cross,Breakfast,https://www.origincoffee.co.uk,wholesale@origincoffee.co.uk,venue website,openstreetmap,2,+44 20 7387 8684,65 Euston Road,NW1 2DB,https://www.openstreetmap.org/node/4929337118
catering@ottolenghi.co.uk,Ottolenghi,Camden,Hampstead,Restaurant,https://ottolenghi.co.uk/,,venue website,openstreetmap,6,,34 Rosslyn Hill,,https://www.openstreetmap.org/way/126219062
info@oviscoffees.co.uk,OVIS COFFEES,Camden,St Giles,Restaurant,https://www.oviscoffees.co.uk/,,venue website,food standards agency,1,,"R09, 16 St Giles High Street",WC2H 8LQ,https://ratings.food.gov.uk/business/1763234
orders@paddycakes.uk,Paddy Cakes,Camden,Kentish Town,Bakery,https://www.paddycakes.uk/,,venue website,openstreetmap,1,,129 Fortess Road,NW5 2HR,https://www.openstreetmap.org/way/1372794531
info@palikitchen.co.uk,PALI  KITCHEN,Camden,Clerkenwell,Restaurant,https://palikitchen.co.uk/,,venue website,food standards agency,4,,10 Leather Lane,EC1N 7SS,https://ratings.food.gov.uk/business/1962524
info@panecunzato.com,Pane Cunzato,Camden,Bloomsbury,Restaurant,https://www.panecunzato.com/,,venue website,food standards agency,1,,49 Museum Street,WC1A 1LY,https://ratings.food.gov.uk/business/1063492
reservations@daisygreenfood.com,Parliament Hill Café,Camden,Gospel Oak,Cafe,https://www.daisygreenfood.com/location-parliament-hill,,venue website,openstreetmap,6,,,,https://www.openstreetmap.org/way/97209494
byreservations@parrillan.co.uk,Parrillan,Camden,Somers Town,Spanish,https://www.parrillan.co.uk/,cdyreservations@parrillan.co.uk,venue website,openstreetmap,2,,,,https://www.openstreetmap.org/way/834245600
reservations@parsonslondon.co.uk,Parsons,Camden,St Giles,Restaurant,https://www.parsonslondon.co.uk/,,venue website,food standards agency,1,,39 Endell Street,WC2H 9BA,https://ratings.food.gov.uk/business/1049953
info@pastino.co.uk,Pastino,Camden,Fitzrovia,Italian,https://pastino.co.uk/,,venue website,openstreetmap,1,,92 Tottenham Court Road,W1T 4TL,https://www.openstreetmap.org/way/294894094
delectables@patisseriedeuxamis.co.uk,Patisserie Deux Amis,Camden,King's Cross,Bakery,https://www.patisseriedeuxamis.co.uk/,,venue website,openstreetmap,1,,65 Judd Street,WC1H 9QT,https://www.openstreetmap.org/node/2624165040
info@patronlondon.com,Patron Cave à Manger,Camden,Kentish Town,French,https://www.patronlondon.com/,,venue website,openstreetmap,1,,26 Fortess Road,NW5 2HB,https://www.openstreetmap.org/node/931648860
info@pesantissimo.com,Pesantissimo,Camden,Primrose Hill,Pizza,https://www.pesantissimo.com/,,venue website,openstreetmap,1,+442075869100,148 Regent's Park Road,NW1 8XN,https://www.openstreetmap.org/way/1028386454
redfeathersolutionrfs@gmail.com,Pezzo Food Group,Camden,Camden Town / Chalk Farm / Euston / King's Cross / Primrose Hill / Somers Town,Restaurant,https://pezzofoodgroup.co.uk/,,venue website,food standards agency,1,,Unit D01 Camden Market,NW1 8AH,https://ratings.food.gov.uk/business/1798539
phohusons@gmail.com,Pho Husons,Camden,Bloomsbury,Asian,https://www.phohusons.co.uk/,,venue website,openstreetmap,1,,11 Great Russell Street,WC1B 3NH,https://www.openstreetmap.org/way/424839912
hello@piccolahampstead.com,Piccola,Camden,Hampstead,Italian,https://www.piccolahampstead.com/,,venue website,openstreetmap,1,+44 20 7431 3274,,,https://www.openstreetmap.org/way/199398436
888bme@gmail.com,Pizza Direct,Camden,Kentish Town,Pizza,https://pizzadirect.co/,,venue website,openstreetmap,1,,179 York Way,N7 9LN,https://www.openstreetmap.org/node/9410502461
rashidrasul77@hotmail.com,PIZZA INN,Camden,Kilburn,Pizza,https://pizzainnkilburn.co.uk/,,venue website,food standards agency,1,,278 Kilburn High Road,NW6 2BY,https://ratings.food.gov.uk/business/1759045
info@pizzasophia.com,Pizza Sophia,Camden,St Pancras,Pizza,https://pizzasophia.com/,,openstreetmap,openstreetmap,1,+44 20 7833 8556,50 Tavistock Place,WC1H 9RG,https://www.openstreetmap.org/way/444832143
hello@plazakhaogaeng.com,Plaza Kgao Gaeng,Camden,Bloomsbury,Asian,https://plazakhaogaeng.com/,by@plazakhaogaeng.com; cg@plazakhaogaeng.com; tcr@plazakhaogaeng.com,openstreetmap,openstreetmap,1,,103-105 New Oxford Street,WC1A 1DB,https://www.openstreetmap.org/node/11249216838
by@plazakhaogaeng.com,Plaza Khao Gaeng,Camden,Bloomsbury,Restaurant,https://plazakhaogaeng.com/,cg@plazakhaogaeng.com; tcr@plazakhaogaeng.com,venue website,food standards agency,2,,Arcade Food Hall 103-105 New Oxford Street,WC1A 1DB,https://ratings.food.gov.uk/business/1850313
info@poppiesfishandchips.co.uk,Poppies Fish and Chips,Camden,Camden Town,Seafood,https://poppiesfishandchips.co.uk/,,venue website,food standards agency,5,,30 Hawley Crescent,NW1 8NP,https://ratings.food.gov.uk/business/740230
admin@portobellojuice.com,Portobello Juice,Camden,Kentish Town,Takeaway,http://www.portobellojuice.com/,portobellojuice@gmail.com,venue website,openstreetmap,2,,183 York Way,N7 9LN,https://www.openstreetmap.org/node/9407958870
primrosehill@primrose-bakery.co.uk,Primrose Bakery,Camden,Chalk Farm,Bakery,https://primrose-bakery.co.uk,,venue website,openstreetmap,1,,,,https://www.openstreetmap.org/node/5096003079
pritchardandure@gmail.com,Pritchard & Ure,Camden,Camden Town,Restaurant,http://www.pritchardandure.com/,,venue website,openstreetmap,1,,2 Barker Drive,NW1 0JW,https://www.openstreetmap.org/node/12486844165
info@punjab.co.uk,Punjab,Camden,St Giles,Indian,https://punjab.co.uk/,,venue website,openstreetmap,1,,80 Neal Street,WC2H 9PA,https://www.openstreetmap.org/way/566375745
info@qimacafe.com,QIMA CAFE,Camden,Fitzrovia,Cafe,https://qimacafe.com/,,venue website,openstreetmap,2,,20-21 Warren Street,W1T 5LT,https://www.openstreetmap.org/way/420120040
info@ramorefreshfood.co.uk,RAMORE FRESH FOOD,Camden,Camden Town,Restaurant,https://www.ramorefreshfood.co.uk/,,venue website,food standards agency,1,,16 Inverness Street,NW1 7HJ,https://ratings.food.gov.uk/business/1891424
lambsconduitstreet@redemptionroasters.com,Redemption Roasters,Camden,Holborn,Breakfast,https://www.redemptionroasters.com/,,openstreetmap,openstreetmap,1,,86 Lamb's Conduit Street,,https://www.openstreetmap.org/node/7529834022
info@regentsnatural.co.uk,Regent's Natural,Camden,Somers Town,Bakery,https://regentsnatural.co.uk/,,venue website,openstreetmap,1,,1 Albany Street,NW1 4BU,https://www.openstreetmap.org/node/2216576544
healthy@remedykitchen.co.uk,Remedy Kitchen,Camden,Primrose Hill,Restaurant,https://remedykitchen.co.uk,,venue website,openstreetmap,1,,83 Haverstock Hill,NW3 4RL,https://www.openstreetmap.org/way/1312813845
info@ripekitchen.co.uk,Ripe Kitchen,Camden,Primrose Hill,Breakfast; Deli,https://ripekitchen.co.uk/,,openstreetmap,openstreetmap,1,,136 Regent's Park Road,NW1 8XL,https://www.openstreetmap.org/way/1119447380
reservations@rockandsoleplaice.com,Rock & Sole Plaice,Camden,St Giles,Seafood,https://www.rockandsoleplaice.com/,,openstreetmap,openstreetmap,1,,47 Endell Street,WC2H 9AJ,https://www.openstreetmap.org/way/148511933
info@rogerskitchen.co.uk,Roger's Kitchen,Camden,Camden Town,Restaurant,https://rogerskitchen.co.uk/,,venue website,openstreetmap,1,+44 20 8066 0747,71 Camden Road,,https://www.openstreetmap.org/way/104112036
roguesquarterlondon@gmail.com,Rogues Quarter,Camden,Gospel Oak,Breakfast; Spanish,https://www.roguesquarter.com/,,openstreetmap,openstreetmap,1,+442079164219,155-157 Queen's Crescent,NW5 4EA,https://www.openstreetmap.org/node/11162687030
bakerstreet@rosasthai.com,Rosa's Thai Cafe,Camden,West Hampstead,Asian,https://www.rosasthaicafe.com/locations/westhampstead,brixton@rosasthai.com; edinburgh@rosasthai.com; greenwich@rosasthai.com; kingscross@rosasthai.com; leeds@rosasthai.com; soho@rosasthai.com; spitalfields@rosasthai.com; victoria@rosasthai.com; warrenstreet@rosasthai.com; wimbledon@rosasthai.com,venue website,openstreetmap,14,+44 20 3773 1568,152 West End Lane,NW6 1SD,https://www.openstreetmap.org/node/1313298816
info@rossodisera.co.uk,Rossodisera,Camden,St Giles,Italian,https://rossodisera.co.uk/,bookingrossodisera@gmail.com,openstreetmap,openstreetmap,1,+44 20 7240 3683,5 Monmouth Street,WC2H 9DA,https://www.openstreetmap.org/node/6029527787
hello@rotiking.com,Roti King,Camden,Somers Town,Asian,https://rotiking.com/location/euston/,euston@rotiking.com,venue website,openstreetmap,4,+44 20 7387 2518,40 Doric Way,NW1 1LH,https://www.openstreetmap.org/node/3378994793
7244@greeneking.co.uk,Royal George,Camden,Somers Town,Pub,https://www.greeneking-pubs.co.uk/pubs/greater-london/royal-george/,,venue website,openstreetmap,1,,8-14 Eversholt Street,NW1 1DG,https://www.openstreetmap.org/way/125751676
tottenhamcourtroad@rudyspizza.co.uk,Rudy's Pizza Napoletana,Camden,Fitzrovia,Pizza,https://www.rudyspizza.co.uk/pizzerias/tottenham-court-road,,venue website,openstreetmap,1,,53-54 Tottenham Court Road,W1T 2EJ,https://www.openstreetmap.org/way/530393384
info@salaam-namaste.co.uk,Salaam Namaste,Camden,Holborn,Indian,https://salaam-namaste.co.uk/,,venue website,openstreetmap,1,+44 20 7405 3697,68 Millman Street,WC1N 3EF,https://www.openstreetmap.org/node/5838769586
londonsaltandpepper@gmail.com,Salt & Pepper,Camden,Bloomsbury,Cafe,https://www.saltandpepper.london/,,venue website,openstreetmap,1,,5 Bloomsbury Street,WC1B 3QE,https://www.openstreetmap.org/way/424281013
orders@sandwichsandwich.co.uk,Sandwich Sandwich,Camden,Fitzrovia,Deli,https://sandwichsandwich.co.uk/locations/tottenham-court-road/,customerservice@sandwichsandwich.co.uk,venue website,openstreetmap,3,,27 Tottenham Court Road,W1T 1BJ,https://www.openstreetmap.org/way/425222124
info@sarracinorestaurant.com,Sarracino,Camden,West Hampstead,Italian,https://www.sarracinorestaurant.com/,,venue website,openstreetmap,1,+44 20 7624 3886,186 Broadhurst Gardens,NW6 3AY,https://www.openstreetmap.org/way/473654307
kensington@scoffandbanter.com,Scoff & Banter,Camden,St Giles,Restaurant,https://www.scoffandbanter.com/,canarywharf@scoffandbanter.com,venue website,openstreetmap,2,,,,https://www.openstreetmap.org/node/970857052
stpancrasreception@searcys.co.uk,Searcy's,Camden,King's Cross,Restaurant,https://stpancrasbysearcys.co.uk/brasserie/,,openstreetmap,openstreetmap,1,+44 20 7870 9900,The Grand Terrace,N1C 4QL,https://www.openstreetmap.org/node/3711917737
events@sevendialsmarket.com,Seven Dials Market,Camden,St Giles,Food court,https://www.sevendialsmarket.com,,venue website,openstreetmap,1,,Earlham Street,WC2H 9AU,https://www.openstreetmap.org/node/438170659
info@theshiptavern.co.uk,Ship Tavern,Camden,Holborn,Pub,,,openstreetmap,openstreetmap,1,+44 20 7405 1992,12 Gate Street,WC2A 3HP,https://www.openstreetmap.org/node/21593236
shoryu.carnaby@shoryuramen.com,Shoryu,Camden,Bloomsbury,Asian; Japanese,https://www.shoryuramen.com/,shoryu.coventgarden@shoryuramen.com; shoryu.regent@shoryuramen.com; shoryu.soho@shoryuramen.com; shoryu.shoreditch@shoryuramen.com; shoryu.worldfoodcourt@shoryuramen.com; shoryu.oxford@shoryuramen.com; shoryu.manchester@shoryuramen.com; shoryu.stratford@shoryuramen.com; press@shoryuramen.com,venue website,openstreetmap,9,,84 New Oxford Street,WC1A 1HB,https://www.openstreetmap.org/node/4259375231
info@shoyurestaurant.co.uk,SHOYU RESTAURANT,Camden,Holborn,Restaurant,https://www.shoyurestaurant.co.uk/,jose@shoyurestaurant.co.uk,venue website,food standards agency,1,,18 Procter Street,WC1V 6NX,https://ratings.food.gov.uk/business/1676108
london@shuffleboardbars.com,Shuffleboard Bar London,Camden,King's Cross,Pub,https://shuffleboardbars.com/london/,,openstreetmap,openstreetmap,1,,37 Tavistock Place,,https://www.openstreetmap.org/node/10937912505
sichuangrandholborninfo@gmail.com,SICHUAN GRAND,Camden,Bloomsbury,Chinese,http://sichuangrand.com/,,venue website,food standards agency,2,,31-33 Bloomsbury Way,WC1A 2SA,https://ratings.food.gov.uk/business/1653952
info@simitsarayi.com,Simit Sarayi,Camden,Bloomsbury,Restaurant,https://simitsarayi.com/,,venue website,openstreetmap,3,,,,https://www.openstreetmap.org/node/5295355691
info@simmonsbar.co.uk,Simmons,Camden,Camden Town,Pub,https://www.simmonsbar.co.uk/,,venue website,openstreetmap,1,,7 Camden High Street,NW1 7JE,https://www.openstreetmap.org/way/225442612
manager@sircc.pub,Sir Colin Campbell,Camden,Kilburn,Pub,https://www.sircc.pub,,venue website,openstreetmap,1,+44 20 3021 1831,264-266 Kilburn High Road,NW6 2BY,https://www.openstreetmap.org/way/579402933
vouchers@sixbynico.co.uk,Six by Nico,Camden,Fitzrovia,Restaurant,https://www.sixbynico.co.uk/,aberdeen@sixbynico.co.uk,venue website,openstreetmap,2,,41 Charlotte Street,W1T 1RR,https://www.openstreetmap.org/way/182651296
skinnersarms@douglasinns.co.uk,Skinners Arms,Camden,King's Cross,Pub,https://skinnersarmslondon.com/,,openstreetmap,openstreetmap,1,+442078376521,114 Judd Street,WC1H 9NT,https://www.openstreetmap.org/node/298347049
info@thesmugglerstavern.co.uk,Smuggler's Tavern,Camden,Fitzrovia,Pub,https://thesmugglerstavern.co.uk/,,venue website,openstreetmap,1,+44 20 7388 8686,28 Warren Street,,https://www.openstreetmap.org/way/420411288
hello@sourdoughsophia.co.uk,Sourdough Sophia,Camden,St Giles,Restaurant,https://sourdoughsophia.co.uk/,,venue website,food standards agency,3,,16 Neal's Yard,WC2H 9DP,https://ratings.food.gov.uk/business/1962535
info@spaghettihouse.co.uk,Spaghetti House,Camden,Kentish Town,Italian,https://spaghettihouse.co.uk/,,venue website,openstreetmap,4,,169 Fortess Road,NW5 2HR,https://www.openstreetmap.org/node/1842096025
kim@spicedeli.co.uk,Spice Deli,Camden,West Hampstead,Asian; Deli; Indian,https://www.spicedeli.co.uk/,,venue website,openstreetmap,1,,11 Goldhurst Terrace,NW6 3HX,https://www.openstreetmap.org/node/13879037544
spierssalads@gmail.com,Spier's Salads,Camden,Bloomsbury,Takeaway,https://www.spierssalads.com/,,openstreetmap,openstreetmap,1,+44 7817754963,Bloomsbury Square,,https://www.openstreetmap.org/node/1659659969
hello@staxburgers.com,STAX BURGERS,Camden,Chalk Farm,Burger,https://staxburgers.com/,,venue website,food standards agency,1,,"Camden  Stables Market Italian Alley 3 Ground Floor, Chalk Farm Road",NW1 8AH,https://ratings.food.gov.uk/business/1938703
warrenstreet@steakandlobster.com,Steak and Lobster,Camden,Fitzrovia,Seafood; Steak,https://www.steakandlobster.com/,marblearch@steakandlobster.com,venue website,openstreetmap,1,+44 207 666 5430,130 Tottenham Court Road,W1T 5AY,https://www.openstreetmap.org/node/14212564321
storestreetespresso@gmail.com,Store Street Espresso,Camden,St Pancras,Breakfast,https://www.storestespresso.co.uk/,coffee@storestespresso.co.uk,venue website,openstreetmap,5,,54 Tavistock Place,WC1H 9RG,https://www.openstreetmap.org/way/257090286
help@storrd.com,Storrd Ltd,Camden,Camden Town,Restaurant,https://www.storrd.com/,,venue website,food standards agency,1,,"Unit 3, 10 Jamestown Road",NW1 7BY,https://ratings.food.gov.uk/business/1873740
info@studio48london.co.uk,STUDIO 48 LONDON,Camden,Chalk Farm,Restaurant,https://studio48london.co.uk/,,venue website,food standards agency,1,,48 Chalk Farm Road,NW1 8AJ,https://ratings.food.gov.uk/business/1708605
info@studiogauthier.co.uk,Studio Gauthier,Camden,Fitzrovia,Asian; Sushi,https://studiogauthier.co.uk,,openstreetmap,openstreetmap,1,+44 7759 155344,21 Stephen Street,W1T 1LN,https://www.openstreetmap.org/node/11389558842
info@superstarbbq.co.uk,SuperStar BBQ,Camden,St Giles,BBQ,https://www.superstarbbq.co.uk/,,venue website,openstreetmap,1,,,,https://www.openstreetmap.org/way/364431785
info@sushisalsacamden.co.uk,Sushi Salsa,Camden,Camden Town,Asian; Japanese; Sushi,https://www.sushisalsacamden.co.uk/,,openstreetmap,openstreetmap,1,+44 20 7482 7088,3A Camden Wharf Jamestown Road,NW1 7BY,https://www.openstreetmap.org/node/4488591250
contact@swider.co.uk,SWIDER,Camden,Fitzrovia,Restaurant,https://www.swider.co.uk/,,venue website,food standards agency,1,,31b Goodge Street,W1T 2PR,https://ratings.food.gov.uk/business/1981221
info@cheesewheellondon.com,T/A The Cheese Wheel,Camden,Camden Town,Takeaway,https://www.cheesewheellondon.com/,,venue website,food standards agency,1,,"Unit 29 West Yard, Camden Lock Place",NW1 8AF,https://ratings.food.gov.uk/business/1487623
info@tabacbar.co.uk,TABAC BAR LTD,Camden,Kentish Town,Takeaway,https://www.tabacbar.co.uk/,,venue website,food standards agency,1,,16 Fortess Road,NW5 2EU,https://ratings.food.gov.uk/business/1285502
info@takagiyalondon.com,Takagiya,Camden,West Hampstead,Asian; Japanese,https://www.takagiyalondon.com,,openstreetmap,openstreetmap,1,+44 2074 190558,102 Fortune Green Road,NW6 1DS,https://www.openstreetmap.org/node/11510836823
tappingtheadmiral@gmail.com,Tapping the Admiral,Camden,Chalk Farm,Pub,http://www.tappingtheadmiral.com/,,venue website,openstreetmap,1,+44 20 7267 6118,77 Castle Road,,https://www.openstreetmap.org/way/850126738
info@templeofseitan.co.uk,Temple of Seitan,Camden,Camden Town,Burger,https://templeofseitan.co.uk/,sean@templeofseitan.co.uk,venue website,openstreetmap,2,,43 Parkway,NW1 7PN,https://www.openstreetmap.org/way/232387694
info@terramodernalondon.com,Terra Moderna,Camden,Belsize Park,Restaurant,https://www.terramodernalondon.com/,,venue website,openstreetmap,1,+44 20 4568 8525,2B England's Lane,NW3 4TG,https://www.openstreetmap.org/way/1018791605
info@terroni.co.uk,Terroni of Clerkenwell,Camden,Clerkenwell,Deli; Italian,https://terroni.co.uk,,openstreetmap,openstreetmap,1,+44 20 7837 1712,138-140 Clerkenwell Road,EC1R 5DL,https://www.openstreetmap.org/way/570681902
coventgarden@thaisq.com,Thai Square,Camden,St Giles,Asian,https://www.thaisq.com/,admin@thaisq.com,openstreetmap,openstreetmap,1,+44 20 7836 7600,166-170 Shaftesbury Avenue,WC2H 8JB,https://www.openstreetmap.org/node/9346808426
info@abbey-tavern.com,The Abbey Tavern,Camden,Camden Town,Pub,https://www.abbey-tavern.com/,,venue website,openstreetmap,1,,124 Kentish Town Road,NW1 9QB,https://www.openstreetmap.org/way/474249421
hello@theafterschoolcookieclub.com,The After School Cookie Club,Camden,Camden Town / Chalk Farm / Euston / King's Cross / Primrose Hill / Somers Town,Takeaway,https://www.theafterschoolcookieclub.com/,,venue website,food standards agency,2,,"Unit 68 Ground Floor, Camden Lock Place Market",NW1 8AF,https://ratings.food.gov.uk/business/1891440
info@thealliancenw6.com,The Alliance,Camden,West Hampstead,Pub,https://locipubs.com/alliance/,,openstreetmap,openstreetmap,1,+44 2077 942860,40-42 Mill Lane,NW6 1NR,https://www.openstreetmap.org/way/1238928087
6018@greeneking.co.uk,The Assembly House,Camden,Kentish Town,Pub,https://www.greeneking-pubs.co.uk/pubs/greater-london/assembly-house/,,venue website,openstreetmap,1,,292-294 Kentish Town Road,NW5 2TG,https://www.openstreetmap.org/way/973132221
westhampstead@bananatree.co.uk,The Banana Tree Canteen,Camden,West Hampstead,Restaurant,https://bananatree.co.uk/restaurants/west-hampstead/,bath@bananatree.co.uk; battersea@bananatree.co.uk; birminghambullring@bananatree.co.uk; cardiff@bananatree.co.uk; chelmsford@bananatree.co.uk; coventgarden@bananatree.co.uk; greenwich@bananatree.co.uk; haywardsheath@bananatree.co.uk; henley@bananatree.co.uk; islington@bananatree.co.uk; maidavale@bananatree.co.uk; miltonkeynes@bananatree.co.uk; theo2@bananatree.co.uk; oxford@bananatree.co.uk; portsmouth@bananatree.co.uk; salford@bananatree.co.uk; soho@bananatree.co.uk; stevenage@bananatree.co.uk; windsor@bananatree.co.uk,venue website,openstreetmap,1,,,,https://www.openstreetmap.org/node/630502026
hello@thebarbary.co.uk,The Barbary,Camden,St Giles,Restaurant,https://www.thebarbary.co.uk/,,openstreetmap,openstreetmap,1,,16 Neal's Yard,WC2H 9DP,https://www.openstreetmap.org/node/4348379097
betjemanarms@youngs.co.uk,The Betjeman Arms,Camden,King's Cross,Pub,https://www.thebetjemanarms.co.uk/,,openstreetmap,openstreetmap,1,+44 20 3040 7158,Unit 53,N1C 4QL,https://www.openstreetmap.org/node/1116251530
life@ourblackheart.com,The Black Heart,Camden,Camden Town,Pub,https://www.ourblackheart.com/,josh@ourblackheart.com,openstreetmap,openstreetmap,1,+44 20 7428 9730,2-3 Greenland Place,NW1 0AP,https://www.openstreetmap.org/node/293390260
manager@blacklionkilburn.co.uk,The Black Lion,Camden,Kilburn,Indian; Pub,https://blacklionkilburn.co.uk/,,venue website,openstreetmap,1,,274 Kilburn High Road,NW6 2BY,https://www.openstreetmap.org/way/172055438
hello@theblackpenny.com,The Black Penny,Camden,Covent Garden,Breakfast,https://www.theblackpenny.com/,coventgarden@theblackpenny.com; sloanesquare@theblackpenny.com; southbank@theblackpenny.com,openstreetmap,openstreetmap,1,+44 20 7242 2580,34 Great Queen Street,WC2B 5AA,https://www.openstreetmap.org/way/148522897
template.placeholder@gmail.com,The Bountiful Cow,Camden,Holborn,Pub; Steak,https://www.thebountifulcow.co.uk/,,venue website,openstreetmap,1,+44 20 7404 0200,51 Eagle Street,WC1R 4AP,https://www.openstreetmap.org/way/421882353
bullandgate@youngs.co.uk,The Bull & Gate,Camden,Kentish Town,Pub,http://www.bullandgatenw5.co.uk/,,openstreetmap,openstreetmap,1,+44 20 3437 0905,389 Kentish Town Road,NW5 2TJ,https://www.openstreetmap.org/way/449266220
bookings@postalmuseum.org,The Café,Camden,Holborn,Cafe,https://www.postalmuseum.org/,,venue website,openstreetmap,1,,Phoenix Place,,https://www.openstreetmap.org/node/5207251548
customer.relations@lwtheatres.co.uk,The Cambridge Theatre,Camden,St Giles,Pub,https://lwtheatres.co.uk/theatres/cambridge/,,venue website,food standards agency,2,,"Cambridge Theatre, Earlham Street",WC2H 9HU,https://ratings.food.gov.uk/business/424154
info@camdenassembly.com,The Camden Assembly,Camden,Chalk Farm,Bar,https://camdenassembly.com/,,openstreetmap,openstreetmap,1,+44 20 7424 0800,49 Chalk Farm Road,NW1 8AN,https://www.openstreetmap.org/way/373710180
bookings@thecamdenclub.co.uk,The Camden Club,Camden,Chalk Farm,Restaurant,https://www.thecamdenclub.co.uk/,,venue website,food standards agency,1,,72-73 Chalk Farm Road,NW1 8AN,https://ratings.food.gov.uk/business/1670136
info@thecheesebar.com,The Cheese Bar,Camden,Chalk Farm,Restaurant,https://www.thecheesebar.com/,rind@thecheesebar.com; paddington@thecheesebar.com; sevendials@thecheesebar.com; camden@thecheesebar.com,venue website,food standards agency,1,,"93-94 The Stables Market, Chalk Farm Road",NW1 8AH,https://ratings.food.gov.uk/business/1206090
info@thecolonelfawcett.co.uk,The Colonel Fawcett,Camden,Camden Town,Pub,https://thecolonelfawcett.co.uk/,,venue website,openstreetmap,1,,1 Randolph Street,NW1 0SS,https://www.openstreetmap.org/node/49314952
reservations@thecoralroom.co.uk,The Coral Room,Camden,Bloomsbury,Cafe,https://www.thecoralroom.co.uk/,,venue website,openstreetmap,1,,16-22 Great Russell Street,WC1B 3NN,https://www.openstreetmap.org/node/6943877038
hello@thecraftbeerco.com,The Craft Beer Co ( Covent Garden ) Ltd,Camden,Bloomsbury,Pub,https://www.thecraftbeerco.com/,,venue website,food standards agency,5,,168 High Holborn,WC1V 7AA,https://ratings.food.gov.uk/business/993196
admin@electricballroom.co.uk,The Electric Ballroom,Camden,Camden Town,Pub,https://electricballroom.co.uk/,livemusic@electricballroom.co.uk,venue website,food standards agency,1,,184 Camden High Street,NW1 8QP,https://ratings.food.gov.uk/business/424874
info@elephantsheadcamden.com,The Elephant's Head,Camden,Camden Town,Pub,https://www.elephantsheadcamden.com/,,venue website,openstreetmap,1,,224 Camden High Street,NW1 8QR,https://www.openstreetmap.org/node/14206898649
booktable@camdenenterprise.com,The Enterprise,Camden,Primrose Hill,Pub,https://camdenenterprise.com/,,venue website,openstreetmap,1,+44 20 7485 2659,2 Haverstock Hill,NW3 2BL,https://www.openstreetmap.org/way/373710205
elbowgigs@hotmail.co.uk,The Fiddler's Elbow,Camden,Kentish Town,Pub,https://www.thefiddlerselbow.co.uk/,,venue website,openstreetmap,1,,1 Malden Road,NW5 3HS,https://www.openstreetmap.org/way/929791965
kentishtown@thefieldsbeneath.com,The Fields Beneath,Camden,Kentish Town,Breakfast,https://www.thefieldsbeneath.com,,venue website,openstreetmap,1,+44 20 7424 8838,52A Prince of Wales Road,NW5 3LN,https://www.openstreetmap.org/way/972694800
contact@thegatehousen6.com,The Gatehouse,Camden,Highgate,Pub,https://thegatehousen6.com/,events@urbanpubsandbars.com,openstreetmap,openstreetmap,1,+44 20 8340 8054,1 North Road,N6 4BD,https://www.openstreetmap.org/way/416068944
askus@staygenerator.com,The Generator Ltd (Restaurant),Camden,St Pancras,Restaurant,https://staygenerator.com/hostels/london,ask.london@staygenerator.com,venue website,food standards agency,1,,37 Tavistock Place,WC1H 9SE,https://ratings.food.gov.uk/business/425359
ross@thegoodmews.co.uk,The Good Mews,Camden,Kentish Town,Breakfast,https://www.thegoodmews.co.uk/,,venue website,openstreetmap,1,+44 7928 237555,230A Kentish Town Road,NW5 2AB,https://www.openstreetmap.org/way/878202956
info@thegraftonnw5.co.uk,The Grafton,Camden,Kentish Town,Pub,https://www.thegraftonnw5.co.uk,,venue website,openstreetmap,1,,20 Prince of Wales Road,NW5 3LG,https://www.openstreetmap.org/way/339202679
thegreatthai53@gmail.com,The Great Thai Grab and Go,Camden,St Giles,Restaurant,https://thegreatthaigrabandgo.co.uk/,,venue website,food standards agency,2,,"Unit R07 Centre Point, 7 Earnshaw Street",WC2H 8AJ,https://ratings.food.gov.uk/business/1763262
harrisonbar@hotmail.com,The Harrison,Camden,King's Cross,Pub,https://harrisonbar.co.uk/,janeknightuxcontentdesign@gmail.com,venue website,openstreetmap,1,,28 Harrison Street,WC1H 8JF,https://www.openstreetmap.org/way/275292695
info@thehatandtun.com,The Hat and Tun,Camden,Clerkenwell,Pub,https://www.thehatandtun.com,,openstreetmap,openstreetmap,1,+44 20 7242 4747,3 Hatton Wall,EC1N 8HX,https://www.openstreetmap.org/way/572670795
hawleylivemusic@gmail.com,The Hawley Arms,Camden,Camden Town,Pub,http://www.thehawleyarms.co.uk/,hawleyarms@gmail.com,venue website,openstreetmap,1,,Castlehaven Road,,https://www.openstreetmap.org/way/814956451
info@theitalians.co.uk,The Italians,Camden,Fitzrovia,Italian,https://theitalians.co.uk/home,,venue website,openstreetmap,1,,2 Charlotte Street,W1T 2LW,https://www.openstreetmap.org/way/122020336
thelibracontact@gmail.com,The Libra Theatre Cafe,Camden,Chalk Farm,Cafe,https://www.thelibratc.com/,,openstreetmap,openstreetmap,1,,,,https://www.openstreetmap.org/node/13929218770
reservations@thelighterman.co.uk,The Lighterman,Camden,King's Cross,Pub,https://thelighterman.co.uk/,events@thelighterman.co.uk,openstreetmap,openstreetmap,1,+44 20 3846 3400,3 Granary Square,N1C 4BH,https://www.openstreetmap.org/way/427900370
enquiries@lbpedlar.com,The Little Bread Pedlar,Camden,Primrose Hill,Bakery,https://www.lbpedlar.com/,,venue website,openstreetmap,3,,91 Regent's Park Road,NW1 8UT,https://www.openstreetmap.org/way/1028386437
hello@tlocoffee.co.uk,The Little One,Camden,Primrose Hill,Cafe,https://www.tlocoffee.com/,,openstreetmap,openstreetmap,1,,115a Regent's Park Road,NW1 8UR,https://www.openstreetmap.org/node/8240843870
info@imperialhotels.co.uk,The London Pub,Camden,St Pancras,Restaurant,https://www.imperialhotels.co.uk/royal-national-hotel/restaurant/the-london-pub/,,venue website,openstreetmap,1,+44 20 7692 3619,,,https://www.openstreetmap.org/node/2624195137
hello@themagdala.co.uk,The Magdala,Camden,Hampstead,Pub,https://www.themagdala.co.uk/,,openstreetmap,openstreetmap,1,+442074338322,2a South Hill Park,NW3 2SB,https://www.openstreetmap.org/node/596791860
bookings@theninthlondon.com,The Ninth,Camden,Fitzrovia,French,https://www.theninthlondon.com/,,venue website,openstreetmap,1,,22 Charlotte Street,W1T 2NB,https://www.openstreetmap.org/node/12265896702
info@northumberland-arms.com,The Northumberland Arms,Camden,Fitzrovia,Pub,https://www.northumberland-arms.com/,,venue website,openstreetmap,1,,119 Tottenham Court Road,W1T 5AW,https://www.openstreetmap.org/way/294886276
sales@samuelsmithsbrewery.co.uk,The Old Crown Pub,Camden,Bloomsbury,Pub,https://www.samuelsmithsbrewery.co.uk/,,venue website,openstreetmap,1,,33 New Oxford Street,WC1A 1BH,https://www.openstreetmap.org/way/157757561
info@theoldfarmhousepub.com,The Old Farmhouse,Camden,Kentish Town,Italian; Pub,https://www.theoldfarmhousepub.com/,,venue website,openstreetmap,1,,289-291 Kentish Town Road,NW5 2JS,https://www.openstreetmap.org/way/291687162
info@theoldwhitebearhampstead.co.uk,The Old White Bear,Camden,Hampstead,Pub,https://www.theoldwhitebearhampstead.co.uk/,,venue website,openstreetmap,1,,1 Well Road,NW3 1LJ,https://www.openstreetmap.org/way/1248129184
enquiries@youngs.co.uk,The One Tun,Camden,Fitzrovia,Pub,https://www.youngs.co.uk/pub-detail.asp?PubID=432,events@youngs.co.uk; shareholder@youngs.co.uk; feedback@youngs.co.uk; pressenquiries@youngs.co.uk,venue website,openstreetmap,14,,58-60 Goodge Street,W1T 4ND,https://www.openstreetmap.org/way/118806519
info@oxfordarmscamden.co.uk,The Oxford Arms,Camden,Camden Town,Pub,https://oxfordarmscamden.co.uk,,venue website,openstreetmap,1,+44 20 7267 4945,265 Camden High Street,NW1 7BU,https://www.openstreetmap.org/node/26610590
info@theparakeetpub.com,The Parakeet,Camden,Kentish Town,Pub,https://theparakeetpub.com,bookings@theparakeetpub.com,openstreetmap,openstreetmap,1,+44 20 4599 6302,256 Kentish Town Road,NW5 2AA,https://www.openstreetmap.org/way/941142501
hello@theperseverance.co.uk,The Perseverance,Camden,Holborn,Pub,http://www.theperseverance.co.uk/,,venue website,openstreetmap,1,,63 Lamb's Conduit Street,,https://www.openstreetmap.org/node/7549942987
manager@thepineapplepubnw5.com,The Pineapple,Camden,Kentish Town,Asian; Pub,https://www.thepineapplepubnw5.com/,,openstreetmap,openstreetmap,1,+44 20 7284 4631,51 Leverton Street,NW5 2NX,https://www.openstreetmap.org/node/192399976
hello@princealbert.pub,The Prince Albert,Camden,Camden Town,Pub,https://www.princealbert.pub/,manager@princealbert.pub,venue website,openstreetmap,1,,,,https://www.openstreetmap.org/way/1009113811
info@lovetheprincess.com,The Princess of Wales,Camden,Primrose Hill,Pub,https://www.lovetheprincess.com,,openstreetmap,openstreetmap,1,+44 20 7722 0354,22 Chalcot Road,,https://www.openstreetmap.org/way/520149634
hello@thequeencharlotte.co.uk,The Queen Charlotte,Camden,Fitzrovia,Pub,https://www.thequeencharlotte.co.uk/,,venue website,openstreetmap,1,+44 20 7323 9361,43 Goodge Street,W1T 1TA,https://www.openstreetmap.org/way/98535852
ana@queenslarder.co.uk,The Queen's Larder,Camden,Bloomsbury,Pub,https://queenslarder.co.uk/,,venue website,openstreetmap,1,,,WC1N 3AR,https://www.openstreetmap.org/node/29039088
hello@thequeensheadholborn.com,The Queens Head,Camden,Holborn,Pub,https://www.thequeensheadholborn.com/,,venue website,openstreetmap,1,,64 Theobalds Road,WC1X 8SF,https://www.openstreetmap.org/node/7550093574
theregugeehelpcentre@gmail.com,The Refugee Help Centre,Camden,Bloomsbury,Takeaway,https://www.therefugeehelpcentre.co.uk/,,venue website,food standards agency,1,,32 Bloomsbury Street,WC1B 3QJ,https://ratings.food.gov.uk/business/1918498
bookings@roseandcrownkentishtown.com,The Rose & Crown,Camden,Kentish Town,Pub,https://www.roseandcrownkentishtown.com/,contact@roseandcrownkentishtown.com,venue website,openstreetmap,1,+44 20 7267 4305,71-73 Torriano Avenue,NW5 2SG,https://www.openstreetmap.org/way/107827281
enquiries@rugbytavern.co.uk,The Rugby Tavern,Camden,Holborn,Pub,https://rugbytavern.co.uk/,,venue website,openstreetmap,1,,19 Great James Street,WC1N 3ES,https://www.openstreetmap.org/node/7550117864
hello@saladproject.co.uk,The Salad Project,Camden,Fitzrovia,Restaurant,https://www.saladproject.co.uk/,,venue website,openstreetmap,8,,23-24 Tottenham Court Road,W1T 1BJ,https://www.openstreetmap.org/way/425013536
bookings@thesheephavenbaycamden.com,The Sheephaven Bay,Camden,Camden Town,Pub,https://sheephavenbaycamden.co.uk/,,openstreetmap,openstreetmap,1,+44 20 7380 1323,2 Mornington Street,NW1 7QD,https://www.openstreetmap.org/way/946022259
kenwood@searcys.co.uk,The Steward's Room,Camden,North End,Cafe,http://searcyskenwoodhouse.co.uk,,openstreetmap,openstreetmap,1,+44 20 8348 4073,,,https://www.openstreetmap.org/node/331925869
info@thetopsecretcomedyclub.co.uk,The Top Secret Comedy Club,Camden,St Giles,Pub,https://thetopsecretcomedyclub.co.uk/,,venue website,food standards agency,1,,170 Drury Lane,WC2B 5PD,https://ratings.food.gov.uk/business/1085450
info@thewellshampstead.co.uk,The Wells Tavern,Camden,Hampstead,Pub,https://thewellshampstead.co.uk/,,venue website,openstreetmap,1,+44 20 7794 3785,30 Well Walk,NW3 1BX,https://www.openstreetmap.org/way/553138189
team@thewetfishcafe.co.uk,The Wet Fish Cafe,Camden,West Hampstead,Seafood,https://www.thewetfishcafe.co.uk/,,venue website,food standards agency,1,,242 West End Lane,NW6 1LG,https://ratings.food.gov.uk/business/424666
gm@theworldsend.co.uk,The World's End,Camden,Camden Town,Pub,http://www.theworldsend.co.uk/,,venue website,openstreetmap,1,,174 Camden High Street,NW1 0NE,https://www.openstreetmap.org/node/296891969
enquiries@thirteenldn.com,THIRTEEN LDN,Camden,St Giles,Pub,https://thirteenldn.com/,events@thirteenldn.com,venue website,food standards agency,1,,"03-Jan, Denmark Street",WC2H 8LP,https://ratings.food.gov.uk/business/1579336
info@tinseltown.co.uk,Tinseltown,Camden,Hampstead,American,https://www.tinseltown.co.uk/,franchising@tinseltown.co.uk,venue website,openstreetmap,1,,Heath Street,NW3 1DR,https://www.openstreetmap.org/way/200082636
eat@tish.london,Tish,Camden,Belsize Park,Restaurant,https://tish.london/,,venue website,openstreetmap,1,,196-198 Haverstock Hill,NW3 2AG,https://www.openstreetmap.org/node/800600522
souvenirs@tohomefromlondon.com,TO HOME FROM LONDON,Camden,Camden Town,Restaurant,https://tohomefromlondon.com/,,venue website,food standards agency,1,,"Arch 16, 3 Water Lane",NW1 8NZ,https://ratings.food.gov.uk/business/1403591
charlottestreet@tofuvegan.com,Tofu Vegan,Camden,Fitzrovia,Restaurant,https://www.tofuvegan.com/home,,openstreetmap,openstreetmap,1,+442045599761,32 Charlotte Street,W1T 2NQ,https://www.openstreetmap.org/way/138339548
hello@tommyssandwiches.com,TOMMY'S SANDWICHES,Camden,King's Cross,Restaurant,https://www.tommyssandwiches.com/,,venue website,food standards agency,1,,201 King's Cross Road,WC1X 9DB,https://ratings.food.gov.uk/business/1841684
admin@tonkincafe.com,Tonkin Cafe,Camden,Clerkenwell,Restaurant,https://tonkincafe.com/,,venue website,food standards agency,1,,29 Leather Lane,EC1N 7TE,https://ratings.food.gov.uk/business/1784194
info@tooktooklondon.co.uk,Took Took,Camden,West Hampstead,Restaurant,https://tooktooklondon.co.uk/,,venue website,food standards agency,1,,221 West End Lane,NW6 1XJ,https://ratings.food.gov.uk/business/759349
kingscross@tortilla.co.uk,Tortilla,Camden,King's Cross,Mexican,https://www.tortilla.co.uk/restaurants/kings-cross,,venue website,openstreetmap,1,,6 Pancras Square,N1C 4AG,https://www.openstreetmap.org/node/4620415277
russellsq@tortilla.co.uk,Tortilla,Camden,Bloomsbury,Mexican,https://www.tortilla.co.uk/restaurants/russell-square,,openstreetmap,openstreetmap,1,+44 20 7837 5485,5 Bernard Street,WC1N 1LJ,https://www.openstreetmap.org/node/4960301222
info@towncafe.co.uk,Town Cafe,Camden,Camden Town,Restaurant,https://towncafe.co.uk/,,venue website,food standards agency,1,,140 Kentish Town Road,NW1 9QB,https://ratings.food.gov.uk/business/1938707
info@turpanuyghur.com,Turpan,Camden,St Giles,Asian,https://www.turpanuyghur.com/,,venue website,openstreetmap,1,+44 20 7636 9949,108 Great Russell Street,,https://www.openstreetmap.org/way/424560494
contact@tuttis.co.uk,Tutti's,Camden,Holborn,Cafe,https://tuttis.co.uk/,,venue website,openstreetmap,1,,68 Lamb's Conduit Street,,https://www.openstreetmap.org/node/7549942997
udonafeuk@gmail.com,Udon Cafe,Camden,Swiss Cottage,Asian; Japanese,https://udoncafe.co.uk,amkryukov@gmail.com; impallari@gmail.com; jonpinhorn.typedesign@gmail.com,venue website,openstreetmap,1,+44 20 7435 1080; +44 7555 562500,106C Finchley Road,,https://www.openstreetmap.org/node/7419534224
enquiries@underbelly.co.uk,UNDERBELLY LTD,Camden,Clerkenwell,Takeaway,https://underbelly.co.uk/,,venue website,food standards agency,1,,"4th Floor, 36-38 Hatton Garden",EC1N 8EB,https://ratings.food.gov.uk/business/1245965
mllegeorgesand@gmail.com,Urban Baristas,Camden,Fitzrovia,Breakfast,https://urbanbaristas.co.uk/,,venue website,openstreetmap,25,,24 Warren Street,,https://www.openstreetmap.org/way/420411289
infourumchi@gmail.com,Urumchi,Camden,Bloomsbury,Restaurant,https://urumchi.co.uk/,,venue website,openstreetmap,1,,9 Cosmo Place,WC1N 3AP,https://www.openstreetmap.org/way/800170194
hello@uzumakilondon.com,Uzumaki,Camden,Bloomsbury,Asian; Japanese,https://www.uzumakilondon.com/,,venue website,openstreetmap,1,,107 Great Russell Street,WC1B 3NA,https://www.openstreetmap.org/way/424560502
info@vermuteria.cc,Vermuteria,Camden,King's Cross,Cafe,https://vermuteria.cc,,venue website,openstreetmap,1,,38-39 Coal Drops Yard,N1C 4DQ,https://www.openstreetmap.org/node/6082053666
info@vieteat.co.uk,Vieteat,Camden,Holborn,Asian,https://vieteat.co.uk/,vieteatrestaurantuk@gmail.com,openstreetmap,openstreetmap,1,+44 20 7404 4138,48 Kingsway,WC2B 6EP,https://www.openstreetmap.org/node/4776826411
info@voncrumb.co.uk,Von Crumb,Camden,Belsize Park,Cafe,https://www.voncrumb.co.uk/,,openstreetmap,openstreetmap,1,+447312159450,202 Haverstock Hill,NW3 2AG,https://www.openstreetmap.org/node/800600491
enquiries@wasabi.uk.com,Wasabi,Camden,Somers Town,Asian; Japanese,https://www.wasabi.uk.com/,purchasing@wasabi.uk.com,venue website,openstreetmap,34,,350 Euston Road,NW1 3AX,https://www.openstreetmap.org/node/874743654
hello@watchhouse.com,WatchHouse,Camden,St Giles,Breakfast,https://www.watchhouse.com,,venue website,openstreetmap,24,,7 Upper St Martin's Lane,WC2H 9DL,https://www.openstreetmap.org/node/11964292769
admin@werewolfbeer.com,Werewolf Beer,Camden,Camden Town,Pub,https://www.werewolfbeer.com/,sales@werewolfbeer.com; taproom@werewolfbeer.com,venue website,openstreetmap,1,,87 Randolph Street,NW1 0SR,https://www.openstreetmap.org/node/11545207226
getintouch@abokado.com,Whipped,Camden,Covent Garden,Cafe,http://abokado.com/,,venue website,openstreetmap,2,,160 Drury Lane,,https://www.openstreetmap.org/way/277929196
events@wildlondon.org.uk,Wildlife Trust Camley Cafe,Camden,Somers Town,Cafe,https://www.wildlondon.org.uk/cafes,,venue website,openstreetmap,1,,,,https://www.openstreetmap.org/node/9711311850
customercare@wildwoodrestaurants.co.uk,Wildwood,Camden,St Giles,Italian; Pizza; Steak,https://wildwoodrestaurants.co.uk/restaurant/seven-dials/,,venue website,openstreetmap,2,,184 Shaftesbury Avenue,WC2H 8JB,https://www.openstreetmap.org/way/566375746
info@wingwing.co.uk,Wing Wing,Camden,St Pancras,Restaurant,https://wingwing.co.uk/,ts@wingwing.co.uk,venue website,food standards agency,2,,30 Woburn Place,WC1H 0JR,https://ratings.food.gov.uk/business/1085445
info@woolleys.co.uk,Woolleys,Camden,Holborn,Restaurant,https://www.woolleys.co.uk/,,venue website,food standards agency,1,,"Mezo Limited T/A Woolleys, 33 Theobald's Road",WC1X 8SP,https://ratings.food.gov.uk/business/424405
info@yacobskitchen.co.uk,Yacob's Kitchen,Camden,Primrose Hill,Restaurant,https://yacobskitchen.co.uk,hello@yacobskitchen.co.uk,venue website,openstreetmap,1,,82 Haverstock Hill,NW3 2BE,https://www.openstreetmap.org/way/942555968
info@yamas.london,Yamas,Camden,Camden Town,Pizza,https://yamas.london/,,venue website,openstreetmap,1,,42 Camden High Street,NW1 0JH,https://www.openstreetmap.org/way/225465179
yatrilondon@gmail.com,Yatri,Camden,Somers Town,Indian,https://yatrieuston.com/,nw1@yatrieuston.com,openstreetmap,openstreetmap,2,+44 20 7693 7278,3-9 Chalton Street,NW1 1JD,https://www.openstreetmap.org/way/132319666
reservations@kaisekiyokoya.co.uk,Yokoya,Camden,Camden Town,Asian; Japanese,https://yokoya.co.uk/,,venue website,openstreetmap,1,+44 20 7388 8595,9A Delancey Street,,https://www.openstreetmap.org/node/294102721
info@zararestaurant.co.uk,Zara,Camden,Belsize Park,Restaurant,https://zararestaurant.co.uk/,zararestaurant@hotmail.co.uk,venue website,openstreetmap,1,,11 South End Road,NW3 2PT,https://www.openstreetmap.org/way/67555372
zipbablondon@gmail.com,Zipbab Limited,Camden,Holborn,Restaurant,https://zipbablondon.com/,zipbab51@gmail.com,venue website,food standards agency,1,,51 Red Lion Street,WC1R 4PF,https://ratings.food.gov.uk/business/1043942
info@zoyalounge.co.uk,Zoya Grill & Lounge,Camden,King's Cross,Halal; Indian,https://www.zoyalounge.co.uk,,venue website,openstreetmap,1,,329-331,WC1X 8PX,https://www.openstreetmap.org/node/12944833576
