website,website_type,name,borough,area,categories,email,locations,phone,address,postcode,source,osm_url
https://mu-ldn.com/,own site,"""mu""",Hackney,Dalston,Asian; Japanese,reservations@mu-ldn.com,1,,432-434 Kingsland Road,E8 4AA,openstreetmap,https://www.openstreetmap.org/node/13273587201
https://arabica.coffee/en/location/arabica-london-broadway-market/,own site,% Arabica,Hackney,Hackney,Breakfast,,1,+44 20 3409 4666,33 Broadway Market,E8 4PH,openstreetmap,https://www.openstreetmap.org/way/366302157
https://081pizzeria.com,own site,081 Pizzeria,Hackney,Shoreditch,Italian; Pizza,,2,+44 20 3745 3305,,,openstreetmap,https://www.openstreetmap.org/node/14122961284
https://www.13thfloorcoffee.com/,own site,13th Floor Coffee,Hackney,Stoke Newington,Breakfast; Food truck,,1,,,,openstreetmap,https://www.openstreetmap.org/node/10555299892
https://215hackney.co.uk/,own site,215 Hackney,Hackney,West Hackney,Cafe,hello@215hackney.co.uk,1,,215 Stoke Newington High Street,,openstreetmap,https://www.openstreetmap.org/way/1188659927
https://www.3thirty.co.uk/,own site,3thirty,Hackney,Shoreditch,Restaurant,info@3thirty.co.uk,1,+44 20 7033 1882,330 Old Street,EC1V 9DR,openstreetmap,https://www.openstreetmap.org/way/164244203
https://46b-espressohut.tumblr.com/,own site,46b Espresso Hut,Hackney,Homerton,Breakfast,,1,,46b Brooksby's Walk,E9 6DA,openstreetmap,https://www.openstreetmap.org/way/853545240
https://abla.london/,"own site (found by name, postcode verified)",Abla,Hackney,Shacklewell,Takeaway,hello@abla.london,1,,123-125 Kingsland High Street,E8 2PB,openstreetmap,https://www.openstreetmap.org/way/395184541
https://www.abneyparkcafe.com/,own site,Abney Park Cafe,Hackney,West Hackney,Cafe,,1,+44 20 3488 0002,,,openstreetmap,https://www.openstreetmap.org/node/12825760184
https://www.thisisacepizza.com/,own site,Ace Pizza,Hackney,Lower Clapton,Pizza,hello@thisisacepizza.com,2,+44 20 8986 8597,,,openstreetmap,https://www.openstreetmap.org/node/8862726710
https://www.acmefirecult.com/,own site,Acme Fire Cult,Hackney,Dalston,BBQ,bookings@acmefirecult.com,2,,Abbot Street,,openstreetmap,https://www.openstreetmap.org/node/11876977633
https://www.acousticbrasserie.co.uk/stokenewington/,"own site (found by name, postcode verified)",Acoustic Brasserie,Hackney,Stoke Newington,French,marketing@acousticbrasserie.co.uk,1,,97 Stoke Newington Church Street,N16 0UD,openstreetmap,https://www.openstreetmap.org/way/436595896
https://stokeygarden.co.uk/,own site,Acoustic Stokey Garden,Hackney,Stoke Newington,Cafe,marketing@stokeygarden.co.uk,1,+44 20 7923 1877,113 Stoke Newington Church Street,N16 0UD,openstreetmap,https://www.openstreetmap.org/node/13076136305
https://alchemycoffee.co.uk/,own site,Alchemy Coffee,Hackney,Shoreditch,Breakfast,sales@alchemycoffee.co.uk,1,,Paul Street,,openstreetmap,https://www.openstreetmap.org/node/11065191727
https://allpress.com/,"own site (found by name, postcode verified)",Allpress Espresso UK Ltd,Hackney,Dalston,Restaurant,web@allpress.com,1,,"55 DALSTON LANE, Hackney",E8 2NG,food standards agency,https://ratings.food.gov.uk/business/867653
https://www.allpressespresso.com/find/allpress-london-roastery-and-cafe/,own site,Allpress London Roastery and Cafe,Hackney,Dalston,Breakfast,web@allpress.com,1,,55 Dalston Lane,E8 2NG,openstreetmap,https://www.openstreetmap.org/node/13913062903
https://www.anduvegancafe.com,own site,Andu Ethiopian Vegan Café,Hackney,Dalston,Restaurant,,1,+44 20 7254 1780,528 Kingsland Road,E8 4AH,openstreetmap,https://www.openstreetmap.org/node/5248732621
https://www.arepaandco.com/,own site,Arepa & Co,Hackney,De Beauvoir Town,Restaurant,,1,+44 20 7923 3507,58a De Beauvoir Crescent,N1 5RY,openstreetmap,https://www.openstreetmap.org/node/3419699593
https://artistcafelondon.co.uk/,"own site (found by name, postcode verified)",Artist Cafe,Hackney,Shoreditch,Takeaway,info@artistcafelondon.co.uk,1,,"311 OLD STREET, Hackney",EC1V 9LA,food standards agency,https://ratings.food.gov.uk/business/470005
https://artotel.com/en/hotels/london/hoxton/,"own site (found by name, postcode verified)",Art’otel London Hoxton,Hackney,Shoreditch,Restaurant,book.hoxton@artotel.com,1,,"1-3 RIVINGTON STREET, Hackney",EC2A 3DT,food standards agency,https://ratings.food.gov.uk/business/1794833
https://www.asorockfood.com/,"own site (found by name, postcode verified)",Aso Rock,Hackney,Shacklewell,Restaurant,website@asorockfood.com,1,,"9-10C BRADBURY STREET, Hackney",N16 8JN,food standards agency,https://ratings.food.gov.uk/business/1518512
https://www.aun-restaurant.com/,own site,AUN,Hackney,Stoke Newington,Asian; Japanese,info@aun-restaurant.com,1,+44 20 7254 6500,178 Stoke Newington Church Street,N16 0JL,openstreetmap,https://www.openstreetmap.org/node/3761643219
https://ayaandsuki.co.uk/,"own site (found by name, postcode verified)",Aya & Suki,Hackney,Hackney,Cafe,alex@ayaandsuki.co.uk,1,,62 Broadway Market,E8 4QJ,openstreetmap,https://www.openstreetmap.org/node/1801829042
https://www.babatang.co.uk/,"own site (found by name, postcode verified)",Baba Tang,Hackney,Shacklewell,Takeaway,,1,,"44 STOKE NEWINGTON ROAD, Hackney",N16 7XJ,food standards agency,https://ratings.food.gov.uk/business/1903955
https://www.drinkbadcoffee.com/,own site,Bad Coffee,Hackney,Hackney Wick,Breakfast,hello@drinkbadcoffee.com,1,,Prince Edward Road,E9 5LX,openstreetmap,https://www.openstreetmap.org/node/10592062342
https://www.badmanners.london/,"own site (found by name, postcode verified)",Bad Manners,Hackney,,Restaurant,hello@badmanners.london,1,,"SHOREDITCH CHURCH 119 SHOREDITCH HIGH STREET, Hackney",E1 6JN,food standards agency,https://ratings.food.gov.uk/business/1838585
https://bagelmaster.co.uk/,"own site (found by name, phone verified)",Bagel Master,Hackney,Shoreditch,Bagels,bagelmasteruk@gmail.com,1,+44 20 7018 3720,34 Cremer Street,,openstreetmap,https://www.openstreetmap.org/node/1631426716
https://ballieballerson.com/,"own site (found by name, postcode verified)",Ballie Ballerson,Hackney,Shoreditch,Restaurant,,1,,"CITY PLAZA 97-113 CURTAIN ROAD, Hackney",EC2A 3BS,food standards agency,https://ratings.food.gov.uk/business/1089688
https://www.shoreditchballs.com/,own site,Balls,Hackney,Shoreditch,Bar,info@shoreditchballs.com,1,,333 Old Street,EC1V 9LE,openstreetmap,https://www.openstreetmap.org/way/164845189
https://bambi-bar.com/,own site,Bambi,Hackney,Hackney,Bar,hello@bambi-bar.com,1,+44 20 3822 0301,1-7 Westgate Street,E8 3RL,openstreetmap,https://www.openstreetmap.org/node/6541871585
https://www.bangerslondon.co.uk/,own site,Bangers,Hackney,Shoreditch,Breakfast,hello@bangerslondon.co.uk,1,,5 Leonard Circus,,openstreetmap,https://www.openstreetmap.org/node/13734300301
https://baolondon.com/,own site,BAO Noodle Shop,Hackney,Haggerston,Asian,info@baolondon.com,1,,1 Redchurch Street,E2 7DJ,openstreetmap,https://www.openstreetmap.org/way/224884614
https://basinghouse.co.uk/,"own site (found by name, postcode verified)",Basing House,Hackney,Haggerston,Pub,,1,,"25-27 KINGSLAND ROAD, Hackney",E2 8AA,food standards agency,https://ratings.food.gov.uk/business/470392
https://www.batchbaby.co.uk/,own site,Batch Baby,Hackney,De Beauvoir Town,Breakfast,hello@batchbaby.co.uk,1,,,N1 5SF,openstreetmap,https://www.openstreetmap.org/node/10200371934
https://www.beatone.co.uk/shoreditch,own site,Be At One,Hackney,Shoreditch,Pub,,1,,,,openstreetmap,https://www.openstreetmap.org/way/163997057
https://thebeboppub.com/,own site,BeBopaLula,Hackney,Stoke Newington,Pub,book@thebeboppub.com,1,+44 20 7249 6764,,,openstreetmap,https://www.openstreetmap.org/way/1007692612
https://beechwoodsportspub.com/,own site,Beechwood,Hackney,Shoreditch,American; Pub,info@beechwoodsportspub.com,1,+44 20 8161 0444,1A Principle Place Worship Street,EC2A 2BA,openstreetmap,https://www.openstreetmap.org/way/667230136
http://belleepoque.co.uk/boutiques/newingtongreen/,own site,Belle Epoque Patisserie,Hackney,Stoke Newington,Bakery; French,info@belleepoque.co.uk,1,+44 20 7249 2222,37 Newington Green,N16 9PR,openstreetmap,https://www.openstreetmap.org/way/373053305
https://www.berberandq.com/,own site,Berber & Q,Hackney,Dalston,Restaurant,events@berberandq.com,2,,338 Acton Mews,E8 4EA,openstreetmap,https://www.openstreetmap.org/way/469649789
https://www.berryboys.co.uk/,"own site (found by name, postcode verified)",Berry Boys,Hackney,Hackney,Takeaway,finn@berryboys.co.uk,1,,"Netil House Westgate Street London, Hackney",E8 3RL,food standards agency,https://ratings.food.gov.uk/business/1957928
https://www.bestamericanpizzashoreditch.co.uk/,"own site (found by name, postcode verified)",Best American Pizza,Hackney,Shoreditch,American; Pizza,,1,,16a Pitfield Street,N1 6EY,openstreetmap,https://www.openstreetmap.org/node/334506923
https://www.betterhealthbakery.org.uk/,own site,Better Health Bakery,Hackney,Dalston,Bakery,,1,+44 20 3479 7006,13 Stean Street,E8 4ED,openstreetmap,https://www.openstreetmap.org/node/5691215001
https://biancaslondon.com/,"own site (found by name, postcode verified)",Bianca'S,Hackney,Stoke Newington,Restaurant,info@biancaslondon.com,1,,"175 STOKE NEWINGTON ROAD, Hackney",N16 8BP,food standards agency,https://ratings.food.gov.uk/business/1864869
https://bigoli.com/,own site,Bigoli Fresh Pasta,Hackney,Shoreditch,Italian,info@bigoli.com,1,+44 20 3838 2015,123 City Road,EC1V 1JB,openstreetmap,https://www.openstreetmap.org/way/156211813
https://binchlondon.com/,"own site (found by name, postcode verified)",Binch,Hackney,Shacklewell,Pub,,1,,"51 GREENWOOD ROAD, Hackney",E8 1NT,food standards agency,https://ratings.food.gov.uk/business/1852660
https://www.bistrofreddie.com/,own site,Bistro Freddie,Hackney,Shoreditch,French; Mexican,info@bistrofreddie.com,1,,74 Luke Street,EC2A 4PY,openstreetmap,https://www.openstreetmap.org/way/163923520
https://www.blackcardamom.co.uk/,own site,Black Cardamom,Hackney,Hackney,Indian,,1,+44 20 3632 2502,269 Well Street,E9 6RG,openstreetmap,https://www.openstreetmap.org/way/848656874
http://www.blackcatcafe.co.uk/,own site,Black Cat Cafe,Hackney,Lower Clapton,Breakfast; Burger; Deli; Indian,orders@blackcatcafe.co.uk,1,+44 20 8985 7091,76a Clarence Road,E5 8HB,openstreetmap,https://www.openstreetmap.org/node/291969070
http://blackcathackney.com,own site,Black Cat Café,Hackney,Lower Clapton,Cafe,blackcathackney@gmail.com,1,,76A,,openstreetmap,https://www.openstreetmap.org/node/13806350901
https://blacksheepcoffee.co.uk/blogs/locations/principal-place,own site,Black Sheep Coffee,Hackney,Shoreditch,Breakfast,l.blakey@blacksheepcoffee.co.uk,1,,10 Hearn Street,EC2A 3BR,openstreetmap,https://www.openstreetmap.org/node/6247140622
https://theblacklock.com/restaurants/shoreditch/,own site,Blacklock,Hackney,Shoreditch,Steak,shoreditch@theblacklock.com,1,+44 20 7739 2148,28-30 Rivington Street,EC2A 3DZ,openstreetmap,https://www.openstreetmap.org/way/166202529
https://blendcafe.london/,own site,Blend Cafe Ltd,Hackney,Homerton,Breakfast,info@blendcafe.london,1,,Barnabas Road,E9 5SD,openstreetmap,https://www.openstreetmap.org/node/6632263272
https://www.bluemountaincaribbeancuisine.com/,"own site (found by name, postcode verified)",Blue mountain caribbean cuisine,Hackney,Shacklewell,Takeaway,,1,,"263 AMHURST ROAD, Hackney",N16 7UN,food standards agency,https://ratings.food.gov.uk/business/1872277
https://www.boboandwild.co.uk/,own site,Bobo & Wild,Hackney,Hoxton,Cafe,info@boboandwild.co.uk,4,+44 20 7033 4055,,,openstreetmap,https://www.openstreetmap.org/node/4535875056
https://www.bombaycorner.co.uk/,"own site (found by name, postcode verified)",Bombay Corner,Hackney,Hoxton,Restaurant,,1,,"61 NILE STREET HACKNEY, Hackney",N1 7RD,food standards agency,https://ratings.food.gov.uk/business/1766428
https://www.bottegaprelibato.com/,own site,Bottega Prelibato,Hackney,Shoreditch,Italian,booking@bottegaprelibato.com,1,+44 20 7739 4995,43-45 Rivington Street,EC2A 3QB,openstreetmap,https://www.openstreetmap.org/node/795606805
https://bowlsandsushi.com/,"own site (found by name, postcode verified)",Bowls and Sushi,Hackney,Haggerston,Sushi,,1,,"147 Hackney Road London, Hackney",E2 8JL,food standards agency,https://ratings.food.gov.uk/business/1914631
https://www.bragsandbrams.com/,own site,Brags & Brams,Hackney,Haggerston,Cafe,info@bragsandbrams.com,3,,263-265 Hackney Road,,openstreetmap,https://www.openstreetmap.org/way/824820073
https://bratrestaurant.com/,own site,Brat,Hackney,Haggerston,Restaurant,,1,,4 Redchurch Street,E2 7DD,openstreetmap,https://www.openstreetmap.org/node/11959061648
https://breadandoregano.co.uk/,own site,Bread & Oregano,Hackney,Homerton,Breakfast,info@breadandoregano.co.uk,3,,143-145 Homerton High Street,,openstreetmap,https://www.openstreetmap.org/node/11274342161
https://breadandbuttercollection.com/,"own site (found by name, postcode verified)",Bread and Butter Collection,Hackney,Dalston / Hackney / Hackney Central / Shacklewell,Restaurant,hello@breadandbuttercollection.com,1,,"3 Bohemia Place Mare Street London, Hackney",E8 1DU,food standards agency,https://ratings.food.gov.uk/business/1961304
https://www.bricgallerycafe.co.uk/,"own site (found by name, postcode verified)",Bric Gallery Cafe,Hackney,Shacklewell,Restaurant,,1,,"103 Shacklewell Lane London, Hackney",E8 2EB,food standards agency,https://ratings.food.gov.uk/business/1937863
https://brilliantcornerslondon.co.uk/,own site,Brilliant Corners,Hackney,Dalston,Asian; Japanese,,1,,470-472 Kingsland Road,E8 4AE,openstreetmap,https://www.openstreetmap.org/node/5581331121
https://www.craftunionpubs.com/brook-gate-finsbury-park,own site,Brook Gate,Hackney,Manor House,Pub,,1,,175 Blackstock Road,N4 2JS,openstreetmap,https://www.openstreetmap.org/way/935053788
https://www.brunswickcoffee.co.uk/,"own site (found by name, postcode verified)",Brunswick Coffee,Hackney,Dalston / Hackney / Hackney Central / Shacklewell,Restaurant,hello@brunswickcoffee.co.uk,1,,"Brunswick Coffee Downmarket Hackney Downs Studios 17 Amhurst Terrace London, Hackney",E82BT,food standards agency,https://ratings.food.gov.uk/business/1941157
https://www.brunswickeast.london/,own site,Brunswick East,Hackney,Shacklewell,Cafe,hello@brunswickeast.london,1,,Gillett Street,N16 8JH,openstreetmap,https://www.openstreetmap.org/node/5633817823
https://www.buenayre.net/,own site,Buen Ayre,Hackney,Hackney,Restaurant,,1,+44 20 7275 9900,50 Broadway Market,E8 4QJ,openstreetmap,https://www.openstreetmap.org/node/2075405385
https://www.bunandsum.com/,own site,Bun & Sum,Hackney,Hackney,Burger,,1,,224 Graham Road,E8 1BP,openstreetmap,https://www.openstreetmap.org/node/12656029301
https://www.bunsfromhome.com/,own site,Buns From Home,Hackney,Hackney,Bakery,hey@bunsfromhome.com,1,,25 Broadway Market,E8 4PH,openstreetmap,https://www.openstreetmap.org/way/373401924
https://bunsonfire.co.uk/,"own site (found by name, postcode verified)",Buns on Fire,Hackney,Manor House,Restaurant,,1,,"2B WOODBERRY DOWN, Hackney",N4 2TG,food standards agency,https://ratings.food.gov.uk/business/470182
https://www.bunster.co/,own site,Bunster,Hackney,Lower Clapton,American; Burger; Halal,,1,+44 20 8533 0404,108 Lower Clapton Road,E5 0QR,openstreetmap,https://www.openstreetmap.org/way/593917839
https://www.burgrill.co.uk/,own site,Burgrill,Hackney,Lower Clapton,Takeaway,info@burgrill.co.uk,1,,33 Lower Clapton Road,E5 0NS,openstreetmap,https://www.openstreetmap.org/way/937316670
https://burntmillpizza.com/,"own site (found by name, postcode verified)",Burnt Mill Pizza,Hackney,Hackney,Pizza,,1,,"257 MARE STREET, Hackney",E8 3NS,food standards agency,https://ratings.food.gov.uk/business/1527058
https://www.butchies.co.uk,own site,Butchies,Hackney,Shoreditch,Takeaway,info@butchies.co.uk,2,,22 Rivington Street,EC2A 3DY,openstreetmap,https://www.openstreetmap.org/way/164241240
http://www.bunbunbun.co/,own site,BúnBúnBún,Hackney,Dalston,Asian,hello@bunbunbun.co,1,,511 Kingsland Road,,openstreetmap,https://www.openstreetmap.org/node/8079246117
https://cafekowloon.co.uk/,"own site (found by name, postcode verified)",Cafe Kowloon,Hackney,Hackney,Restaurant,manager@cafekowloon.co.uk,1,,"UNIT 1 392-393 RAILWAY ARCHES MENTMORE TERRACE, Hackney",E8 3PH,food standards agency,https://ratings.food.gov.uk/business/1903886
https://www.cafeoto.co.uk/,own site,Cafe Oto,Hackney,Dalston,Cafe,bradford@cafeoto.co.uk,1,,18-22 Ashwin Street,E8 3DL,openstreetmap,https://www.openstreetmap.org/way/397640224
https://www.cafececilia.com/,own site,Café Cecilia,Hackney,Hackney,Restaurant,info@cafececilia.com,1,+44 20 3478 6726,32 Andrews Road,E8 4FX,openstreetmap,https://www.openstreetmap.org/node/11256174837
http://cafehebe.com,own site,Café Hebe,Hackney,Haggerston,Breakfast,,1,,,,openstreetmap,https://www.openstreetmap.org/node/13660736654
http://www.caferoute.co.uk/,own site,Café Route,Hackney,Dalston,Restaurant,contact@caferoute.co.uk,1,+44 20 7249 6202,Dalston Square,E8 3BQ,openstreetmap,https://www.openstreetmap.org/way/442911486
https://www.cakebox.com/storelocator/clapton/,own site,Cake Box,Hackney,Lower Clapton,Bakery,,1,,99 Lower Clapton Road,E5 0NP,openstreetmap,https://www.openstreetmap.org/way/399277098
https://www.calderalondon.com/,"own site (found by name, postcode verified)",Caldera,Hackney,Hackney,Restaurant,info@calderalondon.com,1,,"UNIT 8 MONOHAUS 143 MARE STREET, Hackney",E8 3FW,food standards agency,https://ratings.food.gov.uk/business/1109301
https://www.calonglondon.com/,own site,Calong,Hackney,West Hackney,Asian; Korean,info@calonglondon.com,1,+44 20 3561 4798,35 Stoke Newington Church Street,N16 0NX,openstreetmap,https://www.openstreetmap.org/node/3761737515
https://www.caloroso.co.uk/,own site,Caloroso,Hackney,Lower Clapton,Pizza,,1,+44 20 8985 5577,71 Lower Clapton Road,E5 0NP,openstreetmap,https://www.openstreetmap.org/way/937287341
https://camino.uk.com/restaurant/shoreditch/,own site,Camino,Hackney,Shoreditch,Spanish,shoreditch@camino.uk.com,1,,2 Curtain Road,EC2A 3BL,openstreetmap,https://www.openstreetmap.org/node/6247142377
https://www.casafofolondon.co.uk/,"own site (found by name, postcode verified)",Casa Fofo,Hackney,Shacklewell,Restaurant,info@casafofolondon.co.uk,2,,"158 SANDRINGHAM ROAD, Hackney",E8 2HS,food standards agency,https://ratings.food.gov.uk/business/554929
https://www.caseysclapton.com/,own site,Casey's,Hackney,Lower Clapton,Bakery,info@caseysclapton.com,1,,150 Lower Clapton Road,E5 0QJ,openstreetmap,https://www.openstreetmap.org/way/594374261
https://www.catandmutton.com/,own site,Cat and Mutton,Hackney,Hackney,Pub,info@catandmutton.com,1,+44 20 7249 6555,76 Broadway Market,E8 4QJ,openstreetmap,https://www.openstreetmap.org/way/366327540
https://caytrerestaurant.co.uk/,"own site (found by name, postcode verified)",Cay Tre Restaurant,Hackney,Shoreditch,Restaurant,info@caytrerestaurant.co.uk,1,,"301 OLD STREET, Hackney",EC1V 9LA,food standards agency,https://ratings.food.gov.uk/business/470219
https://chakana-restaurant.co.uk/,own site,Chakana,Hackney,Hackney,Restaurant,hola@chakana-restaurant.co.uk,1,+44 20 3649 7494,41 Broadway Market,E8 4PH,openstreetmap,https://www.openstreetmap.org/node/3703086370
https://thechambersrestaurant.co.uk,own site,Chambers,Hackney,Hackney,Restaurant,info@thechambersrestaurant.co.uk,1,,132 Lauriston Road,E9 7LH,openstreetmap,https://www.openstreetmap.org/way/595656364
https://chemencaferestaurant.co.uk/,own site,Che-Men,Hackney,Shacklewell,Restaurant,,1,+44 20 7275 9974,85 Stoke Newington Road,N16 8AA,openstreetmap,https://www.openstreetmap.org/node/658958398
https://www.cheatmeals.co.uk/location/stoke-newington,own site,CheatMeals,Hackney,West Hackney,Takeaway,,1,,148 Stoke Newington High Street,N16 7JL,openstreetmap,https://www.openstreetmap.org/node/369879718
https://www.cheshamarms.com/,own site,Chesham Arms,Hackney,Hackney,Pizza; Pub,beer@cheshamarms.com,1,+44 20 8986 6717,15 Mehetabel Road,E9 6DU,openstreetmap,https://www.openstreetmap.org/way/606507213
https://www.chicken-hub.com/locations,own site,Chicken Hub,Hackney,Shoreditch,Takeaway,,1,,125 City Road,EC1V 1JB,openstreetmap,https://www.openstreetmap.org/way/156211817
https://www.cirrik.co.uk,own site,Cirrik,Hackney,Shacklewell,Restaurant,info@cirrik.co.uk,1,+44 20 7249 0400,34 Stoke Newington Road,N16 7XJ,openstreetmap,https://www.openstreetmap.org/node/13565408802
https://www.claptonhart.com/,own site,Clapton Hart,Hackney,Lower Clapton,Pub,,1,+44 20 8985 8124,231 Lower Clapton Road,E5 8EG,openstreetmap,https://www.openstreetmap.org/way/221310845
https://www.claptonsquarebrasserie.com/,own site,Clapton Square Brasserie,Hackney,Lower Clapton,French,info@claptonsquarebrasserie.com,1,+44 20 8985 9674,19 Lower Clapton Road,E5 0NS,openstreetmap,https://www.openstreetmap.org/node/8066034485
http://claptontable.com,own site,Clapton Table,Hackney,Lower Clapton,Cafe,,1,+44 20 3754 7182,159 Lower Clapton Road,E5 8EQ,openstreetmap,https://www.openstreetmap.org/way/937840974
https://www.clarnicoclub.com/,"own site (found by name, postcode verified)",Clarnico Club,Hackney,Hackney Wick,Bakery,manager@clarnicoclub.com,1,,1 Tandy Place,E20 3AS,openstreetmap,https://www.openstreetmap.org/node/7952947615
https://www.cleanheartscafe.com/,"own site (found by name, postcode verified)",Clean Hearts Cafe,Hackney,Shoreditch,Restaurant,,1,,"326-328 OLD STREET, Hackney",EC1V 9DR,food standards agency,https://ratings.food.gov.uk/business/1272066
https://climpsonandsons.com/pages/broadway-market-cafe,own site,Climpson & Sons,Hackney,Hackney,Breakfast,admin@climpsonandsons.com,1,+44 20 7254 7199,67 Broadway Market,E8 4PH,openstreetmap,https://www.openstreetmap.org/way/366327526
https://climpsonandsons.com/,"own site (found by name, postcode verified)",Climpson's Arch,Hackney,Hackney,Restaurant,admin@climpsonandsons.com,2,,Helmsley Place,E8 3SB,openstreetmap,https://www.openstreetmap.org/node/2868736297
https://cloudstreet.london/,"own site (found by name, postcode verified)",Cloudstreet,Hackney,Stoke Newington,Restaurant,wecloudpeople@gmail.com,1,,"1 Bouverie Road London, Hackney",N16 0AH,food standards agency,https://ratings.food.gov.uk/business/1973616
http://www.woodberrywetlands.org.uk/,own site,Coal House Cafe,Hackney,Stamford Hill,Breakfast; Deli,,1,,226 Lordship Road,N16 5HQ,openstreetmap,https://www.openstreetmap.org/way/438113981
https://thecocktavern.co.uk/,own site,Cock Tavern,Hackney,Hackney,Pub,,1,,315 Mare Street,E8 1EJ,openstreetmap,https://www.openstreetmap.org/way/142371465
https://www.onehundredshoreditch.com/eat-drink/coffee-shop/,own site,Coffee Shop,Hackney,Shoreditch,Breakfast,reservations@onehundredshoreditch.com,1,,100 Shoreditch High Street,E1 6JQ,openstreetmap,https://www.openstreetmap.org/node/3639031394
https://www.cottons-restaurant.co.uk/,own site,Cottons,Hackney,Shoreditch,Restaurant,,2,,45-47 Hoxton Square,N1 6PD,openstreetmap,https://www.openstreetmap.org/node/367924656
https://www.creamscafe.com/our-stores/old-street/,own site,Creams,Hackney,Shoreditch,Ice cream,oldstreet@creamscafe.com,1,,229 Old Street,EC1V 9HE,openstreetmap,https://www.openstreetmap.org/way/157258532
https://www.cremerlondon.com/,"own site (found by name, postcode verified)",Cremer,Hackney,Haggerston,Cafe,hello@cremerlondon.com,1,,Geffrye Street,E2 8JH,openstreetmap,https://www.openstreetmap.org/way/107807454
https://crownkebabs.com/,"own site (found by name, postcode verified)",Crown KEBAB'S,Hackney,Shoreditch,Takeaway,,1,,"1 QUAKER STREET, Hackney",E1 6SZ,food standards agency,https://ratings.food.gov.uk/business/1264325
https://www.cruisecoffee.co.uk/,"own site (found by name, postcode verified)",Cruise Coffee,Hackney,Stoke Newington,Food truck,,1,,"Flat 8 Tariro House 40-41 Newington Green London, Hackney",N16 9PR,food standards agency,https://ratings.food.gov.uk/business/1914638
https://www.cuppapug.com/locations/london,own site,CuppaPug,Hackney,Hackney,Cafe,london@cuppapug.com,1,,Nursery Road,E9 6PB,openstreetmap,https://www.openstreetmap.org/node/12750588101
https://dabaffos.com/,"own site (found by name, postcode verified)",DA BAFFOS,Hackney,Lower Clapton,Restaurant,,1,,"90 Lower Clapton Road London, Hackney",E5 0QR,food standards agency,https://ratings.food.gov.uk/business/1967307
https://www.dalfiorentino.london/,"own site (found by name, postcode verified)",Dal Fiorentino,Hackney,Shoreditch,Takeaway,hello@dalfiorentino.london,4,,"74 HOXTON STREET, Hackney",N1 6LP,food standards agency,https://ratings.food.gov.uk/business/1578599
https://www.dallasburger.com/,own site,Dallas,Hackney,Shoreditch,Burger,hello@dallasburger.com,1,,138-139 Shoreditch High Street,E1 6JE,openstreetmap,https://www.openstreetmap.org/node/3639233622
https://dalstongarden.org/,own site,Dalston Eastern Curve Garden,Hackney,Dalston,Breakfast; Pizza,info@dalstongarden.org,1,,,,openstreetmap,https://www.openstreetmap.org/way/131886869
https://dalstonsuperstore.com/,"own site (found by name, postcode verified)",Dalston Superstore,Hackney,Shacklewell,Pub,hello@dalstonsuperstore.com,1,,"117 KINGSLAND HIGH STREET, Hackney",E8 2PB,food standards agency,https://ratings.food.gov.uk/business/470202
https://www.dalstonyard.com/,own site,Dalston Yard,Hackney,Dalston,Food court,,1,,,,openstreetmap,https://www.openstreetmap.org/way/1342549220
https://denadas.co.uk/,own site,De Nadas,Hackney,Shoreditch,Takeaway,,2,,Rivington Street,,openstreetmap,https://www.openstreetmap.org/node/11159803106
https://www.deadgoodcoffee.co.uk/,own site,Dead Good,Hackney,Dalston,Breakfast,,1,,508 Kingsland Road,E8 4AE,openstreetmap,https://www.openstreetmap.org/way/397868799
https://www.tacosdel74.com/,own site,Del74,Hackney,Shacklewell,Mexican,hola@tacosdel74.com,1,+44 20 3609 7035,129 Kingsland High Street,E8 2PB,openstreetmap,https://www.openstreetmap.org/way/395184547
https://devranrestaurant.co.uk/,"own site (found by name, postcode verified)",Devran Restaurant,Hackney,Shacklewell,Restaurant,info@devranrestaurant.co.uk,1,,"170-172 STOKE NEWINGTON ROAD, Hackney",N16 7UY,food standards agency,https://ratings.food.gov.uk/business/468985
https://dilarauyghurrestaurant.co.uk/,own site,Dilara Uyghur Restaurant,Hackney,Manor House,Asian; Chinese,info@dilarauyghurrestaurant.co.uk,1,+44 20 7226 2446,27 Blackstock Road,N4 2JF,openstreetmap,https://www.openstreetmap.org/node/12638795302
https://www.dishoom.com/shoreditch/,own site,Dishoom,Hackney,Haggerston,Indian,,1,+44 20 7420 9324,7 Boundary Street,E2 7JE,openstreetmap,https://www.openstreetmap.org/way/276329431
https://dixychickenandgrill.co.uk/,"own site (found by name, postcode verified)",Dixy Chicken and grill ltd,Hackney,West Hackney,Takeaway,,1,,"163 STOKE NEWINGTON HIGH STREET, Hackney",N16 0NY,food standards agency,https://ratings.food.gov.uk/business/470114
https://dobar.co.uk,own site,Dobar,Hackney,Manor House,Cafe,info@dobar.co.uk,1,+44 20 7686 3257,324 Green Lanes,N4 1BX,openstreetmap,https://www.openstreetmap.org/node/3217493261
https://dolceanddine.com/,"own site (found by name, postcode verified)",Dolce and Dine,Hackney,Stoke Newington,Restaurant,dolceanddine@gmail.com,1,,"123 Green Lanes London, Hackney",N16 9DA,food standards agency,https://ratings.food.gov.uk/business/1952529
https://www.dominos.co.uk/pizza-near-me/london/222-mare-street,own site,Domino's,Hackney,Hackney,Pizza,,1,,222 Mare Street,E8 3RB,openstreetmap,https://www.openstreetmap.org/node/5513838425
https://www.dominos.co.uk/pizza-near-me/london/113-lower-clapton-road,own site,Domino's,Hackney,Lower Clapton,Pizza,,1,,113 Lower Clapton Road,E5 0NP,openstreetmap,https://www.openstreetmap.org/node/8881085799
https://www.donaarepa.london/,"own site (found by name, postcode verified)",Dona Arepa,Hackney,West Hackney,Restaurant,,1,,"86 Stoke Newington High Street London, Hackney",N16 7PA,food standards agency,https://ratings.food.gov.uk/business/1944625
https://donutmanlondon.com/,"own site (found by name, postcode verified)",Donut Man,Hackney,Dalston,Donuts,info@donutmanlondon.com,1,,"DALSTON CROSS SHOPPING CENTRE 64 KINGSLAND HIGH STREET, Hackney",E8 2LX,food standards agency,https://ratings.food.gov.uk/business/736436
https://www.duchyrestaurant.com/,"own site (found by name, postcode verified)",Duchy,Hackney,Shoreditch,Restaurant,manager@duchyrestaurant.com,1,,"18 PHIPP STREET, Hackney",EC2A 4NU,food standards agency,https://ratings.food.gov.uk/business/1885695
https://www.thedukeofyorkpub.com/,own site,Duke of York,Hackney,De Beauvoir Town,Pub,info@thedukeofyorkpub.com,1,,33 Downham Road,N1 5AA,openstreetmap,https://www.openstreetmap.org/way/474422893
https://e5bakehouse.com/,own site,E5 Bakehouse,Hackney,Hackney,Bakery,info@e5bakehouse.com,1,+44 20 8525 2890,395 Mentmore Terrace,E8 3PH,openstreetmap,https://www.openstreetmap.org/node/2699676449
https://east2west.london/,own site,East 2 West,Hackney,Hackney,Restaurant,info@east2west.london,1,,56 Broadway Market,E8 4QJ,openstreetmap,https://www.openstreetmap.org/way/366327455
https://eastwickkids.com/,"own site (found by name, postcode verified)",East Wick Kids,Hackney,Hackney Wick,Restaurant,info@eastwickkids.com,1,,"19 TANDY PLACE HACKNEY WICK, Hackney",E20 3AS,food standards agency,https://ratings.food.gov.uk/business/1426614
https://www.e-z-8.com/,own site,Easy 8,Hackney,Hackney,Mexican,hello@e-z-8.com,1,,159a Mare Street,E8 3RH,openstreetmap,https://www.openstreetmap.org/way/587954409
https://ekbakery.co.uk/,own site,EK Bakery,Hackney,Haggerston,Bakery,orders@ekbakery.co.uk,1,+44 20 8076 0005,Broadway Market Mews,,openstreetmap,https://www.openstreetmap.org/node/9460213204
https://www.elgansocafe.co.uk/,own site,El Ganso Cafe,Hackney,Hackney,Cafe,hello@elgansocafe.co.uk,1,+44 20 7241 1793,59-61 Broadway Market,E8 4PH,openstreetmap,https://www.openstreetmap.org/node/5460589021
https://www.elephanthackney.com/,own site,Elephant,Hackney,Lower Clapton,Italian,bookings@elephanthackney.com,1,,43 Lower Clapton Road,,openstreetmap,https://www.openstreetmap.org/way/937316669
https://www.elevatedfitness.uk/,"own site (found by name, postcode verified)",Elevated Fitness,Hackney,Hackney,Restaurant,hello@elevatedfitness.uk,1,,"UNIT 17-20 GROVE HOUSE 16 TUDOR GROVE, Hackney",E9 7QP,food standards agency,https://ratings.food.gov.uk/business/1743969
https://elsewherecoffee.com/,own site,Elsewhere Coffee,Hackney,Hackney,Breakfast,,2,,,,openstreetmap,https://www.openstreetmap.org/way/933824906
https://www.empiretavern.co.uk/,own site,Empire Tavern,Hackney,Hackney,Bar,events@empiretavern.co.uk,2,,,,openstreetmap,https://www.openstreetmap.org/node/11297978581
https://www.equalpartslondon.com/,"own site (found by name, postcode verified)",Equal Parts Limited,Hackney,Haggerston,Restaurant,hello@equalpartslondon.com,1,,"245 HACKNEY ROAD, Hackney",E2 8NA,food standards agency,https://ratings.food.gov.uk/business/1657374
https://www.escocesa.co.uk/,own site,Escocesa,Hackney,West Hackney,Spanish,info@escocesa.co.uk,1,,67 Stoke Newington Church Street,N16 0AR,openstreetmap,https://www.openstreetmap.org/way/399129126
https://escudodecuba.com/,own site,Escudo de Cuba,Hackney,Shacklewell,Restaurant,,1,,20 Stoke Newington Road,N16 7XN,openstreetmap,https://www.openstreetmap.org/node/13357395001
https://www.estersn16.com/,own site,Esters,Hackney,Stoke Newington,Cafe,hello@estersn16.com,1,,55 Kynaston Road,N16 0EB,openstreetmap,https://www.openstreetmap.org/node/11274746222
https://www.thisisrude.com/pages/coffee-hatch,own site,Everyday Sunshine,Hackney,Stoke Newington,Breakfast,rupertmeats@thisisrude.com,1,+44 20 7502 3393,49 Barbauld Road,N16 0RT,openstreetmap,https://www.openstreetmap.org/node/10918203625
https://www.facing-heaven.com/,own site,Facing Heaven,Hackney,Hackney,Asian; Chinese,hello@facing-heaven.com,1,,1A Bayford Street,E8 3SE,openstreetmap,https://www.openstreetmap.org/way/935514828
https://www.farrs.pub/,own site,Farr's,Hackney,Dalston,Pizza,info@farrs.pub,1,+44 20 7923 4553,17-19 Dalston Lane,E8 3DF,openstreetmap,https://www.openstreetmap.org/way/397628362
https://www.faulknersfishandchips.co.uk/,own site,Faulkners,Hackney,Dalston,Seafood,info@faulknersfishandchips.co.uk,1,+44 20 7502 1080,"424,426 Kingsland Road",E8 4AA,openstreetmap,https://www.openstreetmap.org/way/460833841
https://fennecandparsley.com,own site,Fennec & Parsley,Hackney,Hoxton,Halal,,1,,108 Hoxton Street,N1 6SH,openstreetmap,https://www.openstreetmap.org/node/6813245536
https://fieldnotes.uk/,own site,Field Notes,Hackney,Hackney,Restaurant,impallari@gmail.com,1,,,,openstreetmap,https://www.openstreetmap.org/node/12794630263
https://www.finks.co.uk/,own site,Fink's,Hackney,Stoke Newington,Bakery; Breakfast; Deli,info@finks.co.uk,3,,Stoke Newington Church Street,N16 9HJ,openstreetmap,https://www.openstreetmap.org/node/8479300924
https://flatironsteak.co.uk/restaurant/shoreditch/,own site,Flat Iron Shoreditch,Hackney,Shoreditch,Steak,sustainability@flatironsteak.co.uk,1,,77 Curtain Road,EC2A 3BS,openstreetmap,https://www.openstreetmap.org/node/13677463042
https://frizzanterestaurant.com/,own site,Frizzante,Hackney,Haggerston,Restaurant,info@frizzanterestaurant.com,1,,1 Goldsmiths' Row,E2 8QA,openstreetmap,https://www.openstreetmap.org/node/686485717
https://www.fujirestaurant.co.uk/,own site,Fuji,Hackney,West Hackney,Asian; Japanese,info@fujirestaurant.co.uk,1,+44 20 7254 6093,15 Stoke Newington Church Street,N16 0NX,openstreetmap,https://www.openstreetmap.org/node/374318245
https://www.fwdcoffee.co.uk/,own site,FWD:Coffee,Hackney,Shoreditch,Breakfast,sales@fwdcoffee.co.uk,4,,126 Curtain Road,EC2A 3PJ,openstreetmap,https://www.openstreetmap.org/way/166688584
https://gaiabistro.co.uk/,own site,Gaia Bistro,Hackney,Haggerston,French,marketing@gaiabistro.co.uk,1,+44 20 4547 2760,Hackney Road,E2 8GY,openstreetmap,https://www.openstreetmap.org/node/10775457927
https://www.gaiapulses.com/,own site,Gaia Pulses,Hackney,Hackney,Greek,info@gaiapulses.com,2,,,,openstreetmap,https://www.openstreetmap.org/node/9595060036
https://gails.com/pages/victoria-park,own site,GAIL's,Hackney,Hackney,Bakery,,1,,87 Lauriston Road,E9 7HJ,openstreetmap,https://www.openstreetmap.org/way/595656384
https://www.bigmammagroup.com/,own site,Gloria,Hackney,Shoreditch,Restaurant,jean.naudy@gmail.com,1,,54-56 Great Eastern Street,EC2A 3QR,openstreetmap,https://www.openstreetmap.org/way/157314578
https://golden-states.co.uk/,own site,Golden States,Hackney,Lower Clapton,Asian; Chinese,,1,+44 20 8985 7971,67 Lower Clapton Road,E5 0NP,openstreetmap,https://www.openstreetmap.org/way/372813579
https://goldiesaloon.com/,own site,GOLDIE SALOON,Hackney,Shacklewell,Cafe,,1,,10 Andre Street,E8 2AZ,openstreetmap,https://www.openstreetmap.org/node/13031942757
https://goodfellaslagrande.com/,"own site (found by name, postcode verified)",Goodfellas La Grande,Hackney,Hackney,Takeaway,,1,,"UNIT 8 REGENT STUDIOS 8 ANDREWS ROAD., Hackney",E8 4QN,food standards agency,https://ratings.food.gov.uk/business/1771491
https://www.gotto.co.uk/,"own site (found by name, postcode verified)",Gotto,Hackney,Hackney Wick,Restaurant,info@gotto.co.uk,1,,"27 EAST BAY LANE, Hackney",E15 2GW,food standards agency,https://ratings.food.gov.uk/business/903753
https://www.gramndegrees.co.uk/,own site,Gramndegrees,Hackney,Haggerston,Breakfast,hello@gramndegrees.co.uk,1,,93 Kingsland Road,E2 8AG,openstreetmap,https://www.openstreetmap.org/node/13646215319
https://grapesandhops.co.uk/,"own site (found by name, postcode verified)",Grapes & Hops,Hackney,Hackney,Restaurant,grapesandhops@outlook.com,1,,"232 GRAHAM ROAD HACKNEY, Hackney",E8 1BP,food standards agency,https://ratings.food.gov.uk/business/1426622
https://greatbeyond.beer/,own site,Great Beyond Brewery,Hackney,Shoreditch,Pub,info@greatbeyond.beer,1,,417 Union Walk,,openstreetmap,https://www.openstreetmap.org/node/11128539820
https://green-papaya.com/,own site,Green Papaya,Hackney,Hackney,Asian,,1,+44 20 8985 5486,191 Mare Street,E8 3QE,openstreetmap,https://www.openstreetmap.org/way/587954404
https://greenroomcafe.uk/,own site,Green Room Cafe,Hackney,Stoke Newington,Cafe,,1,,113 Stoke Newington Church Street,N16 0UD,openstreetmap,https://www.openstreetmap.org/node/3761643196
https://greenwoodnursery.school/,"own site (found by name, postcode verified)",Greenwood Nursery School,Hackney,De Beauvoir Town,Restaurant,wandle@greenwoodnursery.school,1,,"14A ARDLEIGH ROAD, Hackney",N1 4HP,food standards agency,https://ratings.food.gov.uk/business/1838584
https://growhackney.tumblr.com/,own site,"Grow, Hackney",Hackney,Hackney Wick,Restaurant,,1,,98 Wallis Road,E9 5LN,openstreetmap,https://www.openstreetmap.org/node/4241220584
https://www.gujaratirasoi.com/,own site,Gujarati Rasoi,Hackney,Shacklewell,Indian,eat@gujaratirasoi.com,1,+44 20 8616 7914,10C Bradbury Street,N16 8JN,openstreetmap,https://www.openstreetmap.org/way/289376376
https://www.gyroslab.com/,own site,Gyros Lab,Hackney,Haggerston,Greek,info@gyroslab.com,1,+44 20 3337 5856,2 Kingsland Road,E2 8DA,openstreetmap,https://www.openstreetmap.org/way/164475597
https://www.hjaris.com,own site,H.J.Aris Café and Antiques,Hackney,Dalston,Bakery,,1,+44 20 3489 3390,11 Dalston Lane,E8 3DF,openstreetmap,https://www.openstreetmap.org/way/562608030
https://hackneychurchbrew.co,own site,Hackney Church Brew Co,Hackney,Hackney,Indian,hello@hackneychurchbrew.co,1,+44 20 3795 8295,Bohemia Place,E8 1DU,openstreetmap,https://www.openstreetmap.org/node/6900790806
https://hackneygarden.co.uk/,own site,Hackney Garden,Hackney,Hackney Wick,Asian; Chinese; Halal,,1,,357a Wick Road,E9 5DH,openstreetmap,https://www.openstreetmap.org/node/12625991930
https://www.hackneylinks.com/,"own site (found by name, postcode verified)",Hackney Links,Hackney,Lower Clapton,Restaurant,,1,,"Unit 14.3 2 Maple Path London, Hackney",E5 8FE,food standards agency,https://ratings.food.gov.uk/business/1927874
https://www.hai-cafe.com/,own site,Hai Cafe,Hackney,Lower Clapton,Asian,haicafelondon@gmail.com,1,,120B Lower Clapton Road,E5 0QR,openstreetmap,https://www.openstreetmap.org/way/593917813
https://haihaonline.co.uk/,own site,hai ha,Hackney,Hackney,Asian,,1,,206 Mare Street,E8 3RD,openstreetmap,https://www.openstreetmap.org/node/5392665529
https://www.hanoicafe.co.uk/,"own site (found by name, postcode verified)",Hanoi Cafe,Hackney,Haggerston,Asian,,1,,98 Kingsland Road,E2 8DP,openstreetmap,https://www.openstreetmap.org/way/164483497
https://www.hanoipho21.com,own site,Hanoi Pho 21,Hackney,Shoreditch,Asian,info@hanoipho21.com,1,+44 20 4629 3242,56 Paul Street,,openstreetmap,https://www.openstreetmap.org/way/163923530
https://www.londonbikestudio.org/,own site,HARÜ Coffee,Hackney,West Hackney,Cafe,shop@londonbikestudio.org,1,,Evering Road,,openstreetmap,https://www.openstreetmap.org/way/1125606008
https://www.hearthbakery.co.uk/,own site,Hearth,Hackney,Hackney Wick,Bakery,hello@hearthbakery.co.uk,1,,86 Wallis Road,,openstreetmap,https://www.openstreetmap.org/node/9847830921
https://hectorslondon.co.uk/,"own site (found by name, postcode verified)",Hector’s London,Hackney,De Beauvoir Town,Pub,hello@hectorslondon.co.uk,1,,"49A ARDLEIGH ROAD, Hackney",N1 4HS,food standards agency,https://ratings.food.gov.uk/business/1806401
https://www.helmalondon.com/,own site,Helma,Hackney,De Beauvoir Town,Cafe,hello@helmalondon.com,1,,13 Downham Road,N1 5AA,openstreetmap,https://www.openstreetmap.org/node/6996847269
https://hoaxrestaurant.com/,"own site (found by name, postcode verified)",Hoax,Hackney,Dalston,Restaurant,,1,,"390 KINGSLAND ROAD, Hackney",E8 4AA,food standards agency,https://ratings.food.gov.uk/business/1903985
https://honi-poke-shoreditch.nearbyfirms.com/,"own site (found by name, postcode verified)",Honi Poke,Hackney,Shoreditch,Restaurant,,1,,42 Great Eastern Street,EC2A 3EP,openstreetmap,https://www.openstreetmap.org/way/157314570
https://www.hourglass.coffee/,own site,Hourglass Coffee,Hackney,Manor House,Cafe,info@hourglasscoffee.co.uk,1,,263 Green Lanes,N4 2UX,openstreetmap,https://www.openstreetmap.org/node/7578441704
https://houseofmomo.co.uk/,own site,House of MoMo,Hackney,Shacklewell,Asian,bookings@houseofmomo.co.uk,3,+44 20 3632 4208,52 Boleyn Road,N16 8JP,openstreetmap,https://www.openstreetmap.org/way/329962516
https://houseofsunny.com/,"own site (found by name, postcode verified)",HOUSE OF SUNNY LTD,Hackney,Dalston / Hackney / Hackney Central / Shacklewell,Restaurant,customercare@houseofsunny.com,1,,"G4 NORTHSIDE STUDIOS ANDREWS ROAD, Hackney",E8 4QF,food standards agency,https://ratings.food.gov.uk/business/1422608
https://www.hoxtonpub.com/,own site,Howl at the Moon,Hackney,Hoxton,Pub,howlhoxton@gmail.com,1,+44 20 7688 1970,178 Hoxton Street,N1 5LH,openstreetmap,https://www.openstreetmap.org/way/726988825
https://hoxtonbeach.com/,own site,Hoxton Beach,Hackney,Hackney,Cafe,hoxtonhome@gmail.com,1,,London Fields West Side,E8 3EU,openstreetmap,https://www.openstreetmap.org/node/8042840212
https://www.hoxtoncabin.com/,"own site (found by name, postcode verified)",Hoxton Cabin,Hackney,Haggerston,Cafe,info@hoxtoncabin.com,1,,132 Kingsland Road,E2 8DP,openstreetmap,https://www.openstreetmap.org/way/273890987
https://hoxtonchickenandpizza.co.uk/,"own site (found by name, postcode verified)",Hoxton Chicken & Pizza,Hackney,Hoxton,Pizza,,1,,94 Hoxton Street,N1 6LP,openstreetmap,https://www.openstreetmap.org/node/6813245522
https://thehoxton.com/london/shoreditch/il-bambini-club/,"own site (found by name, postcode verified)",Hoxton Grill,Hackney,Shoreditch,Restaurant,,1,,81 Great Eastern Street,EC2A 3HU,openstreetmap,https://www.openstreetmap.org/node/1694505331
https://www.hoxtonhall.co.uk/,"own site (found by name, postcode verified)",Hoxton Hall Ltd,Hackney,Hoxton,Restaurant,activate@hoxtonhall.co.uk,1,,"HOXTON HALL THEATRE 130 HOXTON STREET, Hackney",N1 6SH,food standards agency,https://ratings.food.gov.uk/business/469191
https://hōmdalston.com,own site,hōm,Hackney,Dalston,Breakfast,,1,,,,openstreetmap,https://www.openstreetmap.org/node/11336827906
https://ikhaltosvalley.co.uk/,own site,Ikhaltos Valley Georgian Cuisine,Hackney,West Hackney,Restaurant,,1,,70 Stoke Newington High Street,N16 7PA,openstreetmap,https://www.openstreetmap.org/node/11359926070
https://www.ilbacioexpress.uk/,own site,Il Bacio Express,Hackney,Stoke Newington,Italian,,1,,90 Stoke Newington Church Street,N16 0AP,openstreetmap,https://www.openstreetmap.org/node/3761678060
https://www.itsu.com/location/city-of-london/city-road/,own site,itsu,Hackney,Hoxton,Asian,appfeedback@itsu.com,1,+44 20 3829 5447,161 City Road,EC1V 1NR,openstreetmap,https://www.openstreetmap.org/node/5316435767
https://www.itsu.com/location/city-of-london/great-eastern-street/,own site,itsu,Hackney,Shoreditch,Asian,appfeedback@itsu.com,1,,49-51 Great Eastern Street,EC2A 3HP,openstreetmap,https://www.openstreetmap.org/way/157236281
https://www.itto.co.uk/,"own site (found by name, postcode verified)",Itto,Hackney,West Hackney,Asian,,2,,226 Stoke Newington High Street,N16 7HU,openstreetmap,https://www.openstreetmap.org/node/369859331
http://ivoryseasonsbyenish.co.uk/,"own site (found by name, postcode verified)",Ivory Seasons By Enish,Hackney,Haggerston,Restaurant,,1,,"1C Rosewood Building Cremer Street London, Hackney",E2 8GX,food standards agency,https://ratings.food.gov.uk/business/1927847
https://www.jfbjerkgrill.co.uk/,own site,JFB Jerk Grill,Hackney,Lower Clapton,Restaurant,,1,,1 Atkins Square,,openstreetmap,https://www.openstreetmap.org/node/9500988154
https://joicecafe.co.uk/,"own site (found by name, postcode verified)",Joice Cafe,Hackney,Stoke Newington,Restaurant,marketing@joicecafe.co.uk,2,,"191 STOKE NEWINGTON CHURCH STREET, Hackney",N16 0UL,food standards agency,https://ratings.food.gov.uk/business/1109303
https://jujuhomecha.com/,"own site (found by name, postcode verified)",Jujuhome Cha,Hackney,Shoreditch,Cafe,,1,,2-10 Bethnal Green Road,E1 6GY,openstreetmap,https://www.openstreetmap.org/way/637312549
https://www.kaffacoffee.co.uk/,"own site (found by name, postcode verified)",Kaffa Coffee,Hackney,Shacklewell,Cafe,hello@kaffacoffee.co.uk,1,,Gillett Square,N16 8AZ,openstreetmap,https://www.openstreetmap.org/node/3280271909
https://www.kantinarestaurant.com/,"own site (found by name, postcode verified)",Kantina,Hackney,Shoreditch,Restaurant,,1,,"54-56 Scrutton Street London, Hackney",EC2A 4PH,food standards agency,https://ratings.food.gov.uk/business/1961297
https://kashmirkebabish.com/,"own site (found by name, postcode verified)",Kashmir Kebabish,Hackney,Shacklewell,Takeaway,info@kashmirkebabish.com,1,,"5 RIDLEY ROAD, Hackney",E8 2NP,food standards agency,https://ratings.food.gov.uk/business/469900
https://www.katsute100.com/,own site,Katsute100 Broadway Market,Hackney,Hackney,Cafe,contact@katsute100.com,6,,4 Broadway Market Mews,E8 4TS,openstreetmap,https://www.openstreetmap.org/node/3751773924
https://www.kfc.co.uk/kfc-near-me/stoke-newington-high-street,own site,KFC,Hackney,West Hackney,Takeaway,,1,,192 Stoke Newington High Street,N16 7JD,openstreetmap,https://www.openstreetmap.org/node/369879096
https://www.kfc.co.uk/kfc-near-me/finsbury-park-seven-sisters-road,own site,KFC,Hackney,Manor House,Takeaway,,1,,288 Seven Sisters Road,N4 2AA,openstreetmap,https://www.openstreetmap.org/node/9813421926
https://www.kfc.co.uk/kfc-near-me/hackney-mare-street,own site,KFC,Hackney,Hackney,Takeaway,,1,,311 Mare Street,E8 1EJ,openstreetmap,https://www.openstreetmap.org/way/589699806
https://www.kindhaus.co.uk/,"own site (found by name, postcode verified)",KindHaus,Hackney,Stoke Newington,Restaurant,hello@kindhaus.co.uk,1,,"6A Howard Road London, Hackney",N16 8PX,food standards agency,https://ratings.food.gov.uk/business/1961296
https://www.kokodoo.co.uk/,"own site (found by name, postcode verified)",KOKODOO,Hackney,Shoreditch,Restaurant,info@kokodoo.co.uk,3,,"54 PAUL STREET, Hackney",EC2A 4LN,food standards agency,https://ratings.food.gov.uk/business/1576958
https://www.komeuk.com/,own site,Kome Express,Hackney,Hackney,Asian; Japanese; Korean,,1,,222 Graham Road,E8 1BP,openstreetmap,https://www.openstreetmap.org/node/9883943766
https://www.koya.co.uk/restaurant/hackney,own site,Koya Ko,Hackney,Haggerston,Asian; Japanese,office@koya.co.uk,1,,10-12 Broadway Market Mews,,openstreetmap,https://www.openstreetmap.org/node/11203196943
https://kricket.co.uk/shoreditch/,own site,Kricket,Hackney,Shoreditch,Indian,hello@kricket.co.uk,1,+44 20 3835 8805,35-42 Charlotte Road,EC2A 3PB,openstreetmap,https://www.openstreetmap.org/node/13522984801
https://www.kybelle.co.uk/,own site,Kybelle,Hackney,Shoreditch,Cafe,info@kybelle.co.uk,1,+44 20 7209 1727,62 Great Eastern Street,EC2A 3QR,openstreetmap,https://www.openstreetmap.org/way/157314582
https://keudeli.co.uk/,own site,Kêu!,Hackney,Shoreditch,Asian,info@keudeli.co.uk,2,+44 20 7739 1164,334 Old Street,EC1V 9DR,openstreetmap,https://www.openstreetmap.org/way/164244207
https://www.lepicerie56.com/,own site,L'épicerie,Hackney,Lower Clapton,Breakfast; Deli,,1,+44 20 7503 8172,56 Chatsworth Road,E5 0LS,openstreetmap,https://www.openstreetmap.org/way/851943949
http://www.labarcapizzeria.co.uk/,own site,La Barca,Hackney,Stoke Newington,Pizza,,1,,59 Allen Road,N16 8RY,openstreetmap,https://www.openstreetmap.org/way/262600570
https://lacamionera.com,own site,La Camionera,Hackney,Hackney,Breakfast,info@lacamionera.com,1,+44 7725 443407,243 Well Street,,openstreetmap,https://www.openstreetmap.org/way/624517498
https://lamelabistro.com/,own site,La Mela,Hackney,Homerton,Cafe,lamelabistro@gmail.com,1,+44 20 8510 0801,25-27 Marsh Hill,E9 5QA,openstreetmap,https://www.openstreetmap.org/way/1067868573
https://www.laburnumboatclub.com/,"own site (found by name, postcode verified)",Laburnum Boat Club,Hackney,Haggerston,Restaurant,info@laburnumboatclub.com,1,,"Laburnum Boat Club Laburnum Street London, Hackney",E28BH,food standards agency,https://ratings.food.gov.uk/business/1920749
https://www.lardo.co.uk/,"own site (found by name, postcode verified)",Lardo,Hackney,Hackney,Pizza,info@lardo.co.uk,1,,205 Richmond Road,E8 3NJ,openstreetmap,https://www.openstreetmap.org/node/2868737270
https://leadseatery.co.uk/,"own site (found by name, postcode verified)",Leads Eatery,Hackney,Shacklewell,Takeaway,,1,,"87B SHACKLEWELL LN, Hackney",E8 2EB,food standards agency,https://ratings.food.gov.uk/business/1604176
https://www.libanbites.com/,"own site (found by name, postcode verified)",Liban Bites,Hackney,Shoreditch,Restaurant,libanbitesuk@gmail.com,1,,"297 OLD STREET, Hackney",EC1V 9LA,food standards agency,https://ratings.food.gov.uk/business/1726471
https://littleduckpicklery.com/,own site,Little Duck - The Picklery,Hackney,Dalston,Restaurant,info@littleduckpicklery.com,1,+44 20 7249 9177,68 Dalston Lane,E8 3AH,openstreetmap,https://www.openstreetmap.org/node/8986727349
https://littlegeorgia.co.uk/,own site,Little Georgia,Hackney,Haggerston,Restaurant,,2,+44 20 7739 8154,87 Goldsmiths' Row,E2 8QR,openstreetmap,https://www.openstreetmap.org/way/1018485793
https://www.londonboroughofjam.com/,own site,London Borough of Jam,Hackney,Lower Clapton,Deli,lillie@londonboroughofjam.com,1,,51D Chatsworth Road,E5 0FF,openstreetmap,https://www.openstreetmap.org/way/849462117
https://luckyandjoy.co.uk/,own site,Lucky & Joy,Hackney,Lower Clapton,Asian,info@luckyandjoy.co.uk,1,+44 20 8617 8100,95 Lower Clapton Road,E5 0NP,openstreetmap,https://www.openstreetmap.org/node/8046931748
https://luminarybakery.com,own site,Luminary Bakery,Hackney,Stoke Newington,Bakery,hello@luminarybakery.com,1,,71-73 Allen Road,N16 8RY,openstreetmap,https://www.openstreetmap.org/node/8415271885
https://www.malavendacafe.com/,own site,Malavenda Cafè,Hackney,Hackney,Breakfast; Italian,,1,,1e Mentmore Terrace,,openstreetmap,https://www.openstreetmap.org/node/8979499250
http://www.mama-vics.co.uk/,own site,Mama Vic's,Hackney,Shacklewell,Takeaway,,1,,7 Bradbury Street,N16 8JN,openstreetmap,https://www.openstreetmap.org/way/289376375
https://www.mambow.co.uk/,own site,Mambow,Hackney,Lower Clapton,Asian,info@mambow.co.uk,1,,78 Lower Clapton Road,E5 0RN,openstreetmap,https://www.openstreetmap.org/way/593535892
https://www.mangal2.com/,own site,Mangal II,Hackney,Shacklewell,Restaurant,bookings@mangal2.com,1,,27 Stoke Newington Road,N16 8BJ,openstreetmap,https://www.openstreetmap.org/node/11359957569
http://www.mangal1.com/,own site,Mangal Ocakbaşı,Hackney,Shacklewell,Restaurant,lienhe.xoilacphongkham@gmail.com,1,+44 20 7275 8981,10 Arcola Street,E8 2DJ,openstreetmap,https://www.openstreetmap.org/way/367522714
https://www.mapmaison.com/,"own site (found by name, postcode verified)",MAP Maison,Hackney,Dalston,Restaurant,reservations@mapmaison.com,1,,"321 KINGSLAND ROAD, Hackney",E8 4DL,food standards agency,https://ratings.food.gov.uk/business/653679
https://www.mappscafe.co.uk/,"own site (found by name, postcode verified)",Mapps Cafe,Hackney,Hackney Wick,Cafe,,1,,13 Chapman Road,E9 5DW,openstreetmap,https://www.openstreetmap.org/way/965594094
https://marestreetmarket.com/,own site,Mare Street Market,Hackney,Hackney,Food court,hackney@marestreetmarket.com,1,+44 20 3745 2470,117 Mare Street,E8 4RU,openstreetmap,https://www.openstreetmap.org/node/5624234390
https://www.market-cafe.co.uk/,"own site (found by name, postcode verified)",Market Cafe,Hackney,Hackney,Cafe,info@market-cafe.co.uk,1,,2 Broadway Market,E8 4QJ,openstreetmap,https://www.openstreetmap.org/way/366327477
https://etmcollection.co.uk/venue/marlowe/,"own site (found by name, postcode verified)",Marlowe,Hackney,Hoxton,Restaurant,hello@etmcollection.co.uk,1,,"151-157 CITY ROAD, Hackney",EC1V 1JH,food standards agency,https://ratings.food.gov.uk/business/1794838
https://www.sonorataqueria.com,own site,Massala Indian Takeaway,Hackney,West Hackney,Indian; Mexican,hola@sonorataqueria.com,2,,208 Stoke Newington High Street,N16 7HU,openstreetmap,https://www.openstreetmap.org/node/369864921
https://matchamochicafe.com/,"own site (found by name, postcode verified)",Matcha Mochi Cafe,Hackney,Hoxton,Restaurant,,1,,"EAGLE HOUSE 163 CITY ROAD, Hackney",EC1V 1NR,food standards agency,https://ratings.food.gov.uk/business/1903888
https://www.mcdonalds.com/gb/en-gb/location/dalston/dalston/3642-kingsland-high-street/8260262.html,own site,McDonald's,Hackney,Dalston,Burger,,1,+44 20 7254 0310,36-42 Kingsland High Street,E8 2JP,openstreetmap,https://www.openstreetmap.org/node/370464409
https://www.mcdonalds.com/gb/en-gb/location/islington/city-road/241-city-road/8260603.html,own site,McDonald's,Hackney,Hoxton,Burger,,1,+44 20 7336 6411,241 City Road,EC1V 1JQ,openstreetmap,https://www.openstreetmap.org/node/412849560
https://www.mcdonalds.com/gb/en-gb/location/hackney/hackney/359363-mare-street/8260109.html,own site,McDonald's,Hackney,Hackney,Burger,00109@uk.mcd.com,1,+44 20 8985 4102,359-363 Mare Street,E8 1HY,openstreetmap,https://www.openstreetmap.org/way/226550498
https://meetbros.co.uk/,"own site (found by name, postcode verified)",Meet Bros.,Hackney,Shoreditch,Restaurant,paddington@meetbros.co.uk,2,,2 King John Court,EC2A 3EZ,openstreetmap,https://www.openstreetmap.org/node/8027867056
http://www.menhackney.com/,own site,Men,Hackney,Lower Clapton,Asian; Japanese,info@menhackney.com,1,+44 20 8616 1370,51 Chatsworth Road,E5 0LH,openstreetmap,https://www.openstreetmap.org/way/849373825
https://mientay.co.uk/,"own site (found by name, postcode verified)",Mien Tay,Hackney,Haggerston,Restaurant,tanvienng@yahoo.com,2,,"106-108 KINGSLAND ROAD, Hackney",E2 8DP,food standards agency,https://ratings.food.gov.uk/business/470439
https://www.millfieldscoffee.co.uk/,own site,Millfields Coffee,Hackney,Lower Clapton,Breakfast,danilabodei@gmail.com,1,,145 Chatsworth Road,E5 0LA,openstreetmap,https://www.openstreetmap.org/way/948101376
https://minibeeschildcare.co.uk/,"own site (found by name, postcode verified)",Mini Bees Childcare,Hackney,Hackney,Restaurant,info@minibeeschildcare.co.uk,1,,"1 - 9 SIDWORTH STREET, Hackney",E8 3SD,food standards agency,https://ratings.food.gov.uk/business/1493657
https://moomooburger.co.uk/,own site,Moo Moo Burgers,Hackney,Hackney,Burger,,1,,240 Graham Road,E8 1BP,openstreetmap,https://www.openstreetmap.org/node/13980207566
https://moorandmead.com/,own site,Moor & Mead,Hackney,Hoxton,Restaurant,,1,+44 20 3837 3102,,,openstreetmap,https://www.openstreetmap.org/node/9580811917
https://www.moritohackneyroad.co.uk/,own site,Morito,Hackney,Haggerston,Restaurant,info@moritohackneyroad.co.uk,1,+44 20 7613 0754,195 Hackney Road,E2 8JL,openstreetmap,https://www.openstreetmap.org/node/4812013271
https://moyletts.co.uk/,"own site (found by name, postcode verified)",Moyletts,Hackney,Lower Clapton,Pub,,1,,181 Clarence Road,E5 8EE,openstreetmap,https://www.openstreetmap.org/way/594763297
https://www.momangio.co.uk/,"own site (found by name, postcode verified)",Mo’ Mangio!,Hackney,Dalston,Restaurant,,1,,"238 HAGGERSTON ROAD, Hackney",E8 4HT,food standards agency,https://ratings.food.gov.uk/business/1910908
https://mychocolate.co.uk/,"own site (found by name, postcode verified)",My Chocolate,Hackney,Haggerston,Food truck,info@mychocolate.co.uk,1,,"22 Waterson Street London, Hackney",E2 8HL,food standards agency,https://ratings.food.gov.uk/business/1941160
https://myneighboursthedumplings.com/,own site,My Neighbour the Dumplings,Hackney,Lower Clapton,Asian,clapton@myneighboursthedumplings.com,2,,165 Lower Clapton Road,E5 8EQ,openstreetmap,https://www.openstreetmap.org/node/5026858721
https://www.nandos.co.uk/restaurants/old-street,own site,Nando's,Hackney,Hoxton,Restaurant,,1,,197 City Road,EC1V 1JN,openstreetmap,https://www.openstreetmap.org/node/3980220829
https://www.nandos.co.uk/restaurants/stoke-newington,own site,Nando's,Hackney,Stoke Newington,Restaurant,,1,,139-141 Stoke Newington Church Street,N16 0UH,openstreetmap,https://www.openstreetmap.org/way/372611452
https://www.nandos.co.uk/restaurants/dalston,own site,Nando's,Hackney,Shacklewell,Halal,,1,+44 20 7923 3555,148 Kingsland High Street,E8 2NS,openstreetmap,https://www.openstreetmap.org/way/393884151
https://www.narcafe.co.uk,own site,Nar Cafe,Hackney,Manor House,Cafe,info@narcafe.co.uk,1,,Goodchild Road,N4 2LZ,openstreetmap,https://www.openstreetmap.org/node/4437531398
https://naturapizzeria.com/,own site,Natura Pizzeria,Hackney,Hackney Wick,Pizza,impallari@gmail.com,1,,30 Felstead Street,E9 5LG,openstreetmap,https://www.openstreetmap.org/node/4685849442
https://negiandnori.com/,"own site (found by name, postcode verified)",Negi & Nori,Hackney,Haggerston,Asian; Japanese,info@negiandnori.com,1,,26 Kingsland Road,E2 8DA,openstreetmap,https://www.openstreetmap.org/way/164475576
https://www.nestfood.co.uk/,own site,Nest,Hackney,Shoreditch,Restaurant,hello@nestfood.co.uk,1,,,,openstreetmap,https://www.openstreetmap.org/node/5483292921
https://www.nifonkitchen.com/,"own site (found by name, postcode verified)",Ni Fon Kitchen,Hackney,Stoke Newington,Restaurant,contact@nifonkitchen.com,1,,"74 GREEN LANES, Hackney",N16 9EJ,food standards agency,https://ratings.food.gov.uk/business/1885705
https://www.barnightjar.com/,"own site (found by name, postcode verified)",Nightjar,Hackney,,Restaurant,shoreditch@barnightjar.com,1,,"129 City Rd London EC1V 1JB UK, Hackney",EC1V 1JB,food standards agency,https://ratings.food.gov.uk/business/469619
https://nemnoms.co.uk/,own site,Nom Nom,Hackney,Haggerston,Asian,,1,+44 20 7729 8344,134G Kingsland Road,E2 8DY,openstreetmap,https://www.openstreetmap.org/way/107807435
https://www.nostralondon.com/,own site,Nostra,Hackney,Homerton,Restaurant,info@nostralondon.com,1,,8 Mackintosh Lane,E9 6AB,openstreetmap,https://www.openstreetmap.org/node/4829139602
https://number90bar.co.uk/,own site,Number 90 Bar & Kitchen,Hackney,Hackney Wick,Burger,,1,,90 Wallis Road,E9 5LN,openstreetmap,https://www.openstreetmap.org/node/3041028978
https://www.octaveskitchen.co.uk/,"own site (found by name, postcode verified)",Octaves,Hackney,West Hackney,Restaurant,,1,,"110 STOKE NEWINGTON HIGH STREET, Hackney",N16 7NY,food standards agency,https://ratings.food.gov.uk/business/1672796
https://www.offbroadway.org.uk/,own site,Off Broadway,Hackney,Hackney,Bar,,1,,63-65 Broadway Market,E8 4PH,openstreetmap,https://www.openstreetmap.org/way/366327549
https://ohbaleaf.co.uk/,own site,Ohba Leaf,Hackney,Homerton,Asian; Japanese,hackney@ohbaleaf.co.uk,2,+44 20 3515 0456,,,openstreetmap,https://www.openstreetmap.org/node/8702493917
https://www.okawarilondon.co.uk/,"own site (found by name, postcode verified)",Okawari,Hackney,Dalston,Restaurant,,3,,"452 Kingsland Road London, Hackney",E8 4AE,food standards agency,https://ratings.food.gov.uk/business/1914635
https://www.okko-uk.com/,own site,OKKO,Hackney,Hackney,Asian; Japanese,restaurant@okko-uk.com,1,+44 20 7249 1372,49 Broadway Market,E8 4PH,openstreetmap,https://www.openstreetmap.org/node/3703086367
http://oldkingshead.uk/,"own site (found by name, postcode verified)",Old Kings Head,Hackney,Shoreditch,Pub,,1,,28 Holywell Row,EC2A 4JB,openstreetmap,https://www.openstreetmap.org/way/164527293
https://www.oldshiphackney.com/,own site,Old Ship,Hackney,Hackney,Burger; Pub,,1,+44 20 8986 2732,2 Sylvester Path,E8 1EN,openstreetmap,https://www.openstreetmap.org/way/589699814
https://www.urbanpubsandbars.com/venues/the-old-ship,"own site (found by name, postcode verified)",Old Ship Hackney,Hackney,Hackney,Pub,,1,,"THE OLD SHIP 2 SYLVESTER PATH, Hackney",E8 1EN,food standards agency,https://ratings.food.gov.uk/business/469472
https://www.oliveira.kitchen/,own site,Oliveira,Hackney,Shoreditch,Restaurant,shoreditch@oliveira.kitchen,1,+44 20 7729 0481,80 Paul Street,,openstreetmap,https://www.openstreetmap.org/node/12105654525
http://onthebab.co.uk/,own site,On The Bab,Hackney,Shoreditch,Asian; Korean,,1,+44 20 7683 0361,305 Old Street,EC1V 9LA,openstreetmap,https://www.openstreetmap.org/way/165491342
https://onehundredshoreditch.com/,"own site (found by name, postcode verified)",One Hundred Shoreditch,Hackney,Shoreditch,Restaurant,reservations@onehundredshoreditch.com,1,,"100 SHOREDITCH HIGH STREET, Hackney",E1 6JQ,food standards agency,https://ratings.food.gov.uk/business/1845133
https://onlythebravelondon.co.uk/,own site,Only The Brave,Hackney,Hackney,Cafe,hello@onlythebravelondon.co.uk,1,,,,openstreetmap,https://www.openstreetmap.org/way/1078885483
https://www.orenlondon.com/,"own site (found by name, phone verified)",Oren,Hackney,Shacklewell,Restaurant,info@orenlondon.com,1,+44 20 7916 6114,89 Shacklewell Lane,,openstreetmap,https://www.openstreetmap.org/node/12118347555
https://www.orendeli.com/,own site,Oren Delicatessen,Hackney,Hackney,Deli,,1,,6c Ada Street,E8 4QU,openstreetmap,https://www.openstreetmap.org/node/2697932861
https://www.oriental-takeaway.co.uk/,own site,Oriental,Hackney,Dalston,Asian; Chinese,,1,+44 20 7254 2145,444 Kingsland Road,,openstreetmap,https://www.openstreetmap.org/way/1011000323
https://www.ornella.restaurant/,own site,Ornella,Hackney,Hackney,Italian,ciao@ornella.restaurant,1,,51 Wilton Way,,openstreetmap,https://www.openstreetmap.org/way/1021910752
https://www.oslohackney.com/,own site,Oslo,Hackney,Hackney,Pizza,,1,,1a Amhurst Road,E8 1LL,openstreetmap,https://www.openstreetmap.org/way/240442388
https://www.palaette.co.uk/,own site,Palaette,Hackney,Hackney,Halal,info@palaette.co.uk,1,+44 7395 327 754,415 Mare Street,E8 1HY,openstreetmap,https://www.openstreetmap.org/way/372812236
https://www.papajohns.co.uk/stores/hoxton-and-city,own site,Papa John's,Hackney,Hoxton,Pizza,,1,+44 20 7749 0707,202 Hoxton Street,N1 5LH,openstreetmap,https://www.openstreetmap.org/node/6813239304
https://www.papajohns.co.uk/stores/london-hackney-wick,own site,Papa John's,Hackney,Hackney Wick,Pizza,,1,+44 20 8985 7070,32a Eastway,E9 5JB,openstreetmap,https://www.openstreetmap.org/node/9399379763
https://sct.org.uk/social-enterprises/paper-cup/,own site,Paper & Cup,Hackney,Haggerston,Cafe,paperandcup@sct.org.uk,1,+44 7732 691013,18 Calvert Avenue,E2 7JP,openstreetmap,https://www.openstreetmap.org/node/2457229991
https://paperdressvintage.co.uk/,"own site (found by name, postcode verified)",Paper Dress Vintage,Hackney,Hackney,Takeaway,hello@paperdressvintage.co.uk,1,,"352A MARE STREET, Hackney",E8 1HR,food standards agency,https://ratings.food.gov.uk/business/985253
https://www.papillonpizzahackney.uk/hackney/,"own site (found by name, postcode verified)",Papillon Pizza,Hackney,Hackney,Halal; Pizza,info@papillonpizzahackney.uk,1,,5 Mare Street,E8 4RP,openstreetmap,https://www.openstreetmap.org/way/587320525
https://www.welcometotheparadox.com/,own site,Paradox Coffee,Hackney,Hackney,Breakfast,,1,,,,openstreetmap,https://www.openstreetmap.org/node/10284727897
https://www.pauliesbagels.co.uk/,own site,Paulie's,Hackney,Hackney,Bagels,,2,,192 Well Street,,openstreetmap,https://www.openstreetmap.org/way/848227438
https://peckpeck.co.uk/,"own site (found by name, postcode verified)",Peck Peck,Hackney,Hackney,Restaurant,sal@peckpeck.co.uk,2,,"320 MARE STREET, Hackney",E8 1HA,food standards agency,https://ratings.food.gov.uk/business/1740598
https://pedallerscorner.co.uk/,"own site (found by name, postcode verified)",Pedaller'S Corner,Hackney,Shacklewell,Restaurant,hello@pedallerscorner.co.uk,1,,"131 STOKE NEWINGTON ROAD, Hackney",N16 8BT,food standards agency,https://ratings.food.gov.uk/business/1864846
https://pemburytavern.co.uk/,own site,Pembury Tavern,Hackney,Shacklewell,Pub,hello@pemburytavern.co.uk,1,+44 20 8986 8597,90 Amhurst Road,E8 1JH,openstreetmap,https://www.openstreetmap.org/way/372701658
https://peopleswine.co.uk/,"own site (found by name, postcode verified)",People s wine,Hackney,Dalston / Hackney / Hackney Central / Shacklewell,Restaurant,hello@peopleswine.co.uk,2,,"73 DALSTON LANE, Hackney",E82NG,food standards agency,https://ratings.food.gov.uk/business/1394299
https://www.peoplesparktavern.pub/,own site,People's Park Tavern,Hackney,Hackney,Burger; Pub,hello@peoplesparktavern.pub,1,+44 20 8533 0040,360 Victoria Park Road,E9 7BT,openstreetmap,https://www.openstreetmap.org/way/95243702
https://www.photobookuk.org/,own site,Photobook cafe,Hackney,Shoreditch,Cafe,info@photobookuk.org,1,,,,openstreetmap,https://www.openstreetmap.org/node/10036261935
https://www.spicesliceshoreditch.com/,"own site (found by name, postcode verified)",Piehole Shoreditch,Hackney,Shoreditch,Restaurant,bookings@spicesliceshoreditch.com,1,,"124 SHOREDITCH HIGH STREET, Hackney",E1 6JE,food standards agency,https://ratings.food.gov.uk/business/1791596
https://www.pitfieldlondon.com/,own site,Pitfield London,Hackney,Shoreditch,Cafe,,1,,31-35 Pitfield Street,N1 6HB,openstreetmap,https://www.openstreetmap.org/node/2019120123
https://pivaz.co.uk/,own site,Pivaz,Hackney,Lower Clapton,Halal,management@pivaz.co.uk,1,+44 20 8985 2599,34 Chatsworth Road,E5 0LP,openstreetmap,https://www.openstreetmap.org/way/849373847
https://www.pizzaeast.com/shoreditch,own site,Pizza East,Hackney,Shoreditch,Pizza,reception@pizzaeast.com,1,+44 20 7729 1888,56 Shoreditch High Street,E1 6JJ,openstreetmap,https://www.openstreetmap.org/node/629381061
https://www.pizzagogo.co.uk/stores/hackney,own site,Pizza GoGo,Hackney,Hackney,Halal; Pizza,,1,+44 20 8533 1377,18 Morning Lane,E9 6NA,openstreetmap,https://www.openstreetmap.org/node/7145814545
https://www.pizzagogo.co.uk/stores/stoke-newington,own site,Pizza GoGo,Hackney,Stoke Newington,Pizza,,1,+44 20 7503 5353,122 Green Lanes,N16 9EH,openstreetmap,https://www.openstreetmap.org/way/397058662
https://www.pizzahut.co.uk/huts/uk-1/7577-stoke-newington/,own site,Pizza Hut Delivery,Hackney,West Hackney,Pizza,,1,+44 20 7923 1133,230-240 Stoke Newington High Street,N16 7HU,openstreetmap,https://www.openstreetmap.org/node/369859328
https://www.pizzapara.co.uk/,"own site (found by name, postcode verified)",Pizza Pārā,Hackney,Dalston,Pizza,,1,,323 Kingsland Road,E8 4DL,openstreetmap,https://www.openstreetmap.org/way/747855951
https://www.urispizza.uk/,"own site (found by name, postcode verified)",Pizza Uri,Hackney,Stamford Hill,Pizza,,1,,"4 WINDUS ROAD, Hackney",N16 6UP,food standards agency,https://ratings.food.gov.uk/business/470418
https://www.pizzaexpress.com/hackney-mare-street,own site,PizzaExpress,Hackney,Hackney,Pizza,,1,+44 20 8104 0470,298 Mare Street,E8 1HE,openstreetmap,https://www.openstreetmap.org/node/10259642860
http://pizzaluxe.com/,"own site (found by name, postcode verified)",PizzaLuxe,Hackney,,Pizza,info@pizzaluxe.com,1,,"1A PRINCIPAL TOWER 115 WORSHIP STREET, Hackney",EC2A 2FA,food standards agency,https://ratings.food.gov.uk/business/1495655
https://planque.co.uk/,own site,Planque,Hackney,Haggerston,Restaurant,hello@planque.co.uk,1,,,,openstreetmap,https://www.openstreetmap.org/way/1162758775
https://playldn.co.uk/,own site,Play Ldn,Hackney,Hackney,Restaurant,,1,,97 Wick Road,E9 5AB,openstreetmap,https://www.openstreetmap.org/way/480686697
https://popeyesuk.com/restaurants/dalston,own site,Popeyes,Hackney,Dalston,Takeaway,,1,,14 Kingsland High Street,E8 2JP,openstreetmap,https://www.openstreetmap.org/node/5678299608
https://www.pophamsbakery.com/,own site,Pophams Bakery,Hackney,Hackney,Bakery,hello@pophamsbakery.com,3,,197 Richmond Road,E8 3NJ,openstreetmap,https://www.openstreetmap.org/node/7908733411
https://popoloshoreditch.com/,own site,Popolo,Hackney,Shoreditch,Restaurant,info@popoloshoreditch.com,1,+44 20 7729 4299,26 Rivington Street,EC2A 3DU,openstreetmap,https://www.openstreetmap.org/way/164241230
https://www.powerherbs.co.uk/,"own site (found by name, postcode verified)",Power Herbs,Hackney,Shacklewell,Restaurant,,1,,"105 Stoke Newington Road, Hackney",N16 8BX,food standards agency,https://ratings.food.gov.uk/business/1916796
https://presto.pizza,own site,Presto,Hackney,Manor House,Pizza,impallari@gmail.com,1,+44 20 8888 8844,Unit A Seven Sisters Road,N4 1JU,openstreetmap,https://www.openstreetmap.org/node/11950441239
https://www.pret.co.uk/en-GB/shop-finder/l/london/amhurst-road/11218,own site,Pret A Manger,Hackney,Hackney,Deli,,1,,1-3 Amhurst Road,E8 1JB,openstreetmap,https://www.openstreetmap.org/node/2481768957
https://locations.pret.co.uk/london/57-great-eastern-street,own site,Pret A Manger,Hackney,Shoreditch,Deli,,1,,57 Great Eastern Street,EC2A 3QD,openstreetmap,https://www.openstreetmap.org/way/164729816
http://primeurn5.co.uk/,own site,Primeur,Hackney,Stoke Newington,Restaurant,,1,+44 20 7226 5271,116 Petherton Road,N5 2RT,openstreetmap,https://www.openstreetmap.org/way/482671982
https://www.theprincearthurpub.co.uk/,own site,Prince Arthur,Hackney,Shoreditch,Pub,info@theprincearthurpub.co.uk,1,+44 20 7336 6429,49 Brunswick Place,N1 6EB,openstreetmap,https://www.openstreetmap.org/way/751430300
https://theprincegeorgepub.co.uk/,own site,Prince George,Hackney,Dalston,Pub,,1,+44 20 7254 6060,40 Parkholme Road,,openstreetmap,https://www.openstreetmap.org/way/970859357
https://www.princessofwalesclapton.co.uk,own site,Princess of Wales,Hackney,Lower Clapton,Pub,princessofwales@youngs.co.uk,1,+44 20 8533 5463,146 Lea Bridge Road,E5 9RB,openstreetmap,https://www.openstreetmap.org/way/115190097
https://pubonthepark.com/,own site,Pub on the Park,Hackney,Hackney,Pub,info@pubonthepark.com,1,+44 20 7923 3398,19 Martello Street,E8 3PE,openstreetmap,https://www.openstreetmap.org/way/333082445
https://www.qqlounge.com/,own site,QQ Grill Restaurant and Lounge,Hackney,Hackney Wick,Restaurant,,1,,331 Wick Road,E9 5DH,openstreetmap,https://www.openstreetmap.org/way/507356560
https://www.urbanpubsandbars.com/venues/queens-head-shoreditch,"own site (found by name, postcode verified)",Queen's Head,Hackney,Shoreditch,Pub,,1,,222 Shoreditch High Street,E1 6PJ,openstreetmap,https://www.openstreetmap.org/way/157322999
https://randyswingbar.co.uk/,"own site (found by name, postcode verified)",Randy's Wing Bar,Hackney,Hackney Wick,Restaurant,randys@randyswingbar.co.uk,1,+44 20 8555 5971,28 East Bay Lane,E15 2GW,openstreetmap,https://www.openstreetmap.org/way/668568682
https://rasasaffron.co.uk/,"own site (found by name, postcode verified)",RASA SAFFRON,Hackney,Dalston / Hackney / Hackney Central / Shacklewell,Restaurant,,1,,"75 Mare Street London, Hackney",E8 4RG,food standards agency,https://ratings.food.gov.uk/business/1942575
https://www.rawlala.co.uk/,own site,Rawlala,Hackney,Shoreditch,Takeaway,info@rawlala.co.uk,1,,11 Hackney Road,,openstreetmap,https://www.openstreetmap.org/node/10235907403
https://www.reddogsaloon.co.uk/,own site,Red Dog Saloon,Hackney,Shoreditch,American; Steak,info@reddogsaloon.co.uk,2,+44 20 3551 8014,37 Hoxton Square,N1 6NN,openstreetmap,https://www.openstreetmap.org/way/289312899
https://www.red-hand.co.uk/,"own site (found by name, postcode verified)",Red Hand,Hackney,Shacklewell,Pub,paradise@red-hand.co.uk,1,,36-38 Stoke Newington Road,N16 7XJ,openstreetmap,https://www.openstreetmap.org/node/13991142771
https://www.redlionhoxton.co.uk,own site,Red Lion,Hackney,Shoreditch,Burger; Pizza; Pub,redlionenquieries@gmail.com,1,+44 20 7729 7920,41 Hoxton Street,N1 6NH,openstreetmap,https://www.openstreetmap.org/way/209257299
https://www.ridleyroadmarketbar.com/,"own site (found by name, postcode verified)",Ridley Road Market Bar,Hackney,Shacklewell,Pub,bookings@ridleyroadmarketbar.com,1,,"49 RIDLEY ROAD, Hackney",E8 2NP,food standards agency,https://ratings.food.gov.uk/business/470586
https://riocinema.org.uk/Rio.dll/Home,"own site (found by name, postcode verified)",Rio Cinema,Hackney,Shacklewell,Restaurant,manager@riocinema.org.uk,1,,"RIO CINEMA DALSTON 103-107 KINGSLAND HIGH STREET, Hackney",E8 2PB,food standards agency,https://ratings.food.gov.uk/business/468824
https://www.riteawaycaribbeandelights.co.uk/,own site,Rite Away,Hackney,Lower Clapton,Takeaway,riteawaycaribbeandelights@yahoo.com,1,+44 20 3652 3366,113 Downs Road,,openstreetmap,https://www.openstreetmap.org/way/594374271
https://rodeo.co.uk/pages/stores/rodeo-doughnuts-shoreditch-store,own site,Rodeo,Hackney,Shoreditch,Donuts,,1,,223b Old Street,EC1V 9HE,openstreetmap,https://www.openstreetmap.org/way/157258593
https://rollboys.co.uk/,"own site (found by name, postcode verified)",Roll Boys,Hackney,Hackney Wick,Restaurant,reachme@rollboys.co.uk,1,,"HERE EAST UNIT 4 LESNEY AVENUE, Hackney",E20 3BS,food standards agency,https://ratings.food.gov.uk/business/1834899
https://rollingstocklondon.com/,"own site (found by name, postcode verified)",Rolling Stock,Hackney,Haggerston,Pub,hello@rollingstocklondon.com,1,,"48 KINGSLAND ROAD, Hackney",E2 8DA,food standards agency,https://ratings.food.gov.uk/business/665542
https://www.rosasthaicafe.com/,own site,Rosa's Thai Cafe,Hackney,Hackney,Asian,bakerstreet@rosasthai.com,4,,381 Mentmore Terrace,E8 3PH,openstreetmap,https://www.openstreetmap.org/node/9034322103
https://roseandcrownn16.co.uk/,own site,Rose & Crown,Hackney,Stoke Newington,Pub,manager@roseandcrownn16.co.uk,1,,199 Stoke Newington Church Street,N16 9ES,openstreetmap,https://www.openstreetmap.org/way/238385297
https://www.rudyspizza.co.uk/,own site,Rudy's Pizza Napoletana,Hackney,Shoreditch,Pizza,shop@rudyspizza.co.uk,1,+44 20 8165 9929,183 Shoreditch High Street,E1 6HU,openstreetmap,https://www.openstreetmap.org/way/1293019902
https://runninglate.uk/,"own site (found by name, postcode verified)",Running Late,Hackney,Hackney,Breakfast,hello@runninglate.uk,1,,249,E8 3NS,openstreetmap,https://www.openstreetmap.org/node/12107013562
https://sabretooth.london/,"own site (found by name, postcode verified)",Sabretooth,Hackney,Hoxton,Cafe,sabretooth.hoxton@gmail.com,1,,285 Hoxton Street,N1 5JX,openstreetmap,https://www.openstreetmap.org/node/9240197317
https://www.sagerandwilde.com/,"own site (found by name, postcode verified)",Sager & Wilde,Hackney,Haggerston,Pub,hello@sagerandwilde.com,1,,"THE BRITISH LION 193 HACKNEY ROAD, Hackney",E2 8JL,food standards agency,https://ratings.food.gov.uk/business/622406
https://www.saintmondaybrewery.uk/,own site,Saint Monday,Hackney,Hackney,BBQ; Pub,idle@saintmondaybrewery.uk,1,+44 20 3011 1323,Warburton Street,E8 3RR,openstreetmap,https://www.openstreetmap.org/way/293285859
https://saladjunction.co.uk/,"own site (found by name, postcode verified)",Salad Junction,Hackney,Shoreditch,Takeaway,info@saladjunction.co.uk,2,+44 20 7377 9858,97 Worship Street,EC2A 2BZ,openstreetmap,https://www.openstreetmap.org/way/636155747
https://salttheradish.com/,own site,Salt the Radish,Hackney,Manor House,Cafe,info@salttheradish.com,1,,,,openstreetmap,https://www.openstreetmap.org/node/10110257535
https://www.samarkandlondon.co.uk,own site,Samarkand,Hackney,Shacklewell,Asian,samarkandlondon24@gmail.com,1,+44 20 7916 0460,30 Stoke Newington Road,N16 7XJ,openstreetmap,https://www.openstreetmap.org/node/13255556401
https://sanjugo.co.uk/shoreditch/,own site,Sanjugo,Hackney,Shoreditch,Asian; Japanese,,1,+442045978055,13-15 Great Eastern Street,EC2A 3EJ,openstreetmap,https://www.openstreetmap.org/node/13390948862
https://www.santoremedio.co.uk/,own site,Santo Remedio,Hackney,Shoreditch,Mexican,contact@santoremedio.co.uk,2,,55 Great Eastern Street,EC2A 3HP,openstreetmap,https://www.openstreetmap.org/way/157236283
https://www.sariyerbalikrestaurant.com/,"own site (found by name, postcode verified)",Sariyer Balik,Hackney,Stoke Newington,Restaurant,sariyerbalikrestaurant@gmail.com,1,,"56 GREEN LANES, Hackney",N16 9NH,food standards agency,https://ratings.food.gov.uk/business/468790
https://www.schnitzelforever.co.uk/,own site,Schnitzel Forever,Hackney,Stoke Newington,Restaurant,info@schnitzelforever.co.uk,1,+44 20 7419 0022,119 Stoke Newington Church Street,N16 0UH,openstreetmap,https://www.openstreetmap.org/node/9584114683
https://www.schnitzelheaven.co.uk,own site,Schnitzel Heaven,Hackney,Shoreditch,Halal,info@schnitzelheaven.co.uk,2,,57 Pitfield Street,N1 6BU,openstreetmap,https://www.openstreetmap.org/node/334371568
https://seaweed-food.co.uk,own site,Seaweed,Hackney,Hackney,Asian; Chinese; Halal; Japanese; Korean,info@seaweed-food.co.uk,1,+44 20 3062 8704,358 Mare Street,E8 1HR,openstreetmap,https://www.openstreetmap.org/way/592200043
https://www.sennoods.co.uk/,own site,Sen Noods,Hackney,Hackney,Asian; Halal,,1,,,,openstreetmap,https://www.openstreetmap.org/node/11375873617
https://www.senzafondo.com/,own site,Senza Fondo,Hackney,Shoreditch,Italian,ciao@senzafondo.com,1,,1 Rufus Street,N1 6PE,openstreetmap,https://www.openstreetmap.org/node/12606589701
https://shedlondon.shop,own site,SHED,Hackney,Dalston,Breakfast; Deli,,1,+44 20 3940 2495,292 Kingsland Road,E8 4DG,openstreetmap,https://www.openstreetmap.org/node/14014223818
https://shedlondon.com/,"own site (found by name, postcode verified)",Shed,Hackney,Dalston,Restaurant,,1,,"8 LEE STREET, Hackney",E8 4DY,food standards agency,https://ratings.food.gov.uk/business/840600
https://shoreditchartsclub.com/,"own site (found by name, postcode verified)",Shoreditch Arts Club,Hackney,Haggerston,Restaurant,events@shoreditchartsclub.com,1,,"6 Redchurch Street, Hackney",E2 7DD,food standards agency,https://ratings.food.gov.uk/business/1957946
https://www.sohohouse.com/houses/shoreditch-house,"own site (found by name, postcode verified)",Shoreditch House,Hackney,Shoreditch,Pub,membersupport@sohohouse.com,1,,Ebor Street,E1 6AW,openstreetmap,https://www.openstreetmap.org/node/371520154
https://www.shuklondon.com/,"own site (found by name, postcode verified)",Shuk London,Hackney,Shacklewell,Restaurant,weborders@shuklondon.com,1,,"11-17 STOKE NEWINGTON ROAD, Hackney",N16 8BH,food standards agency,https://ratings.food.gov.uk/business/1527066
https://www.signaturebrew.co.uk/pages/the-signature-brew-taproom-venue-in-haggerston-east-london,own site,Signature Brew Taproom and Venue,Hackney,Dalston,Deli; Pub,info@signaturebrew.co.uk,1,,340 Acton Mews,E8 4EA,openstreetmap,https://www.openstreetmap.org/way/469649790
https://singburi.london/,own site,Singburi,Hackney,Shoreditch,Asian,bookings@singburi.london,1,,185-186 Shoreditch High Street,E1 6HU,openstreetmap,https://www.openstreetmap.org/node/13124756012
https://www.smokinggoatbar.com/,own site,Smoking Goat,Hackney,Shoreditch,Asian,,1,,64 Shoreditch High Street,E1 6JJ,openstreetmap,https://www.openstreetmap.org/node/12448591501
https://www.sodopizza.co.uk/,own site,Sodo Pizza,Hackney,Shoreditch,Pizza,press@sodopizza.co.uk,3,,63 Pitfield Street,N1 6BU,openstreetmap,https://www.openstreetmap.org/node/9947254921
https://sohailarestaurant.com/,"own site (found by name, postcode verified)",Sohaila,Hackney,Shoreditch,Restaurant,,1,,232 Shoreditch High Street,E1 6PJ,openstreetmap,https://www.openstreetmap.org/node/2758070685
https://drinksolocoffee.com/,"own site (found by name, postcode verified)",Solo Coffee,Hackney,,Restaurant,,1,,"SOHO WORKS SHOREDITCH UNIT 4.07 THE TEA BUILDING 56 SHOREDITCH HIGH STREET, Hackney",E1 6JJ,food standards agency,https://ratings.food.gov.uk/business/1374775
https://www.soltroom.com,own site,Solt Room,Hackney,Hackney,Cafe,,1,+44 20 3010 7289,Morning Lane,E9 6LJ,openstreetmap,https://www.openstreetmap.org/node/14108549675
https://www.sonshackney.com/,"own site (found by name, postcode verified)",Sons,Hackney,Hackney,Breakfast,,1,,Lower Clapton Road,E5 0PD,openstreetmap,https://www.openstreetmap.org/way/885567037
https://springfieldparkcafe.co.uk,own site,Springfield Park Cafe,Hackney,Upper Clapton,Cafe,info@springfieldparkcafe.co.uk,1,,Springfield,E5 9EF,openstreetmap,https://www.openstreetmap.org/node/26269218
https://www.spurstowearms.com/,own site,Spurstowe Arms,Hackney,Dalston,Pizza; Pub,,1,,68 Greenwood Road,E8 1AB,openstreetmap,https://www.openstreetmap.org/way/373347592
https://www.stjh.org.uk/,"own site (found by name, postcode verified)",St Josephs Hospice,Hackney,Hackney,Restaurant,info@stjh.org.uk,1,,"ST JOSEPHS HOSPICE MARE STREET, Hackney",E8 4SA,food standards agency,https://ratings.food.gov.uk/business/1264345
https://www.starbucks.com/store-locator/store/1045479/kingsland-high-st-starbucks-coffee-uk-ltd-12-kingsland-high-street-l,own site,Starbucks,Hackney,Dalston,Breakfast,press@starbucks.com,1,,,,openstreetmap,https://www.openstreetmap.org/node/11359780770
https://www.sticksnsushi.com/gb/en/,"own site (found by name, postcode verified)",Sticks'n'Sushi,Hackney,Shoreditch,Asian; Sushi,contact@sticksnsushi.com,7,+44 20 3343 2223,100 Shoreditch High Street,E1 6JQ,openstreetmap,https://www.openstreetmap.org/node/3639085263
https://stokeysdelicatessen.com,own site,Stokey’s Delicatessen,Hackney,Stoke Newington,Deli,,1,,182 Stoke Newington Church Street,,openstreetmap,https://www.openstreetmap.org/node/11812396451
http://www.stonecave.net/,own site,Stone Cave,Hackney,Shacklewell,Restaurant,info@stonecave.net,1,+44 20 7241 4911,111 Kingsland High Street,E8 2PB,openstreetmap,https://www.openstreetmap.org/way/395184517
https://straightouttanashville.uk/,"own site (found by name, postcode verified)",Straight Outta Nashville,Hackney,Dalston,Restaurant,,1,,"21 Dalston Lane London, Hackney",E8 3DF,food standards agency,https://ratings.food.gov.uk/business/1935153
https://www.bloom-market.co.uk/,"own site (found by name, postcode verified)",Streetbox,Hackney,Stamford Hill,Restaurant,hello@bloom-market.co.uk,1,,"151 STAMFORD HILL, Hackney",N16 5LG,food standards agency,https://ratings.food.gov.uk/business/1514479
https://www.strongroombar.com,own site,Strongroom,Hackney,Shoreditch,Burger,,1,+44 20 7426 5103,120-124 Curtain Road,EC2A 3SQ,openstreetmap,https://www.openstreetmap.org/node/752177862
https://www.subabakery.com/,own site,Suba,Hackney,Lower Clapton,Bakery,info@subabakery.com,2,,1 Station Parade,E5 8BD,openstreetmap,https://www.openstreetmap.org/node/13109180139
https://www.sublimepizzeria.com/,own site,Sublime Pizzeria,Hackney,Manor House,Pizza,,1,,151 Woodberry Grove,N4 2SB,openstreetmap,https://www.openstreetmap.org/node/6413475476
https://restaurants.subway.com/united-kingdom/en/london/519-kingsland-road,own site,Subway,Hackney,Dalston,Deli,,1,,519 Kingsland Road,E8 4AR,openstreetmap,https://www.openstreetmap.org/node/4130496751
https://restaurants.subway.com/united-kingdom/en/london/50-great-eastern-street,own site,Subway,Hackney,Shoreditch,Deli,,1,,50 Great Eastern Street,EC2A 3EP,openstreetmap,https://www.openstreetmap.org/way/157314595
https://www.sugo82.com/,"own site (found by name, postcode verified)",Sugo82,Hackney,Hackney,Italian,ciao@sugo82.com,1,,13-23 Westgate Street,E8 3RL,openstreetmap,https://www.openstreetmap.org/way/1187903784
https://www.sune.restaurant/,own site,Sune,Hackney,Haggerston,Restaurant,ciao@sune.restaurant,1,+44 20 4568 6675,129a Pritchard's Road,E2 9AP,openstreetmap,https://www.openstreetmap.org/node/8063412143
https://sunlightcaribbean.co.uk,own site,Sunlight Caribbean,Hackney,Hackney,Takeaway,admin@sunlightcaribbean.co.uk,1,+44 20 8985 5848,259 Well Street,E9 6RG,openstreetmap,https://www.openstreetmap.org/way/848656863
https://www.sushipops.co.uk/,"own site (found by name, postcode verified)",Sushi Pops,Hackney,Shoreditch,Sushi,info@sushipops.co.uk,1,,2-10 Bethnal Green Road,E1 6GY,openstreetmap,https://www.openstreetmap.org/way/637312530
https://www.suttonandsons.co.uk/,"own site (found by name, postcode verified)",Sutton and Sons,Hackney,Hackney,Restaurant,hackney@suttonandsons.co.uk,3,,"218 GRAHAM ROAD, Hackney",E8 1BP,food standards agency,https://ratings.food.gov.uk/business/1220381
https://sway-edit.com/,"own site (found by name, postcode verified)",SWAY EDIT.,Hackney,Shoreditch,Takeaway,info@sway-edit.com,1,,"73 Curtain Road London, Hackney",EC2A 3BS,food standards agency,https://ratings.food.gov.uk/business/1914620
https://www.songque.co.uk/,own site,Sông Quê café,Hackney,Haggerston,Asian,,1,+44 20 7613 3222,134 Kingsland Road,E2 8DY,openstreetmap,https://www.openstreetmap.org/way/273890505
https://tacocollective.com/,"own site (found by name, postcode verified)",Taco Collective,Hackney,Haggerston,Mexican; Tacos,,1,,32 Kingsland Road,E2 8DA,openstreetmap,https://www.openstreetmap.org/way/164475536
https://tastipizza.co.uk/,"own site (found by name, postcode verified)",Tasti Pizza,Hackney,Stamford Hill,Pizza,,1,,23 Amhurst Park,N16 5AA,openstreetmap,https://www.openstreetmap.org/node/1893971978
https://www.tatarbunar.co.uk/,"own site (found by name, postcode verified)",Tatar Bunar,Hackney,Shoreditch,Restaurant,,1,+44 7771 013190,152 Curtain Road,EC2A 3AT,openstreetmap,https://www.openstreetmap.org/node/3799295190
https://www.tavernlondon.co.uk/,"own site (found by name, postcode verified)",Tavern,Hackney,Shoreditch,Restaurant,hello@tavernlondon.co.uk,1,,"374-378 Old Street London, Hackney",EC1V 9LT,food standards agency,https://ratings.food.gov.uk/business/1957948
https://taydo.co.uk/,"own site (found by name, postcode verified)",Tay Do,Hackney,Haggerston,Asian,taydocafe@gmail.com,2,,65 Kingsland Road,E2 8AG,openstreetmap,https://www.openstreetmap.org/way/164483472
https://www.tealbysallyabe.com/,own site,Teal,Hackney,Hackney,Restaurant,,1,,52 Wilton Way,E8 1BG,openstreetmap,https://www.openstreetmap.org/way/1044287573
https://thatgreenlife.uk/,"own site (found by name, postcode verified)",That Green Life UK LTD,Hackney,Hackney Wick,Restaurant,get@thatgreenlife.uk,1,,"Unit 28 86 Wallis Rd London E9 5LN UK, Hackney",E9 5LN,food standards agency,https://ratings.food.gov.uk/business/1418291
https://www.adamandevepub.com/,own site,The Adam & Eve,Hackney,Homerton,Asian; Pub,info@adamandevepub.com,1,+44 20 8985 1494,155 Homerton High Street,E9 6AS,openstreetmap,https://www.openstreetmap.org/way/982884990
https://www.anchor-and-hope-clapton.co.uk/,own site,The Anchor & Hope,Hackney,Upper Clapton,Italian; Pub,anchorclapton@gmail.com,1,+44 20 8806 1730,15 High Hill Ferry,E5 9HG,openstreetmap,https://www.openstreetmap.org/way/921356497
https://www.theapuliancorner.co.uk/,"own site (found by name, postcode verified)",The Apulian Corner,Hackney,Shoreditch,Restaurant,info@theapuliancorner.co.uk,1,,"9 CHRISTOPHER STREET, Hackney",EC2A 2BS,food standards agency,https://ratings.food.gov.uk/business/1734311
http://theauldshillelagh.co.uk/,own site,The Auld Shillelagh,Hackney,Stoke Newington,Pub,info@theauldshillelagh.co.uk,1,+44 20 7249 5951,105 Stoke Newington Church Street,N16 0UD,openstreetmap,https://www.openstreetmap.org/node/262443436
https://www.theaxepub.com/,own site,The Axe,Hackney,West Hackney,Pub,flint@theaxepub.com,1,+44 20 7254 9559,18 Northwold Road,N16 7HR,openstreetmap,https://www.openstreetmap.org/way/640280851
https://www.wearethebach.com/broadway,own site,The Bach,Hackney,Hackney,Cafe,hello@wearethebach.com,1,+44 20 7683 0551,12 Broadway Market,E8 4QJ,openstreetmap,https://www.openstreetmap.org/way/366333189
https://beermerchantstap.com/,own site,The Beer Merchants Tap,Hackney,Hackney Wick,Pub,,1,,99 Wallis Road,E9 5LN,openstreetmap,https://www.openstreetmap.org/way/663004043
https://bikeshedmoto.co.uk,own site,The Bike Shed,Hackney,Shoreditch,Cafe,,1,,384 Old Street,EC1V 9LT,openstreetmap,https://www.openstreetmap.org/way/164687436
https://www.crafted-social.co.uk/birdcage-stoke-newington,own site,The Bird Cage,Hackney,Stamford Hill,Pub,,1,,58 Stamford Hill,N16 6XS,openstreetmap,https://www.openstreetmap.org/node/292234943
https://www.theblackeel.uk/,own site,The Black Eel,Hackney,Dalston,Pub,bookings@theblackeel.uk,1,,41 Kingsland High Street,E8 2JS,openstreetmap,https://www.openstreetmap.org/way/378840185
https://bluelegume.co.uk/stoke-newington/,own site,The Blue Legume,Hackney,Stoke Newington,Cafe,,1,,101 Stoke Newington Church Street,N16 0UD,openstreetmap,https://www.openstreetmap.org/way/436595971
https://thebreakfastclubcafes.com/hoxton/,own site,The Breakfast Club,Hackney,Shoreditch,American; Breakfast,,1,+44 20 7729 5252,1-2 Rufus Street,N1 6PE,openstreetmap,https://www.openstreetmap.org/node/727660296
http://thebrownswood.co.uk/,own site,The Brownswood,Hackney,Manor House,Pub,manager@thebrownswood.co.uk,1,+44 20 8802 0494,271 Green Lanes,N4 2EX,openstreetmap,https://www.openstreetmap.org/way/395988684
https://www.thebrushhoxton.co.uk/,own site,The Brush,Hackney,Shoreditch,Cafe,info@thebrushhoxton.co.uk,1,+44 20 7123 8686,84-86 Great Eastern Street,EC2A 3JL,openstreetmap,https://www.openstreetmap.org/node/14106027984
https://www.thecityacademyhackney.org/,"own site (found by name, postcode verified)","The City Academy, Hackney",Hackney,Homerton,Restaurant,,1,,"HOMERTON ROAW, Hackney",E9 6EA,food standards agency,https://ratings.food.gov.uk/business/470164
http://www.theclarence.london/,own site (Wikidata),The Clarence Tavern,Hackney,Stoke Newington,Restaurant,,1,,"102 STOKE NEWINGTON CHURCH STREET, Hackney",N16 0LA,food standards agency,https://ratings.food.gov.uk/business/1356016
https://thecloveclub.com/,own site,The Clove Club,Hackney,Shoreditch,Restaurant,reservations@thecloveclub.com,1,,380 Old Street,EC1V 9LT,openstreetmap,https://www.openstreetmap.org/node/5079952022
https://www.commonpress.co.uk/,"own site (found by name, postcode verified)",The Common Press,Hackney,Shacklewell,Pub,,1,,"97 Stoke Newington Road London, Hackney",N16 8BX,food standards agency,https://ratings.food.gov.uk/business/1973622
https://e5crookedbillet.co.uk,own site,The Crooked Billet,Hackney,Upper Clapton,Pizza; Pub,,1,+44 20 3058 1166,84 Upper Clapton Road,E5 9JP,openstreetmap,https://www.openstreetmap.org/way/142313535
https://www.thecrownhackney.co.uk/,own site,The Crown,Hackney,Hackney,Pub,info@thecrownhackney.co.uk,1,,418 Mare Street,E8 1HP,openstreetmap,https://www.openstreetmap.org/way/372808122
https://thecrownandcastle.co.uk/,own site,The Crown and Castle,Hackney,Dalston,Burger; Pub,,1,,600 Kingsland Road,E8 4AH,openstreetmap,https://www.openstreetmap.org/way/237487429
https://www.crownandshuttle.com/,own site,The Crown and Shuttle,Hackney,Shoreditch,Pub,info@crownandshuttle.com,1,+442073752905,226 Shoreditch High Street,E1 6PJ,openstreetmap,https://www.openstreetmap.org/way/157322996
https://thedebeauvoirdeli.co.uk/,own site,The De Beauvoir Deli,Hackney,De Beauvoir Town,Deli,info@thedebeauvoirdeli.co.uk,1,,98 Southgate Road,N1 3JD,openstreetmap,https://www.openstreetmap.org/way/536140331
https://www.thedelidownstairs.co.uk/,own site,The Deli Downstairs,Hackney,Hackney,Deli,orders@thedelidownstairs.co.uk,1,,211 Victoria Park Road,E9 7JN,openstreetmap,https://www.openstreetmap.org/way/602278681
http://www.thedolphinhackney.co.uk/,own site (Wikidata),The Dolphin,Hackney,Hackney,Pub,,1,,165 Mare Street,E8 3RH,openstreetmap,https://www.openstreetmap.org/way/587954387
https://dovepubs.com/,own site,The Dove,Hackney,Hackney,Pizza; Pub,dove@dovepubs.com,1,+44 20 7275 7617,24-28 Broadway Market,E8 4QJ,openstreetmap,https://www.openstreetmap.org/way/366327440
https://www.thedukeofrichmond.com,own site,The Duke of Richmond,Hackney,Dalston,Pub,book@thedukeofrichmond.com,1,+44 20 7923 3990,316 Queensbridge Road,,openstreetmap,https://www.openstreetmap.org/way/953306259
http://thedukeofwellington.london,own site,The Duke Of Wellington,Hackney,De Beauvoir Town,Pub,info@thedukeofwellington.london,1,+44 20 7275 7640,119 Balls Pond Road,N1 4BL,openstreetmap,https://www.openstreetmap.org/way/107521318
https://www.thedustyknuckle.com/,own site,The Dusty Knuckle,Hackney,Dalston,Bakery,charly.young@thedustyknuckle.com,1,,Abbot Street,E8 3DP,openstreetmap,https://www.openstreetmap.org/node/14061641502
https://www.theeaglehoxton.co.uk/,own site,The Eagle,Hackney,Hoxton,Burger; Pub,,1,,2 Shepherdess Walk,N1 7LB,openstreetmap,https://www.openstreetmap.org/way/157026553
https://theedgeshoreditch.co.uk/,own site,The Edge,Hackney,Shoreditch,Bar,,1,+44 20 7426 0754,23-24 Shoreditch High Street,E1 6PG,openstreetmap,https://www.openstreetmap.org/way/157221865
https://www.theelderfield.com/,own site,The Elderfield,Hackney,Lower Clapton,Pub,,1,,57 Elderfield Road,E5 0LF,openstreetmap,https://www.openstreetmap.org/way/371174113
https://empresse9.co.uk/,own site,The Empress,Hackney,Hackney,Pub,hello@empresse9.co.uk,1,+44 20 8533 5123,130a Lauriston Road,E9 7LH,openstreetmap,https://www.openstreetmap.org/way/600916017
https://thefinsbury.co.uk,own site,The Finsbury,Hackney,Manor House,Pub,info@thefinsbury.co.uk,1,,336 Green Lanes,N4 1BY,openstreetmap,https://www.openstreetmap.org/way/1013159521
https://www.flyinghorsepub.co.uk/,own site,The Flying Horse,Hackney,Shoreditch,Pub,flyinghorse@bedsandbars.com,1,+44 20 7247 5338,52 Wilson Street,EC2A 2ER,openstreetmap,https://www.openstreetmap.org/way/159052524
https://www.thefoxpublichouse.co.uk/,own site,The Fox,Hackney,Shoreditch,Pub,info@thefoxpublichouse.co.uk,1,,28-30 Paul Street,EC2A 4LB,openstreetmap,https://www.openstreetmap.org/way/161289706
https://georgeandvulture.com/,own site,The George & Vulture,Hackney,Shoreditch,Pub,info@georgeandvulture.com,1,,63 Pitfield Street,N1 6BU,openstreetmap,https://www.openstreetmap.org/way/284934739
https://www.craftunionpubs.com/globe-inn-hackney,own site,The Globe,Hackney,Hackney,Pub,,1,,20 Morning Lane,E9 6NA,openstreetmap,https://www.openstreetmap.org/way/475491527
https://www.thegoodegg.co/,own site,The Good Egg,Hackney,Stoke Newington,Cafe,margate@thegoodegg.co,2,+44 20 7682 2120,93 Stoke Newington Church Street,N16 0AS,openstreetmap,https://www.openstreetmap.org/node/3761652193
https://www.thegoodfrontroom.co.uk/,own site,The Good Front Room,Hackney,Dalston,Restaurant,hello@thegoodfrontroom.co.uk,1,+44 20 3978 0209,1 Dalston Square,E8 3GU,openstreetmap,https://www.openstreetmap.org/node/5579276529
https://www.kosherwine.co.uk/,"own site (found by name, postcode verified)",The Grapevine,Hackney,Stamford Hill,Restaurant,sales@kosherwine.co.uk,1,,"90 OLDHILL STREET, Hackney",N16 6NA,food standards agency,https://ratings.food.gov.uk/business/469674
https://www.the-griffin.com/,own site,The Griffin,Hackney,Shoreditch,Pub,info@the-griffin.com,1,+44 20 3745 7496,93 Leonard Street,EC2A 4RD,openstreetmap,https://www.openstreetmap.org/way/155367405
https://www.thegunhackney.com/,own site,The Gun,Hackney,Hackney,Pub; Steak,info@thegunhackney.com,1,,235 Well Street,E9 6RG,openstreetmap,https://www.openstreetmap.org/way/848656899
https://thehackneypearl.com,own site,The Hackney Pearl,Hackney,Hackney Wick,Restaurant,info@thehackneypearl.com,1,,11-13 Prince Edward Road,E9 5LX,openstreetmap,https://www.openstreetmap.org/node/2918317408
http://www.thehemingway.co.uk,own site,The Hemingway,Hackney,Hackney,Pub,,1,,84 Victoria Park Road,E9 7JL,openstreetmap,https://www.openstreetmap.org/way/387574439
https://www.thehemingwaypub.co.uk/,"own site (found by name, postcode verified)",The Hemingway Pub,Hackney,Hackney,Pub,info@thehemingwaypub.co.uk,1,,"THE HEMMINGWAY 84 VICTORIA PARK ROAD, Hackney",E9 7JL,food standards agency,https://ratings.food.gov.uk/business/470465
https://thehorneckercentre.com/,"own site (found by name, postcode verified)",The Hornecker Centre,Hackney,Dalston,Restaurant,thehorneckercentre@gmail.com,1,,"412 KINGSLAND ROAD, Hackney",E8 4AA,food standards agency,https://ratings.food.gov.uk/business/1456413
https://www.thehorseandgroom.net/,own site,The Horse & Groom,Hackney,Shoreditch,Pub,,1,,28 Curtain Road,EC2A 3NZ,openstreetmap,https://www.openstreetmap.org/way/164534150
https://thejoineronworship.com/,own site,The Joiner on Worship,Hackney,Shoreditch,American; Pub,hello@thejoineronworship.com,1,+44 20 3952 9468,,,openstreetmap,https://www.openstreetmap.org/way/1183654746
https://www.joinersheart.com/,"own site (found by name, postcode verified)",The Joiners Heart,Hackney,Hackney,Pub,table.bookings@joinersheart.com,1,,Bohemia Place,E8 1DU,openstreetmap,https://www.openstreetmap.org/node/6900790810
https://jollybutchers.co.uk/,own site,The Jolly Butchers,Hackney,West Hackney,Indian; Pub,manager@jollybutchers.co.uk,1,+44 20 7249 9471,204 Stoke Newington High Street,N16 7HU,openstreetmap,https://www.openstreetmap.org/way/640280048
https://www.kentonpub.co.uk/,own site,The Kenton,Hackney,Hackney,Pub,info@kentonpub.co.uk,1,+44 20 8533 9492,38 Kenton Road,E9 7AB,openstreetmap,https://www.openstreetmap.org/way/457300035
https://thekingshead-london.com/,own site,The Kings Head,Hackney,Haggerston,Pub,,1,,257 Kingsland Road,E2 8AS,openstreetmap,https://www.openstreetmap.org/way/1001831569
https://www.thelaughingyak.co.uk/,own site,The Laughing Yak,Hackney,Hackney,Indian,,1,,205 Richmond Road,E8 3FF,openstreetmap,https://www.openstreetmap.org/node/4977145878
https://thelauriston.com/,own site,The Lauriston,Hackney,Hackney,Pub,,1,,162 Victoria Park Road,E9 7JN,openstreetmap,https://www.openstreetmap.org/way/601291041
https://www.lightbarlondon.com/,"own site (found by name, postcode verified)",The Light Bar,Hackney,Shoreditch,Pub,,1,,233 Shoreditch High Street,E1 6PJ,openstreetmap,https://www.openstreetmap.org/way/205408905
http://www.thelionn16.co.uk/,own site,The Lion,Hackney,Stoke Newington,Pub,,1,,132 Stoke Newington Church Street,N16 0JX,openstreetmap,https://www.openstreetmap.org/way/660792782
https://thelionandlamb.net,own site,The Lion and Lamb,Hackney,Shoreditch,Pub,,1,+44 7921 553154,46 Fanshaw Street,N1 6LG,openstreetmap,https://www.openstreetmap.org/way/1089936277
https://www.thelittleneondoor.co.uk/,"own site (found by name, postcode verified)",The Little Neon Door,Hackney,Shoreditch,Restaurant,,1,,"91-93 Great Eastern Street London, Hackney",EC2A 3HZ,food standards agency,https://ratings.food.gov.uk/business/1957923
https://www.thelondesborough.com/,own site,The Londesborough,Hackney,Stoke Newington,Pub,eat@thelondesborough.com,1,,36 Barbauld Road,N16 0SS,openstreetmap,https://www.openstreetmap.org/way/957099697
https://www.urbanpubsandbars.com/venues/the-london-fields,own site,The London Fields,Hackney,Hackney,Pizza; Pub,,1,+44 20 3889 6173,137 Mare Street,E8 3RH,openstreetmap,https://www.openstreetmap.org/way/142371498
https://themarqueemoon.uk/,own site,The Marquee Moon,Hackney,Shacklewell,Pub,bookings@themarqueemoon.uk,1,,48 Stoke Newington Road,N16 7XJ,openstreetmap,https://www.openstreetmap.org/way/459672112
https://midyeci.co.uk/,"own site (found by name, postcode verified)",The Midyeci,Hackney,Dalston,Restaurant,mllegeorgesand@gmail.com,1,,"501-505 KINGSLAND RD E8 4AB UK, Hackney",E8 4AU,food standards agency,https://ratings.food.gov.uk/business/1355971
https://www.moustachebar.uk/,"own site (found by name, postcode verified)",The Moustache Bar,Hackney,Shacklewell,Restaurant,moustachebar@outlook.com,1,,"BASEMENT AND GROUND FLOOR 58 STOKE NEWINGTON ROAD, Hackney",N16 7XB,food standards agency,https://ratings.food.gov.uk/business/606409
https://www.themuddypuddle.co.uk/,"own site (found by name, postcode verified)",The Muddy Puddle,Hackney,Stoke Newington,Cafe,,1,,142 Albion Road,N16 9PA,openstreetmap,https://www.openstreetmap.org/way/1067139316
https://www.themunch.co.uk/,"own site (found by name, postcode verified)",The Munch,Hackney,Shoreditch,Takeaway,info@themunch.co.uk,1,,148 Shoreditch High Street,E1 6JE,openstreetmap,https://www.openstreetmap.org/node/2139928140
https://www.thenarrowboatpub.com/,own site,The NarrowBoat,Hackney,Hoxton,Pub,,1,+44 20 7288 0572,119 St. Peter's Street,N1 8PZ,openstreetmap,https://www.openstreetmap.org/way/1061817830
https://www.theoldbluelast.com,own site,The Old Blue Last,Hackney,Shoreditch,Pub,managers@theoldbluelast.com,1,+44 20 7739 7033,38 Great Eastern Street,EC2A 3ES,openstreetmap,https://www.openstreetmap.org/way/157236295
https://www.thepizzaroom.co.uk/,"own site (found by name, postcode verified)",The Pizza Room,Hackney,Hackney,Pizza,info@thepizzaroom.co.uk,4,,"30 AMHURST ROAD, Hackney",E8 1JN,food standards agency,https://ratings.food.gov.uk/business/1422626
https://www.premisesstudios.com/cafe/,own site,The Premises Cafe,Hackney,Haggerston,Restaurant,bookings@premisesstudios.com,1,+44 20 7684 2230,209 Hackney Road,E2 8JL,openstreetmap,https://www.openstreetmap.org/node/7112447009
https://www.theprincen16.com/,own site,The Prince,Hackney,Stoke Newington,Pub,info@theprincen16.com,1,+44 20 7043 5210,59 Kynaston Road,N16 0EB,openstreetmap,https://www.openstreetmap.org/way/536399756
https://www.theprincearthure8.com/,own site,The Prince Arthur,Hackney,Dalston,Pub,theprincearthure8@tinydancergroup.co.uk,1,+44 20 7249 1119,95 Forest Road,E8 3BH,openstreetmap,https://www.openstreetmap.org/way/956665216
https://www.theprincessofshoreditch.com/,own site,The Princess of Shoreditch,Hackney,Shoreditch,Pub,reservations@theprincessofshoreditch.com,1,,76-78 Paul Street,EC2A 4NE,openstreetmap,https://www.openstreetmap.org/node/301516360
https://therelianceshoreditch.co.uk/,own site,The Reliance,Hackney,Shoreditch,Pub,reliance@remarkablepubs.co.uk,1,+44 20 7729 6888,336 Old Street,EC1V 9DR,openstreetmap,https://www.openstreetmap.org/way/164244210
https://www.theroastingshed.com/,own site,The Roasting Shed,Hackney,Hackney Wick,Breakfast,hello@theroastingshed.com,3,,East Bay Lane,E15 2SJ,openstreetmap,https://www.openstreetmap.org/way/893749361
https://www.jdwetherspoon.com/pubs/all-pubs/england/london/the-rochester-castle-stoke-newington,own site,The Rochester Castle,Hackney,West Hackney,Pub,,1,+44 20 7249 6016,"143, 145 Stoke Newington High Street",N16 0NY,openstreetmap,https://www.openstreetmap.org/node/256404255
http://www.royalinnonthepark.com/,own site,The Royal Inn on the Park,Hackney,Hackney,Pub,kalimera@royalinnonthepark.com,1,,111 Lauriston Road,E9 7HJ,openstreetmap,https://www.openstreetmap.org/way/95243769
http://www.thescolthead.co.uk/,own site,The Scolt Head,Hackney,De Beauvoir Town,Pub,bookings@thescolthead.co.uk,1,+44 20 7254 3965,107A Culford Road,N1 4HT,openstreetmap,https://www.openstreetmap.org/way/237999207
https://www.theseathesea.net/,own site,"The Sea, The Sea",Hackney,Haggerston,Seafood,info@theseathesea.net,1,,337 Acton Mews,,openstreetmap,https://www.openstreetmap.org/way/469649788
http://www.shacklewellarms.com/,own site,The Shacklewell Arms,Hackney,Shacklewell,Pub,info@shacklewellarms.com,1,+44 20 7249 0810,71 Shacklewell Lane,E8 2EB,openstreetmap,https://www.openstreetmap.org/way/466647109
https://theshakespeare.co.uk/,own site,The Shakespeare,Hackney,Stoke Newington,Pub,,1,+44 20 7254 4190,57 Allen Road,N16 8RY,openstreetmap,https://www.openstreetmap.org/way/262600569
https://www.urbanpubsandbars.com/venues/the-shoreditch-arms,"own site (found by name, postcode verified)",the Shoreditch Arms,Hackney,Shoreditch,Pub,,1,,127 Shoreditch High Street,E1 6JE,openstreetmap,https://www.openstreetmap.org/node/371601279
https://thesnaperyeast.com/,own site,The Snapery East,Hackney,Hackney,Bakery,,1,,Helmsley Place,E8 3SB,openstreetmap,https://www.openstreetmap.org/node/8589414919
https://www.thespreadeaglelondon.co.uk/,own site,The Spread Eagle,Hackney,Homerton,Pub,hello@thespreadeaglelondon.co.uk,1,+44 20 8985 0400,224 Homerton High Street,E9 6AS,openstreetmap,https://www.openstreetmap.org/way/637516538
https://www.starbyhackneydowns.co.uk/,own site,The Star by Hackney Downs,Hackney,Lower Clapton,Pub,,1,+44 20 7458 4481,35 Queensdown Road,E5 8NN,openstreetmap,https://www.openstreetmap.org/way/373406676
https://www.3compasses.com/,own site,The Three Compasses,Hackney,Shacklewell,Pub,info@3compasses.com,1,+44 20 7923 4752,99 Dalston Lane,E8 1NH,openstreetmap,https://www.openstreetmap.org/way/863500628
https://www.threecrownsn16.com/,own site,The Three Crowns,Hackney,West Hackney,Pub,bookings@threecrownsn16.com,1,,175 Stoke Newington High Street,N16 0LH,openstreetmap,https://www.openstreetmap.org/way/816170887
https://troybar.co.uk/,"own site (found by name, postcode verified)",The Troy Bar,Hackney,Shoreditch,Restaurant,,1,,"10 HOXTON STREET, Hackney",N1 6NG,food standards agency,https://ratings.food.gov.uk/business/469565
https://theviaduct-shoreditch.com/,own site,The Viaduct,Hackney,Shoreditch,Restaurant,,1,+44 20 7739 3440,83 Rivington Street,EC2A 3AY,openstreetmap,https://www.openstreetmap.org/way/166688582
https://thevirginqueenpub.co.uk/,own site,The Virgin Queen,Hackney,Haggerston,Pub; Seafood,,1,+44 20 7739 0185,94 Goldsmiths' Row,E2 8QY,openstreetmap,https://www.openstreetmap.org/way/934330566
https://wenlockarms.com/,own site,The Wenlock Arms,Hackney,Hoxton,Pub,beer@wenlockarms.com,1,,26 Wenlock Road,N1 7TA,openstreetmap,https://www.openstreetmap.org/way/153779530
https://whitehartstokenewington.com,own site,The White Hart,Hackney,West Hackney,Pub,daniel@anticlondon.com,1,+44 20 7254 6626,69 Stoke Newington High Street,N16 8EL,openstreetmap,https://www.openstreetmap.org/way/925218087
https://thirdculturedeli.com/,own site,Third Culture Deli,Hackney,Hackney,Breakfast; Deli,hi@thirdculturedeli.com,1,,29 Broadway Market,E8 4PH,openstreetmap,https://www.openstreetmap.org/way/366302256
https://www.threecrownsshoreditch.com/,"own site (found by name, postcode verified)",Three Crowns,Hackney,Shoreditch,Restaurant,,1,,"THE THREE CROWNS 8 EAST ROAD, Hackney",N1 6AD,food standards agency,https://ratings.food.gov.uk/business/665507
https://www.tincafe.co.uk/,"own site (found by name, postcode verified)",Tin Cafe,Hackney,Dalston,Cafe,,1,,1 Middleton Road,E8 4BL,openstreetmap,https://www.openstreetmap.org/way/460833870
https://www.toconoco.com/,own site,Toconoco,Hackney,De Beauvoir Town,Asian; Japanese,,2,+44 20 7249 8394,28 Hertford Road,,openstreetmap,https://www.openstreetmap.org/node/8082069829
https://www.tomspasta.co.uk/,own site,Tom's Pasta,Hackney,Shacklewell,Italian,reservations@tomspasta.co.uk,2,,,,openstreetmap,https://www.openstreetmap.org/node/9674114217
https://www.tomiskitchenlondon.co.uk/,"own site (found by name, postcode verified)",Tomi's Kitchen,Hackney,Hackney,Restaurant,tomi.odiase@gmail.com,2,,6 Morning Lane,E9 6NA,openstreetmap,https://www.openstreetmap.org/node/7145814544
https://www.tortilla.co.uk/restaurants/dalston,own site,Tortilla,Hackney,Dalston,Mexican,dalston@tortilla.co.uk,1,+44 20 3141 6328,16 Kingsland High Street,E8 2JP,openstreetmap,https://www.openstreetmap.org/node/5678299607
https://www.tram-store.co.uk/,own site,Tram Store,Hackney,Lower Clapton,Breakfast,food@tram-store.co.uk,1,,38 Upper Clapton Road,E5 8BQ,openstreetmap,https://www.openstreetmap.org/way/949052731
https://trattoriadaluigi.co.uk/,"own site (found by name, postcode verified)",Trattoria da Luigi,Hackney,Stoke Newington,Italian,,1,,98 Stoke Newington Church Street,N16 0AP,openstreetmap,https://www.openstreetmap.org/node/3761678065
https://trecolori.co.uk/,"own site (found by name, postcode verified)",Tre Colori,Hackney,Haggerston,Restaurant,info@trecolori.co.uk,1,,"19 HACKNEY ROAD, Hackney",E2 7NX,food standards agency,https://ratings.food.gov.uk/business/1418336
https://www.trinivibez.uk/,"own site (found by name, postcode verified)",Trini Vibez,Hackney,Dalston,Restaurant,,1,,"485 Kingsland Road London, Hackney",E8 4AU,food standards agency,https://ratings.food.gov.uk/business/1916804
https://uchihackney.com/,own site,Uchi,Hackney,Lower Clapton,Asian; Japanese,reservations@uchihackney.com,1,+44 20 3302 4670,144 Clarence Road,E5 8DY,openstreetmap,https://www.openstreetmap.org/node/7960181407
https://venerdi.co.uk/,own site,Venerdi,Hackney,Lower Clapton,Italian,management@venerdi.co.uk,1,+44 20 8533 1902,9 Chatsworth Road,E5 0LH,openstreetmap,https://www.openstreetmap.org/way/127096767
https://www.viethoa.co.uk/,"own site (found by name, postcode verified)",Viet Hoa,Hackney,Haggerston,Asian,hien@viethoa.co.uk,1,,70-72 Kingsland Road,E2 8DP,openstreetmap,https://www.openstreetmap.org/way/164483528
http://www.violetcakes.com/,own site,Violet Cakes,Hackney,Dalston,Bakery,,1,+44 20 7275 8360,47 Wilton Way,E8 3ED,openstreetmap,https://www.openstreetmap.org/way/951712060
https://voodoorays.com/,"own site (found by name, postcode verified)",Voodoo Ray's,Hackney,Shacklewell,Pizza,dalston@voodoorays.com,1,,95 Kingsland High Street,E8 2PB,openstreetmap,https://www.openstreetmap.org/way/224192443
https://vybdalston.com/,"own site (found by name, postcode verified)",VYB Dalston,Hackney,Dalston,Restaurant,vybdalston@gmail.com,1,,"482 KINGSLAND ROAD, Hackney",E8 4AE,food standards agency,https://ratings.food.gov.uk/business/470621
https://www.wavegelato.co.uk/,own site,Wave Gelato,Hackney,Hackney,Ice cream,info@wavegelato.co.uk,1,,,,openstreetmap,https://www.openstreetmap.org/node/13248056786
https://weareveganeverything.com/,own site,We Are Vegan Everything,Hackney,Hackney,Bakery; Breakfast,management@weareveganeverything.com,1,+44 7734 253401,11 Dispensary Lane,E8 1FT,openstreetmap,https://www.openstreetmap.org/node/6814299885
https://www.wellstreetkitchen.com/,own site,Well Street Kitchen,Hackney,Hackney,Breakfast; Burger; Halal,info@wellstreetkitchen.com,1,+44 20 8533 6275,203 Well Street,E9 6QU,openstreetmap,https://www.openstreetmap.org/way/848218169
https://www.wellstreetsurgery.co.uk/,"own site (found by name, postcode verified)",Well Street Surgery,Hackney,Hackney,Restaurant,,1,,"28 Shore Road London, Hackney",E9 7TA,food standards agency,https://ratings.food.gov.uk/business/1980694
http://www.westlandcoffee.co.uk,own site,Westland Coffee & Wine,Hackney,Hoxton,Bakery; Breakfast; Deli,info@westlandcoffee.co.uk,1,,1 Westland Place,N1 7LP,openstreetmap,https://www.openstreetmap.org/node/5002433122
https://www.william-iv.com/,"own site (found by name, postcode verified)",William IV,Hackney,Hoxton,Pub,info@william-iv.com,1,,7 Shepherdess Walk,N1 7QE,openstreetmap,https://www.openstreetmap.org/way/807556793
https://www.wisdomwise.co.uk/,"own site (found by name, postcode verified)",WisdomWise,Hackney,West Hackney,Restaurant,info@wisdomwise.co.uk,1,,"147 Stoke Newington High Street London, Hackney",N16 0NY,food standards agency,https://ratings.food.gov.uk/business/1931092
https://yaari.uk/,"own site (found by name, postcode verified)",Yaari,Hackney,Hoxton,Takeaway,hello@yaari.uk,1,,"86 MURRAY GROVE, Hackney",N1 7QJ,food standards agency,https://ratings.food.gov.uk/business/1796953
https://yakisasushi.co.uk/,"own site (found by name, postcode verified)",yakisa sushi,Hackney,Lower Clapton,Sushi,,1,,"164 CHATSWORTH ROAD, Hackney",E5 0LT,food standards agency,https://ratings.food.gov.uk/business/1903984
https://www.yayacas.co.uk/,"own site (found by name, postcode verified)",YAYACAS,Hackney,Shoreditch,Restaurant,,1,,"1 BATH PLACE, Hackney",EC2A 3DA,food standards agency,https://ratings.food.gov.uk/business/1835246
https://www.yeastbakery.com,own site,Yeast Bakery,Hackney,Haggerston,Bakery,info@yeastbakery.com,2,+44 79 7387 8801,,,openstreetmap,https://www.openstreetmap.org/node/9024624917
https://yildizrestaurant.co.uk/,"own site (found by name, postcode verified)",Yildiz Restaurant,Hackney,Manor House,Restaurant,,1,,163 Blackstock Road,N4 2JS,openstreetmap,https://www.openstreetmap.org/node/13802296911
https://yogahome.com,"own site (found by name, postcode verified)",Yogahome,Hackney,Stoke Newington,Food truck,info@yogahome.com,1,,"14 ALLEN ROAD, Hackney",N16 8SD,food standards agency,https://ratings.food.gov.uk/business/1272112
https://www.zulagrill.co.uk/,"own site (found by name, postcode verified)",Zula Grill,Hackney,Homerton,Restaurant,info@zulagrill.co.uk,1,,35 Marsh Hill,E9 5QA,openstreetmap,https://www.openstreetmap.org/node/1926866011
