website,website_type,name,borough,area,categories,email,locations,phone,address,postcode,source,osm_url
https://www.23paulstreet.com/,"own site (found by name, postcode verified)",23 Paul Street,Islington,Finsbury,Pub,,1,,"23 Paul Street, 23-25 Paul Street, London",EC2A 4JU,food standards agency,https://ratings.food.gov.uk/business/740254
https://500restaurant.co.uk/,own site,500 italian restaurant,Islington,Archway,Italian,,2,,,,openstreetmap,https://www.openstreetmap.org/way/153084999
https://aroma.london/,"own site (found by name, postcode verified)",A.Roma,Islington,Holloway,Restaurant,a.roma.pinsa@gmail.com,1,,"A.Roma, Unit 3 Roman Way Industrial Estate, 149 Roman Way",N7 8XH,food standards agency,https://ratings.food.gov.uk/business/1965660
http://www.addisrestaurant.co.uk,own site,Addis,Islington,Pentonville,Restaurant,booking@addisrestaurant.co.uk,1,+44 20 7278 0679,40-42 Caledonian Road,N1 9DT,openstreetmap,https://www.openstreetmap.org/node/1293749895
https://www.aliioli.com/,"own site (found by name, postcode verified)",Ali-ioli,Islington,Finsbury Park,Restaurant,,1,,"Ali-ioli, 14 Goodwin Street, London",N4 3HQ,food standards agency,https://ratings.food.gov.uk/business/1561258
https://www.amorgastronomia.com/,"own site (found by name, postcode verified)",Amor Gastronomia,Islington,Holloway,Restaurant,info@amorgastronomia.com,1,,"Amor Gastronomia, 139 Holloway Road, London",N7 8LX,food standards agency,https://ratings.food.gov.uk/business/1410847
https://www.amorino.com/en/stores/london-islington,own site,Amorino,Islington,Islington,Ice cream,info.am.jvhn@gmail.com,1,,,,openstreetmap,https://www.openstreetmap.org/node/348357932
https://www.thearchwaytavern.co.uk/,own site,Archway Tavern,Islington,Archway,Mexican; Pub,,1,,1,N19 3TD,openstreetmap,https://www.openstreetmap.org/way/31915414
https://www.askforjanice.co.uk/,"own site (found by name, postcode verified)",Ask for Janice,Islington,Holloway,Restaurant,hello@askforjanice.co.uk,1,,"Ask for Janice, Ground Floor, Unit 6a Tileyard Studios",N7 9AH,food standards agency,https://ratings.food.gov.uk/business/1846154
https://aviarylondon.com/,own site,"Aviary, Bar and Rooftop Restaurant",Islington,Finsbury,Restaurant,info@aviarylondon.com,1,+44 20 3873 4060,Finsbury Square,EC2A 1DX,openstreetmap,https://www.openstreetmap.org/node/4934970023
https://bananatree.co.uk/restaurants/islington/,own site,Banana Tree,Islington,Angel,Asian,islington@bananatree.co.uk,1,,412-416 St. John Street,EC1V 4NJ,openstreetmap,https://www.openstreetmap.org/way/163379401
http://www.bankoffriendship.com/,own site,Bank of Friendship,Islington,Finsbury Park,Pub,,1,+44 20 7226 8711,224-226 Blackstock Road,,openstreetmap,https://www.openstreetmap.org/way/242607346
https://barsilver.uk/,"own site (found by name, postcode verified)",Bar Silver,Islington,Angel,Pub,info@barsilver.uk,1,,"Bar Silver, Basement and Ground Floor, 70 Upper Street",N1 0NY,food standards agency,https://ratings.food.gov.uk/business/707910
http://www.bavarian-beerhouse.com,own site,Bavarian Beerhouse,Islington,St Luke's,Restaurant,,1,,190 City Road,EC1V 2QH,openstreetmap,https://www.openstreetmap.org/node/553018115
http://www.thebedfordtavern.com/,own site,Bedford Tavern,Islington,Holloway,Pub,,1,,160 Seven Sisters Road,N7 7PT,openstreetmap,https://www.openstreetmap.org/node/344791683
https://bellanger.co.uk/,"own site (found by name, postcode verified)",Bellanger,Islington,Islington,French,reservations@bellanger.co.uk,1,,9 Islington Green,N1 2XH,openstreetmap,https://www.openstreetmap.org/node/299615920
http://belleepoque.co.uk/,"own site (found by name, postcode verified)",Belle Epoque,Islington,Canonbury,Bakery,info@belleepoque.co.uk,1,,262 Upper Street,N1 2UQ,openstreetmap,https://www.openstreetmap.org/node/348069407
http://benchlondon.com,own site,Bench,Islington,Farringdon,Cafe,boxoffice@goldsmiths-centre.org,1,,42 Britton Street,EC1M 5AD,openstreetmap,https://www.openstreetmap.org/node/3813311360
https://bengal-tiger.co.uk/,"own site (found by name, postcode verified)",Bengal Tiger,Islington,St Luke's,Indian,info@bengal-tiger.co.uk,1,,110 Old Street,EC1V 9BD,openstreetmap,https://www.openstreetmap.org/node/593335450
https://www.benitabakery.co.uk/,"own site (found by name, postcode verified)",Benita Bakery,Islington,Canonbury,Bakery,info@benitabakery.co.uk,1,,238 Upper Street,N1 1RU,openstreetmap,https://www.openstreetmap.org/way/31293172
https://www.thebetsey.com,own site,Betsey Trotwood,Islington,Clerkenwell,Pub,bookings@thebetsey.com,1,+44 20 7253 4285,56 Farringdon Road,EC1R 3BL,openstreetmap,https://www.openstreetmap.org/way/42527973
https://bibiscurryhouse.com/,"own site (found by name, postcode verified)",Bibi's Curry House,Islington,Canonbury,Indian,,1,,"Bibi's Curry House, 92 Ball's Pond Road, London",N1 4AJ,food standards agency,https://ratings.food.gov.uk/business/1973820
https://bigredholloway.co.uk/,"own site (found by name, postcode verified)",Big Red,Islington,Holloway,Pub,anapbm@gmail.com,1,,385 Holloway Road,N7 0RY,openstreetmap,https://www.openstreetmap.org/node/403454627
https://biryaniguys.co.uk/,own site,Biryani guys,Islington,St Luke's,Indian,biryaniguys@outlook.com,2,+44 7355 091702,42 Old Street,EC1V 9AE,openstreetmap,https://www.openstreetmap.org/node/12784834301
https://blacksheepcoffee.co.uk/blogs/locations/highbury-islington,own site,Black Sheep Coffee,Islington,Highbury,Breakfast,l.blakey@blacksheepcoffee.co.uk,1,,,,openstreetmap,https://www.openstreetmap.org/node/3639334564
https://blacksheepcoffee.co.uk/blogs/locations/cowcross,own site,Black Sheep Coffee,Islington,Farringdon,Breakfast,l.blakey@blacksheepcoffee.co.uk,1,,64-65 Cowcross street,,openstreetmap,https://www.openstreetmap.org/way/502991823
https://bluebellbistro.com/,own site,Bluebell Bistro,Islington,Holloway,French,,1,,464 Holloway Road,N7 6HT,openstreetmap,https://www.openstreetmap.org/way/419555524
https://www.thehouselondon.co.uk/,own site,Bold Food & Bar,Islington,Archway,Pizza,foodandbar@boldcafe.co.uk,1,+447585 957 145,126 Dartmouth Park Hill,N19 5HS,openstreetmap,https://www.openstreetmap.org/node/25744422
https://www.yourcoffeehub.com/,own site,Bonga Coffee,Islington,Archway,Breakfast,,1,,,,openstreetmap,https://www.openstreetmap.org/node/11149519778
https://www.bandhbuildings.com/,own site,Bourne & Hollingsworth Buildings,Islington,Clerkenwell,Restaurant,,1,,42 Northampton Road,EC1R 0HU,openstreetmap,https://www.openstreetmap.org/way/99813923
https://bramblebistrolondon.co.uk/,"own site (found by name, postcode verified)",Bramble Bistro,Islington,Holloway,French,info@bramblebistrolondon.co.uk,1,,379 Holloway Road,N7 0RN,openstreetmap,https://www.openstreetmap.org/way/257197862
https://www.breadandbeancoffeeshop.co.uk/,own site,Bread and Bean,Islington,Archway,Cafe,contact@breadandbeancoffeeshop.co.uk,1,+44 20 7272 1712,37;37A Junction Road,N19 5QU,openstreetmap,https://www.openstreetmap.org/way/70609398
https://drink.brewdog.com/,chain site (same name as 6 mapped branches),Brewdog,Islington,Clerkenwell,Restaurant,hello@brewdog.com,4,,"Brewdog, Units 1 And 2, 45-47 Clerkenwell Road",EC1M 5RS,food standards agency,https://ratings.food.gov.uk/business/851572
https://briki.london/,own site,Briki,Islington,Clerkenwell,Greek,,1,,,,openstreetmap,https://www.openstreetmap.org/node/3579412480
https://www.britishpatagonia.com/,"own site (found by name, postcode verified)",British Patagonia,Islington,Canonbury,Bakery,,1,,178 Upper Street,N1 1RG,openstreetmap,https://www.openstreetmap.org/node/5540412521
https://www.cadetlondon.com/,own site,Cadet,Islington,Highbury,Bar,hello@cadetlondon.com,1,,,,openstreetmap,https://www.openstreetmap.org/way/474840743
https://www.cafekick.co.uk/,"own site (found by name, postcode verified)",Cafe Kick,Islington,Clerkenwell,Pub,admin@cafekick.co.uk,1,,"Cafe Kick, Shop, 43 Exmouth Market",EC1R 4QL,food standards agency,https://ratings.food.gov.uk/business/417327
https://www.caffenero.com/uk/stores/islington,own site,Caffè Nero,Islington,Islington,Breakfast,,1,,75 Upper Street,N1 0NU,openstreetmap,https://www.openstreetmap.org/node/299444032
https://www.caffenero.com/uk/stores/exmouth-market,own site,Caffè Nero,Islington,Clerkenwell,Breakfast,,1,,12 Exmouth Market,EC1R 4QE,openstreetmap,https://www.openstreetmap.org/way/147734602
https://www.cakebox.com/storelocator/holloway/,own site,Cake Box,Islington,Holloway,Bakery,hello@cakebox.com,1,,334 Holloway Road,N7 6NJ,openstreetmap,https://www.openstreetmap.org/node/2878403227
https://callykebab.com/,"own site (found by name, postcode verified)",Caledonian Kebab,Islington,Holloway,Takeaway,,1,,"Caledonian Kebab, 355 Caledonian Road, London",N7 9DQ,food standards agency,https://ratings.food.gov.uk/business/1078954
https://www.greeneking.co.uk/pubs/greater-london/camden-head,own site,Camden Head,Islington,Angel,Pub,,1,+44 20 7359 0851,2 Camden Walk,N1 8DY,openstreetmap,https://www.openstreetmap.org/way/456681384
https://candidarts.wordpress.com/cafe/,own site,Candid Cafe,Islington,Angel,Breakfast,,1,+44 20 7278 9368,3 Torrens Street,EC1V 1NQ,openstreetmap,https://www.openstreetmap.org/node/638925838
http://www.thecanonbury.com/,own site (Wikidata),Canonbury Tavern,Islington,Canonbury,Pub,,1,,"Canonbury Tavern, 21 Canonbury Place, London",N1 2NS,food standards agency,https://ratings.food.gov.uk/business/578365
https://www.canto73.com/,"own site (found by name, postcode verified)",Canto 73,Islington,Highbury,Restaurant,info@canto73.com,1,,"Canto 73, 43 Newington Green, London",N16 9PX,food standards agency,https://ratings.food.gov.uk/business/1803671
https://carmelaspizzeria.co.uk,own site,Carmela's Pizzeria,Islington,Islington,Pizza,,1,,149A Upper Street,N1 1RA,openstreetmap,https://www.openstreetmap.org/node/345832889
https://www.centralstation.co.uk,own site,Central Station,Islington,Pentonville,Pub,,1,,37 Wharfdale Road,N1 9SD,openstreetmap,https://www.openstreetmap.org/node/1387549550
https://cerurestaurants.com/farringdon/#menus,own site,CERU Farringdon,Islington,Farringdon,Halal,,1,+44 20 3195 3003,9-13 Cowcross Street,EC1M 6DR,openstreetmap,https://www.openstreetmap.org/node/12595513654
https://www.fsgarden.co.uk/,"own site (found by name, postcode verified)",Chalana,Islington,Finsbury,Restaurant,,2,,"Chalana, Central Building, 52 Finsbury Square",EC2A 1RR,food standards agency,https://ratings.food.gov.uk/business/1101944
https://chapelmarketkitchen.com/,"own site (found by name, postcode verified)",Chapel Market Kitchen,Islington,Pentonville,Restaurant,,1,,"Chapel Market Kitchen, Basement And Ground Floors, 2 Chapel Market",N1 9EZ,food standards agency,https://ratings.food.gov.uk/business/1689894
https://chapelmarketroastery.com/,"own site (found by name, postcode verified)",Chapel Market Roastery,Islington,Angel,Restaurant,contact@chapelmarketroastery.com,1,,"Chapel Market Roastery, Ground Floor, 4 Chapel Market",N1 9EZ,food standards agency,https://ratings.food.gov.uk/business/1294647
https://www.chippyonthecorner.co.uk/,own site,Chippy on the Corner,Islington,Holloway,Seafood,,1,+44 20 3859 5755,480 Caledonian Road,N7 9RP,openstreetmap,https://www.openstreetmap.org/node/10068538734
https://chopandwok.co.uk/,own site,Chop and Wok,Islington,Holloway,Chinese,,1,,520,,openstreetmap,https://www.openstreetmap.org/way/275731619
https://www.cinnamonvillage.co.uk/,"own site (found by name, postcode verified)",Cinnamon Village,Islington,Highbury,Cafe,,1,,162 Blackstock Road,N5 1HA,openstreetmap,https://www.openstreetmap.org/node/6047219875
https://www.ciroslondon.co.uk/,"own site (found by name, postcode verified)",Ciro's,Islington,Canonbury,Restaurant,hello@ciroslondon.co.uk,1,,"Ciro's, Unit 6 The Ivories, 6-8 Northampton Street",N1 2HY,food standards agency,https://ratings.food.gov.uk/business/1645511
https://clissoldparktavern.com,own site,Clissold Park Tavern,Islington,Finsbury Park,Pizza; Pub,,1,,177 Green Lanes,N16 9DB,openstreetmap,https://www.openstreetmap.org/way/230259989
https://cluequest.co.uk/,"own site (found by name, postcode verified)",ClueQuest,Islington,Barnsbury,Restaurant,escape@cluequest.co.uk,1,,"ClueQuest, Basement And Ground Floor, 169-171 Caledonian Road",N1 0SL,food standards agency,https://ratings.food.gov.uk/business/1768679
https://commongroundlondon.co.uk/,own site,Common Ground,Islington,Finsbury Park,Cafe,,1,,49 Stroud Green Road,N4 3EF,openstreetmap,https://www.openstreetmap.org/way/264086001
http://www.comptoirgascon.com,own site,Comptoir Gascon,Islington,Farringdon,French,,1,,63 Charterhouse Street,EC1M 6HJ,openstreetmap,https://www.openstreetmap.org/way/42931536
https://www.compton.restaurant/,own site,Compton,Islington,Clerkenwell,Restaurant,,1,,47 St John's Square,EC1V 4JJ,openstreetmap,https://www.openstreetmap.org/way/97508190
https://www.comptonarms.co.uk/,"own site (found by name, postcode verified)",Compton Arms,Islington,Canonbury,Restaurant,,2,,"Compton Arms, 4 Compton Avenue, London",N1 2XD,food standards agency,https://ratings.food.gov.uk/business/1215551
https://www.corimint.com/,"own site (found by name, postcode verified)",Corimint,Islington,Holloway,Takeaway,,2,,"Corimint, Unit 5 Roman Way Industrial Estate, 149 Roman Way",N7 8XH,food standards agency,https://ratings.food.gov.uk/business/1909947
https://www.costa.co.uk/stores/archway,own site,Costa,Islington,Archway,Breakfast,,1,,35 Junction Road,N19 5QT,openstreetmap,https://www.openstreetmap.org/way/76586532
https://crickscorner.co.uk/,"own site (found by name, postcode verified)",Cricks Corner,Islington,Archway,Restaurant,info@crickscorner.co.uk,1,,"Cricks Corner, 80 Dartmouth Park Hill, London",N19 5HU,food standards agency,https://ratings.food.gov.uk/business/1704975
https://crudough.com,own site,Crudough,Islington,Archway,Italian; Pizza,info@crudough.com,2,+44 20 7272 1672,10 Navigator Square,N19 3TD,openstreetmap,https://www.openstreetmap.org/node/4959104821
https://www.daffodilmulligan.com/,own site,Daffodil Mulligan,Islington,Finsbury,Restaurant,booking@daffodilmulligan.com,2,+44 20 7404 3000,70-74 City Road,EC1Y 2AS,openstreetmap,https://www.openstreetmap.org/node/9678562673
https://www.damealiceowen.com/,own site,Dame Alice Owen,Islington,Clerkenwell,Pub,info@damealiceowen.com,1,,292-294 St. John Street,EC1V 4PA,openstreetmap,https://www.openstreetmap.org/way/146543172
https://daytrip.coffee,own site,Day Trip,Islington,Islington,Cafe,,1,,21 Halliford Street,N1 3HB,openstreetmap,https://www.openstreetmap.org/node/13589529401
https://www.delaterra.co.uk/,"own site (found by name, postcode verified)",Delaterra,Islington,Islington,Restaurant,info@delaterra.co.uk,1,,131 Essex Road,N1 2SN,openstreetmap,https://www.openstreetmap.org/node/501777121
https://www.delhigrill.com/,"own site (found by name, postcode verified)",Delhi Grill,Islington,Angel,Indian,,1,,21 Chapel Market,N1 9EZ,openstreetmap,https://www.openstreetmap.org/way/119438313
https://detisdeli.co.uk/,"own site (found by name, postcode verified)",Deti's Deli Cafe,Islington,Archway,Deli,,1,,"Deti's Deli Cafe, Ground Floor 498B, 498 Hornsey Road",N19 4EF,food standards agency,https://ratings.food.gov.uk/business/1226768
https://www.didar.uk/,"own site (found by name, postcode verified)",Didar,Islington,Barnsbury,Restaurant,,1,,347 Caledonian Road,N1 1DW,openstreetmap,https://www.openstreetmap.org/node/333167389
https://www.dimsumduck.com/,"own site (found by name, postcode verified)",Dim Sum Duck,Islington,Pentonville,Asian; Chinese,team@dimsumduck.com,2,+44 20 7278 8878,124 King's Cross Road,WC1X 9DS,openstreetmap,https://www.openstreetmap.org/node/6591730302
https://dolcecoffeeangel.co.uk/,"own site (found by name, postcode verified)",Dolce Coffee,Islington,Islington,Breakfast,,1,,48 Essex Road,N1 8LR,openstreetmap,https://www.openstreetmap.org/node/299596361
https://www.dominos.co.uk/pizza-near-me/london/72-white-lion-street,own site,Domino's,Islington,Angel,Pizza,,1,,72 White Lion Street,N1 9PP,openstreetmap,https://www.openstreetmap.org/node/336028977
https://www.dominos.co.uk/pizza-near-me/london/92-hornsey-road,own site,Domino's,Islington,Holloway,Pizza,,1,,92 Hornsey Road,N7 7NN,openstreetmap,https://www.openstreetmap.org/node/336287861
https://www.dominos.co.uk/pizza-near-me/london/144-essex-road,own site,Domino's,Islington,Islington,Pizza,,1,,144 Essex road,N1 8LX,openstreetmap,https://www.openstreetmap.org/node/618596120
https://www.dominos.co.uk/pizza-near-me/london/598-602-holloway-road,own site,Domino's,Islington,Tufnell Park,Pizza,,1,,,,openstreetmap,https://www.openstreetmap.org/way/274050590
https://www.dominos.co.uk/pizza-near-me/london/32-highgate-hill,own site,Domino's,Islington,Archway,Pizza,,1,+44 20 7272 4884,,,openstreetmap,https://www.openstreetmap.org/way/474922311
https://donerklubhaus.com/,"own site (found by name, postcode verified)",Doner Klubhaus,Islington,Holloway,Restaurant,projectdoner345@outlook.com,1,,"Doner Klubhaus, 345A Holloway Road, London",N7 0RN,food standards agency,https://ratings.food.gov.uk/business/1857709
https://www.dotori.co.uk/,own site,Dotori,Islington,Finsbury Park,Asian; Japanese; Korean,,1,,,,openstreetmap,https://www.openstreetmap.org/node/393523275
https://www.doylestavern.co.uk/,"own site (found by name, postcode verified)",Doyles Tavern,Islington,Holloway,Pub,info@doylestavern.co.uk,1,,379 Caledonian Road,N7 9DQ,openstreetmap,https://www.openstreetmap.org/node/276369831
https://www.dragonflycafe.uk/,"own site (found by name, postcode verified)",Dragonfly Cafe,Islington,Clerkenwell,Restaurant,,1,,"Dragonfly Cafe, 71 Compton Street, London",EC1V 0BN,food standards agency,https://ratings.food.gov.uk/business/939855
https://dukeorganic.co.uk/,own site,Duke of Cambridge,Islington,Islington,Pub,duke@dukeorganic.co.uk,1,+44 20 7359 3066,30 St. Peter's Street,N1 8JT,openstreetmap,https://www.openstreetmap.org/node/375848733
https://www.duncanterrace.co.uk/,own site,Duncan Terrace Cafe,Islington,Angel,Cafe,info@duncanterrace.co.uk,1,,391 City Road,EC1V 1NE,openstreetmap,https://www.openstreetmap.org/node/621771171
https://www.earlofessex.net/,own site,Earl of Essex,Islington,Angel,Pub,earl@earlofessex.net,1,+44 20 7424 5828,25 Danbury Street,N1 8LE,openstreetmap,https://www.openstreetmap.org/way/1275812271
https://www.ekachai.co.uk/,own site,Ekachai,Islington,Pentonville,Asian,info@ekachai.co.uk,1,+44 7719 193780,66 York Way,N1 9AG,openstreetmap,https://www.openstreetmap.org/node/5435838662
https://www.elincaplebeyo.co.uk/,"own site (found by name, postcode verified)",El Inca Plebeyo,Islington,Islington,Restaurant,hello@elincaplebeyo.co.uk,1,,"El Inca Plebeyo, Shop, 162 Essex Road",N1 8LY,food standards agency,https://ratings.food.gov.uk/business/893249
https://www.el-rincon.co.uk/,"own site (found by name, postcode verified)",El Rincon,Islington,Holloway,Restaurant,,1,,"El Rincon, Ground Floor, 235 Holloway Road",N7 8HG,food standards agency,https://ratings.food.gov.uk/business/417019
https://www.electrowerkz.co.uk/,"own site (found by name, postcode verified)",Electrowerkz,Islington,Angel,Pub,enquiries@electrowerkz.co.uk,1,,"Electrowerkz, 7 Torrens Street, London",EC1V 1NQ,food standards agency,https://ratings.food.gov.uk/business/745690
https://erebuni.co.uk/,"own site (found by name, postcode verified)",Erebuni,Islington,Farringdon,Restaurant,,1,,2-5 Carthusian Street,EC1M 6EB,openstreetmap,https://www.openstreetmap.org/way/566827032
https://www.exmoutharms.com/,own site,Exmouth Arms,Islington,Clerkenwell,Pub,info@exmoutharms.com,1,+44 20 3551 4772,23 Exmouth Market,EC1R 4QL,openstreetmap,https://www.openstreetmap.org/way/99379732
https://fabthai.co.uk/,own site,Fab Thai Street Food,Islington,Finsbury,Asian; Food truck,,1,+44 20 7256 9333,7 Paul Street,EC2A 4JJ,openstreetmap,https://www.openstreetmap.org/way/632333330
http://frae.co.uk,own site,Fantuan,Islington,Angel,Asian; Chinese,,1,,25 Camden Passage,,openstreetmap,https://www.openstreetmap.org/node/501899976
https://faranglondon.co.uk/,own site,Farang,Islington,Finsbury Park,Asian,reservations@faranglondon.co.uk,2,+44 20 7226 1609,72 Highbury Park,,openstreetmap,https://www.openstreetmap.org/node/8443231437
https://www.farelondon.com/,own site,FARE,Islington,Farringdon,Restaurant,hello@farelondon.com,1,+44 20 3034 0736,11 Old Street,EC1V 9HL,openstreetmap,https://www.openstreetmap.org/node/3985644391
https://www.farmerj.com/location/farringdon/,own site,Farmer J,Islington,Farringdon,Takeaway,,1,,,,openstreetmap,https://www.openstreetmap.org/node/12863476267
https://www.finchspub.co.uk/,own site,Finch's,Islington,Finsbury,Pub,finchs@youngs.co.uk,1,+44 20 7588 3311,12a Finsbury Square,EC2A 1AN,openstreetmap,https://www.openstreetmap.org/way/629300448
https://www.finsburyparktrust.org/,"own site (found by name, postcode verified)",Finsbury Park Trust,Islington,Finsbury Park,Restaurant,management@finsburyparktrust.org,1,,"Finsbury Park Trust, Unit G2, 225-229 Seven Sisters Road",N4 2DA,food standards agency,https://ratings.food.gov.uk/business/1658200
https://firin.co.uk/,own site,Firin,Islington,Barnsbury,Restaurant,info@firin.co.uk,1,+442078335076,140 York Way,N1 0AX,openstreetmap,https://www.openstreetmap.org/way/43312351
https://www.fishcentral.co.uk/,own site,Fish Central,Islington,St Luke's,Seafood,reservations@fishcentral.co.uk,1,,149-155 Central Street,,openstreetmap,https://www.openstreetmap.org/node/462008326
https://restaurants.fiveguys.co.uk/greater-london/71-upper-st,own site,Five Guys,Islington,Angel,Burger,,1,,71 Upper Street,N1 0NY,openstreetmap,https://www.openstreetmap.org/node/3206229117
https://flatironsteak.co.uk/restaurant/kings-cross/,own site,Flat Iron Kings Cross,Islington,Pentonville,Steak,sustainability@flatironsteak.co.uk,1,,47-51 Caledonian Road,N1 9BU,openstreetmap,https://www.openstreetmap.org/node/6635118485
https://flightclubdarts.com/location-islington,own site,Flight Club,Islington,Angel,Bar,events@flightclubdarts.com,1,,56 Upper Street,N1 0NY,openstreetmap,https://www.openstreetmap.org/node/3206271866
https://flightclubdarts.com/,own site,Flight Club,Islington,Finsbury,Bar,events@flightclubdarts.com,1,+44 20 3019 3093,2a Worship Street,EC2A 2AH,openstreetmap,https://www.openstreetmap.org/node/4969009471
http://www.foxandanchor.com,own site (Wikidata),Fox and Anchor,Islington,Farringdon,Pub,,1,,115 Charterhouse Street,EC1M 6AA,openstreetmap,https://www.openstreetmap.org/way/97175520
https://www.crafted-social.co.uk/fox-on-the-green-islington,own site,Fox on the Green,Islington,Islington,Pub,,1,,1 Islington Green,N1 2XH,openstreetmap,https://www.openstreetmap.org/node/26310696
https://framefinsbury.co.uk/,own site,Frame Cafe & Bar,Islington,Finsbury Park,Cafe,info@framefinsbury.co.uk,1,,7 Clifton Terrace,N4 3JP,openstreetmap,https://www.openstreetmap.org/node/4005692200
https://www.francomanca.co.uk/restaurants/islington/,own site,Franco Manca,Islington,Angel,Pizza,,1,,72 Upper Street,N1 0NY,openstreetmap,https://www.openstreetmap.org/node/299612702
https://www.francomanca.co.uk/restaurants/kings-cross/,own site,Franco Manca,Islington,Pentonville,Pizza,,1,,62-64 York Way,N1 9AG,openstreetmap,https://www.openstreetmap.org/node/5210912040
https://www.fredericks.co.uk,own site,Frederick's,Islington,Angel,Restaurant,andreea@fredericks.co.uk,1,+44 20 7359 2888,106 Islington High Street,N1 8EG,openstreetmap,https://www.openstreetmap.org/node/336108148
https://www.freshbake.com/,"own site (found by name, postcode verified)",Fresh Bake,Islington,Finsbury Park,Bakery,,2,,1 Station Place,N4 2DH,openstreetmap,https://www.openstreetmap.org/node/13366763092
https://fujimamasushi.co.uk/landing.php,"own site (found by name, postcode verified)",Fujimama Sushi,Islington,Highbury,Sushi,,1,,"Fujimama Sushi, 204A Blackstock Road, London",N5 1EN,food standards agency,https://ratings.food.gov.uk/business/1567316
https://gails.com/pages/finsbury-park,own site,GAIL's,Islington,Finsbury Park,Bakery,,1,,15 City North Place,N4 3FU,openstreetmap,https://www.openstreetmap.org/node/9519425871
https://gails.com/pages/exmouth-market,own site,GAIL's,Islington,Clerkenwell,Bakery,,1,,33-35 Exmouth Market,EC1R 4QL,openstreetmap,https://www.openstreetmap.org/way/99379777
https://www.gazettebrasserie.co.uk/clerkenwell,own site,Gazette Brasserie,Islington,Clerkenwell,French,,1,+44 20 7324 4455,86-88 Clerkenwell Road,EC1M 5RJ,openstreetmap,https://www.openstreetmap.org/node/581959113
https://gemrestaurant.org.uk/,own site,Gem,Islington,Canonbury,Restaurant,,1,,265 Upper Street,N1 2UQ,openstreetmap,https://www.openstreetmap.org/node/331880899
https://www.george4th.net/,own site,George IV,Islington,Angel,Pub,,1,+44 20 7278 8433,57 Liverpool Road,N1 0RJ,openstreetmap,https://www.openstreetmap.org/node/25597628
https://gerryshotsubs.com/,own site,Gerry's Hot Subs,Islington,Clerkenwell,American,,1,,,,openstreetmap,https://www.openstreetmap.org/node/12296447201
https://www.giddyupcoffee.co.uk/,own site,Giddy Up Coffee,Islington,Finsbury,Breakfast,,1,,,,openstreetmap,https://www.openstreetmap.org/way/939413032
https://www.giovannis.london/,"own site (found by name, postcode verified)",Giovanni's,Islington,Finsbury,Italian,,1,,12 City Road,EC1Y 2AA,openstreetmap,https://www.openstreetmap.org/way/629862188
http://goat.pizza/,"own site (found by name, postcode verified)",Goat Pizza,Islington,Pentonville,Pizza,hello@goat.pizza,2,,"Goat Pizza, Ground Floor, 26 Penton Street",N1 9PS,food standards agency,https://ratings.food.gov.uk/business/1427689
https://godetlondon.com/,"own site (found by name, postcode verified)",Godet,Islington,Canonbury,Pub,godetlondon@gmail.com,1,,382 Essex Road,N1 3PF,openstreetmap,https://www.openstreetmap.org/way/197691952
http://goodbyehorses.london,own site,Goodbye Horses,Islington,Islington,Restaurant,hello@goodbyehorses.london,1,,21 Halliford Street,N1 3HB,openstreetmap,https://www.openstreetmap.org/node/13108592501
http://fuckoffee.com/#,own site,Goswell Road Coffee,Islington,St Luke's,Cafe,enquiries@fuckoffee.com,4,,160-164 Goswell Road,EC1V 7DU,openstreetmap,https://www.openstreetmap.org/way/149403893
https://www.thegreatchase.co.uk/,own site,Great Chase,Islington,Angel,Restaurant,enquiries@thegreatchase.co.uk,2,,316 St. John Street,,openstreetmap,https://www.openstreetmap.org/way/119442516
https://www.greatgrillhouse.co.uk/,own site,GReat Grill House,Islington,Clerkenwell,BBQ; Greek; Steak,,1,+44 7402 656633,167-169 Farringdon Road,EC1R 3AL,openstreetmap,https://www.openstreetmap.org/node/11881067469
https://greek-grill-point.co.uk/,"own site (found by name, postcode verified)",Greek Grill Point,Islington,St Luke's,Greek,,1,,"Greek Grill Point, 85 Lever Street, London",EC1V 3RA,food standards agency,https://ratings.food.gov.uk/business/1670893
http://www.greenandfortunecafe.co.uk/,own site,Green & Fortune Cafe,Islington,Pentonville,Cafe,,1,,90 York Way,N1 9AG,openstreetmap,https://www.openstreetmap.org/node/10592532918
https://www.greggs.com/shops/islington/154-156-holloway-rd/6600,own site,Greggs,Islington,Holloway,Bakery; Deli,,1,,154 Holloway Road,N7 8DD,openstreetmap,https://www.openstreetmap.org/node/10552875778
https://www.gridstudios.com/,"own site (found by name, postcode verified)",Grid Studios,Islington,St Luke's,Restaurant,info@gridstudios.com,1,,"Grid Studios, Ground Floor Left, 49-59 Old Street",EC1V 9HX,food standards agency,https://ratings.food.gov.uk/business/1732917
https://grind.co.uk/pages/shoreditch-grind,own site,Grind,Islington,Finsbury,Breakfast,hello@grind.co.uk,1,+44 20 7490 7490,213 Old Street,EC1V 9NR,openstreetmap,https://www.openstreetmap.org/way/154856449
https://www.theethiopiancoffeecompany.co.uk,own site,Ground Control,Islington,Angel,Cafe,info@theethiopiancoffeecompany.co.uk,1,,61 Amwell Street,EC1R 1UR,openstreetmap,https://www.openstreetmap.org/node/1343966881
https://www.guruguru.co.uk/,"own site (found by name, postcode verified)",Guru Guru,Islington,Angel / Barnsbury / Canonbury / Islington / Pentonville,Restaurant,,1,,"Guru Guru, Commercial Unit Restaurant, 9 Chapel Market",N1 9EZ,food standards agency,https://ratings.food.gov.uk/business/1857710
https://www.hainanhouse.co.uk/,"own site (found by name, postcode verified)",Hainan House,Islington,Islington,Asian; Chinese,foh@hainanhouse.co.uk,1,,88 Upper Street,N1 0NP,openstreetmap,https://www.openstreetmap.org/way/31305421
https://hanasushi.net/,own site,Hana Sushi,Islington,Finsbury Park,Asian; Sushi,,1,+44 20 7281 2226,150 Seven Sisters Road,,openstreetmap,https://www.openstreetmap.org/node/8015008697
https://www.hanoipho.co.uk/,"own site (found by name, postcode verified)",Hanoi Pho,Islington,Finsbury Park,Restaurant,,1,,"Hanoi Pho, Unit 2, 2-4 Wells Terrace",N4 3JU,food standards agency,https://ratings.food.gov.uk/business/1915925
https://www.hemingfordarms.com/,own site,Hemingford Arms,Islington,Barnsbury,Pub,enquiries@hemingfordarms.com,1,+44 20 7607 3303,158 Hemingford Road,N1 1DF,openstreetmap,https://www.openstreetmap.org/node/291981188
https://highnesscafe.co.uk/,"own site (found by name, postcode verified)",Highness Cafe,Islington,Highbury,Restaurant,,1,,"Highness Cafe, 21A-21B Highbury Park, London",N5 1QJ,food standards agency,https://ratings.food.gov.uk/business/1587440
https://www.holychinesetakeaway.co.uk/,"own site (found by name, postcode verified)",Holy Chinese Take Away,Islington,Holloway,Chinese,holychinese540@gmail.com,2,,"Holy Chinese Take Away, 540 Holloway Road, London",N7 6JP,food standards agency,https://ratings.food.gov.uk/business/1792444
https://homeboybar.com/,"own site (found by name, postcode verified)",Homeboy Bar,Islington,Islington,Restaurant,info@homeboybar.com,1,,"Homeboy Bar, Basement And Ground Floors, 108 Essex Road",N1 8LX,food standards agency,https://ratings.food.gov.uk/business/1339420
https://www.hkcuisine.co.uk/,own site,Hong Kong Restaurant,Islington,Islington,Asian; Chinese,,1,+44 20 4537 3557,301 Upper Street,N1 2TU,openstreetmap,https://www.openstreetmap.org/node/299616421
https://www.hopvietnamese.com/shop/kings-cross,own site,HOP,Islington,Pentonville,Asian,,1,,296-298 Pentonville Road,N1 9NR,openstreetmap,https://www.openstreetmap.org/node/427539146
https://www.greeneking.co.uk/pubs/greater-london/hope-and-anchor,own site,Hope & Anchor,Islington,Canonbury,Pub,,1,+44 20 7354 1312,207 Upper Street,N1 1RL,openstreetmap,https://www.openstreetmap.org/way/31293000
https://www.hotwokkitchen.com/,"own site (found by name, postcode verified)",Hot Wok,Islington,Archway,Chinese,hotwokkitchen@gmail.com,2,,"Hot Wok, Ground Floor, 663 Holloway Road",N19 5SE,food standards agency,https://ratings.food.gov.uk/business/745718
https://hoxleyandporter.com/,own site,Hoxley & Porter,Islington,Islington,Bar,hoxleyporter@gmail.com,1,,153 Upper Street,N1 1RA,openstreetmap,https://www.openstreetmap.org/node/299615545
https://huckleberrys.co.uk/,"own site (found by name, postcode verified)",Huckleberrys,Islington,Barnsbury,Takeaway,,2,,"Huckleberrys, Shop, 352 Caledonian Road",N1 1DU,food standards agency,https://ratings.food.gov.uk/business/1689904
https://www.humblegrape.co.uk/wine-bar/islington/,own site,Humble Grape,Islington,Islington,Italian,info@humblegrape.co.uk,1,+44 20 7226 9400,13 Therburton street,,openstreetmap,https://www.openstreetmap.org/node/667461790
https://iberiarestaurant.co.uk/,"own site (found by name, postcode verified)",Iberia,Islington,Barnsbury,Restaurant,pimlico@iberiarestaurant.co.uk,2,,294-296 Caledonian Road,N1 1BA,openstreetmap,https://www.openstreetmap.org/way/358716235
https://www.ikoi.co.uk,own site,Ikoi Japanese Cafe,Islington,Pentonville,Asian; Japanese,,1,,102 Caledonian Road,N1 9DN,openstreetmap,https://www.openstreetmap.org/node/3247084429
https://ilgusciohighbury.co.uk/,"own site (found by name, postcode verified)",Il Guscio Highbury,Islington,Highbury,Restaurant,,1,,"Il Guscio Highbury, Ground Floor Shop, 231 Blackstock Road",N5 2LL,food standards agency,https://ratings.food.gov.uk/business/1348955
https://islingtonsportsbarandgrill.co.uk/,"own site (found by name, postcode verified)",Islington Sports Bar & Grill,Islington,Holloway,Pub,,1,+44 7921 724601,274 Holloway Road,N7 6NE,openstreetmap,https://www.openstreetmap.org/way/491695960
https://www.itsu.com/location/north-london/islington-angel-central/,own site,itsu,Islington,Angel,Asian,appfeedback@itsu.com,1,,23 Parkfield Street,N1 0PS,openstreetmap,https://www.openstreetmap.org/node/4492350605
https://www.itsu.com/location/central-london/finsbury-square/,own site,itsu,Islington,Finsbury,Asian,appfeedback@itsu.com,1,,1 Finsbury Square,EC2A 1AE,openstreetmap,https://www.openstreetmap.org/way/629300467
https://www.ivanramen.co.uk/,"own site (found by name, postcode verified)",Ivan Ramen,Islington,Clerkenwell,Japanese,hello@ivanramen.co.uk,1,,"Ivan Ramen, Shop, 98 Farringdon Road",EC1R 3EA,food standards agency,https://ratings.food.gov.uk/business/1903643
https://www.jaikrishna.co.uk/,"own site (found by name, postcode verified)",Jai Krishna,Islington,Finsbury Park,Indian,,1,,161 Stroud Green Road,N4 3PZ,openstreetmap,https://www.openstreetmap.org/node/392672514
https://jamdelish.co.uk/,own site,Jam Delish,Islington,Angel,Restaurant,jamdelish@outlook.com,1,,1 Tolpuddle Street,N1 0XT,openstreetmap,https://www.openstreetmap.org/way/32135829
http://www.jimmyandthebee.com/,own site,Jimmy & the Bee Coffee House,Islington,St Luke's,Cafe,,1,,135 Goswell Road,EC1V 7JY,openstreetmap,https://www.openstreetmap.org/way/155366812
https://jolenen16.com/,own site,Jolene,Islington,Canonbury,Restaurant,office@jolenebakery.com,1,,,,openstreetmap,https://www.openstreetmap.org/node/8265131010
http://www.bigjobakery.com,own site,Jolene Colebrooke Row,Islington,Islington,Bakery,office@jolenebakery.com,2,,Colebrooke Row,N1 8AA,openstreetmap,https://www.openstreetmap.org/node/12464879801
https://www.juss-jerk.co.uk/,"own site (found by name, postcode verified)",Juss Jerk,Islington,Holloway,Restaurant,,1,,"Juss Jerk, Rentacar Site, 45 Hornsey Road",N7 7DD,food standards agency,https://ratings.food.gov.uk/business/1294646
https://www.kalbi.co.uk/,"own site (found by name, postcode verified)",Kalbi,Islington,Clerkenwell,Asian; Korean,kalbi.restaurant@gmail.com,1,,1-2 Rosebery Court,EC1R 5HP,openstreetmap,https://www.openstreetmap.org/way/155894278
https://kaseyschicken3.co.uk/,"own site (found by name, postcode verified)",Kasey's Chicken 3,Islington,Canonbury,Takeaway,admin@kaseyschicken3.co.uk,1,,"Kasey's Chicken 3, Basement and Ground Floor Rear, 324 Essex Road",N1 3PB,food standards agency,https://ratings.food.gov.uk/business/1790574
https://kaseyschicken.co.uk/,"own site (found by name, postcode verified)",Kaseys Chicken,Islington,Holloway,Takeaway,admin@kaseyschicken.co.uk,1,,223 Holloway Road,N7 8HG,openstreetmap,https://www.openstreetmap.org/way/152995700
https://www.katsumajapanese.co.uk/,own site,Katsuma,Islington,Farringdon,Asian; Japanese,contact@katsumajapanese.co.uk,1,,30C Great Sutton Street,,openstreetmap,https://www.openstreetmap.org/way/149070190
http://chifafa.com,own site,Kebabs Made Good,Islington,Clerkenwell,Restaurant,,1,,,,openstreetmap,https://www.openstreetmap.org/node/742539842
https://www.kennedyslondon.co.uk/,"own site (found by name, postcode verified)",Kennedy's of Goswell Road,Islington,St Luke's,Seafood,,1,,184-186 Goswell Road,EC1V 7DT,openstreetmap,https://www.openstreetmap.org/way/149390327
https://www.kfc.co.uk/kfc-near-me/archway-holloway-road,own site,KFC,Islington,Archway,Takeaway,,1,,667 Holloway Road,N19 5SE,openstreetmap,https://www.openstreetmap.org/node/984924852
https://www.kfc.co.uk/kfc-near-me/london-seven-sisters,own site,KFC,Islington,Holloway,Takeaway,,1,,16-22 Seven Sisters Road,N7 6AG,openstreetmap,https://www.openstreetmap.org/node/1540888830
https://www.kfc.co.uk/kfc-near-me/highbury-upper-street,own site,KFC,Islington,Canonbury,Takeaway,,1,,241 Upper Street,N1 1RU,openstreetmap,https://www.openstreetmap.org/way/31293188
https://kibcocoffee.co.uk/,"own site (found by name, postcode verified)",Kibco coffee,Islington,Barnsbury,Cafe,info@kibcocoffee.co.uk,1,,170 Caledonian Road,N1 0SQ,openstreetmap,https://www.openstreetmap.org/node/1613019140
https://www.kilis.co.uk/,own site,Kilis,Islington,Islington,Restaurant,info@kilis.co.uk,1,,4 Theberton Street,N1 0QX,openstreetmap,https://www.openstreetmap.org/node/331534430
https://kingcharles1st.co.uk/,own site,King Charles I,Islington,Pentonville,Pub,,1,+44 20 7837 7758,55-57 Northdown Street,N1 9BL,openstreetmap,https://www.openstreetmap.org/node/425175495
https://kingsheadtheatre.com/,own site,King's Head,Islington,Islington,Pub,boxoffice@kingsheadtheatre.com,1,,115 Upper Street,N1 1QN,openstreetmap,https://www.openstreetmap.org/node/299308588
https://www.kingspizza.uk/islington/,"own site (found by name, postcode verified)",King's Pizza,Islington,Barnsbury,Pizza,islington@kingspizza.uk,1,,280 Caledonian Road,N1 1BA,openstreetmap,https://www.openstreetmap.org/way/358716248
https://kipferl.co.uk/,own site,Kipferl Cafe & Kitchen,Islington,Angel,Cafe,shop@kipferl.co.uk,1,,20 Camden Passage,N1 8ED,openstreetmap,https://www.openstreetmap.org/node/4122122489
https://kod-uk.com/,own site,KOD,Islington,Islington,Restaurant,,1,+44 20 8037 7393,330 Upper Street,,openstreetmap,https://www.openstreetmap.org/way/31324416
https://www.kbbqhouse.co.uk,own site,Korean BBQ House,Islington,Finsbury,Asian; BBQ; Halal; Korean,info@kbbqhouse.co.uk,1,+44 20 7256 5179,107 Whitecross Street,EC1Y 8JD,openstreetmap,https://www.openstreetmap.org/way/60266220
https://lafarolacafe.co.uk/,own site,La Farola,Islington,Islington,Spanish,info@lafarolacafe.co.uk,1,+44 20 7359 7707,101 Upper Street,N1 1QN,openstreetmap,https://www.openstreetmap.org/node/348357924
https://lamiacucinalondon.co.uk/,"own site (found by name, postcode verified)",La Mia Cucina,Islington,Holloway,Restaurant,lamiacucinalondon01@gmail.com,1,,"La Mia Cucina, 500 Holloway Road, London",N7 6JA,food standards agency,https://ratings.food.gov.uk/business/1650721
https://lapetiteaubergebistro.co.uk/,"own site (found by name, postcode verified)",La Petite Auberge,Islington,Islington,French,info@lapetiteaubergebistro.co.uk,1,,283 Upper Street,N1 2TZ,openstreetmap,https://www.openstreetmap.org/node/348310313
https://www.lasaporita.uk/,own site,La Saporita,Islington,Finsbury Park,Italian,lasaporita.ltd@hotmail.com,1,+44 20 7272 5040,174 Tollington Park,,openstreetmap,https://www.openstreetmap.org/way/264032015
https://www.ladymildmay.com/,own site,Lady Mildmay,Islington,Canonbury,Pub,,1,+44 20 7241 6238,92 Mildmay Park,N1 4PR,openstreetmap,https://www.openstreetmap.org/way/469688061
https://landoffirerestaurant.com/,own site,Land of Fire,Islington,Pentonville,Takeaway,info@landoffirerestaurant.com,1,+44 7388 777597,95 Caledonian Road,N1 9BT,openstreetmap,https://www.openstreetmap.org/way/351965825
https://www.langano.co.uk/,own site,Langano,Islington,Finsbury Park,Restaurant,,1,,,,openstreetmap,https://www.openstreetmap.org/node/9519425907
https://lantanacafe.co.uk/,own site,Lantana,Islington,Finsbury,Breakfast,,2,+44 20 7253 5273,1 Oliver's Yard,EC1Y 1HQ,openstreetmap,https://www.openstreetmap.org/node/10994662649
https://largeglass.co.uk/,"own site (found by name, postcode verified)",Large Glass,Islington,Barnsbury,Pub,info@largeglass.co.uk,1,,"Large Glass, 392-394 Caledonian Road, London",N1 1DN,food standards agency,https://ratings.food.gov.uk/business/457782
https://www.lanternchinese.co.uk/,own site,Latern,Islington,Farringdon,Asian; Chinese,,1,+44 20 7490 4407,21 Clerkenwell Road,EC1M 5RD,openstreetmap,https://www.openstreetmap.org/node/742539859
https://www.lepechemignon.co.uk/,"own site (found by name, postcode verified)",Le Peche Mignon,Islington,Highbury,Restaurant,feedback@lepechemignon.co.uk,2,,"Le Peche Mignon, Ground Floor Shop At 6, 6 Ronalds Road",N5 1XH,food standards agency,https://ratings.food.gov.uk/business/417031
https://lesacrecoeurbistro.co.uk/,own site,Le Sacré Coeur,Islington,Islington,French,,1,,18 Theberton Street,N1 0QX,openstreetmap,https://www.openstreetmap.org/node/331298008
https://leon.co/restaurants/farringdon/,own site,LEON,Islington,Farringdon,Burger; Deli,strand@leon.co,1,,19-25 Cowcross Street,EC1M 6DH,openstreetmap,https://www.openstreetmap.org/way/163034472
https://www.liman.co.uk/,own site,Liman,Islington,Pentonville,Restaurant,,1,,60 Penton Street,N1 9PZ,openstreetmap,https://www.openstreetmap.org/way/119707615
https://www.littleangeltheatre.com/,"own site (found by name, postcode verified)",Little Angel Theatre,Islington,Angel / Barnsbury / Canonbury / Islington / Pentonville,Pub,info@littleangeltheatre.com,1,,"Little Angel Theatre, Little Angel Theatre, 14 Dagmar Passage",N1 2DN,food standards agency,https://ratings.food.gov.uk/business/1513407
https://littlebatbar.com/,"own site (found by name, postcode verified)",Little Bat Bar,Islington,Canonbury,Restaurant,hello@littlebatbar.com,1,,"Little Bat Bar, Ground Floor, 54 Islington Park Street",N1 1PX,food standards agency,https://ratings.food.gov.uk/business/912363
https://www.canalmuseum.org.uk/,"own site (found by name, postcode verified)",London Canal Museum,Islington,Pentonville,Food truck,groups@canalmuseum.org.uk,1,,"London Canal Museum, 12-13 New Wharf Road, London",N1 9RT,food standards agency,https://ratings.food.gov.uk/business/417132
http://longarmpub.com/,own site,Long Arm Pub & Brewery,Islington,Finsbury,American; Pub,info@longarmpub.co.uk,1,,20-26 Worship Street,EC2A 2DX,openstreetmap,https://www.openstreetmap.org/node/4969009472
https://lovinghutarchway.com/,"own site (found by name, postcode verified)",Loving Hut,Islington,Archway,Restaurant,,1,+44 20 7281 8989,669 Holloway Road,N19 5SE,openstreetmap,https://www.openstreetmap.org/node/1150114250
https://www.lunallena.co.uk/,"own site (found by name, postcode verified)",Luna Llena,Islington,Finsbury Park,Spanish,,1,,119 Stroud Green Road,N4 3PX,openstreetmap,https://www.openstreetmap.org/node/393464338
https://www.leduck.co.uk/,own site,M. le Duck,Islington,Farringdon,Restaurant,,1,,27 Clerkenwell Road,,openstreetmap,https://www.openstreetmap.org/node/6683972592
https://machankitchen.co.uk/,own site,Machan Kitchen - Sri Lankan Restaurant,Islington,Clerkenwell,Restaurant,,1,+44 20 7916 8089,171 Farringdon Road,EC1R 3AL,openstreetmap,https://www.openstreetmap.org/node/7053829520
http://www.magicwok.com/,own site,Magic Wok,Islington,St Luke's,Asian; Chinese,,1,,,,openstreetmap,https://www.openstreetmap.org/node/4891650153
https://www.myboleh.co.uk/,own site,Malaysia Boleh,Islington,Farringdon,Asian,booking@myboleh.co.uk,1,,12-14 St. John Street,EC1M 4AY,openstreetmap,https://www.openstreetmap.org/way/116508956
https://www.mangiabene.co.uk/,"own site (found by name, postcode verified)",Mangia Bene,Islington,Angel,Italian,,1,,18 Chapel Market,N1 9EZ,openstreetmap,https://www.openstreetmap.org/way/119438314
https://www.marquesscanonbury.com/,own site,Marquess Tavern,Islington,Canonbury,Pub,,1,+44 20 3355 0491,32 Canonbury Street,N1 2TB,openstreetmap,https://www.openstreetmap.org/way/230373565
https://maxssandwichshop.com/,own site,Max's Sandwhich Shop,Islington,Finsbury Park,Deli,outhereonthedancefloor@maxssandwichshop.com,1,+44 20 7263 8759,19 Crouch Hill,N4 4AP,openstreetmap,https://www.openstreetmap.org/node/3648083067
https://www.mayvn.co.uk/,own site,Mayvn Cafe,Islington,Angel,Bakery; Breakfast; Deli,info@mayvn.co.uk,1,,4 Pentonville Road,N1 9HF,openstreetmap,https://www.openstreetmap.org/node/13698295100
https://www.mcdonalds.com/gb/en-gb/location/kings-cross/kings-cross---ex-wendys/2-york-way/8261041.html,own site,McDonald's,Islington,Pentonville,Burger,,1,+44 20 7837 5015,2 York Way,N1 9AA,openstreetmap,https://www.openstreetmap.org/node/425720510
https://www.mcdonalds.com/gb/en-gb/location/islington/highbury-corner/251252-upper-street/8261134.html,own site,McDonald's,Islington,Canonbury,Burger,,1,+44 20 7354 4392,251-252 Upper Street,N1 1RU,openstreetmap,https://www.openstreetmap.org/node/2531024404
https://www.mcdonalds.com/gb/en-gb/location/archway/archway/23-highgate-hill/8261288.html,own site,McDonald's,Islington,Archway,Burger,,1,+44 20 7272 8043,,N19 5LP,openstreetmap,https://www.openstreetmap.org/way/70595025
https://www.mcdonalds.com/gb/en-gb/location/islington/islington/67-chapel-market/8260329.html,own site,McDonald's,Islington,Angel,Burger,,1,+44 20 7833 3674,65-67 Chapel Market,N1 9ER,openstreetmap,https://www.openstreetmap.org/way/119439314
https://www.mcdonalds.com/gb/en-gb/location/holloway/seven-sisters/1315-seven-sisters-road/8260002.html,own site,McDonald's,Islington,Holloway,Burger,,1,+44 20 7272 0506,13-15 Seven Sisters Road,N7 6AJ,openstreetmap,https://www.openstreetmap.org/way/231280955
https://www.mcdonalds.com/gb/en-gb/location/holloway/holloway-road/280-holloway-road/8260732.html,own site,McDonald's,Islington,Holloway,Burger,,1,+44 20 7607 9923,280 Holloway Road,N7 6NJ,openstreetmap,https://www.openstreetmap.org/way/491695956
https://www.meltdownlondon.co.uk/,"own site (found by name, postcode verified)",Meltdown,Islington,Barnsbury,Pub,info@meltdownlondon.co.uk,1,,342 Caledonian Road,N1 1BB,openstreetmap,https://www.openstreetmap.org/way/237044752
https://www.memlaz.co.uk/,own site,Mem & Laz,Islington,Islington,Restaurant,,1,+44 20 7704 9089,8 Theberton Street,N1 0QX,openstreetmap,https://www.openstreetmap.org/node/331534433
https://www.mesiskitchen.com,own site,Mesi's Kitchen,Islington,Holloway,Restaurant,info@mesiskitchen.com,1,+44 20 7018 2640,128 Holloway Road,N7 8JE,openstreetmap,https://www.openstreetmap.org/way/32257855
https://mikkeller.com/locations/mikkeller-brewpub-london,own site,Mikkeller Brewpub London,Islington,Clerkenwell,Pub,exmouth@mikkeller.com,1,,37-39 Exmouth Market,EC1R 4QL,openstreetmap,https://www.openstreetmap.org/way/99379796
https://www.mildreds.com/kings-cross/,own site,Mildreds,Islington,Pentonville,Restaurant,hello@mildreds.com,1,,200 Pentonville Road,,openstreetmap,https://www.openstreetmap.org/node/3582040396
https://mildreds.com/,chain site (same name as 6 mapped branches),Mildreds,Islington,Pentonville,Restaurant,hello@mildreds.com,1,,"Mildreds, Unit 3, 200 Pentonville Road",N1 9JY,food standards agency,https://ratings.food.gov.uk/business/865565
https://mono-wraps.co.uk/,"own site (found by name, postcode verified)",Mono Wraps,Islington,Holloway,Takeaway,,1,,"Mono Wraps, Shop, 234 Holloway Road",N7 8DA,food standards agency,https://ratings.food.gov.uk/business/1680829
http://monohonramen.com,own site,Monohon Ramen,Islington,St Luke's,Asian; Japanese,info@monohonramen.com,1,,102 Old Street,,openstreetmap,https://www.openstreetmap.org/node/8048876077
https://www.morchelladining.co.uk/bookings,own site,Morchella,Islington,Clerkenwell,Restaurant,info@morchelladining.co.uk,1,+44 20 7916 0492,Rosebery Avenue,EC1R 4QY,openstreetmap,https://www.openstreetmap.org/node/452445966
https://www.morito.co.uk,own site,Morito,Islington,Clerkenwell,Restaurant,info@morito.co.uk,1,+44 20 7833 8336,32 Exmouth Market,,openstreetmap,https://www.openstreetmap.org/way/99813671
https://www.morrlondon.com/,"own site (found by name, postcode verified)",Morr,Islington,Canonbury,Cafe,,1,,242 Upper Street,N1 1RU,openstreetmap,https://www.openstreetmap.org/way/31293187
https://mukkebi.co.uk/,own site,Mukkebi,Islington,Holloway,Asian; Korean,,1,,152A Seven Sisters Road,N7 7PL,openstreetmap,https://www.openstreetmap.org/node/8015008699
https://myddletonarms.com/,own site,Myddleton Arms,Islington,Canonbury,Pub,info@myddletonarms.com,1,+44 20 7226 4595,52 Canonbury Road,N1 2HS,openstreetmap,https://www.openstreetmap.org/way/68510578
https://myhanrestaurant.com/,"own site (found by name, postcode verified)",Myhan,Islington,Highbury,Restaurant,info@myhanrestaurant.com,1,,"Myhan, Ground Floor, 104 Highbury Park",N5 2XE,food standards agency,https://ratings.food.gov.uk/business/1645515
https://www.mypixxa.com/,"own site (found by name, postcode verified)",Mypixxa,Islington,Farringdon,Restaurant,info@mypixxa.com,3,,"Mypixxa, 8 St John Street, London",EC1M 4AY,food standards agency,https://ratings.food.gov.uk/business/1961720
https://www.nandos.co.uk/restaurants/islington,own site,Nando's,Islington,Islington,Restaurant,,1,,323-324 Upper Street,N1 2XQ,openstreetmap,https://www.openstreetmap.org/node/299615983
https://www.nandos.co.uk/restaurants/kings-cross,own site,Nando's,Islington,Pentonville,Restaurant,,1,,12-16 York Way,N1 9AA,openstreetmap,https://www.openstreetmap.org/node/4563725074
https://www.nandos.co.uk/restaurants/holloway-road,own site,Nando's,Islington,Holloway,Restaurant,,1,+44 20 7697 9788,277 Holloway Road,N7 8FB,openstreetmap,https://www.openstreetmap.org/node/7778462481
https://www.nandos.co.uk/restaurants/farringdon,own site,Nando's,Islington,Farringdon,Restaurant,,1,+44 20 7253 0058,99-100 Turnmill Street,EC1M 5QP,openstreetmap,https://www.openstreetmap.org/way/503225494
https://nationalhempservice.co.uk/,"own site (found by name, postcode verified)",National Hemp Service,Islington,Finsbury Park,Restaurant,info@nationalhempservice.co.uk,1,,"National Hemp Service, 167C Stroud Green Road, London",N4 3PZ,food standards agency,https://ratings.food.gov.uk/business/1333900
https://www.necco.london/,"own site (found by name, postcode verified)",Necco,Islington,Clerkenwell,Restaurant,info@necco.london,1,,"Necco, Shop, 52-54 Exmouth Market",EC1R 4QE,food standards agency,https://ratings.food.gov.uk/business/417601
https://www.neweasthouse.co.uk/,own site,New East House,Islington,Finsbury,Asian; Chinese,,1,,124 Whitecross Street,EC1Y 8PU,openstreetmap,https://www.openstreetmap.org/node/13608432318
https://newsurmatandoori.com/,"own site (found by name, postcode verified)",New Surma Tandoori,Islington,Islington,Indian,,1,,"New Surma Tandoori, Basement And Ground Floors, 269 New North Road",N1 7AA,food standards agency,https://ratings.food.gov.uk/business/416341
https://ninthwardlondon.com,own site,Ninth Ward,Islington,Clerkenwell,Pub,ninthward@sybariticgroup.com,1,+44 20 7833 2949,99-101 Farringdon Road,EC1R 3BN,openstreetmap,https://www.openstreetmap.org/node/5192841322
https://no60brasserie.co.uk/,own site,No 60 Brasserie,Islington,Highbury,French,hello@no60brasserie.co.uk,1,+44 20 7288 1235,60 Newington Green,N16 9PX,openstreetmap,https://www.openstreetmap.org/way/372598757
https://nocirestaurant.co.uk,own site,Noci,Islington,Islington,Italian,battersea@nocirestaurant.co.uk,3,,4-6 Islington Green,N1 2XA,openstreetmap,https://www.openstreetmap.org/node/567195997
https://www.noodlebrat.com/,"own site (found by name, postcode verified)",Noodle Brat,Islington,Clerkenwell,Restaurant,,1,,"Noodle Brat, Commercial Unit, 53A Clerkenwell Close",EC1R 0EA,food standards agency,https://ratings.food.gov.uk/business/1519471
https://www.noxybrothers.com/,"own site (found by name, postcode verified)",Noxy Brothers,Islington,Finsbury,Restaurant,info@noxybrothers.com,2,,"Noxy Brothers, Unit A, 207 Old Street",EC1V 9NR,food standards agency,https://ratings.food.gov.uk/business/1220244
http://necco.co.uk/,own site,Nécco,Islington,Clerkenwell,Asian; Japanese,info@necco.co.uk,1,+44 20 7713 8575,52-54 Exmouth Market,EC1R 4QE,openstreetmap,https://www.openstreetmap.org/way/99813676
https://www.academymusicgroup.com/o2academyislington,"own site (found by name, postcode verified)",O2 Academy Islington,Islington,Angel,Pub,,1,,"O2 Academy Islington, 16 Parkfield Street, London",N1 0PS,food standards agency,https://ratings.food.gov.uk/business/417518
https://oakn4.co.uk/,"own site (found by name, postcode verified)",Oak N4,Islington,Finsbury Park,Restaurant,wines@oakn4.co.uk,1,,"Oak N4, Unit 2 Wells House, 5-7 Wells Terrace",N4 3JU,food standards agency,https://ratings.food.gov.uk/business/954679
https://www.officina00.co.uk/,own site,Officina 00,Islington,Finsbury,Italian,,1,+44 20 8037 7161,156 Old Street,EC1V 9BW,openstreetmap,https://www.openstreetmap.org/node/9459701688
https://www.oivita.london/,"own site (found by name, postcode verified)",Oi Vita,Islington,Canonbury,Restaurant,,2,,"Oi Vita, Basement And Ground Floors, 67 Newington Green Road",N1 4QU,food standards agency,https://ratings.food.gov.uk/business/1060330
https://www.noordinarypub.com/,own site (Wikidata),Old China Hand,Islington,Clerkenwell,Pub,noordinarypub@hotmail.com,1,,8 Tysoe Street,EC1R 4RQ,openstreetmap,https://www.openstreetmap.org/way/99379749
https://oldfountain.co.uk/,own site,Old Fountain,Islington,St Luke's,Pub,info@oldfountain.co.uk,1,+44 20 7253 2970,3 Baldwin Street,EC1V 9NU,openstreetmap,https://www.openstreetmap.org/way/154856396
http://www.oldredliontheatre.co.uk/,own site (Wikidata),Old Red Lion,Islington,Angel,Pub,bookings@weareoldred.co.uk,1,,418 St. John Street,EC1V 4NJ,openstreetmap,https://www.openstreetmap.org/way/100442829
https://olisfishchips.co.uk/,own site,Oli's Fish and Chips,Islington,Holloway,Seafood,info@olisfishchips.co.uk,1,+44 20 7607 3887,Caledonian Road,N7 9DQ,openstreetmap,https://www.openstreetmap.org/node/12663528001
https://olliescafelondon.com/,own site,Ollie's Cafe,Islington,Holloway,Breakfast,info@olliescafelondon.com,1,,94 Seven Sisters Road,N7 6AE,openstreetmap,https://www.openstreetmap.org/node/1538908193
https://omnom.com/,own site,OMNOM,Islington,Islington,Restaurant,eat@omnom.com,1,,,,openstreetmap,https://www.openstreetmap.org/node/10142424092
https://oneeightyone.uk/,"own site (found by name, postcode verified)",One Eighty One,Islington,Holloway,Pub,bookings@oneeightyone.uk,1,,"One Eighty One, 181 Holloway Road, London",N7 8LX,food standards agency,https://ratings.food.gov.uk/business/1888964
https://www.onelove-kitchen.co.uk,own site,One Love Kitchen,Islington,Finsbury Park,Restaurant,,1,,9 Crouch Hill,N4 4AP,openstreetmap,https://www.openstreetmap.org/node/3648083065
https://orleansbar.uk/,"own site (found by name, postcode verified)",Orleans Bar,Islington,Finsbury Park,Pub,,1,,"Orleans Bar, Basement, 259-261 Seven Sisters Road",N4 2DD,food standards agency,https://ratings.food.gov.uk/business/417169
https://palmyraskitchen.com/,own site,Palmyra's Kitchen,Islington,Finsbury Park,Restaurant,palmyra.res@gmail.com,2,,,,openstreetmap,https://www.openstreetmap.org/node/9211290806
https://www.pandas.kitchen/angel,own site,Pandas Kitchen,Islington,Angel,Asian; Chinese,,1,+44 20 7278 8666,11 Islington High Street,N1 9LQ,openstreetmap,https://www.openstreetmap.org/way/31310857
https://www.papajohns.co.uk/stores/angel,own site,Papa John's,Islington,Islington,Pizza,,1,,123 Upper Street,N1 1QP,openstreetmap,https://www.openstreetmap.org/node/348357947
https://www.papajohns.co.uk/stores/london-archway,own site,Papa John's,Islington,Archway,Pizza,,1,+44 20 7272 7236,,,openstreetmap,https://www.openstreetmap.org/way/153084958
https://www.papajohns.co.uk/stores/london-stoke-newington,own site,Papa John's,Islington,Highbury,Pizza,,1,,35 Green Lanes,N16 9BS,openstreetmap,https://www.openstreetmap.org/way/364792193
https://peoplepleasersalad.co.uk/,own site,People Pleaser Salad,Islington,Finsbury,Takeaway,,1,,163-165 Whitecross Street,EC1Y 8JT,openstreetmap,https://www.openstreetmap.org/node/7027531117
http://www.perilladining.co.uk/,own site,Perilla,Islington,Highbury,Restaurant,info@perilladining.co.uk,1,+44 20 7359 0779,1-3 Green Lanes,N16 9BT,openstreetmap,https://www.openstreetmap.org/way/457717795
https://www.pinkberrylondon.co.uk/,"own site (found by name, postcode verified)",Pinkberry,Islington,Angel,Ice cream,info@pinkberrylondon.co.uk,1,,38 Upper Street,N1 0PN,openstreetmap,https://www.openstreetmap.org/node/1309296809
https://www.pistachioandpickle.com/,own site,Pistachio & Pickle,Islington,Islington,Cafe,wweeiihhuuaanngg@gmail.com,1,+44 20 7607 6319,142 Liverpool Road,N1 1LA,openstreetmap,https://www.openstreetmap.org/way/31927260
https://www.pizzahut.co.uk/huts/uk-1/1011-islington/,own site,Pizza Hut Delivery,Islington,Canonbury,Pizza,,1,+44 20 7354 5055,169 Upper Street,N1 1RG,openstreetmap,https://www.openstreetmap.org/node/331880857
https://pizzalads.com/,"own site (found by name, postcode verified)",Pizza Lads,Islington,Angel / Barnsbury / Canonbury / Islington / Pentonville,Pizza,,1,,"Pizza Lads, Ground Floor, 333 Caledonian Road",N1 1DW,food standards agency,https://ratings.food.gov.uk/business/1982198
https://www.pizzapilgrims.co.uk/pizzerias/kings-cross/,own site,Pizza Pilgrims,Islington,Pentonville,Pizza,events@pizzapilgrims.co.uk,1,,278-280 Pentonville Road,N1 9NR,openstreetmap,https://www.openstreetmap.org/node/13461376457
https://www.pizzaunion.com/,own site,Pizza Union,Islington,Pentonville,Pizza,al@pizzaunion.com,3,,250 Pentonville Road,N1 9JY,openstreetmap,https://www.openstreetmap.org/node/5131751761
https://www.pizzaexpress.com/london-islington,own site,PizzaExpress,Islington,Angel,Pizza,,1,,335 Upper Street,,openstreetmap,https://www.openstreetmap.org/node/299615868
https://www.pizzaexpress.com/london-clerkenwell-road,own site,PizzaExpress,Islington,Farringdon,Pizza,,1,,,,openstreetmap,https://www.openstreetmap.org/way/473098213
https://planb.london/,own site,PLANB,Islington,Finsbury Park,Restaurant,hello@planb.london,1,+44 20 7916 7007,38 Crouch Hill,N4 4AU,openstreetmap,https://www.openstreetmap.org/way/264213607
https://plaqlock.com/,own site,Plaquemine Lock,Islington,Angel,Pub,manager@plaqlock.com,1,,139 Graham Street,N1 8LB,openstreetmap,https://www.openstreetmap.org/way/67383553
https://www.poposushibar.co.uk/,"own site (found by name, postcode verified)",Po Po Sushi Bar,Islington,Holloway,Sushi,,1,,"Po Po Sushi Bar, Commercial Unit, 142 Holloway Road",N7 8DD,food standards agency,https://ratings.food.gov.uk/business/1521330
http://theposhburger.com,own site,Posh Burger Co.,Islington,St Luke's,Burger,,1,,96 Old Street,EC1V 9AY,openstreetmap,https://www.openstreetmap.org/node/8048931896
https://locations.pret.co.uk/london/unit-1-oliver's-yard,own site,Pret A Manger,Islington,Finsbury,Deli,,1,,1 Oliver's Yard,EC1Y 1HQ,openstreetmap,https://www.openstreetmap.org/node/308839861
https://www.pret.co.uk/en-GB/shop-finder/l/london/17-city-road-london/10777,own site,Pret A Manger,Islington,Finsbury,Deli,,1,,17 City Road,EC1Y 1AG,openstreetmap,https://www.openstreetmap.org/node/1779886414
https://locations.pret.co.uk/london/182-st-john-street,own site,Pret A Manger,Islington,Clerkenwell,Deli,,1,,182-184 St. John Street,EC1V 4JZ,openstreetmap,https://www.openstreetmap.org/node/1855589693
https://locations.pret.co.uk/london/21-exmouth-market,own site,Pret A Manger,Islington,Clerkenwell,Deli,,1,,21 Exmouth Market,EC1R 4QD,openstreetmap,https://www.openstreetmap.org/node/7620445985
https://www.pret.co.uk/en-GB/shop-finder/l/london/257-258-upper-street/10696,own site,Pret A Manger,Islington,Canonbury,Deli,,1,,257-258 Upper Street,N1 1RU,openstreetmap,https://www.openstreetmap.org/way/313583262
https://www.preto.co.uk/,"own site (found by name, postcode verified)",Preto,Islington,Islington,Restaurant,info@preto.co.uk,4,,"Preto, Basement And Ground Floors Wells House, 80-82 Upper Street",N1 0NU,food standards agency,https://ratings.food.gov.uk/business/1660382
https://www.profilehighbury.com/,own site,Profile Coffee,Islington,Highbury,Cafe,,1,,1B Highbury Park,N5 1QJ,openstreetmap,https://www.openstreetmap.org/node/13373983701
https://propertacos.co.uk/,"own site (found by name, postcode verified)",Proper Tacos,Islington,Holloway,Mexican; Tacos,info@propertacos.co.uk,1,,22 Seven Sisters Road,N7 6AG,openstreetmap,https://www.openstreetmap.org/node/12638795701
https://provisionslondon.co.uk/,own site,Provisions,Islington,Holloway,Deli,info@provisionslondon.co.uk,2,,167 Holloway Road,N7 8LX,openstreetmap,https://www.openstreetmap.org/node/362315125
https://thequalitychophouse.com/,own site,Quality Chop House,Islington,Clerkenwell,Restaurant,info@thequalitychophouse.com,1,+44 20 7278 1452,88-94 Farringdon Road,EC1R 3EA,openstreetmap,https://www.openstreetmap.org/node/581005278
https://qualitywinesfarringdon.com/,own site,Quality Wines,Islington,Clerkenwell,Restaurant,info@qualitywinesfarringdon.com,1,,,,openstreetmap,https://www.openstreetmap.org/node/13452861401
https://www.rabbitholecafe.co.uk/,"own site (found by name, postcode verified)",Rabbit Hole,Islington,Holloway,Cafe,,1,,411A Holloway Road,N7 6HJ,openstreetmap,https://www.openstreetmap.org/node/4286050642
https://www.rabiengthai.co.uk/,"own site (found by name, postcode verified)",Rabieng Thai,Islington,Islington,Asian,rabthairestaurant@gmail.com,1,,143 Upper Street,N1 1QY,openstreetmap,https://www.openstreetmap.org/node/345832890
https://rackandbone.co.uk/,own site,Rack and Bone Smokehouse and Grill,Islington,Holloway,BBQ; Steak,,1,+44 20 7607 4381,466 Caledonian Road,N7 8TD,openstreetmap,https://www.openstreetmap.org/node/10068538733
https://rajofislington.com/,own site,Raj of Islington,Islington,Holloway,Indian,,1,+44 20 7607 0801,359,,openstreetmap,https://www.openstreetmap.org/way/257197865
https://re1996.com/,own site,Re:1996,Islington,Islington,Restaurant,hello@re1996.com,1,,102 Upper Street,N1 1QP,openstreetmap,https://www.openstreetmap.org/node/331534434
https://rosasthai.com/locations/rosas-thai-restaurant-delivery-takeaway-kingscross,own site,Rosa's Thai Cafe,Islington,Pentonville,Asian,kingscross@rosasthai.com,1,+44 20 8024 0120,15-17 Caledonian Road,N1 9DX,openstreetmap,https://www.openstreetmap.org/way/352696767
https://rotundabarandrestaurant.co.uk/,own site,Rotunda,Islington,Pentonville,Restaurant,enquiries@rotundabarandrestaurant.co.uk,1,,90 York way,N1 9AG,openstreetmap,https://www.openstreetmap.org/node/680150064
https://sakusei.uk/,"own site (found by name, postcode verified)",Sakusei,Islington,Angel,Asian; Japanese,,1,,56 Chapel Market,N1 9EW,openstreetmap,https://www.openstreetmap.org/way/119439289
https://www.saltine.co.uk/,"own site (found by name, postcode verified)",Saltine,Islington,Highbury,Restaurant,hello@saltine.co.uk,1,,"Saltine, Ground Floor, 11 Highbury Park",N5 1QJ,food standards agency,https://ratings.food.gov.uk/business/1669468
https://salut-london.co.uk/,own site,Salut!,Islington,Canonbury,Restaurant,hello@salut-london.co.uk,1,+44 20 3441 8808,412 Essex Road,,openstreetmap,https://www.openstreetmap.org/node/4600196489
https://www.sambalshiok.co.uk/,own site,Sambal Shiok Laksa Bar,Islington,Highbury,Asian,info@sambalshiok.co.uk,1,+44 20 7619 9888,171 Holloway Road,,openstreetmap,https://www.openstreetmap.org/node/362315131
https://santocielo.co.uk/,"own site (found by name, postcode verified)",Santo Cielo,Islington,Holloway,Takeaway,info@santocielo.co.uk,1,,"Santo Cielo, Unit 5 Roman Way Industrial Estate, 149 Roman Way",N7 8XH,food standards agency,https://ratings.food.gov.uk/business/1909935
https://santorerestaurant.com,own site,Santorè,Islington,Clerkenwell,Italian; Pizza,,1,+44 20 7812 1488,59-61 Exmouth Market,EC1R 4QL,openstreetmap,https://www.openstreetmap.org/way/99379776
https://saperavisocial.co.uk/,"own site (found by name, postcode verified)",Saperavi Social,Islington,Angel / Barnsbury / Canonbury / Islington / Pentonville,Restaurant,info@saperavisocial.co.uk,1,,"Saperavi Social, 212 Essex Road, London",N1 3AP,food standards agency,https://ratings.food.gov.uk/business/1351158
https://www.sarniesocial.com/,"own site (found by name, postcode verified)",Sarnie Social,Islington,Holloway,Takeaway,,1,,"Sarnie Social, Unit 4 Roman Way Industrial Estate, 149 Roman Way",N7 8XH,food standards agency,https://ratings.food.gov.uk/business/1957604
https://www.sasasushi.co.uk/,"own site (found by name, postcode verified)",Sasa Sushi,Islington,Angel,Sushi,,1,,"Sasa Sushi, Basement And Ground, 370 St John Street",EC1V 4NN,food standards agency,https://ratings.food.gov.uk/business/1841476
https://www.sawyerandgray.co.uk/,own site,Sawyer & Gray,Islington,Canonbury,Cafe,info@sawyerandgray.co.uk,1,,290 St Paul's Road,N1 2LH,openstreetmap,https://www.openstreetmap.org/node/339863099
https://selektchickenarchway.com/,"own site (found by name, postcode verified)",Selekt Chicken Archway,Islington,Archway,Restaurant,archwayselektchicken@gmail.com,1,,"Selekt Chicken Archway, 653 Holloway Road, London",N19 5SE,food standards agency,https://ratings.food.gov.uk/business/1909934
http://www.sensationsuk.com,own site,sensations,Islington,Holloway,Ice cream,,1,,298-300 Holloway Road,N7 6NJ,openstreetmap,https://www.openstreetmap.org/node/4837714991
https://www.singertavern.com/,own site,Singer Tavern,Islington,Finsbury,Bar,info@singertavern.com,1,+44 20 3752 2680,1 City Road,EC1Y 1AG,openstreetmap,https://www.openstreetmap.org/node/1164110889
https://www.sitaralondon.com/,"own site (found by name, postcode verified)",Sitara,Islington,Archway,Restaurant,sitara@sitaralondon.com,1,,"Sitara, Commercial, 784 Holloway Road",N19 3JH,food standards agency,https://ratings.food.gov.uk/business/417380
https://www.slimjimsliquorstore.com/,"own site (found by name, postcode verified)",Slim Jim's Liquor Store,Islington,Islington,Pub,info@slimjimsliquorstore.com,1,,"Slim Jim's Liquor Store, Basement And Ground Floors, 112 Upper Street",N1 1QN,food standards agency,https://ratings.food.gov.uk/business/745682
https://www.smithsofsmithfield.co.uk,own site,Smiths of Smithfield,Islington,Farringdon,Pub,,1,+44 207 251 7950,67-77 Charterhouse Street,EC1M 6HJ,openstreetmap,https://www.openstreetmap.org/way/42935883
https://smokehouseislington.co.uk/,own site,Smokehouse,Islington,Canonbury,BBQ; Steak,info@smokehouseislington.co.uk,1,+44 20 7354 1144,63-69 Canonbury Road,N1 2DG,openstreetmap,https://www.openstreetmap.org/way/234404703
https://www.snoozzze.uk/,own site,Snoozzze Coffee,Islington,Farringdon,Breakfast,order@snoozzze.uk,1,,91 Cowcross Street,EC1M 6BH,openstreetmap,https://www.openstreetmap.org/node/13240802202
https://somedaysomeday.co.uk/,own site,Someday Bar & Kitchen,Islington,Finsbury Park,Bar,info@somedaysomeday.co.uk,1,,,,openstreetmap,https://www.openstreetmap.org/node/12552033724
https://www.sotocoffee.co.uk/,own site,Soto Coffee,Islington,Barnsbury,Breakfast,,1,,323 Caledonian Road,N1 1DR,openstreetmap,https://www.openstreetmap.org/node/11926704043
https://southpawcoffee.co.uk/,"own site (found by name, postcode verified)",Southpaw Coffee Ltd,Islington,Holloway,Restaurant,,1,,"Southpaw Coffee Ltd, Ground Floor, 2 Roman Way",N7 8XG,food standards agency,https://ratings.food.gov.uk/business/1135885
https://www.spacetalklondon.com/,"own site (found by name, postcode verified)",Space Talk,Islington,Farringdon,Pub,hello@spacetalklondon.com,1,,"Space Talk, Basement And Ground Floor, 18-20 St John Street",EC1M 4AY,food standards agency,https://ratings.food.gov.uk/business/1708412
https://sportsbarandgrill.co.uk/,chain site (same name as 4 mapped branches),Sports Bar & Grill,Islington,Finsbury,Pub,,2,,174-180 Old Street,EC1V 9BP,openstreetmap,https://www.openstreetmap.org/node/248444184
https://ssamkoreandining.co.uk/,own site,SSÄM,Islington,Holloway,Asian; Korean,info@ssamkoreandining.co.uk,1,+44 20 7700 5098,241 Holloway Road,N7 8HG,openstreetmap,https://www.openstreetmap.org/way/152992930
http://www.stjohnstavern.com/,own site,St John's Tavern,Islington,Archway,Pub; Spanish,,1,+44 20 7272 1587,91 Junction Road,N19 5QU,openstreetmap,https://www.openstreetmap.org/way/70609598
https://stjohnrestaurant.com/,own site,St. John,Islington,Farringdon,Restaurant,reservations@stjohnrestaurant.com,1,+44 20 3301 8069,26 St. John Street,EC1M 4AY,openstreetmap,https://www.openstreetmap.org/way/97175538
https://stagshousecoffee.co.uk/,"own site (found by name, postcode verified)",Stag's House Coffee,Islington,Finsbury,Restaurant,,1,,"Stag's House Coffee, Ground Floor South Finsbury Tower, 103-105 Bunhill Row",EC1Y 8LZ,food standards agency,https://ratings.food.gov.uk/business/1980232
https://stapletontavern.com/,own site,Stapleton Tavern,Islington,Finsbury Park,Pub,stapleton@anticlondon.com,1,+44 20 7272 5395,2 Crouch Hill,N4 4AU,openstreetmap,https://www.openstreetmap.org/way/182783888
https://www.starbucks.com/store-locator/store/2417/old-street-city-road-104-122-city-road-london-eng-ec-1-v-2-nr-gb,own site,Starbucks,Islington,Finsbury,Breakfast,press@starbucks.com,1,,,,openstreetmap,https://www.openstreetmap.org/node/379033843
https://www.starbucks.com/store-locator/store/2389/highbury-corner-250-upper-street-london-eng-n-1-1-ru-gb,own site,Starbucks,Islington,Canonbury,Breakfast,press@starbucks.com,1,,250 Upper Street,N1 1RU,openstreetmap,https://www.openstreetmap.org/node/2529518839
https://www.starbucks.com/store-locator/store/1009102/finsbury-wells-terrace-wells-terrace-finsbury-park-london-eng-n-4-3-ju-gb,own site,Starbucks,Islington,Finsbury Park,Breakfast,press@starbucks.com,1,,Wells Terrace,N4 3JU,openstreetmap,https://www.openstreetmap.org/node/4005692201
https://www.starbucks.com/store-locator/store/1019204/caledonian-road-london-474-london-eng-n-7-8-tb-gb,own site,Starbucks,Islington,Holloway,Breakfast,press@starbucks.com,1,,,,openstreetmap,https://www.openstreetmap.org/node/5210918478
https://www.starbucks.com/store-locator/store/1013580/archway-junction-rd-the-lion-1-junction-road-london-london-eng-n-19-5-,own site,Starbucks,Islington,Archway,Breakfast,press@starbucks.com,1,,1 Junction Road,N19 5QT,openstreetmap,https://www.openstreetmap.org/way/76586528
https://www.starbucks.com/store-locator/store/2787/cowcross-place-zinc-house-unit-1-london-eng-ec-1-m-6-dq-gb,own site,Starbucks,Islington,Farringdon,Breakfast,press@starbucks.com,1,,19-25 Cowcross Street,EC1M 6DQ,openstreetmap,https://www.openstreetmap.org/way/163034470
https://www.greatukpubs.co.uk/steam-passage-angel,own site,Steam Passage Tavern,Islington,Angel,Pub,,1,,45-46 Upper Street,,openstreetmap,https://www.openstreetmap.org/way/31324086
https://www.gordonramsayrestaurants.com/en/uk/street-burger/locations/farringdon,own site,Street Burger,Islington,Farringdon,Burger,,1,,26 Cowcross Street,EC1M 6DQ,openstreetmap,https://www.openstreetmap.org/way/163034468
https://restaurants.subway.com/united-kingdom/en/london/248-upper-street,own site,Subway,Islington,Canonbury,Deli,,1,,248 Upper Street,N1 1RU,openstreetmap,https://www.openstreetmap.org/node/2529525811
https://restaurants.subway.com/united-kingdom/en/london/222-holloway-road,own site,Subway,Islington,Holloway,Deli,,1,+44 20 7581 9336,222 Holloway Road,N7 8DA,openstreetmap,https://www.openstreetmap.org/node/3961636421
https://restaurants.subway.com/united-kingdom/en/london/282-seven-sisters-road,own site,Subway,Islington,Finsbury Park,Deli,,1,+44 20 7272 1140,282 Seven Sisters Road,N4 2JE,openstreetmap,https://www.openstreetmap.org/node/5657476044
https://restaurants.subway.com/united-kingdom/en/london/4-cowcross-street,own site,Subway,Islington,Farringdon,Deli,,1,,4 Cowcross Street,EC1M 6DR,openstreetmap,https://www.openstreetmap.org/way/163034471
https://restaurants.subway.com/united-kingdom/en/london/38-seven-sisters-road,own site,Subway,Islington,Holloway,Deli,,1,,38 Seven Sisters Road,N7 6AA,openstreetmap,https://www.openstreetmap.org/way/233809110
https://restaurants.subway.com/united-kingdom/en/london/6-city-road,own site,Subway,Islington,Finsbury,Deli,,1,,6 City Road,EC1Y 2AA,openstreetmap,https://www.openstreetmap.org/way/629300416
https://www.suditaliapizza.co.uk/,"own site (found by name, postcode verified)",Sud Italia,Islington,Highbury,Restaurant,,2,,"Sud Italia, Shop, 72 Aubert Park",N5 1TS,food standards agency,https://ratings.food.gov.uk/business/1788547
https://www.summerdumpling.com/,own site,Summer Dumpling,Islington,Angel,Asian; Chinese,summerdumplingltd@gmail.com,1,,248 St. John Street,,openstreetmap,https://www.openstreetmap.org/node/13328314301
https://supawan.co.uk/,"own site (found by name, postcode verified)",Supawan,Islington,Pentonville,Restaurant,eat@supawan.co.uk,1,,"Supawan, Basement And Ground, 38 Caledonian Road",N1 9DT,food standards agency,https://ratings.food.gov.uk/business/1257548
https://sushisamurai.co.uk/,"own site (found by name, postcode verified)",Sushi Samurai,Islington,Holloway,Sushi,,1,,"Sushi Samurai, 298-300 Holloway Road, London",N7 6NJ,food standards agency,https://ratings.food.gov.uk/business/1965657
https://sushiwa.co.uk/,own site,Sushi Wa,Islington,Archway,Asian; Japanese; Sushi,happysushiwa@gmail.com,1,,28-30 Highgate Hill,N19 5NL,openstreetmap,https://www.openstreetmap.org/way/474922309
https://www.sweetthursday.co.uk/,own site,Sweet Thursday,Islington,Islington,Pizza,info@sweetthursday.co.uk,1,,95 Southgate Road,,openstreetmap,https://www.openstreetmap.org/way/536140334
https://tabaccafe.co.uk/,"own site (found by name, postcode verified)",Tabac Café,Islington,Clerkenwell,Cafe,hello@tabaccafe.co.uk,1,,45 Exmouth Market,EC1R 4QL,openstreetmap,https://www.openstreetmap.org/way/99379753
https://locations.tacobell.co.uk/london/254-256-seven-sisters.html,own site,Taco Bell,Islington,Finsbury Park,Mexican; Tacos,,1,,254-256 Seven Sisters Road,N4 2HY,openstreetmap,https://www.openstreetmap.org/node/9805127548
https://tanakatsu.co.uk,own site,Tanakatsu,Islington,Angel,Asian; Japanese,info@tanakatsu.co.uk,1,+44 121 389 4111,10 Wakley Street,EC1V 7LT,openstreetmap,https://www.openstreetmap.org/node/10136097117
http://tbilisi-restaurant.co.uk/,own site,Tbilisi,Islington,Holloway,Restaurant,,1,+44 20 7607 2536,91 Holloway Road,N7 8LT,openstreetmap,https://www.openstreetmap.org/node/348116230
https://www.techspace.co/,"own site (found by name, postcode verified)",Techspace,Islington,Finsbury,Restaurant,,1,,"Techspace, Basement And Ground Floor Donnelly House, 25 Worship Street",EC2A 2DX,food standards agency,https://ratings.food.gov.uk/business/1631343
https://www.tenmaru.co.uk/,own site,Tenmaru,Islington,Finsbury Park,Asian; Japanese,,2,,,,openstreetmap,https://www.openstreetmap.org/node/8264049280
http://www.tenshilondon.com/,own site,Tenshi,Islington,Angel,Asian; Japanese,info@tenshilondon.com,1,+44 20 7226 4665,61 Upper Street,N1 0NY,openstreetmap,https://www.openstreetmap.org/node/3206271867
https://thaisq.com/restaurants/islington/,own site,Thai Square,Islington,Angel,Asian,islington@thaisq.com,1,+44 20 7704 2000,347-349 Upper Street,N1 0PD,openstreetmap,https://www.openstreetmap.org/node/299615666
https://www.thatwingplace.co.uk/,"own site (found by name, postcode verified)",That Wing Place,Islington,Holloway,Restaurant,that.wing.place1@gmail.com,1,,211 Holloway Road,N7 8DL,openstreetmap,https://www.openstreetmap.org/way/153027827
https://www.the-albion.co.uk/,own site,The Albion,Islington,Barnsbury,Pub,info@the-albion.co.uk,1,+44 20 7607 7450,10 Thornhill Road,N1 1HW,openstreetmap,https://www.openstreetmap.org/way/31900825
https://thealmalondon.com/,"own site (found by name, postcode verified)",The Alma,Islington,Angel,Pub,thealma.islington@gmail.com,1,,77-78 Chapel Market,N1 9EX,openstreetmap,https://www.openstreetmap.org/way/119903501
https://thealmaislington.com,own site,The Alma,Islington,Canonbury,American; Pizza; Pub,book@thealmaislington.com,1,+44 20 7226 3531,59 Newington Green Road,N1 4QU,openstreetmap,https://www.openstreetmap.org/way/227827311
https://www.thealpaca.co.uk/,own site,The Alpaca,Islington,Islington,Pub,hello@thealpaca.co.uk,1,+44 20 3417 7224,84-86 Essex Road,N1 8LU,openstreetmap,https://www.openstreetmap.org/way/68424243
https://www.thealwynecastleislington.co.uk,own site,The Alwyne Castle,Islington,Canonbury,Pub,,1,+44 20 7359 7351,83 St. Paul's Road,N1 2LY,openstreetmap,https://www.openstreetmap.org/way/30729269
https://www.theangelcityroad.co.uk/,own site,The Angel,Islington,Finsbury,Pub,,1,+44 20 7253 3753,73 City Road,EC1Y 1BD,openstreetmap,https://www.openstreetmap.org/way/187581780
https://www.artillery-arms.co.uk/,own site,The Artillery Arms,Islington,Finsbury,Pub,,1,,102 Bunhill Row,EC1Y 8ND,openstreetmap,https://www.openstreetmap.org/way/672780137
https://www.thebaring.co.uk/,"own site (found by name, postcode verified)",The Baring,Islington,Islington,Restaurant,enquiries@thebaring.co.uk,1,,"The Baring, The Baring Arms, 55 Baring Street",N1 3DS,food standards agency,https://ratings.food.gov.uk/business/1570728
http://www.thebarnlondon.co.uk/,own site,The Barn,Islington,Holloway,Cafe,,1,+44 20 3784 8741,60 Holloway Road,N7 8JL,openstreetmap,https://www.openstreetmap.org/node/3639334565
https://www.angelcomedy.co.uk/,own site,The Bill Murray,Islington,Islington,Pub,raw@angelcomedy.co.uk,1,,39 Queen's Head Street,N1 8NQ,openstreetmap,https://www.openstreetmap.org/node/815398933
https://blackstockpub.com/,"own site (found by name, postcode verified)",The BlackStock,Islington,Finsbury Park,Pub,info@blackstockpub.com,1,+44 20 7561 1337,284 Seven Sisters Road,N4 2HY,openstreetmap,https://www.openstreetmap.org/node/26065903
http://www.thebluelegume.co.uk/,own site,The Blue Legume,Islington,Canonbury,Restaurant,,1,,177 Upper Street,N1 1RG,openstreetmap,https://www.openstreetmap.org/node/331880884
https://theblueowl.cafe/,own site,The Blue Owl,Islington,Finsbury Park,Cafe,theblueowl155@gmail.com,1,,155 Stroud Green Road,N4 3PZ,openstreetmap,https://www.openstreetmap.org/node/392672517
https://www.bostonarms.co.uk/,own site,The Boston Arms,Islington,Tufnell Park,Pub,info@bostonarms.co.uk,1,,178-180 Junction Road,N19 5QQ,openstreetmap,https://www.openstreetmap.org/way/1026053464
https://www.sportsbarandgrill.co.uk/farringdon,own site,The Boundary,Islington,Farringdon,Pub,,1,,Cowcross Street,EC1M 5UG,openstreetmap,https://www.openstreetmap.org/node/593553106
https://www.thebravelondon.co.uk/,own site,The Brave,Islington,Canonbury,Pub,info@thebravelondon.co.uk,1,,340-342 Essex Road,N1 3PB,openstreetmap,https://www.openstreetmap.org/way/197695792
http://britanniatavern.com/,own site,The Britannia Public House,Islington,St Luke's,Pub,brendan@britanniatavern.com,1,+44 7932 752156,94 Ironmonger Row,EC1V 3QR,openstreetmap,https://www.openstreetmap.org/way/164010931
https://www.thebrougham.co.uk/,own site (Wikidata),The Brougham,Islington,Islington,Restaurant,reservations@thebrougham.co.uk,1,,"The Brougham, Basement and Ground, 2 Essex Road",N1 8LN,food standards agency,https://ratings.food.gov.uk/business/1536069
https://www.thecanonbury.co.uk/,own site,The Canonbury Tavern,Islington,Canonbury,Pub,canonbury@youngs.co.uk,1,+44 20 7704 2887,21 Canonbury Place,,openstreetmap,https://www.openstreetmap.org/way/230252979
https://www.thecastlefarringdon.co.uk/,own site,The Castle,Islington,Farringdon,Pub,,1,,34-35 Cowcross Street,EC1M 6DB,openstreetmap,https://www.openstreetmap.org/node/475933772
https://www.crafted-social.co.uk/cellar-taps-newington-green,own site,The Cellar Taps,Islington,Canonbury,Burger; Pizza; Pub,stonegatepress@stonegategroup.co.uk,1,+44 20 7096 2250,125 Newington Green Road,N1 4RA,openstreetmap,https://www.openstreetmap.org/way/377056423
https://thechapelbar.co.uk/,own site,The Chapel Bar,Islington,Pentonville,Bar,info@thechapelbar.co.uk,1,,29 Penton Street,N1 9PX,openstreetmap,https://www.openstreetmap.org/way/119476490
https://www.chapelmarkettavern.com/,"own site (found by name, postcode verified)",The Chapel Market Tavern,Islington,Pentonville,Pub,hello@chapelmarkettavern.com,1,,"The Chapel Market Tavern, Ground Floor, 58 Penton Street",N1 9PZ,food standards agency,https://ratings.food.gov.uk/business/1706619
http://thecharlottedespard.co.uk/,"own site (found by name, postcode verified)",The Charlotte Despard,Islington,Archway,Pub,bar@thecharlottedespard.co.uk,1,,"The Charlotte Despard, Ground Floor, 17-19 Archway Road",N19 3TX,food standards agency,https://ratings.food.gov.uk/business/417014
https://www.thechocolatecocktailclub.co.uk/,"own site (found by name, postcode verified)",The Chocolate Cocktail Club,Islington,Farringdon,Pub,hello@thechocolatecocktailclub.co.uk,1,,"The Chocolate Cocktail Club, 72 St John Street, London",EC1M 4DT,food standards agency,https://ratings.food.gov.uk/business/1423926
https://www.cityprideclerkenwell.co.uk,own site,The City Pride,Islington,Clerkenwell,Pizza; Pub,luigi.stabcanelli@gmail.com,1,+44 20 7251 8883,28 Farringdon Lane,EC1R 3AU,openstreetmap,https://www.openstreetmap.org/way/203180588
https://theclerkenwellkitchen.co.uk/,"own site (found by name, postcode verified)",The Clerkenwell Kitchen,Islington,Clerkenwell,Restaurant,,1,,"The Clerkenwell Kitchen, Ground Floor Clerkenwell Workshops, 31 Clerkenwell Close",EC1R 0AT,food standards agency,https://ratings.food.gov.uk/business/416004
https://theclerkenwelltavern.co.uk/,own site,The Clerkenwell Tavern,Islington,Clerkenwell,Pub,hello@theclerkenwelltavern.co.uk,1,+44 20 8161 0439,2 Exmouth Market,EC1R 4PX,openstreetmap,https://www.openstreetmap.org/way/147734606
https://thecoachclerkenwell.co.uk/,own site,The Coach,Islington,Clerkenwell,Pub,reservations@thehorsesec1.com,1,+44 20 3954 1595,26-28 Ray Street,EC1R 3DJ,openstreetmap,https://www.openstreetmap.org/way/98526005
https://www.thecoffeerun.net/,own site,The Coffee Run,Islington,Canonbury,Cafe,,1,,Canonbury Station,N1 2PG,openstreetmap,https://www.openstreetmap.org/way/1300668532
https://thecoronet.uk/,own site,The Coronet,Islington,Holloway,Pub,,1,,338-346 Holloway Road,N7 6NJ,openstreetmap,https://www.openstreetmap.org/way/227929500
https://www.crownislington.co.uk/,own site,The Crown,Islington,Barnsbury,Pub,,1,+44 20 7837 7107,116 Cloudesley Road,N1 0EB,openstreetmap,https://www.openstreetmap.org/node/331298014
http://www.thecrowntavernec1.co.uk,own site,The Crown Tavern,Islington,Clerkenwell,Pub,,1,+44 20 7253 4973,43 Clerkenwell Green,EC1R 0EG,openstreetmap,https://www.openstreetmap.org/way/155363890
https://www.debeauvoirarms.com/,own site,The De Beauvoir Arms,Islington,Canonbury,Pub,info@debeauvoirarms.com,1,+44 20 7359 7392,113 Southgate Road,N1 3JS,openstreetmap,https://www.openstreetmap.org/way/536043069
https://thedepotn7.co.uk/,"own site (found by name, postcode verified)",The Depot N7,Islington,Holloway,Pub,hello@thedepotn7.co.uk,1,,"The Depot N7, Bar And Premises, Westcliff House",N7 9EF,food standards agency,https://ratings.food.gov.uk/business/701798
https://www.dovetailec1.co.uk,own site,The Dovetail,Islington,Clerkenwell,Pub,dovetailec1@gmail.com,1,+44 20 7490 7321,9-10 Jerusalem Passage,EC1V 4JP,openstreetmap,https://www.openstreetmap.org/way/155354349
http://www.thedrapersarms.com/,own site,The Drapers Arms,Islington,Barnsbury,Pub,info@thedrapersarms.com,1,+44 20 7619 0348,44 Barnsbury Street,N1 1ER,openstreetmap,https://www.openstreetmap.org/way/31052744
https://www.thedrunkenbutler.com/,own site,The Drunken Butler,Islington,Clerkenwell,Restaurant,,1,,,,openstreetmap,https://www.openstreetmap.org/node/9893839397
https://www.theduchessofkent.co.uk/,"own site (found by name, postcode verified)",The Duchess of Kent,Islington,Holloway,Pub,,1,,Liverpool Road,N7 8PR,openstreetmap,https://www.openstreetmap.org/node/305415325
https://www.thedynamicspud.com/,own site,The Dynamic Spud,Islington,Tufnell Park,Cafe,,1,,167 Junction Road,N19 5PZ,openstreetmap,https://www.openstreetmap.org/way/70609475
https://theeaglefarringdon.co.uk/,own site,The Eagle,Islington,Clerkenwell,Pub,info@theeaglefarringdon.co.uk,1,+44 20 7837 1353,159 Farringdon Road,,openstreetmap,https://www.openstreetmap.org/way/155341971
https://www.craftunionpubs.com/eaglet-pub-finsbury,own site,The Eaglet,Islington,Holloway,Pub,,1,,124 Seven Sisters Road,N7 6AE,openstreetmap,https://www.openstreetmap.org/way/142306062
https://www.crafted-social.co.uk/famous-cock-tavern-islington,own site,The Famous Cock,Islington,Canonbury,Pub,,1,,259 Upper Street,N1 1RU,openstreetmap,https://www.openstreetmap.org/node/360045160
https://www.thefellow.co.uk/,own site,The Fellow,Islington,Pentonville,Pub,,1,+44 20 7833 4395,24 York Way,N1 9AA,openstreetmap,https://www.openstreetmap.org/way/512346650
https://www.thefenceuk.co.uk/,own site,The Fence,Islington,Farringdon,Pub,,1,,67-69A Cowcross Street,EC1M 6BP,openstreetmap,https://www.openstreetmap.org/way/503225516
https://www.thefoxglove.co.uk/,own site,The Foxglove,Islington,Islington,Pub,contact@thefoxglove.co.uk,1,+44 20 7609 7129,209 – 211 Liverpool Road,N1 1LX,openstreetmap,https://www.openstreetmap.org/node/302410081
https://www.georgeandmonkey.co.uk,own site,The George and Monkey,Islington,Angel,Pub,,1,,68 Amwell Street,EC1R 1UU,openstreetmap,https://www.openstreetmap.org/way/99067531
https://www.goldentooth.co.uk/,"own site (found by name, postcode verified)",The Golden Tooth,Islington,Highbury,Pub,pub@goldentooth.co.uk,1,,"The Golden Tooth, 79 Green Lanes, London",N16 9BU,food standards agency,https://ratings.food.gov.uk/business/1973832
https://thegreatindian.uk/,own site,The Great Indian,Islington,Archway,Indian,hello@thegreatindian.uk,1,,139 Marlborough Road,N19 4NU,openstreetmap,https://www.openstreetmap.org/way/536521530
https://www.thegreenclerkenwell.com,own site,The Green,Islington,Clerkenwell,Pub,bookings@thegreenclerkenwell.com,1,,29 Clerkenwell Green,EC1R 0DU,openstreetmap,https://www.openstreetmap.org/way/155343103
https://greenmanislington.co.uk/,"own site (found by name, postcode verified)",The Green Man,Islington,Islington,Pub,greenmanislington@yahoo.com,1,,144a Essex Road,N1 8LX,openstreetmap,https://www.openstreetmap.org/node/618596228
https://www.gunnerspubhighbury.co.uk/,own site,The Gunners,Islington,Highbury,Pub,,1,,204 Blackstock Road,N5 1EN,openstreetmap,https://www.openstreetmap.org/way/779442726
https://www.thehanbury.co.uk/,own site,The Hanbury,Islington,Islington,Pub,info@thehanbury.co.uk,1,,33 Linton Street,N1 7DU,openstreetmap,https://www.openstreetmap.org/node/10092511647
https://www.harlequinpub.co.uk/,"own site (found by name, postcode verified)",The Harlequin,Islington,Angel,Pub,theharlequin1848@outlook.com,1,+44 20 7833 1129,27 Arlington Way,EC1R 1UY,openstreetmap,https://www.openstreetmap.org/way/163272356
https://www.urbanpubsandbars.com/venues/the-highbury-barn-tavern,"own site (found by name, postcode verified)",The Highbury Barn Tavern,Islington,Highbury,Pub,,1,,"The Highbury Barn Tavern, 26 Highbury Park, London",N5 2AB,food standards agency,https://ratings.food.gov.uk/business/416638
https://www.thehoratia.co.uk/,own site,The Horatia,Islington,Holloway,Pub,info@thehoratia.co.uk,1,,98-100 Holloway Road,N7 8JE,openstreetmap,https://www.openstreetmap.org/node/362359474
https://www.theislandqueenislington.co.uk/,own site,The Island Queen,Islington,Angel,Pub,,1,+44 20 7354 8741,87 Noel Road,N1 8HD,openstreetmap,https://www.openstreetmap.org/way/67449821
https://www.thejunctionmarket.co.uk/,own site,The Junction Market,Islington,Holloway,Food court,info@thejunctionmarket.co.uk,1,,95 Seven Sisters Road,,openstreetmap,https://www.openstreetmap.org/way/227589555
https://www.thelambn7.co.uk/,own site (Wikidata),The Lamb,Islington,Holloway,Pub,,1,,54 Holloway Road,N7 8JL,openstreetmap,https://www.openstreetmap.org/node/305415323
https://www.theleconfieldpub.co.uk/,own site,The Leconfield,Islington,Highbury,Pub,,1,+44 20 7354 2791,79 Green Lanes,N16 9BU,openstreetmap,https://www.openstreetmap.org/way/265265245
https://thelexington.co.uk/,own site,The Lexington,Islington,Pentonville,Mexican; Pub,,1,+44 20 7837 5371,96-98 Pentonville Road,N1 9JB,openstreetmap,https://www.openstreetmap.org/way/119476480
https://www.crafted-social.co.uk/library-islington,own site,The Library,Islington,Canonbury,Pub,,1,,235 Upper Street,N1 1RU,openstreetmap,https://www.openstreetmap.org/way/31293177
http://thelocalist.london/,own site,The Localist,Islington,Farringdon,Restaurant,contact.georboateng@gmail.com,1,,40 St. John Street,,openstreetmap,https://www.openstreetmap.org/way/147004011
https://themariananderson.com/,own site (Wikidata),The Marian Anderson,Islington,Clerkenwell,Pub,info@themariananderson.com,1,,28-32 Bowling Green Lane,,openstreetmap,https://www.openstreetmap.org/way/99813922
https://www.jdwetherspoon.com/pubs/all-pubs/england/london/the-masque-haunt-old-street,own site,The Masque Haunt,Islington,Finsbury,Pub,,1,,168-172 Old Street,EC1V 9BP,openstreetmap,https://www.openstreetmap.org/node/294950903
https://www.greeneking.co.uk/pubs/greater-london/old-dairy,own site,The Old Dairy,Islington,Finsbury Park,Pub,,1,,,,openstreetmap,https://www.openstreetmap.org/way/182781312
https://oldivyhouse.co.uk/,"own site (found by name, postcode verified)",The Old Ivy House,Islington,St Luke's,Pub,,1,+44 20 7253 7429,166 Goswell Road,EC1V 7DT,openstreetmap,https://www.openstreetmap.org/way/149390344
https://www.theoldqueenshead.com/,own site,The Old Queen's Head,Islington,Islington,Pub,bookings@theoldqueenshead.com,1,+44 20 7354 9993,44 Essex Road,N1 8LN,openstreetmap,https://www.openstreetmap.org/way/982457191
https://theottomandoner.co.uk/,"own site (found by name, postcode verified)",The Ottoman Doner,Islington,Holloway,Restaurant,info@theottomandoner.co.uk,5,,"The Ottoman Doner, Ground Floor, 53 Seven Sisters Road",N7 6BH,food standards agency,https://ratings.food.gov.uk/business/1519464
https://www.owlandhitchhiker.pub,own site,The Owl & Hitchhiker,Islington,Holloway,Pub,info@owlandhitchhiker.pub,1,,471 Holloway Road,N7 6LE,openstreetmap,https://www.openstreetmap.org/way/288035711
https://thepigandbutcher.co.uk,own site,The Pig & Butcher,Islington,Angel,Pub,reservations@thepigandbutcher.co.uk,1,+44 20 7226 8304,80 Liverpool Road,N1 0QD,openstreetmap,https://www.openstreetmap.org/way/31025059
https://therasoi.uk/,own site,The Rasoi,Islington,Farringdon,Indian,therasoi130@gmail.com,1,+44 7407387615,130 St. John Street,EC1V 4JS,openstreetmap,https://www.openstreetmap.org/way/97508203
https://theregentpub.com/,own site,The Regent,Islington,Islington,Pizza; Pub,,1,,201-203 Liverpool Road,N1 1LX,openstreetmap,https://www.openstreetmap.org/node/331318827
https://www.therobinlondon.com/,own site,The Robin Ale & Cider House,Islington,Finsbury Park,Pub,,1,+44 20 7018 3830,29 Crouch Hill,N4 4AP,openstreetmap,https://www.openstreetmap.org/way/366291167
https://www.rosemarybranchtheatre.co.uk/,"own site (found by name, postcode verified)",The Rosemary Branch,Islington,Islington,Pub,info@rosemarybranchtheatre.co.uk,1,,2 Shepperton Road,N1 3DT,openstreetmap,https://www.openstreetmap.org/way/198218569
https://www.thescottishstores.co.uk/,own site,The Scottish Stores,Islington,Pentonville,Pub,,1,,2-4 Caledonian Road,N1 9DT,openstreetmap,https://www.openstreetmap.org/node/2476984665
https://thesekforde.com,own site,The Sekforde,Islington,Clerkenwell,Pub,info@thesekforde.com,1,+44 20 7250 0010,34 Sekforde Street,EC1R 0HA,openstreetmap,https://www.openstreetmap.org/way/145481097
https://theshaftesburytavern.co.uk/,own site,The Shaftesbury Tavern,Islington,Archway,Asian; Pub,shaftesburyt@remarkablepubs.co.uk,1,+44 20 7272 7950,534 Hornsey Road,N19 3QN,openstreetmap,https://www.openstreetmap.org/way/190104590
https://www.auldhag.co.uk,own site,The Shoap,Islington,Angel,Bakery,,1,,,,openstreetmap,https://www.openstreetmap.org/node/12894603701
https://www.tam.tv/locations/smithfield,own site,The Smithfield Market Arms,Islington,Farringdon,Pub,vivian@tam.tv,1,,55 Charterhouse Street,EC1M 6HA,openstreetmap,https://www.openstreetmap.org/way/568747636
http://www.snootyfoxlondon.co.uk/,own site,The Snooty Fox,Islington,Highbury,Pub,snootyfoxreservations@gmail.com,1,+44 20 7354 9532,75 Grosvenor Avenue,N5 2NN,openstreetmap,https://www.openstreetmap.org/way/227830213
http://www.thespokelondon.com/,own site,The Spoke,Islington,Archway,Cafe,contact@thespokelondon.com,1,,710 Holloway Road,N19 3NH,openstreetmap,https://www.openstreetmap.org/way/180070323
http://starofkings.co.uk/,own site,The Star of Kings,Islington,Barnsbury,Asian; Pub,info@starofkings.co.uk,1,+44 20 7458 4218,126 York Way,N1 0AX,openstreetmap,https://www.openstreetmap.org/way/222031886
https://thestreeteasy.com/,"own site (found by name, postcode verified)",The Street Easy,Islington,Clerkenwell,Cafe,info@thestreeteasy.com,1,,55 Exmouth Market,EC1R 4QL,openstreetmap,https://www.openstreetmap.org/node/9965855563
https://www.sutton-arms.co.uk/,own site,The Sutton Arms,Islington,Farringdon,Pub,,1,,6 Carthusian Street,EC1M 6EB,openstreetmap,https://www.openstreetmap.org/way/203530059
https://theswimmer.co.uk/,own site,The Swimmer At The Grafton Arms,Islington,Holloway,Pub,swimmern7@gmail.com,1,+442072814632,13 Eburne Road,N7 6AR,openstreetmap,https://www.openstreetmap.org/node/687158190
https://www.thetamilcrown.com/,own site,The Tamil Crown,Islington,Angel,Indian; Pub,info@thetamilcrown.com,1,+44 20 7916 2920,16 Elia Street,N1 8DE,openstreetmap,https://www.openstreetmap.org/way/67234436
https://www.thetamilprince.com,own site,The Tamil Prince,Islington,Barnsbury,Indian,info@thetamilprince.com,1,+44 20 7062 7846,115 Hemingford Road,N1 1BZ,openstreetmap,https://www.openstreetmap.org/node/11240921537
http://thetaprooms.co.uk/,own site,The Taproom,Islington,Islington,Pub,,1,,163 Upper Street,N1 1US,openstreetmap,https://www.openstreetmap.org/way/288355243
https://www.urbanpubsandbars.com/venues/three-johns,"own site (found by name, postcode verified)",The Three Johns,Islington,Angel,Pub,,1,,73 White Lion Street,N1 9PF,openstreetmap,https://www.openstreetmap.org/way/119439310
https://www.thethreekings.london,own site,The Three Kings,Islington,Clerkenwell,Pub,threekings@redcarpubs.com,1,+44 20 3781 1359,7 Clerkenwell Close,EC1R 0DY,openstreetmap,https://www.openstreetmap.org/way/155363891
https://tolpuddlecafe.co.uk/,"own site (found by name, postcode verified)",The Tolpuddle Cafe,Islington,Holloway,Restaurant,hello@tolpuddlecafe.co.uk,1,,"The Tolpuddle Cafe, Cafe, Caledonian Park",N7 9HF,food standards agency,https://ratings.food.gov.uk/business/1499434
https://www.uniontavernlondon.uk/,own site,The Union Tavern,Islington,Pentonville,Pub,,1,+44 20 7278 0111,52 Lloyd Baker Street,WC1X 9AA,openstreetmap,https://www.openstreetmap.org/way/155724665
https://www.crafted-social.co.uk/vineyard-islington,own site,The Vineyard,Islington,Canonbury,Pub,,1,,179 Upper Street,N1 1RG,openstreetmap,https://www.openstreetmap.org/way/299662731
https://thevolleylondon.com/,"own site (found by name, postcode verified)",The Volley London,Islington,St Luke's,Restaurant,,1,,"The Volley London, Unit D North, 211 Old Street",EC1V 9NR,food standards agency,https://ratings.food.gov.uk/business/1736563
https://www.thewbyeats.com/,"own site (found by name, postcode verified)",The W. B. Yeats,Islington,Finsbury Park,Pub,,1,,20 Fonthill Road,N4 3HU,openstreetmap,https://www.openstreetmap.org/way/445566137
https://www.jdwetherspoon.com/pubs/all-pubs/england/london/the-white-swan-islington,own site,The White Swan,Islington,Canonbury,Pub,,1,,255-256 Upper Street,N1 1RY,openstreetmap,https://www.openstreetmap.org/node/2531024418
https://www.crafted-social.co.uk/whitecross-tap-old-street,own site,The Whitecross Tap,Islington,Finsbury,Pub,,1,,142-146 Whitecross Street,EC1Y 8QJ,openstreetmap,https://www.openstreetmap.org/node/291953084
https://www.wilmingtonclerkenwell.com/,"own site (found by name, postcode verified)",The Wilmington,Islington,Clerkenwell,Pub,info@wilmingtonclerkenwell.com,1,,69 Rosebery Avenue,EC1R 4RL,openstreetmap,https://www.openstreetmap.org/way/665469557
https://www.nicholsonspubs.co.uk/restaurants/london/theyorkislingtonlondon,own site,The York,Islington,Angel,Pub,,1,,82 Islington High Street,N1 8EQ,openstreetmap,https://www.openstreetmap.org/way/31340567
https://thirtyelevenlondon.com/,"own site (found by name, postcode verified)",Thirty Eleven,Islington,Archway,Restaurant,hello@thirtyelevenlondon.com,1,,"Thirty Eleven, 471 Hornsey Road, London",N19 3QL,food standards agency,https://ratings.food.gov.uk/business/1965618
https://www.tiarosa.co.uk/,"own site (found by name, postcode verified)",Tia Rosa,Islington,Pentonville,Restaurant,contact@tiarosa.co.uk,1,,"Tia Rosa, 118 King's Cross Road, London",WC1X 9DS,food standards agency,https://ratings.food.gov.uk/business/1412330
https://www.tinymammoth.uk/,"own site (found by name, postcode verified)",Tiny Mammoth,Islington,Clerkenwell,Restaurant,enquiries@tinymammoth.uk,2,,"Tiny Mammoth, Shop, 30 Exmouth Market",EC1R 4QE,food standards agency,https://ratings.food.gov.uk/business/1850586
https://tofuvegan.com,own site,Tofu Vegan,Islington,Islington,Asian; Chinese,islington@tofuvegan.com,2,+44 20 7916 3304,105 Upper Street,N1 1QN,openstreetmap,https://www.openstreetmap.org/node/8738878617
https://www.tootoomoo.co.uk/islington,own site,Tootoomoo,Islington,Canonbury,Restaurant,,1,,278 St. Paul's Road,N1 2LH,openstreetmap,https://www.openstreetmap.org/node/5633817922
https://topspizza.co.uk/islington,own site,Tops Pizza,Islington,Pentonville,Pizza,,1,,22 Penton Street,,openstreetmap,https://www.openstreetmap.org/node/1344022068
https://www.tortilla.co.uk/restaurants/islington,own site,Tortilla,Islington,Angel,Mexican,islington@tortilla.co.uk,1,,13 Islington High Street,N1 9LQ,openstreetmap,https://www.openstreetmap.org/node/348407534
https://www.trullorestaurant.com/,own site,Trullo,Islington,Canonbury,Italian,enquiries@trullorestaurant.com,1,+44 20 7226 2733,300-302 St. Paul's Road,N1 2LH,openstreetmap,https://www.openstreetmap.org/way/227994692
https://www.tufnellparktavern.com/,own site,Tufnell Park Tavern,Islington,Tufnell Park,Pub,info@tufnellparktavern.com,1,+44 20 7281 6113,162 Tufnell Park Road,N7 0EE,openstreetmap,https://www.openstreetmap.org/way/1026061437
https://twilightcontemporary.com/,"own site (found by name, postcode verified)",Twilight Contemporary,Islington,Canonbury,Pub,enquiries@twilightcontemporary.com,1,,"Twilight Contemporary, Basement And Ground Floor, 378-380 Essex Road",N1 3PF,food standards agency,https://ratings.food.gov.uk/business/1745239
https://twomorebeers.co.uk/,"own site (found by name, postcode verified)",Two More Beers,Islington,Angel,Pub,reservations@twomorebeers.co.uk,1,,"Two More Beers, 59 Upper Street, London",N1 0NY,food standards agency,https://ratings.food.gov.uk/business/1775652
https://tyuk.com/,own site,TYUK,Islington,St Luke's,Cafe,,1,,61-67 Old Street,EC1V 9HW,openstreetmap,https://www.openstreetmap.org/way/374856297
https://urbansocialcoffee.co.uk/,own site,Urban Social Coffee,Islington,Canonbury,Cafe,,1,,236 Upper Street,N1 1RU,openstreetmap,https://www.openstreetmap.org/node/331880909
http://www.vagabond.london/,own site,Vagabond N7,Islington,Holloway,Breakfast,info@vagabondcoffeeroasters.com,1,,105 Holloway Road,N7 8LT,openstreetmap,https://www.openstreetmap.org/node/348116257
https://vavien.co.uk/,"own site (found by name, postcode verified)",Vavien,Islington,Angel / Barnsbury / Canonbury / Islington / Pentonville,Restaurant,info@vavien.co.uk,1,,"Vavien, Ground Floor, 151 Upper Street",N1 1RA,food standards agency,https://ratings.food.gov.uk/business/1971501
https://vesper.restaurant/,own site,Vesper,Islington,Clerkenwell,Restaurant,enquiry@vesper.restaurant,1,+44 20 3897 9609,8-10 Exmouth Market,EC1R 4QA,openstreetmap,https://www.openstreetmap.org/way/147734612
https://vietgarden.co.uk/,"own site (found by name, postcode verified)",Viet Garden,Islington,Islington,Asian,info@vietgarden.co.uk,1,,205-207 Liverpool Road,N1 1LX,openstreetmap,https://www.openstreetmap.org/node/369883691
https://www.wagamama.com/restaurants/london/islington,own site,Wagamama,Islington,Angel,Asian,press@wagamama.com,1,,40 Parkfield Street,N1 0PS,openstreetmap,https://www.openstreetmap.org/node/306042529
https://www.wagamama.com/restaurants/london/old-street,own site,Wagamama,Islington,Finsbury,Asian,press@wagamama.com,1,,,,openstreetmap,https://www.openstreetmap.org/node/10067644047
https://www.wagworks.co.uk/,"own site (found by name, postcode verified)",WagWorks,Islington,Islington,Restaurant,info@wagworks.co.uk,1,,"WagWorks, 129M Upper Street, London",N1 1QP,food standards agency,https://ratings.food.gov.uk/business/1965619
https://www.westernslaundry.com/,own site,Westerns Laundry,Islington,Highbury,Spanish,,1,+44 20 7700 3700,34 Drayton Park,N5 1PB,openstreetmap,https://www.openstreetmap.org/node/8959616434
https://www.whiskersandcream.com/,own site,Whiskers & Cream Cat Cafe,Islington,Archway,Cafe,managers@whiskersandcream.com,1,+44 20 7263 2888,593 Holloway Road,N19 4DJ,openstreetmap,https://www.openstreetmap.org/way/494787153
https://www.greatukpubs.co.uk/thewhittingtonstonehighgate,own site,Whittington Stone,Islington,Archway,Pub,,1,+44 20 7281 0905,53 Highgate Hill,N19 5NE,openstreetmap,https://www.openstreetmap.org/way/447950556
https://wildfoodcafe.com/,"own site (found by name, postcode verified)",Wild Food Cafe,Islington,Canonbury,Restaurant,,1,,269-270 Upper Street,N1 2UQ,openstreetmap,https://www.openstreetmap.org/node/7072970385
https://www.wolkiterestaurant.com/,"own site (found by name, postcode verified)",Wolkite,Islington,Holloway,Restaurant,info@wolkiterestaurant.com,2,,"Wolkite, 82 Hornsey Road, London",N7 7NN,food standards agency,https://ratings.food.gov.uk/business/417812
http://www.workersislington.co.uk/,own site,Workers Cafe,Islington,Canonbury,Takeaway,admin@gmail.com,1,+44 20 7226 3973,172 Upper Street,N1 1RG,openstreetmap,https://www.openstreetmap.org/node/331880869
http://www.workshopcoffee.com/,own site,Workshop Coffee Co.,Islington,Farringdon,Cafe,academy@workshopcoffee.com,2,+44 20 7253 5754,27 Clerkenwell Road,EC1M 5RN,openstreetmap,https://www.openstreetmap.org/way/113694288
https://www.worldsendfinsburypark.com/,"own site (found by name, postcode verified)",World's End,Islington,Finsbury Park,Pub,,1,,"World's End, Public House, 21-23 Stroud Green Road",N4 3EF,food standards agency,https://ratings.food.gov.uk/business/417861
https://www.wrapsandwings.co.uk/,"own site (found by name, postcode verified)",Wraps and Wings,Islington,Holloway,Takeaway,,4,,"Wraps and Wings, Ground And First Floor 60, 40-60 Brewery Road",N7 9NH,food standards agency,https://ratings.food.gov.uk/business/1226771
http://www.xianimpression.co.uk/,own site,Xi'an Impression,Islington,Holloway,Asian; Chinese,,1,,117 Benwell Road,N7 7BW,openstreetmap,https://www.openstreetmap.org/way/362832214
https://www.xinkai.co.uk/,own site,Xin Kai,Islington,Pentonville,Asian; Chinese,xinkai.london@gmail.com,1,+44 20 7837 0838,50 Caledonian Road,N1 9DP,openstreetmap,https://www.openstreetmap.org/node/11215168599
https://www.xoyo.co.uk/,"own site (found by name, postcode verified)",XOYO,Islington,Finsbury,Pub,info@xoyo.co.uk,1,,"XOYO, Basement And Ground Floor, 32A-37 Cowper Street",EC2A 4AP,food standards agency,https://ratings.food.gov.uk/business/1036093
https://finsburypark.yakandyeti.co.uk/,own site,Yak & Yeti,Islington,Finsbury Park,Indian,,1,,143 Stroud Green Road,N4 3PZ,openstreetmap,https://www.openstreetmap.org/node/2503401928
https://yidasushi.co.uk/,own site,Yida Sushi,Islington,Canonbury,Sushi,,1,,246 St Paul's Road,N1 2LJ,openstreetmap,https://www.openstreetmap.org/node/5961454998
http://yieldn16.com/,own site,Yield N16,Islington,Canonbury,Deli,hello@yieldn16.com,1,+44 20 7354 5912,45 Newington Green,N1 4RA,openstreetmap,https://www.openstreetmap.org/way/377056424
https://www.zaffrani.co.uk/,"own site (found by name, postcode verified)",zaffrani,Islington,Islington,Indian,info@zaffrani.co.uk,1,,47 Cross Street,N1 2BB,openstreetmap,https://www.openstreetmap.org/node/352936246
https://zeitfuerbrot.co.uk/,own site,Zeit für Brot,Islington,Angel,Cafe,commercial@zeitfuerbrot.co.uk,1,,,,openstreetmap,https://www.openstreetmap.org/node/13564292201
https://www.zenmondo.co.uk/,own site,Zen Mondo,Islington,Islington,Asian; Japanese,,1,,326 Upper Street,N1 2XQ,openstreetmap,https://www.openstreetmap.org/node/352896510
