website,website_type,name,borough,area,categories,email,locations,phone,address,postcode,source,facebook,instagram,osm_url
https://139fika.com,own site,139 Fika,Southwark,Peckham,Cafe,info@139fika.com,1,+442081432226,139 Bellenden Road,SE15 4DH,openstreetmap,,,https://www.openstreetmap.org/way/73045837
https://www.148chinese.com/,"own site (found by name, postcode verified)",148 chinese,Southwark,East Dulwich,Chinese,,1,,"148, Lordship Lane",SE22 8HB,food standards agency,,,https://ratings.food.gov.uk/business/1594598
https://www.1751.co.uk/,own site,1751 Distillery Bar & Kitchen,Southwark,Southwark,Restaurant,,1,,,,openstreetmap,,,https://www.openstreetmap.org/node/9919330055
https://www.2210bynattycancook.com/,own site,2210 By NattyCanCook,Southwark,Herne Hill,Restaurant,2210@nattycancook.com,1,+44 20 3713 5108,75-79 Norwood Road,SE24 9AA,openstreetmap,,,https://www.openstreetmap.org/way/177113748
https://addiskitchen.com/,"own site (found by name, postcode verified)",Addis Kitchen,Southwark,Bermondsey,Restaurant,,1,,244 Old Kent Road,SE1 5UB,openstreetmap,,,https://www.openstreetmap.org/node/8232615817
https://www.agora.london/,own site,Agora,Southwark,Southwark,Greek,hello@agora.london,1,,2-4 Bedale Street,SE1 9AL,openstreetmap,,,https://www.openstreetmap.org/node/13563937201
https://www.akaralondon.co.uk/,own site,Akara,Southwark,Bankside,Restaurant,info@akaralondon.co.uk,1,,18 Stoney Street,SE1 9AD,openstreetmap,,,https://www.openstreetmap.org/node/11676429530
https://www.thealbertarms.co.uk/,own site,Albert Arms,Southwark,Elephant and Castle,Pub,thealbertarms.se1@gmail.com,1,+44 20 3337 0313,1 Gladstone Street,SE1 6EY,openstreetmap,thealbertarms.se1,thealbertarms.se1,https://www.openstreetmap.org/node/12997774504
https://www.alhajisuya.com/,"own site (found by name, postcode verified)",Alhaji suya,Southwark,Peckham,Takeaway,sales@alhajisuya.com,3,,"15, Peckham Park Road",SE15 6TR,food standards agency,,,https://ratings.food.gov.uk/business/1077010
https://almamillbakery.com/,own site,Alma,Southwark,Bermondsey,Bakery,hello@almamillbakery.com,1,,57 Stanworth Street,SE1 3NY,openstreetmap,,,https://www.openstreetmap.org/node/11146692005
https://alpinedeli.co.uk/,"own site (found by name, postcode verified)",Alpine deli,Southwark,Southwark,Deli,info@alpinedeli.co.uk,1,,"Borough Market, 8, Southwark Street",SE1 1TL,food standards agency,,,https://ratings.food.gov.uk/business/363572
https://www.amoragusto.com/,own site,Amora Gusto,Southwark,Southwark,Italian; Spanish,info@amoragusto.com,1,+44 20 7620 2220,94-95 Isabella street,SE1 8DD,openstreetmap,Amora-Gusto-109142018313427,amora.gusto,https://www.openstreetmap.org/node/686568571
https://aobaba.com/,own site,Aobaba,Southwark,Elephant and Castle,Asian,,1,+44 20 7701 2566,128-132 Walworth Road,SE17 1JL,openstreetmap,,,https://www.openstreetmap.org/node/2327367214
https://aoki.uk/,"own site (found by name, postcode verified)",Aoki,Southwark,Peckham,Takeaway,,1,,"Kitchen 22, 107-109, Ormside Street",SE15 1TF,food standards agency,,,https://ratings.food.gov.uk/business/1796403
https://appletreelondon.com,own site,Apple Tree Children’s Cafe,Southwark,East Dulwich,Cafe,info@appletreelondon.com,1,,134-136 Peckham Rye,SE22 9QH,openstreetmap,,,https://www.openstreetmap.org/node/14068135201
https://www.applebeesfish.com/,own site,Applebee’s Fish,Southwark,Southwark,Seafood,restaurant@applebeesfish.com,1,,5 Stoney Street,SE1 9AA,openstreetmap,,https://www.instagram.com/applebeesfishlondon/,https://www.openstreetmap.org/node/10899909722
https://www.aquariusgolfclub.co.uk/,"own site (found by name, postcode verified)",Aquarius golf club (licensed bar),Southwark,East Dulwich,Pub,secretary@aquariusgolfclub.co.uk,1,,"Aquarius Golf Club, Marmora Road",SE22 0RY,food standards agency,,,https://ratings.food.gov.uk/business/362744
https://archeslondonbridge.co.uk/,"own site (found by name, postcode verified)",Arches london bridge,Southwark,Southwark,Takeaway,info@archeslondonbridge.co.uk,1,,"Arches London Bridge London Bridge Station, 8, Bermondsey Street",SE1 2ER,food standards agency,,,https://ratings.food.gov.uk/business/1727201
https://armentspieandmash.com/,own site,Arments Pie & Mash,Southwark,Walworth,Restaurant,mail@armentspieandmash.com,1,+44 20 7703 4974,7-9 Westmoreland Road,,openstreetmap,ArmentsPieandMash,,https://www.openstreetmap.org/node/322970463
https://www.arthurhoopers.co.uk/,"own site (found by name, postcode verified)",Arthur hooper's,Southwark,Southwark,Restaurant,hello@arthurhoopers.co.uk,1,,"8, Stoney Street",SE1 9AA,food standards agency,,,https://ratings.food.gov.uk/business/1067558
https://artusi.co.uk/,"own site (found by name, postcode verified)",Artusi,Southwark,Peckham,Italian,info@artusi.co.uk,1,,161 Bellenden Road,SE15 4DH,openstreetmap,,,https://www.openstreetmap.org/way/73045976
https://assenheims.co.uk/,"own site (found by name, postcode verified)",Assenheims,Southwark,Southwark,Takeaway,,1,,8 London Bridge Street,SE1 9SG,openstreetmap,,,https://www.openstreetmap.org/node/4867163668
https://www.bstreetdeli.co.uk/,own site,b-street deli,Southwark,Southwark,Deli,info@bstreetdeli.co.uk,1,+44 20 7403 3943,88 Bermondsey Street,SE1 3UB,openstreetmap,,,https://www.openstreetmap.org/way/101328397
https://www.baccalalondon.co.uk/,"own site (found by name, postcode verified)",Baccala,Southwark,Bermondsey,Restaurant,info@baccalalondon.co.uk,2,,"Unit B3, 194-204, Bermondsey Street",SE1 3TQ,food standards agency,,,https://ratings.food.gov.uk/business/1210951
https://www.badmooncafe.co.uk/,own site,Bad Moon Cafe,Southwark,Elephant and Castle,Cafe,,1,,159A Great Dover Street,SE1 4GZ,openstreetmap,,,https://www.openstreetmap.org/node/423598119
https://www.bakewithmonia.com/,own site,Bake with Monia,Southwark,Peckham,Cafe,bakewithmoniauk@gmail.com,1,,,,openstreetmap,,,https://www.openstreetmap.org/node/13175150801
https://balabaya.co.uk,own site,Bala Baya,Southwark,Southwark,Restaurant,bookings@balabaya.co.uk,1,+44 20 8001 7015,Old Union Yard Arches,SE1 0LR,openstreetmap,,,https://www.openstreetmap.org/node/9537464640
https://www.thelalit.com/the-lalit-london/eat-and-drink/baluchi/,own site,Baluchi,Southwark,Bermondsey,Indian,london@thelalit.com,1,,,,openstreetmap,,,https://www.openstreetmap.org/node/4890073729
https://www.bancone.co.uk/,own site,Bancone Borough Yards,Southwark,Bankside,Restaurant,host@bancone.co.uk,3,,Stoney Street,SE1 9AD,openstreetmap,,,https://www.openstreetmap.org/node/11676429529
https://www.barandblock.co.uk/en-gb/locations/london-southwark,own site,Bar + Block,Southwark,Southwark,Breakfast; Steak,,1,+44 20 3928 8288,Ufford Street,SE1 8LE,openstreetmap,barandblock,barandblock,https://www.openstreetmap.org/node/9949098463
http://www.bardouro.co.uk/,own site,Bar Douro,Southwark,Southwark,Bar,londonbridge@bardouro.co.uk,1,,Flat Iron Square,SE1 1TD,openstreetmap,,,https://www.openstreetmap.org/way/1183431715
https://bartozino.com/,"own site (found by name, postcode verified)",Bar tozino,Southwark,Bermondsey,Restaurant,,1,,"41, Maltby Street",SE1 3PA,food standards agency,,,https://ratings.food.gov.uk/business/1522039
https://baranglondon.com/,own site,BARANG,Southwark,Southwark,Asian,,1,,8 Bedale Street,,openstreetmap,,,https://www.openstreetmap.org/node/13882941901
https://bartonsuk.com/,own site,Bartons,Southwark,Bermondsey,Cafe,info@bartonsuk.com,1,,25 Dockhead,SE1 2BS,openstreetmap,,,https://www.openstreetmap.org/node/9338919147
https://batterseabrew.co.uk/,own site,Battersea Brewery,Southwark,Surrey Quays,Pub,hello@batterseabrew.co.uk,2,,8 Almond Road,SE16 3LR,openstreetmap,,,https://www.openstreetmap.org/node/6795775062
https://bayroot.co.uk/,"own site (found by name, postcode verified)",Bayroot,Southwark,Camberwell,Restaurant,,1,+44 20 7998 4030,8 Camberwell Road,SE5 0EN,openstreetmap,,,https://www.openstreetmap.org/node/11871881150
https://belairhouse.co.uk/,own site,Belair House,Southwark,Dulwich,Restaurant,info@belairhouse.co.uk,1,,Gallery Road,SE21 7AB,openstreetmap,,,https://www.openstreetmap.org/way/4946671
http://berenjak.com,own site,Berenjak Borough,Southwark,Southwark,Restaurant,,1,,1 Bedale Street,,openstreetmap,,,https://www.openstreetmap.org/node/14097713702
https://www.bermondseybarandkitchen.co.uk/,own site,Bermondsey Bar and Kitchen,Southwark,Southwark,Food court,enquiries@bermondseybarandkitchen.co.uk,1,,40 Bermondsey Street,SE1 3UD,openstreetmap,,,https://www.openstreetmap.org/way/101328326
https://www.instagram.com/thebermondseygarden/,own site,Bermondsey Garden,Southwark,Elephant and Castle,Breakfast,,1,,113 Tower Bridge Road,SE1 4TW,openstreetmap,,,https://www.openstreetmap.org/node/11989784842
https://www.bermondseylarder.com/,own site,Bermondsey Larder,Southwark,Bermondsey,Restaurant,,1,,,,openstreetmap,,,https://www.openstreetmap.org/node/9980462283
https://bermondseytandoori.co.uk/,own site,Bermondsey Tandoori,Southwark,Rotherhithe,Indian,,1,+442072317770,206 Jamaica Road,SE16 4RT,openstreetmap,,,https://www.openstreetmap.org/node/9429521897
https://biancaroad.com/,own site,Bianca Road Brew Co.,Southwark,Surrey Quays,Pub,,1,,83-84 Enid Street,SE16 3RA,openstreetmap,,,https://www.openstreetmap.org/node/9008509217
https://bills-website.co.uk/restaurants/london-bridge/,own site,Bill's,Southwark,Bankside,Restaurant,,1,,Clink Street,SE1 9DG,openstreetmap,,,https://www.openstreetmap.org/way/82770889
https://www.birdshillcoffee.com/,"own site (found by name, postcode verified)",Birds hill coffee,Southwark,Southwark,Takeaway,team@birdshillcoffee.com,1,,"142, Southwark Street",SE1 0SW,food standards agency,,,https://ratings.food.gov.uk/business/1662835
https://blacksheepcoffee.co.uk/blogs/locations/southbank,own site,Black Sheep Coffee,Southwark,Southwark,Breakfast,l.blakey@blacksheepcoffee.co.uk,1,,Hatfields,SE1 9PG,openstreetmap,,,https://www.openstreetmap.org/node/5300082195
https://blacksheepcoffee.co.uk/blogs/locations/southwark,own site,Black Sheep Coffee,Southwark,Southwark,Breakfast,l.blakey@blacksheepcoffee.co.uk,1,,81 Southwark Street,SE1 0HX,openstreetmap,,,https://www.openstreetmap.org/way/810617526
https://blackfingercoffee.co.uk/,own site,Blackfinger Coffee Roasters,Southwark,Camberwell,Breakfast,james@blackfingercoffee.co.uk,1,,345 Camberwell Station Road,SE5 0FT,openstreetmap,,,https://www.openstreetmap.org/node/14007021884
https://www.blankstreet.com/en-GB/locations/london/216-elephant-and-castle,own site,Blank Street Coffee,Southwark,Elephant and Castle,Breakfast,partnerships@blankstreet.com,1,,,SE1 6TE,openstreetmap,,,https://www.openstreetmap.org/node/14063894075
https://www.bleecker.co.uk/london-bridge,own site,Bleecker,Southwark,Southwark,Burger,hello@bleecker.co.uk,1,,104 Tooley Street,SE1 2TH,openstreetmap,,,https://www.openstreetmap.org/way/90376705
https://thenunheadgardener.com/bloom-works/,own site,Bloom Works Cafe,Southwark,Camberwell,Breakfast,enquiries@thenunheadgardener.com,1,+4420 4539 5661,Unit 13 Butterfly Walk,SE5 8RW,openstreetmap,,,https://www.openstreetmap.org/node/14041019802
https://www.bluebrickcafe.com/,own site,Blue Brick Cafe,Southwark,East Dulwich,Cafe,,1,+44 20 8299 8670,14 Fellbrigg Road,SE22 9HH,openstreetmap,,,https://www.openstreetmap.org/way/61886818
https://www.blueprintcafe.co.uk/,own site,Blue Print Café,Southwark,Bermondsey,Cafe,blueprintcafe@danddlondon.com,1,+44 20 7378 7031,28 Shad Thames,SE1 2YD,openstreetmap,,,https://www.openstreetmap.org/node/4360084693
https://www.bobslobster.com/,own site,Bob's Lobster,Southwark,Southwark,Seafood,bob@bobslobster.com,1,,,,openstreetmap,,,https://www.openstreetmap.org/node/10225863101
https://boilerandco.com/,own site,Boiler And Company,Southwark,Southwark,Cafe,,1,,,,openstreetmap,,,https://www.openstreetmap.org/node/7579085325
https://bola8.co.uk/,"own site (found by name, postcode verified)",Bola 8 ltd,Southwark,Elephant and Castle,Restaurant,info@bola8.co.uk,1,,"Railway Arches 113c And 122, Elephant Road",SE17 1LB,food standards agency,,,https://ratings.food.gov.uk/business/363898
https://bolurestaurant.co.uk/,"own site (found by name, postcode verified)",Bolu,Southwark,Camberwell,Restaurant,,1,+44 20 7701 1284,7 Camberwell Church Street,SE5 8TR,openstreetmap,,,https://www.openstreetmap.org/node/12572448588
https://www.bondulwich.com/,own site,Bon,Southwark,East Dulwich,Cafe,hello@bondulwich.com,1,,43 Lordship Lane,SE22 8EW,openstreetmap,,,https://www.openstreetmap.org/way/59969846
https://www.borobistro.co.uk/,own site,Boro Bistro,Southwark,Southwark,French,helloborobistro@gmail.com,1,+44 20 7378 0788,6-10 Borough High Street,SE1 9QQ,openstreetmap,,,https://www.openstreetmap.org/way/82770830
https://www.breadandmacaroon.co.uk/,"own site (found by name, postcode verified)",Bread and Macaroon,Southwark,Surrey Quays,Bakery,,1,+44 20 3489 7526,3 Market Place,SE16 3UQ,openstreetmap,,,https://www.openstreetmap.org/way/612289316
https://www.brindisakitchens.com/restaurant/tapas-brindisa-london-bridge/,own site,Brindisa,Southwark,Southwark,Spanish,hola@brindisakitchens.com,1,+44 20 7537 8880,18-20 Southwark Street,SE1 1TJ,openstreetmap,,,https://www.openstreetmap.org/node/14181043757
https://www.brixldn.com,own site,Brix,Southwark,Southwark,Restaurant,reservations@brixldn.com,2,+44 20 3376 6408,16 Great Guildford Street,SE1 0HS,openstreetmap,,,https://www.openstreetmap.org/node/6811559885
https://www.brixtoncakeshop.com/,own site,Brixton Cake Shop,Southwark,Herne Hill,Bakery,info@brixtoncakeshop.com,1,+44 345 456 7686,53-59 Norwood Road,SE24 9AA,openstreetmap,,,https://www.openstreetmap.org/way/177113741
https://www.broodrestaurant.com/,"own site (found by name, postcode verified)",Brood restaurant,Southwark,Southwark,Restaurant,broodrestaurant@gmail.com,1,,"6 Bridge Arcade, Green Dragon Court",SE1 9AW,food standards agency,,,https://ratings.food.gov.uk/business/364328
https://brothermarcus.co.uk/,own site,Brother Marcus,Southwark,Southwark,Restaurant,,2,,1 Dirty Lane,SE1 9PA,openstreetmap,,,https://www.openstreetmap.org/node/9960451077
https://www.facebook.com/buddha.taste.london/,facebook,Buddha Taste,Southwark,Bermondsey,Asian; Chinese,,1,,144 Tanner Street,,openstreetmap,https://www.facebook.com/buddha.taste.london/,,https://www.openstreetmap.org/node/11167057083
http://www.bunchofgrapesborough.com/,own site,Bunch of Grapes,Southwark,Southwark,Pub,,1,,2 St. Thomas Street,SE1 9RS,openstreetmap,,,https://www.openstreetmap.org/node/14181043751
https://locations.burgerking.co.uk/london/46-52-high-street,own site,Burger King,Southwark,Peckham,Burger,,1,,46-52 Peckham High Street,SE15 5DP,openstreetmap,,,https://www.openstreetmap.org/way/73416761
https://www.chophouse-restaurant.co.uk/,own site,Butlers Wharf Chop House,Southwark,Bermondsey,Restaurant,bwchophouse@danddlondon.com,1,+44 20 7403 3403,36E Shad Thames,SE1 2YE,openstreetmap,,,https://www.openstreetmap.org/node/4784656734
https://cafeamisha.com/,own site,Cafe Amisha,Southwark,Bermondsey,Italian,info@cafeamisha.com,1,+44 20 7231 7151,161 Grange Road,SE1 3GH,openstreetmap,https://www.facebook.com/cafeamisha,,https://www.openstreetmap.org/node/751822960
https://www.cafefrancois.london/,"own site (found by name, postcode verified)",Cafe francois,Southwark,Southwark,Restaurant,events@cafefrancois.london,1,,"14-16, Stoney Street",SE1 9AD,food standards agency,,,https://ratings.food.gov.uk/business/1784709
https://www.cafemurano.co.uk/,own site,Cafe Murano,Southwark,Walworth,Italian,,1,,,,openstreetmap,,,https://www.openstreetmap.org/node/888615322
https://cafenawaz.co.uk/,"own site (found by name, postcode verified)",Cafe nawaz,Southwark,Southwark,Takeaway,,2,,"92, Snowsfields",SE1 3SS,food standards agency,,,https://ratings.food.gov.uk/business/1270988
https://cafepiazza.london/,own site,Cafe Piazza,Southwark,Southwark,Restaurant,info@cafepiazza.london,1,,Tooley Street,SE1 2HD,openstreetmap,,,https://www.openstreetmap.org/node/5211002736
https://voltbikes.co.uk,own site,Cafe Volt,Southwark,Southwark,Cafe,team@voltbikes.co.uk,1,,,,openstreetmap,,,https://www.openstreetmap.org/node/13976224172
https://cafevolt.com/,"own site (found by name, postcode verified)",Cafe volt,Southwark,Southwark,Restaurant,hello@cafevolt.com,1,,"Ground Floor, 127-129, Great Suffolk Street",SE1 1PP,food standards agency,,,https://ratings.food.gov.uk/business/1692079
https://www.caffepronto.uk/,"own site (found by name, postcode verified)",Caffe pronto,Southwark,Camberwell,Restaurant,,2,,"61, Denmark Hill",SE5 8RS,food standards agency,,,https://ratings.food.gov.uk/business/1130753
https://www.caffenero.com/uk/stores/golden-hind,own site,Caffè Nero,Southwark,Bankside,Breakfast,,1,,3 Cathedral Street,SE1 9DE,openstreetmap,,,https://www.openstreetmap.org/node/534964186
https://www.caffenero.com/uk/stores/oxo-tower,own site,Caffè Nero,Southwark,Bankside,Breakfast,,1,,,SE1 9PH,openstreetmap,,,https://www.openstreetmap.org/node/2122653029
https://www.caffenero.com/uk/stores/borough-high-st,own site,Caffè Nero,Southwark,Southwark,Breakfast,,1,,,,openstreetmap,,,https://www.openstreetmap.org/node/4954373917
https://www.caffenero.com/uk/stores/london-bridge-st-thomas,own site,Caffè Nero,Southwark,Southwark,Breakfast,,1,,,,openstreetmap,,,https://www.openstreetmap.org/node/12071932562
https://www.caffenero.com/uk/stores/leighton-buzzard,own site,Caffè Nero,Southwark,East Dulwich,Breakfast,,1,+44 1525 852304,10;12 Lordship Lane,,openstreetmap,,,https://www.openstreetmap.org/relation/7348318
https://www.cakebox.com/storelocator/walworth/,own site,Cake Box,Southwark,Walworth,Bakery,,1,,,,openstreetmap,,,https://www.openstreetmap.org/node/5369852099
https://www.camberwellgrill.com/,"own site (found by name, postcode verified)",Camberwell Grill,Southwark,Camberwell,Takeaway,,1,+44 20 7274 4777,336 Camberwell New Road,SE5 0RW,openstreetmap,,,https://www.openstreetmap.org/node/11990291957
https://www.camberwelltandoori.co.uk/,"own site (found by name, postcode verified)",Camberwell tandoori,Southwark,Camberwell,Indian,,1,,"117, Wyndham Road",SE5 0UB,food standards agency,,,https://ratings.food.gov.uk/business/745083
https://www.camillerestaurant.co.uk/,"own site (found by name, postcode verified)",Camille,Southwark,Southwark,Restaurant,info@camillerestaurant.co.uk,1,,"2-3, Stoney Street",SE1 9AA,food standards agency,,,https://ratings.food.gov.uk/business/1893318
http://www.canadawatercafe.com/,own site,Canada water cafe,Southwark,Rotherhithe,Pizza,cafe@canadawatercafe.com,1,,40 Surrey Quays Road,SE16 7DX,openstreetmap,,,https://www.openstreetmap.org/node/4439716019
https://www.cantinadelponte.co.uk/,own site,Cantina Del Ponte,Southwark,Bermondsey,Mexican,,1,+44 20 7403 5403,36c Shad Thames,,openstreetmap,,,https://www.openstreetmap.org/node/4349228271
https://www.casadofrango.co.uk/,own site,Casa do Frango,Southwark,Southwark,Restaurant,,3,,32 Southwark Street,SE1 1TU,openstreetmap,,,https://www.openstreetmap.org/node/6331429189
https://www.champor-champor.com/,"own site (found by name, postcode verified)",Champor-champor,Southwark,Southwark,Restaurant,,1,,"62-64, Weston Street",SE1 3QJ,food standards agency,,,https://ratings.food.gov.uk/business/364275
https://changeplease.org/,own site,Change Please,Southwark,Elephant and Castle,Breakfast,shop@changeplease.org,1,,,,openstreetmap,,,https://www.openstreetmap.org/node/11186129186
https://www.chapter-72.com/,own site,Chapter 72,Southwark,Southwark,Cafe,info@chapter-72.com,1,+44 20 7403 1100,72 Bermondsey Street,SE1 3UD,openstreetmap,,,https://www.openstreetmap.org/node/4776491865
https://www.cheemcuk.com/cheemc-elephant,own site,Cheemc,Southwark,Elephant and Castle,Asian; Korean,reservations@cheemcuk.com,1,,2 Castle Square,SE17 1EN,openstreetmap,,,https://www.openstreetmap.org/node/13764193602
https://www.chernthai.com/,"own site (found by name, postcode verified)",Chern Thai,Southwark,East Dulwich,Asian,,1,,39 Grove Vale,SE22 8EQ,openstreetmap,,,https://www.openstreetmap.org/way/72247039
https://www.chichineserestaurant.co.uk/,"own site (found by name, postcode verified)",Chi chinese restaurant,Southwark,East Dulwich,Chinese,chidulwich@gmail.com,1,,"71, Lordship Lane",SE22 8EP,food standards agency,,,https://ratings.food.gov.uk/business/1980010
https://chickencottage.com/chicken-cottage-tooley-street/,own site,Chicken Cottage,Southwark,Southwark,Takeaway,info@chickencottage.com,1,,128 Tooley Street,SE1 2TU,openstreetmap,,,https://www.openstreetmap.org/node/3567118900
https://chickencottage.com/chicken-cottage-walworth/,own site,Chicken Cottage,Southwark,Walworth,Takeaway,info@chickencottage.com,1,,278 Walworth Road,SE17 2TE,openstreetmap,,,https://www.openstreetmap.org/node/5057762133
https://www.chilliandgarlic.co.uk/,"own site (found by name, postcode verified)",Chilli & Garlic,Southwark,East Dulwich,Cafe,,1,,1a Zenoria Street,SE22 8HP,openstreetmap,,,https://www.openstreetmap.org/node/13100748541
https://www.chinywok.co.uk/,"own site (found by name, postcode verified)",Chiny wok,Southwark,Camberwell,Chinese,,1,,"16a, Coldharbour Lane",SE5 9PR,food standards agency,,,https://ratings.food.gov.uk/business/1983611
https://cloudwaterbrew.co/,own site,Cloudwater,Southwark,Rotherhithe,Pub,info@cloudwaterbrew.co,1,,73 Enid Street,SE16 3RA,openstreetmap,https://www.facebook.com/cloudwaterbrew,cloudwaterbrew,https://www.openstreetmap.org/node/9008497216
https://www.coalroomspeckham.com,own site,Coal Rooms,Southwark,Peckham,BBQ,hello@coalrooms.com,1,+44 207 635 6699,11a Station Way,SE15 4RX,openstreetmap,,,https://www.openstreetmap.org/node/5780513166
http://columbiarestaurant.co.uk,own site,Columbia Restaurant,Southwark,Rotherhithe,Restaurant,,1,+44 20 7064 4464,265 Rotherhithe Street,SE16 5HW,openstreetmap,https://www.facebook.com/ColumbiaRest,https://www.instagram.com/columbia_london,https://www.openstreetmap.org/node/4347186307
https://www.comptoirbakery.co.uk/,own site,Comptoir Bakery,Southwark,Bermondsey,Bakery,workshop@comptoirbakery.co.uk,1,,Maltby Street,,openstreetmap,,,https://www.openstreetmap.org/node/12691350159
https://www.comptoirbakery.co.uk/pages/bermondsey,own site,Comptoir Gourmand,Southwark,Southwark,Bakery,workshop@comptoirbakery.co.uk,1,+44 20 7207 9512,96 Bermondsey Street,SE1 3UB,openstreetmap,,,https://www.openstreetmap.org/node/6432527385
https://www.tate.org.uk/visit/tate-modern/corner,own site,Corner Cafe,Southwark,Bankside,Bagels; Breakfast; Deli,hello.corner@tate.org.uk,1,+44 20 7887 8888,53 Bankside,SE1 9TG,openstreetmap,,,https://www.openstreetmap.org/node/4452607091
https://www.costa.co.uk/stores/hays-galleria,own site,Costa,Southwark,Southwark,Breakfast,,1,,Tooley Street,SE1 2HD,openstreetmap,,,https://www.openstreetmap.org/node/5211002735
https://www.cottonscoffee.co.uk/,"own site (found by name, postcode verified)",Cotton's coffee,Southwark,Peckham,Restaurant,cotton@cottonscoffee.co.uk,1,,"28, Choumert Road",SE15 4SE,food standards agency,,,https://ratings.food.gov.uk/business/1813237
https://www.creamscafe.com/our-stores/peckham/,own site,Creams,Southwark,Peckham,Ice cream,peckham@creamscafe.com,1,+44 20 7635 7638,110 Peckham High Street,SE15 5ED,openstreetmap,,,https://www.openstreetmap.org/way/78230857
https://www.crolandcocoffee.com/,own site,Crol & Co,Southwark,Southwark,Breakfast,,2,,Newcomen Street,,openstreetmap,,,https://www.openstreetmap.org/node/6830967836
https://crosbyandhope.co.uk/,own site,Crosby & Hope,Southwark,Bankside,Restaurant,hello@crosbyandhope.co.uk,1,,1 Bear Gardens,SE1 9ED,openstreetmap,,,https://www.openstreetmap.org/node/11189252856
https://www.cote.co.uk/restaurant/hays-galleria/,own site,Côte Brasserie,Southwark,Bankside,French,haysgalleria@cote.co.uk,1,+44 20 7234 0800,Tooley Street,SE1 2HD,openstreetmap,,,https://www.openstreetmap.org/node/3176893047
https://dabanggkitchen.co.uk/,own site,Dabangg Kitchen,Southwark,Rotherhithe,Indian,,1,+442072372366,14 West Lane,SE16 4NY,openstreetmap,https://www.facebook.com/dabanggkitchen/,,https://www.openstreetmap.org/node/11969203732
https://www.daphanies.co.uk/,"own site (found by name, postcode verified)",Daphanie's,Southwark,Peckham,Restaurant,,1,+44 20 7252 8666,173 Peckham High Street,SE15 5SL,openstreetmap,,,https://www.openstreetmap.org/node/2941006740
https://www.thedeanswift.com/,own site,Dean Swift,Southwark,Bermondsey,Pub,manager@thedeanswift.com,1,+44 20 3196 6949,10 Gainsford Street,SE1 2NE,openstreetmap,,deanswiftpub,https://www.openstreetmap.org/way/93710844
https://esmecarr.com/deserted-cactus/,"own site (found by name, postcode verified)",Deserted Cactus,Southwark,Peckham,Restaurant,,1,,135a Rye Lane,SE15 4ST,openstreetmap,,,https://www.openstreetmap.org/node/6381157985
https://www.dockleyroad.co.uk/,own site,Dockley Road,Southwark,Surrey Quays,Restaurant,,1,,1 Dockley Road,SE16 3AF,openstreetmap,,,https://www.openstreetmap.org/node/13705318207
https://www.nicholsonspubs.co.uk/restaurants/london/doggettscoatandbadgesouthbanklondon,own site,Doggett's Coat & Badge,Southwark,Bankside,Pub,,1,,1 Blackfriars Bridge,SE1 9UD,openstreetmap,,,https://www.openstreetmap.org/way/77739560
https://domcarnivoro.com/,"own site (found by name, postcode verified)",Dom carnivoro,Southwark,Surrey Quays,Restaurant,info@domcarnivoro.com,1,,"51, Blue Anchor Lane",SE16 3UL,food standards agency,,,https://ratings.food.gov.uk/business/1377325
https://www.dominos.co.uk/pizza-near-me/london/8/16-grove-vale,own site,Domino's,Southwark,East Dulwich,Pizza,,1,,8-16 Grove Vale,SE22 8EF,openstreetmap,,,https://www.openstreetmap.org/way/80539095
https://donerandburger.co.uk,own site,Doner and Burger,Southwark,Southwark,Burger,,1,,,,openstreetmap,,,https://www.openstreetmap.org/node/13019786853
http://www.dragoncastle.co.uk,own site,Dragon Castle,Southwark,Elephant and Castle,Asian; Chinese,,1,,114 Walworth Road,SE17 1JL,openstreetmap,,,https://www.openstreetmap.org/node/442538227
https://www.facebook.com/TheDukeOfSussexPeckham/,facebook,Duke of Sussex,Southwark,Peckham,Pizza; Pub,,1,+44 20 7732 2404,77 Friary Road,SE15 1QS,openstreetmap,https://www.facebook.com/TheDukeOfSussexPeckham/,,https://www.openstreetmap.org/way/284450394
https://4and20restaurants.com/the-duke-of-york,own site,Duke of York,Southwark,Elephant and Castle,Pub,info@thedukeofyork.pub,1,+44207 403 3590,47 Borough Road,SE1 1DR,openstreetmap,,,https://www.openstreetmap.org/node/12889012255
https://www.dulwichtandoori.co.uk/,"own site (found by name, postcode verified)",Dulwich Tandoori,Southwark,East Dulwich,Indian,,1,,54 Lordship Lane,SE22 8HJ,openstreetmap,,,https://www.openstreetmap.org/way/95223710
https://www.urbanpubsandbars.com/venues/the-east-dulwich-tavern,"own site (found by name, postcode verified)",East Dulwich Tavern,Southwark,East Dulwich,Pub,,1,,1 Lordship Lane,SE22 8EW,openstreetmap,,,https://www.openstreetmap.org/way/59959849
https://www.instagram.com/easternblocfood/,instagram,Eastern Bloc,Southwark,Peckham,Restaurant,,1,,133 Copeland Road,SE15 3SN,openstreetmap,,https://www.instagram.com/easternblocfood/,https://www.openstreetmap.org/node/5333396121
https://www.easterncuisine.co.uk/,own site,Eastern Cuisine,Southwark,West Dulwich,Restaurant,info@easterncuisine.co.uk,1,+44 20 8761 6688,138 Gipsy Hill,SE19 1PW,openstreetmap,,,https://www.openstreetmap.org/node/4379042413
https://order.tryotter.com/s/papa-nadox-kitchen/20-milkwood-road-london/c5be6ecf-a8fb-4631-8de4-0dc1fcf61140,"own site (found by name, postcode verified)",Eat pnk,Southwark,Walworth,Restaurant,,1,,"304, Walworth Road",SE17 2TE,food standards agency,,,https://ratings.food.gov.uk/business/1983612
https://www.eataliacafe.co.uk/,own site,Eatalia,Southwark,Southwark,Cafe,info@eataliacafe.co.uk,1,,94 Bermondsey Street,SE1 3UB,openstreetmap,,,https://www.openstreetmap.org/node/6090852288
http://eduldn.com/,own site,EDū,Southwark,Southwark,Spanish,,1,,68 Union Street,SE1 1TD,openstreetmap,,,https://www.openstreetmap.org/node/4484745568
https://www.eebria.com/,own site,EeBria,Southwark,Surrey Quays,Pub,newbusiness@eebria.com,1,,15 Almond Road,SE16 3LR,openstreetmap,,,https://www.openstreetmap.org/node/4172844859
https://www.ekobrewery.com/,"own site (found by name, postcode verified)",Eko brewery limited,Southwark,Peckham,Pub,info@ekobrewery.com,1,,"Unit 2a 2 Copeland Park, 133, Copeland Road",SE15 3SN,food standards agency,,,https://ratings.food.gov.uk/business/1781140
https://elliotscafe.com/,own site,Elliot's,Southwark,Southwark,Cafe,,1,,12 Stoney Street,SE1 9AD,openstreetmap,,,https://www.openstreetmap.org/node/14181043729
https://emacatering.co.uk/,"own site (found by name, postcode verified)",Ema catering ltd,Southwark,Peckham,Food truck,emine@emacatering.co.uk,1,,"149-151, Copeland Road",SE15 3SN,food standards agency,,,https://ratings.food.gov.uk/business/363150
https://www.facebook.com/pg/empireloungebarandrestaurant/,facebook,Empire Lounge,Southwark,Peckham,Restaurant,empirelounge@yahoo.com,1,+44 20 7358 1745,777-787 Old Kent Road,SE15 1NZ,openstreetmap,https://www.facebook.com/pg/empireloungebarandrestaurant/,,https://www.openstreetmap.org/node/5842196048
https://www.enatguada.com/,"own site (found by name, postcode verified)",Enat Guada,Southwark,Bermondsey,Restaurant,,1,,248 Old Kent Road,SE1 5UB,openstreetmap,,,https://www.openstreetmap.org/node/13859056998
https://www.ericslondon.com/,own site,Erics's,Southwark,East Dulwich,Bakery,hello@ericslondon.com,1,,20 Upland Road,SE22 9EF,openstreetmap,,,https://www.openstreetmap.org/way/62451466
https://estindia.co.uk/,"own site (found by name, postcode verified)",Est. India,Southwark,Southwark,Indian,info@estindia.co.uk,1,,73-75 Union Street,SE1 1SG,openstreetmap,,,https://www.openstreetmap.org/node/5296303423
https://www.thecolombiancoffeeco.org/,own site,Ethical Caffeine,Southwark,Southwark,Cafe,,1,,Flat Iron Square,SE1 0AB,openstreetmap,,Ethicalcaffeine,https://www.openstreetmap.org/node/5493180507
https://evrestaurant.co.uk/,own site,EV,Southwark,Southwark,Restaurant,,1,+44 20 7620 6191,97-99 Isabella Street,SE1 8DD,openstreetmap,,evrestaurant,https://www.openstreetmap.org/node/441698041
https://www.expressfishbar.com/,own site,Express Fish Bar,Southwark,Surrey Quays,Seafood,,1,,160 Lower Road,SE16 2UG,openstreetmap,,,https://www.openstreetmap.org/way/450471938
https://www.fcbcoffee.com/,own site,FCB Coffee,Southwark,Southwark,Breakfast,info@fcbcoffee.com,2,+44 20 7357 9191,52 Tooley Street,,openstreetmap,,,https://www.openstreetmap.org/node/9961024707
http://feedtheyak.com,own site,Feed the Yak,Southwark,Walworth,Pub,hello@feedtheyak.com,1,,2 Sayer Street,SE17 1FG,openstreetmap,,,https://www.openstreetmap.org/node/11163028502
https://fesrestaurant.co.uk/,"own site (found by name, postcode verified)",Fes restaurant,Southwark,Walworth,Restaurant,info@fesrestaurant.co.uk,1,,"210, Walworth Road",SE17 1JE,food standards agency,,,https://ratings.food.gov.uk/business/1096369
http://finefoodse1.co.uk/,own site,Fine Foods,Southwark,Walworth,Deli,,1,,Long Lane,,openstreetmap,,,https://www.openstreetmap.org/way/100614997
https://www.fiorenza.co.uk/,"own site (found by name, postcode verified)",Fiorenza,Southwark,Southwark,Takeaway,booking@fiorenza.co.uk,1,,"Ground Floor, 74, Blackfriars Road",SE1 8HA,food standards agency,,,https://ratings.food.gov.uk/business/1846590
https://www.fishkitchen.co.uk,own site,fish!,Southwark,Southwark,Seafood,bookings@fishkitchen.com,1,+44 20 7407 3803,Cathedral Street,SE1 9AL,openstreetmap,https://www.facebook.com/fishboroughmarket,,https://www.openstreetmap.org/way/82770832
https://restaurants.fiveguys.co.uk/greater-london/unit-2,own site,Five Guys,Southwark,Southwark,Burger,,1,,2 More London Place,,openstreetmap,,,https://www.openstreetmap.org/node/296615761
https://flatironsteak.co.uk/restaurant/borough/,own site,Flat Iron,Southwark,Bankside,Steak,sustainability@flatironsteak.co.uk,1,,11 Clink Street,SE1 9DG,openstreetmap,,,https://www.openstreetmap.org/node/3054326508
https://flatironsteak.co.uk/restaurant/waterloo/,own site,Flat Iron,Southwark,Southwark,Steak,sustainability@flatironsteak.co.uk,1,,41-45 The Cut,SE1 8LF,openstreetmap,,,https://www.openstreetmap.org/node/13116959724
https://www.flatironsquare.co.uk,own site,Flat Iron Square,Southwark,Southwark,Food court,,2,,45 Southwark Street,SE1 9HP,openstreetmap,,,https://www.openstreetmap.org/way/1183431718
https://www.flavourhut.uk/,"own site (found by name, postcode verified)",Flavour Hut,Southwark,Bermondsey,Restaurant,contact@flavourhut.uk,1,+44 20 7237 7663,249 Old Kent Road,SE1 5LU,openstreetmap,,,https://www.openstreetmap.org/node/13652446980
https://www.flavourntings.com/,"own site (found by name, postcode verified)",Flavour n tings limited,Southwark,Surrey Quays,Takeaway,,1,,"235, Lower Road",SE16 2LW,food standards agency,,,https://ratings.food.gov.uk/business/1941542
https://www.flavoursofnaples.com/,"own site (found by name, postcode verified)",Flavours of Naples,Southwark,Elephant and Castle,Italian,flavoursofnaples@gmail.com,1,,299 Borough High Street,SE1 1JG,openstreetmap,,,https://www.openstreetmap.org/node/5050323144
https://fleurie.co.uk/,own site,Fleurie,Southwark,Southwark,French,,1,,92 Bermondsey Street,,openstreetmap,,,https://www.openstreetmap.org/node/12495732001
https://www.flourandgrape.com/,own site,Flour & Grape,Southwark,Bermondsey,Italian,contact@flourandgrape.com,1,,214 Bermondsey Street,SE1 3TQ,openstreetmap,,,https://www.openstreetmap.org/node/1938110507
https://flowersoftheforest.co.uk/,own site,Flowers of the Forest,Southwark,Elephant and Castle,Pub,,1,+44 20 7928 4445,14 Westminster Bridge Road,SE1 7QX,openstreetmap,Theflowersoftheforest,,https://www.openstreetmap.org/node/12997774502
https://www.fmmangal.co.uk/,own site,FM Mangal,Southwark,Camberwell,Restaurant,fmmangal@hotmail.com,1,,54 Camberwell Church Street,SE5 8QZ,openstreetmap,,,https://www.openstreetmap.org/node/12572448568
https://foresthillkebab.twupro.com/,"own site (found by name, postcode verified)",Forest hill kebab,Southwark,East Dulwich,Takeaway,,1,,"102, Forest Hill Road",SE22 0RS,food standards agency,,,https://ratings.food.gov.uk/business/1687253
https://fourquarters.bar/location/arcade-bar-south-london/,own site,Four Quarters,Southwark,Peckham,Bar,,1,,187 Rye Lane,SE15 4TP,openstreetmap,,,https://www.openstreetmap.org/node/12569551425
https://www.francomanca.co.uk/restaurants/london-bridge/,own site,Franco Manca,Southwark,Southwark,Pizza,,1,+44 20 3026 8102,15 Winchester Walk,SE1 9AG,openstreetmap,,,https://www.openstreetmap.org/node/1757377762
https://www.francomanca.co.uk/restaurants/bermondsey/,own site,Franco Manca,Southwark,Bermondsey,Italian,,1,+44 207 407 4203,124 Bermondsey Street,SE1 3TX,openstreetmap,,,https://www.openstreetmap.org/node/6450370287
https://www.francomanca.co.uk/restaurants/east-dulwich/,own site,Franco Manca,Southwark,East Dulwich,Pizza,,1,,21 Lordship Lane,SE22 8EW,openstreetmap,,,https://www.openstreetmap.org/way/59959799
https://fusion-grill.co.uk/,"own site (found by name, postcode verified)",Fusion grill,Southwark,Elephant and Castle,Takeaway,,1,,233 Waterloo Road,SE1 8XH,openstreetmap,,,https://www.openstreetmap.org/node/3217425361
https://gails.com/pages/neo-bankside,own site,GAIL's,Southwark,Southwark,Bakery,bankside@gailsbread.co.uk,1,+44 20 7620 3064,70 Holland Street,SE1 9NX,openstreetmap,,,https://www.openstreetmap.org/node/4452606869
https://gails.com/pages/dulwich-village,own site,GAIL's,Southwark,Dulwich Village,Bakery,,1,,91 Dulwich Village,SE21 7BJ,openstreetmap,,,https://www.openstreetmap.org/node/4818238052
https://gails.com/pages/bermondsey,own site,GAIL's,Southwark,Walworth,Bakery,,1,,,,openstreetmap,,,https://www.openstreetmap.org/node/10304600709
https://gauchorestaurants.com/restaurants/tower-bridge/,own site,Gaucho,Southwark,Southwark,Restaurant,towerbridge@gauchorestaurants.com,1,+44 20 7407 5222,2 More London Riverside,SE1 2AP,openstreetmap,,,https://www.openstreetmap.org/node/296615763
https://www.craftunionpubs.com/george-canning-camberwell,own site,George Canning,Southwark,Denmark Hill,Pub,,1,,123 Grove Lane,SE5 8BG,openstreetmap,,,https://www.openstreetmap.org/way/82732716
https://www.greeneking-pubs.co.uk/pubs/greater-london/george-southwark/,own site,George Inn,Southwark,Southwark,Pub,7781@greeneking.co.uk,1,+44 20 7407 2056,75-77 Borough High Street,SE1 1NH,openstreetmap,,,https://www.openstreetmap.org/node/14181043737
http://www.giuseppesplace.com,own site,Giuseppe's,Southwark,Southwark,Italian,info@giuseppesplace.com,1,,49 Borough High Street,SE1 1NB,openstreetmap,,,https://www.openstreetmap.org/node/14181043746
https://glassgarden.london/,own site,Glass garden,Southwark,Southwark,Asian; Chinese,info@glassgarden.london,1,+44 20 4538 2773,130 Southwark Street,SE1 0SW,openstreetmap,,glass_garden_london,https://www.openstreetmap.org/node/4939271627
https://goldenyolk.co.uk/,"own site (found by name, postcode verified)",Golden yolk,Southwark,East Dulwich,Restaurant,,1,,"43, Grove Vale",SE22 8EQ,food standards agency,,,https://ratings.food.gov.uk/business/1838897
https://goodcuplondon.com/,own site,Goodcup,Southwark,Nunhead,Cafe,,1,,44 Nunhead Green,,openstreetmap,,,https://www.openstreetmap.org/node/13236912247
https://gourmetgoat.co.uk/,"own site (found by name, postcode verified)",Gourmet goat,Southwark,Southwark,Takeaway,contact@gourmetgoat.co.uk,1,,"4, Rochester Walk",SE1 9AF,food standards agency,,,https://ratings.food.gov.uk/business/1737227
https://www.facebook.com/greatgunssocial,facebook,Great Guns Social,Southwark,Southwark,Pub,,1,,96 Southwark Bridge Road,SE1 0EF,openstreetmap,greatgunssocial,greatgunssocial,https://www.openstreetmap.org/node/13386371751
https://www.greenzen.co.uk/,own site,GreenZen Poké,Southwark,Rotherhithe,Asian; Halal; Japanese,sean.baradaran@greenzen.co.uk,1,,unit 2 Canada Water Station,SE16 7ED,openstreetmap,,,https://www.openstreetmap.org/node/12633520273
https://grovehousetavern.co.uk/,own site,Grove House Tavern,Southwark,Camberwell,Burger; Pub,info@grovehousetavern.co.uk,1,,26 Camberwell Grove,SE5 8RE,openstreetmap,,,https://www.openstreetmap.org/way/86678068
https://guidosgrill.com/,"own site (found by name, postcode verified)",Guido's Grill,Southwark,Camberwell,Takeaway,contact@guidosgrill.com,1,+44 20 3730 5422,179 Camberwell Road,SE5 0HB,openstreetmap,,,https://www.openstreetmap.org/node/1843980203
http://www.gunpowderlondon.com/tower-bridge/,own site,Gunpowder,Southwark,Bermondsey,Indian,spitalfields@gunpowderrestaurants.com,1,,4 Duchess Walk,SE1 2SD,openstreetmap,,,https://www.openstreetmap.org/node/6222593449
https://www.hakata.co.uk/,own site,Hakata Ramen,Southwark,Bermondsey,Asian; Japanese,contact@hakata.co.uk,1,+44 20 7234 0244,177 Bermondsey Street,SE1 3UW,openstreetmap,,https://www.instagram.com/hakata.ramen.bar,https://www.openstreetmap.org/node/7066802685
https://www.hanar.uk/,"own site (found by name, postcode verified)",Hanar,Southwark,Peckham,Restaurant,,1,,"Railway Arch 163, Rye Lane",SE15 4ST,food standards agency,,,https://ratings.food.gov.uk/business/1454041
https://www.facebook.com/HanarKurdishRestaurant,facebook,Hanar - Kurdish Restaurant,Southwark,Peckham,Restaurant,,1,+447454485005,,,openstreetmap,HanarKurdishRestaurant,,https://www.openstreetmap.org/node/13120133601
https://hankandginger.co.uk/,own site,Hank and Ginger,Southwark,Southwark,Breakfast; Deli,,1,,164-180 Union Street,SE1 0LH,openstreetmap,,,https://www.openstreetmap.org/node/9658074125
https://heardburger.co.uk/,own site,"Heard, Burger Borough",Southwark,Southwark,Burger,soho@heardburger.co.uk,1,,1 Flat Iron Square,SE1 0AB,openstreetmap,,,https://www.openstreetmap.org/way/94069673
https://hermanoscoffeeroasters.com/,own site,Hermanos Colombian Coffee Roasters,Southwark,Walworth,Breakfast,,5,,,,openstreetmap,,,https://www.openstreetmap.org/node/9382082112
https://www.hermanostacohouse.com/,"own site (found by name, postcode verified)",Hermanos taco house,Southwark,Elephant and Castle,Tacos,,1,,"Unit A, 40-42, Newington Causeway",SE1 6DR,food standards agency,,,https://ratings.food.gov.uk/business/1040611
https://www.hinglee.co.uk/,own site,Hing Lee,Southwark,Bermondsey,Asian; Chinese,,1,+44 20 7403 7919,32 Curlew Street,SE1 2ND,openstreetmap,,,https://www.openstreetmap.org/way/94758942
https://hiverbeers.com/pages/taproom,own site,Hiver Taproom,Southwark,Bermondsey,Pub,info@hiverbeers.com,1,+44 7740251649,56 Stanworth Street,SE1 3NY,openstreetmap,,,https://www.openstreetmap.org/node/4813283891
https://www.honestburgers.co.uk/locations/peckham/,own site,Honest Burgers,Southwark,Peckham,Burger,contact@honestburgers.co.uk,1,,12-16 Blenheim Grove,SE15 4QL,openstreetmap,,,https://www.openstreetmap.org/node/5774063818
https://www.honestburgers.co.uk/locations/london-bridge-tooley-st/,own site,Honest Burgers,Southwark,Southwark,Burger,contact@honestburgers.co.uk,1,,6 Bermondsey Street,,openstreetmap,,,https://www.openstreetmap.org/node/9960441422
https://www.honestburgers.co.uk/locations/waterloo/,own site,Honest Burgers,Southwark,Southwark,Burger,contact@honestburgers.co.uk,1,+44 20 3597 6266,39 The Cut,SE1 8LF,openstreetmap,,,https://www.openstreetmap.org/node/13116959723
https://hopking.org,own site,Hop Kingdom,Southwark,Bermondsey,Pub,info@hopking.org,1,+44 20 3730 4129,16 Druid Street,SE1 2EY,openstreetmap,,,https://www.openstreetmap.org/node/11304573103
https://www.hop.st/,own site,Horn OK Please,Southwark,Southwark,Indian,info@hop.st,1,,8 Southwark Street,SE1 9AG,openstreetmap,,,https://www.openstreetmap.org/node/9764354231
https://www.instagram.com/hotmunchieslondon/,own site,Hot Munchies,Southwark,Southwark,Burger; Halal; Seafood,,1,+44 20 7407 0691,30 Southwark Street,,openstreetmap,,,https://www.openstreetmap.org/node/534964527
https://hotmunchies.com/,"own site (found by name, postcode verified)",Hot munchies,Southwark,Southwark,Restaurant,info@hotmunchies.com,1,,"30, Southwark Street",SE1 1TU,food standards agency,,,https://ratings.food.gov.uk/business/362664
https://huskandhoney.co.uk/,own site,Husk & Honey,Southwark,Surrey Quays,Bakery,info@huskandhoney.co.uk,1,,"9 Discovery Estate, St Jame’s Road",SE16 4RA,openstreetmap,,,https://www.openstreetmap.org/node/11684956369
http://www.ilmirto.co.uk,own site,Il Mirto,Southwark,East Dulwich,Italian,,1,,5-6 Melbourne Terrace,SE22 8RE,openstreetmap,,,https://www.openstreetmap.org/way/62222923
https://indian-gourmet.co.uk/,"own site (found by name, postcode verified)",Indian gourmet,Southwark,Southwark,Indian,info@indian-gourmet.co.uk,1,,"Ground Floor, 64, Borough High Street",SE1 1XF,food standards agency,,,https://ratings.food.gov.uk/business/1318064
https://www.irenebakery.co.uk,own site,Irene,Southwark,Camberwell,Bakery,hello@irenebakery.co.uk,3,+442036590585,31-33a Denmark Hill,SE5 8RS,openstreetmap,,,https://www.openstreetmap.org/node/12572476235
https://www.italianospizza.co.uk/,"own site (found by name, postcode verified)",Italianos pizza,Southwark,Surrey Quays,Italian; Pizza,,1,,"208, Rotherhithe New Road",SE16 3EH,food standards agency,,,https://ratings.food.gov.uk/business/1941543
https://www.itsu.com/location/city-of-london/more-london/,own site,itsu,Southwark,Southwark,Asian,appfeedback@itsu.com,1,,,,openstreetmap,,,https://www.openstreetmap.org/node/9919330056
https://www.itsu.com/location/city-of-london/the-shard/,own site,itsu,Southwark,Southwark,Asian,appfeedback@itsu.com,1,,Shard Arcade,,openstreetmap,,,https://www.openstreetmap.org/node/11394080056
https://www.itsu.com/location/central-london/southwark-street-bankside/,own site,itsu,Southwark,Southwark,Asian,appfeedback@itsu.com,1,,65 Southwark Street,SE1 0HR,openstreetmap,,,https://www.openstreetmap.org/way/812976864
https://mollymcs.com/,"own site (found by name, postcode verified)",Jacks bar,Southwark,Southwark,Pub,,1,,"Railway Arch 96, Isabella Street",SE1 8DD,food standards agency,,,https://ratings.food.gov.uk/business/365030
https://jamaicanvybeskitchen.co.uk/,"own site (found by name, postcode verified)",Jamaican vybes kitchen,Southwark,Camberwell,Takeaway,jamaicanvybeskitchen@gmail.com,1,,"163, Camberwell New Road",SE5 0SU,food standards agency,,,https://ratings.food.gov.uk/business/1960418
https://www.jandadiner.com/,"own site (found by name, postcode verified)",Janda diner,Southwark,Peckham,American,bookings@jandadiner.com,1,,"191, Rye Lane",SE15 4TP,food standards agency,,,https://ratings.food.gov.uk/business/1856474
https://www.jonesofbrockley.com/,own site,Jones of Brockley,Southwark,East Dulwich,Deli,michael@jonesofbrockley.com,1,,53 Grove Vale,SE22 8EQ,openstreetmap,,,https://www.openstreetmap.org/way/72247127
https://josepizarro.com/venues/jose-tapas-bar-bermondsey/,own site,Jose,Southwark,Southwark,Spanish,info@josepizarro.com,1,,104 Bermondsey Street,SE1 3UB,openstreetmap,,,https://www.openstreetmap.org/node/12518898580
https://www.josephsfishandchips.com/tower-bridge,own site,Joseph's Fish & Chips,Southwark,Elephant and Castle,Seafood,,1,+44 20 8616 1152,83 Tower Bridge Road,SE1 4TW,openstreetmap,,https://www.instagram.com/earthseacafelondon/,https://www.openstreetmap.org/node/677315950
https://www.josephsfishandchips.com/,own site,Joseph's Fish & Chips,Southwark,Dulwich Village,Seafood,,1,,350 Lordship Lane,,openstreetmap,,,https://www.openstreetmap.org/way/133261102
https://www.jumbipeckham.com/,own site,Jumbi,Southwark,Peckham,Restaurant,bookings@jumbipeckham.com,1,,133 Copeland Road,SE15 3SN,openstreetmap,,,https://www.openstreetmap.org/way/593469471
https://kachorirestaurant.com/,"own site (found by name, postcode verified)",Kachori restaurant,Southwark,Elephant and Castle,Restaurant,info@kachorirestaurant.com,2,,"12, Ash Avenue",SE17 1GQ,food standards agency,,,https://ratings.food.gov.uk/business/1615212
https://www.facebook.com/Kanellaandco/,facebook,Kanella and Co,Southwark,East Dulwich,Cafe,,1,,106 Lordship Lane,SE22 8HF,openstreetmap,https://www.facebook.com/Kanellaandco/,,https://www.openstreetmap.org/way/95223718
https://karapinchakitchen.com/,"own site (found by name, postcode verified)",Karapincha,Southwark,Elephant and Castle,Takeaway,info@karapinchakitchen.com,3,,"42, Newington Causeway",SE1 6DR,food standards agency,,,https://ratings.food.gov.uk/business/1294969
https://www.kartuli.co.uk/,own site,Kartuli,Southwark,East Dulwich,Restaurant,info@kartuli.co.uk,1,,65 Lordship Lane,SE22 8EP,openstreetmap,,,https://www.openstreetmap.org/way/59981980
http://kauboiramen.com/,own site,Kauboi Ramen,Southwark,Southwark,Asian; Japanese,,1,,,,openstreetmap,,,https://www.openstreetmap.org/node/6577138396
https://www.kfc.co.uk/kfc-near-me/london-walworth-road,own site,KFC,Southwark,Walworth,Takeaway,,1,,247-249 Walworth Road,SE17 1RL,openstreetmap,,,https://www.openstreetmap.org/node/482835022
https://www.kfc.co.uk/kfc-near-me/camberwell-church-street,own site,KFC,Southwark,Camberwell,Takeaway,,1,,35 Camberwell Church Street,SE5 8TR,openstreetmap,,,https://www.openstreetmap.org/node/12572448579
https://www.kindeum.com,own site,Kin + Deum,Southwark,Southwark,Asian,hello@kindeum.com,1,+44 20 7357 7995,2 Crucifix Lane,SE1 3JW,openstreetmap,,,https://www.openstreetmap.org/way/101328323
https://www.kixbarkitchen.co.uk/,"own site (found by name, postcode verified)",Kix Bar,Southwark,East Dulwich,Mexican,hello@kixbarkitchen.co.uk,1,,57 Lordship Lane,SE22 8EP,openstreetmap,,,https://www.openstreetmap.org/way/59982024
https://kokumlondon.com/,own site,KOKUM,Southwark,East Dulwich,Indian,reservations@kokumlondon.com,1,+44 20 3551 1883,58 East Dulwich Road,SE22 9AX,openstreetmap,,,https://www.openstreetmap.org/way/71378226
https://www.kolae.com/,own site,Kolae,Southwark,Southwark,Asian,hello@kolae.com,1,+44 20 3325 3933,6 Park Street,SE1 9AB,openstreetmap,,,https://www.openstreetmap.org/node/12620888701
https://www.komalondon.com/,"own site (found by name, postcode verified)",KoMa,Southwark,Walworth,Restaurant,,1,+44 20 3089 8028,326 Walworth Road,SE17 2NA,openstreetmap,,,https://www.openstreetmap.org/node/12728879643
https://shops.krispykreme.co.uk/london-bridge,own site,Krispy Kreme,Southwark,Southwark,Donuts,customercare@krispykreme.co.uk,1,,,,openstreetmap,,,https://www.openstreetmap.org/node/5760381473
https://krukthai.com/,own site,Kruk,Southwark,Peckham,Asian,info@krukthai.com,1,+44 7802 704814,213 Blenheim Grove,SE15 4QL,openstreetmap,,kruk_ldn,https://www.openstreetmap.org/node/13564095101
https://www.kudu-restaurant.com/,own site,Kudu,Southwark,Peckham,Restaurant,kudu@kuducollective.com,1,+44 20 3950 0226,119 Queen's Road,SE15 2EZ,openstreetmap,,,https://www.openstreetmap.org/node/12569614017
https://banhmikeu.co.uk/,own site,Kêu,Southwark,Southwark,Asian; Deli,info@keudeli.co.uk,1,+44 20 3657 8888,19 Borough High Street,SE1 9SE,openstreetmap,,keudelilondon,https://www.openstreetmap.org/node/12666515501
http://www.lachatica.com,own site,La Chatica,Southwark,Elephant and Castle,Cafe,info@lachatica.com,1,+44 20 7277 4485,2 Elephant Road,SE17 1LB,openstreetmap,,,https://www.openstreetmap.org/node/4564372690
https://www.lachingada.co.uk/,own site,La Chingada,Southwark,Rotherhithe,Mexican,info@lachingada.co.uk,1,+447776774779,182 Jamaica Road,SE16 4RT,openstreetmap,,,https://www.openstreetmap.org/node/12662501801
https://lagelatiera.co.uk/locations/oxo-tower-wharf/,own site,La Gelatiera,Southwark,Bankside,Ice cream,info@lagelatiera.co.uk,1,,,,openstreetmap,lagelatiera,lagelatiera,https://www.openstreetmap.org/node/11688096478
https://lavenicepizzeria.co.uk/,"own site (found by name, postcode verified)",La Venice Pizzeria,Southwark,Bermondsey,Pizza,,1,,242 Old Kent Road,SE1 5UB,openstreetmap,,,https://www.openstreetmap.org/node/13859056996
https://www.lairai.london/,own site,Lai Rai,Southwark,Peckham,Asian,hello@lairai.london,1,+44 20 3337 9371,181 Rye Lane,SE15 4TP,openstreetmap,,,https://www.openstreetmap.org/node/13564114102
https://larryspeckham.co.uk,own site,Larry's,Southwark,Peckham,Cafe,info@larryspeckham.co.uk,1,,12-16 Blenheim Grove,SE15 4QL,openstreetmap,,,https://www.openstreetmap.org/node/4974000356
https://latinhouse.co.uk/,"own site (found by name, postcode verified)",Latin House,Southwark,Camberwell,Restaurant,info@latinhouse.co.uk,1,,4 Coldharbour Lane,SE5 9PR,openstreetmap,,,https://www.openstreetmap.org/node/4707063357
http://www.lepontdelatour.co.uk/,own site,Le Pont de la Tour,Southwark,Bermondsey,Restaurant,,1,,36 Shad Thames,SE1 2YE,openstreetmap,,,https://www.openstreetmap.org/node/650130771
https://www.lebanesegrill.co.uk/,"own site (found by name, postcode verified)",Lebanese Grill,Southwark,Elephant and Castle,Takeaway,info@lebanesegrill.co.uk,1,,173 New Kent Road,SE1 4AG,openstreetmap,,,https://www.openstreetmap.org/node/439237416
http://www.lebogrill.co.uk/,"own site (found by name, postcode verified)",Lebo Grill,Southwark,Elephant and Castle,Takeaway,,1,,173 New Kent Road,SE1 4AG,openstreetmap,,,https://www.openstreetmap.org/node/442330104
https://legarelondon.com/,own site,Legare,Southwark,Bermondsey,Italian,info@legarelondon.com,1,,31 Shad Thames,SE1 2YR,openstreetmap,,,https://www.openstreetmap.org/node/11962318238
https://leon.co/restaurants/more-london-place/,own site,LEON,Southwark,Southwark,Burger; Deli,strand@leon.co,1,+44 20 7403 0202,6 More London Place,SE1 2DA,openstreetmap,,,https://www.openstreetmap.org/node/3543800768
https://leon.co/restaurants/london-bridge-station/,own site,LEON,Southwark,Southwark,Burger; Deli,strand@leon.co,1,,,,openstreetmap,,,https://www.openstreetmap.org/node/5585792067
https://leon.co/restaurants/borough/,own site,LEON,Southwark,Southwark,Burger; Deli,strand@leon.co,1,,2-4 Southwark Street,SE1 1TQ,openstreetmap,,,https://www.openstreetmap.org/node/14181043752
https://leon.co/restaurants/bankside/,own site,LEON,Southwark,Southwark,Burger; Deli,strand@leon.co,1,+44 20 7620 0035,7 Canvey Street,SE1 9AN,openstreetmap,,,https://www.openstreetmap.org/way/810617545
https://www.levanlondon.co.uk,own site,Levan,Southwark,Peckham,Restaurant,info@levanlondon.co.uk,1,,12-16 Blenheim Grove,SE15 4QL,openstreetmap,,,https://www.openstreetmap.org/node/2396118589
https://www.lenosycarbonuk.com/,own site,Leños & Carbon,Southwark,Elephant and Castle,Restaurant,info@lenosycarbonuk.com,1,+44 20 7407 8865,113 Elephant Road,SE17 1LB,openstreetmap,,,https://www.openstreetmap.org/node/7982720361
https://littlebaobab.co.uk/,"own site (found by name, postcode verified)",Little baobab ltd,Southwark,Southwark,Restaurant,hello@littlebaobab.co.uk,1,,"Africa House, 66, Great Suffolk Street",SE1 0BL,food standards agency,,,https://ratings.food.gov.uk/business/1761582
https://louielouie.london/,own site,Little Louie,Southwark,Elephant and Castle,Cafe,,1,,14 Ash Avenue,SE17 1GQ,openstreetmap,,,https://www.openstreetmap.org/node/9422388661
https://www.lokmarestaurant.com/,own site,Lokma,Southwark,Bermondsey,Restaurant,info@lokmarestaurant.com,1,+44 20 7407 2991,11 Bermondsey Square,SE1 3UN,openstreetmap,,,https://www.openstreetmap.org/node/472145731
https://www.londonbarbecueschool.co.uk/,"own site (found by name, postcode verified)",London barbecue school,Southwark,Peckham,BBQ,contact@londonbarbecueschool.co.uk,1,,"Unit 3 Dovedale Business Centre, 22a, Blenheim Grove",SE15 4QN,food standards agency,,,https://ratings.food.gov.uk/business/1267963
https://www.lordnelsonsouthwark.com/,own site,Lord Nelson,Southwark,Southwark,Pub,,1,+44 20 7207 2701,243 Union Street,SE1 0LR,openstreetmap,,,https://www.openstreetmap.org/way/77765241
https://www.instagram.com/lovewalkcafe,instagram,Love Walk Cafe,Southwark,Camberwell,Cafe,,1,+44 20 7703 9898,81 Denmark Hill,SE5 8RS,openstreetmap,,lovewalkcafe,https://www.openstreetmap.org/node/12572448599
https://www.instagram.com/low_line_louie,instagram,Low Line Louie,Southwark,Southwark,Cafe,,1,,7 Holyrood Street,,openstreetmap,,low_line_louie,https://www.openstreetmap.org/node/4775013257
https://wearelumberjack.co.uk/,own site,Lumberjack,Southwark,Camberwell,Cafe,,1,,70 Camberwell Church Street,SE5 8QZ,openstreetmap,,,https://www.openstreetmap.org/node/12572476254
https://www.manze.co.uk/,own site,M. Manze,Southwark,Elephant and Castle,Restaurant,,3,+44 20 7407 2985,87 Tower Bridge Road,SE1 4TW,openstreetmap,,,https://www.openstreetmap.org/node/677316017
https://www.madeofdough.co.uk/,"own site (found by name, postcode verified)",Made of Dough,Southwark,Peckham,Restaurant,info@madeofdough.co.uk,1,,182 Bellenden Road,SE15 4BW,openstreetmap,,,https://www.openstreetmap.org/way/74134079
https://www.maggiosconfectionery.com/,"own site (found by name, postcode verified)",Maggio's confectionery,Southwark,Southwark,Takeaway,,1,,"Green Market Borough Market, 8, Southwark Street",SE1 9AL,food standards agency,,,https://ratings.food.gov.uk/business/1210968
https://malabarfeast.co.uk/,"own site (found by name, postcode verified)",Malabar Feast,Southwark,Peckham,Indian,malabarfeastuk@gmail.com,1,,4 Maxted Road,SE15 4LL,openstreetmap,,,https://www.openstreetmap.org/way/71321658
https://malevotowerbridge.co.uk/,"own site (found by name, postcode verified)",Malevo tower bridge,Southwark,Bermondsey,Restaurant,info@malevotowerbridge.co.uk,1,,"52, Tanner Street",SE1 3PH,food standards agency,,,https://ratings.food.gov.uk/business/1625696
https://mallowlondon.com,own site,Mallow,Southwark,Southwark,Restaurant,hello@mallowlondon.com,1,+44 20 7846 8785,1 Cathedral Street,SE1 9DE,openstreetmap,,https://www.instagram.com/mallowlondon,https://www.openstreetmap.org/node/9842144897
https://www.facebook.com/mymaloko/,facebook,Maloko art cafe,Southwark,Camberwell,French,,1,,60 Camberwell Church Street,SE5 8QZ,openstreetmap,https://www.facebook.com/mymaloko/,,https://www.openstreetmap.org/node/12572476252
https://lovemango.co.uk/,own site,Mango,Southwark,Southwark,Indian,info@lovemango.co.uk,1,+44 20 7407 0333,6 Redcross Way,SE1 9HR,openstreetmap,,,https://www.openstreetmap.org/way/812989302
https://www.instagram.com/maopao.london,instagram,Mao Pao Mini Hot Pot,Southwark,Elephant and Castle,Asian; Chinese,,1,,9 London Road,SE1 6JZ,openstreetmap,,maopao.london,https://www.openstreetmap.org/node/13055014365
https://www.mpwrestaurants.co.uk/our-brands/new-york-italian/london-bridge,own site,Marco’s New York Italian London Bridge,Southwark,Southwark,Italian,restmgr@marcoslondonbridge.com,1,,17 Lavington Street,SE1 0NZ,openstreetmap,,,https://www.openstreetmap.org/node/6339919610
https://www.crafted-social.co.uk/marquis-of-wellington-bermondsey,own site,Marquis of Wellington,Southwark,Bermondsey,Pizza; Pub,,1,,21 Druid Street,,openstreetmap,,,https://www.openstreetmap.org/way/128568070
https://www.mashpaddlebrewery.com/,own site,Mash Paddle Brewery,Southwark,Bermondsey,Pub,hello@mashpaddlebrewery.com,1,,92 Enid Street,,openstreetmap,,mashpaddlebrewery,https://www.openstreetmap.org/node/9980410170
https://www.mcandsonslondon.com/,own site,MC & Sons,Southwark,Southwark,Asian; Pub,,1,,160 Union Street,SE1 0LH,openstreetmap,,,https://www.openstreetmap.org/node/14181043731
https://www.mcdonalds.com/gb/en-gb/location/london-bridge/london-bridge/tooley-street/8261542.html,own site,McDonald's,Southwark,Southwark,Burger,,1,+44 20 7357 6676,60 Tooley Street,SE1 2TF,openstreetmap,,,https://www.openstreetmap.org/node/6329192111
https://www.mcdonalds.com/gb/en-gb/location/peckham/peckham/7276-rye-lane/8260049.html,own site,McDonald's,Southwark,Peckham,Burger,,1,+44 20 7732 5788,72-74 Rye Lane,SE15 5DQ,openstreetmap,,,https://www.openstreetmap.org/way/73198336
https://www.mcdonalds.com/gb/en-gb/location/peckham/old-kent-road-dt/518-old-kent-road-retail-park/8260406.html,own site,McDonald's,Southwark,Bermondsey,Burger,,1,+44 20 7232 2450,518 Old Kent Road,SE1 5BA,openstreetmap,,,https://www.openstreetmap.org/way/73496633
https://www.mcdonalds.com/gb/en-gb/location/camberwell-green/camberwell/butterfly-walk/8260214.html,own site,McDonald's,Southwark,Camberwell,Burger,,1,+44 20 7703 8514,Denmark Hill,SE5 8RW,openstreetmap,,,https://www.openstreetmap.org/way/613834627
https://meatliquor.com/,own site,Meat Liquor,Southwark,East Dulwich,Burger,howdy@meatliquor.com,1,+44 20 3066 0008,37 Lordship Lane,SE22 8EW,openstreetmap,,,https://www.openstreetmap.org/way/59969914
https://www.tate.org.uk/visit/tate-modern/level-1-members-bar,own site,Members Bar,Southwark,Bankside,Cafe,hello@tate.org.uk,1,,,,openstreetmap,,,https://www.openstreetmap.org/node/9190363817
https://www.mesondonfelipe.co.uk/,"own site (found by name, postcode verified)",Meson Don Felipe,Southwark,Southwark,Spanish,reservations@mesondonfelipe.co.uk,1,,53 The Cut,SE1 8LF,openstreetmap,,,https://www.openstreetmap.org/node/13116959728
https://mikosmikos.co.uk/,own site,Miko’s Ecuadorian & Spanish Kitchen,Southwark,Elephant and Castle,Spanish,,1,+447814476705,17 Sayer Street,SE17 1FY,openstreetmap,,,https://www.openstreetmap.org/node/13999685301
https://minglesrestaurant.co.uk/,"own site (found by name, postcode verified)",Mingles restaurant,Southwark,Peckham,Restaurant,,1,,"1, Peckham Park Road",SE15 6TR,food standards agency,,,https://ratings.food.gov.uk/business/1043885
https://mirash.co.uk/,own site,Mirash Tandoori,Southwark,East Dulwich,Indian,,1,,94 Grove Vale,SE22 8DT,openstreetmap,,,https://www.openstreetmap.org/way/62223077
https://mogul.london/,own site,Mogul,Southwark,Rotherhithe,Indian,,1,,Rotherhithe Street,SE16 5SW,openstreetmap,,,https://www.openstreetmap.org/node/12321465116
https://www.instagram.com/molantea.uk,instagram,Molan Tea,Southwark,Elephant and Castle,Asian; Chinese,,1,,Sayer Street,,openstreetmap,,molantea.uk,https://www.openstreetmap.org/node/13759538301
https://www.momocamberwell.uk,own site,MOMO Sushi,Southwark,Camberwell,Asian; Sushi,,1,+44 20 8127 8578,23 Camberwell Church Street,SE5 8TR,openstreetmap,,,https://www.openstreetmap.org/node/12572448582
https://mondobeerpizza.co.uk/,own site,Mondo Beer + Pizza,Southwark,Bankside,Pizza,,1,+44 20 3551 1298,232 Bank End,SE1 9FJ,openstreetmap,https://www.facebook.com/mondobeerpizza,https://www.instagram.com/mondobeerpizza/,https://www.openstreetmap.org/node/11077564219
https://www.monmouthcoffee.co.uk/shops/,own site,Monmouth Coffee Company,Southwark,Surrey Quays,Cafe,beans@monmouthcoffee.co.uk,1,,"3 Discovery Estate, St James Road",SE16 4RA,openstreetmap,,,https://www.openstreetmap.org/node/11684923470
https://www.montyslondon.com/,"own site (found by name, postcode verified)",Montys london,Southwark,Southwark,Takeaway,catering@montyslondon.com,1,,"Unit 16, 100, Southwark Street",SE1 0SW,food standards agency,,,https://ratings.food.gov.uk/business/1838903
https://www.mrbao.co.uk/,own site,Mr Bao,Southwark,Peckham,Chinese,info@mrbao.co.uk,1,,293 Rye Lane,SE15 4UA,openstreetmap,,,https://www.openstreetmap.org/node/12569551439
https://www.iwm.org.uk/visits/iwm-london/eat-drink,own site,Museum Café,Southwark,Elephant and Castle,Cafe,,1,,,,openstreetmap,,,https://www.openstreetmap.org/node/4863526004
https://www.naifs.co.uk/,"own site (found by name, postcode verified)",Naifs,Southwark,Peckham,Restaurant,info@naifs.co.uk,2,,"56, Goldsmith Road",SE15 5TN,food standards agency,,,https://ratings.food.gov.uk/business/1223977
https://www.facebook.com/NandineUK,facebook,Nandine,Southwark,Denmark Hill,Restaurant,nandineuk@gmail.com,1,+44 20 8001 8322,82 Vestry Road,SE5 8PQ,openstreetmap,https://www.facebook.com/NandineUK,https://www.instagram.com/nandineuk,https://www.openstreetmap.org/node/5831004055
https://nandine.co.uk/,own site,Nandine,Southwark,Camberwell,Restaurant,,1,,45 Camberwell Church Street,SE5 8TR,openstreetmap,,,https://www.openstreetmap.org/node/12572448574
https://www.nandos.co.uk/restaurants/elephant-castle,own site,Nando's,Southwark,Elephant and Castle,Restaurant,,1,,119 Newington Causeway,SE1 6BA,openstreetmap,https://www.facebook.com/pages/Nando's%20-%20Elephant%20&%20Castle/1539024316190347/,,https://www.openstreetmap.org/node/540284574
https://www.nandos.co.uk/restaurants/southwark-arches-london,own site,Nando's,Southwark,Southwark,Restaurant,,1,,Blackfriars Road,SE1 0XN,openstreetmap,,,https://www.openstreetmap.org/node/3134099059
https://www.nandos.co.uk/restaurants/peckham,own site,Nando's,Southwark,Peckham,Restaurant,,1,,Rye Lane,SE15 5EW,openstreetmap,,,https://www.openstreetmap.org/node/12323760231
https://www.nandos.co.uk/restaurants/clink-street,own site,Nando's,Southwark,Bankside,Restaurant,,1,+44 20 7357 8662,225-227 Clink Street,,openstreetmap,,,https://www.openstreetmap.org/way/82770909
https://www.caffenero.com/uk/stores/london-bridge-shard,own site,Nero Express,Southwark,Southwark,Breakfast,,1,,,,openstreetmap,,,https://www.openstreetmap.org/node/11547153689
https://www.newdewaniam.co.uk/,"own site (found by name, postcode verified)",New Dewaniam,Southwark,Camberwell,Indian,,1,+44 20 7703 1941,225a Camberwell New Road,SE5 0TH,openstreetmap,,,https://www.openstreetmap.org/node/481643810
https://www.facebook.com/pg/nimskitchenuk,facebook,Nim's Kitchen,Southwark,Peckham,Restaurant,,1,,133 Copeland Road,SE15 3SN,openstreetmap,https://www.facebook.com/pg/nimskitchenuk,,https://www.openstreetmap.org/way/593469467
https://www.nolacoffee.co.uk/,own site,Nola,Southwark,Peckham,Breakfast,hello@nolacoffee.co.uk,1,,224 Rye Lane,SE15 4NL,openstreetmap,,,https://www.openstreetmap.org/node/12569504100
https://nonocoffee.com/,own site,NoNo,Southwark,Rotherhithe,Breakfast,info@nonocoffee.com,1,,12 West Lane,SE16 4NY,openstreetmap,,,https://www.openstreetmap.org/node/8882649147
https://nonogoods.com/,own site,N°N°,Southwark,Camberwell,Breakfast,,1,,24 Brunswick Park,SE5 7RH,openstreetmap,,,https://www.openstreetmap.org/node/11778630962
https://www.overuk.com/,own site,O Ver,Southwark,Southwark,Italian,booking@overuk.com,1,+44 20 7378 9933,44-46 Southwark Street,SE1 1UN,openstreetmap,,,https://www.openstreetmap.org/node/4705700760
https://www.instagram.com/omdhotdogs,instagram,Oh My Dog!,Southwark,Surrey Quays,Food court,,1,,,,openstreetmap,,omdhotdogs,https://www.openstreetmap.org/way/975368055
https://oldspikeroastery.com/,own site,Old Spike,Southwark,Elephant and Castle,Cafe,,2,,,,openstreetmap,,,https://www.openstreetmap.org/node/11028458953
https://ristoranteolivelli.co.uk/locations/dulwich,own site,Olivelli,Southwark,East Dulwich,Italian,dulwich@ristoranteolivelli.co.uk,1,,127 Lordship Lane,SE22 8HU,openstreetmap,,,https://www.openstreetmap.org/way/61886876
https://www.olleys.info/,own site,Olley's Fish Experience,Southwark,Herne Hill,Seafood,olleys@olleys.info,1,+44 20 8671 8259,65 Norwood Road,SE24 9AA,openstreetmap,,,https://www.openstreetmap.org/way/177113754
https://www.oma.london/,own site,Oma,Southwark,Southwark,Greek,hello@oma.london,1,+44 20 8129 6760,2-4 Bedale Street,SE1 9AL,openstreetmap,,,https://www.openstreetmap.org/node/12477919501
https://omgitsgreek.co.uk/,"own site (found by name, postcode verified)",Omg its greek ltd,Southwark,Southwark,Greek,info@omgitsgreek.co.uk,1,,"88a, Tooley Street",SE1 2TF,food standards agency,,,https://ratings.food.gov.uk/business/1900441
https://www.optionscuisinelondon.com/,"own site (found by name, postcode verified)",Options Cuisine,Southwark,Bermondsey,Restaurant,info@optionscuisinelondon.com,1,,207 Old Kent Road,SE1 5NA,openstreetmap,,,https://www.openstreetmap.org/node/13652446974
https://orbitbeers.com/pages/taproom,own site,Orbit Beers Brewery Tap Room,Southwark,Walworth,BBQ; Burger; Mexican; Pub,taproom@booking.com,1,,Fielding Street,SE17 3HD,openstreetmap,,,https://www.openstreetmap.org/node/3493582134
https://www.origincoffee.co.uk/pages/origin-coffee-scoresby-street,own site,Origin,Southwark,Southwark,Bakery; Breakfast,info@origincoffee.co.uk,1,+4420 7928 3057,84 Scoresby Street,SE1 0XN,openstreetmap,,,https://www.openstreetmap.org/node/10237785509
https://www.ortusevents.com/about-us/cafe-at-the-ortus/,own site,ORTUS Cafe,Southwark,Denmark Hill,Cafe,,1,,82-96 Grove Lane,SE5 8SN,openstreetmap,,,https://www.openstreetmap.org/node/5012376273
https://www.oruspace.co/,own site,Oru Space,Southwark,East Dulwich,Cafe,hello@oruspace.co,1,,20-22 Lordship Lane,SE22 8HN,openstreetmap,,,https://www.openstreetmap.org/way/62222848
https://www.oshpaz.co.uk/,"own site (found by name, postcode verified)",Oshpaz,Southwark,Elephant and Castle,Takeaway,reservations@oshpaz.co.uk,2,,"42, Newington Causeway",SE1 6DR,food standards agency,,,https://ratings.food.gov.uk/business/1213664
https://www.oxbobankside.co.uk/,own site,Oxbo,Southwark,Southwark,Restaurant,info@oxbobankside.co.uk,1,+44 20 7593 3900,6-8 Great Suffolk Street,SE1 0UG,openstreetmap,,,https://www.openstreetmap.org/node/5344783291
https://www.pacifictavern.co.uk/,own site,Pacific Tavern,Southwark,Rotherhithe,Seafood; Steak,bookings@pacifictavern.co.uk,1,,100 Redriff Road,SE16 7LH,openstreetmap,,,https://www.openstreetmap.org/way/259277099
https://padella.co/,own site,Padella,Southwark,Southwark,Italian,,1,,6 Southwark Street,SE1 1TQ,openstreetmap,,,https://www.openstreetmap.org/node/14181043755
https://paladarlondon.com/,"own site (found by name, postcode verified)",Paladar,Southwark,Elephant and Castle,Restaurant,reservations@paladarlondon.com,1,,"4,5 London Road",SE1 6JZ,openstreetmap,,,https://www.openstreetmap.org/node/11753693669
https://www.pandacup.co.uk/,"own site (found by name, postcode verified)",Pandacup,Southwark,Southwark,Takeaway,,1,,"27, Blackfriars Road",SE1 8NY,food standards agency,,,https://ratings.food.gov.uk/business/1623974
https://www.papajohns.co.uk/stores/london-elephant-and-castle,own site,Papa John's,Southwark,Elephant and Castle,Pizza,,1,+44 20 7407 3737,193 New Kent Road,SE1 4AG,openstreetmap,,,https://www.openstreetmap.org/node/442330107
https://www.papajohns.co.uk/stores/tower-bridge,own site,Papa John's,Southwark,Bermondsey,Pizza,,1,+44 20 7407 4077,168a Tower Bridge Road,SE1 3LS,openstreetmap,,,https://www.openstreetmap.org/node/2483449806
https://parksedgebarandkitchen.com/,own site,Park's Edge,Southwark,Herne Hill,Restaurant,info@parksedgebnk.com,1,+44 20 8671 0306,49-51 Norwood Road,SE24 9AA,openstreetmap,,,https://www.openstreetmap.org/way/177113738
https://passagetoindialondon.co.uk/,"own site (found by name, postcode verified)",Passage to India,Southwark,Surrey Quays,Indian,,1,+44 20 7237 9537,7 Plough Way,SE16 2LS,openstreetmap,,,https://www.openstreetmap.org/node/9489997844
https://www.instagram.com/patty_island_,own site,Patty Island,Southwark,Camberwell,Restaurant,,1,+44 20 7701 1555,40 Camberwell Church Street,SE5 8QZ,openstreetmap,,,https://www.openstreetmap.org/node/12572448562
https://www.peachygoat.com/,own site,Peachy Goat,Southwark,Herne Hill,Cafe,,1,,16 Half Moon Lane,SE24 9HU,openstreetmap,,,https://www.openstreetmap.org/way/126610381
https://www.peckhambazaar.com/,own site,Peckham Bazaar,Southwark,Peckham,Greek,reservations@peckhambazaar.com,1,,119 Consort Road,SE15 3RU,openstreetmap,,,https://www.openstreetmap.org/node/2541768433
https://www.thepeckhampelican.co.uk/,own site,Peckham Pelican,Southwark,Peckham,Cafe,,1,,92 Peckham Road,SE15 5PY,openstreetmap,,,https://www.openstreetmap.org/node/976905890
https://www.pedlerpeckhamrye.com/,own site,Pedler,Southwark,Peckham,Restaurant,,1,,58 Peckham Rye,SE15 4JR,openstreetmap,,,https://www.openstreetmap.org/node/12569551436
https://foratasteofpersia.co.uk/,own site,Persepolis,Southwark,Peckham,Restaurant,,1,+44 20 7639 8007,30 Peckham High Street,SE15 5DT,openstreetmap,100063848460933,persepolis_peckham,https://www.openstreetmap.org/way/73423367
https://pechemignonlondres.com/password,"own site (found by name, postcode verified)",Peche mignon londres,Southwark,East Dulwich,Restaurant,,1,,"116a, Lordship Lane",SE22 8HD,food standards agency,,,https://ratings.food.gov.uk/business/1979993
https://pimentohill.co.uk/,"own site (found by name, postcode verified)",Pimento hill,Southwark,Southwark,Takeaway,info@pimentohill.co.uk,1,,"Unit 19 Three Crown Square Borough Market, 8, Southwark Street",SE1 1TL,food standards agency,,,https://ratings.food.gov.uk/business/1913553
https://pique-nique.co.uk/,"own site (found by name, postcode verified)",Pique nique,Southwark,Bermondsey,Restaurant,,2,,"32, Tanner Street",SE1 3LD,food standards agency,,,https://ratings.food.gov.uk/business/1020251
https://www.pizza1889.com/locations/surrey-quays/,own site,Pizza 1889,Southwark,Surrey Quays,Italian; Pizza,surreyquays@pizza1889.com,1,,,SE16 7LL,openstreetmap,,,https://www.openstreetmap.org/node/12321431474
https://www.pizzagogo.co.uk/stores/dulwich,own site,Pizza GoGo,Southwark,East Dulwich,Pizza,,1,+44 20 8299 1123,77 East Dulwich Grove,SE22 8PR,openstreetmap,,,https://www.openstreetmap.org/way/98341202
https://www.pizzahut.co.uk/huts/uk-1/1006-surrey-quays/,own site,Pizza Hut Delivery,Southwark,Surrey Quays,Pizza,,1,+44 20 7998 3052,19 Plough Way,SE16 2LS,openstreetmap,,,https://www.openstreetmap.org/node/1175682006
https://www.pizzapilgrims.co.uk/pizzerias/london-bridge/,own site,Pizza Pilgrims,Southwark,Southwark,Pizza,events@pizzapilgrims.co.uk,1,,Bermondsey Street,,openstreetmap,,,https://www.openstreetmap.org/node/9960441423
https://www.pizzaexpress.com/london-bankside,own site,PizzaExpress,Southwark,Bankside,Pizza,,1,,24 New Globe Walk,SE1 9DS,openstreetmap,,,https://www.openstreetmap.org/node/296491141
https://www.pizzaexpress.com/london-tower-bridge,own site,PizzaExpress,Southwark,Bermondsey,Pizza,,1,,31 Shad Thames,SE1 2YR,openstreetmap,,,https://www.openstreetmap.org/node/4375911108
https://www.pizzaexpress.com/dulwich-village,own site,PizzaExpress,Southwark,Dulwich Village,Pizza,,1,,94 Dulwich Village,SE21 7AQ,openstreetmap,,,https://www.openstreetmap.org/node/4818237820
https://www.pizzaexpress.com/london-london-bridge,own site,PizzaExpress,Southwark,Bankside,Pizza,,1,,Montague Close,,openstreetmap,,,https://www.openstreetmap.org/way/671492062
https://www.plantsofroselyn.com/,own site,Plants of Roselyn,Southwark,Southwark,Asian,hello@plantsofroselyn.com,1,+44 20 7357 6381,102 Tooley Street,SE1 2TH,openstreetmap,https://www.facebook.com/plantsofroselyn,http://www.instagram.com/plantsofroselyn,https://www.openstreetmap.org/way/90376674
https://portersbarbers.co.uk/,own site,Porters Barber & Barista,Southwark,Dulwich Village,Cafe,info@portersbarbers.co.uk,1,+44 20 8693 1818,,,openstreetmap,,,https://www.openstreetmap.org/node/4818237776
https://www.poulet.biz/,own site,Poulet,Southwark,Bermondsey,Restaurant,info@poulet.biz,1,,37 Maltby Street,SE1 3PA,openstreetmap,,,https://www.openstreetmap.org/node/10087563071
https://locations.pret.co.uk/london/58-60-stamford-street,own site,Pret A Manger,Southwark,Southwark,Deli,,1,,58-60 Stamford Street,SE1 9LX,openstreetmap,,,https://www.openstreetmap.org/node/268430894
https://locations.pret.co.uk/london/40-stoney-street,own site,Pret A Manger,Southwark,Bankside,Deli,,1,,40 Stoney Street,SE1 9LB,openstreetmap,,,https://www.openstreetmap.org/node/567814235
https://locations.pret.co.uk/london/unit-4-22-elephant-castle,own site,Pret A Manger,Southwark,Elephant and Castle,Deli,,1,,22,SE1 6SQ,openstreetmap,,,https://www.openstreetmap.org/node/6283507763
https://locations.pret.co.uk/london/51-borough-high-street,own site,Pret A Manger,Southwark,Southwark,Deli,,1,,51 Borough High Street,SE1 1NB,openstreetmap,,,https://www.openstreetmap.org/node/14181043745
https://locations.pret.co.uk/london/167-borough-high-street,own site,Pret A Manger,Southwark,Southwark,Deli,,1,+44 20 7357 6772,167 Borough High Street,SE1 1HR,openstreetmap,,,https://www.openstreetmap.org/way/100799861
https://locations.pret.co.uk/london/2-canvey-street,own site,Pret A Manger,Southwark,Southwark,Deli,,1,,2 Canvey Street,SE1 9AN,openstreetmap,,,https://www.openstreetmap.org/way/810617520
https://princealbertpub.co.uk/,"own site (found by name, postcode verified)",Prince Albert,Southwark,Peckham,Pub,wweeiihhuuaanngg@gmail.com,1,,111 Bellenden Road,SE15 4QY,openstreetmap,,,https://www.openstreetmap.org/way/73046057
https://princeofpeckham.co.uk/,own site,Prince of Peckham,Southwark,Peckham,Pub,chattypatty@princeofpeckham.co.uk,1,+44 20 7635 8844,1 Clayton Road,SE15 5JA,openstreetmap,,,https://www.openstreetmap.org/way/35428104
https://www.facebook.com/prince.of.wales.se1,facebook,Prince of Wales,Southwark,Elephant and Castle,Pub,,1,,51 St George's Road,SE1 6ER,openstreetmap,prince.of.wales.se1,prince.of.wales.se1,https://www.openstreetmap.org/node/264790279
https://www.proseccohouse.com/,"own site (found by name, postcode verified)",Prosecco house,Southwark,Bermondsey,Pub,info@proseccohouse.com,1,,"1, Crown Square",SE1 2SE,food standards agency,,,https://ratings.food.gov.uk/business/1158686
https://pyrorestaurant.co.uk/,own site,Pyro,Southwark,Southwark,Greek,,1,,53b Southwark Street,SE1 1RU,openstreetmap,,,https://www.openstreetmap.org/node/14048795301
https://www.qasioun.co.uk/,"own site (found by name, postcode verified)",Qasioun,Southwark,Bermondsey,Restaurant,,1,,"211, Grange Road",SE1 3AA,food standards agency,,,https://ratings.food.gov.uk/business/771207
http://raodeli.com,own site,Rao Deli,Southwark,Elephant and Castle,Asian; Deli,raodelishop@gmail.com,1,+44 20 7407 4002,304 Borough High Street,,openstreetmap,,,https://www.openstreetmap.org/node/13699362603
https://redashpizza.com/,"own site (found by name, postcode verified)",Red ash pizza,Southwark,Surrey Quays,Pizza,,1,,"208, Rotherhithe New Road",SE16 3EH,food standards agency,,,https://ratings.food.gov.uk/business/1748050
https://redemptionroasters.com/pages/locations,own site,Redemption,Southwark,Dulwich Village,Cafe,,1,,29 Dulwich Village,SE21 7BN,openstreetmap,,,https://www.openstreetmap.org/node/4818149171
https://redwoodsportspub.com/,own site,Redwood Sports Pub & Kitchen,Southwark,Southwark,Restaurant,info@redwoodsportspub.com,1,+44 20 3740 4885,London Bridge Station,,openstreetmap,,,https://www.openstreetmap.org/node/7699150385
https://reemlebaneserestaurant.com/,"own site (found by name, postcode verified)",Reem lebanese restaurant,Southwark,Camberwell,Restaurant,contact@reemlebaneserestaurant.com,1,,"55, Denmark Hill",SE5 8RS,food standards agency,,,https://ratings.food.gov.uk/business/775223
https://restaurantstory.co.uk/,own site,Restaurant Story,Southwark,Bermondsey,Restaurant,dine@restaurantstory.co.uk,1,,199 Tooley Street,SE1 2JX,openstreetmap,,,https://www.openstreetmap.org/way/60273948
https://riseandbloom.co.uk/,"own site (found by name, postcode verified)",Rise and Bloom,Southwark,East Dulwich,Cafe,,1,,44 Barry Road,SE22 0HU,openstreetmap,,,https://www.openstreetmap.org/way/58640869
https://www.roast-restaurant.com/,own site,Roast Restaurant,Southwark,Southwark,Restaurant,info@roast-restaurant.com,1,+44 20 3371 3120,Stoney Street,SE1 1TL,openstreetmap,,,https://www.openstreetmap.org/node/597342965
https://rosesfishbar.com/,"own site (found by name, postcode verified)",Rose's fish bar,Southwark,East Dulwich,Seafood,,1,,"46, East Dulwich Road",SE22 9AX,food standards agency,,,https://ratings.food.gov.uk/business/1743031
https://www.rpgtaverns.com/,"own site (found by name, postcode verified)",Rpg taverns,Southwark,Elephant and Castle,Pub,info@rpgtaverns.com,1,,"16, Harper Road",SE1 6AD,food standards agency,,,https://ratings.food.gov.uk/business/1761577
https://www.sabacafe.co.uk/,"own site (found by name, postcode verified)",Saba Cafe,Southwark,Elephant and Castle,Cafe,,1,,152 Old Kent Road,SE1 5TY,openstreetmap,,,https://www.openstreetmap.org/node/13615181849
https://www.thelouies.co.uk/saint-louie,own site,Saint Louie,Southwark,Walworth,Bakery,,1,,Liverpool Grove,,openstreetmap,,,https://www.openstreetmap.org/node/13690444102
https://www.greeneking.co.uk/pubs/greater-london/salt-quay,own site,Salt Quay,Southwark,Rotherhithe,Pub,,1,,163 Rotherhithe Street,SE16 5QU,openstreetmap,,,https://www.openstreetmap.org/way/392465039
https://www.saltyardgroup.co.uk/restaurants/salt-yard-borough,own site,Salt Yard,Southwark,Southwark,Restaurant,,1,,Winchester Walk,SE1 9AG,openstreetmap,,,https://www.openstreetmap.org/node/13665646120
https://saltenasmartin.co.uk/,"own site (found by name, postcode verified)",Saltenas martin,Southwark,Bermondsey,Restaurant,,2,,"214, Old Kent Road",SE1 5TY,food standards agency,,,https://ratings.food.gov.uk/business/1634034
https://samskebab.co.uk/,"own site (found by name, postcode verified)",Sam's Kebab,Southwark,Peckham,Burger,info@samskebab.co.uk,1,,163 Bellenden Road,SE15 4DH,openstreetmap,,,https://www.openstreetmap.org/way/73045798
https://www.samabankside.co.uk/,own site,Sama,Southwark,Southwark,Bar,info@sambabankside.co.uk,2,+44 20 3904 6760;+44 7968 828 504,3 Robinson Road,SE1 8BU,openstreetmap,,,https://www.openstreetmap.org/node/5121352970
https://sammysbistro.co.uk/,own site,Sammy's,Southwark,Surrey Quays,Italian; Pizza,book@sammysbistro.co.uk,1,+442072318777,126 Lower Road,SE16 2UE,openstreetmap,https://www.facebook.com/sammysbistrolondon/,,https://www.openstreetmap.org/node/12676651706
https://santanata.com/,own site,Santa Nata,Southwark,Southwark,Bakery,,2,,19 Dirty Lane,SE1 9PA,openstreetmap,,,https://www.openstreetmap.org/node/11557826354
https://www.coffeeandcroissant.com/,own site,SAPHI,Southwark,Denmark Hill,Breakfast,hello@coffeeandcroissant.com,1,,Windsor Walk,SE5 8BB,openstreetmap,,,https://www.openstreetmap.org/node/12650039075
https://www.sentosarestaurant.com/,"own site (found by name, postcode verified)",Sentosa,Southwark,Bermondsey,Restaurant,sentosa.r208@gmail.com,1,,"208, Bermondsey Street",SE1 3TQ,food standards agency,,,https://ratings.food.gov.uk/business/1714783
https://shawarmahut.uk/,own site,Shawarma Hut,Southwark,Walworth,Burger,,1,+44 20 7703 3991,292 Walworth Road,SE17 2TE,openstreetmap,ShawarmaHUT.uk,shawarmahutltd,https://www.openstreetmap.org/node/11898555070
https://www.silka.co.uk/,own site,Silka,Southwark,Southwark,Indian,,1,+44 20 7378 6161,6-8 Southwark Street,SE1 1TL,openstreetmap,,,https://www.openstreetmap.org/node/4781209342
https://www.simonthetanner.co.uk/,own site,Simon the Tanner,Southwark,Elephant and Castle,Pub,simon@simonthetanner.co.uk,1,+44 20 7357 8740,231 Long Lane,SE1 4PR,openstreetmap,,,https://www.openstreetmap.org/way/102403099
https://www.instagram.com/simorgh_se22,own site,Simorgh,Southwark,Dulwich Village,Restaurant,simorgh_se22@hotmail.com,1,+44 20 4642 7177,481 Lordship Lane,SE22 8JY,openstreetmap,,Simorgh_SE22,https://www.openstreetmap.org/node/4354425004
https://simplyindianlondon.co.uk/,"own site (found by name, postcode verified)",Simply Indian,Southwark,Southwark,Indian,,1,,25 Tabard Street,SE1 4LA,openstreetmap,,,https://www.openstreetmap.org/node/287453551
https://sixescricket.com/location/london-bridge,own site,Sixes Social Cricket,Southwark,Southwark,Pub,,1,+44 204 531 2000,46-50 Bermondsey Street,SE1 3UD,openstreetmap,,,https://www.openstreetmap.org/way/101328284
https://smashingplates.uk/,own site,Smashing Plates,Southwark,Southwark,Greek,opa@smashingplates.uk,1,,,,openstreetmap,,,https://www.openstreetmap.org/node/10225863102
https://www.so-noodle.co.uk/,"own site (found by name, postcode verified)",So noodle,Southwark,Southwark,Restaurant,,1,,"134, Southwark Street",SE1 0SW,food standards agency,,,https://ratings.food.gov.uk/business/1025493
https://www.sollip.co.uk/,"own site (found by name, postcode verified)",Sollip,Southwark,Southwark,Restaurant,info@sollip.co.uk,1,,"Unit 1, 8, Melior Street",SE1 3QP,food standards agency,,,https://ratings.food.gov.uk/business/1242048
https://sourleafcafe.co.uk,own site,Sour Leaf Cafe,Southwark,Walworth,Breakfast,hello@sourleafcafe.co.uk,1,,21a Westmoreland Road,SE17 2AX,openstreetmap,,,https://www.openstreetmap.org/node/12612471544
https://saintlouie.london/south-london-louie-2/,own site,South London Louie,Southwark,Camberwell,Breakfast,,1,,67 Peckham Road,SE5 8UH,openstreetmap,,,https://www.openstreetmap.org/way/167572154
https://www.southwarkbrewing.co.uk/,own site,Southwark Brewing,Southwark,Bermondsey,Pub,info@southwarkbrewing.co.uk,1,,46 Druid Street,SE1 2EZ,openstreetmap,,,https://www.openstreetmap.org/node/4470034364
https://www.thesouthwarktavern.co.uk/,own site,Southwark Tavern,Southwark,Southwark,Pub,,1,,22 Southwark Street,SE1 1TU,openstreetmap,,,https://www.openstreetmap.org/node/14181043765
https://spicecafe.uk/,"own site (found by name, postcode verified)",Spice Cafe,Southwark,Camberwell,Cafe,contact@spicecafe.uk,1,,344 Camberwell New Road,SE5 0RW,openstreetmap,,,https://www.openstreetmap.org/node/12186538145
https://www.spinach.london/,"own site (found by name, postcode verified)",Spinach,Southwark,East Dulwich,Restaurant,info@spinach.london,1,+44 20 8299 3344,161 Lordship Lane,SE22 8HX,openstreetmap,,,https://www.openstreetmap.org/way/61886891
https://www.spitandsawdust.pub/,own site,Spit and Sawdust,Southwark,Elephant and Castle,Pub,,1,,21 Bartholomew Street,SE1 4AL,openstreetmap,,,https://www.openstreetmap.org/node/587850226
https://www.spizza.uk/,"own site (found by name, postcode verified)",Spizza,Southwark,Southwark,Halal; Pizza,info@spizza.uk,1,,4-6 London Bridge Street,SE1 9SG,openstreetmap,,,https://www.openstreetmap.org/node/10119814270
https://www.spud-hut.com/,"own site (found by name, postcode verified)",Spud-hut,Southwark,Southwark,Takeaway,info@spud-hut.com,1,,"1, Duke Street Hill",SE1 2SW,food standards agency,,,https://ratings.food.gov.uk/business/1813234
https://www.st-christophers.co.uk/,own site,St Christopher's Inn,Southwark,Southwark,Pub,,1,,121 Borough High Street,SE1 1NP,openstreetmap,,,https://www.openstreetmap.org/way/90830735
https://www.starbucks.com/store-locator/store/2817/borough-high-street-borough-st-223-227-borough-high-street-london-eng-se-1-1-jd-g,own site,Starbucks,Southwark,Southwark,Breakfast,press@starbucks.com,1,,223-237 Borough High Street,SE1 1JD,openstreetmap,,,https://www.openstreetmap.org/node/4506509266
https://www.starbucks.com/store-locator/store/1020613/london-bridge-ssp-tooley-stree-54-tooley-street-london-bridge-eng-se-1-9-sp-gb,own site,Starbucks,Southwark,Southwark,Breakfast,press@starbucks.com,1,,54 Tooley Street,,openstreetmap,,,https://www.openstreetmap.org/node/9961024708
https://www.starbucks.com/store-locator/store/2843/surrey-quays-shopping-ctr-gr-13-15-surrey-quays-unit-b-london-eng-se-16-7-ll-gb,own site,Starbucks,Southwark,Surrey Quays,Breakfast,press@starbucks.com,1,,7-9 Redriff Road,SE16 7LL,openstreetmap,,,https://www.openstreetmap.org/node/10745161076
https://www.starbucks.com/store-locator/store/2889/dulwich-sainsburys-80-dog-kennel-hill-london-eng-se-22-8-aa-gb,own site,Starbucks,Southwark,Denmark Hill,Breakfast,press@starbucks.com,1,,,,openstreetmap,,,https://www.openstreetmap.org/way/433225934
https://www.starbucks.com/store-locator/store/12223-38279/south-bank-globe-new-globe-walk-emerson-street-unit-1-3-benbow-hous,own site,Starbucks,Southwark,Bankside,Breakfast,press@starbucks.com,1,,24 New Globe Walk,SE1 9DR,openstreetmap,,,https://www.openstreetmap.org/way/810225021
https://www.starbucks.com/store-locator/store/12663-103506/the-gallery-bankside-the-gallery-unit-r-1-bankside-1-southwark-eng-se-1,own site,Starbucks,Southwark,Southwark,Breakfast,press@starbucks.com,1,,,,openstreetmap,,,https://www.openstreetmap.org/way/810617544
https://www.instagram.com/stephanies_se21,instagram,Stephanie’s,Southwark,Dulwich,Cafe,,1,+447734396371,,,openstreetmap,,stephanies_se21,https://www.openstreetmap.org/node/14080392301
https://stompinggrounds.dance/,own site,Stomping Grounds,Southwark,Camberwell,Cafe,info@stompinggrounds.dance,1,+44 20 7252 6556,,SE5 0RJ,openstreetmap,,,https://www.openstreetmap.org/way/172542836
https://stormbirdcamberwell.com,own site,Stormbird,Southwark,Camberwell,Pub,starandgarterbromley@gmail.com,1,,25 Camberwell Church Street,SE5 8TR,openstreetmap,,,https://www.openstreetmap.org/node/12572448581
https://restaurants.subway.com/united-kingdom/en/london/242-walworth-road,own site,Subway,Southwark,Walworth,Deli,,1,,242 Walworth Road,SE17 1JE,openstreetmap,,,https://www.openstreetmap.org/node/322981769
https://restaurants.subway.com/united-kingdom/en/london/15-london-road,own site,Subway,Southwark,Elephant and Castle,Deli,,1,,15 London Road,SE1 6JZ,openstreetmap,,,https://www.openstreetmap.org/node/4409665813
https://restaurants.subway.com/united-kingdom/en/london/76-78-denmark-hill,own site,Subway,Southwark,Camberwell,Deli,,1,,76-78 Denmark Hill,SE5 8RZ,openstreetmap,,,https://www.openstreetmap.org/node/12572476225
https://restaurants.subway.com/united-kingdom/en/london/65-borough-high-street,own site,Subway,Southwark,Southwark,Deli,,1,,65 Borough High Street,SE1 1NF,openstreetmap,,,https://www.openstreetmap.org/node/14181043739
https://restaurants.subway.com/united-kingdom/en/london/1-central-buildings-ground,own site,Subway,Southwark,Peckham,Deli,,1,,1 Rye Lane,SE15 5DW,openstreetmap,,,https://www.openstreetmap.org/way/73416672
https://sushimomoda.com/,own site,Sushi Momoda,Southwark,Surrey Quays,Asian; Sushi,sushimomodasurreyquays@gmail.com,1,,Redriff Road,SE16 7LL,openstreetmap,,,https://www.openstreetmap.org/node/13147580026
https://tacnfood.com/,"own site (found by name, postcode verified)",Tacn ltd,Southwark,Camberwell,Takeaway,,1,,"163b, Southampton Way",SE5 7EJ,food standards agency,,,https://ratings.food.gov.uk/business/1719545
https://tapete.co.uk/contact/,own site,Tapete,Southwark,Denmark Hill,Spanish,,1,+44 20 7737 1888,119 Grove Lane,SE5 8BG,openstreetmap,,,https://www.openstreetmap.org/node/11179149146
https://www.tasrestaurants.co.uk/tas-the-cut,own site,TAS,Southwark,Southwark,Restaurant,,1,+44 20 7928 2111;+44 20 8928 1444,33 The Cut,SE1 8LF,openstreetmap,,,https://www.openstreetmap.org/node/13116959720
https://www.tasrestaurants.co.uk/tas-pide/,own site,Tas,Southwark,Bankside,Restaurant,,1,,20-22 New Globe Walk,SE1 9DR,openstreetmap,,,https://www.openstreetmap.org/way/810225020
https://www.tastyjerk.co.uk/,own site,Tasty Jerk,Southwark,Elephant and Castle,Restaurant,tastyjerk152024@outlook.com,1,+44 20 7358 5329,15b Sayer Street,SE17 1FY,openstreetmap,,,https://www.openstreetmap.org/node/7856335286
https://tavarakh.com/,"own site (found by name, postcode verified)",Tava rakh,Southwark,Peckham,Takeaway,,1,,"Tc2 Copeland Park, 133, Copeland Road",SE15 3SN,food standards agency,,,https://ratings.food.gov.uk/business/1965212
https://terryscafe.co.uk/,"own site (found by name, postcode verified)",Terry's Cafe,Southwark,Southwark,Cafe,info@terryscafe.co.uk,1,,"156;156,158 Great Suffolk Street",SE1 1PE,openstreetmap,,,https://www.openstreetmap.org/node/908419945
https://texas-joes.com/,own site,Texas Joe's Slow Smoked Meats,Southwark,Southwark,Steak,howdy@texas-joes.com,1,+44 20 3759 7355,8-9 Snowsfields,SE1 3SU,openstreetmap,,,https://www.openstreetmap.org/node/5253890621
https://www.emberinns.co.uk/nationalsearch/london/the-alleyns-head-west-dulwich,own site,The Alleyn's Head,Southwark,West Dulwich,Pub,,1,+44 20 8670 6540,Park Hall Road,SE21 8BW,openstreetmap,,,https://www.openstreetmap.org/way/524304727
https://www.greeneking.co.uk/pubs/greater-london/anchor-bankside,own site,The Anchor,Southwark,Bankside,Pub,,1,,34 Bank End,SE1 9EF,openstreetmap,,,https://www.openstreetmap.org/way/82770817
https://www.angeloakpeckham.com/,own site,The Angel Oak,Southwark,Nunhead,Pub,,1,+44 20 7639 5397,29-31 Peckham Rye,SE15 3NX,openstreetmap,https://www.facebook.com/AngelOakSE15,https://www.instagram.com/AngelOakSE15,https://www.openstreetmap.org/way/79220804
https://thebarnse16.co.uk/,own site,The Barn,Southwark,Rotherhithe,Bakery; Breakfast; Deli,,1,,,,openstreetmap,,,https://www.openstreetmap.org/way/1434324315
https://www.thebarrelproject.co.uk,own site,The Barrel Project,Southwark,Bermondsey,Pub,info@thebarrelproject.co.uk,1,+44 20 7394 6763,80 Druid Street,SE1 2HQ,openstreetmap,,,https://www.openstreetmap.org/node/7398105829
https://www.barrowboy-and-banker.co.uk/,own site,The Barrowboy & Banker,Southwark,Bankside,Pub,,1,+44 20 7403 5415,6-8 Borough High Street,SE1 9QQ,openstreetmap,,,https://www.openstreetmap.org/way/82770796
https://www.thebeershoplondon.co.uk/,own site,The Beer Shop,Southwark,Nunhead,Pub,,1,,40 Nunhead Green,SE15 3QF,openstreetmap,https://www.facebook.com/beershoplondon,,https://www.openstreetmap.org/way/1095462380
https://www.thebeggingbowl.co.uk/,own site,The Beggin' Bowl,Southwark,Peckham,Asian,reservations@thebeggingbowl.co.uk,2,,168 Bellenden Road,SE15 4BW,openstreetmap,,,https://www.openstreetmap.org/way/74134111
https://www.theblackpigsandwiches.co.uk/,own site,The Black Pig,Southwark,Southwark,Cafe,,1,,Borough Market Kitchen Winchester Walk,SE1 9AG,openstreetmap,,,https://www.openstreetmap.org/node/9764354230
https://www.thebluemaid.com/,own site,The Blue Maid,Southwark,Southwark,Pub,hello@thebluemaid.com,1,+442030074376,173 Borough High Street,SE1 1HR,openstreetmap,,,https://www.openstreetmap.org/node/12814480101
https://www.boroughfoodcooperative.co.uk/,"own site (found by name, postcode verified)",The borough food co-operative,Southwark,Southwark,Restaurant,,1,,"St George The Martyr C Of E Church, Borough High Street",SE1 1JA,food standards agency,,,https://ratings.food.gov.uk/business/1267958
https://www.crafted-social.co.uk/bridge-tap-borough-high-street,own site,The Bridge Tap,Southwark,Southwark,Pub,,1,,,,openstreetmap,,,https://www.openstreetmap.org/node/14181043760
https://www.bridgetheatre.co.uk/,"own site (found by name, postcode verified)",The bridge theatre,Southwark,Bermondsey,Pub,info@bridgetheatre.co.uk,1,,"3 Potters Fields Park, Potters Fields",SE1 2SG,food standards agency,,,https://ratings.food.gov.uk/business/1210952
https://thecamberwellarms.co.uk/,own site,The Camberwell Arms,Southwark,Camberwell,Pub,enquiries@thecamberwellarms.co.uk,1,,65 Camberwell Church Street,SE5 8TR,openstreetmap,,,https://www.openstreetmap.org/node/12572476260
https://thecherrytreedulwich.co.uk/,own site,The Cherry Tree,Southwark,East Dulwich,Pub,,1,,31-33 Grove Vale,SE22 8EQ,openstreetmap,,,https://www.openstreetmap.org/way/72247006
https://www.thecinnamontreebakery.co.uk/,own site,The Cinnamon Tree Bakery,Southwark,Peckham,Bakery,andy@thecinnamontreebakery.co.uk,1,,14 Peckham High Street,SE15 5DT,openstreetmap,,,https://www.openstreetmap.org/way/73423369
https://coalshed-restaurant.co.uk/london/,own site,The Coal Shed,Southwark,Bermondsey,Steak,towerbridge@coalshed-restaurant.co.uk,1,,4 Crown Square,SE1 2SE,openstreetmap,,,https://www.openstreetmap.org/node/5924359472
https://thecolbyarms.co.uk/,own site (Wikidata),The Colby Arms,Southwark,West Dulwich,Pub,,1,,132 Gipsy Hill,SE19 1PW,openstreetmap,,,https://www.openstreetmap.org/way/297712176
https://www.facebook.com/thecrownblackfriars,facebook,The Crown,Southwark,Southwark,Pub,thecrown@queenswayrm.co.uk,1,+44 20 7928 3418,108 Blackfriars Road,SE1 8HW,openstreetmap,thecrownblackfriars,,https://www.openstreetmap.org/way/33893568
https://www.colicci.co.uk/dulwich-clock-cafe,own site,The Dulwich Clock Cafe,Southwark,Dulwich,Breakfast,dulwich@colicci.co.uk,1,+44 208 299 0643,College Road,SE21 7BQ,openstreetmap,,,https://www.openstreetmap.org/way/32853649
https://www.electricelephantcafe.co.uk/,own site,The Electric Elephant Cafe & Gallery,Southwark,Elephant and Castle,Cafe,,1,,186a Crampton Street,SE17 3AE,openstreetmap,https://www.facebook.com/23380689783,,https://www.openstreetmap.org/node/1344428619
https://elephantandcastlepub.com/,own site,The Elephant and Castle,Southwark,Elephant and Castle,Pub,elephant@anticlondon.com,1,+44 20 7403 8124,119 Newington Causeway,SE1 6BN,openstreetmap,elephancastle,elephantcastlepub,https://www.openstreetmap.org/node/4564380187
https://theflygerians.com/,"own site (found by name, postcode verified)",The flygerians,Southwark,Peckham,Restaurant,,2,,"Unit 14 Peckham Palms Arcade, Bournemouth Close",SE15 4PB,food standards agency,,,https://ratings.food.gov.uk/business/1485891
https://www.flyingdutchmanlondon.com/,own site,The Flying Dutchman,Southwark,Camberwell,Pub,,1,,156 Wells Way,SE5 7SY,openstreetmap,,,https://www.openstreetmap.org/node/3892264316
https://www.foundersarms.co.uk/,own site,The Founders Arms,Southwark,Bankside,Pub,,1,+44 20 7928 1899,52 Hopton Street,SE1 9JH,openstreetmap,,,https://www.openstreetmap.org/way/77755297
https://www.urbanpubsandbars.com/venues/fountain-ink,"own site (found by name, postcode verified)",The Fountain & Ink,Southwark,Southwark,Pub,events@urbanpubsandbars.com,1,,52 Stamford Street,SE1 9LX,openstreetmap,,,https://www.openstreetmap.org/node/268430691
https://www.jdwetherspoon.com/pubs/all-pubs/england/london/the-fox-on-the-hill-camberwell,own site,The Fox on the Hill,Southwark,Denmark Hill,Pub,,1,,149-153 Denmark Hill,SE5 8EH,openstreetmap,,,https://www.openstreetmap.org/way/80823095
http://www.thegarrison.co.uk,own site,The Garrison,Southwark,Bermondsey,Pub,garrison@youngs.co.uk,1,+44 20 7089 9355,99-101 Bermondsey Street,SE1 3XB,openstreetmap,,,https://www.openstreetmap.org/way/101328343
https://www.craftunionpubs.com/george-southwark,own site,The George,Southwark,Elephant and Castle,Pub,,1,,40 Tower Bridge Road,SE1 4TR,openstreetmap,,,https://www.openstreetmap.org/node/283218340
http://www.thegladpub.com/,own site (Wikidata),The Gladstone Arms,Southwark,Southwark,Pub,,1,,64 Lant Street,SE1 1QN,openstreetmap,,,https://www.openstreetmap.org/way/99929008
https://grangepub.co.uk/,"own site (found by name, postcode verified)",The grange,Southwark,Bermondsey,Pub,hello@grangepub.co.uk,1,,"The Grange, 103, Grange Road",SE1 3BW,food standards agency,,,https://ratings.food.gov.uk/business/702302
https://www.facebook.com/Thegreatexhibition,facebook,The Great Exhibition,Southwark,East Dulwich,Pub,hello@greatexhibition.pub,1,+44 20 8693 4968,193 Crystal Palace Road,SE22 9EP,openstreetmap,Thegreatexhibition,greatexhibit,https://www.openstreetmap.org/way/62325658
https://thegregorian.co.uk/,own site,The Gregorian,Southwark,Bermondsey,Pub,daniel@anticlondon.com,1,+44 20 7252 0449,96 Jamaica Road,,openstreetmap,,,https://www.openstreetmap.org/way/474345654
https://www.thegreyhound.uk,own site,The Greyhound,Southwark,Peckham,Pub,hello@thegreyhound.uk,1,+44 20 7639 2402,109 Peckham High Street,SE15 5SE,openstreetmap,,,https://www.openstreetmap.org/way/291700402
https://www.halfmoonhernehill.co.uk/,own site,The Half Moon,Southwark,Herne Hill,Pub,,1,,10 Half Moon Lane,SE24 9HU,openstreetmap,https://www.facebook.com/TheHalfMoonPub/,,https://www.openstreetmap.org/way/126610395
https://thehamandcheeseco.com/,own site,The Ham & Cheese Co.,Southwark,Bermondsey,Deli,info@thehamandcheeseco.com,1,,,,openstreetmap,,,https://www.openstreetmap.org/node/13149820912
http://www.thehernetavern.co.uk/,own site,The Herne Tavern,Southwark,East Dulwich,Pub,,1,,2 Forest Hill Road,SE22 0RR,openstreetmap,,,https://www.openstreetmap.org/way/161857848
https://peckhamhope.com/,own site,The Hope,Southwark,Peckham,Pub,,1,+44 20 7701 1113,3 Melon Road,SE15 5QW,openstreetmap,,,https://www.openstreetmap.org/node/3735026264
https://www.nicholsonspubs.co.uk/restaurants/london/thehornimanathayslondonbridge,own site,The Horniman,Southwark,Bankside,Pub,,1,+44 20 7407 1991,Counter Street,SE1 2HD,openstreetmap,,,https://www.openstreetmap.org/node/247957492
https://www.thehorseshoeinnpub.co.uk,own site,The Horseshoe Inn,Southwark,Southwark,Pub,info@thehorseshoeinnpub.co.uk,1,+44 20 7403 6364,26 Melior Street,SE1 3QP,openstreetmap,,,https://www.openstreetmap.org/way/102777880
https://theivytowerbridge.com/,own site,The Ivy,Southwark,Bermondsey,Restaurant,,1,+44 20 3146 7722,Tower Bridge Road,SE1 2SG,openstreetmap,,,https://www.openstreetmap.org/node/5210995810
http://ivyhousenunhead.com/,own site,The Ivy House,Southwark,Nunhead,Pub,events@ivyhousenunhead.com,1,+44 20 7277 8233,40 Stuart Road,SE15 3BE,openstreetmap,ivyhousenunhead,ivyhousenunhead,https://www.openstreetmap.org/way/243679451
https://www.jdwetherspoon.com/pubs/all-pubs/england/london/the-kentish-drovers-peckham,own site,The Kentish Drovers,Southwark,Peckham,Pub,,1,+44 20 7277 4283,71-79 Peckham High Street,SE15 5RS,openstreetmap,,,https://www.openstreetmap.org/way/65382138
https://thecrookedwell.com/,own site,The Kerfield Arms,Southwark,Camberwell,Pub,,1,,16 Grove Lane,SE5 8SY,openstreetmap,,,https://www.openstreetmap.org/node/1666149588
https://www.thelalit.com/the-lalit-london/,own site (Wikidata),The lalit london,Southwark,Bermondsey,Restaurant,london@thelalit.com,1,,"181, Tooley Street",SE1 2JR,food standards agency,,,https://ratings.food.gov.uk/business/1036891
https://thelasttalisman.com/,own site,The Last Talisman,Southwark,Bermondsey,Asian,info@thelasttalisman.com,1,+44 20 8189 9546,"171,173 Bermondsey Street",SE1 3UW,openstreetmap,,,https://www.openstreetmap.org/way/101358448
https://thelatinbros.com/,"own site (found by name, postcode verified)",The latin bros,Southwark,Bermondsey,Food truck,,1,,"Arch 46 Ropewalk, Maltby Street",SE1 3PA,food standards agency,,,https://ratings.food.gov.uk/business/1965201
https://thelibertine.co.uk/,"own site (found by name, postcode verified)",The Libertine,Southwark,Southwark,Pub,info@thelibertine.co.uk,1,,125 Great Suffolk Street,SE1 1PQ,openstreetmap,,,https://www.openstreetmap.org/way/100268281
https://www.greatukpubs.co.uk/lord-clyde-southwark,own site,The Lord Clyde,Southwark,Southwark,Pub,,1,,,,openstreetmap,,,https://www.openstreetmap.org/way/99869588
https://thelordshippub.co.uk/,own site,The Lordship Pub,Southwark,East Dulwich,Pub,,1,,211 Lordship Lane,SE22 8HA,openstreetmap,,,https://www.openstreetmap.org/way/74220865
https://www.madhatterhotel.co.uk/,own site,The Mad Hatter Hotel,Southwark,Southwark,Pub,madhatterhotel@fullers.co.uk,1,+44 20 7401 9222,3-7 Stamford Street,SE1 9NY,openstreetmap,,,https://www.openstreetmap.org/node/14181043735
https://www.themanorclub.co.uk/,"own site (found by name, postcode verified)",The manor club,Southwark,Elephant and Castle,Pub,enquiries@themanorclub.co.uk,1,,"140, Walworth Road",SE17 1JL,food standards agency,,,https://ratings.food.gov.uk/business/1634030
https://www.themarketporter.co.uk/,own site,The Market Porter,Southwark,Southwark,Pub,hello@themarketporter.co.uk,1,+44 20 7407 2495,9 Stoney Street,SE1 9AA,openstreetmap,,,https://www.openstreetmap.org/node/14181043717
https://www.mayflowerpub.co.uk/,own site,The Mayflower,Southwark,Rotherhithe,Pub,mayflowerrotherhithe@gmail.com,1,+44 20 7237 4088,117 Rotherhithe Street,SE16 4NF,openstreetmap,themayflowerpub,mayflowerpub,https://www.openstreetmap.org/way/444744679
https://www.themerges.com/,own site,The Merge,Southwark,Walworth,Restaurant,info@themerges.com,1,+44 7584 026759,"Unit 247, 248 Pelier Street",SE17 3JG,openstreetmap,,,https://www.openstreetmap.org/node/12640672901
https://www.themiller.co.uk/,own site,The Miller,Southwark,Southwark,Pub,hello@themiller.co.uk,1,,96 Snowsfields,SE1 3SS,openstreetmap,,,https://www.openstreetmap.org/way/101530109
https://www.theministry.com/,"own site (found by name, postcode verified)",The ministry,Southwark,Elephant and Castle,Pub,reception@theministry.com,1,,"79-81, Borough Road",SE1 1DN,food standards agency,,,https://ratings.food.gov.uk/business/1158706
https://www.mobydickgreenlanddock.co.uk/,own site,The Moby Dick,Southwark,Surrey Quays,Pub,,1,,6 Russell Place,SE16 7PL,openstreetmap,,,https://www.openstreetmap.org/node/248546654
https://www.themontpelier.net/,own site,The Montpelier,Southwark,Peckham,Pub,info@themontpelier.net,1,,43 Choumert Road,SE15 4AR,openstreetmap,,,https://www.openstreetmap.org/way/73045981
https://www.nicholsonspubs.co.uk/restaurants/london/themudlarklondonbridge,own site,The Mudlark,Southwark,Bankside,Pub,,1,,Montague Close,SE1 9DA,openstreetmap,,,https://www.openstreetmap.org/way/82770848
https://www.themvmntclub.co.uk/,"own site (found by name, postcode verified)",The mvmnt club,Southwark,Peckham,Restaurant,info@themvmntclub.co.uk,1,,"179, Queens Road",SE15 2ND,food standards agency,,,https://ratings.food.gov.uk/business/1965204
https://www.craftunionpubs.com/nags-head-peckham,own site,The Nags Head,Southwark,Peckham,Pub,,1,,231-235 Rye Lane,SE15 4TP,openstreetmap,,,https://www.openstreetmap.org/way/78765631
https://www.facebook.com/people/The-Old-Justice/100090875757177/,facebook,The Old Justice,Southwark,Bermondsey,Pub,justicese16@gmail.com,1,,Farncombe Street,,openstreetmap,https://www.facebook.com/people/The-Old-Justice/100090875757177/,,https://www.openstreetmap.org/node/559985361
https://www.theoldnunshead.co.uk/,own site,The Old Nun's Head,Southwark,Nunhead,Pub,lesbianstalkissues@gmail.com,1,,15 Nunhead Green,SE15 3QQ,openstreetmap,,,https://www.openstreetmap.org/way/81679283
https://theoldschoolyard.com/,"own site (found by name, postcode verified)",The old school yard,Southwark,Southwark,Pub,info@theoldschoolyard.com,1,,"109, Long Lane",SE1 4PH,food standards agency,,,https://ratings.food.gov.uk/business/362937
https://www.nicholsonspubs.co.uk/restaurants/london/theoldthamesideinnlondonbridge,own site,The Old Thameside Inn,Southwark,Bankside,Pub,,1,+44 20 7403 4243,"Pickfords Wharf, Clink St",SE1 9DG,openstreetmap,,,https://www.openstreetmap.org/way/82770915
https://www.facebook.com/pages/The-Olde-Apple-Tree/147432918632774,facebook,The Olde Apple Tree,Southwark,Peckham,Pub,,1,+44 20 7277 0056,107 Sumner Road,SE15 6JU,openstreetmap,https://www.facebook.com/pages/The-Olde-Apple-Tree/147432918632774,,https://www.openstreetmap.org/way/70913303
https://www.threehillsbrewing.com/,own site,The Outpost,Southwark,Bermondsey,Pub,andrew@threehillsbrewing.com,1,,7 Almond Road,,openstreetmap,,,https://www.openstreetmap.org/node/9006872322
https://www.jdwetherspoon.com/pubs/all-pubs/england/london/the-pommelers-rest-tower-bridge-south,own site,The Pommelers Rest,Southwark,Bermondsey,Pub,,1,+44 20 7378 1399,196-198 Tower Bridge Road,SE1 2UN,openstreetmap,,,https://www.openstreetmap.org/way/94758909
https://queenelizabethpub.co.uk/,own site,The Queen Elizabeth,Southwark,Walworth,Pub,,1,+44 20 7708 1404,42 Merrow Street,SE17 2NH,openstreetmap,Thequeenelizabethpub,,https://www.openstreetmap.org/way/962636590
https://www.craftunionpubs.com/queen-victoria-bermondsey,own site,The Queen Victoria,Southwark,Surrey Quays,Pub,,1,,148 Southwark Park Road,SE16 3RP,openstreetmap,,,https://www.openstreetmap.org/way/87939544
https://utobeer.co.uk/the-rake,own site,The Rake,Southwark,Southwark,Pub,therake@utobeer.co.uk,1,,14a Winchester Walk,SE1 9AG,openstreetmap,,,https://www.openstreetmap.org/way/82770789
https://www.theraventowerbridge.co.uk/,own site,The Raven,Southwark,Bermondsey,Pub,manager@theraventowerbridge.co.uk,1,,218 Tower Bridge Road,SE1 2UP,openstreetmap,,,https://www.openstreetmap.org/way/93710849
https://www.therealgreek.com/restaurants/bankside/,own site,The Real Greek,Southwark,Bankside,Greek,bankside@therealgreek.com,1,+44 20 7620 0162,2a Southwark Bridge Road,SE1 9HA,openstreetmap,,,https://www.openstreetmap.org/node/296491138
https://www.theringbarlondon.co.uk/,own site,The Ring,Southwark,Southwark,Pub,,1,+44 20 7620 0811,72 Blackfriars Road,SE1 8HA,openstreetmap,,,https://www.openstreetmap.org/node/5396322682
https://www.therisingse1.com,own site,The Rising,Southwark,Elephant and Castle,Pub,,2,,98 Harper Road,SE1 6AQ,openstreetmap,,RisingSE1,https://www.openstreetmap.org/way/89719962
https://www.jdwetherspoon.com/pubs/the-rockingham-arms-elephant-and-castle/,own site,The Rockingham Arms,Southwark,Elephant and Castle,Pub,,1,+44 20 7940 0890,119 Newington Causeway,SE1 6DQ,openstreetmap,,,https://www.openstreetmap.org/node/293516727
https://www.theroebuck.net/,own site,The Roebuck,Southwark,Elephant and Castle,Pub,info@theroebuck.net,1,,50 Great Dover Street,SE1 4YG,openstreetmap,,,https://www.openstreetmap.org/way/100275592
https://www.publove.co.uk/pub-the-rose-crown-london-bridge/,own site,The Rose & Crown,Southwark,Southwark,Burger; Pub,roseandcrown@publove.co.uk,1,+44 20 7407 7090,65 Union Street,,openstreetmap,,,https://www.openstreetmap.org/way/99869572
https://www.colicci.co.uk/peckham-rye-park,own site,The Round,Southwark,Nunhead,Breakfast,peckham@colicci.co.uk,1,+44 20 8693 7596,Strakers Road,SE15 3UA,openstreetmap,,,https://www.openstreetmap.org/way/81679131
https://www.royaloaklondon.co.uk/,own site,The Royal Oak,Southwark,Southwark,Pub,enquiries@royaloaklondon.co.uk,1,+44 20 7357 7173,44 Tabard Street,SE1 4JU,openstreetmap,https://www.facebook.com/royaloakborough,https://www.instagram.com/royaloakborough/,https://www.openstreetmap.org/way/100614943
http://sheaf.london/,own site,The Sheaf,Southwark,Southwark,Pub,,1,,21 Southwark Street,SE1 1TY,openstreetmap,,,https://www.openstreetmap.org/node/534962782
https://kcl-dev.ukmsl.net/venues/theshed/,own site,The Shed,Southwark,Southwark,Cafe,,1,,Guy’s Courtyard,SE1 9RT,openstreetmap,,,https://www.openstreetmap.org/node/11922157169
http://www.shipwrightsarms.co.uk/,own site,The Shipwrights Arms,Southwark,Southwark,Pub,info@shipwrightsarms.co.uk,1,,88 Tooley Street,SE1 2TF,openstreetmap,,,https://www.openstreetmap.org/way/140087010
https://www.rootsandberries.co.uk/home/the-songbird-cafe-in-geraldine-mary-harmsworth-park,own site,The Songbird Cafe,Southwark,Elephant and Castle,Bakery; Breakfast; Deli; Ice cream,enquiries@rootsandberries.co.uk,1,,Lambeth Road,SE1 6HZ,openstreetmap,,songbirdinthepark,https://www.openstreetmap.org/node/12972015305
https://thesourcingtable.com/,"own site (found by name, postcode verified)",The sourcing table,Southwark,Peckham,Pub,hello@thesourcingtable.com,1,,"184, Bellenden Road",SE15 4BW,food standards agency,,,https://ratings.food.gov.uk/business/1533674
https://www.jdwetherspoon.com/pubs/all-pubs/england/london/the-surrey-docks-rotherhithe,own site,The Surrey Docks,Southwark,Surrey Quays,Pub,,1,,185 Lower Road,SE16 2LW,openstreetmap,,,https://www.openstreetmap.org/way/424790398
https://swanlondon.co.uk/,own site,The Swan at The Globe,Southwark,Bankside,Pub,reservations@swanlondon.co.uk,1,+44 20 7928 9444,21 New Globe Walk,SE1 9DT,openstreetmap,SwanAtTheGlobe,swanlondon_,https://www.openstreetmap.org/way/82459256
https://www.telephoneexchange.co.uk,own site,The Telephone Exchange,Southwark,Southwark,Pub,,1,,10-18 London Bridge Street,SE1 9SG,openstreetmap,,,https://www.openstreetmap.org/node/7138296487
https://ourclubhouse.cafe/,own site,The Tennis Café,Southwark,Camberwell,Cafe,,1,,44 Addington Square,SE5 7LA,openstreetmap,,,https://www.openstreetmap.org/node/3796265635
https://www.thethirstybear.com/,own site,The Thirsty Bear,Southwark,Southwark,Pub,manager@thethirstybear.com,1,,62 Stamford street,SE1 9LX,openstreetmap,,,https://www.openstreetmap.org/node/1707216586
https://www.thetrinity.co.uk/,own site,The Trinity,Southwark,Southwark,Pub,,1,,202-206 Borough High Street,SE1 1JX,openstreetmap,,,https://www.openstreetmap.org/way/99928994
https://www.victoriainnpeckham.com/,own site,The Victoria Inn,Southwark,Peckham,Pub,,1,,79 Choumert Road,SE15 4AR,openstreetmap,,,https://www.openstreetmap.org/way/73045803
https://www.vinegaryard.london/,"own site (found by name, postcode verified)",The vinegar yard,Southwark,Southwark,Pub,,2,,"80-82, St Thomas Street",SE1 3QU,food standards agency,,,https://ratings.food.gov.uk/business/1213661
https://www.waverleyarms.com/,own site,The Waverley Arms,Southwark,Nunhead,Pub,,1,,202 Ivydale Road,SE15 3BU,openstreetmap,waverleyarmsse15,thewaverleyarms,https://www.openstreetmap.org/way/1267662909
https://www.whitehartsouthwark.co.uk/,own site,The White Hart,Southwark,Southwark,Pub,whitehart.southwark@fullers.co.uk,1,+44 20 7928 8265,22 Great Suffolk Street,SE1 0UG,openstreetmap,,,https://www.openstreetmap.org/way/207282617
https://www.whitehorsepeckham.co.uk/,own site,The White Horse,Southwark,Peckham,Pub,info@whitehorsepeckham.co.uk,1,+44 2076 391 459,20 Peckham Rye,SE15 4JR,openstreetmap,,,https://www.openstreetmap.org/way/71299826
https://www.thewoodhousedulwich.co.uk/,own site,The Wood House,Southwark,Sydenham Hill,Pub,thewoodhouse@youngs.co.uk,1,+44 20 8693 5666,39 Sydenham Hill,SE26 6RS,openstreetmap,thewoodhousedulwich,thewoodhousepub,https://www.openstreetmap.org/way/111349153
https://www.woolpackbar.com/,own site,The Woolpack,Southwark,Southwark,Pub,,1,+44 20 7357 9269,98 Bermondsey Street,SE1 3UB,openstreetmap,,,https://www.openstreetmap.org/way/101328387
https://theyellowhouse.co.uk,own site,The Yellow House,Southwark,Surrey Quays,French; Italian; Pizza,,1,,126 Lower Road,SE16 2UE,openstreetmap,,,https://www.openstreetmap.org/way/556482994
https://theospizzeria.com/,own site,Theo's,Southwark,Elephant and Castle,Italian,,1,+44 20 3026 6540,Elephant and Castle,SE1 6TH,openstreetmap,,,https://www.openstreetmap.org/node/655168894
http://tokotonramen.com/,"own site (found by name, postcode verified)",Tokoton ramen,Southwark,Elephant and Castle,Japanese,,1,,"25, Bartholomew Street",SE1 4AL,food standards agency,,,https://ratings.food.gov.uk/business/1490111
https://www.tolapeckham.com/,"own site (found by name, postcode verified)",Tola,Southwark,Peckham,Pub,info@tolapeckham.com,1,,"56, Peckham High Street",SE15 5DP,food standards agency,,,https://ratings.food.gov.uk/business/853320
https://topspizza.co.uk/elephant-and-castle,own site,Tops Pizza,Southwark,Elephant and Castle,Pizza,,1,,86 Borough Road,SE1 1DN,openstreetmap,,,https://www.openstreetmap.org/node/3248482385
https://www.tortilla.co.uk/restaurants/southwark,own site,Tortilla,Southwark,Southwark,Mexican,southwark@tortilla.co.uk,1,+44 20 7620 4084,1 The Cut,SE1 8JZ,openstreetmap,,,https://www.openstreetmap.org/node/5396322683
https://www.tortilla.co.uk/restaurants/london-bridge,own site,Tortilla,Southwark,Southwark,Mexican,londonbridge@tortilla.co.uk,1,+44 207 870 9224,90 Tooley Street,SE1 2TH,openstreetmap,,,https://www.openstreetmap.org/way/90376727
https://www.urbanpubsandbars.com/venues/tower-bridge-arms,"own site (found by name, postcode verified)",Tower bridge arms,Southwark,Bermondsey,Pub,,1,,"The River Rat And Brasserie, 206-208, Tower Bridge Road",SE1 2UP,food standards agency,,,https://ratings.food.gov.uk/business/1655817
https://towermangal.co.uk/,own site,Tower Mangal,Southwark,Walworth,Takeaway,,1,+44 20 7357 6853,,,openstreetmap,,,https://www.openstreetmap.org/node/287457772
https://www.towertandoori.co.uk/,"own site (found by name, postcode verified)",Tower Tandoori,Southwark,Elephant and Castle,Indian,info@towertandoori.co.uk,1,,74-76 Tower Bridge Road,SE1 4TP,openstreetmap,,,https://www.openstreetmap.org/node/286509357
https://www.tropikazo.com/,"own site (found by name, postcode verified)",Tropikazo,Southwark,Elephant and Castle,Takeaway,,1,,"Unit 9, 91-95, Newington Butts",SE1 6SF,food standards agency,,,https://ratings.food.gov.uk/business/1900442
https://www.tupilondon.com/,own site,Tupi,Southwark,Elephant and Castle,Breakfast,,1,+44 20 7703 7701,2 Castle Square,SE17 1EN,openstreetmap,,,https://www.openstreetmap.org/node/8879625562
https://www.ujpub.com/,own site,UJ,Southwark,Southwark,Pub,theujse1@gmail.com,1,,225 Union Street,SE1 0LR,openstreetmap,,,https://www.openstreetmap.org/way/77765242
https://ukkei.co.uk/,"own site (found by name, postcode verified)",Ukkei,Southwark,Peckham,Restaurant,contact@ukkei.co.uk,1,,"Unit 30 Rye Lane Market, 48, Rye Lane",SE15 5BY,food standards agency,,,https://ratings.food.gov.uk/business/1941548
http://www.unionviet.com/,own site,Union Viet Cafe and Restaurant,Southwark,Southwark,Restaurant,info@unionviet.com,1,+44 20 3302 8828,120 Union Street,SE1 0FR,openstreetmap,https://www.facebook.com/unionviet/,,https://www.openstreetmap.org/node/5493149390
https://www.vanhing.co.uk/,"own site (found by name, phone verified)",Van Hing,Southwark,Camberwell,Asian,,1,+44 20 7703 9707,42 Camberwell Church Street,SE5 8QZ,openstreetmap,,,https://www.openstreetmap.org/node/12572448563
https://www.facebook.com/franklinsSE22,facebook,Victory,Southwark,East Dulwich,Restaurant,,1,+442082999598,157 Lordship Lane,SE22 8HX,openstreetmap,franklinsSE22,franklinsse22,https://www.openstreetmap.org/way/61886744
https://www.vietcafecamberwell.com/,"own site (found by name, postcode verified)",Viet Café,Southwark,Camberwell,Asian,vietcafe2011@yahoo.co.uk,1,+44 20 7703 2531,75 Denmark Hill,SE5 8RS,openstreetmap,,,https://www.openstreetmap.org/node/12572476201
https://vietflavours.com/,"own site (found by name, postcode verified)",Viet Flavours,Southwark,East Dulwich,Asian,vietflavours19@gmail.com,1,,19 Lordship Lane,SE22 8EW,openstreetmap,,,https://www.openstreetmap.org/way/59959751
https://www.vineyardgreektaverna.co.uk/,own site,Vineyard House,Southwark,Camberwell,Greek,,1,,3 Camberwell Grove,,openstreetmap,,,https://www.openstreetmap.org/node/12572476250
https://www.wagamama.com/restaurants/london/clink-street,own site,Wagamama,Southwark,Bankside,Asian,press@wagamama.com,1,+44 20 7403 3659,1A Bank End,SE1 9BU,openstreetmap,https://www.facebook.com/wagamama/,https://www.instagram.com/wagamama_uk,https://www.openstreetmap.org/way/82770910
https://www.wagamama.com/restaurants/london/bankside,own site,Wagamama,Southwark,Southwark,Asian,press@wagamama.com,1,+44 20 3876 0321,,,openstreetmap,,,https://www.openstreetmap.org/way/810617543
https://www.thewatchhouse.com/,own site,WatchHouse,Southwark,Bermondsey,Breakfast,towerbridge@watchhouse.com,1,+44 20 7407 6431,37 Shad Thames,SE1 2NJ,openstreetmap,,,https://www.openstreetmap.org/node/4784656735
https://www.watsonstelegraph.pub/,own site,Watson's General Telegraph,Southwark,East Dulwich,Pub,hello@watsonstelegraph.pub,1,,108 Forest Hill Road,SE22 0RS,openstreetmap,,,https://www.openstreetmap.org/way/27515855
http://wazobiarestaurant.co.uk/,"own site (found by name, postcode verified)",Wazobia,Southwark,Peckham,Restaurant,info@wazobiarestaurant.co.uk,1,,670 Old Kent Road,SE15 1JF,openstreetmap,,,https://www.openstreetmap.org/node/13041661875
http://www.wheatsheafborough.co.uk/,own site (Wikidata),Wheatsheaf,Southwark,Southwark,Pub,,1,,6 Stoney Street,SE1 9AA,openstreetmap,,,https://www.openstreetmap.org/node/14181043718
https://whiskeyginger.co.uk/,"own site (found by name, postcode verified)",Whiskey ginger,Southwark,Southwark,Restaurant,info@whiskeyginger.co.uk,1,,"2 Bridge Arcade, Green Dragon Court",SE1 9AW,food standards agency,,,https://ratings.food.gov.uk/business/781528
https://whitemencantjerk.com/,"own site (found by name, postcode verified)",White men cant jerk,Southwark,Peckham,Restaurant,info@whitemencantjerk.com,1,,"Prince Of Peckham, 1, Clayton Road",SE15 5JA,food standards agency,,,https://ratings.food.gov.uk/business/1418441
https://whitemulberries.com/pages/hays-galleria,own site,White Mulberries,Southwark,Southwark,Cafe,info@whitemulberries.com,1,,,,openstreetmap,,,https://www.openstreetmap.org/node/5211002733
https://thewrightbrothers.co.uk/restaurant/borough-market/,own site,Wright Brothers,Southwark,Southwark,Seafood,borough@thewrightbrothers.co.uk,1,+44 20 7403 9554,11 Stoney Street,SE1 9AD,openstreetmap,,,https://www.openstreetmap.org/node/14181043728
https://www.yamamomo.co.uk/,"own site (found by name, postcode verified)",Yama Momo,Southwark,East Dulwich,Asian; Japanese,reservations@yamamomo.co.uk,1,,72 Lordship Lane,SE22 8HF,openstreetmap,,,https://www.openstreetmap.org/way/95223720
https://yardsalepizza.com/shop/bermondsey/,own site,Yard Sale Pizza,Southwark,Elephant and Castle,Pizza,hello@yardsalepizza.com,1,,73 Tower Bridge Road,SE1 4TW,openstreetmap,,,https://www.openstreetmap.org/node/10085893871
https://yellowladdercoffee.com/,own site,Yellow Ladder,Southwark,Rotherhithe,Breakfast,info@citybrew.co.uk,2,,Unit 3 Surrey Quays Road,SE16 2BY,openstreetmap,,,https://www.openstreetmap.org/node/12633520272
https://yenburger.co.uk/,"own site (found by name, postcode verified)",Yen Burger,Southwark,Southwark,Burger; Indian,info@yenburger.co.uk,1,,1b Southwark Street,SE1 1RQ,openstreetmap,,,https://www.openstreetmap.org/node/14181043762
http://yogarise.london/peckham-studio/,"own site (found by name, postcode verified)",Yogarise,Southwark,Peckham,Restaurant,hello@yogarise.london,1,,"Unit 1 And 2, 133, Copeland Road",SE15 3SN,food standards agency,,,https://ratings.food.gov.uk/business/1920996
http://zeretkitchen.co.uk,own site,Zeret Kitchen,Southwark,Camberwell,Restaurant,,1,+44 20 7701 8587,216-218 Camberwell Road,SE5 0ED,openstreetmap,,,https://www.openstreetmap.org/node/4207903538
https://www.zizzi.co.uk/italian/restaurants/bankside,own site,Zizzi,Southwark,Bankside,Italian,feedback@zizzi.co.uk,1,,Unit 4 Riverside House Southwark Bridge Road,SE1 9HA,openstreetmap,,,https://www.openstreetmap.org/node/2808228603
