website,website_type,name,borough,area,categories,email,locations,phone,address,postcode,source,facebook,instagram,osm_url
https://1947restaurant.co.uk/,own site,1947 Restaurant & Bar,Tower Hamlets,Spitalfields,Indian,info@1947restaurant.co.uk,1,+44 20 3583 1908,38 Middlesex Street,E1 7EX,openstreetmap,,,https://www.openstreetmap.org/way/846738368
https://24karak.com/,"own site (found by name, postcode verified)",24 Karak,Tower Hamlets,Spitalfields,Takeaway,,1,,"Upmarket, 83 Brick Lane, London",E1 6QR,food standards agency,,,https://ratings.food.gov.uk/business/1865133
https://2nigerianboys.com/,"own site (found by name, postcode verified)",2nigerianboys,Tower Hamlets,Spitalfields,Food truck,azeez@2nigerianboys.com,1,,"4 Lamb Street, London",E1 6EA,food standards agency,,,https://ratings.food.gov.uk/business/1664553
https://www.instagram.com/3_mien_restaurant,instagram,3 Mien,Tower Hamlets,Spitalfields,Asian,,1,,64 Middlesex Street,E1 7EZ,openstreetmap,,3_mien_restaurant,https://www.openstreetmap.org/way/204000352
https://4cose.london/,"own site (found by name, postcode verified)",4Cose,Tower Hamlets,Bethnal Green,Deli,4cose.ltd@gmail.com,1,,7 Vyner Street,E2 9DG,openstreetmap,,,https://www.openstreetmap.org/way/586387391
https://640east.co.uk/,own site,640East,Tower Hamlets,Canary Wharf,Cafe,bookings@640east.co.uk,1,,10 Water Street,E14 5GX,openstreetmap,,640east,https://www.openstreetmap.org/node/11603153102
https://www.68andshanghai.com/,"own site (found by name, postcode verified)",68 & Shanghai,Tower Hamlets,Spitalfields,Pub,info@68andshanghai.com,1,,"68 & Shanghai, 76 Commercial Street, London",E1 6LY,food standards agency,,,https://ratings.food.gov.uk/business/1769122
http://www.93feeteast.co.uk,own site (Wikidata),93 Feet East,Tower Hamlets,Spitalfields,Pub,,1,,"93 Feet East, 150 Brick Lane, London",E1 6RU,food standards agency,,,https://ratings.food.gov.uk/business/74801
https://www.aportugueseloveaffair.co.uk/,own site,A Portuguese Love Affair,Tower Hamlets,Bethnal Green,Cafe,info@aportugueseloveaffair.co.uk,1,+44 20 3490 2662,326 Hackney Road,E2 7AX,openstreetmap,,,https://www.openstreetmap.org/node/7512396419
https://afallenpoete.com/,own site,A.F/P Coffee Shop,Tower Hamlets,Bow,Breakfast,hello@afallenpoete.com,1,,482 Roman Road,,openstreetmap,,,https://www.openstreetmap.org/node/11329057532
https://abara.co.uk/,"own site (found by name, postcode verified)",Aba-Ra!,Tower Hamlets,Spitalfields,Pizza,,1,,108 Brick Lane,E1 6RL,openstreetmap,,,https://www.openstreetmap.org/way/270439731
https://www.afghaneats.com/,"own site (found by name, postcode verified)",Afghan Eats,Tower Hamlets,Spitalfields,Restaurant,,1,,"134 Brick Lane, London",E1 6RU,food standards agency,,,https://ratings.food.gov.uk/business/148513
https://www.afrikanakitchen.com/locations/mile-end,own site,Afrikana,Tower Hamlets,Stepney,Restaurant,,1,,231 Mile End Road,E1 4AA,openstreetmap,,,https://www.openstreetmap.org/node/13157945801
https://aglairsoft.co.uk/,"own site (found by name, postcode verified)",AGL Airsoft,Tower Hamlets,Whitechapel,Pub,,1,,"Basement, 61 Gowers Walk, London",E1 8BS,food standards agency,,,https://ratings.food.gov.uk/business/1919143
https://al-ikhwaan.co.uk/,"own site (found by name, postcode verified)",Al-Ikhwaan,Tower Hamlets,Whitechapel,Takeaway,friedngrill@yahoo.com,1,,117a Cannon Street Road,E1 2LX,openstreetmap,,,https://www.openstreetmap.org/way/374494825
https://alkahf.co.uk/,"own site (found by name, postcode verified)",Al-Kahf,Tower Hamlets,Whitechapel,Takeaway,info@alkahf.co.uk,1,,112-116 Whitechapel Road,E1 1JE,openstreetmap,,,https://www.openstreetmap.org/node/7837285971
https://alfispitalfields.co.uk/,"own site (found by name, postcode verified)",Alfi,Tower Hamlets,Spitalfields,Restaurant,,1,,"Alfi, 3 Crispin Place, London",E1 6DW,food standards agency,,,https://ratings.food.gov.uk/business/95809
https://www.facebook.com/profile.php?id=61589246406469,own site,Alia's,Tower Hamlets,Bow,Bakery; Breakfast; Ice cream,,1,,24 Stoneway Walk,E3 5SH,openstreetmap,,https://www.instagram.com/alias.cafe.bistro/,https://www.openstreetmap.org/node/8592671517
https://www.allpressespresso.com/find/redchurch-espresso-bar/,own site,Allpress Espresso Bar,Tower Hamlets,Bethnal Green,Breakfast,web@allpress.com,1,+44 20 7749 1780,58 Redchurch Street,E2 7DP,openstreetmap,,,https://www.openstreetmap.org/node/11959060817
https://almaricoffee.com,own site,Almari,Tower Hamlets,Blackwall,Cafe,hello@almaricoffee.com,1,,71 New Village Avenue,E14 0TE,openstreetmap,,,https://www.openstreetmap.org/node/12223016773
https://www.alterldn.com/,own site,Alter,Tower Hamlets,Whitechapel,Restaurant,,1,,,,openstreetmap,,,https://www.openstreetmap.org/node/10054383790
https://amargaon.co.uk/,own site,Amar Gaon,Tower Hamlets,Spitalfields,Asian,info@amargaon.co.uk,1,+44 20 7377 6688,48-50 Brick Lane,E1 6RL,openstreetmap,,,https://www.openstreetmap.org/way/268467478
https://amberleaflondon.com/,"own site (found by name, postcode verified)",Amber Leaf London,Tower Hamlets,Bethnal Green,Restaurant,,1,,"Amber Leaf, 290-294 Hackney Road, London",E2 7SJ,food standards agency,,,https://ratings.food.gov.uk/business/1912768
https://www.thisisamber.co.uk/,own site,Amber London,Tower Hamlets,Whitechapel,Restaurant,info@thisisamber.co.uk,1,+44 20 7702 0700,21 Piazza Walk,E1 8QH,openstreetmap,,,https://www.openstreetmap.org/node/6942710107
https://amerigovespucci.co.uk/,own site,Amerigo Vespucci,Tower Hamlets,Canary Wharf,Italian,info@amerigovespucci.co.uk,1,,25 Cabot Square,E14 4QA,openstreetmap,https://www.facebook.com/people/Amerigo-Vespucci/100063554051685/,,https://www.openstreetmap.org/node/471035356
https://www.angelandcrown.co.uk/,"own site (found by name, postcode verified)",Angel & Crown,Tower Hamlets,Bethnal Green,Pub,bookings@angelandcrown.co.uk,1,,170 Roman Road,E2 0RY,openstreetmap,,,https://www.openstreetmap.org/way/616081584
https://apostropheuk.com/,own site,Apostrophe,Tower Hamlets,Tower Hill,Cafe,,1,,Tower Hill,EC3N 4AB,openstreetmap,,,https://www.openstreetmap.org/way/193601879
https://ararestaurant.co.uk/,own site,Ara Restaurant,Tower Hamlets,Whitechapel,Breakfast,info@ararestaurant.co.uk,1,+44 20 4597 0116,1 New Drum Street,E1 7AY,openstreetmap,,ara.ldn,https://www.openstreetmap.org/node/12962173957
https://www.artsadmin.co.uk/toynbee-studios/cafe/,own site,Artsadmin Canteen,Tower Hamlets,Spitalfields,Breakfast; Deli,hires@artsadmin.co.uk,1,+44 20 7247 5102,28 Commercial Street,E1 6AB,openstreetmap,,,https://www.openstreetmap.org/way/672022619
https://storelocator.asda.com/london/london/151-east-ferry-road-isle-of-dogs,own site,Asda Bakery,Tower Hamlets,Cubitt Town,Bakery,,1,,151 East Ferry Road,E14 3BT,openstreetmap,,,https://www.openstreetmap.org/node/7026812760
https://storelocator.asda.com/london/london/151-east-ferry-road-isle-of-dogs/cafe,own site,Asda Café,Tower Hamlets,Cubitt Town,Breakfast,,1,+44 20 7987 2614,151 East Ferry Road,E14 3BT,openstreetmap,https://www.facebook.com/people/Cafe/100089812757517/,,https://www.openstreetmap.org/node/1708655669
https://www.atlanticsushi.co.uk/,"own site (found by name, postcode verified)",Atlantic Sushi,Tower Hamlets,Whitechapel,Sushi,,1,,"47a Cavell Street, London",E1 2BP,food standards agency,,,https://ratings.food.gov.uk/business/1651860
https://www.babelgrillhouse.co.uk/,"own site (found by name, postcode verified)",Babel Grill House,Tower Hamlets,Spitalfields,Restaurant,info@babelgrillhouse.co.uk,2,+44 2073929675,40 Brick Lane,E1 6RF,openstreetmap,,,https://www.openstreetmap.org/way/156886348
https://backyardcomedyclub.co.uk/,"own site (found by name, postcode verified)",Backyard Bar,Tower Hamlets,Bethnal Green,Pub,info@backyardcomedyclub.co.uk,1,,"Backyard Bar, 231-237 Cambridge Heath Road, London",E2 0EL,food standards agency,,,https://ratings.food.gov.uk/business/458911
https://bagelnbites.com/,"own site (found by name, postcode verified)",Bagel n Bites,Tower Hamlets,Whitechapel,Bagels,bagelnbitesuk@gmail.com,1,,"127 Leman Street, London",E1 8EY,food standards agency,,,https://ratings.food.gov.uk/business/1972758
https://bagelsandspudz.co.uk/,"own site (found by name, postcode verified)",Bagels & Spudz,Tower Hamlets,Whitechapel,Bagels,info@bagelsandspudz.co.uk,1,,"141 Commercial Road, London",E1 1PX,food standards agency,,,https://ratings.food.gov.uk/business/1762716
https://bahara.co.uk/,"own site (found by name, postcode verified)",Bahara - Indian Kitchen and Culture,Tower Hamlets,Spitalfields,Indian,reservations@bahara.co.uk,1,,"Bahara Indian Kitchen, 79 Brick Lane, London",E1 6QL,food standards agency,,,https://ratings.food.gov.uk/business/1790965
https://www.instagram.com/bakery4hackneywick,instagram,Bakery 4,Tower Hamlets,Old Ford,Bakery,,1,,76 Smeed Road,E3 2TF,openstreetmap,,bakery4hackneywick,https://www.openstreetmap.org/node/11510880431
https://www.instagram.com/banditoburger,instagram,Bandito Burger,Tower Hamlets,Old Ford,Burger,,1,,,,openstreetmap,,banditoburger,https://www.openstreetmap.org/node/9103441217
https://baoziinn.com/,own site,Baoziinn,Tower Hamlets,Canary Wharf,Asian; Chinese,,1,,,,openstreetmap,,,https://www.openstreetmap.org/node/9845461169
https://www.barandblock.co.uk/,own site,Bar + Block,Tower Hamlets,Whitechapel,Breakfast; Steak,barandblockgm.aldgate@whitbread.com,1,+44 20 8049 0888,66 Alie Street,E1 8PX,openstreetmap,,,https://www.openstreetmap.org/node/3811089558
https://barakaeatery.co.uk/,"own site (found by name, postcode verified)",Baraka Eatery,Tower Hamlets,Whitechapel,Restaurant,info@barakaeatery.co.uk,1,,38-40 Whitechapel Road,E1 1JX,openstreetmap,,,https://www.openstreetmap.org/node/475381385
https://www.bigmammagroup.com/italian-restaurants/barbarella,own site,Barbarella,Tower Hamlets,Canary Wharf,Italian,contact@bigmammagroup.com,1,+44 7360 275160,Mackenzie Walk,E14 5HX,openstreetmap,,,https://www.openstreetmap.org/node/14159942730
https://www.bargeeast.com/,own site,Barge East,Tower Hamlets,Old Ford,Restaurant,bookings@bargeeast.com,1,+44 20 3026 2807,White Post Lane,E9 5EN,openstreetmap,,,https://www.openstreetmap.org/node/6564646815
https://facebook.com/baribariuk,own site,Bari Bari,Tower Hamlets,Whitechapel,Asian; Korean,,1,+44 20 3759 4713,24 White Church Lane,E1 7QR,openstreetmap,,,https://www.openstreetmap.org/node/672713626
https://www.basilico.co.uk/pizza-delivery-service-london-location/lime-house-canary-warf/,own site,Basilico,Tower Hamlets,Limehouse,Pizza,,1,,653 Commercial Road,E14 7LW,openstreetmap,,,https://www.openstreetmap.org/node/2414455934
https://nora.london,own site,Beam,Tower Hamlets,Blackwall,Restaurant,hello@nora.london,1,,7 West Lane,E22 3AA,openstreetmap,,,https://www.openstreetmap.org/node/13038700758
https://www.bbcafe.co.uk/,"own site (found by name, postcode verified)",Beans & Beyond,Tower Hamlets,Bethnal Green,Cafe,info@bbcafe.co.uk,2,,25 Old Nichol Street,E2 7HR,openstreetmap,,,https://www.openstreetmap.org/node/244056695
https://bricklanebeigel.co.uk/,own site,Beigel Bake,Tower Hamlets,Spitalfields,Bagels; Bakery; Halal,,1,+44 20 7729 0616,159 Brick Lane,E1 6SB,openstreetmap,,,https://www.openstreetmap.org/way/271641402
https://bengalquay.com/,own site,Bengal Quay,Tower Hamlets,Isle of Dogs,Indian,bengalquay@hotmail.com,1,+44 20 7515 3378,1-2 Admirals Way,E14 9XL,openstreetmap,,,https://www.openstreetmap.org/node/5266394243
https://bentobab.com/,own site,Bento Bab,Tower Hamlets,Whitechapel,Asian; Korean,,2,,12 Hooper Street,E1 8BP,openstreetmap,,,https://www.openstreetmap.org/way/257334521
https://bife.co.uk/,own site,BiFe,Tower Hamlets,Spitalfields,Restaurant,info@bife.co.uk,1,+44 20 7650 7948,40-42 Middlesex Street,E1 7EX,openstreetmap,,,https://www.openstreetmap.org/way/846738367
https://www.bigeasy.co.uk/canary-wharf,own site,Big Easy,Tower Hamlets,Canary Wharf,American,canarywharfreservations@bigeasy.co.uk,1,,1 Crossrail Place,E14 5AR,openstreetmap,,,https://www.openstreetmap.org/node/6019685654
https://www.bistrotheque.com/,"own site (found by name, postcode verified)",Bistrotheque,Tower Hamlets,Bethnal Green,French,reception@bistrotheque.com,1,,23-27 Wadeson Street,E2 9DR,openstreetmap,,,https://www.openstreetmap.org/node/96008565
https://www.facebook.com/bitburgers/,facebook,BIT Bourbon Steam Burgers (in Sunday Up Market),Tower Hamlets,Spitalfields,Burger,,1,,Brick Lane,E1 6SB,openstreetmap,https://www.facebook.com/bitburgers/,,https://www.openstreetmap.org/node/2754459914
https://www.blackbearburger.com/,own site,Black Bear Burger,Tower Hamlets,Canary Wharf,Burger,,1,,,,openstreetmap,,,https://www.openstreetmap.org/node/9845461164
https://www.facebook.com/blackhorselondon,facebook,Black Horse,Tower Hamlets,Whitechapel,Pub,,1,+44 20 7488 1406,40 Leman Street,E1 8EU,openstreetmap,https://www.facebook.com/blackhorselondon,,https://www.openstreetmap.org/node/7039559892
https://blacksheepcoffee.co.uk/blogs/locations/aldgate-east-station,own site,Black Sheep Coffee,Tower Hamlets,Whitechapel,Breakfast,l.blakey@blacksheepcoffee.co.uk,1,,2 Leman Street,E1 8FA,openstreetmap,,,https://www.openstreetmap.org/node/3471126065
https://blacksheepcoffee.co.uk/blogs/locations/canary-wharf,own site,Black Sheep Coffee,Tower Hamlets,Canary Wharf,Breakfast,l.blakey@blacksheepcoffee.co.uk,1,,8 South Colonnade,E14 4PZ,openstreetmap,,,https://www.openstreetmap.org/node/3835357212
https://blacksheepcoffee.co.uk/blogs/locations/jubilee,own site,Black Sheep Coffee,Tower Hamlets,Canary Wharf,Breakfast,l.blakey@blacksheepcoffee.co.uk,1,,45 Bank Street,E14 5NY,openstreetmap,,,https://www.openstreetmap.org/node/7178540970
https://theblacklock.com/restaurants/canary-wharf/,own site,Blacklock,Tower Hamlets,Canary Wharf,Restaurant,canarywharf@theblacklock.com,1,+44 20 3034 0230,3 Frobisher Passage,E14 4EE,openstreetmap,,,https://www.openstreetmap.org/node/11086766940
https://www.blankstreet.com/en-GB,own site,Blank Street,Tower Hamlets,Canary Wharf,Cafe,partnerships@blankstreet.com,1,,1 Canada Square,,openstreetmap,,,https://www.openstreetmap.org/node/13720877601
https://www.instagram.com/blaslondon_,instagram,BLAS,Tower Hamlets,Bethnal Green,Breakfast,,1,,Victoria Park,E9 7HN,openstreetmap,,blaslondon_,https://www.openstreetmap.org/node/12269366619
https://www.bleecker.co.uk/,"own site (found by name, postcode verified)",Bleecker St,Tower Hamlets,Spitalfields,Burger,hello@bleecker.co.uk,2,,Lamb Street,E1 6EA,openstreetmap,,,https://www.openstreetmap.org/way/276036670
https://www.bornandraisedpizza.com/,own site,Born & Raised,Tower Hamlets,Old Ford,Pizza,info@bornandraisedpizza.com,1,,451 Wick Lane,E3 2TB,openstreetmap,,,https://www.openstreetmap.org/node/8816648102
https://www.brawn.co/,own site,Brawn,Tower Hamlets,Bethnal Green,Restaurant,enquiries@brawn.co,1,,49 Columbia Road,E2 7RG,openstreetmap,,,https://www.openstreetmap.org/node/371514911
https://www.gordonramsayrestaurants.com/bread-street-kitchen/on-the-river,own site,Bread Street Kitchen & Bar - Limehouse,Tower Hamlets,Limehouse,Restaurant,ontheriver@breadstreetkitchen.com,1,+44 20 7592 7950,44 Narrow Street,E14 8DJ,openstreetmap,,,https://www.openstreetmap.org/way/192543585
https://drink.brewdog.com/uk/brewdog-canary-wharf,own site,BrewDog,Tower Hamlets,Canary Wharf,BBQ; Pub,canarywharfbookings@brewdog.com,1,+44 20 7513 2417,2 Churchill Place,E14 5RB,openstreetmap,https://www.facebook.com/BrewDogCanaryWharf,brewdogcanarywharf,https://www.openstreetmap.org/node/2018688106
https://www.latostadora.coffee/,"own site (found by name, postcode verified)",Brewed On Wheels,Tower Hamlets,Bethnal Green,Restaurant,,1,,"Railway Arch, 267 Poyser Street, London",E2 9RF,food standards agency,,,https://ratings.food.gov.uk/business/1759118
https://bricklanecoffeeshop.co.uk/,"own site (found by name, postcode verified)",Brick Lane Coffee Shop,Tower Hamlets,Spitalfields,Breakfast,bricklanecoffeeshop@gmail.com,1,,47 Brick Lane,E1 6PU,openstreetmap,,,https://www.openstreetmap.org/way/268479472
https://www.bricklanetaproom.co.uk/,own site,Brick Lane Taproom,Tower Hamlets,Spitalfields,Pub,,1,,Brick Lane,E1 6QL,openstreetmap,,,https://www.openstreetmap.org/node/10245706076
http://bricklanepizzalondon.co.uk/,"own site (found by name, postcode verified)",Bricklane Pizza,Tower Hamlets,Spitalfields,Pizza,info@bricklanepizzalondon.co.uk,1,,"8 Brick Lane, London",E1 6RF,food standards agency,,,https://ratings.food.gov.uk/business/1860873
https://www.browns-restaurants.co.uk/restaurants/london/west-india-quay/,own site,Browns,Tower Hamlets,Canary Wharf,Restaurant,,1,+44 20 7987 9777,18 Hertsmere Road,E14 4AY,openstreetmap,,,https://www.openstreetmap.org/way/140144130
https://brushandlever.com/,"own site (found by name, postcode verified)",Brush & Lever,Tower Hamlets,Spitalfields,Takeaway,contact@brushandlever.com,1,,"Unit 1, 61 Princelet Street, London",E1 5LP,food standards agency,,,https://ratings.food.gov.uk/business/1919149
https://www.bubala.co.uk/,own site,Bubala,Tower Hamlets,Spitalfields,Restaurant,info@bubala.co.uk,1,,65 Commercial Street,E1 6BD,openstreetmap,,,https://www.openstreetmap.org/way/331523439
https://www.bun.house/,own site,Bun House Disco,Tower Hamlets,Bethnal Green,Restaurant,chinatown@bun.house,2,+44 20 7739 0552,118 Bethnal Green Road,E2 6DG,openstreetmap,,,https://www.openstreetmap.org/way/271641399
https://www.burntrestaurant.co.uk/burnt-arches,own site,Burnt,Tower Hamlets,Bethnal Green,Cafe,info@burntrestaurant.co.uk,1,,278 Poyser Street,E2 9RF,openstreetmap,,,https://www.openstreetmap.org/node/13536656198
https://www.burnt-umber.co.uk/,own site,Burnt Umber,Tower Hamlets,Old Ford,Cafe,hello@burnt-umber.co.uk,1,,2 Hepscott Road,,openstreetmap,,burnt_umber_brasserie,https://www.openstreetmap.org/node/9293599117
https://burritobro.co.uk/,"own site (found by name, postcode verified)",Burrito Bro,Tower Hamlets,Canary Wharf,Mexican,,2,,1 Admirals Way,E14 9SN,openstreetmap,,,https://www.openstreetmap.org/node/12573633449
https://cafeleads.uk/,"own site (found by name, postcode verified)",Cafe Leads,Tower Hamlets,Whitechapel,Cafe,info.cafeleads@gmail.com,1,,1a East Mount Street,E1 1BA,openstreetmap,,,https://www.openstreetmap.org/node/4481700745
https://cafe338.has.restaurant,own site,Café 338,Tower Hamlets,Bethnal Green,Cafe,,1,+44 20 7729 0246,338 Bethnal Green Road,E2 0AG,openstreetmap,,,https://www.openstreetmap.org/node/4804700428
https://www.caferouge.com/bistro-brasserie/london/st-katherine-docks,own site,Café Rouge,Tower Hamlets,Wapping,French,,1,+44 20 7702 0195,St. Katharine's Way,E1W 1BA,openstreetmap,,,https://www.openstreetmap.org/node/662185230
https://www.cakebox.com/storelocator/poplar/,own site,Cake Box,Tower Hamlets,Poplar,Bakery,,1,,251e East India Dock Road,E14 0EG,openstreetmap,,,https://www.openstreetmap.org/node/7292211241
https://www.instagram.com/canarygarden_london,instagram,Canary Garden Cafe,Tower Hamlets,Isle of Dogs,Bakery; Breakfast; Deli,,1,,,,openstreetmap,,canarygarden_london,https://www.openstreetmap.org/node/13208466401
https://www.caphelondon.com/,"own site (found by name, postcode verified)",CAPHE,Tower Hamlets,Spitalfields,Restaurant,hello@caphelondon.com,1,,"16 Horner Square, London",E1 6EW,food standards agency,,,https://ratings.food.gov.uk/business/1963661
https://www.caravanrestaurants.co.uk/canary-wharf.php,own site,Caravan,Tower Hamlets,Canary Wharf,Breakfast,reservations@caravanrestaurants.co.uk,1,,Reuters Plaza,E14 5AJ,openstreetmap,,,https://www.openstreetmap.org/node/9592077269
https://www.carbobar.co.uk/,own site,Carbobar,Tower Hamlets,Old Ford,Italian,info@carbobar.co.uk,1,,130 Cadogan Terrace,E9 5HP,openstreetmap,,,https://www.openstreetmap.org/node/7435217216
https://www.carpentersarmsfreehouse.com/,own site,Carpenters Arms,Tower Hamlets,Bethnal Green,Pub,,1,,73 Cheshire Street,E2 6EG,openstreetmap,,,https://www.openstreetmap.org/way/230788987
https://chaiitown.co.uk/,"own site (found by name, postcode verified)",Chaii Town,Tower Hamlets,Spitalfields,Restaurant,,1,,"67-77 Hanbury Street, London",E1 5JP,food standards agency,,,https://ratings.food.gov.uk/business/1893590
https://champagneroute.co.uk/,own site,Champagne Route,Tower Hamlets,Wapping,Restaurant,,1,,30 Gauging Square,E1W 2AE,openstreetmap,,,https://www.openstreetmap.org/node/6513889435
https://www.chew-fun.com/,"own site (found by name, postcode verified)",Chew Fun,Tower Hamlets,Spitalfields,Restaurant,,1,,3-5 Bell Lane,E1 7LA,openstreetmap,,,https://www.openstreetmap.org/node/3706490527
https://www.chiaveshoreditch.com/,"own site (found by name, postcode verified)",Chiave Shoreditch,Tower Hamlets,Bethnal Green,Pub,info@chiaveshoreditch.com,1,,"Chiave Shoreditch, 36 Redchurch Street, London",E2 7DP,food standards agency,,,https://ratings.food.gov.uk/business/108995
https://www.chickchickcrew.com/,own site,Chick Chick Crew,Tower Hamlets,Canary Wharf,Takeaway,,1,,,,openstreetmap,,,https://www.openstreetmap.org/node/9845461165
https://www.chickpoint.co.uk/,"own site (found by name, postcode verified)",Chickpoint,Tower Hamlets,Whitechapel,Restaurant,,1,,"154 Commercial Road, London",E1 1NL,food standards agency,,,https://ratings.food.gov.uk/business/1733487
https://chicome.co.uk/,own site,Chicome,Tower Hamlets,Wapping,Mexican; Steak,reservations@chicome.co.uk,1,+44 20 3031 7601,2 St. Katharine's Way,E1W 1AA,openstreetmap,https://www.instagram.com/chicome_skd/,,https://www.openstreetmap.org/node/662185232
https://chicoslondon.co.uk/,"own site (found by name, postcode verified)",Chicos,Tower Hamlets,Whitechapel,Takeaway,info@chicoslondon.co.uk,3,,28 Osborn Street,E1 6TD,openstreetmap,,,https://www.openstreetmap.org/way/267306008
https://www.chitnchaat.com/,"own site (found by name, postcode verified)",Chit N Chaat,Tower Hamlets,Bethnal Green,Restaurant,info@chitnchaat.com,1,,"317 Bethnal Green Road, London",E2 6AH,food standards agency,,,https://ratings.food.gov.uk/business/1739214
http://cirilonoodlebar.co.uk/,own site,Cirilo Noodle Bar and Grill,Tower Hamlets,Wapping,Asian; Chinese,,1,+44 20 7702 2299,4 Cable Street,E1 8JG,openstreetmap,,,https://www.openstreetmap.org/way/257192108
https://www.claraslondon.com/,"own site (found by name, postcode verified)",Clara's,Tower Hamlets,Spitalfields,Cafe,bookings@claraslondon.com,1,,17 Bethnal Green Road,E1 6LA,openstreetmap,,,https://www.openstreetmap.org/node/470285837
https://www.cleanheartscafe.co.uk,own site,Clean Hearts,Tower Hamlets,Whitechapel,Breakfast; Deli,info@cleanheartscafe.co.uk,1,,52 Commercial Road,E1 1LP,openstreetmap,,,https://www.openstreetmap.org/node/6341182394
https://cliftontradepoint.com/,"own site (found by name, postcode verified)",Clifton Tradepoint,Tower Hamlets,Canary Wharf,Restaurant,info@cliftontradepoint.com,1,,"27-29 Westferry Road, London",E14 8JH,food standards agency,,,https://ratings.food.gov.uk/business/1333363
https://coffeematterslondon.com/,own site,Coffee Matters,Tower Hamlets,Bethnal Green,Cafe,info@coffeematterslondon.com,1,,157 Bethnal Green Road,E2 7DG,openstreetmap,,,https://www.openstreetmap.org/node/7239517013
https://www.commercial-tavern.com/,own site,Commercial Tavern,Tower Hamlets,Spitalfields,Pizza; Pub,,1,+44 20 3137 9563,142 Commercial Street,E1 6NU,openstreetmap,,,https://www.openstreetmap.org/way/157322970
https://www.cookie-cartel.co.uk/,"own site (found by name, postcode verified)",Cookie Cartel,Tower Hamlets,Bethnal Green,Takeaway,,1,,"236 Brick Lane, London",E2 7EB,food standards agency,,,https://ratings.food.gov.uk/business/1901195
https://coupette.co.uk/,"own site (found by name, postcode verified)",Coupette,Tower Hamlets,Bethnal Green,Pub,info@coupette.co.uk,1,,"Coupette, 423 Bethnal Green Road, London",E2 0AN,food standards agency,,,https://ratings.food.gov.uk/business/44493
https://www.cratebrewery.com/,own site,Crate Brewery & Pizza,Tower Hamlets,Old Ford,Pizza; Pub,bar@cratebrewery.com,1,+44 7834 275687,43 White Post Lane,E9 5EN,openstreetmap,https://www.facebook.com/cratebrewery/,https://www.instagram.com/cratebrewery/,https://www.openstreetmap.org/node/2296112253
https://www.crispinlondon.com/,"own site (found by name, postcode verified)",Crispin,Tower Hamlets,Spitalfields,Cafe,info@crispinlondon.com,1,,White's Row,E1 7NF,openstreetmap,,,https://www.openstreetmap.org/relation/16095623
https://www.cote.co.uk/restaurant/st-katharine-docks,own site,Côte Brasserie,Tower Hamlets,Wapping,French,stkatharinedocks@cote.co.uk,1,+44 20 7488 3668,1 St. Katharine's Way,E1W 1UN,openstreetmap,,,https://www.openstreetmap.org/node/3159296417
https://damascusbite.com/,"own site (found by name, postcode verified)",Damascus Bite,Tower Hamlets,Spitalfields,Restaurant,info@damascusbite.com,1,,119-121 Brick Lane,E1 6SE,openstreetmap,,,https://www.openstreetmap.org/way/271647953
https://dauns.co.uk/,own site,Dauns Cafe,Tower Hamlets,Spitalfields,Cafe,info@dauns.co.uk,1,,77 Wentworth Street,E1 7TD,openstreetmap,,,https://www.openstreetmap.org/node/11160718504
https://www.deliciouspho.co.uk/,own site,Delicious Pho,Tower Hamlets,Spitalfields,Asian,,1,,3-6 Steward Street,E1 6FQ,openstreetmap,,,https://www.openstreetmap.org/way/836947885
https://departmentofcoffee.com,own site,Department of Coffee and Social Affairs,Tower Hamlets,Spitalfields,Cafe,shop@departmentofcoffee.com,2,,133 Whitechapel High Street,E1 7QA,openstreetmap,,,https://www.openstreetmap.org/node/4795980911
https://www.desilounge.co.uk/,"own site (found by name, postcode verified)",Desi Lounge,Tower Hamlets,Bethnal Green,Restaurant,desilounge464@gmail.com,1,,"Desi Lounge, 464 Bethnal Green Road, London",E2 0EA,food standards agency,,,https://ratings.food.gov.uk/business/77946
https://detroitpizzalondon.com/,"own site (found by name, postcode verified)",Detroit Pizza London,Tower Hamlets,Spitalfields,Pizza,contact-us@detroitpizzalondon.com,1,,"75 Commercial Street, London",E1 6BD,food standards agency,,,https://ratings.food.gov.uk/business/1437587
https://dezamore.co.uk/,"own site (found by name, postcode verified)",Dez Amore,Tower Hamlets,Canary Wharf,Italian,hello@dezamore.co.uk,1,,6 George Street,E14 9QG,openstreetmap,,,https://www.openstreetmap.org/node/13291319473
https://dftacos.co.uk/,own site,DF Tacos,Tower Hamlets,Canary Wharf,Mexican; Tacos,,1,,,,openstreetmap,,,https://www.openstreetmap.org/node/9845461163
https://www.dickensinn.co.uk/,own site,Dickens Inn,Tower Hamlets,Wapping,Pub,,1,,Marble Quay,E1W 1UH,openstreetmap,,,https://www.openstreetmap.org/node/265664308
https://dilpasandrestaurant.com/,"own site (found by name, postcode verified)",Dilpasand,Tower Hamlets,Whitechapel,Restaurant,dilpasandldn@gmail.com,1,,111-113 Commercial Road,E1 1RD,openstreetmap,,,https://www.openstreetmap.org/node/277910542
https://dintaifung-uk.com/locations/,own site,Din Tai Fung,Tower Hamlets,Canary Wharf,Asian; Chinese,,1,,,,openstreetmap,,,https://www.openstreetmap.org/node/13777282502
https://dockersinn.co.uk/,own site,Dockers Inn,Tower Hamlets,Wapping,Pub,info@dockersinn.co.uk,1,,97 Wapping Lane,E1W 2RW,openstreetmap,,,https://www.openstreetmap.org/node/249310455
https://docklandsdiner.co.uk/,own site,Docklands Diner,Tower Hamlets,Canary Wharf,American; Breakfast,info@docklandsdiner.co.uk,1,+44 20 7515 7160,3 Cannon Drive,E14 4AS,openstreetmap,,,https://www.openstreetmap.org/node/2018583888
https://www.crafted-social.co.uk/dog-and-truck-aldgate,own site,Dog & Truck,Tower Hamlets,Whitechapel,Pub,,1,,72 Back Church Lane,E1 1LX,openstreetmap,,,https://www.openstreetmap.org/way/260681370
https://www.dominos.co.uk/pizza-near-me/london/473-roman-road,own site,Domino's,Tower Hamlets,Bow,Pizza,,1,,473 Roman Road,E3 5LX,openstreetmap,,,https://www.openstreetmap.org/node/443418100
https://www.dominos.co.uk/pizza-near-me/london/2-to-8-west-india-dock-road,own site,Domino's,Tower Hamlets,Limehouse,Pizza,,1,,2-8 West India Dock Road,E14 8JA,openstreetmap,,,https://www.openstreetmap.org/node/2049129215
https://www.dominos.co.uk/pizza-near-me/london/50-the-highway,own site,Domino's,Tower Hamlets,Wapping,Pizza,,1,,50 The Highway,E1W 2BG,openstreetmap,,,https://www.openstreetmap.org/node/5036383603
https://doppiocoffee.co.uk/,own site,Doppio,Tower Hamlets,Whitechapel,Cafe,info@doppiocoffee.co.uk,2,+44 20 7247 7838,90 Hanbury Street,E1 5JL,openstreetmap,,,https://www.openstreetmap.org/node/6195245785
https://www.instagram.com/dora_sweetandsavoury,instagram,Dora Sweet and Savoury,Tower Hamlets,Blackwall,Breakfast; Greek,,1,,1 Clove Crescent,E14 2BA,openstreetmap,,dora_sweetandsavoury,https://www.openstreetmap.org/node/13718144601
https://www.dragonchef.co.uk/,own site,Dragon Chef,Tower Hamlets,Shadwell,Asian; Chinese,,1,+44 20 7265 8962,406 Commercial Road,E1 0LB,openstreetmap,,https://www.instagram.com/dragonchefwickford/?hl=en,https://www.openstreetmap.org/way/190715099
https://www.dreami.uk/,"own site (found by name, postcode verified)",Dreami Play Cafe,Tower Hamlets,Bethnal Green,Restaurant,play@dreami.uk,1,,"Unit 3 Oakwood House, 422 Hackney Road, London",E2 7SY,food standards agency,,,https://ratings.food.gov.uk/business/1677302
https://www.duke.london/,own site,Duke of Wellington,Tower Hamlets,Spitalfields,Pub,hello@duke.london,1,,12-14 Toynbee Street,E1 7NE,openstreetmap,,,https://www.openstreetmap.org/node/858431027
https://www.dulcecoffeeandkitchen.com/,own site,Dulce,Tower Hamlets,Whitechapel,Cafe,info@dulcecoffeeandkitchen.com,1,+44 20 7375 1636,86 Whitechapel High Street,E1 7QX,openstreetmap,,,https://www.openstreetmap.org/way/264131973
https://www.dumboparis.com/shoreditch,own site,Dumbo Shoreditch,Tower Hamlets,Bethnal Green,Burger,contact@dumboparis.com,1,,119 Bethnal Green Road,E2 7DG,openstreetmap,,dumboparis,https://www.openstreetmap.org/node/13226005401
https://dzrt.co.uk,own site,Dzrt,Tower Hamlets,Old Ford,Ice cream,info@dzrt.co.uk,1,+44 7383 777 888,622 Roman Road,E3 2RW,openstreetmap,,,https://www.openstreetmap.org/node/13787668357
https://epellicci.co.uk/,own site,E. Pellicci,Tower Hamlets,Bethnal Green,Italian,epelliccicafe@gmail.com,1,+44 20 7739 4873,332 Bethnal Green Road,E2 0AG,openstreetmap,,pelliccicafe,https://www.openstreetmap.org/node/1024570955
https://www.e3vegan.com/,own site,E3 Vegan,Tower Hamlets,Bow,Restaurant,e3vegan@gmail.com,1,+44 20 3859 9798,357 Roman Road,E3 5QR,openstreetmap,,,https://www.openstreetmap.org/way/744654196
https://e5bakehouse.com/poplar-bakehouse,own site,e5 Poplar Bakehouse,Tower Hamlets,Poplar,Bakery,info@e5bakehouse.com,1,+44 20 7537 2979,2 Cotall Street,E14 6TL,openstreetmap,,,https://www.openstreetmap.org/node/4868244109
https://east-pizzeria.co.uk/,"own site (found by name, postcode verified)",East Pizzeria,Tower Hamlets,Whitechapel,Pizza,,1,,"16 Philpot Street, London",E1 2DW,food standards agency,,,https://ratings.food.gov.uk/business/1815367
https://www.eleanorarms.co.uk/,own site,Eleanor Arms,Tower Hamlets,Old Ford,Pub,,1,,460 Old Ford Road,E3 5JP,openstreetmap,,,https://www.openstreetmap.org/way/288532780
https://www.elysyardsocial.com/,"own site (found by name, postcode verified)",Elys Yard Social,Tower Hamlets,Spitalfields,Pub,info@elysyardsocial.com,1,,"Elys Yard Social, 15 Hanbury Street, London",E1 6QR,food standards agency,,,https://ratings.food.gov.uk/business/92753
https://www.emiliaspasta.com/,own site,Emilia's,Tower Hamlets,Whitechapel,Italian,aldgate@emiliaspasta.com,5,+44 20 7702 9944,77 Alie Street,E1 8NH,openstreetmap,,,https://www.openstreetmap.org/node/6544359652
https://www.ensolounge.com/,own site,Enso Lounge,Tower Hamlets,Spitalfields,Asian; Sushi,info@ensolondon.uk,1,,124-126 Brick Lane,E1 6RL,openstreetmap,,,https://www.openstreetmap.org/way/270438730
https://essentialvegan.uk/,own site,Essential Vegan Cafe,Tower Hamlets,Old Ford,Cafe,,1,,96 White Post Lane,E9 5EN,openstreetmap,,,https://www.openstreetmap.org/node/7549424965
https://www.ethicalbeancompany.com/,own site,Ethical Bean Company,Tower Hamlets,Old Ford,Cafe,hello@ethicalbeancompany.com,1,+44 7379 699318,41 Dace Road,E3 2NG,openstreetmap,The-Ethical-Bean-Company-327897081226534,ethicalbeancompany,https://www.openstreetmap.org/way/474491361
https://www.instagram.com/eye_falafel_london,instagram,Eye Falafel,Tower Hamlets,Spitalfields,Takeaway,,1,+44 7411 111343,Goulston Street,,openstreetmap,,eye_falafel_london,https://www.openstreetmap.org/node/13975786901
https://www.fattoamanopizza.com/locations/bethnal-green-london/,own site,Fatto a mano,Tower Hamlets,Bethnal Green,Pizza,,1,+44 203 621 2029,250 Paradise Row,E2 9LE,openstreetmap,,,https://www.openstreetmap.org/node/3095255027
https://www.facebook.com/people/FAVE-Coffee/100083833455656/,own site,Fave Coffee Truck,Tower Hamlets,Canary Wharf,Breakfast,favecoffee@yahoo.com,1,+44 7446 879067,Crossrail Place,,openstreetmap,,,https://www.openstreetmap.org/node/11128154046
https://fennoodles.co.uk/,own site,Fen Noodles,Tower Hamlets,Spitalfields,Asian,info@fennoodles.co.uk,1,,Brushfield Street,E1 6BG,openstreetmap,,,https://www.openstreetmap.org/node/13809082001
https://restaurants.fiveguys.co.uk/greater-london/units-22/23,own site,Five Guys,Tower Hamlets,Canary Wharf,Burger,,1,,45 Bank Street,E14 5NY,openstreetmap,,,https://www.openstreetmap.org/node/7098936634
https://flatironsteak.co.uk/restaurant/spitalfields,own site,Flat Iron Spitalfields,Tower Hamlets,Spitalfields,Steak,sustainability@flatironsteak.co.uk,1,,88-90 Commercial Street,E1 6LY,openstreetmap,,,https://www.openstreetmap.org/node/3986104047
https://raggedschoolmuseum.org.uk/ragged-cafe/,own site,Forno Ragged Café,Tower Hamlets,Bromley (also Bromley-by-Bow),Cafe,,1,,46-50 Copperfield Road,E3 4RR,openstreetmap,,forno.rc.london,https://www.openstreetmap.org/node/7445036505
https://www.francomanca.co.uk/restaurants/canary-wharf/,own site,Franco Manca,Tower Hamlets,Canary Wharf,Pizza,,1,,1 Crossrail Place,E14 5AR,openstreetmap,,,https://www.openstreetmap.org/node/7182075443
https://www.franzeevans.com/,own site,Franzè & Evans,Tower Hamlets,Bethnal Green,Cafe,info@franzeevans.com,1,+44 20 7033 1910,101 Redchurch Street,E2 7DL,openstreetmap,,,https://www.openstreetmap.org/way/373262256
https://frequencycoffee.com/,own site,Frequency Coffee Aldgate,Tower Hamlets,Whitechapel,Breakfast; Deli,info@frequencycoffee.com,1,,15 Leman Street,E1 8EN,openstreetmap,,,https://www.openstreetmap.org/node/8091537625
https://www.gkelly.london/,own site,G. Kelly,Tower Hamlets,Bow,Restaurant,eat@gkelly.london,1,+44 20 8980 3165,526 Roman Road,E3 5ES,openstreetmap,gkellylondon,gkellylondon,https://www.openstreetmap.org/node/2949580043
https://gails.com/pages/canary-wharf-waitrose,own site,GAIL's,Tower Hamlets,Canary Wharf,Bakery,,1,+44 20 3848 7648,16-19 Canada Square,E14 5EQ,openstreetmap,,,https://www.openstreetmap.org/node/12962155286
https://gails.com/pages/spitalfields,own site,GAIL's,Tower Hamlets,Spitalfields,Bakery,,1,+442070929886,11a Lamb Street,E1 6EA,openstreetmap,GAILs.Bakery,gailsbakery,https://www.openstreetmap.org/way/276045635
https://www.stmargaretshouse.org.uk/the-gallery-cafe,own site,Gallery Café,Tower Hamlets,Bethnal Green,Cafe,administrator@stmargaretshouse.org.uk,1,,15-23 Old Ford Road,E2 9PJ,openstreetmap,,,https://www.openstreetmap.org/node/1212531400
https://canarywharf.com/eating-drinking/directory/gallio/,own site,Gallio,Tower Hamlets,Canary Wharf,Restaurant,,1,,15 Cabot Square,E14 4QT,openstreetmap,,,https://www.openstreetmap.org/node/10092576625
https://galvinrestaurants.com/restaurant/galvin-bistrot-and-bar/,own site,Galvin Bistrot & Bar,Tower Hamlets,Spitalfields,French,elise@galvinrestaurants.com,1,+44 20 7299 0404,35 Spital Square,E1 6DY,openstreetmap,,,https://www.openstreetmap.org/node/4702641536
https://galvinrestaurants.com/galvin-la-chapelle/,"own site (found by name, postcode verified)",Galvin La Chapelle,Tower Hamlets,Spitalfields,Restaurant,elise@galvinrestaurants.com,1,,35 Spital Square,E1 6DY,openstreetmap,,,https://www.openstreetmap.org/way/107797506
https://gauchorestaurants.com/restaurants/canary-wharf/,own site,Gaucho,Tower Hamlets,Canary Wharf,Restaurant,info@gauchorestaurants.com,1,,29 Westferry Circus,E14 8RR,openstreetmap,,,https://www.openstreetmap.org/way/267333160
https://geckocoffee.house/,own site,Gecko Coffeehouse,Tower Hamlets,Spitalfields,Breakfast,team@geckocoffee.house,1,,49 Bethnal Green Road,E1 6LA,openstreetmap,,,https://www.openstreetmap.org/way/373262267
https://canarywharf.com/eating-drinking/directory/german-doner-kebab/,own site,German Doner Kebab,Tower Hamlets,Canary Wharf,Takeaway,,1,,15 Cabot Square,E14 4QS,openstreetmap,,,https://www.openstreetmap.org/node/10092576622
https://linktr.ee/getstuffedresturant,own site,Get Stuffed!,Tower Hamlets,Shadwell,Burger; Halal,,1,+442077809040,367 Commercial Road,E1 2PS,openstreetmap,,,https://www.openstreetmap.org/way/820175276
https://www.ginboshisushi.co.uk/,"own site (found by name, postcode verified)",Ginboshi Sushi,Tower Hamlets,Spitalfields,Sushi,,1,,"48 Brick Lane, London",E1 6RF,food standards agency,,,https://ratings.food.gov.uk/business/1911374
https://www.jdwetherspoon.com/pubs/all-pubs/england/london/goodmans-field-tower-hamlets,own site,Goodman's Field,Tower Hamlets,Whitechapel,Pub,,1,,87-91 Mansell Street,E1 8AP,openstreetmap,,,https://www.openstreetmap.org/node/12529152052
https://markethalls.co.uk/trader/gopals/,own site,Gopal's Corner,Tower Hamlets,Canary Wharf,Asian,press@markethalls.co.uk,1,,,,openstreetmap,,,https://www.openstreetmap.org/node/9845461170
https://www.graambangla.co.uk/,"own site (found by name, postcode verified)",Graam Bangla,Tower Hamlets,Spitalfields,Restaurant,hello@graambangla.co.uk,1,,"Graam Bangla, 68 Brick Lane, London",E1 6RL,food standards agency,,,https://ratings.food.gov.uk/business/74217
https://www.grandrasoi-e1.co.uk/,own site,Grand Rasoi,Tower Hamlets,Stepney,Restaurant,,1,,194 Mile End Road,,openstreetmap,,,https://www.openstreetmap.org/node/13606002637
https://greedycow.com/,own site,Greedy Cow,Tower Hamlets,Bow,Burger,,1,+44 20 8983 3304,2 Grove Road,E3 5AX,openstreetmap,,,https://www.openstreetmap.org/node/13191221852
https://www.instagram.com/greedycowbakes,instagram,Greedy Cow Bakes,Tower Hamlets,Bethnal Green,Bakery,,1,,395 Hackney Road,E2 8PP,openstreetmap,,greedycowbakes,https://www.openstreetmap.org/node/12652355801
https://greenglowtakeaway.co.uk,own site,Green Glow,Tower Hamlets,Bethnal Green,Takeaway,info@greenglowtakeaway.co.uk,1,,,,openstreetmap,,,https://www.openstreetmap.org/way/934314867
https://www.greengooselondon.com/,own site,Green Goose,Tower Hamlets,Bow,Pub,,1,,112 Anglo Road,E3 5HD,openstreetmap,,,https://www.openstreetmap.org/way/429089060
https://www.greggs.com/shops/bethnal-green/tesco-express/6403,own site,Greggs,Tower Hamlets,Bethnal Green,Bakery; Deli,,1,,361 Bethnal Green Road,E2 0AN,openstreetmap,,,https://www.openstreetmap.org/node/12372498193
https://www.grill-inn.co.uk/,own site,Grill-Inn,Tower Hamlets,Canary Wharf,Takeaway,,1,+44 20 3817 0888,53 West India Dock Road,E14 8HN,openstreetmap,,,https://www.openstreetmap.org/node/6986944769
https://grind.co.uk/,"own site (found by name, postcode verified)",Grind,Tower Hamlets,Spitalfields,Breakfast; Food truck,hello@grind.co.uk,1,,43 Brushfield Street,E1 6AA,openstreetmap,,,https://www.openstreetmap.org/node/10601474130
https://grounded-coffee.co.uk/,own site,Grounded,Tower Hamlets,Bow,Cafe,bow@groundedcoffee.co.uk,1,+44 20 3876 8716,90-92 Bow Road,E3 3AA,openstreetmap,,,https://www.openstreetmap.org/node/11465992757
https://www.grubboxldn.com/,own site,Grubboxldn,Tower Hamlets,Limehouse,Takeaway,,1,,30 Blount Street,E14 7RL,openstreetmap,,,https://www.openstreetmap.org/node/13330493958
https://gugsu.co.uk,own site,Gugsu,Tower Hamlets,Whitechapel,Asian; Halal,,1,+44 7404 856910,68 Whitechapel High Street,E1 7PL,openstreetmap,,,https://www.openstreetmap.org/node/9505182950
http://gunpowderlondon.com/,own site,Gunpowder,Tower Hamlets,Spitalfields,Indian,hello@gunpowderlondon.com,1,+44 20 7426 0542,11 White's Row,E1 7NF,openstreetmap,,,https://www.openstreetmap.org/node/12543995831
https://gustacoffee.co.uk/,own site,Gusta Coffee,Tower Hamlets,Whitechapel,Cafe,,1,,91 Fieldgate Street,E1 1JU,openstreetmap,,,https://www.openstreetmap.org/node/4237984103
https://www.thehagenproject.com/,own site,Hagen,Tower Hamlets,Canary Wharf,Breakfast,contact@thehagenproject.com,1,,Mackenzie Walk,E14 5EZ,openstreetmap,,,https://www.openstreetmap.org/node/14159942729
https://www.instagram.com/haggerstonperk,instagram,Haggerston Perk,Tower Hamlets,Bethnal Green,Cafe,,1,,,,openstreetmap,,haggerstonperk,https://www.openstreetmap.org/node/13845219929
https://hajibiryanilondon.odoo.com/,own site,Haji Biryani London,Tower Hamlets,Whitechapel,Asian; Indian,,1,,5 Mile End Road,E1 4TP,openstreetmap,,,https://www.openstreetmap.org/node/13323260001
https://www.halalrest.co.uk/,own site,Halal,Tower Hamlets,Whitechapel,Halal; Indian,,1,+44 20 7481 1700,2 St Mark Street,E1 8DJ,openstreetmap,,,https://www.openstreetmap.org/node/7039548577
https://happydays-restaurant.co.uk/,own site,Happy Days,Tower Hamlets,Spitalfields,Seafood,happydaysfishandchips@gmail.com,1,+44 20 7377 9815,44/46 Goulston Street,E1 7TP,openstreetmap,,,https://www.openstreetmap.org/node/3728278239
https://thehawksmoor.com/locations/spitalfields,own site,Hawksmoor,Tower Hamlets,Spitalfields,Steak,spitalfields@thehawksmoor.com,1,+44 20 7426 4850,157a Commercial Street,E1 6BJ,openstreetmap,,,https://www.openstreetmap.org/node/2809384384
https://www.heytea.com,own site,Heytea,Tower Hamlets,Canary Wharf,Cafe,,1,,,,openstreetmap,,,https://www.openstreetmap.org/node/13775396501
https://www.hohaki.com/,"own site (found by name, postcode verified)",Hohaki,Tower Hamlets,Spitalfields,Asian,hello@hohaki.com,1,,68 Middlesex Street,E1 7EZ,openstreetmap,,,https://www.openstreetmap.org/way/204000348
https://www.hokolondon.co/,"own site (found by name, postcode verified)",Hoko,Tower Hamlets,Spitalfields,Restaurant,info@hokolondon.co,2,,"Hoko, 224 Brick Lane, London",E1 6SA,food standards agency,,,https://ratings.food.gov.uk/business/1221420
https://www.holycowonline.com/locations/limehouse-canary-wharf-indian-restaurant/,own site,Holy Cow,Tower Hamlets,Limehouse,Indian,canarywharf@holycowonline.com,1,+44 20 7790 7688,51 Narrow Street,E14 8DN,openstreetmap,,,https://www.openstreetmap.org/node/259086195
https://hottopotto.co.uk/,own site,Hotto Potto,Tower Hamlets,Whitechapel,Asian; Chinese,info@hottopotto.co.uk,1,+44 20 7553 0188,17 Leman Street,E1 8EJ,openstreetmap,,,https://www.openstreetmap.org/node/11162426138
https://howlinghops.co.uk/,own site,Howling Hops Tank Bar,Tower Hamlets,Old Ford,Bar,info@howlinghops.co.uk,1,,43 White Post Lane,E9 5EN,openstreetmap,https://www.facebook.com/howlinghops/,,https://www.openstreetmap.org/node/3592458098
https://www.hwklondon.com/,own site,HWK Coffee,Tower Hamlets,Old Ford,Breakfast,info@hwklondon.com,1,+44 20 8533 4685,29 White Post Lane,E9 5EN,openstreetmap,,hwkcoffee,https://www.openstreetmap.org/node/7137718121
https://www.hyatt.com/hyatt-place/en-US/lhrzc-hyatt-place-london-city-east,own site (Wikidata),Hyatt Place London City East,Tower Hamlets,Whitechapel,Restaurant,,1,,"Hyatt Place London City East  Black Lion House, 45 Whitechapel Road, London",E1 1DU,food standards agency,,,https://ratings.food.gov.uk/business/1394621
https://ilbianco.co.uk/,own site,Il Bianco,Tower Hamlets,Blackwall,Italian,info@ilbianco.co.uk,1,,2 Biscayne Avenue,E14 9QT,openstreetmap,,,https://www.openstreetmap.org/node/1936869841
https://www.inamo-restaurant.com/,own site,Inamo Sushi,Tower Hamlets,Canary Wharf,Asian; Sushi,reservations@inamo-restaurant.com,1,,25 North Colonnade,E14 5HS,openstreetmap,,,https://www.openstreetmap.org/node/9845461167
https://www.indiangreedycow.co.uk/,own site,Indian Greedy Cow,Tower Hamlets,Bethnal Green,Indian,info@indiangreedycow.co.uk,1,+44 20 7739 4884,310 Hackney Road,E2 7SJ,openstreetmap,,,https://www.openstreetmap.org/way/1018578020
https://www.inisfishisland.com/,own site,Inis,Tower Hamlets,Old Ford,Cafe,hello@inisfishisland.com,1,,13 Rookwood Way,,openstreetmap,,inisfishisland,https://www.openstreetmap.org/node/11931159734
https://stores.ippudo.com/en_gb/UK002,own site,Ippudo,Tower Hamlets,Canary Wharf,Asian; Japanese,,1,,1 Crossrail Place,E14 5AR,openstreetmap,,,https://www.openstreetmap.org/node/6019685657
https://www.instagram.com/islandcoffeepoplar/,own site,Island Coffee,Tower Hamlets,Poplar,Breakfast,,1,,47B Upper North Street,E14 6FY,openstreetmap,,islandcoffeepoplar,https://www.openstreetmap.org/node/13296320201
https://www.itsu.com/location/east-london/jubilee-place/,own site,itsu,Tower Hamlets,Canary Wharf,Asian,appfeedback@itsu.com,1,,45 Bank Street,E14 5NY,openstreetmap,,,https://www.openstreetmap.org/node/7098936638
https://www.itsu.com/location/east-london/canary-wharf-canada-place/,own site,itsu,Tower Hamlets,Canary Wharf,Asian,appfeedback@itsu.com,1,,38 Canada Square,E14 5AH,openstreetmap,,,https://www.openstreetmap.org/node/7118074388
https://jannacafe.co.uk/,"own site (found by name, postcode verified)",Janna Cafe,Tower Hamlets,Whitechapel,Restaurant,,1,,"Ground, 48 Fieldgate Street, London",E1 1ES,food standards agency,,,https://ratings.food.gov.uk/business/1644474
https://www.jentea.co.uk/,"own site (found by name, postcode verified)",Jen Tea,Tower Hamlets,Spitalfields,Cafe,,1,,16 Artillery Passage,E1 7LJ,openstreetmap,,,https://www.openstreetmap.org/node/347542399
https://jolenebakery.com,own site,Jolene Redchurch Street,Tower Hamlets,Bethnal Green,Bakery,office@jolenebakery.com,1,,67 Redchurch Street,E2 7DJ,openstreetmap,,,https://www.openstreetmap.org/way/373118133
https://kahaila.com/,"own site (found by name, postcode verified)",Kahaila,Tower Hamlets,Spitalfields,Cafe,info@kahaila.com,1,,135 Brick Lane,E1 6SB,openstreetmap,,,https://www.openstreetmap.org/way/271645800
https://kerbsportsbar.com/,"own site (found by name, postcode verified)",Kerb Social Club,Tower Hamlets,Spitalfields,Takeaway,hello.spitalfields@kerbsportsbar.com,1,,5 Horner Square,E1 6EW,openstreetmap,,,https://www.openstreetmap.org/way/276058221
https://www.kfc.co.uk/kfc-near-me/london-tower-hill,own site,KFC,Tower Hamlets,Tower Hill,Takeaway,,1,,2 Tower Hill Terrace,EC3N 4EE,openstreetmap,,,https://www.openstreetmap.org/node/694824539
https://www.kfc.co.uk/kfc-near-me/bethnal-green,own site,KFC,Tower Hamlets,Bethnal Green,Takeaway,,1,,406 Bethnal Green Road,E2 0AH,openstreetmap,,,https://www.openstreetmap.org/node/1706048239
https://www.kfc.co.uk/kfc-near-me/london-mile-end-road,own site,KFC,Tower Hamlets,Bow,Takeaway,,1,,381 Mile End Road,E3 4QS,openstreetmap,,,https://www.openstreetmap.org/node/13191175474
https://www.kfc.co.uk/kfc-near-me/whitechapel-high-street,own site,KFC,Tower Hamlets,Whitechapel,Halal,,1,,84 Whitechapel High Street,E1 7QX,openstreetmap,,,https://www.openstreetmap.org/way/264131968
http://www.kilikyas.com,own site,Kilikya's,Tower Hamlets,Wapping,Restaurant,,1,+44 20 7488 0813;+44 7702 292 510,East Smithfield,E1W 1AT,openstreetmap,,,https://www.openstreetmap.org/node/4167450911
https://www.instagram.com/cookdailylondon,instagram,King Cookdaily,Tower Hamlets,Spitalfields,Takeaway,,1,,10 Hanbury Street,E1 6QR,openstreetmap,,cookdailylondon,https://www.openstreetmap.org/way/157322984
https://www.kolamba.co.uk/,"own site (found by name, postcode verified)",Kolamba,Tower Hamlets,Spitalfields,Restaurant,hello@kolamba.co.uk,2,,"Kolamba, 12 Blossom Street, London",E1 6PL,food standards agency,,,https://ratings.food.gov.uk/business/1707615
https://www.kolamba.co.uk/kolamba-east,own site,Kolamba East,Tower Hamlets,Spitalfields,Indian,hello@kolambaeast.co.uk,1,+44 20 3435 7174,12 Blossom Street,E1 6PL,openstreetmap,,kolamba.ldn,https://www.openstreetmap.org/node/12725076101
https://shops.krispykreme.co.uk/canary-wharf,own site,Krispy Kreme,Tower Hamlets,Canary Wharf,Donuts,customercare@krispykreme.co.uk,1,,38 Canada Square,E14 5AH,openstreetmap,,,https://www.openstreetmap.org/node/7118074387
https://kuukisushi9.co.uk/,"own site (found by name, postcode verified)",Kuuki Sushi 9,Tower Hamlets,Spitalfields,Sushi,kuukisushi9@gmail.com,1,,"59 Fashion Street, London",E1 6PX,food standards agency,,,https://ratings.food.gov.uk/business/1863398
https://kylaslondon.co.uk/,own site,Kyla's Cafe Bistro,Tower Hamlets,Isle of Dogs,French,,1,,14 Turnberry Quay,E14 9GY,openstreetmap,,,https://www.openstreetmap.org/node/11758736206
https://www.lafigarestaurant.co.uk/,own site,La Figa,Tower Hamlets,Limehouse,Italian,info@lafigarestaurant.co.uk,1,+44 20 7790 0077,45 Narrow Street,E14 8DX,openstreetmap,,,https://www.openstreetmap.org/node/259086194
https://www.la-tagliata.com/,"own site (found by name, postcode verified)",La Tagliata,Tower Hamlets,Spitalfields,Italian,city@la-tagliata.com,1,,11 Sandy's Row,E1 7HW,openstreetmap,,,https://www.openstreetmap.org/way/107796337
http://www.lahore-kebabhouse.com,own site,Lahore Kebab House,Tower Hamlets,Whitechapel,Indian,,1,+44 20 7481 9737;+44 20 7488 2551,2-4 Umberston Street,E1 1PY,openstreetmap,,,https://www.openstreetmap.org/way/365883989
https://www.lahoreone.co.uk/,"own site (found by name, postcode verified)",Lahore One,Tower Hamlets,Whitechapel,Indian,,1,,218 Commercial Road,E1 2JT,openstreetmap,,,https://www.openstreetmap.org/way/833689299
https://lahpet.co.uk/,"own site (found by name, postcode verified)",Lahpet,Tower Hamlets,Spitalfields,Restaurant,reservations@lahpet.co.uk,2,,58 Bethnal Green Road,E1 6JW,openstreetmap,,,https://www.openstreetmap.org/way/638542133
https://lanternafishisland.com/,own site,Lanterna,Tower Hamlets,Old Ford,Pizza,contact@lanternafishisland.com,1,+44 20 8075 9888,2 Wyke Road,E3 2XD,openstreetmap,,,https://www.openstreetmap.org/node/9848721054
https://iguanas.co.uk/,chain site (same name as 4 mapped branches),Las Iguanas,Tower Hamlets,Spitalfields,Restaurant,basingstoke@iguanas.co.uk,1,,1 Horner Square,E1 6EW,openstreetmap,,,https://www.openstreetmap.org/way/276058210
https://www.layersbakery.uk/,own site,Layers,Tower Hamlets,Blackwall,Bakery,hello@layersbakery.uk,1,,68 Orchard Place,E14 0JW,openstreetmap,,layersbakerylondon,https://www.openstreetmap.org/node/11737587767
https://www.cakesbylachi.com/,own site,LA’Chi,Tower Hamlets,Canary Wharf,Cafe,info@cakesbylachi.com,1,+447969394324,1 Pennyfields,E14 8HP,openstreetmap,,,https://www.openstreetmap.org/way/351862778
https://www.lemanbar.com/,"own site (found by name, postcode verified)",Leman Bar,Tower Hamlets,Whitechapel,Pub,,1,,"Leman Bar, 19a Leman Street, London",E1 8EN,food standards agency,,,https://ratings.food.gov.uk/business/83331
https://www.lemanstreettavern.co.uk/,own site,Leman Street Tavern,Tower Hamlets,Whitechapel,Restaurant,lemanstreettavern@geronimo-inns.co.uk,1,+44 20 3437 0001,31 Leman Street,E1 8PT,openstreetmap,,,https://www.openstreetmap.org/node/4001619076
https://leon.co/restaurants/canary-wharf-jubilee-place/,own site,LEON,Tower Hamlets,Canary Wharf,Burger; Deli,strand@leon.co,1,,45 Bank Street,E14 5NY,openstreetmap,,,https://www.openstreetmap.org/node/7178540972
https://www.facebook.com/LimeBarRestaurant/,facebook,Lime,Tower Hamlets,Canary Wharf,Indian,,1,,1 Manilla Street,E14 8JZ,openstreetmap,https://www.facebook.com/LimeBarRestaurant/,https://www.instagram.com/limebarrestaurant/,https://www.openstreetmap.org/node/3745103747
https://loadedandsmashed.co.uk/,"own site (found by name, postcode verified)",Loaded and Smashed Ltd,Tower Hamlets,Whitechapel,Takeaway,,1,,"18 Philpot Street, London",E1 2DW,food standards agency,,,https://ratings.food.gov.uk/business/1954993
https://www.londonnightcafe.co.uk/,own site,London Night Cafe,Tower Hamlets,Spitalfields,Cafe,,1,,56,,openstreetmap,,londonnightcafe,https://www.openstreetmap.org/node/13076101501
https://lordnapierstar.co.uk/,own site,Lord Napier and Star,Tower Hamlets,Old Ford,Pub,info@lordnapierstar.co.uk,1,+44 20 8161 4338,25 White Post Lane,E9 5EN,openstreetmap,,lordnapierstar,https://www.openstreetmap.org/way/525700383
https://www.loveshackldn.com/,own site,Love Shack,Tower Hamlets,Bethnal Green,Burger,events@loveshackldn.com,1,,298-299 Cambridge Heath Road,E2 9HA,openstreetmap,,loveshack_ldn,https://www.openstreetmap.org/node/5671603521
https://www.lvls.london/,own site,Lvls,Tower Hamlets,Old Ford,Pub,info@lvls.london,1,,Succession Walk,E3 2RX,openstreetmap,,,https://www.openstreetmap.org/node/12531850553
https://madcats.uk/,"own site (found by name, postcode verified)",Mad Cats,Tower Hamlets,Bethnal Green,Pub,info@madcats.uk,1,,107 Redchurch Street,E2 7DL,openstreetmap,,,https://www.openstreetmap.org/way/373262266
https://www.madinagrill.co.uk/,"own site (found by name, postcode verified)",Madina Grill,Tower Hamlets,Whitechapel,Restaurant,,1,,135 Cannon Street Road,E1 2LX,openstreetmap,,,https://www.openstreetmap.org/way/374494840
https://www.maeandharvey.com/,own site,Mae + Harvey,Tower Hamlets,Bow,Cafe,natasha@maeandharvey.com,1,,414-416 Roman Road,,openstreetmap,,,https://www.openstreetmap.org/way/1396546674
https://www.maincharacterbooks.co.uk/,"own site (found by name, postcode verified)",Main Character Books,Tower Hamlets,Spitalfields,Takeaway,hello@maincharacterbooks.co.uk,1,,"Main Character Books Unit 1, 30 Spital Square, London",E1 6DX,food standards agency,,,https://ratings.food.gov.uk/business/654246
https://www.mame.london/,own site,Mame,Tower Hamlets,Old Ford,Asian; Japanese,contact@slotnaga777.me,1,,451 Wick Lane,E3 2TB,openstreetmap,,,https://www.openstreetmap.org/node/8816648103
https://www.mandalacafe.co.uk/,"own site (found by name, postcode verified)",Mandala Cafe,Tower Hamlets,Bethnal Green,Restaurant,info@mandalacafe.co.uk,1,,"241-243 Globe Road, London",E2 0JD,food standards agency,,,https://ratings.food.gov.uk/business/1675195
https://www.marriott.com/en-us/dining/restaurant-bar/loncw-london-marriott-hotel-canary-wharf/5774905-manhattan-grill.mi,"own site (found by name, postcode verified)",Manhattan Grill,Tower Hamlets,Canary Wharf,Restaurant,manhattangrill@marriott.com,1,,22 Hertsmere Road,E14 4ED,openstreetmap,,,https://www.openstreetmap.org/node/8580730152
https://maplebrunch.co.uk/,own site,Maple,Tower Hamlets,Bethnal Green,Cafe,,1,+44 20 7646 2572,393 Cambridge Heath Road,E2 9RA,openstreetmap,,,https://www.openstreetmap.org/node/7668007685
https://marceline.london,own site,Marceline,Tower Hamlets,Canary Wharf,French,hello@marceline.london,1,+44 20 7554 3344,5 Water Street,E14 5GX,openstreetmap,,,https://www.openstreetmap.org/node/12241072301
https://markethalls.co.uk/venue/canary-wharf/,own site,Market Halls Cargo Canary Wharf,Tower Hamlets,Canary Wharf,Food court,events@markethalls.co.uk,1,,26 North Colonnade,E14 5HD,openstreetmap,,,https://www.openstreetmap.org/node/9845461162
https://www.craftunionpubs.com/marquis-of-cornwallis-bethnal-green,own site,Marquis of Cornwallis,Tower Hamlets,Bethnal Green,Pub,stonegatepress@stonegategroup.co.uk,1,,304 Bethnal Green Road,E2 0AG,openstreetmap,,,https://www.openstreetmap.org/way/1059879142
https://marugame.co.uk/blog/location/canary-wharf/,own site,Marugame Udon,Tower Hamlets,Canary Wharf,Asian,,1,,15 Cabot Square,E14 4QT,openstreetmap,,,https://www.openstreetmap.org/node/10092576621
https://www.mcdonalds.com/gb/en-gb/location/tower-hamlets/commercial-road/201217-commercial-road/8261127.html,own site,McDonald's,Tower Hamlets,Whitechapel,Burger,,1,+44 20 7790 8238,201-217 Commercial Road,E1 2BT,openstreetmap,,,https://www.openstreetmap.org/node/260124921
https://www.mcdonalds.com/gb/en-gb/location/bethnal-green/bethnal-green/432436-bethnal-green-road/8260190.html,own site,McDonald's,Tower Hamlets,Bethnal Green,Burger,,1,+44 20 7729 6660,432-436 Bethnal Green Road,E2 0DJ,openstreetmap,,,https://www.openstreetmap.org/node/1706048232
https://www.mcdonalds.com/gb/en-gb/location/bow/bow---payne-road/bow-flyover/8261263.html,own site,McDonald's,Tower Hamlets,Bromley (also Bromley-by-Bow),Burger,,1,+44 20 8981 3085,4 Payne Road,E3 2SP,openstreetmap,,,https://www.openstreetmap.org/way/450902159
https://www.mcdonalds.com/gb/en-gb/location/shadwell/highway-shadwell/102106-the-highway-westbound/8260655.html,own site,McDonald's,Tower Hamlets,Wapping,Burger,,1,+44 20 7481 2577,102 The Highway,E1W 2BX,openstreetmap,,,https://www.openstreetmap.org/way/971378548
https://mehmetefendi.co.uk/,own site,Mehmet Efendi,Tower Hamlets,Whitechapel,Bakery,,3,,140 Whitechapel Road,,openstreetmap,,,https://www.openstreetmap.org/node/9926481415
https://memsahebe14.uk/home,own site,Memsaheb,Tower Hamlets,Cubitt Town,Indian,,1,,65-67 Amsterdam Road,E14 3UU,openstreetmap,,,https://www.openstreetmap.org/node/266416976
https://www.meraz.co.uk/,own site,Meraz,Tower Hamlets,Spitalfields,Indian,,1,,56 Hanbury Street,E1 5JL,openstreetmap,,,https://www.openstreetmap.org/node/12001580669
https://mercatometropolitano.com/locations/wood-wharf/,own site,Mercato Metropolitano,Tower Hamlets,Canary Wharf,Food court,info@mercatometropolitano.com,1,,6 George Street,E14 9QG,openstreetmap,https://www.facebook.com/MERCATOMETROPOLITANO/,mercatometropolitano,https://www.openstreetmap.org/way/1448693532
https://www.merchantandweaver.com/,"own site (found by name, postcode verified)",Merchant & Weaver,Tower Hamlets,Spitalfields,Restaurant,,1,,8A Lamb Street,E1 6EA,openstreetmap,,,https://www.openstreetmap.org/way/276045638
https://www.merkamo.co.uk/,"own site (found by name, postcode verified)",Merkamo,Tower Hamlets,Spitalfields,Restaurant,,2,,42 Hanbury Street,E1 5JL,openstreetmap,,,https://www.openstreetmap.org/node/4359090289
https://mexicanseoul.co.uk/,own site,Mexican Seoul,Tower Hamlets,Bow,Asian; Korean; Mexican,,1,,221 Grove Road,E3 5SN,openstreetmap,,,https://www.openstreetmap.org/node/11780093899
https://www.facebook.com/mightybitecafe,facebook,Mighty Bite,Tower Hamlets,Bow,Cafe,,1,,123 Bow Road,E3 2AN,openstreetmap,mightybitecafe,,https://www.openstreetmap.org/node/652850246
https://mikkeller.com/locations/mikkeller-bar-london,own site,Mikkeller Bar London,Tower Hamlets,Bethnal Green,Pub,shoreditch@mikkeller.com,1,,2-4 Hackney Road,E2 7NS,openstreetmap,https://www.facebook.com/mikkellerbarlondon,https://www.instagram.com/mikkellerbarlondon,https://www.openstreetmap.org/way/533902320
https://milanopizza-online.co.uk/,own site,Milano Pizza,Tower Hamlets,Bow,Burger; Pizza,,1,+44 20 8980 1777,8 Grove Road,E3 5AX,openstreetmap,,,https://www.openstreetmap.org/node/13191221846
https://www.mildreds.com/canary-wharf/,own site,Mildreds,Tower Hamlets,Canary Wharf,Restaurant,hello@mildreds.com,1,+442080508704,12 Park Drive,E14 9ZW,openstreetmap,,,https://www.openstreetmap.org/way/1449335671
https://www.instagram.com/minnies_coffeeandfood,instagram,Minnie's,Tower Hamlets,Bromley (also Bromley-by-Bow),Cafe,,1,,31 Stroudley Walk,E3 3ZR,openstreetmap,,minnies_coffeeandfood,https://www.openstreetmap.org/node/14159831937
https://thegaylord.co.uk/,own site,Mix N Grill,Tower Hamlets,Cubitt Town,Indian,,1,,141 Manchester Road,E14 3DN,openstreetmap,,,https://www.openstreetmap.org/node/7019961009
https://www.mos-shack.co.uk/,"own site (found by name, postcode verified)",Mo's Shack,Tower Hamlets,Bethnal Green,Restaurant,,1,,"130 Bethnal Green Road, London",E2 6DG,food standards agency,,,https://ratings.food.gov.uk/business/1582009
http://www.mogulskitchen.com,own site,Mogul's Kitchen,Tower Hamlets,Old Ford,Indian,,1,+44 20 8127 5660,609 Roman Road,E3 2RN,openstreetmap,,,https://www.openstreetmap.org/way/857939229
https://momlette.com/,own site,Momlette,Tower Hamlets,Spitalfields,Restaurant,hello@momlette.com,2,,,,openstreetmap,,,https://www.openstreetmap.org/node/10781433705
https://www.motherdoughpizza.co.uk/,own site,Mother Dough,Tower Hamlets,Wapping,Pizza,hello@motherdoughpizza.co.uk,2,,,E1W 2AE,openstreetmap,,,https://www.openstreetmap.org/node/14178743985
https://www.mowchi.me/,own site,Mowchi,Tower Hamlets,Mile End,Asian; Breakfast,,1,,450 Mile End Road,E1 4GG,openstreetmap,,,https://www.openstreetmap.org/node/13296325601
https://www.instagram.com/mr.sausage.london/,instagram,Mr. Sausage,Tower Hamlets,Spitalfields,Takeaway,,1,,,,openstreetmap,,https://www.instagram.com/mr.sausage.london/,https://www.openstreetmap.org/node/12189841207
https://www.mumlikesthaifood.com/,"own site (found by name, postcode verified)",Mum Likes Thai Food,Tower Hamlets,Bethnal Green,Restaurant,info@mumlikesthaifood.com,2,,"Mum Likes Thai Food, 107 Roman Road, London",E2 0QN,food standards agency,,,https://ratings.food.gov.uk/business/78170
https://www.myfavouritesandwich.co.uk/,"own site (found by name, postcode verified)",My Favourite Sandwich,Tower Hamlets,Spitalfields,Deli,,1,,141 Commercial Street,E1 6BJ,openstreetmap,,,https://www.openstreetmap.org/node/3841899553
https://nagare.co.uk/,own site,Nagare Coffee,Tower Hamlets,Spitalfields,Breakfast,,2,,40 Brushfield Street,E1 6AG,openstreetmap,,nagarecoffee,https://www.openstreetmap.org/way/39335870
https://www.nandos.co.uk/restaurants/bethnal-green,own site,Nando's,Tower Hamlets,Bethnal Green,Restaurant,,1,,366-368 Bethnal Green Road,E2 0AH,openstreetmap,,,https://www.openstreetmap.org/node/2323734616
https://www.nandos.co.uk/restaurants/canary-wharf-jubilee-place,own site,Nando's,Tower Hamlets,Canary Wharf,Restaurant,,1,,45 Bank Street,E14 5NY,openstreetmap,,,https://www.openstreetmap.org/node/7098936637
https://www.nandos.co.uk/restaurants/canary-wharf-cabot-place,own site,Nando's,Tower Hamlets,Canary Wharf,Restaurant,,1,,15 Cabot Square,E14 4QT,openstreetmap,,,https://www.openstreetmap.org/node/7228285479
https://www.nandos.co.uk/restaurants/spitalfields,own site,Nando's,Tower Hamlets,Spitalfields,Restaurant,,1,,114-118 Commercial Street,E1 6NF,openstreetmap,,,https://www.openstreetmap.org/way/157322988
https://www.nandos.co.uk/restaurants/whitechapel,own site,Nando's,Tower Hamlets,Stepney,Restaurant,,1,,9-25 Mile End Road,E1 4TP,openstreetmap,,,https://www.openstreetmap.org/way/404613968
https://www.nandos.co.uk/restaurants/mile-end,own site,Nando's,Tower Hamlets,Bow,Restaurant,,1,+44 208 981 9867,552 Mile End Road,E3 4PL,openstreetmap,,,https://www.openstreetmap.org/way/596073661
https://www.neat-burger.com/pages/store-canary-wharf,own site,Neat,Tower Hamlets,Canary Wharf,Burger; Deli,,1,,15 Cabot Square,E14 4QT,openstreetmap,,,https://www.openstreetmap.org/node/10092576623
https://needoogrill.co.uk/,"own site (found by name, postcode verified)",Needoo Grill,Tower Hamlets,Whitechapel,Restaurant,info@needoogrill.co.uk,1,,87 New Road,E1 1HH,openstreetmap,,,https://www.openstreetmap.org/node/5406251921
https://nicolas.co.uk/en/,"own site (found by name, postcode verified)",Nicolas,Tower Hamlets,Canary Wharf,Pub,,1,,"Nicholas  Unit RP480, 1 Canada Square, London",E14 5AX,food standards agency,,,https://ratings.food.gov.uk/business/70132
https://oldspitalfieldsmarket.com/food-and-drink/turkish-wrap-house,own site,Nilly’s Turkish Kitchen,Tower Hamlets,Spitalfields,Takeaway,colinjrosie@icloud.com,1,+447590516975,16 Horner Square,,openstreetmap,,,https://www.openstreetmap.org/node/14129608502
https://www.niuhotpot.co.uk/,own site,Niu Hotpot,Tower Hamlets,Spitalfields,Restaurant,info@niuhotpot.co.uk,1,+44 20 3332 2968,43 Commercial Street,E1 6BD,openstreetmap,,niuhotpot,https://www.openstreetmap.org/node/858387329
https://no35mackenziewalk.co.uk,own site,No 35 Mackenzie Walk,Tower Hamlets,Canary Wharf,Restaurant,reservations@no35mackenziewalk.co.uk,1,,29-35 Mackenzie Walk,E14 4PH,openstreetmap,,,https://www.openstreetmap.org/node/470300992
https://www.noodleandbeer.com/,"own site (found by name, postcode verified)",Noodle & Beer,Tower Hamlets,Spitalfields,Restaurant,info@noodleandbeer.com,2,,31 Bell Lane,E1 7LA,openstreetmap,,,https://www.openstreetmap.org/node/9013950368
http://noodleinn.com,own site,Noodle Inn,Tower Hamlets,Spitalfields,Asian; Chinese,,3,+44 20 3337 8473,100 Middlesex Street,E1 7EZ,openstreetmap,,,https://www.openstreetmap.org/node/14188659701
https://noodlestreet.co.uk/,own site,Noodle St,Tower Hamlets,Canary Wharf,Asian; Chinese,enquiries@noodlestreet.co.uk,1,+44 20 7987 8688,15-17 Pennyfields,E14 8HP,openstreetmap,,,https://www.openstreetmap.org/way/196757422
https://noxybrothers.com/,own site,Noxy Brothers,Tower Hamlets,Spitalfields,Cafe,info@noxybrothers.com,1,+44 7951 335101,105 Commercial Street,E1 6BG,openstreetmap,,,https://www.openstreetmap.org/node/13809070001
https://www.nudeespresso.com/,own site,Nude Coffee Roasters,Tower Hamlets,Spitalfields,Breakfast,roastery@nudeespresso.com,1,,25 Hanbury Street,,openstreetmap,,,https://www.openstreetmap.org/node/13101085518
https://bowarts.org/nunnery-gallery/nunnery-cafe,own site,Nunnery Café,Tower Hamlets,Bromley (also Bromley-by-Bow),Breakfast,,1,+44 20 8980 7774,181 Bow Road,E3 2SJ,openstreetmap,,,https://www.openstreetmap.org/node/3722077059
https://myoasisbar.co.uk/,"own site (found by name, postcode verified)",Oasis Bar and Terrace,Tower Hamlets,Canary Wharf,Pub,reservations@myoasisbar.co.uk,1,,"Oasis Bar and Terrace, 1 Canada Square, London",E14 5AB,food standards agency,,,https://ratings.food.gov.uk/business/1738634
https://obica.com/,own site,Obica,Tower Hamlets,Canary Wharf,Italian; Pizza,webmarketing@obica.com,1,+44 20 7719 1532,35 Bank Street,E14 5NW,openstreetmap,,,https://www.openstreetmap.org/node/2024044311
https://olivesandoregano.uk/,"own site (found by name, postcode verified)",Olives and Oregano,Tower Hamlets,Whitechapel,Takeaway,,1,,113 New Road,E1 1HJ,openstreetmap,,,https://www.openstreetmap.org/node/7841140122
https://www.onericelondon.com/,own site,One Rice,Tower Hamlets,Spitalfields,Asian; Chinese,fufu7755@gmail.com,1,+44 20 3859 5892,46 Brick Lane,E1 6RF,openstreetmap,,onericelondon,https://www.openstreetmap.org/way/267559627
https://www.onglaikopitiam.co.uk/home,own site,Ong Lai Kopitiam,Tower Hamlets,Blackwall,Asian,contact@onglaikopitiam.co.uk,1,,10 Harbord Square,E14 9TH,openstreetmap,,,https://www.openstreetmap.org/node/13266563039
https://www.oxfordhouse.org.uk/!#cafe-anchor,own site,Oxford House café,Tower Hamlets,Bethnal Green,Breakfast,info@oxfordhouse.org.uk,1,,Derbyshire Street,E2 6HG,openstreetmap,,,https://www.openstreetmap.org/node/11734204635
https://oysteria.co.uk/,"own site (found by name, postcode verified)",Oysteria,Tower Hamlets,Canary Wharf,Seafood,bookings@oysteria.co.uk,1,,40 Bank Street,E14 5NR,openstreetmap,,,https://www.openstreetmap.org/node/10734962173
https://www.palmgreens.co.uk/,"own site (found by name, postcode verified)",Palm Greens,Tower Hamlets,Bethnal Green,Restaurant,,1,,"114 Cheshire Street, London",E2 6EJ,food standards agency,,,https://ratings.food.gov.uk/business/1834226
https://pandyascanarywharf.co.uk/,"own site (found by name, postcode verified)",Pandya's,Tower Hamlets,Canary Wharf,Restaurant,,1,,"Pandya's, 11 Pennyfields, London",E14 8HP,food standards agency,,,https://ratings.food.gov.uk/business/150853
https://pandyasrestaurants.com/,own site,Pandyas Simply Indian Cuisine,Tower Hamlets,Canary Wharf,Indian,info@pandyasrestaurants.com,1,+44 20 7870 3304,11 Pennyfields,E14 8HP,openstreetmap,,,https://www.openstreetmap.org/way/351862784
https://www.papajohns.co.uk/stores/london-canary-wharf,own site,Papa John's,Tower Hamlets,Isle of Dogs,Pizza,,1,+44 20 7987 6767,Westward Parade,E14 9DZ,openstreetmap,,,https://www.openstreetmap.org/node/7075630836
https://www.papajohns.co.uk/stores/london-docklands,own site,Papa John's,Tower Hamlets,Poplar,Pizza,,1,+44 20 7537 7077,255-259 East India Dock Road,E14 0EG,openstreetmap,,,https://www.openstreetmap.org/node/7292211238
https://www.papajohns.co.uk/stores/london-aldgate,own site,Papa John's,Tower Hamlets,Wapping,Pizza,,1,+44 20 7702 2100,6 Cable Street,E1 8JG,openstreetmap,,,https://www.openstreetmap.org/way/257192109
https://pastaevangelists.com/,own site,Pasta Evangelists,Tower Hamlets,Canary Wharf,Italian,,1,,,,openstreetmap,,,https://www.openstreetmap.org/node/9845461168
https://www.instagram.com/pastaladolcevita,instagram,Pasta La Dolce Vita,Tower Hamlets,Spitalfields,Italian,,1,,83 Hanbury Street,E1 6QR,openstreetmap,,https://www.instagram.com/pastaladolcevita,https://www.openstreetmap.org/node/12262948205
https://www.pattyandbun.co.uk/,own site,Patty & Bun,Tower Hamlets,Canary Wharf,Burger,info@pattyandbun.co.uk,1,,15 Park Drive,E14 9GG,openstreetmap,,,https://www.openstreetmap.org/node/10034149594
https://www.paul-uk.com/find-a-paul/french-bakery-cafe-london/canary-wharf,own site,Paul,Tower Hamlets,Canary Wharf,Bakery; Deli,,1,,Cabot Square,E14 4QS,openstreetmap,,,https://www.openstreetmap.org/node/3835357199
https://paulieslondon.com/,own site,Paulie's,Tower Hamlets,Spitalfields,Italian,contact@paulieslondon.com,1,,144-146 Commercial Street,E1 6NU,openstreetmap,,,https://www.openstreetmap.org/node/14024981601
https://www.pavilionbread.com/,own site,Pavilion Cafe,Tower Hamlets,Bethnal Green,Breakfast,,1,+44 20 8980 0030,Old Ford Road,E9 7DE,openstreetmap,,pavilion_bakery,https://www.openstreetmap.org/way/221540559
https://perfettopizza.co.uk,own site,Perfetto Pizza,Tower Hamlets,Bethnal Green,Pizza,,1,+44 20 7646 2063,391 Cambridge Heath Road,E2 9RA,openstreetmap,,,https://www.openstreetmap.org/way/585988921
http://www.pilpel.co.uk/locations/#spitalfields,own site,Pilpel,Tower Hamlets,Spitalfields,Takeaway,,1,+44 20 7247 0146,38 Brushfield Street,E1 6AT,openstreetmap,,,https://www.openstreetmap.org/node/663673331
https://www.pizzagogo.co.uk/stores/bow,own site,Pizza GoGo,Tower Hamlets,Bow,Pizza,,1,+44 20 8980 4999,86 Hamlets Way,E3 4SY,openstreetmap,,,https://www.openstreetmap.org/node/13191195712
https://www.pizzahut.co.uk/huts/uk-1/822-docklands/,own site,Pizza Hut Delivery,Tower Hamlets,Poplar,Pizza,,1,+44 20 7987 1112,195-195a East India Dock Road,E14 0EA,openstreetmap,,,https://www.openstreetmap.org/node/7277080189
https://www.pizzapilgrims.co.uk/pizzerias/canary-wharf/,own site,Pizza Pilgrims,Tower Hamlets,Canary Wharf,Pizza,wiq@pizzapilgrims.co.uk,1,+44 20 3019 8020,12 Hertsmere Road,E14 4AF,openstreetmap,,,https://www.openstreetmap.org/way/183091364
https://www.players-social.com/,"own site (found by name, postcode verified)",Players Social,Tower Hamlets,Spitalfields,Restaurant,spitalfields@players-social.com,1,,"Players Social, 1 Crispin Place, London",E1 6DW,food standards agency,,,https://ratings.food.gov.uk/business/92456
https://www.polentina.com,own site,Polentina,Tower Hamlets,Bromley (also Bromley-by-Bow),Italian,info@polentina.com,1,,,,openstreetmap,,,https://www.openstreetmap.org/node/11047346891
https://www.potterandreid.com/,own site,Potter & Reid,Tower Hamlets,Spitalfields,Cafe,hello@potterandreid.com,1,,20-22 Toynbee Street,E1 7NE,openstreetmap,,,https://www.openstreetmap.org/node/9691994217
https://locations.pret.co.uk/london/retail-unit-sqp3,own site,Pret A Manger,Tower Hamlets,Isle of Dogs,Deli,,1,+44 20 7932 5358,77 Marsh Wall,E14 9SH,openstreetmap,,,https://www.openstreetmap.org/node/1708608213
https://locations.pret.co.uk/london/unit-13-(rt3),own site,Pret A Manger,Tower Hamlets,Canary Wharf,Deli,,1,+44 20 7932 5346,45 Bank Street,E14 5NY,openstreetmap,,,https://www.openstreetmap.org/node/2926272920
https://locations.pret.co.uk/london/unit-b2.s.50-7-west-ferry,own site,Pret A Manger,Tower Hamlets,Canary Wharf,Deli,,1,+44 20 7932 5283,7 Westferry Circus,E14 4HD,openstreetmap,,,https://www.openstreetmap.org/node/2926275227
https://www.pret.co.uk/en-GB/shop-finder/l/london/canada-place/10742,own site,Pret A Manger,Tower Hamlets,Canary Wharf,Deli,,1,,38 Canada Square,E14 5AH,openstreetmap,,,https://www.openstreetmap.org/node/3835357158
https://locations.pret.co.uk/london/retail-unit-1,own site,Pret A Manger,Tower Hamlets,Wapping,Deli,,1,+44 20 7932 5279,Thomas More Square,E1W 1YN,openstreetmap,,,https://www.openstreetmap.org/way/430651107
https://www.princessofprussia.co.uk/,"own site (found by name, postcode verified)",Princess Of Prussia,Tower Hamlets,Whitechapel,Pub,,1,,15 Prescot Street,E1 8AZ,openstreetmap,,,https://www.openstreetmap.org/way/107275360
https://quakerstreet.co.uk/,own site,Quaker Street Coffee & Bubble Tea,Tower Hamlets,Spitalfields,Cafe,info@quakerstreet.co.uk,1,+44 20 7377 2986,10 Quaker Street,E1 6SZ,openstreetmap,,,https://www.openstreetmap.org/node/5312104442
https://www.quarantacinque.co.uk/,"own site (found by name, postcode verified)",Quarantacinque,Tower Hamlets,Bethnal Green,Cafe,,1,,45 Roman Road,E2 0HU,openstreetmap,,,https://www.openstreetmap.org/node/7070657738
https://www.quintessentialbharat.com/,"own site (found by name, postcode verified)",Quintessential Bharat,Tower Hamlets,Spitalfields,Takeaway,quintessentialbharat@gmail.com,1,,"83 Brick Lane, London",E1 6QR,food standards agency,,,https://ratings.food.gov.uk/business/1934693
https://www.quiz-room.co.uk/,"own site (found by name, postcode verified)",Quiz Room,Tower Hamlets,Spitalfields,Restaurant,,1,,"Quiz Room, 19-25 Bell Lane, London",E1 7LA,food standards agency,,,https://ratings.food.gov.uk/business/1893584
https://www.rajboy.com/,own site,Rajboy,Tower Hamlets,Limehouse,Indian,info@rajboy.com,1,+44 20 7791 3535,564 Commercial Road,E14 7JD,openstreetmap,,,https://www.openstreetmap.org/way/190626269
https://ramathairestaurant.co.uk/,own site,Rama Thai,Tower Hamlets,Stepney,Asian,,1,,208 Mile End Road,,openstreetmap,,,https://www.openstreetmap.org/node/13605365612
https://www.riceguys.com/,"own site (found by name, postcode verified)",Rice Guys,Tower Hamlets,Canary Wharf,Takeaway,,1,,Reuters Plaza,E14 5AJ,openstreetmap,,,https://www.openstreetmap.org/node/3835357177
https://www.rinkoffbakery.co.uk,own site,Rinkoff Bakery,Tower Hamlets,Stepney,Bakery,info@rinkoffs.co.uk,2,+44 20 7791 4909,224 Jubilee Street,E1 3BS,openstreetmap,,,https://www.openstreetmap.org/node/4306580170
https://www.rinkoffs.co.uk/,"own site (found by name, postcode verified)",Rinkoffs Bakery,Tower Hamlets,Whitechapel,Bakery,info@rinkoffs.co.uk,1,,"79 Vallance Road, London",E1 5BS,food standards agency,,,https://ratings.food.gov.uk/business/100425
http://www.riverview-restaurant.com/,own site,River View Restaurant,Tower Hamlets,Shadwell,Restaurant,riverviewchinese@aol.com,1,,16 New Crane Place,E1W 3TU,openstreetmap,,,https://www.openstreetmap.org/node/264137221
https://www.facebook.com/roastandgreens.spitalfields,facebook,Roast & Greens,Tower Hamlets,Spitalfields,Takeaway,,1,,45 Crispin Street,,openstreetmap,roastandgreens.spitalfields,roastandgreens.spitalfields,https://www.openstreetmap.org/way/313549050
https://roasteryclub.co.uk/,own site,Roastery Club,Tower Hamlets,Whitechapel,Cafe,contact@roasteryclub.co.uk,1,+442033023710,2 New Drum Street,E1 7RA,openstreetmap,,,https://www.openstreetmap.org/node/13917963819
https://arnoldandhenderson.com/rochelle-canteen/,own site,Rochelle Canteen,Tower Hamlets,Spitalfields,Restaurant,,1,+44 20 3928 8328,,,openstreetmap,,,https://www.openstreetmap.org/way/397856265
https://www.rockwelleast.com/,"own site (found by name, postcode verified)",Rockwell East,Tower Hamlets,Whitechapel,Restaurant,reservations@rockwelleast.com,1,,99 Mansell Street,E1 8AX,openstreetmap,,,https://www.openstreetmap.org/node/7365925076
https://roerestaurant.co.uk/,own site,Roe,Tower Hamlets,Canary Wharf,Restaurant,info@roerestaurant.co.uk,1,,5 Park Drive,E14 9GG,openstreetmap,,,https://www.openstreetmap.org/node/12643894754
https://rotundacafe.co.uk/,own site,Rotunda Cafe,Tower Hamlets,Cubitt Town,Cafe,hello@rotundacafe.co.uk,1,,Saunders Ness Road,E14 3PS,openstreetmap,,,https://www.openstreetmap.org/way/1093184860
https://royalasia.co.uk/,"own site (found by name, postcode verified)",Royal Asia,Tower Hamlets,Canary Wharf,Restaurant,contact@royalasia.co.uk,1,,3 South Quay Square,E14 9RU,openstreetmap,,,https://www.openstreetmap.org/node/1708683749
https://royalpfcwhitechapel.co.uk/,"own site (found by name, postcode verified)",Royal PFC,Tower Hamlets,Whitechapel,Takeaway,,1,,Whitechapel Road,E1 1BJ,openstreetmap,,,https://www.openstreetmap.org/node/4492428091
https://www.rubyhouse.london/,"own site (found by name, postcode verified)",Ruby House,Tower Hamlets,Bethnal Green,Takeaway,mailbox@rubyhouse.london,1,,"Ruby House, 260 Bethnal Green Road, London",E2 0AA,food standards agency,,,https://ratings.food.gov.uk/business/148352
https://safficaffe.co.uk/,own site,Saffi,Tower Hamlets,Bromley (also Bromley-by-Bow),Bakery; Breakfast,,1,,63 Violet Road,,openstreetmap,,,https://www.openstreetmap.org/node/9573404036
https://www.satanswhiskers.com/,"own site (found by name, postcode verified)",Satan's Whiskers,Tower Hamlets,Bethnal Green,Pub,info@satanswhiskers.com,1,,"Satan's Whiskers, 343-345 Cambridge Heath Road, London",E2 9RA,food standards agency,,,https://ratings.food.gov.uk/business/665806
https://www.sebrightarms.com/,own site,Sebright Arms,Tower Hamlets,Bethnal Green,Pub,bookings@sebrightarms.com,1,,31-35 Coate Street,E2 9AG,openstreetmap,,,https://www.openstreetmap.org/way/305492454
https://sensoitalia.co.uk/,"own site (found by name, postcode verified)",Senso Italia,Tower Hamlets,Spitalfields,Italian; Pizza,,1,,79 Brick Lane,E1 6QL,openstreetmap,,,https://www.openstreetmap.org/way/270413893
https://www.shakeshack.com/location/uk-london-canary-wharf,own site,Shake Shack,Tower Hamlets,Canary Wharf,Burger,,1,,40 Canada Square,E14 5FW,openstreetmap,,,https://www.openstreetmap.org/node/1985574417
https://www.shakeiishakeii.com/,own site,Shakeii Shakeii,Tower Hamlets,Blackwall,Cafe,info@shakeiishakeii.com,1,,20 Hopewell Square,E14 0SY,openstreetmap,,,https://www.openstreetmap.org/node/10233498427
https://www.shortroadpizza.com/,"own site (found by name, postcode verified)",Short Road Pizza,Tower Hamlets,Bethnal Green,Pizza,,1,,"199 Cambridge Heath Road, London",E2 0EL,food standards agency,,,https://ratings.food.gov.uk/business/1775887
https://www.shori.co.uk/,"own site (found by name, postcode verified)",shōri,Tower Hamlets,Spitalfields,Asian; Japanese,hello@shori.co.uk,1,,6 Toynbee Street,E1 7NE,openstreetmap,,,https://www.openstreetmap.org/node/12543995830
https://silolondon.com,own site,Silo,Tower Hamlets,Old Ford,Restaurant,contact@silolondon.com,1,+44 20 7993 8155,Queens Yard,,openstreetmap,https://www.facebook.com/londonsilo/,,https://www.openstreetmap.org/node/9180796397
https://www.simmoscoffee.com/,own site,Simmos,Tower Hamlets,Old Ford,Breakfast,hello@simmoscoffee.com,1,,5 Skippers Yard,E3 2RF,openstreetmap,,,https://www.openstreetmap.org/node/12713732348
https://www.sixbynico.co.uk/canary-wharf/booking/,own site,Six by Nico,Tower Hamlets,Canary Wharf,Restaurant,vouchers@sixbynico.co.uk,1,+44 20 3912 3334,6 Chancellor Passage,E14 5EA,openstreetmap,,,https://www.openstreetmap.org/node/9359206908
https://slam-burger.co.uk/,"own site (found by name, postcode verified)",Slam Burger,Tower Hamlets,Bethnal Green,Burger,info@slam-burger.co.uk,1,,"148 Bethnal Green Road, London",E2 6DG,food standards agency,,,https://ratings.food.gov.uk/business/1982873
https://smithsrestaurants.com/,own site,Smith's Brasserie,Tower Hamlets,Wapping,French; Seafood,,1,+44 20 7488 3456,22 Wapping High Street,E1W 1NJ,openstreetmap,,,https://www.openstreetmap.org/node/4320248188
https://www.smokestak.co.uk/,"own site (found by name, postcode verified)",Smokestak,Tower Hamlets,Spitalfields,Restaurant,book@smokestak.co.uk,1,,35 Sclater Street,E1 6LB,openstreetmap,,,https://www.openstreetmap.org/node/5603178921
https://smokinwok.co.uk/,"own site (found by name, postcode verified)",Smokin'Wok,Tower Hamlets,Whitechapel,Chinese,,1,,"84 Myrdle Street, London",E1 1HL,food standards agency,,,https://ratings.food.gov.uk/business/1527699
https://www.somsaa.com/,own site,Som Saa,Tower Hamlets,Spitalfields,Asian,bookings@somsaa.com,1,+44 20 7324 7790,43A Commercial Street,E1 6BD,openstreetmap,,,https://www.openstreetmap.org/node/4329983560
https://sonargaonwhitechapel.co.uk/,"own site (found by name, postcode verified)",Sonargaon,Tower Hamlets,Whitechapel,Restaurant,babulcho@yahoo.co.uk,1,,199 Whitechapel Road,E1 1DE,openstreetmap,,,https://www.openstreetmap.org/way/437767456
https://www.instagram.com/specialtycafetiere,instagram,Specialty Cafetiere,Tower Hamlets,Bethnal Green,Breakfast,,1,,389 Hackney Road,E2 8PP,openstreetmap,,specialtycafetiere,https://www.openstreetmap.org/way/305492457
https://spicygrillnfry.com/,"own site (found by name, postcode verified)",Spicy Grill N Fry,Tower Hamlets,Bethnal Green,Restaurant,info@spicygrillnfry.com,1,,"Spicy Grill N Fry, 278 Bethnal Green Road, London",E2 0AG,food standards agency,,,https://ratings.food.gov.uk/business/100873
https://www.sportsbarandgrill.co.uk/canarywharf,own site,Sports Bar & Grill,Tower Hamlets,Canary Wharf,Pub,,1,,1 Crossrail Place,E14 5AR,openstreetmap,,,https://www.openstreetmap.org/node/6019687353
https://stjohnrestaurant.com/a/restaurants/bread-and-wine,own site,St. John Bread and Wine,Tower Hamlets,Spitalfields,Bakery,reservations@stjohnrestaurant.com,1,+44 20 3301 8069,94-96 Commercial Street,E1 6LZ,openstreetmap,,,https://www.openstreetmap.org/way/157322992
https://www.standardbaltihouse.co.uk/,"own site (found by name, postcode verified)",Standard Balti House,Tower Hamlets,Spitalfields,Indian,,1,,71 Brick Lane,E1 6QL,openstreetmap,,,https://www.openstreetmap.org/way/270413889
https://www.starbucks.com/store-locator/store/1010101/canary-wharf-churchill-place-unit-14-2-churchill-place-london-eng-e-14-5-rb-gb,own site,Starbucks,Tower Hamlets,Canary Wharf,Breakfast,press@starbucks.com,1,+44 20 7513 2983,2 Churchill Place,E14 5RB,openstreetmap,,,https://www.openstreetmap.org/node/2039163582
https://www.starbucks.com/store-locator/store/2644/canary-wharf-canada-square-unit-p-490-one-canada-square-london-eng-e-14-5-ab-,own site,Starbucks,Tower Hamlets,Canary Wharf,Breakfast,press@starbucks.com,1,,1 Canada Square,E14 5AA,openstreetmap,,,https://www.openstreetmap.org/node/2466728999
https://www.starbucks.com/store-locator/store/1005366/canary-wharf-jubilee-place-unit-11-12-london-eng-e-14-5-ny-gb,own site,Starbucks,Tower Hamlets,Canary Wharf,Breakfast,press@starbucks.com,1,,45 Bank Street,E14 5NY,openstreetmap,,,https://www.openstreetmap.org/node/6466176063
https://www.starbucks.com/store-locator/store/2948/whitechapel-road-45-whitechapel-road-unit-5-london-eng-e-1-1-du-gb,own site,Starbucks,Tower Hamlets,Whitechapel,Breakfast,press@starbucks.com,1,+44 20 7247 3729,45 Whitechapel Road,E1 1DU,openstreetmap,,,https://www.openstreetmap.org/way/264127744
https://www.starbucks.com/store-locator/store/1011411/mile-end-road-389-mile-end-road-london-eng-e-3-4-qs-gb,own site,Starbucks,Tower Hamlets,Bow,Breakfast,press@starbucks.com,1,,389 Mile End Road,E3 4QS,openstreetmap,,,https://www.openstreetmap.org/way/596073692
https://stepneycityfarm.org/at-the-farm/farm-cafe/,own site,Stepney's,Tower Hamlets,Stepney,Cafe,,1,,Stepney High Street,E1 3DG,openstreetmap,,,https://www.openstreetmap.org/node/13130849648
https://sticksnsushi.com/en/restaurants/london/canary-wharf,own site,Sticks 'n' Sushi,Tower Hamlets,Canary Wharf,Sushi,contact@sticksnsushi.com,1,+44 20 3141 8230,1 Crossrail Place,E14 5AR,openstreetmap,,,https://www.openstreetmap.org/node/7182075441
https://restaurants.subway.com/united-kingdom/en/london/9-25-mile-end-road,own site,Subway,Tower Hamlets,Stepney,Deli,,1,,9-25 Mile End Road,E1 4TP,openstreetmap,,,https://www.openstreetmap.org/node/4414719071
https://restaurants.subway.com/united-kingdom/en/london/1-newport-avenue,own site,Subway,Tower Hamlets,Blackwall,Deli,,1,,1 Newport Avenue,E14 2ED,openstreetmap,,,https://www.openstreetmap.org/node/10090375748
https://restaurants.subway.com/united-kingdom/en/london/224-mile-end-road,own site,Subway,Tower Hamlets,Stepney,Deli,,1,,224 Mile End Road,,openstreetmap,,,https://www.openstreetmap.org/node/13605365607
https://restaurants.subway.com/united-kingdom/en/london/232-commercial-road,own site,Subway,Tower Hamlets,Whitechapel,Deli,,1,+44 20 7001 1440,232 Commercial Road,E1 2NB,openstreetmap,,,https://www.openstreetmap.org/way/369188800
https://restaurants.subway.com/united-kingdom/en/london/140-whitechapel-road,own site,Subway,Tower Hamlets,Whitechapel,Deli,,1,,140 Whitechapel Road,E1 1JE,openstreetmap,,,https://www.openstreetmap.org/way/633249240
https://suditaliapizza.co.uk/,own site,Sud Italia,Tower Hamlets,Spitalfields,Pizza,info@suditaliapizza.co.uk,1,,16 Horner Square,E1 6EW,openstreetmap,,,https://www.openstreetmap.org/node/7743221285
https://www.sushidaily.com,own site,Sushi Daily,Tower Hamlets,Cubitt Town,Asian; Sushi,,1,,151 East Ferry Road,E14 3BT,openstreetmap,,,https://www.openstreetmap.org/node/11113872045
https://sushishowlondon.com/,"own site (found by name, postcode verified)",Sushi Show,Tower Hamlets,Bethnal Green,Sushi,sushishow@outlook.com,2,,"136 Bethnal Green Road, London",E2 6DG,food standards agency,,,https://ratings.food.gov.uk/business/1069645
https://www.sushinoen.com/,own site,SUSHINOEN,Tower Hamlets,Whitechapel,Asian; Sushi,info@sushinoen.com,1,+44 20 3645 6734,2 White Church Lane,E1 7QR,openstreetmap,,,https://www.openstreetmap.org/way/157605249
https://www.tasfirin.uk/,"own site (found by name, postcode verified)",Tas Firin,Tower Hamlets,Bethnal Green,Restaurant,,1,,160 Bethnal Green Road,E2 6DG,openstreetmap,,,https://www.openstreetmap.org/node/470288535
https://www.tataki.co.uk/,"own site (found by name, postcode verified)",Tataki,Tower Hamlets,Whitechapel,Asian; Japanese,,1,,123 Leman Street,E1 8EY,openstreetmap,,,https://www.openstreetmap.org/way/257334025
https://tayyabs.co.uk/,own site,Tayyabs,Tower Hamlets,Whitechapel,Indian,info@tayyabs.co.uk,1,+44 20 7247 9543;+44 20 7247 6400;+44 20 7247 8521,83-89 Fieldgate Street,E1 1JU,openstreetmap,,,https://www.openstreetmap.org/node/1784593689
https://www.temple-lounge.com//,own site,Temple Lounge,Tower Hamlets,Canary Wharf,Restaurant,,1,+44 20 7005 0862,14 Hertsmere Road,E14 4AF,openstreetmap,,,https://www.openstreetmap.org/way/210423959
https://tgfpizza-bow.co.uk/,own site,TGF Pizza,Tower Hamlets,Bromley (also Bromley-by-Bow),Burger; Halal; Pizza,,1,,2 Midlothian Road,E3 4SE,openstreetmap,,,https://www.openstreetmap.org/node/13191170322
https://thaiocha.co.uk/,own site,Thai O'CHA,Tower Hamlets,Spitalfields,Asian,info@thaiocha.co.uk,1,,176 Brick Lane,E1 6RU,openstreetmap,,,https://www.openstreetmap.org/way/271621022
https://www.craftunionpubs.com/the-albert-bow,own site,The Albert,Tower Hamlets,Bow,Pub,,1,,74 St Stephen's Road,E3 5JL,openstreetmap,,,https://www.openstreetmap.org/way/1208480794
https://thealchemistbars.com/venues/canary-wharf/,own site,The Alchemist,Tower Hamlets,Canary Wharf,Bar,reservations@thealchemistbars.com,1,+44 20 3794 0595,Reuters Plaza,E14 5AJ,openstreetmap,TheAlchemistUK,thealchemistuk,https://www.openstreetmap.org/node/470349600
https://theapproachtavern.co.uk/,own site,The Approach Tavern,Tower Hamlets,Bethnal Green,Pub,approachtavern@remarkablepubs.co.uk,1,+44 20 8980 2321,47 Approach Road,E2 9LY,openstreetmap,,,https://www.openstreetmap.org/way/220801895
https://www.thebellpub.co.uk/,own site,The Bell,Tower Hamlets,Spitalfields,Asian; Pub,info@thebellpub.co.uk,1,+44 20 7247 3459,50 Middlesex Street,E1 7EX,openstreetmap,,,https://www.openstreetmap.org/way/204000375
https://www.bethnalgreentavern.co.uk/,"own site (found by name, postcode verified)",The Bethnal Green Tavern,Tower Hamlets,Bethnal Green,Pub,jesus@bethnalgreentavern.co.uk,1,+44 20 7613 4263,456 Bethnal Green Road,E2 0EA,openstreetmap,,,https://www.openstreetmap.org/node/4558839822
https://thebhaji.co.uk/,own site,The Bhaji,Tower Hamlets,Millwall,Indian,,1,+44 20 7531 6166,6 Chapel House Street,E14 3AS,openstreetmap,,,https://www.openstreetmap.org/way/686196478
https://www.urbanpubsandbars.com/venues/the-birdcage,"own site (found by name, postcode verified)",The Birdcage,Tower Hamlets,Bethnal Green,Pub,,1,,80 Columbia Road,E2 7QB,openstreetmap,,,https://www.openstreetmap.org/way/973123074
http://www.theblindbeggar.com/,own site (Wikidata),The Blind Beggar,Tower Hamlets,Whitechapel,Pub,faq@theblindbeggar.com,1,,337-341 Whitechapel Road,E1 1BU,openstreetmap,,,https://www.openstreetmap.org/way/310350976
https://thisisthebowbells.co.uk/,own site,The Bow Bells,Tower Hamlets,Bromley (also Bromley-by-Bow),Pub,,1,,116 Bow Road,E3 3AA,openstreetmap,,thisisthebowbells,https://www.openstreetmap.org/way/132612884
https://theburgerfirm.com/,own site,The Burger Firm,Tower Hamlets,Stepney,Burger,,1,,7 Mile End Road,E1 4TP,openstreetmap,,,https://www.openstreetmap.org/node/13323204100
https://www.thebuxton.co.uk/,"own site (found by name, postcode verified)",The Buxton,Tower Hamlets,Whitechapel,Pub,bookings@thebuxton.co.uk,1,,42 Osborn Street,E1 6TD,openstreetmap,,,https://www.openstreetmap.org/node/10251784717
https://www.thecajunboil.co.uk/,"own site (found by name, postcode verified)",The Cajun Boil,Tower Hamlets,Bethnal Green,Restaurant,thecajunboil@gmail.com,1,,185 Bethnal Green Road,E2 6AB,openstreetmap,,,https://www.openstreetmap.org/node/10939904986
http://www.thecastlelondon.com/,own site,The Castle,Tower Hamlets,Whitechapel,Pub,thecastle44@gmail.com,1,,44 Commercial Road,E1 1LN,openstreetmap,,,https://www.openstreetmap.org/node/277909036
https://thecherry-e3.co.uk/,own site,The Cherry,Tower Hamlets,Bow,Pub,,1,,359 Mile End Road,E3 4QS,openstreetmap,,,https://www.openstreetmap.org/way/182913386
https://www.theclementattlee.co.uk/,own site,The Clement Attlee,Tower Hamlets,Limehouse,Pub,theclementattlee@thecraftbeerco.com,1,+44 20 7790 2726,576-578 Commercial Road,E14 7JD,openstreetmap,,,https://www.openstreetmap.org/way/190626268
https://www.thecoborn.co.uk/,own site,The Coborn,Tower Hamlets,Bow,Pub,coborn@youngs.co.uk,1,+44 20 8980 3793,6-8 Coborn Road,E3 2DA,openstreetmap,CobornE3,coborn_e3,https://www.openstreetmap.org/way/430938730
http://www.thecommone2.com,own site,The Common E2,Tower Hamlets,Bethnal Green,Breakfast,info@thecommone2.com,1,,53 Old Bethnal Green Road,E2 6QA,openstreetmap,https://www.facebook.com/TheCommonE2,,https://www.openstreetmap.org/node/3426008568
http://www.geronimo-inns.co.uk/thecrown/,own site,The Crown,Tower Hamlets,Bow,Pub,enquiries@youngs.co.uk,1,,223 Grove Road,E3 5SN,openstreetmap,,,https://www.openstreetmap.org/way/195029749
https://www.theculpeper.com/,own site,The Culpeper,Tower Hamlets,Spitalfields,Pub,bookings@theculpeper.com,1,+44 20 7247 5371,40 Commercial Street,E1 6LP,openstreetmap,,,https://www.openstreetmap.org/way/161720577
https://www.thedispensarylondon.co.uk/,own site,The Dispensary,Tower Hamlets,Whitechapel,Pub,chris@closeupchris.co.uk,1,,19a Leman Street,E1 8EN,openstreetmap,,,https://www.openstreetmap.org/way/257338682
http://www.thedundeearms.com/,own site,The Dundee Arms,Tower Hamlets,Bethnal Green,Pub,info@thedundeearms.com,1,+44 20 7729 6903,339 Cambridge Heath Road,E2 9LH,openstreetmap,,,https://www.openstreetmap.org/way/379838816
https://www.cakebox.com/storelocator/bow/,own site,The Eggfree Cake Box,Tower Hamlets,Bow,Bakery,,1,,449 Roman Road,E3 5LX,openstreetmap,,,https://www.openstreetmap.org/node/443465639
https://thegeorgetavern.london/,own site,The George Tavern,Tower Hamlets,Shadwell,Pizza; Pub,georgetavernbookings@gmail.com,1,+44 20 7790 7335,373 Commercial Road,E1 0LA,openstreetmap,,https://www.instagram.com/thegeorgetavern,https://www.openstreetmap.org/way/195649317
https://www.thegrapes.co.uk/,own site,The Grapes,Tower Hamlets,Limehouse,Pub,,1,+44 20 7987 4396,76 Narrow Street,E14 8BP,openstreetmap,,,https://www.openstreetmap.org/way/195200692
http://www.geronimo-inns.co.uk/london-the-grocer,own site,The Grocer,Tower Hamlets,Spitalfields,Pub,enquiries@youngs.co.uk,1,+44 20 3437 0005,4 Crispin Place,E1 6DW,openstreetmap,,,https://www.openstreetmap.org/way/276100290
https://www.urbanpubsandbars.com/venues/the-gun-london,own site,The Gun,Tower Hamlets,Spitalfields,Pub,events@urbanpubsandbars.com,1,+442078469594,54 Brushfield Street,E1 6AG,openstreetmap,,,https://www.openstreetmap.org/node/6119354792
https://www.thegundocklands.com/,own site,The Gun,Tower Hamlets,Blackwall,Pub,,1,+44 20 7519 0075,27 Cold Harbour,E14 9NS,openstreetmap,,,https://www.openstreetmap.org/way/189811893
https://www.jdwetherspoon.com/pubs/all-pubs/england/london/the-half-moon-mile-end,own site,The Half Moon,Tower Hamlets,Stepney,Pub,,1,,213-223 Mile End Road,E1 4AA,openstreetmap,,,https://www.openstreetmap.org/way/448779543
https://www.nicholsonspubs.co.uk/restaurants/london/thehenryaddingtoncanarywharflondon,own site,The Henry Addington,Tower Hamlets,Canary Wharf,Pub,,1,+44 20 7719 1114,22-28 Mackenzie Walk,E14 4PH,openstreetmap,,,https://www.openstreetmap.org/node/573854610
https://www.thehubvictoriapark.net/,own site,The Hub Cafe,Tower Hamlets,Old Ford,Cafe,thehubvictoriapark@gmail.com,1,,St Marks Gate,E9 5HT,openstreetmap,,,https://www.openstreetmap.org/way/1282119570
https://thejapanesecanteen.co.uk/,"own site (found by name, postcode verified)",The Japanese Canteen,Tower Hamlets,Bethnal Green,Asian; Japanese,,1,,255 Paradise Row,E2 9LE,openstreetmap,,,https://www.openstreetmap.org/node/3065516760
https://www.theknaveofclubs.co.uk/,own site,The Knave of Clubs,Tower Hamlets,Spitalfields,Burger,hello@theknaveofclubs.co.uk,1,,25 Bethnal Green Road,E1 6HT,openstreetmap,,,https://www.openstreetmap.org/node/375928100
https://www.jdwetherspoon.com/pubs/all-pubs/england/london/the-ledger-building-docklands,own site,The Ledger Building,Tower Hamlets,Canary Wharf,Pub,,1,+44 20 7536 7770,4 Hertsmere Road,E14 4AL,openstreetmap,,,https://www.openstreetmap.org/way/140144150
https://www.craftunionpubs.com/little-driver-bow,own site,The Little Driver,Tower Hamlets,Bow,Pub,,1,,125 Bow Road,E3 2AN,openstreetmap,https://www.craftunionpubs.com/little-driver-bow,,https://www.openstreetmap.org/node/13191255035
https://thelordtredegar.co.uk/,own site,The Lord Tredegar,Tower Hamlets,Bow,Pub,lordtredegar@remarkablepubs.co.uk,1,+44 20 8983 0130,50 Lichfield Road,E3 5AL,openstreetmap,thelordtredegar,thelordtredegar,https://www.openstreetmap.org/way/429066804
https://www.marketcoffeehouse.co.uk/,"own site (found by name, postcode verified)",The Market Coffee House,Tower Hamlets,Spitalfields,Restaurant,mch.restaurant@gmail.com,1,,"The Market Coffee House, 50-52 Brushfield Street, London",E1 6AG,food standards agency,,,https://ratings.food.gov.uk/business/55806
https://www.themilkfloat.com/,own site,The Milk Float,Tower Hamlets,Old Ford,Cafe,ahoy@themilkfloat.com,1,,White Post Lane,E9 5EN,openstreetmap,,,https://www.openstreetmap.org/node/4407933774
https://www.moretownbelle.co.uk/,own site,The Moretown Belle,Tower Hamlets,Wapping,Pub,,1,+44 20 7702 0900,5 Thomas More Square,E1W 1YW,openstreetmap,,,https://www.openstreetmap.org/node/278291760
https://www.morganarmsbow.com/,own site,The Morgan Arms,Tower Hamlets,Bow,Pub,,1,+44 20 8980 6389,43 Morgan Street,E3 5AA,openstreetmap,180637488650821,themorganarms,https://www.openstreetmap.org/node/160548974
https://www.thenelsonspub.com/,own site,The Nelson's,Tower Hamlets,Bethnal Green,Pub,ben@thenelsonspub.com,1,,32 Horatio Street,E2 7SB,openstreetmap,,,https://www.openstreetmap.org/way/458942013
https://www.crafted-social.co.uk/old-george-bethnal-green,own site,The Old George,Tower Hamlets,Bethnal Green,Pub,oldgeorge@anticlondon.com,1,+44 20 7033 9726,379 Bethnal Green Road,E2 0AN,openstreetmap,https://www.facebook.com/OldGeorgeBethnalGreen,,https://www.openstreetmap.org/way/409334180
https://www.oldship.net/,own site,The Old Ship,Tower Hamlets,Limehouse,Pub,alphonsus-jdf@hotmail.co.uk,1,,17 Barnes Street,E14 7NW,openstreetmap,,,https://www.openstreetmap.org/way/195649318
https://www.owlandpussycatshoreditch.com,own site,The Owl & the Pussycat,Tower Hamlets,Bethnal Green,Pub,owlandpussycat@youngs.co.uk,1,+44 20 3487 0088,34 Redchurch Street,E2 7DP,openstreetmap,,,https://www.openstreetmap.org/way/373272377
https://www.thepercypub.com/,own site,The Perseverance,Tower Hamlets,Bethnal Green,Pub,,1,+44 20 7613 3498,110-112 Pritchard's Road,E2 9AP,openstreetmap,,,https://www.openstreetmap.org/way/987440460
https://www.greeneking.co.uk/pubs/greater-london/prospect-of-whitby,own site,The Prospect of Whitby,Tower Hamlets,Shadwell,Pub,,1,+44 20 7481 1095,57 Wapping Wall,E1W 3SH,openstreetmap,,,https://www.openstreetmap.org/way/204148499
https://www.thequeenadelaide.com/,own site,The Queen Adelaide,Tower Hamlets,Bethnal Green,Pub,richardcbattye@gmail.com,1,,483 Hackney Road,E2 9ED,openstreetmap,,,https://www.openstreetmap.org/way/461624372
https://www.royaloakbethnalgreen.co.uk/,own site,The Royal Oak,Tower Hamlets,Bethnal Green,Pub,,1,+44 20 3040 7167,73 Columbia Road,E2 7RG,openstreetmap,,,https://www.openstreetmap.org/way/546566227
https://therunninghorsealdgate.co.uk/,own site,The Running Horse,Tower Hamlets,Whitechapel,Pub,hello@therunninghorsealdgate.co.uk,1,+44 20 3883 8286,7 Piazza Walk,E1 8FU,openstreetmap,,,https://www.openstreetmap.org/node/5238249940
https://rustybike.pub/rusty-bike-pub-mile-end/,own site,The Rusty Bike,Tower Hamlets,Bow,Asian; Pub,info@rustybike.pub,1,+44 20 8981 4100,588 Mile End Road,E3 4PH,openstreetmap,,,https://www.openstreetmap.org/way/413304152
https://drakeandmorgan.co.uk/the-sipping-room/,own site,The Sipping Room,Tower Hamlets,Canary Wharf,Bar,,1,+44 20 3907 0320,16 Hertsmere Road,E14 4AX,openstreetmap,,,https://www.openstreetmap.org/way/140144134
https://www.slugandlettuce.co.uk/tower-bridge,own site,The Slug and Lettuce,Tower Hamlets,Wapping,Bar,,1,,St. Katharine's Way,E1W 1AA,openstreetmap,,,https://www.openstreetmap.org/node/259245834
https://www.thesolo.co.uk/,own site,The Solo Kitchen & Bar,Tower Hamlets,Bethnal Green,Restaurant,bookings@thesolo.co.uk,1,,Cambridge Heath Road,E2 9PA,openstreetmap,,,https://www.openstreetmap.org/way/776347397
https://spacebar.org.uk,own site,The Space Bar,Tower Hamlets,Millwall,Burger; Deli; Pub,info@space.org.uk,1,,269 Westferry Road,E14 3RS,openstreetmap,,,https://www.openstreetmap.org/node/5418886554
https://starbyliverpoolstreet.co.uk/,own site,The Star by Liverpool Street,Tower Hamlets,Spitalfields,American; Pub,,1,,94-98 Middlesex Street,E1 7EZ,openstreetmap,,,https://www.openstreetmap.org/way/163644465
https://www.starofbethnalgreen.co.uk/,own site,The Star Of Bethnal Green,Tower Hamlets,Bethnal Green,Pizza; Pub,,1,+44 20 8161 0502,359 Bethnal Green Road,E2 6LG,openstreetmap,,,https://www.openstreetmap.org/way/445139621
https://www.thesuntavern.co.uk/,own site,The Sun Tavern,Tower Hamlets,Bethnal Green,Pub,,1,,441 Bethnal Green Road,E2 0AN,openstreetmap,,,https://www.openstreetmap.org/node/1420042285
https://www.tenbells.com/,"own site (found by name, postcode verified)",The Ten Bells,Tower Hamlets,Spitalfields,Burger; Pub,info@tenbells.com,1,,84 Commercial Street,E1 6LY,openstreetmap,,,https://www.openstreetmap.org/way/157323000
https://townoframsgate.pub/,own site,The Town of Ramsgate,Tower Hamlets,Wapping,Pub,hello@townoframsgate.pub,1,,62 Wapping High Street,E1W 2PN,openstreetmap,,,https://www.openstreetmap.org/way/425809832
https://www.thevic.london/,own site,The Victoria,Tower Hamlets,Bow,Pub; Seafood,,1,+44 20 8712 5125,110 Grove Road,E3 5TH,openstreetmap,,thevicmileend,https://www.openstreetmap.org/way/195008372
https://www.thevictory.uk/,own site,The Victory,Tower Hamlets,Bethnal Green,Pub,crew@thevictory.uk,1,+44 20 8980 5305,27 Vyner Street,E2 9DQ,openstreetmap,,,https://www.openstreetmap.org/way/389564046
https://thewatermansarms.co.uk/,own site,The Waterman's Arms,Tower Hamlets,Cubitt Town,Pub,bookings@thewatermansarms.co.uk,1,,1 Glenaffric Avenue,E14 3BW,openstreetmap,,,https://www.openstreetmap.org/way/354074632
https://www.urbanpubsandbars.com/venues/well-bucket,"own site (found by name, postcode verified)",The Well and Bucket,Tower Hamlets,Bethnal Green,Pub,,1,+44 20 3664 6454,143 Bethnal Green Road,E2 7DG,openstreetmap,,,https://www.openstreetmap.org/way/945438537
https://wentworthmileend.co.uk/,own site,The Wentworth Arms,Tower Hamlets,Bow,Pub,,1,,127 Eric Street,E3 4SR,openstreetmap,,,https://www.openstreetmap.org/way/420501808
https://www.the-white-hart.co.uk/,own site,The White Hart,Tower Hamlets,Whitechapel,Pub,,1,,1 Mile End Road,E1 4TP,openstreetmap,,,https://www.openstreetmap.org/way/142390004
https://www.thewhitehartlondon.co.uk,own site,The White Hart,Tower Hamlets,Whitechapel,Asian; Pub,,1,,89 Whitechapel High Street,E1 7RA,openstreetmap,,,https://www.openstreetmap.org/way/264131977
https://www.facebook.com/TheWorksCafeLdn,facebook,The Works Cafe,Tower Hamlets,Poplar,Cafe,,1,,384 Abbott Road,E14 0UX,openstreetmap,https://www.facebook.com/TheWorksCafeLdn,https://www.instagram.com/theworkscafeldn/,https://www.openstreetmap.org/node/8328784914
https://www.threecoltgallery.com/,own site,Three Colt Street Gallery & Cafe,Tower Hamlets,Limehouse,Cafe,threecoltgallery@gmail.com,1,+44 20 7093 0001,82 Three Colt Street,E14 8AP,openstreetmap,,,https://www.openstreetmap.org/way/267319394
https://www.threecoltstavern.co.uk/,own site,Three Colts Tavern,Tower Hamlets,Bethnal Green,Pub,bookings@threecoltstavern.co.uk,1,,199 Cambridge Heath Road,E2 0EL,openstreetmap,,,https://www.openstreetmap.org/node/13327212416
https://threerounds.co.uk/,own site,Three Rounds Tavern,Tower Hamlets,Spitalfields,Asian; Chinese,cheers@threerounds.co.uk,1,,32 Hanbury Street,E1 6QR,openstreetmap,,3roundsldn,https://www.openstreetmap.org/way/628216113
https://www.instagram.com/tiella_trattoria,instagram,Tiella,Tower Hamlets,Bethnal Green,Restaurant,,1,,109 Columbia Road,E2 7RL,openstreetmap,,tiella_trattoria,https://www.openstreetmap.org/way/458942018
http://tigermilkgroup.com,own site,Tigermilk,Tower Hamlets,Spitalfields,Restaurant,reservations@tigermilkgroup.com,1,,Crispin Street,E1 6AG,openstreetmap,,,https://www.openstreetmap.org/node/13811833701
https://www.tinymammoth.uk/,"own site (found by name, postcode verified)",Tiny Mammoth,Tower Hamlets,Spitalfields,Breakfast,enquiries@tinymammoth.uk,1,,7a Lamb Street,E1 6EA,openstreetmap,,,https://www.openstreetmap.org/way/276045641
https://topspizza.co.uk/docklands,own site,Tops Pizza,Tower Hamlets,Limehouse,Pizza,,1,,5 West India Dock Road,E14 8EZ,openstreetmap,,,https://www.openstreetmap.org/node/2049129514
https://www.tortilla.co.uk/restaurants/canary-wharf,own site,Tortilla,Tower Hamlets,Canary Wharf,Mexican,canarywharf@tortilla.co.uk,1,,18 North Colonnade,E14 4EU,openstreetmap,,,https://www.openstreetmap.org/node/6553275300
https://www.trerote.com/,"own site (found by name, postcode verified)",Tre Rote,Tower Hamlets,Spitalfields,Takeaway,info@trerote.com,1,,Horner Square,E1 6EW,openstreetmap,,,https://www.openstreetmap.org/node/5483400321
https://www.tuck-shop.co.uk/,own site,Tuck Shop,Tower Hamlets,Old Ford,Deli,hello@tuck-shop.co.uk,1,,,,openstreetmap,,tuck_shop_hackney,https://www.openstreetmap.org/node/9081696417
https://www.bistrobardot.co.uk/,own site,Turk's Head Cafe,Tower Hamlets,Wapping,Cafe,info@bistrobardot.co.uk,1,+44 20 7709 0779,1 Green Bank,E1W 2PA,openstreetmap,,https://www.instagram.com/theturksheadwapping/,https://www.openstreetmap.org/node/249314702
https://twomoreyears.co.uk/,own site,Two More Years,Tower Hamlets,Old Ford,Burger,bookings@twomoreyears.co.uk,1,+44 20 7183 0089,7 Roach Road,E3 2PA,openstreetmap,,two_moreyears,https://www.openstreetmap.org/way/170228123
https://www.instagram.com/udonutuk,instagram,U Donut!,Tower Hamlets,Millwall,Donuts,,1,,1 Forge Square,E14 3GU,openstreetmap,,udonutuk,https://www.openstreetmap.org/node/11835289867
https://www.unitydiner.co.uk/,own site,Unity Diner,Tower Hamlets,Spitalfields,American,,1,+44 20 7426 0224,60 Wentworth Street,E1 7AL,openstreetmap,unitydiner,unitydiner,https://www.openstreetmap.org/node/4077853508
https://unlock2021.me/,own site,Unlock,Tower Hamlets,Old Ford,Pizza,reservations@unlock2021.me,1,,1 Monkwood Way,E3 2EG,openstreetmap,,unlock_pizza,https://www.openstreetmap.org/node/11781283820
https://veganyes.co.uk,own site,Vegan Yes,Tower Hamlets,Spitalfields,Asian; Italian; Korean,shop@veganyes.co.uk,1,,64 Brick Lane,E1 6RF,openstreetmap,,,https://www.openstreetmap.org/node/5483404021
https://vidabakery.co.uk/,own site,Vida Bakery,Tower Hamlets,Spitalfields,Bakery,orders@vidabakery.co.uk,1,,139 Brick Lane,E1 6SB,openstreetmap,https://www.facebook.com/vidabakery/,,https://www.openstreetmap.org/way/271645795
https://www.vintagecafeshoreditch.co.uk/,own site,Vintage Cafe,Tower Hamlets,Bethnal Green,Breakfast; Deli; Italian,vintagecoffee17@yahoo.com,1,+44 7816 370045,17 Cheshire Street,E2 6EL,openstreetmap,,,https://www.openstreetmap.org/node/12110401801
https://www.wagamama.com/restaurants/london/canary-wharf,own site,Wagamama,Tower Hamlets,Canary Wharf,Asian,press@wagamama.com,1,,45 Bank Street,E14 5NY,openstreetmap,,,https://www.openstreetmap.org/node/7098936636
https://www.wagamama.com/restaurants/london/spitalfields,own site,Wagamama,Tower Hamlets,Spitalfields,Asian,press@wagamama.com,1,,9 Horner Square,E1 6EW,openstreetmap,,,https://www.openstreetmap.org/way/276058228
https://www.facebook.com/wapppingsourdough,facebook,Wapping Sourdough Bakery,Tower Hamlets,Wapping,Bakery,,1,+44 7984 704799,Vaughan Way,E1W 2AA,openstreetmap,wapppingsourdough,wappingsourdough,https://www.openstreetmap.org/node/10936427205
https://wappingtavern.co.uk/,own site,Wapping Tavern,Tower Hamlets,Wapping,Pub,,1,,78-80 Wapping Lane,,openstreetmap,,,https://www.openstreetmap.org/node/13809413503
https://www.wasabi.uk.com/location/canary-wharf,own site,Wasabi,Tower Hamlets,Canary Wharf,Asian; Japanese,enquiries@wasabi.uk.com,1,,15 Cabot Square,E14 4QS,openstreetmap,,,https://www.openstreetmap.org/node/3835357225
https://www.whitemulberries.com/,own site,White Mulberries,Tower Hamlets,Wapping,Cafe,info@whitemulberries.com,1,,East Smithfield,E1W 1AT,openstreetmap,,,https://www.openstreetmap.org/node/4167409327
https://www.whiteswanaldgate.co.uk/,own site,White Swan,Tower Hamlets,Whitechapel,Pub,,1,+44 20 7702 0448,21 Alie Street,E1 8DE,openstreetmap,,,https://www.openstreetmap.org/node/7039548576
https://www.whitechapelgallery.org/eat-and-drink-the-whitechapel-refectory/,own site,Whitechapel Gallery Cafe,Tower Hamlets,Whitechapel,Bakery; Deli,refectory@whitechapelgallery.org,1,+44 20 7522 7896,77-82 Whitechapel High Street,E1 7QX,openstreetmap,,,https://www.openstreetmap.org/way/264131966
https://www.instagram.com/wokandgrilluk/,instagram,Wok n' Grill,Tower Hamlets,Blackwall,Chinese,,1,,Hopewell Square,E14 0SY,openstreetmap,,https://www.instagram.com/wokandgrilluk/,https://www.openstreetmap.org/node/8462348036
https://wokthepho.co.uk/,own site,Wok The Pho,Tower Hamlets,Wapping,Chinese,,1,,8 Cable Street,,openstreetmap,,wokthephouk,https://www.openstreetmap.org/node/13732311701
https://wit.org.uk/,"own site (found by name, postcode verified)",Women's Inclusive Team,Tower Hamlets,Bethnal Green,Takeaway,contact@wit.org.uk,1,,"202a Cambridge Heath Road, London",E2 9LJ,food standards agency,,,https://ratings.food.gov.uk/business/1292242
https://xianbiangbiangnoodles.com,own site,Xian Biang Biang Noodles,Tower Hamlets,Spitalfields,Asian,info@xianbiangbiangnoodles.com,1,+44 20 8617 1470,62 Wentworth Street,E1 7AL,openstreetmap,,,https://www.openstreetmap.org/node/3898669404
https://www.xptavern.com/,"own site (found by name, postcode verified)",XP Tavern,Tower Hamlets,Whitechapel,Restaurant,info@xptavern.com,1,,"9 Chaucer Gardens, London",E1 8QG,food standards agency,,,https://ratings.food.gov.uk/business/1889110
https://hackney-road.yardsalepizzaorder.com/menu,own site,Yard Sale Pizza,Tower Hamlets,Bethnal Green,Pizza,,1,+44 20 7739 1095,184 Hackney Road,E2 7QL,openstreetmap,,,https://www.openstreetmap.org/node/12216154215
https://www.yeyelondon.co.uk/,own site,Yeye's Noodle & Dumpling,Tower Hamlets,Spitalfields,Asian,customer@yeyelondon.co.uk,1,,14 Artillery Passage,E1 7LJ,openstreetmap,,,https://www.openstreetmap.org/node/3305890127
https://yichabubbletea.co.uk/,"own site (found by name, postcode verified)",Yi Cha Bubble Tea,Tower Hamlets,Spitalfields,Takeaway,,1,,"2 Commercial Street, London",E1 6LP,food standards agency,,,https://ratings.food.gov.uk/business/1431418
https://www.yole.com/,own site,Yole,Tower Hamlets,Bethnal Green,Ice cream,,1,,132 Bethnal Green Road,E2 6DG,openstreetmap,,,https://www.openstreetmap.org/node/10138850147
https://www.yolklondon.com/,own site,Yolk,Tower Hamlets,Canary Wharf,Breakfast; Deli,catering@yolklondon.com,1,,15 Cabot Square,E14 4QT,openstreetmap,,,https://www.openstreetmap.org/node/14159942728
https://yumbun.com/,"own site (found by name, postcode verified)",Yum Bun,Tower Hamlets,Spitalfields,Takeaway,hello@yumbun.com,1,,"Unit 4, 16 Horner Square, London",E1 6EW,food standards agency,,,https://ratings.food.gov.uk/business/1022506
https://yummzy.co.uk/,"own site (found by name, postcode verified)",Yummzy,Tower Hamlets,Canary Wharf,Restaurant,yumm@yummzy.co.uk,1,,"Yummzy  Unit S30 FC4, 18-19 Cabot Square, London",E14 4PZ,food standards agency,,,https://ratings.food.gov.uk/business/1803924
https://www.yunnoodle.com/,own site,Yun,Tower Hamlets,Spitalfields,Asian,,1,,204 Brick Lane,E1 6SA,openstreetmap,,,https://www.openstreetmap.org/way/271632935
https://www.yunguichuan.net/,own site,Yun Gui Chuan,Tower Hamlets,Spitalfields,Asian; Chinese,,1,,76 Brick Lane,E1 6RL,openstreetmap,,,https://www.openstreetmap.org/node/14209513049
https://yurtcafe.london/,own site,Yurt Café,Tower Hamlets,Limehouse,Cafe,reservations@rfsk.org.uk,1,,2 Butcher Row,E14 8DS,openstreetmap,,,https://www.openstreetmap.org/way/396742834
https://www.yuukitchen.com/,own site,Yuu Kitchen,Tower Hamlets,Spitalfields,Asian,info@yuukitchen.com,1,,29 Commercial Street,E1 6NE,openstreetmap,,,https://www.openstreetmap.org/node/4567068996
https://zaiqalondon.com/,"own site (found by name, postcode verified)",Zaiqa London,Tower Hamlets,Whitechapel,Restaurant,rizfoods786@outlook.com,1,,"108a Whitechapel Road, London",E1 1JE,food standards agency,,,https://ratings.food.gov.uk/business/1276049
https://www.instagram.com/zealandroadcoffee,instagram,Zealand Road Coffee Shop,Tower Hamlets,Bow,Breakfast,,1,,391 Roman Road,E3 5QS,openstreetmap,,zealandroadcoffee,https://www.openstreetmap.org/way/745262397
https://zialucia.com/canary-wharf/,own site,Zia Lucia,Tower Hamlets,Isle of Dogs,Pizza,,1,+44 204 503 8859,75 Marsh Wall,E14 9WS,openstreetmap,,,https://www.openstreetmap.org/node/12685740199
https://www.zizzi.co.uk/italian/restaurants/st-katharines-docks,own site,Zizzi,Tower Hamlets,Wapping,Italian,feedback@zizzi.co.uk,1,,East Smithfield,E1W 1AT,openstreetmap,,,https://www.openstreetmap.org/node/948151853
https://www.zizzi.co.uk/italian/restaurants/canary-wharf,own site,Zizzi,Tower Hamlets,Canary Wharf,Italian,feedback@zizzi.co.uk,1,,15 Cabot Square,E14 4QT,openstreetmap,,,https://www.openstreetmap.org/node/10611368182
