email,name,borough,area,categories,website,other_emails,email_source,source,locations,phone,address,postcode,osm_url
info@10greekstreet.com,10 Greek Street,Westminster,Soho,Greek,https://www.10greekstreet.com/,,venue website,openstreetmap,1,,10 Greek Street,,https://www.openstreetmap.org/way/279322538
info@kitchenatholmes.co.uk,106 Baker Street,Westminster,Marylebone (also St Marylebone),Bakery; Deli,https://www.106bakerst.co.uk/,,venue website,openstreetmap,1,,106 Baker Street,W1U 6TW,https://www.openstreetmap.org/node/6338252684
info@2veneti.com,2 Veneti,Westminster,Marylebone (also St Marylebone),Italian,https://www.2veneti.com/,,venue website,openstreetmap,1,,10 Wigmore Street,,https://www.openstreetmap.org/way/364348784
gmmarylebone@coppaclub.co.uk,31 Below,Westminster,Marylebone (also St Marylebone),Cafe,https://31below.co.uk/,,venue website,openstreetmap,1,+44 20 3912 2007,31 Marylebone High Street,,https://www.openstreetmap.org/node/4839157847
reservations@74duke.com,74 Duke,Westminster,Mayfair,Restaurant,https://www.74duke.com/,,venue website,openstreetmap,1,,74 Duke Street,W1K 6JZ,https://www.openstreetmap.org/node/462025223
info@awong.co.uk,A. Wong,Westminster,Pimlico,Asian; Chinese,https://awong.co.uk/,,openstreetmap,openstreetmap,1,+44 20 7828 8931,70-71 Wilton Road,SW1V 1DE,https://www.openstreetmap.org/way/449059442
info@angussteakhouse.co.uk,Aberdeen Steak House,Westminster,Paddington,Steak,https://www.angussteakhouse.co.uk,book.leicestersquare@angussteakhouse.co.uk; book.oxfordcircus@angussteakhouse.co.uk,openstreetmap,openstreetmap,1,+44 20 7706 4879,163-165 Praed Street,W2 1RH,https://www.openstreetmap.org/way/155488586
coventgarden@abuelocafe.co.uk,Abuelo,Westminster,Covent Garden,Cafe,https://www.abuelocafe.co.uk/,marylebone@abuelocafe.co.uk,venue website,openstreetmap,1,,26 Southampton Street,WC2E 7RS,https://www.openstreetmap.org/node/11222511937
info@akoko.co.uk,Akoko,Westminster,Soho,Restaurant,https://akoko.co.uk/,,venue website,openstreetmap,1,+44 20 7323 0593,21 Berners Street,W1T 3LP,https://www.openstreetmap.org/node/691728906
info@alarez.co.uk,Al Arez,Westminster,Paddington,Restaurant,https://www.alarez.co.uk/,,venue website,openstreetmap,3,+44 20 7262 4833,101-103 Edgware Road,,https://www.openstreetmap.org/way/351025496
booking.albasha@gmail.com,Al Basha,Westminster,Belgravia,Restaurant,https://www.albasha.uk/,albashasw1@gmail.com,venue website,openstreetmap,1,,48 Knightsbridge,,https://www.openstreetmap.org/node/5980616505
mail@alhamrarestaurant.co.uk,Al Hamra,Westminster,Mayfair,Restaurant,https://alhamrarestaurant.co.uk/,,venue website,openstreetmap,1,,31-33,,https://www.openstreetmap.org/node/622552061
info@alibabarestaurant.co.uk,Ali Baba,Westminster,Marylebone (also St Marylebone),Restaurant,https://www.alibabarestaurant.co.uk/,,venue website,openstreetmap,1,,32 Ivor Place,,https://www.openstreetmap.org/node/6433467353
hello@alounakrestaurant.co.uk,Alounak Express,Westminster,Bayswater,Cafe,https://alounakrestaurant.co.uk/home-westbournegrove?view=featured,,venue website,openstreetmap,1,+44 20 7229 0416,44 Westbourne Grove,W2 5SH,https://www.openstreetmap.org/way/368374524
info@ambassadorsclubhouse.com,Ambassador's Clubhouse,Westminster,Soho,Indian,https://ambassadorsclubhouse.com/,,openstreetmap,openstreetmap,1,+44 20 3319 8100,25 Heddon Street,W1B 4BH,https://www.openstreetmap.org/node/12677622201
info@amjadia.co.uk,Amjadia,Westminster,Marylebone (also St Marylebone),Indian,https://www.amjadia.co.uk/,,venue website,openstreetmap,1,,15 Picton Place,W1U 1BW,https://www.openstreetmap.org/way/217965546
enquiries@andrewedmunds.com,Andrew Edmunds,Westminster,Soho,Restaurant,https://www.andrewedmunds.com/,,venue website,openstreetmap,1,,46 Lexington Street,W1F 0LP,https://www.openstreetmap.org/way/273697611
contact@anglothai.co.uk,Anglo Thai,Westminster,Marylebone (also St Marylebone),Asian,https://anglothai.co.uk/,press@anglothai.co.uk,openstreetmap,openstreetmap,1,+44203 307 8800,22-24 Seymour Place,W1H 7NL,https://www.openstreetmap.org/node/5328197698
book.leicestersquare@angussteakhouse.co.uk,Angus Steak House,Westminster,Covent Garden,Steak,https://www.angussteakhouse.co.uk/,book.oxfordcircus@angussteakhouse.co.uk; info@angussteakhouse.co.uk,venue website,openstreetmap,1,,20 Cranbourn Street,WC2H 7LU,https://www.openstreetmap.org/node/1567761397
contact@antidotewinebar.com,Antidote,Westminster,Soho,French,https://www.antidotewinebar.com/,,venue website,openstreetmap,1,+44 20 7287 8488,12A Newburgh Street,W1F 7RR,https://www.openstreetmap.org/way/272019364
hello@apricityrestaurant.com,Apricity,Westminster,Mayfair,Restaurant,https://www.apricityrestaurant.com/menus,,venue website,openstreetmap,1,+44 20 8017 2780,68 Duke Street,W1K 6JU,https://www.openstreetmap.org/node/462025222
hello@arambyimad.co.uk,Aram by Imad,Westminster,Covent Garden,Restaurant,https://www.arambyimad.co.uk/,,venue website,openstreetmap,1,,,,https://www.openstreetmap.org/node/751735206
reservations@arlington.london,Arlington,Westminster,St James's,Restaurant,https://www.arlington.london/,,openstreetmap,openstreetmap,1,+44 20 3856 1000,20 Arlington Street,SW1A 1RJ,https://www.openstreetmap.org/node/6821298285
marylebone@arrocoffee.com,Arro Coffee - The Temple of Coffee,Westminster,Marylebone (also St Marylebone),Bakery; Breakfast; Italian,https://www.arrocoffee.com,info@arrocoffee.com; orders@arrocoffee.com,openstreetmap,openstreetmap,1,,67 Chiltern Street,W1U 6NJ,https://www.openstreetmap.org/way/235395296
info@arrocoffee.com,ARRO London,Westminster,Soho,Cafe,https://www.arrocoffee.com/,orders@arrocoffee.com,venue website,openstreetmap,1,,145 Oxford Street,,https://www.openstreetmap.org/node/10135523820
admin@assaggi.co.uk,Assaggi,Westminster,Bayswater,Italian,https://assaggi.co.uk/,,venue website,openstreetmap,1,+44 20 7792 5501,39 Chepstow Place,,https://www.openstreetmap.org/node/7104637364
hydepark@aubaine.co.uk,Aubaine,Westminster,Bayswater,French,https://www.aubaine.co.uk/,events@aubaine.co.uk,openstreetmap,openstreetmap,1,+44 20 3773 3930,129 Bayswater Road,,https://www.openstreetmap.org/node/4855558090
contact@augustusharris.com,Augustus Harris,Westminster,Covent Garden,Restaurant,https://www.augustusharris.com/,,venue website,openstreetmap,1,,,WC2B 5JT,https://www.openstreetmap.org/way/986920653
hello@avobar.co.uk,Avobar,Westminster,Covent Garden,Restaurant,https://www.avobar.co.uk/,,venue website,openstreetmap,2,,23-24 Henrietta Street,,https://www.openstreetmap.org/node/5943495285
reservations@babborestaurant.co.uk,Babbo,Westminster,St John's Wood,Italian,https://babborestaurant.co.uk,,venue website,openstreetmap,1,,29-31 St John's Wood High Street,NW8 7NH,https://www.openstreetmap.org/node/6535716234
eat@bagelfactory.co.uk,Bagel Factory,Westminster,Paddington,Bagels; Bakery,https://www.bagelfactory.co.uk/locations,,venue website,openstreetmap,2,+44 20 7706 1711,175 Praed Street,W2 1RH,https://www.openstreetmap.org/node/2273789386
info@bageriet.co.uk,Bageriet,Westminster,Covent Garden,Bakery,https://www.bageriet.co.uk/,,openstreetmap,openstreetmap,1,+44 20 7240 0000,24 Rose Street,WC2E 9EA,https://www.openstreetmap.org/way/565171601
balansno34@balans.co.uk,Balans Soho Society Cafe,Westminster,Soho,Cafe,https://www.balans.co.uk/,balansno60@balans.co.uk,openstreetmap,openstreetmap,1,+44 20 7439 3309,34 Old Compton Street,W1D 4UG,https://www.openstreetmap.org/node/13571511903
bath@bananatree.co.uk,Banana Tree,Westminster,Bayswater,Asian,https://bananatree.co.uk/restaurants/westbourne-grove/,battersea@bananatree.co.uk; birminghambullring@bananatree.co.uk; cardiff@bananatree.co.uk; chelmsford@bananatree.co.uk; coventgarden@bananatree.co.uk; greenwich@bananatree.co.uk; haywardsheath@bananatree.co.uk; henley@bananatree.co.uk; islington@bananatree.co.uk; maidavale@bananatree.co.uk; miltonkeynes@bananatree.co.uk; theo2@bananatree.co.uk; oxford@bananatree.co.uk; portsmouth@bananatree.co.uk; salford@bananatree.co.uk; soho@bananatree.co.uk; stevenage@bananatree.co.uk; westhampstead@bananatree.co.uk; windsor@bananatree.co.uk,venue website,openstreetmap,1,,21-23 Westbourne Grove,W2 4UA,https://www.openstreetmap.org/node/3547298142
soho@bananatree.co.uk,Banana Tree,Westminster,Soho,Asian,https://bananatree.co.uk/restaurants/soho/,bath@bananatree.co.uk; battersea@bananatree.co.uk; birminghambullring@bananatree.co.uk; cardiff@bananatree.co.uk; chelmsford@bananatree.co.uk; coventgarden@bananatree.co.uk; greenwich@bananatree.co.uk; haywardsheath@bananatree.co.uk; henley@bananatree.co.uk; islington@bananatree.co.uk; maidavale@bananatree.co.uk; miltonkeynes@bananatree.co.uk; theo2@bananatree.co.uk; oxford@bananatree.co.uk; portsmouth@bananatree.co.uk; salford@bananatree.co.uk; stevenage@bananatree.co.uk; westhampstead@bananatree.co.uk; windsor@bananatree.co.uk,openstreetmap,openstreetmap,1,+44 20 7437 1351,103-109 Wardour Street,W1F 0UG,https://www.openstreetmap.org/node/3753629930
coventgarden@bananatree.co.uk,Banana Tree,Westminster,Covent Garden,Asian,https://bananatree.co.uk/restaurants/covent-garden/,bath@bananatree.co.uk; battersea@bananatree.co.uk; birminghambullring@bananatree.co.uk; cardiff@bananatree.co.uk; chelmsford@bananatree.co.uk; greenwich@bananatree.co.uk; haywardsheath@bananatree.co.uk; henley@bananatree.co.uk; islington@bananatree.co.uk; maidavale@bananatree.co.uk; miltonkeynes@bananatree.co.uk; theo2@bananatree.co.uk; oxford@bananatree.co.uk; portsmouth@bananatree.co.uk; salford@bananatree.co.uk; soho@bananatree.co.uk; stevenage@bananatree.co.uk; westhampstead@bananatree.co.uk; windsor@bananatree.co.uk,venue website,openstreetmap,1,,34 Wellington Street,WC2E 7BD,https://www.openstreetmap.org/way/196657743
maidavale@bananatree.co.uk,Banana Tree,Westminster,Maida Vale,Restaurant,https://bananatree.co.uk/restaurants/maida-vale/,bath@bananatree.co.uk; battersea@bananatree.co.uk; birminghambullring@bananatree.co.uk; cardiff@bananatree.co.uk; chelmsford@bananatree.co.uk; coventgarden@bananatree.co.uk; greenwich@bananatree.co.uk; haywardsheath@bananatree.co.uk; henley@bananatree.co.uk; islington@bananatree.co.uk; miltonkeynes@bananatree.co.uk; theo2@bananatree.co.uk; oxford@bananatree.co.uk; portsmouth@bananatree.co.uk; salford@bananatree.co.uk; soho@bananatree.co.uk; stevenage@bananatree.co.uk; westhampstead@bananatree.co.uk; windsor@bananatree.co.uk,venue website,openstreetmap,1,,166 Randolph Avenue,,https://www.openstreetmap.org/way/708829139
hello@banhmibay.co.uk,Banh Mi Bay,Westminster,Soho,Asian,https://www.banhmibay.co.uk/,,openstreetmap,openstreetmap,1,+44 20 3609 4830,21 Rathbone Street,W1T 1NF,https://www.openstreetmap.org/node/6089646650
westminster.reservations@bankrestaurants.com,Bank Restaurant & Bar,Westminster,Westminster,Restaurant,https://www.individualrestaurants.com/,enquiries@individualrestaurants.com,openstreetmap,openstreetmap,1,+44 20 7630 6644,45 Buckingham Gate,SW1E 6BS,https://www.openstreetmap.org/node/169368767
reservations@bardostjames.com,Bardo St James's,Westminster,St James's,Italian; Pizza,https://www.bardostjames.com,,venue website,openstreetmap,1,+44 20 3828 2487,4 Suffolk Place,SW1Y 4HX,https://www.openstreetmap.org/node/10869494217
info@barrafina.co.uk,Barrafina Drury Lane,Westminster,Covent Garden,Restaurant,https://www.barrafina.co.uk/,,openstreetmap,openstreetmap,1,,,,https://www.openstreetmap.org/node/3815512761
marylebone@bayley-sage.co.uk,Bayley & Sage,Westminster,Marylebone (also St Marylebone),Deli,https://bayley-sage.co.uk/stores/marylebone/,,venue website,openstreetmap,1,+44 207 9522 269,33-34 Marylebone High Street,W1U 4QD,https://www.openstreetmap.org/node/4839157842
admin@bbarlondon.com,Bbar,Westminster,Belgravia,Pub,https://www.bbarlondon.com/,,venue website,openstreetmap,1,,43 Buckingham Palace Road,SW1W 0PP,https://www.openstreetmap.org/node/295905009
reservations@bebebob.com,Bebe Bob,Westminster,Soho,Restaurant,https://bebebob.com/,bebebob.privatediningandevents@bebebob.com,venue website,openstreetmap,2,,37 Golden Square,,https://www.openstreetmap.org/node/12162371855
info@belgraverestaurant.com,Belgrave,Westminster,St John's Wood,Restaurant,https://belgraverestaurant.com/,honey@belgraverestaurant.com,venue website,openstreetmap,1,+44 20 7624 4242,1 Belgrave Gardens,,https://www.openstreetmap.org/node/6629510928
queensway55@bellaitalia.co.uk,Bella Italia,Westminster,Bayswater,Italian,https://www.bellaitalia.co.uk/restaurants/london/queensway-55,ashton@bellaitalia.co.uk; basildon@bellaitalia.co.uk; birmingham@bellaitalia.co.uk; blackpoolvictoriastreet@bellaitalia.co.uk; bluewater@bellaitalia.co.uk; bolton@bellaitalia.co.uk; brighton@bellaitalia.co.uk; bristolbaldwin@bellaitalia.co.uk; bristolcribbs@bellaitalia.co.uk; bristolabbeywood@bellaitalia.co.uk; bristolaspects@bellaitalia.co.uk; burton@bellaitalia.co.uk; cambridgeleisure@bellaitalia.co.uk; castleford@bellaitalia.co.uk; elveden@bellaitalia.co.uk; longleat@bellaitalia.co.uk; sherwood@bellaitalia.co.uk; whinfell@bellaitalia.co.uk; cheshireoaks@bellaitalia.co.uk; chester@bellaitalia.co.uk; coventry@bellaitalia.co.uk; cranbournst@bellaitalia.co.uk; croydon@bellaitalia.co.uk; dudley@bellaitalia.co.uk; edinburghhanover@bellaitalia.co.uk; edinburghnb@bellaitalia.co.uk; exeter@bellaitalia.co.uk; gatesheadmetro@bellaitalia.co.uk; glasgowsauchiehall@bellaitalia.co.uk; hempstead@bellaitalia.co.uk; huntingdon@bellaitalia.co.uk; inverness@bellaitalia.co.uk; irvingst@bellaitalia.co.uk; jersey@bellaitalia.co.uk; lakeside@bellaitalia.co.uk; lancaster@bellaitalia.co.uk; leedsbriggate@bellaitalia.co.uk; leedswhiterose@bellaitalia.co.uk; leicestermeridian@bellaitalia.co.uk; liverpool@bellaitalia.co.uk; mansfield@bellaitalia.co.uk; miltonkeynes@bellaitalia.co.uk; mkstadium@bellaitalia.co.uk; eldonsquare@bellaitalia.co.uk; northampton@bellaitalia.co.uk; redlionst@bellaitalia.co.uk; riverside@bellaitalia.co.uk; cornerhouse@bellaitalia.co.uk; oxford@bellaitalia.co.uk; paddington@bellaitalia.co.uk; peterborough@bellaitalia.co.uk; portsmouthgwquays@bellaitalia.co.uk; queensway108@bellaitalia.co.uk; readingoracle@bellaitalia.co.uk; salfordquays@bellaitalia.co.uk; shaftesburyave@bellaitalia.co.uk; sheffield@bellaitalia.co.uk; sheffieldstpauls@bellaitalia.co.uk; sthkensington@bellaitalia.co.uk; hanover@bellaitalia.co.uk; stmartins@bellaitalia.co.uk; stevenage@bellaitalia.co.uk; telford@bellaitalia.co.uk; strand@bellaitalia.co.uk; walsall@bellaitalia.co.uk; wellingtonst@bellaitalia.co.uk; witney@bellaitalia.co.uk; wolverhampton@bellaitalia.co.uk; york@bellaitalia.co.uk; yorkcliftonmoor@bellaitalia.co.uk,venue website,openstreetmap,1,+44 20 7792 2880,55 Queensway,W2 4QH,https://www.openstreetmap.org/node/281426069
queensway108@bellaitalia.co.uk,Bella Italia,Westminster,Bayswater,Italian,https://www.bellaitalia.co.uk/restaurants/london/queensway-110,ashton@bellaitalia.co.uk; basildon@bellaitalia.co.uk; birmingham@bellaitalia.co.uk; blackpoolvictoriastreet@bellaitalia.co.uk; bluewater@bellaitalia.co.uk; bolton@bellaitalia.co.uk; brighton@bellaitalia.co.uk; bristolbaldwin@bellaitalia.co.uk; bristolcribbs@bellaitalia.co.uk; bristolabbeywood@bellaitalia.co.uk; bristolaspects@bellaitalia.co.uk; burton@bellaitalia.co.uk; cambridgeleisure@bellaitalia.co.uk; castleford@bellaitalia.co.uk; elveden@bellaitalia.co.uk; longleat@bellaitalia.co.uk; sherwood@bellaitalia.co.uk; whinfell@bellaitalia.co.uk; cheshireoaks@bellaitalia.co.uk; chester@bellaitalia.co.uk; coventry@bellaitalia.co.uk; cranbournst@bellaitalia.co.uk; croydon@bellaitalia.co.uk; dudley@bellaitalia.co.uk; edinburghhanover@bellaitalia.co.uk; edinburghnb@bellaitalia.co.uk; exeter@bellaitalia.co.uk; gatesheadmetro@bellaitalia.co.uk; glasgowsauchiehall@bellaitalia.co.uk; hempstead@bellaitalia.co.uk; huntingdon@bellaitalia.co.uk; inverness@bellaitalia.co.uk; irvingst@bellaitalia.co.uk; jersey@bellaitalia.co.uk; lakeside@bellaitalia.co.uk; lancaster@bellaitalia.co.uk; leedsbriggate@bellaitalia.co.uk; leedswhiterose@bellaitalia.co.uk; leicestermeridian@bellaitalia.co.uk; liverpool@bellaitalia.co.uk; mansfield@bellaitalia.co.uk; miltonkeynes@bellaitalia.co.uk; mkstadium@bellaitalia.co.uk; eldonsquare@bellaitalia.co.uk; northampton@bellaitalia.co.uk; redlionst@bellaitalia.co.uk; riverside@bellaitalia.co.uk; cornerhouse@bellaitalia.co.uk; oxford@bellaitalia.co.uk; paddington@bellaitalia.co.uk; peterborough@bellaitalia.co.uk; portsmouthgwquays@bellaitalia.co.uk; queensway55@bellaitalia.co.uk; readingoracle@bellaitalia.co.uk; salfordquays@bellaitalia.co.uk; shaftesburyave@bellaitalia.co.uk; sheffield@bellaitalia.co.uk; sheffieldstpauls@bellaitalia.co.uk; sthkensington@bellaitalia.co.uk; hanover@bellaitalia.co.uk; stmartins@bellaitalia.co.uk; stevenage@bellaitalia.co.uk; telford@bellaitalia.co.uk; strand@bellaitalia.co.uk; walsall@bellaitalia.co.uk; wellingtonst@bellaitalia.co.uk; witney@bellaitalia.co.uk; wolverhampton@bellaitalia.co.uk; york@bellaitalia.co.uk; yorkcliftonmoor@bellaitalia.co.uk,venue website,openstreetmap,1,+44 20 7229 2439,108-110 Queensway,,https://www.openstreetmap.org/node/534651597
cranbournst@bellaitalia.co.uk,Bella Italia,Westminster,Covent Garden,Italian,https://www.bellaitalia.co.uk/restaurants/london/cranbourn-street,ashton@bellaitalia.co.uk; basildon@bellaitalia.co.uk; birmingham@bellaitalia.co.uk; blackpoolvictoriastreet@bellaitalia.co.uk; bluewater@bellaitalia.co.uk; bolton@bellaitalia.co.uk; brighton@bellaitalia.co.uk; bristolbaldwin@bellaitalia.co.uk; bristolcribbs@bellaitalia.co.uk; bristolabbeywood@bellaitalia.co.uk; bristolaspects@bellaitalia.co.uk; burton@bellaitalia.co.uk; cambridgeleisure@bellaitalia.co.uk; castleford@bellaitalia.co.uk; elveden@bellaitalia.co.uk; longleat@bellaitalia.co.uk; sherwood@bellaitalia.co.uk; whinfell@bellaitalia.co.uk; cheshireoaks@bellaitalia.co.uk; chester@bellaitalia.co.uk; coventry@bellaitalia.co.uk; croydon@bellaitalia.co.uk; dudley@bellaitalia.co.uk; edinburghhanover@bellaitalia.co.uk; edinburghnb@bellaitalia.co.uk; exeter@bellaitalia.co.uk; gatesheadmetro@bellaitalia.co.uk; glasgowsauchiehall@bellaitalia.co.uk; hempstead@bellaitalia.co.uk; huntingdon@bellaitalia.co.uk; inverness@bellaitalia.co.uk; irvingst@bellaitalia.co.uk; jersey@bellaitalia.co.uk; lakeside@bellaitalia.co.uk; lancaster@bellaitalia.co.uk; leedsbriggate@bellaitalia.co.uk; leedswhiterose@bellaitalia.co.uk; leicestermeridian@bellaitalia.co.uk; liverpool@bellaitalia.co.uk; mansfield@bellaitalia.co.uk; miltonkeynes@bellaitalia.co.uk; mkstadium@bellaitalia.co.uk; eldonsquare@bellaitalia.co.uk; northampton@bellaitalia.co.uk; redlionst@bellaitalia.co.uk; riverside@bellaitalia.co.uk; cornerhouse@bellaitalia.co.uk; oxford@bellaitalia.co.uk; paddington@bellaitalia.co.uk; peterborough@bellaitalia.co.uk; portsmouthgwquays@bellaitalia.co.uk; queensway108@bellaitalia.co.uk; queensway55@bellaitalia.co.uk; readingoracle@bellaitalia.co.uk; salfordquays@bellaitalia.co.uk; shaftesburyave@bellaitalia.co.uk; sheffield@bellaitalia.co.uk; sheffieldstpauls@bellaitalia.co.uk; sthkensington@bellaitalia.co.uk; hanover@bellaitalia.co.uk; stmartins@bellaitalia.co.uk; stevenage@bellaitalia.co.uk; telford@bellaitalia.co.uk; strand@bellaitalia.co.uk; walsall@bellaitalia.co.uk; wellingtonst@bellaitalia.co.uk; witney@bellaitalia.co.uk; wolverhampton@bellaitalia.co.uk; york@bellaitalia.co.uk; yorkcliftonmoor@bellaitalia.co.uk,venue website,openstreetmap,1,,,,https://www.openstreetmap.org/node/4736199921
strand@bellaitalia.co.uk,Bella Italia,Westminster,Covent Garden,Italian,https://www.bellaitalia.co.uk/restaurants/london/the-strand,ashton@bellaitalia.co.uk; basildon@bellaitalia.co.uk; birmingham@bellaitalia.co.uk; blackpoolvictoriastreet@bellaitalia.co.uk; bluewater@bellaitalia.co.uk; bolton@bellaitalia.co.uk; brighton@bellaitalia.co.uk; bristolbaldwin@bellaitalia.co.uk; bristolcribbs@bellaitalia.co.uk; bristolabbeywood@bellaitalia.co.uk; bristolaspects@bellaitalia.co.uk; burton@bellaitalia.co.uk; cambridgeleisure@bellaitalia.co.uk; castleford@bellaitalia.co.uk; elveden@bellaitalia.co.uk; longleat@bellaitalia.co.uk; sherwood@bellaitalia.co.uk; whinfell@bellaitalia.co.uk; cheshireoaks@bellaitalia.co.uk; chester@bellaitalia.co.uk; coventry@bellaitalia.co.uk; cranbournst@bellaitalia.co.uk; croydon@bellaitalia.co.uk; dudley@bellaitalia.co.uk; edinburghhanover@bellaitalia.co.uk; edinburghnb@bellaitalia.co.uk; exeter@bellaitalia.co.uk; gatesheadmetro@bellaitalia.co.uk; glasgowsauchiehall@bellaitalia.co.uk; hempstead@bellaitalia.co.uk; huntingdon@bellaitalia.co.uk; inverness@bellaitalia.co.uk; irvingst@bellaitalia.co.uk; jersey@bellaitalia.co.uk; lakeside@bellaitalia.co.uk; lancaster@bellaitalia.co.uk; leedsbriggate@bellaitalia.co.uk; leedswhiterose@bellaitalia.co.uk; leicestermeridian@bellaitalia.co.uk; liverpool@bellaitalia.co.uk; mansfield@bellaitalia.co.uk; miltonkeynes@bellaitalia.co.uk; mkstadium@bellaitalia.co.uk; eldonsquare@bellaitalia.co.uk; northampton@bellaitalia.co.uk; redlionst@bellaitalia.co.uk; riverside@bellaitalia.co.uk; cornerhouse@bellaitalia.co.uk; oxford@bellaitalia.co.uk; paddington@bellaitalia.co.uk; peterborough@bellaitalia.co.uk; portsmouthgwquays@bellaitalia.co.uk; queensway108@bellaitalia.co.uk; queensway55@bellaitalia.co.uk; readingoracle@bellaitalia.co.uk; salfordquays@bellaitalia.co.uk; shaftesburyave@bellaitalia.co.uk; sheffield@bellaitalia.co.uk; sheffieldstpauls@bellaitalia.co.uk; sthkensington@bellaitalia.co.uk; hanover@bellaitalia.co.uk; stmartins@bellaitalia.co.uk; stevenage@bellaitalia.co.uk; telford@bellaitalia.co.uk; walsall@bellaitalia.co.uk; wellingtonst@bellaitalia.co.uk; witney@bellaitalia.co.uk; wolverhampton@bellaitalia.co.uk; york@bellaitalia.co.uk; yorkcliftonmoor@bellaitalia.co.uk,venue website,openstreetmap,1,+44 20 7839 6005,65-72 Strand,WC2N 5LR,https://www.openstreetmap.org/way/72140289
wellingtonst@bellaitalia.co.uk,Bella Italia,Westminster,Covent Garden,Italian,https://www.bellaitalia.co.uk/restaurants/london/wellington-street,ashton@bellaitalia.co.uk; basildon@bellaitalia.co.uk; birmingham@bellaitalia.co.uk; blackpoolvictoriastreet@bellaitalia.co.uk; bluewater@bellaitalia.co.uk; bolton@bellaitalia.co.uk; brighton@bellaitalia.co.uk; bristolbaldwin@bellaitalia.co.uk; bristolcribbs@bellaitalia.co.uk; bristolabbeywood@bellaitalia.co.uk; bristolaspects@bellaitalia.co.uk; burton@bellaitalia.co.uk; cambridgeleisure@bellaitalia.co.uk; castleford@bellaitalia.co.uk; elveden@bellaitalia.co.uk; longleat@bellaitalia.co.uk; sherwood@bellaitalia.co.uk; whinfell@bellaitalia.co.uk; cheshireoaks@bellaitalia.co.uk; chester@bellaitalia.co.uk; coventry@bellaitalia.co.uk; cranbournst@bellaitalia.co.uk; croydon@bellaitalia.co.uk; dudley@bellaitalia.co.uk; edinburghhanover@bellaitalia.co.uk; edinburghnb@bellaitalia.co.uk; exeter@bellaitalia.co.uk; gatesheadmetro@bellaitalia.co.uk; glasgowsauchiehall@bellaitalia.co.uk; hempstead@bellaitalia.co.uk; huntingdon@bellaitalia.co.uk; inverness@bellaitalia.co.uk; irvingst@bellaitalia.co.uk; jersey@bellaitalia.co.uk; lakeside@bellaitalia.co.uk; lancaster@bellaitalia.co.uk; leedsbriggate@bellaitalia.co.uk; leedswhiterose@bellaitalia.co.uk; leicestermeridian@bellaitalia.co.uk; liverpool@bellaitalia.co.uk; mansfield@bellaitalia.co.uk; miltonkeynes@bellaitalia.co.uk; mkstadium@bellaitalia.co.uk; eldonsquare@bellaitalia.co.uk; northampton@bellaitalia.co.uk; redlionst@bellaitalia.co.uk; riverside@bellaitalia.co.uk; cornerhouse@bellaitalia.co.uk; oxford@bellaitalia.co.uk; paddington@bellaitalia.co.uk; peterborough@bellaitalia.co.uk; portsmouthgwquays@bellaitalia.co.uk; queensway108@bellaitalia.co.uk; queensway55@bellaitalia.co.uk; readingoracle@bellaitalia.co.uk; salfordquays@bellaitalia.co.uk; shaftesburyave@bellaitalia.co.uk; sheffield@bellaitalia.co.uk; sheffieldstpauls@bellaitalia.co.uk; sthkensington@bellaitalia.co.uk; hanover@bellaitalia.co.uk; stmartins@bellaitalia.co.uk; stevenage@bellaitalia.co.uk; telford@bellaitalia.co.uk; strand@bellaitalia.co.uk; walsall@bellaitalia.co.uk; witney@bellaitalia.co.uk; wolverhampton@bellaitalia.co.uk; york@bellaitalia.co.uk; yorkcliftonmoor@bellaitalia.co.uk,venue website,openstreetmap,1,,28 Wellington Street,WC2E 7PS,https://www.openstreetmap.org/way/99952300
paddington@bellaitalia.co.uk,Bella Italia,Westminster,Paddington,Italian,https://www.bellaitalia.co.uk/restaurants/london/paddington,ashton@bellaitalia.co.uk; basildon@bellaitalia.co.uk; birmingham@bellaitalia.co.uk; blackpoolvictoriastreet@bellaitalia.co.uk; bluewater@bellaitalia.co.uk; bolton@bellaitalia.co.uk; brighton@bellaitalia.co.uk; bristolbaldwin@bellaitalia.co.uk; bristolcribbs@bellaitalia.co.uk; bristolabbeywood@bellaitalia.co.uk; bristolaspects@bellaitalia.co.uk; burton@bellaitalia.co.uk; cambridgeleisure@bellaitalia.co.uk; castleford@bellaitalia.co.uk; elveden@bellaitalia.co.uk; longleat@bellaitalia.co.uk; sherwood@bellaitalia.co.uk; whinfell@bellaitalia.co.uk; cheshireoaks@bellaitalia.co.uk; chester@bellaitalia.co.uk; coventry@bellaitalia.co.uk; cranbournst@bellaitalia.co.uk; croydon@bellaitalia.co.uk; dudley@bellaitalia.co.uk; edinburghhanover@bellaitalia.co.uk; edinburghnb@bellaitalia.co.uk; exeter@bellaitalia.co.uk; gatesheadmetro@bellaitalia.co.uk; glasgowsauchiehall@bellaitalia.co.uk; hempstead@bellaitalia.co.uk; huntingdon@bellaitalia.co.uk; inverness@bellaitalia.co.uk; irvingst@bellaitalia.co.uk; jersey@bellaitalia.co.uk; lakeside@bellaitalia.co.uk; lancaster@bellaitalia.co.uk; leedsbriggate@bellaitalia.co.uk; leedswhiterose@bellaitalia.co.uk; leicestermeridian@bellaitalia.co.uk; liverpool@bellaitalia.co.uk; mansfield@bellaitalia.co.uk; miltonkeynes@bellaitalia.co.uk; mkstadium@bellaitalia.co.uk; eldonsquare@bellaitalia.co.uk; northampton@bellaitalia.co.uk; redlionst@bellaitalia.co.uk; riverside@bellaitalia.co.uk; cornerhouse@bellaitalia.co.uk; oxford@bellaitalia.co.uk; peterborough@bellaitalia.co.uk; portsmouthgwquays@bellaitalia.co.uk; queensway108@bellaitalia.co.uk; queensway55@bellaitalia.co.uk; readingoracle@bellaitalia.co.uk; salfordquays@bellaitalia.co.uk; shaftesburyave@bellaitalia.co.uk; sheffield@bellaitalia.co.uk; sheffieldstpauls@bellaitalia.co.uk; sthkensington@bellaitalia.co.uk; hanover@bellaitalia.co.uk; stmartins@bellaitalia.co.uk; stevenage@bellaitalia.co.uk; telford@bellaitalia.co.uk; strand@bellaitalia.co.uk; walsall@bellaitalia.co.uk; wellingtonst@bellaitalia.co.uk; witney@bellaitalia.co.uk; wolverhampton@bellaitalia.co.uk; york@bellaitalia.co.uk; yorkcliftonmoor@bellaitalia.co.uk,venue website,openstreetmap,1,,16 London Street,W2 1HL,https://www.openstreetmap.org/way/155488595
stmartins@bellaitalia.co.uk,Bella Italia,Westminster,Covent Garden,Italian,https://www.bellaitalia.co.uk/restaurants/london/st-martins-lane,ashton@bellaitalia.co.uk; basildon@bellaitalia.co.uk; birmingham@bellaitalia.co.uk; blackpoolvictoriastreet@bellaitalia.co.uk; bluewater@bellaitalia.co.uk; bolton@bellaitalia.co.uk; brighton@bellaitalia.co.uk; bristolbaldwin@bellaitalia.co.uk; bristolcribbs@bellaitalia.co.uk; bristolabbeywood@bellaitalia.co.uk; bristolaspects@bellaitalia.co.uk; burton@bellaitalia.co.uk; cambridgeleisure@bellaitalia.co.uk; castleford@bellaitalia.co.uk; elveden@bellaitalia.co.uk; longleat@bellaitalia.co.uk; sherwood@bellaitalia.co.uk; whinfell@bellaitalia.co.uk; cheshireoaks@bellaitalia.co.uk; chester@bellaitalia.co.uk; coventry@bellaitalia.co.uk; cranbournst@bellaitalia.co.uk; croydon@bellaitalia.co.uk; dudley@bellaitalia.co.uk; edinburghhanover@bellaitalia.co.uk; edinburghnb@bellaitalia.co.uk; exeter@bellaitalia.co.uk; gatesheadmetro@bellaitalia.co.uk; glasgowsauchiehall@bellaitalia.co.uk; hempstead@bellaitalia.co.uk; huntingdon@bellaitalia.co.uk; inverness@bellaitalia.co.uk; irvingst@bellaitalia.co.uk; jersey@bellaitalia.co.uk; lakeside@bellaitalia.co.uk; lancaster@bellaitalia.co.uk; leedsbriggate@bellaitalia.co.uk; leedswhiterose@bellaitalia.co.uk; leicestermeridian@bellaitalia.co.uk; liverpool@bellaitalia.co.uk; mansfield@bellaitalia.co.uk; miltonkeynes@bellaitalia.co.uk; mkstadium@bellaitalia.co.uk; eldonsquare@bellaitalia.co.uk; northampton@bellaitalia.co.uk; redlionst@bellaitalia.co.uk; riverside@bellaitalia.co.uk; cornerhouse@bellaitalia.co.uk; oxford@bellaitalia.co.uk; paddington@bellaitalia.co.uk; peterborough@bellaitalia.co.uk; portsmouthgwquays@bellaitalia.co.uk; queensway108@bellaitalia.co.uk; queensway55@bellaitalia.co.uk; readingoracle@bellaitalia.co.uk; salfordquays@bellaitalia.co.uk; shaftesburyave@bellaitalia.co.uk; sheffield@bellaitalia.co.uk; sheffieldstpauls@bellaitalia.co.uk; sthkensington@bellaitalia.co.uk; hanover@bellaitalia.co.uk; stevenage@bellaitalia.co.uk; telford@bellaitalia.co.uk; strand@bellaitalia.co.uk; walsall@bellaitalia.co.uk; wellingtonst@bellaitalia.co.uk; witney@bellaitalia.co.uk; wolverhampton@bellaitalia.co.uk; york@bellaitalia.co.uk; yorkcliftonmoor@bellaitalia.co.uk,venue website,openstreetmap,1,,70 St Martin's Lane,WC2N 4JS,https://www.openstreetmap.org/way/566157055
shaftesburyave@bellaitalia.co.uk,Bella Italia,Westminster,Soho,Italian,https://www.bellaitalia.co.uk/restaurants/london/shaftesbury-avenue,ashton@bellaitalia.co.uk; basildon@bellaitalia.co.uk; birmingham@bellaitalia.co.uk; blackpoolvictoriastreet@bellaitalia.co.uk; bluewater@bellaitalia.co.uk; bolton@bellaitalia.co.uk; brighton@bellaitalia.co.uk; bristolbaldwin@bellaitalia.co.uk; bristolcribbs@bellaitalia.co.uk; bristolabbeywood@bellaitalia.co.uk; bristolaspects@bellaitalia.co.uk; burton@bellaitalia.co.uk; cambridgeleisure@bellaitalia.co.uk; castleford@bellaitalia.co.uk; elveden@bellaitalia.co.uk; longleat@bellaitalia.co.uk; sherwood@bellaitalia.co.uk; whinfell@bellaitalia.co.uk; cheshireoaks@bellaitalia.co.uk; chester@bellaitalia.co.uk; coventry@bellaitalia.co.uk; cranbournst@bellaitalia.co.uk; croydon@bellaitalia.co.uk; dudley@bellaitalia.co.uk; edinburghhanover@bellaitalia.co.uk; edinburghnb@bellaitalia.co.uk; exeter@bellaitalia.co.uk; gatesheadmetro@bellaitalia.co.uk; glasgowsauchiehall@bellaitalia.co.uk; hempstead@bellaitalia.co.uk; huntingdon@bellaitalia.co.uk; inverness@bellaitalia.co.uk; irvingst@bellaitalia.co.uk; jersey@bellaitalia.co.uk; lakeside@bellaitalia.co.uk; lancaster@bellaitalia.co.uk; leedsbriggate@bellaitalia.co.uk; leedswhiterose@bellaitalia.co.uk; leicestermeridian@bellaitalia.co.uk; liverpool@bellaitalia.co.uk; mansfield@bellaitalia.co.uk; miltonkeynes@bellaitalia.co.uk; mkstadium@bellaitalia.co.uk; eldonsquare@bellaitalia.co.uk; northampton@bellaitalia.co.uk; redlionst@bellaitalia.co.uk; riverside@bellaitalia.co.uk; cornerhouse@bellaitalia.co.uk; oxford@bellaitalia.co.uk; paddington@bellaitalia.co.uk; peterborough@bellaitalia.co.uk; portsmouthgwquays@bellaitalia.co.uk; queensway108@bellaitalia.co.uk; queensway55@bellaitalia.co.uk; readingoracle@bellaitalia.co.uk; salfordquays@bellaitalia.co.uk; sheffield@bellaitalia.co.uk; sheffieldstpauls@bellaitalia.co.uk; sthkensington@bellaitalia.co.uk; hanover@bellaitalia.co.uk; stmartins@bellaitalia.co.uk; stevenage@bellaitalia.co.uk; telford@bellaitalia.co.uk; strand@bellaitalia.co.uk; walsall@bellaitalia.co.uk; wellingtonst@bellaitalia.co.uk; witney@bellaitalia.co.uk; wolverhampton@bellaitalia.co.uk; york@bellaitalia.co.uk; yorkcliftonmoor@bellaitalia.co.uk,venue website,openstreetmap,1,,61-63 Shaftesbury Avenue,W1D 6LQ,https://www.openstreetmap.org/way/993516047
irvingst@bellaitalia.co.uk,Bella Italia,Westminster,Covent Garden,Italian,https://www.bellaitalia.co.uk/restaurants/london/irving-street,ashton@bellaitalia.co.uk; basildon@bellaitalia.co.uk; birmingham@bellaitalia.co.uk; blackpoolvictoriastreet@bellaitalia.co.uk; bluewater@bellaitalia.co.uk; bolton@bellaitalia.co.uk; brighton@bellaitalia.co.uk; bristolbaldwin@bellaitalia.co.uk; bristolcribbs@bellaitalia.co.uk; bristolabbeywood@bellaitalia.co.uk; bristolaspects@bellaitalia.co.uk; burton@bellaitalia.co.uk; cambridgeleisure@bellaitalia.co.uk; castleford@bellaitalia.co.uk; elveden@bellaitalia.co.uk; longleat@bellaitalia.co.uk; sherwood@bellaitalia.co.uk; whinfell@bellaitalia.co.uk; cheshireoaks@bellaitalia.co.uk; chester@bellaitalia.co.uk; coventry@bellaitalia.co.uk; cranbournst@bellaitalia.co.uk; croydon@bellaitalia.co.uk; dudley@bellaitalia.co.uk; edinburghhanover@bellaitalia.co.uk; edinburghnb@bellaitalia.co.uk; exeter@bellaitalia.co.uk; gatesheadmetro@bellaitalia.co.uk; glasgowsauchiehall@bellaitalia.co.uk; hempstead@bellaitalia.co.uk; huntingdon@bellaitalia.co.uk; inverness@bellaitalia.co.uk; jersey@bellaitalia.co.uk; lakeside@bellaitalia.co.uk; lancaster@bellaitalia.co.uk; leedsbriggate@bellaitalia.co.uk; leedswhiterose@bellaitalia.co.uk; leicestermeridian@bellaitalia.co.uk; liverpool@bellaitalia.co.uk; mansfield@bellaitalia.co.uk; miltonkeynes@bellaitalia.co.uk; mkstadium@bellaitalia.co.uk; eldonsquare@bellaitalia.co.uk; northampton@bellaitalia.co.uk; redlionst@bellaitalia.co.uk; riverside@bellaitalia.co.uk; cornerhouse@bellaitalia.co.uk; oxford@bellaitalia.co.uk; paddington@bellaitalia.co.uk; peterborough@bellaitalia.co.uk; portsmouthgwquays@bellaitalia.co.uk; queensway108@bellaitalia.co.uk; queensway55@bellaitalia.co.uk; readingoracle@bellaitalia.co.uk; salfordquays@bellaitalia.co.uk; shaftesburyave@bellaitalia.co.uk; sheffield@bellaitalia.co.uk; sheffieldstpauls@bellaitalia.co.uk; sthkensington@bellaitalia.co.uk; hanover@bellaitalia.co.uk; stmartins@bellaitalia.co.uk; stevenage@bellaitalia.co.uk; telford@bellaitalia.co.uk; strand@bellaitalia.co.uk; walsall@bellaitalia.co.uk; wellingtonst@bellaitalia.co.uk; witney@bellaitalia.co.uk; wolverhampton@bellaitalia.co.uk; york@bellaitalia.co.uk; yorkcliftonmoor@bellaitalia.co.uk,venue website,openstreetmap,1,,10 Irving Street,WC2H 7AT,https://www.openstreetmap.org/way/995954604
info@bellamysrestaurant.co.uk,Bellamy's,Westminster,Mayfair,French,https://www.bellamysrestaurant.co.uk/,,venue website,openstreetmap,1,+44 20 7491 2727,18 Bruton Place,W1J 6LY,https://www.openstreetmap.org/way/605454270
reservations@bentleys.org,Bentley's,Westminster,Soho,Seafood,https://www.bentleys.org/,,venue website,openstreetmap,1,,,W1B 4DG,https://www.openstreetmap.org/way/290306916
orders@benugo.com,Benugo,Westminster,Mayfair,Cafe,https://www.benugo.com/,,venue website,openstreetmap,1,,,,https://www.openstreetmap.org/way/340427500
info@letsgotobibis.co.uk,Bibi's,Westminster,Soho,Cafe,https://letsgotobibis.co.uk/,,venue website,openstreetmap,2,,14/14A Golden Square,W1F 9JG,https://www.openstreetmap.org/node/594876703
b1@bistro1.co.uk,Bistro1,Westminster,Soho,French,https://www.bistro1.co.uk/,,venue website,openstreetmap,1,,27 Frith Street,W1D 5LE,https://www.openstreetmap.org/node/13968960250
reservations@theblacklock.com,Blacklock,Westminster,Soho,Steak,https://theblacklock.com/,hello@theblacklock.com,openstreetmap,openstreetmap,1,,24 Great Windmill Street,W1D 7LG,https://www.openstreetmap.org/node/4302224814
hello@theblacklock.com,Blacklock Chop House,Westminster,Covent Garden,Burger; Steak,https://theblacklock.com/,,venue website,openstreetmap,1,+44 20 3034 1394,16a Bedford Street,WC2E 9HE,https://www.openstreetmap.org/node/10589926005
liam@bleecker.co.uk,Bleecker,Westminster,Belgravia,Burger,https://bleeckerburger.co.uk/,,openstreetmap,openstreetmap,1,,205 Victoria Street,SW1E 5NE,https://www.openstreetmap.org/way/140334140
reservations@blueboarlondon.com,Blue Boar,Westminster,Westminster,Steak,https://blueboarlondon.com/,,venue website,openstreetmap,1,,41-47 Tothill Street,,https://www.openstreetmap.org/way/674563178
info@boccadilupo.com,Bocca Di Lupo,Westminster,Soho,Italian,https://www.boccadilupo.com/,,venue website,openstreetmap,1,,12 Archer Street,,https://www.openstreetmap.org/way/570606952
reservations@bocconcinorestaurant.co.uk,Bocconcino Mayfair,Westminster,Mayfair,Italian,https://bocconcinorestaurant.co.uk/mayfair,,openstreetmap,openstreetmap,1,+44 20 7499 4510,Berkeley Street,W1J 8ED,https://www.openstreetmap.org/node/12644933201
info@bombaybustle.com,Bombay Bustle,Westminster,Mayfair,Indian,https://www.bombaybustle.com/,,venue website,openstreetmap,1,+44 20 7290 4470,29 Maddox Street,,https://www.openstreetmap.org/node/5636440979
info@bombay-palace.co.uk,Bombay Palace,Westminster,Paddington,Indian,https://www.bombay-palace.co.uk/,,venue website,openstreetmap,1,+44 20 7723 8855,50 Connaught Street,W2 2AA,https://www.openstreetmap.org/node/5046858993
hello@bonedaddies.com,Bone Daddies,Westminster,Covent Garden,Asian; Japanese,https://bonedaddies.com/location/leicester-square/,enquiries@bonedaddies.com; communications@bonedaddies.com; people@bonedaddies.com; leicestersq@bonedaddies.com,venue website,openstreetmap,1,,35 Cranbourn Street,WC2H 7AD,https://www.openstreetmap.org/node/12712976283
shackfuyu@bonedaddies.com,Bone Daddies,Westminster,Soho,Asian; Japanese,https://www.bonedaddies.com/restaurant/shackfuyu/,,venue website,openstreetmap,1,+44 20 7734 7492,14a Old Compton Street,W1D 4TH,https://www.openstreetmap.org/way/157771346
hello@bonnebouche.co.uk,Bonne Bouche,Westminster,Paddington,Bakery,https://www.bonnebouche.co.uk/,ian@bonnebouche.co.uk; bonnebouchemarketing@gmail.com,venue website,openstreetmap,2,,131 Praed Street,W2 1RL,https://www.openstreetmap.org/way/155494889
info@botwa.co.uk,Botwa restaurant Notting Hill,Westminster,Bayswater,Asian,https://botwa.co.uk/,,openstreetmap,openstreetmap,1,+447709190000,115 Westbourne Grove,W2 4UP,https://www.openstreetmap.org/node/13005551001
reservations@brasseriezedel.com,Brasserie Zedel,Westminster,Soho,French,https://www.brasseriezedel.com/brasserie-zedel,,venue website,openstreetmap,1,+44 20 7734 4888,20 Sherwood Street,W1F 7ED,https://www.openstreetmap.org/node/2905800601
bookings@brewdog.com,Brewdog Paddington,Westminster,Paddington,Pub,https://drink.brewdog.com/uk/paddington,hello@brewdog.com,venue website,openstreetmap,1,,Unit 1 West End Quay,W2 1JX,https://www.openstreetmap.org/node/2492718707
info@briciole.co.uk,Briciole,Westminster,Paddington,Italian,https://briciole.co.uk/,,venue website,openstreetmap,1,,20 Homer Street,,https://www.openstreetmap.org/node/2506478282
info@bubblewrapwaffle.com,Bubblewrap Waffle,Westminster,Soho,Ice cream,https://www.bubblewrapwaffle.com/,,venue website,openstreetmap,1,,24 Wardour Street,W1D 6QJ,https://www.openstreetmap.org/node/4846261123
soho@burgerandbeyond.co.uk,Burger & Beyond,Westminster,Soho,Burger,https://www.burgerandbeyond.co.uk/,borough@burgerandbeyond.co.uk; shoreditch@burgerandbeyond.co.uk; brighton@burgerandbeyond.co.uk; marketing@burgerandbeyond.co.uk,openstreetmap,openstreetmap,1,,10 Old Compton Street,W1D 4TH,https://www.openstreetmap.org/way/157771413
bond.street@burgerandlobster.com,Burger & Lobster,Westminster,Mayfair,Burger; Seafood,https://www.burgerandlobster.com,events@burgerandlobster.com,openstreetmap,openstreetmap,1,+44 20 7495 8514,26 Binney Street,W1K 5BN,https://www.openstreetmap.org/node/4828959852
info@byronhamburgers.com,Byron,Westminster,Covent Garden,Burger,https://www.byronhamburgers.com,,venue website,openstreetmap,1,,33-35 Wellington Street,WC2E 7BN,https://www.openstreetmap.org/node/351771443
info@berut.co.uk,Bĕrūt Bistro,Westminster,Marylebone (also St Marylebone),French,https://www.berut.co.uk/,,openstreetmap,openstreetmap,1,+44 20 3457 6243,32 Paddington Street,W1U 4HE,https://www.openstreetmap.org/node/6339009273
cafelaville.fr@gmail.com,Cafe Laville,Westminster,Little Venice,Restaurant,https://www.cafelaville.co.uk,,venue website,openstreetmap,1,+44 20 7706 2620,453 Edgware Road,W2 1TH,https://www.openstreetmap.org/way/1089919603
marylebone@cafemurano.co.uk,Cafe Murano,Westminster,Marylebone (also St Marylebone),Italian,https://www.cafemurano.co.uk/restaurants/marylebone/,,openstreetmap,openstreetmap,1,+44 20 3848 9428,52-55 Dorset Street,W1U 7NQ,https://www.openstreetmap.org/node/6326648144
info@cafe-pacifico.com,Cafe Pacifico,Westminster,Covent Garden,Mexican,https://www.cafe-pacifico.com,,openstreetmap,openstreetmap,1,,5 Langley Street,WC2H 9JA,https://www.openstreetmap.org/node/659039058
info@spreadscafedeli.co.uk,Cafe Spreads,Westminster,St James's,Cafe,,,openstreetmap,openstreetmap,1,+44 20 7976 1630,15A Pall Mall,SW1Y 5LU,https://www.openstreetmap.org/node/4099966085
cafevictorialtd@gmail.com,Cafe Victoria,Westminster,Millbank,Cafe,,,openstreetmap,openstreetmap,1,+44 20 7828 2168,8A Artillery Row,SW1P 1RZ,https://www.openstreetmap.org/node/8940798146
soho@cafevins.com,Cafe Vins,Westminster,Soho,Cafe,https://www.cafevins.com/,,venue website,openstreetmap,1,,1 Marlborough Court,W1F 7RU,https://www.openstreetmap.org/way/272299395
office@caldesi.com,Caffe Caldesi,Westminster,Marylebone (also St Marylebone),Italian,https://www.caldesi.com/,lacucina@caldesi.com,venue website,openstreetmap,1,+44 20 7487 0753,118 Marylebone Lane,W1U 2QF,https://www.openstreetmap.org/way/249219836
trafalgersquare@caffeconcerto.co.uk,Caffe Concerto,Westminster,Covent Garden,Cafe,https://www.caffeconcerto.co.uk/,,openstreetmap,openstreetmap,1,+44 20 7494 6851,4-5 Northumberland Avenue,WC2N 5BW,https://www.openstreetmap.org/way/550944275
caffeinmayfair@gmail.com,Caffe In,Westminster,Mayfair,Cafe,,,openstreetmap,openstreetmap,1,+44 20 7493 6400,3 Shepherd Street,,https://www.openstreetmap.org/node/5938937293
hello@cafeciel.co.uk,Café Ciel,Westminster,Westminster,Cafe,https://cafeciel.co.uk/,,venue website,openstreetmap,1,,7 Horse Guards Avenue,SW1A 2EU,https://www.openstreetmap.org/way/1457455332
hello@carltontavern.co.uk,Carlton Tavern,Westminster,Queen's Park,Pub,https://carltontavern.co.uk/,,openstreetmap,openstreetmap,1,+44 20 7625 4760,33 Carlton Vale,NW6 5EU,https://www.openstreetmap.org/way/112528246
info@carousel-london.com,Carousel,Westminster,Soho,Restaurant,https://carousel-london.com/,,openstreetmap,openstreetmap,1,+44 20 7487 5564,19-23 Charlotte Street,W1T 1RL,https://www.openstreetmap.org/way/226909126
bookings@casamalevo.com,Casa Malevo,Westminster,Paddington,Restaurant,https://casamalevo.com/,,venue website,openstreetmap,1,+44 20 7402 1988,23 Connaught Street,,https://www.openstreetmap.org/node/6953176713
reservations@caskpubandkitchen.com,Cask,Westminster,Pimlico,Burger; Pub,https://www.caskpubandkitchen.com/,martin@caskpubandkitchen.com; peter@caskpubandkitchen.com; james@caskpubandkitchen.com; ben@caskpubandkitchen.com; freya@caskpubandkitchen.com,venue website,openstreetmap,1,,6 Charlwood Street,SW1V 2EE,https://www.openstreetmap.org/node/271387709
info@caxtongrill.co.uk,Caxton Grill,Westminster,Westminster,Restaurant,https://www.caxtongrill.co.uk/,,venue website,openstreetmap,1,+44 800 6521498,2 Caxton Street,SW1H 0QW,https://www.openstreetmap.org/node/2507612246
reservations@centanninw8.co.uk,Cent Anni,Westminster,St John's Wood,Restaurant,https://www.centanni.co.uk/st-johns-wood,,openstreetmap,openstreetmap,1,+44 20 7625 1222,21 Loudoun Road,NW8 0NB,https://www.openstreetmap.org/way/365916815
chequers@xln.co.uk,Chequers Sandwich Bar,Westminster,Covent Garden,Deli,,,openstreetmap,openstreetmap,1,+44 20 7836 6000,47 Bedford Street,WC2E 9HA,https://www.openstreetmap.org/way/558576332
hello@chestnutbakery.com,Chestnut Bakery,Westminster,Mayfair,Bakery,https://www.chestnutbakery.com/,joinus@chestnutbakery.com,venue website,openstreetmap,2,,162 Piccadilly,W1J 9ED,https://www.openstreetmap.org/way/290150381
coventgarden@chezantoinette.co.uk,Chez Antoinette,Westminster,Covent Garden,French,https://www.chezantoinette.co.uk/,bonjour@chezantoinette.co.uk,venue website,openstreetmap,1,+44 20 7240 9072,Covent Garden Piazza,,https://www.openstreetmap.org/node/4191784997
hello@thedelis.co.uk,Chiltern Street Deli,Westminster,Marylebone (also St Marylebone),Deli,https://www.thedelis.co.uk,,openstreetmap,openstreetmap,1,,27 Chiltern Street,W1U 7PJ,https://www.openstreetmap.org/node/2434611708
info@speak.co.uk,Chin Chin Dessert Club,Westminster,Soho,Ice cream,https://www.speak.co.uk/,jasmine.chambers@speak.co.uk,venue website,openstreetmap,1,,54 Greek Street,W1D 3DS,https://www.openstreetmap.org/node/13571511982
reservations@christophersgrill.com,Christopher's,Westminster,Covent Garden,American,https://www.christophersgrill.com/,,venue website,openstreetmap,1,,18 Wellington Street,WC2E 7DD,https://www.openstreetmap.org/way/196657752
hello@cinderrestaurant.co.uk,Cinder,Westminster,St John's Wood,Restaurant,https://www.cinderrestaurant.co.uk/,,venue website,openstreetmap,1,+44 20 36678500,5 St John's Wood High Street,NW8 7NG,https://www.openstreetmap.org/node/6535716224
info@clipstonerestaurant.co.uk,Clipstone,Westminster,Fitzrovia,Restaurant,https://clipstonerestaurant.co.uk/,,openstreetmap,openstreetmap,1,+44 20 7637 0871,5 Clipstone Street,W1W 6BB,https://www.openstreetmap.org/node/4696258590
enquiries@closmaggiore.com,Clos Maggiore,Westminster,Covent Garden,Italian,https://www.closmaggiore.com/,events@closmaggiore.com; bespokeevents@closmaggiore.com,venue website,openstreetmap,1,+44 20 7379 9696,33 King Street,WC2E 8JD,https://www.openstreetmap.org/node/972954121
7174@greeneking.co.uk,Coach and Horses,Westminster,Mayfair,Pub,https://www.greeneking-pubs.co.uk/pubs/greater-london/coach-horses-mayfair,,venue website,openstreetmap,1,,5 Bruton Street,W1J 6PT,https://www.openstreetmap.org/way/338696812
info@ichibanya.uk,CoCo Ichibanya,Westminster,Marylebone (also St Marylebone),Asian; Indian; Japanese,https://ichibanya.uk/,,venue website,openstreetmap,1,,39 James Street,W1U 1EB,https://www.openstreetmap.org/node/3730599391
hello@mycocotte.uk,Cocotte,Westminster,Bayswater,Restaurant,https://www.mycocotte.uk/,,venue website,openstreetmap,1,+44 20 3220 0076,95 Westbourne Grove,W2 4UW,https://www.openstreetmap.org/node/610923040
info@coffeeisland.co.uk,Coffee Island,Westminster,Covent Garden,Breakfast,https://www.coffeeisland.co.uk/,customers@coffeeisland.co.uk,venue website,openstreetmap,2,+44 20 7836 3007,5 Upper St Martin's Lane,,https://www.openstreetmap.org/node/4837173722
colbehlondon@gmail.com,Colbeh,Westminster,Paddington,Restaurant,https://www.colbeh.co.uk/,,venue website,openstreetmap,1,+44 20 7706 4888,6 Porchester Place,W2 2BS,https://www.openstreetmap.org/node/647512849
info@commonbreads.com,Common Breads,Westminster,Belgravia,Cafe,https://www.commonbreads.com/,catering@commonbreads.com,venue website,openstreetmap,1,,,,https://www.openstreetmap.org/node/13084910787
reservations@crockersfolly.com,Crocker's Folly,Westminster,St John's Wood,Restaurant,https://www.crockersfolly.com/,,openstreetmap,openstreetmap,1,+44 20 7289 9898,24 Aberdeen Place,NW8 8JR,https://www.openstreetmap.org/way/364962956
hello@cromelondon.com,Crome London,Westminster,Marylebone (also St Marylebone),Breakfast,https://www.cromelondon.com/,alexandria@cromelondon.com,venue website,openstreetmap,1,,36 James Street,W1U 1ES,https://www.openstreetmap.org/way/217979777
contact@cuppluslid.com,Cup+Lid,Westminster,Mayfair,Cafe,https://www.cuppluslid.com/,,venue website,openstreetmap,1,,10 Gee's Court,,https://www.openstreetmap.org/way/217841714
info@caytrerestaurant.co.uk,Cây Tre,Westminster,Soho,Asian,https://www.caytrerestaurant.co.uk/locations/soho,,venue website,openstreetmap,1,+44 20 7317 9118,42-43 Dean Street,W1D 4QA,https://www.openstreetmap.org/node/13571511912
info@the-berkeley.co.uk,Cédric Grolet at The Berkeley,Westminster,Belgravia,Bakery,https://www.the-berkeley.co.uk/restaurants-bars/cedric-grolet-at-the-berkeley/?utm_source=google&utm_medium=organic&utm_campaign=local_gmb,cgenquiries@the-berkeley.co.uk; cedricgrolet@the-berkeley.co.uk,venue website,openstreetmap,1,,,,https://www.openstreetmap.org/node/10091714836
stmartinslane@cote.co.uk,Côte Brasserie,Westminster,Covent Garden,French,https://www.cote.co.uk/restaurant/st-martins-lane/,,venue website,openstreetmap,1,+44 20 7379 9747,50-51 St Martin's Lane,WC2N 4EA,https://www.openstreetmap.org/way/160683909
info@d1coffee.co.uk,D1 Coffee,Westminster,Little Venice,Cafe,https://d1coffee.co.uk,,openstreetmap,openstreetmap,1,,1d Aberdeen Place,,https://www.openstreetmap.org/node/4488489852
info@dapaolo.co.uk,Da Paolo,Westminster,Fitzrovia,Italian,https://www.dapaolo.co.uk/,,venue website,openstreetmap,1,+44 20 7580 0021,3 Charlotte Place,W1T 1SD,https://www.openstreetmap.org/node/366999013
reservations@darjeeling-express.com,Darjeeling Express,Westminster,Soho,Indian,https://www.darjeeling-express.com/,info@darjeeling-express.com,openstreetmap,openstreetmap,1,+44 20 33753772,Kingly Court,W1B 5PW,https://www.openstreetmap.org/node/10735133507
info@davy.co.uk,Davy's,Westminster,St James's,Pub,https://www.davy.co.uk/,,venue website,openstreetmap,1,+44 20 7839 8831,Crown Passage,SW1Y 6QY,https://www.openstreetmap.org/node/675808547
delfino@delfinomayfair.com,Delfino,Westminster,Mayfair,Pizza,https://www.finos.co.uk/,,venue website,openstreetmap,1,,121a Mount Street,,https://www.openstreetmap.org/way/342406616
info@thedevonshirepub.co.uk,Devonshire Arms,Westminster,Marylebone (also St Marylebone),Pub,https://thedevonshirepub.co.uk/,,venue website,openstreetmap,1,,7 Duke Street,W1U 3EE,https://www.openstreetmap.org/way/110479652
info@dhaba49.com,Dhaba@49,Westminster,Maida Vale,Indian,https://dhaba49.com/,,venue website,openstreetmap,1,+44 20 3489 2424,49 Chippenham Road,W9 2AH,https://www.openstreetmap.org/node/2639537232
reservations@dinings.co.uk,Dinings,Westminster,Paddington,Asian; Japanese,https://dinings.co.uk/,info@dinings.co.uk,venue website,openstreetmap,1,,22 Harcourt Street,,https://www.openstreetmap.org/node/371188295
info@dirty-bones.com,Dirty Bones,Westminster,Soho,BBQ,https://dirty-bones.com/,,venue website,openstreetmap,2,+44 20 7920 6434,Kingly Court,W1B 5PW,https://www.openstreetmap.org/node/4668146655
info@diwanrestaurant.co.uk,Diwan,Westminster,Marylebone (also St Marylebone),Restaurant,https://diwanrestaurant.co.uk/,,venue website,openstreetmap,1,,31 Thayer Street,,https://www.openstreetmap.org/way/350328152
reservations@donpepe.co.uk,Don Pepe,Westminster,Little Venice,Spanish,https://www.donpepe.co.uk/,,venue website,openstreetmap,1,+44 20 7262 3834,99 Frampton Street,,https://www.openstreetmap.org/node/6497046109
info@doniarestaurant.com,Donia,Westminster,Soho,Asian,https://www.doniarestaurant.com/,,venue website,openstreetmap,1,,2.14 Kingly Court,W1B 5PW,https://www.openstreetmap.org/node/12593321501
squad@donutelier.co.uk,Donutelier,Westminster,Covent Garden,Donuts,https://donutelier.co.uk/,,venue website,openstreetmap,1,,48-50 Charing Cross Road,WC2H 0BB,https://www.openstreetmap.org/node/4821896129
info@drunch.co.uk,Drunch,Westminster,Fitzrovia,Restaurant,https://www.drunch.co.uk/oxford-circus,,venue website,openstreetmap,2,+447519282898,71 Great Titchfield Street,W1W 6RB,https://www.openstreetmap.org/way/40835928
restaurant@ducksoupsoho.co.uk,Ducksoup,Westminster,Soho,Asian,https://www.ducksoupsoho.co.uk/,,venue website,openstreetmap,1,+44 20 7287 4599,41 Dean Street,W1D 4PY,https://www.openstreetmap.org/node/13571511911
info@thedukeofargyll.co.uk,Duke of Argyll,Westminster,Soho,Pub,https://thedukeofargyll.co.uk/,contact-info@thedukeofargyll.co.uk,venue website,openstreetmap,1,+44 20 7437 6819,37 Brewer Street,W1F 0RY,https://www.openstreetmap.org/node/12988179262
thedukew1@hotmail.co.uk,Duke of Wellington,Westminster,Soho,Pub,https://www.dukeofwellingtonsoho.co.uk/london,,openstreetmap,openstreetmap,1,+44 20 7439 1274,77 Wardour Street,W1D 6QA,https://www.openstreetmap.org/way/157779556
7184@greeneking.co.uk,Duke of York,Westminster,Mayfair,Pub,https://www.greeneking-pubs.co.uk/pubs/greater-london/duke-of-york,,venue website,openstreetmap,1,+44 20 7629 0319,8 Dering Street,,https://www.openstreetmap.org/way/249211263
enquiries.ekstedt@greatscotlandyard.com,Ekstedt at The Yard,Westminster,Westminster,Restaurant,https://www.ekstedtattheyard.com/,,openstreetmap,openstreetmap,1,+44 20 7925 4749,3-5 Great Scotland Yard,SW1A 2HN,https://www.openstreetmap.org/node/12241232962
dine@elpirata.co.uk,El Pirata,Westminster,Mayfair,Spanish,https://www.elpirata.co.uk/,,venue website,openstreetmap,1,,5 Down Street,W1J 7AQ,https://www.openstreetmap.org/node/2581331174
info@theelgin.com,Elgin,Westminster,Maida Vale,Pub,https://www.theelgin.com/,events@theelgin.com,openstreetmap,openstreetmap,1,+44 20 7625 5511,255 Elgin Avenue,W9 1NJ,https://www.openstreetmap.org/way/360905405
info@engawa.london,Engawa,Westminster,Soho,Asian; Japanese,https://www.engawa.london/,,venue website,openstreetmap,1,+44 20 7287 5724,,,https://www.openstreetmap.org/node/3552157993
belsizepark@euphorium.uk.com,Euphorium,Westminster,Mayfair,Cafe,https://euphorium.uk.com/,hampsteadheath@euphorium.uk.com; highbury@euphorium.uk.com,venue website,openstreetmap,1,+44 20 3637 8386,23 Barrett Street,W1U 1BF,https://www.openstreetmap.org/way/107039267
info@fallowrestaurant.com,Fallow,Westminster,St James's,Restaurant,https://fallowrestaurant.com/,,venue website,openstreetmap,1,+44 20 8017 1788,52 Haymarket,SW1Y 4RP,https://www.openstreetmap.org/node/11049433805
hello@farmacylondon.com,Farmacy,Westminster,Bayswater,Restaurant,https://www.farmacylondon.com/,,venue website,openstreetmap,1,,74 Westbourne Grove,W2 5SH,https://www.openstreetmap.org/node/535956143
soho@fathippo.co.uk,Fat Hippo Soho,Westminster,Soho,Burger,https://fathippo.co.uk/locations/soho/,birmingham@fathippo.co.uk; cardiff@fathippo.co.uk; durham@fathippo.co.uk; edinburgh@fathippo.co.uk; glasgow@fathippo.co.uk; headingley@fathippo.co.uk; leeds@fathippo.co.uk; liverpool@fathippo.co.uk; newcastle@fathippo.co.uk; jesmond@fathippo.co.uk; nottingham@fathippo.co.uk; york@fathippo.co.uk,openstreetmap,openstreetmap,1,+442080502896,68-70 Wardour Street,W1F 0TB,https://www.openstreetmap.org/node/11786344696
reservations@fattpundit.co.uk,Fatt Pundit,Westminster,Soho,Restaurant,https://www.fattpundit.co.uk/soho/,,venue website,openstreetmap,1,+44 20 7287 7900,77 Berwick street,W1F 8TH,https://www.openstreetmap.org/node/9170562456
info@festok.london,Festok,Westminster,Marylebone (also St Marylebone),Ice cream,https://www.festok.london/,,venue website,openstreetmap,1,,14A St. Christopher's Place,W1U 1NH,https://www.openstreetmap.org/way/664789308
hello.firebirdlondon@gmail.com,Firebird,Westminster,Soho,Restaurant,https://firebirdlondon.co.uk,hello@firebirdlondon.co.uk,openstreetmap,openstreetmap,1,+44 7713 737813,29 Poland Street,W1F 8QR,https://www.openstreetmap.org/way/475721710
reservations@fischers.co.uk,Fischer's,Westminster,Marylebone (also St Marylebone),Restaurant,https://www.fischers.co.uk/,,venue website,openstreetmap,1,+44 20 7466 5501,50 Marylebone High Street,W1U 5HN,https://www.openstreetmap.org/node/4690917091
coventgarden@fishworks.co.uk,Fish Works,Westminster,Covent Garden,Seafood,https://www.fishworks.co.uk/,,venue website,openstreetmap,2,+44 20 7240 4999,2-4 Catherine Street,WC2B 5JS,https://www.openstreetmap.org/way/81071477
flatwhiteberwick@gmail.com,Flat White,Westminster,Soho,Breakfast,https://www.flatwhitesoho.co.uk/,,venue website,openstreetmap,1,+44 20 7734 0370,17 Berwick Street,W1F 0PT,https://www.openstreetmap.org/way/156620024
paddington@flavorsofindia.co.uk,Flavors Of India,Westminster,Paddington,Indian,https://www.flavorsofindia.co.uk/,hounslow@flavorsofindia.co.uk,venue website,openstreetmap,1,,46 Gloucester Terrace,,https://www.openstreetmap.org/way/344137356
info@flocafe.gr,Flocafe,Westminster,Mayfair,Cafe,https://www.flocafe.gr/en/,,venue website,openstreetmap,1,,40 South Molton Street,,https://www.openstreetmap.org/node/5776254460
reservations@foleysrestaurant.co.uk,Foley's,Westminster,Fitzrovia,Restaurant,https://foleysrestaurant.co.uk/,,venue website,openstreetmap,1,,23 Foley Street,,https://www.openstreetmap.org/node/6172166086
roastery@formative.coffee,Formative Coffee,Westminster,Westminster,Cafe,https://formative.coffee/,,venue website,openstreetmap,1,,4 Butler Place,SW1H 0RH,https://www.openstreetmap.org/way/677885020
info@fortydeanstreet.com,Forty Dean Street,Westminster,Soho,Italian,https://www.fortydeanstreet.com/,,venue website,openstreetmap,1,+44 20 7734 1853,40 Dean Street,W1D 4PX,https://www.openstreetmap.org/node/13571511909
info@fowlrestaurant.com,FOWL,Westminster,St James's,Restaurant,https://fowlrestaurant.com/,,venue website,openstreetmap,1,,3 Norris Street,SW1Y 4RJ,https://www.openstreetmap.org/node/4888948829
info@freejswalieh.com,Freej Swalieh,Westminster,Knightsbridge,Restaurant,https://www.freejswalieh.com/,,venue website,openstreetmap,1,,86 Brompton Road,SW3 1ER,https://www.openstreetmap.org/node/3357928868
frenchhousereservations@gmail.com,French House,Westminster,Soho,French; Pub,https://www.frenchhousesoho.com/,enquiries@frenchhousesoho.com,openstreetmap,openstreetmap,1,,49 Dean Street,W1D 5BG,https://www.openstreetmap.org/way/280985110
reservations@frenchiecoventgarden.com,Frenchie Covent Garden,Westminster,Covent Garden,French,https://frenchiecoventgarden.com/,,openstreetmap,openstreetmap,1,+44 20 7836 4422,16 Henrietta Street,WC2E 8QH,https://www.openstreetmap.org/node/969138215
info@frogbyadamhandling.com,Frog by Adam Handling,Westminster,Covent Garden,Restaurant,https://www.frogbyadamhandling.com/,,openstreetmap,openstreetmap,1,+44 20 7199 8370,34-38 Southampton Street,WC2E 7HG,https://www.openstreetmap.org/node/5943507485
enquiries@fuwafuwa.co.uk,Fuwa Fuwa Cafe,Westminster,Soho,Asian; Breakfast; Japanese,https://www.fuwafuwa.co.uk/,work@fuwafuwa.co.uk; franchise@fuwafuwa.co.uk,venue website,openstreetmap,1,,57a Dean Street,W1D 6AJ,https://www.openstreetmap.org/node/13927689501
reservations@galvinatwindows.com,Galvin at Windows,Westminster,Mayfair,French,https://www.galvinatwindows.com/,,openstreetmap,openstreetmap,1,+44 20 7208 4021,22 Park Lane,W1K 1BE,https://www.openstreetmap.org/node/5970915399
whitehall@caffeconcerto.co.uk,Grand Caffe Concerto,Westminster,Westminster,Restaurant,https://www.caffeconcerto.co.uk/,,openstreetmap,openstreetmap,1,+44 20 7494 6846,43 Whitehall,SW1A 2BX,https://www.openstreetmap.org/way/547522397
reservations@grassosoho.com,Grasso,Westminster,Soho,Italian,https://grassosoho.com/,,venue website,openstreetmap,1,,81 Dean Street,,https://www.openstreetmap.org/node/11971987232
contact@grumblesrestaurant.co.uk,Grumbles,Westminster,Pimlico,Restaurant,https://www.grumblesrestaurant.co.uk,,openstreetmap,openstreetmap,1,+44 20 7834 0149,35 Churton Street,SW1V 2LT,https://www.openstreetmap.org/way/332950906
info@guinness.com,Guinness Open Gate Brewery London,Westminster,Covent Garden,Pub,https://opengatelondon.guinness.com/en,,venue website,openstreetmap,1,,1 Mercer Walk,,https://www.openstreetmap.org/way/485638354
info@hrhiggins.co.uk,H.R. Higgins,Westminster,Mayfair,Breakfast,https://www.hrhiggins.co.uk/,,venue website,openstreetmap,1,+44 20 7629 3913,79 Duke Street,W1K 5AS,https://www.openstreetmap.org/node/462025234
halfwaytoheaven.london@stonegatepubs.com,Halfway II Heaven,Westminster,Covent Garden,Pub,https://www.halfway2heaven.net/london,,openstreetmap,openstreetmap,1,+44 20 7484 0736,7 Duncannon Street,WC2N 4JF,https://www.openstreetmap.org/node/246519847
bookings@happyrestaurants.com,HAPPY,Westminster,Soho,Burger; Seafood,https://happyrestaurants.com/,info@happyrestaurants.com,venue website,openstreetmap,1,+44 20 3883 7874,25-29 Coventry Street,W1D 7AG,https://www.openstreetmap.org/node/348905523
london_reception@hardrock.com,Hard Rock Cafe,Westminster,Mayfair,American,https://cafe.hardrock.com/london/,london_social@hardrock.com; london_events@hardrock.com; london.events@hardrock.com; giada.sisti@hardrock.com,openstreetmap,openstreetmap,1,+44 20 7514 1700,150 Old Park Lane,W1K 1QZ,https://www.openstreetmap.org/node/540705964
appsupport@harrisandhoole.co.uk,Harris + Hoole,Westminster,Fitzrovia,Breakfast,https://www.harrisandhoole.co.uk/,,venue website,openstreetmap,1,,136-138 New Cavendish Street,,https://www.openstreetmap.org/node/6174356688
reception@harrysbar.co.uk,Harry's Bar,Westminster,Mayfair,Italian,https://www.harrysbar.co.uk/,membership@harrysbar.co.uk,venue website,openstreetmap,1,+44 20 7408 0844,26 South Audley Street,W1K 2PD,https://www.openstreetmap.org/way/342206344
info@hatchbistro.com,Hatch 77,Westminster,Pimlico,Restaurant,https://hatchbistro.com/pimlico/,,venue website,openstreetmap,1,,77 Wilton Road,SW1V 1DE,https://www.openstreetmap.org/way/447844767
heddonstreetkitchen@gordonramsay.com,Heddon Street Kitchen,Westminster,Soho,Restaurant,https://www.gordonramsayrestaurants.com/heddon-street-kitchen/,,openstreetmap,openstreetmap,1,+44 20 7592 1212,3-9 Heddon Street,W1B 4BD,https://www.openstreetmap.org/way/96237041
staff.yokocho@japancentre.com,Heddon Yokocho,Westminster,St James's,Asian; Japanese,https://www.sakaguralondon.com,,openstreetmap,openstreetmap,1,+44 20 3405 7230,8 Heddon Street,,https://www.openstreetmap.org/node/5658171070
hello@heistbank.com,Heist Bank,Westminster,Paddington,Pizza; Pub,https://www.heistbank.com/,events@heistbank.com,venue website,openstreetmap,1,+44 20 7723 8080,5 North Wharf Road,W2 1LA,https://www.openstreetmap.org/node/4810177421
eat@henriettahotel.com,Henrietta Bistro,Westminster,Covent Garden,French,https://www.henriettahotel.com/,sleep@henriettahotel.com,openstreetmap,openstreetmap,1,+44 20 3794 5314,14-15 Henrietta Street,WC2E 8QH,https://www.openstreetmap.org/node/7176248885
reservations@hide.co.uk,HIDE,Westminster,Mayfair,Restaurant,https://www.hide.co.uk/,info@hide.co.uk,venue website,openstreetmap,1,,85 - 87 Piccadilly,W1J 7NB,https://www.openstreetmap.org/node/540705941
info@hobsonsfishandchips.com,Hobson's Fish & Chips,Westminster,Soho,Seafood,https://hobsonsfishandchips.com,,venue website,openstreetmap,2,+44 20 7287 3704,27-28 St. Anne's Court,W1F 0BN,https://www.openstreetmap.org/way/275102864
info@homeslicepizza.co.uk,Homeslice,Westminster,Fitzrovia,Pizza,https://www.homeslicepizza.co.uk/,,venue website,openstreetmap,1,+44 20 3151 9273,52 Wells Street,W1T 3PR,https://www.openstreetmap.org/node/692129403
bookings@hongkongbuffet.org.uk,Hong Kong Buffet,Westminster,Covent Garden,Asian; Chinese,https://hongkongbuffet.org.uk,,venue website,openstreetmap,1,+44 20 7434 4127,16 Lisle Street,WC2H 7BE,https://www.openstreetmap.org/way/995869096
reservations@hopperslondon.com,Hoppers,Westminster,Marylebone (also St Marylebone),Indian,https://www.hopperslondon.com,,openstreetmap,openstreetmap,1,+44 20 3319 8110,77 Wigmore Street,W1U 1QE,https://www.openstreetmap.org/node/5285614573
hello@humblechickenuk.com,Humble Chicken,Westminster,Soho,Asian; Japanese,https://humblechickenuk.com/,,openstreetmap,openstreetmap,1,,54 Frith Street,W1D 4SL,https://www.openstreetmap.org/way/280997365
pimlico@iberiarestaurant.co.uk,Iberia Georgian Restaurant,Westminster,Pimlico,Restaurant,https://www.iberiarestaurant.co.uk/,islington@iberiarestaurant.co.uk,openstreetmap,openstreetmap,1,+44 20 78211771,3 Lupus Street,SW1V 3AS,https://www.openstreetmap.org/way/542749860
info@ica.art,ICA Café Bar,Westminster,St James's,Cafe,https://www.ica.art/,'comms@ica.art,openstreetmap,openstreetmap,1,,,,https://www.openstreetmap.org/node/5039987594
kenichi_ikeda@hotmail.co.uk,Ikeda,Westminster,Mayfair,Asian; Japanese,https://www.ikedarestaurant.com/,,venue website,openstreetmap,1,,30 Brook Street,,https://www.openstreetmap.org/node/5780658521
ilblandfords@gmail.com,Il Blandford`s,Westminster,Marylebone (also St Marylebone),Italian,https://www.ilblandfords.co.uk/,,venue website,openstreetmap,1,,65 Chiltern Street,,https://www.openstreetmap.org/node/852122514
hello@imadssyriankitchen.co.uk,Imad's Syrian Kitchen,Westminster,Soho,Restaurant,https://www.imadssyriankitchen.co.uk/,,venue website,openstreetmap,1,+44 20 7434 2448,Kingly Court,W1B 5PW,https://www.openstreetmap.org/node/5009334241
landlord@inn1888marylebone.co.uk,Inn 1888,Westminster,Marylebone (also St Marylebone),Pub,https://inn1888marylebone.co.uk/,,venue website,openstreetmap,1,,21a Devonshire Street,W1G 6PD,https://www.openstreetmap.org/way/671497302
reservations@isabelw1.london,Isabel,Westminster,Mayfair,Restaurant,https://www.isabelw1.london/,,venue website,openstreetmap,1,+44 20 3096 9292,26 Albemarle Street,,https://www.openstreetmap.org/way/339608801
aloha@islandpoke.co.uk,Island Poké,Westminster,Soho,Takeaway,https://islandpoke.co.uk/,,venue website,openstreetmap,1,,8 Kingly Street,W1B 5PQ,https://www.openstreetmap.org/node/5111046410
marketing@bistroistanbul.com,Istanbul Cafe & Bistro,Westminster,Fitzrovia,American; Breakfast; French; Halal; Seafood,https://bistroistanbul.com/,,venue website,openstreetmap,1,+44 20 7580 9142,Great Portland Street,W1W 5PW,https://www.openstreetmap.org/node/4327900878
hello@itsallgreektome.london,It's All Greek to Me,Westminster,Paddington,Greek,https://itsallgreektome.london/,,venue website,openstreetmap,1,+44 20 7402 5505,101 Praed Street,,https://www.openstreetmap.org/node/6884120302
info@jaffacorner.co.uk,Jaffa Corner,Westminster,Paddington,Cafe,https://jaffacorner.co.uk/,,venue website,openstreetmap,1,+44 20 7706 8118,195-197 Edgware Road,W2 1EY,https://www.openstreetmap.org/node/6873711108
reservations@jamieolivercatherinest.com,Jamie Oliver Catherine St,Westminster,Covent Garden,Restaurant,https://www.jamieolivercatherinest.com/,events@jamieolivercatherinest.com,venue website,openstreetmap,1,+44 20 3084 7565,6 Catherine Street,WC2B 5JY,https://www.openstreetmap.org/node/11991996950
contact@jikonilondon.com,Jikoni,Westminster,Marylebone (also St Marylebone),Restaurant,https://jikonilondon.com/,,venue website,openstreetmap,1,,19-21 Blandford Street,,https://www.openstreetmap.org/node/6313634653
thejuggedhare@fullers.co.uk,Jugged Hare,Westminster,Pimlico,Pub,https://www.juggedharevictoria.co.uk/,,openstreetmap,openstreetmap,1,+44 20 7828 1543,172 Vauxhall Bridge Road,SW1V 1DX,https://www.openstreetmap.org/way/116957518
musterihizmetleri@kahvedunyasi.com,Kahve Dünyası,Westminster,Soho,Breakfast,https://www.kahvedunyasi.co.uk/,,venue website,openstreetmap,1,,200 Piccadilly,W1J 9HU,https://www.openstreetmap.org/way/290321024
reservations@kaimayfair.co.uk,Kai Mayfair,Westminster,Mayfair,Asian; Chinese,https://www.kaimayfair.co.uk/,newsletters@kaimayfair.co.uk,venue website,openstreetmap,1,+44 20 7493 8988,65 South Audley Street,,https://www.openstreetmap.org/node/5855830148
kazan.sw1@gmail.com,Kazan,Westminster,Pimlico,Restaurant,https://www.kazan-restaurant.com,,openstreetmap,openstreetmap,1,+44 20 7233 7100,93-94 Wilton Road,SW1V 1DW,https://www.openstreetmap.org/way/272593912
reservation@kibelerestaurant.com,Kibele Restaurant & Bar,Westminster,Fitzrovia,Breakfast; Halal; Seafood; Steak,https://www.kibele.co.uk/,,openstreetmap,openstreetmap,1,+44 20 7436 0600,175-177 Great Portland Street,W1W 5PJ,https://www.openstreetmap.org/node/2778336243
kikumayfair@kikurestaurant.co.uk,Kiku,Westminster,Mayfair,Asian; Japanese,https://www.kikurestaurant.co.uk/,,venue website,openstreetmap,1,+44 20 7499 4208,17 Half Moon Street,W1J 7BE,https://www.openstreetmap.org/node/690719946
bookings@kilnsoho.com,Kiln,Westminster,Soho,Asian,https://www.kilnsoho.com/,events@kilnsoho.com,venue website,openstreetmap,1,,58 Brewer Street,W1F 9TL,https://www.openstreetmap.org/node/466926237
info@kissthehippo.com,Kiss the Hippo,Westminster,Soho,Breakfast,https://kissthehippo.com/,,venue website,openstreetmap,2,+44 20 7580 2547,51 Margaret Street,W1W 8SG,https://www.openstreetmap.org/node/3637713284
bookings@kittyfishers.com,Kitty Fisher's,Westminster,Mayfair,Seafood,https://www.kittyfishers.com/,info@kittyfishers.com; work@kittyfishers.com,venue website,openstreetmap,1,+44 20 3302 1661,10 Shepherd Market,W1J 7QF,https://www.openstreetmap.org/node/622535978
contact@kolrestaurant.com,KOL,Westminster,Marylebone (also St Marylebone),Mexican,https://kolrestaurant.com/,,venue website,openstreetmap,1,+44 20 3829 6888,9 Seymour Street,W1H 7BA,https://www.openstreetmap.org/node/8027864390
hello@kolamba.co.uk,Kolamba,Westminster,Soho,Indian,https://kolamba.co.uk/,joinus@kolamba.co.uk,venue website,openstreetmap,1,+44 20 3815 4201,21 Kingly Street,,https://www.openstreetmap.org/way/583080639
info@kottasushi.co.uk,Kotta Sushi,Westminster,St John's Wood,Asian; Japanese; Sushi,http://www.kottasushi.co.uk,,openstreetmap,openstreetmap,1,+44 20 7624 1031,1 Violet Hill,NW8 9EB,https://www.openstreetmap.org/node/9010216119
bar@koya.co.uk,Koya,Westminster,Soho,Asian; Japanese,https://www.koya.co.uk/,office@koya.co.uk; koyamail@koya.co.uk,openstreetmap,openstreetmap,1,,50 Frith Street,W1D 4SQ,https://www.openstreetmap.org/way/280997373
soho@keudeli.co.uk,Kêu,Westminster,Soho,Asian,https://keudeli.co.uk,,openstreetmap,openstreetmap,1,+44 20 7439 8188,9 Poland Street,W1F 8PY,https://www.openstreetmap.org/way/477598222
info@anticapizzeriadamichele.co.uk,L'Antica Pizzeria da Michele,Westminster,Marylebone (also St Marylebone),Pizza,https://www.anticapizzeriadamichele.co.uk/,,openstreetmap,openstreetmap,2,+44 20 7935 6458,199 Baker Street,NW1 6UY,https://www.openstreetmap.org/node/6424675172
info@lescargotrestaurant.co.uk,L'Escargot,Westminster,Soho,French,https://www.lescargot.co.uk/,info@lescargot.co.uk; events@lescargot.co.uk,openstreetmap,openstreetmap,1,+44 20 7439 7474,48 Greek Street,W1D 4EF,https://www.openstreetmap.org/node/13571496072
reservations@labrasseria.com,La Brasseria Milanese,Westminster,Marylebone (also St Marylebone),Italian,https://www.labrasseria.com/,,venue website,openstreetmap,1,,42 Marylebone High Street,,https://www.openstreetmap.org/way/148871605
online@lafromagerie.co.uk,La Fromagerie,Westminster,Marylebone (also St Marylebone),Deli,https://www.lafromagerie.co.uk/,marylebone@lafromagerie.co.uk,venue website,openstreetmap,1,+44 20 7935 0341,2-6 Moxon Street,W1U 4EW,https://www.openstreetmap.org/way/276055548
lamasseriauk@gmail.com,La Masseria,Westminster,Marylebone (also St Marylebone),Italian,,,openstreetmap,openstreetmap,1,+44 20 7535 8575,69 Upper Berkeley Street,W1H 7QZ,https://www.openstreetmap.org/node/452168104
laksamania2018@outlook.com,Laksamania,Westminster,Soho,Asian,https://laksamania.co.uk/,,venue website,openstreetmap,1,+44 20 7637 9888,92 Newman Street,W1T 3EZ,https://www.openstreetmap.org/node/5899373585
shop@lavellecoffee.com,Lavelle,Westminster,Soho,Cafe,https://lavellecoffee.com/menu,,venue website,openstreetmap,1,,38 Rathbone Place,,https://www.openstreetmap.org/node/12798084428
info@levieuxcomptoir.co.uk,Le Vieux Comptoir,Westminster,Marylebone (also St Marylebone),French,https://www.levieuxcomptoir.co.uk/,,venue website,openstreetmap,1,+44 20 7224 0303,26-28 Moxon Street,W1U 4EU,https://www.openstreetmap.org/node/2434621099
feedme@lebaneats.co.uk,LebanEats,Westminster,Mayfair,Restaurant,https://www.lebaneats.co.uk/,,venue website,openstreetmap,1,,18 Lansdowne Row,,https://www.openstreetmap.org/way/339627270
hello@liveli.co.uk,Li Veli,Westminster,Covent Garden,Restaurant,https://www.liveli.co.uk/,,venue website,openstreetmap,1,+44 20 7240 8163,69 Long Acre,WC2E 9JS,https://www.openstreetmap.org/way/988767806
reservations@litamarylebone.com,Lita Marylebone,Westminster,Marylebone (also St Marylebone),Restaurant,https://litamarylebone.com,enquiries@litamarylebone.com,venue website,openstreetmap,1,,7-9 Paddington Street,W1U 5QH,https://www.openstreetmap.org/node/10069143844
info@littleitalysoho.co.uk,Little Italy,Westminster,Soho,Restaurant,https://littleitalysoho.co.uk/,,venue website,openstreetmap,1,+44 20 7734 4737,21 Frith Street,W1D 4RN,https://www.openstreetmap.org/node/639122288
info@locandalocatelli.com,Locanda Locatelli,Westminster,Marylebone (also St Marylebone),Restaurant,http://www.locandalocatelli.com/,,openstreetmap,openstreetmap,1,+44 20 7935 9088,8 Seymour Street,W1H 7JZ,https://www.openstreetmap.org/node/2305803802
locomexicanovictoria@gmail.com,Loco Mexicano,Westminster,Pimlico,Mexican,https://www.locomexicano.co.uk/,,venue website,openstreetmap,1,+44 20 7931 7325,"64-65 Wilton Rd, Victoria, London",,https://www.openstreetmap.org/node/10858720672
info@lowlander.com,Lowlander Grand Cafe,Westminster,Covent Garden,Restaurant,https://www.lowlander.com/,,openstreetmap,openstreetmap,1,+44 20 7379 7446,36 Drury Lane,WC2B 5RR,https://www.openstreetmap.org/way/98535866
info@mahal.co.uk,Mahal,Westminster,Paddington,Indian,https://mahal.co.uk/,,venue website,openstreetmap,1,,138 Edgware Road,W2 2DZ,https://www.openstreetmap.org/node/519175230
info@mandiralondon.com,Mandira,Westminster,Covent Garden,Cafe,http://www.mandiralondon.com/,,openstreetmap,openstreetmap,1,,78B Long Acre,WC2E 9NG,https://www.openstreetmap.org/node/5180399561
editor@thenudge.com,mareida,Westminster,Fitzrovia,Restaurant,https://thenudge.com/london-restaurants/mareida/,advertising@thenudge.com; members@thenudge.com; neil@thenudge.com; partnerships@thenudge.com,venue website,openstreetmap,1,,160 Great Portland Street,W1W 5QA,https://www.openstreetmap.org/node/13381986348
info@maresco.co.uk,Maresco,Westminster,Soho,Spanish,https://www.maresco.co.uk/,,venue website,openstreetmap,1,,45 Berwick Street,W1F 8SF,https://www.openstreetmap.org/way/159482792
coventgarden@masalazone.com,Masala Zone,Westminster,Covent Garden,Indian,https://www.masalazone.com/locations/covent-garden/,,venue website,openstreetmap,1,,48 Floral Street,WC2E 9DS,https://www.openstreetmap.org/way/559946419
bookings@maset.london,Maset,Westminster,Marylebone (also St Marylebone),French,https://www.maset.london/,,openstreetmap,openstreetmap,1,+44 20 3822 0808,40-42 Chiltern Street,W1U 7QN,https://www.openstreetmap.org/node/12971974585
aloha@mauipoke.co.uk,Maui Poke,Westminster,Fitzrovia,Restaurant,https://www.mauipoke.co.uk/,,venue website,openstreetmap,1,,20A Gosfield Street,W1W 6HF,https://www.openstreetmap.org/way/432267240
bookings@maxwells.co.uk,Maxwell‘s Bar & Grill,Westminster,Covent Garden,American; Burger,https://www.maxwells.co.uk/,,venue website,openstreetmap,1,+44 20 7836 0303,34 King Street,,https://www.openstreetmap.org/node/6573224785
reservations@mayfairkitchen.co.uk,May Fair Kitchen,Westminster,Mayfair,Restaurant,https://www.mayfairkitchen.co.uk/,groupsdining@mayfairkitchen.co.uk,venue website,openstreetmap,1,,,,https://www.openstreetmap.org/node/5921940110
contact@mayfairgarden.co.uk,Mayfair Garden,Westminster,Mayfair,Asian; Chinese,https://mayfairgarden.co.uk/,,venue website,openstreetmap,1,,8-10 North Audley Street,W1K 6ZD,https://www.openstreetmap.org/node/1342102318
01495@uk.mcd.com,McDonald's,Westminster,Covent Garden,Burger,https://www.mcdonalds.com/gb/en-gb/location/city-of-westminster/leicester-square/48-leicester-square/8261495.html,,openstreetmap,openstreetmap,1,+44 20 7930 9442,48 Leicester Square,WC2H 7LU,https://www.openstreetmap.org/node/5060805697
info@meatliquor.com,Meat Liquor,Westminster,Soho,Burger,https://meatliquor.com/restaurant/meatliquor-w1/,w1@meatliquor.com; howdy@meatliquor.com,openstreetmap,openstreetmap,1,+44 20 7224 4239,37-38 Margaret Street,W1G 0JF,https://www.openstreetmap.org/way/110457625
kopitiam@medsalleh.co.uk,Med Salleh Kopitiam,Westminster,Bayswater,Asian,https://medsalleh.co.uk,,openstreetmap,openstreetmap,1,+44 20 7792 2140,35-39 Inverness Terrace,W2 3JS,https://www.openstreetmap.org/node/7038433901
reservations@meraki-restaurant.com,Meraki,Westminster,Fitzrovia,Greek,https://meraki-restaurant.com/,,venue website,openstreetmap,1,,80-82 Great Titchfield Street,W1W 7QT,https://www.openstreetmap.org/way/659512499
info@mielorestaurant.com,Mielo,Westminster,Marylebone (also St Marylebone),Restaurant,https://mielorestaurant.com,,openstreetmap,openstreetmap,1,+44 20 7935 2252,35-38 Paddington Street,W1U 4HQ,https://www.openstreetmap.org/way/148032594
hello@mildreds.co.uk,Mildreds,Westminster,Covent Garden,Restaurant,https://www.mildreds.co.uk/locations/covent-garden/,hello@mildreds.com,venue website,openstreetmap,1,+44 20 8066 8393,79 St Martin's Lane,WC2N 4AA,https://www.openstreetmap.org/way/146481555
london@estiatoriomilos.com,Milos,Westminster,St James's,Greek,https://www.estiatoriomilos.com/location/london/,,venue website,openstreetmap,1,+44 20 7839 2080,1 Regent Street,SW1Y 4NR,https://www.openstreetmap.org/node/4545435689
info@monkeyandmethai.co.uk,Monkey & Me,Westminster,Marylebone (also St Marylebone),Asian,https://www.monkeyandmethai.co.uk/,,venue website,openstreetmap,1,,114-115 Crawford Street,,https://www.openstreetmap.org/node/6362179973
reservations@morenalondon.com,Morena,Westminster,Belgravia,Restaurant,https://morenalondon.com/,hello@morenalondon.com,venue website,openstreetmap,1,+44 20 3488 6490,10-11 Eccleston Yards,,https://www.openstreetmap.org/way/544996362
bookings@mountainbeakstreet.com,Mountain,Westminster,Soho,Restaurant,https://mountainbeakstreet.com,press@mountainbeakstreet.com,venue website,openstreetmap,1,,16-18 Beak Street,W1F 9RD,https://www.openstreetmap.org/way/217876210
hattavern@mr-foggs.com,Mr Fogg's Hat Tavern,Westminster,Soho,Deli; Pub,https://www.mr-foggs.com/mr-foggs-hat-tavern/,,openstreetmap,openstreetmap,1,+44 20 7590 3608,22 Great Chapel Street,W1F 8FR,https://www.openstreetmap.org/way/477968049
botanicals@mr-foggs.com,Mr Fogg's House of Botanicals,Westminster,Fitzrovia,Bar,https://www.mr-foggs.com/house-of-botanicals/,,venue website,openstreetmap,1,+44 20 3667 1445,48 Newman Street,W1T 1QQ,https://www.openstreetmap.org/way/98535843
info@mrfrancatelli.co.uk,Mr Francatelli,Westminster,Millbank,Italian,https://www.mrfrancatelli.co.uk/,,openstreetmap,openstreetmap,1,+44 20 34355489,48a Rochester Row,SW1P 1JU,https://www.openstreetmap.org/way/112682095
enquiries@muranolondon.com,Murano,Westminster,Mayfair,Restaurant,https://www.muranolondon.com/,,venue website,openstreetmap,1,,20 Queen Street,,https://www.openstreetmap.org/way/340427515
contact@myplacesoho.com,My Place,Westminster,Soho,Restaurant,https://www.myplacesoho.com/,,venue website,openstreetmap,1,,21 Berwick Street,W1F 0PZ,https://www.openstreetmap.org/way/156620036
reservations@naclondon.co.uk,Nac,Westminster,Mayfair,Restaurant,https://www.naclondon.co.uk/,,venue website,openstreetmap,1,,41 North Audley Street,,https://www.openstreetmap.org/way/342715784
info@namaiki.co.uk,Namaiki,Westminster,Soho,Asian; Sushi,https://namaiki.co.uk/,,venue website,openstreetmap,1,+44 7502 868876,14 Broadwick Street,W1F 8HP,https://www.openstreetmap.org/way/156620023
hello@nessasoho.com,Nessa Soho,Westminster,St James's,Cafe,https://www.nessasoho.com/,,venue website,openstreetmap,1,,86 Brewer Street,,https://www.openstreetmap.org/node/11112726105
info@thenewmanarms.co.uk,Newman Arms,Westminster,Soho,Pub,https://www.thenewmanarms.co.uk/,,venue website,openstreetmap,1,+44 20 7636 1127,23 Rathbone Street,W1T 1NG,https://www.openstreetmap.org/way/648689210
hello@nofortynine.co.uk,No. Forty-Nine,Westminster,St John's Wood,Restaurant,https://www.nofortynine.co.uk,,venue website,openstreetmap,1,,49 St John's Wood High Street,,https://www.openstreetmap.org/node/13918481501
hello@noblerot.co.uk,Noble Rot,Westminster,Soho,Restaurant,https://noblerot.co.uk/restaurant/soho,soho@noblerot.co.uk; lambsconduit@noblerot.co.uk; mayfair@noblerot.co.uk; sohoprivatedining@noblerot.co.uk; naomi@noblerot.co.uk; press@noblerot.co.uk,venue website,openstreetmap,1,,2 Greek Street,W1D 4NB,https://www.openstreetmap.org/way/279171107
mayfair@noblerot.co.uk,Noble Rot Mayfair,Westminster,Mayfair,Restaurant,https://noblerot.co.uk/,hello@noblerot.co.uk; lambsconduit@noblerot.co.uk; soho@noblerot.co.uk; martha@noblerot.co.uk; ollie@noblerot.co.uk; terri@noblerot.co.uk; emma@noblerot.co.uk; adampfk@outlook.com; marbelbe@yahoo.com; smpbreen@gmail.com; rafaelarus60@gmail.com; kabirujethro@gmail.com; harshilborad7751@gmail.com; kate@noblerot.co.uk; benjamingrthomas@gmail.com; megan@noblerot.co.uk; kelly@noblerot.co.uk; ana@noblerot.co.uk; jacobdp@hotmail.co.uk; marleywise13@gmail.com; mattjharris1@gmail.com; howardhannahmae@gmail.com; grace_laughlin@yahoo.com; terrykandylis@gmail.com; adamtorok096@gmail.com; declan@noblerot.co.uk; jonahcalkin@gmail.com; scdfleet@gmail.com; ydiggswilliams@gmail.com; adam@noblerot.co.uk; robertmccreery1@hotmail.com; asya0007@gmail.com; guywhitelam@gmail.com; tomgreenhalgh@outlook.com; georgescball@gmail.com; kittyfecotton8@gmail.com; gracebailey3015@gmail.com; darcyce1996@gmail.com; kwame161994@gmail.com; jackscpepper@gmail.com; awireebenezer@gmail.com; benjidavis01@gmail.com; wcra80958@gmail.com; chloejanewatt@gmail.com; naomi@noblerot.co.uk; thomas.upex@gmail.com; bronte.agostino@gmail.com; ryan.mozzie@gmail.com; s.aron96@icloud.com; finnegan.baldwin@gmail.com; williamhr.edwards@gmail.com; el.j.burt@btinternet.com; maya.ager@icloud.com; theo.millar123@gmail.com; erika.cos97@gmail.com; maximilian.jgrilli@gmail.com; evan.d.solomon@gmail.com; madeleine.capstick@gmail.com; miss.rachel.able@gmail.com; as.burlats@gmail.com; ava.bradbury98@gmail.com; ryan.goodale01@gmail.com; carlo.lavarini@outlook.com; press@noblerot.co.uk,openstreetmap,openstreetmap,1,+44 20 7101 6770,5 Trebeck Street,W1J 7LT,https://www.openstreetmap.org/node/5943700601
downtown@noburestaurants.com,Nobu,Westminster,Mayfair,Asian; Sushi,https://www.noburestaurants.com/,,venue website,openstreetmap,1,,15a Berkeley Street,,https://www.openstreetmap.org/node/5724481760
normahinfo@gmail.com,Normah's,Westminster,Bayswater,Asian; Halal,https://www.normahs.co.uk/,spicy@gmail.com,venue website,openstreetmap,1,+44 7771630828,23-25 Queensway,W2 4QJ,https://www.openstreetmap.org/node/6762320788
contact@nottopiccadilly.com,Notto,Westminster,Soho,Restaurant,https://www.nottopastabars.com/notto-piccadilly/,,openstreetmap,openstreetmap,1,+44 20 3034 2190,198 Piccadilly,W1J 9EZ,https://www.openstreetmap.org/way/290321022
nouramayfair@noura.co.uk,Noura,Westminster,Belgravia,Restaurant,https://noura.co.uk/,nourakingston@noura.co.uk; deli@noura.co.uk,venue website,openstreetmap,2,+44 20 7235 9444,16 Hobart Place,SW1W 0HH,https://www.openstreetmap.org/node/2833584401
reservations@novikovrestaurant.co.uk,Novikov,Westminster,St James's,Asian; Italian,https://www.novikovrestaurant.co.uk/,,venue website,openstreetmap,1,,50а Berkeley Street,,https://www.openstreetmap.org/node/4470013189
contact@eatnua.com,Nua,Westminster,Fitzrovia,Asian,https://www.eatnua.com/home/,contact-wycombe@eatnua.com; contact-reading@eatnua.com; reservation-kingston@eatnua.com; reservation-watford@eatnua.com; -wycombe@eatnua.com; reservation@eatnua.com; reservation-wycombe@eatnua.com; reservation-reading@eatnua.com,openstreetmap,openstreetmap,1,+44 20 3089 3346,55 Cleveland Street,W1T 4JL,https://www.openstreetmap.org/node/1154262366
events@ogniskorestaurant.co.uk,Ognisko Restaurant,Westminster,Knightsbridge,Restaurant,https://www.ogniskorestaurant.co.uk/,,venue website,openstreetmap,1,+44 20 7589 4635,55 Exhibition Road,SW7 2PN,https://www.openstreetmap.org/node/6036818763
kingly@okarestaurant.co.uk,Oka,Westminster,Soho,Asian; Japanese,https://www.okarestaurant.co.uk/,enquiry@okarestaurant.co.uk,openstreetmap,openstreetmap,1,+44 20 7734 3556,Kingly Court,W1B 5PW,https://www.openstreetmap.org/node/5009334242
events@oldqueenstreet.com,Old Queen Street Cafe,Westminster,Westminster,Restaurant,https://oldqueenstreet.com/,,venue website,openstreetmap,1,,6 Old Queen Street,SW1H 9HP,https://www.openstreetmap.org/way/531242104
reservations@opso.co.uk,OPSO,Westminster,Marylebone (also St Marylebone),Greek,https://www.opso.co.uk/,,venue website,openstreetmap,1,+44 20 7935 0551,10 Paddington Street,W1U 5QL,https://www.openstreetmap.org/way/148871637
wellington@oreebakeries.co.uk,Orée,Westminster,Covent Garden,French,https://www.oree.co.uk,,openstreetmap,openstreetmap,1,+44 20 4580 1467,44 Wellington Street,WC2B 5JD,https://www.openstreetmap.org/way/257269034
reservations@oshpaz.co.uk,Oshpaz,Westminster,St James's,Asian,https://www.oshpaz.co.uk/,info@oshpaz.co.uk; press@oshpaz.co.uk,venue website,openstreetmap,1,,7 Regent Street,SW1Y 4LR,https://www.openstreetmap.org/node/12326678001
oslorestaurant@gmail.com,Oslo Court,Westminster,St John's Wood,French,https://oslocourtrestaurant.co.uk/,,venue website,openstreetmap,1,,Charlbert Street,NW8 7EN,https://www.openstreetmap.org/node/9459156175
marylebone@ottolenghi.co.uk,Ottolenghi,Westminster,Marylebone (also St Marylebone),Restaurant,https://ottolenghi.co.uk/restaurants/marylebone,,venue website,openstreetmap,1,+44 20 3148 1040,63-65 Marylebone Lane,,https://www.openstreetmap.org/node/6298762613
reservations@oystermen.co.uk,Oystermen,Westminster,Covent Garden,Seafood,https://www.oystermen.co.uk/,,venue website,openstreetmap,1,,32 Henrietta Street,WC2E 8NA,https://www.openstreetmap.org/way/670350867
hello@pachamamalondon.com,Pachamama,Westminster,Marylebone (also St Marylebone),Restaurant,https://www.pachamamalondon.com/,,venue website,openstreetmap,1,,18 Thayer Street,,https://www.openstreetmap.org/node/3730599389
info@panaderabakery.com,Panadera,Westminster,Marylebone (also St Marylebone),Asian; Breakfast,https://www.panaderabakery.com/,,openstreetmap,openstreetmap,1,+44 20 3904 4093,7 Picton Place,W1U 1BN,https://www.openstreetmap.org/way/217955524
pardisw2@gmail.com,Pardis Restaurant,Westminster,Paddington,Restaurant,https://www.pardisrestaurant.co.uk/,,venue website,openstreetmap,1,+44 20 7402 8933,29 Connaught Street,,https://www.openstreetmap.org/node/6953176716
reservations@parkchinois.com,Park Chinois,Westminster,Mayfair,Asian; Chinese,https://parkchinois.com/,,venue website,openstreetmap,1,+44 20 3327 8888,17 Berkeley Street,,https://www.openstreetmap.org/node/5724541750
bookings@paulettelondon.com,Paulette,Westminster,Little Venice,French,https://www.paulettelondon.com/,,openstreetmap,openstreetmap,1,+44 20 7286 2715,18 Formosa Street,W9 1EE,https://www.openstreetmap.org/node/6699678257
7225@greeneking.co.uk,Paxton’s Head,Westminster,Knightsbridge,Pub,https://www.greeneking-pubs.co.uk/pubs/greater-london/paxtons-head/,,venue website,openstreetmap,1,,153 Knightsbridge,,https://www.openstreetmap.org/way/633865298
info@pearlliang.co.uk,Pearl Liang,Westminster,Little Venice,Asian; Chinese,https://pearlliang.co.uk/,,venue website,openstreetmap,1,,8 Sheldon Square,W2 6EZ,https://www.openstreetmap.org/node/521689913
hello@peggyporschen.com,Peggy Porschen Belgravia,Westminster,Belgravia,Cafe,https://www.peggyporschen.com/,,venue website,openstreetmap,1,+44 20 7730 1316,116 Ebury Street,SW1W 9QQ,https://www.openstreetmap.org/way/159402316
info@phoenixpalace.co.uk,Phoenix palace,Westminster,Marylebone (also St Marylebone),Asian; Chinese,https://www.phoenixpalace.co.uk/,,venue website,openstreetmap,1,+44 20 7486 3515,5 Glentworth Street,NW1 5PG,https://www.openstreetmap.org/node/4693256690
info@pickleandtoast.com,Pickle & Toast,Westminster,Soho,Takeaway,https://pickleandtoast.com/,,venue website,openstreetmap,1,,,W1F 0TD,https://www.openstreetmap.org/way/157779696
orders@piggyspiccadilly.co.uk,Piggy's,Westminster,St James's,Cafe,https://www.piggyspiccadilly.co.uk/,,venue website,openstreetmap,1,,1 Air Street,,https://www.openstreetmap.org/node/5683731024
pizza2nightkent@gmail.com,Pizza 2 Night,Westminster,Queen's Park,Pizza,https://www.pizza2night.co.uk/,,venue website,openstreetmap,1,,433 Harrow Road,,https://www.openstreetmap.org/node/6813682510
deanst@pizzapilgrims.co.uk,Pizza Pilgrims,Westminster,Soho,Pizza,https://www.pizzapilgrims.co.uk/,events@pizzapilgrims.co.uk; brighton@pizzapilgrims.co.uk; masterclass@pizzapilgrims.co.uk,openstreetmap,openstreetmap,1,+44 20 7437 3559,11 Dean Street,W1D 3RP,https://www.openstreetmap.org/way/288392850
info@portlandrestaurant.co.uk,Portland,Westminster,Fitzrovia,Restaurant,https://portlandrestaurant.co.uk/,,venue website,openstreetmap,1,,113 Great Portland Street,,https://www.openstreetmap.org/way/183024350
manager@prince-alfred.co.uk,Prince Alfred,Westminster,Bayswater,Pub,https://www.prince-alfred.co.uk/,,venue website,openstreetmap,1,+44 20 7229 1474,112 Queensway,W2 3RR,https://www.openstreetmap.org/way/753467777
info@princeofwalespaddington.co.uk,Prince of Wales,Westminster,Paddington,Asian; Pub,https://www.princeofwalespaddington.co.uk/index,,venue website,openstreetmap,1,,2 Cleveland Terrace,W2 6LH,https://www.openstreetmap.org/way/42030132
info@qimacafe.com,Qima Cafe Covent Garden,Westminster,Covent Garden,Cafe,https://qimacafe.com/,,venue website,openstreetmap,1,+44 20 7209 8200,21-22 New Row,WC2N 4LE,https://www.openstreetmap.org/node/12633421801
queenarms@gmail.com,Queens Arms,Westminster,Kilburn,Pub,https://queensarmskilburn.co.uk/,,venue website,openstreetmap,1,,1 Kilburn High Road,NW6 5SE,https://www.openstreetmap.org/way/109187435
reception@quovadissoho.co.uk,Quo Vadis,Westminster,Soho,Restaurant,https://www.quovadissoho.co.uk/,info@quovadissoho.co.uk,openstreetmap,openstreetmap,1,+44 20 7437 9585,26-29 Dean Street,W1D 3LL,https://www.openstreetmap.org/way/288394416
tickets@royalacademy.org.uk,RA Cafe,Westminster,St James's,Cafe,https://www.royalacademy.org.uk/eating-and-drinking,,venue website,openstreetmap,1,,,,https://www.openstreetmap.org/node/6868185118
info@ramoramen.com,Ramo Ramen,Westminster,Soho,Asian; Japanese,https://www.ramoramen.com/,,openstreetmap,openstreetmap,1,+44 20 7434 3777,28 Brewer Street,,https://www.openstreetmap.org/node/2938969701
theregentspark@benugo.com,Regent's Bar & Kitchen,Westminster,Marylebone (also St Marylebone),Restaurant,https://www.benugo.com/partnerships/public-spaces/parks/regents-park/regents-bar-and-kitchen,,venue website,openstreetmap,1,,Inner Circle,NW1 4NU,https://www.openstreetmap.org/way/115640262
enquiries@richoux.co.uk,Richoux,Westminster,Mayfair,Restaurant,https://www.richoux.co.uk/,,venue website,openstreetmap,1,,41 South Audley Street,,https://www.openstreetmap.org/node/452417445
5motcombstreet@rococochocolates.com,Rococo Chocolates,Westminster,Belgravia,Cafe,https://www.rococochocolates.com/pages/belgravia,wholesale@rococochocolates.com; customerservice@rococochocolates.com; press@rococochocolates.com,openstreetmap,openstreetmap,1,+44 20 7245 0993,5 Motcomb Street,SW1X 8JU,https://www.openstreetmap.org/way/530700233
info@roketsu.co.uk,Roketsu,Westminster,Marylebone (also St Marylebone),Asian; Japanese,https://www.roketsu.co.uk/,,openstreetmap,openstreetmap,1,+44 20 3149 1227,12 New Quebec Street,,https://www.openstreetmap.org/node/11783224687
7242@greeneking.co.uk,Rose & Crown,Westminster,Mayfair,Pub,https://www.greeneking-pubs.co.uk/pubs/greater-london/rose-crown/,,venue website,openstreetmap,1,,2 Old Park Lane,W1K 1QN,https://www.openstreetmap.org/way/631474504
infowala@rotichai.com,Roti Chai (Dining Room),Westminster,Marylebone (also St Marylebone),Indian,https://www.rotichai.com/,,venue website,openstreetmap,1,,3 Portman Mews South,,https://www.openstreetmap.org/node/5509518521
enquiry@theroyalgeorgewc2.co.uk,Royal George,Westminster,Covent Garden,Pub,https://www.theroyalgeorgewc2.co.uk/,,openstreetmap,openstreetmap,1,+44 20 7734 8837,133 Charing Cross Road,WC2H 0EA,https://www.openstreetmap.org/node/565470149
pr@rules.co.uk,Rules,Westminster,Covent Garden,Restaurant,https://rules.co.uk/,,venue website,openstreetmap,1,+44 20 7836 5314,34-35 Maiden Lane,WC2E 7LB,https://www.openstreetmap.org/way/558928361
carnaby@therumkitchen.com,Rum Kitchen,Westminster,Soho,Restaurant,https://www.therumkitchen.com/,,openstreetmap,openstreetmap,1,+44 20 3668 2537,Kingly Court,W1B 5PW,https://www.openstreetmap.org/node/4668146656
info@saborrestaurants.co.uk,Sabor,Westminster,Soho,Spanish,https://www.saborrestaurants.co.uk/,events@saborrestaurants.co.uk,venue website,openstreetmap,1,,35-37 Heddon Street,W1B 4BR,https://www.openstreetmap.org/node/5658200133
contact@sacredgrounds.co.uk,Sacred Grounds,Westminster,Soho,Breakfast,https://www.sacredgrounds.co.uk/,,venue website,openstreetmap,1,,54 Dean Street,W1D 6AE,https://www.openstreetmap.org/node/12123977431
info@sagarrestaurant.co.uk,Sagar,Westminster,Covent Garden,Indian,https://www.sagarrestaurant.co.uk/,,venue website,openstreetmap,1,,Catherine Street,WC2B 5JS,https://www.openstreetmap.org/way/986920652
info@sahara-restaurant.co.uk,Sahara,Westminster,St John's Wood,Restaurant,https://www.sahara-restaurant.co.uk/,,venue website,openstreetmap,1,+44 20 7722 8555,7 St John's Wood High Street,,https://www.openstreetmap.org/node/6535716225
reservations@sarastro-restaurant.com,Sarastro Restaurant,Westminster,Covent Garden,Restaurant,https://www.sarastro-restaurant.com/,info@sarastro-restaurant.com,venue website,openstreetmap,1,,126 Drury Lane,WC2B 5SU,https://www.openstreetmap.org/way/986952076
sartoriareservations@danddlondon.com,Sartoria,Westminster,Mayfair,Italian,https://www.sartoria-restaurant.co.uk/,,openstreetmap,openstreetmap,1,+44 20 7534 7000,20 Savile Row,,https://www.openstreetmap.org/node/4191567196
info@savoytap.co.uk,Savoy Tap,Westminster,Covent Garden,Pub,https://www.savoytap.co.uk/,,venue website,openstreetmap,1,+44 20 7836 9738,2 Savoy Street,WC2R 0BA,https://www.openstreetmap.org/way/244895533
sales@scandikitchen.co.uk,ScandiKitchen Cafe & Shop - Victoria,Westminster,Belgravia,Breakfast; Deli,https://scandikitchen.co.uk/,iwantfood@scandikitchen.co.uk; shop@scandikitchen.co.uk,venue website,openstreetmap,2,,42,,https://www.openstreetmap.org/node/13062175201
crm@caprice-holdings.co.uk,Scott's,Westminster,Mayfair,Seafood,https://www.caprice-holdings.co.uk/,pr@caprice-holdings.co.uk,venue website,openstreetmap,1,,20-22 Mount Street,,https://www.openstreetmap.org/node/452416571
bookings@seashellrestaurant.co.uk,Seashell of Lisson Grove,Westminster,Paddington,Seafood,https://www.seashellrestaurant.co.uk/,,venue website,openstreetmap,1,,49-51 Lisson Grove,,https://www.openstreetmap.org/node/4522284989
hola@senor-ceviche.com,Senor Cevice,Westminster,Soho,Restaurant,https://www.senor-ceviche.com/,,openstreetmap,openstreetmap,1,+44 20 7842 8540,Kingly Court,W1B 5PW,https://www.openstreetmap.org/node/4668146653
info@shakaraldn.com,SHAKARA,Westminster,Marylebone (also St Marylebone),Restaurant,https://shakaraldn.com/,reservations@shakaraldn.com,openstreetmap,openstreetmap,1,+44 7437 569667,66 Baker Street,W1U 7DJ,https://www.openstreetmap.org/node/12411817999
shakeshuka@shakeshukarestaurant.co.uk,ShakeShuka,Westminster,Marylebone (also St Marylebone),Restaurant,https://www.shakeshukarestaurant.co.uk/,,venue website,openstreetmap,1,,134 Marylebone Road,,https://www.openstreetmap.org/node/1614146307
restaurant@shezan.co.uk,Shezan,Westminster,Knightsbridge,Indian,https://www.shezan.co.uk/,,venue website,openstreetmap,1,,16 Cheval Place,,https://www.openstreetmap.org/node/6002002173
shoryu.soho@shoryuramen.com,Shoryu,Westminster,Soho,Asian; Japanese,https://shoryuramen.com/,shoryu.carnaby@shoryuramen.com; shoryu.coventgarden@shoryuramen.com; shoryu.regent@shoryuramen.com; shoryu.shoreditch@shoryuramen.com; shoryu.worldfoodcourt@shoryuramen.com; shoryu.oxford@shoryuramen.com; shoryu.manchester@shoryuramen.com; shoryu.stratford@shoryuramen.com; press@shoryuramen.com,openstreetmap,openstreetmap,1,,2-3 Denman Street,W1D 7HA,https://www.openstreetmap.org/node/4302224816
granddivanreservations@simpsonsinthestrand.co.uk,Simpson's-in-the-Strand,Westminster,Covent Garden,Restaurant,https://www.simpsonsinthestrand.co.uk/,romanosreservations@simpsonsinthestrand.co.uk,venue website,openstreetmap,1,+44 20 7836 9112,100 Strand,WC2R 0EW,https://www.openstreetmap.org/node/554138077
reservations@singapulah.co.uk,Singapulah,Westminster,Soho,Asian,https://www.singapulah.co.uk/,,venue website,openstreetmap,1,+44 20 3583 5815,53 Shaftesbury Avenue,W1D 6LB,https://www.openstreetmap.org/node/624061059
info@sketch.london,Sketch,Westminster,Mayfair,Restaurant,https://sketch.london/,,venue website,openstreetmap,1,+44 20 7659 4500,9 Conduit Street,W1S 2XD,https://www.openstreetmap.org/node/259774384
reservations@smithsbarandgrill.co.uk,Smiths Bar and Grill,Westminster,Little Venice,Restaurant,https://www.smithsbarandgrill.co.uk/,,venue website,openstreetmap,1,+44 20 7286 9458,25 Sheldon Square,W2 6EY,https://www.openstreetmap.org/node/2343155745
info@socialimpactcoffee.org,Social Impact Coffee,Westminster,Paddington,Breakfast,https://www.socialimpactcoffee.org/,,venue website,openstreetmap,1,,5,,https://www.openstreetmap.org/node/6853212489
soho@sophiessteakhouse.com,Sophie's,Westminster,Soho,Restaurant,https://www.sophiessteakhouse.com/soho,,venue website,openstreetmap,1,+44 20 7836 8836,42-44 Great Windmill Street,W1D 7NB,https://www.openstreetmap.org/node/5959693686
info@soukrestaurant.co.uk,Souk Bazaar,Westminster,Covent Garden,Restaurant,https://www.soukrestaurant.co.uk/,,venue website,openstreetmap,1,,27 Litchfield Street,WC2H 9NJ,https://www.openstreetmap.org/way/349340731
reservations@soutine.co.uk,Soutine,Westminster,St John's Wood,French,https://www.soutine.co.uk/,,venue website,openstreetmap,1,+44 20 3926 8448,60 St John's Wood High Street,NW8 7SH,https://www.openstreetmap.org/node/6542260740
info@spaghettihouse.co.uk,Spaghetti House,Westminster,Mayfair,Italian,https://www.spaghettihouse.co.uk/,,venue website,openstreetmap,2,,12 Woodstock Street,W1C 2AF,https://www.openstreetmap.org/way/249211266
info@speedboatbar.co.uk,Speedboat Bar,Westminster,Soho,Asian,https://speedboatbar.co.uk/,,venue website,openstreetmap,1,,30 Rupert Street,W1D 6DL,https://www.openstreetmap.org/node/4865627308
7254@greeneking.co.uk,Spread Eagle,Westminster,Mayfair,Pub,https://www.greeneking-pubs.co.uk/pubs/greater-london/spread-eagle/,,venue website,openstreetmap,1,+44 20 7629 4695,8 Woodstock Street,,https://www.openstreetmap.org/node/452240939
support@spudbrosexpress.com,SpudBros,Westminster,Mayfair,Restaurant,https://www.spudbrosexpress.com,,venue website,openstreetmap,1,,4 Princes Street,W1B 2LB,https://www.openstreetmap.org/way/291293252
contact@thestablehand.co.uk,Stablehand,Westminster,Paddington,French; Pub,https://thestablehand.co.uk/,,venue website,openstreetmap,1,+4420 7402 0083,4 Bathurst Street,W2 2SD,https://www.openstreetmap.org/way/517877764
info@staxburgers.co.uk,Stax Diner,Westminster,Soho,American,http://staxdiner.com/,,openstreetmap,openstreetmap,1,+44 20 7734 3190,Kingly Court,W1B 5PW,https://www.openstreetmap.org/node/4668146652
info@steakandcompany.co.uk,Steak and Company,Westminster,Covent Garden,Steak,https://www.steakandcompany.co.uk/,,venue website,openstreetmap,1,,3-5 Irving Street,WC2H 0HA,https://www.openstreetmap.org/way/995954601
berlininkensington@stein-s.com,Stein's Berlin,Westminster,Knightsbridge,Restaurant,https://www.berlininkensington.stein-s.com/,,venue website,openstreetmap,1,,51 Princes Gate,,https://www.openstreetmap.org/node/6036818762
stonegrillvictoria@gmail.com,Stone & Grill,Westminster,Pimlico,Restaurant,http://Stoneandgrill.co.uk,,openstreetmap,openstreetmap,1,+44 20 7460 6055,52 Wilton Road,SW1V 1DE,https://www.openstreetmap.org/node/11642801669
enquiries@sundayinbk.co.uk,Sunday in Brooklyn,Westminster,Mayfair,American,https://www.sundayinbk.co.uk/restaurant-marylebone/,,venue website,openstreetmap,1,+44 20 76301030,10-12 James Street,W1U 1EE,https://www.openstreetmap.org/way/217841725
info@sushikyu.com,Sushi Kyu,Westminster,Soho,Asian; Sushi,http://sushikyu.com,,openstreetmap,openstreetmap,1,+44 20 4549 5888,30 Brewer Street,W1F 0SS,https://www.openstreetmap.org/node/13849335901
cgevents@sushisamba.com,SushiSamba Covent Garden,Westminster,Covent Garden,Asian; Japanese; Sushi,https://www.sushisamba.com/locations/uk/london-covent-garden,,venue website,openstreetmap,1,+44 20 3053 0000,,,https://www.openstreetmap.org/node/6825222287
info@sussex-restaurant.com,Sussex,Westminster,Soho,Restaurant,https://www.sussex-restaurant.com/,,venue website,openstreetmap,1,+44 20 3923 7770,63-64 Frith Street,W1D 3JW,https://www.openstreetmap.org/node/7795005285
bonjour@chezantoinette.co.uk,Suzette Garden,Westminster,Millbank,Cafe,https://www.chezantoinette.co.uk/suzette/?gad_campaignid=21512260997&wbraid=ClMKCAjwmdLSBhB_EkMAHb5gRJhf7Uo6hnfQmntCIga5lDFuEmNkBCCzkerYfFwKlCLCav9peSzvFMeYvpQRLPnFiP-NKTSoz8jimAlMV665GgIL4Q,coventgarden@chezantoinette.co.uk,venue website,openstreetmap,1,,5 Seaforth Place,SW1E 6AB,https://www.openstreetmap.org/node/14014754401
reservations@tabxtab.com,TABxTAB,Westminster,Bayswater,Cafe,https://tabxtab.com/,hello@tabxtab.com,venue website,openstreetmap,1,,14-16 Westbourne Grove,,https://www.openstreetmap.org/node/7062214208
marylebone@takalondon.com,Taka,Westminster,Mayfair,Asian; Japanese,https://www.takalondon.com/,,venue website,openstreetmap,2,,18 Shepherd Market,,https://www.openstreetmap.org/node/5941022582
info.taotaoju@gmail.com,Tao Tao Ju,Westminster,Covent Garden,Asian; Chinese,https://www.taotaoju.co.uk/,,venue website,openstreetmap,1,+44 20 7367 0083,15 Lisle Street,WC2H 7BE,https://www.openstreetmap.org/way/995869097
info@tasteofindiauk.com,Taste of India,Westminster,Bayswater,Indian,https://tasteofindiauk.com/,,venue website,openstreetmap,1,,51 Queensway,W2 4QH,https://www.openstreetmap.org/node/4790853007
7263@greeneking.co.uk,Tattersalls Tavern,Westminster,Knightsbridge,Pub,https://www.greeneking-pubs.co.uk/pubs/greater-london/tattersalls-tavern/,,venue website,openstreetmap,1,,,,https://www.openstreetmap.org/node/295466191
reservations@sterminshotel.co.uk,Tea Lounge at St. Ermin's,Westminster,Westminster,Restaurant,https://www.sterminshotel.co.uk/eating-drinking/afternoon-tea/,tealounge@sterminshotel.co.uk,venue website,openstreetmap,1,+44 20 7222 7888,2 Caxton Street,SW1H 0QW,https://www.openstreetmap.org/node/12996594395
info@templebrewhouse.com,Temple Brew House,Westminster,Temple,Pub,http://www.templebrewhouse.com/,,openstreetmap,openstreetmap,1,+44 20 7936 2536,46 Essex Street,WC2R 3JF,https://www.openstreetmap.org/way/428744489
enquiries@terroirswinebar.com,Terroirs,Westminster,Covent Garden,French,http://www.terroirswinebar.com,,openstreetmap,openstreetmap,1,+44 20 7036 0660,5 William IV Street,WC2N 4DW,https://www.openstreetmap.org/node/2542069882
7161@greeneking.co.uk,The Albert,Westminster,Westminster,Pub,https://www.greeneking-pubs.co.uk/pubs/greater-london/albert/,,venue website,openstreetmap,1,+44 20 7222 5577,52 Victoria Street,SW1H 0NP,https://www.openstreetmap.org/way/161490892
thebeehive.info@btconnect.com,The Beehive,Westminster,Marylebone (also St Marylebone),Pub,,,openstreetmap,openstreetmap,1,+44 20 7486 8037,126 Crawford Street,W1U 6BF,https://www.openstreetmap.org/way/300860985
thebengal62@yahoo.co.uk,The Bengal,Westminster,Little Venice,Indian,https://www.thebengal.co.uk/,,venue website,openstreetmap,1,+44 20 7229 1640,62A Porchester Road,W2 6ET,https://www.openstreetmap.org/node/521716075
general@theblueposts.net,The Blue Posts,Westminster,Soho,Pub,https://www.theblueposts.net/,,venue website,openstreetmap,1,+44 20 7437 5008,22 Berwick Street,W1F 0QA,https://www.openstreetmap.org/way/156620042
hello@burlingtonarms.com,The Burlington Arms,Westminster,Mayfair,Pub,https://burlingtonarms.com/,,venue website,openstreetmap,1,,21 Old Burlington Street,W1S 2JL,https://www.openstreetmap.org/way/592220489
cafe@clifton.co.uk,The Café at Clifton Nurseries,Westminster,Little Venice,Cafe,https://www.clifton.co.uk/london-nursery-garden-centre/cafe,,venue website,openstreetmap,1,+44 20 7432 1867,,,https://www.openstreetmap.org/way/242819424
hello@thecarpentersarmspub.co.uk,The Carpenters Arms,Westminster,Marylebone (also St Marylebone),Pub,https://www.thecarpentersarmspub.co.uk/,,venue website,openstreetmap,1,,12 Great Cumberland Mews,,https://www.openstreetmap.org/way/678633914
info@35newcavendish.co.uk,The Cavendish,Westminster,Marylebone (also St Marylebone),Restaurant,https://www.35newcavendish.co.uk/,,venue website,openstreetmap,1,,35 New Cavendish Street,,https://www.openstreetmap.org/way/148890698
info@thecedarrestaurant.co.uk,The Cedar,Westminster,Maida Vale,Restaurant,https://www.thecedarrestaurant.co.uk/,,venue website,openstreetmap,1,+44 20 8964 2011,65 Fernhead Road,,https://www.openstreetmap.org/node/6763093725
info@thechandos.co.uk,The Chandos,Westminster,Covent Garden,Pub,https://thechandos.co.uk/,contact-info@thechandos.co.uk,openstreetmap,openstreetmap,1,+44 20 7836 1401,29 St Martin's Lane,WC2N 4ER,https://www.openstreetmap.org/way/142300246
reservations@thecoachmakersarms.co.uk,The Coach Makers Arms,Westminster,Marylebone (also St Marylebone),Pub,https://www.thecoachmakersarms.co.uk/,reservations@cubitthouse.co.uk; events@cubitthouse.co.uk; johnsmith@hotmail.com,venue website,openstreetmap,1,,88 Marylebone Lane,W1U 2PY,https://www.openstreetmap.org/way/134708046
london.mayfair@leica-camera.com,The Cocochine,Westminster,Mayfair,Restaurant,https://us.leica-camera.com/Stores-Dealers/Leica-Stores-Worldwide/Leica-Store-London-Mayfair,,venue website,openstreetmap,1,,27 Bruton Place,,https://www.openstreetmap.org/node/5740191354
info@the-connaught.co.uk,The Connaught Grill,Westminster,Mayfair,Steak,https://www.the-connaught.co.uk/restaurants-bars/the-connaught-grill/,,venue website,openstreetmap,1,+442071078852,16 Carlos Place,W1K 2AL,https://www.openstreetmap.org/node/12617974399
info@constitutionpimlico.co.uk,The Constitution,Westminster,Pimlico,Pub,https://www.constitutionpimlico.co.uk/,,venue website,openstreetmap,1,,42 Churton Street,SW1V 2LP,https://www.openstreetmap.org/way/447309968
hyde@parksports.co.uk,The Courts Café at Hyde Park,Westminster,Knightsbridge,Cafe,https://www.royalparks.org.uk/parks/hyde-park/food-and-drink/park-sports-cafe,,openstreetmap,openstreetmap,1,+44 20 7224 1625,,,https://www.openstreetmap.org/node/1696895509
reservations@thedelaunay.com,The Delaunay,Westminster,Covent Garden,Restaurant,https://www.thedelaunay.com/,,venue website,openstreetmap,1,,55 Aldwych,WC2B 4BB,https://www.openstreetmap.org/node/1962961372
info@delhibrasserie.com,The Delhi Brasserie,Westminster,Soho,French; Indian,https://delhibrasserie.com/,,venue website,openstreetmap,1,,44 Frith Street,W1D 4SB,https://www.openstreetmap.org/way/157771369
enquiries@devonshiresoho.co.uk,The Devonshire,Westminster,Soho,Restaurant,https://devonshiresoho.co.uk,privateevents@devonshiresoho.co.uk; press@devonshiresoho.co.uk,venue website,openstreetmap,1,,17 Denman Street,W1D 7HW,https://www.openstreetmap.org/way/153661827
theduchess.marylebone@thechaptercollection.co.uk,The Duchess,Westminster,Mayfair,Pub,https://www.thechaptercollection.co.uk/duchess-marylebone,,venue website,openstreetmap,1,,39 Duke Street,W1U 1LP,https://www.openstreetmap.org/way/159039182
reservations@theduckandrice.com,The Duck and Rice,Westminster,Soho,Asian; Chinese,https://theduckandrice.com/,,openstreetmap,openstreetmap,1,+44 20 3327 7888,90 Berwick Street,W1F 0QB,https://www.openstreetmap.org/way/478967748
info@thedukew1h.co.uk,The Duke of Wellington,Westminster,Marylebone (also St Marylebone),Pub,https://thedukew1h.co.uk/,,venue website,openstreetmap,1,,94A Crawford Street,W1H 2HQ,https://www.openstreetmap.org/node/10582361575
reception@frontlineclub.com,The Frontline Club,Westminster,Paddington,Restaurant,https://www.frontlineclub.com/restaurant/,privatedining@frontlineclub.com,venue website,openstreetmap,1,+44 20 7479 8960,13 Norfolk Place,W2 1QJ,https://www.openstreetmap.org/way/155494956
enquiries@georgeinthestrand.com,The George,Westminster,Temple,Pub,http://www.georgeinthestrand.com/,,openstreetmap,openstreetmap,1,+44 20 7353 9638,213 Strand,WC2R 1AP,https://www.openstreetmap.org/way/161420189
7194@greeneking.co.uk,The Goat Tavern,Westminster,St James's,Pub,https://www.greeneking-pubs.co.uk/pubs/greater-london/goat-tavern-mayfair/,,venue website,openstreetmap,1,,3 Stafford Street,,https://www.openstreetmap.org/way/290081133
7198@greeneking.co.uk,The Greene Man,Westminster,Fitzrovia,Pub,https://www.greeneking-pubs.co.uk/pubs/greater-london/green-man/,,venue website,openstreetmap,1,+44 20 7387 6977,383 Euston Road,NW1 3AU,https://www.openstreetmap.org/way/108251970
info@grenadierpub.co.uk,The Grenadier,Westminster,Belgravia,Pub,https://www.grenadierbelgravia.com,info@grenadierbelgravia.com,openstreetmap,openstreetmap,1,+44 20 3205 2915,18 Wilton Row,SW1X 7NR,https://www.openstreetmap.org/node/13235500301
piccadilly_circus_social@hardrock.com,The Hard Rock Cafe,Westminster,Soho,Burger; Ice cream,https://www.hardrockcafe.com/location/piccadilly-circus/,london_events@hardrock.com; piccadillycircus.jobs@hardrock.com; piccadillycircus.merch@hardrock.com,venue website,openstreetmap,1,,225/229 Piccadilly,W1J 9HR,https://www.openstreetmap.org/node/8476348621
info@haydennottinghill.com,The Hayden,Westminster,Bayswater,Burger; Pub,https://www.haydennottinghill.com/,,venue website,openstreetmap,1,,,,https://www.openstreetmap.org/node/7099537759
theheronbar@gmail.com,The Heron,Westminster,Paddington,Pub,https://www.theheronpaddington.com/,,venue website,openstreetmap,1,+44 20 7724 8463,Norfolk Crescent,W2 2DN,https://www.openstreetmap.org/way/739710241
afrimneliderjan@gmail.com,The Horse and Groom,Westminster,Belgravia,Pub,https://www.horseandgroombelgravia.co.uk,,venue website,openstreetmap,1,,7 Groom Place,,https://www.openstreetmap.org/way/551566816
info@jackalopelondon.com,The Jackalope,Westminster,Marylebone (also St Marylebone),Pub,https://jackalopelondon.com/#firstPage,,venue website,openstreetmap,1,,43 Weymouth Mews,W1G 7EQ,https://www.openstreetmap.org/way/147997976
7209@greeneking.co.uk,The Kings Arms,Westminster,Mayfair,Pub,https://www.greeneking-pubs.co.uk/pubs/greater-london/kings-arms-mayfair,,venue website,openstreetmap,1,+44 20 7629 0416,2 Shepherd Market,,https://www.openstreetmap.org/node/289996602
info@thelarrik.com,The Larrik,Westminster,Marylebone (also St Marylebone),Pub,https://www.thelarrik.com/,,venue website,openstreetmap,1,,32 Crawford Place,W1H 5NN,https://www.openstreetmap.org/way/680918475
thelaughinghalibut@gmail.com,The Laughing Halibut,Westminster,Millbank,Seafood,https://laughinghalibut.co.uk,,venue website,openstreetmap,1,+44 20 7799 2844,38 Strutton Ground,SW1P 2HR,https://www.openstreetmap.org/way/113115208
reservations@littleredpepper.co.uk,The Little Red Pepper,Westminster,Little Venice,Italian,https://littleredpepper.co.uk,,venue website,openstreetmap,1,+44 20 4618 4690,8 Formosa Street,W9 1EE,https://www.openstreetmap.org/node/6698552094
info@luckysaint.co,The Lucky Saint,Westminster,Fitzrovia,Pub,https://luckysaint.co/pages/the-lucky-saint-pub-london-w1,,venue website,openstreetmap,1,,58 Devonshire Street,W1W 5EA,https://www.openstreetmap.org/way/110753811
themarquis@mspubs.co.uk,The Marquis,Westminster,Covent Garden,Pub,https://www.themarquiscoventgarden.co.uk/,,openstreetmap,openstreetmap,1,+44 20 7379 0367,51-52 Chandos Place,WC2N 4HS,https://www.openstreetmap.org/way/558503751
1651@greeneking.co.uk,The Mason Arms,Westminster,Mayfair,Pub,https://www.greeneking-pubs.co.uk/pubs/greater-london/masons-arms-mayfair/,,venue website,openstreetmap,1,+44 20 7491 7809,38 Maddox Street,W1S 1PY,https://www.openstreetmap.org/way/589641506
gary@themonkeypuzzlepub.co.uk,The Monkey Puzzle,Westminster,Paddington,Pub,https://themonkeypuzzlepub.co.uk/,,openstreetmap,openstreetmap,1,+44 20 7723 0143,30 Southwick Street,W2 1JQ,https://www.openstreetmap.org/node/15262028
londonshop@monocle.com,The Monocle Café,Westminster,Marylebone (also St Marylebone),Cafe,https://monocle.com/monocle-shops-and-cafes/,paris@monocle.com; zurichshop@monocle.com; meranoshop@monocle.com; torontoshop@monocle.com; tokyoshop@monocle.com; hkshop@monocle.com; ma@monocle.com; rk@monocle.com,venue website,openstreetmap,1,+44 20 7135 2040,18 Chiltern Street,W1U 7QA,https://www.openstreetmap.org/node/6328300466
thenelliedean@gmail.com,The Nellie Dean of Soho,Westminster,Soho,Pub,https://www.nelliedeansoho.co.uk/,,venue website,openstreetmap,1,+44 20 7734 2572,89 Dean Street,W1D 3SU,https://www.openstreetmap.org/way/288392846
hello@thegoodoak.com,The Oak,Westminster,Bayswater,Italian,https://theoaklondon.com/,,venue website,openstreetmap,1,+44 20 7221 3355,137 Westbourne Park Road,W2 5QL,https://www.openstreetmap.org/way/122814326
events@thefootmanmayfair.com,The Only Running Footman,Westminster,Mayfair,Pub,https://www.thefootmanmayfair.com/,,venue website,openstreetmap,1,,5 Charles Street,W1J 5DF,https://www.openstreetmap.org/way/299039550
reservations@theorange.co.uk,The Orange,Westminster,Belgravia,Pub,https://www.theorange.co.uk/,reservations@cubitthouse.co.uk; events@cubitthouse.co.uk; johnsmith@hotmail.com,venue website,openstreetmap,1,,37-39 Pimlico Road,SW1W 8NE,https://www.openstreetmap.org/way/147249462
reservations@theparkrestaurant.com,The Park,Westminster,Bayswater,American; Breakfast,https://www.theparkrestaurant.com/,,openstreetmap,openstreetmap,1,+44 20 3959 9000,2 Queensway,W2 3RX,https://www.openstreetmap.org/node/12786260255
enquiries@porterhouse.london,The Porterhouse,Westminster,Covent Garden,Pub,https://porterhouse.london/,,venue website,openstreetmap,1,,21-22 Maiden Lane,WC2E 7NA,https://www.openstreetmap.org/way/99952313
reservations@theportraitrestaurant.co.uk,The Portrait Restaurant,Westminster,Covent Garden,Restaurant,https://theportraitrestaurant.com/,,openstreetmap,openstreetmap,1,+44 20 3872 7610,2 St. Martin's Place,WC2H 0HE,https://www.openstreetmap.org/node/12087774907
info@theprincebonapartew2.co.uk,The Prince Bonaparte,Westminster,Bayswater,Pub,https://www.theprincebonapartew2.co.uk/,,venue website,openstreetmap,1,+44 20 7313 9491,80 Chepstow Road,W2 5BE,https://www.openstreetmap.org/way/756311627
bookings@queensheadpiccadilly.com,The Queen's Head,Westminster,St James's,Pub,https://www.queensheadpiccadilly.com/,,venue website,openstreetmap,1,+44 20 7437 1540,,,https://www.openstreetmap.org/way/572506209
soho@therealgreek.com,The Real Greek,Westminster,Soho,Greek,https://www.therealgreek.com/restaurants/soho/,anastasia.abazi@therealgreek.com,venue website,openstreetmap,1,+44 20 7287 6805,50 Berwick Street,W1F 8SJ,https://www.openstreetmap.org/node/4601342802
media@thesavanna.co.uk,the Savanna,Westminster,Belgravia,Deli,https://www.thesavanna.co.uk,customerservice@thesavanna.co.uk,venue website,openstreetmap,1,,,,https://www.openstreetmap.org/node/10622738686
7967@greeneking.co.uk,The Sherlock Holmes,Westminster,Covent Garden,Pub,https://www.greeneking-pubs.co.uk/pubs/greater-london/sherlock-holmes/,,venue website,openstreetmap,1,,10-11 Northumberland Street,WC2N 5DB,https://www.openstreetmap.org/way/140517896
hello@thesoak.co.uk,The Soak,Westminster,Belgravia,Restaurant,https://www.thesoak.co.uk/,,venue website,openstreetmap,1,,,,https://www.openstreetmap.org/node/13936897328
theoffice@thesocial.com,The Social,Westminster,Soho,American,https://www.thesocial.com/,,venue website,openstreetmap,1,+44 20 7636 4992,5 Little Portland Street,W1W 7JD,https://www.openstreetmap.org/node/3358823520
info@thesummerhouse.co,The Summerhouse,Westminster,Little Venice,Seafood,https://www.thesummerhouse.co/,,venue website,openstreetmap,1,,Blomfield Road,,https://www.openstreetmap.org/way/123186058
reservations@cubitthouse.co.uk,The Thomas Cubitt,Westminster,Belgravia,Pub,https://www.cubitthouse.co.uk/the-thomas-cubitt-belgravia/,events@cubitthouse.co.uk; johnsmith@hotmail.com,venue website,openstreetmap,1,,44 Elizabeth Street,SW1W 9PA,https://www.openstreetmap.org/way/547171167
info@thetoucansoho.co.uk,The Toucan,Westminster,Soho,Pub,https://www.thetoucansoho.co.uk/,,venue website,openstreetmap,1,+44 20 7437 4123,19 Carlisle Street,W1D 3BY,https://www.openstreetmap.org/way/288392857
enquiries@thevegboxcafe.co.uk,The Veg Box,Westminster,Marylebone (also St Marylebone),Cafe,https://thevegboxcafe.co.uk,,venue website,openstreetmap,1,,136 Marylebone Road,,https://www.openstreetmap.org/node/4803496604
info@thewaterway.co.uk,The Waterway,Westminster,Little Venice,Pub,https://www.thewaterway.co.uk/,,venue website,openstreetmap,1,+44 20 7266 3557,54 Formosa Street,W9 2JU,https://www.openstreetmap.org/node/3154333461
reservations@theorandall.com,Theo Randall,Westminster,Mayfair,Italian,https://www.theorandall.com/,,venue website,openstreetmap,1,+44 20 7318 8747,1 Hamilton Place,W1J 7QY,https://www.openstreetmap.org/node/13254887541
reservations@threefalcons.com,Three Falcons Indian Gastropub,Westminster,St John's Wood,Indian; Pub,https://threefalcons.com/,gauravparwani@threefalcons.com,venue website,openstreetmap,1,,Orchardson Street,NW8 8NG,https://www.openstreetmap.org/node/12599552601
hello@tintico.co.uk,Tintico,Westminster,Soho,Cafe,https://www.tintico.co.uk,veronica@tintico.co.uk,venue website,openstreetmap,1,,57 Greek Street,W1D 3DY,https://www.openstreetmap.org/node/13571511986
reservations@titurestaurant.com,Titu,Westminster,Mayfair,Asian,https://www.titurestaurant.com/,,venue website,openstreetmap,1,,1 Shepherd Street,W1J 7HJ,https://www.openstreetmap.org/node/603756842
coffee@tomtomcoffee.co.uk,TomTom Coffee House,Westminster,Belgravia,Cafe,https://www.tomtomcoffee.co.uk/coffee-house/,,openstreetmap,openstreetmap,1,+44 20 7730 1771,114 Ebury Street,SW1W 9QD,https://www.openstreetmap.org/node/443029946
oxfordcircus@tortilla.co.uk,Tortilla,Westminster,Soho,Mexican,https://www.tortilla.co.uk/restaurants/oxford-circus,,venue website,openstreetmap,1,+44 20 7637 2800,6 Market Place,W1W 8AH,https://www.openstreetmap.org/node/787474861
reservations@tozirestaurant.co.uk,Tozi,Westminster,Pimlico,Italian,https://tozirestaurant.co.uk/,,venue website,openstreetmap,1,+44 20 7769 9771,8 Gillingham Street,,https://www.openstreetmap.org/node/5200361721
info@trishnalondon.com,Trishna,Westminster,Marylebone (also St Marylebone),Indian,https://www.trishnalondon.com/,,venue website,openstreetmap,1,,15-17 Blandford Street,W1U 3DG,https://www.openstreetmap.org/node/2434621102
tsiakkoscharcoal@gmail.com,Tsiakkos & Charcoal,Westminster,Maida Vale,Greek,http://tsiakkos.co.uk/,,openstreetmap,openstreetmap,1,+44 20 7286 7896,5 Marylands Road,W9 2DU,https://www.openstreetmap.org/node/6739984320
turiecafe@gmail.com,Turie,Westminster,Paddington,Cafe,https://turiecafe.co.uk/,,venue website,openstreetmap,1,,39 Lisson Grove,,https://www.openstreetmap.org/node/6463192830
paddington@turmerickitchen.co.uk,Turmeric Kitchen,Westminster,Paddington,Indian,https://turmerickitchen.co.uk/,pinner@turmerickitchen.co.uk,venue website,openstreetmap,1,,,W2 3YU,https://www.openstreetmap.org/node/12056271969
reservations@uglydumpling.co.uk,Ugly Dumpling,Westminster,Soho,Asian,https://uglydumpling.co.uk/,info@uglydumpling.co.uk; fitzrovia@uglydumpling.co.uk; brixton@uglydumpling.co.uk,venue website,openstreetmap,2,,1 Newburgh Street,W1F 7RB,https://www.openstreetmap.org/way/223406956
reception@umurestaurant.com,Umu,Westminster,Mayfair,Asian; Japanese,https://www.umurestaurant.com/,,venue website,openstreetmap,1,,14-16 Bruton Place,,https://www.openstreetmap.org/node/5742592713
info@vantra.co.uk,Vantra Loungevity,Westminster,Soho,Restaurant,https://www.vantra.co.uk/,,venue website,openstreetmap,1,+44 20 7287 5222,5 Wardour Street,W1D 6PB,https://www.openstreetmap.org/node/5483789422
atvenchi-us@venchi.com,Venchi,Westminster,Covent Garden,Ice cream,https://uk.venchi.com/venchi-chocolate-and-gelato-london-covent-garden,,venue website,openstreetmap,1,,,,https://www.openstreetmap.org/node/3706217491
info@vietnamfood.co.uk,Viet Food,Westminster,Soho,Asian,https://vietnamfood.co.uk/vietfood/,,venue website,openstreetmap,1,+44 20 7494 4555,34-36 Wardour Street,W1D 6EY,https://www.openstreetmap.org/way/993516028
management@cafevolonte.co.uk,Volonté,Westminster,Fitzrovia,Cafe,https://www.cafevolonte.co.uk/,,venue website,openstreetmap,1,,10 Mortimer Street,W1T 3JJ,https://www.openstreetmap.org/node/4715903696
info@wacafe.co.uk,WA café,Westminster,Covent Garden,Asian; Bakery; Breakfast; Deli; Japanese,https://wacafe.co.uk/,,venue website,openstreetmap,1,,5 New Row,WC2N 4LH,https://www.openstreetmap.org/node/6029728385
info@wafflemeister.com,Wafflemeister,Westminster,Mayfair,Bakery,https://wafflemeister.com/,,venue website,openstreetmap,1,+44 20 7629 8178,369 Oxford Street,W1C 2JW,https://www.openstreetmap.org/way/802152476
hanover@watchhouse.com,WatchHouse Hanover,Westminster,Mayfair,Breakfast,https://watchhouse.com/,hello@watchhouse.com,openstreetmap,openstreetmap,1,+44 20 3146 4564,2-3 Medici Courtyard,W1S 1BR,https://www.openstreetmap.org/node/9966313529
reservations@thelondoner.com,Whitcombs,Westminster,Covent Garden,Restaurant,https://www.thelondoner.com/restaurants-bars/whitcombs,press@thelondoner.com,venue website,openstreetmap,1,,38 Leicester Square,WC2H 7DX,https://www.openstreetmap.org/node/10065176317
hello@white-pine.co.uk,White Pine,Westminster,Soho,Cafe,https://white-pine.co.uk/,,venue website,openstreetmap,1,,35-36 Rathbone Place,W1T 1JN,https://www.openstreetmap.org/node/6089238894
marylebone@workshopcoffee.com,Workshop Coffee Co,Westminster,Mayfair,Breakfast,https://workshopcoffee.com/,academy@workshopcoffee.com,openstreetmap,openstreetmap,1,,1 Barrett Street,,https://www.openstreetmap.org/node/4103049892
reservations@yalla-yalla.co.uk,Yalla Yalla,Westminster,Soho,Restaurant,https://www.yalla-yalla.co.uk/,,venue website,openstreetmap,2,,,W1F 0HA,https://www.openstreetmap.org/way/480012224
yegrapesmayfair@yahoo.com,Ye Grapes,Westminster,Mayfair,Pub,https://www.yegrapesmayfair.co.uk/,,venue website,openstreetmap,1,+44 20 7629 4989,16 Shepherd Market,W1J 7QQ,https://www.openstreetmap.org/way/629171088
queensgardens@yeotown.com,Yeotown Paddington,Westminster,Paddington,Restaurant,https://london.yeotown.com/,welcome@yeotown.com; sussexgardens@yeotown.com; madeira@yeotown.com,venue website,openstreetmap,1,+44 20 7298 8799,,,https://www.openstreetmap.org/node/13279487994
info@yiqipanasia.co.uk,YiQi,Westminster,Covent Garden,Asian,https://yiqipanasia.co.uk,,venue website,openstreetmap,1,,14 Lisle Street,WC2H 7BE,https://www.openstreetmap.org/node/13550924144
info@zata.uk,Za'ta,Westminster,Marylebone (also St Marylebone),Restaurant,https://zata.uk/,,venue website,openstreetmap,1,,,,https://www.openstreetmap.org/node/10594929753
info@zanchi.co.uk,Zanchi,Westminster,Paddington,Asian; Korean,https://www.zanchi.co.uk/,,venue website,openstreetmap,1,+44 207 723 5555,113-115 Praed Street,W2 1RL,https://www.openstreetmap.org/way/155494930
info@zaynarestaurant.co.uk,Zayna,Westminster,Marylebone (also St Marylebone),Indian,http://www.zaynarestaurant.co.uk/,,openstreetmap,openstreetmap,1,+44 20 7723 2229,25 New Quebec Street,W1H 7SF,https://www.openstreetmap.org/node/452169201
info@zoilo.co.uk,Zoilo,Westminster,Marylebone (also St Marylebone),Restaurant,https://www.zoilo.co.uk/,orders@zoilo.co.uk,venue website,openstreetmap,1,,9 Duke Street,,https://www.openstreetmap.org/node/6299031592
info@zonzorestaurant.com,Zonzo,Westminster,Paddington,Pizza,https://zonzorestaurant.com,,openstreetmap,openstreetmap,1,+44 20 7723 9777,342 Edgware Road,W2 1EA,https://www.openstreetmap.org/way/367087931
info@sanhaolondon.com,叁號麵館 Sanhao,Westminster,Soho,Asian; Chinese,https://sanhaolondon.com/,,venue website,openstreetmap,1,,3 Gerrard Street,,https://www.openstreetmap.org/node/13462905160
office@tokyodiner.com,東京ダイナー Tokyo Diner,Westminster,Covent Garden,American; Asian; Japanese; Sushi,https://www.tokyodiner.com/,,venue website,openstreetmap,1,+44 20 7287 8777,2 Newport Place,WC2H 7JJ,https://www.openstreetmap.org/node/13550939106
