website,website_type,name,borough,area,categories,email,locations,phone,address,postcode,source,facebook,instagram,osm_url
http://arabica.coffee,own site,% ARABICA,Westminster,Covent Garden,Cafe,,1,,5 King Street,WC2E 8HN,openstreetmap,,,https://www.openstreetmap.org/node/13667021401
https://www.maslows.com/1-warwick/,"own site (found by name, postcode verified)",1 Warwick,Westminster,Soho,Restaurant,membership@maslows.com,1,,"1 WARWICK STREET, LONDON",W1B 5LR,food standards agency,,,https://ratings.food.gov.uk/business/1559410
https://www.10greekstreet.com/,own site,10 Greek Street,Westminster,Soho,Greek,info@10greekstreet.com,1,,10 Greek Street,,openstreetmap,,,https://www.openstreetmap.org/way/279322538
https://www.106bakerst.co.uk/,own site,106 Baker Street,Westminster,Marylebone (also St Marylebone),Bakery; Deli,info@kitchenatholmes.co.uk,1,,106 Baker Street,W1U 6TW,openstreetmap,,,https://www.openstreetmap.org/node/6338252684
https://108brasserie.com,own site,108 Brasserie,Westminster,Marylebone (also St Marylebone),French,,1,,108 Marylebone Lane,,openstreetmap,,,https://www.openstreetmap.org/node/6298646460
https://12hayhill.com/,"own site (found by name, postcode verified)",12 Hay Hill,Westminster,Mayfair,Restaurant,reception@12hayhill.com,1,,"12 HAY HILL, LONDON",W1J 8NR,food standards agency,,,https://ratings.food.gov.uk/business/1317137
https://123vegan.co.uk/,"own site (found by name, postcode verified)",123 Vegan,Westminster,Mayfair,Restaurant,info@123vegan.co.uk,1,,"39 BROOK STREET, WEST END, LONDON",W1K 4JE,food standards agency,,,https://ratings.food.gov.uk/business/1732196
https://www.starhotelscollezione.com/en/our-hotels/the-gore-london/dining/190-queens-gate.html,own site,190 Queen’s Gate,Westminster,Knightsbridge,Restaurant,reservations.thefranklin@starhotels.com,1,,,,openstreetmap,,,https://www.openstreetmap.org/node/6050608742
https://1947london.co.uk/,"own site (found by name, postcode verified)",1947,Westminster,Soho,Restaurant,info@1947london.co.uk,1,,4 Great Portland Street,W1W 8QJ,openstreetmap,,,https://www.openstreetmap.org/node/878029986
https://www.2veneti.com/,own site,2 Veneti,Westminster,Marylebone (also St Marylebone),Italian,info@2veneti.com,1,,10 Wigmore Street,,openstreetmap,,,https://www.openstreetmap.org/way/364348784
https://www.21-soho.com/,"own site (found by name, postcode verified)",21 Soho,Westminster,Soho,Restaurant,hello@21-soho.com,1,,"3-5 SUTTON ROW, LONDON",W1D 4NR,food standards agency,,,https://ratings.food.gov.uk/business/1361455
https://www.27oldcomptonstreet.com/,"own site (found by name, postcode verified)",27 Old Compton Street,Westminster,Soho,Italian,info@27oldcomptonstreet.com,1,+44 20 7183 5467,27 Old Compton Street,W1D 5JP,openstreetmap,,,https://www.openstreetmap.org/node/639113854
http://www.2850.co.uk/,own site,28°-50° Wine Workshop & Kitchen,Westminster,Marylebone (also St Marylebone),Restaurant,marylebone@2850.co.uk,1,,15-17 Marylebone Lane,W1U 2NE,openstreetmap,,,https://www.openstreetmap.org/way/369251666
https://31below.co.uk/,own site,31 Below,Westminster,Marylebone (also St Marylebone),Cafe,gmmarylebone@coppaclub.co.uk,1,+44 20 3912 2007,31 Marylebone High Street,,openstreetmap,,,https://www.openstreetmap.org/node/4839157847
https://34-restaurant.co.uk/,own site,34 Mayfair,Westminster,Mayfair,Steak,,1,+44 20 3350 3437,34,W1K 2HD,openstreetmap,,,https://www.openstreetmap.org/node/4512807993
https://www.dorchestercollection.com/en/london/45-park-lane,own site (Wikidata),45 Park Lane,Westminster,Mayfair,Restaurant,,1,,45 Park Lane,W1K 1PN,openstreetmap,,,https://www.openstreetmap.org/way/188428301
https://50kalo.it/ciro__salvo.php,"own site (found by name, postcode verified)",50 Kalo,Westminster,Covent Garden,Restaurant,,1,,"7 NORTHUMBERLAND AVENUE, LONDON",WC2N 5BY,food standards agency,,,https://ratings.food.gov.uk/business/414671
https://50kalo.it/,own site,50 Kalo di Ciro Salvo Pizzeria,Westminster,Covent Garden,Pizza,,1,+44 20 7930 9955,7 Northumberland Avenue,WC2N 5BY,openstreetmap,,,https://www.openstreetmap.org/node/6106646885
https://www.64oldcomptonstreet.com/,"own site (found by name, postcode verified)",64 Old Compton Street,Westminster,Soho,Restaurant,info@64oldcomptonstreet.com,1,,64 Old Compton Street,W1D 4UQ,openstreetmap,,,https://www.openstreetmap.org/way/157779538
https://67pallmall.co.uk/,own site (Wikidata),67 Pall Mall,Westminster,St James's,Restaurant,info@67pallmall.com,1,,"BASEMENT TO THIRD FLOOR 67 PALL MALL, LONDON",SW1Y 5ES,food standards agency,,,https://ratings.food.gov.uk/business/1717022
https://www.74duke.com/,own site,74 Duke,Westminster,Mayfair,Restaurant,reservations@74duke.com,1,,74 Duke Street,W1K 6JZ,openstreetmap,,,https://www.openstreetmap.org/node/462025223
https://awong.co.uk/,own site,A. Wong,Westminster,Pimlico,Asian; Chinese,info@awong.co.uk,1,+44 20 7828 8931,70-71 Wilton Road,SW1V 1DE,openstreetmap,,,https://www.openstreetmap.org/way/449059442
https://www.abasto.co.uk/,own site,Abasto,Westminster,Paddington,Deli,,1,+44 20 7262 5267,55-57 Connaught Street,W2 2BB,openstreetmap,,,https://www.openstreetmap.org/node/644694269
https://www.angussteakhouse.co.uk,own site,Aberdeen Steak House,Westminster,Paddington,Steak,info@angussteakhouse.co.uk,2,+44 20 7706 4879,163-165 Praed Street,W2 1RH,openstreetmap,,,https://www.openstreetmap.org/way/155488586
https://www.abuelocafe.co.uk/,own site,Abuelo,Westminster,Covent Garden,Cafe,coventgarden@abuelocafe.co.uk,1,,26 Southampton Street,WC2E 7RS,openstreetmap,,,https://www.openstreetmap.org/node/11222511937
https://acaiberryfoods.com/,own site,Acai Berry,Westminster,Soho,Cafe,,1,,Kingly Court,,openstreetmap,,,https://www.openstreetmap.org/node/5568368539
https://www.greeneking.co.uk/pubs/greater-london/adam-and-eve,own site,Adam & Eve,Westminster,Westminster,Pub,,1,,81 Petty France,SW1H 9EX,openstreetmap,,,https://www.openstreetmap.org/way/603491262
https://www.admiral-duncan.co.uk/soho,own site,Admiral Duncan,Westminster,Soho,Pub,,1,,54 Old Compton Street,W1D 4UB,openstreetmap,,,https://www.openstreetmap.org/way/157779526
https://www.adoh.co.uk/,"own site (found by name, postcode verified)",Adoh,Westminster,Covent Garden,Restaurant,,1,,"36 MAIDEN LANE, LONDON",WC2E 7LJ,food standards agency,,,https://ratings.food.gov.uk/business/1857242
https://www.instagram.com/aguamiel.ldn,instagram,Aguamiel,Westminster,Covent Garden,Mexican,,1,,24 Wellington Street,WC2E 7DD,openstreetmap,,aguamiel.ldn,https://www.openstreetmap.org/way/196657749
https://aiksitar.com/en,"own site (found by name, postcode verified)",Aik sitar,Westminster,Covent Garden,Restaurant,hungry@aiksitar.com,1,,"BASEMENT AND GROUND FLOOR 149 STRAND, LONDON",WC2R 1JA,food standards agency,,,https://ratings.food.gov.uk/business/1698379
https://www.aintnothinbut.co.uk/,"own site (found by name, postcode verified)",Ain't Nothin' But,Westminster,Soho,Restaurant,hello@aintnothinbut.co.uk,1,,"20 KINGLY STREET, LONDON",W1B 5PZ,food standards agency,,,https://ratings.food.gov.uk/business/412923
https://akoko.co.uk/,own site,Akoko,Westminster,Soho,Restaurant,info@akoko.co.uk,1,+44 20 7323 0593,21 Berners Street,W1T 3LP,openstreetmap,https://facebook.com/AkokoRestaurant,https://www.instagram.com/akokorestaurant/,https://www.openstreetmap.org/node/691728906
https://www.alarez.co.uk/,own site,Al Arez,Westminster,Paddington,Restaurant,info@alarez.co.uk,3,+44 20 7262 4833,101-103 Edgware Road,,openstreetmap,,,https://www.openstreetmap.org/way/351025496
https://www.albaladpaddington.co.uk/,"own site (found by name, postcode verified)",Al Balad,Westminster,Paddington,Restaurant,,1,+44 20 3538 5096,11 Edgware Road,W2 2ER,openstreetmap,,,https://www.openstreetmap.org/way/350463867
https://www.albasha.uk/,own site,Al Basha,Westminster,Belgravia,Restaurant,booking.albasha@gmail.com,1,,48 Knightsbridge,,openstreetmap,,,https://www.openstreetmap.org/node/5980616505
https://alhamrarestaurant.co.uk/,own site,Al Hamra,Westminster,Mayfair,Restaurant,mail@alhamrarestaurant.co.uk,2,,31-33,,openstreetmap,,,https://www.openstreetmap.org/node/622552061
https://www.alwaharestaurant.com/,own site,Al Waha,Westminster,Bayswater,Restaurant,,1,+44 20 7229 0806,75 Westbourne Grove,W2 4UL,openstreetmap,,,https://www.openstreetmap.org/node/1230578287
https://www.alainducasse-dorchester.com/,own site (Wikidata),Alain Ducasse at The Dorchester,Westminster,Mayfair,Restaurant,alainducassereservations@alainducasse-dorchester.com,1,,,,openstreetmap,,,https://www.openstreetmap.org/node/5909124437
https://nederlander.co.uk/aldwych,"own site (found by name, postcode verified)",Aldwych Theatre,Westminster,Covent Garden,Restaurant,aldwych.boxoffice@nederlander.co.uk,1,,"49 ALDWYCH, LONDON",WC2B 4DF,food standards agency,,,https://ratings.food.gov.uk/business/412294
https://www.facebook.com/aleppocafelondon,facebook,Aleppo Cafe & Shisha,Westminster,Little Venice,Cafe,,1,,438 Edgware Road,,openstreetmap,https://www.facebook.com/aleppocafelondon,,https://www.openstreetmap.org/node/6497089618
https://www.alibabarestaurant.co.uk/,own site,Ali Baba,Westminster,Marylebone (also St Marylebone),Restaurant,info@alibabarestaurant.co.uk,1,,32 Ivor Place,,openstreetmap,,,https://www.openstreetmap.org/node/6433467353
https://alineoflebanon.com/,own site,Aline of Lebanon,Westminster,Mayfair,Cafe,,1,+44 20 7096 2119,14 Maddox Street,,openstreetmap,,,https://www.openstreetmap.org/node/5634050678
https://www.instagram.com/allisjoycafe,instagram,All Is Joy,Westminster,Soho,Breakfast,,1,,75 Dean Street,,openstreetmap,,allisjoycafe,https://www.openstreetmap.org/node/11958124813
https://www.greeneking.co.uk/pubs/greater-london/allsop-arms,own site,Allsop Arms,Westminster,Marylebone (also St Marylebone),Pub,,1,,137 Gloucester Place,,openstreetmap,,,https://www.openstreetmap.org/way/686252742
https://alounakrestaurant.co.uk/home-westbournegrove?view=featured,own site,Alounak Express,Westminster,Bayswater,Cafe,hello@alounakrestaurant.co.uk,1,+44 20 7229 0416,44 Westbourne Grove,W2 5SH,openstreetmap,,,https://www.openstreetmap.org/way/368374524
https://alta-restaurant.com/,"own site (found by name, postcode verified)",ALTA Restaurant,Westminster,Soho,Restaurant,hello@alta-restaurant.com,1,,"UNIT G9 KINGLY COURT KINGLY COURT, LONDON",W1B 5PW,food standards agency,,,https://ratings.food.gov.uk/business/1802752
https://www.amaya.biz/,own site,Amaya Restaurant,Westminster,Belgravia,Indian,,1,+44 20 7823 1166,19 Motcomb Street,SW1X 8LB,openstreetmap,,,https://www.openstreetmap.org/node/4931014123
https://amazonicorestaurant.com/london/,own site,Amazonico,Westminster,Mayfair,Restaurant,,1,,10 Berkeley Square,W1J 6BR,openstreetmap,,,https://www.openstreetmap.org/node/7787387486
https://ambassadorsclubhouse.com/,own site,Ambassador's Clubhouse,Westminster,Soho,Indian,info@ambassadorsclubhouse.com,1,+44 20 3319 8100,25 Heddon Street,W1B 4BH,openstreetmap,Ambassadorsclubhouse,ambassadorsclubhouse,https://www.openstreetmap.org/node/12677622201
https://www.amjadia.co.uk/,own site,Amjadia,Westminster,Marylebone (also St Marylebone),Indian,info@amjadia.co.uk,1,,15 Picton Place,W1U 1BW,openstreetmap,,,https://www.openstreetmap.org/way/217965546
https://www.andrewedmunds.com/,own site,Andrew Edmunds,Westminster,Soho,Restaurant,enquiries@andrewedmunds.com,1,,46 Lexington Street,W1F 0LP,openstreetmap,,,https://www.openstreetmap.org/way/273697611
https://www.angeliqueswinehouse.com/,"own site (found by name, postcode verified)",ANGELIQUES WINE HOUSE,Westminster,Marylebone (also St Marylebone),Pub,office@angeliqueswinehouse.com,1,,"18-19 ST CHRISTOPHER'S PLACE, LONDON",W1U 1NN,food standards agency,,,https://ratings.food.gov.uk/business/1863931
https://anglothai.co.uk/,own site,Anglo Thai,Westminster,Marylebone (also St Marylebone),Asian,contact@anglothai.co.uk,1,+44203 307 8800,22-24 Seymour Place,W1H 7NL,openstreetmap,,anglothai,https://www.openstreetmap.org/node/5328197698
https://annabels.co.uk/,"own site (found by name, postcode verified)",Annabel's,Westminster,Mayfair,Restaurant,enquiries@annabels.co.uk,1,,"46 BERKELEY SQUARE, LONDON",W1J 5AT,food standards agency,,,https://ratings.food.gov.uk/business/1077597
https://www.antidotewinebar.com/,own site,Antidote,Westminster,Soho,French,contact@antidotewinebar.com,1,+44 20 7287 8488,12A Newburgh Street,W1F 7RR,openstreetmap,,,https://www.openstreetmap.org/way/272019364
http://www.aphroditerestaurant.co.uk/,own site,Aphrodite Taverna,Westminster,Bayswater,Greek,info@aphroditerestaurant.co.uk,1,+44 20 7229 2206,15 Hereford Road,W2 4AB,openstreetmap,,,https://www.openstreetmap.org/node/582761970
https://www.apricityrestaurant.com/menus,own site,Apricity,Westminster,Mayfair,Restaurant,hello@apricityrestaurant.com,1,+44 20 8017 2780,68 Duke Street,W1K 6JU,openstreetmap,,,https://www.openstreetmap.org/node/462025222
https://aquanueva.co.uk/experience,own site,Aqua Nueva,Westminster,Soho,Spanish,,1,,30 Argyll Street,,openstreetmap,,,https://www.openstreetmap.org/node/799284688
https://www.arambyimad.co.uk/,own site,Aram by Imad,Westminster,Covent Garden,Restaurant,hello@arambyimad.co.uk,1,,,,openstreetmap,,,https://www.openstreetmap.org/node/751735206
https://www.arang.co.uk/,own site,Arang,Westminster,Soho,Asian; Korean,,1,+44 20 7434 2073,9 Golden Square,,openstreetmap,,,https://www.openstreetmap.org/node/2525504945
https://www.arclesalon.com/,"own site (found by name, postcode verified)",Arc Le Salon,Westminster,Mayfair,Restaurant,,1,,"UNIT 2 1 CURZON STREET, LONDON",W1J 5HD,food standards agency,,,https://ratings.food.gov.uk/business/1287886
https://www.kingsvenues.com/Conferences-Meetings/Bush-House/Arcade,own site,Arcade Cafe,Westminster,Covent Garden,Breakfast,,1,,30 Aldwych,WC2B 4BG,openstreetmap,,,https://www.openstreetmap.org/node/10699079948
https://archerstreet.co.uk/,"own site (found by name, postcode verified)",Archer Street,Westminster,Soho,Restaurant,sohobookings@archerstreet.co.uk,1,,"BASEMENT AND GROUND FLOORS 3-4 ARCHER STREET, LONDON",W1D 7AP,food standards agency,,,https://ratings.food.gov.uk/business/413205
https://www.archetypecoffee.co.uk/about,own site,Archetype Coffee,Westminster,Fitzrovia,Breakfast,,1,,31 Riding House Street,W1W 7DY,openstreetmap,,,https://www.openstreetmap.org/node/12852876958
https://www.arlington.london/,own site,Arlington,Westminster,St James's,Restaurant,reservations@arlington.london,1,+44 20 3856 1000,20 Arlington Street,SW1A 1RJ,openstreetmap,,,https://www.openstreetmap.org/node/6821298285
https://aromebakery.co.uk/,"own site (found by name, postcode verified)",Arome Bakery,Westminster,Covent Garden,Bakery,bonjour@aromebakery.co.uk,2,,"9 MERCER STREET, LONDON",WC2H 9QJ,food standards agency,,,https://ratings.food.gov.uk/business/1296970
https://www.arrocoffee.com/,"own site (found by name, postcode verified)",Arro Coffee,Westminster,Marylebone (also St Marylebone),Restaurant,info@arrocoffee.com,3,,"67 CHILTERN STREET, LONDON",W1U 6NJ,food standards agency,,,https://ratings.food.gov.uk/business/1070784
https://www.arrosqd.com/,"own site (found by name, postcode verified)",Arros QD,Westminster,Soho,Spanish,info@arrosqd.com,1,,64 Eastcastle Street,W1W 8NQ,openstreetmap,,,https://www.openstreetmap.org/node/9886121118
https://arthursleep.com/,"own site (found by name, postcode verified)",Arthur Sleep,Westminster,Mayfair,Takeaway,hello@arthursleep.com,1,,"124 MOUNT STREET, LONDON",W1K 3NR,food standards agency,,,https://ratings.food.gov.uk/business/1828588
https://askitalian.co.uk/,chain site (same name as 7 mapped branches),ASK Italian,Westminster,Marylebone (also St Marylebone),Italian,,1,+44 20 7224 3484,56-60 Wigmore Street,W1U 2RZ,openstreetmap,,,https://www.openstreetmap.org/node/1489149869
https://www.askitalian.co.uk/italian/restaurants/london-spring-street,own site,ASK Italian,Westminster,Paddington,Italian,,1,+44 20 3302 0915,41-43 Spring Street,W2 3RA,openstreetmap,,,https://www.openstreetmap.org/way/273011064
https://www.askitalian.co.uk/italian/restaurants/london-park-street,own site,ASK Italian,Westminster,Mayfair,Italian,,1,,,,openstreetmap,,,https://www.openstreetmap.org/way/350425863
https://assaggi.co.uk/,own site,Assaggi,Westminster,Bayswater,Italian,admin@assaggi.co.uk,1,+44 20 7792 5501,39 Chepstow Place,,openstreetmap,,,https://www.openstreetmap.org/node/7104637364
https://aubaine.co.uk/locations/heddon-street/,own site,Aubaine,Westminster,Soho,French,events@aubaine.co.uk,1,,4 Heddon Street,W1B 4BS,openstreetmap,,,https://www.openstreetmap.org/node/266481949
https://www.aubaine.co.uk/,own site,Aubaine,Westminster,Bayswater,French,hydepark@aubaine.co.uk,1,+44 20 3773 3930,129 Bayswater Road,,openstreetmap,,,https://www.openstreetmap.org/node/4855558090
https://www.augustusharris.com/,own site,Augustus Harris,Westminster,Covent Garden,Restaurant,contact@augustusharris.com,1,,,WC2B 5JT,openstreetmap,,,https://www.openstreetmap.org/way/986920653
https://www.bigmammagroup.com/en/trattorias/ave-mario,own site,Ave Mario,Westminster,Covent Garden,Italian,contact@bigmammagroup.com,1,+44 20 4578 4370,15 Henrietta Street,WC2E 8QG,openstreetmap,bigmammagroup,bigmamma.uk,https://www.openstreetmap.org/node/11163348205
https://www.avenue-restaurant.co.uk/,own site,Avenue,Westminster,St James's,Restaurant,,1,+44 20 7321 2111,7-9 St James,SW1A 1EE,openstreetmap,,,https://www.openstreetmap.org/node/506308893
https://www.avobar.co.uk/,own site,Avobar,Westminster,Covent Garden,Restaurant,hello@avobar.co.uk,1,,23-24 Henrietta Street,,openstreetmap,,,https://www.openstreetmap.org/node/5943495285
https://www.avobar.co.uk/london,own site,Avobar,Westminster,Marylebone (also St Marylebone),Breakfast,hello@avobar.co.uk,1,,60 Chiltern Street,W1U 7RB,openstreetmap,,,https://www.openstreetmap.org/node/6326689591
https://babnsuul.com/,"own site (found by name, postcode verified)",Bab N Suul,Westminster,Soho,Restaurant,reservations@babnsuul.com,1,,"1 GERRARD PLACE, LONDON",W1D 5PA,food standards agency,,,https://ratings.food.gov.uk/business/1400838
https://babborestaurant.co.uk,own site,Babbo,Westminster,St John's Wood,Italian,reservations@babborestaurant.co.uk,1,,29-31 St John's Wood High Street,NW8 7NH,openstreetmap,,,https://www.openstreetmap.org/node/6535716234
http://backontrackcoffee.co.uk/,own site,Back on Track,Westminster,Marylebone (also St Marylebone),Cafe,,1,,3a Wimpole Street,,openstreetmap,,,https://www.openstreetmap.org/node/3524342342
https://www.greeneking.co.uk/pubs/greater-london/bag-o-nails,own site,Bag O Nails,Westminster,Belgravia,Pub,,1,,6 Buckingham Palace Road,SW1W 0PP,openstreetmap,,,https://www.openstreetmap.org/way/538990064
https://www.bagelfactory.co.uk/locations,own site,Bagel Factory,Westminster,Paddington,Bagels; Bakery,eat@bagelfactory.co.uk,1,+44 20 7706 1711,175 Praed Street,W2 1RH,openstreetmap,,,https://www.openstreetmap.org/node/2273789386
https://www.bageriet.co.uk/,own site,Bageriet,Westminster,Covent Garden,Bakery,info@bageriet.co.uk,1,+44 20 7240 0000,24 Rose Street,WC2E 9EA,openstreetmap,,,https://www.openstreetmap.org/way/565171601
https://balansrestaurant.com/,"own site (found by name, postcode verified)",Balans Restaurant,Westminster,Soho,Restaurant,,1,,"GROUND FLOOR 60-62 OLD COMPTON STREET, LONDON",W1D 4UG,food standards agency,,,https://ratings.food.gov.uk/business/412539
https://www.balans.co.uk,own site,Balans Soho Society,Westminster,Soho,Restaurant,balansno60@balans.co.uk,2,,60-62 Old Compton Street,,openstreetmap,,,https://www.openstreetmap.org/node/5460436160
https://balthazarlondon.com/,own site,Balthazar London,Westminster,Covent Garden,French,,1,+44 20 3301 1155,4-6 Russell Street,WC2B 5HZ,openstreetmap,,,https://www.openstreetmap.org/way/257262442
https://bananatree.co.uk/restaurants/westbourne-grove/,own site,Banana Tree,Westminster,Bayswater,Asian,bath@bananatree.co.uk,1,,21-23 Westbourne Grove,W2 4UA,openstreetmap,,,https://www.openstreetmap.org/node/3547298142
https://bananatree.co.uk/restaurants/soho/,own site,Banana Tree,Westminster,Soho,Asian,soho@bananatree.co.uk,1,+44 20 7437 1351,103-109 Wardour Street,W1F 0UG,openstreetmap,,,https://www.openstreetmap.org/node/3753629930
https://bananatree.co.uk/restaurants/covent-garden/,own site,Banana Tree,Westminster,Covent Garden,Asian,coventgarden@bananatree.co.uk,1,,34 Wellington Street,WC2E 7BD,openstreetmap,,,https://www.openstreetmap.org/way/196657743
https://bananatree.co.uk/restaurants/maida-vale/,own site,Banana Tree,Westminster,Maida Vale,Restaurant,maidavale@bananatree.co.uk,1,,166 Randolph Avenue,,openstreetmap,,,https://www.openstreetmap.org/way/708829139
https://www.banhmibay.co.uk/,own site,Banh Mi Bay,Westminster,Soho,Asian,hello@banhmibay.co.uk,1,+44 20 3609 4830,21 Rathbone Street,W1T 1NF,openstreetmap,,,https://www.openstreetmap.org/node/6089646650
https://www.individualrestaurants.com/,own site,Bank Restaurant & Bar,Westminster,Westminster,Restaurant,westminster.reservations@bankrestaurants.com,1,+44 20 7630 6644,45 Buckingham Gate,SW1E 6BS,openstreetmap,,,https://www.openstreetmap.org/node/169368767
https://baolondon.com/restaurant/bao-soho/,own site,Bao,Westminster,Soho,Chinese,info@baolondon.com,1,,53 Lexington Street,W1F 9AS,openstreetmap,,,https://www.openstreetmap.org/node/13577345322
https://baospot.co.uk/,"own site (found by name, postcode verified)",Bao Spot,Westminster,Covent Garden,Restaurant,,1,,"GROUND FLOOR 4-8 NEWPORT PLACE, LONDON",WC2H 7JP,food standards agency,,,https://ratings.food.gov.uk/business/1666276
https://www.crispinlondon.com/bar-crispin,"own site (found by name, postcode verified)",Bar Crispin,Westminster,Soho,Restaurant,info@crispinlondon.com,1,,19 Kingly Street,W1B 5PY,openstreetmap,,,https://www.openstreetmap.org/way/273610374
https://bardespres.com/,"own site (found by name, postcode verified)",Bar des Pres,Westminster,Mayfair,Restaurant,reservations@bardespres.com,1,,"41A SOUTH AUDLEY STREET, LONDON",W1K 2PS,food standards agency,,,https://ratings.food.gov.uk/business/1946262
https://barfinch.com/,"own site (found by name, postcode verified)",Bar Finch,Westminster,Mayfair,Restaurant,hello@barfinch.com,1,,"31 CORK STREET, LONDON",W1S 3NQ,food standards agency,,,https://ratings.food.gov.uk/business/1918164
https://www.barsoho.co.uk/london-bar,own site (Wikidata),Bar Soho,Westminster,Soho,Restaurant,,1,,"23-25 OLD COMPTON STREET, LONDON",W1D 5JL,food standards agency,,,https://ratings.food.gov.uk/business/412519
https://bar-termini-soho.com/,"own site (found by name, postcode verified)",Bar Termini,Westminster,Soho,Restaurant,,1,,"7 OLD COMPTON STREET, LONDON",W1D 5JE,food standards agency,,,https://ratings.food.gov.uk/business/741321
https://www.bardostjames.com,own site,Bardo St James's,Westminster,St James's,Italian; Pizza,reservations@bardostjames.com,1,+44 20 3828 2487,4 Suffolk Place,SW1Y 4HX,openstreetmap,,,https://www.openstreetmap.org/node/10869494217
https://www.barrafina.co.uk/restaurants/adelaide-street,own site,Barrafina,Westminster,Covent Garden,Spanish,info@barrafina.co.uk,1,,10 Adelaide Street,WC2N 4HZ,openstreetmap,,,https://www.openstreetmap.org/node/595696911
https://www.barrafina.co.uk/restaurants/dean-street,own site,Barrafina,Westminster,Soho,Spanish,info@barrafina.co.uk,1,,26-27 Dean Street,,openstreetmap,,,https://www.openstreetmap.org/node/4693652989
https://www.bastalondon.com/,own site,Basta,Westminster,Mayfair,Restaurant,,1,,12 North Row,W1K 7DF,openstreetmap,,,https://www.openstreetmap.org/node/472663717
https://bayley-sage.co.uk/stores/marylebone/,own site,Bayley & Sage,Westminster,Marylebone (also St Marylebone),Deli,marylebone@bayley-sage.co.uk,1,+44 207 9522 269,33-34 Marylebone High Street,W1U 4QD,openstreetmap,,,https://www.openstreetmap.org/node/4839157842
https://www.bbarlondon.com/,own site,Bbar,Westminster,Belgravia,Pub,admin@bbarlondon.com,1,,43 Buckingham Palace Road,SW1W 0PP,openstreetmap,,,https://www.openstreetmap.org/node/295905009
http://www.beastrestaurant.co.uk/,own site,Beast,Westminster,Mayfair,Restaurant,reservations@beastrestaurant.com,1,,3 Chapel Place,,openstreetmap,,,https://www.openstreetmap.org/node/3880049602
https://www.beastrestaurant.com/,"own site (found by name, postcode verified)",Beast Restaurant,Westminster,Mayfair,Restaurant,reservations@beastrestaurant.com,1,,"3 CHAPEL PLACE, LONDON",W1G 0BG,food standards agency,,,https://ratings.food.gov.uk/business/772751
https://beasybar.co.uk,own site,BEASY,Westminster,Soho,Restaurant,,1,+44 7930 008464,58 Greek Street,W1D 3DY,openstreetmap,,,https://www.openstreetmap.org/node/13571511985
https://bebebob.com/,own site,Bebe Bob,Westminster,Soho,Restaurant,reservations@bebebob.com,2,,37 Golden Square,,openstreetmap,https://www.facebook.com/bobbobricard.city/,https://www.instagram.com/bobbobricard,https://www.openstreetmap.org/node/12162371855
https://bechsteinhall.com/,"own site (found by name, postcode verified)",Bechstein Hall,Westminster,Marylebone (also St Marylebone),Restaurant,info@bechsteinhall.com,1,,"22 WIGMORE STREET, LONDON",W1U 2RH,food standards agency,,,https://ratings.food.gov.uk/business/1753472
https://beirutcafe.co.uk/,own site,Beirut Cafe,Westminster,Paddington,Halal,,1,+44 20 7041 9828,117-119 Edgware Road,,openstreetmap,,,https://www.openstreetmap.org/way/351025498
http://beiteddineexpressmayfair.co.uk/,own site,Beiteddine Express,Westminster,Mayfair,Restaurant,,1,,19 Clarges Street,W1J 8AG,openstreetmap,,,https://www.openstreetmap.org/node/1115390600
https://belgraverestaurant.com/,own site,Belgrave,Westminster,St John's Wood,Restaurant,info@belgraverestaurant.com,1,+44 20 7624 4242,1 Belgrave Gardens,,openstreetmap,https://www.facebook.com/BelgraveRestaurant,,https://www.openstreetmap.org/node/6629510928
https://www.bellaitalia.co.uk/restaurants/london/queensway-55,own site,Bella Italia,Westminster,Bayswater,Italian,queensway55@bellaitalia.co.uk,1,+44 20 7792 2880,55 Queensway,W2 4QH,openstreetmap,,,https://www.openstreetmap.org/node/281426069
https://www.bellaitalia.co.uk/restaurants/london/queensway-110,own site,Bella Italia,Westminster,Bayswater,Italian,queensway108@bellaitalia.co.uk,1,+44 20 7229 2439,108-110 Queensway,,openstreetmap,,,https://www.openstreetmap.org/node/534651597
https://www.bellaitalia.co.uk/restaurants/london/cranbourn-street,own site,Bella Italia,Westminster,Covent Garden,Italian,cranbournst@bellaitalia.co.uk,1,,,,openstreetmap,,,https://www.openstreetmap.org/node/4736199921
https://www.bellaitalia.co.uk/restaurants/london/the-strand,own site,Bella Italia,Westminster,Covent Garden,Italian,strand@bellaitalia.co.uk,1,+44 20 7839 6005,65-72 Strand,WC2N 5LR,openstreetmap,,,https://www.openstreetmap.org/way/72140289
https://www.bellaitalia.co.uk/restaurants/london/wellington-street,own site,Bella Italia,Westminster,Covent Garden,Italian,wellingtonst@bellaitalia.co.uk,1,,28 Wellington Street,WC2E 7PS,openstreetmap,,,https://www.openstreetmap.org/way/99952300
https://www.bellaitalia.co.uk/restaurants/london/paddington,own site,Bella Italia,Westminster,Paddington,Italian,paddington@bellaitalia.co.uk,1,,16 London Street,W2 1HL,openstreetmap,,,https://www.openstreetmap.org/way/155488595
https://www.bellaitalia.co.uk/restaurants/london/st-martins-lane,own site,Bella Italia,Westminster,Covent Garden,Italian,stmartins@bellaitalia.co.uk,1,,70 St Martin's Lane,WC2N 4JS,openstreetmap,,,https://www.openstreetmap.org/way/566157055
https://www.bellaitalia.co.uk/restaurants/london/shaftesbury-avenue,own site,Bella Italia,Westminster,Soho,Italian,shaftesburyave@bellaitalia.co.uk,1,,61-63 Shaftesbury Avenue,W1D 6LQ,openstreetmap,,,https://www.openstreetmap.org/way/993516047
https://www.bellaitalia.co.uk/restaurants/london/irving-street,own site,Bella Italia,Westminster,Covent Garden,Italian,irvingst@bellaitalia.co.uk,1,,10 Irving Street,WC2H 7AT,openstreetmap,,,https://www.openstreetmap.org/way/995954604
https://www.bellamysrestaurant.co.uk/,own site,Bellamy's,Westminster,Mayfair,French,info@bellamysrestaurant.co.uk,1,+44 20 7491 2727,18 Bruton Place,W1J 6LY,openstreetmap,,,https://www.openstreetmap.org/way/605454270
https://www.benaresrestaurant.com/,own site,Benares,Westminster,Mayfair,Restaurant,,1,+44 20 7629 8886,12a Berkeley Square,,openstreetmap,,,https://www.openstreetmap.org/way/211547727
http://www.benihana.co.uk/,own site,Benihana,Westminster,St James's,Asian; Japanese; Steak,bookings.chelsea@benihana.co.uk,1,+44 20 7494 2525,37 Sackville Street,,openstreetmap,,,https://www.openstreetmap.org/node/4677347890
https://www.bentleys.org/,own site,Bentley's,Westminster,Soho,Seafood,reservations@bentleys.org,1,,,W1B 4DG,openstreetmap,,,https://www.openstreetmap.org/way/290306916
https://www.berberepizzeria.co.uk/,"own site (found by name, postcode verified)",Berbere Pizzeria,Westminster,Marylebone (also St Marylebone),Pizza,,1,,"50 JAMES STREET, MARYLEBONE, LONDON",W1U 1HB,food standards agency,,,https://ratings.food.gov.uk/business/1843272
https://www.berberepizzeria.co.uk/marylebone,own site,Berberè Pizzeria,Westminster,Marylebone (also St Marylebone),Italian; Pizza,,1,,50 James Street,,openstreetmap,,,https://www.openstreetmap.org/node/13352938903
https://bernardis.co.uk/,own site,Bernardi's,Westminster,Marylebone (also St Marylebone),Italian,,1,,62 Seymour Street,W1H 5BN,openstreetmap,,,https://www.openstreetmap.org/node/4054930315
https://letsgotobibis.co.uk/,own site,Bibi's,Westminster,Soho,Cafe,info@letsgotobibis.co.uk,2,,14/14A Golden Square,W1F 9JG,openstreetmap,,,https://www.openstreetmap.org/node/594876703
https://bibimbapsoho.co.uk/,own site,BiBimBap,Westminster,Soho,Asian; Korean,,1,,11 Greek Street,,openstreetmap,,https://www.instagram.com/bibimbapsoho,https://www.openstreetmap.org/node/13154403847
https://www.bigkidicecream.com/,"own site (found by name, postcode verified)",Big Kid Ice Cream,Westminster,Soho,Ice cream,,1,,"1 KINGLY STREET, LONDON",W1B 5PA,food standards agency,,,https://ratings.food.gov.uk/business/1728391
https://bills-website.co.uk/restaurants/baker-street,own site,Bill's,Westminster,Marylebone (also St Marylebone),Restaurant,,1,,119-121 Baker Street,,openstreetmap,,,https://www.openstreetmap.org/node/6346469487
https://bills-website.co.uk/restaurants/victoria,own site,Bill's,Westminster,Belgravia,Restaurant,,1,+44 20 4512 6668,Cathedral Walk,SW1E 5JL,openstreetmap,,,https://www.openstreetmap.org/node/9283422268
https://www.bistro1.co.uk/,own site,Bistro1,Westminster,Soho,French,b1@bistro1.co.uk,1,,27 Frith Street,W1D 5LE,openstreetmap,,,https://www.openstreetmap.org/node/13968960250
http://www.bizzarro.co.uk/,own site,Bizzaro,Westminster,Paddington,Italian,info@bizzarro.co.uk,1,+44 20 7723 6029,18-22 Craven Road,W2 3BP,openstreetmap,,,https://www.openstreetmap.org/way/344137349
https://www.theblackhorselondon.com,own site,Black Horse,Westminster,Soho,Pub,,1,+44 20 3582 4137,6 Rathbone Place,W1T 1HL,openstreetmap,,,https://www.openstreetmap.org/way/244772119
https://www.blackroe.com/,own site,Black Roe,Westminster,Mayfair,Seafood,,1,+44 20 3794 8448,Mill Street,,openstreetmap,,,https://www.openstreetmap.org/node/5643033214
https://blacksheepcoffee.co.uk/blogs/locations/strand,own site,Black Sheep Coffee,Westminster,Covent Garden,Breakfast,l.blakey@blacksheepcoffee.co.uk,1,,425,WC2R 0QE,openstreetmap,,,https://www.openstreetmap.org/node/2536636334
https://blacksheepcoffee.co.uk/blogs/locations/elizabeth-street,own site,Black Sheep Coffee,Westminster,Belgravia,Breakfast,l.blakey@blacksheepcoffee.co.uk,1,,6-9 Elizabeth Street,SW1W 9RB,openstreetmap,,,https://www.openstreetmap.org/node/3223507049
https://blacksheepcoffee.co.uk/blogs/locations/victoria-station,own site,Black Sheep Coffee,Westminster,Belgravia,Breakfast,l.blakey@blacksheepcoffee.co.uk,1,,189 Victoria Street,,openstreetmap,,,https://www.openstreetmap.org/node/3631210990
https://blacksheepcoffee.co.uk/blogs/locations/great-portland-street,own site,Black Sheep Coffee,Westminster,Fitzrovia,Breakfast,l.blakey@blacksheepcoffee.co.uk,1,,Euston Road,W1W 5PW,openstreetmap,,,https://www.openstreetmap.org/node/4270686796
https://blacksheepcoffee.co.uk/blogs/locations/paddington,own site,Black Sheep Coffee,Westminster,Little Venice,Breakfast,l.blakey@blacksheepcoffee.co.uk,1,,,,openstreetmap,,,https://www.openstreetmap.org/node/6854798507
https://theblacklock.com/,own site,Blacklock,Westminster,Soho,Steak,reservations@theblacklock.com,3,,24 Great Windmill Street,W1D 7LG,openstreetmap,,,https://www.openstreetmap.org/node/4302224814
https://blanchettesoho.co.uk/,"own site (found by name, postcode verified)",Blanchette,Westminster,Soho,Restaurant,info@blanchettesoho.co.uk,1,,9 D'Arblay Street,W1F 8DR,openstreetmap,,,https://www.openstreetmap.org/way/477053976
https://blandford-comptoir.co.uk/,own site,Blandford Comptoir,Westminster,Marylebone (also St Marylebone),Restaurant,,1,,1 Blandford Street,W1U 3DA,openstreetmap,,,https://www.openstreetmap.org/way/350328176
https://www.bleecker.co.uk/locations/baker-street/,own site,Bleecker,Westminster,Marylebone (also St Marylebone),Burger; Halal,hello@bleecker.co.uk,1,,195 Baker Street,NW1 6UY,openstreetmap,,,https://www.openstreetmap.org/node/6424675171
https://blueboarlondon.com/,own site,Blue Boar,Westminster,Westminster,Steak,reservations@blueboarlondon.com,1,,41-47 Tothill Street,,openstreetmap,,,https://www.openstreetmap.org/way/674563178
https://www.greeneking.co.uk/pubs/greater-london/blue-posts-st-james-s,own site,Blue Posts,Westminster,St James's,Pub,,1,,6 Bennet Street,SW1A 1RP,openstreetmap,,,https://www.openstreetmap.org/way/418075242
http://www.bobbobricard.com/,own site (Wikidata),Bob Bob Ricard,Westminster,Soho,Restaurant,soho.reservations@bobbobricard.com,1,,,,openstreetmap,,,https://www.openstreetmap.org/node/3058771058
https://bobabot.co.uk/,"own site (found by name, postcode verified)",Bobabot,Westminster,Marylebone (also St Marylebone),Takeaway,hello@bobabot.co.uk,1,,"BAKER STREET STATION MARYLEBONE ROAD, LONDON",NW1 5LA,food standards agency,,,https://ratings.food.gov.uk/business/1843263
https://www.boccadilupo.com/,own site,Bocca Di Lupo,Westminster,Soho,Italian,info@boccadilupo.com,1,,12 Archer Street,,openstreetmap,,,https://www.openstreetmap.org/way/570606952
http://www.bocconcinorestaurant.co.uk/,own site,Bocconcino,Westminster,Mayfair,Italian,,1,,19 Berkeley Street,W1J 8ED,openstreetmap,,,https://www.openstreetmap.org/way/339627256
https://bocconcinorestaurant.co.uk/mayfair,own site,Bocconcino Mayfair,Westminster,Mayfair,Italian,reservations@bocconcinorestaurant.co.uk,1,+44 20 7499 4510,Berkeley Street,W1J 8ED,openstreetmap,,bocconcinolondon,https://www.openstreetmap.org/node/12644933201
https://bodeansbbq.com/,own site,Bodean's,Westminster,Soho,BBQ,,1,+44 20 7287 7575,10 Poland Street,W1F 8PZ,openstreetmap,,,https://www.openstreetmap.org/way/477598206
https://www.bombaybustle.com/,own site,Bombay Bustle,Westminster,Mayfair,Indian,info@bombaybustle.com,1,+44 20 7290 4470,29 Maddox Street,,openstreetmap,,,https://www.openstreetmap.org/node/5636440979
https://www.bombay-palace.co.uk/,own site,Bombay Palace,Westminster,Paddington,Indian,info@bombay-palace.co.uk,1,+44 20 7723 8855,50 Connaught Street,W2 2AA,openstreetmap,,,https://www.openstreetmap.org/node/5046858993
https://www.bombayspicew1.co.uk/,own site,Bombay Spice,Westminster,Marylebone (also St Marylebone),Indian,,1,,50 Paddington Street,W1U 4HP,openstreetmap,,,https://www.openstreetmap.org/way/148871597
https://bombolone.co.uk/,own site,Bombolone Doughnuts,Westminster,St James's,Donuts,,1,,21 Whitcomb Street,,openstreetmap,,,https://www.openstreetmap.org/node/13544295901
https://www.bonbao.co.uk/,"own site (found by name, postcode verified)",BON BAO,Westminster,Soho,Restaurant,hello@bonbao.co.uk,1,,"RUPERT HOUSE 4 TISBURY COURT, LONDON",W1D 6BG,food standards agency,,,https://ratings.food.gov.uk/business/1976080
https://www.stonegatepubs.com/locations/craft-pubs/bondslondon,own site,Bonds,Westminster,Mayfair,Pub,,1,+44 20 7629 0531,11-16 Dering Street,W1S 1AR,openstreetmap,,,https://www.openstreetmap.org/way/249211261
https://bonedaddies.com/location/leicester-square/,own site,Bone Daddies,Westminster,Covent Garden,Asian; Japanese,hello@bonedaddies.com,1,,35 Cranbourn Street,WC2H 7AD,openstreetmap,,,https://www.openstreetmap.org/node/12712976283
https://www.bonedaddies.com/restaurant/shackfuyu/,own site,Bone Daddies,Westminster,Soho,Asian; Japanese,shackfuyu@bonedaddies.com,1,+44 20 7734 7492,14a Old Compton Street,W1D 4TH,openstreetmap,,,https://www.openstreetmap.org/way/157771346
https://www.bonheurbymattabe.com/,"own site (found by name, postcode verified)",Bonheur by Matt Abe,Westminster,Mayfair,Restaurant,info@bonheurbymattabe.com,1,,43 Upper Brook Street,W1K 7QR,openstreetmap,,,https://www.openstreetmap.org/node/1342105552
https://www.bonnebouche.co.uk/,own site,Bonne Bouche,Westminster,Paddington,Bakery,hello@bonnebouche.co.uk,2,,131 Praed Street,W2 1RL,openstreetmap,,,https://www.openstreetmap.org/way/155494889
https://borough22.com/,own site,Borough 22,Westminster,Marylebone (also St Marylebone),Bakery,,1,,400 Oxford Street,W1A 1AB,openstreetmap,,borough22doughnuts,https://www.openstreetmap.org/node/13344099401
https://botwa.co.uk/,own site,Botwa restaurant Notting Hill,Westminster,Bayswater,Asian,info@botwa.co.uk,1,+447709190000,115 Westbourne Grove,W2 4UP,openstreetmap,,botwa.nottinghill,https://www.openstreetmap.org/node/13005551001
https://boulestin.com/,own site,Boulestin,Westminster,St James's,French,,1,,St. James's Street,SW1A 1EF,openstreetmap,,,https://www.openstreetmap.org/way/276075214
https://www.boulevardbrasserie.co.uk/,"own site (found by name, postcode verified)",Boulevard Brasserie,Westminster,Covent Garden,French,bookings@boulevardbrasserie.co.uk,1,+44 20 7240 2992,40 Wellington Street,WC2E 7BD,openstreetmap,,,https://www.openstreetmap.org/way/196657741
https://www.bowstreettavern.com/,"own site (found by name, postcode verified)",Bow Street Tavern,Westminster,Covent Garden,Pub,,1,,37 Bow Street,WC2E 7AU,openstreetmap,,,https://www.openstreetmap.org/way/986906891
https://boxcar.co.uk/butcher-grill/,own site,Boxcar,Westminster,Marylebone (also St Marylebone),Steak,,1,+44 20 7723 1973,23 New Quebec Street,W1H 7SD,openstreetmap,,,https://www.openstreetmap.org/node/2312186663
https://boxcar.co.uk/,own site,Boxcar,Westminster,Marylebone (also St Marylebone),Cafe,,1,,7a Wyndham Place,,openstreetmap,,,https://www.openstreetmap.org/node/6364043872
https://www.bradleysspanishbar.com/,own site,Bradley's Spanish Bar,Westminster,Soho,Pub; Spanish,,1,+44 20 7636 0359,42-44 Hanway Street,,openstreetmap,,,https://www.openstreetmap.org/node/385564475
https://brasserie-of-light.co.uk/,"own site (found by name, postcode verified)",Brasserie Of Light,Westminster,Mayfair,French,,1,,"SELFRIDGES 400 OXFORD STREET, LONDON",W1A 1AB,food standards agency,,,https://ratings.food.gov.uk/business/1079742
https://www.brasseriezedel.com/brasserie-zedel,own site,Brasserie Zedel,Westminster,Soho,French,reservations@brasseriezedel.com,1,+44 20 7734 4888,20 Sherwood Street,W1F 7ED,openstreetmap,,,https://www.openstreetmap.org/node/2905800601
https://drink.brewdog.com/uk/paddington,own site,Brewdog Paddington,Westminster,Paddington,Pub,bookings@brewdog.com,1,,Unit 1 West End Quay,W2 1JX,openstreetmap,,,https://www.openstreetmap.org/node/2492718707
https://www.greeneking.co.uk/pubs/greater-london/brewmaster,own site,Brewmaster,Westminster,Covent Garden,Pub,,1,,37 Cranbourn Street,WC2H 7AD,openstreetmap,,,https://www.openstreetmap.org/node/691632516
https://briccoebacco.co.uk,own site,Bricco e Bacco,Westminster,Soho,Italian,,1,,11 Charlotte Street,W1T 1RQ,openstreetmap,,,https://www.openstreetmap.org/node/10247412500
https://briciole.co.uk/,own site,Briciole,Westminster,Paddington,Italian,info@briciole.co.uk,1,,20 Homer Street,,openstreetmap,,,https://www.openstreetmap.org/node/2506478282
https://brightcourtyard.co.uk/,"own site (found by name, postcode verified)",Bright Courtyard,Westminster,Marylebone (also St Marylebone),Restaurant,reservations@brightcourtyard.co.uk,1,,"UNIT 43 TO 45 GROUND FLOOR 55 BAKER STREET, LONDON",W1U 8EW,food standards agency,,,https://ratings.food.gov.uk/business/1206495
https://www.bafta.org,own site,British Academy of Film and Television Arts,Westminster,St James's,Restaurant,,1,,195 Piccadilly,,openstreetmap,,,https://www.openstreetmap.org/way/290150371
https://brityard.com/,"own site (found by name, postcode verified)",Brityard,Westminster,Soho,Restaurant,contact@brityard.com,1,,"310-312 REGENT STREET, LONDON",W1B 3AU,food standards agency,,,https://ratings.food.gov.uk/business/1834575
https://www.browns-restaurants.co.uk/restaurants/london/covent-garden,own site,Browns,Westminster,Covent Garden,Restaurant,,1,,82-84 St Martin's Lane,WC2N 4AG,openstreetmap,,,https://www.openstreetmap.org/way/146481554
https://www.browns-restaurants.co.uk/restaurants/london/mayfair,own site,Browns,Westminster,Mayfair,Restaurant,,1,,47 Maddox Street,W1S 2PG,openstreetmap,,,https://www.openstreetmap.org/way/249211262
http://www.hahaonline.co.uk/victoria/,own site,Browns Victoria,Westminster,Belgravia,Restaurant,,1,,2 Cardinal Walk,SW1E 5AG,openstreetmap,,,https://www.openstreetmap.org/node/1230966452
https://www.brutesofmayfair.com/,"own site (found by name, postcode verified)",Brutes of Mayfair,Westminster,Mayfair,Pub,info@brutesofmayfair.com,1,,"34 BRUTON PLACE, LONDON",W1J 6NR,food standards agency,,,https://ratings.food.gov.uk/business/1912120
https://www.brydgesplace.com/,"own site (found by name, postcode verified)",Brydges Place,Westminster,Covent Garden,Restaurant,info@brydgesplace.com,1,,"2 BRYDGES PLACE, LONDON",WC2N 4HP,food standards agency,,,https://ratings.food.gov.uk/business/414393
https://www.bubblewraplondon.com/,"own site (found by name, postcode verified)",Bubblewrap,Westminster,Soho,Restaurant,,1,,"GROUND FLOOR 24 WARDOUR STREET, LONDON",W1D 6QJ,food standards agency,,,https://ratings.food.gov.uk/business/946313
https://www.bubblewrapwaffle.com/,own site,Bubblewrap Waffle,Westminster,Soho,Ice cream,info@bubblewrapwaffle.com,1,,24 Wardour Street,W1D 6QJ,openstreetmap,,,https://www.openstreetmap.org/node/4846261123
https://bucketrestaurant.com/,own site,Bucket,Westminster,Bayswater,Seafood,,1,+44 20 3146 1156,107 Westbourne Grove,,openstreetmap,,,https://www.openstreetmap.org/node/7099248702
https://www.burgerandlobster.com/locations/london/oxford-circus/,own site,Burger & Lobster,Westminster,Soho,Burger; Seafood,events@burgerandlobster.com,1,+44 20 7907 7760,6 Little Portland Street,W1W 7JE,openstreetmap,,,https://www.openstreetmap.org/node/3358823510
https://www.burgerandlobster.com/en/location/leicestersquare,own site,Burger & Lobster,Westminster,Soho,Burger; Seafood,events@burgerandlobster.com,1,+44 20 3205 8963,10 Wardour Street,W1D 6QF,openstreetmap,,,https://www.openstreetmap.org/node/4590646389
https://locations.burgerking.co.uk/london-west-end/17-21-leicester-square,own site,Burger King,Westminster,Covent Garden,Burger,,1,,17-19 Cranbourn Street,WC2H 7LE,openstreetmap,,,https://www.openstreetmap.org/node/348814674
https://locations.burgerking.co.uk/london/70-72-queensway,own site,Burger King,Westminster,Bayswater,Burger,,1,,70-72 Queensway,W2 3RL,openstreetmap,,,https://www.openstreetmap.org/node/534670326
https://locations.burgerking.co.uk/london/paddington-rail-station,own site,Burger King,Westminster,Paddington,Burger,,1,,,W2 1RH,openstreetmap,,,https://www.openstreetmap.org/node/567822702
https://locations.burgerking.co.uk/london/platform-6-7-victoria-rail-station,own site,Burger King,Westminster,Belgravia,Burger,,1,,,SW1V 1JT,openstreetmap,,,https://www.openstreetmap.org/node/2499492718
https://locations.burgerking.co.uk/london/1a-1b-tottenham-court-road,own site,Burger King,Westminster,Soho,Burger,,1,+44 20 7323 6744,"1A,1B Tottenham Court Road",W1T 1BA,openstreetmap,,,https://www.openstreetmap.org/node/3357923692
https://locations.burgerking.co.uk/london/marylebone-station-melcombe-place,own site,Burger King,Westminster,Marylebone (also St Marylebone),Burger,,1,,Melcombe Place,NW1 6JJ,openstreetmap,,,https://www.openstreetmap.org/node/4628761928
https://locations.burgerking.co.uk/london/60-64-strand,own site,Burger King,Westminster,Covent Garden,Burger,,1,+44 20 8947 1486,60-64 Strand,WC2N 5LR,openstreetmap,,,https://www.openstreetmap.org/way/68808006
https://burgeri.co.uk/,own site,Burgeri,Westminster,Soho,Burger,,1,,22 Great Marlborough Street,W1F 7HU,openstreetmap,,,https://www.openstreetmap.org/way/272006361
https://bursarestaurant.co.uk/,"own site (found by name, postcode verified)",Bursa Restaurant,Westminster,Paddington,Restaurant,bursa.restaurant.info@gmail.com,1,,"1 CONNAUGHT STREET, LONDON",W2 2BH,food standards agency,,,https://ratings.food.gov.uk/business/1576234
https://www.busaba.com/locations/busaba-covent-garden,own site,Busaba,Westminster,Covent Garden,Asian,,1,+44 20 7759 0088,44 Floral Street,WC2E 9DA,openstreetmap,,,https://www.openstreetmap.org/way/123318579
http://busaba.com/locations/birdstreet/,own site,Busaba,Westminster,Mayfair,Asian,,1,+44 20 7518 8080,8-13 Bird Street,W1U 1BU,openstreetmap,,,https://www.openstreetmap.org/way/208557905
https://www.byronhamburgers.com,own site,Byron,Westminster,Covent Garden,Burger,info@byronhamburgers.com,1,,33-35 Wellington Street,WC2E 7BN,openstreetmap,,,https://www.openstreetmap.org/node/351771443
https://www.berut.co.uk/,own site,Bĕrūt Bistro,Westminster,Marylebone (also St Marylebone),French,info@berut.co.uk,1,+44 20 3457 6243,32 Paddington Street,W1U 4HE,openstreetmap,,,https://www.openstreetmap.org/node/6339009273
http://www.crestaurant.co.uk/,own site,C London,Westminster,Mayfair,Italian,,1,,,,openstreetmap,,,https://www.openstreetmap.org/node/5409893122
https://www.stmartin-in-the-fields.org/cafe-in-the-crypt/,own site,Cafe in the Crypt,Westminster,Covent Garden,Cafe,,1,,,,openstreetmap,,,https://www.openstreetmap.org/node/11982082826
https://www.cafelaville.co.uk,own site,Cafe Laville,Westminster,Little Venice,Restaurant,cafelaville.fr@gmail.com,1,+44 20 7706 2620,453 Edgware Road,W2 1TH,openstreetmap,,,https://www.openstreetmap.org/way/1089919603
https://www.cafemurano.co.uk/restaurants/marylebone/,own site,Cafe Murano,Westminster,Marylebone (also St Marylebone),Italian,marylebone@cafemurano.co.uk,1,+44 20 3848 9428,52-55 Dorset Street,W1U 7NQ,openstreetmap,,,https://www.openstreetmap.org/node/6326648144
https://www.nespresso.com/uk/,own site,Cafe Nespresso,Westminster,Soho,Cafe,,1,+44 800 442 442,32 Broadwick Street,,openstreetmap,,,https://www.openstreetmap.org/node/5536994661
https://www.cafe-pacifico.com,own site,Cafe Pacifico,Westminster,Covent Garden,Mexican,info@cafe-pacifico.com,1,,5 Langley Street,WC2H 9JA,openstreetmap,,,https://www.openstreetmap.org/node/659039058
https://www.cafepetiole.co.uk/,"own site (found by name, postcode verified)",Cafe Petiole,Westminster,Covent Garden,Restaurant,team@cafepetiole.co.uk,1,,"GROUND FLOOR PART SOUTH WING SOMERSET HOUSE STRAND, LONDON",WC2R 1LA,food standards agency,,,https://ratings.food.gov.uk/business/1724885
https://www.cafevins.com/,own site,Cafe Vins,Westminster,Soho,Cafe,soho@cafevins.com,1,,1 Marlborough Court,W1F 7RU,openstreetmap,,,https://www.openstreetmap.org/way/272299395
https://www.caldesi.com/,own site,Caffe Caldesi,Westminster,Marylebone (also St Marylebone),Italian,office@caldesi.com,1,+44 20 7487 0753,118 Marylebone Lane,W1U 2QF,openstreetmap,,,https://www.openstreetmap.org/way/249219836
https://www.caffeinmayfair.co.uk/,"own site (found by name, phone verified)",Caffe In,Westminster,Mayfair,Cafe,caffeinmayfair@gmail.com,1,+44 20 7493 6400,3 Shepherd Street,,openstreetmap,,,https://www.openstreetmap.org/node/5938937293
http://www.cafferei.com/,own site,Caffe Rei,Westminster,Mayfair,Takeaway,,1,+44 20 3441 5505,3 Hay Hill,,openstreetmap,,,https://www.openstreetmap.org/way/289941751
https://www.caffeconcerto.co.uk/restaurant/shaftesbury-avenue.html,own site,Caffè Concerto,Westminster,Soho,Italian,reservations@caffeconcerto.co.uk,1,+44 20 7494 6853,50 Shaftesbury Avenue,W1D 6LW,openstreetmap,,,https://www.openstreetmap.org/node/348871686
https://www.caffeconcerto.co.uk/locations/united-kingdom/central-london/caffe-concerto-covent-garden,own site,Caffè Concerto,Westminster,Covent Garden,Cafe,reservations@caffeconcerto.co.uk,1,,143 Long Acre,WC2E 9AD,openstreetmap,,,https://www.openstreetmap.org/node/7208085265
https://www.caffenero.com/uk/stores/westbourne-grove,own site,Caffè Nero,Westminster,Bayswater,Breakfast,,1,,113 Westbourne Grove,W2 4UP,openstreetmap,,,https://www.openstreetmap.org/node/510907367
https://www.caffenero.com/uk/stores/portcullis-house,own site,Caffè Nero,Westminster,Westminster,Breakfast,,1,+44 20 7925 0781,70 Bridge Street,SW1A 2JH,openstreetmap,,,https://www.openstreetmap.org/node/544456208
https://www.caffenero.com/uk/stores/trafalgar-sq,own site,Caffè Nero,Westminster,Covent Garden,Breakfast,,1,,60-61 Trafalgar Square,WC2N 5DS,openstreetmap,,,https://www.openstreetmap.org/node/559520875
https://www.caffenero.com/uk/stores/haymarket,own site,Caffè Nero,Westminster,St James's,Breakfast,,1,,27 Haymarket,SW1Y 4SP,openstreetmap,,,https://www.openstreetmap.org/node/595303835
https://www.caffenero.com/uk/stores/cranbourn-st,own site,Caffè Nero,Westminster,Covent Garden,Breakfast,,1,,32 Cranbourn Street,WC2H 7AD,openstreetmap,,,https://www.openstreetmap.org/node/603128624
https://www.caffenero.com/uk/stores/curzon-st,own site,Caffè Nero,Westminster,Mayfair,Breakfast,,1,+44 20 7409 0595,50-52 Curzon Street,W1J 7UW,openstreetmap,,,https://www.openstreetmap.org/node/690721437
https://www.caffenero.com/uk/stores/marsham-st,own site,Caffè Nero,Westminster,Millbank,Breakfast,,1,,53 Marsham Street,SW1P 3DP,openstreetmap,,,https://www.openstreetmap.org/node/878029964
https://www.caffenero.com/uk/stores/kingsway-aldwych,own site,Caffè Nero,Westminster,Covent Garden,Breakfast,,1,,7B Kingsway,WC2B 6XG,openstreetmap,,,https://www.openstreetmap.org/node/1962952854
https://www.caffenero.com/uk/stores/brompton-rd,own site,Caffè Nero,Westminster,Knightsbridge,Breakfast,,1,,124 Brompton Road,,openstreetmap,,,https://www.openstreetmap.org/node/3357928297
https://www.caffenero.com/uk/stores/maida-vale,own site,Caffè Nero,Westminster,Little Venice,Breakfast,,1,,18 Clifton Road,,openstreetmap,,,https://www.openstreetmap.org/node/3661150002
https://www.caffenero.com/uk/stores/buckingham-palace-rd,own site,Caffè Nero,Westminster,Belgravia,Breakfast,,1,,115 Buckingham Palace Road,SW1W 9SJ,openstreetmap,,,https://www.openstreetmap.org/node/4308455491
https://www.caffenero.com/uk/stores/paddington-central,own site,Caffè Nero,Westminster,Paddington,Breakfast,,1,,,,openstreetmap,,,https://www.openstreetmap.org/node/4327621215
https://www.caffenero.com/uk/stores/spring-st,own site,Caffè Nero,Westminster,Paddington,Breakfast,,1,,14-15 Spring Street,W2 3RA,openstreetmap,,,https://www.openstreetmap.org/node/4453745990
https://www.caffenero.com/uk/stores/bbc-world-cafe,own site,Caffè Nero,Westminster,Marylebone (also St Marylebone),Breakfast,,1,,World Piazza,,openstreetmap,,,https://www.openstreetmap.org/node/5513714992
https://www.caffenero.com/uk/stores/strand,own site,Caffè Nero,Westminster,Covent Garden,Breakfast,,1,+44 20 7930 8483,65-72 Strand,WC2N 5LR,openstreetmap,,,https://www.openstreetmap.org/way/72140275
https://www.caffenero.com/uk/stores/lancaster-place,own site,Caffè Nero,Westminster,Covent Garden,Breakfast,,1,,2-4 Lancaster Place,WC2E 7EA,openstreetmap,,,https://www.openstreetmap.org/way/148523742
https://www.caffenero.com/uk/stores/st-martins-lane,own site,Caffè Nero,Westminster,Covent Garden,Breakfast,,1,,36A St. Martin's Lane,WC2N 4ER,openstreetmap,,,https://www.openstreetmap.org/way/151297105
https://www.caffenero.com/uk/stores/frith-st,own site,Caffè Nero,Westminster,Soho,Breakfast,,1,,43 Frith Street,W1D 4SQ,openstreetmap,,,https://www.openstreetmap.org/way/157771315
https://www.caffenero.com/uk/stores/charing-cross-road,own site,Caffè Nero,Westminster,Covent Garden,Breakfast,,1,+44 20 7287 0971,97-99 Charing Cross Road,WC2H 0DP,openstreetmap,,,https://www.openstreetmap.org/way/157771402
https://www.caffenero.com/uk/stores/regent-st,own site,Caffè Nero,Westminster,Soho,Breakfast,,1,,273 Regent Street,W1B 2EZ,openstreetmap,,,https://www.openstreetmap.org/way/344370492
https://www.caffenero.com/uk/stores/warwick-way,own site,Caffè Nero,Westminster,Pimlico,Breakfast,,1,,31-35 Warwick Way,SW1V 1QS,openstreetmap,,,https://www.openstreetmap.org/way/448375648
https://www.caffenero.com/uk/stores/bedford-st,own site,Caffè Nero,Westminster,Covent Garden,Breakfast,,1,,10 Bedford Street,WC2E 9HE,openstreetmap,,,https://www.openstreetmap.org/way/487935638
https://www.caffenero.com/uk/stores/long-acre,own site,Caffè Nero,Westminster,Covent Garden,Breakfast,,1,,,,openstreetmap,,,https://www.openstreetmap.org/way/988767803
https://cafeciel.co.uk/,own site,Café Ciel,Westminster,Westminster,Cafe,hello@cafeciel.co.uk,1,,7 Horse Guards Avenue,SW1A 2EU,openstreetmap,,,https://www.openstreetmap.org/way/1457455332
https://www.volontelondon.com/,"own site (found by name, postcode verified)",CAFÉ VOLONTÉ,Westminster,Soho,Restaurant,,1,,"200 PICCADILLY, LONDON",W1J 9HU,food standards agency,,,https://ratings.food.gov.uk/business/1647382
https://www.cahoots.co.uk/,"own site (found by name, postcode verified)",Cahoots,Westminster,Soho,Restaurant,,1,,"13 KINGLY COURT, LONDON",W1B 5PW,food standards agency,,,https://ratings.food.gov.uk/business/414409
https://www.cakesandbubbles.co.uk/,own site,Cakes & Bubbles by Albert Adrià,Westminster,Soho,Ice cream,,1,+442045716745,70 Regent Street,W1B 4DY,openstreetmap,,,https://www.openstreetmap.org/way/290406003
http://frenchbubbles.co.uk,own site,Campagne + Fromage,Westminster,Covent Garden,French,,1,+44 20 7240 1604,22 Wellington Street,WC2E 7DD,openstreetmap,,,https://www.openstreetmap.org/way/99952348
https://www.candycafe.co.uk/,own site,Candy Cafe,Westminster,Soho,Ice cream,,1,+44 20 7434 4581,3 Macclesfield Street,W1D 6AU,openstreetmap,,,https://www.openstreetmap.org/node/624043344
https://www.ltmuseum.co.uk/visit/eating,own site,Canteen,Westminster,Covent Garden,Cafe,,1,,,,openstreetmap,,,https://www.openstreetmap.org/node/12379801508
https://caravanrestaurants.co.uk/fitzrovia.php,own site,Caravan,Westminster,Fitzrovia,Breakfast,reservations@caravanrestaurants.co.uk,1,,,,openstreetmap,,,https://www.openstreetmap.org/node/9730262231
https://www.carbonrestaurant.com/,own site,Carbon,Westminster,St James's,Restaurant,,1,,78 Brewer Street,,openstreetmap,,,https://www.openstreetmap.org/node/2993903333
https://carltontavern.co.uk/,own site,Carlton Tavern,Westminster,Queen's Park,Pub,hello@carltontavern.co.uk,1,+44 20 7625 4760,33 Carlton Vale,NW6 5EU,openstreetmap,,,https://www.openstreetmap.org/way/112528246
https://carousel-london.com/,own site,Carousel,Westminster,Soho,Restaurant,info@carousel-london.com,1,+44 20 7487 5564,19-23 Charlotte Street,W1T 1RL,openstreetmap,https://www.facebook.com/carouselLondon,https://www.instagram.com/carousel_ldn/,https://www.openstreetmap.org/way/226909126
http://www.carpolondon.co.uk/,own site,Carpo,Westminster,Soho,Cafe,carpopiccadilly@carpoworld.com,1,,16 Piccadilly,W1J 0DE,openstreetmap,,,https://www.openstreetmap.org/way/289660509
https://casamalevo.com/,own site,Casa Malevo,Westminster,Paddington,Restaurant,bookings@casamalevo.com,1,+44 20 7402 1988,23 Connaught Street,,openstreetmap,,,https://www.openstreetmap.org/node/6953176713
https://casa-manolo.co.uk/,chain site (same name as 3 mapped branches),Casa Manolo,Westminster,Covent Garden,Deli,,1,,99 Strand,WC2R 0EW,openstreetmap,,,https://www.openstreetmap.org/node/3561468688
https://www.facebook.com/casaMariaCafe,facebook,Casa María,Westminster,Millbank,Italian,,1,,18 Greencoat Row,SW1P 1PG,openstreetmap,https://www.facebook.com/casaMariaCafe,,https://www.openstreetmap.org/node/4552178626
https://www.alleatapp.com/menu-casa-mia-restaurant,own site,Casa Mia,Westminster,Bayswater,Italian,,1,+44 20 7221 8045,27 Queensway,,openstreetmap,,,https://www.openstreetmap.org/node/534691690
https://www.caskpubandkitchen.com/,own site,Cask,Westminster,Pimlico,Burger; Pub,reservations@caskpubandkitchen.com,1,,6 Charlwood Street,SW1V 2EE,openstreetmap,,,https://www.openstreetmap.org/node/271387709
https://www.caskandglass.co.uk/,"own site (found by name, postcode verified)",Cask & Glass,Westminster,Belgravia,Pub,,1,,39-41 Palace Street,SW1E 5HN,openstreetmap,,,https://www.openstreetmap.org/node/169440015
https://www.castiglione.london/,"own site (found by name, postcode verified)",Castiglione,Westminster,Covent Garden,Restaurant,,1,,"17 WHITCOMB STREET, LONDON",WC2H 7HA,food standards agency,,,https://ratings.food.gov.uk/business/1702964
https://www.ramblalondon.com/,own site,Catalan,Westminster,Soho,Spanish,,1,,64 Dean Street,W1D 4QQ,openstreetmap,,,https://www.openstreetmap.org/way/566772374
https://www.caviarhouse-prunier.co.uk/,own site,Caviar House & Prunier,Westminster,Mayfair,Restaurant,,1,,161 Piccadilly,W1J 9EA,openstreetmap,,,https://www.openstreetmap.org/way/289859693
https://www.cavitarestaurant.com/,"own site (found by name, postcode verified)",Cavita,Westminster,Marylebone (also St Marylebone),Restaurant,contact@cavitarestaurant.com,1,,"56-60 WIGMORE STREET, LONDON",W1U 2RZ,food standards agency,,,https://ratings.food.gov.uk/business/1533931
https://cawnporerestaurant.com/,"own site (found by name, postcode verified)",Cawnpore Restaurant,Westminster,Paddington,Restaurant,,1,,"32 NORFOLK PLACE, LONDON",W2 1QH,food standards agency,,,https://ratings.food.gov.uk/business/1924100
https://www.caxtongrill.co.uk/,own site,Caxton Grill,Westminster,Westminster,Restaurant,info@caxtongrill.co.uk,1,+44 800 6521498,2 Caxton Street,SW1H 0QW,openstreetmap,,,https://www.openstreetmap.org/node/2507612246
https://cdmxtacos.co.uk/,own site,CDMX TACOS (Soho),Westminster,Soho,Mexican; Tacos,,1,,1 Green's Court,W1F 0HA,openstreetmap,,cdmx_tacos,https://www.openstreetmap.org/node/12599371301
https://www.cecconis.co.uk/,own site,Cecconi's,Westminster,St James's,Italian,,1,+44 20 7434 1500,5a Burlington Gardens,,openstreetmap,,,https://www.openstreetmap.org/node/3082578733
https://www.cecconispizzabar.com/,"own site (found by name, postcode verified)",Cecconi'S Pizza Bar,Westminster,Soho,Pizza,,1,,"19-21 OLD COMPTON STREET, LONDON",W1D 5JJ,food standards agency,,,https://ratings.food.gov.uk/business/412517
https://www.cecconisrestaurants.com/,"own site (found by name, postcode verified)",Cecconi's Restaurant,Westminster,Mayfair,Restaurant,,1,,"5A BURLINGTON GARDENS, LONDON",W1S 3EP,food standards agency,,,https://ratings.food.gov.uk/business/410832
https://www.centanni.co.uk/st-johns-wood,own site,Cent Anni,Westminster,St John's Wood,Restaurant,reservations@centanninw8.co.uk,1,+44 20 7625 1222,21 Loudoun Road,NW8 0NB,openstreetmap,,,https://www.openstreetmap.org/way/365916815
https://www.chatimeuk.com/,own site,Chatime,Westminster,Soho,Cafe,,1,+44 20 3643 1026,4 Gerrard Street,W1D 5AP,openstreetmap,,,https://www.openstreetmap.org/node/13550924173
https://chatramue.co.uk/,"own site (found by name, postcode verified)",ChaTraMue,Westminster,Soho,Cafe,info.gtlondon@gmail.com,1,,,W1D 4UJ,openstreetmap,,,https://www.openstreetmap.org/way/157779655
https://www.cheatmeals.co.uk/location/soho,own site,Cheatmeals,Westminster,Soho,Burger,,1,+44 20 7287 7083,12 Moor Street,W1D 5NG,openstreetmap,,,https://www.openstreetmap.org/way/157771322
https://www.chestnutbakery.com/,own site,Chestnut Bakery,Westminster,Mayfair,Bakery,hello@chestnutbakery.com,4,,162 Piccadilly,W1J 9ED,openstreetmap,,,https://www.openstreetmap.org/way/290150381
https://www.chezantoinette.co.uk/,own site,Chez Antoinette,Westminster,Covent Garden,French,coventgarden@chezantoinette.co.uk,1,+44 20 7240 9072,Covent Garden Piazza,,openstreetmap,,,https://www.openstreetmap.org/node/4191784997
https://chickencottage.com/chicken-cottage-paddington-praed-street/,own site,Chicken Cottage,Westminster,Paddington,Takeaway,info@chickencottage.com,1,,135 Praed Street,W2 1RL,openstreetmap,,,https://www.openstreetmap.org/way/155494892
https://chicken-valley.co.uk/,own site,Chicken Valley,Westminster,Maida Vale,Takeaway,,1,+44 20 7289 5571,330 Harrow Road,,openstreetmap,,,https://www.openstreetmap.org/node/6731948481
https://chillhouselondon.com/,"own site (found by name, postcode verified)",Chill House,Westminster,Mayfair,Restaurant,hello@chillhouselondon.com,1,,"8-10 SHEPHERD STREET, LONDON",W1J 7JE,food standards agency,,,https://ratings.food.gov.uk/business/1650736
https://www.thedelis.co.uk,own site,Chiltern Street Deli,Westminster,Marylebone (also St Marylebone),Deli,hello@thedelis.co.uk,1,,27 Chiltern Street,W1U 7PJ,openstreetmap,,,https://www.openstreetmap.org/node/2434611708
https://www.speak.co.uk/,own site,Chin Chin Dessert Club,Westminster,Soho,Ice cream,info@speak.co.uk,1,,54 Greek Street,W1D 3DS,openstreetmap,,,https://www.openstreetmap.org/node/13571511982
http://www.chinatanglondon.co.uk/,own site (Wikidata),China Tang,Westminster,Mayfair,Asian; Chinese,reservations@chinatanglondon.co.uk,2,,,,openstreetmap,,,https://www.openstreetmap.org/node/5909124436
https://www.chineselittleprincess168.com/,"own site (found by name, postcode verified)",Chinese Little Princess,Westminster,Paddington,Chinese,michelleleihua@gmail.com,1,,"3 CRAVEN TERRACE, LONDON",W2 3QD,food standards agency,,,https://ratings.food.gov.uk/business/1533938
https://chipotle.co.uk/,own site,Chipotle,Westminster,Marylebone (also St Marylebone),Mexican,,1,,101-103 York Street,,openstreetmap,,,https://www.openstreetmap.org/node/6347016691
https://www.chishuru.com/,own site,Chishuru,Westminster,Soho,Restaurant,,1,,3 Great Titchfield Street,W1W 8AX,openstreetmap,,chishuru,https://www.openstreetmap.org/node/1412069427
https://www.chojo.co.uk/,own site,Chojo,Westminster,Bayswater,Asian; Chinese; Spanish,,1,+44 20 3286 8286,16 Garway Road,,openstreetmap,,,https://www.openstreetmap.org/node/7101995779
https://chopd.co.uk/,own site,Chop'd,Westminster,Mayfair,Takeaway,,1,,50-52 Curzon Street,,openstreetmap,,,https://www.openstreetmap.org/node/5921070162
https://chopstixnoodles.co.uk/stores/london-baker-street/,own site,Chopstix,Westminster,Marylebone (also St Marylebone),Asian,,1,+44 20 7935 4685,124 Baker Street,,openstreetmap,,,https://www.openstreetmap.org/node/6338252671
https://chotto-matte.com/london/,own site,Chotto Matte,Westminster,Soho,Asian; Japanese,,1,,11-13 Frith Street,W1D 4RB,openstreetmap,,,https://www.openstreetmap.org/way/563534491
https://www.christophersgrill.com/,own site,Christopher's,Westminster,Covent Garden,American,reservations@christophersgrill.com,1,,18 Wellington Street,WC2E 7DD,openstreetmap,https://www.facebook.com/christopherswc2/,,https://www.openstreetmap.org/way/196657752
https://www.chucsrestaurants.com/restaurant/chucs-belgravia/,own site,Chucs,Westminster,Belgravia,Restaurant,info@chucsrestaurants.com,1,+44 20 3827 3000,18A Ebury Street,SW1W 0LS,openstreetmap,,,https://www.openstreetmap.org/way/545713358
https://www.chucsrestaurants.com/,own site,Chucs,Westminster,Mayfair,Restaurant,info@chucsrestaurants.com,2,+44 20 3763 2013,30b Dover Street,,openstreetmap,,,https://www.openstreetmap.org/way/601224904
https://chungdam.co.uk/,"own site (found by name, postcode verified)",CHUNG'DAM,Westminster,Soho,Restaurant,,1,,"35-36 GREEK STREET, LONDON",W1D 5DL,food standards agency,,,https://ratings.food.gov.uk/business/1735957
http://www.chutneymary.com/,own site (Wikidata),Chutney Mary,Westminster,St James's,Indian,,1,,,,openstreetmap,,,https://www.openstreetmap.org/node/4691813094
https://www.cinderrestaurant.co.uk/,own site,Cinder,Westminster,St John's Wood,Restaurant,hello@cinderrestaurant.co.uk,1,+44 20 36678500,5 St John's Wood High Street,NW8 7NG,openstreetmap,,,https://www.openstreetmap.org/node/6535716224
https://www.greeneking.co.uk/pubs/greater-london/city-of-quebec,own site,City Of Quebec,Westminster,Marylebone (also St Marylebone),Pub,,1,,,,openstreetmap,,,https://www.openstreetmap.org/node/503562786
https://www.clarettelondon.com/,own site,Clarette,Westminster,Marylebone (also St Marylebone),French,,1,,44 Blandford Street,W1U 7HS,openstreetmap,,,https://www.openstreetmap.org/way/235396576
https://clipstonerestaurant.co.uk/,own site,Clipstone,Westminster,Fitzrovia,Restaurant,info@clipstonerestaurant.co.uk,1,+44 20 7637 0871,5 Clipstone Street,W1W 6BB,openstreetmap,,,https://www.openstreetmap.org/node/4696258590
https://www.closmaggiore.com/,own site,Clos Maggiore,Westminster,Covent Garden,Italian,enquiries@closmaggiore.com,1,+44 20 7379 9696,33 King Street,WC2E 8JD,openstreetmap,,,https://www.openstreetmap.org/node/972954121
https://www.clubmexicana.com/,own site,Club Mexicana,Westminster,Soho,Mexican,,1,+44 20 4516 1301,Kingly Court,W1B 5PW,openstreetmap,,,https://www.openstreetmap.org/node/10936397805
https://www.co-london.co.uk/,own site,Co.,Westminster,Knightsbridge,Breakfast,,1,,4-6 Park Close,SW1X 7PQ,openstreetmap,,,https://www.openstreetmap.org/node/10560514921
https://www.coachandhorsesmayfair.co.uk/,own site,Coach and Horses,Westminster,Mayfair,Pub,,1,,5 Hill Street,,openstreetmap,,,https://www.openstreetmap.org/way/299039548
https://www.greeneking-pubs.co.uk/pubs/greater-london/coach-horses-mayfair,own site,Coach and Horses,Westminster,Mayfair,Pub,7174@greeneking.co.uk,1,,5 Bruton Street,W1J 6PT,openstreetmap,,,https://www.openstreetmap.org/way/338696812
https://www.greeneking.co.uk/pubs/greater-london/coach-and-horses-soho,own site,Coach and Horses,Westminster,Soho,Pub,,1,,1 Great Marlborough Street,W1F 7HG,openstreetmap,,,https://www.openstreetmap.org/way/475957291
https://ichibanya.uk/,own site,CoCo Ichibanya,Westminster,Marylebone (also St Marylebone),Asian; Indian; Japanese,info@ichibanya.uk,1,,39 James Street,W1U 1EB,openstreetmap,,,https://www.openstreetmap.org/node/3730599391
https://www.cocochan.co.uk/,own site,Cocochan,Westminster,Marylebone (also St Marylebone),Asian,,1,,38-40 James Street,W1U 1EU,openstreetmap,,,https://www.openstreetmap.org/way/217843252
https://cocomelt.uk/,"own site (found by name, postcode verified)",Cocomelt,Westminster,Soho,Cafe,hello@cocomelt.uk,1,,132 Wardour Street,W1F 8ZW,openstreetmap,,,https://www.openstreetmap.org/way/157779627
https://www.mycocotte.uk/,own site,Cocotte,Westminster,Bayswater,Restaurant,hello@mycocotte.uk,1,+44 20 3220 0076,95 Westbourne Grove,W2 4UW,openstreetmap,,,https://www.openstreetmap.org/node/610923040
https://coffeedate.london/,"own site (found by name, postcode verified)",Coffee Date,Westminster,Marylebone (also St Marylebone),Restaurant,,1,,"BASEMENT AND GROUND FLOOR 62 UPPER MONTAGU STREET, LONDON",W1H 1SW,food standards agency,,,https://ratings.food.gov.uk/business/1876960
https://www.coffeeisland.co.uk/,own site,Coffee Island,Westminster,Covent Garden,Breakfast,info@coffeeisland.co.uk,2,+44 20 7836 3007,5 Upper St Martin's Lane,,openstreetmap,,,https://www.openstreetmap.org/node/4837173722
https://www.colbeh.co.uk/,own site,Colbeh,Westminster,Paddington,Restaurant,colbehlondon@gmail.com,1,+44 20 7706 4888,6 Porchester Place,W2 2BS,openstreetmap,,,https://www.openstreetmap.org/node/647512849
http://www.colosseorestaurant.co.uk/,own site,Colosseo,Westminster,Westminster,Italian,colosseorestaurant@yahoo.co.uk,1,,79 Victoria Street,SW1H 0HW,openstreetmap,,,https://www.openstreetmap.org/way/203884495
https://www.comfortinnedgwareroad.co.uk/web/,own site (Wikidata),Comfort Inn,Westminster,Little Venice,Restaurant,,1,,"450 EDGWARE ROAD, LONDON",W2 1EG,food standards agency,,,https://ratings.food.gov.uk/business/414634
https://www.commonbreads.com/,own site,Common Breads,Westminster,Belgravia,Cafe,info@commonbreads.com,1,,,,openstreetmap,,,https://www.openstreetmap.org/node/13084910787
https://comptoir-cafe-and-wine.co.uk/,own site,Comptoir Café & Wine,Westminster,Mayfair,Cafe,,1,+44 20 7499 9800,21-22 Weighhouse Street,,openstreetmap,,,https://www.openstreetmap.org/node/5793290581
https://www.comptonsofsoho.co.uk/comptons,own site,Comptons of Soho,Westminster,Soho,Pub,,1,,51-53 Old Compton Street,W1D 6HN,openstreetmap,,,https://www.openstreetmap.org/node/1937328128
https://www.hilton.com/en/hotels/loncoci-conrad-london-st-james/,own site (Wikidata),Conrad London St. James,Westminster,Westminster,Restaurant,,1,,"CONRAD LONDON ST JAMES 22-28 BROADWAY, LONDON",SW1H 0BH,food standards agency,,,https://ratings.food.gov.uk/business/699193
http://www.londontown.com/LondonInformation/Restaurant/Coopers/36a7/Coopers/,own site,Coopers,Westminster,Covent Garden,Restaurant,,1,+44 20 7831 6211,49a Lincoln's Inn Fields,WC2A 3PF,openstreetmap,,,https://www.openstreetmap.org/node/3148306194
https://www.copita.co.uk/,own site,Copita,Westminster,Soho,Spanish,,1,,26-27 D'Arblay Street,,openstreetmap,,,https://www.openstreetmap.org/way/478529814
https://www.corapearl.co.uk/,"own site (found by name, postcode verified)",Cora Pearl,Westminster,Covent Garden,Restaurant,bookings@corapearl.co.uk,1,,"30 HENRIETTA STREET, LONDON",WC2E 8NA,food standards agency,,,https://ratings.food.gov.uk/business/1112338
https://www.corrigansmayfair.co.uk/,"own site (found by name, postcode verified)",Corrigan'S Mayfair,Westminster,Mayfair,Restaurant,,2,,"28 UPPER GROSVENOR STREET, LONDON",W1K 7EH,food standards agency,,,https://ratings.food.gov.uk/business/494148
https://www.costa.co.uk/stores/argyll-street,own site,Costa,Westminster,Soho,Breakfast,,1,,11 Argyll Street,W1F 7TH,openstreetmap,,,https://www.openstreetmap.org/node/582630405
https://www.costa.co.uk/stores/cardinal-place-ldn,own site,Costa,Westminster,Belgravia,Breakfast,,1,+44 20 7828 5248,3 Cardinal Walk,SW1E 5JE,openstreetmap,,,https://www.openstreetmap.org/node/1230966521
https://www.courtyardwinecellars.com/,"own site (found by name, postcode verified)",Courtyard Wine Cellars,Westminster,Covent Garden,Restaurant,office@courtyardwinecellars.com,1,,"17-18B THE MARKET, COVENT GARDEN, LONDON",WC2E 8RB,food standards agency,,,https://ratings.food.gov.uk/business/1843876
https://www.coutts.com/,"own site (found by name, postcode verified)",Coutts,Westminster,Covent Garden,Restaurant,,1,,"440 STRAND, LONDON",WC2R 0QS,food standards agency,,,https://ratings.food.gov.uk/business/414217
https://www.instagram.com/cream.dream_london,instagram,Cream Vegan Pastries Café,Westminster,Covent Garden,Bakery,,1,+44 77 7018 2274,46 Bedford Street,WC2E 9HA,openstreetmap,,cream.dream_london,https://www.openstreetmap.org/node/12778158730
https://cremelondon.com/,"own site (found by name, postcode verified)",Creme,Westminster,Soho,Restaurant,eatcookies@cremelondon.com,1,,"4 D'ARBLAY STREET, LONDON",W1F 8DJ,food standards agency,,,https://ratings.food.gov.uk/business/1301444
https://www.crockersfolly.com/,own site,Crocker's Folly,Westminster,St John's Wood,Restaurant,reservations@crockersfolly.com,1,+44 20 7289 9898,24 Aberdeen Place,NW8 8JR,openstreetmap,,,https://www.openstreetmap.org/way/364962956
https://www.cromelondon.com/,own site,Crome London,Westminster,Marylebone (also St Marylebone),Breakfast,hello@cromelondon.com,1,,36 James Street,W1U 1ES,openstreetmap,,,https://www.openstreetmap.org/way/217979777
https://www.crosstowndoughnuts.com/,own site,Crosstown,Westminster,Marylebone (also St Marylebone),Donuts,,2,,5 Picton Place,,openstreetmap,,,https://www.openstreetmap.org/node/5492355121
https://www.thecrownandsceptrew1.co.uk/,own site,Crown & Sceptre,Westminster,Fitzrovia,Pub,,1,+44 20 7307 9971,86 Great Titchfield Street,W1W 6SD,openstreetmap,https://www.facebook.com/CrownAndSceptre,https://www.instagram.com/the_crown_and_sceptre/,https://www.openstreetmap.org/way/276146932
https://www.crumbsanddoilies.co.uk/,"own site (found by name, postcode verified)",Crumbs & Doilies,Westminster,Soho,Restaurant,info@crumbsanddoilies.co.uk,1,,"1 KINGLY COURT, LONDON",W1B 5PW,food standards agency,,,https://ratings.food.gov.uk/business/761276
https://www.crepeaffaire.com/locations/united-kingdom/2022/crepeaffaire-at-the-hippodrome,own site,Crêpeaffaire,Westminster,Covent Garden,Cafe,,1,,Cranbourn Street,WC2H 7JH,openstreetmap,,,https://www.openstreetmap.org/way/995954639
https://cubemayfair.com/,"own site (found by name, postcode verified)",Cube,Westminster,Mayfair,Asian; Japanese; Sushi,info@cubemayfair.com,1,,4 Blenheim Street,W1S 1LB,openstreetmap,,,https://www.openstreetmap.org/node/6603678117
http://asellina.com/,own site,Cucina Asellina,Westminster,Covent Garden,Restaurant,,1,,336-337 The Strand,WC2R 1HA,openstreetmap,,,https://www.openstreetmap.org/node/3741565025
https://www.cuppluslid.com/,own site,Cup+Lid,Westminster,Mayfair,Cafe,contact@cuppluslid.com,1,,10 Gee's Court,,openstreetmap,,,https://www.openstreetmap.org/way/217841714
https://www.cuppacha.com/,"own site (found by name, postcode verified)",Cuppacha,Westminster,Covent Garden,Cafe,,1,,23 Newport Court,WC2H 7JS,openstreetmap,,,https://www.openstreetmap.org/node/13550924191
https://www.caytrerestaurant.co.uk/locations/soho,own site,Cây Tre,Westminster,Soho,Asian,info@caytrerestaurant.co.uk,1,+44 20 7317 9118,42-43 Dean Street,W1D 4QA,openstreetmap,,,https://www.openstreetmap.org/node/13571511912
https://www.the-berkeley.co.uk/restaurants-bars/cedric-grolet-at-the-berkeley/?utm_source=google&utm_medium=organic&utm_campaign=local_gmb,own site,Cédric Grolet at The Berkeley,Westminster,Belgravia,Bakery,info@the-berkeley.co.uk,1,,,,openstreetmap,,,https://www.openstreetmap.org/node/10091714836
https://www.cote.co.uk/restaurant/westbourne-grove/,own site,Côte,Westminster,Bayswater,French,,1,+44 20 7792 3298,98 Westbourne Grove,W2 5RU,openstreetmap,,,https://www.openstreetmap.org/node/510907071
https://www.cote.co.uk/restaurant/st-martins-lane/,own site,Côte Brasserie,Westminster,Covent Garden,French,stmartinslane@cote.co.uk,1,+44 20 7379 9747,50-51 St Martin's Lane,WC2N 4EA,openstreetmap,,,https://www.openstreetmap.org/way/160683909
http://www.cote-restaurants.co.uk/Cote_St_Christopher%27s_Place.html,own site,Côte Brasserie,Westminster,Marylebone (also St Marylebone),French,,1,+44 20 7486 5557,6-8 St. Christopher's Place,W1U 1ND,openstreetmap,,,https://www.openstreetmap.org/way/217843099
https://d1coffee.co.uk,own site,D1 Coffee,Westminster,Little Venice,Cafe,info@d1coffee.co.uk,1,,1d Aberdeen Place,,openstreetmap,,,https://www.openstreetmap.org/node/4488489852
https://www.dapaolo.co.uk/,own site,Da Paolo,Westminster,Fitzrovia,Italian,info@dapaolo.co.uk,1,+44 20 7580 0021,3 Charlotte Place,W1T 1SD,openstreetmap,,,https://www.openstreetmap.org/node/366999013
http://www.dalyswinebar.co.uk/,own site,Daly's Wine Bar,Westminster,Temple,Bar,,1,+44 20 7583 4476,210 Strand,WC2R 1AP,openstreetmap,,,https://www.openstreetmap.org/way/244884781
https://www.darjeeling-express.com/,own site,Darjeeling Express,Westminster,Soho,Indian,reservations@darjeeling-express.com,1,+44 20 33753772,Kingly Court,W1B 5PW,openstreetmap,,,https://www.openstreetmap.org/node/10735133507
https://www.davy.co.uk/,own site,Davy's,Westminster,St James's,Pub,info@davy.co.uk,1,+44 20 7839 8831,Crown Passage,SW1Y 6QY,openstreetmap,,,https://www.openstreetmap.org/node/675808547
https://www.daydaydrink.co.uk/,"own site (found by name, postcode verified)",Day Day Drink,Westminster,Covent Garden,Restaurant,info@daydaydrink.co.uk,1,,"BASEMENT AND GROUND FLOOR 38 WILLIAM IV STREET, LONDON",WC2N 4DD,food standards agency,,,https://ratings.food.gov.uk/business/1576244
https://www.daylesford.com/,own site,Daylesford,Westminster,Marylebone (also St Marylebone),Deli,,2,,6-8 Blandford Street,W1U 4AU,openstreetmap,,,https://www.openstreetmap.org/way/350328174
https://www.nicholsonspubs.co.uk/dehemsdutchcafebarsoholondon/,own site,De Hems Cafe Bar,Westminster,Soho,Pub,,1,+44 20 7437 2494,11 Macclesfield Street,W1D 5BW,openstreetmap,,,https://www.openstreetmap.org/way/993439403
https://www.saltyardgroup.co.uk/dehesa/,own site,Dehesa,Westminster,Soho,Italian; Spanish,,1,+44 20 7494 4170,25 Ganton Street,,openstreetmap,,,https://www.openstreetmap.org/way/582480480
https://www.delaminakitchen.co.uk/delamina-townhouse/,own site,Delamina Townhouse,Westminster,Covent Garden,Restaurant,,1,,13-15 Tavistock Street,WC2E 7PS,openstreetmap,,,https://www.openstreetmap.org/way/196657750
https://www.finos.co.uk/,own site,Delfino,Westminster,Mayfair,Pizza,delfino@delfinomayfair.com,1,,121a Mount Street,,openstreetmap,,,https://www.openstreetmap.org/way/342406616
https://deliciouslyella.com/our-delis/weighhouse-street/,own site,Deliciously Ella,Westminster,Mayfair,Cafe,,1,,18-20 Weighhouse Street,,openstreetmap,,,https://www.openstreetmap.org/node/462025210
https://www.demartinorestaurant.com/,own site,Demartino,Westminster,Fitzrovia,Italian,sales@demartino.co.uk,1,+44 20 7436 2547,196/198 Great Portland Street,W1W 5QF,openstreetmap,,,https://www.openstreetmap.org/node/6180299776
https://thedevonshirepub.co.uk/,own site,Devonshire Arms,Westminster,Marylebone (also St Marylebone),Pub,info@thedevonshirepub.co.uk,1,,7 Duke Street,W1U 3EE,openstreetmap,,,https://www.openstreetmap.org/way/110479652
https://dhaba49.com/,own site,Dhaba@49,Westminster,Maida Vale,Indian,info@dhaba49.com,1,+44 20 3489 2424,49 Chippenham Road,W9 2AH,openstreetmap,,,https://www.openstreetmap.org/node/2639537232
https://www.greeneking.co.uk/pubs/greater-london/dickens-tavern,own site,Dickens Tavern,Westminster,Paddington,Pub,,1,,25 London Street,W2 1HH,openstreetmap,,,https://www.openstreetmap.org/node/375792331
https://dimsumlibrary.co.uk/,own site,Dim Sum Library,Westminster,Covent Garden,Asian; Chinese,,1,,136 Long Acre,WC2E 9AA,openstreetmap,,,https://www.openstreetmap.org/node/13556857170
https://dinings.co.uk/,own site,Dinings,Westminster,Paddington,Asian; Japanese,reservations@dinings.co.uk,1,,22 Harcourt Street,,openstreetmap,,,https://www.openstreetmap.org/node/371188295
https://www.dinnerbyheston.co.uk/,own site,Dinner by Heston Blumenthal,Westminster,Knightsbridge,Restaurant,,1,,66 Knightsbridge,SW1X 7LA,openstreetmap,,,https://www.openstreetmap.org/way/299500276
https://dirty-bones.com/,own site,Dirty Bones,Westminster,Soho,BBQ,info@dirty-bones.com,1,+44 20 7920 6434,Kingly Court,W1B 5PW,openstreetmap,,,https://www.openstreetmap.org/node/4668146655
https://dirty-bones.com/locations/soho,own site,Dirty Bones,Westminster,St James's,American,info@dirty-bones.com,1,,14 Denman Street,,openstreetmap,,,https://www.openstreetmap.org/node/5500146395
http://www.dishoom.com/covent-garden/,own site,Dishoom,Westminster,Covent Garden,Indian,,1,+44 20 7420 9320,12 Upper St Martin's Lane,WC2H 9FB,openstreetmap,,,https://www.openstreetmap.org/way/207104925
https://www.disrepute.co.uk/,"own site (found by name, postcode verified)",Disrepute,Westminster,Soho,Pub,,1,,"4 KINGLY COURT, LONDON",W1B 5PW,food standards agency,,,https://ratings.food.gov.uk/business/1302719
https://diwanrestaurant.co.uk/,own site,Diwan,Westminster,Marylebone (also St Marylebone),Restaurant,info@diwanrestaurant.co.uk,1,,31 Thayer Street,,openstreetmap,,,https://www.openstreetmap.org/way/350328152
https://www.tate.org.uk/visit/tate-britain/djanogly-cafe,own site,Djanogly Café,Westminster,Millbank,Cafe,,1,,Millbank,SW1P 4RG,openstreetmap,,,https://www.openstreetmap.org/node/11343081253
https://www.dominos.co.uk/pizza-near-me/london/129-westbourne-park-road,own site,Domino's,Westminster,Bayswater,Pizza,,1,,129 Westbourne Park Road,,openstreetmap,,,https://www.openstreetmap.org/node/7083390801
https://www.dominos.co.uk/pizza-near-me/london/378-edgware-road,own site,Domino's,Westminster,Paddington,Pizza,,1,+44 20 7724 7375,378 Edgware Road,W2 1EB,openstreetmap,,,https://www.openstreetmap.org/way/367067232
https://www.dominos.co.uk/pizza-near-me/london/37-foley-street,own site,Domino's,Westminster,Fitzrovia,Pizza,,1,,37 Foley Street,W1W 7TN,openstreetmap,,,https://www.openstreetmap.org/way/431545354
https://www.dominos.co.uk/pizza-near-me/london/120-chippenham-road,own site,Domino's,Westminster,Maida Vale,Pizza,,1,,120 Chippenham Road,,openstreetmap,,,https://www.openstreetmap.org/way/464125827
https://www.donpepe.co.uk/,own site,Don Pepe,Westminster,Little Venice,Spanish,reservations@donpepe.co.uk,1,+44 20 7262 3834,99 Frampton Street,,openstreetmap,,,https://www.openstreetmap.org/node/6497046109
https://www.doniarestaurant.com/,own site,Donia,Westminster,Soho,Asian,info@doniarestaurant.com,1,,2.14 Kingly Court,W1B 5PW,openstreetmap,,,https://www.openstreetmap.org/node/12593321501
http://www.donostia.co.uk/,own site,Donostia,Westminster,Marylebone (also St Marylebone),Spanish,bookings@donostia.co.uk,1,,10 Seymour Place,,openstreetmap,,,https://www.openstreetmap.org/node/2305429059
https://donutelier.co.uk/,own site,Donutelier,Westminster,Covent Garden,Donuts,squad@donutelier.co.uk,4,,48-50 Charing Cross Road,WC2H 0BB,openstreetmap,,,https://www.openstreetmap.org/node/4821896129
https://www.doverstreetcounter.com/,"own site (found by name, postcode verified)",Dover Street Counter,Westminster,Mayfair,Restaurant,reservations@doverstreetcounter.com,1,,"PART BASEMENT AND GROUND FLOOR FRONT NORTH 31 DOVER STREET, LONDON",W1S 4ND,food standards agency,,,https://ratings.food.gov.uk/business/1863940
https://www.drunch.co.uk/oxford-circus,own site,Drunch,Westminster,Fitzrovia,Restaurant,info@drunch.co.uk,1,+447519282898,71 Great Titchfield Street,W1W 6RB,openstreetmap,,,https://www.openstreetmap.org/way/40835928
https://drunch.co.uk/mayfair-2/,own site,Drunch,Westminster,Mayfair,Restaurant,,1,+44 7535 554532,1 Woodstock Street,,openstreetmap,,https://www.instagram.com/drunchlondon,https://www.openstreetmap.org/way/208908055
https://www.drunch.co.uk,own site,Drunch,Westminster,St John's Wood,Restaurant,info@drunch.co.uk,1,,38 St John's Wood Terrace,NW8 6LS,openstreetmap,,,https://www.openstreetmap.org/way/697821712
https://www.ducksoupsoho.co.uk/,own site,Ducksoup,Westminster,Soho,Asian,restaurant@ducksoupsoho.co.uk,1,+44 20 7287 4599,41 Dean Street,W1D 4PY,openstreetmap,,,https://www.openstreetmap.org/node/13571511911
https://thedukeofargyll.co.uk/,own site,Duke of Argyll,Westminster,Soho,Pub,info@thedukeofargyll.co.uk,1,+44 20 7437 6819,37 Brewer Street,W1F 0RY,openstreetmap,,,https://www.openstreetmap.org/node/12988179262
https://www.dukeofwellingtonsoho.co.uk/london,own site,Duke of Wellington,Westminster,Soho,Pub,thedukew1@hotmail.co.uk,1,+44 20 7439 1274,77 Wardour Street,W1D 6QA,openstreetmap,,,https://www.openstreetmap.org/way/157779556
https://www.dukeofwellingtonbelgravia.co.uk/,own site,Duke of Wellington,Westminster,Belgravia,Pub,,1,,63 Eaton Terrace,SW1W 8TR,openstreetmap,,,https://www.openstreetmap.org/way/158919239
https://www.greeneking-pubs.co.uk/pubs/greater-london/duke-of-york,own site,Duke of York,Westminster,Mayfair,Pub,7184@greeneking.co.uk,1,+44 20 7629 0319,8 Dering Street,,openstreetmap,,,https://www.openstreetmap.org/way/249211263
http://www.dunkindonuts.co.uk/,own site,Dunkin',Westminster,Marylebone (also St Marylebone),Breakfast; Donuts,,1,+44 20 7487 5022,191 Baker Street,NW1 6UY,openstreetmap,,,https://www.openstreetmap.org/node/6424675170
https://durbaronline.com/,own site,Durbar,Westminster,Bayswater,Indian,,1,+44 20 7727 1947,24 Hereford Road,,openstreetmap,,,https://www.openstreetmap.org/node/582764944
https://www.eattokyo.co.uk/soho,own site,Eat Tokyo,Westminster,Soho,Asian; Japanese,,1,+44 20 7439 9887,16 Old Compton Street,W1D 4TL,openstreetmap,,,https://www.openstreetmap.org/way/157771302
https://eat.co.uk/our-locations/10000067,own site,EAT.,Westminster,St James's,Deli,,1,+44 20 7629 8277,55 Stratton Street,,openstreetmap,,,https://www.openstreetmap.org/node/3357928344
https://www.eat.co.uk/,own site,EAT.,Westminster,Mayfair,Deli,,1,,8 Berkeley Square,,openstreetmap,,,https://www.openstreetmap.org/way/211547729
https://edibrews.com/,"own site (found by name, postcode verified)",Edibrews,Westminster,Soho,Restaurant,edi@edibrews.com,1,,"4A TISBURY COURT, LONDON",W1D 6BG,food standards agency,,,https://ratings.food.gov.uk/business/1900315
https://www.ekstedtattheyard.com/,own site,Ekstedt at The Yard,Westminster,Westminster,Restaurant,enquiries.ekstedt@greatscotlandyard.com,1,+44 20 7925 4749,3-5 Great Scotland Yard,SW1A 2HN,openstreetmap,,,https://www.openstreetmap.org/node/12241232962
https://elcamion.co.uk/,own site,El Camion,Westminster,Soho,Mexican,,1,,25-27 Brewer Street,,openstreetmap,,,https://www.openstreetmap.org/way/156614974
https://www.elpirata.co.uk/,own site,El Pirata,Westminster,Mayfair,Spanish,dine@elpirata.co.uk,1,,5 Down Street,W1J 7AQ,openstreetmap,,,https://www.openstreetmap.org/node/2581331174
https://www.elpollote.co.uk/,"own site (found by name, postcode verified)",El Pollote,Westminster,Soho,Restaurant,soho@elpollote.co.uk,1,,13 Ganton Street,W1F 9BL,openstreetmap,,,https://www.openstreetmap.org/way/582165121
http://www.elancafe.co.uk/,own site,Elan Cafe,Westminster,Mayfair,Cafe,,1,,48 Park Lane,W1K 1PR,openstreetmap,,,https://www.openstreetmap.org/way/625875253
https://www.theelgin.com/,own site,Elgin,Westminster,Maida Vale,Pub,info@theelgin.com,1,+44 20 7625 5511,255 Elgin Avenue,W9 1NJ,openstreetmap,,,https://www.openstreetmap.org/way/360905405
https://www.emberathorizons.com/,"own site (found by name, postcode verified)",Ember at Horizons,Westminster,Covent Garden,Restaurant,,1,,"1 LEICESTER PLACE, LONDON",WC2H 7BP,food standards agency,,,https://ratings.food.gov.uk/business/1976099
https://www.saltyardgroup.co.uk/restaurants/ember-yard,own site,Ember Yard,Westminster,Soho,Italian; Spanish,,1,+44 20 7439 8057,60 Berwick Street,W1F 8SU,openstreetmap,,,https://www.openstreetmap.org/way/586459031
https://www.engawa.london/,own site,Engawa,Westminster,Soho,Asian; Japanese,info@engawa.london,1,+44 20 7287 5724,,,openstreetmap,,,https://www.openstreetmap.org/node/3552157993
https://www.hellofego.com/,own site,England's Grace,Westminster,St John's Wood,Bakery; Breakfast; Deli,,1,,64 St John's Wood High Street,,openstreetmap,,,https://www.openstreetmap.org/node/4589889289
https://enotecaturilondon.com/,"own site (found by name, postcode verified)",Enoteca Turi,Westminster,Belgravia,Italian,,1,,87 Pimlico Road,SW1W 8PH,openstreetmap,,,https://www.openstreetmap.org/way/535769845
http://www.etnacoffee.net/?cn-reloaded=1,own site,Etnacoffee,Westminster,Marylebone (also St Marylebone),Cafe,,1,,54 Baker Street,,openstreetmap,,,https://www.openstreetmap.org/way/148011236
https://euphorium.uk.com/,own site,Euphorium,Westminster,Mayfair,Cafe,belsizepark@euphorium.uk.com,1,+44 20 3637 8386,23 Barrett Street,W1U 1BF,openstreetmap,,,https://www.openstreetmap.org/way/107039267
https://www.experimentalgroup.com/explore-experimental-cocktail-club,"own site (found by name, postcode verified)",Experimental Cocktail Club,Westminster,Soho,Restaurant,,1,,"FIRST FLOOR AND SECOND FLOOR 13 GERRARD STREET, LONDON",W1D 5PS,food standards agency,,,https://ratings.food.gov.uk/business/412640
https://www.fadiga.uk/,"own site (found by name, postcode verified)",Fadiga,Westminster,Soho,Restaurant,info@fadiga.uk,1,,71 D'Arblay Street,W1F 8TB,openstreetmap,,,https://www.openstreetmap.org/way/477053977
https://www.fairshot.co.uk/,"own site (found by name, postcode verified)",Fair Shot,Westminster,Covent Garden,Restaurant,hello@fairshot.co.uk,1,,"3 SLINGSBY PLACE, LONDON",WC2E 9AB,food standards agency,,,https://ratings.food.gov.uk/business/1581014
https://fallowrestaurant.com/,own site,Fallow,Westminster,St James's,Restaurant,info@fallowrestaurant.com,1,+44 20 8017 1788,52 Haymarket,SW1Y 4RP,openstreetmap,,,https://www.openstreetmap.org/node/11049433805
http://www.fantasiapalace.co.uk/,own site,Fantasia Palace,Westminster,Paddington,Greek,,1,+44 20 8127 5422,28 Praed Street,W2 1NH,openstreetmap,,,https://www.openstreetmap.org/node/509901937
https://www.farmacylondon.com/,own site,Farmacy,Westminster,Bayswater,Restaurant,hello@farmacylondon.com,1,,74 Westbourne Grove,W2 5SH,openstreetmap,,,https://www.openstreetmap.org/node/535956143
https://www.farmerj.com/location/regent-street/,own site,Farmer J,Westminster,Soho,Takeaway,,1,,319 Regent Street,,openstreetmap,,,https://www.openstreetmap.org/way/148693733
https://fathippo.co.uk/locations/soho/,own site,Fat Hippo Soho,Westminster,Soho,Burger,soho@fathippo.co.uk,1,+442080502896,68-70 Wardour Street,W1F 0TB,openstreetmap,,,https://www.openstreetmap.org/node/11786344696
https://www.fattpundit.co.uk/soho/,own site,Fatt Pundit,Westminster,Soho,Restaurant,reservations@fattpundit.co.uk,1,+44 20 7287 7900,77 Berwick street,W1F 8TH,openstreetmap,,,https://www.openstreetmap.org/node/9170562456
https://www.fattoamanopizza.com/locations/covent-garden-london/,own site,Fatto a Mano,Westminster,Covent Garden,Pizza,,1,+44 20 3345 0003,30 St Martin's Lane,WC2N 4ER,openstreetmap,,,https://www.openstreetmap.org/node/12285716801
http://www.fentonsicecream.co.uk/,own site,Fentons Ice Cream,Westminster,Bayswater,Ice cream,,1,,127 Bayswater Road,W2 4RH,openstreetmap,,,https://www.openstreetmap.org/node/4855558088
http://feraatclaridges.co.uk/,own site,Fera at Claridge's,Westminster,Mayfair,Restaurant,,1,,,,openstreetmap,,,https://www.openstreetmap.org/node/497232352
https://www.ferdi-restaurant.com/,own site,Ferdi,Westminster,Mayfair,French,,1,,30 Shepherd Market,,openstreetmap,,,https://www.openstreetmap.org/node/5941786859
https://www.festok.london/,own site,Festok,Westminster,Marylebone (also St Marylebone),Ice cream,info@festok.london,1,,14A St. Christopher's Place,W1U 1NH,openstreetmap,,,https://www.openstreetmap.org/way/664789308
https://firebirdlondon.co.uk,own site,Firebird,Westminster,Soho,Restaurant,hello.firebirdlondon@gmail.com,1,+44 7713 737813,29 Poland Street,W1F 8QR,openstreetmap,,,https://www.openstreetmap.org/way/475721710
https://www.fischers.co.uk/,own site,Fischer's,Westminster,Marylebone (also St Marylebone),Restaurant,reservations@fischers.co.uk,1,+44 20 7466 5501,50 Marylebone High Street,W1U 5HN,openstreetmap,,,https://www.openstreetmap.org/node/4690917091
https://www.fishworks.co.uk/,own site,Fish Works,Westminster,Covent Garden,Seafood,coventgarden@fishworks.co.uk,2,+44 20 7240 4999,2-4 Catherine Street,WC2B 5JS,openstreetmap,,,https://www.openstreetmap.org/way/81071477
https://restaurants.fiveguys.co.uk/greater-london/unit-1/2-coventry-st,own site,Five Guys,Westminster,Soho,Burger,,1,+44 20 7734 6892,2 Coventry Street,W1D 7DH,openstreetmap,,,https://www.openstreetmap.org/node/4894109734
https://restaurants.fiveguys.co.uk/greater-london/194-baker-street,own site,Five Guys,Westminster,Marylebone (also St Marylebone),Burger,,1,+44 20 7870 8140,194 Baker Street,NW1 5RT,openstreetmap,,,https://www.openstreetmap.org/node/11043578108
https://restaurants.fiveguys.co.uk/greater-london/sutherland-house,own site,Five Guys,Westminster,Soho,Burger,,1,+44 20 7434 3407,5-6 Argyll Street,W1F 7TE,openstreetmap,,,https://www.openstreetmap.org/way/65489521
https://restaurants.fiveguys.co.uk/greater-london/9/11-villiers-st,own site,Five Guys,Westminster,Covent Garden,Burger,,1,,9-11 Villiers Street,WC2N 6NA,openstreetmap,,,https://www.openstreetmap.org/way/68807972
https://restaurants.fiveguys.co.uk/greater-london/1-3-long-acre,own site,Five Guys,Westminster,Covent Garden,Burger,,1,,1-3 Long Acre,WC2E 9LH,openstreetmap,,,https://www.openstreetmap.org/way/183361412
https://five-rivers-rotisserie.co.uk/,"own site (found by name, postcode verified)",Five Rivers Rotisserie,Westminster,Paddington,Restaurant,team@five-rivers-rotisserie.co.uk,1,,"145-147 EDGWARE ROAD, LONDON",W2 2HR,food standards agency,,,https://ratings.food.gov.uk/business/1857244
https://flatironsteak.co.uk/restaurant/marylebone/,own site,Flat Iron,Westminster,Marylebone (also St Marylebone),Steak,sustainability@flatironsteak.co.uk,1,,42-44 James Street,W1U 1EY,openstreetmap,,,https://www.openstreetmap.org/node/12927926966
https://flatironsteak.co.uk/covent-garden,own site,Flat Iron Covent Garden,Westminster,Covent Garden,Steak,sustainability@flatironsteak.co.uk,1,,17-18 Henrietta Street,WC2E 8QH,openstreetmap,,,https://www.openstreetmap.org/node/4611099089
https://flatironsteak.co.uk/restaurant/piccadilly/,own site,Flat Iron Piccadilly,Westminster,Soho,Steak,sustainability@flatironsteak.co.uk,1,,21 Denman Street,W1D 7HS,openstreetmap,,,https://www.openstreetmap.org/node/13677416627
https://flatironsteak.co.uk/restaurant/soho/,own site,Flat Iron Soho,Westminster,Soho,Steak,sustainability@flatironsteak.co.uk,1,,17 Beak Street,W1F 9RW,openstreetmap,,,https://www.openstreetmap.org/node/3058778433
https://flatironsteak.co.uk/restaurant/victoria/,own site,Flat Iron Victoria,Westminster,Belgravia,Steak,sustainability@flatironsteak.co.uk,1,,22 Terminus Place,SW1V 1JR,openstreetmap,,,https://www.openstreetmap.org/node/12927966861
https://www.flatwhitesoho.co.uk/,own site,Flat White,Westminster,Soho,Breakfast,flatwhiteberwick@gmail.com,1,+44 20 7734 0370,17 Berwick Street,W1F 0PT,openstreetmap,,flatwhitesoho,https://www.openstreetmap.org/way/156620024
https://www.flipandsear.com/,"own site (found by name, postcode verified)",Flip & Sear,Westminster,Paddington,Restaurant,info@flipandsear.com,1,,"145-147 EDGWARE ROAD, LONDON",W2 2HR,food standards agency,,,https://ratings.food.gov.uk/business/1832279
https://www.flocafe.gr/en/,own site,Flocafe,Westminster,Mayfair,Cafe,info@flocafe.gr,1,,40 South Molton Street,,openstreetmap,,,https://www.openstreetmap.org/node/5776254460
https://flooziecookies.com/,own site,Floozie Cookies,Westminster,Covent Garden,Bakery,,1,,15 lower ground Covent Garden,WC2E 8RE,openstreetmap,,,https://www.openstreetmap.org/node/12601495501
https://www.nightingalehospital.co.uk/,"own site (found by name, postcode verified)",Florence Nightingale Hospital,Westminster,Paddington,Restaurant,info@nightingalehospital.co.uk,1,,"FLORENCE NIGHTINGALE HOSPITAL 11-19 LISSON GROVE, LONDON",NW1 6SH,food standards agency,,,https://ratings.food.gov.uk/business/412995
https://focacciabar.co.uk/,own site,Focaccia Bar,Westminster,Pimlico,Deli; Italian,,1,,17 Churton Street,SW1V 2LY,openstreetmap,,,https://www.openstreetmap.org/node/12398124969
https://foleysrestaurant.co.uk/,own site,Foley's,Westminster,Fitzrovia,Restaurant,reservations@foleysrestaurant.co.uk,1,,23 Foley Street,,openstreetmap,,,https://www.openstreetmap.org/node/6172166086
https://www.sinfoniasmithsq.org.uk/footstool-cafe-in-westminster/,own site,Footstool Cafe & Bar,Westminster,Millbank,Restaurant,,1,,,,openstreetmap,,,https://www.openstreetmap.org/node/2625944377
https://forarestaurants.co.uk/,own site,Fora,Westminster,St John's Wood,Restaurant,,1,,11 Circus Road,,openstreetmap,,,https://www.openstreetmap.org/node/6532493407
https://formative.coffee/,own site,Formative Coffee,Westminster,Westminster,Cafe,roastery@formative.coffee,1,,4 Butler Place,SW1H 0RH,openstreetmap,,,https://www.openstreetmap.org/way/677885020
https://www.theprincealfred.com/,own site,Formosa Dining Room,Westminster,Little Venice,Restaurant,,2,+44 20 7286 3287,5a Formosa Street,W9 1EE,openstreetmap,,,https://www.openstreetmap.org/way/123186087
https://www.fortydeanstreet.com/,own site,Forty Dean Street,Westminster,Soho,Italian,info@fortydeanstreet.com,1,+44 20 7734 1853,40 Dean Street,W1D 4PX,openstreetmap,,,https://www.openstreetmap.org/node/13571511909
https://www.greeneking.co.uk/pubs/greater-london/fountains-abbey,own site,Fountains Abbey,Westminster,Paddington,Pub,,1,,109 Praed Street,W2 1RL,openstreetmap,,,https://www.openstreetmap.org/way/155494899
https://fourwinters.co/united-kingdom,own site,Four Winters,Westminster,Soho,Ice cream,,1,,53 Brewer Street,,openstreetmap,,,https://www.openstreetmap.org/node/12988179260
https://fowlrestaurant.com/,own site,FOWL,Westminster,St James's,Restaurant,info@fowlrestaurant.com,1,,3 Norris Street,SW1Y 4RJ,openstreetmap,,fowlrestaurant,https://www.openstreetmap.org/node/4888948829
https://www.foxlow.co.uk/,own site,Foxlow Soho,Westminster,Soho,Steak,,1,+44 20 7680 2710,8-10 Lower James Street,W1F 9EL,openstreetmap,,,https://www.openstreetmap.org/node/5212361525
https://franco.restaurant/en-GB/Home,own site,Franco,Westminster,Marylebone (also St Marylebone),Italian,,1,,4 Brendon Street,W1H 5HE,openstreetmap,,,https://www.openstreetmap.org/way/202751476
https://www.francomanca.co.uk/restaurants/westbourne-grove/,own site,Franco Manca,Westminster,Bayswater,Italian,,1,+44 20 3026 6305,111 Westbourne Grove,W2 4UW,openstreetmap,,,https://www.openstreetmap.org/node/4356000218
https://www.francomanca.co.uk/restaurants/victoria-nova/,own site,Franco Manca,Westminster,Belgravia,Pizza,,1,,7 Sir Simon Milton Square,SW1E 5DJ,openstreetmap,,,https://www.openstreetmap.org/node/5213629665
https://www.francomanca.co.uk/restaurants/baker-street/,own site,Franco Manca,Westminster,Marylebone (also St Marylebone),Pizza,,1,,,,openstreetmap,,,https://www.openstreetmap.org/node/9860662490
https://www.francomanca.co.uk/restaurants/soho/,own site,Franco Manca,Westminster,Soho,Pizza,,1,+44 20 7734 9330,51 Berwick Street,W1F 8SJ,openstreetmap,,,https://www.openstreetmap.org/node/11308326801
https://www.francomanca.co.uk/restaurants/aldwych/,own site,Franco Manca,Westminster,Covent Garden,Pizza,,1,+44 20 3026 8108,1-5 Catherine Street,WC2B 5JZ,openstreetmap,,,https://www.openstreetmap.org/way/196659508
https://www.francomanca.co.uk/restaurants/covent-garden/,own site,Franco Manca,Westminster,Covent Garden,Pizza,,1,+44 20 7240 8309,39 Maiden Lane,WC2E 7LJ,openstreetmap,,,https://www.openstreetmap.org/way/558928362
https://www.frankieandbennys.com/restaurants/london-burleigh-house,own site,Frankie & Benny's,Westminster,Covent Garden,American,,1,,357 Strand,WC2R 0HS,openstreetmap,,,https://www.openstreetmap.org/node/2400922125
https://www.frankieandbennys.com/restaurants/london-paddington-praed-street,own site,Frankie & Benny's,Westminster,Paddington,American,,1,+44 20 7262 3415,144 Praed Street,W2 1HU,openstreetmap,,,https://www.openstreetmap.org/way/344153535
http://fredbakery.com,own site,Fred Bakery,Westminster,Soho,Bakery,,1,,,,openstreetmap,,,https://www.openstreetmap.org/node/12437054636
https://freejswaileh.co.uk/,"own site (found by name, postcode verified)",Freej Swaileh,Westminster,Paddington,Restaurant,,1,,"161 EDGWARE ROAD, LONDON",W2 2HR,food standards agency,,,https://ratings.food.gov.uk/business/1781744
https://www.freejswalieh.com/,own site,Freej Swalieh,Westminster,Knightsbridge,Restaurant,info@freejswalieh.com,1,,86 Brompton Road,SW3 1ER,openstreetmap,,,https://www.openstreetmap.org/node/3357928868
https://www.frenchhousesoho.com/,own site,French House,Westminster,Soho,French; Pub,frenchhousereservations@gmail.com,1,,49 Dean Street,W1D 5BG,openstreetmap,,,https://www.openstreetmap.org/way/280985110
https://frenchiecoventgarden.com/,own site,Frenchie Covent Garden,Westminster,Covent Garden,French,reservations@frenchiecoventgarden.com,1,+44 20 7836 4422,16 Henrietta Street,WC2E 8QH,openstreetmap,,,https://www.openstreetmap.org/node/969138215
https://www.eat-fresco.co.uk/,own site,Fresco,Westminster,Bayswater,Restaurant,,1,,25 Westbourne Grove,,openstreetmap,,,https://www.openstreetmap.org/node/1230537388
https://www.freshbake.com/,"own site (found by name, postcode verified)",Fresh Bake,Westminster,Mayfair,Restaurant,,1,,"BOND STREET STATION OXFORD STREET, LONDON",W1C 2JT,food standards agency,,,https://ratings.food.gov.uk/business/1836373
https://freskolondon.com/,"own site (found by name, postcode verified)",Fresko,Westminster,Covent Garden,Takeaway,hello@freskolondon.com,1,,"BASEMENT AND GROUND FLOOR 44 BEDFORD STREET, LONDON",WC2E 9HA,food standards agency,,,https://ratings.food.gov.uk/business/1502836
https://www.frogbyadamhandling.com/,own site,Frog by Adam Handling,Westminster,Covent Garden,Restaurant,info@frogbyadamhandling.com,1,+44 20 7199 8370,34-38 Southampton Street,WC2E 7HG,openstreetmap,,,https://www.openstreetmap.org/node/5943507485
http://www.sancarlofumo.co.uk/,own site,Fumo,Westminster,Covent Garden,Restaurant,,1,,37 St Martin's Lane,WC2N 4ER,openstreetmap,,,https://www.openstreetmap.org/way/107035573
https://www.funky-noodle.com/,"own site (found by name, postcode verified)",Funky Noodle,Westminster,Covent Garden,Restaurant,,1,,"BASEMENT AND GROUND FLOOR 103 CHARING CROSS ROAD, LONDON",WC2H 0DT,food standards agency,,,https://ratings.food.gov.uk/business/1797980
https://gails.com/pages/seymour-place,own site,GAIL's,Westminster,Marylebone (also St Marylebone),Bakery,,1,,4-6 Seymour Place,,openstreetmap,,,https://www.openstreetmap.org/node/2323839026
https://gails.com/pages/strand,own site,GAIL's,Westminster,Covent Garden,Bakery,,1,,437 Strand,WC2R 0QN,openstreetmap,,,https://www.openstreetmap.org/node/2536623300
https://gails.com/pages/pimlico,own site,GAIL's,Westminster,Pimlico,Bakery,,1,,,,openstreetmap,,,https://www.openstreetmap.org/node/5234627722
https://gails.com/pages/clifton-road,own site,GAIL's,Westminster,Little Venice,Bakery,,1,,20 Clifton Road,,openstreetmap,,,https://www.openstreetmap.org/node/6695590183
https://gails.com/pages/maida-vale,own site,GAIL's,Westminster,Maida Vale,Bakery; Breakfast,,1,,237 Elgin Avenue,W9 1NJ,openstreetmap,,,https://www.openstreetmap.org/node/6712606286
https://gails.com/pages/westbourne-grove,own site,GAIL's,Westminster,Bayswater,Bakery,,1,+44 20 7243 4051,12 Westbourne Grove,,openstreetmap,,,https://www.openstreetmap.org/node/7062214284
https://gails.com/pages/paddington,own site,GAIL's,Westminster,Paddington,Bakery,,1,,,,openstreetmap,,,https://www.openstreetmap.org/node/11758744459
https://gails.com/pages/paddington-square,own site,GAIL's,Westminster,Paddington,Bakery,,1,,,,openstreetmap,,,https://www.openstreetmap.org/node/12004747473
https://gails.com/pages/soho,own site,GAIL's,Westminster,Soho,Bakery,,1,+44 20 7287 1324,128 Wardour Street,W1F 8ZL,openstreetmap,,,https://www.openstreetmap.org/way/157779574
https://gails.com/pages/great-portland-street,own site,GAIL's,Westminster,Fitzrovia,Bakery,,1,,,,openstreetmap,,,https://www.openstreetmap.org/way/345400567
https://gails.com/pages/baker-street,own site,Gail's,Westminster,Marylebone (also St Marylebone),Bakery,,1,,114 Baker Street,,openstreetmap,,,https://www.openstreetmap.org/way/676864382
https://gails.com/pages/st-johns-wood,own site,GAIL's Bakery,Westminster,St John's Wood,Bakery,,1,,5 Circus Road,NW8 6NX,openstreetmap,,,https://www.openstreetmap.org/node/983393989
https://www.galvinatwindows.com/,own site,Galvin at Windows,Westminster,Mayfair,French,reservations@galvinatwindows.com,1,+44 20 7208 4021,22 Park Lane,W1K 1BE,openstreetmap,,,https://www.openstreetmap.org/node/5970915399
https://www.garfunkels.co.uk/node/682,own site,Garfunkel's,Westminster,Covent Garden,Restaurant,,1,+44 20 7839 5148,3 Northumberland Avenue,WC2N 5BW,openstreetmap,,,https://www.openstreetmap.org/way/550944274
http://www.garlicandshots.com/,own site,Garlic & Shots,Westminster,Soho,Restaurant,,1,+44 20 7734 9505,14 Frith Street,W1D 4RD,openstreetmap,,,https://www.openstreetmap.org/node/639118129
https://www.startickets.com/lnd/london/the-garrick-theatre-tickets,"own site (found by name, postcode verified)",Garrick Theatre,Westminster,Covent Garden,Takeaway,tickets@startickets.com,1,,"2 CHARING CROSS ROAD, LONDON",WC2H 0HH,food standards agency,,,https://ratings.food.gov.uk/business/412004
http://www.gauchorestaurants.co.uk/restaurants/restaurant.php?id=piccadilly,own site,Gaucho,Westminster,St James's,Restaurant,,1,,25 Swallow Street,,openstreetmap,,,https://www.openstreetmap.org/node/2939875751
https://www.gauchorestaurants.com/restaurants/chancery-lane/,own site,Gaucho,Westminster,Temple,Restaurant,info@gauchorestaurants.com,1,,,,openstreetmap,,,https://www.openstreetmap.org/node/4757924037
https://gauthiersoho.co.uk/,"own site (found by name, postcode verified)",Gauthier,Westminster,Soho,Restaurant,info@gauthiersoho.co.uk,1,,21 Romilly Street,W1D 5AF,openstreetmap,,,https://www.openstreetmap.org/way/349937280
https://gemcorpcapital.com/,"own site (found by name, postcode verified)",Gemcorp Capital Llp,Westminster,Soho,Restaurant,,1,,"1 NEW BURLINGTON PLACE, LONDON",W1S 2HR,food standards agency,,,https://ratings.food.gov.uk/business/1099887
https://www.gerrysclub.co.uk/,"own site (found by name, postcode verified)",Gerry's Club,Westminster,Soho,Restaurant,info@gerrysclub.co.uk,1,,"BASEMENT 52-53 DEAN STREET, LONDON",W1D 5BJ,food standards agency,,,https://ratings.food.gov.uk/business/412878
https://www.gilgameshlondon.co.uk/,"own site (found by name, postcode verified)",Gilgamesh,Westminster,Covent Garden,Restaurant,info@gilgameshlondon.co.uk,1,,"4A UPPER ST MARTIN'S LANE, LONDON",WC2H 9NY,food standards agency,,,https://ratings.food.gov.uk/business/1666282
https://www.gogi-restaurant.com/,own site,Gogi,Westminster,Little Venice,Asian; Korean,,1,+44 20 7724 3018,451 Edgware Road,,openstreetmap,,,https://www.openstreetmap.org/node/6841519354
https://www.greeneking.co.uk/pubs/greater-london/golden-lion,own site,Golden Lion,Westminster,Soho,Pub,,1,,51 Dean Street,W1D 5BH,openstreetmap,,,https://www.openstreetmap.org/way/559103590
https://goldenunion.co.uk/,own site,Golden Union Fish Bar,Westminster,Soho,Seafood,,1,+44 20 7434 1933;+44 20 7458 4411,38 Poland Street,W1F 7LY,openstreetmap,,,https://www.openstreetmap.org/way/475957297
https://www.goldieslondon.com/,"own site (found by name, postcode verified)",Goldies London,Westminster,Soho,Restaurant,info@goldieslondon.com,1,,"10 KINGLY COURT, LONDON",W1B 5PW,food standards agency,,,https://ratings.food.gov.uk/business/1863892
https://goloso.co.uk/,"own site (found by name, postcode verified)",Goloso,Westminster,Soho,Ice cream,info@goloso.co.uk,1,,55 Greek Street,W1D 3DT,openstreetmap,,,https://www.openstreetmap.org/node/13571511980
https://goodwhich.co.uk/,"own site (found by name, postcode verified)",Goodwhich,Westminster,Covent Garden,Restaurant,info@goodwhich.co.uk,1,,"6 NEW ROW, LONDON",WC2N 4LH,food standards agency,,,https://ratings.food.gov.uk/business/1516081
https://www.gordonsdeli.com/,"own site (found by name, postcode verified)",Gordon's Deli,Westminster,Covent Garden,Deli,info@gordonsdeli.com,1,,49 Villiers Street,WC2N 6NE,openstreetmap,,,https://www.openstreetmap.org/way/71408537
https://www.gordonswinebar.com/,"own site (found by name, postcode verified)",Gordons Wine Bar,Westminster,Covent Garden,Restaurant,info@gordonswinebar.com,1,,"47 VILLIERS STREET, LONDON",WC2N 6NE,food standards agency,,,https://ratings.food.gov.uk/business/411258
https://govindas.london/,"own site (found by name, postcode verified)",Govinda's,Westminster,Soho,Indian,info@govindas.london,1,,10 Soho Street,W1D 3DL,openstreetmap,,,https://www.openstreetmap.org/node/447872928
https://www.greeneking.co.uk/pubs/greater-london/grafton-arms,own site,Grafton Arms,Westminster,Westminster,Pub,,1,,2 Strutton Ground,SW1P 2HP,openstreetmap,,,https://www.openstreetmap.org/way/113115182
https://grangerandco.com/marylebone,own site,Granger & Co.,Westminster,Marylebone (also St Marylebone),Breakfast,info@grangerandco.com,1,+44 2080797120,105 Marylebone High Street,W1U 4RS,openstreetmap,,,https://www.openstreetmap.org/way/148894834
https://grassosoho.com/,own site,Grasso,Westminster,Soho,Italian,reservations@grassosoho.com,1,,81 Dean Street,,openstreetmap,,,https://www.openstreetmap.org/node/11971987232
https://www.nicholsonspubs.co.uk/restaurants/london/thegreenman,own site,Green Man,Westminster,Soho,Pub; Seafood,,1,+44 20 7494 9731,57 Berwick Street,W1F 8SR,openstreetmap,,,https://www.openstreetmap.org/node/383980821
http://www.thegreenmansoho.co.uk/,own site (Wikidata),Green Man Public House,Westminster,Soho,Restaurant,,1,,"THE GREEN MAN 57 BERWICK STREET, LONDON",W1F 8SR,food standards agency,,,https://ratings.food.gov.uk/business/427778
https://www.sportlondon.com/greenwood,"own site (found by name, postcode verified)",Greenwood,Westminster,Belgravia,Restaurant,hello@sportlondon.com,1,,170 Victoria Street,SW1E 5LB,openstreetmap,,,https://www.openstreetmap.org/node/5213644971
https://www.greggs.com/shops/london/primark/6044,own site,Greggs @ Primark Oxford St,Westminster,Soho,Cafe,,1,,14-28 Oxford Street,W1D 1AU,openstreetmap,,,https://www.openstreetmap.org/node/14001245201
https://www.grumblesrestaurant.co.uk,own site,Grumbles,Westminster,Pimlico,Restaurant,contact@grumblesrestaurant.co.uk,1,+44 20 7834 0149,35 Churton Street,SW1V 2LT,openstreetmap,,,https://www.openstreetmap.org/way/332950906
https://opengatelondon.guinness.com/en,own site,Guinness Open Gate Brewery London,Westminster,Covent Garden,Pub,info@guinness.com,1,,1 Mercer Walk,,openstreetmap,,,https://www.openstreetmap.org/way/485638354
http://www.gymkhanalondon.com,own site,Gymkhana,Westminster,Mayfair,Indian,,1,+44 20 3011 5900,42 Albemarle Street,W1S 4JH,openstreetmap,,,https://www.openstreetmap.org/node/4546702589
https://www.hrhiggins.co.uk/,own site,H.R. Higgins,Westminster,Mayfair,Breakfast,info@hrhiggins.co.uk,1,+44 20 7629 3913,79 Duke Street,W1K 5AS,openstreetmap,,,https://www.openstreetmap.org/node/462025234
https://hafezrestaurant.co.uk/,own site,Hafez,Westminster,Bayswater,Restaurant,,1,+44 20 7221 3167,5 Hereford Road,W2 4AB,openstreetmap,,,https://www.openstreetmap.org/node/582764942
https://hakkasan.com/,own site,Hakkasan,Westminster,Mayfair,Asian; Chinese,,1,+44 20 7907 1888,17a Bruton Street,W1J 6QB,openstreetmap,,,https://www.openstreetmap.org/node/5409886222
https://www.halfway2heaven.net/london,own site,Halfway II Heaven,Westminster,Covent Garden,Pub,halfwaytoheaven.london@stonegatepubs.com,1,+44 20 7484 0736,7 Duncannon Street,WC2N 4JF,openstreetmap,https://www.facebook.com/HalfwaytoHeaven,https://www.instagram.com/onlyathalfway/,https://www.openstreetmap.org/node/246519847
https://neat-food.com/pages/new-victoria-store,own site,Hanbaagaasuuteeki,Westminster,Belgravia,Burger; Deli,,1,+44 20 4580 1255,36 Buckingham Palace Road,SW1W 0RE,openstreetmap,,,https://www.openstreetmap.org/node/385560828
http://hankies.london/hankies-marble-arch/,own site,Hankies Marble Arch,Westminster,Marylebone (also St Marylebone),Restaurant,sales@giraffecocktails.com,1,,,,openstreetmap,,,https://www.openstreetmap.org/node/6353763694
http://www.hankki.co.uk/,own site,Hankki Modern Korean Resturant,Westminster,Soho,Asian; Korean,info@hankki.co.uk,1,,7 Wardour Street,W1D 6DE,openstreetmap,,,https://www.openstreetmap.org/node/11923012769
https://happyrestaurants.com/,own site,HAPPY,Westminster,Soho,Burger; Seafood,bookings@happyrestaurants.com,1,+44 20 3883 7874,25-29 Coventry Street,W1D 7AG,openstreetmap,,,https://www.openstreetmap.org/node/348905523
https://www.happy-lemon.co.uk/,"own site (found by name, postcode verified)",Happy Lemon,Westminster,Covent Garden,Cafe,,1,,24A Newport Court,WC2H 7JS,openstreetmap,,,https://www.openstreetmap.org/node/13550924190
https://cafe.hardrock.com/london/,own site,Hard Rock Cafe,Westminster,Mayfair,American,london_reception@hardrock.com,1,+44 20 7514 1700,150 Old Park Lane,W1K 1QZ,openstreetmap,,,https://www.openstreetmap.org/node/540705964
https://www.harrisonscoffee.com/,"own site (found by name, postcode verified)",Harrisons Coffee,Westminster,Paddington,Cafe,hola@harrisonscoffee.com,1,,3 Spring Street,W2 3RA,openstreetmap,,,https://www.openstreetmap.org/way/739178516
https://www.harrysbar.co.uk/,own site,Harry's Bar,Westminster,Mayfair,Italian,reception@harrysbar.co.uk,1,+44 20 7408 0844,26 South Audley Street,W1K 2PD,openstreetmap,,,https://www.openstreetmap.org/way/342206344
https://www.harrys-bar.co.uk/,own site,Harry’s Bar,Westminster,Marylebone (also St Marylebone),Italian,,1,,30-34 James Street,W1U 1ER,openstreetmap,,,https://www.openstreetmap.org/way/107039266
https://hatchbistro.com/pimlico/,own site,Hatch 77,Westminster,Pimlico,Restaurant,info@hatchbistro.com,1,,77 Wilton Road,SW1V 1DE,openstreetmap,,hatch.77,https://www.openstreetmap.org/way/447844767
https://www.thehawksmoor.co.uk/sd.php,own site,Hawksmoor,Westminster,Covent Garden,Steak,,1,,11 Langley Street,WC2H 9JG,openstreetmap,,,https://www.openstreetmap.org/node/1094236528
https://hawlerrestaurant.co.uk/,own site,Hawler,Westminster,Little Venice,Restaurant,,1,+44 20 7724 5757,355 Edgware Road,W2 1BS,openstreetmap,,,https://www.openstreetmap.org/way/350934111
https://www.gordonramsayrestaurants.com/heddon-street-kitchen/,own site,Heddon Street Kitchen,Westminster,Soho,Restaurant,heddonstreetkitchen@gordonramsay.com,2,+44 20 7592 1212,3-9 Heddon Street,W1B 4BD,openstreetmap,,,https://www.openstreetmap.org/way/96237041
https://www.sakaguralondon.com,own site,Heddon Yokocho,Westminster,St James's,Asian; Japanese,staff.yokocho@japancentre.com,1,+44 20 3405 7230,8 Heddon Street,,openstreetmap,,,https://www.openstreetmap.org/node/5658171070
https://www.heistbank.com/,own site,Heist Bank,Westminster,Paddington,Pizza; Pub,hello@heistbank.com,1,+44 20 7723 8080,5 North Wharf Road,W2 1LA,openstreetmap,,,https://www.openstreetmap.org/node/4810177421
http://www.beatlescoffeeshop.com/,own site,Helterskelter,Westminster,St John's Wood,Cafe,,1,+44 20 7586 5404,Finchley Road,NW8 6EB,openstreetmap,,,https://www.openstreetmap.org/node/3700266808
https://www.henriettahotel.com/,own site,Henrietta Bistro,Westminster,Covent Garden,French,eat@henriettahotel.com,1,+44 20 3794 5314,14-15 Henrietta Street,WC2E 8QH,openstreetmap,,,https://www.openstreetmap.org/node/7176248885
https://www.herefordroad.org/,own site,Hereford Road Restaurant,Westminster,Bayswater,Restaurant,,1,+44 20 7727 1144,3 Hereford Road,W2 4AB,openstreetmap,,,https://www.openstreetmap.org/node/582758999
https://www.hide.co.uk/,own site,HIDE,Westminster,Mayfair,Restaurant,reservations@hide.co.uk,1,,85 - 87 Piccadilly,W1J 7NB,openstreetmap,,,https://www.openstreetmap.org/node/540705941
https://www.instagram.com/hideawaycoffee,instagram,Hide Away Coffee House,Westminster,Soho,Cafe,,1,,7 Farrier's Passage,W1D 7DP,openstreetmap,,hideawaycoffee,https://www.openstreetmap.org/node/11101286705
https://hideawaylondon.co.uk/,"own site (found by name, postcode verified)",Hideaway,Westminster,Mayfair,Restaurant,info@hideawaylondon.co.uk,1,,"100 MOUNT STREET, LONDON",W1K 2TG,food standards agency,,,https://ratings.food.gov.uk/business/1282553
https://www.highyaki.co.uk/,"own site (found by name, postcode verified)",High Yaki,Westminster,Covent Garden,Asian; Japanese,highyaki@hotmail.com,1,,10 Newport Place,WC2H 7PR,openstreetmap,,,https://www.openstreetmap.org/node/13462905158
https://hijazicorner.com/,own site,Hijazi Corner,Westminster,Paddington,Restaurant,,1,,332 Old Marylebone Road,NW1 5RE,openstreetmap,,,https://www.openstreetmap.org/way/241397018
https://www.himi.uk/,"own site (found by name, postcode verified)",Himi,Westminster,Soho,Restaurant,info@himi.uk,1,,4 Newburgh Street,W1F 7RF,openstreetmap,,,https://www.openstreetmap.org/way/223406943
http://hipchips.com,own site,Hip Chips,Westminster,Soho,Takeaway,,1,+44 20 7287 3114,49 Old Compton Street,,openstreetmap,,,https://www.openstreetmap.org/node/5470033221
https://hiverestaurants.com/,"own site (found by name, postcode verified)",Hive Restaurant,Westminster,Mayfair,Restaurant,,1,,"CONCESSION SELFRIDGES 400 OXFORD STREET, LONDON",W1A 1AB,food standards agency,,,https://ratings.food.gov.uk/business/1293006
https://hobsonsfishandchips.com,own site,Hobson's Fish & Chips,Westminster,Soho,Seafood,info@hobsonsfishandchips.com,3,+44 20 7287 3704,27-28 St. Anne's Court,W1F 0BN,openstreetmap,,,https://www.openstreetmap.org/way/275102864
https://www.homehouse.co.uk/,"own site (found by name, postcode verified)",Home House Studio,Westminster,Marylebone (also St Marylebone),Pub,reservations@homehouse.co.uk,1,,"44-48 GREAT CUMBERLAND PLACE, LONDON",W1H 7BS,food standards agency,,,https://ratings.food.gov.uk/business/1099884
https://homemarylebone.com/,own site,Home Marylebone,Westminster,Marylebone (also St Marylebone),Restaurant,,1,+44 20 7935 5512,79 Marylebone High Street,W1U 5JZ,openstreetmap,,,https://www.openstreetmap.org/way/148884392
https://www.honestburgers.co.uk/locations/piccadilly/,own site,Honest Burger,Westminster,Soho,Burger,contact@honestburgers.co.uk,1,,84 Brewer Street,W1F 9UB,openstreetmap,,,https://www.openstreetmap.org/node/7050102785
https://www.honestburgers.co.uk/locations/baker-st/,own site,Honest Burgers,Westminster,Marylebone (also St Marylebone),Burger,contact@honestburgers.co.uk,1,+44 20 3019 6566,31 Paddington Street,W1U 4HD,openstreetmap,,,https://www.openstreetmap.org/node/4857705971
https://www.honestburgers.co.uk/locations/garrick-st-leicester-sq/,own site,Honest Burgers,Westminster,Covent Garden,Burger,contact@honestburgers.co.uk,1,+44 20 3675 0930,17 Garrick Street,WC2E 9AX,openstreetmap,,,https://www.openstreetmap.org/way/1072559143
https://www.instagram.com/honeymoondessert_uk/,own site,Honeymoon Dessert 满记甜品,Westminster,Soho,Ice cream,,1,,33 Shaftesbury Avenue,W1D 7EH,openstreetmap,,,https://www.openstreetmap.org/node/624064568
https://hongkongbuffet.org.uk,own site,Hong Kong Buffet,Westminster,Covent Garden,Asian; Chinese,bookings@hongkongbuffet.org.uk,1,+44 20 7434 4127,16 Lisle Street,WC2H 7BE,openstreetmap,,,https://www.openstreetmap.org/way/995869096
https://www.hopperslondon.com,own site,Hoppers,Westminster,Marylebone (also St Marylebone),Indian,reservations@hopperslondon.com,2,+44 20 3319 8110,77 Wigmore Street,W1U 1QE,openstreetmap,,,https://www.openstreetmap.org/node/5285614573
https://www.horizonscasino.com/,"own site (found by name, postcode verified)",Horizons Casino,Westminster,Covent Garden,Restaurant,info@horizonscasino.com,1,,"BASEMENT 1 LEICESTER PLACE, LONDON",WC2H 7BP,food standards agency,,,https://ratings.food.gov.uk/business/411664
https://howmatcha.com/,"own site (found by name, postcode verified)",How Matcha,Westminster,Marylebone (also St Marylebone),Restaurant,info@howmatcha.com,1,,"47 BLANDFORD STREET, MARYLEBONE HIGH STREET, LONDON",W1U 7HQ,food standards agency,,,https://ratings.food.gov.uk/business/1884190
https://humblechickenuk.com/,own site,Humble Chicken,Westminster,Soho,Asian; Japanese,hello@humblechickenuk.com,1,,54 Frith Street,W1D 4SL,openstreetmap,,,https://www.openstreetmap.org/way/280997365
https://ignilondon.com/,"own site (found by name, postcode verified)",Humo,Westminster,Mayfair,Restaurant,reservations@ignilondon.com,1,,"12 ST GEORGE STREET, LONDON",W1S 2FB,food standards agency,,,https://ratings.food.gov.uk/business/1578901
https://www.hunanlondon.com/,"own site (found by name, postcode verified)",Hunan,Westminster,Belgravia,Asian; Chinese,reservations@hunanlondon.com,1,,51 Pimlico Road,SW1W 8NE,openstreetmap,,,https://www.openstreetmap.org/way/544506649
https://hush.co.uk/,own site,Hush,Westminster,Mayfair,Restaurant,,1,,8 Lancashire Court,W1S 1EY,openstreetmap,,,https://www.openstreetmap.org/node/1493424623
https://www.iberiarestaurant.co.uk/,own site,Iberia Georgian Restaurant,Westminster,Pimlico,Restaurant,pimlico@iberiarestaurant.co.uk,1,+44 20 78211771,3 Lupus Street,SW1V 3AS,openstreetmap,,,https://www.openstreetmap.org/way/542749860
https://www.ica.art/,own site,ICA Café Bar,Westminster,St James's,Cafe,info@ica.art,1,,,,openstreetmap,,,https://www.openstreetmap.org/node/5039987594
https://www.ikedarestaurant.com/,own site,Ikeda,Westminster,Mayfair,Asian; Japanese,kenichi_ikeda@hotmail.co.uk,1,,30 Brook Street,,openstreetmap,,,https://www.openstreetmap.org/node/5780658521
https://ikkansushi.com/,"own site (found by name, postcode verified)",IKKAN SUSHI,Westminster,Covent Garden,Sushi,info@ikkansushi.com,1,,"BASEMENT AND GROUND FLOOR 20 WELLINGTON STREET, LONDON",WC2E 7DD,food standards agency,,,https://ratings.food.gov.uk/business/1633832
https://www.ilbaretto.co.uk/,own site,Il Baretto,Westminster,Marylebone (also St Marylebone),Italian,,1,+44 20 7486 7340,43 Blandford Street,,openstreetmap,,,https://www.openstreetmap.org/node/852122451
https://www.ilblandfords.co.uk/,own site,Il Blandford`s,Westminster,Marylebone (also St Marylebone),Italian,ilblandfords@gmail.com,2,,65 Chiltern Street,,openstreetmap,,,https://www.openstreetmap.org/node/852122514
https://www.piccolodiavolo.co.uk/,own site,Il Cucciolo,Westminster,Soho,Italian,,1,,8 Old Compton Street,W1D 4TE,openstreetmap,,,https://www.openstreetmap.org/node/692190863
http://ilgusto.co.uk/,own site,Il Gusto,Westminster,Paddington,Italian,info@ilgusto.com,1,+44 20 7402 2111,11 Craven Road,W2 3BP,openstreetmap,,,https://www.openstreetmap.org/node/2528915750
https://www.imadssyriankitchen.co.uk/,own site,Imad's Syrian Kitchen,Westminster,Soho,Restaurant,hello@imadssyriankitchen.co.uk,1,+44 20 7434 2448,Kingly Court,W1B 5PW,openstreetmap,,,https://www.openstreetmap.org/node/5009334241
https://impalasoho.com/,"own site (found by name, postcode verified)",Impala,Westminster,Soho,Restaurant,bookings@impalasoho.com,1,,"GROUND FLOOR 13-14 DEAN STREET, LONDON",W1D 3RS,food standards agency,,,https://ratings.food.gov.uk/business/1912126
http://www.inamo-coventgarden.com,own site,Inamo,Westminster,Covent Garden,Asian,reservations@inamo-restaurant.com,1,,11-14 Hanover Place,WC2E 9JP,openstreetmap,,,https://www.openstreetmap.org/way/559946418
https://www.incalondon.com/,"own site (found by name, postcode verified)",Inca London,Westminster,Soho,Restaurant,reservations@incalondon.com,1,,"8 ARGYLL STREET, WEST END, LONDON",W1F 7TF,food standards agency,,,https://ratings.food.gov.uk/business/1416954
https://www.indexventures.com:443/,"own site (found by name, postcode verified)",Index Ventures,Westminster,Soho,Restaurant,press@indexventures.com,1,,"5-8 LOWER JOHN STREET, LONDON",W1F 9DY,food standards agency,,,https://ratings.food.gov.uk/business/1907902
https://www.inigofoods.com/,own site,Inigo Sushi,Westminster,Soho,Sushi,mreraru@gmail.com,1,,31 Great Windmill Street,,openstreetmap,,,https://www.openstreetmap.org/node/5497947507
https://inn1888marylebone.co.uk/,own site,Inn 1888,Westminster,Marylebone (also St Marylebone),Pub,landlord@inn1888marylebone.co.uk,1,,21a Devonshire Street,W1G 6PD,openstreetmap,,,https://www.openstreetmap.org/way/671497302
http://www.iranrestaurant.co.uk/home/,own site,Iran Restaurant,Westminster,Mayfair,Restaurant,bookings@iranrestaurant.co.uk,1,+44 20 7409 3337,27 Shepherd Market,W1J 7PR,openstreetmap,,,https://www.openstreetmap.org/way/629759096
http://www.irisandjune.com/,own site,Iris & June,Westminster,Millbank,Cafe,hello@irisandjune.com,1,,1 Howick Place,SW1P 1WG,openstreetmap,,,https://www.openstreetmap.org/node/3224182244
https://www.isabelw1.london/,own site,Isabel,Westminster,Mayfair,Restaurant,reservations@isabelw1.london,1,+44 20 3096 9292,26 Albemarle Street,,openstreetmap,,,https://www.openstreetmap.org/way/339608801
https://ishtarrestaurant.com/,own site,Ishtar,Westminster,Marylebone (also St Marylebone),Restaurant,,1,+44 20 7224 2446,10-12 Crawford Street,W1U 6AZ,openstreetmap,,,https://www.openstreetmap.org/node/942820504
https://islandpoke.co.uk/,own site,Island Poké,Westminster,Soho,Takeaway,aloha@islandpoke.co.uk,1,,8 Kingly Street,W1B 5PQ,openstreetmap,,,https://www.openstreetmap.org/node/5111046410
https://bistroistanbul.com/,own site,Istanbul Cafe & Bistro,Westminster,Fitzrovia,American; Breakfast; French; Halal; Seafood,marketing@bistroistanbul.com,1,+44 20 7580 9142,Great Portland Street,W1W 5PW,openstreetmap,https://www.facebook.com/istanbulcafelondon,,https://www.openstreetmap.org/node/4327900878
https://italianbearchocolate.com/,"own site (found by name, postcode verified)",Italian Bear Chocolate,Westminster,Soho,Italian,info@italianbearchocolate.com,1,,"29 RATHBONE PLACE, LONDON",W1T 1JG,food standards agency,,,https://ratings.food.gov.uk/business/622042
https://www.colicci.co.uk/italian-gardens-cafe,own site,Italian Gardens Cafe,Westminster,Paddington,Breakfast; Italian,kensington@colicci.co.uk,1,,,,openstreetmap,,,https://www.openstreetmap.org/way/520778269
https://www.itsu.com/location/london/hanover-square/,own site,itsu,Westminster,Mayfair,Asian,appfeedback@itsu.com,1,,,,openstreetmap,,,https://www.openstreetmap.org/node/452240116
https://www.itsu.com/location/london/paddingtonsheldonsquare/,own site,itsu,Westminster,Little Venice,Asian,appfeedback@itsu.com,1,,Unit 9 Sheldon Square,W2 6EZ,openstreetmap,,,https://www.openstreetmap.org/node/2364619724
https://www.itsu.com/location/london/great-peter-street/,own site,itsu,Westminster,Westminster,Asian,appfeedback@itsu.com,1,,,,openstreetmap,,,https://www.openstreetmap.org/node/2604603804
https://www.itsu.com/location/london/great-portland-street/,own site,itsu,Westminster,Fitzrovia,Asian,appfeedback@itsu.com,1,,246-248 Great Portland Street,W1W 5QY,openstreetmap,,,https://www.openstreetmap.org/node/2778336241
https://www.itsu.com/location/london/eastcastle-street/,own site,itsu,Westminster,Soho,Asian,appfeedback@itsu.com,1,,40 Eastcastle Street,W1W 8DS,openstreetmap,,,https://www.openstreetmap.org/node/2874022579
https://www.itsu.com/location/london/piccadilly/,own site,itsu,Westminster,Mayfair,Asian,appfeedback@itsu.com,1,+44 20 7495 4048,167 Piccadilly,W1J 9EG,openstreetmap,,,https://www.openstreetmap.org/node/3357928603
https://www.itsu.com/location/baker-street-15/,own site,itsu,Westminster,Marylebone (also St Marylebone),Asian,appfeedback@itsu.com,1,,15 Baker Street,,openstreetmap,,,https://www.openstreetmap.org/node/4526375177
http://www.itsu.co.uk,own site,itsu,Westminster,St James's,Asian,appfeedback@itsu.com,1,+44 20 7734 8695,27 Sackville Street,,openstreetmap,,,https://www.openstreetmap.org/node/5679199298
https://www.itsu.com/location/london/victoria-station/,own site,itsu,Westminster,Pimlico,Asian,appfeedback@itsu.com,1,,Terminus Place,SW1V 1JT,openstreetmap,,,https://www.openstreetmap.org/node/6239424063
https://www.itsu.com/location/london/baker-street-132/,own site,itsu,Westminster,Marylebone (also St Marylebone),Asian,appfeedback@itsu.com,1,,132 Baker Street,,openstreetmap,,,https://www.openstreetmap.org/node/6340270789
https://www.itsu.com/location/london/strand-32/,own site,itsu,Westminster,Covent Garden,Asian,appfeedback@itsu.com,1,,33 Strand,WC2N 6NA,openstreetmap,,,https://www.openstreetmap.org/way/71562566
https://www.itsu.com/location/london/upper-regent-street/,own site,itsu,Westminster,Soho,Asian,appfeedback@itsu.com,1,,313 Regent Street,,openstreetmap,,,https://www.openstreetmap.org/way/148693754
https://www.itsu.com/location/london/victoria-street-53/,own site,itsu,Westminster,Westminster,Asian,appfeedback@itsu.com,1,,51-53 Victoria Street,SW1H 0EU,openstreetmap,,,https://www.openstreetmap.org/way/203869522
https://www.itsu.com/location/london/victoria-street-163/,own site,itsu,Westminster,Pimlico,Asian,appfeedback@itsu.com,1,,163 Victoria Street,SW1E 5NA,openstreetmap,,,https://www.openstreetmap.org/way/203890514
https://www.itsu.com/location/london/broadwick-street/,own site,itsu,Westminster,Soho,Asian,,1,,31 Broadwick Street,W1F 0DG,openstreetmap,,,https://www.openstreetmap.org/way/273720729
https://www.itsu.com/location/london/neal-street/,own site,itsu,Westminster,Covent Garden,Asian,appfeedback@itsu.com,1,,2-4 Neal Street,WC2H 9LY,openstreetmap,,,https://www.openstreetmap.org/way/562307433
https://www.j-sheekey.co.uk/,own site,J. Sheekey,Westminster,Covent Garden,Seafood,,1,+44 20 7240 2565,28-34 St Martin's Court,WC2N 4AL,openstreetmap,,,https://www.openstreetmap.org/node/691635154
https://www.jacksonrye.com/,own site,Jackson + Rye,Westminster,Soho,Restaurant,,1,,56-58 Wardour Street,W1D 4JG,openstreetmap,,,https://www.openstreetmap.org/way/157779649
https://jaffacorner.co.uk/,own site,Jaffa Corner,Westminster,Paddington,Cafe,info@jaffacorner.co.uk,2,+44 20 7706 8118,195-197 Edgware Road,W2 1EY,openstreetmap,,,https://www.openstreetmap.org/node/6873711108
http://www.jaksmayfair.co.uk/,own site,Jak's,Westminster,Mayfair,Restaurant,,1,,43 South Molton Street,,openstreetmap,,,https://www.openstreetmap.org/node/5776296795
https://www.jamavarrestaurants.com/,own site,Jamavar,Westminster,Mayfair,Restaurant,,1,,8 Mount Street,W1K 3NF,openstreetmap,,,https://www.openstreetmap.org/way/342406638
https://www.jamieolivercatherinest.com/,own site,Jamie Oliver Catherine St,Westminster,Covent Garden,Restaurant,reservations@jamieolivercatherinest.com,1,+44 20 3084 7565,6 Catherine Street,WC2B 5JY,openstreetmap,,,https://www.openstreetmap.org/node/11991996950
https://jamiesitalian.co.uk/,"own site (found by name, postcode verified)",Jamie's Italian,Westminster,Covent Garden,Italian,hello@jamiesitalian.co.uk,1,,"17-18 IRVING STREET, LONDON",WC2H 7AU,food standards agency,,,https://ratings.food.gov.uk/business/1920919
https://southwickrestaurant.co.uk/,"own site (found by name, postcode verified)",Jamuna,Westminster,Paddington,Restaurant,reserve@southwickrestaurant.co.uk,1,,38 Southwick Street,W2 1JQ,openstreetmap,,,https://www.openstreetmap.org/way/241409738
http://www.janan.london,own site,Janan,Westminster,Little Venice,Restaurant,,1,+44 20 70461844,2 Warrington Crescent,W9 1ER,openstreetmap,,,https://www.openstreetmap.org/node/1366736528
https://javawhiskers.co.uk/marylebone/,own site,Java Whiskers Cat Café Marylebone,Westminster,Fitzrovia,Cafe,,1,,,,openstreetmap,,,https://www.openstreetmap.org/node/11141710133
https://jazzafterdark.co.uk/,"own site (found by name, postcode verified)",Jazz After Dark,Westminster,Soho,Restaurant,,1,,"BASEMENT AND GROUND FLOOR 9 GREEK STREET, LONDON",W1D 4DQ,food standards agency,,,https://ratings.food.gov.uk/business/413780
https://jikonilondon.com/,own site,Jikoni,Westminster,Marylebone (also St Marylebone),Restaurant,contact@jikonilondon.com,1,,19-21 Blandford Street,,openstreetmap,,,https://www.openstreetmap.org/node/6313634653
https://www.joejuice.com/stores/uk/wigmore/,own site,Joe & The Juice,Westminster,Marylebone (also St Marylebone),Breakfast,,1,,88 Wigmore Street,W1U 3RB,openstreetmap,,,https://www.openstreetmap.org/node/6298999730
https://www.joejuice.com/stores/uk/baker-street-ii/,own site,Joe & The Juice,Westminster,Marylebone (also St Marylebone),Breakfast,,1,,105 Baker Street,,openstreetmap,,,https://www.openstreetmap.org/node/6346625036
https://www.joejuice.com/stores/uk/baker-street/,own site,Joe & The Juice,Westminster,Marylebone (also St Marylebone),Breakfast,,1,,7 Baker Street,,openstreetmap,,,https://www.openstreetmap.org/node/6349082112
https://www.joejuice.com/stores?location=wgprnDN7pX,own site,Joe & The Juice,Westminster,Fitzrovia,Breakfast,,1,,96-98 Great Portland Street,W1W 6PA,openstreetmap,,,https://www.openstreetmap.org/way/345140314
https://www.joeallen.co.uk/,"own site (found by name, postcode verified)",Joe Allen,Westminster,Covent Garden,Restaurant,info@joeallen.co.uk,1,,2 Burleigh Street,WC2E 7PX,openstreetmap,,,https://www.openstreetmap.org/node/4778412049
https://www.daisygreenfood.com/location-johnny,own site,Johnny Green,Westminster,St John's Wood,Restaurant,reservations@daisygreenfood.com,1,+44 20 3649 4554,87 Allitsen Road,NW8 7AS,openstreetmap,,,https://www.openstreetmap.org/node/6545257221
http://joycessoho.co.uk/,own site,Joyce's Jerk Joint,Westminster,Soho,Restaurant,,1,,189 Wardour Street,W1F 8ZD,openstreetmap,,,https://www.openstreetmap.org/way/159483965
https://www.judesthai.com/,"own site (found by name, postcode verified)",Jude's Thai,Westminster,Belgravia,Restaurant,,1,,"MARKET HALL VICTORIA 191 VICTORIA STREET, LONDON",SW1E 5NE,food standards agency,,,https://ratings.food.gov.uk/business/1605544
https://www.juggedharevictoria.co.uk/,own site,Jugged Hare,Westminster,Pimlico,Pub,thejuggedhare@fullers.co.uk,1,+44 20 7828 1543,172 Vauxhall Bridge Road,SW1V 1DX,openstreetmap,,,https://www.openstreetmap.org/way/116957518
https://jumak39.co.uk/,own site,Jumak 39,Westminster,St James's,Asian; BBQ; Korean,,1,+44 20 7839 2774,39 Panton Street,SW1Y 4EA,openstreetmap,https://facebook.com/pages/Zumak39/102822931392649,jumak39,https://www.openstreetmap.org/node/670649313
https://kaffeine.co.uk/,own site,Kaffeine,Westminster,Soho,Breakfast,,2,+44 20 3730 5878,15 Eastcastle Street,W1T 3AY,openstreetmap,,,https://www.openstreetmap.org/node/3822812080
https://www.kahvedunyasi.co.uk/,own site,Kahve Dünyası,Westminster,Soho,Breakfast,musterihizmetleri@kahvedunyasi.com,1,,200 Piccadilly,W1J 9HU,openstreetmap,https://www.facebook.com/kahvedunyasiUK,,https://www.openstreetmap.org/way/290321024
https://www.kaimayfair.co.uk/,own site,Kai Mayfair,Westminster,Mayfair,Asian; Chinese,reservations@kaimayfair.co.uk,1,+44 20 7493 8988,65 South Audley Street,,openstreetmap,,,https://www.openstreetmap.org/node/5855830148
https://kanishkarestaurant.co.uk/,"own site (found by name, postcode verified)",Kanishka,Westminster,Mayfair,Restaurant,info@kanishkarestaurant.co.uk,1,,"17-19 MADDOX STREET, LONDON",W1S 2QH,food standards agency,,,https://ratings.food.gov.uk/business/1159357
https://www.kanpaiclassic.co.uk/,"own site (found by name, postcode verified)",Kanpai Classic,Westminster,Soho,Restaurant,kanpaiclassic_soho@kanpaiclassic.co.uk,1,,"147-149 WARDOUR STREET, LONDON",W1F 8WD,food standards agency,,,https://ratings.food.gov.uk/business/1669421
https://www.karamay.co.uk/,"own site (found by name, postcode verified)",Karamay,Westminster,Soho,Halal,contact@karamay.co.uk,1,,12 Great Castle Street,W1W 8LR,openstreetmap,,,https://www.openstreetmap.org/way/110459436
https://kasaandkin.co.uk/,"own site (found by name, postcode verified)",Kasa and Kin,Westminster,Soho,Asian,reservations@kasaandkin.co.uk,1,,52 Poland Street,W1F 7NQ,openstreetmap,,,https://www.openstreetmap.org/way/478686282
http://kawanlondon.co.uk,own site,Kawan,Westminster,Soho,Restaurant,kawanukmarketing@gmail.com,1,,12 Macclesfield Street,,openstreetmap,,,https://www.openstreetmap.org/node/13812504601
https://www.kazan-restaurant.com,own site,Kazan,Westminster,Pimlico,Restaurant,kazan.sw1@gmail.com,1,+44 20 7233 7100,93-94 Wilton Road,SW1V 1DW,openstreetmap,,,https://www.openstreetmap.org/way/272593912
https://www.kerridgesbarandgrill.co.uk/menus,own site,Kerridges's Bar & Grill,Westminster,Covent Garden,Steak,,1,+44 20 7321 3244,10 Northumberland Avenue,WC2N 5AE,openstreetmap,,,https://www.openstreetmap.org/node/11198018357
http://www.kettners.com,own site,Kettner's,Westminster,Soho,Restaurant,membersupport@sohohouse.com,1,,29 Romilly Street,W1D 5HP,openstreetmap,,,https://www.openstreetmap.org/node/13968960257
https://www.kfc.co.uk/kfc-near-me/london-baker-street,own site,KFC,Westminster,Marylebone (also St Marylebone),Takeaway,,1,,128 Baker Street,,openstreetmap,,,https://www.openstreetmap.org/node/6340270792
https://www.kfc.co.uk/kfc-near-me/london-queensway,own site,KFC,Westminster,Bayswater,Takeaway,,1,,54 Queensway,,openstreetmap,,,https://www.openstreetmap.org/node/7038434001
https://www.kfc.co.uk/kfc-near-me/paddington-praed-street,own site,KFC,Westminster,Paddington,Takeaway,,1,,149-151 Praed Street,,openstreetmap,,,https://www.openstreetmap.org/way/155494904
https://www.kfc.co.uk/kfc-near-me/london-leicester-square,own site,KFC,Westminster,Covent Garden,Takeaway,,1,,43 Charing Cross Road,WC2H 0AP,openstreetmap,,,https://www.openstreetmap.org/way/349340730
https://www.kfc.co.uk/kfc-near-me/london-edgware-road,own site,KFC,Westminster,Paddington,Halal,,1,,380 Edgware Road,W2 1EB,openstreetmap,,,https://www.openstreetmap.org/way/367067243
https://www.khansrestaurant.co.uk/,own site,Khan's,Westminster,Bayswater,Indian,,1,+44 20 7727 5420,13-15 Westbourne Grove,W2 4UA,openstreetmap,,,https://www.openstreetmap.org/node/511172059
https://www.khaobird.com/,"own site (found by name, postcode verified)",Khao Bird,Westminster,Soho,Asian,soho@khaobird.com,1,,24 Brewer Street,W1F 0SN,openstreetmap,,,https://www.openstreetmap.org/way/573279271
https://www.khaosoilondon.com/,"own site (found by name, postcode verified)",Khaosoi London,Westminster,Soho,Restaurant,,1,,"BASEMENT AND GROUND FLOOR 9-10 MARKET PLACE, LONDON",W1W 8AQ,food standards agency,,,https://ratings.food.gov.uk/business/1834579
https://khuttarrestaurant.co.uk/,"own site (found by name, postcode verified)",Khuttar Restaurant,Westminster,Paddington,Restaurant,khuttarr@yahoo.com,1,,"BASEMENT AND GROUND FLOOR 17 BOUVERIE PLACE, LONDON",W2 1RD,food standards agency,,,https://ratings.food.gov.uk/business/412602
https://www.kibele.co.uk/,own site,Kibele Restaurant & Bar,Westminster,Fitzrovia,Breakfast; Halal; Seafood; Steak,reservation@kibelerestaurant.com,1,+44 20 7436 0600,175-177 Great Portland Street,W1W 5PJ,openstreetmap,,,https://www.openstreetmap.org/node/2778336243
https://www.kikurestaurant.co.uk/,own site,Kiku,Westminster,Mayfair,Asian; Japanese,kikumayfair@kikurestaurant.co.uk,1,+44 20 7499 4208,17 Half Moon Street,W1J 7BE,openstreetmap,,,https://www.openstreetmap.org/node/690719946
https://www.kilnsoho.com/,own site,Kiln,Westminster,Soho,Asian,bookings@kilnsoho.com,1,,58 Brewer Street,W1F 9TL,openstreetmap,,,https://www.openstreetmap.org/node/466926237
https://kimarestaurant.com/,"own site (found by name, postcode verified)",Kima,Westminster,Marylebone (also St Marylebone),Restaurant,reservations@kimarestaurant.com,1,,57 Paddington Street,W1U 4HZ,openstreetmap,,,https://www.openstreetmap.org/way/148871629
https://kineya.co.uk/,own site,Kineya Mugimaru,Westminster,Covent Garden,Japanese,,1,,"36-38 Villiers Street, London",WC2N 6NJ,openstreetmap,,,https://www.openstreetmap.org/node/12699196609
https://www.kingsarms-soho.co.uk/london,own site,King's Arms,Westminster,Soho,Pub,,1,+44 20 7734 5907,23 Poland Street,W1F 8QL,openstreetmap,,,https://www.openstreetmap.org/way/475721718
https://www.greeneking.co.uk/pubs/greater-london/kings-head,own site,Kings Head,Westminster,Bayswater,Pub,,1,+44 20 7229 4233,33 Moscow Road,,openstreetmap,,,https://www.openstreetmap.org/way/761312030
http://kioskafe.com/,own site,Kioskafé,Westminster,Paddington,Cafe,hek@monocle.com,1,,31 Norfolk place,W2 1QH,openstreetmap,,,https://www.openstreetmap.org/node/1678901006
https://kishpersianrestaurant.com/,own site,Kish,Westminster,Maida Vale,Restaurant,,1,+44 20 7624 2525,7-9 Kilburn High Road,,openstreetmap,,,https://www.openstreetmap.org/node/6634098760
https://kissthehippo.com/,own site,Kiss the Hippo,Westminster,Soho,Breakfast,info@kissthehippo.com,2,+44 20 7580 2547,51 Margaret Street,W1W 8SG,openstreetmap,kissthehippocoffee,kissthehippo,https://www.openstreetmap.org/node/3637713284
https://www.kissaten.co.uk/,"own site (found by name, postcode verified)",Kissaten,Westminster,Soho,Restaurant,nmanchester@kissaten.co.uk,1,,,W1D 4UN,openstreetmap,,,https://www.openstreetmap.org/way/157779699
https://www.kittyfishers.com/,own site,Kitty Fisher's,Westminster,Mayfair,Seafood,bookings@kittyfishers.com,1,+44 20 3302 1661,10 Shepherd Market,W1J 7QF,openstreetmap,,,https://www.openstreetmap.org/node/622535978
https://www.kleinskys.co.uk/,"own site (found by name, postcode verified)",Kleinsky's,Westminster,Mayfair,Restaurant,,1,,"39 NORTH AUDLEY STREET, LONDON",W1K 6ZW,food standards agency,,,https://ratings.food.gov.uk/business/1735947
https://knoops.co.uk/,own site,Knoops,Westminster,Covent Garden,Cafe,,1,,2a New Row,,openstreetmap,,,https://www.openstreetmap.org/node/821344556
https://www.kobalondon.com/,own site,Koba,Westminster,Soho,Asian; Korean,,1,+44 20 7580 8825,11 Rathbone Street,W1T 1NA,openstreetmap,,,https://www.openstreetmap.org/way/133891880
https://koibird.com/,"own site (found by name, postcode verified)",KOIBIRD,Westminster,Marylebone (also St Marylebone),Restaurant,koisquad@koibird.com,1,,"62 MARYLEBONE LANE, LONDON",W1U 2PB,food standards agency,,,https://ratings.food.gov.uk/business/1693264
https://kolrestaurant.com/,own site,KOL,Westminster,Marylebone (also St Marylebone),Mexican,contact@kolrestaurant.com,1,+44 20 3829 6888,9 Seymour Street,W1H 7BA,openstreetmap,,,https://www.openstreetmap.org/node/8027864390
http://www.kottasushi.co.uk,own site,Kotta Sushi,Westminster,St John's Wood,Asian; Japanese; Sushi,info@kottasushi.co.uk,1,+44 20 7624 1031,1 Violet Hill,NW8 9EB,openstreetmap,,,https://www.openstreetmap.org/node/9010216119
https://kricket.co.uk/soho/,own site,Kricket,Westminster,St James's,Indian,hello@kricket.co.uk,1,,12 Denman Street,,openstreetmap,,,https://www.openstreetmap.org/node/5500146392
https://shops.krispykreme.co.uk/victoria,own site,Krispy Kreme,Westminster,Pimlico,Donuts,customercare@krispykreme.co.uk,1,,,,openstreetmap,,,https://www.openstreetmap.org/node/2499611131
https://shops.krispykreme.co.uk/baker-street,own site,Krispy Kreme,Westminster,Marylebone (also St Marylebone),Donuts,customercare@krispykreme.co.uk,1,+44 1276 601170,Shop G Baker Street Station,NW1 5LA,openstreetmap,,,https://www.openstreetmap.org/way/1410896830
https://kuducollective.com,own site,Kudu,Westminster,Marylebone (also St Marylebone),Restaurant,,1,,7 Moxon Street,W1U 4EP,openstreetmap,,,https://www.openstreetmap.org/way/276055540
http://www.kula-cafe.com/,own site,Kula,Westminster,Mayfair,Cafe,,1,,21 James Street,W1U 1DU,openstreetmap,,,https://www.openstreetmap.org/way/217965547
https://kulukulu.co.uk/,own site,Kulu Kulu,Westminster,St James's,Asian; Japanese,,1,,76 Brewer Street,,openstreetmap,,,https://www.openstreetmap.org/node/655306919
https://www.kulukulusushi.com/,"own site (found by name, postcode verified)",Kulu Kulu Sushi,Westminster,Soho,Sushi,,1,,"76 BREWER STREET, LONDON",W1F 9TX,food standards agency,,,https://ratings.food.gov.uk/business/413316
https://kumorirestaurant.com/,"own site (found by name, postcode verified)",Kumori,Westminster,Soho,Restaurant,reservations@kumorirestaurant.com,1,,"26 DENMAN STREET, LONDON",W1D 7HX,food standards agency,,,https://ratings.food.gov.uk/business/1913700
https://kungfumama.co.uk/,own site,Kung Fu Mama,Westminster,Covent Garden,Chinese,,1,,80 Long Acre,WC2E 9NG,openstreetmap,,,https://www.openstreetmap.org/way/98535873
https://www.anticapizzeriadamichele.co.uk/,own site,L'Antica Pizzeria da Michele,Westminster,Marylebone (also St Marylebone),Pizza,info@anticapizzeriadamichele.co.uk,1,+44 20 7935 6458,199 Baker Street,NW1 6UY,openstreetmap,,,https://www.openstreetmap.org/node/6424675172
https://www.anticapizzeriadamichele.co.uk/soho,own site,L'Antica Pizzeria da Michele,Westminster,Soho,Pizza,info@anticapizzeriadamichele.co.uk,1,+44 20 7434 4563,44 Old Compton Street,W1D 4TY,openstreetmap,,,https://www.openstreetmap.org/way/157771352
https://www.lartistemuscle.co.uk/,"own site (found by name, postcode verified)",L'Artiste Muscle,Westminster,Mayfair,Restaurant,,1,,"1 SHEPHERD MARKET, LONDON",W1J 7PA,food standards agency,,,https://ratings.food.gov.uk/business/411079
http://www.laventure.co.uk/,own site,L'Aventure,Westminster,St John's Wood,French,sale@laventure.co.uk,1,,3 Blenheim Terrace,,openstreetmap,,,https://www.openstreetmap.org/node/6612064873
https://www.lescargot.co.uk/,own site,L'Escargot,Westminster,Soho,French,info@lescargotrestaurant.co.uk,1,+44 20 7439 7474,48 Greek Street,W1D 4EF,openstreetmap,,,https://www.openstreetmap.org/node/13571496072
https://letocaffe.com/,"own site (found by name, postcode verified)",L'Eto Caffe,Westminster,Belgravia,Restaurant,info@letocaffe.com,3,,"10 WEST HALKIN STREET, LONDON",SW1X 8JL,food standards agency,,,https://ratings.food.gov.uk/business/560394
https://lulivo.uk/,"own site (found by name, postcode verified)",L'Ulivo,Westminster,Covent Garden,Italian,office@lulivo.uk,1,,21-23 Villiers Street,WC2N 6ND,openstreetmap,,,https://www.openstreetmap.org/way/71408531
https://laballerina.co.uk/,"own site (found by name, postcode verified)",La Ballerina,Westminster,Covent Garden,Italian,reservations@laballerina.co.uk,1,+44 20 7379 6659,7-8 Bow Street,WC2E 7AH,openstreetmap,,,https://www.openstreetmap.org/way/986906893
https://www.labrasseria.com/,own site,La Brasseria Milanese,Westminster,Marylebone (also St Marylebone),Italian,reservations@labrasseria.com,1,,42 Marylebone High Street,,openstreetmap,,,https://www.openstreetmap.org/way/148871605
http://lacostacoffe.co.uk/,own site,La costa cafe,Westminster,Paddington,Cafe,,1,+44 20 7402 7789,44 Craven Road,,openstreetmap,,,https://www.openstreetmap.org/node/6991344251
https://www.lafromagerie.co.uk/,own site,La Fromagerie,Westminster,Marylebone (also St Marylebone),Deli,online@lafromagerie.co.uk,1,+44 20 7935 0341,2-6 Moxon Street,W1U 4EW,openstreetmap,,,https://www.openstreetmap.org/way/276055548
https://www.lamomelondon.com/,"own site (found by name, postcode verified)",La Mome London,Westminster,Belgravia,Restaurant,,1,,"BERKELEY HOTEL 40 WILTON PLACE, LONDON",SW1X 7RL,food standards agency,,,https://ratings.food.gov.uk/business/1784336
http://www.lpmlondon.co.uk/london,own site,La Petite Maison,Westminster,Mayfair,French,info@lpmlondon.co.uk,1,,54 Brook's Mews,W1K 4EG,openstreetmap,,,https://www.openstreetmap.org/node/5764852030
https://www.lapetitepoissonnerie.com/,own site,La Petite Poissonnerie,Westminster,Marylebone (also St Marylebone),Seafood,,1,,19 New Quebec Street,,openstreetmap,,,https://www.openstreetmap.org/node/6352204446
https://www.laporchetta.uk/,own site,La Porchetta,Westminster,Soho,Italian; Pizza,,1,+44 20 7494 9368,20 Old Compton Street,W1D 4TW,openstreetmap,,laporchettapollobar,https://www.openstreetmap.org/way/157771336
https://laksamania.co.uk/,own site,Laksamania,Westminster,Soho,Asian,laksamania2018@outlook.com,1,+44 20 7637 9888,92 Newman Street,W1T 3EZ,openstreetmap,,,https://www.openstreetmap.org/node/5899373585
https://www.greeneking.co.uk/pubs/greater-london/lamb-and-flag,own site,Lamb & Flag,Westminster,Mayfair,Pub,,1,,24 James Street,W1U 1EL,openstreetmap,,,https://www.openstreetmap.org/way/107039274
https://www.coyarestaurant.com/london-mayfair/,own site,Landmark,Westminster,Mayfair,Restaurant,reservations@coyarestaurant.com,1,+44 20 7042 7118,118 Piccadilly,,openstreetmap,,,https://www.openstreetmap.org/node/5960715927
http://www.langansrestaurants.co.uk,own site,Langan's Brasserie,Westminster,Mayfair,French,,1,,12 Stratton Street,W1J 8LB,openstreetmap,,,https://www.openstreetmap.org/node/454212877
https://laocafe.co.uk/,"own site (found by name, postcode verified)",Lao Café,Westminster,Covent Garden,Restaurant,info@laocafe.co.uk,1,,60 Chandos Place,WC2N 4HG,openstreetmap,,,https://www.openstreetmap.org/way/558503738
https://lavellecoffee.com/menu,own site,Lavelle,Westminster,Soho,Cafe,shop@lavellecoffee.com,1,,38 Rathbone Place,,openstreetmap,,,https://www.openstreetmap.org/node/12798084428
https://www.lebeaujolais.london/,"own site (found by name, postcode verified)",Le Beaujolais,Westminster,Covent Garden,French,winebar@lebeaujolais.london,1,,25 Litchfield Street,WC2H 9NJ,openstreetmap,,,https://www.openstreetmap.org/way/349340729
https://www.lecafenac.com/,"own site (found by name, postcode verified)",Le Café NAC,Westminster,Belgravia,Restaurant,hello@lecafenac.com,1,,"16 MOTCOMB STREET, LONDON",SW1X 8LB,food standards agency,,,https://ratings.food.gov.uk/business/1846181
https://www.cochonnet.uk/,own site,Le Cochonnet,Westminster,Maida Vale,Restaurant,,1,+44 20 7289 0393,1 Lauderdale Parade,W9 1LU,openstreetmap,,,https://www.openstreetmap.org/node/6679797394
http://www.frenchrestaurantlondon.co.uk/,own site,Le Garrick,Westminster,Covent Garden,French,info@legarrick.co.uk,1,+44 20 7240 7649,10-12 Garrick Street,WC2E 9BH,openstreetmap,,,https://www.openstreetmap.org/node/603129378
https://www.le-gavroche.co.uk/,own site (Wikidata),Le Gavroche,Westminster,Mayfair,Restaurant,,1,,"43 UPPER BROOK STREET, LONDON",W1K 7QR,food standards agency,,,https://ratings.food.gov.uk/business/412137
https://www.relaisdevenise.com/,own site,Le Relais De Venise L'Entrecote,Westminster,Marylebone (also St Marylebone),French,city@relaisdevenise.com,1,+44 20 7486 0878,120 Marylebone Lane,,openstreetmap,,,https://www.openstreetmap.org/node/6292630630
https://www.levieuxcomptoir.co.uk/,own site,Le Vieux Comptoir,Westminster,Marylebone (also St Marylebone),French,info@levieuxcomptoir.co.uk,1,+44 20 7224 0303,26-28 Moxon Street,W1U 4EU,openstreetmap,,,https://www.openstreetmap.org/node/2434621099
https://www.lebaneats.co.uk/,own site,LebanEats,Westminster,Mayfair,Restaurant,feedme@lebaneats.co.uk,1,,18 Lansdowne Row,,openstreetmap,,,https://www.openstreetmap.org/way/339627270
https://www.leicestersquaretheatre.com/,"own site (found by name, postcode verified)",Leicester Square Theatre,Westminster,Covent Garden,Restaurant,boxoffice@leicestersquaretheatre.com,1,,"6 LEICESTER PLACE, LONDON",WC2H 7BX,food standards agency,,,https://ratings.food.gov.uk/business/766876
http://www.theleinsterarmsbayswater.co.uk/,own site (Wikidata),Leinster Arms Public House,Westminster,Bayswater,Restaurant,,1,,"17 LEINSTER TERRACE, LONDON",W2 3EU,food standards agency,,,https://ratings.food.gov.uk/business/411484
https://www.lenascafe.com/,"own site (found by name, postcode verified)",Lena's Cafe,Westminster,Paddington,Cafe,office@lenascafe.com,1,,83 Praed Street,W2 1NT,openstreetmap,,,https://www.openstreetmap.org/way/155507590
https://leon.co/restaurants/regent-street/,own site,LEON,Westminster,Soho,Burger; Deli,strand@leon.co,1,,275 Regent Street,W1B 2HB,openstreetmap,,,https://www.openstreetmap.org/node/661145887
https://leon.co/restaurants/horseferry/,own site,LEON,Westminster,Millbank,Burger; Deli,strand@leon.co,1,,27-29 Horseferry Road,SW1P 2AY,openstreetmap,,,https://www.openstreetmap.org/node/9000474898
https://leon.co/restaurants/hanover-square/,own site,LEON,Westminster,Mayfair,Burger; Deli,strand@leon.co,1,,,,openstreetmap,,,https://www.openstreetmap.org/node/12168431709
https://leon.co/restaurants/broadwick-street/,own site,LEON,Westminster,Soho,Burger; Deli,strand@leon.co,1,,,,openstreetmap,,,https://www.openstreetmap.org/way/273720731
https://www.les-110-taillevent-london.com/,own site,Les 110 de Taillevent,Westminster,Marylebone (also St Marylebone),French,,1,,16 Cavendish Square,,openstreetmap,,,https://www.openstreetmap.org/node/6202912807
https://www.liveli.co.uk/,own site,Li Veli,Westminster,Covent Garden,Restaurant,hello@liveli.co.uk,1,+44 20 7240 8163,69 Long Acre,WC2E 9JS,openstreetmap,,,https://www.openstreetmap.org/way/988767806
https://www.lilibetsrestaurant.com/,"own site (found by name, postcode verified)",Lilibet's,Westminster,Mayfair,Restaurant,reservations@lilibetsrestaurant.com,1,,"17 BRUTON STREET, LONDON",W1J 6QB,food standards agency,,,https://ratings.food.gov.uk/business/1643128
https://www.limalondon.com/,"own site (found by name, postcode verified)",Lima Cantina,Westminster,Covent Garden,Mexican,enquiry@limalondon.com,1,,"BASEMENT AND PART GROUND FLOOR 14 GARRICK STREET, LONDON",WC2E 9BJ,food standards agency,,,https://ratings.food.gov.uk/business/413681
https://www.limeorange.co.uk/,own site,Lime Orange,Westminster,Pimlico,Asian; Japanese; Korean,,1,,312 Vauxhall Bridge Road,SW1V 1AA,openstreetmap,,limeorangerestaurant,https://www.openstreetmap.org/node/3131224841
https://limoncellolondon.co.uk/,"own site (found by name, postcode verified)",Limoncello,Westminster,Covent Garden,Restaurant,hello@limoncellolondon.co.uk,1,,"42 CRANBOURN STREET, LONDON",WC2H 7AN,food standards agency,,,https://ratings.food.gov.uk/business/1807610
https://litamarylebone.com/,"own site (found by name, postcode verified)",Lita,Westminster,Marylebone (also St Marylebone),Restaurant,reservations@litamarylebone.com,2,,"7 PADDINGTON STREET, LONDON",W1U 5QH,food standards agency,,,https://ratings.food.gov.uk/business/1662342
https://www.littlebaoboy.com/,"own site (found by name, postcode verified)",Little Bao Boy,Westminster,Mayfair,Restaurant,,1,,"MARKET HALL WEST END 9 HOLLES STREET, LONDON",W1G 0BD,food standards agency,,,https://ratings.food.gov.uk/business/1916474
https://www.sohohouse.com/houses/little-house-mayfair,"own site (found by name, postcode verified)",Little House,Westminster,Mayfair,Restaurant,membersupport@sohohouse.com,1,,"2 QUEEN STREET, LONDON",W1J 5PA,food standards agency,,,https://ratings.food.gov.uk/business/850601
https://littleitalysoho.co.uk/,own site,Little Italy,Westminster,Soho,Restaurant,info@littleitalysoho.co.uk,1,+44 20 7734 4737,21 Frith Street,W1D 4RN,openstreetmap,,,https://www.openstreetmap.org/node/639122288
https://littlekorea.co.uk/,"own site (found by name, postcode verified)",Little Korea,Westminster,Covent Garden,Asian; Japanese; Korean,info@littlekorea.co.uk,1,,2-3 Lisle Street,WC2H 7BG,openstreetmap,,,https://www.openstreetmap.org/way/993781418
https://www.littlesocial.co.uk/,"own site (found by name, postcode verified)",Little Social,Westminster,Mayfair,Restaurant,reservations@littlesocial.co.uk,1,,5 Pollen Street,W1S 1NE,openstreetmap,,,https://www.openstreetmap.org/node/4492769439
https://littlevenice-fishbar.co.uk/,own site,Little Venice Fish Bar,Westminster,Little Venice,Seafood,,1,+44 20 7121 8881,264 Harrow Road,,openstreetmap,,,https://www.openstreetmap.org/node/3455846393
https://www.loafnlatte.co.uk/,"own site (found by name, postcode verified)",Loaf n Latte,Westminster,Paddington,Restaurant,taz@loafnlatte.co.uk,1,,"44 EDGWARE ROAD, LONDON",W2 2EH,food standards agency,,,https://ratings.food.gov.uk/business/1961580
http://lobostapas.co.uk/,own site,Lobos,Westminster,Soho,Spanish,info@lobostapas.co.uk,1,,48 Frith Street,W1D 4SF,openstreetmap,,,https://www.openstreetmap.org/way/157771394
http://www.locandalocatelli.com/,own site,Locanda Locatelli,Westminster,Marylebone (also St Marylebone),Restaurant,info@locandalocatelli.com,1,+44 20 7935 9088,8 Seymour Street,W1H 7JZ,openstreetmap,,,https://www.openstreetmap.org/node/2305803802
https://www.lockhouselondon.com/,own site,Lockhouse,Westminster,Paddington,American,,1,,,,openstreetmap,,,https://www.openstreetmap.org/node/6853206778
https://www.locomexicano.co.uk/,own site,Loco Mexicano,Westminster,Pimlico,Mexican,locomexicanovictoria@gmail.com,1,+44 20 7931 7325,"64-65 Wilton Rd, Victoria, London",,openstreetmap,,,https://www.openstreetmap.org/node/10858720672
https://lokalrestaurant.co.uk/,"own site (found by name, postcode verified)",LOKAL RESTAURANT,Westminster,Soho,Restaurant,reservations@lokalrestaurant.co.uk,1,,"BASEMENT AND GROUND FLOOR 7-8 MARKET PLACE, LONDON",W1W 8AG,food standards agency,,,https://ratings.food.gov.uk/business/1932717
http://www.lokkanta.co.uk/,own site,Lokkanta,Westminster,Bayswater,Restaurant,,1,+44 20 7792 0119,31 Westbourne Grove,,openstreetmap,,,https://www.openstreetmap.org/node/7099547599
https://londongrandcoffee.com/,"own site (found by name, postcode verified)",London Grand Coffee,Westminster,Soho,Restaurant,info@londongrandcoffee.com,1,,"11 WARWICK STREET, LONDON",W1B 5NA,food standards agency,,,https://ratings.food.gov.uk/business/1688823
https://lwtheatres.co.uk/theatres/the-london-palladium/,"own site (found by name, postcode verified)",London Palladium,Westminster,Soho,Restaurant,customer.relations@lwtheatres.co.uk,1,,"LONDON PALLADIUM 7-8 ARGYLL STREET, WEST END, LONDON",W1F 7TF,food standards agency,,,https://ratings.food.gov.uk/business/413207
https://www.lordwargrave.com/,own site,Lord Wargrave,Westminster,Paddington,Pub,,1,+44 20 7723 0559,40-42 Brendon Street,,openstreetmap,,,https://www.openstreetmap.org/node/298220599
https://lordsofpoke.com/,own site,Lords of Poké,Westminster,Little Venice,Restaurant,,1,,,,openstreetmap,,,https://www.openstreetmap.org/node/6854798508
https://www.lotusrealm.co.uk/,"own site (found by name, postcode verified)",Lotus Realm,Westminster,Soho,Restaurant,,1,,"4 BERNERS STREET, LONDON",W1T 3LE,food standards agency,,,https://ratings.food.gov.uk/business/1955265
https://thehouseoflouie.com/restaurants-bar/louie-restaurant/,"own site (found by name, postcode verified)",Louie,Westminster,Covent Garden,Restaurant,reservations@thehouseoflouie.com,1,,"BASEMENT TO FOURTH FLOOR 13-15 WEST STREET, LONDON",WC2H 9NE,food standards agency,,,https://ratings.food.gov.uk/business/412230
https://www.lowlander.com/,own site,Lowlander Grand Cafe,Westminster,Covent Garden,Restaurant,info@lowlander.com,1,+44 20 7379 7446,36 Drury Lane,WC2B 5RR,openstreetmap,,,https://www.openstreetmap.org/way/98535866
https://www.lucywong.co.uk/,"own site (found by name, postcode verified)",Lucy Wong,Westminster,Soho,Restaurant,lucy@lucywong.co.uk,1,,"BASEMENT COUNTY HOUSE 33-34 RATHBONE PLACE, LONDON",W1T 1JN,food standards agency,,,https://ratings.food.gov.uk/business/1592654
http://www.lurra.co.uk/,own site,Lurra,Westminster,Marylebone (also St Marylebone),Spanish,bookings@lurra.co.uk,1,,9 Seymour Place,,openstreetmap,,,https://www.openstreetmap.org/way/112560123
https://lusinrestaurant.com/saudi/,"own site (found by name, postcode verified)",Lusin Restaurant,Westminster,Mayfair,Restaurant,,1,,"16-17 HAY HILL, LONDON",W1J 8NY,food standards agency,,,https://ratings.food.gov.uk/business/1576231
https://www.treehousehotels.com/london/eat-drink/madera,own site,Madera at Treehouse London,Westminster,Fitzrovia,Mexican,,1,+44 20 3988 4273,14-15 Langham Place,W1B 2QS,openstreetmap,,,https://www.openstreetmap.org/node/12762941437
https://www.maguro-restaurant.com/,own site,Maguro,Westminster,Little Venice,Asian; Sushi,,1,+44 20 7289 4353,5 Lanark Place,,openstreetmap,,,https://www.openstreetmap.org/node/3661150004
https://mahal.co.uk/,own site,Mahal,Westminster,Paddington,Indian,info@mahal.co.uk,1,,138 Edgware Road,W2 2DZ,openstreetmap,,,https://www.openstreetmap.org/node/519175230
https://www.maharaja50.co.uk/,own site,Maharaja,Westminster,Bayswater,Indian,,1,+44 20 7727 1135,50 Queensway,,openstreetmap,,,https://www.openstreetmap.org/node/534671487
https://www.maharajasoho.co.uk/,own site,Maharaja - SoHo,Westminster,Soho,Indian,,1,+44 20 3941 9935,63 Old Compton Street,W1D 6HT,openstreetmap,,,https://www.openstreetmap.org/way/274456438
http://www.maharajaofindia.co.uk,own site,Maharaja Of India,Westminster,Covent Garden,Indian,,1,,19A Charing Cross Road,,openstreetmap,,,https://www.openstreetmap.org/way/995954612
https://www.maidimsum.co.uk/,"own site (found by name, postcode verified)",Mai dim sum,Westminster,Soho,Chinese,thinwhitedukelondon@icloud.com,1,,"BASEMENT AND GROUND FLOOR REAR 22 GREAT WINDMILL STREET, LONDON",W1D 7LD,food standards agency,,,https://ratings.food.gov.uk/business/1724908
https://www.maidahillplace.co.uk,own site,Maida Hill Cafe,Westminster,Maida Vale,Italian,,1,,2 Fernhead Road,W9 3ET,openstreetmap,,,https://www.openstreetmap.org/way/361341231
https://www.eatlebab.com/covent-garden,own site,Maison BAB,Westminster,Covent Garden,Restaurant,info@eatlebab.com,1,,4 Mercer Walk,,openstreetmap,,,https://www.openstreetmap.org/node/6082546389
http://www.maisonkayser.co.uk/,own site,Maison Kayser,Westminster,Marylebone (also St Marylebone),Bakery,ecommerce@maison-kayser.com,1,,10 Portman Square,,openstreetmap,,,https://www.openstreetmap.org/node/6310206978
https://www.instagram.com/majangdong.london,instagram,Majang Dong,Westminster,Soho,Asian; Korean,,1,,15 Frith Street,W1D 4RE,openstreetmap,,majangdong.london,https://www.openstreetmap.org/node/12912822363
https://www.malayfellas.co.uk/,own site,Malay Fellas,Westminster,Bayswater,Asian,,1,+44 20 4635 4079,82 Queensway,W2 3RL,openstreetmap,,,https://www.openstreetmap.org/node/13370312704
http://mandarinkitchen.co.uk/,own site,Mandarin Kitchen,Westminster,Bayswater,Asian; Chinese; Seafood,,1,+44 20 7727 9012,14-16 Queensway,W2 3RX,openstreetmap,,,https://www.openstreetmap.org/node/534692055
http://www.mandiralondon.com/,own site,Mandira,Westminster,Covent Garden,Cafe,info@mandiralondon.com,1,,78B Long Acre,WC2E 9NG,openstreetmap,,,https://www.openstreetmap.org/node/5180399561
https://manthanmayfair.co.uk/,"own site (found by name, postcode verified)",Manthan,Westminster,Mayfair,Restaurant,hello@manthanmayfair.co.uk,1,,"SECOND FLOOR AND THIRD FLOOR 49 MADDOX STREET, LONDON",W1S 2PQ,food standards agency,,,https://ratings.food.gov.uk/business/1359688
https://manzis.co.uk/,"own site (found by name, postcode verified)",Manzi's,Westminster,Soho,Seafood,reservations@manzis.co.uk,1,,1-8 Bateman's Buildings,W1D 3EN,openstreetmap,,,https://www.openstreetmap.org/node/12817536854
https://www.maozuk.com,own site,Maoz,Westminster,Soho,Takeaway,,1,,,,openstreetmap,,,https://www.openstreetmap.org/node/11524918370
https://mardys.uk/,"own site (found by name, postcode verified)",Mardy's,Westminster,Mayfair,Takeaway,,1,,"5 MEDICI COURTYARD, WESTMINSTER, LONDON",W1S 1BR,food standards agency,,,https://ratings.food.gov.uk/business/1935993
https://thenudge.com/london-restaurants/mareida/,own site,mareida,Westminster,Fitzrovia,Restaurant,editor@thenudge.com,1,,160 Great Portland Street,W1W 5QA,openstreetmap,,,https://www.openstreetmap.org/node/13381986348
https://www.maresco.co.uk/,own site,Maresco,Westminster,Soho,Spanish,info@maresco.co.uk,1,,45 Berwick Street,W1F 8SF,openstreetmap,,,https://www.openstreetmap.org/way/159482792
https://www.mariagefreres.com/en/store/restaurant-tea-salon-london-covent-garden-menu.html,own site,Mariage Frères,Westminster,Covent Garden,Cafe,info@mariagefreres.com,1,+442078361854,38 King Street,WC2E 8JS,openstreetmap,,,https://www.openstreetmap.org/node/6173783035
https://marksclub.co.uk/,"own site (found by name, postcode verified)",Mark's Club,Westminster,Mayfair,Restaurant,reception@marksclub.co.uk,1,,"BASEMENT TO FIFTH FLOOR 46 CHARLES STREET, LONDON",W1J 5EJ,food standards agency,,,https://ratings.food.gov.uk/business/412596
https://markethalls.co.uk/venue/victoria/,own site,Market Hall Victoria,Westminster,Belgravia,Food court,events@markethalls.co.uk,1,,191 Victoria Street,SW1E 5NE,openstreetmap,,,https://www.openstreetmap.org/node/11435202983
https://markethalls.co.uk/,"own site (found by name, postcode verified)",Market Halls,Westminster,Mayfair,Food court,press@markethalls.co.uk,1,,9 Holles Street,W1G 0BD,openstreetmap,,,https://www.openstreetmap.org/node/13009553204
http://marketplacefoodhall.com,own site,Market Place Food Hall Leicester Square,Westminster,Covent Garden,Food court,bookings@marketplacefoodhall.com,1,+44 7502 143620,20-21 Leicester Square,WC2H 7JX,openstreetmap,,,https://www.openstreetmap.org/node/13993493701
https://www.themarkettavernmayfair.co.uk/,own site,Market Tavern,Westminster,Mayfair,Pub,,1,,7 Shepherd Street,,openstreetmap,,,https://www.openstreetmap.org/way/629793088
https://www.markuscoffee.com/,own site,Markus Coffee Co Ltd,Westminster,Paddington,Cafe,info@markuscoffee.com,1,+44 20 7723 4020,13 Connaught Street,,openstreetmap,,,https://www.openstreetmap.org/node/647333252
https://maroto.london/,"own site (found by name, postcode verified)",Maroto,Westminster,Mayfair,Pub,info@maroto.london,1,,"4 VERE STREET, LONDON",W1G 0DH,food standards agency,,,https://ratings.food.gov.uk/business/1686874
https://www.maroush.com/restaurant/maroush-21-edgware-road/,own site,Maroush,Westminster,Paddington,Restaurant,bookings@maroush.com,1,+44 20 7723 0773,21 Edgware Road,W2 2JE,openstreetmap,,,https://www.openstreetmap.org/way/350999680
https://www.themarquess.co.uk/,own site,Marquess of Anglesey,Westminster,Covent Garden,Pub,,1,,39 Bow Street,,openstreetmap,,,https://www.openstreetmap.org/node/25471087
https://www.nicholsonspubs.co.uk/restaurants/london/themarquisofgranbywestminsterlondon,own site,Marquis of Granby,Westminster,Millbank,Pub,,1,,41 Romney Street,SW1P 3RF,openstreetmap,,,https://www.openstreetmap.org/way/118720825
https://www.nicholsonspubs.co.uk/restaurants/london/themarquisofgranbyrathbonestreetlondon,own site,Marquis of Granby,Westminster,Soho,Pub,,1,+44 20 7580 7836,2 Rathbone Street,W1T 1NR,openstreetmap,,,https://www.openstreetmap.org/way/226909129
https://www.marulondon.com/,"own site (found by name, postcode verified)",MARU,Westminster,Mayfair,Restaurant,info@marulondon.com,1,,"BASEMENT AND GROUND FLOOR 18 SHEPHERD MARKET, LONDON",W1J 7QH,food standards agency,,,https://ratings.food.gov.uk/business/411084
https://www.pollenstreetsocial.com/,own site,Mary's,Westminster,Mayfair,Restaurant,,1,,8-10 Pollen Street,,openstreetmap,,,https://www.openstreetmap.org/node/271949545
https://www.masalazone.com/locations/bayswater/,own site,Masala Zone,Westminster,Bayswater,Indian,,1,+44 20 7221 0055,75 Bishop's Bridge Road,,openstreetmap,,,https://www.openstreetmap.org/node/1137277598
https://www.masalazone.com/locations/covent-garden/,own site,Masala Zone,Westminster,Covent Garden,Indian,coventgarden@masalazone.com,1,,48 Floral Street,WC2E 9DS,openstreetmap,,,https://www.openstreetmap.org/way/559946419
https://www.maset.london/,own site,Maset,Westminster,Marylebone (also St Marylebone),French,bookings@maset.london,1,+44 20 3822 0808,40-42 Chiltern Street,W1U 7QN,openstreetmap,,,https://www.openstreetmap.org/node/12971974585
https://www.masgouflondon.co.uk/,"own site (found by name, postcode verified)",Masgouf,Westminster,Paddington,Restaurant,,1,,"41 CONNAUGHT STREET, LONDON",W2 2BB,food standards agency,,,https://ratings.food.gov.uk/business/411384
https://massis.co.uk/,own site,Massis,Westminster,Little Venice,Restaurant,,1,+44 20 7286 8000,9 Sheldon Square,,openstreetmap,,,https://www.openstreetmap.org/node/521778486
https://www.matsyadining.com/,own site,Matsya,Westminster,Mayfair,Indian,,1,,55 Curzon Street,,openstreetmap,,,https://www.openstreetmap.org/node/5921834585
https://www.mauipoke.co.uk/,own site,Maui Poke,Westminster,Fitzrovia,Restaurant,aloha@mauipoke.co.uk,1,,20A Gosfield Street,W1W 6HF,openstreetmap,,,https://www.openstreetmap.org/way/432267240
https://www.maximinirestaurant.co.uk/,own site,Maximini,Westminster,Paddington,Asian; Chinese,,1,+44 20 7402 6263,31-33 Sussex Place,W2 2TH,openstreetmap,,,https://www.openstreetmap.org/node/2766801639
https://www.maxwells.co.uk/,own site,Maxwell‘s Bar & Grill,Westminster,Covent Garden,American; Burger,bookings@maxwells.co.uk,1,+44 20 7836 0303,34 King Street,,openstreetmap,,,https://www.openstreetmap.org/node/6573224785
https://www.mayfairkitchen.co.uk/,own site,May Fair Kitchen,Westminster,Mayfair,Restaurant,reservations@mayfairkitchen.co.uk,1,,,,openstreetmap,,,https://www.openstreetmap.org/node/5921940110
https://mayfairgarden.co.uk/,own site,Mayfair Garden,Westminster,Mayfair,Asian; Chinese,contact@mayfairgarden.co.uk,1,,8-10 North Audley Street,W1K 6ZD,openstreetmap,,,https://www.openstreetmap.org/node/1342102318
https://www.mayfair1.co.uk/,own site,MAYFAIR I,Westminster,Mayfair,Takeaway,,1,,2a White Horse Street,W1J 7LE,openstreetmap,,,https://www.openstreetmap.org/node/5938180229
https://www.mayhalondon.com/,"own site (found by name, postcode verified)",Mayha,Westminster,Marylebone (also St Marylebone),Restaurant,reservations@mayhalondon.com,1,,"43 CHILTERN STREET, LONDON",W1U 6LS,food standards agency,,,https://ratings.food.gov.uk/business/1489358
https://www.gordonramsayrestaurants.com/gordon-ramsay-bar-grill/mayfair/,own site,Maze,Westminster,Mayfair,Restaurant,,1,,10-13 Grosvenor Square,W1K 5AE,openstreetmap,,,https://www.openstreetmap.org/node/462025319
https://www.mcdonalds.com/gb/en-gb/location/westminster/oxford-street-1/810-oxford-street/8260028.html,own site,McDonald's,Westminster,Soho,Burger,,1,+44 20 7636 4350,8-10 Oxford Street,W1D 1AW,openstreetmap,,,https://www.openstreetmap.org/node/385591326
https://www.mcdonalds.com/gb/en-gb/location/westminster/edgware-road/178180-edgware-road/8260019.html,own site,McDonald's,Westminster,Paddington,Burger,,1,+44 20 7258 1850,178-180 Edgware Road,W2 2DS,openstreetmap,,,https://www.openstreetmap.org/node/519175222
https://www.mcdonalds.com/gb/en-gb/location/westminster/victoria-station/main-concourse/8261011.html,own site,McDonald's,Westminster,Pimlico,Burger,,1,+44 20 7802 9730,Terminus Place,SW1V 1JT,openstreetmap,,,https://www.openstreetmap.org/node/2499624218
https://www.mcdonalds.com/gb/en-gb/location/westminster/shaftesbury-avenue---2/2527-shaftesbury-avenue/8261063.html,own site,McDonald's,Westminster,Soho,Burger,,1,+44 20 7287 1106,25-27 Shaftesbury Avenue,,openstreetmap,,,https://www.openstreetmap.org/node/2659475639
https://www.mcdonalds.com/gb/en-gb/location/city-of-westminster/leicester-square/48-leicester-square/8261495.html,own site,McDonald's,Westminster,Covent Garden,Burger,01495@uk.mcd.com,1,+44 20 7930 9442,48 Leicester Square,WC2H 7LU,openstreetmap,,,https://www.openstreetmap.org/node/5060805697
https://www.mcdonalds.com/gb/en-gb/location/westminster/victoria-place/115-buckingham-palace-road/8260374.html,own site,McDonald's,Westminster,Belgravia,Burger,,1,+44 20 7233 7192,,,openstreetmap,,,https://www.openstreetmap.org/node/5224647982
https://www.mcdonalds.com/gb/en-gb/location/westminster/queensway---london/7678-queensway/8261096.html,own site,McDonald's,Westminster,Bayswater,Burger,,1,+44 20 7727 5486,78 Queensway,,openstreetmap,,,https://www.openstreetmap.org/node/5236017721
https://www.mcdonalds.com/gb/en-gb/location/westminster/west-one-shopping-centre/west-one-shopping-centre/8260750.html,own site,McDonald's,Westminster,Mayfair,Burger,,1,+44 20 7491 2619,,,openstreetmap,,,https://www.openstreetmap.org/node/5791585150
https://www.mcdonalds.com/gb/en-gb/location/westminster/baker-street/122-baker-street/8260009.html,own site,McDonald's,Westminster,Marylebone (also St Marylebone),Burger,,1,+44 20 7487 4003,122 Baker Street,,openstreetmap,,,https://www.openstreetmap.org/node/6338252675
https://www.mcdonalds.com/gb/en-gb/location/westminster/185-187-oxford-street/185-187-oxford-street/8260244.html,own site,McDonald's,Westminster,Soho,Burger,,1,+44 20 7287 1975,185-187 Oxford Street,W1D 2JU,openstreetmap,,,https://www.openstreetmap.org/way/65489516
https://www.mcdonalds.com/gb/en-gb/location/westminster/strand/3435-strand/8260007.html,own site,McDonald's,Westminster,Covent Garden,Burger,,1,+44 20 7930 7530,34-35 Strand,WC2N 5HY,openstreetmap,,,https://www.openstreetmap.org/way/68807954
https://www.mcdonalds.com/gb/en-gb/location/paddington/paddington-square-yre/161-praed-street/8261635.html,own site,McDonald's,Westminster,Paddington,Burger,,1,+44 20 7706 7495,27 London Street,W2 1HH,openstreetmap,,,https://www.openstreetmap.org/way/155488587
https://www.mcdonalds.com/gb/en-gb/location/westminster/victoria/155-victoria-street/8260008.html,own site,McDonald's,Westminster,Pimlico,Burger,,1,+44 20 7828 6911,155 Victoria Street,SW1E 5NA,openstreetmap,,,https://www.openstreetmap.org/way/203890515
https://www.mcdonalds.com/gb/en-gb/location/westminster/291-oxford-st/291b-oxford-street/8260352.html,own site,McDonald's,Westminster,Mayfair,Burger,,1,+44 20 7409 0054,291B Oxford Street,W1C 2DT,openstreetmap,,,https://www.openstreetmap.org/way/807554353
https://meatliquor.com/restaurant/meatliquor-w1/,own site,Meat Liquor,Westminster,Soho,Burger,info@meatliquor.com,1,+44 20 7224 4239,37-38 Margaret Street,W1G 0JF,openstreetmap,,,https://www.openstreetmap.org/way/110457625
https://medsalleh.co.uk,own site,Med Salleh Kopitiam,Westminster,Bayswater,Asian,kopitiam@medsalleh.co.uk,1,+44 20 7792 2140,35-39 Inverness Terrace,W2 3JS,openstreetmap,medsalleh.london,medsalleh.london,https://www.openstreetmap.org/node/7038433901
https://www.meghnagrill.co.uk/,own site,Meghna Grill,Westminster,St John's Wood,Indian,,1,+44 20 7328 3705,113 Boundary Road,,openstreetmap,,,https://www.openstreetmap.org/node/6631981309
https://www.meleepere.co.uk/,"own site (found by name, postcode verified)",Mele E Pere,Westminster,Soho,Restaurant,peter@meleepere.co.uk,1,,"46-52 BREWER STREET, LONDON",W1F 9TF,food standards agency,,,https://ratings.food.gov.uk/business/457652
http://www.melurlondon.co.uk/,own site,Melur,Westminster,Paddington,Asian,,1,+44 20 7706 8083,175a Edgware Road,,openstreetmap,,,https://www.openstreetmap.org/node/2870216402
https://meraki-restaurant.com/,own site,Meraki,Westminster,Fitzrovia,Greek,reservations@meraki-restaurant.com,1,,80-82 Great Titchfield Street,W1W 7QT,openstreetmap,,,https://www.openstreetmap.org/way/659512499
https://mercatometropolitano.com/mercato-mayfair,own site,Mercato Mayfair,Westminster,Mayfair,Food court,info@mercatometropolitano.com,1,,13 North Audley Street,W1K 6ZA,openstreetmap,,,https://www.openstreetmap.org/node/12185001162
http://mewsofmayfair.com/,own site,Mews of Mayfair,Westminster,Mayfair,Restaurant,hello@wulfandlamb.com,1,,8-10 Lancashire Court,,openstreetmap,,,https://www.openstreetmap.org/way/607868279
http://www.mayfairpizzaco.com/about.php,own site,Mews Pizza Co,Westminster,Mayfair,Pizza,,1,,4 Lancashire Court,W1S 1EY,openstreetmap,,,https://www.openstreetmap.org/way/607855077
https://mielorestaurant.com,own site,Mielo,Westminster,Marylebone (also St Marylebone),Restaurant,info@mielorestaurant.com,1,+44 20 7935 2252,35-38 Paddington Street,W1U 4HQ,openstreetmap,,,https://www.openstreetmap.org/way/148032594
https://mihbaj.co.uk/,"own site (found by name, postcode verified)",Mihbaj,Westminster,Paddington,Cafe,info@mihbaj.co.uk,1,,153 Praed Street,W2 1RL,openstreetmap,,,https://www.openstreetmap.org/node/6899653218
https://www.mildreds.com/victoria/,own site,Mildreds,Westminster,Pimlico,Restaurant,hello@mildreds.com,1,+442080500164,128 Wilton Road,SW1V 1JZ,openstreetmap,,mildredsrestaurants,https://www.openstreetmap.org/node/1290648033
https://www.mildreds.com/soho/,own site,Mildreds,Westminster,Soho,Restaurant,hello@mildreds.com,1,+442074941634,45 Lexington Street,W1F 9AN,openstreetmap,,,https://www.openstreetmap.org/node/13577345319
https://www.mildreds.co.uk/locations/covent-garden/,own site,Mildreds,Westminster,Covent Garden,Restaurant,hello@mildreds.co.uk,1,+44 20 8066 8393,79 St Martin's Lane,WC2N 4AA,openstreetmap,,,https://www.openstreetmap.org/way/146481555
https://www.orders.milksha.co.uk/,own site,Milksha,Westminster,Soho,Cafe,,1,,65 Shaftesbury Avenue,W1D 6LH,openstreetmap,,,https://www.openstreetmap.org/node/13462905166
https://www.estiatoriomilos.com/location/london/,own site,Milos,Westminster,St James's,Greek,london@estiatoriomilos.com,1,+44 20 7839 2080,1 Regent Street,SW1Y 4NR,openstreetmap,,,https://www.openstreetmap.org/node/4545435689
https://minaslondon.co.uk/,"own site (found by name, postcode verified)",Mina's,Westminster,Belgravia,Restaurant,info@minaslondon.co.uk,1,,"20 MOTCOMB STREET, LONDON",SW1X 8LB,food standards agency,,,https://ratings.food.gov.uk/business/1486564
https://www.misterlasagna.co.uk/,own site,Mister Lasagna,Westminster,St James's,Takeaway,infolasagneriaitaliana@gmail.com,1,,5 Air Street,,openstreetmap,,,https://www.openstreetmap.org/node/5683731023
https://www.mrnice-mayfair.com/,"own site (found by name, postcode verified)",Mister Nice Mayfair,Westminster,Mayfair,Restaurant,,1,,"14-16 DAVIES STREET, LONDON",W1K 3DR,food standards agency,,,https://ratings.food.gov.uk/business/1863944
https://www.monkeyandmethai.co.uk/,own site,Monkey & Me,Westminster,Marylebone (also St Marylebone),Asian,info@monkeyandmethai.co.uk,1,,114-115 Crawford Street,,openstreetmap,,,https://www.openstreetmap.org/node/6362179973
http://montpelianorestaurant.com/,own site,Montpeliano,Westminster,Knightsbridge,Italian,,1,+44 20 7589 0032,13 Montpelier Street,,openstreetmap,,,https://www.openstreetmap.org/node/7947207091
http://www.nationalhalalburgerday.co.uk/moor-hitch/,own site,Moor & Hitch,Westminster,Bayswater,Burger,,1,+44 20 3220 0082,96 Queensway,,openstreetmap,,,https://www.openstreetmap.org/node/7041353783
https://morenalondon.com/,own site,Morena,Westminster,Belgravia,Restaurant,reservations@morenalondon.com,1,+44 20 3488 6490,10-11 Eccleston Yards,,openstreetmap,,,https://www.openstreetmap.org/way/544996362
https://moroccansahararestaurant.jimdo.com/,own site,Moroccan Sahara Restaurant,Westminster,Bayswater,Restaurant,,1,+44 20 7792 0770,39 Hereford Road,,openstreetmap,,,https://www.openstreetmap.org/node/582764943
https://www.morpetharms.co.uk/,own site,Morpeth Arms,Westminster,Millbank,Pub,,1,,58 Millbank,SW1P 4RW,openstreetmap,,,https://www.openstreetmap.org/way/112544263
https://www.mortarpestle.co.uk/,own site,Mortar + Pestle,Westminster,Marylebone (also St Marylebone),Asian,,1,,59 Park Road,,openstreetmap,,,https://www.openstreetmap.org/node/6450178025
https://www.mortimerhousekitchen.com/,"own site (found by name, postcode verified)",Mortimer House Kitchen,Westminster,Soho,Restaurant,hello@mortimerhousekitchen.com,1,,37-41 Mortimer Street,W1T 3JH,openstreetmap,,,https://www.openstreetmap.org/node/7277575221
https://mosob.co.uk/,own site,Mosob,Westminster,Maida Vale,Restaurant,,1,+44 20 7266 2012,339 Harrow Road,W9 2HP,openstreetmap,,,https://www.openstreetmap.org/node/715707706
https://stjohnswood.motcombsrestaurants.co.uk/,own site,Motcombs,Westminster,Kilburn,Breakfast,,1,,3 Circus Road,NW6 6NX,openstreetmap,,,https://www.openstreetmap.org/node/12314226414
https://www.motcombsrestaurants.co.uk/,"own site (found by name, phone verified)",Motcombs,Westminster,Belgravia,Restaurant,,1,+44 20 7235 6382,26 Motcomb Street,SW1X 8JU,openstreetmap,,,https://www.openstreetmap.org/way/530700178
https://www.mothermash.co.uk/,own site,MotherMash,Westminster,Covent Garden,Restaurant,,1,,4 New Row,,openstreetmap,,,https://www.openstreetmap.org/node/821344571
https://mottokitchen.co.uk/,"own site (found by name, postcode verified)",MOTTO KITCHEN,Westminster,Paddington,Restaurant,marketing@mottokitchen.co.uk,1,,"GROUND FLOOR 25 LONDON STREET, LONDON",W2 1HH,food standards agency,,,https://ratings.food.gov.uk/business/1775717
https://mountainbeakstreet.com,own site,Mountain,Westminster,Soho,Restaurant,bookings@mountainbeakstreet.com,1,,16-18 Beak Street,W1F 9RD,openstreetmap,,,https://www.openstreetmap.org/way/217876210
https://www.mowglistreetfood.com,own site,Mowgli Street Food,Westminster,Soho,Food truck; Indian,generalenquiries@mowglistreetfood.com,1,+44 1865 240662,5 Charlotte Street,W1T 1RE,openstreetmap,,,https://www.openstreetmap.org/way/226909124
https://www.mrchow.com/,own site,Mr Chow,Westminster,Knightsbridge,Asian; Chinese,,1,,151 Knightsbridge,SW1X 7PA,openstreetmap,,,https://www.openstreetmap.org/node/2148895426
https://www.mr-foggs.com/mr-foggs-hat-tavern/,own site,Mr Fogg's Hat Tavern,Westminster,Soho,Deli; Pub,hattavern@mr-foggs.com,1,+44 20 7590 3608,22 Great Chapel Street,W1F 8FR,openstreetmap,,,https://www.openstreetmap.org/way/477968049
https://www.mr-foggs.com/house-of-botanicals/,own site,Mr Fogg's House of Botanicals,Westminster,Fitzrovia,Bar,botanicals@mr-foggs.com,1,+44 20 3667 1445,48 Newman Street,W1T 1QQ,openstreetmap,,,https://www.openstreetmap.org/way/98535843
https://www.mrfrancatelli.co.uk/,own site,Mr Francatelli,Westminster,Millbank,Italian,info@mrfrancatelli.co.uk,1,+44 20 34355489,48a Rochester Row,SW1P 1JU,openstreetmap,,,https://www.openstreetmap.org/way/112682095
https://www.mrportersteakhouse.com/london,own site,"MR PORTER Steakhouse, Bar & Lounge London",Westminster,Mayfair,Steak,,1,,22 Park Lane,W1K 1BE,openstreetmap,,,https://www.openstreetmap.org/node/12765655162
https://www.mukbangpocha.co.uk/,own site,Mukbang Pocha,Westminster,Soho,Asian; Korean,,1,+44 20 3987 5570,10 Golden Square,,openstreetmap,https://www.facebook.com/MukbangPocha/,https://www.instagram.com/mukbangpocha,https://www.openstreetmap.org/node/5520355399
https://www.mumtaz-london.co.uk/,own site,Mumtaz Restaurant,Westminster,Marylebone (also St Marylebone),Indian,,1,,4-10 Park Road,,openstreetmap,,,https://www.openstreetmap.org/node/6417301374
https://munstermunch.com/,"own site (found by name, postcode verified)",Munster Munch,Westminster,Covent Garden,Restaurant,,1,,"18 BEAR STREET, LONDON",WC2H 7AX,food standards agency,,,https://ratings.food.gov.uk/business/1918173
https://www.muranolondon.com/,own site,Murano,Westminster,Mayfair,Restaurant,enquiries@muranolondon.com,1,,20 Queen Street,,openstreetmap,,,https://www.openstreetmap.org/way/340427515
https://muroitalian.co.uk/,"own site (found by name, postcode verified)",MURO ITALIAN,Westminster,Paddington,Italian,marketing@muroitalian.co.uk,1,,"9 CRAVEN ROAD, LONDON",W2 3BP,food standards agency,,,https://ratings.food.gov.uk/business/1886369
https://www.myplacesoho.com/,own site,My Place,Westminster,Soho,Restaurant,contact@myplacesoho.com,1,,21 Berwick Street,W1F 0PZ,openstreetmap,,,https://www.openstreetmap.org/way/156620036
https://www.mykonoss.co.uk/,own site,Mykonoss Victoria,Westminster,Pimlico,Breakfast; Deli; Greek; Halal,,1,+44 20 7967 3225,No: 63 Wilton Road,SW1V 1DE,openstreetmap,,,https://www.openstreetmap.org/node/12296564319
http://www.myungga.co.uk/,own site,Myung Ga,Westminster,Soho,Asian; Korean,,1,,15 Beak Street,,openstreetmap,,,https://www.openstreetmap.org/node/1115431267
https://www.naclondon.co.uk/,own site,Nac,Westminster,Mayfair,Restaurant,reservations@naclondon.co.uk,1,,41 North Audley Street,,openstreetmap,,,https://www.openstreetmap.org/way/342715784
https://namaiki.co.uk/,own site,Namaiki,Westminster,Soho,Asian; Sushi,info@namaiki.co.uk,1,+44 7502 868876,14 Broadwick Street,W1F 8HP,openstreetmap,,,https://www.openstreetmap.org/way/156620023
https://www.nandos.co.uk/restaurants/victoria-cardinal-place,own site,Nando's,Westminster,Belgravia,Restaurant,,1,,17 Cardinal Walk,SW1E 5JE,openstreetmap,,,https://www.openstreetmap.org/node/341233650
https://www.nandos.co.uk/restaurants/berners-street,own site,Nando's,Westminster,Soho,Restaurant,,1,,2 Berners Street,W1T 3LF,openstreetmap,,,https://www.openstreetmap.org/node/384759682
https://www.nandos.co.uk/restaurants/bayswater,own site,Nando's,Westminster,Bayswater,Restaurant,,1,+44 20 7313 9506,,,openstreetmap,,,https://www.openstreetmap.org/node/511169214
https://www.nandos.co.uk/restaurants/baker-street,own site,Nando's,Westminster,Marylebone (also St Marylebone),Restaurant,,1,,113 Baker Street,W1U 6RS,openstreetmap,,,https://www.openstreetmap.org/node/1169048002
https://www.nandos.co.uk/restaurants/glasshouse-street,own site,Nando's,Westminster,Soho,Restaurant,,1,,46 Glasshouse Street,W1B 5DR,openstreetmap,,,https://www.openstreetmap.org/node/1235254620
https://www.nandos.co.uk/restaurants/paddington,own site,Nando's,Westminster,Paddington,Restaurant,,1,,24-26 Spring Street,W2 1JA,openstreetmap,,,https://www.openstreetmap.org/node/2779057301
https://www.nandos.co.uk/restaurants/soho,own site,Nando's,Westminster,Soho,Restaurant,,1,,10 Frith Street,,openstreetmap,,,https://www.openstreetmap.org/node/4880873822
https://www.nandos.co.uk/restaurants/great-portland-street-london,own site,Nando's,Westminster,Fitzrovia,Restaurant,,1,,190 Great Portland Street,,openstreetmap,,,https://www.openstreetmap.org/way/432466130
https://www.nandos.co.uk/restaurants/victoria-wilton-road,own site,Nando's,Westminster,Pimlico,Restaurant,,1,,107-108 Wilton Road,SW1V 1DE,openstreetmap,,,https://www.openstreetmap.org/way/449102842
https://www.nandos.co.uk/restaurants/covent-garden,own site,Nando's,Westminster,Covent Garden,Restaurant,,1,,67-68 Chandos Place,WC2N 4HG,openstreetmap,,,https://www.openstreetmap.org/way/487935637
https://www.nandos.co.uk/restaurants/st-christophers-place,own site,Nando's,Westminster,Mayfair,Restaurant,,1,,16-18 James Street,,openstreetmap,,,https://www.openstreetmap.org/way/665224758
http://www.nanis.co.uk/,own site,Nanis Cafe,Westminster,Fitzrovia,Cafe,food@nanis.co.uk,1,,134 Great Portland Street,W1W 6PX,openstreetmap,,,https://www.openstreetmap.org/way/345140323
https://naroon.co.uk/,"own site (found by name, postcode verified)",Naroon,Westminster,Marylebone (also St Marylebone),Restaurant,,1,,17 New Cavendish Street,W1G 9UA,openstreetmap,,,https://www.openstreetmap.org/node/566635954
http://www.nlc.org.uk/,own site (Wikidata),National Liberal Club,Westminster,Soho,Restaurant,secretariat@nlc.org.uk,1,,"BASEMENT PART GROUND FLOOR PART AND FIRST FLOOR 1 WHITEHALL PLACE, LONDON",W1A 2HD,food standards agency,,,https://ratings.food.gov.uk/business/412592
https://www.nattysjerk.com/,"own site (found by name, postcode verified)",Natty's Jerk,Westminster,Mayfair,Restaurant,wahgwaan@nattysjerk.com,1,,"SELFRIDGES 400 OXFORD STREET, LONDON",W1A 1AB,food standards agency,,,https://ratings.food.gov.uk/business/1893195
https://www.neat-burger.com/pages/store-princes-st,own site,Neat,Westminster,Mayfair,Burger; Deli,,1,,,,openstreetmap,,,https://www.openstreetmap.org/node/6773156488
https://www.greatukpubs.co.uk/nell-of-old-drury-covent-garden,own site,Nell of Old Drury,Westminster,Covent Garden,Pub,stonegatepress@stonegategroup.co.uk,1,,Catherine Street,WC2B 5JS,openstreetmap,,,https://www.openstreetmap.org/way/986920651
https://nepnep.co.uk/,own site,Nep Nep,Westminster,Marylebone (also St Marylebone),Asian,,1,,20 Lisson Grove,,openstreetmap,,,https://www.openstreetmap.org/way/1023575584
https://www.caffenero.com/uk/stores/victoria-central,own site,Nero Express,Westminster,Belgravia,Breakfast,,1,+44 7826 931050,Victoria Place,SW1W 9SJ,openstreetmap,,,https://www.openstreetmap.org/node/2466428731
https://www.caffenero.com/uk/stores/charing-cross,own site,Nero Express,Westminster,Covent Garden,Breakfast,,1,+44 20 3272 0055,,,openstreetmap,,,https://www.openstreetmap.org/node/4329962743
https://www.caffenero.com/uk/stores/edgware-road-tube-station,own site,Nero Express,Westminster,Paddington,Breakfast,,1,,,,openstreetmap,,,https://www.openstreetmap.org/node/5894785000
https://www.caffenero.com/uk/stores/paddington,own site,Nero Express,Westminster,Paddington,Breakfast,,1,,,,openstreetmap,,,https://www.openstreetmap.org/node/6860995416
https://www.caffenero.com/uk/stores/victoria-platform-18,own site,Nero Express,Westminster,Pimlico,Breakfast,,1,+44 7826 931050,,,openstreetmap,,,https://www.openstreetmap.org/node/7169296537
https://www.nessasoho.com/,own site,Nessa Soho,Westminster,St James's,Cafe,hello@nessasoho.com,1,,86 Brewer Street,,openstreetmap,,,https://www.openstreetmap.org/node/11112726105
https://www.thenewmanarms.co.uk/,own site,Newman Arms,Westminster,Soho,Pub,info@thenewmanarms.co.uk,1,+44 20 7636 1127,23 Rathbone Street,W1T 1NG,openstreetmap,,,https://www.openstreetmap.org/way/648689210
https://nijulondon.com/,"own site (found by name, postcode verified)",Niju London,Westminster,Mayfair,Restaurant,reservations@nijulondon.com,1,,"20 BERKELEY STREET, LONDON",W1J 8EE,food standards agency,,,https://ratings.food.gov.uk/business/1752407
https://www.instagram.com/niu_taiwanese_beef_noodles/,own site,NIU,Westminster,Covent Garden,Chinese,,1,,19 Catherine Street,WC2B 5JS,openstreetmap,,,https://www.openstreetmap.org/node/11739978055
https://www.nofortynine.co.uk,own site,No. Forty-Nine,Westminster,St John's Wood,Restaurant,hello@nofortynine.co.uk,1,,49 St John's Wood High Street,,openstreetmap,,,https://www.openstreetmap.org/node/13918481501
https://noblerot.co.uk/restaurant/soho,own site,Noble Rot,Westminster,Soho,Restaurant,hello@noblerot.co.uk,1,,2 Greek Street,W1D 4NB,openstreetmap,,,https://www.openstreetmap.org/way/279171107
https://www.noburestaurants.com/,own site,Nobu,Westminster,Mayfair,Asian; Sushi,downtown@noburestaurants.com,1,,15a Berkeley Street,,openstreetmap,,,https://www.openstreetmap.org/node/5724481760
https://noorjahan2.com/,own site,Noorjahan II,Westminster,Paddington,Indian,,1,+44 20 7402 2332,26 Sussex Place,W2 2TH,openstreetmap,,,https://www.openstreetmap.org/node/2766801640
http://www.nopi-restaurant.com/,own site,Nopi,Westminster,Soho,Restaurant,,1,,21-22 Warwick Street,W1B 5NE,openstreetmap,,,https://www.openstreetmap.org/node/2284618587
https://nordicbar.com/,"own site (found by name, postcode verified)",Nordic Bar,Westminster,Soho,Restaurant,info@nordicbar.com,1,,"25 NEWMAN STREET, LONDON",W1T 1PN,food standards agency,,,https://ratings.food.gov.uk/business/413918
https://www.normahs.co.uk/,own site,Normah's,Westminster,Bayswater,Asian; Halal,normahinfo@gmail.com,1,+44 7771630828,23-25 Queensway,W2 4QJ,openstreetmap,,,https://www.openstreetmap.org/node/6762320788
https://www.nottopastabars.com/notto-piccadilly/,own site,Notto,Westminster,Soho,Restaurant,contact@nottopiccadilly.com,1,+44 20 3034 2190,198 Piccadilly,W1J 9EZ,openstreetmap,,,https://www.openstreetmap.org/way/290321022
https://noura.co.uk/,own site,Noura,Westminster,Belgravia,Restaurant,nouramayfair@noura.co.uk,1,+44 20 7235 9444,16 Hobart Place,SW1W 0HH,openstreetmap,,,https://www.openstreetmap.org/node/2833584401
https://www.noura.co.uk/mayfair-lounge/,own site,Noura,Westminster,Mayfair,Restaurant,nouramayfair@noura.co.uk,1,+44 20 7495 4396,16 Curzon Street,W1J 5HP,openstreetmap,,,https://www.openstreetmap.org/way/77002328
https://www.novellotheatre.com/,"own site (found by name, postcode verified)",Novello Theatre,Westminster,Covent Garden,Restaurant,,1,,"NOVELLO THEATRE 5 ALDWYCH, LONDON",WC2B 4LD,food standards agency,,,https://ratings.food.gov.uk/business/412292
https://www.novikovrestaurant.co.uk/,own site,Novikov,Westminster,St James's,Asian; Italian,reservations@novikovrestaurant.co.uk,1,,50а Berkeley Street,,openstreetmap,,,https://www.openstreetmap.org/node/4470013189
https://www.eatnua.com/home/,own site,Nua,Westminster,Fitzrovia,Asian,contact@eatnua.com,1,+44 20 3089 3346,55 Cleveland Street,W1T 4JL,openstreetmap,eatnua,eatnua,https://www.openstreetmap.org/node/1154262366
https://www.instagram.com/nuttea_uk,instagram,Nuttea,Westminster,Soho,Cafe,,1,,5 Noel Street,W1F 8GD,openstreetmap,,nuttea_uk,https://www.openstreetmap.org/way/159482777
https://osolemio.has.restaurant/,own site,O Sole Mio,Westminster,Pimlico,Italian,,1,+44 20 7976 6887,35 Belgrave Road,SW1V 2BB,openstreetmap,,,https://www.openstreetmap.org/way/242280553
https://www.oneills.co.uk/carnaby-street/,own site,O'Neills,Westminster,Soho,Pub,,1,,37-38 Great Marlborough Street,W1F 7JB,openstreetmap,,,https://www.openstreetmap.org/way/54666911
https://www.ogniskorestaurant.co.uk/,own site,Ognisko Restaurant,Westminster,Knightsbridge,Restaurant,events@ogniskorestaurant.co.uk,1,+44 20 7589 4635,55 Exhibition Road,SW7 2PN,openstreetmap,,,https://www.openstreetmap.org/node/6036818763
https://www.oitarestaurant.com/soho,own site,Oita,Westminster,Soho,Asian; Japanese,,1,,47 Gerrard Street,W1D 5QJ,openstreetmap,,,https://www.openstreetmap.org/node/13550924166
https://okarestaurant.co.uk/marylebone/,own site,OKA Restaurant,Westminster,Marylebone (also St Marylebone),Restaurant,enquiry@okarestaurant.co.uk,1,,19 New Cavendish Street,W1G 9TZ,openstreetmap,,,https://www.openstreetmap.org/node/3531929143
https://www.okawarilondon.co.uk/,"own site (found by name, postcode verified)",Okawari,Westminster,Paddington,Restaurant,,1,,"145-147 EDGWARE ROAD, LONDON",W2 2HR,food standards agency,,,https://ratings.food.gov.uk/business/1849324
https://www.oldcomptonbrasserie.co.uk/,"own site (found by name, postcode verified)",Old Compton Brasserie,Westminster,Soho,French,bookings@oldcomptonbrasserie.co.uk,1,,36-38 Old Compton Street,W1D 4TT,openstreetmap,,,https://www.openstreetmap.org/way/1016903732
https://oldqueenstreet.com/,own site,Old Queen Street Cafe,Westminster,Westminster,Restaurant,events@oldqueenstreet.com,1,,6 Old Queen Street,SW1H 9HP,openstreetmap,,,https://www.openstreetmap.org/way/531242104
https://www.olivorestaurants.com/olivomare,own site,Olivomare,Westminster,Belgravia,Italian,,1,+44 20 7730 9022,10 Lower Belgrave Street,SW1W 0LJ,openstreetmap,https://facebook.com/pages/Olivo-Restaurants-Shops/333493482686,olivorestaurants,https://www.openstreetmap.org/node/12636363801
https://omacoffeeroaster.co.uk/,"own site (found by name, postcode verified)",Oma Coffee Roaster,Westminster,Soho,Restaurant,,1,,"34-35 EASTCASTLE STREET, LONDON",W1W 8DW,food standards agency,,,https://ratings.food.gov.uk/business/1884185
http://ooo-koffee.com/,own site,Omotesando Koffee,Westminster,Soho,Breakfast,,1,,8 Newman Street,W1T 1PB,openstreetmap,,,https://www.openstreetmap.org/node/6384451253
https://www.guoman.com/the-royal-horseguards/restaurants-and-bars/one-twenty-one-two-restaurant,own site,One Twenty One Two,Westminster,Westminster,Restaurant,stay@royalhorseguardshotel.com,1,+44 20 3343 4270,2 Whitehall Court,SW1A 2EJ,openstreetmap,,,https://www.openstreetmap.org/node/11052596811
https://www.saltyardgroup.co.uk/restaurants/opera-tavern,"own site (found by name, postcode verified)",Opera Tavern,Westminster,Covent Garden,Spanish,,1,,Catherine Street,WC2B 5JS,openstreetmap,,,https://www.openstreetmap.org/way/986920644
https://www.opso.co.uk/,own site,OPSO,Westminster,Marylebone (also St Marylebone),Greek,reservations@opso.co.uk,1,+44 20 7935 0551,10 Paddington Street,W1U 5QL,openstreetmap,,,https://www.openstreetmap.org/way/148871637
https://www.orientlondon.com/,"own site (found by name, postcode verified)",Orient,Westminster,Soho,Asian; Chinese,info@orientlondon.com,1,,15 Wardour Street,W1D 6PH,openstreetmap,,,https://www.openstreetmap.org/node/4877345309
https://www.orrery-restaurant.co.uk/,own site,Orrery,Westminster,Marylebone (also St Marylebone),French,,1,,,,openstreetmap,,,https://www.openstreetmap.org/node/6288330983
https://www.oshpaz.co.uk/,own site,Oshpaz,Westminster,St James's,Asian,reservations@oshpaz.co.uk,1,,7 Regent Street,SW1Y 4LR,openstreetmap,,,https://www.openstreetmap.org/node/12326678001
https://oslocourtrestaurant.co.uk/,own site,Oslo Court,Westminster,St John's Wood,French,oslorestaurant@gmail.com,1,,Charlbert Street,NW8 7EN,openstreetmap,,,https://www.openstreetmap.org/node/9459156175
http://www.osteriadellangolo.co.uk/default2.html,own site,Osteria Dell'Angolo,Westminster,Millbank,Italian,,1,,47 Marsham Street,SW1P 3DR,openstreetmap,,,https://www.openstreetmap.org/node/1334631313
https://osteriavibrato.co.uk/,"own site (found by name, postcode verified)",Osteria Vibrato,Westminster,Soho,Italian,reservations@osteriavibrato.co.uk,1,,"BASEMENT AND GROUND FLOOR 6 GREEK STREET, LONDON",W1D 4DE,food standards agency,,,https://ratings.food.gov.uk/business/1913710
https://ottolenghi.co.uk/restaurants/marylebone,own site,Ottolenghi,Westminster,Marylebone (also St Marylebone),Restaurant,marylebone@ottolenghi.co.uk,1,+44 20 3148 1040,63-65 Marylebone Lane,,openstreetmap,,,https://www.openstreetmap.org/node/6298762613
https://www.oystermen.co.uk/,own site,Oystermen,Westminster,Covent Garden,Seafood,reservations@oystermen.co.uk,1,,32 Henrietta Street,WC2E 8NA,openstreetmap,,,https://www.openstreetmap.org/way/670350867
https://www.pachamamalondon.com/,own site,Pachamama,Westminster,Marylebone (also St Marylebone),Restaurant,hello@pachamamalondon.com,1,,18 Thayer Street,,openstreetmap,,,https://www.openstreetmap.org/node/3730599389
http://www.pakhtoonuk.com/,own site,Pakhtoon,Westminster,Paddington,Halal; Indian,,1,+44 20 7706 1444,7 Edgware Road,W2 2ER,openstreetmap,,,https://www.openstreetmap.org/node/13385797088
https://palacetheatre.co.uk/,"own site (found by name, postcode verified)",Palace Theatre,Westminster,Soho,Restaurant,,1,,"PALACE THEATRE 109-113 SHAFTESBURY AVENUE, LONDON",W1D 5AY,food standards agency,,,https://ratings.food.gov.uk/business/411771
http://www.palmcourtbrasserie.co.uk,own site,Palm Court Brasserie,Westminster,Covent Garden,French,bookings@palmcourtbrasserie.co.uk,1,+44 20 7240 2939,39 King Street,WC2E 8JS,openstreetmap,,,https://www.openstreetmap.org/node/968780398
https://www.panaderabakery.com/,own site,Panadera,Westminster,Marylebone (also St Marylebone),Asian; Breakfast,info@panaderabakery.com,1,+44 20 3904 4093,7 Picton Place,W1U 1BN,openstreetmap,,panaderabakery_,https://www.openstreetmap.org/way/217955524
https://www.papajohns.co.uk/stores/maida-vale,own site,Papa John's,Westminster,Maida Vale,Pizza,,1,+44 20 7121 0210,358 Harrow Road,,openstreetmap,,,https://www.openstreetmap.org/node/3176544261
https://www.pardisrestaurant.co.uk/,"own site (found by name, postcode verified)",Pardis,Westminster,Paddington,Restaurant,pardisw2@gmail.com,2,,"29 CONNAUGHT STREET, LONDON",W2 2AY,food standards agency,,,https://ratings.food.gov.uk/business/1660532
https://parkchinois.com/,own site,Park Chinois,Westminster,Mayfair,Asian; Chinese,reservations@parkchinois.com,1,+44 20 3327 8888,17 Berkeley Street,,openstreetmap,,,https://www.openstreetmap.org/node/5724541750
https://www.parkcornerbrasserie.com/,own site,Park Corner Brasserie,Westminster,Mayfair,French,,1,+44 20 7208 4127,22 Park Lane,W1K 1BE,openstreetmap,,,https://www.openstreetmap.org/node/11307567087
https://www.metropolitancasinos.com/venues/london-park-lane/,"own site (found by name, postcode verified)",Park Lane Club (Casino),Westminster,Mayfair,Pub,,1,,"LONDON HILTON 22 PARK LANE, LONDON",W1K 1BE,food standards agency,,,https://ratings.food.gov.uk/business/1413618
https://www.pastaio.london/,own site,Pastaio,Westminster,Soho,Italian,,1,,19 Ganton Street,W1F 7BU,openstreetmap,,,https://www.openstreetmap.org/node/313349031
https://paulrotheandsondelicatessen.co.uk/,own site,Paul,Westminster,Marylebone (also St Marylebone),Bakery,,1,+44 20 7935 6783,35 Marylebone Lane,W1U 2NN,openstreetmap,,,https://www.openstreetmap.org/way/134065134
https://www.paulettelondon.com/,own site,Paulette,Westminster,Little Venice,French,bookings@paulettelondon.com,1,+44 20 7286 2715,18 Formosa Street,W9 1EE,openstreetmap,,,https://www.openstreetmap.org/node/6699678257
https://www.greeneking-pubs.co.uk/pubs/greater-london/paxtons-head/,own site,Paxton’s Head,Westminster,Knightsbridge,Pub,7225@greeneking.co.uk,1,,153 Knightsbridge,,openstreetmap,,,https://www.openstreetmap.org/way/633865298
https://pearlliang.co.uk/,own site,Pearl Liang,Westminster,Little Venice,Asian; Chinese,info@pearlliang.co.uk,1,,8 Sheldon Square,W2 6EZ,openstreetmap,,,https://www.openstreetmap.org/node/521689913
https://www.peggyporschen.com/,own site,Peggy Porschen Belgravia,Westminster,Belgravia,Cafe,hello@peggyporschen.com,1,+44 20 7730 1316,116 Ebury Street,SW1W 9QQ,openstreetmap,,,https://www.openstreetmap.org/way/159402316
https://www.pret.co.uk/en-GB/shop-finder/l/london/marylebone-road/10578,own site,Petit Pret,Westminster,Marylebone (also St Marylebone),Breakfast,,1,+44 20 7486 2023,"5-5a Station Approach, Marylebone Road",NW1 5LA,openstreetmap,,,https://www.openstreetmap.org/way/1410141049
http://www.gordonramsay.com/petrus/,own site (Wikidata),Petrus,Westminster,Belgravia,French,events@gordonramsay.com,1,,1 Kinnerton Street,SW1X 8EA,openstreetmap,,,https://www.openstreetmap.org/way/530680429
http://peyoterestaurant.com/,own site,Peyote,Westminster,Mayfair,Restaurant,8daysupportonline@gmail.com,1,+44 20 7409 1300,14 Cork Street,W1S 3NS,openstreetmap,,,https://www.openstreetmap.org/node/456214655
https://www.phocafe.co.uk/locations/soho,own site,Pho,Westminster,Soho,Asian,bakerstreet@phocafe.co.uk,1,,163-165 Wardour Street,W1F 8WL,openstreetmap,,,https://www.openstreetmap.org/way/275127236
https://www.greeneking.co.uk/pubs/greater-london/phoenix,own site,Phoenix,Westminster,Bayswater,Pub,,1,,51 Moscow Road,W2 4AL,openstreetmap,,,https://www.openstreetmap.org/way/107155373
https://www.phoenixpalace.co.uk/,own site,Phoenix palace,Westminster,Marylebone (also St Marylebone),Asian; Chinese,info@phoenixpalace.co.uk,1,+44 20 7486 3515,5 Glentworth Street,NW1 5PG,openstreetmap,,,https://www.openstreetmap.org/node/4693256690
https://pickleandtoast.com/,own site,Pickle & Toast,Westminster,Soho,Takeaway,info@pickleandtoast.com,1,,,W1F 0TD,openstreetmap,,,https://www.openstreetmap.org/way/157779696
https://www.piggyspiccadilly.co.uk/,own site,Piggy's,Westminster,St James's,Cafe,orders@piggyspiccadilly.co.uk,1,,1 Air Street,,openstreetmap,,,https://www.openstreetmap.org/node/5683731024
https://www.facebook.com/Pimlico-fresh-279204625442028,facebook,Pimlico Fresh,Westminster,Pimlico,Breakfast,,1,+44 20 7932 0030,86 Wilton Road,SW1V 1DN,openstreetmap,Pimlico-fresh-279204625442028,pimlicofreshcafe,https://www.openstreetmap.org/way/541566050
https://www.pingpongdimsum.com/soho/,own site,Ping Pong,Westminster,Soho,Asian; Chinese,,1,,45 Great Marlborough Street,W1F 7JL,openstreetmap,,,https://www.openstreetmap.org/way/475721753
https://www.pinnamayfair.com/,"own site (found by name, postcode verified)",Pinna Mayfair,Westminster,Mayfair,Restaurant,reservations@pinnamayfair.com,1,,"43 CURZON STREET, LONDON",W1J 7UF,food standards agency,,,https://ratings.food.gov.uk/business/1756052
https://pintxitolondon.com/,"own site (found by name, postcode verified)",Pintxito,Westminster,Covent Garden,Restaurant,bar@pintxitolondon.com,1,,"34 THE MARKET, COVENT GARDEN, LONDON",WC2E 8RE,food standards agency,,,https://ratings.food.gov.uk/business/1846169
https://www.pizza2night.co.uk/,own site,Pizza 2 Night,Westminster,Queen's Park,Pizza,pizza2nightkent@gmail.com,1,,433 Harrow Road,,openstreetmap,,,https://www.openstreetmap.org/node/6813682510
https://www.pizzagogo.co.uk/stores/bayswater,own site,Pizza GoGo,Westminster,Bayswater,Pizza,,1,+44 20 7229 4646,218 Queensway,,openstreetmap,,,https://www.openstreetmap.org/node/2954113033
https://www.pizzahut.co.uk/restaurants/find/details/leicestersquare,own site,Pizza Hut,Westminster,Covent Garden,Pizza,,1,+44 20 7930 9114,19 Leicester Square,WC2H 7LE,openstreetmap,,,https://www.openstreetmap.org/node/348857103
https://www.pizzahut.co.uk/restaurants/find/details/marblearch,own site,Pizza Hut,Westminster,Mayfair,Pizza,,1,+44 20 7493 6427,523 Oxford Street,W1C 2QJ,openstreetmap,,,https://www.openstreetmap.org/node/1396900452
https://www.pizzahut.co.uk/restaurants/find/details/strand,own site,Pizza Hut,Westminster,Covent Garden,Pizza,,1,,56/59 Strand,WC2N 5LR,openstreetmap,,,https://www.openstreetmap.org/way/72140257
https://www.pizzahut.co.uk/restaurants/find/details/piccadilly,own site,Pizza Hut,Westminster,St James's,Pizza,,1,+44 20 7287 8560,29-31 Regent Street,SW1Y 4ND,openstreetmap,,,https://www.openstreetmap.org/way/290406002
https://www.pizzahut.co.uk/huts/uk-1/7569-westbourne-park/,own site,Pizza Hut Delivery,Westminster,Maida Vale,Pizza,,1,+44 20 7286 1313,341A Harrow Road,W9 3RA,openstreetmap,,,https://www.openstreetmap.org/node/3412464193
https://www.pizzahut.co.uk/huts/uk-1/7516-pimlico/,own site,Pizza Hut Delivery,Westminster,Pimlico,Pizza,,1,+44 20 7976 5722,113 Lupus Street,SW1V 3EN,openstreetmap,,,https://www.openstreetmap.org/node/5253652521
https://www.pizzahut.co.uk/huts/uk-1/7575-edgware-road/,own site,Pizza Hut Delivery,Westminster,Little Venice,Pizza,,1,+44 20 7723 8883,454 Edgware Road,,openstreetmap,,,https://www.openstreetmap.org/node/6498443446
https://thepizzaandkebabcentre.co.uk/,own site,Pizza Kebab Chicken Centre,Westminster,Maida Vale,Pizza,,1,+44 20 7289 8255,368 Harrow Road,,openstreetmap,,,https://www.openstreetmap.org/node/6743935990
https://www.littlepersia.co.uk/,own site,Pizza Pilgrims,Westminster,Bayswater,Pizza,,1,,40 Queensway,,openstreetmap,,,https://www.openstreetmap.org/node/534672187
https://www.pizzaexpress.com/london-pimlico,own site,PizzaExpress,Westminster,Pimlico,Pizza,,1,,46 Moreton Street,SW1V 2PB,openstreetmap,,,https://www.openstreetmap.org/node/262565828
https://www.pizzaexpress.com/london-baker-street,own site,PizzaExpress,Westminster,Marylebone (also St Marylebone),Pizza,,1,,131-133 Baker Street,W1U 6SE,openstreetmap,,,https://www.openstreetmap.org/node/299523381
https://www.pizzaexpress.com/london-450-strand,own site,PizzaExpress,Westminster,Covent Garden,Pizza,,1,+44 20 7930 8205,450 The Strand,WC2R 0RG,openstreetmap,,,https://www.openstreetmap.org/node/348018690
https://www.pizzaexpress.com/london-haymarket,own site,PizzaExpress,Westminster,St James's,Pizza,,1,,25 Haymarket,SW1Y 4EN,openstreetmap,,,https://www.openstreetmap.org/node/595303504
https://www.pizzaexpress.com/london-millbank,own site,PizzaExpress,Westminster,Millbank,Pizza,,1,,25 Millbank,SW1P 4QP,openstreetmap,,,https://www.openstreetmap.org/node/1282224673
https://www.pizzaexpress.com/london-paddington,own site,PizzaExpress,Westminster,Paddington,Pizza,,1,,,,openstreetmap,,,https://www.openstreetmap.org/node/6853206779
https://www.pizzaexpress.com/london-barrett-street,own site,PizzaExpress,Westminster,Mayfair,Pizza,,1,,21-22 Barrett Street,,openstreetmap,,,https://www.openstreetmap.org/way/107039273
https://www.pizzaexpress.com/london-victoria-street,own site,PizzaExpress,Westminster,Millbank,Pizza,,1,,154 Victoria Street,SW1E 5LB,openstreetmap,,,https://www.openstreetmap.org/way/203884503
https://www.pizzaexpress.com/london-dean-street,own site,PizzaExpress,Westminster,Soho,Pizza,,1,+44 20 7437 9595,10 Dean Street,,openstreetmap,,,https://www.openstreetmap.org/way/288392849
https://www.pizzaexpress.com/london-aldwych,own site,PizzaExpress,Westminster,Covent Garden,Pizza,,1,+44 20 7836 7716,147 Strand,WC2R 1JA,openstreetmap,,,https://www.openstreetmap.org/way/372842254
https://www.pizzaexpress.com/london-st-martins-lane/,own site,PizzaExpress,Westminster,Covent Garden,Pizza,,1,,80-81 St Martin's Lane,WC2N 4AA,openstreetmap,,,https://www.openstreetmap.org/way/566157044
https://www.pizzaexpress.com/st-johns-wood-abbey-road,own site,PizzaExpress,Westminster,St John's Wood,Pizza,,1,,39 Abbey Road,NW8 0AA,openstreetmap,,,https://www.openstreetmap.org/way/704189475
https://www.pizzaexpress.com/london-bow-street,own site,PizzaExpress,Westminster,Covent Garden,Pizza,,1,+44 20 7240 3443,9 Bow Street,WC2E 7AH,openstreetmap,,,https://www.openstreetmap.org/way/987016401
https://plumvalley.co.uk/,"own site (found by name, postcode verified)",Plum Valley,Westminster,Soho,Restaurant,plumvalleychinatown@gmail.com,1,,20 Gerrard Street,W1D 6JQ,openstreetmap,,,https://www.openstreetmap.org/node/13550924154
https://www.plumewinebar.com/,"own site (found by name, postcode verified)",Plume Wine Bar,Westminster,Covent Garden,Pub,enquiries@plumewinebar.com,1,,"BASEMENT AND GROUND FLOOR 26 WELLINGTON STREET, LONDON",WC2E 7DD,food standards agency,,,https://ratings.food.gov.uk/business/1083445
https://poan.com/en-us,"own site (found by name, postcode verified)",POAN Ltd,Westminster,Soho,Restaurant,clientservices@poan.com,1,,"GROUND FLOOR 37 SOHO SQUARE, LONDON",W1D 3QZ,food standards agency,,,https://ratings.food.gov.uk/business/1843273
https://www.pochawagrill.com/,own site,Pochawa Grill 포차와 그릴,Westminster,Soho,Asian; Korean,,1,,29 Wardour Street,W1D 6PS,openstreetmap,,,https://www.openstreetmap.org/node/13550924150
https://poetrypharmacy.co.uk/,"own site (found by name, postcode verified)",Poetry Pharmacy,Westminster,Soho,Restaurant,hello@poetrypharmacy.co.uk,1,,"175-179 OXFORD STREET, LONDON",W1D 2JS,food standards agency,,,https://ratings.food.gov.uk/business/1714236
https://www.poilane.com,own site,Poilâne,Westminster,Belgravia,Bakery,,1,+44 20 7808 4910,46 Elizabeth Street,SW1W 9PA,openstreetmap,,,https://www.openstreetmap.org/way/545148144
https://www.a-zstore.co.uk/,own site,Poke House,Westminster,Mayfair,Asian; Japanese,,1,+44 20 7629 5088,32 Maddox Street,,openstreetmap,,,https://www.openstreetmap.org/node/5634018813
https://poncho8.com/store/paddington/,own site,Poncho 8,Westminster,Little Venice,Mexican,,1,+44 20 7121 0325,12 Sheldon Square,,openstreetmap,,,https://www.openstreetmap.org/node/6854650636
https://www.popina.co.uk/,own site,Popina,Westminster,Mayfair,Cafe,,1,+44 20 7629 8883,83 Duke Street,W1K 5PF,openstreetmap,,,https://www.openstreetmap.org/node/5527019921
https://portlandrestaurant.co.uk/,own site,Portland,Westminster,Fitzrovia,Restaurant,info@portlandrestaurant.co.uk,1,,113 Great Portland Street,,openstreetmap,,,https://www.openstreetmap.org/way/183024350
https://www.potatoartstudio.co.uk/,"own site (found by name, postcode verified)",Potato Art Studio,Westminster,Marylebone (also St Marylebone),Restaurant,info@potatoartstudio.co.uk,1,,"2 LOXTON WALK, WESTMINSTER, LONDON",W1U 8AZ,food standards agency,,,https://ratings.food.gov.uk/business/1912121
https://locations.pret.co.uk/london/49-tothill-street,own site,Pret A Manger,Westminster,Westminster,Deli,,1,,49 Tothill Street,SW1H 9LQ,openstreetmap,,,https://www.openstreetmap.org/node/431358018
https://locations.pret.co.uk/london/18-hanover-street,own site,Pret A Manger,Westminster,Mayfair,Deli,,1,,18 Hanover Street,W1S 1YN,openstreetmap,,,https://www.openstreetmap.org/node/452239369
https://locations.pret.co.uk/london/29-33-kingsway,own site,Pret A Manger,Westminster,Covent Garden,Deli,,1,,29 Kingsway,WC2B 6UF,openstreetmap,,,https://www.openstreetmap.org/node/455705612
https://locations.pret.co.uk/london/77-78-st-martin's-lane,own site,Pret A Manger,Westminster,Covent Garden,Deli,,1,,77-78 St Martin's Lane,WC2N 4AA,openstreetmap,,,https://www.openstreetmap.org/node/475974425
https://locations.pret.co.uk/london/298-regent-street,own site,Pret A Manger,Westminster,Soho,Deli,,1,+44 20 7932 5219,298 Regent Street,W1B 3AP,openstreetmap,,,https://www.openstreetmap.org/node/595259850
https://www.pret.co.uk/en-GB/shop-finder/l/london/9-argyll-street/10682,own site,Pret A Manger,Westminster,Soho,Deli,,1,+44 20 3937 7831,9 Argyll Street,W1F 7TQ,openstreetmap,,,https://www.openstreetmap.org/node/799284867
https://locations.pret.co.uk/london/49-eastcastle-street,own site,Pret A Manger,Westminster,Soho,Deli,,1,,49 Eastcastle Street,W1W 8DZ,openstreetmap,,,https://www.openstreetmap.org/node/1228112079
https://locations.pret.co.uk/london/unit-5-marylebone-station,own site,Pret A Manger,Westminster,Marylebone (also St Marylebone),Deli,,1,,76-78 Melcombe Place,NW1 6JJ,openstreetmap,,,https://www.openstreetmap.org/node/1251964294
https://locations.pret.co.uk/london/92-buckingham-palace-road,own site,Pret A Manger,Westminster,Belgravia,Deli,,1,,92 Buckingham Palace Road,SW1W 0SS,openstreetmap,,,https://www.openstreetmap.org/node/1794936406
https://locations.pret.co.uk/london/32-avery-row,own site,Pret A Manger,Westminster,Mayfair,Deli,,1,,32 Avery Row,W1K 4BE,openstreetmap,,,https://www.openstreetmap.org/node/1988788101
https://www.pret.co.uk/en-GB/shop-finder/l/london/211-213-baker-street/10273,own site,Pret A Manger,Westminster,Marylebone (also St Marylebone),Deli,,1,+44 20 7487 2712,211-213 Baker Street,NW1 6UY,openstreetmap,,,https://www.openstreetmap.org/node/1988854945
https://locations.pret.co.uk/london/5-11-mortimer-street,own site,Pret A Manger,Westminster,Fitzrovia,Deli,,1,+44 20 7323 0832,5-11 Mortimer Street,W1T 3HS,openstreetmap,,,https://www.openstreetmap.org/node/2657526581
https://locations.pret.co.uk/london/2-4-circus-road,own site,Pret A Manger,Westminster,St John's Wood,Deli,,1,+44 20 7483 3433,2-4 Circus Road,NW8 6PG,openstreetmap,,,https://www.openstreetmap.org/node/4106677412
https://locations.pret.co.uk/london/35-frith-street,own site,Pret A Manger,Westminster,Soho,Deli,,1,,35 Frith Street,W1D 5LQ,openstreetmap,,,https://www.openstreetmap.org/node/4550756142
https://locations.pret.co.uk/london/7-9-queensway,own site,Pret A Manger,Westminster,Bayswater,Deli,,1,+44 20 7221 0656,7-9 Queensway,W2 4QJ,openstreetmap,,,https://www.openstreetmap.org/node/4994264046
https://locations.pret.co.uk/london/7-8-rathbone-place,own site,Pret A Manger,Westminster,Soho,Deli,,1,,7-8 Rathbone Place,W1T 1HN,openstreetmap,,,https://www.openstreetmap.org/node/6085960000
https://www.pret.co.uk/en-GB/shop-finder/l/london/76-edgware-road/10492,own site,Pret A Manger,Westminster,Paddington,Deli,,1,,76 Edgware Road,,openstreetmap,,,https://www.openstreetmap.org/node/6371429623
https://locations.pret.co.uk/london/5-pall-mall-east,own site,Pret A Manger,Westminster,St James's,Deli,,1,+44 20 7839 3995,5 Pall Mall East,SW1Y 5BA,openstreetmap,,,https://www.openstreetmap.org/node/9122346480
https://www.pret.co.uk/en-GB/shop-finder/l/london/38-piccadilly/10802,own site,Pret A Manger,Westminster,St James's,Deli,,1,+44 207 287 6007,,,openstreetmap,,,https://www.openstreetmap.org/node/13248556738
https://locations.pret.co.uk/london/25-villiers-street,own site,Pret A Manger,Westminster,Covent Garden,Deli,,1,,25 Villiers Street,WC2N 6ND,openstreetmap,,,https://www.openstreetmap.org/way/71408539
https://locations.pret.co.uk/london/120-125-strand,own site,Pret A Manger,Westminster,Covent Garden,Deli,,1,,125-130 Strand,WC2R 0AP,openstreetmap,,,https://www.openstreetmap.org/way/148523747
https://locations.pret.co.uk/london/7-berkeley-square,own site,Pret A Manger,Westminster,Mayfair,Deli,,1,,7 Berkeley Square,W1J 6ES,openstreetmap,,,https://www.openstreetmap.org/way/211547739
https://www.pret.co.uk/en-GB/shop-finder/l/london/35-broadwick-street/59,own site,Pret A Manger,Westminster,Soho,Deli,,1,,35 Broadwick Street,W1F 0DH,openstreetmap,,,https://www.openstreetmap.org/way/273720734
https://locations.pret.co.uk/london/13-hanover-square,own site,Pret A Manger,Westminster,Mayfair,Deli,,1,,13 Hanover Square,W1S 1HN,openstreetmap,,,https://www.openstreetmap.org/way/291263225
https://locations.pret.co.uk/london/136-great-portland-street,own site,Pret A Manger,Westminster,Fitzrovia,Deli,,1,,136 Great Portland Street,W1W 6PY,openstreetmap,,,https://www.openstreetmap.org/way/345140327
https://locations.pret.co.uk/london/retail-unit-2,own site,Pret A Manger,Westminster,St James's,Deli,,1,,2 Regent Street,SW1Y 4PE,openstreetmap,,,https://www.openstreetmap.org/way/675836571
https://www.preto.co.uk/restaurant/queensway,own site,Preto Queensway,Westminster,Bayswater,Restaurant,info@preto.co.uk,1,+44 20 7243 6446,117 Queensway,,openstreetmap,,,https://www.openstreetmap.org/node/7107655967
https://www.prezzo.co.uk/restaurants/london-northumberland-avenue/,own site,Prezzo,Westminster,Covent Garden,Italian,,1,+44 20 7930 4288,31-32 Northumberland Avenue,WC2N 5BW,openstreetmap,,,https://www.openstreetmap.org/node/559522541
https://www.prezzorestaurants.co.uk/restaurant/london---st.-martins-lane/,own site,Prezzo,Westminster,Covent Garden,Italian,,1,,116 St Martin's Lane,WC2N 4BF,openstreetmap,,,https://www.openstreetmap.org/node/2501420387
https://www.prezzorestaurants.co.uk/restaurant/london---glasshouse-street/,own site,Prezzo,Westminster,St James's,Italian,,1,,,,openstreetmap,,,https://www.openstreetmap.org/node/3357928861
https://www.craftunionpubs.com/pride-of-pimlico,own site,Pride of Pimlico,Westminster,Pimlico,Pub,,1,,85 Tachbrook Street,SW1V 2QA,openstreetmap,,,https://www.openstreetmap.org/node/271516102
https://www.prince-alfred.co.uk/,own site,Prince Alfred,Westminster,Bayswater,Pub,manager@prince-alfred.co.uk,1,+44 20 7229 1474,112 Queensway,W2 3RR,openstreetmap,,,https://www.openstreetmap.org/way/753467777
https://princecharlescinema.com/,"own site (found by name, postcode verified)",Prince Charles Cinema,Westminster,Covent Garden,Restaurant,,1,,"GROUND FLOOR AND BASEMENT CHARLES HOUSE 7 LEICESTER PLACE, LONDON",WC2H 7BY,food standards agency,,,https://ratings.food.gov.uk/business/411668
https://www.princeedwardtheatre.co.uk/,"own site (found by name, postcode verified)",Prince Edward Theatre,Westminster,Mayfair,Restaurant,,1,,"PRINCE EDWARD THEATRE 28 OLD COMPTON STREET, LONDON",W1D 4HS,food standards agency,,,https://ratings.food.gov.uk/business/412521
https://www.princeofwalespaddington.co.uk/index,own site,Prince of Wales,Westminster,Paddington,Asian; Pub,info@princeofwalespaddington.co.uk,1,,2 Cleveland Terrace,W2 6LH,openstreetmap,,,https://www.openstreetmap.org/way/42030132
https://www.princeofwalestheatre.co.uk/,"own site (found by name, postcode verified)",Prince Of Wales Theatre,Westminster,Soho,Restaurant,,1,,"BASEMENT AND GROUND FLOOR 31 COVENTRY STREET, LONDON",W1D 6AS,food standards agency,,,https://ratings.food.gov.uk/business/413574
https://www.nicholsonspubs.co.uk/restaurants/london/theprincessofwalescharingcrosslondon,own site,Princess of Wales,Westminster,Covent Garden,Pub,,1,,27 Villiers Street,WC2N 6ND,openstreetmap,,,https://www.openstreetmap.org/way/71408542
http://www.princi.com/,own site,Princi,Westminster,Soho,Pizza,,1,,135 Wardour Street,,openstreetmap,,,https://www.openstreetmap.org/way/274458677
http://www.prixfixe.net/,own site,Prix Fixe,Westminster,Soho,French,,1,+44 20 7734 5976,39 Dean Street,W1D 4PU,openstreetmap,,,https://www.openstreetmap.org/node/13571511910
https://proseccocaffe.com/,"own site (found by name, postcode verified)",Prosecco Caffe',Westminster,Soho,Restaurant,info@proseccocaffe.com,1,,"26 FRITH STREET, LONDON",W1D 5LD,food standards agency,,,https://ratings.food.gov.uk/business/1686851
http://Proseccocafe.com,own site,Prosecco Café,Westminster,Soho,Italian,contact@proseccocafe.com,1,,26 Frith Street,W1D 5LD,openstreetmap,,,https://www.openstreetmap.org/node/12241524301
https://www.greeneking.co.uk/pubs/greater-london/punch-and-judy,own site,Punch & Judy,Westminster,Covent Garden,Pub,,1,+44 20 7379 0923,40 The Market,WC2E 8RF,openstreetmap,,,https://www.openstreetmap.org/node/566313869
https://purcha.co.uk/,"own site (found by name, postcode verified)",Purcha,Westminster,Covent Garden,Takeaway,,1,,"INGERSOLL HOUSE 7-9 KINGSWAY, LONDON",WC2B 6XF,food standards agency,,,https://ratings.food.gov.uk/business/1592666
https://www.pure.co.uk/shops/bakerstreet/,own site,Pure,Westminster,Marylebone (also St Marylebone),Breakfast,hello@pure.co.uk,1,,72 Baker Street,,openstreetmap,,,https://www.openstreetmap.org/way/148032559
http://qbeefnoodles.co.uk,own site,Q Beef Noodles,Westminster,Soho,Asian; Chinese,,1,,24 Romilly Street,,openstreetmap,,,https://www.openstreetmap.org/node/13772164701
https://www.qubiccafe.co.uk/,"own site (found by name, postcode verified)",Qubic Cafe,Westminster,Covent Garden,Restaurant,,1,,"48 CHANDOS PLACE, LONDON",WC2N 4HS,food standards agency,,,https://ratings.food.gov.uk/business/1686852
https://www.queenofsheba.co.uk/,"own site (found by name, postcode verified)",Queen Of Sheba,Westminster,Paddington,Restaurant,,1,+44 20 7402 6667,3 - 4 Bouverie Place,W2 1RE,openstreetmap,,,https://www.openstreetmap.org/node/6881047987
https://queensarmskilburn.co.uk/,own site,Queens Arms,Westminster,Kilburn,Pub,queenarms@gmail.com,1,,1 Kilburn High Road,NW6 5SE,openstreetmap,,,https://www.openstreetmap.org/way/109187435
https://www.queensofmayfair.com/,"own site (found by name, postcode verified)",Queens Of Mayfair,Westminster,Mayfair,Restaurant,,1,,"BASEMENT AND GROUND FLOOR 17 QUEEN STREET, LONDON",W1J 5PH,food standards agency,,,https://ratings.food.gov.uk/business/1202591
https://www.quovadissoho.co.uk/,own site,Quo Vadis,Westminster,Soho,Restaurant,reception@quovadissoho.co.uk,1,+44 20 7437 9585,26-29 Dean Street,W1D 3LL,openstreetmap,,,https://www.openstreetmap.org/way/288394416
https://www.royalacademy.org.uk/eating-and-drinking,own site,RA Cafe,Westminster,St James's,Cafe,tickets@royalacademy.org.uk,1,,,,openstreetmap,,,https://www.openstreetmap.org/node/6868185118
https://radiorooftop.com/,"own site (found by name, postcode verified)",Radio Rooftop,Westminster,Covent Garden,Restaurant,,1,,"336-337 STRAND, LONDON",WC2R 1HA,food standards agency,,,https://ratings.food.gov.uk/business/1650739
https://www.ramoramen.com/,own site,Ramo Ramen,Westminster,Soho,Asian; Japanese,info@ramoramen.com,1,+44 20 7434 3777,28 Brewer Street,,openstreetmap,ramoramenldn,ramoramen,https://www.openstreetmap.org/node/2938969701
https://www.randallandaubin.co.uk/,own site,Randall & Aubin,Westminster,Soho,Restaurant,,1,+44 20 7287 4447,16 Brewer Street,,openstreetmap,,,https://www.openstreetmap.org/node/2905981401
https://www.randallandaubin.com/,"own site (found by name, postcode verified)",Randall And Aubin,Westminster,Soho,Restaurant,info@randallandaubin.com,1,,"16 BREWER STREET, LONDON",W1F 0SQ,food standards agency,,,https://ratings.food.gov.uk/business/413302
https://www.maroush.com/restaurant/ranoush-edgware-road/,own site,Ranoush Juice,Westminster,Paddington,Takeaway,bookings@maroush.com,1,+44 20 7723 5929,43 Edgware Road,W2 2JE,openstreetmap,,,https://www.openstreetmap.org/way/350999687
https://www.rasasayangfood.com,own site,Rasa Sayang,Westminster,Soho,Asian,,1,+44 20 7734 1382,5 Macclesfield Street,W1D 6AY,openstreetmap,,,https://www.openstreetmap.org/node/13550924157
http://www.cinnamonspice.co.uk/,own site,Rayyan,Westminster,Marylebone (also St Marylebone),Indian,,1,,12-14 Glentworth Street,,openstreetmap,,,https://www.openstreetmap.org/node/4937210325
https://www.reformsocialgrill.co.uk/,own site,Reform Social & Grill,Westminster,Marylebone (also St Marylebone),Restaurant,,1,,Mandeville Place,,openstreetmap,,,https://www.openstreetmap.org/node/6296952615
https://regencycafe.co.uk/,own site,Regency Cafe,Westminster,Millbank,Breakfast; Seafood,,1,+44 20 7821 6596,17-19 Regency Street,SW1P 4BY,openstreetmap,,,https://www.openstreetmap.org/way/100822479
https://www.benugo.com/partnerships/public-spaces/parks/regents-park/regents-bar-and-kitchen,own site,Regent's Bar & Kitchen,Westminster,Marylebone (also St Marylebone),Restaurant,theregentspark@benugo.com,1,,Inner Circle,NW1 4NU,openstreetmap,,,https://www.openstreetmap.org/way/115640262
https://relishsandwich.co.uk/html/,own site,Relish,Westminster,Millbank,Deli,,1,+44 20 7828 0628,8 John Islip Street,SW1P 4PY,openstreetmap,,,https://www.openstreetmap.org/node/385560847
https://yoshino.net/,own site,Restaurant Yoshino,Westminster,St James's,Asian; Japanese,,1,+44 20 7287 6622,3 Piccadilly Place,,openstreetmap,,,https://www.openstreetmap.org/node/5683731025
https://reubensrestaurant.com/,own site,Reubens,Westminster,Marylebone (also St Marylebone),Restaurant,,1,,79 Baker Street,,openstreetmap,,,https://www.openstreetmap.org/node/3049539966
https://www.richoux.co.uk/,own site,Richoux,Westminster,Mayfair,Restaurant,enquiries@richoux.co.uk,1,,41 South Audley Street,,openstreetmap,,,https://www.openstreetmap.org/node/452417445
https://www.frescobaldi.london/,own site,Ristorante Frescobaldi,Westminster,Mayfair,Italian,,1,+44 20 3693 3435,15 New Burlington Place,W1S 2HX,openstreetmap,,,https://www.openstreetmap.org/node/5655220885
https://ritu.london,own site,Ritu,Westminster,St John's Wood,Restaurant,,1,+44 20 7624 2921,1 Blenheim Terrace,,openstreetmap,,,https://www.openstreetmap.org/node/6612064847
https://www.rococochocolates.com/pages/belgravia,own site,Rococo Chocolates,Westminster,Belgravia,Cafe,5motcombstreet@rococochocolates.com,1,+44 20 7245 0993,5 Motcomb Street,SW1X 8JU,openstreetmap,,,https://www.openstreetmap.org/way/530700233
https://rodeo.co.uk/pages/stores/rodeo-doughnuts-charing-cross-store,own site,Rodeo,Westminster,Covent Garden,Donuts,,1,,17,WC2N 6NG,openstreetmap,,,https://www.openstreetmap.org/way/369239198
https://www.rokarestaurant.com/home-aldwych,own site,ROKA,Westminster,Temple,Asian; Japanese,,1,+44 20 7294 7636,,,openstreetmap,,,https://www.openstreetmap.org/node/3685937548
https://www.rokarestaurant.com/,own site,Roka,Westminster,Mayfair,Asian; Japanese,,1,,30 North Audley Street,,openstreetmap,,,https://www.openstreetmap.org/way/342715789
https://www.roketsu.co.uk/,own site,Roketsu,Westminster,Marylebone (also St Marylebone),Asian; Japanese,info@roketsu.co.uk,1,+44 20 3149 1227,12 New Quebec Street,,openstreetmap,,,https://www.openstreetmap.org/node/11783224687
https://www.romeosan.com/,"own site (found by name, postcode verified)",Romeo San,Westminster,Marylebone (also St Marylebone),Restaurant,eat@romeosan.com,1,,"38 GEORGE STREET, LONDON",W1U 7DS,food standards agency,,,https://ratings.food.gov.uk/business/1809085
https://rosasthai.com/locations/rosas-thai-restaurant-delivery-takeaway-baker-street,own site,Rosa's Thai Cafe,Westminster,Marylebone (also St Marylebone),Asian,bakerstreet@rosasthai.com,1,,100 Baker Street,,openstreetmap,,,https://www.openstreetmap.org/node/6338253688
https://www.rosasthaicafe.com/locations/rosas-thai-restaurant-delivery-takeaway-queensway,own site,Rosa's Thai Cafe,Westminster,Bayswater,Asian,bakerstreet@rosasthai.com,1,+44 20 3687 0170,36 Queensway,W2 3RX,openstreetmap,,,https://www.openstreetmap.org/node/8590337320
https://www.greeneking-pubs.co.uk/pubs/greater-london/rose-crown/,own site,Rose & Crown,Westminster,Mayfair,Pub,7242@greeneking.co.uk,1,,2 Old Park Lane,W1K 1QN,openstreetmap,,,https://www.openstreetmap.org/way/631474504
https://www.facebook.com/rosettafarmlondon,own site,Rosetta,Westminster,Covent Garden,Cafe,,1,,38 William IV Street,WC2B 4DD,openstreetmap,,,https://www.openstreetmap.org/node/11222481638
https://www.rotichai.com/,own site,Roti Chai (Dining Room),Westminster,Marylebone (also St Marylebone),Indian,infowala@rotichai.com,1,,3 Portman Mews South,,openstreetmap,,,https://www.openstreetmap.org/node/5509518521
https://www.roundhousecoventgarden.co.uk/,"own site (found by name, postcode verified)",Round House,Westminster,Covent Garden,Restaurant,,2,,"1 GARRICK STREET, LONDON",WC2E 9BF,food standards agency,,,https://ratings.food.gov.uk/business/428078
https://www.greeneking.co.uk/pubs/greater-london/round-table,own site,Round Table,Westminster,Covent Garden,Pub,,1,,26-27 St Martin's Court,WC2N 4AL,openstreetmap,,,https://www.openstreetmap.org/node/691636621
https://www.royalchinagroup.co.uk/restaurants/baker-street/,own site,Royal China Baker Street,Westminster,Marylebone (also St Marylebone),Asian; Chinese,,1,,24-26 Baker Street,,openstreetmap,,,https://www.openstreetmap.org/node/6312152707
https://royalexchangepub.co.uk/,"own site (found by name, postcode verified)",Royal Exchange,Westminster,Paddington,Pub,info@royalexchangepub.co.uk,1,,26 Sale Place,W2 1PU,openstreetmap,,,https://www.openstreetmap.org/way/733941338
https://www.theroyalgeorgewc2.co.uk/,own site,Royal George,Westminster,Covent Garden,Pub,enquiry@theroyalgeorgewc2.co.uk,1,+44 20 7734 8837,133 Charing Cross Road,WC2H 0EA,openstreetmap,,,https://www.openstreetmap.org/node/565470149
https://www.royalindiacoventgarden.co.uk/,own site,Royal India,Westminster,Covent Garden,Indian,,1,+44 20 7379 1099,3-7 Endell Street,WC2H 9BD,openstreetmap,,,https://www.openstreetmap.org/way/559946386
https://rules.co.uk/,own site,Rules,Westminster,Covent Garden,Restaurant,pr@rules.co.uk,1,+44 20 7836 5314,34-35 Maiden Lane,WC2E 7LB,openstreetmap,,,https://www.openstreetmap.org/way/558928361
https://www.therumkitchen.com/,own site,Rum Kitchen,Westminster,Soho,Restaurant,carnaby@therumkitchen.com,1,+44 20 3668 2537,Kingly Court,W1B 5PW,openstreetmap,,,https://www.openstreetmap.org/node/4668146656
https://www.rupert-street.com/london,own site,Rupert Street,Westminster,Soho,Pub,,1,+44 20 7494 3059,50 Rupert Street,W1D 6DR,openstreetmap,https://www.facebook.com/RupertStreetBar/,https://www.instagram.com/rupert_street_bar/,https://www.openstreetmap.org/node/348874860
https://www.saborrestaurants.co.uk/,own site,Sabor,Westminster,Soho,Spanish,info@saborrestaurants.co.uk,1,,35-37 Heddon Street,W1B 4BR,openstreetmap,,,https://www.openstreetmap.org/node/5658200133
https://www.sacredgrounds.co.uk/,own site,Sacred Grounds,Westminster,Soho,Breakfast,contact@sacredgrounds.co.uk,1,,54 Dean Street,W1D 6AE,openstreetmap,,,https://www.openstreetmap.org/node/12123977431
https://www.sadaf-restaurant.co.uk/,own site,Sadaf,Westminster,Bayswater,Restaurant,,1,+44 20 7693 2094,27 Westbourne Grove,W2 4UA,openstreetmap,,,https://www.openstreetmap.org/node/511172303
https://saffron-restaurant.com/,"own site (found by name, postcode verified)",Saffron Restaurant,Westminster,Marylebone (also St Marylebone),Restaurant,wweeiihhuuaanngg@gmail.com,1,,"39 UPPER BERKELEY STREET, LONDON",W1H 5QH,food standards agency,,,https://ratings.food.gov.uk/business/732355
https://www.sagarrestaurant.co.uk/,own site,Sagar,Westminster,Covent Garden,Indian,info@sagarrestaurant.co.uk,1,,Catherine Street,WC2B 5JS,openstreetmap,,,https://www.openstreetmap.org/way/986920652
https://www.sahara-restaurant.co.uk/,own site,Sahara,Westminster,St John's Wood,Restaurant,info@sahara-restaurant.co.uk,1,+44 20 7722 8555,7 St John's Wood High Street,,openstreetmap,,,https://www.openstreetmap.org/node/6535716225
https://salloos.co.uk/,"own site (found by name, postcode verified)",Salloos,Westminster,Belgravia,Indian,reservations@salloos.co.uk,1,,62-64 Kinnerton Street,SW1X 8ER,openstreetmap,,,https://www.openstreetmap.org/way/530132955
https://sanhaolondon.com/,"own site (found by name, postcode verified)",San Hao,Westminster,Soho,Restaurant,info@sanhaolondon.com,2,,"TANG HOUSE 3 GERRARD STREET, LONDON",W1D 5PD,food standards agency,,,https://ratings.food.gov.uk/business/1924111
https://www.sandwichexpress.london/,"own site (found by name, postcode verified)",Sandwich Express,Westminster,Covent Garden,Restaurant,,1,,"25 WHITCOMB STREET, LONDON",WC2H 7EP,food standards agency,,,https://ratings.food.gov.uk/business/414336
https://www.sandys.uk.com/,own site,Sandy's,Westminster,Marylebone (also St Marylebone),Italian,,1,,14 Seymour Place,,openstreetmap,,,https://www.openstreetmap.org/node/2305429444
https://santoriniw2.com/,own site,Santorini Restaurant,Westminster,Bayswater,Greek,,1,+44 20 7727 7112,10 Moscow Road,W2 4BT,openstreetmap,,,https://www.openstreetmap.org/node/5174419723
https://saracafe.co.uk/,"own site (found by name, postcode verified)",Sara Cafe,Westminster,Marylebone (also St Marylebone),Restaurant,,2,,"13A CRAWFORD STREET, LONDON",W1U 6BZ,food standards agency,,,https://ratings.food.gov.uk/business/412415
https://www.sarastro-restaurant.com/,own site,Sarastro Restaurant,Westminster,Covent Garden,Restaurant,reservations@sarastro-restaurant.com,1,,126 Drury Lane,WC2B 5SU,openstreetmap,,,https://www.openstreetmap.org/way/986952076
https://www.sartorirestaurant.com/,own site,Sartori,Westminster,Covent Garden,Italian,,1,,15 Great Newport Street,WC2H 7JE,openstreetmap,,,https://www.openstreetmap.org/node/2108540691
https://www.sartoria-restaurant.co.uk/,own site,Sartoria,Westminster,Mayfair,Italian,sartoriareservations@danddlondon.com,2,+44 20 7534 7000,20 Savile Row,,openstreetmap,,,https://www.openstreetmap.org/node/4191567196
http://www.satay-house.co.uk/,own site,Satay House,Westminster,Paddington,Asian,info@satay-house.co.uk,1,+44 20 7723 6763,13 Sale Place,,openstreetmap,,,https://www.openstreetmap.org/node/6875121328
https://www.savileclub.co.uk/,"own site (found by name, postcode verified)",Savile Club,Westminster,Mayfair,Restaurant,admin@savileclub.co.uk,1,,"69-71 BROOK STREET, WEST END, LONDON",W1K 4ER,food standards agency,,,https://ratings.food.gov.uk/business/412627
https://www.savoytap.co.uk/,own site,Savoy Tap,Westminster,Covent Garden,Pub,info@savoytap.co.uk,1,+44 20 7836 9738,2 Savoy Street,WC2R 0BA,openstreetmap,,,https://www.openstreetmap.org/way/244895533
https://www.greeneking.co.uk/pubs/greater-london/sawyers-arms,own site,Sawyers Arms,Westminster,Paddington,Pub,,1,,8-9 London Street,W2 1HL,openstreetmap,,,https://www.openstreetmap.org/way/155488603
https://scandikitchen.co.uk/,own site,ScandiKitchen Cafe & Shop - Victoria,Westminster,Belgravia,Breakfast; Deli,sales@scandikitchen.co.uk,2,,42,,openstreetmap,,,https://www.openstreetmap.org/node/13062175201
https://www.daisygreenfood.com/location-scarlett,own site,Scarlett Green,Westminster,Soho,Restaurant,reservations@daisygreenfood.com,1,+44 20 3653 2010,4 Noel Street,W1F 8GB,openstreetmap,,,https://www.openstreetmap.org/node/5921219885
https://www.caprice-holdings.co.uk/,own site,Scott's,Westminster,Mayfair,Seafood,crm@caprice-holdings.co.uk,1,,20-22 Mount Street,,openstreetmap,,,https://www.openstreetmap.org/node/452416571
http://www.scotts-restaurant.com,own site (Wikidata),Scotts,Westminster,Mayfair,Restaurant,,1,,"20-22 MOUNT STREET, LONDON",W1K 2HE,food standards agency,,,https://ratings.food.gov.uk/business/594701
https://www.seashellrestaurant.co.uk/,own site,Seashell of Lisson Grove,Westminster,Paddington,Seafood,bookings@seashellrestaurant.co.uk,1,,49-51 Lisson Grove,,openstreetmap,,,https://www.openstreetmap.org/node/4522284989
https://www.segro.com/,"own site (found by name, postcode verified)",Segro,Westminster,Soho,Restaurant,infoitaly@segro.com,1,,"1 NEW BURLINGTON PLACE, LONDON",W1S 2HR,food standards agency,,,https://ratings.food.gov.uk/business/1209763
https://www.senor-ceviche.com/,own site,Senor Cevice,Westminster,Soho,Restaurant,hola@senor-ceviche.com,2,+44 20 7842 8540,Kingly Court,W1B 5PW,openstreetmap,,,https://www.openstreetmap.org/node/4668146653
https://sentirepilates.co.uk/,"own site (found by name, postcode verified)",SENTIRE PILATES,Westminster,Belgravia,Restaurant,info@sentirepilates.co.uk,1,,"23 ECCLESTON PLACE, LONDON",SW1W 9NF,food standards agency,,,https://ratings.food.gov.uk/business/1936003
https://www.benugo.com/sites/restaurants/serpentine-bar-kitchen/,"own site (found by name, postcode verified)",Serpentine Bar & Kitchen,Westminster,Paddington,Restaurant,serpentine@benugo.com,1,,61 Serpentine Road,W2 2UH,openstreetmap,,,https://www.openstreetmap.org/way/27186031
https://www.sexyfish.com/,own site,Sexy Fish,Westminster,Mayfair,Seafood,,1,,Berkeley Square,W1J 6BR,openstreetmap,,,https://www.openstreetmap.org/way/549450233
https://shackfuyu.com/,"own site (found by name, postcode verified)",Shackfuyu,Westminster,Soho,Restaurant,,1,,"14A OLD COMPTON STREET, LONDON",W1D 4TJ,food standards agency,,,https://ratings.food.gov.uk/business/761278
https://shahjahanrestaurant.com/,"own site (found by name, postcode verified)",Shahjahan,Westminster,Paddington,Restaurant,info@shahjahanrestaurant.com,1,,"BASEMENT AND GROUND FLOOR 26 SUSSEX PLACE, LONDON",W2 2TH,food standards agency,,,https://ratings.food.gov.uk/business/1533935
https://shakaraldn.com/,own site,SHAKARA,Westminster,Marylebone (also St Marylebone),Restaurant,info@shakaraldn.com,1,+44 7437 569667,66 Baker Street,W1U 7DJ,openstreetmap,,,https://www.openstreetmap.org/node/12411817999
https://shakeshack.com/location/london-argyll-street#/,own site,Shake Shack,Westminster,Soho,Burger,,1,+44 1923 886 218,10 Argyll Street,W1F 7TQ,openstreetmap,,,https://www.openstreetmap.org/node/799284563
https://www.shakeshukarestaurant.co.uk/,own site,ShakeShuka,Westminster,Marylebone (also St Marylebone),Restaurant,shakeshuka@shakeshukarestaurant.co.uk,1,,134 Marylebone Road,,openstreetmap,,,https://www.openstreetmap.org/node/1614146307
https://shanshuisocial.co.uk/,"own site (found by name, postcode verified)",Shan Shui Social,Westminster,Belgravia,Restaurant,hello.victoria@shanshuisocial.co.uk,1,,"BASEMENT AND GROUND FLOOR 14 BUCKINGHAM PALACE ROAD, LONDON",SW1W 0QP,food standards agency,,,https://ratings.food.gov.uk/business/1788605
https://www.shepherdmarketwinehouse.co.uk/,"own site (found by name, postcode verified)",Shepherd Market Wine House,Westminster,Mayfair,Pub,office@shepherdmarketwinehouse.co.uk,1,,"21 SHEPHERD MARKET, LONDON",W1J 7PN,food standards agency,,,https://ratings.food.gov.uk/business/1893187
https://www.greeneking-pubs.co.uk/pubs/greater-london/shepherds-tavern/,own site,Shepherds Tavern,Westminster,Mayfair,Pub,,1,,50 Hertford Street,,openstreetmap,,,https://www.openstreetmap.org/node/489826802
https://www.shezan.co.uk/,own site,Shezan,Westminster,Knightsbridge,Indian,restaurant@shezan.co.uk,1,,16 Cheval Place,,openstreetmap,,,https://www.openstreetmap.org/node/6002002173
https://signorsassi.co.uk/,own site,Signor Sassi,Westminster,Knightsbridge,Restaurant,,1,,14 Knightsbridge Green,,openstreetmap,,,https://www.openstreetmap.org/node/3357922874
https://silvarestaurant.co.uk/,"own site (found by name, postcode verified)",Silva,Westminster,Mayfair,Restaurant,reservations@silvarestaurant.co.uk,1,,"GROUND FLOOR 26 BRUTON PLACE, LONDON",W1J 6NG,food standards agency,,,https://ratings.food.gov.uk/business/1775705
https://www.greeneking.co.uk/pubs/greater-london/silver-cross,own site,Silver Cross,Westminster,St James's,Pub,,1,,33 Whitehall,SW1A 2BX,openstreetmap,,,https://www.openstreetmap.org/way/547522392
https://www.silvios.co.uk/,"own site (found by name, postcode verified)",Silvio's,Westminster,Marylebone (also St Marylebone),Deli,hello@silvios.co.uk,1,,37 Duke Street,W1U 1LN,openstreetmap,,,https://www.openstreetmap.org/way/217964853
https://www.simpsonsinthestrand.co.uk/,own site,Simpson's-in-the-Strand,Westminster,Covent Garden,Restaurant,granddivanreservations@simpsonsinthestrand.co.uk,1,+44 20 7836 9112,100 Strand,WC2R 0EW,openstreetmap,,,https://www.openstreetmap.org/node/554138077
https://www.singapulah.co.uk/,own site,Singapulah,Westminster,Soho,Asian,reservations@singapulah.co.uk,1,+44 20 3583 5815,53 Shaftesbury Avenue,W1D 6LB,openstreetmap,,,https://www.openstreetmap.org/node/624061059
https://sipup.co.uk/,"own site (found by name, postcode verified)",Sip Up - 24/7 Alcohol Delivery,Westminster,Marylebone (also St Marylebone),Takeaway,info@sipup.co.uk,1,,"222 BAKER STREET, LONDON",NW1 5RT,food standards agency,,,https://ratings.food.gov.uk/business/1605555
https://sketch.london/,own site,Sketch,Westminster,Mayfair,Restaurant,info@sketch.london,2,+44 20 7659 4500,9 Conduit Street,W1S 2XD,openstreetmap,,,https://www.openstreetmap.org/node/259774384
https://smacklobster.com/,own site,Smack Lobster Roll,Westminster,Soho,Seafood,,1,,58 Dean Street,W1D 6AL,openstreetmap,,,https://www.openstreetmap.org/way/350073264
https://www.smithandwollensky.co.uk/,"own site (found by name, postcode verified)",Smith & Wollensky,Westminster,Covent Garden,Restaurant,enquiries@smithandwollensky.co.uk,1,,1 - 11 John Adam Street,WC2N 6HT,openstreetmap,,,https://www.openstreetmap.org/node/4836118055
https://www.smithsbarandgrill.co.uk/,own site,Smiths Bar and Grill,Westminster,Little Venice,Restaurant,reservations@smithsbarandgrill.co.uk,1,+44 20 7286 9458,25 Sheldon Square,W2 6EY,openstreetmap,,,https://www.openstreetmap.org/node/2343155745
https://smokyboys.com/restaurants/marylebone/,own site,Smoky Boys,Westminster,Paddington,American; Halal,,1,+44 20 3158 5085,41-43 Lisson Grove,NW1 6UB,openstreetmap,https://www.facebook.com/smokyboysrestaurant/,https://www.instagram.com/smokyboys,https://www.openstreetmap.org/node/6462943320
https://www.sorestaurant.com/,own site,So Japanese,Westminster,St James's,Asian; Japanese,,1,,4 Warwick Street,,openstreetmap,,,https://www.openstreetmap.org/node/5502420530
https://www.socialimpactcoffee.org/,own site,Social Impact Coffee,Westminster,Paddington,Breakfast,info@socialimpactcoffee.org,1,,5,,openstreetmap,,,https://www.openstreetmap.org/node/6853212489
https://www.sofra.co.uk/,own site,Sofra,Westminster,Mayfair,Restaurant,,1,,18 Shepherd Street,W1J 7JG,openstreetmap,,,https://www.openstreetmap.org/node/622553492
http://www.sohocoffee.co.uk,own site,Soho Coffee Co.,Westminster,Mayfair,Cafe,,1,+44 20 3358 6777,10 Grosvenor Street,,openstreetmap,,,https://www.openstreetmap.org/node/5756877171
https://grind.co.uk/sohogrind/,own site,Soho Grind,Westminster,Soho,Cafe,hello@grind.co.uk,1,,19 Beak Street,,openstreetmap,,,https://www.openstreetmap.org/node/3058754844
https://sohoresidence.co.uk/,"own site (found by name, postcode verified)",Soho Residence,Westminster,Soho,Restaurant,info@sohoresidence.co.uk,1,,"83-85 WARDOUR STREET, LONDON",W1D 6QE,food standards agency,,,https://ratings.food.gov.uk/business/412184
https://www.soorrestaurant.co.uk/,own site,Soor,Westminster,Maida Vale,Restaurant,,1,,361 Harrow Road,,openstreetmap,,,https://www.openstreetmap.org/node/6814169333
https://www.sophiessteakhouse.com/soho,own site,Sophie's,Westminster,Soho,Restaurant,soho@sophiessteakhouse.com,1,+44 20 7836 8836,42-44 Great Windmill Street,W1D 7NB,openstreetmap,,,https://www.openstreetmap.org/node/5959693686
https://www.soukrestaurant.co.uk/,own site,Souk Bazaar,Westminster,Covent Garden,Restaurant,info@soukrestaurant.co.uk,2,,27 Litchfield Street,WC2H 9NJ,openstreetmap,,,https://www.openstreetmap.org/way/349340731
https://www.soutine.co.uk/,own site,Soutine,Westminster,St John's Wood,French,reservations@soutine.co.uk,1,+44 20 3926 8448,60 St John's Wood High Street,NW8 7SH,openstreetmap,,,https://www.openstreetmap.org/node/6542260740
https://speedboatbar.co.uk/,own site,Speedboat Bar,Westminster,Soho,Asian,info@speedboatbar.co.uk,1,,30 Rupert Street,W1D 6DL,openstreetmap,,,https://www.openstreetmap.org/node/4865627308
https://www.sportsbarandgrill.co.uk/marylebone,own site,Sports Bar & Grill,Westminster,Marylebone (also St Marylebone),Pub,,1,,76 Melcombe Place,NW1 6JJ,openstreetmap,,,https://www.openstreetmap.org/way/193375861
https://www.sportsbarandgrill.co.uk/victoria,own site,Sports Bar and Grill,Westminster,Belgravia,Pub,stonegatepress@stonegategroup.co.uk,1,,,,openstreetmap,,,https://www.openstreetmap.org/node/3688619646
https://www.greeneking-pubs.co.uk/pubs/greater-london/spread-eagle/,own site,Spread Eagle,Westminster,Mayfair,Pub,7254@greeneking.co.uk,1,+44 20 7629 4695,8 Woodstock Street,,openstreetmap,,,https://www.openstreetmap.org/node/452240939
https://www.spudbrosexpress.com,own site,SpudBros,Westminster,Mayfair,Restaurant,support@spudbrosexpress.com,2,,4 Princes Street,W1B 2LB,openstreetmap,,,https://www.openstreetmap.org/way/291293252
https://www.srisuwoon.com/,own site,Sri Suwoon Thai Restaurant,Westminster,Pimlico,Asian,,1,+44 20 7828 0321,44 Hugh Street,SW1V 4EP,openstreetmap,,,https://www.openstreetmap.org/way/440531409
https://www.craft-pubs.co.uk/stjamestavern,own site,St James Tavern,Westminster,Soho,Pub,,1,+44 20 7437 5009,45 Great Windmill Street,,openstreetmap,,,https://www.openstreetmap.org/way/572503114
https://www.ststephenstavern.co.uk/,own site,St Stephen's Tavern,Westminster,Westminster,Pub,,1,,10 Bridge Street,SW1A 2JR,openstreetmap,,,https://www.openstreetmap.org/node/267432002
https://stgeorgecoffee.co.uk/,own site,St. George London,Westminster,Covent Garden,French,,1,,112 St Martin's Lane,,openstreetmap,,,https://www.openstreetmap.org/node/12252642901
https://www.nicholsonspubs.co.uk/restaurants/london/thestgeorgestavernvictorialondon,own site,St. Georges Tavern,Westminster,Pimlico,Pub,,1,,14 Belgrave Road,SW1V 1QD,openstreetmap,,,https://www.openstreetmap.org/way/242294516
https://www.royalparks.org.uk/visit/parks/st-jamess-park/st-jamess-cafe,own site,St. James’s Café,Westminster,Westminster,Cafe,,1,,The Mall,,openstreetmap,,,https://www.openstreetmap.org/way/65489538
https://thestablehand.co.uk/,own site,Stablehand,Westminster,Paddington,French; Pub,contact@thestablehand.co.uk,1,+4420 7402 0083,4 Bathurst Street,W2 2SD,openstreetmap,,,https://www.openstreetmap.org/way/517877764
https://www.starbucks.com/store-locator/store/2609/embankment-1-3-villiers-street-london-eng-wc-2-n-6-nn-gb,own site,Starbucks,Westminster,Covent Garden,Breakfast,press@starbucks.com,1,,,,openstreetmap,,,https://www.openstreetmap.org/node/295971749
https://www.starbucks.co.uk/,own site,Starbucks,Westminster,Covent Garden,Breakfast,,1,,14 Villiers Street,,openstreetmap,,,https://www.openstreetmap.org/node/849735707
https://www.starbucks.com/store-locator/store/2508/victoria-buckingham-palace-r-98-buckingham-palace-road-london-eng-sw-1-w-0-ss-g,own site,Starbucks,Westminster,Belgravia,Breakfast,press@starbucks.com,1,+44 20 7259 0347,98 Buckingham Palace Road,SW1W 0SS,openstreetmap,,,https://www.openstreetmap.org/node/1232048577
https://www.starbucks.com/store-locator/store/92305/london-victoria-stn-platform-victoria-station-platform-2-unit-3-b-15-victoria-s,own site,Starbucks,Westminster,Pimlico,Breakfast,press@starbucks.com,1,,Terminus Place,SW1V 1JT,openstreetmap,,,https://www.openstreetmap.org/node/2497930244
https://www.starbucks.co.uk/store-locator/store/2378/great-portland-street-159-great-portland-street-london-eng-w-1-n-5-fd-gb,own site,Starbucks,Westminster,Fitzrovia,Breakfast,,1,+44 20 7636 2038,159 Great Portland Street,W1W 5PA,openstreetmap,,,https://www.openstreetmap.org/node/2778358255
https://www.starbucks.com/store-locator/store/1007011/marylebone-station-marylebone-railway-station-london-eng-nwe-16-jj-gb,own site,Starbucks,Westminster,Marylebone (also St Marylebone),Breakfast,press@starbucks.com,1,,,,openstreetmap,,,https://www.openstreetmap.org/node/3509620062
https://www.starbucks.com/store-locator/store/113879/london-victoria-stn-victoria-victoria-station-frontage-unit-38-15-victoria-st-l,own site,Starbucks,Westminster,Belgravia,Breakfast,press@starbucks.com,1,,,,openstreetmap,,,https://www.openstreetmap.org/node/3688619643
https://www.starbucks.co.uk/store-locator/12038-10588,own site,Starbucks,Westminster,St John's Wood,Breakfast,,1,+44 20 7586 4365,79 St John's Wood High Street,NW8 7NL,openstreetmap,,,https://www.openstreetmap.org/node/4106677413
https://www.starbucks.com/store-locator/store/2363/baker-street-porter-street-126-baker-street-london-eng-w-1-m-1-fh-gb,own site,Starbucks,Westminster,Marylebone (also St Marylebone),Breakfast,press@starbucks.com,1,,126 Baker Street,,openstreetmap,,,https://www.openstreetmap.org/node/6340270793
https://www.starbucks.com/store-locator/store/2729/maida-vale-randolph-ave-168-170-randolph-avenue-london-eng-w-9-1-pe-gb,own site,Starbucks,Westminster,Maida Vale,Breakfast,press@starbucks.com,1,,168-170 Randolph Avenue,,openstreetmap,,,https://www.openstreetmap.org/node/6658157974
https://www.starbucks.com/store-locator/store/2783/edgware-road-207-edgware-road-london-eng-w-2-1-es-gb,own site,Starbucks,Westminster,Paddington,Breakfast,press@starbucks.com,1,+44 20 7706 4230,207 Edgware Road,W2 1ES,openstreetmap,,,https://www.openstreetmap.org/node/6872564434
https://www.starbucks.co.uk/store-locator/store/1014291/victoria-coach-station-unit-2-1-departures-terminal-gate-11-london-eng-sw,own site,Starbucks,Westminster,Belgravia,Breakfast,,1,,,,openstreetmap,,,https://www.openstreetmap.org/node/6946467413
https://www.starbucks.com/store-locator/store/2626/london-james-street-14-james-street-london-eng-w-1-u-1-ef-gb,own site,Starbucks,Westminster,Mayfair,Breakfast,press@starbucks.com,1,,14 James Street,W1U 1EF,openstreetmap,,,https://www.openstreetmap.org/way/217841717
https://www.starbucks.com/store-locator/store/2379/cavendish-square-33-cavendish-square-london-eng-w-1-g-0-pw-gb,own site,Starbucks,Westminster,Mayfair,Breakfast,press@starbucks.com,1,,33 Cavendish Square,W1G 0LU,openstreetmap,,,https://www.openstreetmap.org/way/244772125
https://www.starbucks.com/store-locator/store/2526/covent-garden-russell-st-10-russell-street-london-eng-wc-2-b-5-hz-gb,own site,Starbucks,Westminster,Covent Garden,Breakfast,press@starbucks.com,1,,10 Russell Street,WC2B 5HZ,openstreetmap,,,https://www.openstreetmap.org/way/257262446
https://www.starbucks.com/store-locator/store/2364/wardour-street-hollen-street-170-wardour-street-london-eng-w-1-v-4-la-gb,own site,Starbucks,Westminster,Soho,Breakfast,press@starbucks.com,1,,170 Wardour Street,W1F 8ZX,openstreetmap,,,https://www.openstreetmap.org/way/477794244
http://staxdiner.com/,own site,Stax Diner,Westminster,Soho,American,info@staxburgers.co.uk,1,+44 20 7734 3190,Kingly Court,W1B 5PW,openstreetmap,,,https://www.openstreetmap.org/node/4668146652
https://www.steakandbun.co.uk/,"own site (found by name, postcode verified)",STEAK & BUN,Westminster,Paddington,Steak,info@steakandbun.co.uk,1,,"GROUND FLOOR 41-43 LISSON GROVE, LONDON",NW1 6UB,food standards agency,,,https://ratings.food.gov.uk/business/1562745
https://www.steakandcompany.co.uk/,own site,Steak and Company,Westminster,Covent Garden,Steak,info@steakandcompany.co.uk,1,,3-5 Irving Street,WC2H 0HA,openstreetmap,,,https://www.openstreetmap.org/way/995954601
https://www.berlininkensington.stein-s.com/,own site,Stein's Berlin,Westminster,Knightsbridge,Restaurant,berlininkensington@stein-s.com,1,,51 Princes Gate,,openstreetmap,,,https://www.openstreetmap.org/node/6036818762
https://stem-byneo.co.uk/,own site,Stem,Westminster,Mayfair,Restaurant,,1,,5 Princes Street,W1B 2LF,openstreetmap,,,https://www.openstreetmap.org/way/291293258
https://www.stereocoventgarden.com/,"own site (found by name, postcode verified)",Stereo,Westminster,Covent Garden,Restaurant,events@stereocoventgarden.com,1,,"35 THE PIAZZA, COVENT GARDEN, LONDON",WC2E 8BE,food standards agency,,,https://ratings.food.gov.uk/business/1581012
https://stksteakhouse.com/venues/london-strand/,own site,STK Steakhouse,Westminster,Covent Garden,Steak,,1,,,,openstreetmap,,,https://www.openstreetmap.org/node/6386585285
https://stksteakhouse.com/en-us/,"own site (found by name, postcode verified)",STK Steakhouse,Westminster,Covent Garden,Steak,,1,,"336-337 STRAND, LONDON",WC2R 1HA,food standards agency,,,https://ratings.food.gov.uk/business/1863891
http://Stoneandgrill.co.uk,own site,Stone & Grill,Westminster,Pimlico,Restaurant,stonegrillvictoria@gmail.com,1,+44 20 7460 6055,52 Wilton Road,SW1V 1DE,openstreetmap,,,https://www.openstreetmap.org/node/11642801669
https://strandtandoori.com/,"own site (found by name, postcode verified)",Strand Tandoori,Westminster,Covent Garden,Indian,info@strandtandoori.com,1,+44 20 7240 1333,45 Bedford Street,WC2E 9HA,openstreetmap,,,https://www.openstreetmap.org/way/99952307
https://www.gordonramsayrestaurants.com/en/uk/street-burger/locations/charing-cross-road,own site,Street Burger,Westminster,Covent Garden,Burger,,1,,24 Charing Cross Road,WC2H 0HX,openstreetmap,,,https://www.openstreetmap.org/way/995954627
https://www.stringfellows.com/,"own site (found by name, postcode verified)",Stringfellows,Westminster,Covent Garden,Restaurant,reception@stringfellows.com,1,,"16-19 UPPER ST MARTIN'S LANE, LONDON",WC2H 9EF,food standards agency,,,https://ratings.food.gov.uk/business/412034
https://www.stuzzico.co.uk/,own site,Stuzzico...,Westminster,Paddington,Cafe,,1,+44 20 7262 9122,24 Kendal Street,W2 2AW,openstreetmap,,,https://www.openstreetmap.org/node/647402078
https://restaurants.subway.com/united-kingdom/en/london/5-harewood-place,own site,Subway,Westminster,Mayfair,Deli,,1,,5 Harewood Place,W1S 1BY,openstreetmap,,,https://www.openstreetmap.org/node/452234988
https://restaurants.subway.com/united-kingdom/en/london/66-queensway,own site,Subway,Westminster,Bayswater,Deli,,1,,66 Queensway,W2 3RL,openstreetmap,,,https://www.openstreetmap.org/node/534670543
https://restaurants.subway.com/united-kingdom/en/london/3-adelaide-street,own site,Subway,Westminster,Covent Garden,Deli,,1,,3 Adelaide Street,WC2N 4HZ,openstreetmap,,,https://www.openstreetmap.org/node/2376918898
https://restaurants.subway.com/united-kingdom/en/london/3-4-sedley-place,own site,Subway,Westminster,Mayfair,Deli,,1,,,,openstreetmap,,,https://www.openstreetmap.org/node/2379057663
https://restaurants.subway.com/united-kingdom/en/london/19-lansdowne-row,own site,Subway,Westminster,Covent Garden,Deli,,1,,,,openstreetmap,,,https://www.openstreetmap.org/node/2548716124
https://restaurants.subway.com/united-kingdom/en/london/39-strutton-ground,own site,Subway,Westminster,Millbank,Deli,,1,,39 Strutton Ground,SW1P 2HR,openstreetmap,,,https://www.openstreetmap.org/node/2604572081
https://restaurants.subway.com/united-kingdom/en/london/205-207-baker-street,own site,Subway,Westminster,Marylebone (also St Marylebone),Deli,,1,+44 20 7935 4069,205-207 Baker Street,NW1 6UY,openstreetmap,,,https://www.openstreetmap.org/node/4070091890
https://restaurants.subway.com/united-kingdom/en/london/147-praed-street,own site,Subway,Westminster,Paddington,Deli,,1,,147 Praed Street,W2 1RL,openstreetmap,,,https://www.openstreetmap.org/way/155494933
https://restaurants.subway.com/united-kingdom/en/london/19-20-embankment-place,own site,Subway,Westminster,Mayfair,Deli,,1,,19 Lansdowne Row,,openstreetmap,,,https://www.openstreetmap.org/way/339627283
https://www.sunand13cantons.co.uk/,own site,Sun and 13 Cantons,Westminster,Soho,Pub,,1,,21 Great Pulteney Street,,openstreetmap,,,https://www.openstreetmap.org/way/153698493
https://sundaesgelatosoho.co.uk/,"own site (found by name, postcode verified)",Sundaes Gelato Soho,Westminster,Soho,Ice cream,info@sundaesgelatosoho.co.uk,1,,"52 RUPERT STREET, LONDON",W1D 6DS,food standards agency,,,https://ratings.food.gov.uk/business/1775707
https://www.sundayinbk.co.uk/restaurant-marylebone/,own site,Sunday in Brooklyn,Westminster,Mayfair,American,enquiries@sundayinbk.co.uk,1,+44 20 76301030,10-12 James Street,W1U 1EE,openstreetmap,,,https://www.openstreetmap.org/way/217841725
https://www.supernovaburger.com/,own site,Supernova,Westminster,Soho,Burger,,1,,25 Peter Street,W1F 0AH,openstreetmap,,,https://www.openstreetmap.org/way/479854344
https://www.sushiatelier.co.uk/,own site,Sushi Atelier,Westminster,Fitzrovia,Asian; Sushi,,1,,114 Great Portland Street,W1W 6PH,openstreetmap,,,https://www.openstreetmap.org/way/345140322
https://sushieaterysoho.co.uk/,"own site (found by name, postcode verified)",Sushi Eatery,Westminster,Soho,Asian; Sushi,,1,,40 Frith Street,W1D 5LN,openstreetmap,,,https://www.openstreetmap.org/node/13968960255
https://sushijoy.co.uk/,"own site (found by name, postcode verified)",Sushi Joy,Westminster,Covent Garden,Sushi,sushijoy.uk@gmail.com,1,,15A Little Newport Street,WC2H 7JJ,openstreetmap,,,https://www.openstreetmap.org/node/12868341501
http://sushikyu.com,own site,Sushi Kyu,Westminster,Soho,Asian; Sushi,info@sushikyu.com,1,+44 20 4549 5888,30 Brewer Street,W1F 0SS,openstreetmap,,sushikyu.soho,https://www.openstreetmap.org/node/13849335901
https://www.sushi-like.co.uk/,"own site (found by name, phone verified)",Sushi Like!!,Westminster,Soho,Asian; Sushi,,1,+44 20 3890 1212,,,openstreetmap,,,https://www.openstreetmap.org/node/13268676719
https://sushi-murasaki.co.uk/,own site,Sushi Murasaki,Westminster,Maida Vale,Asian; Sushi,,1,+44 20 3417 8130,12 Lauderdale Parade,,openstreetmap,,,https://www.openstreetmap.org/way/156619431
https://www.mysushishop.co.uk/en/all-categories,own site,Sushi Shop,Westminster,Marylebone (also St Marylebone),Asian; Sushi,,1,,67 Weymouth Street,,openstreetmap,,,https://www.openstreetmap.org/node/3515200863
https://www.mysushishop.co.uk/en/store/nothing-hill,own site,Sushi Shop,Westminster,Bayswater,Asian; Sushi,,1,,72 Westbourne Grove,,openstreetmap,,,https://www.openstreetmap.org/node/7059213713
https://www.sushisamba.com/locations/uk/london-covent-garden,own site,SushiSamba Covent Garden,Westminster,Covent Garden,Asian; Japanese; Sushi,cgevents@sushisamba.com,1,+44 20 3053 0000,,,openstreetmap,,,https://www.openstreetmap.org/node/6825222287
https://www.sussex-restaurant.com/,own site,Sussex,Westminster,Soho,Restaurant,info@sussex-restaurant.com,1,+44 20 3923 7770,63-64 Frith Street,W1D 3JW,openstreetmap,,,https://www.openstreetmap.org/node/7795005285
https://www.suvlaki.co.uk/,"own site (found by name, postcode verified)",Suvlaki,Westminster,Soho,Greek,info@suvlaki.co.uk,1,,21 Bateman Street,W1D 3AL,openstreetmap,,,https://www.openstreetmap.org/way/279541970
https://www.chezantoinette.co.uk/suzette/?gad_campaignid=21512260997&wbraid=ClMKCAjwmdLSBhB_EkMAHb5gRJhf7Uo6hnfQmntCIga5lDFuEmNkBCCzkerYfFwKlCLCav9peSzvFMeYvpQRLPnFiP-NKTSoz8jimAlMV665GgIL4Q,own site,Suzette Garden,Westminster,Millbank,Cafe,bonjour@chezantoinette.co.uk,1,,5 Seaforth Place,SW1E 6AB,openstreetmap,,,https://www.openstreetmap.org/node/14014754401
https://www.sweatboxsoho.com/,"own site (found by name, postcode verified)",Sweatbox Soho,Westminster,Soho,Restaurant,info@sweatboxsoho.com,1,,"RAMILLIES HOUSE 1-2 RAMILLIES STREET, LONDON",W1F 7LN,food standards agency,,,https://ratings.food.gov.uk/business/1378652
https://www.svenskakyrkan.se/london,"own site (found by name, postcode verified)",Swedish Church,Westminster,Marylebone (also St Marylebone),Restaurant,london@svenskakyrkan.se,1,,"6-11 HARCOURT STREET, LONDON",W1H 4AG,food standards agency,,,https://ratings.food.gov.uk/business/411417
https://tabxtab.com/,own site,TABxTAB,Westminster,Bayswater,Cafe,reservations@tabxtab.com,1,,14-16 Westbourne Grove,,openstreetmap,https://www.facebook.com/TABxTABLondon,,https://www.openstreetmap.org/node/7062214208
https://locations.tacobell.co.uk/london/187-baker-street.html,own site,Taco Bell,Westminster,Marylebone (also St Marylebone),Halal; Mexican; Tacos,,1,,187 Baker Street,NW1 6UY,openstreetmap,,,https://www.openstreetmap.org/node/1988863233
https://www.takalondon.com/,own site,Taka,Westminster,Mayfair,Asian; Japanese,marylebone@takalondon.com,2,,18 Shepherd Market,,openstreetmap,,,https://www.openstreetmap.org/node/5941022582
https://takusan.co.uk/,"own site (found by name, postcode verified)",Takusan,Westminster,Belgravia,Restaurant,,1,,"MARKET HALL VICTORIA 191 VICTORIA STREET, LONDON",SW1E 5NE,food standards agency,,,https://ratings.food.gov.uk/business/1924116
http://tamarindkitchen.co.uk/,own site,Tamarind Kitchen,Westminster,Soho,Indian,,1,+44 20 7287 4243,167-169 Wardour Street,,openstreetmap,,,https://www.openstreetmap.org/node/5470318115
https://www.tamarindrestaurant.com/,"own site (found by name, postcode verified)",Tamarind Restaurant,Westminster,Mayfair,Restaurant,reservations@tamarindrestaurant.com,1,,"BASEMENT AND GROUND FLOOR SOUTH MEADOWS HOUSE 20-22 QUEEN STREET, LONDON",W1J 5PR,food standards agency,,,https://ratings.food.gov.uk/business/414010
https://tampopo.co.uk/fitzrovia/,own site,Tampopo,Westminster,Soho,Asian,,1,+44 20 7323 0860,3-5 Rathbone Place,W1T 1HJ,openstreetmap,,,https://www.openstreetmap.org/node/699785451
https://www.tangrarestaurant.com/,own site,TANGRA,Westminster,Soho,Asian,,1,+44 20 8051 0296,17 Frith Street,W1D 4RG,openstreetmap,,,https://www.openstreetmap.org/node/12912822364
https://www.taotaoju.co.uk/,own site,Tao Tao Ju,Westminster,Covent Garden,Asian; Chinese,info.taotaoju@gmail.com,1,+44 20 7367 0083,15 Lisle Street,WC2H 7BE,openstreetmap,,,https://www.openstreetmap.org/way/995869097
http://www.taorminarestaurant.co.uk/,own site,Taormina,Westminster,Paddington,Italian,,1,+44 20 7262 2090,19 Craven Terrace,W2 3QH,openstreetmap,,,https://www.openstreetmap.org/node/1239890500
http://www.tapasbrindisa.com,own site,Tapas Brindisa,Westminster,Soho,Spanish,,1,+44 20 7534 1690,46 Broadwick Street,W1F 7AF,openstreetmap,,,https://www.openstreetmap.org/way/273697638
https://www.tapasstories.com/,"own site (found by name, postcode verified)",Tapas Stories,Westminster,Covent Garden,Spanish,hello@tapasstories.com,1,,"32 THE MARKET, COVENT GARDEN, LONDON",WC2E 8RE,food standards agency,,,https://ratings.food.gov.uk/business/1702969
https://tasteofindiauk.com/,own site,Taste of India,Westminster,Bayswater,Indian,info@tasteofindiauk.com,1,,51 Queensway,W2 4QH,openstreetmap,,,https://www.openstreetmap.org/node/4790853007
https://www.greeneking-pubs.co.uk/pubs/greater-london/tattersalls-tavern/,own site,Tattersalls Tavern,Westminster,Knightsbridge,Pub,7263@greeneking.co.uk,1,,,,openstreetmap,,,https://www.openstreetmap.org/node/295466191
http://tazakebab.com/,own site,Taza,Westminster,Bayswater,Deli; Halal,,1,+44 20 7727 7420,35a Queensway,,openstreetmap,,,https://www.openstreetmap.org/node/5005616622
https://www.sterminshotel.co.uk/eating-drinking/afternoon-tea/,own site,Tea Lounge at St. Ermin's,Westminster,Westminster,Restaurant,reservations@sterminshotel.co.uk,1,+44 20 7222 7888,2 Caxton Street,SW1H 0QW,openstreetmap,,,https://www.openstreetmap.org/node/12996594395
https://teaparlour.co.uk/,"own site (found by name, postcode verified)",Tea Parlour,Westminster,Covent Garden,Restaurant,info@teaparlour.co.uk,1,,"17 WHITCOMB STREET, LONDON",WC2H 7HA,food standards agency,,,https://ratings.food.gov.uk/business/1698383
https://temperrestaurant.com/,own site,Temper,Westminster,Soho,Restaurant,reservationsmanager@temperrestaurant.com,1,,25 Broadwick St,,openstreetmap,https://www.facebook.com/temperrestaurant/,,https://www.openstreetmap.org/node/5036334995
http://www.templebrewhouse.com/,own site,Temple Brew House,Westminster,Temple,Pub,info@templebrewhouse.com,1,+44 20 7936 2536,46 Essex Street,WC2R 3JF,openstreetmap,,,https://www.openstreetmap.org/way/428744489
https://termeh.co.uk/,"own site (found by name, postcode verified)",Termeh,Westminster,Paddington,Restaurant,info@termeh.co.uk,1,,"137 EDGWARE ROAD, LONDON",W2 2HR,food standards agency,,,https://ratings.food.gov.uk/business/1905732
http://www.terroirswinebar.com,own site,Terroirs,Westminster,Covent Garden,French,enquiries@terroirswinebar.com,1,+44 20 7036 0660,5 William IV Street,WC2N 4DW,openstreetmap,,,https://www.openstreetmap.org/node/2542069882
https://www.thaipot.london/,"own site (found by name, postcode verified)",Thai Pot,Westminster,Covent Garden,Asian,contact@thaipot.london,1,,1 Bedfordbury,WC2N 4BP,openstreetmap,,,https://www.openstreetmap.org/way/558503750
https://thairicegroup.co.uk/Menu/3031/thai-rice-restaurant-uk-elgin-avenue,own site,Thai Rice,Westminster,Maida Vale,Asian,,1,+44 20 7328 8883,239 Elgin Avenue,,openstreetmap,,,https://www.openstreetmap.org/node/6658157978
https://www.theadamandevew1.co.uk/,own site,The Adam & Eve,Westminster,Soho,Pub,,1,+44 20 7636 0717,77A Wells Street,W1T 3QQ,openstreetmap,,,https://www.openstreetmap.org/node/271949863
https://www.admiraltytrafalgar.co.uk/,own site,The Admiralty,Westminster,Covent Garden,Pub,,1,,66 Trafalgar Square,WC2N 5DS,openstreetmap,,,https://www.openstreetmap.org/node/581058547
https://www.greeneking-pubs.co.uk/pubs/greater-london/albert/,own site,The Albert,Westminster,Westminster,Pub,7161@greeneking.co.uk,1,+44 20 7222 5577,52 Victoria Street,SW1H 0NP,openstreetmap,,,https://www.openstreetmap.org/way/161490892
http://murakami.london,own site,The Alchemist,Westminster,Covent Garden,Asian; Japanese,,1,+44 20 3417 6966,63-66 St Martin's Lane,WC2N 4JS,openstreetmap,,,https://www.openstreetmap.org/node/3887905010
https://www.cubitthouse.co.uk/the-alfred-tennyson-belgravia/,"own site (found by name, postcode verified)",The Alfred Tennyson,Westminster,Belgravia,Pub,reservations@cubitthouse.co.uk,1,+44 20 7730 6074,10 Motcomb Street,SW1X 8LA,openstreetmap,,,https://www.openstreetmap.org/way/121526267
https://www.the-araki.com/,own site,The Araki,Westminster,Soho,Asian; Sushi,,1,+44 20 7287 2481,12 New Burlington Street,W1S 3BH,openstreetmap,,,https://www.openstreetmap.org/node/5150570900
https://www.nicholsonspubs.co.uk/restaurants/london/theargyllarmsoxfordcircuslondon,own site,The Argyll Arms,Westminster,Soho,Pub,,1,,18 Argyll Street,,openstreetmap,,,https://www.openstreetmap.org/node/499350848
https://www.theartstheatreclub.com/,"own site (found by name, postcode verified)",The Arts Theatre Club,Westminster,Soho,Restaurant,info@theartstheatreclub.com,1,,"GROUND FLOOR WEST 50 FRITH STREET, LONDON",W1D 4SQ,food standards agency,,,https://ratings.food.gov.uk/business/413671
https://www.barleymowlondon.co.uk/,own site,The Barley Mow,Westminster,Marylebone (also St Marylebone),Pub,,1,,8 Dorset Street,W1U 6QW,openstreetmap,,,https://www.openstreetmap.org/way/148011247
https://bathandracquetsclub.co.uk/,"own site (found by name, postcode verified)",The Bath & Racquets Club,Westminster,Mayfair,Restaurant,reception@bathandracquetsclub.co.uk,1,,"49 BROOK'S MEWS, LONDON",W1K 4EB,food standards agency,,,https://ratings.food.gov.uk/business/1852713
https://www.nicholsonspubs.co.uk/restaurants/london/thebearandstaffleicestersquarelondon,own site,The Bear & Staff,Westminster,Covent Garden,Pub,,1,,,,openstreetmap,,,https://www.openstreetmap.org/way/249340692
https://www.thebengal.co.uk/,own site,The Bengal,Westminster,Little Venice,Indian,thebengal62@yahoo.co.uk,1,+44 20 7229 1640,62A Porchester Road,W2 6ET,openstreetmap,,,https://www.openstreetmap.org/node/521716075
https://www.jdwetherspoon.com/pubs/the-benjamin-franklin-london/,own site,The Benjamin Franklin,Westminster,Covent Garden,Pub,,1,,11 The Strand,WC2N 5HR,openstreetmap,,,https://www.openstreetmap.org/way/38325241
https://www.theblueposts.net/,own site,The Blue Posts,Westminster,Soho,Pub,general@theblueposts.net,1,+44 20 7437 5008,22 Berwick Street,W1F 0QA,openstreetmap,,,https://www.openstreetmap.org/way/156620042
https://www.greeneking.co.uk/pubs/greater-london/blue-posts,own site,The Blue Posts,Westminster,Soho,Pub,,1,,,W1B 5PX,openstreetmap,,,https://www.openstreetmap.org/way/273610363
http://www.thebreakfastclubsoho.com,own site,The Breakfast Club,Westminster,Soho,American; Breakfast,,1,,33 D'Arblay Street,,openstreetmap,,,https://www.openstreetmap.org/way/477968033
https://www.thebridgehouselittlevenice.co.uk/#,own site,The Bridge House,Westminster,Little Venice,Pub,,1,,13 Westbourne Terrace Road,,openstreetmap,,,https://www.openstreetmap.org/node/2261572101
https://www.buddhabarlondon.com/,own site,The Buddha Bar,Westminster,Knightsbridge,Asian,,1,,145 Knightsbridge,SW1X 7PA,openstreetmap,,,https://www.openstreetmap.org/node/2148897828
https://thebullandegret.co.uk/,"own site (found by name, postcode verified)",The Bull & Egret,Westminster,Covent Garden,Pub,,1,,"81-82 LONG ACRE, LONDON",WC2E 9NG,food standards agency,,,https://ratings.food.gov.uk/business/1939738
https://burlingtonarms.com/,own site,The Burlington Arms,Westminster,Mayfair,Pub,hello@burlingtonarms.com,1,,21 Old Burlington Street,W1S 2JL,openstreetmap,,,https://www.openstreetmap.org/way/592220489
https://www.clifton.co.uk/london-nursery-garden-centre/cafe,own site,The Café at Clifton Nurseries,Westminster,Little Venice,Cafe,cafe@clifton.co.uk,1,+44 20 7432 1867,,,openstreetmap,,,https://www.openstreetmap.org/way/242819424
https://www.foyles.co.uk/shops/shops-london-charing-cross-cafe,own site,The Café at Foyles,Westminster,Covent Garden,Cafe,,1,,107 Charing Cross Road,WC2H 0DT,openstreetmap,,,https://www.openstreetmap.org/node/11361621056
https://caledonianclub.com/,"own site (found by name, postcode verified)",The Caledonian Club,Westminster,Belgravia,Restaurant,admin@caledonianclub.com,1,,"9 HALKIN STREET, LONDON",SW1X 7DR,food standards agency,,,https://ratings.food.gov.uk/business/411442
https://www.nicholsonspubs.co.uk/restaurants/london/thecambridgecambridgecircuslondon,own site,The Cambridge,Westminster,Covent Garden,Pub,,1,,Charing Cross Road,WC2H 0DP,openstreetmap,,,https://www.openstreetmap.org/way/157767121
http://www.courthouse-hotel.com/restaurantsandbars-en.html,own site,The Carnaby,Westminster,Soho,Restaurant,info@courthouse-hotel.com,1,,19-21 Great Marlborough Street,W1F 7HH,openstreetmap,,,https://www.openstreetmap.org/node/799284723
https://www.thecarpentersarmspub.co.uk/,own site,The Carpenters Arms,Westminster,Marylebone (also St Marylebone),Pub,hello@thecarpentersarmspub.co.uk,1,,12 Great Cumberland Mews,,openstreetmap,,,https://www.openstreetmap.org/way/678633914
https://www.35newcavendish.co.uk/,own site,The Cavendish,Westminster,Marylebone (also St Marylebone),Restaurant,info@35newcavendish.co.uk,1,,35 New Cavendish Street,,openstreetmap,,,https://www.openstreetmap.org/way/148890698
https://www.thecedarrestaurant.co.uk/,own site,The Cedar,Westminster,Maida Vale,Restaurant,info@thecedarrestaurant.co.uk,1,+44 20 8964 2011,65 Fernhead Road,,openstreetmap,,,https://www.openstreetmap.org/node/6763093725
https://thechandos.co.uk/,own site,The Chandos,Westminster,Covent Garden,Pub,info@thechandos.co.uk,1,+44 20 7836 1401,29 St Martin's Lane,WC2N 4ER,openstreetmap,,,https://www.openstreetmap.org/way/142300246
http://www.cheshirecheese.pub/,own site (Wikidata),The Cheshire Cheese,Westminster,Temple,Pub,,1,+44 20 7836 2347,,WC2R 3LD,openstreetmap,,,https://www.openstreetmap.org/node/25746185
http://www.cinnamonclub.com/,own site,The Cinnamon Club,Westminster,Westminster,Indian,info@cinnamonclub.com,1,+44 20 7222 2555,30 Great Smith Street,SW1P 3BU,openstreetmap,https://www.facebook.com/Cinnamonclub,,https://www.openstreetmap.org/node/292384037
https://www.nicholsonspubs.co.uk/restaurants/london/theclachankinglystreetlondon,own site,The Clachan,Westminster,Soho,Pub,,1,,34 Kingly Street,W1B 5QH,openstreetmap,,,https://www.openstreetmap.org/way/272198116
http://www.theclarencewhitehall.co.uk,own site,The Clarence,Westminster,Westminster,Pub,,1,+44 20 7930 4808,53 Whitehall,SW1A 2HP,openstreetmap,,,https://www.openstreetmap.org/way/140515796
https://www.nicholsonspubs.co.uk/restaurants/london/theclarencemayfairlondon,own site,The Clarence,Westminster,St James's,Pub,,1,,4 Dover Street,,openstreetmap,,,https://www.openstreetmap.org/way/166891510
https://www.theclevelandarms.com/,own site,The Cleveland Arms,Westminster,Paddington,Pub,,1,+44 20 7706 1759,28 Chilworth Street,W2 6DT,openstreetmap,,,https://www.openstreetmap.org/way/130524644
https://thecliftonnw8.com/,own site,The Clifton,Westminster,St John's Wood,Pub,,1,,96 Clifton Hill,NW8 0JT,openstreetmap,,,https://www.openstreetmap.org/way/366223826
https://www.coachandhorsesoldcompton.co.uk/,own site,The Coach & Horses,Westminster,Soho,Pub,,1,+44 20 7434 4294,2 Old Compton Street,W1D 4TA,openstreetmap,,,https://www.openstreetmap.org/way/157771389
https://www.coachandhorsessoho.pub/,own site,The Coach and Horses,Westminster,Soho,Pub,,1,+44 20 7437 5920,29 Greek Street,W1D 5DH,openstreetmap,,,https://www.openstreetmap.org/way/279533213
https://www.thecoachmakersarms.co.uk/,own site,The Coach Makers Arms,Westminster,Marylebone (also St Marylebone),Pub,reservations@thecoachmakersarms.co.uk,1,,88 Marylebone Lane,W1U 2PY,openstreetmap,,,https://www.openstreetmap.org/way/134708046
https://www.nicholsonspubs.co.uk/restaurants/london/thecoalholestrandlondon,own site,The Coal Hole,Westminster,Covent Garden,Pub,,1,,91-92 Strand,WC2R 0DW,openstreetmap,,,https://www.openstreetmap.org/way/559282490
https://www.cockandbottlew11.com/,own site,The Cock and Bottle,Westminster,Bayswater,Pub,,1,,17 Needham Road,W11 2RP,openstreetmap,,,https://www.openstreetmap.org/way/363039919
https://cocktavern-london.co.uk/,own site (Wikidata),The Cock Tavern,Westminster,Soho,Pub,info@cocktavern-london.co.uk,1,,27 Great Portland Street,W1W 8QE,openstreetmap,,,https://www.openstreetmap.org/way/244772127
https://us.leica-camera.com/Stores-Dealers/Leica-Stores-Worldwide/Leica-Store-London-Mayfair,own site,The Cocochine,Westminster,Mayfair,Restaurant,london.mayfair@leica-camera.com,1,,27 Bruton Place,,openstreetmap,,,https://www.openstreetmap.org/node/5740191354
https://www.gentingcasinos.co.uk:443/the-colony-club/,"own site (found by name, postcode verified)",The Colony Club Limited,Westminster,Mayfair,Restaurant,london.colonyreception@gentingcasinos.co.uk,1,,"24 HERTFORD STREET, LONDON",W1J 7SA,food standards agency,,,https://ratings.food.gov.uk/business/411900
https://www.the-connaught.co.uk/restaurants-bars/the-connaught-grill/,own site,The Connaught Grill,Westminster,Mayfair,Steak,info@the-connaught.co.uk,1,+442071078852,16 Carlos Place,W1K 2AL,openstreetmap,,,https://www.openstreetmap.org/node/12617974399
https://www.constitutionpimlico.co.uk/,own site,The Constitution,Westminster,Pimlico,Pub,info@constitutionpimlico.co.uk,1,,42 Churton Street,SW1V 2LP,openstreetmap,,,https://www.openstreetmap.org/way/447309968
https://www.royalparks.org.uk/parks/hyde-park/food-and-drink/park-sports-cafe,own site,The Courts Café at Hyde Park,Westminster,Knightsbridge,Cafe,hyde@parksports.co.uk,1,+44 20 7224 1625,,,openstreetmap,,,https://www.openstreetmap.org/node/1696895509
http://thecowlondon.co.uk/,own site,The Cow,Westminster,Bayswater,Pub,,1,,89 Westbourne Park Road,W2 5QH,openstreetmap,,,https://www.openstreetmap.org/way/121101761
https://www.nicholsonspubs.co.uk/restaurants/london/thecrownbrewerstreetlondon,own site,The Crown,Westminster,Soho,Pub,,1,,,,openstreetmap,,,https://www.openstreetmap.org/node/466926232
https://www.thecrownandtwochairmenw1.co.uk/,own site (Wikidata),The Crown & Two Chairmen,Westminster,Soho,Pub,,1,,31-32 Dean Street,W1D 3SB,openstreetmap,,,https://www.openstreetmap.org/way/280980550
https://www.thedelaunay.com/,own site,The Delaunay,Westminster,Covent Garden,Restaurant,reservations@thedelaunay.com,1,,55 Aldwych,WC2B 4BB,openstreetmap,https://www.facebook.com/thedelaunay/,,https://www.openstreetmap.org/node/1962961372
https://delhibrasserie.com/,own site,The Delhi Brasserie,Westminster,Soho,French; Indian,info@delhibrasserie.com,1,,44 Frith Street,W1D 4SB,openstreetmap,,,https://www.openstreetmap.org/way/157771369
http://thedevereux.co.uk/,own site (Wikidata),The Devereux,Westminster,Temple,Pub,tony@thedevereux.co.uk,1,,Devereux Court,,openstreetmap,,,https://www.openstreetmap.org/way/244884784
https://devonshiresoho.co.uk,own site,The Devonshire,Westminster,Soho,Restaurant,enquiries@devonshiresoho.co.uk,1,,17 Denman Street,W1D 7HW,openstreetmap,,,https://www.openstreetmap.org/way/153661827
https://www.nicholsonspubs.co.uk/restaurants/london/thedogandducksoholondon,own site,The Dog and Duck,Westminster,Soho,Pub,,1,,18 Bateman Street,W1D 3AJ,openstreetmap,,,https://www.openstreetmap.org/way/279570944
https://www.thechaptercollection.co.uk/duchess-marylebone,own site,The Duchess,Westminster,Mayfair,Pub,theduchess.marylebone@thechaptercollection.co.uk,1,,39 Duke Street,W1U 1LP,openstreetmap,,,https://www.openstreetmap.org/way/159039182
https://theduckandrice.com/,own site,The Duck and Rice,Westminster,Soho,Asian; Chinese,reservations@theduckandrice.com,1,+44 20 3327 7888,90 Berwick Street,W1F 0QB,openstreetmap,,,https://www.openstreetmap.org/way/478967748
https://thedukew1h.co.uk/,own site,The Duke of Wellington,Westminster,Marylebone (also St Marylebone),Pub,info@thedukew1h.co.uk,1,,94A Crawford Street,W1H 2HQ,openstreetmap,,,https://www.openstreetmap.org/node/10582361575
https://www.thedukeofyork.com/,own site,The Duke Of York,Westminster,St John's Wood,Pub,,1,,2 St. Ann's Terrace,NW8 6PJ,openstreetmap,,,https://www.openstreetmap.org/way/698319681
https://www.thefattenedcalf.co.uk/,"own site (found by name, postcode verified)",The Fattened Calf,Westminster,Paddington,Restaurant,,1,,"47 LISSON GROVE, LONDON",NW1 6UB,food standards agency,,,https://ratings.food.gov.uk/business/1920920
https://www.nicholsonspubs.co.uk/restaurants/london/thefeatherswestminsterlondon,own site,The Feathers,Westminster,Westminster,Pub,,1,,18-20 Broadway,SW1H 0BH,openstreetmap,,,https://www.openstreetmap.org/way/529667796
https://www.nicholsonspubs.co.uk/restaurants/london/theflyinghorseoxfordstreetlondon,own site,The Flying Horse,Westminster,Soho,Pub,,1,,,,openstreetmap,,,https://www.openstreetmap.org/node/26699558
https://www.thefooddistrict.co.uk/,"own site (found by name, postcode verified)",THE FOOD DISTRICT,Westminster,Paddington,Restaurant,info@thefooddistrict.co.uk,1,,"145-147 EDGWARE ROAD, LONDON",W2 2HR,food standards agency,,,https://ratings.food.gov.uk/business/1916463
https://www.craftunionpubs.com/frankfort-arms-paddington,own site,The Frankfort Arms,Westminster,Maida Vale,Pub,stonegatepress@stonegategroup.co.uk,1,,518 Harrow Road,W9 3QA,openstreetmap,,,https://www.openstreetmap.org/way/361341226
https://www.frontlineclub.com/restaurant/,own site,The Frontline Club,Westminster,Paddington,Restaurant,reception@frontlineclub.com,1,+44 20 7479 8960,13 Norfolk Place,W2 1QJ,openstreetmap,,,https://www.openstreetmap.org/way/155494956
https://www.urbanpubsandbars.com/venues/the-ganton-arms,"own site (found by name, postcode verified)",The Ganton Arms,Westminster,Soho,Pub,,1,+44 20 3813 5941,18-22 Ganton Street,W1F 7BU,openstreetmap,,,https://www.openstreetmap.org/node/12183990594
https://www.greeneking.co.uk/pubs/greater-london/garrick-arms,own site,The Garrick Arms,Westminster,Covent Garden,Pub,,1,,8-10 Charing Cross Road,WC2H 0HG,openstreetmap,,,https://www.openstreetmap.org/way/168980864
http://www.georgeinthestrand.com/,own site,The George,Westminster,Temple,Pub,enquiries@georgeinthestrand.com,1,+44 20 7353 9638,213 Strand,WC2R 1AP,openstreetmap,,,https://www.openstreetmap.org/way/161420189
https://www.greeneking.co.uk/pubs/greater-london/glass-blower,own site,The Glassblower,Westminster,Soho,Pub,,1,,,W1B 5DW,openstreetmap,,,https://www.openstreetmap.org/way/107803104
https://www.greeneking.co.uk/pubs/greater-london/globe,own site,The Globe,Westminster,Marylebone (also St Marylebone),Pub,,1,,43-47 Marylebone Road,NW1 5JY,openstreetmap,,,https://www.openstreetmap.org/way/148155199
https://www.theglobemarylebone.co.uk/,own site,The Globe,Westminster,Paddington,Pub,,1,,47 Lisson Grove,NW1 6UB,openstreetmap,,,https://www.openstreetmap.org/way/688991974
https://www.greeneking-pubs.co.uk/pubs/greater-london/goat-tavern-mayfair/,own site,The Goat Tavern,Westminster,St James's,Pub,7194@greeneking.co.uk,1,,3 Stafford Street,,openstreetmap,,,https://www.openstreetmap.org/way/290081133
https://thegoldenbund.co.uk/,"own site (found by name, postcode verified)",The Golden Bund,Westminster,Marylebone (also St Marylebone),Restaurant,info@thegoldenbund.co.uk,1,,"WESTAR HOUSE 139-151 MARYLEBONE ROAD, LONDON",NW1 5QE,food standards agency,,,https://ratings.food.gov.uk/business/1720971
https://www.goldenhindrestaurant.com/,own site,The Golden Hind,Westminster,Marylebone (also St Marylebone),Seafood,,1,+44 20 7486 3644,73 Marylebone Lane,W1U 2PN,openstreetmap,,,https://www.openstreetmap.org/way/400735302
https://www.greeneking.co.uk/pubs/greater-london/golden-lion-st-james-s,own site,The Golden Lion,Westminster,St James's,Pub,,1,,,,openstreetmap,,,https://www.openstreetmap.org/node/675803384
https://thegreatthaigrabandgo.co.uk/,"own site (found by name, postcode verified)",The Great Thai Grab and Go,Westminster,Soho,Deli,thegreatthai53@gmail.com,1,,53 Great Portland Street,W1W 7LG,openstreetmap,,,https://www.openstreetmap.org/node/691084123
https://thegreatthaikitchen.co.uk/,"own site (found by name, postcode verified)",The Great Thai Kitchen,Westminster,Soho,Restaurant,,1,,,W1D 4UL,openstreetmap,,,https://www.openstreetmap.org/way/157779549
http://www.thegreenmanw1.co.uk/,own site,The Green Man,Westminster,Fitzrovia,Pub,,1,+44 20 7580 9087,36 Riding House Street,W1W 7EP,openstreetmap,,,https://www.openstreetmap.org/way/431545353
https://www.greeneking.co.uk/pubs/greater-london/greencoat-boy,own site,The Greencoat Boy,Westminster,Millbank,Pub,,1,,,,openstreetmap,,,https://www.openstreetmap.org/way/130873539
https://www.greeneking-pubs.co.uk/pubs/greater-london/green-man/,own site,The Greene Man,Westminster,Fitzrovia,Pub,7198@greeneking.co.uk,1,+44 20 7387 6977,383 Euston Road,NW1 3AU,openstreetmap,,,https://www.openstreetmap.org/way/108251970
https://www.greenhouserestaurant.co.uk/,own site,The Greenhouse,Westminster,Mayfair,Restaurant,,1,,27a,,openstreetmap,,,https://www.openstreetmap.org/node/659653086
https://www.grenadierbelgravia.com,own site,The Grenadier,Westminster,Belgravia,Pub,info@grenadierpub.co.uk,1,+44 20 3205 2915,18 Wilton Row,SW1X 7NR,openstreetmap,,,https://www.openstreetmap.org/node/13235500301
https://www.theguinea.co.uk/,own site,The Guinea,Westminster,Mayfair,Pub,,1,,30 Bruton Place,,openstreetmap,,,https://www.openstreetmap.org/way/605452758
https://gunmakershouse.co.uk/,own site,The Gunmakers,Westminster,Marylebone (also St Marylebone),Pub,,1,,33 Aybrook Street,W1U 4AP,openstreetmap,,,https://www.openstreetmap.org/way/235396553
https://www.hardrockcafe.com/location/piccadilly-circus/,own site,The Hard Rock Cafe,Westminster,Soho,Burger; Ice cream,piccadilly_circus_social@hardrock.com,1,,225/229 Piccadilly,W1J 9HR,openstreetmap,,,https://www.openstreetmap.org/node/8476348621
https://www.hcahealthcare.co.uk/locations/hospitals/the-harley-street-clinic?utm_source=theharleystreetclinic.com&utm_medium=301,"own site (found by name, postcode verified)",The Harley Street Clinic Ltd,Westminster,Marylebone (also St Marylebone),Restaurant,sdrportland@hcahealthcare.co.uk,1,,"GROUND FLOOR 35 WEYMOUTH STREET, LONDON",W1G 8BJ,food standards agency,,,https://ratings.food.gov.uk/business/414332
https://www.harpcoventgarden.com/,own site,The Harp,Westminster,Covent Garden,Pub,,1,+44 20 7836 0291,47 Chandos Place,WC2N 4HS,openstreetmap,HarpCoventGarden,theharpcoventgarden,https://www.openstreetmap.org/way/558503742
https://www.haydennottinghill.com/,own site,The Hayden,Westminster,Bayswater,Burger; Pub,info@haydennottinghill.com,1,,,,openstreetmap,,,https://www.openstreetmap.org/node/7099537759
https://theheromaidavale.co.uk/,own site,The Hero,Westminster,Maida Vale,Pub,,1,+44 20 3960 9109,55 Shirland Road,W9 2JD,openstreetmap,,,https://www.openstreetmap.org/way/98535839
https://www.theheronpaddington.com/,own site,The Heron,Westminster,Paddington,Pub,theheronbar@gmail.com,1,+44 20 7724 8463,Norfolk Crescent,W2 2DN,openstreetmap,,,https://www.openstreetmap.org/way/739710241
https://www.horseandgroombelgravia.co.uk,own site,The Horse and Groom,Westminster,Belgravia,Pub,afrimneliderjan@gmail.com,1,,7 Groom Place,,openstreetmap,,,https://www.openstreetmap.org/way/551566816
https://www.horseandguardsman.co.uk/,own site,The Horse and Guardsman,Westminster,St James's,Pub,events@horseandguardsman.co.uk,1,,16-18 Whitehall,SW1A 2DY,openstreetmap,,,https://www.openstreetmap.org/way/140469340
https://www.royalparks.org.uk/parks/the-regents-park/things-to-see-and-do/the-hub-sports-facility/the-hub-cafe,own site,The Hub Cafe,Westminster,St John's Wood,Cafe,,1,,,,openstreetmap,,,https://www.openstreetmap.org/way/938763474
https://www.greeneking.co.uk/pubs/greater-london/imperial,own site,The Imperial,Westminster,Covent Garden,Pub,,1,,5 Leicester Street,WC2H 7BL,openstreetmap,,,https://www.openstreetmap.org/node/13550924140
https://www.irondukemayfair.co.uk/,own site,The Iron Duke,Westminster,Mayfair,Pub,,1,,11 Avery Row,W1K 4AN,openstreetmap,,,https://www.openstreetmap.org/way/608184600
https://www.theitaliangreyhound.co.uk/,"own site (found by name, postcode verified)",The Italian Greyhound,Westminster,Marylebone (also St Marylebone),Italian,bookings@theitaliangreyhound.co.uk,1,,"62 SEYMOUR STREET, LONDON",W1H 5BN,food standards agency,,,https://ratings.food.gov.uk/business/896555
https://theivycafemarylebone.com,own site,The Ivy,Westminster,Marylebone (also St Marylebone),Restaurant,,1,+44 20 3301 0400,96 Marylebone Lane,W1U 2QA,openstreetmap,,,https://www.openstreetmap.org/node/1488980615
https://theivysohobrasserie.com/,own site,The Ivy,Westminster,Soho,Restaurant,,1,+44 20 3301 1166,26-28 Broadwick Street,W1F 8JB,openstreetmap,,,https://www.openstreetmap.org/node/4849928822
https://ivycollection.com/restaurants-near-me/the-ivy-london/the-ivy-market-grill-covent-garden/,"own site (found by name, postcode verified)",The Ivy Market Grill,Westminster,Covent Garden,Restaurant,,1,,"1A HENRIETTA STREET, LONDON",WC2E 8PS,food standards agency,,,https://ratings.food.gov.uk/business/751059
https://theivystjohnswood.com/,own site,The Ivy St. John's Wood,Westminster,St John's Wood,Restaurant,,1,+44 20 3096 9444,120 St John's Wood High Street,NW8 7SG,openstreetmap,,,https://www.openstreetmap.org/way/696192225
https://jackalopelondon.com/#firstPage,own site,The Jackalope,Westminster,Marylebone (also St Marylebone),Pub,info@jackalopelondon.com,1,,43 Weymouth Mews,W1G 7EQ,openstreetmap,,,https://www.openstreetmap.org/way/147997976
https://thejohnsnow.co.uk/,"own site (found by name, postcode verified)",The John Snow,Westminster,Soho,Pub,info@thejohnsnow.co.uk,1,,39 Broadwick Street,W1F 9QJ,openstreetmap,,,https://www.openstreetmap.org/way/273697641
https://jonesfamilykitchen.co.uk/,"own site (found by name, postcode verified)",The Jones Family Kitchen,Westminster,Belgravia,Restaurant,bookbelgravia@jonesfamilykitchen.co.uk,1,+44 20 3929 6000,7/8 Eccleston Yards,SW1W 9AZ,openstreetmap,,,https://www.openstreetmap.org/node/12729164867
https://www.tkrc.co.uk/location/poland-street-the-kati-roll-company-london/,own site,The Kati Roll Company,Westminster,Soho,Indian,,1,+44 20 7287 4787,24 Poland Street,W1F 8QL,openstreetmap,https://www.facebook.com/TheKatiRollCompany/,,https://www.openstreetmap.org/way/475721717
https://www.thekingandqueenpub.com/,own site,The King & Queen,Westminster,Fitzrovia,Pub,,2,,1 Foley Street,W1W 6DL,openstreetmap,,,https://www.openstreetmap.org/way/659258969
https://www.nicholsonspubs.co.uk/restaurants/london/thekingsheadmayfairlondon,own site,The King's Head,Westminster,Mayfair,Pub,,1,,10 Stafford Street,W1S 4RX,openstreetmap,,,https://www.openstreetmap.org/way/289953461
https://www.greeneking-pubs.co.uk/pubs/greater-london/kings-arms-mayfair,own site,The Kings Arms,Westminster,Mayfair,Pub,7209@greeneking.co.uk,1,+44 20 7629 0416,2 Shepherd Market,,openstreetmap,,,https://www.openstreetmap.org/node/289996602
https://www.lambandflagcoventgarden.co.uk/,own site,The Lamb and Flag,Westminster,Covent Garden,Pub,,1,+44 20 7497 9504,33 Rose Street,WC2E 9EB,openstreetmap,,,https://www.openstreetmap.org/way/565171598
https://www.thelarrik.com/,own site,The Larrik,Westminster,Marylebone (also St Marylebone),Pub,info@thelarrik.com,1,,32 Crawford Place,W1H 5NN,openstreetmap,,,https://www.openstreetmap.org/way/680918475
https://laughinghalibut.co.uk,own site,The Laughing Halibut,Westminster,Millbank,Seafood,thelaughinghalibut@gmail.com,1,+44 20 7799 2844,38 Strutton Ground,SW1P 2HR,openstreetmap,,,https://www.openstreetmap.org/way/113115208
https://www.greeneking.co.uk/pubs/greater-london/leicester-arms,own site,The Leicester Arms,Westminster,St James's,Pub,,1,,44 Glasshouse Street,,openstreetmap,,,https://www.openstreetmap.org/node/452215462
https://www.lemontreecoventgarden.com/,"own site (found by name, postcode verified)",The Lemon Tree,Westminster,Covent Garden,Pub,,1,,4 Bedfordbury,WC2N 4BP,openstreetmap,,,https://www.openstreetmap.org/way/107035580
https://littleredpepper.co.uk,own site,The Little Red Pepper,Westminster,Little Venice,Italian,reservations@littleredpepper.co.uk,1,+44 20 4618 4690,8 Formosa Street,W9 1EE,openstreetmap,,,https://www.openstreetmap.org/node/6698552094
https://www.thelittlescarletdoor.co.uk/,"own site (found by name, postcode verified)",The Little Scarlet Door,Westminster,Soho,Restaurant,,1,,"12-13 GREEK STREET, LONDON",W1D 4DL,food standards agency,,,https://ratings.food.gov.uk/business/1516077
https://www.thelittlevioletdoor.co.uk/,"own site (found by name, postcode verified)",The Little Violet Door,Westminster,Soho,Restaurant,,1,,9 Kingly Street,W1B 5PH,openstreetmap,,,https://www.openstreetmap.org/node/5111046409
https://www.thelondonclinic.co.uk/,"own site (found by name, postcode verified)",The London Clinic,Westminster,Marylebone (also St Marylebone),Restaurant,philanthropy@thelondonclinic.co.uk,1,,"20 DEVONSHIRE PLACE, LONDON",W1G 6BW,food standards agency,,,https://ratings.food.gov.uk/business/411874
https://londonwelbeckhospital.co.uk/,"own site (found by name, postcode verified)",The London Welbeck Hospital,Westminster,Marylebone (also St Marylebone),Restaurant,clinic@londonwelbeckhospital.co.uk,1,,"27 WELBECK STREET, LONDON",W1G 8EN,food standards agency,,,https://ratings.food.gov.uk/business/413088
https://www.crafted-social.co.uk/long-acre-covent-garden,own site,The Long Acre,Westminster,Covent Garden,Pub,stonegatepress@stonegategroup.co.uk,1,+44 20 7395 1200,1 Upper St Martin's Lane,WC2H 9NY,openstreetmap,,,https://www.openstreetmap.org/way/175158234
https://luckysaint.co/pages/the-lucky-saint-pub-london-w1,own site,The Lucky Saint,Westminster,Fitzrovia,Pub,info@luckysaint.co,1,,58 Devonshire Street,W1W 5EA,openstreetmap,,,https://www.openstreetmap.org/way/110753811
https://lyceumtheatre.co.uk/,"own site (found by name, postcode verified)",The Lyceum Theatre,Westminster,Covent Garden,Restaurant,,1,,"THE LYCEUM THEATRE 17-21 WELLINGTON STREET, LONDON",WC2E 7RQ,food standards agency,,,https://ratings.food.gov.uk/business/412216
http://www.lyricsoho.co.uk,own site,The Lyric,Westminster,Soho,Pub,info@lyricsoho.co.uk,1,,37 Great Windmill Street,,openstreetmap,,,https://www.openstreetmap.org/way/249343304
https://www.madbishopandbear.co.uk/,own site,The Mad Bishop & Bear,Westminster,Paddington,Pub,,1,,,,openstreetmap,,,https://www.openstreetmap.org/node/10895507318
https://themandrake.com/,"own site (found by name, postcode verified)",The Mandrake,Westminster,Soho,Restaurant,enquiries@themandrake.com,1,,"20-21 NEWMAN STREET, LONDON",W1T 1PG,food standards agency,,,https://ratings.food.gov.uk/business/971256
https://mangotree.org.uk/,own site,The Mango Tree,Westminster,Belgravia,Restaurant,,1,+44 20 7823 1888,46 Grosvenor Place,SW1X 7EQ,openstreetmap,,,https://www.openstreetmap.org/node/452409767
https://www.greeneking.co.uk/pubs/greater-london/maple-leaf,own site,The Maple Leaf,Westminster,Covent Garden,Pub,,1,+44 20 7240 2843,41 Maiden Lane,WC2E 7LJ,openstreetmap,,,https://www.openstreetmap.org/way/100013433
https://www.urbanpubsandbars.com/venues/the-marlborough-head,"own site (found by name, postcode verified)",The Marlborough Head,Westminster,Covent Garden,Pub,,1,,"36 DRURY LANE, LONDON",WC2B 5RR,food standards agency,,,https://ratings.food.gov.uk/business/1939723
https://www.themarquiscoventgarden.co.uk/,own site,The Marquis,Westminster,Covent Garden,Pub,themarquis@mspubs.co.uk,1,+44 20 7379 0367,51-52 Chandos Place,WC2N 4HS,openstreetmap,themarquiswc2n,the_marquis_covent_garden,https://www.openstreetmap.org/way/558503751
https://www.marylebonecorner.com/,"own site (found by name, postcode verified)",The Marylebone Corner,Westminster,Marylebone (also St Marylebone),Restaurant,info@marylebonecorner.com,1,,"106 YORK STREET, LONDON",W1H 4QN,food standards agency,,,https://ratings.food.gov.uk/business/412096
http://marylebonekitchen.com/,own site,The Marylebone Kitchen,Westminster,Paddington,Cafe,contact@mykitchenreview.com,1,,106 York Street,,openstreetmap,,,https://www.openstreetmap.org/node/6387260853
https://www.greeneking-pubs.co.uk/pubs/greater-london/masons-arms-mayfair/,own site,The Mason Arms,Westminster,Mayfair,Pub,1651@greeneking.co.uk,1,+44 20 7491 7809,38 Maddox Street,W1S 1PY,openstreetmap,,,https://www.openstreetmap.org/way/589641506
https://www.mayfairchippy.com/,own site,The Mayfair Chippy,Westminster,Mayfair,Seafood,,1,,14 North Audley Street,W1K 6WE,openstreetmap,,,https://www.openstreetmap.org/way/342745880
https://www.jdwetherspoon.com/pubs/all-pubs/england/london/the-metropolitan-bar-marylebone,own site,The Metropolitan Bar,Westminster,Marylebone (also St Marylebone),Burger; Pub,,1,+44 20 7486 3489,"7 Station Approach, Marylebone Road",NW1 5LD,openstreetmap,,,https://www.openstreetmap.org/way/148305760
https://www.mitrelancastergate.com/,own site,The Mitre,Westminster,Paddington,Pub,,1,+44 20 7262 5240,24 Craven Terrace,W2 3QH,openstreetmap,,,https://www.openstreetmap.org/way/107063289
https://themonkeypuzzlepub.co.uk/,own site,The Monkey Puzzle,Westminster,Paddington,Pub,gary@themonkeypuzzlepub.co.uk,1,+44 20 7723 0143,30 Southwick Street,W2 1JQ,openstreetmap,The-Monkey-Puzzle-219528061409967,monkeypuzzlepub,https://www.openstreetmap.org/node/15262028
https://monocle.com/monocle-shops-and-cafes/,own site,The Monocle Café,Westminster,Marylebone (also St Marylebone),Cafe,londonshop@monocle.com,1,+44 20 7135 2040,18 Chiltern Street,W1U 7QA,openstreetmap,,,https://www.openstreetmap.org/node/6328300466
https://www.jdwetherspoon.com/pubs/all-pubs/england/london/the-montagu-pyke-west-end,own site,The Montagu Pyke,Westminster,Soho,Pub,,1,,,,openstreetmap,,,https://www.openstreetmap.org/way/279322556
https://www.jdwetherspoon.com/pubs/all-pubs/england/london/the-moon-under-water-west-end,own site,The Moon Under Water,Westminster,Covent Garden,Pub,,1,+44 20 7839 2837,28 Leicester Square,WC2H 7LE,openstreetmap,,,https://www.openstreetmap.org/node/348817410
https://www.mcmullens.co.uk/local-pub/nags-head-covent-garden/,"own site (found by name, postcode verified)",The Nags Head,Westminster,Covent Garden,Pub,,1,,10 James Street,WC2E 8BT,openstreetmap,,,https://www.openstreetmap.org/way/123318572
https://www.nelliedeansoho.co.uk/,own site,The Nellie Dean of Soho,Westminster,Soho,Pub,thenelliedean@gmail.com,1,+44 20 7734 2572,89 Dean Street,W1D 3SU,openstreetmap,,,https://www.openstreetmap.org/way/288392846
https://www.greeneking.co.uk/pubs/Greater-London/new-explorer,own site,The New Explorer,Westminster,Soho,Pub,,1,+44 20 7491 0467,23 Great Castle Street,W1G 0JA,openstreetmap,,,https://www.openstreetmap.org/way/244772128
http://www.newinnlondon.co.uk/,own site,The New Inn,Westminster,St John's Wood,Restaurant,,1,,2 Allitsen Road,NW8 6LA,openstreetmap,,,https://www.openstreetmap.org/node/293748563
https://theoaklondon.com/,own site,The Oak,Westminster,Bayswater,Italian,hello@thegoodoak.com,1,+44 20 7221 3355,137 Westbourne Park Road,W2 5QL,openstreetmap,,,https://www.openstreetmap.org/way/122814326
http://www.oldbankofengland.co.uk/,own site,The Old Bank of England,Westminster,Temple,Pub,,1,+44 20 7430 2255,194 Fleet Street,EC4A 2LT,openstreetmap,,,https://www.openstreetmap.org/way/99275253
http://oldshades.co.uk/,own site (Wikidata),The Old Shades,Westminster,Westminster,Pub,,1,,37 Whitehall,SW1A 2BX,openstreetmap,,,https://www.openstreetmap.org/way/547522399
https://www.greeneking.co.uk/pubs/greater-london/old-star,own site,The Old Star,Westminster,Westminster,Pub,,1,,66 Broadway,,openstreetmap,,,https://www.openstreetmap.org/way/321967936
https://www.thefootmanmayfair.com/,own site,The Only Running Footman,Westminster,Mayfair,Pub,events@thefootmanmayfair.com,1,,5 Charles Street,W1J 5DF,openstreetmap,,,https://www.openstreetmap.org/way/299039550
https://www.theorange.co.uk/,own site,The Orange,Westminster,Belgravia,Pub,reservations@theorange.co.uk,1,,37-39 Pimlico Road,SW1W 8NE,openstreetmap,,,https://www.openstreetmap.org/way/147249462
https://www.theoxfordmarket.co.uk/,own site,The Oxford Market,Westminster,Soho,Bar,,1,+44 20 7079 2020,11-13 Market Place,W1W 8AH,openstreetmap,,,https://www.openstreetmap.org/way/244772122
https://www.palmhouselondon.co.uk/,"own site (found by name, postcode verified)",The Palm House,Westminster,Belgravia,Restaurant,hello@palmhouselondon.co.uk,1,,150 Victoria Street,SW1E 5LB,openstreetmap,,,https://www.openstreetmap.org/node/5213639522
https://thepalomar.co.uk/,"own site (found by name, postcode verified)",The Palomar,Westminster,Soho,Restaurant,reservations@thepalomar.co.uk,1,,34 Rupert Street,W1D 6DN,openstreetmap,,,https://www.openstreetmap.org/node/3257354228
https://www.theparkrestaurant.com/,own site,The Park,Westminster,Bayswater,American; Breakfast,reservations@theparkrestaurant.com,1,+44 20 3959 9000,2 Queensway,W2 3RX,openstreetmap,,,https://www.openstreetmap.org/node/12786260255
https://www.thepeppermint.co.uk/,own site,The Peppermint,Westminster,Maida Vale,Cafe,,1,+44 20 7289 0089,294 Elgin Avenue,,openstreetmap,,,https://www.openstreetmap.org/node/6660711712
https://www.greeneking.co.uk/pubs/greater-london/colonies,own site,The Pineapple,Westminster,Westminster,Pub,,1,,25 Wilfred Street,SW1E 6PR,openstreetmap,,,https://www.openstreetmap.org/node/169384510
https://www.greeneking.co.uk/pubs/greater-london/plumbers-arms,own site,The Plumbers Arms,Westminster,Belgravia,Pub,,1,,14 Lower Belgrave Street,SW1W 0LN,openstreetmap,,,https://www.openstreetmap.org/way/159407057
https://www.theporchester.co.uk/,own site,The Porchester,Westminster,Bayswater,Pub,,1,+44 20 7229 2886,88 Bishop's Bridge Road,W2 5AA,openstreetmap,,,https://www.openstreetmap.org/way/192794418
https://www.nicholsonspubs.co.uk/restaurants/london/theporcupineleicestersquarelondon,own site,The Porcupine,Westminster,Covent Garden,Pub,,1,,48 Charing Cross Road,WC2H 0BS,openstreetmap,,,https://www.openstreetmap.org/way/175157358
https://www.theporthouse.co.uk/,"own site (found by name, postcode verified)",The Port House,Westminster,Covent Garden,Restaurant,strand@theporthouse.co.uk,1,,"417 STRAND, LONDON",WC2R 0PD,food standards agency,,,https://ratings.food.gov.uk/business/428150
https://porterhouse.london/,own site,The Porterhouse,Westminster,Covent Garden,Pub,enquiries@porterhouse.london,1,,21-22 Maiden Lane,WC2E 7NA,openstreetmap,porterhouselondon,porterhouselondon,https://www.openstreetmap.org/way/99952313
https://www.theportmanmarylebone.com/,own site,The Portman,Westminster,Marylebone (also St Marylebone),Pub,,1,,51 Upper Berkeley Street,W1H 7QW,openstreetmap,,,https://www.openstreetmap.org/way/678633921
https://theportraitrestaurant.com/,own site,The Portrait Restaurant,Westminster,Covent Garden,Restaurant,reservations@theportraitrestaurant.co.uk,1,+44 20 3872 7610,2 St. Martin's Place,WC2H 0HE,openstreetmap,,,https://www.openstreetmap.org/node/12087774907
https://www.theprideofpaddington.co.uk/,own site,The Pride of Paddington,Westminster,Paddington,Pub,,1,+44 20 7402 2156,1-3 Craven Road,W2 3BP,openstreetmap,,,https://www.openstreetmap.org/way/739178496
https://www.theprincebonapartew2.co.uk/,own site,The Prince Bonaparte,Westminster,Bayswater,Pub,info@theprincebonapartew2.co.uk,1,+44 20 7313 9491,80 Chepstow Road,W2 5BE,openstreetmap,742068432520112,bonapartew2,https://www.openstreetmap.org/way/756311627
https://www.theprince-edward.co.uk/,own site,The Prince Edward,Westminster,Bayswater,Pub,,1,+44 20 7727 2221,73 Prince's Square,,openstreetmap,,,https://www.openstreetmap.org/way/621622012
https://www.greeneking.co.uk/pubs/greater-london/prince-of-wales,own site,The Prince of Wales,Westminster,Covent Garden,Pub,,1,,150-151 Drury Lane,WC2B 5TD,openstreetmap,,,https://www.openstreetmap.org/node/312156665
https://www.theprinceregentw1.co.uk/,own site,The Prince Regent,Westminster,Marylebone (also St Marylebone),Pub,,1,,71 Marylebone High Street,W1U 5JN,openstreetmap,,princeregentw1,https://www.openstreetmap.org/way/148878074
https://www.punchbowllondon.com/,own site,The Punch Bowl,Westminster,Mayfair,Pub,info@butcombe.com,1,,41 Farm Street,W1J 5RP,openstreetmap,,,https://www.openstreetmap.org/way/237795434
https://www.queensheadpiccadilly.com/,own site,The Queen's Head,Westminster,St James's,Pub,bookings@queensheadpiccadilly.com,1,+44 20 7437 1540,,,openstreetmap,,,https://www.openstreetmap.org/way/572506209
https://www.therajdootindian.com/,own site,The Rajdoot,Westminster,Marylebone (also St Marylebone),Indian,,1,,49 Paddington Street,W1U 4HW,openstreetmap,,,https://www.openstreetmap.org/way/148871656
https://www.therealgreek.com/restaurants/soho/,own site,The Real Greek,Westminster,Soho,Greek,soho@therealgreek.com,1,+44 20 7287 6805,50 Berwick Street,W1F 8SJ,openstreetmap,,,https://www.openstreetmap.org/node/4601342802
https://www.therealgreek.com/marylebone/,own site,The Real Greek,Westminster,Marylebone (also St Marylebone),Greek,,1,,56 Paddington Street,W1U 4HY,openstreetmap,,,https://www.openstreetmap.org/way/148871658
https://www.redlionmayfair.co.uk/,own site,The Red Lion,Westminster,St James's,Pub,,1,,Duke of York Street,,openstreetmap,,,https://www.openstreetmap.org/node/675867856
https://www.redlionwestminster.co.uk/,own site,The Red Lion,Westminster,Westminster,Pub,,1,+44 20 7930 5826,48 Parliament Square,SW1A 2NH,openstreetmap,,TheRedLionWestminster,https://www.openstreetmap.org/way/547238388
https://www.theresidencynottinghill.com/,own site,The Residency,Westminster,Bayswater,Restaurant,,1,,50 Westbourne Grove,,openstreetmap,,,https://www.openstreetmap.org/node/7059213758
https://www.retrobarlondon.co.uk/london,own site,The Retro Bar,Westminster,Covent Garden,Pub,,1,+44 20 7839 8760,2 George Court,WC2N 6HH,openstreetmap,,,https://www.openstreetmap.org/node/303585906
https://therexdeli.com/,"own site (found by name, postcode verified)",The Rex Deli,Westminster,Mayfair,Deli,info@therexdeli.com,1,,"38 BRUTON PLACE, LONDON",W1J 6NX,food standards agency,,,https://ratings.food.gov.uk/business/1688809
https://www.royalparks.org.uk/parks/hyde-park/food-and-drink/lido-bar-and-cafe,own site,The Rooftop,Westminster,Knightsbridge,Cafe,,2,,,,openstreetmap,,,https://www.openstreetmap.org/node/8750049317
https://www.theroxy.co.uk/,"own site (found by name, postcode verified)",The Roxy,Westminster,Soho,Restaurant,info@theroxy.co.uk,1,,"BASEMENT ASHBROOK HOUSE 3-5 RATHBONE PLACE, LONDON",W1T 1HJ,food standards agency,,,https://ratings.food.gov.uk/business/414091
https://www.theroyaloakw1.com/,own site,The Royal Oak,Westminster,Marylebone (also St Marylebone),Pub,,1,,74-76 York Street,W1H 1QN,openstreetmap,,,https://www.openstreetmap.org/way/202339356
https://www.greeneking.co.uk/pubs/greater-london/salisbury,own site,The Salisbury,Westminster,Covent Garden,Pub,,1,,90 St Martin's Lane,WC2N 4AP,openstreetmap,,,https://www.openstreetmap.org/way/151297126
https://www.sanctuaryhousehotel.co.uk/,own site,The Sanctuary House,Westminster,Westminster,Pub,,1,,33 Tothill Street,SW1H 9LA,openstreetmap,,,https://www.openstreetmap.org/way/544897741
https://www.thesavanna.co.uk,own site,the Savanna,Westminster,Belgravia,Deli,media@thesavanna.co.uk,1,,,,openstreetmap,,,https://www.openstreetmap.org/node/10622738686
https://www.greeneking.co.uk/pubs/greater-london/shakespeare,own site,The Shakespeare,Westminster,Belgravia,Pub,,1,,91 - 99 Buckingham Palace Road,,openstreetmap,,,https://www.openstreetmap.org/way/203984283
https://www.greeneking.co.uk/pubs/greater-london/shakespeares-head,own site,The Shakespeare's Head,Westminster,Soho,Pub,,1,,29 Great Marlborough Street,,openstreetmap,,,https://www.openstreetmap.org/way/272198115
https://www.greeneking-pubs.co.uk/pubs/greater-london/sherlock-holmes/,own site,The Sherlock Holmes,Westminster,Covent Garden,Pub,7967@greeneking.co.uk,1,,10-11 Northumberland Street,WC2N 5DB,openstreetmap,,,https://www.openstreetmap.org/way/140517896
https://www.shipsoho.co.uk/,own site,The Ship,Westminster,Soho,Pub,,1,,116 Wardour Street,W1F 0TT,openstreetmap,,,https://www.openstreetmap.org/way/157779664
https://www.jdwetherspoon.com/pubs/the-sir-alexander-fleming-paddington/,own site,The Sir Alexander Fleming,Westminster,Paddington,Burger; Pub,,1,,5 Merchant Square,W2 1AS,openstreetmap,,,https://www.openstreetmap.org/node/3895190286
https://www.thesoak.co.uk/,own site,The Soak,Westminster,Belgravia,Restaurant,hello@thesoak.co.uk,1,,,,openstreetmap,,,https://www.openstreetmap.org/node/13936897328
https://www.thesocial.com/,own site,The Social,Westminster,Soho,American,theoffice@thesocial.com,1,+44 20 7636 4992,5 Little Portland Street,W1W 7JD,openstreetmap,,,https://www.openstreetmap.org/node/3358823520
https://www.thesohosocial.co.uk/,"own site (found by name, postcode verified)",The Soho Social,Westminster,Soho,Restaurant,,1,,"9 BERWICK STREET, LONDON",W1F 0PJ,food standards agency,,,https://ratings.food.gov.uk/business/1712451
https://www.greatukpubs.co.uk/speaker-victoria,own site,The Speaker,Westminster,Millbank,Pub,,1,,46 Great Peter Street,SW1P 2HA,openstreetmap,,,https://www.openstreetmap.org/way/1211583959
https://www.spiceoflifesoho.com/,own site,The Spice of Life,Westminster,Soho,Pub,,1,+44 20 7437 7013,6 Moor Street,W1D 5NA,openstreetmap,,,https://www.openstreetmap.org/way/157767122
https://www.squarerestaurant.com/,own site,The Square,Westminster,Mayfair,Restaurant,,1,+44 20 7495 7100,6-10 Bruton Street,,openstreetmap,,,https://www.openstreetmap.org/node/1167941975
https://www.star-tavern-belgravia.co.uk/,own site,The Star Tavern,Westminster,Belgravia,Pub,,1,,6 Belgrave Mews West,SW1X 8HT,openstreetmap,,,https://www.openstreetmap.org/node/27718642
https://www.thesummerhouse.co/,own site,The Summerhouse,Westminster,Little Venice,Seafood,info@thesummerhouse.co,1,,Blomfield Road,,openstreetmap,,,https://www.openstreetmap.org/way/123186058
http://www.sussexarms.com/,own site,The Sussex Arms,Westminster,Paddington,Pub,info@stylotel.com,1,+44 20 7723 1026,21 London Street,W2 1HL,openstreetmap,,,https://www.openstreetmap.org/way/155488605
https://www.swanhydepark.co.uk/,own site,The Swan,Westminster,Paddington,Pub,,1,,66 Bayswater Road,W2 3PH,openstreetmap,,,https://www.openstreetmap.org/way/749323368
https://www.thetattershallcastle.co.uk/,own site,The Tattershall Castle,Westminster,Westminster,Pub,,1,,Victoria Embankment,SW1A 2HR,openstreetmap,,,https://www.openstreetmap.org/way/31200563
https://www.theodore-bullfrog.co.uk/,own site,The Theodore Bullfrog,Westminster,Covent Garden,Pub,,1,+44 20 7839 2697,26-30 John Adam Street,WC2N 6HL,openstreetmap,,,https://www.openstreetmap.org/way/68807961
https://www.cubitthouse.co.uk/the-thomas-cubitt-belgravia/,own site,The Thomas Cubitt,Westminster,Belgravia,Pub,reservations@cubitthouse.co.uk,1,,44 Elizabeth Street,SW1W 9PA,openstreetmap,,,https://www.openstreetmap.org/way/547171167
https://www.nicholsonspubs.co.uk/restaurants/london/thethreegreyhoundssoholondon,own site,The Three Greyhounds,Westminster,Soho,Pub,,1,,,,openstreetmap,,,https://www.openstreetmap.org/node/4467119633
https://www.greeneking.co.uk/pubs/greater-london/three-tuns,own site,The Three Tuns,Westminster,Marylebone (also St Marylebone),Pub,,1,,1 Portman Mews South,W1H 6HP,openstreetmap,,,https://www.openstreetmap.org/way/208892606
https://www.thetoucansoho.co.uk/,own site,The Toucan,Westminster,Soho,Pub,info@thetoucansoho.co.uk,1,+44 20 7437 4123,19 Carlisle Street,W1D 3BY,openstreetmap,,,https://www.openstreetmap.org/way/288392857
https://www.union-tavern.co.uk/,own site,The Union Tavern,Westminster,Maida Vale,Pub,,1,,45 Woodfield Road,W9 2BA,openstreetmap,,,https://www.openstreetmap.org/way/361094607
https://thevegboxcafe.co.uk,own site,The Veg Box,Westminster,Marylebone (also St Marylebone),Cafe,enquiries@thevegboxcafe.co.uk,2,,136 Marylebone Road,,openstreetmap,,,https://www.openstreetmap.org/node/4803496604
https://www.greeneking.co.uk/pubs/greater-london/victoria,own site,The Victoria,Westminster,Belgravia,Pub,,1,,1 Lower Belgrave Street,SW1W 0NR,openstreetmap,,,https://www.openstreetmap.org/node/295905003
https://www.victoriapaddington.co.uk/,own site,The Victoria,Westminster,Paddington,Pub,,1,,10a Strathearn Place,W2 2NH,openstreetmap,,,https://www.openstreetmap.org/way/744634826
https://www.thevolunteernw1.co.uk/,own site,The Volunteer,Westminster,Marylebone (also St Marylebone),Pub,,2,,245-247 Baker Street,,openstreetmap,,,https://www.openstreetmap.org/node/49311908
https://www.royalparks.org.uk/visit/parks/regents-park-primrose-hill/waterside-cafe,own site,The Waterside Café,Westminster,St John's Wood,Bakery; Burger,,1,,,,openstreetmap,,,https://www.openstreetmap.org/way/230384100
https://www.thewaterway.co.uk/,own site,The Waterway,Westminster,Little Venice,Pub,info@thewaterway.co.uk,1,+44 20 7266 3557,54 Formosa Street,W9 2JU,openstreetmap,,,https://www.openstreetmap.org/node/3154333461
https://www.nicholsonspubs.co.uk/restaurants/london/thewellingtonstrandlondon,own site,The Wellington,Westminster,Covent Garden,Pub,,1,+44 20 7836 2789,351 Strand,WC2R 0HS,openstreetmap,nicholsonspubs,nicholsonspubs,https://www.openstreetmap.org/way/244895534
https://www.thewestbourne.com/,own site,The Westbourne,Westminster,Little Venice,Pub,,1,+44 20 7221 5400,101 Westbourne Park Villas,W2 5ED,openstreetmap,,,https://www.openstreetmap.org/way/121101785
https://www.nicholsonspubs.co.uk/restaurants/london/thewhitelioncoventgardenlondon,own site,The White Lion,Westminster,Covent Garden,Pub,,1,,24 James Street,WC2E 8NS,openstreetmap,,,https://www.openstreetmap.org/way/173544268
https://www.nicholsonspubs.co.uk/restaurants/london/thewhiteswanlondon,own site,The White Swan,Westminster,Covent Garden,Pub,,1,,14 New Row,WC2N 4LF,openstreetmap,,,https://www.openstreetmap.org/node/305760823
https://www.jdwetherspoon.com/pubs/all-pubs/england/london/the-willow-walk-victoria,own site,The Willow Walk,Westminster,Pimlico,Pub,,1,+44 20 7828 2953,25 Wilton Road,SW1V 1LW,openstreetmap,,,https://www.openstreetmap.org/node/385560795
https://www.youngs.co.uk/,own site,The Windmill,Westminster,Mayfair,Pub,enquiries@youngs.co.uk,1,,6-8 Mill Street,,openstreetmap,,,https://www.openstreetmap.org/node/259774404
https://www.thewolseley.com/,own site,The Wolseley,Westminster,Mayfair,Restaurant,,1,+44 20 7499 6996,157-160 Piccadilly,W1J 9EB,openstreetmap,,,https://www.openstreetmap.org/way/289859695
https://www.theorandall.com/,own site,Theo Randall,Westminster,Mayfair,Italian,reservations@theorandall.com,1,+44 20 7318 8747,1 Hamilton Place,W1J 7QY,openstreetmap,,,https://www.openstreetmap.org/node/13254887541
https://www.thirty7bedfordstreet.co.uk/,"own site (found by name, postcode verified)",thirty7 Bedford Street,Westminster,Covent Garden,Restaurant,hello@thirty7bedfordstreet.co.uk,1,,"37 BEDFORD STREET, LONDON",WC2E 9EN,food standards agency,,,https://ratings.food.gov.uk/business/1698397
https://www.greeneking.co.uk/pubs/greater-london/three-crowns,own site,Three Crowns,Westminster,St James's,Pub,,1,,Babmaes Street,,openstreetmap,,,https://www.openstreetmap.org/node/675942580
https://threefalcons.com/,own site,Three Falcons Indian Gastropub,Westminster,St John's Wood,Indian; Pub,reservations@threefalcons.com,1,,Orchardson Street,NW8 8NG,openstreetmap,,threefalcons,https://www.openstreetmap.org/node/12599552601
https://london.tigertiger.co.uk/,own site,Tiger Tiger,Westminster,St James's,Restaurant,,1,,29 Haymarket,SW1Y 4SP,openstreetmap,,,https://www.openstreetmap.org/node/2403511275
https://tikkas.com/,"own site (found by name, postcode verified)",Tikkas,Westminster,Soho,Asian,hello@tikkas.com,1,,1 Great Titchfield Street,W1W 8AU,openstreetmap,,,https://www.openstreetmap.org/node/6126210649
https://www.tintico.co.uk,own site,Tintico,Westminster,Soho,Cafe,hello@tintico.co.uk,1,,57 Greek Street,W1D 3DY,openstreetmap,,,https://www.openstreetmap.org/node/13571511986
https://www.titurestaurant.com/,own site,Titu,Westminster,Mayfair,Asian,reservations@titurestaurant.com,1,,1 Shepherd Street,W1J 7HJ,openstreetmap,,,https://www.openstreetmap.org/node/603756842
https://www.tokimeite.com/,own site,Tokimeite,Westminster,Mayfair,Asian; Japanese,,1,,23 Conduit Street,W1S 2XS,openstreetmap,,,https://www.openstreetmap.org/node/5643141168
https://tokyodiner.com/,"own site (found by name, postcode verified)",Tokyo Diner,Westminster,Covent Garden,American,office@tokyodiner.com,2,,"2 NEWPORT PLACE, LONDON",WC2H 7JP,food standards agency,,,https://ratings.food.gov.uk/business/413922
https://www.tomtomcoffee.co.uk/coffee-house/,own site,TomTom Coffee House,Westminster,Belgravia,Cafe,coffee@tomtomcoffee.co.uk,1,+44 20 7730 1771,114 Ebury Street,SW1W 9QD,openstreetmap,https://www.facebook.com/tomtomcoffeehouse/,https://www.instagram.com/tomtomcoffee/,https://www.openstreetmap.org/node/443029946
https://topspizza.co.uk/maidavale,own site,Tops Pizza,Westminster,Maida Vale,Pizza,,1,,8 Great Western Road,,openstreetmap,,,https://www.openstreetmap.org/node/6814570588
https://www.tortilla.co.uk/restaurants/oxford-circus,own site,Tortilla,Westminster,Soho,Mexican,oxfordcircus@tortilla.co.uk,1,+44 20 7637 2800,6 Market Place,W1W 8AH,openstreetmap,,,https://www.openstreetmap.org/node/787474861
https://tozirestaurant.co.uk/,own site,Tozi,Westminster,Pimlico,Italian,reservations@tozirestaurant.co.uk,1,+44 20 7769 9771,8 Gillingham Street,,openstreetmap,,,https://www.openstreetmap.org/node/5200361721
https://www.greeneking.co.uk/pubs/greater-london/travellers-tavern,own site,Travellers Tavern,Westminster,Belgravia,Pub,,1,+44 20 7730 3957,4 Elizabeth Street,SW1W 9RB,openstreetmap,,,https://www.openstreetmap.org/node/3223507051
https://www.trishnalondon.com/,own site,Trishna,Westminster,Marylebone (also St Marylebone),Indian,info@trishnalondon.com,1,,15-17 Blandford Street,W1U 3DG,openstreetmap,,,https://www.openstreetmap.org/node/2434621102
http://tsiakkos.co.uk/,own site,Tsiakkos & Charcoal,Westminster,Maida Vale,Greek,tsiakkoscharcoal@gmail.com,1,+44 20 7286 7896,5 Marylands Road,W9 2DU,openstreetmap,,,https://www.openstreetmap.org/node/6739984320
http://tsujiri.co.uk,own site,TSUJIRI Matcha House,Westminster,Covent Garden,Cafe,,1,,33 Newport Court,,openstreetmap,,,https://www.openstreetmap.org/node/5452221322
https://www.instagram.com/ttine_zeytoon/,own site,Ttine wa Zeytoon,Westminster,Marylebone (also St Marylebone),Deli,,1,,,,openstreetmap,,,https://www.openstreetmap.org/node/9433105252
https://turiecafe.co.uk/,own site,Turie,Westminster,Paddington,Cafe,turiecafe@gmail.com,1,,39 Lisson Grove,,openstreetmap,,,https://www.openstreetmap.org/node/6463192830
https://www.turiecafe.com/,"own site (found by name, postcode verified)",Turie Cafe,Westminster,Paddington,Restaurant,,1,,"39 LISSON GROVE, LONDON",NW1 6UB,food standards agency,,,https://ratings.food.gov.uk/business/865512
https://turmerickitchen.co.uk/,own site,Turmeric Kitchen,Westminster,Paddington,Indian,paddington@turmerickitchen.co.uk,1,,,W2 3YU,openstreetmap,,,https://www.openstreetmap.org/node/12056271969
http://www.twistkitchen.co.uk/,own site,Twist,Westminster,Marylebone (also St Marylebone),Restaurant,,1,,42 Crawford Street,,openstreetmap,,,https://www.openstreetmap.org/way/679732905
https://www.greeneking.co.uk/pubs/greater-london/two-chairmen,own site,Two Chairmen,Westminster,Westminster,Pub,,1,,39 Dartmouth Street,SW1H 9BP,openstreetmap,,,https://www.openstreetmap.org/way/531373357
https://twofloors.com/,"own site (found by name, postcode verified)",Two Floors,Westminster,Soho,Restaurant,info@twofloors.com,1,,"GROUND FLOOR 3 KINGLY STREET, LONDON",W1B 5PD,food standards agency,,,https://ratings.food.gov.uk/business/1761644
https://twopointthai.co.uk/,own site,Two Point Thai,Westminster,Marylebone (also St Marylebone),Asian,twopointbar@gmail.com,1,,26 Crawford Street,W1H 1LL,openstreetmap,,,https://www.openstreetmap.org/way/679634687
https://ukiyohandrollbar.com/,"own site (found by name, postcode verified)",Ukiyo Hand Roll Bar,Westminster,Covent Garden,Restaurant,,1,,"GROUND AND BASEMENT FLOOR 8 SLINGSBY PLACE, LONDON",WC2E 9AB,food standards agency,,,https://ratings.food.gov.uk/business/1737197
https://www.umurestaurant.com/,own site,Umu,Westminster,Mayfair,Asian; Japanese,reception@umurestaurant.com,2,,14-16 Bruton Place,,openstreetmap,,,https://www.openstreetmap.org/node/5742592713
https://underbellyboulevard.com/,"own site (found by name, postcode verified)",Underbelly Boulevard,Westminster,Soho,Pub,tickets@underbellyboulevard.com,1,,"6 WALKER'S COURT, LONDON",W1F 0BT,food standards agency,,,https://ratings.food.gov.uk/business/1681436
https://urbangrilllondon.com/,"own site (found by name, postcode verified)",Urban Grill,Westminster,Paddington,Restaurant,,1,,"BASEMENT AND GROUND FLOOR 127 PRAED STREET, LONDON",W2 1RL,food standards agency,,,https://ratings.food.gov.uk/business/1942035
https://www.uvacantina.com/,"own site (found by name, postcode verified)",UVA Cantina,Westminster,Covent Garden,Mexican,,1,,"12 Tavistock Street, London",WC2E 7PH,food standards agency,,,https://ratings.food.gov.uk/business/1893203
https://www.vantra.co.uk/,own site,Vantra Loungevity,Westminster,Soho,Restaurant,info@vantra.co.uk,1,+44 20 7287 5222,5 Wardour Street,W1D 6PB,openstreetmap,,,https://www.openstreetmap.org/node/5483789422
https://fi.vapiano.com/en/restaurants/vapiano-soho-84-wardour-street-w1f-2/,own site,Vapiano,Westminster,Soho,Italian,,1,+44 20 7440 0070,84 Wardour Street,W1F 0TQ,openstreetmap,,,https://www.openstreetmap.org/node/2976988603
https://uk.vapiano.com/restaurant/vapiano-paddington/,own site,Vapiano,Westminster,Paddington,Italian,,1,+442070627743,50 Eastbourne Terrace,W2 6LG,openstreetmap,,,https://www.openstreetmap.org/node/11673171657
https://uk.vapiano.com/en/restaurants/vapiano-lwiw-12a-hnatiuka-str/,own site,Vapiano,Westminster,Soho,Italian,,1,+44 20 7268 0080,19-21 Great Portland Street,W1W 8QB,openstreetmap,,,https://www.openstreetmap.org/way/110459439
https://vasinikopizza.co.uk/,own site,Vasiniko,Westminster,Covent Garden,Pizza,,1,+44 20 7836 8628,"9 Burleigh Street, Covent Garden, WC2E 7PW",,openstreetmap,,,https://www.openstreetmap.org/node/11642388109
https://vasiniko.com/,"own site (found by name, postcode verified)",Vasiniko',Westminster,Covent Garden,Restaurant,bergamo@vasiniko.com,1,,"7-9 BURLEIGH STREET, LONDON",WC2E 7PW,food standards agency,,,https://ratings.food.gov.uk/business/1453033
https://www.veeraswamy.com/,own site,Veeraswamy,Westminster,Soho,Indian,,1,,99-101 Regent Street,W1B 4EZ,openstreetmap,,,https://www.openstreetmap.org/node/623366167
https://uk.venchi.com/venchi-chocolate-and-gelato-london-covent-garden,own site,Venchi,Westminster,Covent Garden,Ice cream,atvenchi-us@venchi.com,1,,,,openstreetmap,,,https://www.openstreetmap.org/node/3706217491
https://www.verderame.co.uk/,own site,Verderame Ristorante Italiano,Westminster,Bayswater,Italian,,1,+44 20 3441 6972,84 Westbourne Grove,,openstreetmap,https://www.facebook.com/Verderame-Restaurant-112634806912317/,,https://www.openstreetmap.org/node/7056122812
https://www.royalalberthall.com/your-visit/food-and-drink/dining/verdi-italian-kitchen/,own site,Verdi,Westminster,Knightsbridge,Italian,,1,,,,openstreetmap,,,https://www.openstreetmap.org/node/5299108171
https://vietnamfood.co.uk/vietfood/,own site,Viet Food,Westminster,Soho,Asian,info@vietnamfood.co.uk,1,+44 20 7494 4555,34-36 Wardour Street,W1D 6EY,openstreetmap,,,https://www.openstreetmap.org/way/993516028
http://vietsoho.co.uk/,own site,Viet Pho,Westminster,Soho,Asian,,1,,34 Greek Street,,openstreetmap,,,https://www.openstreetmap.org/way/349935006
https://www.villagesoho.co.uk/,"own site (found by name, postcode verified)",Village Soho,Westminster,Soho,Restaurant,,1,,"BASEMENT GROUND FLOOR AND PART FIRST FLOOR 81 WARDOUR STREET, LONDON",W1D 6QD,food standards agency,,,https://ratings.food.gov.uk/business/412183
https://www.vinoteca.co.uk/locations/marylebone,own site,Vinoteca Marylebone,Westminster,Marylebone (also St Marylebone),Italian,,1,,13 Seymour Place,,openstreetmap,,,https://www.openstreetmap.org/node/452168077
https://violas.co.uk/,"own site (found by name, postcode verified)",Violas,Westminster,Covent Garden,Restaurant,,1,,"38 TAVISTOCK STREET, LONDON",WC2E 7PB,food standards agency,,,https://ratings.food.gov.uk/business/1523776
https://violetsrestaurant.co.uk/,"own site (found by name, postcode verified)",Violet?s,Westminster,Soho,Restaurant,,1,,"19 BERWICK STREET, LONDON",W1F 0PX,food standards agency,,,https://ratings.food.gov.uk/business/411335
https://vivafalafel.co.uk/,own site,Viva Falafel,Westminster,Mayfair,Takeaway,,1,,Pitch 1719 Lumley Street,W1K 6JE,openstreetmap,,,https://www.openstreetmap.org/node/13266688001
https://www.cafevolonte.co.uk/,own site,Volonté,Westminster,Fitzrovia,Cafe,management@cafevolonte.co.uk,1,,10 Mortimer Street,W1T 3JJ,openstreetmap,,,https://www.openstreetmap.org/node/4715903696
https://voug.co.uk/,"own site (found by name, postcode verified)",VOUG,Westminster,Paddington,Restaurant,,1,,"45-49 EDGWARE ROAD, LONDON",W2 2HZ,food standards agency,,,https://ratings.food.gov.uk/business/1619627
https://www.instagram.com/w10coffee?igsh=a3pha20wYndhajU1,own site,W10 Coffee,Westminster,Maida Vale,Cafe,,1,+44 7450 372927,427-429 Harrow Road,,openstreetmap,,,https://www.openstreetmap.org/node/1571201518
https://wacafe.co.uk/,own site,WA café,Westminster,Covent Garden,Asian; Bakery; Breakfast; Deli; Japanese,info@wacafe.co.uk,1,,5 New Row,WC2N 4LH,openstreetmap,,,https://www.openstreetmap.org/node/6029728385
https://wafflemeister.com/,own site,Wafflemeister,Westminster,Mayfair,Bakery,info@wafflemeister.com,1,+44 20 7629 8178,369 Oxford Street,W1C 2JW,openstreetmap,,,https://www.openstreetmap.org/way/802152476
https://www.wagamama.com/restaurants/london/wigmore-street-bond-street,own site,Wagamama,Westminster,Marylebone (also St Marylebone),Asian,press@wagamama.com,1,,101a Wigmore Street,,openstreetmap,,,https://www.openstreetmap.org/node/852122502
https://www.wagamama.com/restaurants/london/victoria,own site,Wagamama,Westminster,Belgravia,Asian,press@wagamama.com,1,+44 20 7828 0561,5 Cardinal Walk,SW1E 5JE,openstreetmap,,,https://www.openstreetmap.org/node/2930011425
https://www.wagamama.com/restaurants/london/paddington,own site,Wagamama,Westminster,Little Venice,Asian,press@wagamama.com,1,,3 Sheldon Square,,openstreetmap,,,https://www.openstreetmap.org/node/9062094518
https://www.wagamama.com/restaurants/london/marblearch,own site,Wagamama,Westminster,Marylebone (also St Marylebone),Asian,press@wagamama.com,1,,,,openstreetmap,,,https://www.openstreetmap.org/node/10075547954
https://www.wagamama.com/restaurants/london/bedford-street-covent-garden,own site,Wagamama,Westminster,Covent Garden,Asian,press@wagamama.com,1,,17 Bedford Street,,openstreetmap,,,https://www.openstreetmap.org/way/68155984
https://www.wagamama.com/restaurants/london/great-marlborough-street,own site,Wagamama,Westminster,Soho,Asian,press@wagamama.com,1,+44 20 3794 4338,42 Great Marlborough Street,W1F 7JL,openstreetmap,,,https://www.openstreetmap.org/way/475721747
http://www.wahaca.co.uk/locations/great-portland-st/,own site,Wahaca,Westminster,Soho,Mexican,,1,+44 20 3002 8784,26-28 Great Portland Street,W1W 8QT,openstreetmap,,,https://www.openstreetmap.org/node/691084120
http://www.capitalpubcompany.com/the-warwick-castle/,own site,Warwick Castle,Westminster,Little Venice,Pub,,1,,6 Warwick Place,W9 2PX,openstreetmap,,,https://www.openstreetmap.org/way/155001536
https://watchhouse.com/blogs/locations/marylebone,own site,WatchHouse,Westminster,Marylebone (also St Marylebone),Breakfast,hello@watchhouse.com,1,+44 20 3988 4648,32-34 New Cavendish Street,W1G 8UE,openstreetmap,,,https://www.openstreetmap.org/node/6292682449
https://waxyoconnorslondon.co.uk,own site,Waxy O'Connor's London,Westminster,Soho,Pub,,2,+442072870255,14-16 Rupert Street,,openstreetmap,,,https://www.openstreetmap.org/node/11926973569
https://waxyslittlesister.co.uk/,"own site (found by name, postcode verified)",Waxy's Little Sister,Westminster,Soho,Pub,,1,,20 Wardour Street,W1D 6QG,openstreetmap,,,https://www.openstreetmap.org/node/348867089
https://www.weezieslondon.com/,"own site (found by name, postcode verified)",Weezie's,Westminster,Belgravia,Restaurant,manager@weezieslondon.com,1,,"14-15 ECCLESTON YARD, WESTMINSTER, LONDON",SW1W 9AZ,food standards agency,,,https://ratings.food.gov.uk/business/1926879
https://www.c-h-w.com/wesleys-cafe,own site,Wesley’s Café,Westminster,Westminster,Cafe,,1,,Storey's Gate,SW1H 9NH,openstreetmap,,,https://www.openstreetmap.org/node/11664110171
https://www.jdwetherspoon.com/pubs/all-pubs/england/london/wetherspoons-victoria-station-concourse,own site,Wetherspoons,Westminster,Belgravia,Breakfast; Burger; Pub,,1,,,,openstreetmap,,,https://www.openstreetmap.org/node/618653525
https://www.thelondoner.com/restaurants-bars/whitcombs,own site,Whitcombs,Westminster,Covent Garden,Restaurant,reservations@thelondoner.com,1,,38 Leicester Square,WC2H 7DX,openstreetmap,,,https://www.openstreetmap.org/node/10065176317
https://www.nicholsonspubs.co.uk/restaurants/london/thewhitehorsecarnabystreetlondon,own site,White Horse,Westminster,Soho,Pub,,1,,16 Newburgh Street,,openstreetmap,,,https://www.openstreetmap.org/way/272299419
https://whitemulberries.com/pages/marylebone-village,own site,White Mulberries,Westminster,Marylebone (also St Marylebone),Bakery; Breakfast; Deli,info@whitemulberries.com,1,,54 Paddington Street,W1U 4HU,openstreetmap,,whitemulberries,https://www.openstreetmap.org/node/13734805701
https://white-pine.co.uk/,own site,White Pine,Westminster,Soho,Cafe,hello@white-pine.co.uk,1,,35-36 Rathbone Place,W1T 1JN,openstreetmap,,,https://www.openstreetmap.org/node/6089238894
https://whyteandbrown.com/,own site,Whyte & Brown,Westminster,Soho,Restaurant,,1,+44 20 3747 9820,Kingly Court,W1B 5PW,openstreetmap,,,https://www.openstreetmap.org/node/4209591093
https://www.thebalconlondon.com/,own site,Wild Honey,Westminster,St James's,Restaurant,,1,,8 Pall Mall,SW1Y 5NG,openstreetmap,,,https://www.openstreetmap.org/node/4614334125
https://www.wildhoneyrestaurant.co.uk/,own site,Wild Honey,Westminster,Mayfair,Restaurant,,1,,12 St George Street,,openstreetmap,,,https://www.openstreetmap.org/way/591177138
https://www.wildflowersrestaurant.co.uk/,"own site (found by name, postcode verified)",Wildflowers Restaurant,Westminster,Belgravia,Restaurant,hello@wildflowersrestaurant.co.uk,1,,"UNIT 2 57 PIMLICO ROAD, LONDON",SW1W 8NE,food standards agency,,,https://ratings.food.gov.uk/business/1709697
https://wildwoodrestaurants.co.uk/restaurant/covent-garden/,own site,Wildwood,Westminster,Covent Garden,Halal; Italian; Pizza; Steak,customercare@wildwoodrestaurants.co.uk,1,,35 Bow Street,WC2E 7AU,openstreetmap,,,https://www.openstreetmap.org/way/986906888
https://shop.wingmans.co.uk/,own site,Wingmans,Westminster,Soho,Restaurant,,1,+44 20 7437 7284,29-31 Old Compton Street,W1D 5JS,openstreetmap,wingmanschicken,wingmanschicken,https://www.openstreetmap.org/node/639111707
https://www.woktowalk.com/uk/restaurants/,own site,Wok to Walk,Westminster,Marylebone (also St Marylebone),Asian; Chinese,,1,,129 Baker Street,,openstreetmap,,,https://www.openstreetmap.org/node/6346469084
https://www.wolfoxsavoy.com/,"own site (found by name, postcode verified)",Wolfox Savoy,Westminster,Covent Garden,Restaurant,info@wolfoxsavoy.com,1,,"93-95 STRAND, LONDON",WC2R 0DW,food standards agency,,,https://ratings.food.gov.uk/business/1709685
https://www.wynnmayfair.com/,"own site (found by name, postcode verified)",Wynn Mayfair,Westminster,Mayfair,Restaurant,bookings@wynnmayfair.com,1,,"28 CURZON STREET, LONDON",W1J 7TJ,food standards agency,,,https://ratings.food.gov.uk/business/427970
https://www.wjxfoodculture.co.uk/,"own site (found by name, postcode verified)",Xi Home Dumplings Bay,Westminster,Covent Garden,Asian; Chinese,admin@wjxfoodculture.co.uk,1,,43 Chandos Place,WC2N 4HS,openstreetmap,,,https://www.openstreetmap.org/node/2321071813
https://www.xierlondon.com/,own site,XR,Westminster,Marylebone (also St Marylebone),Restaurant,,1,,13-14 Thayer Street,,openstreetmap,,,https://www.openstreetmap.org/node/6303191529
https://yakiniku-like.co.uk,own site,YAKINIKU LIKE!!,Westminster,Soho,Asian; Japanese,,1,+44 20 3375 3808,47 Greek Street,W1D 4EE,openstreetmap,,,https://www.openstreetmap.org/node/13571496071
https://www.yalla-yalla.co.uk/,own site,Yalla Yalla,Westminster,Soho,Restaurant,reservations@yalla-yalla.co.uk,3,,,W1F 0HA,openstreetmap,,,https://www.openstreetmap.org/way/480012224
https://www.yamabahce.com/,own site,Yamabahçe,Westminster,Mayfair,Restaurant,,1,+44 20 7935 8480,26 James Street,W1U 1EN,openstreetmap,,,https://www.openstreetmap.org/way/107039275
https://www.yariclub.com/,"own site (found by name, postcode verified)",Yari Club,Westminster,Covent Garden,Restaurant,,1,,"57 ST MARTIN'S LANE, LONDON",WC2N 4EA,food standards agency,,,https://ratings.food.gov.uk/business/1702977
http://www.yauatcha.com/,own site (Wikidata),Yauatcha,Westminster,Soho,Restaurant,,1,,15-17 Broadwick Street,W1F 0DL,openstreetmap,,,https://www.openstreetmap.org/node/338952744
https://www.yazusushi.co.uk/,own site,Yazu Sushi,Westminster,Mayfair,Asian; Sushi,ganaasan@yahoo.com,1,,46 Curzon Street,,openstreetmap,,,https://www.openstreetmap.org/way/626960769
https://www.yegrapesmayfair.co.uk/,own site,Ye Grapes,Westminster,Mayfair,Pub,yegrapesmayfair@yahoo.com,1,+44 20 7629 4989,16 Shepherd Market,W1J 7QQ,openstreetmap,,,https://www.openstreetmap.org/way/629171088
https://www.vinoteca.co.uk/locations/soho,own site,yeni,Westminster,Soho,Restaurant,,1,+44 20 3544 7411,53-55 Beak Street,,openstreetmap,,,https://www.openstreetmap.org/node/13577345336
https://london.yeotown.com/,own site,Yeotown Paddington,Westminster,Paddington,Restaurant,queensgardens@yeotown.com,1,+44 20 7298 8799,,,openstreetmap,,,https://www.openstreetmap.org/node/13279487994
https://yiqipanasia.co.uk,own site,YiQi,Westminster,Covent Garden,Asian,info@yiqipanasia.co.uk,1,,14 Lisle Street,WC2H 7BE,openstreetmap,,,https://www.openstreetmap.org/node/13550924144
https://www.yminglondon.com/,own site,Yming,Westminster,Soho,Restaurant,,1,+44 20 7734 2721,35-36 Greek Street,W1D 5DL,openstreetmap,,,https://www.openstreetmap.org/way/349935008
https://www.facebook.com/yogland/,facebook,Yogland Fit Frozen Dessert,Westminster,Bayswater,Ice cream,,1,,58 Westbourne Grove,,openstreetmap,https://www.facebook.com/yogland/,,https://www.openstreetmap.org/node/7059213744
https://yole.com/uk,own site,Yolé,Westminster,Soho,Ice cream,,1,,74 Shaftesbury Avenue,W1D 6NA,openstreetmap,,,https://www.openstreetmap.org/node/4221152196
https://zata.uk/,own site,Za'ta,Westminster,Marylebone (also St Marylebone),Restaurant,info@zata.uk,1,,,,openstreetmap,,,https://www.openstreetmap.org/node/10594929753
https://zafferanorestaurant.com/,own site (Wikidata),Zafferano,Westminster,Belgravia,Restaurant,,1,,15-16 Lowndes Street,SW1X 9EY,openstreetmap,,,https://www.openstreetmap.org/way/530784897
https://www.choccywoccydoodah.com/,own site,Zahter,Westminster,Soho,Restaurant,,1,,30 - 32 Foubert's Place,W1F 7PS,openstreetmap,,,https://www.openstreetmap.org/way/223406957
https://www.zanchi.co.uk/,own site,Zanchi,Westminster,Paddington,Asian; Korean,info@zanchi.co.uk,1,+44 207 723 5555,113-115 Praed Street,W2 1RL,openstreetmap,,,https://www.openstreetmap.org/way/155494930
http://www.zaynarestaurant.co.uk/,own site,Zayna,Westminster,Marylebone (also St Marylebone),Indian,info@zaynarestaurant.co.uk,1,+44 20 7723 2229,25 New Quebec Street,W1H 7SF,openstreetmap,,,https://www.openstreetmap.org/node/452169201
https://www.zizzi.co.uk/italian/restaurants/victoria,own site,Zizzi,Westminster,Belgravia,Italian,feedback@zizzi.co.uk,1,+44 20 7821 0402,15 Cardinal Walk,SW1E 5JE,openstreetmap,,,https://www.openstreetmap.org/node/341233197
https://www.zizzi.co.uk/italian/restaurants/wigmore-street-near-oxford-street,own site,Zizzi,Westminster,Marylebone (also St Marylebone),Italian,feedback@zizzi.co.uk,1,,110-116 Wigmore Street,W1U 3RU,openstreetmap,,,https://www.openstreetmap.org/node/1266124433
https://www.zizzi.co.uk/italian/restaurants/paddington-central,own site,Zizzi,Westminster,Little Venice,Italian,feedback@zizzi.co.uk,1,+44 20 7286 4770,17 Sheldon Square,W2 6EP,openstreetmap,,,https://www.openstreetmap.org/node/2343155743
https://www.zizzi.co.uk/italian/restaurants/bow-street-covent-garden,own site,Zizzi,Westminster,Covent Garden,Italian,feedback@zizzi.co.uk,1,,19-20 Bow Street,WC2E 7AW,openstreetmap,,,https://www.openstreetmap.org/node/3815512368
https://www.zizzi.co.uk/italian/restaurants/the-strand-west-end,own site,Zizzi,Westminster,Covent Garden,Italian,feedback@zizzi.co.uk,1,,75-76 Strand,WC2R 0DW,openstreetmap,,,https://www.openstreetmap.org/way/72140300
https://www.zoilo.co.uk/,own site,Zoilo,Westminster,Marylebone (also St Marylebone),Restaurant,info@zoilo.co.uk,1,,9 Duke Street,,openstreetmap,,,https://www.openstreetmap.org/node/6299031592
https://zonzorestaurant.com,own site,Zonzo,Westminster,Paddington,Pizza,info@zonzorestaurant.com,1,+44 20 7723 9777,342 Edgware Road,W2 1EA,openstreetmap,,,https://www.openstreetmap.org/way/367087931
https://zumarestaurant.com/,own site,Zuma,Westminster,Knightsbridge,Asian; Japanese,,1,,5 Raphael Street,SW7 1DL,openstreetmap,,,https://www.openstreetmap.org/node/4376085104
https://sushinoya.uk,own site,すしの家 Sushinoya,Westminster,Soho,Asian; Sushi,,1,,62 Shaftesbury Avenue,W1D 6LT,openstreetmap,,,https://www.openstreetmap.org/node/4852113227
https://www.imperialchinalondon.com/,"own site (found by name, postcode verified)",中國城大酒樓 Imperial China,Westminster,Covent Garden,Asian; Chinese,enquiries@imperialchinalondon.com,1,,25a Lisle Street,WC2H 7BA,openstreetmap,,,https://www.openstreetmap.org/way/995869080
http://www.theeightrestaurant.co.uk/,own site,八大八小 The Eight,Westminster,Soho,Asian; Chinese,c.kav.art@gmail.com,1,,68 Shaftesbury Avenue,W1D 6LY,openstreetmap,,,https://www.openstreetmap.org/node/4876142204
http://www.beijingdumpling.co.uk,own site,北京 Beijing Dumpling,Westminster,Covent Garden,Asian; Chinese,mail@beijingdumpling.co.uk,1,+44 20 7287 6888,23 Lisle Street,WC2H 7BA,openstreetmap,,,https://www.openstreetmap.org/way/995869086
https://www.jjbuffet.co.uk/,"own site (found by name, postcode verified)",同樂自助餐 JJ Buffet,Westminster,Covent Garden,Asian; Chinese,,1,,12 Newport Place,WC2H 7PR,openstreetmap,,,https://www.openstreetmap.org/node/13556857112
https://chengduchengdu.co.uk/,own site,成都成都 Chengdu Chengdu,Westminster,Covent Garden,Chinese,,1,,4 Leicester Street,WC2H 7BL,openstreetmap,,,https://www.openstreetmap.org/node/4875921414
https://www.sanchiudim.com/,"own site (found by name, postcode verified)",新潮點 San Chiu Dim,Westminster,Covent Garden,Asian; Chinese,info@sanchiudim.com,1,,17 Lisle Street,WC2H 7BE,openstreetmap,,,https://www.openstreetmap.org/way/995869095
http://wongkeilondon.com/,own site (Wikidata),旺記 Wong Kei,Westminster,Soho,Restaurant,,1,,41-43 Wardour Street,W1D 6PY,openstreetmap,,,https://www.openstreetmap.org/way/993781431
https://www.greedysheep.co.uk/,"own site (found by name, postcode verified)",牛小羊 Greedy Sheep,Westminster,Covent Garden,Asian; Chinese,info@greedysheep.co.uk,1,,8 Newport Place,WC2H 7JJ,openstreetmap,,,https://www.openstreetmap.org/node/13550924196
https://chinatown.co.uk/en/restaurant/london-chinatown-restaurant/,own site,翠亨邨 London Chinatown,Westminster,Soho,Asian; Chinese,,1,,27 Gerrard Street,W1D 6JN,openstreetmap,,,https://www.openstreetmap.org/node/13550924182
https://joykinglau.co.uk/,"own site (found by name, postcode verified)",醉瓊樓 Joy King Lau,Westminster,Covent Garden,Asian; Chinese,info@joykinglau.co.uk,1,,3 Leicester Street,WC2H 7BL,openstreetmap,,,https://www.openstreetmap.org/node/13550924139
https://jinli.uk/,"own site (found by name, postcode verified)",锦里 Jinli,Westminster,Covent Garden,Asian; Chinese,,1,,16-18 Newport Place,WC2H 7PR,openstreetmap,,,https://www.openstreetmap.org/node/13556857113
https://realbeijngfoodhouse.com/,own site,风味食堂 Real Beijing Food House,Westminster,Soho,Asian; Chinese,,1,,46 Gerrard Street,W1D 5QH,openstreetmap,,,https://www.openstreetmap.org/node/13550924172
https://haozhan.has.restaurant/,"own site (found by name, postcode verified)",馥园 Haozhan,Westminster,Soho,Restaurant,,1,,8 Gerrard Street,W1D 5PJ,openstreetmap,,,https://www.openstreetmap.org/node/13550924174
http://www.meetfresh.com.tw/,own site,鮮芋仙 Meet Fresh,Westminster,Soho,Ice cream,,1,,100-102 Shaftesbury Avenue,W1D 5EE,openstreetmap,,,https://www.openstreetmap.org/way/349937277
